fetch_time,observation_window,data_updated,latitude,longitude,strike_type,description,strike_time
2026-07-23 13:13:14,2026-07-22T23:06:00+08:00,2026-07-22T23:08:03+08:00,0.9589,103.4361,C,Cloud to Cloud,2026-07-22T23:04:57.278+08:00
2026-07-23 13:13:14,2026-07-22T22:52:00+08:00,2026-07-22T22:54:03+08:00,1.1482,103.5857,C,Cloud to Cloud,2026-07-22T22:50:21.407+08:00
2026-07-23 13:13:14,2026-07-22T22:40:00+08:00,2026-07-22T22:42:02+08:00,0.9993,103.8396,C,Cloud to Cloud,2026-07-22T22:38:28.535+08:00
2026-07-23 13:13:14,2026-07-22T22:40:00+08:00,2026-07-22T22:42:02+08:00,0.9509,103.8386,C,Cloud to Cloud,2026-07-22T22:38:28.535+08:00
2026-07-23 13:13:14,2026-07-22T22:40:00+08:00,2026-07-22T22:42:02+08:00,0.9645,103.8404,C,Cloud to Cloud,2026-07-22T22:38:28.535+08:00
2026-07-23 13:13:14,2026-07-22T22:38:00+08:00,2026-07-22T22:40:04+08:00,0.9504,103.8378,C,Cloud to Cloud,2026-07-22T22:37:06.708+08:00
2026-07-23 13:13:14,2026-07-22T22:38:00+08:00,2026-07-22T22:40:04+08:00,0.9572,103.8297,C,Cloud to Cloud,2026-07-22T22:37:06.708+08:00
2026-07-23 13:13:14,2026-07-22T22:10:00+08:00,2026-07-22T22:12:03+08:00,0.9876,103.6384,C,Cloud to Cloud,2026-07-22T22:08:49.448+08:00
2026-07-23 13:13:14,2026-07-22T22:02:00+08:00,2026-07-22T22:04:02+08:00,0.9734,103.5863,C,Cloud to Cloud,2026-07-22T22:00:30.767+08:00
2026-07-23 13:13:14,2026-07-22T22:02:00+08:00,2026-07-22T22:04:02+08:00,0.9724,103.5938,C,Cloud to Cloud,2026-07-22T22:00:30.767+08:00
2026-07-23 13:13:14,2026-07-22T22:02:00+08:00,2026-07-22T22:04:02+08:00,0.955,103.5846,C,Cloud to Cloud,2026-07-22T22:00:30.768+08:00
2026-07-23 13:13:14,2026-07-22T22:02:00+08:00,2026-07-22T22:04:02+08:00,0.9503,103.5778,C,Cloud to Cloud,2026-07-22T22:00:30.768+08:00
2026-07-23 13:13:14,2026-07-22T22:02:00+08:00,2026-07-22T22:04:02+08:00,0.9576,103.5873,C,Cloud to Cloud,2026-07-22T22:00:30.768+08:00
2026-07-23 13:13:14,2026-07-22T22:02:00+08:00,2026-07-22T22:04:02+08:00,0.9623,103.5918,C,Cloud to Cloud,2026-07-22T22:00:30.768+08:00
2026-07-23 13:13:14,2026-07-22T22:02:00+08:00,2026-07-22T22:04:02+08:00,0.9518,103.5818,C,Cloud to Cloud,2026-07-22T22:00:30.768+08:00
2026-07-23 13:13:14,2026-07-22T22:02:00+08:00,2026-07-22T22:04:02+08:00,0.9556,103.5832,C,Cloud to Cloud,2026-07-22T22:00:30.769+08:00
2026-07-23 13:13:14,2026-07-22T22:02:00+08:00,2026-07-22T22:04:02+08:00,0.9557,103.5855,C,Cloud to Cloud,2026-07-22T22:00:30.769+08:00
2026-07-23 13:13:14,2026-07-22T22:02:00+08:00,2026-07-22T22:04:02+08:00,0.9584,103.5886,C,Cloud to Cloud,2026-07-22T22:00:30.769+08:00
2026-07-23 13:13:14,2026-07-22T22:02:00+08:00,2026-07-22T22:04:02+08:00,0.9554,103.5856,C,Cloud to Cloud,2026-07-22T22:00:30.769+08:00
2026-07-23 13:13:14,2026-07-22T22:02:00+08:00,2026-07-22T22:04:02+08:00,0.9641,103.5981,C,Cloud to Cloud,2026-07-22T22:00:30.769+08:00
2026-07-23 13:13:14,2026-07-22T22:02:00+08:00,2026-07-22T22:04:02+08:00,0.9601,103.5927,C,Cloud to Cloud,2026-07-22T22:00:30.769+08:00
2026-07-23 13:13:14,2026-07-22T22:02:00+08:00,2026-07-22T22:04:02+08:00,0.9535,103.5838,C,Cloud to Cloud,2026-07-22T22:00:30.77+08:00
2026-07-23 13:13:14,2026-07-22T22:02:00+08:00,2026-07-22T22:04:02+08:00,0.9632,103.5955,C,Cloud to Cloud,2026-07-22T22:00:30.77+08:00
2026-07-23 13:13:14,2026-07-22T22:02:00+08:00,2026-07-22T22:04:02+08:00,0.9511,103.5859,C,Cloud to Cloud,2026-07-22T22:00:30.775+08:00
2026-07-23 13:13:14,2026-07-22T22:02:00+08:00,2026-07-22T22:04:02+08:00,0.9556,103.5823,G,Cloud to Ground,2026-07-22T22:00:30.776+08:00
2026-07-23 13:13:14,2026-07-22T22:02:00+08:00,2026-07-22T22:04:02+08:00,0.951,103.5854,C,Cloud to Cloud,2026-07-22T22:00:30.776+08:00
2026-07-23 13:13:14,2026-07-22T22:02:00+08:00,2026-07-22T22:04:02+08:00,1.0166,103.623,C,Cloud to Cloud,2026-07-22T22:00:30.777+08:00
2026-07-23 13:13:14,2026-07-22T22:02:00+08:00,2026-07-22T22:04:02+08:00,0.9579,103.6071,C,Cloud to Cloud,2026-07-22T22:00:30.804+08:00
2026-07-23 13:13:14,2026-07-22T22:02:00+08:00,2026-07-22T22:04:02+08:00,0.9793,103.6188,C,Cloud to Cloud,2026-07-22T22:00:30.807+08:00
2026-07-23 13:13:14,2026-07-22T22:02:00+08:00,2026-07-22T22:04:02+08:00,1.0615,103.6545,C,Cloud to Cloud,2026-07-22T22:00:30.944+08:00
2026-07-23 13:13:14,2026-07-22T22:02:00+08:00,2026-07-22T22:04:02+08:00,0.9504,103.6245,C,Cloud to Cloud,2026-07-22T22:01:58.867+08:00
2026-07-23 13:13:14,2026-07-22T22:02:00+08:00,2026-07-22T22:04:02+08:00,0.9632,103.6299,C,Cloud to Cloud,2026-07-22T22:01:58.867+08:00
2026-07-23 13:13:14,2026-07-22T22:02:00+08:00,2026-07-22T22:04:02+08:00,0.9692,103.6438,C,Cloud to Cloud,2026-07-22T22:01:58.885+08:00
2026-07-23 13:13:14,2026-07-22T22:02:00+08:00,2026-07-22T22:04:02+08:00,0.9568,103.6572,C,Cloud to Cloud,2026-07-22T22:01:59.026+08:00
2026-07-23 13:13:14,2026-07-22T22:02:00+08:00,2026-07-22T22:04:02+08:00,1.0383,103.7445,C,Cloud to Cloud,2026-07-22T22:01:59.026+08:00
2026-07-23 13:13:14,2026-07-22T22:00:00+08:00,2026-07-22T22:02:02+08:00,1.0213,103.6709,C,Cloud to Cloud,2026-07-22T21:58:53.521+08:00
2026-07-23 13:13:14,2026-07-22T21:58:00+08:00,2026-07-22T22:00:04+08:00,0.9638,103.6239,C,Cloud to Cloud,2026-07-22T21:56:44.121+08:00
2026-07-23 13:13:14,2026-07-22T21:58:00+08:00,2026-07-22T22:00:04+08:00,0.9868,103.3525,G,Cloud to Ground,2026-07-22T21:56:53.456+08:00
2026-07-23 13:13:14,2026-07-22T21:56:00+08:00,2026-07-22T21:58:02+08:00,0.9694,103.6457,C,Cloud to Cloud,2026-07-22T21:55:28.481+08:00
2026-07-23 13:13:14,2026-07-22T21:56:00+08:00,2026-07-22T21:58:02+08:00,1.021,103.736,C,Cloud to Cloud,2026-07-22T21:55:28.482+08:00
2026-07-23 13:13:14,2026-07-22T21:52:00+08:00,2026-07-22T21:54:02+08:00,1.0232,103.7642,C,Cloud to Cloud,2026-07-22T21:50:52.805+08:00
2026-07-23 13:13:14,2026-07-22T21:52:00+08:00,2026-07-22T21:54:02+08:00,1.0155,103.764,C,Cloud to Cloud,2026-07-22T21:50:52.806+08:00
2026-07-23 13:13:14,2026-07-22T21:52:00+08:00,2026-07-22T21:54:02+08:00,0.958,103.6582,C,Cloud to Cloud,2026-07-22T21:50:53.06+08:00
2026-07-23 13:13:14,2026-07-22T21:50:00+08:00,2026-07-22T21:52:02+08:00,1.082,103.759,C,Cloud to Cloud,2026-07-22T21:48:13.395+08:00
2026-07-23 13:13:14,2026-07-22T21:50:00+08:00,2026-07-22T21:52:02+08:00,1.0586,103.7524,C,Cloud to Cloud,2026-07-22T21:48:13.395+08:00
2026-07-23 13:13:14,2026-07-22T21:50:00+08:00,2026-07-22T21:52:02+08:00,1.002,103.7211,C,Cloud to Cloud,2026-07-22T21:48:13.395+08:00
2026-07-23 13:13:14,2026-07-22T21:50:00+08:00,2026-07-22T21:52:02+08:00,1.0364,103.6852,C,Cloud to Cloud,2026-07-22T21:48:13.436+08:00
2026-07-23 13:13:14,2026-07-22T21:50:00+08:00,2026-07-22T21:52:02+08:00,0.9795,103.6609,C,Cloud to Cloud,2026-07-22T21:48:13.53+08:00
2026-07-23 13:13:14,2026-07-22T21:50:00+08:00,2026-07-22T21:52:02+08:00,0.9937,103.6726,C,Cloud to Cloud,2026-07-22T21:48:13.53+08:00
2026-07-23 13:13:14,2026-07-22T21:50:00+08:00,2026-07-22T21:52:02+08:00,0.9906,103.6754,C,Cloud to Cloud,2026-07-22T21:48:13.53+08:00
2026-07-23 13:13:14,2026-07-22T21:50:00+08:00,2026-07-22T21:52:02+08:00,0.9659,103.6828,C,Cloud to Cloud,2026-07-22T21:48:13.53+08:00
2026-07-23 13:13:14,2026-07-22T21:50:00+08:00,2026-07-22T21:52:02+08:00,0.9566,103.7022,C,Cloud to Cloud,2026-07-22T21:48:13.531+08:00
2026-07-23 13:13:14,2026-07-22T21:50:00+08:00,2026-07-22T21:52:02+08:00,0.9671,103.6753,C,Cloud to Cloud,2026-07-22T21:48:13.531+08:00
2026-07-23 13:13:14,2026-07-22T21:50:00+08:00,2026-07-22T21:52:02+08:00,0.9649,103.6259,C,Cloud to Cloud,2026-07-22T21:48:13.62+08:00
2026-07-23 13:13:14,2026-07-22T21:50:00+08:00,2026-07-22T21:52:02+08:00,0.9547,103.6323,C,Cloud to Cloud,2026-07-22T21:49:44.393+08:00
2026-07-23 13:13:14,2026-07-22T21:50:00+08:00,2026-07-22T21:52:02+08:00,0.9559,103.6316,C,Cloud to Cloud,2026-07-22T21:49:44.393+08:00
2026-07-23 13:13:14,2026-07-22T21:48:00+08:00,2026-07-22T21:50:03+08:00,0.9703,103.638,C,Cloud to Cloud,2026-07-22T21:46:45.519+08:00
2026-07-23 13:13:14,2026-07-22T21:48:00+08:00,2026-07-22T21:50:03+08:00,0.9821,103.6394,C,Cloud to Cloud,2026-07-22T21:46:45.519+08:00
2026-07-23 13:13:14,2026-07-22T21:48:00+08:00,2026-07-22T21:50:03+08:00,0.9683,103.6268,C,Cloud to Cloud,2026-07-22T21:46:45.637+08:00
2026-07-23 13:13:14,2026-07-22T21:48:00+08:00,2026-07-22T21:50:03+08:00,0.9743,103.6389,C,Cloud to Cloud,2026-07-22T21:47:20.814+08:00
2026-07-23 13:13:14,2026-07-22T21:48:00+08:00,2026-07-22T21:50:03+08:00,0.9848,103.6474,C,Cloud to Cloud,2026-07-22T21:47:20.822+08:00
2026-07-23 13:13:14,2026-07-22T21:48:00+08:00,2026-07-22T21:50:03+08:00,0.9776,103.6227,C,Cloud to Cloud,2026-07-22T21:47:20.977+08:00
2026-07-23 13:13:14,2026-07-22T21:46:00+08:00,2026-07-22T21:48:02+08:00,0.9524,103.7244,C,Cloud to Cloud,2026-07-22T21:45:55.371+08:00
2026-07-23 13:13:14,2026-07-22T21:44:00+08:00,2026-07-22T21:46:02+08:00,1.1239,103.6724,C,Cloud to Cloud,2026-07-22T21:43:27.196+08:00
2026-07-23 13:13:14,2026-07-22T21:42:00+08:00,2026-07-22T21:44:02+08:00,1.0723,103.6068,C,Cloud to Cloud,2026-07-22T21:41:18.009+08:00
2026-07-23 13:13:14,2026-07-22T21:32:00+08:00,2026-07-22T21:34:02+08:00,0.95,103.6285,C,Cloud to Cloud,2026-07-22T21:31:19.182+08:00
2026-07-23 13:13:15,2026-07-22T21:14:00+08:00,2026-07-22T21:16:02+08:00,0.9994,103.4872,C,Cloud to Cloud,2026-07-22T21:13:48.735+08:00
2026-07-23 13:13:15,2026-07-22T21:14:00+08:00,2026-07-22T21:16:02+08:00,1.0086,103.4982,C,Cloud to Cloud,2026-07-22T21:13:48.735+08:00
2026-07-23 13:13:15,2026-07-22T20:36:00+08:00,2026-07-22T20:38:03+08:00,1.2783,103.7166,C,Cloud to Cloud,2026-07-22T20:34:00.082+08:00
2026-07-23 13:13:15,2026-07-22T20:36:00+08:00,2026-07-22T20:38:03+08:00,1.2795,103.7236,C,Cloud to Cloud,2026-07-22T20:34:00.082+08:00
2026-07-23 13:13:15,2026-07-22T20:36:00+08:00,2026-07-22T20:38:03+08:00,1.2891,103.7232,C,Cloud to Cloud,2026-07-22T20:34:00.083+08:00
2026-07-23 13:13:15,2026-07-22T20:36:00+08:00,2026-07-22T20:38:03+08:00,1.2907,103.7188,C,Cloud to Cloud,2026-07-22T20:34:00.083+08:00
2026-07-23 13:13:15,2026-07-22T20:36:00+08:00,2026-07-22T20:38:03+08:00,1.2845,103.7238,C,Cloud to Cloud,2026-07-22T20:34:00.083+08:00
2026-07-23 13:13:15,2026-07-22T20:36:00+08:00,2026-07-22T20:38:03+08:00,1.2753,103.7204,C,Cloud to Cloud,2026-07-22T20:34:00.083+08:00
2026-07-23 13:13:15,2026-07-22T20:36:00+08:00,2026-07-22T20:38:03+08:00,1.2818,103.7226,C,Cloud to Cloud,2026-07-22T20:34:00.083+08:00
2026-07-23 13:13:15,2026-07-22T20:36:00+08:00,2026-07-22T20:38:03+08:00,1.2877,103.7214,C,Cloud to Cloud,2026-07-22T20:34:00.083+08:00
2026-07-23 13:13:15,2026-07-22T20:36:00+08:00,2026-07-22T20:38:03+08:00,1.2883,103.7212,C,Cloud to Cloud,2026-07-22T20:34:00.084+08:00
2026-07-23 13:13:15,2026-07-22T20:36:00+08:00,2026-07-22T20:38:03+08:00,1.2857,103.7204,C,Cloud to Cloud,2026-07-22T20:34:00.084+08:00
2026-07-23 13:13:15,2026-07-22T20:36:00+08:00,2026-07-22T20:38:03+08:00,1.2934,103.7316,C,Cloud to Cloud,2026-07-22T20:34:00.084+08:00
2026-07-23 13:13:15,2026-07-22T20:36:00+08:00,2026-07-22T20:38:03+08:00,1.2905,103.7329,C,Cloud to Cloud,2026-07-22T20:34:00.084+08:00
2026-07-23 13:13:15,2026-07-22T20:36:00+08:00,2026-07-22T20:38:03+08:00,1.2915,103.7332,C,Cloud to Cloud,2026-07-22T20:34:00.084+08:00
2026-07-23 13:13:15,2026-07-22T20:36:00+08:00,2026-07-22T20:38:03+08:00,1.2956,103.7214,C,Cloud to Cloud,2026-07-22T20:34:00.084+08:00
2026-07-23 13:13:15,2026-07-22T20:36:00+08:00,2026-07-22T20:38:03+08:00,1.2959,103.7236,C,Cloud to Cloud,2026-07-22T20:34:00.085+08:00
2026-07-23 13:13:15,2026-07-22T20:36:00+08:00,2026-07-22T20:38:03+08:00,1.2892,103.7195,C,Cloud to Cloud,2026-07-22T20:34:00.085+08:00
2026-07-23 13:13:15,2026-07-22T20:36:00+08:00,2026-07-22T20:38:03+08:00,1.2993,103.7237,C,Cloud to Cloud,2026-07-22T20:34:00.085+08:00
2026-07-23 13:13:15,2026-07-22T20:36:00+08:00,2026-07-22T20:38:03+08:00,1.2813,103.7763,C,Cloud to Cloud,2026-07-22T20:34:00.085+08:00
2026-07-23 13:13:15,2026-07-22T20:36:00+08:00,2026-07-22T20:38:03+08:00,1.2976,103.7162,C,Cloud to Cloud,2026-07-22T20:34:00.085+08:00
2026-07-23 13:13:15,2026-07-22T20:36:00+08:00,2026-07-22T20:38:03+08:00,1.2892,103.7187,C,Cloud to Cloud,2026-07-22T20:34:00.085+08:00
2026-07-23 13:13:15,2026-07-22T20:36:00+08:00,2026-07-22T20:38:03+08:00,1.2796,103.7156,C,Cloud to Cloud,2026-07-22T20:34:00.086+08:00
2026-07-23 13:13:15,2026-07-22T20:36:00+08:00,2026-07-22T20:38:03+08:00,1.2962,103.7213,C,Cloud to Cloud,2026-07-22T20:34:00.086+08:00
2026-07-23 13:13:15,2026-07-22T20:36:00+08:00,2026-07-22T20:38:03+08:00,1.2907,103.7208,C,Cloud to Cloud,2026-07-22T20:34:00.086+08:00
2026-07-23 13:13:15,2026-07-22T20:36:00+08:00,2026-07-22T20:38:03+08:00,1.2988,103.7239,C,Cloud to Cloud,2026-07-22T20:34:00.086+08:00
2026-07-23 13:13:15,2026-07-22T20:36:00+08:00,2026-07-22T20:38:03+08:00,1.3066,103.7255,C,Cloud to Cloud,2026-07-22T20:34:00.087+08:00
2026-07-23 13:13:15,2026-07-22T20:36:00+08:00,2026-07-22T20:38:03+08:00,1.2849,103.724,C,Cloud to Cloud,2026-07-22T20:34:00.089+08:00
2026-07-23 13:13:15,2026-07-22T20:36:00+08:00,2026-07-22T20:38:03+08:00,1.2917,103.7208,C,Cloud to Cloud,2026-07-22T20:34:00.089+08:00
2026-07-23 13:13:15,2026-07-22T20:36:00+08:00,2026-07-22T20:38:03+08:00,1.2938,103.7211,C,Cloud to Cloud,2026-07-22T20:34:00.09+08:00
2026-07-23 13:13:15,2026-07-22T20:36:00+08:00,2026-07-22T20:38:03+08:00,1.3127,103.7188,C,Cloud to Cloud,2026-07-22T20:34:00.099+08:00
2026-07-23 13:13:15,2026-07-22T20:36:00+08:00,2026-07-22T20:38:03+08:00,1.3002,103.717,C,Cloud to Cloud,2026-07-22T20:34:00.1+08:00
2026-07-23 13:13:15,2026-07-22T20:36:00+08:00,2026-07-22T20:38:03+08:00,1.2995,103.7044,C,Cloud to Cloud,2026-07-22T20:34:00.1+08:00
2026-07-23 13:13:15,2026-07-22T20:36:00+08:00,2026-07-22T20:38:03+08:00,1.2879,103.6955,C,Cloud to Cloud,2026-07-22T20:34:00.102+08:00
2026-07-23 13:13:15,2026-07-22T20:36:00+08:00,2026-07-22T20:38:03+08:00,1.3038,103.7164,C,Cloud to Cloud,2026-07-22T20:34:00.106+08:00
2026-07-23 13:13:15,2026-07-22T20:36:00+08:00,2026-07-22T20:38:03+08:00,1.2815,103.6937,C,Cloud to Cloud,2026-07-22T20:34:00.107+08:00
2026-07-23 13:13:15,2026-07-22T20:36:00+08:00,2026-07-22T20:38:03+08:00,1.2873,103.6922,C,Cloud to Cloud,2026-07-22T20:34:00.111+08:00
2026-07-23 13:13:15,2026-07-22T20:36:00+08:00,2026-07-22T20:38:03+08:00,1.2197,103.5837,C,Cloud to Cloud,2026-07-22T20:34:00.132+08:00
2026-07-23 13:13:15,2026-07-22T20:36:00+08:00,2026-07-22T20:38:03+08:00,1.2596,103.5672,C,Cloud to Cloud,2026-07-22T20:34:00.137+08:00
2026-07-23 13:13:15,2026-07-22T20:36:00+08:00,2026-07-22T20:38:03+08:00,1.3065,103.6756,C,Cloud to Cloud,2026-07-22T20:34:00.137+08:00
2026-07-23 13:13:15,2026-07-22T20:36:00+08:00,2026-07-22T20:38:03+08:00,1.3098,103.672,C,Cloud to Cloud,2026-07-22T20:34:00.139+08:00
2026-07-23 13:13:15,2026-07-22T20:36:00+08:00,2026-07-22T20:38:03+08:00,1.2994,103.6681,C,Cloud to Cloud,2026-07-22T20:34:00.142+08:00
2026-07-23 13:13:15,2026-07-22T20:36:00+08:00,2026-07-22T20:38:03+08:00,1.2964,103.7213,C,Cloud to Cloud,2026-07-22T20:34:00.173+08:00
2026-07-23 13:13:15,2026-07-22T20:36:00+08:00,2026-07-22T20:38:03+08:00,1.3039,103.6957,C,Cloud to Cloud,2026-07-22T20:34:00.206+08:00
2026-07-23 13:13:15,2026-07-22T20:32:00+08:00,2026-07-22T20:34:02+08:00,1.3253,103.7353,C,Cloud to Cloud,2026-07-22T20:31:07.364+08:00
2026-07-23 13:13:15,2026-07-22T20:32:00+08:00,2026-07-22T20:34:02+08:00,1.3247,103.7354,C,Cloud to Cloud,2026-07-22T20:31:07.364+08:00
2026-07-23 13:13:15,2026-07-22T20:32:00+08:00,2026-07-22T20:34:02+08:00,1.2665,103.7038,C,Cloud to Cloud,2026-07-22T20:31:07.364+08:00
2026-07-23 13:13:15,2026-07-22T20:32:00+08:00,2026-07-22T20:34:02+08:00,1.3236,103.7347,C,Cloud to Cloud,2026-07-22T20:31:07.365+08:00
2026-07-23 13:13:15,2026-07-22T20:32:00+08:00,2026-07-22T20:34:02+08:00,1.3022,103.7252,C,Cloud to Cloud,2026-07-22T20:31:07.365+08:00
2026-07-23 13:13:15,2026-07-22T20:32:00+08:00,2026-07-22T20:34:02+08:00,1.3075,103.7256,C,Cloud to Cloud,2026-07-22T20:31:07.365+08:00
2026-07-23 13:13:15,2026-07-22T20:32:00+08:00,2026-07-22T20:34:02+08:00,1.3254,103.7337,C,Cloud to Cloud,2026-07-22T20:31:07.365+08:00
2026-07-23 13:13:15,2026-07-22T20:32:00+08:00,2026-07-22T20:34:02+08:00,1.3005,103.7223,C,Cloud to Cloud,2026-07-22T20:31:07.365+08:00
2026-07-23 13:13:15,2026-07-22T20:32:00+08:00,2026-07-22T20:34:02+08:00,1.3236,103.734,C,Cloud to Cloud,2026-07-22T20:31:07.365+08:00
2026-07-23 13:13:15,2026-07-22T20:32:00+08:00,2026-07-22T20:34:02+08:00,1.3006,103.7235,C,Cloud to Cloud,2026-07-22T20:31:07.365+08:00
2026-07-23 13:13:15,2026-07-22T20:32:00+08:00,2026-07-22T20:34:02+08:00,1.3261,103.7328,C,Cloud to Cloud,2026-07-22T20:31:07.366+08:00
2026-07-23 13:13:15,2026-07-22T20:32:00+08:00,2026-07-22T20:34:02+08:00,1.3233,103.7343,C,Cloud to Cloud,2026-07-22T20:31:07.366+08:00
2026-07-23 13:13:15,2026-07-22T20:32:00+08:00,2026-07-22T20:34:02+08:00,1.3257,103.7311,C,Cloud to Cloud,2026-07-22T20:31:07.366+08:00
2026-07-23 13:13:15,2026-07-22T20:32:00+08:00,2026-07-22T20:34:02+08:00,1.3062,103.7214,C,Cloud to Cloud,2026-07-22T20:31:07.366+08:00
2026-07-23 13:13:15,2026-07-22T20:32:00+08:00,2026-07-22T20:34:02+08:00,1.3196,103.7325,C,Cloud to Cloud,2026-07-22T20:31:07.367+08:00
2026-07-23 13:13:15,2026-07-22T20:32:00+08:00,2026-07-22T20:34:02+08:00,1.296,103.7217,C,Cloud to Cloud,2026-07-22T20:31:07.368+08:00
2026-07-23 13:13:15,2026-07-22T20:32:00+08:00,2026-07-22T20:34:02+08:00,1.3002,103.7074,C,Cloud to Cloud,2026-07-22T20:31:07.372+08:00
2026-07-23 13:13:15,2026-07-22T20:32:00+08:00,2026-07-22T20:34:02+08:00,1.2953,103.7236,C,Cloud to Cloud,2026-07-22T20:31:07.376+08:00
2026-07-23 13:13:15,2026-07-22T20:32:00+08:00,2026-07-22T20:34:02+08:00,1.2882,103.5862,C,Cloud to Cloud,2026-07-22T20:31:07.39+08:00
2026-07-23 13:13:15,2026-07-22T20:32:00+08:00,2026-07-22T20:34:02+08:00,1.2935,103.7049,C,Cloud to Cloud,2026-07-22T20:31:07.578+08:00
2026-07-23 13:13:15,2026-07-22T20:32:00+08:00,2026-07-22T20:34:02+08:00,1.2908,103.7015,C,Cloud to Cloud,2026-07-22T20:31:07.579+08:00
2026-07-23 13:13:15,2026-07-22T20:32:00+08:00,2026-07-22T20:34:02+08:00,1.3037,103.7077,C,Cloud to Cloud,2026-07-22T20:31:07.579+08:00
2026-07-23 13:13:15,2026-07-22T20:32:00+08:00,2026-07-22T20:34:02+08:00,1.2941,103.715,C,Cloud to Cloud,2026-07-22T20:31:07.579+08:00
2026-07-23 13:13:15,2026-07-22T20:32:00+08:00,2026-07-22T20:34:02+08:00,1.303,103.7216,C,Cloud to Cloud,2026-07-22T20:31:07.579+08:00
2026-07-23 13:13:15,2026-07-22T20:32:00+08:00,2026-07-22T20:34:02+08:00,1.2931,103.7118,C,Cloud to Cloud,2026-07-22T20:31:07.579+08:00
2026-07-23 13:13:15,2026-07-22T20:32:00+08:00,2026-07-22T20:34:02+08:00,1.2883,103.7074,C,Cloud to Cloud,2026-07-22T20:31:07.579+08:00
2026-07-23 13:13:15,2026-07-22T20:32:00+08:00,2026-07-22T20:34:02+08:00,1.3014,103.7176,C,Cloud to Cloud,2026-07-22T20:31:07.579+08:00
2026-07-23 13:13:15,2026-07-22T20:32:00+08:00,2026-07-22T20:34:02+08:00,1.3079,103.7249,C,Cloud to Cloud,2026-07-22T20:31:07.579+08:00
2026-07-23 13:13:15,2026-07-22T20:32:00+08:00,2026-07-22T20:34:02+08:00,1.3069,103.7264,C,Cloud to Cloud,2026-07-22T20:31:07.58+08:00
2026-07-23 13:13:15,2026-07-22T20:32:00+08:00,2026-07-22T20:34:02+08:00,1.2841,103.7165,C,Cloud to Cloud,2026-07-22T20:31:07.58+08:00
2026-07-23 13:13:15,2026-07-22T20:32:00+08:00,2026-07-22T20:34:02+08:00,1.2947,103.7139,C,Cloud to Cloud,2026-07-22T20:31:07.58+08:00
2026-07-23 13:13:15,2026-07-22T20:32:00+08:00,2026-07-22T20:34:02+08:00,1.2886,103.7117,C,Cloud to Cloud,2026-07-22T20:31:07.58+08:00
2026-07-23 13:13:15,2026-07-22T20:32:00+08:00,2026-07-22T20:34:02+08:00,1.306,103.7235,C,Cloud to Cloud,2026-07-22T20:31:07.58+08:00
2026-07-23 13:13:15,2026-07-22T20:32:00+08:00,2026-07-22T20:34:02+08:00,1.2782,103.7118,C,Cloud to Cloud,2026-07-22T20:31:07.58+08:00
2026-07-23 13:13:15,2026-07-22T20:32:00+08:00,2026-07-22T20:34:02+08:00,1.2818,103.7133,C,Cloud to Cloud,2026-07-22T20:31:07.58+08:00
2026-07-23 13:13:15,2026-07-22T20:32:00+08:00,2026-07-22T20:34:02+08:00,1.2854,103.6996,C,Cloud to Cloud,2026-07-22T20:31:07.593+08:00
2026-07-23 13:13:15,2026-07-22T20:32:00+08:00,2026-07-22T20:34:02+08:00,1.2865,103.7002,C,Cloud to Cloud,2026-07-22T20:31:07.593+08:00
2026-07-23 13:13:15,2026-07-22T20:30:00+08:00,2026-07-22T20:32:02+08:00,1.2943,103.7172,C,Cloud to Cloud,2026-07-22T20:28:36.067+08:00
2026-07-23 13:13:15,2026-07-22T20:30:00+08:00,2026-07-22T20:32:02+08:00,1.2908,103.7217,C,Cloud to Cloud,2026-07-22T20:28:36.068+08:00
2026-07-23 13:13:15,2026-07-22T20:30:00+08:00,2026-07-22T20:32:02+08:00,1.294,103.7269,C,Cloud to Cloud,2026-07-22T20:28:36.068+08:00
2026-07-23 13:13:15,2026-07-22T20:30:00+08:00,2026-07-22T20:32:02+08:00,1.2891,103.7222,C,Cloud to Cloud,2026-07-22T20:28:36.069+08:00
2026-07-23 13:13:15,2026-07-22T20:30:00+08:00,2026-07-22T20:32:02+08:00,1.3102,103.7299,C,Cloud to Cloud,2026-07-22T20:28:36.069+08:00
2026-07-23 13:13:15,2026-07-22T20:30:00+08:00,2026-07-22T20:32:02+08:00,1.3083,103.7291,C,Cloud to Cloud,2026-07-22T20:28:36.069+08:00
2026-07-23 13:13:15,2026-07-22T20:30:00+08:00,2026-07-22T20:32:02+08:00,1.2821,103.7172,C,Cloud to Cloud,2026-07-22T20:28:36.069+08:00
2026-07-23 13:13:15,2026-07-22T20:30:00+08:00,2026-07-22T20:32:02+08:00,1.3277,103.7327,C,Cloud to Cloud,2026-07-22T20:28:36.069+08:00
2026-07-23 13:13:15,2026-07-22T20:30:00+08:00,2026-07-22T20:32:02+08:00,1.3101,103.7284,C,Cloud to Cloud,2026-07-22T20:28:36.069+08:00
2026-07-23 13:13:15,2026-07-22T20:30:00+08:00,2026-07-22T20:32:02+08:00,1.3106,103.7283,C,Cloud to Cloud,2026-07-22T20:28:36.069+08:00
2026-07-23 13:13:15,2026-07-22T20:30:00+08:00,2026-07-22T20:32:02+08:00,1.2879,103.7201,C,Cloud to Cloud,2026-07-22T20:28:36.07+08:00
2026-07-23 13:13:15,2026-07-22T20:30:00+08:00,2026-07-22T20:32:02+08:00,1.3055,103.7267,C,Cloud to Cloud,2026-07-22T20:28:36.07+08:00
2026-07-23 13:13:15,2026-07-22T20:30:00+08:00,2026-07-22T20:32:02+08:00,1.3045,103.7273,C,Cloud to Cloud,2026-07-22T20:28:36.07+08:00
2026-07-23 13:13:15,2026-07-22T20:30:00+08:00,2026-07-22T20:32:02+08:00,1.2838,103.7179,C,Cloud to Cloud,2026-07-22T20:28:36.071+08:00
2026-07-23 13:13:15,2026-07-22T20:30:00+08:00,2026-07-22T20:32:02+08:00,1.3029,103.7263,C,Cloud to Cloud,2026-07-22T20:28:36.071+08:00
2026-07-23 13:13:15,2026-07-22T20:30:00+08:00,2026-07-22T20:32:02+08:00,1.2828,103.7178,C,Cloud to Cloud,2026-07-22T20:28:36.072+08:00
2026-07-23 13:13:15,2026-07-22T20:30:00+08:00,2026-07-22T20:32:02+08:00,1.3049,103.725,C,Cloud to Cloud,2026-07-22T20:28:36.072+08:00
2026-07-23 13:13:15,2026-07-22T20:30:00+08:00,2026-07-22T20:32:02+08:00,1.3059,103.7235,C,Cloud to Cloud,2026-07-22T20:28:36.072+08:00
2026-07-23 13:13:15,2026-07-22T20:30:00+08:00,2026-07-22T20:32:02+08:00,1.3175,103.7257,C,Cloud to Cloud,2026-07-22T20:28:36.073+08:00
2026-07-23 13:13:15,2026-07-22T20:30:00+08:00,2026-07-22T20:32:02+08:00,1.2894,103.714,C,Cloud to Cloud,2026-07-22T20:28:36.073+08:00
2026-07-23 13:13:15,2026-07-22T20:30:00+08:00,2026-07-22T20:32:02+08:00,1.3177,103.7232,C,Cloud to Cloud,2026-07-22T20:28:36.073+08:00
2026-07-23 13:13:15,2026-07-22T20:30:00+08:00,2026-07-22T20:32:02+08:00,1.2765,103.7066,C,Cloud to Cloud,2026-07-22T20:28:36.073+08:00
2026-07-23 13:13:15,2026-07-22T20:30:00+08:00,2026-07-22T20:32:02+08:00,1.2757,103.6955,C,Cloud to Cloud,2026-07-22T20:28:36.075+08:00
2026-07-23 13:13:15,2026-07-22T20:30:00+08:00,2026-07-22T20:32:02+08:00,1.2837,103.6942,C,Cloud to Cloud,2026-07-22T20:28:36.079+08:00
2026-07-23 13:13:15,2026-07-22T20:30:00+08:00,2026-07-22T20:32:02+08:00,1.2927,103.6989,C,Cloud to Cloud,2026-07-22T20:28:36.08+08:00
2026-07-23 13:13:15,2026-07-22T20:30:00+08:00,2026-07-22T20:32:02+08:00,1.2899,103.698,C,Cloud to Cloud,2026-07-22T20:28:36.085+08:00
2026-07-23 13:13:15,2026-07-22T20:30:00+08:00,2026-07-22T20:32:02+08:00,1.329,103.7176,C,Cloud to Cloud,2026-07-22T20:28:36.085+08:00
2026-07-23 13:13:15,2026-07-22T20:30:00+08:00,2026-07-22T20:32:02+08:00,1.2989,103.702,C,Cloud to Cloud,2026-07-22T20:28:36.085+08:00
2026-07-23 13:13:15,2026-07-22T20:30:00+08:00,2026-07-22T20:32:02+08:00,1.3289,103.7187,C,Cloud to Cloud,2026-07-22T20:28:36.085+08:00
2026-07-23 13:13:15,2026-07-22T20:30:00+08:00,2026-07-22T20:32:02+08:00,1.3067,103.6972,C,Cloud to Cloud,2026-07-22T20:28:36.101+08:00
2026-07-23 13:13:15,2026-07-22T20:30:00+08:00,2026-07-22T20:32:02+08:00,1.305,103.6962,C,Cloud to Cloud,2026-07-22T20:28:36.101+08:00
2026-07-23 13:13:15,2026-07-22T20:30:00+08:00,2026-07-22T20:32:02+08:00,1.2861,103.7185,C,Cloud to Cloud,2026-07-22T20:28:36.114+08:00
2026-07-23 13:13:15,2026-07-22T20:30:00+08:00,2026-07-22T20:32:02+08:00,1.307,103.7013,C,Cloud to Cloud,2026-07-22T20:28:36.237+08:00
2026-07-23 13:13:15,2026-07-22T20:30:00+08:00,2026-07-22T20:32:02+08:00,1.2787,103.7238,C,Cloud to Cloud,2026-07-22T20:28:36.248+08:00
2026-07-23 13:13:15,2026-07-22T20:30:00+08:00,2026-07-22T20:32:02+08:00,1.286,103.7263,C,Cloud to Cloud,2026-07-22T20:28:36.249+08:00
2026-07-23 13:13:15,2026-07-22T20:30:00+08:00,2026-07-22T20:32:02+08:00,1.3022,103.7277,C,Cloud to Cloud,2026-07-22T20:29:44.802+08:00
2026-07-23 13:13:15,2026-07-22T20:30:00+08:00,2026-07-22T20:32:02+08:00,1.2836,103.7157,C,Cloud to Cloud,2026-07-22T20:29:44.803+08:00
2026-07-23 13:13:15,2026-07-22T20:30:00+08:00,2026-07-22T20:32:02+08:00,1.2659,103.7371,C,Cloud to Cloud,2026-07-22T20:29:44.803+08:00
2026-07-23 13:13:15,2026-07-22T20:30:00+08:00,2026-07-22T20:32:02+08:00,1.291,103.7224,C,Cloud to Cloud,2026-07-22T20:29:44.804+08:00
2026-07-23 13:13:15,2026-07-22T20:30:00+08:00,2026-07-22T20:32:02+08:00,1.2924,103.7228,C,Cloud to Cloud,2026-07-22T20:29:44.804+08:00
2026-07-23 13:13:15,2026-07-22T20:30:00+08:00,2026-07-22T20:32:02+08:00,1.3015,103.7243,C,Cloud to Cloud,2026-07-22T20:29:44.804+08:00
2026-07-23 13:13:15,2026-07-22T20:30:00+08:00,2026-07-22T20:32:02+08:00,1.2906,103.7071,C,Cloud to Cloud,2026-07-22T20:29:44.806+08:00
2026-07-23 13:13:15,2026-07-22T20:30:00+08:00,2026-07-22T20:32:02+08:00,1.284,103.7129,C,Cloud to Cloud,2026-07-22T20:29:44.806+08:00
2026-07-23 13:13:15,2026-07-22T20:30:00+08:00,2026-07-22T20:32:02+08:00,1.2896,103.7158,C,Cloud to Cloud,2026-07-22T20:29:44.806+08:00
2026-07-23 13:13:15,2026-07-22T20:30:00+08:00,2026-07-22T20:32:02+08:00,1.3031,103.7129,C,Cloud to Cloud,2026-07-22T20:29:44.807+08:00
2026-07-23 13:13:15,2026-07-22T20:30:00+08:00,2026-07-22T20:32:02+08:00,1.2837,103.7189,C,Cloud to Cloud,2026-07-22T20:29:44.808+08:00
2026-07-23 13:13:15,2026-07-22T20:30:00+08:00,2026-07-22T20:32:02+08:00,1.2809,103.715,C,Cloud to Cloud,2026-07-22T20:29:44.808+08:00
2026-07-23 13:13:15,2026-07-22T20:30:00+08:00,2026-07-22T20:32:02+08:00,1.2995,103.7083,C,Cloud to Cloud,2026-07-22T20:29:44.825+08:00
2026-07-23 13:13:15,2026-07-22T20:30:00+08:00,2026-07-22T20:32:02+08:00,1.3091,103.7036,C,Cloud to Cloud,2026-07-22T20:29:44.842+08:00
2026-07-23 13:13:15,2026-07-22T20:30:00+08:00,2026-07-22T20:32:02+08:00,1.274,103.7117,C,Cloud to Cloud,2026-07-22T20:29:44.946+08:00
2026-07-23 13:13:15,2026-07-22T20:30:00+08:00,2026-07-22T20:32:02+08:00,1.2518,103.649,C,Cloud to Cloud,2026-07-22T20:29:44.982+08:00
2026-07-23 13:13:15,2026-07-22T20:30:00+08:00,2026-07-22T20:32:02+08:00,1.3061,103.7046,C,Cloud to Cloud,2026-07-22T20:29:45.013+08:00
2026-07-23 13:13:15,2026-07-22T20:28:00+08:00,2026-07-22T20:30:03+08:00,1.3036,103.7054,C,Cloud to Cloud,2026-07-22T20:26:45.307+08:00
2026-07-23 13:13:15,2026-07-22T20:28:00+08:00,2026-07-22T20:30:03+08:00,1.2813,103.7149,C,Cloud to Cloud,2026-07-22T20:26:45.307+08:00
2026-07-23 13:13:15,2026-07-22T20:28:00+08:00,2026-07-22T20:30:03+08:00,1.3145,103.7109,C,Cloud to Cloud,2026-07-22T20:26:45.307+08:00
2026-07-23 13:13:15,2026-07-22T20:28:00+08:00,2026-07-22T20:30:03+08:00,1.3325,103.7184,C,Cloud to Cloud,2026-07-22T20:26:45.311+08:00
2026-07-23 13:13:15,2026-07-22T20:28:00+08:00,2026-07-22T20:30:03+08:00,1.3007,103.7018,C,Cloud to Cloud,2026-07-22T20:26:45.311+08:00
2026-07-23 13:13:15,2026-07-22T20:28:00+08:00,2026-07-22T20:30:03+08:00,1.298,103.6645,C,Cloud to Cloud,2026-07-22T20:26:45.339+08:00
2026-07-23 13:13:15,2026-07-22T20:28:00+08:00,2026-07-22T20:30:03+08:00,1.3049,103.7063,C,Cloud to Cloud,2026-07-22T20:26:45.396+08:00
2026-07-23 13:13:15,2026-07-22T20:28:00+08:00,2026-07-22T20:30:03+08:00,1.3391,103.7237,C,Cloud to Cloud,2026-07-22T20:26:45.396+08:00
2026-07-23 13:13:15,2026-07-22T20:28:00+08:00,2026-07-22T20:30:03+08:00,1.3252,103.7166,C,Cloud to Cloud,2026-07-22T20:26:45.421+08:00
2026-07-23 13:13:15,2026-07-22T20:28:00+08:00,2026-07-22T20:30:03+08:00,1.3186,103.7022,C,Cloud to Cloud,2026-07-22T20:26:45.426+08:00
2026-07-23 13:13:15,2026-07-22T20:28:00+08:00,2026-07-22T20:30:03+08:00,1.2757,103.7183,C,Cloud to Cloud,2026-07-22T20:26:45.464+08:00
2026-07-23 13:13:15,2026-07-22T20:28:00+08:00,2026-07-22T20:30:03+08:00,1.2822,103.7171,C,Cloud to Cloud,2026-07-22T20:26:45.464+08:00
2026-07-23 13:13:15,2026-07-22T20:26:00+08:00,2026-07-22T20:28:03+08:00,1.334,103.7205,C,Cloud to Cloud,2026-07-22T20:24:05.29+08:00
2026-07-23 13:13:15,2026-07-22T20:26:00+08:00,2026-07-22T20:28:03+08:00,1.2876,103.6967,C,Cloud to Cloud,2026-07-22T20:24:05.29+08:00
2026-07-23 13:13:15,2026-07-22T20:26:00+08:00,2026-07-22T20:28:03+08:00,1.3343,103.7173,C,Cloud to Cloud,2026-07-22T20:24:05.29+08:00
2026-07-23 13:13:15,2026-07-22T20:26:00+08:00,2026-07-22T20:28:03+08:00,1.3077,103.6883,C,Cloud to Cloud,2026-07-22T20:24:05.29+08:00
2026-07-23 13:13:15,2026-07-22T20:26:00+08:00,2026-07-22T20:28:03+08:00,1.3343,103.7173,C,Cloud to Cloud,2026-07-22T20:24:05.29+08:00
2026-07-23 13:13:15,2026-07-22T20:26:00+08:00,2026-07-22T20:28:03+08:00,1.293,103.6958,C,Cloud to Cloud,2026-07-22T20:24:05.291+08:00
2026-07-23 13:13:15,2026-07-22T20:26:00+08:00,2026-07-22T20:28:03+08:00,1.3126,103.711,C,Cloud to Cloud,2026-07-22T20:24:05.291+08:00
2026-07-23 13:13:15,2026-07-22T20:26:00+08:00,2026-07-22T20:28:03+08:00,1.2933,103.6843,C,Cloud to Cloud,2026-07-22T20:24:05.291+08:00
2026-07-23 13:13:15,2026-07-22T20:26:00+08:00,2026-07-22T20:28:03+08:00,1.297,103.6966,C,Cloud to Cloud,2026-07-22T20:24:05.291+08:00
2026-07-23 13:13:15,2026-07-22T20:26:00+08:00,2026-07-22T20:28:03+08:00,1.3026,103.6968,C,Cloud to Cloud,2026-07-22T20:24:05.292+08:00
2026-07-23 13:13:15,2026-07-22T20:26:00+08:00,2026-07-22T20:28:03+08:00,1.3023,103.6971,C,Cloud to Cloud,2026-07-22T20:24:05.293+08:00
2026-07-23 13:13:15,2026-07-22T20:26:00+08:00,2026-07-22T20:28:03+08:00,1.2944,103.6944,C,Cloud to Cloud,2026-07-22T20:24:05.293+08:00
2026-07-23 13:13:15,2026-07-22T20:26:00+08:00,2026-07-22T20:28:03+08:00,1.3177,103.7487,C,Cloud to Cloud,2026-07-22T20:24:05.293+08:00
2026-07-23 13:13:15,2026-07-22T20:26:00+08:00,2026-07-22T20:28:03+08:00,1.2937,103.694,C,Cloud to Cloud,2026-07-22T20:24:05.293+08:00
2026-07-23 13:13:15,2026-07-22T20:26:00+08:00,2026-07-22T20:28:03+08:00,1.2849,103.6844,C,Cloud to Cloud,2026-07-22T20:24:05.294+08:00
2026-07-23 13:13:15,2026-07-22T20:26:00+08:00,2026-07-22T20:28:03+08:00,1.2919,103.6884,C,Cloud to Cloud,2026-07-22T20:24:05.294+08:00
2026-07-23 13:13:15,2026-07-22T20:26:00+08:00,2026-07-22T20:28:03+08:00,1.3162,103.7283,C,Cloud to Cloud,2026-07-22T20:24:05.294+08:00
2026-07-23 13:13:15,2026-07-22T20:26:00+08:00,2026-07-22T20:28:03+08:00,1.2961,103.694,C,Cloud to Cloud,2026-07-22T20:24:05.296+08:00
2026-07-23 13:13:15,2026-07-22T20:26:00+08:00,2026-07-22T20:28:03+08:00,1.2945,103.6932,C,Cloud to Cloud,2026-07-22T20:24:05.296+08:00
2026-07-23 13:13:15,2026-07-22T20:26:00+08:00,2026-07-22T20:28:03+08:00,1.283,103.6922,C,Cloud to Cloud,2026-07-22T20:24:05.299+08:00
2026-07-23 13:13:15,2026-07-22T20:26:00+08:00,2026-07-22T20:28:03+08:00,1.281,103.6103,C,Cloud to Cloud,2026-07-22T20:24:05.319+08:00
2026-07-23 13:13:15,2026-07-22T20:26:00+08:00,2026-07-22T20:28:03+08:00,1.2791,103.6985,C,Cloud to Cloud,2026-07-22T20:24:05.331+08:00
2026-07-23 13:13:15,2026-07-22T20:26:00+08:00,2026-07-22T20:28:03+08:00,1.2871,103.7198,C,Cloud to Cloud,2026-07-22T20:24:05.347+08:00
2026-07-23 13:13:15,2026-07-22T20:26:00+08:00,2026-07-22T20:28:03+08:00,1.3057,103.7241,C,Cloud to Cloud,2026-07-22T20:24:05.35+08:00
2026-07-23 13:13:15,2026-07-22T20:26:00+08:00,2026-07-22T20:28:03+08:00,1.1853,103.689,C,Cloud to Cloud,2026-07-22T20:24:05.351+08:00
2026-07-23 13:13:15,2026-07-22T20:26:00+08:00,2026-07-22T20:28:03+08:00,1.2033,103.7058,C,Cloud to Cloud,2026-07-22T20:24:05.352+08:00
2026-07-23 13:13:15,2026-07-22T20:26:00+08:00,2026-07-22T20:28:03+08:00,1.2961,103.6904,C,Cloud to Cloud,2026-07-22T20:24:05.4+08:00
2026-07-23 13:13:15,2026-07-22T20:26:00+08:00,2026-07-22T20:28:03+08:00,1.2926,103.6882,C,Cloud to Cloud,2026-07-22T20:24:05.4+08:00
2026-07-23 13:13:15,2026-07-22T20:26:00+08:00,2026-07-22T20:28:03+08:00,1.3192,103.7014,C,Cloud to Cloud,2026-07-22T20:24:05.4+08:00
2026-07-23 13:13:15,2026-07-22T20:26:00+08:00,2026-07-22T20:28:03+08:00,1.2938,103.6862,C,Cloud to Cloud,2026-07-22T20:24:05.4+08:00
2026-07-23 13:13:15,2026-07-22T20:26:00+08:00,2026-07-22T20:28:03+08:00,1.2914,103.6758,C,Cloud to Cloud,2026-07-22T20:24:05.41+08:00
2026-07-23 13:13:15,2026-07-22T20:26:00+08:00,2026-07-22T20:28:03+08:00,1.2927,103.6756,C,Cloud to Cloud,2026-07-22T20:24:05.415+08:00
2026-07-23 13:13:15,2026-07-22T20:26:00+08:00,2026-07-22T20:28:03+08:00,1.2873,103.6753,C,Cloud to Cloud,2026-07-22T20:24:05.415+08:00
2026-07-23 13:13:15,2026-07-22T20:26:00+08:00,2026-07-22T20:28:03+08:00,1.3066,103.724,C,Cloud to Cloud,2026-07-22T20:24:05.415+08:00
2026-07-23 13:13:15,2026-07-22T20:26:00+08:00,2026-07-22T20:28:03+08:00,1.2983,103.6687,C,Cloud to Cloud,2026-07-22T20:24:05.421+08:00
2026-07-23 13:13:15,2026-07-22T20:26:00+08:00,2026-07-22T20:28:03+08:00,1.277,103.7099,C,Cloud to Cloud,2026-07-22T20:24:05.557+08:00
2026-07-23 13:13:15,2026-07-22T20:26:00+08:00,2026-07-22T20:28:03+08:00,1.237,103.686,C,Cloud to Cloud,2026-07-22T20:24:05.557+08:00
2026-07-23 13:13:15,2026-07-22T20:26:00+08:00,2026-07-22T20:28:03+08:00,1.31,103.6594,C,Cloud to Cloud,2026-07-22T20:24:05.584+08:00
2026-07-23 13:13:15,2026-07-22T20:26:00+08:00,2026-07-22T20:28:03+08:00,1.31,103.6594,C,Cloud to Cloud,2026-07-22T20:24:05.585+08:00
2026-07-23 13:13:15,2026-07-22T20:26:00+08:00,2026-07-22T20:28:03+08:00,1.2737,103.6969,C,Cloud to Cloud,2026-07-22T20:24:05.585+08:00
2026-07-23 13:13:15,2026-07-22T20:26:00+08:00,2026-07-22T20:28:03+08:00,1.332,103.7159,C,Cloud to Cloud,2026-07-22T20:24:37.545+08:00
2026-07-23 13:13:15,2026-07-22T20:26:00+08:00,2026-07-22T20:28:03+08:00,1.308,103.7006,C,Cloud to Cloud,2026-07-22T20:24:37.546+08:00
2026-07-23 13:13:15,2026-07-22T20:26:00+08:00,2026-07-22T20:28:03+08:00,1.2988,103.699,C,Cloud to Cloud,2026-07-22T20:24:37.546+08:00
2026-07-23 13:13:15,2026-07-22T20:26:00+08:00,2026-07-22T20:28:03+08:00,1.332,103.7189,C,Cloud to Cloud,2026-07-22T20:24:37.546+08:00
2026-07-23 13:13:15,2026-07-22T20:26:00+08:00,2026-07-22T20:28:03+08:00,1.3148,103.7101,C,Cloud to Cloud,2026-07-22T20:24:37.546+08:00
2026-07-23 13:13:15,2026-07-22T20:26:00+08:00,2026-07-22T20:28:03+08:00,1.2969,103.7011,C,Cloud to Cloud,2026-07-22T20:24:37.546+08:00
2026-07-23 13:13:15,2026-07-22T20:26:00+08:00,2026-07-22T20:28:03+08:00,1.3174,103.6948,C,Cloud to Cloud,2026-07-22T20:24:37.546+08:00
2026-07-23 13:13:15,2026-07-22T20:26:00+08:00,2026-07-22T20:28:03+08:00,1.3134,103.7118,C,Cloud to Cloud,2026-07-22T20:24:37.548+08:00
2026-07-23 13:13:15,2026-07-22T20:26:00+08:00,2026-07-22T20:28:03+08:00,1.3124,103.7113,C,Cloud to Cloud,2026-07-22T20:24:37.548+08:00
2026-07-23 13:13:15,2026-07-22T20:26:00+08:00,2026-07-22T20:28:03+08:00,1.3334,103.7199,C,Cloud to Cloud,2026-07-22T20:24:37.549+08:00
2026-07-23 13:13:15,2026-07-22T20:26:00+08:00,2026-07-22T20:28:03+08:00,1.2724,103.6815,C,Cloud to Cloud,2026-07-22T20:24:37.549+08:00
2026-07-23 13:13:15,2026-07-22T20:26:00+08:00,2026-07-22T20:28:03+08:00,1.3006,103.7124,C,Cloud to Cloud,2026-07-22T20:24:37.749+08:00
2026-07-23 13:13:15,2026-07-22T20:26:00+08:00,2026-07-22T20:28:03+08:00,1.3113,103.7086,C,Cloud to Cloud,2026-07-22T20:24:37.749+08:00
2026-07-23 13:13:15,2026-07-22T20:26:00+08:00,2026-07-22T20:28:03+08:00,1.3259,103.711,C,Cloud to Cloud,2026-07-22T20:24:37.749+08:00
2026-07-23 13:13:15,2026-07-22T20:26:00+08:00,2026-07-22T20:28:03+08:00,1.3083,103.7011,C,Cloud to Cloud,2026-07-22T20:25:57.674+08:00
2026-07-23 13:13:15,2026-07-22T20:26:00+08:00,2026-07-22T20:28:03+08:00,1.3052,103.7055,C,Cloud to Cloud,2026-07-22T20:25:57.674+08:00
2026-07-23 13:13:15,2026-07-22T20:26:00+08:00,2026-07-22T20:28:03+08:00,1.3156,103.705,C,Cloud to Cloud,2026-07-22T20:25:57.674+08:00
2026-07-23 13:13:15,2026-07-22T20:26:00+08:00,2026-07-22T20:28:03+08:00,1.313,103.7129,C,Cloud to Cloud,2026-07-22T20:25:57.675+08:00
2026-07-23 13:13:15,2026-07-22T20:26:00+08:00,2026-07-22T20:28:03+08:00,1.327,103.7191,C,Cloud to Cloud,2026-07-22T20:25:57.675+08:00
2026-07-23 13:13:15,2026-07-22T20:26:00+08:00,2026-07-22T20:28:03+08:00,1.3348,103.7221,C,Cloud to Cloud,2026-07-22T20:25:57.677+08:00
2026-07-23 13:13:15,2026-07-22T20:26:00+08:00,2026-07-22T20:28:03+08:00,1.2806,103.6684,C,Cloud to Cloud,2026-07-22T20:25:57.677+08:00
2026-07-23 13:13:15,2026-07-22T20:26:00+08:00,2026-07-22T20:28:03+08:00,1.3072,103.7082,C,Cloud to Cloud,2026-07-22T20:25:57.677+08:00
2026-07-23 13:13:15,2026-07-22T20:26:00+08:00,2026-07-22T20:28:03+08:00,1.3052,103.7076,C,Cloud to Cloud,2026-07-22T20:25:57.677+08:00
2026-07-23 13:13:15,2026-07-22T20:26:00+08:00,2026-07-22T20:28:03+08:00,1.3072,103.711,C,Cloud to Cloud,2026-07-22T20:25:57.677+08:00
2026-07-23 13:13:15,2026-07-22T20:26:00+08:00,2026-07-22T20:28:03+08:00,1.3113,103.713,C,Cloud to Cloud,2026-07-22T20:25:57.677+08:00
2026-07-23 13:13:15,2026-07-22T20:26:00+08:00,2026-07-22T20:28:03+08:00,1.3089,103.7118,C,Cloud to Cloud,2026-07-22T20:25:57.678+08:00
2026-07-23 13:13:15,2026-07-22T20:26:00+08:00,2026-07-22T20:28:03+08:00,1.3023,103.7093,C,Cloud to Cloud,2026-07-22T20:25:57.679+08:00
2026-07-23 13:13:15,2026-07-22T20:26:00+08:00,2026-07-22T20:28:03+08:00,1.2907,103.7037,C,Cloud to Cloud,2026-07-22T20:25:57.679+08:00
2026-07-23 13:13:15,2026-07-22T20:26:00+08:00,2026-07-22T20:28:03+08:00,1.3314,103.7186,C,Cloud to Cloud,2026-07-22T20:25:57.683+08:00
2026-07-23 13:13:15,2026-07-22T20:26:00+08:00,2026-07-22T20:28:03+08:00,1.3141,103.7116,C,Cloud to Cloud,2026-07-22T20:25:57.684+08:00
2026-07-23 13:13:15,2026-07-22T20:26:00+08:00,2026-07-22T20:28:03+08:00,1.3093,103.708,C,Cloud to Cloud,2026-07-22T20:25:57.686+08:00
2026-07-23 13:13:15,2026-07-22T20:26:00+08:00,2026-07-22T20:28:03+08:00,1.3045,103.7057,C,Cloud to Cloud,2026-07-22T20:25:57.686+08:00
2026-07-23 13:13:15,2026-07-22T20:26:00+08:00,2026-07-22T20:28:03+08:00,1.2807,103.6862,C,Cloud to Cloud,2026-07-22T20:25:57.691+08:00
2026-07-23 13:13:15,2026-07-22T20:26:00+08:00,2026-07-22T20:28:03+08:00,1.2719,103.6791,C,Cloud to Cloud,2026-07-22T20:25:57.722+08:00
2026-07-23 13:13:15,2026-07-22T20:26:00+08:00,2026-07-22T20:28:03+08:00,1.3207,103.6835,C,Cloud to Cloud,2026-07-22T20:25:57.755+08:00
2026-07-23 13:13:15,2026-07-22T20:26:00+08:00,2026-07-22T20:28:03+08:00,1.3038,103.671,C,Cloud to Cloud,2026-07-22T20:25:57.761+08:00
2026-07-23 13:13:15,2026-07-22T20:24:00+08:00,2026-07-22T20:26:03+08:00,1.3126,103.7071,C,Cloud to Cloud,2026-07-22T20:22:32.21+08:00
2026-07-23 13:13:15,2026-07-22T20:24:00+08:00,2026-07-22T20:26:03+08:00,1.3135,103.7105,C,Cloud to Cloud,2026-07-22T20:22:32.21+08:00
2026-07-23 13:13:15,2026-07-22T20:24:00+08:00,2026-07-22T20:26:03+08:00,1.3131,103.7103,C,Cloud to Cloud,2026-07-22T20:22:32.21+08:00
2026-07-23 13:13:15,2026-07-22T20:24:00+08:00,2026-07-22T20:26:03+08:00,1.3129,103.7092,C,Cloud to Cloud,2026-07-22T20:22:32.21+08:00
2026-07-23 13:13:15,2026-07-22T20:24:00+08:00,2026-07-22T20:26:03+08:00,1.2929,103.6989,C,Cloud to Cloud,2026-07-22T20:22:32.21+08:00
2026-07-23 13:13:15,2026-07-22T20:24:00+08:00,2026-07-22T20:26:03+08:00,1.3042,103.7106,C,Cloud to Cloud,2026-07-22T20:22:32.21+08:00
2026-07-23 13:13:15,2026-07-22T20:24:00+08:00,2026-07-22T20:26:03+08:00,1.2971,103.7023,C,Cloud to Cloud,2026-07-22T20:22:32.21+08:00
2026-07-23 13:13:15,2026-07-22T20:24:00+08:00,2026-07-22T20:26:03+08:00,1.2985,103.7043,C,Cloud to Cloud,2026-07-22T20:22:32.211+08:00
2026-07-23 13:13:15,2026-07-22T20:24:00+08:00,2026-07-22T20:26:03+08:00,1.2975,103.7015,C,Cloud to Cloud,2026-07-22T20:22:32.211+08:00
2026-07-23 13:13:15,2026-07-22T20:24:00+08:00,2026-07-22T20:26:03+08:00,1.3012,103.7034,C,Cloud to Cloud,2026-07-22T20:22:32.211+08:00
2026-07-23 13:13:15,2026-07-22T20:24:00+08:00,2026-07-22T20:26:03+08:00,1.2972,103.7015,C,Cloud to Cloud,2026-07-22T20:22:32.211+08:00
2026-07-23 13:13:15,2026-07-22T20:24:00+08:00,2026-07-22T20:26:03+08:00,1.2981,103.7042,C,Cloud to Cloud,2026-07-22T20:22:32.211+08:00
2026-07-23 13:13:15,2026-07-22T20:24:00+08:00,2026-07-22T20:26:03+08:00,1.3053,103.7078,C,Cloud to Cloud,2026-07-22T20:22:32.211+08:00
2026-07-23 13:13:15,2026-07-22T20:24:00+08:00,2026-07-22T20:26:03+08:00,1.3043,103.7077,C,Cloud to Cloud,2026-07-22T20:22:32.211+08:00
2026-07-23 13:13:15,2026-07-22T20:24:00+08:00,2026-07-22T20:26:03+08:00,1.2907,103.7254,C,Cloud to Cloud,2026-07-22T20:22:32.211+08:00
2026-07-23 13:13:15,2026-07-22T20:24:00+08:00,2026-07-22T20:26:03+08:00,1.3115,103.7124,C,Cloud to Cloud,2026-07-22T20:22:32.211+08:00
2026-07-23 13:13:15,2026-07-22T20:24:00+08:00,2026-07-22T20:26:03+08:00,1.3234,103.7187,C,Cloud to Cloud,2026-07-22T20:22:32.214+08:00
2026-07-23 13:13:15,2026-07-22T20:24:00+08:00,2026-07-22T20:26:03+08:00,1.2967,103.7039,C,Cloud to Cloud,2026-07-22T20:22:32.214+08:00
2026-07-23 13:13:15,2026-07-22T20:24:00+08:00,2026-07-22T20:26:03+08:00,1.3278,103.7203,C,Cloud to Cloud,2026-07-22T20:22:32.216+08:00
2026-07-23 13:13:15,2026-07-22T20:24:00+08:00,2026-07-22T20:26:03+08:00,1.3034,103.7047,C,Cloud to Cloud,2026-07-22T20:22:32.216+08:00
2026-07-23 13:13:15,2026-07-22T20:24:00+08:00,2026-07-22T20:26:03+08:00,1.3039,103.7077,C,Cloud to Cloud,2026-07-22T20:22:32.217+08:00
2026-07-23 13:13:15,2026-07-22T20:24:00+08:00,2026-07-22T20:26:03+08:00,1.3034,103.7077,C,Cloud to Cloud,2026-07-22T20:22:32.217+08:00
2026-07-23 13:13:15,2026-07-22T20:24:00+08:00,2026-07-22T20:26:03+08:00,1.2993,103.7065,C,Cloud to Cloud,2026-07-22T20:22:32.217+08:00
2026-07-23 13:13:15,2026-07-22T20:24:00+08:00,2026-07-22T20:26:03+08:00,1.2989,103.7074,C,Cloud to Cloud,2026-07-22T20:22:32.217+08:00
2026-07-23 13:13:15,2026-07-22T20:24:00+08:00,2026-07-22T20:26:03+08:00,1.3046,103.6927,C,Cloud to Cloud,2026-07-22T20:22:32.223+08:00
2026-07-23 13:13:15,2026-07-22T20:24:00+08:00,2026-07-22T20:26:03+08:00,1.3144,103.706,C,Cloud to Cloud,2026-07-22T20:22:32.229+08:00
2026-07-23 13:13:15,2026-07-22T20:24:00+08:00,2026-07-22T20:26:03+08:00,1.3137,103.7063,C,Cloud to Cloud,2026-07-22T20:22:32.229+08:00
2026-07-23 13:13:15,2026-07-22T20:24:00+08:00,2026-07-22T20:26:03+08:00,1.2978,103.6963,C,Cloud to Cloud,2026-07-22T20:22:32.238+08:00
2026-07-23 13:13:15,2026-07-22T20:24:00+08:00,2026-07-22T20:26:03+08:00,1.3048,103.7015,C,Cloud to Cloud,2026-07-22T20:22:32.238+08:00
2026-07-23 13:13:15,2026-07-22T20:24:00+08:00,2026-07-22T20:26:03+08:00,1.3054,103.694,C,Cloud to Cloud,2026-07-22T20:22:32.238+08:00
2026-07-23 13:13:15,2026-07-22T20:24:00+08:00,2026-07-22T20:26:03+08:00,1.3252,103.6936,C,Cloud to Cloud,2026-07-22T20:22:32.243+08:00
2026-07-23 13:13:15,2026-07-22T20:24:00+08:00,2026-07-22T20:26:03+08:00,1.3252,103.6936,C,Cloud to Cloud,2026-07-22T20:22:32.243+08:00
2026-07-23 13:13:15,2026-07-22T20:24:00+08:00,2026-07-22T20:26:03+08:00,1.3137,103.7014,C,Cloud to Cloud,2026-07-22T20:22:32.297+08:00
2026-07-23 13:13:15,2026-07-22T20:24:00+08:00,2026-07-22T20:26:03+08:00,1.3075,103.7011,C,Cloud to Cloud,2026-07-22T20:22:32.373+08:00
2026-07-23 13:13:15,2026-07-22T20:24:00+08:00,2026-07-22T20:26:03+08:00,1.3049,103.6984,C,Cloud to Cloud,2026-07-22T20:22:32.373+08:00
2026-07-23 13:13:15,2026-07-22T20:24:00+08:00,2026-07-22T20:26:03+08:00,1.3102,103.6671,C,Cloud to Cloud,2026-07-22T20:22:32.373+08:00
2026-07-23 13:13:15,2026-07-22T20:24:00+08:00,2026-07-22T20:26:03+08:00,1.2643,103.5804,C,Cloud to Cloud,2026-07-22T20:22:32.391+08:00
2026-07-23 13:13:15,2026-07-22T20:24:00+08:00,2026-07-22T20:26:03+08:00,1.2859,103.703,C,Cloud to Cloud,2026-07-22T20:22:32.404+08:00
2026-07-23 13:13:15,2026-07-22T20:24:00+08:00,2026-07-22T20:26:03+08:00,1.3226,103.7125,C,Cloud to Cloud,2026-07-22T20:22:32.404+08:00
2026-07-23 13:13:15,2026-07-22T20:24:00+08:00,2026-07-22T20:26:03+08:00,1.3,103.7005,C,Cloud to Cloud,2026-07-22T20:22:32.404+08:00
2026-07-23 13:13:15,2026-07-22T20:24:00+08:00,2026-07-22T20:26:03+08:00,1.3073,103.6694,C,Cloud to Cloud,2026-07-22T20:22:32.405+08:00
2026-07-23 13:13:15,2026-07-22T20:24:00+08:00,2026-07-22T20:26:03+08:00,1.3143,103.6742,C,Cloud to Cloud,2026-07-22T20:22:32.405+08:00
2026-07-23 13:13:15,2026-07-22T20:22:00+08:00,2026-07-22T20:24:03+08:00,0.9728,103.6846,C,Cloud to Cloud,2026-07-22T20:20:05.484+08:00
2026-07-23 13:13:15,2026-07-22T20:22:00+08:00,2026-07-22T20:24:03+08:00,1.2961,103.7129,C,Cloud to Cloud,2026-07-22T20:20:18.381+08:00
2026-07-23 13:13:15,2026-07-22T20:22:00+08:00,2026-07-22T20:24:03+08:00,1.2972,103.712,C,Cloud to Cloud,2026-07-22T20:20:18.381+08:00
2026-07-23 13:13:15,2026-07-22T20:22:00+08:00,2026-07-22T20:24:03+08:00,1.2869,103.7055,C,Cloud to Cloud,2026-07-22T20:20:18.381+08:00
2026-07-23 13:13:15,2026-07-22T20:22:00+08:00,2026-07-22T20:24:03+08:00,1.2964,103.7127,C,Cloud to Cloud,2026-07-22T20:20:18.381+08:00
2026-07-23 13:13:15,2026-07-22T20:22:00+08:00,2026-07-22T20:24:03+08:00,1.295,103.7094,C,Cloud to Cloud,2026-07-22T20:20:18.381+08:00
2026-07-23 13:13:15,2026-07-22T20:22:00+08:00,2026-07-22T20:24:03+08:00,1.2899,103.706,C,Cloud to Cloud,2026-07-22T20:20:18.381+08:00
2026-07-23 13:13:15,2026-07-22T20:22:00+08:00,2026-07-22T20:24:03+08:00,1.2816,103.6854,C,Cloud to Cloud,2026-07-22T20:20:18.381+08:00
2026-07-23 13:13:15,2026-07-22T20:22:00+08:00,2026-07-22T20:24:03+08:00,1.2923,103.7052,C,Cloud to Cloud,2026-07-22T20:20:18.381+08:00
2026-07-23 13:13:15,2026-07-22T20:22:00+08:00,2026-07-22T20:24:03+08:00,1.2904,103.7042,C,Cloud to Cloud,2026-07-22T20:20:18.382+08:00
2026-07-23 13:13:15,2026-07-22T20:22:00+08:00,2026-07-22T20:24:03+08:00,1.2871,103.697,C,Cloud to Cloud,2026-07-22T20:20:18.382+08:00
2026-07-23 13:13:15,2026-07-22T20:22:00+08:00,2026-07-22T20:24:03+08:00,1.2992,103.703,C,Cloud to Cloud,2026-07-22T20:20:18.382+08:00
2026-07-23 13:13:15,2026-07-22T20:22:00+08:00,2026-07-22T20:24:03+08:00,1.2828,103.6906,C,Cloud to Cloud,2026-07-22T20:20:18.383+08:00
2026-07-23 13:13:15,2026-07-22T20:22:00+08:00,2026-07-22T20:24:03+08:00,1.2838,103.6919,C,Cloud to Cloud,2026-07-22T20:20:18.383+08:00
2026-07-23 13:13:15,2026-07-22T20:22:00+08:00,2026-07-22T20:24:03+08:00,1.2883,103.6937,C,Cloud to Cloud,2026-07-22T20:20:18.383+08:00
2026-07-23 13:13:15,2026-07-22T20:22:00+08:00,2026-07-22T20:24:03+08:00,1.2882,103.693,C,Cloud to Cloud,2026-07-22T20:20:18.384+08:00
2026-07-23 13:13:15,2026-07-22T20:22:00+08:00,2026-07-22T20:24:03+08:00,1.2908,103.6996,C,Cloud to Cloud,2026-07-22T20:20:18.384+08:00
2026-07-23 13:13:15,2026-07-22T20:22:00+08:00,2026-07-22T20:24:03+08:00,1.2848,103.6971,C,Cloud to Cloud,2026-07-22T20:20:18.384+08:00
2026-07-23 13:13:15,2026-07-22T20:22:00+08:00,2026-07-22T20:24:03+08:00,1.2879,103.7008,C,Cloud to Cloud,2026-07-22T20:20:18.386+08:00
2026-07-23 13:13:15,2026-07-22T20:22:00+08:00,2026-07-22T20:24:03+08:00,1.3018,103.7085,C,Cloud to Cloud,2026-07-22T20:20:18.387+08:00
2026-07-23 13:13:15,2026-07-22T20:22:00+08:00,2026-07-22T20:24:03+08:00,1.2746,103.7148,C,Cloud to Cloud,2026-07-22T20:20:18.389+08:00
2026-07-23 13:13:15,2026-07-22T20:22:00+08:00,2026-07-22T20:24:03+08:00,1.2767,103.7146,C,Cloud to Cloud,2026-07-22T20:20:18.389+08:00
2026-07-23 13:13:15,2026-07-22T20:22:00+08:00,2026-07-22T20:24:03+08:00,1.2824,103.7147,C,Cloud to Cloud,2026-07-22T20:20:18.389+08:00
2026-07-23 13:13:15,2026-07-22T20:22:00+08:00,2026-07-22T20:24:03+08:00,1.2805,103.714,C,Cloud to Cloud,2026-07-22T20:20:18.391+08:00
2026-07-23 13:13:15,2026-07-22T20:22:00+08:00,2026-07-22T20:24:03+08:00,1.2572,103.7079,C,Cloud to Cloud,2026-07-22T20:20:18.391+08:00
2026-07-23 13:13:15,2026-07-22T20:22:00+08:00,2026-07-22T20:24:03+08:00,1.3021,103.6747,C,Cloud to Cloud,2026-07-22T20:20:18.4+08:00
2026-07-23 13:13:15,2026-07-22T20:22:00+08:00,2026-07-22T20:24:03+08:00,1.3115,103.6864,C,Cloud to Cloud,2026-07-22T20:20:18.403+08:00
2026-07-23 13:13:15,2026-07-22T20:22:00+08:00,2026-07-22T20:24:03+08:00,1.3118,103.6811,C,Cloud to Cloud,2026-07-22T20:20:18.403+08:00
2026-07-23 13:13:15,2026-07-22T20:22:00+08:00,2026-07-22T20:24:03+08:00,1.3045,103.6688,C,Cloud to Cloud,2026-07-22T20:20:18.41+08:00
2026-07-23 13:13:15,2026-07-22T20:22:00+08:00,2026-07-22T20:24:03+08:00,1.3019,103.6696,C,Cloud to Cloud,2026-07-22T20:20:18.41+08:00
2026-07-23 13:13:15,2026-07-22T20:22:00+08:00,2026-07-22T20:24:03+08:00,1.2976,103.6697,C,Cloud to Cloud,2026-07-22T20:20:18.485+08:00
2026-07-23 13:13:15,2026-07-22T20:22:00+08:00,2026-07-22T20:24:03+08:00,1.2951,103.7228,C,Cloud to Cloud,2026-07-22T20:20:18.572+08:00
2026-07-23 13:13:15,2026-07-22T20:22:00+08:00,2026-07-22T20:24:03+08:00,1.2941,103.7131,C,Cloud to Cloud,2026-07-22T20:20:18.6+08:00
2026-07-23 13:13:15,2026-07-22T20:22:00+08:00,2026-07-22T20:24:03+08:00,1.2986,103.7013,C,Cloud to Cloud,2026-07-22T20:20:18.613+08:00
2026-07-23 13:13:15,2026-07-22T20:22:00+08:00,2026-07-22T20:24:03+08:00,1.2761,103.7386,C,Cloud to Cloud,2026-07-22T20:20:18.616+08:00
2026-07-23 13:13:15,2026-07-22T20:22:00+08:00,2026-07-22T20:24:03+08:00,1.2814,103.7015,C,Cloud to Cloud,2026-07-22T20:20:18.623+08:00
2026-07-23 13:13:15,2026-07-22T20:22:00+08:00,2026-07-22T20:24:03+08:00,1.3016,103.6929,C,Cloud to Cloud,2026-07-22T20:20:18.712+08:00
2026-07-23 13:13:15,2026-07-22T20:22:00+08:00,2026-07-22T20:24:03+08:00,1.3086,103.7158,C,Cloud to Cloud,2026-07-22T20:20:18.712+08:00
2026-07-23 13:13:15,2026-07-22T20:22:00+08:00,2026-07-22T20:24:03+08:00,1.285,103.7051,C,Cloud to Cloud,2026-07-22T20:20:18.712+08:00
2026-07-23 13:13:15,2026-07-22T20:22:00+08:00,2026-07-22T20:24:03+08:00,1.2658,103.7121,C,Cloud to Cloud,2026-07-22T20:20:18.712+08:00
2026-07-23 13:13:15,2026-07-22T20:22:00+08:00,2026-07-22T20:24:03+08:00,1.2681,103.7125,C,Cloud to Cloud,2026-07-22T20:20:18.712+08:00
2026-07-23 13:13:15,2026-07-22T20:22:00+08:00,2026-07-22T20:24:03+08:00,1.2817,103.7181,C,Cloud to Cloud,2026-07-22T20:20:18.712+08:00
2026-07-23 13:13:15,2026-07-22T20:22:00+08:00,2026-07-22T20:24:03+08:00,1.276,103.7283,C,Cloud to Cloud,2026-07-22T20:20:18.712+08:00
2026-07-23 13:13:15,2026-07-22T20:22:00+08:00,2026-07-22T20:24:03+08:00,1.2928,103.7338,C,Cloud to Cloud,2026-07-22T20:20:18.712+08:00
2026-07-23 13:13:15,2026-07-22T20:22:00+08:00,2026-07-22T20:24:03+08:00,1.2962,103.7261,C,Cloud to Cloud,2026-07-22T20:20:18.712+08:00
2026-07-23 13:13:15,2026-07-22T20:18:00+08:00,2026-07-22T20:20:04+08:00,1.2974,103.7066,C,Cloud to Cloud,2026-07-22T20:17:10.646+08:00
2026-07-23 13:13:15,2026-07-22T20:18:00+08:00,2026-07-22T20:20:04+08:00,1.28,103.7289,C,Cloud to Cloud,2026-07-22T20:17:10.647+08:00
2026-07-23 13:13:15,2026-07-22T20:18:00+08:00,2026-07-22T20:20:04+08:00,1.3011,103.7414,C,Cloud to Cloud,2026-07-22T20:17:10.648+08:00
2026-07-23 13:13:15,2026-07-22T20:18:00+08:00,2026-07-22T20:20:04+08:00,1.2387,103.6924,C,Cloud to Cloud,2026-07-22T20:17:10.674+08:00
2026-07-23 13:13:15,2026-07-22T20:18:00+08:00,2026-07-22T20:20:04+08:00,1.3136,103.7354,C,Cloud to Cloud,2026-07-22T20:17:10.796+08:00
2026-07-23 13:13:15,2026-07-22T20:18:00+08:00,2026-07-22T20:20:04+08:00,1.3138,103.7566,C,Cloud to Cloud,2026-07-22T20:17:10.796+08:00
2026-07-23 13:13:15,2026-07-22T20:18:00+08:00,2026-07-22T20:20:04+08:00,1.286,103.7532,C,Cloud to Cloud,2026-07-22T20:17:10.797+08:00
2026-07-23 13:13:15,2026-07-22T20:18:00+08:00,2026-07-22T20:20:04+08:00,1.2901,103.751,C,Cloud to Cloud,2026-07-22T20:17:10.797+08:00
2026-07-23 13:13:15,2026-07-22T20:18:00+08:00,2026-07-22T20:20:04+08:00,1.2826,103.7172,C,Cloud to Cloud,2026-07-22T20:17:10.828+08:00
2026-07-23 13:13:15,2026-07-22T20:18:00+08:00,2026-07-22T20:20:04+08:00,1.2799,103.7105,C,Cloud to Cloud,2026-07-22T20:17:10.828+08:00
2026-07-23 13:13:15,2026-07-22T20:18:00+08:00,2026-07-22T20:20:04+08:00,1.307,103.7216,C,Cloud to Cloud,2026-07-22T20:17:10.83+08:00
2026-07-23 13:13:15,2026-07-22T20:18:00+08:00,2026-07-22T20:20:04+08:00,1.2886,103.7113,C,Cloud to Cloud,2026-07-22T20:17:10.832+08:00
2026-07-23 13:13:15,2026-07-22T20:18:00+08:00,2026-07-22T20:20:04+08:00,1.2973,103.7242,C,Cloud to Cloud,2026-07-22T20:17:10.845+08:00
2026-07-23 13:13:15,2026-07-22T20:18:00+08:00,2026-07-22T20:20:04+08:00,1.2829,103.7398,C,Cloud to Cloud,2026-07-22T20:17:10.845+08:00
2026-07-23 13:13:15,2026-07-22T19:50:00+08:00,2026-07-22T19:52:03+08:00,1.0198,103.7254,C,Cloud to Cloud,2026-07-22T19:48:38.982+08:00
2026-07-23 13:13:15,2026-07-22T19:50:00+08:00,2026-07-22T19:52:03+08:00,1.0865,103.7313,C,Cloud to Cloud,2026-07-22T19:48:38.982+08:00
2026-07-23 13:13:15,2026-07-22T19:50:00+08:00,2026-07-22T19:52:03+08:00,1.108,103.7332,C,Cloud to Cloud,2026-07-22T19:48:38.982+08:00
2026-07-23 13:13:15,2026-07-22T19:50:00+08:00,2026-07-22T19:52:03+08:00,1.0618,103.7206,C,Cloud to Cloud,2026-07-22T19:48:38.982+08:00
2026-07-23 13:13:15,2026-07-22T19:50:00+08:00,2026-07-22T19:52:03+08:00,1.1196,103.7353,C,Cloud to Cloud,2026-07-22T19:48:38.983+08:00
2026-07-23 13:13:15,2026-07-22T19:50:00+08:00,2026-07-22T19:52:03+08:00,1.072,103.7412,C,Cloud to Cloud,2026-07-22T19:48:38.983+08:00
2026-07-23 13:13:15,2026-07-22T19:50:00+08:00,2026-07-22T19:52:03+08:00,1.131,103.7382,C,Cloud to Cloud,2026-07-22T19:48:38.983+08:00
2026-07-23 13:13:15,2026-07-22T19:50:00+08:00,2026-07-22T19:52:03+08:00,1.0762,103.7193,C,Cloud to Cloud,2026-07-22T19:48:38.983+08:00
2026-07-23 13:13:15,2026-07-22T19:50:00+08:00,2026-07-22T19:52:03+08:00,1.093,103.7354,C,Cloud to Cloud,2026-07-22T19:48:38.985+08:00
2026-07-23 13:13:15,2026-07-22T19:50:00+08:00,2026-07-22T19:52:03+08:00,1.0931,103.7396,C,Cloud to Cloud,2026-07-22T19:48:38.985+08:00
2026-07-23 13:13:15,2026-07-22T19:50:00+08:00,2026-07-22T19:52:03+08:00,1.1226,103.7418,C,Cloud to Cloud,2026-07-22T19:48:38.986+08:00
2026-07-23 13:13:15,2026-07-22T19:50:00+08:00,2026-07-22T19:52:03+08:00,1.0962,103.7398,C,Cloud to Cloud,2026-07-22T19:48:38.986+08:00
2026-07-23 13:13:15,2026-07-22T19:50:00+08:00,2026-07-22T19:52:03+08:00,1.0942,103.7421,C,Cloud to Cloud,2026-07-22T19:48:38.986+08:00
2026-07-23 13:13:15,2026-07-22T19:50:00+08:00,2026-07-22T19:52:03+08:00,1.0937,103.7416,C,Cloud to Cloud,2026-07-22T19:48:38.987+08:00
2026-07-23 13:13:15,2026-07-22T19:50:00+08:00,2026-07-22T19:52:03+08:00,1.0944,103.7421,C,Cloud to Cloud,2026-07-22T19:48:38.987+08:00
2026-07-23 13:13:15,2026-07-22T19:50:00+08:00,2026-07-22T19:52:03+08:00,1.0924,103.7418,C,Cloud to Cloud,2026-07-22T19:48:38.987+08:00
2026-07-23 13:13:15,2026-07-22T19:50:00+08:00,2026-07-22T19:52:03+08:00,1.0788,103.7388,C,Cloud to Cloud,2026-07-22T19:48:38.99+08:00
2026-07-23 13:13:15,2026-07-22T19:50:00+08:00,2026-07-22T19:52:03+08:00,1.08,103.7397,C,Cloud to Cloud,2026-07-22T19:48:38.99+08:00
2026-07-23 13:13:15,2026-07-22T19:50:00+08:00,2026-07-22T19:52:03+08:00,1.083,103.7403,C,Cloud to Cloud,2026-07-22T19:48:38.99+08:00
2026-07-23 13:13:15,2026-07-22T19:50:00+08:00,2026-07-22T19:52:03+08:00,1.1012,103.7306,C,Cloud to Cloud,2026-07-22T19:48:38.992+08:00
2026-07-23 13:13:15,2026-07-22T19:50:00+08:00,2026-07-22T19:52:03+08:00,1.1272,103.7522,C,Cloud to Cloud,2026-07-22T19:48:38.992+08:00
2026-07-23 13:13:15,2026-07-22T19:50:00+08:00,2026-07-22T19:52:03+08:00,1.0751,103.7259,C,Cloud to Cloud,2026-07-22T19:48:38.997+08:00
2026-07-23 13:13:15,2026-07-22T19:50:00+08:00,2026-07-22T19:52:03+08:00,1.0742,103.7252,C,Cloud to Cloud,2026-07-22T19:48:38.997+08:00
2026-07-23 13:13:15,2026-07-22T19:50:00+08:00,2026-07-22T19:52:03+08:00,1.0931,103.7309,C,Cloud to Cloud,2026-07-22T19:48:39+08:00
2026-07-23 13:13:15,2026-07-22T19:50:00+08:00,2026-07-22T19:52:03+08:00,1.1111,103.7355,C,Cloud to Cloud,2026-07-22T19:48:39+08:00
2026-07-23 13:13:15,2026-07-22T19:50:00+08:00,2026-07-22T19:52:03+08:00,1.1142,103.7384,C,Cloud to Cloud,2026-07-22T19:48:39+08:00
2026-07-23 13:13:15,2026-07-22T19:50:00+08:00,2026-07-22T19:52:03+08:00,1.0889,103.7407,C,Cloud to Cloud,2026-07-22T19:48:39.005+08:00
2026-07-23 13:13:15,2026-07-22T19:50:00+08:00,2026-07-22T19:52:03+08:00,1.0811,103.7338,C,Cloud to Cloud,2026-07-22T19:48:39.009+08:00
2026-07-23 13:13:15,2026-07-22T19:50:00+08:00,2026-07-22T19:52:03+08:00,1.0984,103.7384,C,Cloud to Cloud,2026-07-22T19:48:39.013+08:00
2026-07-23 13:13:15,2026-07-22T19:50:00+08:00,2026-07-22T19:52:03+08:00,1.0755,103.7449,C,Cloud to Cloud,2026-07-22T19:48:39.036+08:00
2026-07-23 13:13:15,2026-07-22T19:50:00+08:00,2026-07-22T19:52:03+08:00,1.0769,103.723,C,Cloud to Cloud,2026-07-22T19:48:39.074+08:00
2026-07-23 13:13:15,2026-07-22T19:50:00+08:00,2026-07-22T19:52:03+08:00,1.0172,103.7406,C,Cloud to Cloud,2026-07-22T19:48:39.074+08:00
2026-07-23 13:13:15,2026-07-22T19:50:00+08:00,2026-07-22T19:52:03+08:00,1.0806,103.7374,C,Cloud to Cloud,2026-07-22T19:48:39.137+08:00
2026-07-23 13:13:15,2026-07-22T19:50:00+08:00,2026-07-22T19:52:03+08:00,1.083,103.741,C,Cloud to Cloud,2026-07-22T19:48:39.137+08:00
2026-07-23 13:13:15,2026-07-22T19:50:00+08:00,2026-07-22T19:52:03+08:00,1.057,103.7347,C,Cloud to Cloud,2026-07-22T19:48:39.137+08:00
2026-07-23 13:13:15,2026-07-22T19:50:00+08:00,2026-07-22T19:52:03+08:00,1.0848,103.7407,C,Cloud to Cloud,2026-07-22T19:48:39.304+08:00
2026-07-23 13:13:15,2026-07-22T19:50:00+08:00,2026-07-22T19:52:03+08:00,1.0623,103.7321,C,Cloud to Cloud,2026-07-22T19:48:39.349+08:00
2026-07-23 13:13:15,2026-07-22T19:50:00+08:00,2026-07-22T19:52:03+08:00,1.0791,103.7301,C,Cloud to Cloud,2026-07-22T19:48:39.349+08:00
2026-07-23 13:13:15,2026-07-22T19:50:00+08:00,2026-07-22T19:52:03+08:00,1.1046,103.735,C,Cloud to Cloud,2026-07-22T19:48:39.373+08:00
2026-07-23 13:13:16,2026-07-22T19:48:00+08:00,2026-07-22T19:50:03+08:00,1.0179,103.7223,C,Cloud to Cloud,2026-07-22T19:46:59.9+08:00
2026-07-23 13:13:16,2026-07-22T19:48:00+08:00,2026-07-22T19:50:03+08:00,1.1117,103.7353,C,Cloud to Cloud,2026-07-22T19:46:59.9+08:00
2026-07-23 13:13:16,2026-07-22T19:48:00+08:00,2026-07-22T19:50:03+08:00,1.1157,103.7354,C,Cloud to Cloud,2026-07-22T19:46:59.9+08:00
2026-07-23 13:13:16,2026-07-22T19:48:00+08:00,2026-07-22T19:50:03+08:00,1.0449,103.7421,C,Cloud to Cloud,2026-07-22T19:46:59.9+08:00
2026-07-23 13:13:16,2026-07-22T19:48:00+08:00,2026-07-22T19:50:03+08:00,1.0451,103.739,C,Cloud to Cloud,2026-07-22T19:46:59.9+08:00
2026-07-23 13:13:16,2026-07-22T19:48:00+08:00,2026-07-22T19:50:03+08:00,1.1145,103.7332,C,Cloud to Cloud,2026-07-22T19:46:59.901+08:00
2026-07-23 13:13:16,2026-07-22T19:48:00+08:00,2026-07-22T19:50:03+08:00,1.1088,103.7353,C,Cloud to Cloud,2026-07-22T19:46:59.901+08:00
2026-07-23 13:13:16,2026-07-22T19:48:00+08:00,2026-07-22T19:50:03+08:00,1.0151,103.7395,C,Cloud to Cloud,2026-07-22T19:46:59.901+08:00
2026-07-23 13:13:16,2026-07-22T19:48:00+08:00,2026-07-22T19:50:03+08:00,1.1172,103.7411,C,Cloud to Cloud,2026-07-22T19:46:59.901+08:00
2026-07-23 13:13:16,2026-07-22T19:48:00+08:00,2026-07-22T19:50:03+08:00,1.1243,103.7374,C,Cloud to Cloud,2026-07-22T19:46:59.901+08:00
2026-07-23 13:13:16,2026-07-22T19:48:00+08:00,2026-07-22T19:50:03+08:00,1.1222,103.7379,C,Cloud to Cloud,2026-07-22T19:46:59.901+08:00
2026-07-23 13:13:16,2026-07-22T19:48:00+08:00,2026-07-22T19:50:03+08:00,1.1241,103.7403,C,Cloud to Cloud,2026-07-22T19:46:59.901+08:00
2026-07-23 13:13:16,2026-07-22T19:48:00+08:00,2026-07-22T19:50:03+08:00,1.1188,103.7383,C,Cloud to Cloud,2026-07-22T19:46:59.902+08:00
2026-07-23 13:13:16,2026-07-22T19:48:00+08:00,2026-07-22T19:50:03+08:00,1.1272,103.7403,C,Cloud to Cloud,2026-07-22T19:46:59.902+08:00
2026-07-23 13:13:16,2026-07-22T19:48:00+08:00,2026-07-22T19:50:03+08:00,1.1001,103.7357,C,Cloud to Cloud,2026-07-22T19:46:59.902+08:00
2026-07-23 13:13:16,2026-07-22T19:48:00+08:00,2026-07-22T19:50:03+08:00,1.1115,103.738,C,Cloud to Cloud,2026-07-22T19:46:59.902+08:00
2026-07-23 13:13:16,2026-07-22T19:48:00+08:00,2026-07-22T19:50:03+08:00,1.1059,103.7385,C,Cloud to Cloud,2026-07-22T19:46:59.902+08:00
2026-07-23 13:13:16,2026-07-22T19:48:00+08:00,2026-07-22T19:50:03+08:00,1.0976,103.7374,C,Cloud to Cloud,2026-07-22T19:46:59.902+08:00
2026-07-23 13:13:16,2026-07-22T19:48:00+08:00,2026-07-22T19:50:03+08:00,1.1169,103.7406,C,Cloud to Cloud,2026-07-22T19:46:59.903+08:00
2026-07-23 13:13:16,2026-07-22T19:48:00+08:00,2026-07-22T19:50:03+08:00,1.1235,103.7397,C,Cloud to Cloud,2026-07-22T19:46:59.903+08:00
2026-07-23 13:13:16,2026-07-22T19:48:00+08:00,2026-07-22T19:50:03+08:00,1.099,103.7406,C,Cloud to Cloud,2026-07-22T19:46:59.903+08:00
2026-07-23 13:13:16,2026-07-22T19:48:00+08:00,2026-07-22T19:50:03+08:00,1.0981,103.7396,C,Cloud to Cloud,2026-07-22T19:46:59.903+08:00
2026-07-23 13:13:16,2026-07-22T19:48:00+08:00,2026-07-22T19:50:03+08:00,1.1064,103.739,C,Cloud to Cloud,2026-07-22T19:46:59.903+08:00
2026-07-23 13:13:16,2026-07-22T19:48:00+08:00,2026-07-22T19:50:03+08:00,1.1971,103.7283,C,Cloud to Cloud,2026-07-22T19:46:59.903+08:00
2026-07-23 13:13:16,2026-07-22T19:48:00+08:00,2026-07-22T19:50:03+08:00,1.1342,103.741,C,Cloud to Cloud,2026-07-22T19:46:59.903+08:00
2026-07-23 13:13:16,2026-07-22T19:48:00+08:00,2026-07-22T19:50:03+08:00,1.1352,103.7411,C,Cloud to Cloud,2026-07-22T19:46:59.903+08:00
2026-07-23 13:13:16,2026-07-22T19:48:00+08:00,2026-07-22T19:50:03+08:00,1.1339,103.7371,C,Cloud to Cloud,2026-07-22T19:46:59.904+08:00
2026-07-23 13:13:16,2026-07-22T19:48:00+08:00,2026-07-22T19:50:03+08:00,1.1459,103.7446,C,Cloud to Cloud,2026-07-22T19:46:59.904+08:00
2026-07-23 13:13:16,2026-07-22T19:48:00+08:00,2026-07-22T19:50:03+08:00,1.0985,103.7374,C,Cloud to Cloud,2026-07-22T19:46:59.904+08:00
2026-07-23 13:13:16,2026-07-22T19:48:00+08:00,2026-07-22T19:50:03+08:00,1.1201,103.7422,C,Cloud to Cloud,2026-07-22T19:46:59.904+08:00
2026-07-23 13:13:16,2026-07-22T19:48:00+08:00,2026-07-22T19:50:03+08:00,1.1259,103.7416,C,Cloud to Cloud,2026-07-22T19:46:59.904+08:00
2026-07-23 13:13:16,2026-07-22T19:48:00+08:00,2026-07-22T19:50:03+08:00,1.1071,103.7375,C,Cloud to Cloud,2026-07-22T19:46:59.905+08:00
2026-07-23 13:13:16,2026-07-22T19:48:00+08:00,2026-07-22T19:50:03+08:00,1.1081,103.7444,C,Cloud to Cloud,2026-07-22T19:46:59.905+08:00
2026-07-23 13:13:16,2026-07-22T19:48:00+08:00,2026-07-22T19:50:03+08:00,1.1253,103.7395,C,Cloud to Cloud,2026-07-22T19:46:59.905+08:00
2026-07-23 13:13:16,2026-07-22T19:48:00+08:00,2026-07-22T19:50:03+08:00,1.1307,103.7387,C,Cloud to Cloud,2026-07-22T19:46:59.905+08:00
2026-07-23 13:13:16,2026-07-22T19:48:00+08:00,2026-07-22T19:50:03+08:00,1.1151,103.7399,C,Cloud to Cloud,2026-07-22T19:46:59.905+08:00
2026-07-23 13:13:16,2026-07-22T19:48:00+08:00,2026-07-22T19:50:03+08:00,1.1115,103.7431,C,Cloud to Cloud,2026-07-22T19:46:59.905+08:00
2026-07-23 13:13:16,2026-07-22T19:48:00+08:00,2026-07-22T19:50:03+08:00,1.1343,103.7329,C,Cloud to Cloud,2026-07-22T19:46:59.906+08:00
2026-07-23 13:13:16,2026-07-22T19:48:00+08:00,2026-07-22T19:50:03+08:00,1.1232,103.7352,C,Cloud to Cloud,2026-07-22T19:46:59.907+08:00
2026-07-23 13:13:16,2026-07-22T19:48:00+08:00,2026-07-22T19:50:03+08:00,1.1103,103.7401,C,Cloud to Cloud,2026-07-22T19:46:59.907+08:00
2026-07-23 13:13:16,2026-07-22T19:48:00+08:00,2026-07-22T19:50:03+08:00,1.1103,103.7401,C,Cloud to Cloud,2026-07-22T19:46:59.907+08:00
2026-07-23 13:13:16,2026-07-22T19:48:00+08:00,2026-07-22T19:50:03+08:00,1.1005,103.7409,C,Cloud to Cloud,2026-07-22T19:46:59.907+08:00
2026-07-23 13:13:16,2026-07-22T19:48:00+08:00,2026-07-22T19:50:03+08:00,1.1089,103.7383,C,Cloud to Cloud,2026-07-22T19:46:59.907+08:00
2026-07-23 13:13:16,2026-07-22T19:48:00+08:00,2026-07-22T19:50:03+08:00,1.1087,103.7375,C,Cloud to Cloud,2026-07-22T19:46:59.908+08:00
2026-07-23 13:13:16,2026-07-22T19:48:00+08:00,2026-07-22T19:50:03+08:00,1.0997,103.7377,C,Cloud to Cloud,2026-07-22T19:46:59.908+08:00
2026-07-23 13:13:16,2026-07-22T19:48:00+08:00,2026-07-22T19:50:03+08:00,1.1028,103.7368,C,Cloud to Cloud,2026-07-22T19:46:59.908+08:00
2026-07-23 13:13:16,2026-07-22T19:48:00+08:00,2026-07-22T19:50:03+08:00,1.1164,103.7378,C,Cloud to Cloud,2026-07-22T19:46:59.909+08:00
2026-07-23 13:13:16,2026-07-22T19:48:00+08:00,2026-07-22T19:50:03+08:00,1.1069,103.7352,C,Cloud to Cloud,2026-07-22T19:46:59.909+08:00
2026-07-23 13:13:16,2026-07-22T19:48:00+08:00,2026-07-22T19:50:03+08:00,1.1043,103.7354,C,Cloud to Cloud,2026-07-22T19:46:59.909+08:00
2026-07-23 13:13:16,2026-07-22T19:48:00+08:00,2026-07-22T19:50:03+08:00,1.1251,103.7383,C,Cloud to Cloud,2026-07-22T19:46:59.911+08:00
2026-07-23 13:13:16,2026-07-22T19:48:00+08:00,2026-07-22T19:50:03+08:00,1.1326,103.7618,C,Cloud to Cloud,2026-07-22T19:46:59.911+08:00
2026-07-23 13:13:16,2026-07-22T19:48:00+08:00,2026-07-22T19:50:03+08:00,1.1029,103.732,C,Cloud to Cloud,2026-07-22T19:46:59.914+08:00
2026-07-23 13:13:16,2026-07-22T19:48:00+08:00,2026-07-22T19:50:03+08:00,1.112,103.7318,C,Cloud to Cloud,2026-07-22T19:46:59.914+08:00
2026-07-23 13:13:16,2026-07-22T19:48:00+08:00,2026-07-22T19:50:03+08:00,1.1007,103.7282,C,Cloud to Cloud,2026-07-22T19:46:59.917+08:00
2026-07-23 13:13:16,2026-07-22T19:48:00+08:00,2026-07-22T19:50:03+08:00,1.0965,103.7275,C,Cloud to Cloud,2026-07-22T19:46:59.917+08:00
2026-07-23 13:13:16,2026-07-22T19:48:00+08:00,2026-07-22T19:50:03+08:00,1.1052,103.7373,C,Cloud to Cloud,2026-07-22T19:46:59.942+08:00
2026-07-23 13:13:16,2026-07-22T19:48:00+08:00,2026-07-22T19:50:03+08:00,1.1053,103.7347,C,Cloud to Cloud,2026-07-22T19:46:59.942+08:00
2026-07-23 13:13:16,2026-07-22T19:48:00+08:00,2026-07-22T19:50:03+08:00,1.1439,103.7129,C,Cloud to Cloud,2026-07-22T19:47:00.005+08:00
2026-07-23 13:13:16,2026-07-22T19:48:00+08:00,2026-07-22T19:50:03+08:00,1.0971,103.7618,C,Cloud to Cloud,2026-07-22T19:47:00.085+08:00
2026-07-23 13:13:16,2026-07-22T19:48:00+08:00,2026-07-22T19:50:03+08:00,1.1329,103.7199,C,Cloud to Cloud,2026-07-22T19:47:00.15+08:00
2026-07-23 13:13:16,2026-07-22T19:48:00+08:00,2026-07-22T19:50:03+08:00,1.1107,103.7072,C,Cloud to Cloud,2026-07-22T19:47:00.15+08:00
2026-07-23 13:13:16,2026-07-22T19:48:00+08:00,2026-07-22T19:50:03+08:00,1.1221,103.7051,C,Cloud to Cloud,2026-07-22T19:47:00.15+08:00
2026-07-23 13:13:16,2026-07-22T19:48:00+08:00,2026-07-22T19:50:03+08:00,1.1337,103.708,C,Cloud to Cloud,2026-07-22T19:47:00.15+08:00
2026-07-23 13:13:16,2026-07-22T19:48:00+08:00,2026-07-22T19:50:03+08:00,1.1349,103.7158,C,Cloud to Cloud,2026-07-22T19:47:00.15+08:00
2026-07-23 13:13:16,2026-07-22T19:48:00+08:00,2026-07-22T19:50:03+08:00,1.1475,103.7167,C,Cloud to Cloud,2026-07-22T19:47:00.15+08:00
2026-07-23 13:13:16,2026-07-22T19:48:00+08:00,2026-07-22T19:50:03+08:00,1.1504,103.7161,C,Cloud to Cloud,2026-07-22T19:47:00.15+08:00
2026-07-23 13:13:16,2026-07-22T19:48:00+08:00,2026-07-22T19:50:03+08:00,1.0844,103.7306,C,Cloud to Cloud,2026-07-22T19:47:00.185+08:00
2026-07-23 13:13:16,2026-07-22T19:48:00+08:00,2026-07-22T19:50:03+08:00,1.094,103.729,C,Cloud to Cloud,2026-07-22T19:47:00.185+08:00
2026-07-23 13:13:16,2026-07-22T19:48:00+08:00,2026-07-22T19:50:03+08:00,1.0976,103.7279,C,Cloud to Cloud,2026-07-22T19:47:00.185+08:00
2026-07-23 13:13:16,2026-07-22T19:48:00+08:00,2026-07-22T19:50:03+08:00,1.1258,103.7233,C,Cloud to Cloud,2026-07-22T19:47:00.185+08:00
2026-07-23 13:13:16,2026-07-22T19:48:00+08:00,2026-07-22T19:50:03+08:00,1.1147,103.713,C,Cloud to Cloud,2026-07-22T19:47:00.185+08:00
2026-07-23 13:13:16,2026-07-22T19:48:00+08:00,2026-07-22T19:50:03+08:00,1.1178,103.708,C,Cloud to Cloud,2026-07-22T19:47:00.185+08:00
2026-07-23 13:13:16,2026-07-22T19:48:00+08:00,2026-07-22T19:50:03+08:00,1.0927,103.6995,C,Cloud to Cloud,2026-07-22T19:47:00.185+08:00
2026-07-23 13:13:16,2026-07-22T19:48:00+08:00,2026-07-22T19:50:03+08:00,1.0888,103.7359,C,Cloud to Cloud,2026-07-22T19:47:00.2+08:00
2026-07-23 13:13:16,2026-07-22T19:48:00+08:00,2026-07-22T19:50:03+08:00,1.0678,103.7282,C,Cloud to Cloud,2026-07-22T19:47:00.226+08:00
2026-07-23 13:13:16,2026-07-22T19:48:00+08:00,2026-07-22T19:50:03+08:00,1.093,103.7305,C,Cloud to Cloud,2026-07-22T19:47:00.226+08:00
2026-07-23 13:13:16,2026-07-22T19:48:00+08:00,2026-07-22T19:50:03+08:00,1.0806,103.7322,C,Cloud to Cloud,2026-07-22T19:47:00.226+08:00
2026-07-23 13:13:16,2026-07-22T19:48:00+08:00,2026-07-22T19:50:03+08:00,1.085,103.7328,C,Cloud to Cloud,2026-07-22T19:47:00.226+08:00
2026-07-23 13:13:16,2026-07-22T19:46:00+08:00,2026-07-22T19:48:03+08:00,1.0686,103.7408,C,Cloud to Cloud,2026-07-22T19:44:46.501+08:00
2026-07-23 13:13:16,2026-07-22T19:46:00+08:00,2026-07-22T19:48:03+08:00,1.0667,103.7335,C,Cloud to Cloud,2026-07-22T19:44:46.501+08:00
2026-07-23 13:13:16,2026-07-22T19:46:00+08:00,2026-07-22T19:48:03+08:00,1.0402,103.7329,C,Cloud to Cloud,2026-07-22T19:44:46.501+08:00
2026-07-23 13:13:16,2026-07-22T19:46:00+08:00,2026-07-22T19:48:03+08:00,1.0562,103.7315,C,Cloud to Cloud,2026-07-22T19:44:46.501+08:00
2026-07-23 13:13:16,2026-07-22T19:46:00+08:00,2026-07-22T19:48:03+08:00,1.0849,103.759,C,Cloud to Cloud,2026-07-22T19:44:46.502+08:00
2026-07-23 13:13:16,2026-07-22T19:46:00+08:00,2026-07-22T19:48:03+08:00,1.0684,103.7377,C,Cloud to Cloud,2026-07-22T19:44:46.502+08:00
2026-07-23 13:13:16,2026-07-22T19:46:00+08:00,2026-07-22T19:48:03+08:00,1.0599,103.7193,C,Cloud to Cloud,2026-07-22T19:44:46.502+08:00
2026-07-23 13:13:16,2026-07-22T19:46:00+08:00,2026-07-22T19:48:03+08:00,1.0715,103.7328,C,Cloud to Cloud,2026-07-22T19:44:46.503+08:00
2026-07-23 13:13:16,2026-07-22T19:46:00+08:00,2026-07-22T19:48:03+08:00,1.1119,103.7392,C,Cloud to Cloud,2026-07-22T19:44:46.505+08:00
2026-07-23 13:13:16,2026-07-22T19:46:00+08:00,2026-07-22T19:48:03+08:00,1.1143,103.7393,C,Cloud to Cloud,2026-07-22T19:44:46.505+08:00
2026-07-23 13:13:16,2026-07-22T19:46:00+08:00,2026-07-22T19:48:03+08:00,1.1046,103.737,C,Cloud to Cloud,2026-07-22T19:44:46.505+08:00
2026-07-23 13:13:16,2026-07-22T19:46:00+08:00,2026-07-22T19:48:03+08:00,1.1095,103.7416,C,Cloud to Cloud,2026-07-22T19:44:46.505+08:00
2026-07-23 13:13:16,2026-07-22T19:46:00+08:00,2026-07-22T19:48:03+08:00,1.1124,103.7576,C,Cloud to Cloud,2026-07-22T19:44:46.505+08:00
2026-07-23 13:13:16,2026-07-22T19:46:00+08:00,2026-07-22T19:48:03+08:00,1.1082,103.7357,C,Cloud to Cloud,2026-07-22T19:44:46.505+08:00
2026-07-23 13:13:16,2026-07-22T19:46:00+08:00,2026-07-22T19:48:03+08:00,1.1032,103.7342,C,Cloud to Cloud,2026-07-22T19:44:46.505+08:00
2026-07-23 13:13:16,2026-07-22T19:46:00+08:00,2026-07-22T19:48:03+08:00,1.1025,103.7621,C,Cloud to Cloud,2026-07-22T19:44:46.505+08:00
2026-07-23 13:13:16,2026-07-22T19:46:00+08:00,2026-07-22T19:48:03+08:00,1.106,103.7347,C,Cloud to Cloud,2026-07-22T19:44:46.505+08:00
2026-07-23 13:13:16,2026-07-22T19:46:00+08:00,2026-07-22T19:48:03+08:00,1.0932,103.7655,C,Cloud to Cloud,2026-07-22T19:44:46.505+08:00
2026-07-23 13:13:16,2026-07-22T19:46:00+08:00,2026-07-22T19:48:03+08:00,1.0959,103.7326,C,Cloud to Cloud,2026-07-22T19:44:46.505+08:00
2026-07-23 13:13:16,2026-07-22T19:46:00+08:00,2026-07-22T19:48:03+08:00,1.0998,103.7326,C,Cloud to Cloud,2026-07-22T19:44:46.515+08:00
2026-07-23 13:13:16,2026-07-22T19:46:00+08:00,2026-07-22T19:48:03+08:00,1.0967,103.733,C,Cloud to Cloud,2026-07-22T19:44:46.515+08:00
2026-07-23 13:13:16,2026-07-22T19:46:00+08:00,2026-07-22T19:48:03+08:00,1.092,103.7335,C,Cloud to Cloud,2026-07-22T19:44:46.515+08:00
2026-07-23 13:13:16,2026-07-22T19:46:00+08:00,2026-07-22T19:48:03+08:00,1.093,103.7339,C,Cloud to Cloud,2026-07-22T19:44:46.515+08:00
2026-07-23 13:13:16,2026-07-22T19:46:00+08:00,2026-07-22T19:48:03+08:00,1.1025,103.7376,C,Cloud to Cloud,2026-07-22T19:44:46.521+08:00
2026-07-23 13:13:16,2026-07-22T19:46:00+08:00,2026-07-22T19:48:03+08:00,1.0724,103.7214,C,Cloud to Cloud,2026-07-22T19:44:46.536+08:00
2026-07-23 13:13:16,2026-07-22T19:46:00+08:00,2026-07-22T19:48:03+08:00,1.0967,103.7284,C,Cloud to Cloud,2026-07-22T19:44:46.614+08:00
2026-07-23 13:13:16,2026-07-22T19:44:00+08:00,2026-07-22T19:46:03+08:00,1.0238,103.7591,C,Cloud to Cloud,2026-07-22T19:42:10.892+08:00
2026-07-23 13:13:16,2026-07-22T19:44:00+08:00,2026-07-22T19:46:03+08:00,1.0938,103.7232,C,Cloud to Cloud,2026-07-22T19:42:10.893+08:00
2026-07-23 13:13:16,2026-07-22T19:44:00+08:00,2026-07-22T19:46:03+08:00,1.1144,103.7263,C,Cloud to Cloud,2026-07-22T19:42:10.894+08:00
2026-07-23 13:13:16,2026-07-22T19:44:00+08:00,2026-07-22T19:46:03+08:00,1.1308,103.7314,C,Cloud to Cloud,2026-07-22T19:42:10.894+08:00
2026-07-23 13:13:16,2026-07-22T19:44:00+08:00,2026-07-22T19:46:03+08:00,1.0429,103.7411,C,Cloud to Cloud,2026-07-22T19:42:10.894+08:00
2026-07-23 13:13:16,2026-07-22T19:44:00+08:00,2026-07-22T19:46:03+08:00,1.0803,103.7106,C,Cloud to Cloud,2026-07-22T19:42:10.895+08:00
2026-07-23 13:13:16,2026-07-22T19:44:00+08:00,2026-07-22T19:46:03+08:00,1.0808,103.7116,C,Cloud to Cloud,2026-07-22T19:42:10.895+08:00
2026-07-23 13:13:16,2026-07-22T19:44:00+08:00,2026-07-22T19:46:03+08:00,1.0426,103.748,C,Cloud to Cloud,2026-07-22T19:42:10.895+08:00
2026-07-23 13:13:16,2026-07-22T19:44:00+08:00,2026-07-22T19:46:03+08:00,1.072,103.7022,C,Cloud to Cloud,2026-07-22T19:42:10.896+08:00
2026-07-23 13:13:16,2026-07-22T19:44:00+08:00,2026-07-22T19:46:03+08:00,1.0786,103.7073,C,Cloud to Cloud,2026-07-22T19:42:10.896+08:00
2026-07-23 13:13:16,2026-07-22T19:44:00+08:00,2026-07-22T19:46:03+08:00,1.067,103.7421,C,Cloud to Cloud,2026-07-22T19:42:10.896+08:00
2026-07-23 13:13:16,2026-07-22T19:44:00+08:00,2026-07-22T19:46:03+08:00,1.1136,103.7123,C,Cloud to Cloud,2026-07-22T19:42:10.896+08:00
2026-07-23 13:13:16,2026-07-22T19:44:00+08:00,2026-07-22T19:46:03+08:00,1.0577,103.7224,C,Cloud to Cloud,2026-07-22T19:42:10.897+08:00
2026-07-23 13:13:16,2026-07-22T19:44:00+08:00,2026-07-22T19:46:03+08:00,1.1074,103.7227,C,Cloud to Cloud,2026-07-22T19:42:10.897+08:00
2026-07-23 13:13:16,2026-07-22T19:44:00+08:00,2026-07-22T19:46:03+08:00,1.0851,103.713,C,Cloud to Cloud,2026-07-22T19:42:10.898+08:00
2026-07-23 13:13:16,2026-07-22T19:44:00+08:00,2026-07-22T19:46:03+08:00,1.0918,103.7149,C,Cloud to Cloud,2026-07-22T19:42:10.898+08:00
2026-07-23 13:13:16,2026-07-22T19:44:00+08:00,2026-07-22T19:46:03+08:00,1.0895,103.7158,C,Cloud to Cloud,2026-07-22T19:42:10.898+08:00
2026-07-23 13:13:16,2026-07-22T19:44:00+08:00,2026-07-22T19:46:03+08:00,1.0701,103.71,C,Cloud to Cloud,2026-07-22T19:42:10.898+08:00
2026-07-23 13:13:16,2026-07-22T19:44:00+08:00,2026-07-22T19:46:03+08:00,1.0947,103.7175,C,Cloud to Cloud,2026-07-22T19:42:10.898+08:00
2026-07-23 13:13:16,2026-07-22T19:44:00+08:00,2026-07-22T19:46:03+08:00,1.0922,103.724,C,Cloud to Cloud,2026-07-22T19:42:10.901+08:00
2026-07-23 13:13:16,2026-07-22T19:44:00+08:00,2026-07-22T19:46:03+08:00,1.0991,103.73,C,Cloud to Cloud,2026-07-22T19:42:10.901+08:00
2026-07-23 13:13:16,2026-07-22T19:44:00+08:00,2026-07-22T19:46:03+08:00,1.0953,103.7278,C,Cloud to Cloud,2026-07-22T19:42:10.901+08:00
2026-07-23 13:13:16,2026-07-22T19:44:00+08:00,2026-07-22T19:46:03+08:00,1.0833,103.7277,C,Cloud to Cloud,2026-07-22T19:42:10.901+08:00
2026-07-23 13:13:16,2026-07-22T19:44:00+08:00,2026-07-22T19:46:03+08:00,1.0617,103.6828,C,Cloud to Cloud,2026-07-22T19:42:10.901+08:00
2026-07-23 13:13:16,2026-07-22T19:44:00+08:00,2026-07-22T19:46:03+08:00,1.0703,103.7279,C,Cloud to Cloud,2026-07-22T19:42:10.901+08:00
2026-07-23 13:13:16,2026-07-22T19:44:00+08:00,2026-07-22T19:46:03+08:00,1.1005,103.7365,C,Cloud to Cloud,2026-07-22T19:42:10.901+08:00
2026-07-23 13:13:16,2026-07-22T19:44:00+08:00,2026-07-22T19:46:03+08:00,1.0895,103.727,C,Cloud to Cloud,2026-07-22T19:42:10.902+08:00
2026-07-23 13:13:16,2026-07-22T19:44:00+08:00,2026-07-22T19:46:03+08:00,1.1139,103.6722,C,Cloud to Cloud,2026-07-22T19:42:10.903+08:00
2026-07-23 13:13:16,2026-07-22T19:44:00+08:00,2026-07-22T19:46:03+08:00,1.1049,103.7275,C,Cloud to Cloud,2026-07-22T19:42:10.921+08:00
2026-07-23 13:13:16,2026-07-22T19:44:00+08:00,2026-07-22T19:46:03+08:00,1.0692,103.7232,C,Cloud to Cloud,2026-07-22T19:42:11.062+08:00
2026-07-23 13:13:16,2026-07-22T19:44:00+08:00,2026-07-22T19:46:03+08:00,1.0764,103.7318,C,Cloud to Cloud,2026-07-22T19:42:11.094+08:00
2026-07-23 13:13:16,2026-07-22T19:44:00+08:00,2026-07-22T19:46:03+08:00,1.0799,103.7318,C,Cloud to Cloud,2026-07-22T19:42:11.095+08:00
2026-07-23 13:13:16,2026-07-22T19:42:00+08:00,2026-07-22T19:44:02+08:00,1.0507,103.7304,C,Cloud to Cloud,2026-07-22T19:41:03.117+08:00
2026-07-23 13:13:16,2026-07-22T19:42:00+08:00,2026-07-22T19:44:02+08:00,1.0652,103.7436,C,Cloud to Cloud,2026-07-22T19:41:03.117+08:00
2026-07-23 13:13:16,2026-07-22T19:42:00+08:00,2026-07-22T19:44:02+08:00,1.0572,103.7435,C,Cloud to Cloud,2026-07-22T19:41:03.117+08:00
2026-07-23 13:13:16,2026-07-22T19:42:00+08:00,2026-07-22T19:44:02+08:00,1.0585,103.7389,C,Cloud to Cloud,2026-07-22T19:41:03.118+08:00
2026-07-23 13:13:16,2026-07-22T19:42:00+08:00,2026-07-22T19:44:02+08:00,1.0914,103.7445,C,Cloud to Cloud,2026-07-22T19:41:03.118+08:00
2026-07-23 13:13:16,2026-07-22T19:42:00+08:00,2026-07-22T19:44:02+08:00,1.0947,103.7468,C,Cloud to Cloud,2026-07-22T19:41:03.118+08:00
2026-07-23 13:13:16,2026-07-22T19:42:00+08:00,2026-07-22T19:44:02+08:00,1.072,103.7487,C,Cloud to Cloud,2026-07-22T19:41:03.118+08:00
2026-07-23 13:13:16,2026-07-22T19:42:00+08:00,2026-07-22T19:44:02+08:00,1.0933,103.7461,C,Cloud to Cloud,2026-07-22T19:41:03.118+08:00
2026-07-23 13:13:16,2026-07-22T19:42:00+08:00,2026-07-22T19:44:02+08:00,1.1043,103.7439,C,Cloud to Cloud,2026-07-22T19:41:03.118+08:00
2026-07-23 13:13:16,2026-07-22T19:42:00+08:00,2026-07-22T19:44:02+08:00,1.0788,103.7483,C,Cloud to Cloud,2026-07-22T19:41:03.118+08:00
2026-07-23 13:13:16,2026-07-22T19:42:00+08:00,2026-07-22T19:44:02+08:00,1.0795,103.7482,C,Cloud to Cloud,2026-07-22T19:41:03.118+08:00
2026-07-23 13:13:16,2026-07-22T19:42:00+08:00,2026-07-22T19:44:02+08:00,1.0553,103.7367,C,Cloud to Cloud,2026-07-22T19:41:03.118+08:00
2026-07-23 13:13:16,2026-07-22T19:42:00+08:00,2026-07-22T19:44:02+08:00,1.0709,103.7491,C,Cloud to Cloud,2026-07-22T19:41:03.118+08:00
2026-07-23 13:13:16,2026-07-22T19:42:00+08:00,2026-07-22T19:44:02+08:00,1.0641,103.7412,C,Cloud to Cloud,2026-07-22T19:41:03.118+08:00
2026-07-23 13:13:16,2026-07-22T19:42:00+08:00,2026-07-22T19:44:02+08:00,1.0937,103.7401,C,Cloud to Cloud,2026-07-22T19:41:03.119+08:00
2026-07-23 13:13:16,2026-07-22T19:42:00+08:00,2026-07-22T19:44:02+08:00,1.0697,103.7465,C,Cloud to Cloud,2026-07-22T19:41:03.119+08:00
2026-07-23 13:13:16,2026-07-22T19:42:00+08:00,2026-07-22T19:44:02+08:00,1.072,103.752,C,Cloud to Cloud,2026-07-22T19:41:03.119+08:00
2026-07-23 13:13:16,2026-07-22T19:42:00+08:00,2026-07-22T19:44:02+08:00,1.0887,103.7364,C,Cloud to Cloud,2026-07-22T19:41:03.119+08:00
2026-07-23 13:13:16,2026-07-22T19:42:00+08:00,2026-07-22T19:44:02+08:00,1.0824,103.7365,C,Cloud to Cloud,2026-07-22T19:41:03.119+08:00
2026-07-23 13:13:16,2026-07-22T19:42:00+08:00,2026-07-22T19:44:02+08:00,1.0712,103.7489,C,Cloud to Cloud,2026-07-22T19:41:03.119+08:00
2026-07-23 13:13:16,2026-07-22T19:42:00+08:00,2026-07-22T19:44:02+08:00,1.0524,103.7357,C,Cloud to Cloud,2026-07-22T19:41:03.119+08:00
2026-07-23 13:13:16,2026-07-22T19:42:00+08:00,2026-07-22T19:44:02+08:00,1.0719,103.75,C,Cloud to Cloud,2026-07-22T19:41:03.119+08:00
2026-07-23 13:13:16,2026-07-22T19:42:00+08:00,2026-07-22T19:44:02+08:00,1.0822,103.7352,C,Cloud to Cloud,2026-07-22T19:41:03.119+08:00
2026-07-23 13:13:16,2026-07-22T19:42:00+08:00,2026-07-22T19:44:02+08:00,1.0715,103.7475,C,Cloud to Cloud,2026-07-22T19:41:03.119+08:00
2026-07-23 13:13:16,2026-07-22T19:42:00+08:00,2026-07-22T19:44:02+08:00,1.0816,103.7373,C,Cloud to Cloud,2026-07-22T19:41:03.119+08:00
2026-07-23 13:13:16,2026-07-22T19:42:00+08:00,2026-07-22T19:44:02+08:00,1.0501,103.734,C,Cloud to Cloud,2026-07-22T19:41:03.119+08:00
2026-07-23 13:13:16,2026-07-22T19:42:00+08:00,2026-07-22T19:44:02+08:00,1.0157,103.6788,C,Cloud to Cloud,2026-07-22T19:41:03.119+08:00
2026-07-23 13:13:16,2026-07-22T19:42:00+08:00,2026-07-22T19:44:02+08:00,1.0808,103.7373,C,Cloud to Cloud,2026-07-22T19:41:03.119+08:00
2026-07-23 13:13:16,2026-07-22T19:42:00+08:00,2026-07-22T19:44:02+08:00,1.0484,103.735,C,Cloud to Cloud,2026-07-22T19:41:03.119+08:00
2026-07-23 13:13:16,2026-07-22T19:42:00+08:00,2026-07-22T19:44:02+08:00,1.0782,103.7381,C,Cloud to Cloud,2026-07-22T19:41:03.119+08:00
2026-07-23 13:13:16,2026-07-22T19:42:00+08:00,2026-07-22T19:44:02+08:00,1.0979,103.7233,C,Cloud to Cloud,2026-07-22T19:41:03.119+08:00
2026-07-23 13:13:16,2026-07-22T19:42:00+08:00,2026-07-22T19:44:02+08:00,1.0525,103.7365,C,Cloud to Cloud,2026-07-22T19:41:03.12+08:00
2026-07-23 13:13:16,2026-07-22T19:42:00+08:00,2026-07-22T19:44:02+08:00,1.0516,103.7356,C,Cloud to Cloud,2026-07-22T19:41:03.12+08:00
2026-07-23 13:13:16,2026-07-22T19:42:00+08:00,2026-07-22T19:44:02+08:00,1.0079,103.7133,C,Cloud to Cloud,2026-07-22T19:41:03.12+08:00
2026-07-23 13:13:16,2026-07-22T19:42:00+08:00,2026-07-22T19:44:02+08:00,1.0539,103.737,C,Cloud to Cloud,2026-07-22T19:41:03.12+08:00
2026-07-23 13:13:16,2026-07-22T19:42:00+08:00,2026-07-22T19:44:02+08:00,1.0526,103.7363,C,Cloud to Cloud,2026-07-22T19:41:03.12+08:00
2026-07-23 13:13:16,2026-07-22T19:42:00+08:00,2026-07-22T19:44:02+08:00,1.0467,103.7343,C,Cloud to Cloud,2026-07-22T19:41:03.12+08:00
2026-07-23 13:13:16,2026-07-22T19:42:00+08:00,2026-07-22T19:44:02+08:00,1.0516,103.7366,C,Cloud to Cloud,2026-07-22T19:41:03.12+08:00
2026-07-23 13:13:16,2026-07-22T19:42:00+08:00,2026-07-22T19:44:02+08:00,1.0507,103.736,C,Cloud to Cloud,2026-07-22T19:41:03.12+08:00
2026-07-23 13:13:16,2026-07-22T19:42:00+08:00,2026-07-22T19:44:02+08:00,1.0482,103.7345,C,Cloud to Cloud,2026-07-22T19:41:03.12+08:00
2026-07-23 13:13:16,2026-07-22T19:42:00+08:00,2026-07-22T19:44:02+08:00,1.0506,103.7351,C,Cloud to Cloud,2026-07-22T19:41:03.12+08:00
2026-07-23 13:13:16,2026-07-22T19:42:00+08:00,2026-07-22T19:44:02+08:00,1.0503,103.7365,C,Cloud to Cloud,2026-07-22T19:41:03.12+08:00
2026-07-23 13:13:16,2026-07-22T19:42:00+08:00,2026-07-22T19:44:02+08:00,1.048,103.7344,C,Cloud to Cloud,2026-07-22T19:41:03.121+08:00
2026-07-23 13:13:16,2026-07-22T19:42:00+08:00,2026-07-22T19:44:02+08:00,1.0461,103.734,C,Cloud to Cloud,2026-07-22T19:41:03.121+08:00
2026-07-23 13:13:16,2026-07-22T19:42:00+08:00,2026-07-22T19:44:02+08:00,1.0503,103.7355,C,Cloud to Cloud,2026-07-22T19:41:03.121+08:00
2026-07-23 13:13:16,2026-07-22T19:42:00+08:00,2026-07-22T19:44:02+08:00,1.0444,103.7344,C,Cloud to Cloud,2026-07-22T19:41:03.121+08:00
2026-07-23 13:13:16,2026-07-22T19:42:00+08:00,2026-07-22T19:44:02+08:00,1.0468,103.7334,C,Cloud to Cloud,2026-07-22T19:41:03.121+08:00
2026-07-23 13:13:16,2026-07-22T19:42:00+08:00,2026-07-22T19:44:02+08:00,1.0463,103.7341,C,Cloud to Cloud,2026-07-22T19:41:03.121+08:00
2026-07-23 13:13:16,2026-07-22T19:42:00+08:00,2026-07-22T19:44:02+08:00,1.0494,103.7345,C,Cloud to Cloud,2026-07-22T19:41:03.121+08:00
2026-07-23 13:13:16,2026-07-22T19:42:00+08:00,2026-07-22T19:44:02+08:00,1.0477,103.7327,C,Cloud to Cloud,2026-07-22T19:41:03.121+08:00
2026-07-23 13:13:16,2026-07-22T19:42:00+08:00,2026-07-22T19:44:02+08:00,1.0496,103.7329,C,Cloud to Cloud,2026-07-22T19:41:03.121+08:00
2026-07-23 13:13:16,2026-07-22T19:42:00+08:00,2026-07-22T19:44:02+08:00,1.0514,103.7347,C,Cloud to Cloud,2026-07-22T19:41:03.121+08:00
2026-07-23 13:13:16,2026-07-22T19:42:00+08:00,2026-07-22T19:44:02+08:00,1.0508,103.7347,C,Cloud to Cloud,2026-07-22T19:41:03.122+08:00
2026-07-23 13:13:16,2026-07-22T19:42:00+08:00,2026-07-22T19:44:02+08:00,1.0495,103.7327,C,Cloud to Cloud,2026-07-22T19:41:03.122+08:00
2026-07-23 13:13:16,2026-07-22T19:42:00+08:00,2026-07-22T19:44:02+08:00,1.0553,103.7348,C,Cloud to Cloud,2026-07-22T19:41:03.122+08:00
2026-07-23 13:13:16,2026-07-22T19:42:00+08:00,2026-07-22T19:44:02+08:00,1.0529,103.7347,C,Cloud to Cloud,2026-07-22T19:41:03.122+08:00
2026-07-23 13:13:16,2026-07-22T19:42:00+08:00,2026-07-22T19:44:02+08:00,1.0545,103.7345,C,Cloud to Cloud,2026-07-22T19:41:03.122+08:00
2026-07-23 13:13:16,2026-07-22T19:42:00+08:00,2026-07-22T19:44:02+08:00,1.0563,103.735,C,Cloud to Cloud,2026-07-22T19:41:03.122+08:00
2026-07-23 13:13:16,2026-07-22T19:42:00+08:00,2026-07-22T19:44:02+08:00,1.0588,103.7353,C,Cloud to Cloud,2026-07-22T19:41:03.122+08:00
2026-07-23 13:13:16,2026-07-22T19:42:00+08:00,2026-07-22T19:44:02+08:00,1.0618,103.737,C,Cloud to Cloud,2026-07-22T19:41:03.122+08:00
2026-07-23 13:13:16,2026-07-22T19:42:00+08:00,2026-07-22T19:44:02+08:00,1.057,103.7355,C,Cloud to Cloud,2026-07-22T19:41:03.122+08:00
2026-07-23 13:13:16,2026-07-22T19:42:00+08:00,2026-07-22T19:44:02+08:00,1.0614,103.7366,C,Cloud to Cloud,2026-07-22T19:41:03.122+08:00
2026-07-23 13:13:16,2026-07-22T19:42:00+08:00,2026-07-22T19:44:02+08:00,1.0662,103.7398,C,Cloud to Cloud,2026-07-22T19:41:03.123+08:00
2026-07-23 13:13:16,2026-07-22T19:42:00+08:00,2026-07-22T19:44:02+08:00,1.0591,103.7355,C,Cloud to Cloud,2026-07-22T19:41:03.123+08:00
2026-07-23 13:13:16,2026-07-22T19:42:00+08:00,2026-07-22T19:44:02+08:00,1.0581,103.7348,C,Cloud to Cloud,2026-07-22T19:41:03.123+08:00
2026-07-23 13:13:16,2026-07-22T19:42:00+08:00,2026-07-22T19:44:02+08:00,1.0601,103.7362,C,Cloud to Cloud,2026-07-22T19:41:03.123+08:00
2026-07-23 13:13:16,2026-07-22T19:42:00+08:00,2026-07-22T19:44:02+08:00,1.053,103.7316,C,Cloud to Cloud,2026-07-22T19:41:03.123+08:00
2026-07-23 13:13:16,2026-07-22T19:42:00+08:00,2026-07-22T19:44:02+08:00,1.0568,103.7328,C,Cloud to Cloud,2026-07-22T19:41:03.123+08:00
2026-07-23 13:13:16,2026-07-22T19:42:00+08:00,2026-07-22T19:44:02+08:00,1.0574,103.7334,C,Cloud to Cloud,2026-07-22T19:41:03.123+08:00
2026-07-23 13:13:16,2026-07-22T19:42:00+08:00,2026-07-22T19:44:02+08:00,1.0606,103.7349,C,Cloud to Cloud,2026-07-22T19:41:03.123+08:00
2026-07-23 13:13:16,2026-07-22T19:42:00+08:00,2026-07-22T19:44:02+08:00,1.0511,103.731,C,Cloud to Cloud,2026-07-22T19:41:03.123+08:00
2026-07-23 13:13:16,2026-07-22T19:42:00+08:00,2026-07-22T19:44:02+08:00,1.0589,103.7335,C,Cloud to Cloud,2026-07-22T19:41:03.123+08:00
2026-07-23 13:13:16,2026-07-22T19:42:00+08:00,2026-07-22T19:44:02+08:00,1.0551,103.7319,C,Cloud to Cloud,2026-07-22T19:41:03.124+08:00
2026-07-23 13:13:16,2026-07-22T19:42:00+08:00,2026-07-22T19:44:02+08:00,1.0569,103.733,C,Cloud to Cloud,2026-07-22T19:41:03.124+08:00
2026-07-23 13:13:16,2026-07-22T19:42:00+08:00,2026-07-22T19:44:02+08:00,1.0367,103.7189,C,Cloud to Cloud,2026-07-22T19:41:03.124+08:00
2026-07-23 13:13:16,2026-07-22T19:42:00+08:00,2026-07-22T19:44:02+08:00,1.0354,103.718,C,Cloud to Cloud,2026-07-22T19:41:03.124+08:00
2026-07-23 13:13:16,2026-07-22T19:42:00+08:00,2026-07-22T19:44:02+08:00,1.0368,103.7202,C,Cloud to Cloud,2026-07-22T19:41:03.124+08:00
2026-07-23 13:13:16,2026-07-22T19:42:00+08:00,2026-07-22T19:44:02+08:00,1.0391,103.7189,C,Cloud to Cloud,2026-07-22T19:41:03.124+08:00
2026-07-23 13:13:16,2026-07-22T19:42:00+08:00,2026-07-22T19:44:02+08:00,1.0336,103.7184,C,Cloud to Cloud,2026-07-22T19:41:03.124+08:00
2026-07-23 13:13:16,2026-07-22T19:42:00+08:00,2026-07-22T19:44:02+08:00,1.0457,103.723,C,Cloud to Cloud,2026-07-22T19:41:03.124+08:00
2026-07-23 13:13:16,2026-07-22T19:42:00+08:00,2026-07-22T19:44:02+08:00,1.0366,103.7192,C,Cloud to Cloud,2026-07-22T19:41:03.124+08:00
2026-07-23 13:13:16,2026-07-22T19:42:00+08:00,2026-07-22T19:44:02+08:00,1.0358,103.7173,C,Cloud to Cloud,2026-07-22T19:41:03.124+08:00
2026-07-23 13:13:16,2026-07-22T19:42:00+08:00,2026-07-22T19:44:02+08:00,1.0284,103.7133,C,Cloud to Cloud,2026-07-22T19:41:03.125+08:00
2026-07-23 13:13:16,2026-07-22T19:42:00+08:00,2026-07-22T19:44:02+08:00,1.0209,103.7091,C,Cloud to Cloud,2026-07-22T19:41:03.125+08:00
2026-07-23 13:13:16,2026-07-22T19:42:00+08:00,2026-07-22T19:44:02+08:00,1.0226,103.7102,C,Cloud to Cloud,2026-07-22T19:41:03.125+08:00
2026-07-23 13:13:16,2026-07-22T19:42:00+08:00,2026-07-22T19:44:02+08:00,1.0165,103.705,C,Cloud to Cloud,2026-07-22T19:41:03.125+08:00
2026-07-23 13:13:16,2026-07-22T19:42:00+08:00,2026-07-22T19:44:02+08:00,1.0226,103.7091,C,Cloud to Cloud,2026-07-22T19:41:03.125+08:00
2026-07-23 13:13:16,2026-07-22T19:42:00+08:00,2026-07-22T19:44:02+08:00,1.0165,103.7072,C,Cloud to Cloud,2026-07-22T19:41:03.125+08:00
2026-07-23 13:13:16,2026-07-22T19:42:00+08:00,2026-07-22T19:44:02+08:00,1.017,103.706,C,Cloud to Cloud,2026-07-22T19:41:03.125+08:00
2026-07-23 13:13:16,2026-07-22T19:42:00+08:00,2026-07-22T19:44:02+08:00,1.0252,103.711,C,Cloud to Cloud,2026-07-22T19:41:03.125+08:00
2026-07-23 13:13:16,2026-07-22T19:42:00+08:00,2026-07-22T19:44:02+08:00,1.0114,103.7027,C,Cloud to Cloud,2026-07-22T19:41:03.125+08:00
2026-07-23 13:13:16,2026-07-22T19:42:00+08:00,2026-07-22T19:44:02+08:00,1.017,103.7049,C,Cloud to Cloud,2026-07-22T19:41:03.125+08:00
2026-07-23 13:13:16,2026-07-22T19:42:00+08:00,2026-07-22T19:44:02+08:00,1.0258,103.71,C,Cloud to Cloud,2026-07-22T19:41:03.126+08:00
2026-07-23 13:13:16,2026-07-22T19:42:00+08:00,2026-07-22T19:44:02+08:00,1.0682,103.7158,C,Cloud to Cloud,2026-07-22T19:41:03.126+08:00
2026-07-23 13:13:16,2026-07-22T19:42:00+08:00,2026-07-22T19:44:02+08:00,1.0058,103.6989,C,Cloud to Cloud,2026-07-22T19:41:03.126+08:00
2026-07-23 13:13:16,2026-07-22T19:42:00+08:00,2026-07-22T19:44:02+08:00,1.0009,103.6979,C,Cloud to Cloud,2026-07-22T19:41:03.126+08:00
2026-07-23 13:13:16,2026-07-22T19:42:00+08:00,2026-07-22T19:44:02+08:00,1.0061,103.6989,C,Cloud to Cloud,2026-07-22T19:41:03.126+08:00
2026-07-23 13:13:16,2026-07-22T19:42:00+08:00,2026-07-22T19:44:02+08:00,1.0778,103.7169,C,Cloud to Cloud,2026-07-22T19:41:03.126+08:00
2026-07-23 13:13:16,2026-07-22T19:42:00+08:00,2026-07-22T19:44:02+08:00,0.9949,103.6919,C,Cloud to Cloud,2026-07-22T19:41:03.127+08:00
2026-07-23 13:13:16,2026-07-22T19:42:00+08:00,2026-07-22T19:44:02+08:00,1.0744,103.7235,C,Cloud to Cloud,2026-07-22T19:41:03.127+08:00
2026-07-23 13:13:16,2026-07-22T19:42:00+08:00,2026-07-22T19:44:02+08:00,1.0809,103.7146,C,Cloud to Cloud,2026-07-22T19:41:03.127+08:00
2026-07-23 13:13:16,2026-07-22T19:42:00+08:00,2026-07-22T19:44:02+08:00,1.0464,103.7268,C,Cloud to Cloud,2026-07-22T19:41:03.127+08:00
2026-07-23 13:13:16,2026-07-22T19:42:00+08:00,2026-07-22T19:44:02+08:00,1.0449,103.7299,G,Cloud to Ground,2026-07-22T19:41:03.127+08:00
2026-07-23 13:13:16,2026-07-22T19:42:00+08:00,2026-07-22T19:44:02+08:00,1.0738,103.7298,C,Cloud to Cloud,2026-07-22T19:41:03.127+08:00
2026-07-23 13:13:16,2026-07-22T19:42:00+08:00,2026-07-22T19:44:02+08:00,1.0458,103.7267,C,Cloud to Cloud,2026-07-22T19:41:03.127+08:00
2026-07-23 13:13:16,2026-07-22T19:42:00+08:00,2026-07-22T19:44:02+08:00,1.0827,103.7342,C,Cloud to Cloud,2026-07-22T19:41:03.127+08:00
2026-07-23 13:13:16,2026-07-22T19:42:00+08:00,2026-07-22T19:44:02+08:00,1.0636,103.7483,C,Cloud to Cloud,2026-07-22T19:41:03.127+08:00
2026-07-23 13:13:16,2026-07-22T19:42:00+08:00,2026-07-22T19:44:02+08:00,1.0732,103.7362,C,Cloud to Cloud,2026-07-22T19:41:03.127+08:00
2026-07-23 13:13:16,2026-07-22T19:42:00+08:00,2026-07-22T19:44:02+08:00,1.0725,103.7365,C,Cloud to Cloud,2026-07-22T19:41:03.133+08:00
2026-07-23 13:13:16,2026-07-22T19:42:00+08:00,2026-07-22T19:44:02+08:00,1.1104,103.763,C,Cloud to Cloud,2026-07-22T19:41:03.145+08:00
2026-07-23 13:13:16,2026-07-22T19:42:00+08:00,2026-07-22T19:44:02+08:00,1.0737,103.7571,C,Cloud to Cloud,2026-07-22T19:41:03.145+08:00
2026-07-23 13:13:16,2026-07-22T19:42:00+08:00,2026-07-22T19:44:02+08:00,1.047,103.7421,C,Cloud to Cloud,2026-07-22T19:41:03.146+08:00
2026-07-23 13:13:16,2026-07-22T19:42:00+08:00,2026-07-22T19:44:02+08:00,1.044,103.7389,C,Cloud to Cloud,2026-07-22T19:41:03.156+08:00
2026-07-23 13:13:16,2026-07-22T19:42:00+08:00,2026-07-22T19:44:02+08:00,1.0678,103.7389,C,Cloud to Cloud,2026-07-22T19:41:03.156+08:00
2026-07-23 13:13:16,2026-07-22T19:42:00+08:00,2026-07-22T19:44:02+08:00,1.0723,103.7314,C,Cloud to Cloud,2026-07-22T19:41:03.165+08:00
2026-07-23 13:13:16,2026-07-22T19:42:00+08:00,2026-07-22T19:44:02+08:00,1.0539,103.725,C,Cloud to Cloud,2026-07-22T19:41:03.165+08:00
2026-07-23 13:13:16,2026-07-22T19:42:00+08:00,2026-07-22T19:44:02+08:00,1.0618,103.728,C,Cloud to Cloud,2026-07-22T19:41:03.165+08:00
2026-07-23 13:13:16,2026-07-22T19:42:00+08:00,2026-07-22T19:44:02+08:00,1.1077,103.7055,C,Cloud to Cloud,2026-07-22T19:41:03.165+08:00
2026-07-23 13:13:16,2026-07-22T19:42:00+08:00,2026-07-22T19:44:02+08:00,1.0611,103.7255,C,Cloud to Cloud,2026-07-22T19:41:03.165+08:00
2026-07-23 13:13:16,2026-07-22T19:42:00+08:00,2026-07-22T19:44:02+08:00,1.1273,103.7553,C,Cloud to Cloud,2026-07-22T19:41:03.165+08:00
2026-07-23 13:13:16,2026-07-22T19:42:00+08:00,2026-07-22T19:44:02+08:00,1.0632,103.7241,C,Cloud to Cloud,2026-07-22T19:41:03.165+08:00
2026-07-23 13:13:16,2026-07-22T19:42:00+08:00,2026-07-22T19:44:02+08:00,1.0766,103.7331,C,Cloud to Cloud,2026-07-22T19:41:03.165+08:00
2026-07-23 13:13:16,2026-07-22T19:42:00+08:00,2026-07-22T19:44:02+08:00,1.0571,103.7191,C,Cloud to Cloud,2026-07-22T19:41:03.165+08:00
2026-07-23 13:13:16,2026-07-22T19:42:00+08:00,2026-07-22T19:44:02+08:00,1.0681,103.7298,C,Cloud to Cloud,2026-07-22T19:41:03.166+08:00
2026-07-23 13:13:16,2026-07-22T19:42:00+08:00,2026-07-22T19:44:02+08:00,1.0813,103.7232,C,Cloud to Cloud,2026-07-22T19:41:03.191+08:00
2026-07-23 13:13:16,2026-07-22T19:42:00+08:00,2026-07-22T19:44:02+08:00,1.0434,103.7205,G,Cloud to Ground,2026-07-22T19:41:03.191+08:00
2026-07-23 13:13:16,2026-07-22T19:42:00+08:00,2026-07-22T19:44:02+08:00,1.0561,103.7185,C,Cloud to Cloud,2026-07-22T19:41:03.191+08:00
2026-07-23 13:13:16,2026-07-22T19:42:00+08:00,2026-07-22T19:44:02+08:00,1.0528,103.7397,C,Cloud to Cloud,2026-07-22T19:41:03.222+08:00
2026-07-23 13:13:16,2026-07-22T19:42:00+08:00,2026-07-22T19:44:02+08:00,1.0755,103.7516,C,Cloud to Cloud,2026-07-22T19:41:03.222+08:00
2026-07-23 13:13:16,2026-07-22T19:42:00+08:00,2026-07-22T19:44:02+08:00,1.051,103.7412,C,Cloud to Cloud,2026-07-22T19:41:03.222+08:00
2026-07-23 13:13:16,2026-07-22T19:42:00+08:00,2026-07-22T19:44:02+08:00,1.0551,103.7296,C,Cloud to Cloud,2026-07-22T19:41:03.286+08:00
2026-07-23 13:13:16,2026-07-22T19:42:00+08:00,2026-07-22T19:44:02+08:00,1.0427,103.7259,C,Cloud to Cloud,2026-07-22T19:41:03.286+08:00
2026-07-23 13:13:16,2026-07-22T19:42:00+08:00,2026-07-22T19:44:02+08:00,1.0566,103.7355,C,Cloud to Cloud,2026-07-22T19:41:03.287+08:00
2026-07-23 13:13:16,2026-07-22T19:42:00+08:00,2026-07-22T19:44:02+08:00,1.0853,103.756,C,Cloud to Cloud,2026-07-22T19:41:03.287+08:00
2026-07-23 13:13:16,2026-07-22T19:42:00+08:00,2026-07-22T19:44:02+08:00,1.0535,103.7113,C,Cloud to Cloud,2026-07-22T19:41:03.329+08:00
2026-07-23 13:13:16,2026-07-22T19:42:00+08:00,2026-07-22T19:44:02+08:00,1.127,103.7372,C,Cloud to Cloud,2026-07-22T19:41:03.388+08:00
2026-07-23 13:13:16,2026-07-22T19:42:00+08:00,2026-07-22T19:44:02+08:00,1.0632,103.7191,C,Cloud to Cloud,2026-07-22T19:41:03.409+08:00
2026-07-23 13:13:16,2026-07-22T19:42:00+08:00,2026-07-22T19:44:02+08:00,1.1227,103.735,C,Cloud to Cloud,2026-07-22T19:41:03.41+08:00
2026-07-23 13:13:16,2026-07-22T19:40:00+08:00,2026-07-22T19:42:02+08:00,1.0276,103.7212,C,Cloud to Cloud,2026-07-22T19:38:08.307+08:00
2026-07-23 13:13:16,2026-07-22T19:40:00+08:00,2026-07-22T19:42:02+08:00,1.0535,103.7225,C,Cloud to Cloud,2026-07-22T19:38:08.307+08:00
2026-07-23 13:13:16,2026-07-22T19:40:00+08:00,2026-07-22T19:42:02+08:00,1.057,103.7309,C,Cloud to Cloud,2026-07-22T19:38:08.308+08:00
2026-07-23 13:13:16,2026-07-22T19:40:00+08:00,2026-07-22T19:42:02+08:00,1.0574,103.7307,C,Cloud to Cloud,2026-07-22T19:38:08.308+08:00
2026-07-23 13:13:16,2026-07-22T19:40:00+08:00,2026-07-22T19:42:02+08:00,1.0617,103.7283,C,Cloud to Cloud,2026-07-22T19:38:08.308+08:00
2026-07-23 13:13:16,2026-07-22T19:40:00+08:00,2026-07-22T19:42:02+08:00,1.0592,103.733,C,Cloud to Cloud,2026-07-22T19:38:08.308+08:00
2026-07-23 13:13:16,2026-07-22T19:40:00+08:00,2026-07-22T19:42:02+08:00,1.0894,103.7399,C,Cloud to Cloud,2026-07-22T19:38:08.308+08:00
2026-07-23 13:13:16,2026-07-22T19:40:00+08:00,2026-07-22T19:42:02+08:00,1.09,103.7421,C,Cloud to Cloud,2026-07-22T19:38:08.308+08:00
2026-07-23 13:13:16,2026-07-22T19:40:00+08:00,2026-07-22T19:42:02+08:00,1.0812,103.7416,C,Cloud to Cloud,2026-07-22T19:38:08.308+08:00
2026-07-23 13:13:16,2026-07-22T19:40:00+08:00,2026-07-22T19:42:02+08:00,1.0664,103.7363,C,Cloud to Cloud,2026-07-22T19:38:08.308+08:00
2026-07-23 13:13:16,2026-07-22T19:40:00+08:00,2026-07-22T19:42:02+08:00,1.0733,103.741,C,Cloud to Cloud,2026-07-22T19:38:08.309+08:00
2026-07-23 13:13:16,2026-07-22T19:40:00+08:00,2026-07-22T19:42:02+08:00,1.0683,103.737,C,Cloud to Cloud,2026-07-22T19:38:08.309+08:00
2026-07-23 13:13:16,2026-07-22T19:40:00+08:00,2026-07-22T19:42:02+08:00,1.0666,103.7411,C,Cloud to Cloud,2026-07-22T19:38:08.309+08:00
2026-07-23 13:13:16,2026-07-22T19:40:00+08:00,2026-07-22T19:42:02+08:00,1.0673,103.7409,C,Cloud to Cloud,2026-07-22T19:38:08.309+08:00
2026-07-23 13:13:16,2026-07-22T19:40:00+08:00,2026-07-22T19:42:02+08:00,1.0596,103.7367,C,Cloud to Cloud,2026-07-22T19:38:08.309+08:00
2026-07-23 13:13:16,2026-07-22T19:40:00+08:00,2026-07-22T19:42:02+08:00,1.0583,103.7355,C,Cloud to Cloud,2026-07-22T19:38:08.309+08:00
2026-07-23 13:13:16,2026-07-22T19:40:00+08:00,2026-07-22T19:42:02+08:00,1.063,103.7387,C,Cloud to Cloud,2026-07-22T19:38:08.309+08:00
2026-07-23 13:13:16,2026-07-22T19:40:00+08:00,2026-07-22T19:42:02+08:00,1.0546,103.735,C,Cloud to Cloud,2026-07-22T19:38:08.309+08:00
2026-07-23 13:13:16,2026-07-22T19:40:00+08:00,2026-07-22T19:42:02+08:00,1.0635,103.7388,C,Cloud to Cloud,2026-07-22T19:38:08.309+08:00
2026-07-23 13:13:16,2026-07-22T19:40:00+08:00,2026-07-22T19:42:02+08:00,1.092,103.7365,C,Cloud to Cloud,2026-07-22T19:38:08.309+08:00
2026-07-23 13:13:16,2026-07-22T19:40:00+08:00,2026-07-22T19:42:02+08:00,1.0908,103.7363,C,Cloud to Cloud,2026-07-22T19:38:08.31+08:00
2026-07-23 13:13:16,2026-07-22T19:40:00+08:00,2026-07-22T19:42:02+08:00,1.0507,103.7326,C,Cloud to Cloud,2026-07-22T19:38:08.31+08:00
2026-07-23 13:13:16,2026-07-22T19:40:00+08:00,2026-07-22T19:42:02+08:00,1.0464,103.7314,C,Cloud to Cloud,2026-07-22T19:38:08.31+08:00
2026-07-23 13:13:16,2026-07-22T19:40:00+08:00,2026-07-22T19:42:02+08:00,1.0502,103.7335,C,Cloud to Cloud,2026-07-22T19:38:08.31+08:00
2026-07-23 13:13:16,2026-07-22T19:40:00+08:00,2026-07-22T19:42:02+08:00,1.0874,103.7352,C,Cloud to Cloud,2026-07-22T19:38:08.31+08:00
2026-07-23 13:13:16,2026-07-22T19:40:00+08:00,2026-07-22T19:42:02+08:00,1.0573,103.7358,C,Cloud to Cloud,2026-07-22T19:38:08.31+08:00
2026-07-23 13:13:16,2026-07-22T19:40:00+08:00,2026-07-22T19:42:02+08:00,1.057,103.7359,C,Cloud to Cloud,2026-07-22T19:38:08.31+08:00
2026-07-23 13:13:16,2026-07-22T19:40:00+08:00,2026-07-22T19:42:02+08:00,1.057,103.7345,C,Cloud to Cloud,2026-07-22T19:38:08.31+08:00
2026-07-23 13:13:16,2026-07-22T19:40:00+08:00,2026-07-22T19:42:02+08:00,1.0565,103.7343,C,Cloud to Cloud,2026-07-22T19:38:08.31+08:00
2026-07-23 13:13:16,2026-07-22T19:40:00+08:00,2026-07-22T19:42:02+08:00,1.0892,103.7402,C,Cloud to Cloud,2026-07-22T19:38:08.31+08:00
2026-07-23 13:13:16,2026-07-22T19:40:00+08:00,2026-07-22T19:42:02+08:00,1.0602,103.7369,C,Cloud to Cloud,2026-07-22T19:38:08.311+08:00
2026-07-23 13:13:16,2026-07-22T19:40:00+08:00,2026-07-22T19:42:02+08:00,1.0564,103.7345,C,Cloud to Cloud,2026-07-22T19:38:08.311+08:00
2026-07-23 13:13:16,2026-07-22T19:40:00+08:00,2026-07-22T19:42:02+08:00,1.062,103.7372,C,Cloud to Cloud,2026-07-22T19:38:08.311+08:00
2026-07-23 13:13:16,2026-07-22T19:40:00+08:00,2026-07-22T19:42:02+08:00,1.0618,103.7387,C,Cloud to Cloud,2026-07-22T19:38:08.311+08:00
2026-07-23 13:13:16,2026-07-22T19:40:00+08:00,2026-07-22T19:42:02+08:00,1.0651,103.7393,C,Cloud to Cloud,2026-07-22T19:38:08.311+08:00
2026-07-23 13:13:16,2026-07-22T19:40:00+08:00,2026-07-22T19:42:02+08:00,1.0583,103.7358,C,Cloud to Cloud,2026-07-22T19:38:08.311+08:00
2026-07-23 13:13:16,2026-07-22T19:40:00+08:00,2026-07-22T19:42:02+08:00,1.0675,103.7404,C,Cloud to Cloud,2026-07-22T19:38:08.311+08:00
2026-07-23 13:13:16,2026-07-22T19:40:00+08:00,2026-07-22T19:42:02+08:00,1.064,103.7398,C,Cloud to Cloud,2026-07-22T19:38:08.311+08:00
2026-07-23 13:13:16,2026-07-22T19:40:00+08:00,2026-07-22T19:42:02+08:00,1.06,103.7363,C,Cloud to Cloud,2026-07-22T19:38:08.311+08:00
2026-07-23 13:13:16,2026-07-22T19:40:00+08:00,2026-07-22T19:42:02+08:00,1.0632,103.7378,C,Cloud to Cloud,2026-07-22T19:38:08.311+08:00
2026-07-23 13:13:16,2026-07-22T19:40:00+08:00,2026-07-22T19:42:02+08:00,1.065,103.7395,C,Cloud to Cloud,2026-07-22T19:38:08.312+08:00
2026-07-23 13:13:16,2026-07-22T19:40:00+08:00,2026-07-22T19:42:02+08:00,1.0689,103.7396,C,Cloud to Cloud,2026-07-22T19:38:08.312+08:00
2026-07-23 13:13:16,2026-07-22T19:40:00+08:00,2026-07-22T19:42:02+08:00,1.058,103.7348,C,Cloud to Cloud,2026-07-22T19:38:08.312+08:00
2026-07-23 13:13:16,2026-07-22T19:40:00+08:00,2026-07-22T19:42:02+08:00,1.0664,103.7392,C,Cloud to Cloud,2026-07-22T19:38:08.312+08:00
2026-07-23 13:13:16,2026-07-22T19:40:00+08:00,2026-07-22T19:42:02+08:00,1.0599,103.7384,C,Cloud to Cloud,2026-07-22T19:38:08.312+08:00
2026-07-23 13:13:16,2026-07-22T19:40:00+08:00,2026-07-22T19:42:02+08:00,1.0578,103.7357,C,Cloud to Cloud,2026-07-22T19:38:08.312+08:00
2026-07-23 13:13:16,2026-07-22T19:40:00+08:00,2026-07-22T19:42:02+08:00,1.0498,103.7328,C,Cloud to Cloud,2026-07-22T19:38:08.312+08:00
2026-07-23 13:13:16,2026-07-22T19:40:00+08:00,2026-07-22T19:42:02+08:00,1.0535,103.7351,C,Cloud to Cloud,2026-07-22T19:38:08.312+08:00
2026-07-23 13:13:16,2026-07-22T19:40:00+08:00,2026-07-22T19:42:02+08:00,1.0573,103.7369,C,Cloud to Cloud,2026-07-22T19:38:08.312+08:00
2026-07-23 13:13:16,2026-07-22T19:40:00+08:00,2026-07-22T19:42:02+08:00,1.0544,103.7338,C,Cloud to Cloud,2026-07-22T19:38:08.312+08:00
2026-07-23 13:13:16,2026-07-22T19:40:00+08:00,2026-07-22T19:42:02+08:00,1.0512,103.7328,C,Cloud to Cloud,2026-07-22T19:38:08.313+08:00
2026-07-23 13:13:16,2026-07-22T19:40:00+08:00,2026-07-22T19:42:02+08:00,1.0529,103.7353,C,Cloud to Cloud,2026-07-22T19:38:08.313+08:00
2026-07-23 13:13:16,2026-07-22T19:40:00+08:00,2026-07-22T19:42:02+08:00,1.0932,103.7417,C,Cloud to Cloud,2026-07-22T19:38:08.313+08:00
2026-07-23 13:13:16,2026-07-22T19:40:00+08:00,2026-07-22T19:42:02+08:00,1.0503,103.7348,C,Cloud to Cloud,2026-07-22T19:38:08.313+08:00
2026-07-23 13:13:16,2026-07-22T19:40:00+08:00,2026-07-22T19:42:02+08:00,1.0389,103.7282,C,Cloud to Cloud,2026-07-22T19:38:08.313+08:00
2026-07-23 13:13:16,2026-07-22T19:40:00+08:00,2026-07-22T19:42:02+08:00,1.0442,103.7313,C,Cloud to Cloud,2026-07-22T19:38:08.313+08:00
2026-07-23 13:13:16,2026-07-22T19:40:00+08:00,2026-07-22T19:42:02+08:00,1.082,103.7357,C,Cloud to Cloud,2026-07-22T19:38:08.313+08:00
2026-07-23 13:13:16,2026-07-22T19:40:00+08:00,2026-07-22T19:42:02+08:00,1.0839,103.7373,C,Cloud to Cloud,2026-07-22T19:38:08.313+08:00
2026-07-23 13:13:16,2026-07-22T19:40:00+08:00,2026-07-22T19:42:02+08:00,1.0408,103.7292,C,Cloud to Cloud,2026-07-22T19:38:08.313+08:00
2026-07-23 13:13:16,2026-07-22T19:40:00+08:00,2026-07-22T19:42:02+08:00,1.082,103.7357,C,Cloud to Cloud,2026-07-22T19:38:08.313+08:00
2026-07-23 13:13:16,2026-07-22T19:40:00+08:00,2026-07-22T19:42:02+08:00,1.0765,103.7332,C,Cloud to Cloud,2026-07-22T19:38:08.314+08:00
2026-07-23 13:13:16,2026-07-22T19:40:00+08:00,2026-07-22T19:42:02+08:00,1.0815,103.7317,C,Cloud to Cloud,2026-07-22T19:38:08.314+08:00
2026-07-23 13:13:16,2026-07-22T19:40:00+08:00,2026-07-22T19:42:02+08:00,1.0562,103.7506,G,Cloud to Ground,2026-07-22T19:38:08.316+08:00
2026-07-23 13:13:16,2026-07-22T19:40:00+08:00,2026-07-22T19:42:02+08:00,1.0631,103.7504,C,Cloud to Cloud,2026-07-22T19:38:08.32+08:00
2026-07-23 13:13:16,2026-07-22T19:40:00+08:00,2026-07-22T19:42:02+08:00,1.0955,103.7512,C,Cloud to Cloud,2026-07-22T19:38:08.325+08:00
2026-07-23 13:13:16,2026-07-22T19:40:00+08:00,2026-07-22T19:42:02+08:00,1.082,103.7406,C,Cloud to Cloud,2026-07-22T19:39:20.851+08:00
2026-07-23 13:13:16,2026-07-22T19:40:00+08:00,2026-07-22T19:42:02+08:00,1.0596,103.7212,C,Cloud to Cloud,2026-07-22T19:39:20.853+08:00
2026-07-23 13:13:16,2026-07-22T19:40:00+08:00,2026-07-22T19:42:02+08:00,1.0866,103.731,C,Cloud to Cloud,2026-07-22T19:39:20.853+08:00
2026-07-23 13:13:16,2026-07-22T19:40:00+08:00,2026-07-22T19:42:02+08:00,1.111,103.7351,C,Cloud to Cloud,2026-07-22T19:39:20.853+08:00
2026-07-23 13:13:16,2026-07-22T19:40:00+08:00,2026-07-22T19:42:02+08:00,1.084,103.737,C,Cloud to Cloud,2026-07-22T19:39:20.854+08:00
2026-07-23 13:13:16,2026-07-22T19:40:00+08:00,2026-07-22T19:42:02+08:00,1.0853,103.687,C,Cloud to Cloud,2026-07-22T19:39:20.854+08:00
2026-07-23 13:13:16,2026-07-22T19:40:00+08:00,2026-07-22T19:42:02+08:00,1.0988,103.7315,C,Cloud to Cloud,2026-07-22T19:39:20.856+08:00
2026-07-23 13:13:16,2026-07-22T19:40:00+08:00,2026-07-22T19:42:02+08:00,1.1011,103.7326,C,Cloud to Cloud,2026-07-22T19:39:20.856+08:00
2026-07-23 13:13:16,2026-07-22T19:40:00+08:00,2026-07-22T19:42:02+08:00,0.9566,103.6557,C,Cloud to Cloud,2026-07-22T19:39:20.856+08:00
2026-07-23 13:13:16,2026-07-22T19:40:00+08:00,2026-07-22T19:42:02+08:00,1.1009,103.7319,C,Cloud to Cloud,2026-07-22T19:39:20.856+08:00
2026-07-23 13:13:16,2026-07-22T19:40:00+08:00,2026-07-22T19:42:02+08:00,1.0783,103.7257,C,Cloud to Cloud,2026-07-22T19:39:20.857+08:00
2026-07-23 13:13:16,2026-07-22T19:40:00+08:00,2026-07-22T19:42:02+08:00,1.1072,103.7277,C,Cloud to Cloud,2026-07-22T19:39:20.858+08:00
2026-07-23 13:13:16,2026-07-22T19:40:00+08:00,2026-07-22T19:42:02+08:00,1.0649,103.7185,C,Cloud to Cloud,2026-07-22T19:39:20.858+08:00
2026-07-23 13:13:16,2026-07-22T19:40:00+08:00,2026-07-22T19:42:02+08:00,1.0999,103.7327,C,Cloud to Cloud,2026-07-22T19:39:20.858+08:00
2026-07-23 13:13:16,2026-07-22T19:40:00+08:00,2026-07-22T19:42:02+08:00,1.1139,103.7375,C,Cloud to Cloud,2026-07-22T19:39:20.86+08:00
2026-07-23 13:13:16,2026-07-22T19:40:00+08:00,2026-07-22T19:42:02+08:00,1.1143,103.7384,C,Cloud to Cloud,2026-07-22T19:39:20.86+08:00
2026-07-23 13:13:16,2026-07-22T19:40:00+08:00,2026-07-22T19:42:02+08:00,1.0953,103.7319,C,Cloud to Cloud,2026-07-22T19:39:20.86+08:00
2026-07-23 13:13:16,2026-07-22T19:40:00+08:00,2026-07-22T19:42:02+08:00,1.1029,103.7265,C,Cloud to Cloud,2026-07-22T19:39:20.86+08:00
2026-07-23 13:13:16,2026-07-22T19:40:00+08:00,2026-07-22T19:42:02+08:00,1.1083,103.7371,C,Cloud to Cloud,2026-07-22T19:39:20.86+08:00
2026-07-23 13:13:16,2026-07-22T19:40:00+08:00,2026-07-22T19:42:02+08:00,1.1136,103.7426,C,Cloud to Cloud,2026-07-22T19:39:20.86+08:00
2026-07-23 13:13:16,2026-07-22T19:40:00+08:00,2026-07-22T19:42:02+08:00,1.1247,103.7384,C,Cloud to Cloud,2026-07-22T19:39:20.865+08:00
2026-07-23 13:13:16,2026-07-22T19:40:00+08:00,2026-07-22T19:42:02+08:00,1.189,103.7648,C,Cloud to Cloud,2026-07-22T19:39:20.874+08:00
2026-07-23 13:13:16,2026-07-22T19:40:00+08:00,2026-07-22T19:42:02+08:00,0.9618,103.7286,C,Cloud to Cloud,2026-07-22T19:39:20.876+08:00
2026-07-23 13:13:16,2026-07-22T19:40:00+08:00,2026-07-22T19:42:02+08:00,1.0877,103.7424,C,Cloud to Cloud,2026-07-22T19:39:20.904+08:00
2026-07-23 13:13:16,2026-07-22T19:40:00+08:00,2026-07-22T19:42:02+08:00,1.0957,103.7383,C,Cloud to Cloud,2026-07-22T19:39:20.93+08:00
2026-07-23 13:13:16,2026-07-22T19:40:00+08:00,2026-07-22T19:42:02+08:00,1.1255,103.7287,C,Cloud to Cloud,2026-07-22T19:39:20.985+08:00
2026-07-23 13:13:16,2026-07-22T19:40:00+08:00,2026-07-22T19:42:02+08:00,1.1134,103.7161,C,Cloud to Cloud,2026-07-22T19:39:21.014+08:00
2026-07-23 13:13:16,2026-07-22T19:40:00+08:00,2026-07-22T19:42:02+08:00,1.1431,103.7274,C,Cloud to Cloud,2026-07-22T19:39:21.022+08:00
2026-07-23 13:13:16,2026-07-22T19:40:00+08:00,2026-07-22T19:42:02+08:00,1.1335,103.7604,C,Cloud to Cloud,2026-07-22T19:39:21.066+08:00
2026-07-23 13:13:16,2026-07-22T19:40:00+08:00,2026-07-22T19:42:02+08:00,1.1284,103.7599,C,Cloud to Cloud,2026-07-22T19:39:21.066+08:00
2026-07-23 13:13:16,2026-07-22T19:40:00+08:00,2026-07-22T19:42:02+08:00,1.1279,103.7628,C,Cloud to Cloud,2026-07-22T19:39:21.067+08:00
2026-07-23 13:13:16,2026-07-22T19:40:00+08:00,2026-07-22T19:42:02+08:00,1.111,103.7615,C,Cloud to Cloud,2026-07-22T19:39:21.067+08:00
2026-07-23 13:13:16,2026-07-22T19:40:00+08:00,2026-07-22T19:42:02+08:00,1.106,103.7547,C,Cloud to Cloud,2026-07-22T19:39:21.067+08:00
2026-07-23 13:13:16,2026-07-22T19:40:00+08:00,2026-07-22T19:42:02+08:00,1.1184,103.7589,C,Cloud to Cloud,2026-07-22T19:39:21.068+08:00
2026-07-23 13:13:16,2026-07-22T19:40:00+08:00,2026-07-22T19:42:02+08:00,1.1236,103.7582,C,Cloud to Cloud,2026-07-22T19:39:21.068+08:00
2026-07-23 13:13:16,2026-07-22T19:40:00+08:00,2026-07-22T19:42:02+08:00,1.1106,103.7578,C,Cloud to Cloud,2026-07-22T19:39:21.068+08:00
2026-07-23 13:13:16,2026-07-22T19:40:00+08:00,2026-07-22T19:42:02+08:00,1.1117,103.7544,C,Cloud to Cloud,2026-07-22T19:39:21.068+08:00
2026-07-23 13:13:16,2026-07-22T19:40:00+08:00,2026-07-22T19:42:02+08:00,1.109,103.7544,C,Cloud to Cloud,2026-07-22T19:39:21.068+08:00
2026-07-23 13:13:16,2026-07-22T19:40:00+08:00,2026-07-22T19:42:02+08:00,1.1046,103.7465,C,Cloud to Cloud,2026-07-22T19:39:21.069+08:00
2026-07-23 13:13:16,2026-07-22T19:40:00+08:00,2026-07-22T19:42:02+08:00,1.1056,103.7474,C,Cloud to Cloud,2026-07-22T19:39:21.069+08:00
2026-07-23 13:13:16,2026-07-22T19:40:00+08:00,2026-07-22T19:42:02+08:00,1.1086,103.7481,C,Cloud to Cloud,2026-07-22T19:39:21.069+08:00
2026-07-23 13:13:16,2026-07-22T19:40:00+08:00,2026-07-22T19:42:02+08:00,1.1088,103.7447,C,Cloud to Cloud,2026-07-22T19:39:21.069+08:00
2026-07-23 13:13:16,2026-07-22T19:40:00+08:00,2026-07-22T19:42:02+08:00,1.1079,103.7449,C,Cloud to Cloud,2026-07-22T19:39:21.069+08:00
2026-07-23 13:13:16,2026-07-22T19:40:00+08:00,2026-07-22T19:42:02+08:00,1.1045,103.7418,C,Cloud to Cloud,2026-07-22T19:39:21.069+08:00
2026-07-23 13:13:16,2026-07-22T19:40:00+08:00,2026-07-22T19:42:02+08:00,1.0976,103.746,C,Cloud to Cloud,2026-07-22T19:39:21.069+08:00
2026-07-23 13:13:16,2026-07-22T19:40:00+08:00,2026-07-22T19:42:02+08:00,1.1027,103.7443,C,Cloud to Cloud,2026-07-22T19:39:21.069+08:00
2026-07-23 13:13:16,2026-07-22T19:40:00+08:00,2026-07-22T19:42:02+08:00,1.1024,103.7445,C,Cloud to Cloud,2026-07-22T19:39:21.069+08:00
2026-07-23 13:13:16,2026-07-22T19:40:00+08:00,2026-07-22T19:42:02+08:00,1.1022,103.7454,C,Cloud to Cloud,2026-07-22T19:39:21.069+08:00
2026-07-23 13:13:16,2026-07-22T19:40:00+08:00,2026-07-22T19:42:02+08:00,1.1014,103.7452,C,Cloud to Cloud,2026-07-22T19:39:21.07+08:00
2026-07-23 13:13:16,2026-07-22T19:40:00+08:00,2026-07-22T19:42:02+08:00,1.1036,103.7511,C,Cloud to Cloud,2026-07-22T19:39:21.07+08:00
2026-07-23 13:13:16,2026-07-22T19:40:00+08:00,2026-07-22T19:42:02+08:00,1.1105,103.7487,C,Cloud to Cloud,2026-07-22T19:39:21.07+08:00
2026-07-23 13:13:16,2026-07-22T19:40:00+08:00,2026-07-22T19:42:02+08:00,1.1004,103.7454,C,Cloud to Cloud,2026-07-22T19:39:21.07+08:00
2026-07-23 13:13:16,2026-07-22T19:40:00+08:00,2026-07-22T19:42:02+08:00,1.1037,103.7467,C,Cloud to Cloud,2026-07-22T19:39:21.07+08:00
2026-07-23 13:13:16,2026-07-22T19:40:00+08:00,2026-07-22T19:42:02+08:00,1.0777,103.7405,C,Cloud to Cloud,2026-07-22T19:39:21.07+08:00
2026-07-23 13:13:16,2026-07-22T19:40:00+08:00,2026-07-22T19:42:02+08:00,1.1115,103.7467,C,Cloud to Cloud,2026-07-22T19:39:21.07+08:00
2026-07-23 13:13:16,2026-07-22T19:40:00+08:00,2026-07-22T19:42:02+08:00,1.1074,103.747,C,Cloud to Cloud,2026-07-22T19:39:21.07+08:00
2026-07-23 13:13:16,2026-07-22T19:40:00+08:00,2026-07-22T19:42:02+08:00,1.1074,103.747,C,Cloud to Cloud,2026-07-22T19:39:21.07+08:00
2026-07-23 13:13:16,2026-07-22T19:40:00+08:00,2026-07-22T19:42:02+08:00,1.11,103.7458,C,Cloud to Cloud,2026-07-22T19:39:21.07+08:00
2026-07-23 13:13:16,2026-07-22T19:40:00+08:00,2026-07-22T19:42:02+08:00,1.0976,103.746,C,Cloud to Cloud,2026-07-22T19:39:21.07+08:00
2026-07-23 13:13:16,2026-07-22T19:40:00+08:00,2026-07-22T19:42:02+08:00,1.1064,103.7461,C,Cloud to Cloud,2026-07-22T19:39:21.071+08:00
2026-07-23 13:13:16,2026-07-22T19:40:00+08:00,2026-07-22T19:42:02+08:00,1.1026,103.7447,C,Cloud to Cloud,2026-07-22T19:39:21.071+08:00
2026-07-23 13:13:16,2026-07-22T19:40:00+08:00,2026-07-22T19:42:02+08:00,1.1109,103.7466,C,Cloud to Cloud,2026-07-22T19:39:21.071+08:00
2026-07-23 13:13:16,2026-07-22T19:40:00+08:00,2026-07-22T19:42:02+08:00,1.11,103.7523,C,Cloud to Cloud,2026-07-22T19:39:21.071+08:00
2026-07-23 13:13:16,2026-07-22T19:40:00+08:00,2026-07-22T19:42:02+08:00,1.097,103.7459,C,Cloud to Cloud,2026-07-22T19:39:21.071+08:00
2026-07-23 13:13:16,2026-07-22T19:40:00+08:00,2026-07-22T19:42:02+08:00,1.0989,103.7486,C,Cloud to Cloud,2026-07-22T19:39:21.071+08:00
2026-07-23 13:13:16,2026-07-22T19:40:00+08:00,2026-07-22T19:42:02+08:00,1.1095,103.7553,C,Cloud to Cloud,2026-07-22T19:39:21.071+08:00
2026-07-23 13:13:16,2026-07-22T19:40:00+08:00,2026-07-22T19:42:02+08:00,1.0879,103.7448,C,Cloud to Cloud,2026-07-22T19:39:21.071+08:00
2026-07-23 13:13:16,2026-07-22T19:40:00+08:00,2026-07-22T19:42:02+08:00,1.1031,103.7482,C,Cloud to Cloud,2026-07-22T19:39:21.071+08:00
2026-07-23 13:13:16,2026-07-22T19:40:00+08:00,2026-07-22T19:42:02+08:00,1.1003,103.7442,C,Cloud to Cloud,2026-07-22T19:39:21.071+08:00
2026-07-23 13:13:16,2026-07-22T19:40:00+08:00,2026-07-22T19:42:02+08:00,1.1049,103.7463,C,Cloud to Cloud,2026-07-22T19:39:21.072+08:00
2026-07-23 13:13:16,2026-07-22T19:40:00+08:00,2026-07-22T19:42:02+08:00,1.0953,103.7505,C,Cloud to Cloud,2026-07-22T19:39:21.072+08:00
2026-07-23 13:13:16,2026-07-22T19:40:00+08:00,2026-07-22T19:42:02+08:00,1.09,103.7451,C,Cloud to Cloud,2026-07-22T19:39:21.072+08:00
2026-07-23 13:13:16,2026-07-22T19:40:00+08:00,2026-07-22T19:42:02+08:00,1.0962,103.7448,C,Cloud to Cloud,2026-07-22T19:39:21.072+08:00
2026-07-23 13:13:16,2026-07-22T19:40:00+08:00,2026-07-22T19:42:02+08:00,1.1041,103.7476,C,Cloud to Cloud,2026-07-22T19:39:21.072+08:00
2026-07-23 13:13:16,2026-07-22T19:40:00+08:00,2026-07-22T19:42:02+08:00,1.1,103.744,C,Cloud to Cloud,2026-07-22T19:39:21.072+08:00
2026-07-23 13:13:16,2026-07-22T19:40:00+08:00,2026-07-22T19:42:02+08:00,1.099,103.7446,C,Cloud to Cloud,2026-07-22T19:39:21.072+08:00
2026-07-23 13:13:16,2026-07-22T19:40:00+08:00,2026-07-22T19:42:02+08:00,1.1051,103.7454,C,Cloud to Cloud,2026-07-22T19:39:21.072+08:00
2026-07-23 13:13:16,2026-07-22T19:40:00+08:00,2026-07-22T19:42:02+08:00,1.099,103.7446,C,Cloud to Cloud,2026-07-22T19:39:21.072+08:00
2026-07-23 13:13:16,2026-07-22T19:40:00+08:00,2026-07-22T19:42:02+08:00,1.0948,103.744,C,Cloud to Cloud,2026-07-22T19:39:21.072+08:00
2026-07-23 13:13:16,2026-07-22T19:40:00+08:00,2026-07-22T19:42:02+08:00,1.0936,103.744,C,Cloud to Cloud,2026-07-22T19:39:21.073+08:00
2026-07-23 13:13:16,2026-07-22T19:40:00+08:00,2026-07-22T19:42:02+08:00,1.0962,103.7416,C,Cloud to Cloud,2026-07-22T19:39:21.073+08:00
2026-07-23 13:13:16,2026-07-22T19:40:00+08:00,2026-07-22T19:42:02+08:00,1.0904,103.7428,C,Cloud to Cloud,2026-07-22T19:39:21.073+08:00
2026-07-23 13:13:16,2026-07-22T19:40:00+08:00,2026-07-22T19:42:02+08:00,1.0949,103.742,C,Cloud to Cloud,2026-07-22T19:39:21.073+08:00
2026-07-23 13:13:16,2026-07-22T19:40:00+08:00,2026-07-22T19:42:02+08:00,1.1234,103.7503,C,Cloud to Cloud,2026-07-22T19:39:21.073+08:00
2026-07-23 13:13:16,2026-07-22T19:40:00+08:00,2026-07-22T19:42:02+08:00,1.116,103.7547,G,Cloud to Ground,2026-07-22T19:39:21.073+08:00
2026-07-23 13:13:16,2026-07-22T19:40:00+08:00,2026-07-22T19:42:02+08:00,1.1149,103.7442,C,Cloud to Cloud,2026-07-22T19:39:21.073+08:00
2026-07-23 13:13:16,2026-07-22T19:40:00+08:00,2026-07-22T19:42:02+08:00,1.1103,103.7442,C,Cloud to Cloud,2026-07-22T19:39:21.073+08:00
2026-07-23 13:13:16,2026-07-22T19:40:00+08:00,2026-07-22T19:42:02+08:00,1.1024,103.7414,C,Cloud to Cloud,2026-07-22T19:39:21.073+08:00
2026-07-23 13:13:16,2026-07-22T19:40:00+08:00,2026-07-22T19:42:02+08:00,1.0983,103.7361,C,Cloud to Cloud,2026-07-22T19:39:21.073+08:00
2026-07-23 13:13:16,2026-07-22T19:40:00+08:00,2026-07-22T19:42:02+08:00,1.1088,103.7413,C,Cloud to Cloud,2026-07-22T19:39:21.073+08:00
2026-07-23 13:13:16,2026-07-22T19:40:00+08:00,2026-07-22T19:42:02+08:00,1.0987,103.7405,C,Cloud to Cloud,2026-07-22T19:39:21.074+08:00
2026-07-23 13:13:16,2026-07-22T19:40:00+08:00,2026-07-22T19:42:02+08:00,1.106,103.7419,C,Cloud to Cloud,2026-07-22T19:39:21.074+08:00
2026-07-23 13:13:16,2026-07-22T19:40:00+08:00,2026-07-22T19:42:02+08:00,1.0915,103.7371,C,Cloud to Cloud,2026-07-22T19:39:21.074+08:00
2026-07-23 13:13:16,2026-07-22T19:40:00+08:00,2026-07-22T19:42:02+08:00,1.1127,103.7364,C,Cloud to Cloud,2026-07-22T19:39:21.074+08:00
2026-07-23 13:13:16,2026-07-22T19:40:00+08:00,2026-07-22T19:42:02+08:00,1.1051,103.7358,C,Cloud to Cloud,2026-07-22T19:39:21.074+08:00
2026-07-23 13:13:16,2026-07-22T19:40:00+08:00,2026-07-22T19:42:02+08:00,1.1083,103.7343,C,Cloud to Cloud,2026-07-22T19:39:21.074+08:00
2026-07-23 13:13:16,2026-07-22T19:40:00+08:00,2026-07-22T19:42:02+08:00,1.1175,103.7433,C,Cloud to Cloud,2026-07-22T19:39:21.074+08:00
2026-07-23 13:13:16,2026-07-22T19:40:00+08:00,2026-07-22T19:42:02+08:00,1.0969,103.7388,C,Cloud to Cloud,2026-07-22T19:39:21.074+08:00
2026-07-23 13:13:16,2026-07-22T19:40:00+08:00,2026-07-22T19:42:02+08:00,1.1008,103.7408,C,Cloud to Cloud,2026-07-22T19:39:21.074+08:00
2026-07-23 13:13:16,2026-07-22T19:40:00+08:00,2026-07-22T19:42:02+08:00,1.101,103.7399,C,Cloud to Cloud,2026-07-22T19:39:21.074+08:00
2026-07-23 13:13:16,2026-07-22T19:40:00+08:00,2026-07-22T19:42:02+08:00,1.1008,103.7408,C,Cloud to Cloud,2026-07-22T19:39:21.074+08:00
2026-07-23 13:13:16,2026-07-22T19:40:00+08:00,2026-07-22T19:42:02+08:00,1.1036,103.7418,C,Cloud to Cloud,2026-07-22T19:39:21.075+08:00
2026-07-23 13:13:16,2026-07-22T19:40:00+08:00,2026-07-22T19:42:02+08:00,1.0963,103.7399,C,Cloud to Cloud,2026-07-22T19:39:21.075+08:00
2026-07-23 13:13:16,2026-07-22T19:40:00+08:00,2026-07-22T19:42:02+08:00,1.1038,103.7409,C,Cloud to Cloud,2026-07-22T19:39:21.075+08:00
2026-07-23 13:13:16,2026-07-22T19:40:00+08:00,2026-07-22T19:42:02+08:00,1.0982,103.7416,C,Cloud to Cloud,2026-07-22T19:39:21.075+08:00
2026-07-23 13:13:16,2026-07-22T19:40:00+08:00,2026-07-22T19:42:02+08:00,1.1098,103.7422,C,Cloud to Cloud,2026-07-22T19:39:21.075+08:00
2026-07-23 13:13:16,2026-07-22T19:40:00+08:00,2026-07-22T19:42:02+08:00,1.1038,103.7398,C,Cloud to Cloud,2026-07-22T19:39:21.075+08:00
2026-07-23 13:13:16,2026-07-22T19:40:00+08:00,2026-07-22T19:42:02+08:00,1.095,103.7371,C,Cloud to Cloud,2026-07-22T19:39:21.075+08:00
2026-07-23 13:13:16,2026-07-22T19:40:00+08:00,2026-07-22T19:42:02+08:00,1.1012,103.7417,C,Cloud to Cloud,2026-07-22T19:39:21.075+08:00
2026-07-23 13:13:16,2026-07-22T19:40:00+08:00,2026-07-22T19:42:02+08:00,1.1069,103.7406,C,Cloud to Cloud,2026-07-22T19:39:21.075+08:00
2026-07-23 13:13:16,2026-07-22T19:40:00+08:00,2026-07-22T19:42:02+08:00,1.1026,103.7424,C,Cloud to Cloud,2026-07-22T19:39:21.075+08:00
2026-07-23 13:13:16,2026-07-22T19:40:00+08:00,2026-07-22T19:42:02+08:00,1.1039,103.7394,C,Cloud to Cloud,2026-07-22T19:39:21.076+08:00
2026-07-23 13:13:16,2026-07-22T19:40:00+08:00,2026-07-22T19:42:02+08:00,1.1049,103.7403,C,Cloud to Cloud,2026-07-22T19:39:21.076+08:00
2026-07-23 13:13:16,2026-07-22T19:40:00+08:00,2026-07-22T19:42:02+08:00,1.1038,103.7424,C,Cloud to Cloud,2026-07-22T19:39:21.076+08:00
2026-07-23 13:13:16,2026-07-22T19:40:00+08:00,2026-07-22T19:42:02+08:00,1.1085,103.7437,C,Cloud to Cloud,2026-07-22T19:39:21.076+08:00
2026-07-23 13:13:16,2026-07-22T19:40:00+08:00,2026-07-22T19:42:02+08:00,1.1076,103.743,C,Cloud to Cloud,2026-07-22T19:39:21.076+08:00
2026-07-23 13:13:16,2026-07-22T19:40:00+08:00,2026-07-22T19:42:02+08:00,1.1162,103.7443,C,Cloud to Cloud,2026-07-22T19:39:21.076+08:00
2026-07-23 13:13:16,2026-07-22T19:40:00+08:00,2026-07-22T19:42:02+08:00,1.1087,103.7409,C,Cloud to Cloud,2026-07-22T19:39:21.076+08:00
2026-07-23 13:13:16,2026-07-22T19:40:00+08:00,2026-07-22T19:42:02+08:00,1.1106,103.7426,C,Cloud to Cloud,2026-07-22T19:39:21.076+08:00
2026-07-23 13:13:16,2026-07-22T19:40:00+08:00,2026-07-22T19:42:02+08:00,1.096,103.7419,C,Cloud to Cloud,2026-07-22T19:39:21.076+08:00
2026-07-23 13:13:16,2026-07-22T19:40:00+08:00,2026-07-22T19:42:02+08:00,1.0925,103.7383,C,Cloud to Cloud,2026-07-22T19:39:21.077+08:00
2026-07-23 13:13:16,2026-07-22T19:40:00+08:00,2026-07-22T19:42:02+08:00,1.0931,103.7388,C,Cloud to Cloud,2026-07-22T19:39:21.077+08:00
2026-07-23 13:13:16,2026-07-22T19:40:00+08:00,2026-07-22T19:42:02+08:00,1.0923,103.7395,C,Cloud to Cloud,2026-07-22T19:39:21.077+08:00
2026-07-23 13:13:16,2026-07-22T19:40:00+08:00,2026-07-22T19:42:02+08:00,1.0964,103.7431,C,Cloud to Cloud,2026-07-22T19:39:21.077+08:00
2026-07-23 13:13:16,2026-07-22T19:40:00+08:00,2026-07-22T19:42:02+08:00,1.1026,103.7398,C,Cloud to Cloud,2026-07-22T19:39:21.077+08:00
2026-07-23 13:13:16,2026-07-22T19:40:00+08:00,2026-07-22T19:42:02+08:00,1.1219,103.7323,C,Cloud to Cloud,2026-07-22T19:39:21.077+08:00
2026-07-23 13:13:16,2026-07-22T19:40:00+08:00,2026-07-22T19:42:02+08:00,1.1185,103.729,C,Cloud to Cloud,2026-07-22T19:39:21.078+08:00
2026-07-23 13:13:16,2026-07-22T19:40:00+08:00,2026-07-22T19:42:02+08:00,1.1,103.7263,C,Cloud to Cloud,2026-07-22T19:39:21.078+08:00
2026-07-23 13:13:16,2026-07-22T19:40:00+08:00,2026-07-22T19:42:02+08:00,1.0844,103.74,C,Cloud to Cloud,2026-07-22T19:39:21.078+08:00
2026-07-23 13:13:16,2026-07-22T19:40:00+08:00,2026-07-22T19:42:02+08:00,1.1187,103.7609,C,Cloud to Cloud,2026-07-22T19:39:21.143+08:00
2026-07-23 13:13:16,2026-07-22T19:38:00+08:00,2026-07-22T19:40:03+08:00,1.0356,103.7192,C,Cloud to Cloud,2026-07-22T19:36:48.623+08:00
2026-07-23 13:13:16,2026-07-22T19:38:00+08:00,2026-07-22T19:40:03+08:00,1.0351,103.7201,C,Cloud to Cloud,2026-07-22T19:36:48.623+08:00
2026-07-23 13:13:16,2026-07-22T19:38:00+08:00,2026-07-22T19:40:03+08:00,1.0683,103.7236,C,Cloud to Cloud,2026-07-22T19:36:48.623+08:00
2026-07-23 13:13:16,2026-07-22T19:38:00+08:00,2026-07-22T19:40:03+08:00,1.0474,103.729,C,Cloud to Cloud,2026-07-22T19:36:48.623+08:00
2026-07-23 13:13:16,2026-07-22T19:38:00+08:00,2026-07-22T19:40:03+08:00,1.051,103.7297,C,Cloud to Cloud,2026-07-22T19:36:48.623+08:00
2026-07-23 13:13:16,2026-07-22T19:38:00+08:00,2026-07-22T19:40:03+08:00,1.0506,103.7301,C,Cloud to Cloud,2026-07-22T19:36:48.623+08:00
2026-07-23 13:13:16,2026-07-22T19:38:00+08:00,2026-07-22T19:40:03+08:00,1.0811,103.739,C,Cloud to Cloud,2026-07-22T19:36:48.624+08:00
2026-07-23 13:13:16,2026-07-22T19:38:00+08:00,2026-07-22T19:40:03+08:00,1.0632,103.7354,C,Cloud to Cloud,2026-07-22T19:36:48.624+08:00
2026-07-23 13:13:16,2026-07-22T19:38:00+08:00,2026-07-22T19:40:03+08:00,1.0903,103.739,C,Cloud to Cloud,2026-07-22T19:36:48.624+08:00
2026-07-23 13:13:16,2026-07-22T19:38:00+08:00,2026-07-22T19:40:03+08:00,1.088,103.7391,C,Cloud to Cloud,2026-07-22T19:36:48.624+08:00
2026-07-23 13:13:16,2026-07-22T19:38:00+08:00,2026-07-22T19:40:03+08:00,1.0922,103.7391,C,Cloud to Cloud,2026-07-22T19:36:48.624+08:00
2026-07-23 13:13:16,2026-07-22T19:38:00+08:00,2026-07-22T19:40:03+08:00,1.0622,103.7359,C,Cloud to Cloud,2026-07-22T19:36:48.624+08:00
2026-07-23 13:13:16,2026-07-22T19:38:00+08:00,2026-07-22T19:40:03+08:00,1.0611,103.7321,C,Cloud to Cloud,2026-07-22T19:36:48.624+08:00
2026-07-23 13:13:16,2026-07-22T19:38:00+08:00,2026-07-22T19:40:03+08:00,1.0576,103.7319,C,Cloud to Cloud,2026-07-22T19:36:48.624+08:00
2026-07-23 13:13:16,2026-07-22T19:38:00+08:00,2026-07-22T19:40:03+08:00,1.0531,103.7305,C,Cloud to Cloud,2026-07-22T19:36:48.624+08:00
2026-07-23 13:13:16,2026-07-22T19:38:00+08:00,2026-07-22T19:40:03+08:00,1.0932,103.7338,C,Cloud to Cloud,2026-07-22T19:36:48.624+08:00
2026-07-23 13:13:16,2026-07-22T19:38:00+08:00,2026-07-22T19:40:03+08:00,1.098,103.739,C,Cloud to Cloud,2026-07-22T19:36:48.625+08:00
2026-07-23 13:13:16,2026-07-22T19:38:00+08:00,2026-07-22T19:40:03+08:00,1.0569,103.7319,C,Cloud to Cloud,2026-07-22T19:36:48.625+08:00
2026-07-23 13:13:16,2026-07-22T19:38:00+08:00,2026-07-22T19:40:03+08:00,1.0581,103.7333,C,Cloud to Cloud,2026-07-22T19:36:48.625+08:00
2026-07-23 13:13:16,2026-07-22T19:38:00+08:00,2026-07-22T19:40:03+08:00,1.0929,103.7344,C,Cloud to Cloud,2026-07-22T19:36:48.625+08:00
2026-07-23 13:13:16,2026-07-22T19:38:00+08:00,2026-07-22T19:40:03+08:00,1.0984,103.7392,C,Cloud to Cloud,2026-07-22T19:36:48.625+08:00
2026-07-23 13:13:16,2026-07-22T19:38:00+08:00,2026-07-22T19:40:03+08:00,1.1005,103.7388,C,Cloud to Cloud,2026-07-22T19:36:48.625+08:00
2026-07-23 13:13:16,2026-07-22T19:38:00+08:00,2026-07-22T19:40:03+08:00,1.0619,103.7352,C,Cloud to Cloud,2026-07-22T19:36:48.625+08:00
2026-07-23 13:13:16,2026-07-22T19:38:00+08:00,2026-07-22T19:40:03+08:00,1.063,103.7355,C,Cloud to Cloud,2026-07-22T19:36:48.625+08:00
2026-07-23 13:13:16,2026-07-22T19:38:00+08:00,2026-07-22T19:40:03+08:00,1.064,103.7374,C,Cloud to Cloud,2026-07-22T19:36:48.625+08:00
2026-07-23 13:13:16,2026-07-22T19:38:00+08:00,2026-07-22T19:40:03+08:00,1.0677,103.7371,C,Cloud to Cloud,2026-07-22T19:36:48.625+08:00
2026-07-23 13:13:16,2026-07-22T19:38:00+08:00,2026-07-22T19:40:03+08:00,1.0705,103.7399,C,Cloud to Cloud,2026-07-22T19:36:48.626+08:00
2026-07-23 13:13:16,2026-07-22T19:38:00+08:00,2026-07-22T19:40:03+08:00,1.0723,103.7389,C,Cloud to Cloud,2026-07-22T19:36:48.626+08:00
2026-07-23 13:13:16,2026-07-22T19:38:00+08:00,2026-07-22T19:40:03+08:00,1.073,103.7395,C,Cloud to Cloud,2026-07-22T19:36:48.626+08:00
2026-07-23 13:13:16,2026-07-22T19:38:00+08:00,2026-07-22T19:40:03+08:00,1.0709,103.7394,C,Cloud to Cloud,2026-07-22T19:36:48.626+08:00
2026-07-23 13:13:16,2026-07-22T19:38:00+08:00,2026-07-22T19:40:03+08:00,1.0682,103.7365,C,Cloud to Cloud,2026-07-22T19:36:48.626+08:00
2026-07-23 13:13:16,2026-07-22T19:38:00+08:00,2026-07-22T19:40:03+08:00,1.0669,103.7355,C,Cloud to Cloud,2026-07-22T19:36:48.626+08:00
2026-07-23 13:13:16,2026-07-22T19:38:00+08:00,2026-07-22T19:40:03+08:00,1.0697,103.7386,C,Cloud to Cloud,2026-07-22T19:36:48.626+08:00
2026-07-23 13:13:16,2026-07-22T19:38:00+08:00,2026-07-22T19:40:03+08:00,1.0679,103.7363,C,Cloud to Cloud,2026-07-22T19:36:48.626+08:00
2026-07-23 13:13:16,2026-07-22T19:38:00+08:00,2026-07-22T19:40:03+08:00,1.0693,103.7369,C,Cloud to Cloud,2026-07-22T19:36:48.626+08:00
2026-07-23 13:13:16,2026-07-22T19:38:00+08:00,2026-07-22T19:40:03+08:00,1.0734,103.7385,C,Cloud to Cloud,2026-07-22T19:36:48.626+08:00
2026-07-23 13:13:16,2026-07-22T19:38:00+08:00,2026-07-22T19:40:03+08:00,1.1067,103.7407,C,Cloud to Cloud,2026-07-22T19:36:48.627+08:00
2026-07-23 13:13:16,2026-07-22T19:38:00+08:00,2026-07-22T19:40:03+08:00,1.0711,103.7368,C,Cloud to Cloud,2026-07-22T19:36:48.627+08:00
2026-07-23 13:13:16,2026-07-22T19:38:00+08:00,2026-07-22T19:40:03+08:00,1.0739,103.7403,C,Cloud to Cloud,2026-07-22T19:36:48.627+08:00
2026-07-23 13:13:16,2026-07-22T19:38:00+08:00,2026-07-22T19:40:03+08:00,1.0708,103.7359,C,Cloud to Cloud,2026-07-22T19:36:48.627+08:00
2026-07-23 13:13:16,2026-07-22T19:38:00+08:00,2026-07-22T19:40:03+08:00,1.068,103.7351,C,Cloud to Cloud,2026-07-22T19:36:48.627+08:00
2026-07-23 13:13:16,2026-07-22T19:38:00+08:00,2026-07-22T19:40:03+08:00,1.0698,103.7354,C,Cloud to Cloud,2026-07-22T19:36:48.627+08:00
2026-07-23 13:13:16,2026-07-22T19:38:00+08:00,2026-07-22T19:40:03+08:00,1.0697,103.7369,C,Cloud to Cloud,2026-07-22T19:36:48.627+08:00
2026-07-23 13:13:16,2026-07-22T19:38:00+08:00,2026-07-22T19:40:03+08:00,1.0685,103.7345,C,Cloud to Cloud,2026-07-22T19:36:48.627+08:00
2026-07-23 13:13:16,2026-07-22T19:38:00+08:00,2026-07-22T19:40:03+08:00,1.0665,103.734,C,Cloud to Cloud,2026-07-22T19:36:48.627+08:00
2026-07-23 13:13:16,2026-07-22T19:38:00+08:00,2026-07-22T19:40:03+08:00,1.069,103.7353,C,Cloud to Cloud,2026-07-22T19:36:48.627+08:00
2026-07-23 13:13:16,2026-07-22T19:38:00+08:00,2026-07-22T19:40:03+08:00,1.063,103.7324,C,Cloud to Cloud,2026-07-22T19:36:48.628+08:00
2026-07-23 13:13:16,2026-07-22T19:38:00+08:00,2026-07-22T19:40:03+08:00,1.066,103.7325,C,Cloud to Cloud,2026-07-22T19:36:48.628+08:00
2026-07-23 13:13:16,2026-07-22T19:38:00+08:00,2026-07-22T19:40:03+08:00,1.0689,103.7349,C,Cloud to Cloud,2026-07-22T19:36:48.628+08:00
2026-07-23 13:13:16,2026-07-22T19:38:00+08:00,2026-07-22T19:40:03+08:00,1.0555,103.7286,C,Cloud to Cloud,2026-07-22T19:36:48.628+08:00
2026-07-23 13:13:16,2026-07-22T19:38:00+08:00,2026-07-22T19:40:03+08:00,1.0627,103.7322,C,Cloud to Cloud,2026-07-22T19:36:48.628+08:00
2026-07-23 13:13:16,2026-07-22T19:38:00+08:00,2026-07-22T19:40:03+08:00,1.0629,103.7318,C,Cloud to Cloud,2026-07-22T19:36:48.628+08:00
2026-07-23 13:13:16,2026-07-22T19:38:00+08:00,2026-07-22T19:40:03+08:00,1.063,103.7326,C,Cloud to Cloud,2026-07-22T19:36:48.628+08:00
2026-07-23 13:13:16,2026-07-22T19:38:00+08:00,2026-07-22T19:40:03+08:00,1.0622,103.7317,C,Cloud to Cloud,2026-07-22T19:36:48.628+08:00
2026-07-23 13:13:16,2026-07-22T19:38:00+08:00,2026-07-22T19:40:03+08:00,1.0567,103.7299,C,Cloud to Cloud,2026-07-22T19:36:48.628+08:00
2026-07-23 13:13:16,2026-07-22T19:38:00+08:00,2026-07-22T19:40:03+08:00,1.0579,103.7298,C,Cloud to Cloud,2026-07-22T19:36:48.628+08:00
2026-07-23 13:13:16,2026-07-22T19:38:00+08:00,2026-07-22T19:40:03+08:00,1.0553,103.7289,C,Cloud to Cloud,2026-07-22T19:36:48.629+08:00
2026-07-23 13:13:16,2026-07-22T19:38:00+08:00,2026-07-22T19:40:03+08:00,1.0566,103.7283,C,Cloud to Cloud,2026-07-22T19:36:48.629+08:00
2026-07-23 13:13:16,2026-07-22T19:38:00+08:00,2026-07-22T19:40:03+08:00,1.0516,103.7276,C,Cloud to Cloud,2026-07-22T19:36:48.629+08:00
2026-07-23 13:13:16,2026-07-22T19:38:00+08:00,2026-07-22T19:40:03+08:00,1.0474,103.726,C,Cloud to Cloud,2026-07-22T19:36:48.629+08:00
2026-07-23 13:13:16,2026-07-22T19:38:00+08:00,2026-07-22T19:40:03+08:00,1.0347,103.7183,C,Cloud to Cloud,2026-07-22T19:36:48.629+08:00
2026-07-23 13:13:16,2026-07-22T19:38:00+08:00,2026-07-22T19:40:03+08:00,1.0375,103.7215,C,Cloud to Cloud,2026-07-22T19:36:48.629+08:00
2026-07-23 13:13:16,2026-07-22T19:38:00+08:00,2026-07-22T19:40:03+08:00,1.0385,103.7221,C,Cloud to Cloud,2026-07-22T19:36:48.629+08:00
2026-07-23 13:13:16,2026-07-22T19:38:00+08:00,2026-07-22T19:40:03+08:00,1.0345,103.7216,C,Cloud to Cloud,2026-07-22T19:36:48.629+08:00
2026-07-23 13:13:16,2026-07-22T19:38:00+08:00,2026-07-22T19:40:03+08:00,1.0297,103.7164,C,Cloud to Cloud,2026-07-22T19:36:48.629+08:00
2026-07-23 13:13:16,2026-07-22T19:38:00+08:00,2026-07-22T19:40:03+08:00,1.0832,103.7267,C,Cloud to Cloud,2026-07-22T19:36:48.629+08:00
2026-07-23 13:13:16,2026-07-22T19:38:00+08:00,2026-07-22T19:40:03+08:00,1.0218,103.7145,C,Cloud to Cloud,2026-07-22T19:36:48.63+08:00
2026-07-23 13:13:16,2026-07-22T19:38:00+08:00,2026-07-22T19:40:03+08:00,1.0273,103.7156,C,Cloud to Cloud,2026-07-22T19:36:48.63+08:00
2026-07-23 13:13:16,2026-07-22T19:38:00+08:00,2026-07-22T19:40:03+08:00,1.0279,103.7174,C,Cloud to Cloud,2026-07-22T19:36:48.63+08:00
2026-07-23 13:13:16,2026-07-22T19:38:00+08:00,2026-07-22T19:40:03+08:00,1.031,103.7158,C,Cloud to Cloud,2026-07-22T19:36:48.63+08:00
2026-07-23 13:13:16,2026-07-22T19:38:00+08:00,2026-07-22T19:40:03+08:00,1.0898,103.7271,C,Cloud to Cloud,2026-07-22T19:36:48.63+08:00
2026-07-23 13:13:16,2026-07-22T19:38:00+08:00,2026-07-22T19:40:03+08:00,1.0243,103.713,C,Cloud to Cloud,2026-07-22T19:36:48.63+08:00
2026-07-23 13:13:16,2026-07-22T19:38:00+08:00,2026-07-22T19:40:03+08:00,1.0248,103.7163,C,Cloud to Cloud,2026-07-22T19:36:48.63+08:00
2026-07-23 13:13:16,2026-07-22T19:38:00+08:00,2026-07-22T19:40:03+08:00,1.0804,103.7242,C,Cloud to Cloud,2026-07-22T19:36:48.63+08:00
2026-07-23 13:13:16,2026-07-22T19:38:00+08:00,2026-07-22T19:40:03+08:00,1.021,103.7129,C,Cloud to Cloud,2026-07-22T19:36:48.63+08:00
2026-07-23 13:13:16,2026-07-22T19:38:00+08:00,2026-07-22T19:40:03+08:00,1.0255,103.7152,C,Cloud to Cloud,2026-07-22T19:36:48.63+08:00
2026-07-23 13:13:16,2026-07-22T19:38:00+08:00,2026-07-22T19:40:03+08:00,1.0892,103.7266,C,Cloud to Cloud,2026-07-22T19:36:48.631+08:00
2026-07-23 13:13:16,2026-07-22T19:38:00+08:00,2026-07-22T19:40:03+08:00,1.0195,103.7131,C,Cloud to Cloud,2026-07-22T19:36:48.631+08:00
2026-07-23 13:13:16,2026-07-22T19:38:00+08:00,2026-07-22T19:40:03+08:00,1.0962,103.7249,C,Cloud to Cloud,2026-07-22T19:36:48.631+08:00
2026-07-23 13:13:16,2026-07-22T19:38:00+08:00,2026-07-22T19:40:03+08:00,1.097,103.7256,C,Cloud to Cloud,2026-07-22T19:36:48.631+08:00
2026-07-23 13:13:16,2026-07-22T19:38:00+08:00,2026-07-22T19:40:03+08:00,1.0881,103.7267,C,Cloud to Cloud,2026-07-22T19:36:48.631+08:00
2026-07-23 13:13:16,2026-07-22T19:38:00+08:00,2026-07-22T19:40:03+08:00,1.0875,103.7229,C,Cloud to Cloud,2026-07-22T19:36:48.631+08:00
2026-07-23 13:13:16,2026-07-22T19:38:00+08:00,2026-07-22T19:40:03+08:00,1.0146,103.7084,C,Cloud to Cloud,2026-07-22T19:36:48.631+08:00
2026-07-23 13:13:16,2026-07-22T19:38:00+08:00,2026-07-22T19:40:03+08:00,1.0172,103.7106,C,Cloud to Cloud,2026-07-22T19:36:48.631+08:00
2026-07-23 13:13:16,2026-07-22T19:38:00+08:00,2026-07-22T19:40:03+08:00,1.0776,103.7234,C,Cloud to Cloud,2026-07-22T19:36:48.631+08:00
2026-07-23 13:13:16,2026-07-22T19:38:00+08:00,2026-07-22T19:40:03+08:00,1.0761,103.7237,C,Cloud to Cloud,2026-07-22T19:36:48.631+08:00
2026-07-23 13:13:16,2026-07-22T19:38:00+08:00,2026-07-22T19:40:03+08:00,1.0982,103.7251,C,Cloud to Cloud,2026-07-22T19:36:48.632+08:00
2026-07-23 13:13:16,2026-07-22T19:38:00+08:00,2026-07-22T19:40:03+08:00,1.0733,103.7201,C,Cloud to Cloud,2026-07-22T19:36:48.632+08:00
2026-07-23 13:13:16,2026-07-22T19:38:00+08:00,2026-07-22T19:40:03+08:00,1.109,103.7223,C,Cloud to Cloud,2026-07-22T19:36:48.632+08:00
2026-07-23 13:13:16,2026-07-22T19:38:00+08:00,2026-07-22T19:40:03+08:00,1.1127,103.726,C,Cloud to Cloud,2026-07-22T19:36:48.632+08:00
2026-07-23 13:13:16,2026-07-22T19:38:00+08:00,2026-07-22T19:40:03+08:00,1.0038,103.7038,C,Cloud to Cloud,2026-07-22T19:36:48.632+08:00
2026-07-23 13:13:16,2026-07-22T19:38:00+08:00,2026-07-22T19:40:03+08:00,1.002,103.7039,C,Cloud to Cloud,2026-07-22T19:36:48.632+08:00
2026-07-23 13:13:16,2026-07-22T19:38:00+08:00,2026-07-22T19:40:03+08:00,1.073,103.7193,C,Cloud to Cloud,2026-07-22T19:36:48.632+08:00
2026-07-23 13:13:16,2026-07-22T19:38:00+08:00,2026-07-22T19:40:03+08:00,1.0736,103.7204,C,Cloud to Cloud,2026-07-22T19:36:48.632+08:00
2026-07-23 13:13:16,2026-07-22T19:38:00+08:00,2026-07-22T19:40:03+08:00,1.0793,103.7141,C,Cloud to Cloud,2026-07-22T19:36:48.632+08:00
2026-07-23 13:13:16,2026-07-22T19:38:00+08:00,2026-07-22T19:40:03+08:00,1.0809,103.7235,C,Cloud to Cloud,2026-07-22T19:36:48.632+08:00
2026-07-23 13:13:16,2026-07-22T19:38:00+08:00,2026-07-22T19:40:03+08:00,1.013,103.7098,C,Cloud to Cloud,2026-07-22T19:36:48.633+08:00
2026-07-23 13:13:16,2026-07-22T19:38:00+08:00,2026-07-22T19:40:03+08:00,1.0226,103.7158,C,Cloud to Cloud,2026-07-22T19:36:48.633+08:00
2026-07-23 13:13:16,2026-07-22T19:38:00+08:00,2026-07-22T19:40:03+08:00,1.0712,103.7183,C,Cloud to Cloud,2026-07-22T19:36:48.633+08:00
2026-07-23 13:13:16,2026-07-22T19:38:00+08:00,2026-07-22T19:40:03+08:00,1.0794,103.7256,C,Cloud to Cloud,2026-07-22T19:36:48.633+08:00
2026-07-23 13:13:16,2026-07-22T19:38:00+08:00,2026-07-22T19:40:03+08:00,1.0772,103.7236,C,Cloud to Cloud,2026-07-22T19:36:48.633+08:00
2026-07-23 13:13:16,2026-07-22T19:38:00+08:00,2026-07-22T19:40:03+08:00,1.0242,103.7214,C,Cloud to Cloud,2026-07-22T19:36:48.635+08:00
2026-07-23 13:13:16,2026-07-22T19:38:00+08:00,2026-07-22T19:40:03+08:00,1.0046,103.7113,C,Cloud to Cloud,2026-07-22T19:36:48.635+08:00
2026-07-23 13:13:16,2026-07-22T19:38:00+08:00,2026-07-22T19:40:03+08:00,0.9817,103.6959,C,Cloud to Cloud,2026-07-22T19:36:48.635+08:00
2026-07-23 13:13:16,2026-07-22T19:38:00+08:00,2026-07-22T19:40:03+08:00,1.0198,103.7188,C,Cloud to Cloud,2026-07-22T19:36:48.635+08:00
2026-07-23 13:13:16,2026-07-22T19:38:00+08:00,2026-07-22T19:40:03+08:00,1.0286,103.7278,C,Cloud to Cloud,2026-07-22T19:36:48.635+08:00
2026-07-23 13:13:16,2026-07-22T19:38:00+08:00,2026-07-22T19:40:03+08:00,1.031,103.7269,C,Cloud to Cloud,2026-07-22T19:36:48.636+08:00
2026-07-23 13:13:16,2026-07-22T19:38:00+08:00,2026-07-22T19:40:03+08:00,1.0725,103.7292,C,Cloud to Cloud,2026-07-22T19:36:48.636+08:00
2026-07-23 13:13:16,2026-07-22T19:38:00+08:00,2026-07-22T19:40:03+08:00,1.0359,103.7329,G,Cloud to Ground,2026-07-22T19:36:48.636+08:00
2026-07-23 13:13:16,2026-07-22T19:38:00+08:00,2026-07-22T19:40:03+08:00,1.0681,103.7273,C,Cloud to Cloud,2026-07-22T19:36:48.636+08:00
2026-07-23 13:13:16,2026-07-22T19:38:00+08:00,2026-07-22T19:40:03+08:00,1.0475,103.717,C,Cloud to Cloud,2026-07-22T19:36:48.636+08:00
2026-07-23 13:13:16,2026-07-22T19:38:00+08:00,2026-07-22T19:40:03+08:00,1.0479,103.7264,C,Cloud to Cloud,2026-07-22T19:36:48.652+08:00
2026-07-23 13:13:16,2026-07-22T19:38:00+08:00,2026-07-22T19:40:03+08:00,1.0917,103.735,C,Cloud to Cloud,2026-07-22T19:36:48.652+08:00
2026-07-23 13:13:16,2026-07-22T19:38:00+08:00,2026-07-22T19:40:03+08:00,1.0974,103.7382,C,Cloud to Cloud,2026-07-22T19:36:48.652+08:00
2026-07-23 13:13:16,2026-07-22T19:38:00+08:00,2026-07-22T19:40:03+08:00,1.0981,103.7422,C,Cloud to Cloud,2026-07-22T19:36:48.665+08:00
2026-07-23 13:13:16,2026-07-22T19:38:00+08:00,2026-07-22T19:40:03+08:00,1.0357,103.7235,C,Cloud to Cloud,2026-07-22T19:36:48.675+08:00
2026-07-23 13:13:16,2026-07-22T19:38:00+08:00,2026-07-22T19:40:03+08:00,1.0473,103.7327,C,Cloud to Cloud,2026-07-22T19:36:48.675+08:00
2026-07-23 13:13:16,2026-07-22T19:38:00+08:00,2026-07-22T19:40:03+08:00,1.0749,103.7325,C,Cloud to Cloud,2026-07-22T19:36:48.676+08:00
2026-07-23 13:13:16,2026-07-22T19:38:00+08:00,2026-07-22T19:40:03+08:00,1.0262,103.7506,C,Cloud to Cloud,2026-07-22T19:36:48.676+08:00
2026-07-23 13:13:16,2026-07-22T19:38:00+08:00,2026-07-22T19:40:03+08:00,1.0259,103.741,C,Cloud to Cloud,2026-07-22T19:36:48.676+08:00
2026-07-23 13:13:16,2026-07-22T19:38:00+08:00,2026-07-22T19:40:03+08:00,1.0171,103.7469,C,Cloud to Cloud,2026-07-22T19:36:48.676+08:00
2026-07-23 13:13:16,2026-07-22T19:38:00+08:00,2026-07-22T19:40:03+08:00,1.0673,103.7339,C,Cloud to Cloud,2026-07-22T19:36:48.676+08:00
2026-07-23 13:13:16,2026-07-22T19:38:00+08:00,2026-07-22T19:40:03+08:00,1.0246,103.747,C,Cloud to Cloud,2026-07-22T19:36:48.676+08:00
2026-07-23 13:13:16,2026-07-22T19:38:00+08:00,2026-07-22T19:40:03+08:00,1.0603,103.7331,C,Cloud to Cloud,2026-07-22T19:36:48.676+08:00
2026-07-23 13:13:16,2026-07-22T19:38:00+08:00,2026-07-22T19:40:03+08:00,1.0694,103.7237,C,Cloud to Cloud,2026-07-22T19:36:48.676+08:00
2026-07-23 13:13:16,2026-07-22T19:38:00+08:00,2026-07-22T19:40:03+08:00,1.0638,103.719,C,Cloud to Cloud,2026-07-22T19:36:48.676+08:00
2026-07-23 13:13:16,2026-07-22T19:38:00+08:00,2026-07-22T19:40:03+08:00,1.0674,103.7282,C,Cloud to Cloud,2026-07-22T19:36:48.676+08:00
2026-07-23 13:13:16,2026-07-22T19:38:00+08:00,2026-07-22T19:40:03+08:00,1.0325,103.7318,G,Cloud to Ground,2026-07-22T19:36:48.676+08:00
2026-07-23 13:13:16,2026-07-22T19:38:00+08:00,2026-07-22T19:40:03+08:00,1.0044,103.7239,C,Cloud to Cloud,2026-07-22T19:36:48.676+08:00
2026-07-23 13:13:16,2026-07-22T19:38:00+08:00,2026-07-22T19:40:03+08:00,1.0828,103.7343,C,Cloud to Cloud,2026-07-22T19:36:48.698+08:00
2026-07-23 13:13:16,2026-07-22T19:38:00+08:00,2026-07-22T19:40:03+08:00,1.1025,103.7438,C,Cloud to Cloud,2026-07-22T19:36:48.698+08:00
2026-07-23 13:13:16,2026-07-22T19:38:00+08:00,2026-07-22T19:40:03+08:00,1.0572,103.7326,C,Cloud to Cloud,2026-07-22T19:36:48.703+08:00
2026-07-23 13:13:16,2026-07-22T19:38:00+08:00,2026-07-22T19:40:03+08:00,1.0517,103.7307,C,Cloud to Cloud,2026-07-22T19:36:48.703+08:00
2026-07-23 13:13:16,2026-07-22T19:38:00+08:00,2026-07-22T19:40:03+08:00,1.0688,103.7369,C,Cloud to Cloud,2026-07-22T19:36:48.703+08:00
2026-07-23 13:13:16,2026-07-22T19:38:00+08:00,2026-07-22T19:40:03+08:00,1.0676,103.7345,C,Cloud to Cloud,2026-07-22T19:36:48.703+08:00
2026-07-23 13:13:16,2026-07-22T19:38:00+08:00,2026-07-22T19:40:03+08:00,1.0547,103.7013,C,Cloud to Cloud,2026-07-22T19:36:48.703+08:00
2026-07-23 13:13:16,2026-07-22T19:38:00+08:00,2026-07-22T19:40:03+08:00,1.0687,103.7344,C,Cloud to Cloud,2026-07-22T19:36:48.703+08:00
2026-07-23 13:13:16,2026-07-22T19:38:00+08:00,2026-07-22T19:40:03+08:00,1.0513,103.733,C,Cloud to Cloud,2026-07-22T19:36:48.747+08:00
2026-07-23 13:13:16,2026-07-22T19:38:00+08:00,2026-07-22T19:40:03+08:00,1.0626,103.7424,C,Cloud to Cloud,2026-07-22T19:36:48.747+08:00
2026-07-23 13:13:16,2026-07-22T19:38:00+08:00,2026-07-22T19:40:03+08:00,1.0492,103.7351,C,Cloud to Cloud,2026-07-22T19:36:48.747+08:00
2026-07-23 13:13:16,2026-07-22T19:38:00+08:00,2026-07-22T19:40:03+08:00,1.0839,103.7361,C,Cloud to Cloud,2026-07-22T19:36:48.747+08:00
2026-07-23 13:13:16,2026-07-22T19:38:00+08:00,2026-07-22T19:40:03+08:00,1.0387,103.7259,C,Cloud to Cloud,2026-07-22T19:36:48.747+08:00
2026-07-23 13:13:16,2026-07-22T19:38:00+08:00,2026-07-22T19:40:03+08:00,1.0328,103.7327,G,Cloud to Ground,2026-07-22T19:36:48.747+08:00
2026-07-23 13:13:16,2026-07-22T19:38:00+08:00,2026-07-22T19:40:03+08:00,1.0638,103.7291,C,Cloud to Cloud,2026-07-22T19:36:48.747+08:00
2026-07-23 13:13:16,2026-07-22T19:38:00+08:00,2026-07-22T19:40:03+08:00,1.084,103.7362,C,Cloud to Cloud,2026-07-22T19:36:48.821+08:00
2026-07-23 13:13:16,2026-07-22T19:38:00+08:00,2026-07-22T19:40:03+08:00,1.0672,103.7089,C,Cloud to Cloud,2026-07-22T19:36:48.864+08:00
2026-07-23 13:13:16,2026-07-22T19:38:00+08:00,2026-07-22T19:40:03+08:00,1.0651,103.7139,C,Cloud to Cloud,2026-07-22T19:36:48.864+08:00
2026-07-23 13:13:16,2026-07-22T19:38:00+08:00,2026-07-22T19:40:03+08:00,1.0644,103.7346,C,Cloud to Cloud,2026-07-22T19:36:48.897+08:00
2026-07-23 13:13:16,2026-07-22T19:38:00+08:00,2026-07-22T19:40:03+08:00,1.0627,103.7351,C,Cloud to Cloud,2026-07-22T19:36:48.897+08:00
2026-07-23 13:13:16,2026-07-22T19:38:00+08:00,2026-07-22T19:40:03+08:00,1.0966,103.738,C,Cloud to Cloud,2026-07-22T19:36:48.897+08:00
2026-07-23 13:13:16,2026-07-22T19:38:00+08:00,2026-07-22T19:40:03+08:00,1.0596,103.7342,C,Cloud to Cloud,2026-07-22T19:36:48.897+08:00
2026-07-23 13:13:16,2026-07-22T19:38:00+08:00,2026-07-22T19:40:03+08:00,1.0686,103.7377,C,Cloud to Cloud,2026-07-22T19:36:48.897+08:00
2026-07-23 13:13:16,2026-07-22T19:38:00+08:00,2026-07-22T19:40:03+08:00,1.0884,103.7497,C,Cloud to Cloud,2026-07-22T19:36:48.897+08:00
2026-07-23 13:13:16,2026-07-22T19:38:00+08:00,2026-07-22T19:40:03+08:00,1.0856,103.7427,C,Cloud to Cloud,2026-07-22T19:36:48.897+08:00
2026-07-23 13:13:16,2026-07-22T19:38:00+08:00,2026-07-22T19:40:03+08:00,1.0851,103.7422,C,Cloud to Cloud,2026-07-22T19:36:48.898+08:00
2026-07-23 13:13:16,2026-07-22T19:38:00+08:00,2026-07-22T19:40:03+08:00,1.0885,103.7398,C,Cloud to Cloud,2026-07-22T19:36:48.898+08:00
2026-07-23 13:13:16,2026-07-22T19:38:00+08:00,2026-07-22T19:40:03+08:00,1.0816,103.7352,C,Cloud to Cloud,2026-07-22T19:36:48.898+08:00
2026-07-23 13:13:16,2026-07-22T19:38:00+08:00,2026-07-22T19:40:03+08:00,1.0799,103.7349,C,Cloud to Cloud,2026-07-22T19:36:48.898+08:00
2026-07-23 13:13:16,2026-07-22T19:38:00+08:00,2026-07-22T19:40:03+08:00,1.0306,103.7311,G,Cloud to Ground,2026-07-22T19:36:48.901+08:00
2026-07-23 13:13:16,2026-07-22T19:38:00+08:00,2026-07-22T19:40:03+08:00,1.0531,103.7311,C,Cloud to Cloud,2026-07-22T19:36:48.932+08:00
2026-07-23 13:13:16,2026-07-22T19:38:00+08:00,2026-07-22T19:40:03+08:00,1.066,103.7375,C,Cloud to Cloud,2026-07-22T19:36:48.932+08:00
2026-07-23 13:13:16,2026-07-22T19:38:00+08:00,2026-07-22T19:40:03+08:00,1.1236,103.7412,C,Cloud to Cloud,2026-07-22T19:36:48.932+08:00
2026-07-23 13:13:16,2026-07-22T19:38:00+08:00,2026-07-22T19:40:03+08:00,1.0311,103.7306,G,Cloud to Ground,2026-07-22T19:36:48.932+08:00
2026-07-23 13:13:16,2026-07-22T19:36:00+08:00,2026-07-22T19:38:02+08:00,1.0661,103.7246,C,Cloud to Cloud,2026-07-22T19:35:51.948+08:00
2026-07-23 13:13:16,2026-07-22T19:36:00+08:00,2026-07-22T19:38:02+08:00,1.0083,103.7025,C,Cloud to Cloud,2026-07-22T19:35:51.948+08:00
2026-07-23 13:13:16,2026-07-22T19:36:00+08:00,2026-07-22T19:38:02+08:00,1.0452,103.7279,C,Cloud to Cloud,2026-07-22T19:35:51.948+08:00
2026-07-23 13:13:16,2026-07-22T19:36:00+08:00,2026-07-22T19:38:02+08:00,1.0081,103.7063,C,Cloud to Cloud,2026-07-22T19:35:51.949+08:00
2026-07-23 13:13:16,2026-07-22T19:36:00+08:00,2026-07-22T19:38:02+08:00,0.9987,103.7,C,Cloud to Cloud,2026-07-22T19:35:51.949+08:00
2026-07-23 13:13:16,2026-07-22T19:36:00+08:00,2026-07-22T19:38:02+08:00,1.0775,103.7276,C,Cloud to Cloud,2026-07-22T19:35:51.949+08:00
2026-07-23 13:13:16,2026-07-22T19:36:00+08:00,2026-07-22T19:38:02+08:00,1.0486,103.7034,C,Cloud to Cloud,2026-07-22T19:35:51.949+08:00
2026-07-23 13:13:16,2026-07-22T19:36:00+08:00,2026-07-22T19:38:02+08:00,1.0025,103.7028,C,Cloud to Cloud,2026-07-22T19:35:51.949+08:00
2026-07-23 13:13:16,2026-07-22T19:36:00+08:00,2026-07-22T19:38:02+08:00,1.0821,103.7335,C,Cloud to Cloud,2026-07-22T19:35:51.949+08:00
2026-07-23 13:13:16,2026-07-22T19:36:00+08:00,2026-07-22T19:38:02+08:00,1.0745,103.73,C,Cloud to Cloud,2026-07-22T19:35:51.949+08:00
2026-07-23 13:13:16,2026-07-22T19:36:00+08:00,2026-07-22T19:38:02+08:00,1.0764,103.7307,C,Cloud to Cloud,2026-07-22T19:35:51.949+08:00
2026-07-23 13:13:16,2026-07-22T19:36:00+08:00,2026-07-22T19:38:02+08:00,1.0716,103.7288,C,Cloud to Cloud,2026-07-22T19:35:51.949+08:00
2026-07-23 13:13:16,2026-07-22T19:36:00+08:00,2026-07-22T19:38:02+08:00,1.0008,103.7006,C,Cloud to Cloud,2026-07-22T19:35:51.949+08:00
2026-07-23 13:13:16,2026-07-22T19:36:00+08:00,2026-07-22T19:38:02+08:00,1.0693,103.7304,C,Cloud to Cloud,2026-07-22T19:35:51.95+08:00
2026-07-23 13:13:16,2026-07-22T19:36:00+08:00,2026-07-22T19:38:02+08:00,1.074,103.7315,C,Cloud to Cloud,2026-07-22T19:35:51.95+08:00
2026-07-23 13:13:16,2026-07-22T19:36:00+08:00,2026-07-22T19:38:02+08:00,1.0405,103.7248,C,Cloud to Cloud,2026-07-22T19:35:51.95+08:00
2026-07-23 13:13:16,2026-07-22T19:36:00+08:00,2026-07-22T19:38:02+08:00,1.0465,103.7294,C,Cloud to Cloud,2026-07-22T19:35:51.95+08:00
2026-07-23 13:13:16,2026-07-22T19:36:00+08:00,2026-07-22T19:38:02+08:00,1.0755,103.7329,C,Cloud to Cloud,2026-07-22T19:35:51.95+08:00
2026-07-23 13:13:16,2026-07-22T19:36:00+08:00,2026-07-22T19:38:02+08:00,1.0487,103.7295,C,Cloud to Cloud,2026-07-22T19:35:51.95+08:00
2026-07-23 13:13:16,2026-07-22T19:36:00+08:00,2026-07-22T19:38:02+08:00,1.0821,103.7458,C,Cloud to Cloud,2026-07-22T19:35:51.95+08:00
2026-07-23 13:13:16,2026-07-22T19:36:00+08:00,2026-07-22T19:38:02+08:00,1.0761,103.7302,C,Cloud to Cloud,2026-07-22T19:35:51.95+08:00
2026-07-23 13:13:16,2026-07-22T19:36:00+08:00,2026-07-22T19:38:02+08:00,1.0697,103.7398,C,Cloud to Cloud,2026-07-22T19:35:51.95+08:00
2026-07-23 13:13:16,2026-07-22T19:36:00+08:00,2026-07-22T19:38:02+08:00,1.0462,103.7273,C,Cloud to Cloud,2026-07-22T19:35:51.95+08:00
2026-07-23 13:13:16,2026-07-22T19:36:00+08:00,2026-07-22T19:38:02+08:00,1.0702,103.7271,C,Cloud to Cloud,2026-07-22T19:35:51.95+08:00
2026-07-23 13:13:16,2026-07-22T19:36:00+08:00,2026-07-22T19:38:02+08:00,1.0496,103.7278,C,Cloud to Cloud,2026-07-22T19:35:51.95+08:00
2026-07-23 13:13:16,2026-07-22T19:36:00+08:00,2026-07-22T19:38:02+08:00,1.0484,103.7267,C,Cloud to Cloud,2026-07-22T19:35:51.951+08:00
2026-07-23 13:13:16,2026-07-22T19:36:00+08:00,2026-07-22T19:38:02+08:00,1.048,103.7264,C,Cloud to Cloud,2026-07-22T19:35:51.951+08:00
2026-07-23 13:13:16,2026-07-22T19:36:00+08:00,2026-07-22T19:38:02+08:00,1.0299,103.7144,C,Cloud to Cloud,2026-07-22T19:35:51.951+08:00
2026-07-23 13:13:16,2026-07-22T19:36:00+08:00,2026-07-22T19:38:02+08:00,1.0387,103.7189,C,Cloud to Cloud,2026-07-22T19:35:51.951+08:00
2026-07-23 13:13:16,2026-07-22T19:36:00+08:00,2026-07-22T19:38:02+08:00,1.0747,103.7423,C,Cloud to Cloud,2026-07-22T19:35:51.951+08:00
2026-07-23 13:13:16,2026-07-22T19:36:00+08:00,2026-07-22T19:38:02+08:00,1.0748,103.7423,C,Cloud to Cloud,2026-07-22T19:35:51.951+08:00
2026-07-23 13:13:16,2026-07-22T19:36:00+08:00,2026-07-22T19:38:02+08:00,1.0516,103.728,C,Cloud to Cloud,2026-07-22T19:35:51.951+08:00
2026-07-23 13:13:16,2026-07-22T19:36:00+08:00,2026-07-22T19:38:02+08:00,1.0456,103.7473,G,Cloud to Ground,2026-07-22T19:35:51.956+08:00
2026-07-23 13:13:16,2026-07-22T19:36:00+08:00,2026-07-22T19:38:02+08:00,1.0631,103.7373,C,Cloud to Cloud,2026-07-22T19:35:51.956+08:00
2026-07-23 13:13:16,2026-07-22T19:36:00+08:00,2026-07-22T19:38:02+08:00,1.069,103.7239,C,Cloud to Cloud,2026-07-22T19:35:51.957+08:00
2026-07-23 13:13:16,2026-07-22T19:36:00+08:00,2026-07-22T19:38:02+08:00,1.0759,103.7431,C,Cloud to Cloud,2026-07-22T19:35:52.055+08:00
2026-07-23 13:13:16,2026-07-22T19:36:00+08:00,2026-07-22T19:38:02+08:00,1.0507,103.7621,G,Cloud to Ground,2026-07-22T19:35:52.097+08:00
2026-07-23 13:13:16,2026-07-22T19:36:00+08:00,2026-07-22T19:38:02+08:00,1.0566,103.7535,C,Cloud to Cloud,2026-07-22T19:35:52.097+08:00
2026-07-23 13:13:16,2026-07-22T19:36:00+08:00,2026-07-22T19:38:02+08:00,1.0401,103.7602,C,Cloud to Cloud,2026-07-22T19:35:52.097+08:00
2026-07-23 13:13:16,2026-07-22T19:36:00+08:00,2026-07-22T19:38:02+08:00,1.0814,103.7651,C,Cloud to Cloud,2026-07-22T19:35:52.097+08:00
2026-07-23 13:13:16,2026-07-22T19:36:00+08:00,2026-07-22T19:38:02+08:00,1.0815,103.7481,G,Cloud to Ground,2026-07-22T19:35:52.138+08:00
2026-07-23 13:13:16,2026-07-22T19:36:00+08:00,2026-07-22T19:38:02+08:00,1.0196,103.7286,C,Cloud to Cloud,2026-07-22T19:35:52.152+08:00
2026-07-23 13:13:16,2026-07-22T19:36:00+08:00,2026-07-22T19:38:02+08:00,1.053,103.7484,C,Cloud to Cloud,2026-07-22T19:35:52.152+08:00
2026-07-23 13:13:16,2026-07-22T19:36:00+08:00,2026-07-22T19:38:02+08:00,1.0419,103.7391,C,Cloud to Cloud,2026-07-22T19:35:52.167+08:00
2026-07-23 13:13:16,2026-07-22T19:36:00+08:00,2026-07-22T19:38:02+08:00,1.0496,103.7451,C,Cloud to Cloud,2026-07-22T19:35:52.168+08:00
2026-07-23 13:13:16,2026-07-22T19:36:00+08:00,2026-07-22T19:38:02+08:00,1.0981,103.7578,C,Cloud to Cloud,2026-07-22T19:35:52.168+08:00
2026-07-23 13:13:16,2026-07-22T19:36:00+08:00,2026-07-22T19:38:02+08:00,1.0632,103.7327,C,Cloud to Cloud,2026-07-22T19:35:52.199+08:00
2026-07-23 13:13:16,2026-07-22T19:36:00+08:00,2026-07-22T19:38:02+08:00,1.089,103.7497,C,Cloud to Cloud,2026-07-22T19:35:52.199+08:00
2026-07-23 13:13:16,2026-07-22T19:36:00+08:00,2026-07-22T19:38:02+08:00,0.9941,103.7412,C,Cloud to Cloud,2026-07-22T19:35:56.06+08:00
2026-07-23 13:13:16,2026-07-22T19:34:00+08:00,2026-07-22T19:36:03+08:00,0.9658,103.6824,C,Cloud to Cloud,2026-07-22T19:32:06.478+08:00
2026-07-23 13:13:16,2026-07-22T19:34:00+08:00,2026-07-22T19:36:03+08:00,1.1005,103.7683,C,Cloud to Cloud,2026-07-22T19:32:26.648+08:00
2026-07-23 13:13:16,2026-07-22T19:34:00+08:00,2026-07-22T19:36:03+08:00,1.0148,103.7285,C,Cloud to Cloud,2026-07-22T19:32:26.648+08:00
2026-07-23 13:13:16,2026-07-22T19:34:00+08:00,2026-07-22T19:36:03+08:00,1.1063,103.7717,C,Cloud to Cloud,2026-07-22T19:32:26.648+08:00
2026-07-23 13:13:16,2026-07-22T19:34:00+08:00,2026-07-22T19:36:03+08:00,1.1104,103.7724,C,Cloud to Cloud,2026-07-22T19:32:26.648+08:00
2026-07-23 13:13:16,2026-07-22T19:34:00+08:00,2026-07-22T19:36:03+08:00,1.1186,103.7788,C,Cloud to Cloud,2026-07-22T19:32:26.648+08:00
2026-07-23 13:13:16,2026-07-22T19:34:00+08:00,2026-07-22T19:36:03+08:00,1.0269,103.7251,C,Cloud to Cloud,2026-07-22T19:32:26.649+08:00
2026-07-23 13:13:16,2026-07-22T19:34:00+08:00,2026-07-22T19:36:03+08:00,1.0233,103.7225,C,Cloud to Cloud,2026-07-22T19:32:26.649+08:00
2026-07-23 13:13:16,2026-07-22T19:34:00+08:00,2026-07-22T19:36:03+08:00,1.0413,103.7112,C,Cloud to Cloud,2026-07-22T19:32:26.65+08:00
2026-07-23 13:13:16,2026-07-22T19:34:00+08:00,2026-07-22T19:36:03+08:00,1.0448,103.7464,G,Cloud to Ground,2026-07-22T19:32:26.675+08:00
2026-07-23 13:13:16,2026-07-22T19:34:00+08:00,2026-07-22T19:36:03+08:00,1.0496,103.7326,C,Cloud to Cloud,2026-07-22T19:32:26.675+08:00
2026-07-23 13:13:16,2026-07-22T19:34:00+08:00,2026-07-22T19:36:03+08:00,1.0492,103.7296,C,Cloud to Cloud,2026-07-22T19:32:26.675+08:00
2026-07-23 13:13:16,2026-07-22T19:34:00+08:00,2026-07-22T19:36:03+08:00,1.0758,103.7385,C,Cloud to Cloud,2026-07-22T19:32:26.675+08:00
2026-07-23 13:13:16,2026-07-22T19:34:00+08:00,2026-07-22T19:36:03+08:00,1.0146,103.7459,C,Cloud to Cloud,2026-07-22T19:32:26.676+08:00
2026-07-23 13:13:16,2026-07-22T19:34:00+08:00,2026-07-22T19:36:03+08:00,1.0853,103.7457,G,Cloud to Ground,2026-07-22T19:32:26.796+08:00
2026-07-23 13:13:16,2026-07-22T19:34:00+08:00,2026-07-22T19:36:03+08:00,1.1214,103.7682,C,Cloud to Cloud,2026-07-22T19:32:26.796+08:00
2026-07-23 13:13:16,2026-07-22T19:34:00+08:00,2026-07-22T19:36:03+08:00,1.1543,103.8023,C,Cloud to Cloud,2026-07-22T19:32:26.796+08:00
2026-07-23 13:13:16,2026-07-22T19:34:00+08:00,2026-07-22T19:36:03+08:00,1.0979,103.7574,C,Cloud to Cloud,2026-07-22T19:32:26.797+08:00
2026-07-23 13:13:16,2026-07-22T19:34:00+08:00,2026-07-22T19:36:03+08:00,0.9621,103.701,C,Cloud to Cloud,2026-07-22T19:33:06.023+08:00
2026-07-23 13:13:16,2026-07-22T19:34:00+08:00,2026-07-22T19:36:03+08:00,1.1125,103.7925,C,Cloud to Cloud,2026-07-22T19:33:06.023+08:00
2026-07-23 13:13:16,2026-07-22T19:34:00+08:00,2026-07-22T19:36:03+08:00,1.0689,103.7387,C,Cloud to Cloud,2026-07-22T19:33:38.806+08:00
2026-07-23 13:13:16,2026-07-22T19:34:00+08:00,2026-07-22T19:36:03+08:00,1.0674,103.7483,C,Cloud to Cloud,2026-07-22T19:33:38.807+08:00
2026-07-23 13:13:16,2026-07-22T19:34:00+08:00,2026-07-22T19:36:03+08:00,1.0714,103.7516,C,Cloud to Cloud,2026-07-22T19:33:38.808+08:00
2026-07-23 13:13:16,2026-07-22T19:34:00+08:00,2026-07-22T19:36:03+08:00,1.0656,103.7393,C,Cloud to Cloud,2026-07-22T19:33:38.808+08:00
2026-07-23 13:13:16,2026-07-22T19:34:00+08:00,2026-07-22T19:36:03+08:00,1.0666,103.7549,C,Cloud to Cloud,2026-07-22T19:33:38.808+08:00
2026-07-23 13:13:16,2026-07-22T19:34:00+08:00,2026-07-22T19:36:03+08:00,1.0654,103.7443,C,Cloud to Cloud,2026-07-22T19:33:38.808+08:00
2026-07-23 13:13:16,2026-07-22T19:34:00+08:00,2026-07-22T19:36:03+08:00,1.0676,103.7448,C,Cloud to Cloud,2026-07-22T19:33:38.808+08:00
2026-07-23 13:13:16,2026-07-22T19:34:00+08:00,2026-07-22T19:36:03+08:00,1.0774,103.7569,C,Cloud to Cloud,2026-07-22T19:33:38.808+08:00
2026-07-23 13:13:16,2026-07-22T19:34:00+08:00,2026-07-22T19:36:03+08:00,1.0637,103.745,C,Cloud to Cloud,2026-07-22T19:33:38.809+08:00
2026-07-23 13:13:16,2026-07-22T19:34:00+08:00,2026-07-22T19:36:03+08:00,1.1716,103.8097,C,Cloud to Cloud,2026-07-22T19:33:38.81+08:00
2026-07-23 13:13:16,2026-07-22T19:34:00+08:00,2026-07-22T19:36:03+08:00,1.1747,103.8113,C,Cloud to Cloud,2026-07-22T19:33:38.81+08:00
2026-07-23 13:13:16,2026-07-22T19:34:00+08:00,2026-07-22T19:36:03+08:00,1.1753,103.8118,C,Cloud to Cloud,2026-07-22T19:33:38.81+08:00
2026-07-23 13:13:16,2026-07-22T19:34:00+08:00,2026-07-22T19:36:03+08:00,1.1808,103.8146,C,Cloud to Cloud,2026-07-22T19:33:38.81+08:00
2026-07-23 13:13:16,2026-07-22T19:34:00+08:00,2026-07-22T19:36:03+08:00,1.0591,103.7615,C,Cloud to Cloud,2026-07-22T19:33:38.811+08:00
2026-07-23 13:13:16,2026-07-22T19:34:00+08:00,2026-07-22T19:36:03+08:00,1.0948,103.76,C,Cloud to Cloud,2026-07-22T19:33:38.811+08:00
2026-07-23 13:13:16,2026-07-22T19:34:00+08:00,2026-07-22T19:36:03+08:00,1.049,103.7335,C,Cloud to Cloud,2026-07-22T19:33:38.812+08:00
2026-07-23 13:13:16,2026-07-22T19:34:00+08:00,2026-07-22T19:36:03+08:00,1.0454,103.7299,C,Cloud to Cloud,2026-07-22T19:33:38.812+08:00
2026-07-23 13:13:16,2026-07-22T19:34:00+08:00,2026-07-22T19:36:03+08:00,1.1688,103.808,C,Cloud to Cloud,2026-07-22T19:33:38.813+08:00
2026-07-23 13:13:16,2026-07-22T19:34:00+08:00,2026-07-22T19:36:03+08:00,1.158,103.8023,C,Cloud to Cloud,2026-07-22T19:33:38.814+08:00
2026-07-23 13:13:16,2026-07-22T19:34:00+08:00,2026-07-22T19:36:03+08:00,1.1516,103.7991,C,Cloud to Cloud,2026-07-22T19:33:38.814+08:00
2026-07-23 13:13:16,2026-07-22T19:34:00+08:00,2026-07-22T19:36:03+08:00,1.1709,103.8096,C,Cloud to Cloud,2026-07-22T19:33:38.817+08:00
2026-07-23 13:13:16,2026-07-22T19:34:00+08:00,2026-07-22T19:36:03+08:00,1.1674,103.8074,C,Cloud to Cloud,2026-07-22T19:33:38.817+08:00
2026-07-23 13:13:16,2026-07-22T19:34:00+08:00,2026-07-22T19:36:03+08:00,1.1622,103.8044,C,Cloud to Cloud,2026-07-22T19:33:38.817+08:00
2026-07-23 13:13:16,2026-07-22T19:34:00+08:00,2026-07-22T19:36:03+08:00,1.1669,103.8072,C,Cloud to Cloud,2026-07-22T19:33:38.817+08:00
2026-07-23 13:13:16,2026-07-22T19:34:00+08:00,2026-07-22T19:36:03+08:00,1.1654,103.806,C,Cloud to Cloud,2026-07-22T19:33:38.818+08:00
2026-07-23 13:13:16,2026-07-22T19:34:00+08:00,2026-07-22T19:36:03+08:00,1.1669,103.8072,C,Cloud to Cloud,2026-07-22T19:33:38.818+08:00
2026-07-23 13:13:16,2026-07-22T19:34:00+08:00,2026-07-22T19:36:03+08:00,1.162,103.8045,C,Cloud to Cloud,2026-07-22T19:33:38.818+08:00
2026-07-23 13:13:16,2026-07-22T19:34:00+08:00,2026-07-22T19:36:03+08:00,1.1675,103.8078,C,Cloud to Cloud,2026-07-22T19:33:38.818+08:00
2026-07-23 13:13:16,2026-07-22T19:34:00+08:00,2026-07-22T19:36:03+08:00,1.1754,103.8125,C,Cloud to Cloud,2026-07-22T19:33:38.818+08:00
2026-07-23 13:13:16,2026-07-22T19:34:00+08:00,2026-07-22T19:36:03+08:00,1.1748,103.812,C,Cloud to Cloud,2026-07-22T19:33:38.818+08:00
2026-07-23 13:13:16,2026-07-22T19:34:00+08:00,2026-07-22T19:36:03+08:00,1.1636,103.8062,C,Cloud to Cloud,2026-07-22T19:33:38.819+08:00
2026-07-23 13:13:16,2026-07-22T19:34:00+08:00,2026-07-22T19:36:03+08:00,1.1722,103.8111,C,Cloud to Cloud,2026-07-22T19:33:38.819+08:00
2026-07-23 13:13:16,2026-07-22T19:34:00+08:00,2026-07-22T19:36:03+08:00,1.156,103.8012,C,Cloud to Cloud,2026-07-22T19:33:38.819+08:00
2026-07-23 13:13:16,2026-07-22T19:34:00+08:00,2026-07-22T19:36:03+08:00,1.1531,103.8,C,Cloud to Cloud,2026-07-22T19:33:38.819+08:00
2026-07-23 13:13:16,2026-07-22T19:34:00+08:00,2026-07-22T19:36:03+08:00,1.1556,103.8014,C,Cloud to Cloud,2026-07-22T19:33:38.819+08:00
2026-07-23 13:13:16,2026-07-22T19:34:00+08:00,2026-07-22T19:36:03+08:00,1.0819,103.748,C,Cloud to Cloud,2026-07-22T19:33:38.821+08:00
2026-07-23 13:13:16,2026-07-22T19:34:00+08:00,2026-07-22T19:36:03+08:00,1.0692,103.7476,G,Cloud to Ground,2026-07-22T19:33:38.821+08:00
2026-07-23 13:13:16,2026-07-22T19:34:00+08:00,2026-07-22T19:36:03+08:00,1.0812,103.7437,C,Cloud to Cloud,2026-07-22T19:33:38.821+08:00
2026-07-23 13:13:16,2026-07-22T19:34:00+08:00,2026-07-22T19:36:03+08:00,1.0577,103.7435,C,Cloud to Cloud,2026-07-22T19:33:38.821+08:00
2026-07-23 13:13:16,2026-07-22T19:34:00+08:00,2026-07-22T19:36:03+08:00,1.0636,103.7458,C,Cloud to Cloud,2026-07-22T19:33:38.872+08:00
2026-07-23 13:13:16,2026-07-22T19:34:00+08:00,2026-07-22T19:36:03+08:00,1.0942,103.7497,C,Cloud to Cloud,2026-07-22T19:33:38.873+08:00
2026-07-23 13:13:16,2026-07-22T19:34:00+08:00,2026-07-22T19:36:03+08:00,1.0881,103.7472,C,Cloud to Cloud,2026-07-22T19:33:38.873+08:00
2026-07-23 13:13:16,2026-07-22T19:34:00+08:00,2026-07-22T19:36:03+08:00,1.0683,103.7488,C,Cloud to Cloud,2026-07-22T19:33:38.873+08:00
2026-07-23 13:13:16,2026-07-22T19:34:00+08:00,2026-07-22T19:36:03+08:00,1.1591,103.8036,C,Cloud to Cloud,2026-07-22T19:33:38.873+08:00
2026-07-23 13:13:16,2026-07-22T19:34:00+08:00,2026-07-22T19:36:03+08:00,1.1646,103.8069,C,Cloud to Cloud,2026-07-22T19:33:38.873+08:00
2026-07-23 13:13:16,2026-07-22T19:34:00+08:00,2026-07-22T19:36:03+08:00,1.0636,103.7308,C,Cloud to Cloud,2026-07-22T19:33:38.933+08:00
2026-07-23 13:13:16,2026-07-22T19:34:00+08:00,2026-07-22T19:36:03+08:00,1.0816,103.7456,C,Cloud to Cloud,2026-07-22T19:33:38.934+08:00
2026-07-23 13:13:16,2026-07-22T19:34:00+08:00,2026-07-22T19:36:03+08:00,1.0848,103.7543,C,Cloud to Cloud,2026-07-22T19:33:38.934+08:00
2026-07-23 13:13:16,2026-07-22T19:34:00+08:00,2026-07-22T19:36:03+08:00,1.0858,103.7483,C,Cloud to Cloud,2026-07-22T19:33:38.934+08:00
2026-07-23 13:13:16,2026-07-22T19:34:00+08:00,2026-07-22T19:36:03+08:00,1.0838,103.7526,C,Cloud to Cloud,2026-07-22T19:33:38.934+08:00
2026-07-23 13:13:16,2026-07-22T19:34:00+08:00,2026-07-22T19:36:03+08:00,1.088,103.7507,C,Cloud to Cloud,2026-07-22T19:33:38.934+08:00
2026-07-23 13:13:16,2026-07-22T19:34:00+08:00,2026-07-22T19:36:03+08:00,1.0733,103.758,C,Cloud to Cloud,2026-07-22T19:33:38.934+08:00
2026-07-23 13:13:16,2026-07-22T19:34:00+08:00,2026-07-22T19:36:03+08:00,1.0894,103.7589,C,Cloud to Cloud,2026-07-22T19:33:38.935+08:00
2026-07-23 13:13:16,2026-07-22T19:34:00+08:00,2026-07-22T19:36:03+08:00,1.1549,103.809,C,Cloud to Cloud,2026-07-22T19:33:38.935+08:00
2026-07-23 13:13:16,2026-07-22T19:34:00+08:00,2026-07-22T19:36:03+08:00,1.1739,103.8159,C,Cloud to Cloud,2026-07-22T19:33:38.935+08:00
2026-07-23 13:13:16,2026-07-22T19:34:00+08:00,2026-07-22T19:36:03+08:00,1.1734,103.8169,C,Cloud to Cloud,2026-07-22T19:33:38.935+08:00
2026-07-23 13:13:16,2026-07-22T19:34:00+08:00,2026-07-22T19:36:03+08:00,1.0849,103.744,C,Cloud to Cloud,2026-07-22T19:33:38.938+08:00
2026-07-23 13:13:16,2026-07-22T19:34:00+08:00,2026-07-22T19:36:03+08:00,1.0823,103.7704,G,Cloud to Ground,2026-07-22T19:33:38.938+08:00
2026-07-23 13:13:16,2026-07-22T19:34:00+08:00,2026-07-22T19:36:03+08:00,1.0784,103.7434,C,Cloud to Cloud,2026-07-22T19:33:38.938+08:00
2026-07-23 13:13:16,2026-07-22T19:34:00+08:00,2026-07-22T19:36:03+08:00,1.0574,103.7439,C,Cloud to Cloud,2026-07-22T19:33:38.965+08:00
2026-07-23 13:13:16,2026-07-22T19:34:00+08:00,2026-07-22T19:36:03+08:00,1.0649,103.7462,C,Cloud to Cloud,2026-07-22T19:33:38.965+08:00
2026-07-23 13:13:16,2026-07-22T19:34:00+08:00,2026-07-22T19:36:03+08:00,1.0479,103.7359,C,Cloud to Cloud,2026-07-22T19:33:38.965+08:00
2026-07-23 13:13:16,2026-07-22T19:34:00+08:00,2026-07-22T19:36:03+08:00,1.0949,103.7514,C,Cloud to Cloud,2026-07-22T19:33:38.965+08:00
2026-07-23 13:13:16,2026-07-22T19:34:00+08:00,2026-07-22T19:36:03+08:00,1.0955,103.7579,C,Cloud to Cloud,2026-07-22T19:33:38.965+08:00
2026-07-23 13:13:16,2026-07-22T19:34:00+08:00,2026-07-22T19:36:03+08:00,1.1445,103.7988,C,Cloud to Cloud,2026-07-22T19:33:38.965+08:00
2026-07-23 13:13:16,2026-07-22T19:34:00+08:00,2026-07-22T19:36:03+08:00,1.0722,103.765,G,Cloud to Ground,2026-07-22T19:33:38.965+08:00
2026-07-23 13:13:16,2026-07-22T19:34:00+08:00,2026-07-22T19:36:03+08:00,1.11,103.7739,C,Cloud to Cloud,2026-07-22T19:33:39.023+08:00
2026-07-23 13:13:16,2026-07-22T19:34:00+08:00,2026-07-22T19:36:03+08:00,1.1069,103.7712,C,Cloud to Cloud,2026-07-22T19:33:39.023+08:00
2026-07-23 13:13:16,2026-07-22T19:34:00+08:00,2026-07-22T19:36:03+08:00,1.0898,103.7657,C,Cloud to Cloud,2026-07-22T19:33:39.024+08:00
2026-07-23 13:13:16,2026-07-22T19:34:00+08:00,2026-07-22T19:36:03+08:00,1.1326,103.7917,C,Cloud to Cloud,2026-07-22T19:33:39.024+08:00
2026-07-23 13:13:16,2026-07-22T19:34:00+08:00,2026-07-22T19:36:03+08:00,1.146,103.8041,C,Cloud to Cloud,2026-07-22T19:33:39.024+08:00
2026-07-23 13:13:16,2026-07-22T19:34:00+08:00,2026-07-22T19:36:03+08:00,1.146,103.8041,C,Cloud to Cloud,2026-07-22T19:33:39.024+08:00
2026-07-23 13:13:16,2026-07-22T19:34:00+08:00,2026-07-22T19:36:03+08:00,1.0769,103.7669,G,Cloud to Ground,2026-07-22T19:33:39.024+08:00
2026-07-23 13:13:16,2026-07-22T19:34:00+08:00,2026-07-22T19:36:03+08:00,1.1739,103.8151,C,Cloud to Cloud,2026-07-22T19:33:39.046+08:00
2026-07-23 13:13:16,2026-07-22T19:34:00+08:00,2026-07-22T19:36:03+08:00,1.1671,103.8118,C,Cloud to Cloud,2026-07-22T19:33:39.047+08:00
2026-07-23 13:13:16,2026-07-22T19:34:00+08:00,2026-07-22T19:36:03+08:00,1.077,103.7676,G,Cloud to Ground,2026-07-22T19:33:39.047+08:00
2026-07-23 13:13:16,2026-07-22T19:32:00+08:00,2026-07-22T19:34:03+08:00,1.0596,103.7416,C,Cloud to Cloud,2026-07-22T19:31:47.624+08:00
2026-07-23 13:13:16,2026-07-22T19:32:00+08:00,2026-07-22T19:34:03+08:00,1.0835,103.7628,C,Cloud to Cloud,2026-07-22T19:31:47.626+08:00
2026-07-23 13:13:16,2026-07-22T19:32:00+08:00,2026-07-22T19:34:03+08:00,1.0854,103.7641,C,Cloud to Cloud,2026-07-22T19:31:47.627+08:00
2026-07-23 13:13:16,2026-07-22T19:32:00+08:00,2026-07-22T19:34:03+08:00,1.0962,103.7652,C,Cloud to Cloud,2026-07-22T19:31:47.627+08:00
2026-07-23 13:13:16,2026-07-22T19:32:00+08:00,2026-07-22T19:34:03+08:00,1.0858,103.7641,C,Cloud to Cloud,2026-07-22T19:31:47.627+08:00
2026-07-23 13:13:16,2026-07-22T19:32:00+08:00,2026-07-22T19:34:03+08:00,1.0889,103.7664,C,Cloud to Cloud,2026-07-22T19:31:47.627+08:00
2026-07-23 13:13:16,2026-07-22T19:32:00+08:00,2026-07-22T19:34:03+08:00,1.1044,103.7646,C,Cloud to Cloud,2026-07-22T19:31:47.627+08:00
2026-07-23 13:13:16,2026-07-22T19:32:00+08:00,2026-07-22T19:34:03+08:00,1.0727,103.7588,C,Cloud to Cloud,2026-07-22T19:31:47.627+08:00
2026-07-23 13:13:16,2026-07-22T19:32:00+08:00,2026-07-22T19:34:03+08:00,1.0838,103.7659,C,Cloud to Cloud,2026-07-22T19:31:47.627+08:00
2026-07-23 13:13:16,2026-07-22T19:32:00+08:00,2026-07-22T19:34:03+08:00,1.111,103.7677,C,Cloud to Cloud,2026-07-22T19:31:47.627+08:00
2026-07-23 13:13:16,2026-07-22T19:32:00+08:00,2026-07-22T19:34:03+08:00,1.0878,103.7672,C,Cloud to Cloud,2026-07-22T19:31:47.628+08:00
2026-07-23 13:13:16,2026-07-22T19:32:00+08:00,2026-07-22T19:34:03+08:00,1.078,103.7633,C,Cloud to Cloud,2026-07-22T19:31:47.628+08:00
2026-07-23 13:13:16,2026-07-22T19:32:00+08:00,2026-07-22T19:34:03+08:00,1.0884,103.7676,C,Cloud to Cloud,2026-07-22T19:31:47.628+08:00
2026-07-23 13:13:16,2026-07-22T19:32:00+08:00,2026-07-22T19:34:03+08:00,1.1247,103.7683,C,Cloud to Cloud,2026-07-22T19:31:47.628+08:00
2026-07-23 13:13:16,2026-07-22T19:32:00+08:00,2026-07-22T19:34:03+08:00,1.0891,103.7668,C,Cloud to Cloud,2026-07-22T19:31:47.628+08:00
2026-07-23 13:13:16,2026-07-22T19:32:00+08:00,2026-07-22T19:34:03+08:00,1.0826,103.7649,C,Cloud to Cloud,2026-07-22T19:31:47.628+08:00
2026-07-23 13:13:16,2026-07-22T19:32:00+08:00,2026-07-22T19:34:03+08:00,1.0832,103.7721,C,Cloud to Cloud,2026-07-22T19:31:47.628+08:00
2026-07-23 13:13:16,2026-07-22T19:32:00+08:00,2026-07-22T19:34:03+08:00,1.0782,103.7633,C,Cloud to Cloud,2026-07-22T19:31:47.628+08:00
2026-07-23 13:13:16,2026-07-22T19:32:00+08:00,2026-07-22T19:34:03+08:00,1.0953,103.7722,C,Cloud to Cloud,2026-07-22T19:31:47.628+08:00
2026-07-23 13:13:16,2026-07-22T19:32:00+08:00,2026-07-22T19:34:03+08:00,1.0718,103.7618,C,Cloud to Cloud,2026-07-22T19:31:47.628+08:00
2026-07-23 13:13:16,2026-07-22T19:32:00+08:00,2026-07-22T19:34:03+08:00,1.0718,103.7616,C,Cloud to Cloud,2026-07-22T19:31:47.628+08:00
2026-07-23 13:13:16,2026-07-22T19:32:00+08:00,2026-07-22T19:34:03+08:00,1.0726,103.7622,C,Cloud to Cloud,2026-07-22T19:31:47.629+08:00
2026-07-23 13:13:16,2026-07-22T19:32:00+08:00,2026-07-22T19:34:03+08:00,1.0753,103.7628,C,Cloud to Cloud,2026-07-22T19:31:47.629+08:00
2026-07-23 13:13:16,2026-07-22T19:32:00+08:00,2026-07-22T19:34:03+08:00,1.0708,103.7591,C,Cloud to Cloud,2026-07-22T19:31:47.629+08:00
2026-07-23 13:13:16,2026-07-22T19:32:00+08:00,2026-07-22T19:34:03+08:00,1.0718,103.7594,C,Cloud to Cloud,2026-07-22T19:31:47.629+08:00
2026-07-23 13:13:16,2026-07-22T19:32:00+08:00,2026-07-22T19:34:03+08:00,1.0699,103.7582,C,Cloud to Cloud,2026-07-22T19:31:47.629+08:00
2026-07-23 13:13:16,2026-07-22T19:32:00+08:00,2026-07-22T19:34:03+08:00,1.0723,103.7594,C,Cloud to Cloud,2026-07-22T19:31:47.629+08:00
2026-07-23 13:13:16,2026-07-22T19:32:00+08:00,2026-07-22T19:34:03+08:00,1.0707,103.7602,C,Cloud to Cloud,2026-07-22T19:31:47.629+08:00
2026-07-23 13:13:16,2026-07-22T19:32:00+08:00,2026-07-22T19:34:03+08:00,1.0681,103.7568,C,Cloud to Cloud,2026-07-22T19:31:47.629+08:00
2026-07-23 13:13:16,2026-07-22T19:32:00+08:00,2026-07-22T19:34:03+08:00,1.0645,103.756,C,Cloud to Cloud,2026-07-22T19:31:47.629+08:00
2026-07-23 13:13:16,2026-07-22T19:32:00+08:00,2026-07-22T19:34:03+08:00,1.0735,103.7598,C,Cloud to Cloud,2026-07-22T19:31:47.63+08:00
2026-07-23 13:13:16,2026-07-22T19:32:00+08:00,2026-07-22T19:34:03+08:00,1.078,103.7623,C,Cloud to Cloud,2026-07-22T19:31:47.63+08:00
2026-07-23 13:13:16,2026-07-22T19:32:00+08:00,2026-07-22T19:34:03+08:00,1.0696,103.7578,C,Cloud to Cloud,2026-07-22T19:31:47.63+08:00
2026-07-23 13:13:16,2026-07-22T19:32:00+08:00,2026-07-22T19:34:03+08:00,1.0653,103.7558,C,Cloud to Cloud,2026-07-22T19:31:47.63+08:00
2026-07-23 13:13:16,2026-07-22T19:32:00+08:00,2026-07-22T19:34:03+08:00,1.0676,103.7577,C,Cloud to Cloud,2026-07-22T19:31:47.63+08:00
2026-07-23 13:13:16,2026-07-22T19:32:00+08:00,2026-07-22T19:34:03+08:00,1.0707,103.7594,C,Cloud to Cloud,2026-07-22T19:31:47.63+08:00
2026-07-23 13:13:16,2026-07-22T19:32:00+08:00,2026-07-22T19:34:03+08:00,1.0773,103.7617,C,Cloud to Cloud,2026-07-22T19:31:47.63+08:00
2026-07-23 13:13:16,2026-07-22T19:32:00+08:00,2026-07-22T19:34:03+08:00,1.0758,103.7612,C,Cloud to Cloud,2026-07-22T19:31:47.63+08:00
2026-07-23 13:13:16,2026-07-22T19:32:00+08:00,2026-07-22T19:34:03+08:00,1.0754,103.7616,C,Cloud to Cloud,2026-07-22T19:31:47.63+08:00
2026-07-23 13:13:16,2026-07-22T19:32:00+08:00,2026-07-22T19:34:03+08:00,1.0717,103.7594,C,Cloud to Cloud,2026-07-22T19:31:47.631+08:00
2026-07-23 13:13:16,2026-07-22T19:32:00+08:00,2026-07-22T19:34:03+08:00,1.078,103.7636,C,Cloud to Cloud,2026-07-22T19:31:47.631+08:00
2026-07-23 13:13:16,2026-07-22T19:32:00+08:00,2026-07-22T19:34:03+08:00,1.0828,103.7657,C,Cloud to Cloud,2026-07-22T19:31:47.631+08:00
2026-07-23 13:13:16,2026-07-22T19:32:00+08:00,2026-07-22T19:34:03+08:00,1.0815,103.7661,C,Cloud to Cloud,2026-07-22T19:31:47.631+08:00
2026-07-23 13:13:16,2026-07-22T19:32:00+08:00,2026-07-22T19:34:03+08:00,1.0805,103.7646,C,Cloud to Cloud,2026-07-22T19:31:47.631+08:00
2026-07-23 13:13:16,2026-07-22T19:32:00+08:00,2026-07-22T19:34:03+08:00,1.0783,103.7641,C,Cloud to Cloud,2026-07-22T19:31:47.631+08:00
2026-07-23 13:13:16,2026-07-22T19:32:00+08:00,2026-07-22T19:34:03+08:00,1.086,103.7682,C,Cloud to Cloud,2026-07-22T19:31:47.631+08:00
2026-07-23 13:13:16,2026-07-22T19:32:00+08:00,2026-07-22T19:34:03+08:00,1.0858,103.7665,C,Cloud to Cloud,2026-07-22T19:31:47.631+08:00
2026-07-23 13:13:16,2026-07-22T19:32:00+08:00,2026-07-22T19:34:03+08:00,1.0912,103.7713,C,Cloud to Cloud,2026-07-22T19:31:47.631+08:00
2026-07-23 13:13:16,2026-07-22T19:32:00+08:00,2026-07-22T19:34:03+08:00,1.0891,103.7687,C,Cloud to Cloud,2026-07-22T19:31:47.631+08:00
2026-07-23 13:13:16,2026-07-22T19:32:00+08:00,2026-07-22T19:34:03+08:00,1.0841,103.7676,C,Cloud to Cloud,2026-07-22T19:31:47.632+08:00
2026-07-23 13:13:16,2026-07-22T19:32:00+08:00,2026-07-22T19:34:03+08:00,1.088,103.7701,C,Cloud to Cloud,2026-07-22T19:31:47.632+08:00
2026-07-23 13:13:16,2026-07-22T19:32:00+08:00,2026-07-22T19:34:03+08:00,1.0929,103.7711,C,Cloud to Cloud,2026-07-22T19:31:47.632+08:00
2026-07-23 13:13:16,2026-07-22T19:32:00+08:00,2026-07-22T19:34:03+08:00,1.0853,103.768,C,Cloud to Cloud,2026-07-22T19:31:47.632+08:00
2026-07-23 13:13:16,2026-07-22T19:32:00+08:00,2026-07-22T19:34:03+08:00,1.0917,103.7717,C,Cloud to Cloud,2026-07-22T19:31:47.632+08:00
2026-07-23 13:13:16,2026-07-22T19:32:00+08:00,2026-07-22T19:34:03+08:00,1.0966,103.7729,C,Cloud to Cloud,2026-07-22T19:31:47.632+08:00
2026-07-23 13:13:16,2026-07-22T19:32:00+08:00,2026-07-22T19:34:03+08:00,1.0916,103.7734,C,Cloud to Cloud,2026-07-22T19:31:47.632+08:00
2026-07-23 13:13:16,2026-07-22T19:32:00+08:00,2026-07-22T19:34:03+08:00,1.0968,103.7741,C,Cloud to Cloud,2026-07-22T19:31:47.632+08:00
2026-07-23 13:13:16,2026-07-22T19:32:00+08:00,2026-07-22T19:34:03+08:00,1.1001,103.7764,C,Cloud to Cloud,2026-07-22T19:31:47.632+08:00
2026-07-23 13:13:16,2026-07-22T19:32:00+08:00,2026-07-22T19:34:03+08:00,1.0862,103.7705,C,Cloud to Cloud,2026-07-22T19:31:47.632+08:00
2026-07-23 13:13:16,2026-07-22T19:32:00+08:00,2026-07-22T19:34:03+08:00,1.1011,103.7772,C,Cloud to Cloud,2026-07-22T19:31:47.633+08:00
2026-07-23 13:13:16,2026-07-22T19:32:00+08:00,2026-07-22T19:34:03+08:00,1.1293,103.7785,C,Cloud to Cloud,2026-07-22T19:31:47.633+08:00
2026-07-23 13:13:16,2026-07-22T19:32:00+08:00,2026-07-22T19:34:03+08:00,1.125,103.7762,C,Cloud to Cloud,2026-07-22T19:31:47.633+08:00
2026-07-23 13:13:16,2026-07-22T19:32:00+08:00,2026-07-22T19:34:03+08:00,1.1066,103.7813,C,Cloud to Cloud,2026-07-22T19:31:47.633+08:00
2026-07-23 13:13:16,2026-07-22T19:32:00+08:00,2026-07-22T19:34:03+08:00,1.1089,103.7827,C,Cloud to Cloud,2026-07-22T19:31:47.633+08:00
2026-07-23 13:13:16,2026-07-22T19:32:00+08:00,2026-07-22T19:34:03+08:00,1.1295,103.7743,C,Cloud to Cloud,2026-07-22T19:31:47.635+08:00
2026-07-23 13:13:16,2026-07-22T19:32:00+08:00,2026-07-22T19:34:03+08:00,1.1257,103.7733,C,Cloud to Cloud,2026-07-22T19:31:47.635+08:00
2026-07-23 13:13:16,2026-07-22T19:32:00+08:00,2026-07-22T19:34:03+08:00,1.1246,103.775,C,Cloud to Cloud,2026-07-22T19:31:47.635+08:00
2026-07-23 13:13:16,2026-07-22T19:32:00+08:00,2026-07-22T19:34:03+08:00,1.0976,103.775,C,Cloud to Cloud,2026-07-22T19:31:47.635+08:00
2026-07-23 13:13:16,2026-07-22T19:32:00+08:00,2026-07-22T19:34:03+08:00,1.1274,103.7752,C,Cloud to Cloud,2026-07-22T19:31:47.635+08:00
2026-07-23 13:13:16,2026-07-22T19:32:00+08:00,2026-07-22T19:34:03+08:00,1.1252,103.7719,C,Cloud to Cloud,2026-07-22T19:31:47.635+08:00
2026-07-23 13:13:16,2026-07-22T19:32:00+08:00,2026-07-22T19:34:03+08:00,1.1135,103.7656,C,Cloud to Cloud,2026-07-22T19:31:47.635+08:00
2026-07-23 13:13:16,2026-07-22T19:32:00+08:00,2026-07-22T19:34:03+08:00,1.1237,103.7701,C,Cloud to Cloud,2026-07-22T19:31:47.635+08:00
2026-07-23 13:13:16,2026-07-22T19:32:00+08:00,2026-07-22T19:34:03+08:00,1.0959,103.773,C,Cloud to Cloud,2026-07-22T19:31:47.635+08:00
2026-07-23 13:13:16,2026-07-22T19:32:00+08:00,2026-07-22T19:34:03+08:00,1.0924,103.7725,C,Cloud to Cloud,2026-07-22T19:31:47.635+08:00
2026-07-23 13:13:16,2026-07-22T19:32:00+08:00,2026-07-22T19:34:03+08:00,1.1218,103.7703,C,Cloud to Cloud,2026-07-22T19:31:47.636+08:00
2026-07-23 13:13:16,2026-07-22T19:32:00+08:00,2026-07-22T19:34:03+08:00,1.107,103.7601,C,Cloud to Cloud,2026-07-22T19:31:47.636+08:00
2026-07-23 13:13:16,2026-07-22T19:32:00+08:00,2026-07-22T19:34:03+08:00,1.1164,103.7681,C,Cloud to Cloud,2026-07-22T19:31:47.636+08:00
2026-07-23 13:13:16,2026-07-22T19:32:00+08:00,2026-07-22T19:34:03+08:00,1.1089,103.7602,C,Cloud to Cloud,2026-07-22T19:31:47.636+08:00
2026-07-23 13:13:16,2026-07-22T19:32:00+08:00,2026-07-22T19:34:03+08:00,1.0621,103.757,C,Cloud to Cloud,2026-07-22T19:31:47.636+08:00
2026-07-23 13:13:16,2026-07-22T19:32:00+08:00,2026-07-22T19:34:03+08:00,1.074,103.763,C,Cloud to Cloud,2026-07-22T19:31:47.636+08:00
2026-07-23 13:13:16,2026-07-22T19:32:00+08:00,2026-07-22T19:34:03+08:00,1.1185,103.7599,C,Cloud to Cloud,2026-07-22T19:31:47.636+08:00
2026-07-23 13:13:16,2026-07-22T19:32:00+08:00,2026-07-22T19:34:03+08:00,1.1138,103.7602,C,Cloud to Cloud,2026-07-22T19:31:47.636+08:00
2026-07-23 13:13:16,2026-07-22T19:32:00+08:00,2026-07-22T19:34:03+08:00,1.0963,103.7454,C,Cloud to Cloud,2026-07-22T19:31:47.636+08:00
2026-07-23 13:13:16,2026-07-22T19:32:00+08:00,2026-07-22T19:34:03+08:00,1.1046,103.7581,C,Cloud to Cloud,2026-07-22T19:31:47.636+08:00
2026-07-23 13:13:16,2026-07-22T19:32:00+08:00,2026-07-22T19:34:03+08:00,1.1021,103.7588,C,Cloud to Cloud,2026-07-22T19:31:47.637+08:00
2026-07-23 13:13:16,2026-07-22T19:32:00+08:00,2026-07-22T19:34:03+08:00,1.112,103.7571,C,Cloud to Cloud,2026-07-22T19:31:47.637+08:00
2026-07-23 13:13:16,2026-07-22T19:32:00+08:00,2026-07-22T19:34:03+08:00,1.1099,103.7602,C,Cloud to Cloud,2026-07-22T19:31:47.637+08:00
2026-07-23 13:13:16,2026-07-22T19:32:00+08:00,2026-07-22T19:34:03+08:00,1.1037,103.7587,C,Cloud to Cloud,2026-07-22T19:31:47.637+08:00
2026-07-23 13:13:16,2026-07-22T19:32:00+08:00,2026-07-22T19:34:03+08:00,1.0818,103.7429,C,Cloud to Cloud,2026-07-22T19:31:47.637+08:00
2026-07-23 13:13:16,2026-07-22T19:32:00+08:00,2026-07-22T19:34:03+08:00,1.0966,103.7472,C,Cloud to Cloud,2026-07-22T19:31:47.637+08:00
2026-07-23 13:13:16,2026-07-22T19:32:00+08:00,2026-07-22T19:34:03+08:00,1.0939,103.7474,C,Cloud to Cloud,2026-07-22T19:31:47.637+08:00
2026-07-23 13:13:16,2026-07-22T19:32:00+08:00,2026-07-22T19:34:03+08:00,1.0801,103.7373,C,Cloud to Cloud,2026-07-22T19:31:47.637+08:00
2026-07-23 13:13:16,2026-07-22T19:32:00+08:00,2026-07-22T19:34:03+08:00,1.1129,103.7584,C,Cloud to Cloud,2026-07-22T19:31:47.637+08:00
2026-07-23 13:13:16,2026-07-22T19:32:00+08:00,2026-07-22T19:34:03+08:00,1.089,103.7443,C,Cloud to Cloud,2026-07-22T19:31:47.637+08:00
2026-07-23 13:13:16,2026-07-22T19:32:00+08:00,2026-07-22T19:34:03+08:00,1.0888,103.7462,C,Cloud to Cloud,2026-07-22T19:31:47.638+08:00
2026-07-23 13:13:16,2026-07-22T19:32:00+08:00,2026-07-22T19:34:03+08:00,1.1467,103.8039,C,Cloud to Cloud,2026-07-22T19:31:47.638+08:00
2026-07-23 13:13:16,2026-07-22T19:32:00+08:00,2026-07-22T19:34:03+08:00,1.0777,103.7379,C,Cloud to Cloud,2026-07-22T19:31:47.638+08:00
2026-07-23 13:13:16,2026-07-22T19:32:00+08:00,2026-07-22T19:34:03+08:00,1.0802,103.7462,C,Cloud to Cloud,2026-07-22T19:31:47.638+08:00
2026-07-23 13:13:16,2026-07-22T19:32:00+08:00,2026-07-22T19:34:03+08:00,1.1017,103.7455,C,Cloud to Cloud,2026-07-22T19:31:47.638+08:00
2026-07-23 13:13:16,2026-07-22T19:32:00+08:00,2026-07-22T19:34:03+08:00,1.0937,103.7462,C,Cloud to Cloud,2026-07-22T19:31:47.638+08:00
2026-07-23 13:13:16,2026-07-22T19:32:00+08:00,2026-07-22T19:34:03+08:00,1.0869,103.7461,C,Cloud to Cloud,2026-07-22T19:31:47.638+08:00
2026-07-23 13:13:16,2026-07-22T19:32:00+08:00,2026-07-22T19:34:03+08:00,1.1747,103.818,C,Cloud to Cloud,2026-07-22T19:31:47.638+08:00
2026-07-23 13:13:16,2026-07-22T19:32:00+08:00,2026-07-22T19:34:03+08:00,1.1215,103.7724,C,Cloud to Cloud,2026-07-22T19:31:47.638+08:00
2026-07-23 13:13:16,2026-07-22T19:32:00+08:00,2026-07-22T19:34:03+08:00,1.1142,103.7704,C,Cloud to Cloud,2026-07-22T19:31:47.639+08:00
2026-07-23 13:13:16,2026-07-22T19:32:00+08:00,2026-07-22T19:34:03+08:00,1.1236,103.772,C,Cloud to Cloud,2026-07-22T19:31:47.639+08:00
2026-07-23 13:13:16,2026-07-22T19:32:00+08:00,2026-07-22T19:34:03+08:00,1.1208,103.7745,C,Cloud to Cloud,2026-07-22T19:31:47.639+08:00
2026-07-23 13:13:16,2026-07-22T19:32:00+08:00,2026-07-22T19:34:03+08:00,1.126,103.7727,C,Cloud to Cloud,2026-07-22T19:31:47.639+08:00
2026-07-23 13:13:16,2026-07-22T19:32:00+08:00,2026-07-22T19:34:03+08:00,1.1084,103.7661,C,Cloud to Cloud,2026-07-22T19:31:47.639+08:00
2026-07-23 13:13:16,2026-07-22T19:32:00+08:00,2026-07-22T19:34:03+08:00,1.1248,103.7734,C,Cloud to Cloud,2026-07-22T19:31:47.639+08:00
2026-07-23 13:13:16,2026-07-22T19:32:00+08:00,2026-07-22T19:34:03+08:00,1.1068,103.7852,C,Cloud to Cloud,2026-07-22T19:31:47.639+08:00
2026-07-23 13:13:16,2026-07-22T19:32:00+08:00,2026-07-22T19:34:03+08:00,1.1061,103.7868,C,Cloud to Cloud,2026-07-22T19:31:47.64+08:00
2026-07-23 13:13:16,2026-07-22T19:32:00+08:00,2026-07-22T19:34:03+08:00,1.1578,103.8027,C,Cloud to Cloud,2026-07-22T19:31:47.642+08:00
2026-07-23 13:13:16,2026-07-22T19:32:00+08:00,2026-07-22T19:34:03+08:00,1.0713,103.7611,C,Cloud to Cloud,2026-07-22T19:31:47.642+08:00
2026-07-23 13:13:16,2026-07-22T19:32:00+08:00,2026-07-22T19:34:03+08:00,1.0443,103.7406,G,Cloud to Ground,2026-07-22T19:31:47.642+08:00
2026-07-23 13:13:16,2026-07-22T19:32:00+08:00,2026-07-22T19:34:03+08:00,1.0761,103.745,C,Cloud to Cloud,2026-07-22T19:31:47.642+08:00
2026-07-23 13:13:16,2026-07-22T19:32:00+08:00,2026-07-22T19:34:03+08:00,1.078,103.7475,C,Cloud to Cloud,2026-07-22T19:31:47.642+08:00
2026-07-23 13:13:16,2026-07-22T19:32:00+08:00,2026-07-22T19:34:03+08:00,1.1099,103.7633,C,Cloud to Cloud,2026-07-22T19:31:47.642+08:00
2026-07-23 13:13:16,2026-07-22T19:32:00+08:00,2026-07-22T19:34:03+08:00,1.0529,103.7466,C,Cloud to Cloud,2026-07-22T19:31:47.679+08:00
2026-07-23 13:13:16,2026-07-22T19:32:00+08:00,2026-07-22T19:34:03+08:00,1.0808,103.749,C,Cloud to Cloud,2026-07-22T19:31:47.691+08:00
2026-07-23 13:13:16,2026-07-22T19:32:00+08:00,2026-07-22T19:34:03+08:00,1.0833,103.7504,C,Cloud to Cloud,2026-07-22T19:31:47.691+08:00
2026-07-23 13:13:16,2026-07-22T19:32:00+08:00,2026-07-22T19:34:03+08:00,1.0677,103.7701,C,Cloud to Cloud,2026-07-22T19:31:47.691+08:00
2026-07-23 13:13:16,2026-07-22T19:32:00+08:00,2026-07-22T19:34:03+08:00,1.0564,103.7659,C,Cloud to Cloud,2026-07-22T19:31:47.691+08:00
2026-07-23 13:13:16,2026-07-22T19:32:00+08:00,2026-07-22T19:34:03+08:00,1.1479,103.8081,C,Cloud to Cloud,2026-07-22T19:31:47.691+08:00
2026-07-23 13:13:16,2026-07-22T19:32:00+08:00,2026-07-22T19:34:03+08:00,1.078,103.7357,C,Cloud to Cloud,2026-07-22T19:31:47.714+08:00
2026-07-23 13:13:16,2026-07-22T19:32:00+08:00,2026-07-22T19:34:03+08:00,1.0917,103.7523,C,Cloud to Cloud,2026-07-22T19:31:47.715+08:00
2026-07-23 13:13:16,2026-07-22T19:32:00+08:00,2026-07-22T19:34:03+08:00,1.0795,103.7451,C,Cloud to Cloud,2026-07-22T19:31:47.715+08:00
2026-07-23 13:13:16,2026-07-22T19:32:00+08:00,2026-07-22T19:34:03+08:00,1.0993,103.7552,C,Cloud to Cloud,2026-07-22T19:31:47.715+08:00
2026-07-23 13:13:16,2026-07-22T19:32:00+08:00,2026-07-22T19:34:03+08:00,1.1482,103.8063,C,Cloud to Cloud,2026-07-22T19:31:47.715+08:00
2026-07-23 13:13:16,2026-07-22T19:32:00+08:00,2026-07-22T19:34:03+08:00,1.0454,103.769,G,Cloud to Ground,2026-07-22T19:31:47.739+08:00
2026-07-23 13:13:16,2026-07-22T19:32:00+08:00,2026-07-22T19:34:03+08:00,1.171,103.817,C,Cloud to Cloud,2026-07-22T19:31:47.74+08:00
2026-07-23 13:13:16,2026-07-22T19:32:00+08:00,2026-07-22T19:34:03+08:00,1.1089,103.756,C,Cloud to Cloud,2026-07-22T19:31:47.763+08:00
2026-07-23 13:13:16,2026-07-22T19:32:00+08:00,2026-07-22T19:34:03+08:00,1.0376,103.7675,G,Cloud to Ground,2026-07-22T19:31:47.763+08:00
2026-07-23 13:13:16,2026-07-22T19:30:00+08:00,2026-07-22T19:32:03+08:00,1.0261,103.5212,C,Cloud to Cloud,2026-07-22T19:28:03.359+08:00
2026-07-23 13:13:16,2026-07-22T19:30:00+08:00,2026-07-22T19:32:03+08:00,1.0008,103.5048,C,Cloud to Cloud,2026-07-22T19:28:03.359+08:00
2026-07-23 13:13:16,2026-07-22T19:30:00+08:00,2026-07-22T19:32:03+08:00,1.0509,103.5397,C,Cloud to Cloud,2026-07-22T19:28:03.36+08:00
2026-07-23 13:13:16,2026-07-22T19:30:00+08:00,2026-07-22T19:32:03+08:00,0.9773,103.473,C,Cloud to Cloud,2026-07-22T19:28:03.36+08:00
2026-07-23 13:13:16,2026-07-22T19:30:00+08:00,2026-07-22T19:32:03+08:00,1.0095,103.514,C,Cloud to Cloud,2026-07-22T19:28:03.36+08:00
2026-07-23 13:13:16,2026-07-22T19:30:00+08:00,2026-07-22T19:32:03+08:00,1.0149,103.527,C,Cloud to Cloud,2026-07-22T19:28:03.36+08:00
2026-07-23 13:13:16,2026-07-22T19:30:00+08:00,2026-07-22T19:32:03+08:00,1.0016,103.507,C,Cloud to Cloud,2026-07-22T19:28:03.36+08:00
2026-07-23 13:13:16,2026-07-22T19:30:00+08:00,2026-07-22T19:32:03+08:00,1.008,103.5189,C,Cloud to Cloud,2026-07-22T19:28:03.361+08:00
2026-07-23 13:13:16,2026-07-22T19:30:00+08:00,2026-07-22T19:32:03+08:00,1.0411,103.5533,C,Cloud to Cloud,2026-07-22T19:28:03.361+08:00
2026-07-23 13:13:16,2026-07-22T19:30:00+08:00,2026-07-22T19:32:03+08:00,1.0401,103.5587,C,Cloud to Cloud,2026-07-22T19:28:03.361+08:00
2026-07-23 13:13:16,2026-07-22T19:30:00+08:00,2026-07-22T19:32:03+08:00,1.021,103.7401,C,Cloud to Cloud,2026-07-22T19:28:56.354+08:00
2026-07-23 13:13:16,2026-07-22T19:30:00+08:00,2026-07-22T19:32:03+08:00,1.0059,103.6303,C,Cloud to Cloud,2026-07-22T19:29:18.426+08:00
2026-07-23 13:13:16,2026-07-22T19:30:00+08:00,2026-07-22T19:32:03+08:00,1.0011,103.6189,C,Cloud to Cloud,2026-07-22T19:29:18.426+08:00
2026-07-23 13:13:16,2026-07-22T19:30:00+08:00,2026-07-22T19:32:03+08:00,0.9834,103.6024,C,Cloud to Cloud,2026-07-22T19:29:18.426+08:00
2026-07-23 13:13:16,2026-07-22T19:30:00+08:00,2026-07-22T19:32:03+08:00,1.0119,103.6272,C,Cloud to Cloud,2026-07-22T19:29:18.426+08:00
2026-07-23 13:13:16,2026-07-22T19:30:00+08:00,2026-07-22T19:32:03+08:00,1.0086,103.6203,C,Cloud to Cloud,2026-07-22T19:29:18.426+08:00
2026-07-23 13:13:16,2026-07-22T19:30:00+08:00,2026-07-22T19:32:03+08:00,0.9946,103.6041,C,Cloud to Cloud,2026-07-22T19:29:18.426+08:00
2026-07-23 13:13:16,2026-07-22T19:30:00+08:00,2026-07-22T19:32:03+08:00,0.9989,103.5856,C,Cloud to Cloud,2026-07-22T19:29:18.426+08:00
2026-07-23 13:13:16,2026-07-22T19:30:00+08:00,2026-07-22T19:32:03+08:00,0.9847,103.6088,C,Cloud to Cloud,2026-07-22T19:29:18.994+08:00
2026-07-23 13:13:16,2026-07-22T19:30:00+08:00,2026-07-22T19:32:03+08:00,1.1202,103.7484,C,Cloud to Cloud,2026-07-22T19:29:18.994+08:00
2026-07-23 13:13:16,2026-07-22T19:28:00+08:00,2026-07-22T19:30:04+08:00,1.0472,103.7518,C,Cloud to Cloud,2026-07-22T19:26:42.6+08:00
2026-07-23 13:13:16,2026-07-22T19:20:00+08:00,2026-07-22T19:22:03+08:00,0.9705,103.3034,C,Cloud to Cloud,2026-07-22T19:19:41.121+08:00
2026-07-23 13:13:16,2026-07-22T19:14:00+08:00,2026-07-22T19:16:02+08:00,0.9628,103.6569,C,Cloud to Cloud,2026-07-22T19:12:14.602+08:00
2026-07-23 13:13:16,2026-07-22T19:10:00+08:00,2026-07-22T19:12:03+08:00,1.1018,103.7609,C,Cloud to Cloud,2026-07-22T19:09:50.941+08:00
2026-07-23 13:13:16,2026-07-22T19:08:00+08:00,2026-07-22T19:10:03+08:00,0.9811,103.4146,C,Cloud to Cloud,2026-07-22T19:07:36.889+08:00
2026-07-23 13:13:16,2026-07-22T19:08:00+08:00,2026-07-22T19:10:03+08:00,0.9621,103.3882,C,Cloud to Cloud,2026-07-22T19:07:36.889+08:00
2026-07-23 13:13:16,2026-07-22T19:08:00+08:00,2026-07-22T19:10:03+08:00,0.9828,103.4291,C,Cloud to Cloud,2026-07-22T19:07:37.088+08:00
2026-07-23 13:13:16,2026-07-22T19:08:00+08:00,2026-07-22T19:10:03+08:00,0.9848,103.4198,C,Cloud to Cloud,2026-07-22T19:07:37.088+08:00
2026-07-23 13:13:16,2026-07-22T19:08:00+08:00,2026-07-22T19:10:03+08:00,0.9898,103.4199,C,Cloud to Cloud,2026-07-22T19:07:37.088+08:00
2026-07-23 13:13:16,2026-07-22T19:00:00+08:00,2026-07-22T19:02:03+08:00,1.057,103.7221,C,Cloud to Cloud,2026-07-22T18:58:15.021+08:00
2026-07-23 13:13:16,2026-07-22T19:00:00+08:00,2026-07-22T19:02:03+08:00,0.9825,103.6821,C,Cloud to Cloud,2026-07-22T18:59:42.2+08:00
