fetch_time,observation_window,data_updated,latitude,longitude,strike_type,description,strike_time
2026-02-07 11:58:19,2026-02-06T18:50:00+08:00,2026-02-06T18:52:03+08:00,1.4481,103.8782,C,Cloud to Cloud,2026-02-06T18:48:38.417+08:00
2026-02-07 11:58:19,2026-02-06T18:50:00+08:00,2026-02-06T18:52:03+08:00,1.4523,103.8688,C,Cloud to Cloud,2026-02-06T18:48:38.417+08:00
2026-02-07 11:58:19,2026-02-06T18:50:00+08:00,2026-02-06T18:52:03+08:00,1.4503,103.8751,C,Cloud to Cloud,2026-02-06T18:48:38.417+08:00
2026-02-07 11:58:19,2026-02-06T18:50:00+08:00,2026-02-06T18:52:03+08:00,1.4751,103.8394,C,Cloud to Cloud,2026-02-06T18:48:38.417+08:00
2026-02-07 11:58:19,2026-02-06T18:50:00+08:00,2026-02-06T18:52:03+08:00,1.4489,103.8845,C,Cloud to Cloud,2026-02-06T18:48:38.417+08:00
2026-02-07 11:58:19,2026-02-06T18:50:00+08:00,2026-02-06T18:52:03+08:00,1.451,103.8779,C,Cloud to Cloud,2026-02-06T18:48:38.417+08:00
2026-02-07 11:58:19,2026-02-06T18:50:00+08:00,2026-02-06T18:52:03+08:00,1.4481,103.8861,C,Cloud to Cloud,2026-02-06T18:48:38.418+08:00
2026-02-07 11:58:19,2026-02-06T18:50:00+08:00,2026-02-06T18:52:03+08:00,1.4568,103.8729,C,Cloud to Cloud,2026-02-06T18:48:38.418+08:00
2026-02-07 11:58:19,2026-02-06T18:50:00+08:00,2026-02-06T18:52:03+08:00,1.4495,103.8767,C,Cloud to Cloud,2026-02-06T18:48:38.418+08:00
2026-02-07 11:58:19,2026-02-06T18:50:00+08:00,2026-02-06T18:52:03+08:00,1.4479,103.8778,C,Cloud to Cloud,2026-02-06T18:48:38.418+08:00
2026-02-07 11:58:19,2026-02-06T18:50:00+08:00,2026-02-06T18:52:03+08:00,1.4487,103.8749,C,Cloud to Cloud,2026-02-06T18:48:38.418+08:00
2026-02-07 11:58:19,2026-02-06T18:50:00+08:00,2026-02-06T18:52:03+08:00,1.4485,103.8743,C,Cloud to Cloud,2026-02-06T18:48:38.418+08:00
2026-02-07 11:58:19,2026-02-06T18:50:00+08:00,2026-02-06T18:52:03+08:00,1.4488,103.875,C,Cloud to Cloud,2026-02-06T18:48:38.418+08:00
2026-02-07 11:58:19,2026-02-06T18:50:00+08:00,2026-02-06T18:52:03+08:00,1.4462,103.8739,C,Cloud to Cloud,2026-02-06T18:48:38.418+08:00
2026-02-07 11:58:19,2026-02-06T18:50:00+08:00,2026-02-06T18:52:03+08:00,1.4475,103.8744,C,Cloud to Cloud,2026-02-06T18:48:38.418+08:00
2026-02-07 11:58:19,2026-02-06T18:50:00+08:00,2026-02-06T18:52:03+08:00,1.4494,103.8706,C,Cloud to Cloud,2026-02-06T18:48:38.418+08:00
2026-02-07 11:58:19,2026-02-06T18:50:00+08:00,2026-02-06T18:52:03+08:00,1.4385,103.8813,C,Cloud to Cloud,2026-02-06T18:48:38.418+08:00
2026-02-07 11:58:19,2026-02-06T18:50:00+08:00,2026-02-06T18:52:03+08:00,1.4473,103.8729,C,Cloud to Cloud,2026-02-06T18:48:38.419+08:00
2026-02-07 11:58:19,2026-02-06T18:50:00+08:00,2026-02-06T18:52:03+08:00,1.4478,103.8777,C,Cloud to Cloud,2026-02-06T18:48:38.419+08:00
2026-02-07 11:58:19,2026-02-06T18:50:00+08:00,2026-02-06T18:52:03+08:00,1.4481,103.8711,C,Cloud to Cloud,2026-02-06T18:48:38.419+08:00
2026-02-07 11:58:19,2026-02-06T18:50:00+08:00,2026-02-06T18:52:03+08:00,1.4472,103.8717,C,Cloud to Cloud,2026-02-06T18:48:38.419+08:00
2026-02-07 11:58:19,2026-02-06T18:50:00+08:00,2026-02-06T18:52:03+08:00,1.4485,103.8815,C,Cloud to Cloud,2026-02-06T18:48:38.419+08:00
2026-02-07 11:58:19,2026-02-06T18:50:00+08:00,2026-02-06T18:52:03+08:00,1.4477,103.881,C,Cloud to Cloud,2026-02-06T18:48:38.419+08:00
2026-02-07 11:58:19,2026-02-06T18:50:00+08:00,2026-02-06T18:52:03+08:00,1.448,103.8728,C,Cloud to Cloud,2026-02-06T18:48:38.419+08:00
2026-02-07 11:58:19,2026-02-06T18:50:00+08:00,2026-02-06T18:52:03+08:00,1.4485,103.8717,C,Cloud to Cloud,2026-02-06T18:48:38.419+08:00
2026-02-07 11:58:19,2026-02-06T18:50:00+08:00,2026-02-06T18:52:03+08:00,1.4493,103.8721,C,Cloud to Cloud,2026-02-06T18:48:38.419+08:00
2026-02-07 11:58:19,2026-02-06T18:50:00+08:00,2026-02-06T18:52:03+08:00,1.449,103.8801,C,Cloud to Cloud,2026-02-06T18:48:38.419+08:00
2026-02-07 11:58:19,2026-02-06T18:50:00+08:00,2026-02-06T18:52:03+08:00,1.4481,103.8807,C,Cloud to Cloud,2026-02-06T18:48:38.42+08:00
2026-02-07 11:58:19,2026-02-06T18:50:00+08:00,2026-02-06T18:52:03+08:00,1.4479,103.8794,C,Cloud to Cloud,2026-02-06T18:48:38.42+08:00
2026-02-07 11:58:19,2026-02-06T18:50:00+08:00,2026-02-06T18:52:03+08:00,1.449,103.8757,C,Cloud to Cloud,2026-02-06T18:48:38.42+08:00
2026-02-07 11:58:19,2026-02-06T18:50:00+08:00,2026-02-06T18:52:03+08:00,1.4486,103.878,C,Cloud to Cloud,2026-02-06T18:48:38.42+08:00
2026-02-07 11:58:19,2026-02-06T18:50:00+08:00,2026-02-06T18:52:03+08:00,1.4491,103.8726,C,Cloud to Cloud,2026-02-06T18:48:38.42+08:00
2026-02-07 11:58:19,2026-02-06T18:50:00+08:00,2026-02-06T18:52:03+08:00,1.4481,103.8774,C,Cloud to Cloud,2026-02-06T18:48:38.42+08:00
2026-02-07 11:58:19,2026-02-06T18:50:00+08:00,2026-02-06T18:52:03+08:00,1.4482,103.8758,C,Cloud to Cloud,2026-02-06T18:48:38.42+08:00
2026-02-07 11:58:19,2026-02-06T18:50:00+08:00,2026-02-06T18:52:03+08:00,1.4473,103.8756,C,Cloud to Cloud,2026-02-06T18:48:38.42+08:00
2026-02-07 11:58:19,2026-02-06T18:50:00+08:00,2026-02-06T18:52:03+08:00,1.4487,103.8736,C,Cloud to Cloud,2026-02-06T18:48:38.42+08:00
2026-02-07 11:58:19,2026-02-06T18:50:00+08:00,2026-02-06T18:52:03+08:00,1.4478,103.8742,C,Cloud to Cloud,2026-02-06T18:48:38.42+08:00
2026-02-07 11:58:19,2026-02-06T18:50:00+08:00,2026-02-06T18:52:03+08:00,1.4451,103.8506,C,Cloud to Cloud,2026-02-06T18:48:38.42+08:00
2026-02-07 11:58:19,2026-02-06T18:50:00+08:00,2026-02-06T18:52:03+08:00,1.4479,103.8738,C,Cloud to Cloud,2026-02-06T18:48:38.421+08:00
2026-02-07 11:58:19,2026-02-06T18:50:00+08:00,2026-02-06T18:52:03+08:00,1.4483,103.8743,C,Cloud to Cloud,2026-02-06T18:48:38.421+08:00
2026-02-07 11:58:19,2026-02-06T18:50:00+08:00,2026-02-06T18:52:03+08:00,1.4493,103.8747,C,Cloud to Cloud,2026-02-06T18:48:38.421+08:00
2026-02-07 11:58:19,2026-02-06T18:50:00+08:00,2026-02-06T18:52:03+08:00,1.4478,103.8745,C,Cloud to Cloud,2026-02-06T18:48:38.421+08:00
2026-02-07 11:58:19,2026-02-06T18:50:00+08:00,2026-02-06T18:52:03+08:00,1.4478,103.8746,C,Cloud to Cloud,2026-02-06T18:48:38.421+08:00
2026-02-07 11:58:19,2026-02-06T18:50:00+08:00,2026-02-06T18:52:03+08:00,1.448,103.8771,C,Cloud to Cloud,2026-02-06T18:48:38.421+08:00
2026-02-07 11:58:19,2026-02-06T18:50:00+08:00,2026-02-06T18:52:03+08:00,1.4481,103.8777,C,Cloud to Cloud,2026-02-06T18:48:38.421+08:00
2026-02-07 11:58:19,2026-02-06T18:50:00+08:00,2026-02-06T18:52:03+08:00,1.4476,103.8755,C,Cloud to Cloud,2026-02-06T18:48:38.421+08:00
2026-02-07 11:58:19,2026-02-06T18:50:00+08:00,2026-02-06T18:52:03+08:00,1.449,103.8775,C,Cloud to Cloud,2026-02-06T18:48:38.421+08:00
2026-02-07 11:58:19,2026-02-06T18:50:00+08:00,2026-02-06T18:52:03+08:00,1.4493,103.8758,C,Cloud to Cloud,2026-02-06T18:48:38.421+08:00
2026-02-07 11:58:19,2026-02-06T18:50:00+08:00,2026-02-06T18:52:03+08:00,1.448,103.8765,C,Cloud to Cloud,2026-02-06T18:48:38.422+08:00
2026-02-07 11:58:19,2026-02-06T18:50:00+08:00,2026-02-06T18:52:03+08:00,1.4479,103.8741,C,Cloud to Cloud,2026-02-06T18:48:38.422+08:00
2026-02-07 11:58:19,2026-02-06T18:50:00+08:00,2026-02-06T18:52:03+08:00,1.4484,103.8773,C,Cloud to Cloud,2026-02-06T18:48:38.422+08:00
2026-02-07 11:58:19,2026-02-06T18:50:00+08:00,2026-02-06T18:52:03+08:00,1.4479,103.8784,C,Cloud to Cloud,2026-02-06T18:48:38.422+08:00
2026-02-07 11:58:19,2026-02-06T18:50:00+08:00,2026-02-06T18:52:03+08:00,1.4369,103.8647,C,Cloud to Cloud,2026-02-06T18:48:38.422+08:00
2026-02-07 11:58:19,2026-02-06T18:50:00+08:00,2026-02-06T18:52:03+08:00,1.4486,103.8775,C,Cloud to Cloud,2026-02-06T18:48:38.422+08:00
2026-02-07 11:58:19,2026-02-06T18:50:00+08:00,2026-02-06T18:52:03+08:00,1.4473,103.8789,C,Cloud to Cloud,2026-02-06T18:48:38.422+08:00
2026-02-07 11:58:19,2026-02-06T18:50:00+08:00,2026-02-06T18:52:03+08:00,1.4478,103.8779,C,Cloud to Cloud,2026-02-06T18:48:38.422+08:00
2026-02-07 11:58:19,2026-02-06T18:50:00+08:00,2026-02-06T18:52:03+08:00,1.4493,103.8763,C,Cloud to Cloud,2026-02-06T18:48:38.422+08:00
2026-02-07 11:58:19,2026-02-06T18:50:00+08:00,2026-02-06T18:52:03+08:00,1.4474,103.8781,C,Cloud to Cloud,2026-02-06T18:48:38.422+08:00
2026-02-07 11:58:19,2026-02-06T18:50:00+08:00,2026-02-06T18:52:03+08:00,1.4445,103.8832,C,Cloud to Cloud,2026-02-06T18:48:38.422+08:00
2026-02-07 11:58:19,2026-02-06T18:50:00+08:00,2026-02-06T18:52:03+08:00,1.448,103.875,C,Cloud to Cloud,2026-02-06T18:48:38.422+08:00
2026-02-07 11:58:19,2026-02-06T18:50:00+08:00,2026-02-06T18:52:03+08:00,1.4489,103.8762,C,Cloud to Cloud,2026-02-06T18:48:38.423+08:00
2026-02-07 11:58:19,2026-02-06T18:50:00+08:00,2026-02-06T18:52:03+08:00,1.4476,103.8755,C,Cloud to Cloud,2026-02-06T18:48:38.423+08:00
2026-02-07 11:58:19,2026-02-06T18:50:00+08:00,2026-02-06T18:52:03+08:00,1.4462,103.8793,C,Cloud to Cloud,2026-02-06T18:48:38.423+08:00
2026-02-07 11:58:19,2026-02-06T18:50:00+08:00,2026-02-06T18:52:03+08:00,1.4464,103.8767,C,Cloud to Cloud,2026-02-06T18:48:38.423+08:00
2026-02-07 11:58:19,2026-02-06T18:50:00+08:00,2026-02-06T18:52:03+08:00,1.4468,103.8781,C,Cloud to Cloud,2026-02-06T18:48:38.423+08:00
2026-02-07 11:58:19,2026-02-06T18:50:00+08:00,2026-02-06T18:52:03+08:00,1.4461,103.8757,C,Cloud to Cloud,2026-02-06T18:48:38.423+08:00
2026-02-07 11:58:19,2026-02-06T18:50:00+08:00,2026-02-06T18:52:03+08:00,1.4475,103.8718,C,Cloud to Cloud,2026-02-06T18:48:38.423+08:00
2026-02-07 11:58:19,2026-02-06T18:50:00+08:00,2026-02-06T18:52:03+08:00,1.4469,103.8781,C,Cloud to Cloud,2026-02-06T18:48:38.423+08:00
2026-02-07 11:58:19,2026-02-06T18:50:00+08:00,2026-02-06T18:52:03+08:00,1.4467,103.8779,C,Cloud to Cloud,2026-02-06T18:48:38.423+08:00
2026-02-07 11:58:19,2026-02-06T18:50:00+08:00,2026-02-06T18:52:03+08:00,1.4485,103.8784,C,Cloud to Cloud,2026-02-06T18:48:38.423+08:00
2026-02-07 11:58:19,2026-02-06T18:50:00+08:00,2026-02-06T18:52:03+08:00,1.447,103.8794,C,Cloud to Cloud,2026-02-06T18:48:38.423+08:00
2026-02-07 11:58:19,2026-02-06T18:50:00+08:00,2026-02-06T18:52:03+08:00,1.4477,103.8766,C,Cloud to Cloud,2026-02-06T18:48:38.424+08:00
2026-02-07 11:58:19,2026-02-06T18:50:00+08:00,2026-02-06T18:52:03+08:00,1.4444,103.8889,C,Cloud to Cloud,2026-02-06T18:48:38.424+08:00
2026-02-07 11:58:19,2026-02-06T18:50:00+08:00,2026-02-06T18:52:03+08:00,1.4467,103.8831,C,Cloud to Cloud,2026-02-06T18:48:38.424+08:00
2026-02-07 11:58:19,2026-02-06T18:50:00+08:00,2026-02-06T18:52:03+08:00,1.4477,103.8851,C,Cloud to Cloud,2026-02-06T18:48:38.424+08:00
2026-02-07 11:58:19,2026-02-06T18:50:00+08:00,2026-02-06T18:52:03+08:00,1.4441,103.8862,C,Cloud to Cloud,2026-02-06T18:48:38.424+08:00
2026-02-07 11:58:19,2026-02-06T18:50:00+08:00,2026-02-06T18:52:03+08:00,1.4435,103.879,C,Cloud to Cloud,2026-02-06T18:48:38.424+08:00
2026-02-07 11:58:19,2026-02-06T18:50:00+08:00,2026-02-06T18:52:03+08:00,1.4473,103.884,C,Cloud to Cloud,2026-02-06T18:48:38.424+08:00
2026-02-07 11:58:19,2026-02-06T18:50:00+08:00,2026-02-06T18:52:03+08:00,1.4476,103.8833,C,Cloud to Cloud,2026-02-06T18:48:38.424+08:00
2026-02-07 11:58:19,2026-02-06T18:50:00+08:00,2026-02-06T18:52:03+08:00,1.4447,103.8919,C,Cloud to Cloud,2026-02-06T18:48:38.424+08:00
2026-02-07 11:58:19,2026-02-06T18:50:00+08:00,2026-02-06T18:52:03+08:00,1.45,103.8873,C,Cloud to Cloud,2026-02-06T18:48:38.425+08:00
2026-02-07 11:58:19,2026-02-06T18:50:00+08:00,2026-02-06T18:52:03+08:00,1.4468,103.8927,C,Cloud to Cloud,2026-02-06T18:48:38.425+08:00
2026-02-07 11:58:19,2026-02-06T18:50:00+08:00,2026-02-06T18:52:03+08:00,1.4451,103.8919,C,Cloud to Cloud,2026-02-06T18:48:38.425+08:00
2026-02-07 11:58:19,2026-02-06T18:50:00+08:00,2026-02-06T18:52:03+08:00,1.4457,103.8837,C,Cloud to Cloud,2026-02-06T18:48:38.425+08:00
2026-02-07 11:58:19,2026-02-06T18:50:00+08:00,2026-02-06T18:52:03+08:00,1.4484,103.8819,C,Cloud to Cloud,2026-02-06T18:48:38.425+08:00
2026-02-07 11:58:19,2026-02-06T18:50:00+08:00,2026-02-06T18:52:03+08:00,1.4454,103.8918,C,Cloud to Cloud,2026-02-06T18:48:38.425+08:00
2026-02-07 11:58:19,2026-02-06T18:50:00+08:00,2026-02-06T18:52:03+08:00,1.4481,103.8831,C,Cloud to Cloud,2026-02-06T18:48:38.425+08:00
2026-02-07 11:58:19,2026-02-06T18:50:00+08:00,2026-02-06T18:52:03+08:00,1.4486,103.8916,C,Cloud to Cloud,2026-02-06T18:48:38.425+08:00
2026-02-07 11:58:19,2026-02-06T18:50:00+08:00,2026-02-06T18:52:03+08:00,1.4464,103.8924,C,Cloud to Cloud,2026-02-06T18:48:38.425+08:00
2026-02-07 11:58:19,2026-02-06T18:50:00+08:00,2026-02-06T18:52:03+08:00,1.4459,103.8876,C,Cloud to Cloud,2026-02-06T18:48:38.426+08:00
2026-02-07 11:58:19,2026-02-06T18:50:00+08:00,2026-02-06T18:52:03+08:00,1.4473,103.8921,C,Cloud to Cloud,2026-02-06T18:48:38.426+08:00
2026-02-07 11:58:19,2026-02-06T18:50:00+08:00,2026-02-06T18:52:03+08:00,1.4479,103.8901,C,Cloud to Cloud,2026-02-06T18:48:38.426+08:00
2026-02-07 11:58:19,2026-02-06T18:50:00+08:00,2026-02-06T18:52:03+08:00,1.4448,103.8998,C,Cloud to Cloud,2026-02-06T18:48:38.426+08:00
2026-02-07 11:58:19,2026-02-06T18:50:00+08:00,2026-02-06T18:52:03+08:00,1.448,103.8887,C,Cloud to Cloud,2026-02-06T18:48:38.426+08:00
2026-02-07 11:58:19,2026-02-06T18:50:00+08:00,2026-02-06T18:52:03+08:00,1.446,103.886,C,Cloud to Cloud,2026-02-06T18:48:38.426+08:00
2026-02-07 11:58:19,2026-02-06T18:50:00+08:00,2026-02-06T18:52:03+08:00,1.446,103.8925,C,Cloud to Cloud,2026-02-06T18:48:38.426+08:00
2026-02-07 11:58:19,2026-02-06T18:50:00+08:00,2026-02-06T18:52:03+08:00,1.4465,103.9019,C,Cloud to Cloud,2026-02-06T18:48:38.426+08:00
2026-02-07 11:58:19,2026-02-06T18:50:00+08:00,2026-02-06T18:52:03+08:00,1.4447,103.894,C,Cloud to Cloud,2026-02-06T18:48:38.426+08:00
2026-02-07 11:58:19,2026-02-06T18:50:00+08:00,2026-02-06T18:52:03+08:00,1.4844,103.8816,C,Cloud to Cloud,2026-02-06T18:48:38.426+08:00
2026-02-07 11:58:19,2026-02-06T18:50:00+08:00,2026-02-06T18:52:03+08:00,1.4457,103.897,C,Cloud to Cloud,2026-02-06T18:48:38.426+08:00
2026-02-07 11:58:19,2026-02-06T18:50:00+08:00,2026-02-06T18:52:03+08:00,1.4436,103.9038,C,Cloud to Cloud,2026-02-06T18:48:38.427+08:00
2026-02-07 11:58:19,2026-02-06T18:50:00+08:00,2026-02-06T18:52:03+08:00,1.4458,103.9,C,Cloud to Cloud,2026-02-06T18:48:38.427+08:00
2026-02-07 11:58:19,2026-02-06T18:50:00+08:00,2026-02-06T18:52:03+08:00,1.444,103.9046,C,Cloud to Cloud,2026-02-06T18:48:38.427+08:00
2026-02-07 11:58:19,2026-02-06T18:50:00+08:00,2026-02-06T18:52:03+08:00,1.4434,103.9006,C,Cloud to Cloud,2026-02-06T18:48:38.427+08:00
2026-02-07 11:58:19,2026-02-06T18:50:00+08:00,2026-02-06T18:52:03+08:00,1.443,103.9055,C,Cloud to Cloud,2026-02-06T18:48:38.427+08:00
2026-02-07 11:58:19,2026-02-06T18:50:00+08:00,2026-02-06T18:52:03+08:00,1.4449,103.9042,C,Cloud to Cloud,2026-02-06T18:48:38.427+08:00
2026-02-07 11:58:19,2026-02-06T18:50:00+08:00,2026-02-06T18:52:03+08:00,1.4441,103.9059,C,Cloud to Cloud,2026-02-06T18:48:38.427+08:00
2026-02-07 11:58:19,2026-02-06T18:50:00+08:00,2026-02-06T18:52:03+08:00,1.4452,103.9002,C,Cloud to Cloud,2026-02-06T18:48:38.427+08:00
2026-02-07 11:58:19,2026-02-06T18:50:00+08:00,2026-02-06T18:52:03+08:00,1.4446,103.8988,C,Cloud to Cloud,2026-02-06T18:48:38.428+08:00
2026-02-07 11:58:19,2026-02-06T18:50:00+08:00,2026-02-06T18:52:03+08:00,1.4427,103.902,C,Cloud to Cloud,2026-02-06T18:48:38.428+08:00
2026-02-07 11:58:19,2026-02-06T18:50:00+08:00,2026-02-06T18:52:03+08:00,1.4465,103.8978,C,Cloud to Cloud,2026-02-06T18:48:38.428+08:00
2026-02-07 11:58:19,2026-02-06T18:50:00+08:00,2026-02-06T18:52:03+08:00,1.4466,103.8969,C,Cloud to Cloud,2026-02-06T18:48:38.428+08:00
2026-02-07 11:58:19,2026-02-06T18:50:00+08:00,2026-02-06T18:52:03+08:00,1.4447,103.9044,C,Cloud to Cloud,2026-02-06T18:48:38.428+08:00
2026-02-07 11:58:19,2026-02-06T18:50:00+08:00,2026-02-06T18:52:03+08:00,1.445,103.9007,C,Cloud to Cloud,2026-02-06T18:48:38.428+08:00
2026-02-07 11:58:19,2026-02-06T18:50:00+08:00,2026-02-06T18:52:03+08:00,1.4463,103.8965,C,Cloud to Cloud,2026-02-06T18:48:38.428+08:00
2026-02-07 11:58:19,2026-02-06T18:50:00+08:00,2026-02-06T18:52:03+08:00,1.4461,103.8981,C,Cloud to Cloud,2026-02-06T18:48:38.428+08:00
2026-02-07 11:58:19,2026-02-06T18:50:00+08:00,2026-02-06T18:52:03+08:00,1.4474,103.8925,C,Cloud to Cloud,2026-02-06T18:48:38.428+08:00
2026-02-07 11:58:19,2026-02-06T18:50:00+08:00,2026-02-06T18:52:03+08:00,1.4478,103.9005,C,Cloud to Cloud,2026-02-06T18:48:38.428+08:00
2026-02-07 11:58:19,2026-02-06T18:50:00+08:00,2026-02-06T18:52:03+08:00,1.4454,103.9003,C,Cloud to Cloud,2026-02-06T18:48:38.429+08:00
2026-02-07 11:58:19,2026-02-06T18:50:00+08:00,2026-02-06T18:52:03+08:00,1.4486,103.8949,C,Cloud to Cloud,2026-02-06T18:48:38.429+08:00
2026-02-07 11:58:19,2026-02-06T18:50:00+08:00,2026-02-06T18:52:03+08:00,1.4475,103.8952,C,Cloud to Cloud,2026-02-06T18:48:38.429+08:00
2026-02-07 11:58:19,2026-02-06T18:50:00+08:00,2026-02-06T18:52:03+08:00,1.4507,103.8937,C,Cloud to Cloud,2026-02-06T18:48:38.429+08:00
2026-02-07 11:58:19,2026-02-06T18:50:00+08:00,2026-02-06T18:52:03+08:00,1.4477,103.8938,C,Cloud to Cloud,2026-02-06T18:48:38.429+08:00
2026-02-07 11:58:19,2026-02-06T18:50:00+08:00,2026-02-06T18:52:03+08:00,1.4461,103.8973,C,Cloud to Cloud,2026-02-06T18:48:38.429+08:00
2026-02-07 11:58:19,2026-02-06T18:50:00+08:00,2026-02-06T18:52:03+08:00,1.4482,103.9007,C,Cloud to Cloud,2026-02-06T18:48:38.429+08:00
2026-02-07 11:58:19,2026-02-06T18:50:00+08:00,2026-02-06T18:52:03+08:00,1.4482,103.9007,C,Cloud to Cloud,2026-02-06T18:48:38.429+08:00
2026-02-07 11:58:19,2026-02-06T18:50:00+08:00,2026-02-06T18:52:03+08:00,1.4488,103.9011,C,Cloud to Cloud,2026-02-06T18:48:38.429+08:00
2026-02-07 11:58:19,2026-02-06T18:50:00+08:00,2026-02-06T18:52:03+08:00,1.4488,103.9011,C,Cloud to Cloud,2026-02-06T18:48:38.429+08:00
2026-02-07 11:58:19,2026-02-06T18:50:00+08:00,2026-02-06T18:52:03+08:00,1.4467,103.8966,C,Cloud to Cloud,2026-02-06T18:48:38.43+08:00
2026-02-07 11:58:19,2026-02-06T18:50:00+08:00,2026-02-06T18:52:03+08:00,1.4471,103.8961,C,Cloud to Cloud,2026-02-06T18:48:38.43+08:00
2026-02-07 11:58:19,2026-02-06T18:50:00+08:00,2026-02-06T18:52:03+08:00,1.4488,103.8545,C,Cloud to Cloud,2026-02-06T18:48:38.43+08:00
2026-02-07 11:58:19,2026-02-06T18:50:00+08:00,2026-02-06T18:52:03+08:00,1.446,103.8987,C,Cloud to Cloud,2026-02-06T18:48:38.43+08:00
2026-02-07 11:58:19,2026-02-06T18:50:00+08:00,2026-02-06T18:52:03+08:00,1.4501,103.891,C,Cloud to Cloud,2026-02-06T18:48:38.43+08:00
2026-02-07 11:58:19,2026-02-06T18:50:00+08:00,2026-02-06T18:52:03+08:00,1.4281,103.9039,C,Cloud to Cloud,2026-02-06T18:48:38.43+08:00
2026-02-07 11:58:19,2026-02-06T18:50:00+08:00,2026-02-06T18:52:03+08:00,1.4465,103.8986,C,Cloud to Cloud,2026-02-06T18:48:38.43+08:00
2026-02-07 11:58:19,2026-02-06T18:50:00+08:00,2026-02-06T18:52:03+08:00,1.4452,103.9045,C,Cloud to Cloud,2026-02-06T18:48:38.43+08:00
2026-02-07 11:58:19,2026-02-06T18:50:00+08:00,2026-02-06T18:52:03+08:00,1.446,103.8969,C,Cloud to Cloud,2026-02-06T18:48:38.43+08:00
2026-02-07 11:58:19,2026-02-06T18:50:00+08:00,2026-02-06T18:52:03+08:00,1.4481,103.8974,C,Cloud to Cloud,2026-02-06T18:48:38.43+08:00
2026-02-07 11:58:19,2026-02-06T18:50:00+08:00,2026-02-06T18:52:03+08:00,1.4478,103.8991,C,Cloud to Cloud,2026-02-06T18:48:38.43+08:00
2026-02-07 11:58:19,2026-02-06T18:50:00+08:00,2026-02-06T18:52:03+08:00,1.4456,103.9047,C,Cloud to Cloud,2026-02-06T18:48:38.431+08:00
2026-02-07 11:58:19,2026-02-06T18:50:00+08:00,2026-02-06T18:52:03+08:00,1.4456,103.9047,C,Cloud to Cloud,2026-02-06T18:48:38.431+08:00
2026-02-07 11:58:19,2026-02-06T18:50:00+08:00,2026-02-06T18:52:03+08:00,1.4463,103.9058,C,Cloud to Cloud,2026-02-06T18:48:38.431+08:00
2026-02-07 11:58:19,2026-02-06T18:50:00+08:00,2026-02-06T18:52:03+08:00,1.449,103.9024,C,Cloud to Cloud,2026-02-06T18:48:38.431+08:00
2026-02-07 11:58:19,2026-02-06T18:50:00+08:00,2026-02-06T18:52:03+08:00,1.4437,103.9037,C,Cloud to Cloud,2026-02-06T18:48:38.431+08:00
2026-02-07 11:58:19,2026-02-06T18:50:00+08:00,2026-02-06T18:52:03+08:00,1.4463,103.9018,C,Cloud to Cloud,2026-02-06T18:48:38.431+08:00
2026-02-07 11:58:19,2026-02-06T18:50:00+08:00,2026-02-06T18:52:03+08:00,1.4482,103.9032,C,Cloud to Cloud,2026-02-06T18:48:38.431+08:00
2026-02-07 11:58:19,2026-02-06T18:50:00+08:00,2026-02-06T18:52:03+08:00,1.4465,103.9008,C,Cloud to Cloud,2026-02-06T18:48:38.431+08:00
2026-02-07 11:58:19,2026-02-06T18:50:00+08:00,2026-02-06T18:52:03+08:00,1.4293,103.8674,C,Cloud to Cloud,2026-02-06T18:48:38.431+08:00
2026-02-07 11:58:19,2026-02-06T18:50:00+08:00,2026-02-06T18:52:03+08:00,1.4443,103.9159,C,Cloud to Cloud,2026-02-06T18:48:38.431+08:00
2026-02-07 11:58:19,2026-02-06T18:50:00+08:00,2026-02-06T18:52:03+08:00,1.4451,103.9027,C,Cloud to Cloud,2026-02-06T18:48:38.432+08:00
2026-02-07 11:58:19,2026-02-06T18:50:00+08:00,2026-02-06T18:52:03+08:00,1.4451,103.9027,C,Cloud to Cloud,2026-02-06T18:48:38.432+08:00
2026-02-07 11:58:19,2026-02-06T18:50:00+08:00,2026-02-06T18:52:03+08:00,1.4472,103.9053,C,Cloud to Cloud,2026-02-06T18:48:38.432+08:00
2026-02-07 11:58:19,2026-02-06T18:50:00+08:00,2026-02-06T18:52:03+08:00,1.4497,103.904,C,Cloud to Cloud,2026-02-06T18:48:38.432+08:00
2026-02-07 11:58:19,2026-02-06T18:50:00+08:00,2026-02-06T18:52:03+08:00,1.4465,103.9073,C,Cloud to Cloud,2026-02-06T18:48:38.432+08:00
2026-02-07 11:58:19,2026-02-06T18:50:00+08:00,2026-02-06T18:52:03+08:00,1.4506,103.9032,C,Cloud to Cloud,2026-02-06T18:48:38.432+08:00
2026-02-07 11:58:19,2026-02-06T18:50:00+08:00,2026-02-06T18:52:03+08:00,1.4495,103.9035,C,Cloud to Cloud,2026-02-06T18:48:38.432+08:00
2026-02-07 11:58:19,2026-02-06T18:50:00+08:00,2026-02-06T18:52:03+08:00,1.4807,103.8619,C,Cloud to Cloud,2026-02-06T18:48:38.432+08:00
2026-02-07 11:58:19,2026-02-06T18:50:00+08:00,2026-02-06T18:52:03+08:00,1.4488,103.9056,C,Cloud to Cloud,2026-02-06T18:48:38.432+08:00
2026-02-07 11:58:19,2026-02-06T18:50:00+08:00,2026-02-06T18:52:03+08:00,1.4437,103.9072,C,Cloud to Cloud,2026-02-06T18:48:38.432+08:00
2026-02-07 11:58:19,2026-02-06T18:50:00+08:00,2026-02-06T18:52:03+08:00,1.4484,103.9012,C,Cloud to Cloud,2026-02-06T18:48:38.432+08:00
2026-02-07 11:58:19,2026-02-06T18:50:00+08:00,2026-02-06T18:52:03+08:00,1.4475,103.9023,C,Cloud to Cloud,2026-02-06T18:48:38.433+08:00
2026-02-07 11:58:19,2026-02-06T18:50:00+08:00,2026-02-06T18:52:03+08:00,1.4481,103.9026,C,Cloud to Cloud,2026-02-06T18:48:38.433+08:00
2026-02-07 11:58:19,2026-02-06T18:50:00+08:00,2026-02-06T18:52:03+08:00,1.4435,103.9073,C,Cloud to Cloud,2026-02-06T18:48:38.433+08:00
2026-02-07 11:58:19,2026-02-06T18:50:00+08:00,2026-02-06T18:52:03+08:00,1.4462,103.9076,C,Cloud to Cloud,2026-02-06T18:48:38.433+08:00
2026-02-07 11:58:19,2026-02-06T18:50:00+08:00,2026-02-06T18:52:03+08:00,1.4475,103.8994,C,Cloud to Cloud,2026-02-06T18:48:38.433+08:00
2026-02-07 11:58:19,2026-02-06T18:50:00+08:00,2026-02-06T18:52:03+08:00,1.446,103.9038,C,Cloud to Cloud,2026-02-06T18:48:38.433+08:00
2026-02-07 11:58:19,2026-02-06T18:50:00+08:00,2026-02-06T18:52:03+08:00,1.4488,103.9,C,Cloud to Cloud,2026-02-06T18:48:38.433+08:00
2026-02-07 11:58:19,2026-02-06T18:50:00+08:00,2026-02-06T18:52:03+08:00,1.4497,103.9039,C,Cloud to Cloud,2026-02-06T18:48:38.433+08:00
2026-02-07 11:58:19,2026-02-06T18:50:00+08:00,2026-02-06T18:52:03+08:00,1.4492,103.9022,C,Cloud to Cloud,2026-02-06T18:48:38.434+08:00
2026-02-07 11:58:19,2026-02-06T18:50:00+08:00,2026-02-06T18:52:03+08:00,1.4506,103.9016,C,Cloud to Cloud,2026-02-06T18:48:38.434+08:00
2026-02-07 11:58:19,2026-02-06T18:50:00+08:00,2026-02-06T18:52:03+08:00,1.4489,103.8954,C,Cloud to Cloud,2026-02-06T18:48:38.434+08:00
2026-02-07 11:58:19,2026-02-06T18:50:00+08:00,2026-02-06T18:52:03+08:00,1.4494,103.9061,C,Cloud to Cloud,2026-02-06T18:48:38.434+08:00
2026-02-07 11:58:19,2026-02-06T18:50:00+08:00,2026-02-06T18:52:03+08:00,1.4476,103.9081,C,Cloud to Cloud,2026-02-06T18:48:38.434+08:00
2026-02-07 11:58:19,2026-02-06T18:50:00+08:00,2026-02-06T18:52:03+08:00,1.4463,103.9057,C,Cloud to Cloud,2026-02-06T18:48:38.434+08:00
2026-02-07 11:58:19,2026-02-06T18:50:00+08:00,2026-02-06T18:52:03+08:00,1.4494,103.899,C,Cloud to Cloud,2026-02-06T18:48:38.434+08:00
2026-02-07 11:58:19,2026-02-06T18:50:00+08:00,2026-02-06T18:52:03+08:00,1.4476,103.9025,C,Cloud to Cloud,2026-02-06T18:48:38.434+08:00
2026-02-07 11:58:19,2026-02-06T18:50:00+08:00,2026-02-06T18:52:03+08:00,1.4433,103.9128,C,Cloud to Cloud,2026-02-06T18:48:38.434+08:00
2026-02-07 11:58:19,2026-02-06T18:50:00+08:00,2026-02-06T18:52:03+08:00,1.45,103.9063,C,Cloud to Cloud,2026-02-06T18:48:38.434+08:00
2026-02-07 11:58:19,2026-02-06T18:50:00+08:00,2026-02-06T18:52:03+08:00,1.442,103.9151,C,Cloud to Cloud,2026-02-06T18:48:38.435+08:00
2026-02-07 11:58:19,2026-02-06T18:50:00+08:00,2026-02-06T18:52:03+08:00,1.4399,103.9146,C,Cloud to Cloud,2026-02-06T18:48:38.435+08:00
2026-02-07 11:58:19,2026-02-06T18:50:00+08:00,2026-02-06T18:52:03+08:00,1.4415,103.8989,C,Cloud to Cloud,2026-02-06T18:48:38.435+08:00
2026-02-07 11:58:19,2026-02-06T18:50:00+08:00,2026-02-06T18:52:03+08:00,1.4472,103.8955,C,Cloud to Cloud,2026-02-06T18:48:38.435+08:00
2026-02-07 11:58:19,2026-02-06T18:50:00+08:00,2026-02-06T18:52:03+08:00,1.4501,103.8971,C,Cloud to Cloud,2026-02-06T18:48:38.435+08:00
2026-02-07 11:58:19,2026-02-06T18:50:00+08:00,2026-02-06T18:52:03+08:00,1.447,103.9015,C,Cloud to Cloud,2026-02-06T18:48:38.435+08:00
2026-02-07 11:58:19,2026-02-06T18:50:00+08:00,2026-02-06T18:52:03+08:00,1.449,103.9061,C,Cloud to Cloud,2026-02-06T18:48:38.435+08:00
2026-02-07 11:58:19,2026-02-06T18:50:00+08:00,2026-02-06T18:52:03+08:00,1.4502,103.9,C,Cloud to Cloud,2026-02-06T18:48:38.435+08:00
2026-02-07 11:58:19,2026-02-06T18:50:00+08:00,2026-02-06T18:52:03+08:00,1.4478,103.8953,C,Cloud to Cloud,2026-02-06T18:48:38.436+08:00
2026-02-07 11:58:19,2026-02-06T18:50:00+08:00,2026-02-06T18:52:03+08:00,1.4496,103.8962,C,Cloud to Cloud,2026-02-06T18:48:38.436+08:00
2026-02-07 11:58:19,2026-02-06T18:50:00+08:00,2026-02-06T18:52:03+08:00,1.4474,103.9006,C,Cloud to Cloud,2026-02-06T18:48:38.436+08:00
2026-02-07 11:58:19,2026-02-06T18:50:00+08:00,2026-02-06T18:52:03+08:00,1.4464,103.9003,C,Cloud to Cloud,2026-02-06T18:48:38.436+08:00
2026-02-07 11:58:19,2026-02-06T18:50:00+08:00,2026-02-06T18:52:03+08:00,1.4478,103.907,C,Cloud to Cloud,2026-02-06T18:48:38.436+08:00
2026-02-07 11:58:19,2026-02-06T18:50:00+08:00,2026-02-06T18:52:03+08:00,1.4418,103.9056,C,Cloud to Cloud,2026-02-06T18:48:38.436+08:00
2026-02-07 11:58:19,2026-02-06T18:50:00+08:00,2026-02-06T18:52:03+08:00,1.4484,103.9028,C,Cloud to Cloud,2026-02-06T18:48:38.436+08:00
2026-02-07 11:58:19,2026-02-06T18:50:00+08:00,2026-02-06T18:52:03+08:00,1.4413,103.916,C,Cloud to Cloud,2026-02-06T18:48:38.436+08:00
2026-02-07 11:58:19,2026-02-06T18:50:00+08:00,2026-02-06T18:52:03+08:00,1.4404,103.9083,C,Cloud to Cloud,2026-02-06T18:48:38.437+08:00
2026-02-07 11:58:19,2026-02-06T18:50:00+08:00,2026-02-06T18:52:03+08:00,1.4486,103.9025,C,Cloud to Cloud,2026-02-06T18:48:38.437+08:00
2026-02-07 11:58:19,2026-02-06T18:50:00+08:00,2026-02-06T18:52:03+08:00,1.4512,103.898,C,Cloud to Cloud,2026-02-06T18:48:38.437+08:00
2026-02-07 11:58:19,2026-02-06T18:50:00+08:00,2026-02-06T18:52:03+08:00,1.4447,103.9049,C,Cloud to Cloud,2026-02-06T18:48:38.439+08:00
2026-02-07 11:58:19,2026-02-06T18:50:00+08:00,2026-02-06T18:52:03+08:00,1.4392,103.9121,C,Cloud to Cloud,2026-02-06T18:48:38.439+08:00
2026-02-07 11:58:19,2026-02-06T18:50:00+08:00,2026-02-06T18:52:03+08:00,1.4461,103.9013,C,Cloud to Cloud,2026-02-06T18:48:38.44+08:00
2026-02-07 11:58:19,2026-02-06T18:50:00+08:00,2026-02-06T18:52:03+08:00,1.4473,103.8968,C,Cloud to Cloud,2026-02-06T18:48:38.44+08:00
2026-02-07 11:58:19,2026-02-06T18:50:00+08:00,2026-02-06T18:52:03+08:00,1.4566,103.8948,C,Cloud to Cloud,2026-02-06T18:48:38.44+08:00
2026-02-07 11:58:19,2026-02-06T18:50:00+08:00,2026-02-06T18:52:03+08:00,1.4391,103.9176,C,Cloud to Cloud,2026-02-06T18:48:38.44+08:00
2026-02-07 11:58:19,2026-02-06T18:50:00+08:00,2026-02-06T18:52:03+08:00,1.4376,103.9234,C,Cloud to Cloud,2026-02-06T18:48:38.44+08:00
2026-02-07 11:58:19,2026-02-06T18:50:00+08:00,2026-02-06T18:52:03+08:00,1.4414,103.9128,C,Cloud to Cloud,2026-02-06T18:48:38.441+08:00
2026-02-07 11:58:19,2026-02-06T18:50:00+08:00,2026-02-06T18:52:03+08:00,1.4454,103.9008,C,Cloud to Cloud,2026-02-06T18:48:38.441+08:00
2026-02-07 11:58:19,2026-02-06T18:50:00+08:00,2026-02-06T18:52:03+08:00,1.4406,103.907,C,Cloud to Cloud,2026-02-06T18:48:38.441+08:00
2026-02-07 11:58:19,2026-02-06T18:50:00+08:00,2026-02-06T18:52:03+08:00,1.4397,103.9141,C,Cloud to Cloud,2026-02-06T18:48:38.441+08:00
2026-02-07 11:58:19,2026-02-06T18:50:00+08:00,2026-02-06T18:52:03+08:00,1.4397,103.9141,C,Cloud to Cloud,2026-02-06T18:48:38.441+08:00
2026-02-07 11:58:19,2026-02-06T18:50:00+08:00,2026-02-06T18:52:03+08:00,1.4525,103.8944,C,Cloud to Cloud,2026-02-06T18:48:38.441+08:00
2026-02-07 11:58:19,2026-02-06T18:50:00+08:00,2026-02-06T18:52:03+08:00,1.446,103.9019,C,Cloud to Cloud,2026-02-06T18:48:38.441+08:00
2026-02-07 11:58:19,2026-02-06T18:50:00+08:00,2026-02-06T18:52:03+08:00,1.4391,103.9164,C,Cloud to Cloud,2026-02-06T18:48:38.441+08:00
2026-02-07 11:58:19,2026-02-06T18:50:00+08:00,2026-02-06T18:52:03+08:00,1.4341,103.9235,C,Cloud to Cloud,2026-02-06T18:48:38.441+08:00
2026-02-07 11:58:19,2026-02-06T18:50:00+08:00,2026-02-06T18:52:03+08:00,1.4358,103.9201,C,Cloud to Cloud,2026-02-06T18:48:38.442+08:00
2026-02-07 11:58:19,2026-02-06T18:50:00+08:00,2026-02-06T18:52:03+08:00,1.4401,103.9167,C,Cloud to Cloud,2026-02-06T18:48:38.442+08:00
2026-02-07 11:58:19,2026-02-06T18:50:00+08:00,2026-02-06T18:52:03+08:00,1.442,103.9038,C,Cloud to Cloud,2026-02-06T18:48:38.442+08:00
2026-02-07 11:58:19,2026-02-06T18:50:00+08:00,2026-02-06T18:52:03+08:00,1.4457,103.899,C,Cloud to Cloud,2026-02-06T18:48:38.442+08:00
2026-02-07 11:58:19,2026-02-06T18:50:00+08:00,2026-02-06T18:52:03+08:00,1.4468,103.9067,C,Cloud to Cloud,2026-02-06T18:48:38.442+08:00
2026-02-07 11:58:19,2026-02-06T18:50:00+08:00,2026-02-06T18:52:03+08:00,1.4371,103.9217,C,Cloud to Cloud,2026-02-06T18:48:38.442+08:00
2026-02-07 11:58:19,2026-02-06T18:50:00+08:00,2026-02-06T18:52:03+08:00,1.4371,103.9217,C,Cloud to Cloud,2026-02-06T18:48:38.442+08:00
2026-02-07 11:58:19,2026-02-06T18:50:00+08:00,2026-02-06T18:52:03+08:00,1.4458,103.9048,C,Cloud to Cloud,2026-02-06T18:48:38.442+08:00
2026-02-07 11:58:19,2026-02-06T18:50:00+08:00,2026-02-06T18:52:03+08:00,1.4447,103.9064,C,Cloud to Cloud,2026-02-06T18:48:38.443+08:00
2026-02-07 11:58:19,2026-02-06T18:50:00+08:00,2026-02-06T18:52:03+08:00,1.4386,103.9122,C,Cloud to Cloud,2026-02-06T18:48:38.443+08:00
2026-02-07 11:58:19,2026-02-06T18:50:00+08:00,2026-02-06T18:52:03+08:00,1.4402,103.9113,C,Cloud to Cloud,2026-02-06T18:48:38.443+08:00
2026-02-07 11:58:19,2026-02-06T18:50:00+08:00,2026-02-06T18:52:03+08:00,1.4472,103.902,C,Cloud to Cloud,2026-02-06T18:48:38.443+08:00
2026-02-07 11:58:19,2026-02-06T18:50:00+08:00,2026-02-06T18:52:03+08:00,1.4473,103.8997,C,Cloud to Cloud,2026-02-06T18:48:38.443+08:00
2026-02-07 11:58:19,2026-02-06T18:50:00+08:00,2026-02-06T18:52:03+08:00,1.447,103.8979,C,Cloud to Cloud,2026-02-06T18:48:38.443+08:00
2026-02-07 11:58:19,2026-02-06T18:50:00+08:00,2026-02-06T18:52:03+08:00,1.4449,103.9075,C,Cloud to Cloud,2026-02-06T18:48:38.443+08:00
2026-02-07 11:58:19,2026-02-06T18:50:00+08:00,2026-02-06T18:52:03+08:00,1.4424,103.9064,C,Cloud to Cloud,2026-02-06T18:48:38.443+08:00
2026-02-07 11:58:19,2026-02-06T18:50:00+08:00,2026-02-06T18:52:03+08:00,1.4403,103.9187,C,Cloud to Cloud,2026-02-06T18:48:38.443+08:00
2026-02-07 11:58:19,2026-02-06T18:50:00+08:00,2026-02-06T18:52:03+08:00,1.4403,103.9083,C,Cloud to Cloud,2026-02-06T18:48:38.443+08:00
2026-02-07 11:58:19,2026-02-06T18:50:00+08:00,2026-02-06T18:52:03+08:00,1.4474,103.9025,C,Cloud to Cloud,2026-02-06T18:48:38.444+08:00
2026-02-07 11:58:19,2026-02-06T18:50:00+08:00,2026-02-06T18:52:03+08:00,1.4443,103.9032,C,Cloud to Cloud,2026-02-06T18:48:38.444+08:00
2026-02-07 11:58:19,2026-02-06T18:50:00+08:00,2026-02-06T18:52:03+08:00,1.4418,103.9044,C,Cloud to Cloud,2026-02-06T18:48:38.444+08:00
2026-02-07 11:58:19,2026-02-06T18:50:00+08:00,2026-02-06T18:52:03+08:00,1.4405,103.9132,C,Cloud to Cloud,2026-02-06T18:48:38.444+08:00
2026-02-07 11:58:19,2026-02-06T18:50:00+08:00,2026-02-06T18:52:03+08:00,1.4414,103.9058,C,Cloud to Cloud,2026-02-06T18:48:38.444+08:00
2026-02-07 11:58:19,2026-02-06T18:50:00+08:00,2026-02-06T18:52:03+08:00,1.4451,103.9096,C,Cloud to Cloud,2026-02-06T18:48:38.444+08:00
2026-02-07 11:58:19,2026-02-06T18:50:00+08:00,2026-02-06T18:52:03+08:00,1.4442,103.902,C,Cloud to Cloud,2026-02-06T18:48:38.444+08:00
2026-02-07 11:58:19,2026-02-06T18:50:00+08:00,2026-02-06T18:52:03+08:00,1.4419,103.9057,C,Cloud to Cloud,2026-02-06T18:48:38.445+08:00
2026-02-07 11:58:19,2026-02-06T18:50:00+08:00,2026-02-06T18:52:03+08:00,1.4472,103.8949,C,Cloud to Cloud,2026-02-06T18:48:38.445+08:00
2026-02-07 11:58:19,2026-02-06T18:50:00+08:00,2026-02-06T18:52:03+08:00,1.4427,103.902,C,Cloud to Cloud,2026-02-06T18:48:38.445+08:00
2026-02-07 11:58:19,2026-02-06T18:50:00+08:00,2026-02-06T18:52:03+08:00,1.4425,103.9102,C,Cloud to Cloud,2026-02-06T18:48:38.445+08:00
2026-02-07 11:58:19,2026-02-06T18:50:00+08:00,2026-02-06T18:52:03+08:00,1.4438,103.912,C,Cloud to Cloud,2026-02-06T18:48:38.445+08:00
2026-02-07 11:58:19,2026-02-06T18:50:00+08:00,2026-02-06T18:52:03+08:00,1.4399,103.9059,C,Cloud to Cloud,2026-02-06T18:48:38.445+08:00
2026-02-07 11:58:19,2026-02-06T18:50:00+08:00,2026-02-06T18:52:03+08:00,1.441,103.9097,C,Cloud to Cloud,2026-02-06T18:48:38.445+08:00
2026-02-07 11:58:19,2026-02-06T18:50:00+08:00,2026-02-06T18:52:03+08:00,1.4454,103.9043,C,Cloud to Cloud,2026-02-06T18:48:38.445+08:00
2026-02-07 11:58:19,2026-02-06T18:50:00+08:00,2026-02-06T18:52:03+08:00,1.4388,103.9114,C,Cloud to Cloud,2026-02-06T18:48:38.445+08:00
2026-02-07 11:58:19,2026-02-06T18:50:00+08:00,2026-02-06T18:52:03+08:00,1.4366,103.9122,C,Cloud to Cloud,2026-02-06T18:48:38.446+08:00
2026-02-07 11:58:19,2026-02-06T18:50:00+08:00,2026-02-06T18:52:03+08:00,1.4445,103.9107,C,Cloud to Cloud,2026-02-06T18:48:38.446+08:00
2026-02-07 11:58:19,2026-02-06T18:50:00+08:00,2026-02-06T18:52:03+08:00,1.4391,103.9167,C,Cloud to Cloud,2026-02-06T18:48:38.446+08:00
2026-02-07 11:58:19,2026-02-06T18:50:00+08:00,2026-02-06T18:52:03+08:00,1.4467,103.8971,C,Cloud to Cloud,2026-02-06T18:48:38.446+08:00
2026-02-07 11:58:19,2026-02-06T18:50:00+08:00,2026-02-06T18:52:03+08:00,1.4464,103.8938,C,Cloud to Cloud,2026-02-06T18:48:38.446+08:00
2026-02-07 11:58:19,2026-02-06T18:50:00+08:00,2026-02-06T18:52:03+08:00,1.5131,103.9177,C,Cloud to Cloud,2026-02-06T18:48:38.446+08:00
2026-02-07 11:58:19,2026-02-06T18:50:00+08:00,2026-02-06T18:52:03+08:00,1.4423,103.9002,C,Cloud to Cloud,2026-02-06T18:48:38.446+08:00
2026-02-07 11:58:19,2026-02-06T18:50:00+08:00,2026-02-06T18:52:03+08:00,1.4416,103.9069,C,Cloud to Cloud,2026-02-06T18:48:38.446+08:00
2026-02-07 11:58:19,2026-02-06T18:50:00+08:00,2026-02-06T18:52:03+08:00,1.4509,103.8754,C,Cloud to Cloud,2026-02-06T18:48:38.446+08:00
2026-02-07 11:58:19,2026-02-06T18:50:00+08:00,2026-02-06T18:52:03+08:00,1.4474,103.883,C,Cloud to Cloud,2026-02-06T18:48:38.446+08:00
2026-02-07 11:58:19,2026-02-06T18:50:00+08:00,2026-02-06T18:52:03+08:00,1.4452,103.8971,C,Cloud to Cloud,2026-02-06T18:48:38.446+08:00
2026-02-07 11:58:19,2026-02-06T18:50:00+08:00,2026-02-06T18:52:03+08:00,1.4445,103.8981,C,Cloud to Cloud,2026-02-06T18:48:38.447+08:00
2026-02-07 11:58:19,2026-02-06T18:50:00+08:00,2026-02-06T18:52:03+08:00,1.4385,103.9057,C,Cloud to Cloud,2026-02-06T18:48:38.447+08:00
2026-02-07 11:58:19,2026-02-06T18:50:00+08:00,2026-02-06T18:52:03+08:00,1.4385,103.9061,C,Cloud to Cloud,2026-02-06T18:48:38.447+08:00
2026-02-07 11:58:19,2026-02-06T18:50:00+08:00,2026-02-06T18:52:03+08:00,1.4426,103.9014,C,Cloud to Cloud,2026-02-06T18:48:38.447+08:00
2026-02-07 11:58:19,2026-02-06T18:50:00+08:00,2026-02-06T18:52:03+08:00,1.4406,103.9042,C,Cloud to Cloud,2026-02-06T18:48:38.447+08:00
2026-02-07 11:58:19,2026-02-06T18:50:00+08:00,2026-02-06T18:52:03+08:00,1.4429,103.9117,C,Cloud to Cloud,2026-02-06T18:48:38.447+08:00
2026-02-07 11:58:19,2026-02-06T18:50:00+08:00,2026-02-06T18:52:03+08:00,1.5006,103.9419,C,Cloud to Cloud,2026-02-06T18:48:38.447+08:00
2026-02-07 11:58:19,2026-02-06T18:50:00+08:00,2026-02-06T18:52:03+08:00,1.4418,103.8957,C,Cloud to Cloud,2026-02-06T18:48:38.447+08:00
2026-02-07 11:58:19,2026-02-06T18:50:00+08:00,2026-02-06T18:52:03+08:00,1.4475,103.8899,C,Cloud to Cloud,2026-02-06T18:48:38.447+08:00
2026-02-07 11:58:19,2026-02-06T18:50:00+08:00,2026-02-06T18:52:03+08:00,1.4433,103.8934,C,Cloud to Cloud,2026-02-06T18:48:38.447+08:00
2026-02-07 11:58:19,2026-02-06T18:50:00+08:00,2026-02-06T18:52:03+08:00,1.4386,103.907,C,Cloud to Cloud,2026-02-06T18:48:38.448+08:00
2026-02-07 11:58:19,2026-02-06T18:50:00+08:00,2026-02-06T18:52:03+08:00,1.4382,103.9153,C,Cloud to Cloud,2026-02-06T18:48:38.448+08:00
2026-02-07 11:58:19,2026-02-06T18:50:00+08:00,2026-02-06T18:52:03+08:00,1.4418,103.9109,C,Cloud to Cloud,2026-02-06T18:48:38.448+08:00
2026-02-07 11:58:19,2026-02-06T18:50:00+08:00,2026-02-06T18:52:03+08:00,1.4397,103.9092,C,Cloud to Cloud,2026-02-06T18:48:38.448+08:00
2026-02-07 11:58:19,2026-02-06T18:50:00+08:00,2026-02-06T18:52:03+08:00,1.4329,103.9219,C,Cloud to Cloud,2026-02-06T18:48:38.449+08:00
2026-02-07 11:58:19,2026-02-06T18:50:00+08:00,2026-02-06T18:52:03+08:00,1.4329,103.9219,C,Cloud to Cloud,2026-02-06T18:48:38.449+08:00
2026-02-07 11:58:19,2026-02-06T18:50:00+08:00,2026-02-06T18:52:03+08:00,1.4431,103.8917,C,Cloud to Cloud,2026-02-06T18:48:38.449+08:00
2026-02-07 11:58:19,2026-02-06T18:50:00+08:00,2026-02-06T18:52:03+08:00,1.4561,103.9195,C,Cloud to Cloud,2026-02-06T18:48:38.449+08:00
2026-02-07 11:58:19,2026-02-06T18:50:00+08:00,2026-02-06T18:52:03+08:00,1.445,103.8947,C,Cloud to Cloud,2026-02-06T18:48:38.449+08:00
2026-02-07 11:58:19,2026-02-06T18:50:00+08:00,2026-02-06T18:52:03+08:00,1.4409,103.9021,C,Cloud to Cloud,2026-02-06T18:48:38.449+08:00
2026-02-07 11:58:19,2026-02-06T18:50:00+08:00,2026-02-06T18:52:03+08:00,1.4381,103.9123,C,Cloud to Cloud,2026-02-06T18:48:38.449+08:00
2026-02-07 11:58:19,2026-02-06T18:50:00+08:00,2026-02-06T18:52:03+08:00,1.4434,103.9107,C,Cloud to Cloud,2026-02-06T18:48:38.45+08:00
2026-02-07 11:58:19,2026-02-06T18:50:00+08:00,2026-02-06T18:52:03+08:00,1.4383,103.9117,C,Cloud to Cloud,2026-02-06T18:48:38.45+08:00
2026-02-07 11:58:19,2026-02-06T18:50:00+08:00,2026-02-06T18:52:03+08:00,1.448,103.8992,C,Cloud to Cloud,2026-02-06T18:48:38.45+08:00
2026-02-07 11:58:19,2026-02-06T18:50:00+08:00,2026-02-06T18:52:03+08:00,1.4479,103.8993,C,Cloud to Cloud,2026-02-06T18:48:38.45+08:00
2026-02-07 11:58:19,2026-02-06T18:50:00+08:00,2026-02-06T18:52:03+08:00,1.443,103.8995,C,Cloud to Cloud,2026-02-06T18:48:38.45+08:00
2026-02-07 11:58:19,2026-02-06T18:50:00+08:00,2026-02-06T18:52:03+08:00,1.4469,103.9029,C,Cloud to Cloud,2026-02-06T18:48:38.45+08:00
2026-02-07 11:58:19,2026-02-06T18:50:00+08:00,2026-02-06T18:52:03+08:00,1.4412,103.9021,C,Cloud to Cloud,2026-02-06T18:48:38.45+08:00
2026-02-07 11:58:19,2026-02-06T18:50:00+08:00,2026-02-06T18:52:03+08:00,1.4397,103.9079,C,Cloud to Cloud,2026-02-06T18:48:38.45+08:00
2026-02-07 11:58:19,2026-02-06T18:50:00+08:00,2026-02-06T18:52:03+08:00,1.4395,103.9088,C,Cloud to Cloud,2026-02-06T18:48:38.45+08:00
2026-02-07 11:58:19,2026-02-06T18:50:00+08:00,2026-02-06T18:52:03+08:00,1.4413,103.9055,C,Cloud to Cloud,2026-02-06T18:48:38.451+08:00
2026-02-07 11:58:19,2026-02-06T18:50:00+08:00,2026-02-06T18:52:03+08:00,1.4415,103.9046,C,Cloud to Cloud,2026-02-06T18:48:38.451+08:00
2026-02-07 11:58:19,2026-02-06T18:50:00+08:00,2026-02-06T18:52:03+08:00,1.4382,103.9056,C,Cloud to Cloud,2026-02-06T18:48:38.451+08:00
2026-02-07 11:58:19,2026-02-06T18:50:00+08:00,2026-02-06T18:52:03+08:00,1.4402,103.9031,C,Cloud to Cloud,2026-02-06T18:48:38.451+08:00
2026-02-07 11:58:19,2026-02-06T18:50:00+08:00,2026-02-06T18:52:03+08:00,1.4403,103.9034,C,Cloud to Cloud,2026-02-06T18:48:38.451+08:00
2026-02-07 11:58:19,2026-02-06T18:50:00+08:00,2026-02-06T18:52:03+08:00,1.4376,103.9097,C,Cloud to Cloud,2026-02-06T18:48:38.451+08:00
2026-02-07 11:58:19,2026-02-06T18:50:00+08:00,2026-02-06T18:52:03+08:00,1.4379,103.9073,C,Cloud to Cloud,2026-02-06T18:48:38.451+08:00
2026-02-07 11:58:19,2026-02-06T18:50:00+08:00,2026-02-06T18:52:03+08:00,1.4457,103.8996,C,Cloud to Cloud,2026-02-06T18:48:38.451+08:00
2026-02-07 11:58:19,2026-02-06T18:50:00+08:00,2026-02-06T18:52:03+08:00,1.4367,103.9102,C,Cloud to Cloud,2026-02-06T18:48:38.451+08:00
2026-02-07 11:58:19,2026-02-06T18:50:00+08:00,2026-02-06T18:52:03+08:00,1.446,103.9018,C,Cloud to Cloud,2026-02-06T18:48:38.452+08:00
2026-02-07 11:58:19,2026-02-06T18:50:00+08:00,2026-02-06T18:52:03+08:00,1.446,103.9018,C,Cloud to Cloud,2026-02-06T18:48:38.452+08:00
2026-02-07 11:58:19,2026-02-06T18:50:00+08:00,2026-02-06T18:52:03+08:00,1.446,103.9029,C,Cloud to Cloud,2026-02-06T18:48:38.452+08:00
2026-02-07 11:58:19,2026-02-06T18:50:00+08:00,2026-02-06T18:52:03+08:00,1.4389,103.9128,C,Cloud to Cloud,2026-02-06T18:48:38.452+08:00
2026-02-07 11:58:19,2026-02-06T18:50:00+08:00,2026-02-06T18:52:03+08:00,1.4406,103.9055,C,Cloud to Cloud,2026-02-06T18:48:38.452+08:00
2026-02-07 11:58:19,2026-02-06T18:50:00+08:00,2026-02-06T18:52:03+08:00,1.4376,103.9129,C,Cloud to Cloud,2026-02-06T18:48:38.452+08:00
2026-02-07 11:58:19,2026-02-06T18:50:00+08:00,2026-02-06T18:52:03+08:00,1.4448,103.9058,C,Cloud to Cloud,2026-02-06T18:48:38.452+08:00
2026-02-07 11:58:19,2026-02-06T18:50:00+08:00,2026-02-06T18:52:03+08:00,1.4385,103.908,C,Cloud to Cloud,2026-02-06T18:48:38.453+08:00
2026-02-07 11:58:19,2026-02-06T18:50:00+08:00,2026-02-06T18:52:03+08:00,1.4392,103.9068,C,Cloud to Cloud,2026-02-06T18:48:38.453+08:00
2026-02-07 11:58:19,2026-02-06T18:50:00+08:00,2026-02-06T18:52:03+08:00,1.4387,103.9106,C,Cloud to Cloud,2026-02-06T18:48:38.453+08:00
2026-02-07 11:58:19,2026-02-06T18:50:00+08:00,2026-02-06T18:52:03+08:00,1.4366,103.9146,C,Cloud to Cloud,2026-02-06T18:48:38.453+08:00
2026-02-07 11:58:19,2026-02-06T18:50:00+08:00,2026-02-06T18:52:03+08:00,1.4368,103.9136,C,Cloud to Cloud,2026-02-06T18:48:38.454+08:00
2026-02-07 11:58:19,2026-02-06T18:50:00+08:00,2026-02-06T18:52:03+08:00,1.4418,103.9062,C,Cloud to Cloud,2026-02-06T18:48:38.454+08:00
2026-02-07 11:58:19,2026-02-06T18:50:00+08:00,2026-02-06T18:52:03+08:00,1.4411,103.871,C,Cloud to Cloud,2026-02-06T18:48:38.456+08:00
2026-02-07 11:58:19,2026-02-06T18:50:00+08:00,2026-02-06T18:52:03+08:00,1.4411,103.871,C,Cloud to Cloud,2026-02-06T18:48:38.456+08:00
2026-02-07 11:58:19,2026-02-06T18:50:00+08:00,2026-02-06T18:52:03+08:00,1.3458,103.9086,C,Cloud to Cloud,2026-02-06T18:48:38.463+08:00
2026-02-07 11:58:19,2026-02-06T18:50:00+08:00,2026-02-06T18:52:03+08:00,1.4211,103.9189,C,Cloud to Cloud,2026-02-06T18:48:38.465+08:00
2026-02-07 11:58:19,2026-02-06T18:50:00+08:00,2026-02-06T18:52:03+08:00,1.4199,103.9237,C,Cloud to Cloud,2026-02-06T18:48:38.465+08:00
2026-02-07 11:58:19,2026-02-06T18:50:00+08:00,2026-02-06T18:52:03+08:00,1.4165,103.924,C,Cloud to Cloud,2026-02-06T18:48:38.466+08:00
2026-02-07 11:58:19,2026-02-06T18:50:00+08:00,2026-02-06T18:52:03+08:00,1.415,103.9254,C,Cloud to Cloud,2026-02-06T18:48:38.467+08:00
2026-02-07 11:58:19,2026-02-06T18:50:00+08:00,2026-02-06T18:52:03+08:00,1.4209,103.9141,C,Cloud to Cloud,2026-02-06T18:48:38.468+08:00
2026-02-07 11:58:19,2026-02-06T18:50:00+08:00,2026-02-06T18:52:03+08:00,1.4131,103.9201,C,Cloud to Cloud,2026-02-06T18:48:38.469+08:00
2026-02-07 11:58:19,2026-02-06T18:50:00+08:00,2026-02-06T18:52:03+08:00,1.4124,103.9112,C,Cloud to Cloud,2026-02-06T18:48:38.473+08:00
2026-02-07 11:58:19,2026-02-06T18:50:00+08:00,2026-02-06T18:52:03+08:00,1.4093,103.9026,C,Cloud to Cloud,2026-02-06T18:48:38.474+08:00
2026-02-07 11:58:19,2026-02-06T18:50:00+08:00,2026-02-06T18:52:03+08:00,1.4093,103.9026,C,Cloud to Cloud,2026-02-06T18:48:38.474+08:00
2026-02-07 11:58:19,2026-02-06T18:50:00+08:00,2026-02-06T18:52:03+08:00,1.4929,103.9352,C,Cloud to Cloud,2026-02-06T18:48:38.475+08:00
2026-02-07 11:58:19,2026-02-06T18:50:00+08:00,2026-02-06T18:52:03+08:00,1.4165,103.8983,C,Cloud to Cloud,2026-02-06T18:48:38.475+08:00
2026-02-07 11:58:19,2026-02-06T18:50:00+08:00,2026-02-06T18:52:03+08:00,1.4165,103.8983,C,Cloud to Cloud,2026-02-06T18:48:38.475+08:00
2026-02-07 11:58:19,2026-02-06T18:50:00+08:00,2026-02-06T18:52:03+08:00,1.4423,103.9096,C,Cloud to Cloud,2026-02-06T18:48:38.485+08:00
2026-02-07 11:58:19,2026-02-06T18:50:00+08:00,2026-02-06T18:52:03+08:00,1.4183,103.9135,C,Cloud to Cloud,2026-02-06T18:48:38.486+08:00
2026-02-07 11:58:19,2026-02-06T18:50:00+08:00,2026-02-06T18:52:03+08:00,1.4594,103.8677,C,Cloud to Cloud,2026-02-06T18:48:38.516+08:00
2026-02-07 11:58:19,2026-02-06T18:50:00+08:00,2026-02-06T18:52:03+08:00,1.4594,103.868,C,Cloud to Cloud,2026-02-06T18:48:38.517+08:00
2026-02-07 11:58:19,2026-02-06T18:50:00+08:00,2026-02-06T18:52:03+08:00,1.4576,103.8551,C,Cloud to Cloud,2026-02-06T18:48:38.517+08:00
2026-02-07 11:58:19,2026-02-06T18:50:00+08:00,2026-02-06T18:52:03+08:00,1.4552,103.8622,C,Cloud to Cloud,2026-02-06T18:48:38.517+08:00
2026-02-07 11:58:19,2026-02-06T18:50:00+08:00,2026-02-06T18:52:03+08:00,1.4436,103.8493,C,Cloud to Cloud,2026-02-06T18:48:38.517+08:00
2026-02-07 11:58:19,2026-02-06T18:50:00+08:00,2026-02-06T18:52:03+08:00,1.4458,103.9122,C,Cloud to Cloud,2026-02-06T18:48:38.545+08:00
2026-02-07 11:58:19,2026-02-06T18:50:00+08:00,2026-02-06T18:52:03+08:00,1.4153,103.8916,C,Cloud to Cloud,2026-02-06T18:48:38.55+08:00
2026-02-07 11:58:19,2026-02-06T18:50:00+08:00,2026-02-06T18:52:03+08:00,1.4153,103.8916,C,Cloud to Cloud,2026-02-06T18:48:38.551+08:00
2026-02-07 11:58:19,2026-02-06T18:50:00+08:00,2026-02-06T18:52:03+08:00,1.4412,103.8933,C,Cloud to Cloud,2026-02-06T18:48:38.554+08:00
2026-02-07 11:58:19,2026-02-06T18:50:00+08:00,2026-02-06T18:52:03+08:00,1.4304,103.8928,C,Cloud to Cloud,2026-02-06T18:48:38.556+08:00
2026-02-07 11:58:19,2026-02-06T18:50:00+08:00,2026-02-06T18:52:03+08:00,1.4304,103.8928,C,Cloud to Cloud,2026-02-06T18:48:38.556+08:00
2026-02-07 11:58:19,2026-02-06T18:50:00+08:00,2026-02-06T18:52:03+08:00,1.4197,103.8914,C,Cloud to Cloud,2026-02-06T18:48:38.563+08:00
2026-02-07 11:58:19,2026-02-06T18:50:00+08:00,2026-02-06T18:52:03+08:00,1.4197,103.8914,C,Cloud to Cloud,2026-02-06T18:48:38.563+08:00
2026-02-07 11:58:19,2026-02-06T18:50:00+08:00,2026-02-06T18:52:03+08:00,1.4615,103.8978,C,Cloud to Cloud,2026-02-06T18:48:38.641+08:00
2026-02-07 11:58:19,2026-02-06T18:50:00+08:00,2026-02-06T18:52:03+08:00,1.461,103.8905,C,Cloud to Cloud,2026-02-06T18:48:38.641+08:00
2026-02-07 11:58:19,2026-02-06T18:50:00+08:00,2026-02-06T18:52:03+08:00,1.459,103.8929,C,Cloud to Cloud,2026-02-06T18:48:38.669+08:00
2026-02-07 11:58:19,2026-02-06T18:50:00+08:00,2026-02-06T18:52:03+08:00,1.4591,103.8955,C,Cloud to Cloud,2026-02-06T18:48:38.669+08:00
2026-02-07 11:58:19,2026-02-06T18:50:00+08:00,2026-02-06T18:52:03+08:00,1.4541,103.8866,C,Cloud to Cloud,2026-02-06T18:48:38.672+08:00
2026-02-07 11:58:19,2026-02-06T18:50:00+08:00,2026-02-06T18:52:03+08:00,1.4543,103.895,C,Cloud to Cloud,2026-02-06T18:48:38.672+08:00
2026-02-07 11:58:19,2026-02-06T18:50:00+08:00,2026-02-06T18:52:03+08:00,1.4526,103.881,C,Cloud to Cloud,2026-02-06T18:48:38.672+08:00
2026-02-07 11:58:19,2026-02-06T18:50:00+08:00,2026-02-06T18:52:03+08:00,1.4583,103.8948,C,Cloud to Cloud,2026-02-06T18:48:38.69+08:00
2026-02-07 11:58:19,2026-02-06T18:50:00+08:00,2026-02-06T18:52:03+08:00,1.4592,103.882,C,Cloud to Cloud,2026-02-06T18:48:38.69+08:00
2026-02-07 11:58:19,2026-02-06T18:50:00+08:00,2026-02-06T18:52:03+08:00,1.4587,103.8747,C,Cloud to Cloud,2026-02-06T18:48:38.691+08:00
2026-02-07 11:58:19,2026-02-06T18:50:00+08:00,2026-02-06T18:52:03+08:00,1.4529,103.876,C,Cloud to Cloud,2026-02-06T18:48:38.691+08:00
2026-02-07 11:58:19,2026-02-06T18:50:00+08:00,2026-02-06T18:52:03+08:00,1.4486,103.8865,C,Cloud to Cloud,2026-02-06T18:48:38.691+08:00
2026-02-07 11:58:19,2026-02-06T18:50:00+08:00,2026-02-06T18:52:03+08:00,1.4526,103.8945,C,Cloud to Cloud,2026-02-06T18:48:38.691+08:00
2026-02-07 11:58:19,2026-02-06T18:46:00+08:00,2026-02-06T18:48:02+08:00,1.4727,103.8756,C,Cloud to Cloud,2026-02-06T18:45:16.845+08:00
2026-02-07 11:58:19,2026-02-06T18:46:00+08:00,2026-02-06T18:48:02+08:00,1.4727,103.875,C,Cloud to Cloud,2026-02-06T18:45:16.845+08:00
2026-02-07 11:58:19,2026-02-06T18:46:00+08:00,2026-02-06T18:48:02+08:00,1.472,103.8729,C,Cloud to Cloud,2026-02-06T18:45:16.845+08:00
2026-02-07 11:58:19,2026-02-06T18:46:00+08:00,2026-02-06T18:48:02+08:00,1.4734,103.879,C,Cloud to Cloud,2026-02-06T18:45:16.845+08:00
2026-02-07 11:58:19,2026-02-06T18:46:00+08:00,2026-02-06T18:48:02+08:00,1.4735,103.8768,C,Cloud to Cloud,2026-02-06T18:45:16.845+08:00
2026-02-07 11:58:19,2026-02-06T18:46:00+08:00,2026-02-06T18:48:02+08:00,1.4734,103.8743,C,Cloud to Cloud,2026-02-06T18:45:16.845+08:00
2026-02-07 11:58:19,2026-02-06T18:46:00+08:00,2026-02-06T18:48:02+08:00,1.4723,103.8761,C,Cloud to Cloud,2026-02-06T18:45:16.845+08:00
2026-02-07 11:58:19,2026-02-06T18:46:00+08:00,2026-02-06T18:48:02+08:00,1.4723,103.8732,C,Cloud to Cloud,2026-02-06T18:45:16.845+08:00
2026-02-07 11:58:19,2026-02-06T18:46:00+08:00,2026-02-06T18:48:02+08:00,1.4705,103.8724,C,Cloud to Cloud,2026-02-06T18:45:16.845+08:00
2026-02-07 11:58:19,2026-02-06T18:46:00+08:00,2026-02-06T18:48:02+08:00,1.4699,103.873,C,Cloud to Cloud,2026-02-06T18:45:16.845+08:00
2026-02-07 11:58:19,2026-02-06T18:46:00+08:00,2026-02-06T18:48:02+08:00,1.4706,103.876,C,Cloud to Cloud,2026-02-06T18:45:16.846+08:00
2026-02-07 11:58:19,2026-02-06T18:46:00+08:00,2026-02-06T18:48:02+08:00,1.4693,103.8724,C,Cloud to Cloud,2026-02-06T18:45:16.846+08:00
2026-02-07 11:58:19,2026-02-06T18:46:00+08:00,2026-02-06T18:48:02+08:00,1.4676,103.8719,C,Cloud to Cloud,2026-02-06T18:45:16.846+08:00
2026-02-07 11:58:19,2026-02-06T18:46:00+08:00,2026-02-06T18:48:02+08:00,1.4862,103.8542,C,Cloud to Cloud,2026-02-06T18:45:16.846+08:00
2026-02-07 11:58:19,2026-02-06T18:46:00+08:00,2026-02-06T18:48:02+08:00,1.4691,103.8734,C,Cloud to Cloud,2026-02-06T18:45:16.846+08:00
2026-02-07 11:58:19,2026-02-06T18:46:00+08:00,2026-02-06T18:48:02+08:00,1.4705,103.8738,C,Cloud to Cloud,2026-02-06T18:45:16.846+08:00
2026-02-07 11:58:19,2026-02-06T18:46:00+08:00,2026-02-06T18:48:02+08:00,1.4718,103.8726,C,Cloud to Cloud,2026-02-06T18:45:16.846+08:00
2026-02-07 11:58:19,2026-02-06T18:46:00+08:00,2026-02-06T18:48:02+08:00,1.472,103.8719,C,Cloud to Cloud,2026-02-06T18:45:16.846+08:00
2026-02-07 11:58:19,2026-02-06T18:46:00+08:00,2026-02-06T18:48:02+08:00,1.4721,103.8741,C,Cloud to Cloud,2026-02-06T18:45:16.846+08:00
2026-02-07 11:58:19,2026-02-06T18:46:00+08:00,2026-02-06T18:48:02+08:00,1.4717,103.8739,C,Cloud to Cloud,2026-02-06T18:45:16.846+08:00
2026-02-07 11:58:19,2026-02-06T18:46:00+08:00,2026-02-06T18:48:02+08:00,1.4721,103.8753,C,Cloud to Cloud,2026-02-06T18:45:16.847+08:00
2026-02-07 11:58:19,2026-02-06T18:46:00+08:00,2026-02-06T18:48:02+08:00,1.471,103.8746,C,Cloud to Cloud,2026-02-06T18:45:16.847+08:00
2026-02-07 11:58:19,2026-02-06T18:46:00+08:00,2026-02-06T18:48:02+08:00,1.4705,103.8752,C,Cloud to Cloud,2026-02-06T18:45:16.847+08:00
2026-02-07 11:58:19,2026-02-06T18:46:00+08:00,2026-02-06T18:48:02+08:00,1.4719,103.8695,C,Cloud to Cloud,2026-02-06T18:45:16.847+08:00
2026-02-07 11:58:19,2026-02-06T18:46:00+08:00,2026-02-06T18:48:02+08:00,1.4733,103.8699,C,Cloud to Cloud,2026-02-06T18:45:16.847+08:00
2026-02-07 11:58:19,2026-02-06T18:46:00+08:00,2026-02-06T18:48:02+08:00,1.4589,103.8981,C,Cloud to Cloud,2026-02-06T18:45:16.847+08:00
2026-02-07 11:58:19,2026-02-06T18:46:00+08:00,2026-02-06T18:48:02+08:00,1.474,103.8689,C,Cloud to Cloud,2026-02-06T18:45:16.847+08:00
2026-02-07 11:58:19,2026-02-06T18:46:00+08:00,2026-02-06T18:48:02+08:00,1.4708,103.8753,C,Cloud to Cloud,2026-02-06T18:45:16.847+08:00
2026-02-07 11:58:19,2026-02-06T18:46:00+08:00,2026-02-06T18:48:02+08:00,1.4734,103.877,C,Cloud to Cloud,2026-02-06T18:45:16.847+08:00
2026-02-07 11:58:19,2026-02-06T18:46:00+08:00,2026-02-06T18:48:02+08:00,1.474,103.8706,C,Cloud to Cloud,2026-02-06T18:45:16.848+08:00
2026-02-07 11:58:19,2026-02-06T18:46:00+08:00,2026-02-06T18:48:02+08:00,1.4714,103.8699,C,Cloud to Cloud,2026-02-06T18:45:16.848+08:00
2026-02-07 11:58:19,2026-02-06T18:46:00+08:00,2026-02-06T18:48:02+08:00,1.4711,103.8729,C,Cloud to Cloud,2026-02-06T18:45:16.848+08:00
2026-02-07 11:58:19,2026-02-06T18:46:00+08:00,2026-02-06T18:48:02+08:00,1.4706,103.8744,C,Cloud to Cloud,2026-02-06T18:45:16.848+08:00
2026-02-07 11:58:19,2026-02-06T18:46:00+08:00,2026-02-06T18:48:02+08:00,1.4706,103.8744,C,Cloud to Cloud,2026-02-06T18:45:16.848+08:00
2026-02-07 11:58:19,2026-02-06T18:46:00+08:00,2026-02-06T18:48:02+08:00,1.4727,103.8706,C,Cloud to Cloud,2026-02-06T18:45:16.848+08:00
2026-02-07 11:58:19,2026-02-06T18:46:00+08:00,2026-02-06T18:48:02+08:00,1.4717,103.8695,C,Cloud to Cloud,2026-02-06T18:45:16.848+08:00
2026-02-07 11:58:19,2026-02-06T18:46:00+08:00,2026-02-06T18:48:02+08:00,1.4985,103.9087,C,Cloud to Cloud,2026-02-06T18:45:16.848+08:00
2026-02-07 11:58:19,2026-02-06T18:46:00+08:00,2026-02-06T18:48:02+08:00,1.4722,103.8636,C,Cloud to Cloud,2026-02-06T18:45:16.848+08:00
2026-02-07 11:58:19,2026-02-06T18:46:00+08:00,2026-02-06T18:48:02+08:00,1.5006,103.9115,C,Cloud to Cloud,2026-02-06T18:45:16.848+08:00
2026-02-07 11:58:19,2026-02-06T18:46:00+08:00,2026-02-06T18:48:02+08:00,1.4707,103.8662,C,Cloud to Cloud,2026-02-06T18:45:16.848+08:00
2026-02-07 11:58:19,2026-02-06T18:46:00+08:00,2026-02-06T18:48:02+08:00,1.4689,103.8666,C,Cloud to Cloud,2026-02-06T18:45:16.849+08:00
2026-02-07 11:58:19,2026-02-06T18:46:00+08:00,2026-02-06T18:48:02+08:00,1.4689,103.8674,C,Cloud to Cloud,2026-02-06T18:45:16.849+08:00
2026-02-07 11:58:19,2026-02-06T18:46:00+08:00,2026-02-06T18:48:02+08:00,1.4689,103.8736,C,Cloud to Cloud,2026-02-06T18:45:16.849+08:00
2026-02-07 11:58:19,2026-02-06T18:46:00+08:00,2026-02-06T18:48:02+08:00,1.4695,103.8722,C,Cloud to Cloud,2026-02-06T18:45:16.85+08:00
2026-02-07 11:58:19,2026-02-06T18:46:00+08:00,2026-02-06T18:48:02+08:00,1.4668,103.8805,C,Cloud to Cloud,2026-02-06T18:45:16.85+08:00
2026-02-07 11:58:19,2026-02-06T18:46:00+08:00,2026-02-06T18:48:02+08:00,1.4659,103.8741,C,Cloud to Cloud,2026-02-06T18:45:16.85+08:00
2026-02-07 11:58:19,2026-02-06T18:46:00+08:00,2026-02-06T18:48:02+08:00,1.467,103.8709,C,Cloud to Cloud,2026-02-06T18:45:16.85+08:00
2026-02-07 11:58:19,2026-02-06T18:46:00+08:00,2026-02-06T18:48:02+08:00,1.4652,103.8772,C,Cloud to Cloud,2026-02-06T18:45:16.85+08:00
2026-02-07 11:58:19,2026-02-06T18:46:00+08:00,2026-02-06T18:48:02+08:00,1.4698,103.8658,C,Cloud to Cloud,2026-02-06T18:45:16.85+08:00
2026-02-07 11:58:19,2026-02-06T18:46:00+08:00,2026-02-06T18:48:02+08:00,1.4695,103.8635,C,Cloud to Cloud,2026-02-06T18:45:16.85+08:00
2026-02-07 11:58:19,2026-02-06T18:46:00+08:00,2026-02-06T18:48:02+08:00,1.4581,103.8878,C,Cloud to Cloud,2026-02-06T18:45:16.85+08:00
2026-02-07 11:58:19,2026-02-06T18:46:00+08:00,2026-02-06T18:48:02+08:00,1.4675,103.8658,C,Cloud to Cloud,2026-02-06T18:45:16.85+08:00
2026-02-07 11:58:19,2026-02-06T18:46:00+08:00,2026-02-06T18:48:02+08:00,1.4675,103.8708,C,Cloud to Cloud,2026-02-06T18:45:16.85+08:00
2026-02-07 11:58:19,2026-02-06T18:46:00+08:00,2026-02-06T18:48:02+08:00,1.465,103.8783,C,Cloud to Cloud,2026-02-06T18:45:16.851+08:00
2026-02-07 11:58:19,2026-02-06T18:46:00+08:00,2026-02-06T18:48:02+08:00,1.4618,103.8812,C,Cloud to Cloud,2026-02-06T18:45:16.851+08:00
2026-02-07 11:58:19,2026-02-06T18:46:00+08:00,2026-02-06T18:48:02+08:00,1.4648,103.8726,C,Cloud to Cloud,2026-02-06T18:45:16.851+08:00
2026-02-07 11:58:19,2026-02-06T18:46:00+08:00,2026-02-06T18:48:02+08:00,1.4665,103.8615,C,Cloud to Cloud,2026-02-06T18:45:16.851+08:00
2026-02-07 11:58:19,2026-02-06T18:46:00+08:00,2026-02-06T18:48:02+08:00,1.4663,103.8638,C,Cloud to Cloud,2026-02-06T18:45:16.851+08:00
2026-02-07 11:58:19,2026-02-06T18:46:00+08:00,2026-02-06T18:48:02+08:00,1.4618,103.8809,C,Cloud to Cloud,2026-02-06T18:45:16.852+08:00
2026-02-07 11:58:19,2026-02-06T18:46:00+08:00,2026-02-06T18:48:02+08:00,1.4629,103.8755,C,Cloud to Cloud,2026-02-06T18:45:16.852+08:00
2026-02-07 11:58:19,2026-02-06T18:46:00+08:00,2026-02-06T18:48:02+08:00,1.4636,103.877,C,Cloud to Cloud,2026-02-06T18:45:16.852+08:00
2026-02-07 11:58:19,2026-02-06T18:46:00+08:00,2026-02-06T18:48:02+08:00,1.4634,103.8777,C,Cloud to Cloud,2026-02-06T18:45:16.852+08:00
2026-02-07 11:58:19,2026-02-06T18:46:00+08:00,2026-02-06T18:48:02+08:00,1.4694,103.8713,C,Cloud to Cloud,2026-02-06T18:45:16.854+08:00
2026-02-07 11:58:19,2026-02-06T18:46:00+08:00,2026-02-06T18:48:02+08:00,1.4698,103.8701,C,Cloud to Cloud,2026-02-06T18:45:16.854+08:00
2026-02-07 11:58:19,2026-02-06T18:46:00+08:00,2026-02-06T18:48:02+08:00,1.4695,103.8761,C,Cloud to Cloud,2026-02-06T18:45:16.854+08:00
2026-02-07 11:58:19,2026-02-06T18:46:00+08:00,2026-02-06T18:48:02+08:00,1.4642,103.8767,C,Cloud to Cloud,2026-02-06T18:45:16.854+08:00
2026-02-07 11:58:19,2026-02-06T18:46:00+08:00,2026-02-06T18:48:02+08:00,1.4615,103.8804,C,Cloud to Cloud,2026-02-06T18:45:16.854+08:00
2026-02-07 11:58:19,2026-02-06T18:46:00+08:00,2026-02-06T18:48:02+08:00,1.4625,103.8928,C,Cloud to Cloud,2026-02-06T18:45:16.855+08:00
2026-02-07 11:58:19,2026-02-06T18:46:00+08:00,2026-02-06T18:48:02+08:00,1.4561,103.9016,C,Cloud to Cloud,2026-02-06T18:45:16.855+08:00
2026-02-07 11:58:19,2026-02-06T18:46:00+08:00,2026-02-06T18:48:02+08:00,1.4582,103.8932,C,Cloud to Cloud,2026-02-06T18:45:16.855+08:00
2026-02-07 11:58:19,2026-02-06T18:46:00+08:00,2026-02-06T18:48:02+08:00,1.4599,103.8787,C,Cloud to Cloud,2026-02-06T18:45:16.856+08:00
2026-02-07 11:58:19,2026-02-06T18:46:00+08:00,2026-02-06T18:48:02+08:00,1.5714,103.8944,C,Cloud to Cloud,2026-02-06T18:45:16.856+08:00
2026-02-07 11:58:19,2026-02-06T18:46:00+08:00,2026-02-06T18:48:02+08:00,1.4599,103.885,C,Cloud to Cloud,2026-02-06T18:45:16.856+08:00
2026-02-07 11:58:19,2026-02-06T18:46:00+08:00,2026-02-06T18:48:02+08:00,1.4532,103.9077,C,Cloud to Cloud,2026-02-06T18:45:16.857+08:00
2026-02-07 11:58:19,2026-02-06T18:46:00+08:00,2026-02-06T18:48:02+08:00,1.4533,103.9109,C,Cloud to Cloud,2026-02-06T18:45:16.858+08:00
2026-02-07 11:58:19,2026-02-06T18:46:00+08:00,2026-02-06T18:48:02+08:00,1.4502,103.9145,C,Cloud to Cloud,2026-02-06T18:45:16.858+08:00
2026-02-07 11:58:19,2026-02-06T18:46:00+08:00,2026-02-06T18:48:02+08:00,1.4637,103.8927,C,Cloud to Cloud,2026-02-06T18:45:16.859+08:00
2026-02-07 11:58:19,2026-02-06T18:46:00+08:00,2026-02-06T18:48:02+08:00,1.4543,103.8931,C,Cloud to Cloud,2026-02-06T18:45:16.859+08:00
2026-02-07 11:58:19,2026-02-06T18:46:00+08:00,2026-02-06T18:48:02+08:00,1.4553,103.8913,C,Cloud to Cloud,2026-02-06T18:45:16.859+08:00
2026-02-07 11:58:19,2026-02-06T18:46:00+08:00,2026-02-06T18:48:02+08:00,1.4556,103.8981,C,Cloud to Cloud,2026-02-06T18:45:16.859+08:00
2026-02-07 11:58:19,2026-02-06T18:46:00+08:00,2026-02-06T18:48:02+08:00,1.4581,103.8881,C,Cloud to Cloud,2026-02-06T18:45:16.86+08:00
2026-02-07 11:58:19,2026-02-06T18:46:00+08:00,2026-02-06T18:48:02+08:00,1.4835,103.9075,C,Cloud to Cloud,2026-02-06T18:45:16.86+08:00
2026-02-07 11:58:19,2026-02-06T18:46:00+08:00,2026-02-06T18:48:02+08:00,1.4537,103.8974,C,Cloud to Cloud,2026-02-06T18:45:16.86+08:00
2026-02-07 11:58:19,2026-02-06T18:46:00+08:00,2026-02-06T18:48:02+08:00,1.4485,103.9048,C,Cloud to Cloud,2026-02-06T18:45:16.86+08:00
2026-02-07 11:58:19,2026-02-06T18:46:00+08:00,2026-02-06T18:48:02+08:00,1.4521,103.8962,C,Cloud to Cloud,2026-02-06T18:45:16.861+08:00
2026-02-07 11:58:19,2026-02-06T18:46:00+08:00,2026-02-06T18:48:02+08:00,1.4528,103.8952,C,Cloud to Cloud,2026-02-06T18:45:16.861+08:00
2026-02-07 11:58:19,2026-02-06T18:46:00+08:00,2026-02-06T18:48:02+08:00,1.4531,103.9017,C,Cloud to Cloud,2026-02-06T18:45:16.861+08:00
2026-02-07 11:58:19,2026-02-06T18:46:00+08:00,2026-02-06T18:48:02+08:00,1.4531,103.9017,C,Cloud to Cloud,2026-02-06T18:45:16.861+08:00
2026-02-07 11:58:19,2026-02-06T18:46:00+08:00,2026-02-06T18:48:02+08:00,1.4483,103.9027,C,Cloud to Cloud,2026-02-06T18:45:16.861+08:00
2026-02-07 11:58:19,2026-02-06T18:46:00+08:00,2026-02-06T18:48:02+08:00,1.4521,103.8976,C,Cloud to Cloud,2026-02-06T18:45:16.861+08:00
2026-02-07 11:58:19,2026-02-06T18:46:00+08:00,2026-02-06T18:48:02+08:00,1.4538,103.8937,C,Cloud to Cloud,2026-02-06T18:45:16.862+08:00
2026-02-07 11:58:19,2026-02-06T18:46:00+08:00,2026-02-06T18:48:02+08:00,1.4547,103.891,C,Cloud to Cloud,2026-02-06T18:45:16.862+08:00
2026-02-07 11:58:19,2026-02-06T18:46:00+08:00,2026-02-06T18:48:02+08:00,1.4494,103.8985,C,Cloud to Cloud,2026-02-06T18:45:16.862+08:00
2026-02-07 11:58:19,2026-02-06T18:46:00+08:00,2026-02-06T18:48:02+08:00,1.4611,103.8894,C,Cloud to Cloud,2026-02-06T18:45:16.862+08:00
2026-02-07 11:58:19,2026-02-06T18:46:00+08:00,2026-02-06T18:48:02+08:00,1.4595,103.8919,C,Cloud to Cloud,2026-02-06T18:45:16.862+08:00
2026-02-07 11:58:19,2026-02-06T18:46:00+08:00,2026-02-06T18:48:02+08:00,1.5137,103.9059,C,Cloud to Cloud,2026-02-06T18:45:16.862+08:00
2026-02-07 11:58:19,2026-02-06T18:46:00+08:00,2026-02-06T18:48:02+08:00,1.4482,103.9024,C,Cloud to Cloud,2026-02-06T18:45:16.862+08:00
2026-02-07 11:58:19,2026-02-06T18:46:00+08:00,2026-02-06T18:48:02+08:00,1.4483,103.8993,C,Cloud to Cloud,2026-02-06T18:45:16.862+08:00
2026-02-07 11:58:19,2026-02-06T18:46:00+08:00,2026-02-06T18:48:02+08:00,1.4562,103.8942,C,Cloud to Cloud,2026-02-06T18:45:16.864+08:00
2026-02-07 11:58:19,2026-02-06T18:46:00+08:00,2026-02-06T18:48:02+08:00,1.4562,103.8942,C,Cloud to Cloud,2026-02-06T18:45:16.864+08:00
2026-02-07 11:58:19,2026-02-06T18:46:00+08:00,2026-02-06T18:48:02+08:00,1.462,103.8865,C,Cloud to Cloud,2026-02-06T18:45:16.865+08:00
2026-02-07 11:58:19,2026-02-06T18:46:00+08:00,2026-02-06T18:48:02+08:00,1.462,103.8865,C,Cloud to Cloud,2026-02-06T18:45:16.865+08:00
2026-02-07 11:58:19,2026-02-06T18:46:00+08:00,2026-02-06T18:48:02+08:00,1.457,103.8894,C,Cloud to Cloud,2026-02-06T18:45:16.865+08:00
2026-02-07 11:58:19,2026-02-06T18:46:00+08:00,2026-02-06T18:48:02+08:00,1.4472,103.9015,C,Cloud to Cloud,2026-02-06T18:45:16.865+08:00
2026-02-07 11:58:19,2026-02-06T18:46:00+08:00,2026-02-06T18:48:02+08:00,1.4542,103.8915,C,Cloud to Cloud,2026-02-06T18:45:16.865+08:00
2026-02-07 11:58:19,2026-02-06T18:46:00+08:00,2026-02-06T18:48:02+08:00,1.4763,103.9501,C,Cloud to Cloud,2026-02-06T18:45:16.865+08:00
2026-02-07 11:58:19,2026-02-06T18:46:00+08:00,2026-02-06T18:48:02+08:00,1.451,103.8893,C,Cloud to Cloud,2026-02-06T18:45:16.866+08:00
2026-02-07 11:58:19,2026-02-06T18:46:00+08:00,2026-02-06T18:48:02+08:00,1.447,103.8929,C,Cloud to Cloud,2026-02-06T18:45:16.866+08:00
2026-02-07 11:58:19,2026-02-06T18:46:00+08:00,2026-02-06T18:48:02+08:00,1.4447,103.9009,C,Cloud to Cloud,2026-02-06T18:45:16.866+08:00
2026-02-07 11:58:19,2026-02-06T18:46:00+08:00,2026-02-06T18:48:02+08:00,1.449,103.8944,C,Cloud to Cloud,2026-02-06T18:45:16.868+08:00
2026-02-07 11:58:19,2026-02-06T18:46:00+08:00,2026-02-06T18:48:02+08:00,1.449,103.8944,C,Cloud to Cloud,2026-02-06T18:45:16.868+08:00
2026-02-07 11:58:19,2026-02-06T18:46:00+08:00,2026-02-06T18:48:02+08:00,1.4566,103.8847,C,Cloud to Cloud,2026-02-06T18:45:16.868+08:00
2026-02-07 11:58:19,2026-02-06T18:46:00+08:00,2026-02-06T18:48:02+08:00,1.4615,103.8755,C,Cloud to Cloud,2026-02-06T18:45:16.868+08:00
2026-02-07 11:58:19,2026-02-06T18:46:00+08:00,2026-02-06T18:48:02+08:00,1.4555,103.8836,C,Cloud to Cloud,2026-02-06T18:45:16.868+08:00
2026-02-07 11:58:19,2026-02-06T18:46:00+08:00,2026-02-06T18:48:02+08:00,1.4521,103.8889,C,Cloud to Cloud,2026-02-06T18:45:16.869+08:00
2026-02-07 11:58:19,2026-02-06T18:46:00+08:00,2026-02-06T18:48:02+08:00,1.4537,103.8865,C,Cloud to Cloud,2026-02-06T18:45:16.871+08:00
2026-02-07 11:58:19,2026-02-06T18:46:00+08:00,2026-02-06T18:48:02+08:00,1.4537,103.8865,C,Cloud to Cloud,2026-02-06T18:45:16.871+08:00
2026-02-07 11:58:19,2026-02-06T18:46:00+08:00,2026-02-06T18:48:02+08:00,1.4513,103.8843,C,Cloud to Cloud,2026-02-06T18:45:16.872+08:00
2026-02-07 11:58:19,2026-02-06T18:46:00+08:00,2026-02-06T18:48:02+08:00,1.4852,103.8584,C,Cloud to Cloud,2026-02-06T18:45:16.873+08:00
2026-02-07 11:58:19,2026-02-06T18:46:00+08:00,2026-02-06T18:48:02+08:00,1.4687,103.8759,C,Cloud to Cloud,2026-02-06T18:45:16.873+08:00
2026-02-07 11:58:19,2026-02-06T18:46:00+08:00,2026-02-06T18:48:02+08:00,1.4488,103.8946,C,Cloud to Cloud,2026-02-06T18:45:16.873+08:00
2026-02-07 11:58:19,2026-02-06T18:46:00+08:00,2026-02-06T18:48:02+08:00,1.4446,103.8948,C,Cloud to Cloud,2026-02-06T18:45:16.875+08:00
2026-02-07 11:58:19,2026-02-06T18:46:00+08:00,2026-02-06T18:48:02+08:00,1.4556,103.8808,C,Cloud to Cloud,2026-02-06T18:45:16.879+08:00
2026-02-07 11:58:19,2026-02-06T18:46:00+08:00,2026-02-06T18:48:02+08:00,1.4573,103.877,C,Cloud to Cloud,2026-02-06T18:45:16.88+08:00
2026-02-07 11:58:19,2026-02-06T18:46:00+08:00,2026-02-06T18:48:02+08:00,1.4631,103.8717,C,Cloud to Cloud,2026-02-06T18:45:16.88+08:00
2026-02-07 11:58:19,2026-02-06T18:46:00+08:00,2026-02-06T18:48:02+08:00,1.5291,103.9069,C,Cloud to Cloud,2026-02-06T18:45:16.88+08:00
2026-02-07 11:58:19,2026-02-06T18:46:00+08:00,2026-02-06T18:48:02+08:00,1.4613,103.8677,C,Cloud to Cloud,2026-02-06T18:45:16.88+08:00
2026-02-07 11:58:19,2026-02-06T18:46:00+08:00,2026-02-06T18:48:02+08:00,1.4399,103.9003,C,Cloud to Cloud,2026-02-06T18:45:16.88+08:00
2026-02-07 11:58:19,2026-02-06T18:46:00+08:00,2026-02-06T18:48:02+08:00,1.4483,103.8932,C,Cloud to Cloud,2026-02-06T18:45:16.88+08:00
2026-02-07 11:58:19,2026-02-06T18:46:00+08:00,2026-02-06T18:48:02+08:00,1.4546,103.8828,C,Cloud to Cloud,2026-02-06T18:45:16.88+08:00
2026-02-07 11:58:19,2026-02-06T18:46:00+08:00,2026-02-06T18:48:02+08:00,1.4608,103.88,C,Cloud to Cloud,2026-02-06T18:45:16.88+08:00
2026-02-07 11:58:19,2026-02-06T18:46:00+08:00,2026-02-06T18:48:02+08:00,1.4478,103.8993,C,Cloud to Cloud,2026-02-06T18:45:16.883+08:00
2026-02-07 11:58:19,2026-02-06T18:46:00+08:00,2026-02-06T18:48:02+08:00,1.4492,103.8972,C,Cloud to Cloud,2026-02-06T18:45:16.884+08:00
2026-02-07 11:58:19,2026-02-06T18:46:00+08:00,2026-02-06T18:48:02+08:00,1.4564,103.8839,C,Cloud to Cloud,2026-02-06T18:45:16.884+08:00
2026-02-07 11:58:19,2026-02-06T18:46:00+08:00,2026-02-06T18:48:02+08:00,1.457,103.8811,C,Cloud to Cloud,2026-02-06T18:45:16.884+08:00
2026-02-07 11:58:19,2026-02-06T18:46:00+08:00,2026-02-06T18:48:02+08:00,1.4592,103.8898,C,Cloud to Cloud,2026-02-06T18:45:16.884+08:00
2026-02-07 11:58:19,2026-02-06T18:46:00+08:00,2026-02-06T18:48:02+08:00,1.4592,103.8898,C,Cloud to Cloud,2026-02-06T18:45:16.885+08:00
2026-02-07 11:58:19,2026-02-06T18:46:00+08:00,2026-02-06T18:48:02+08:00,1.4603,103.8806,C,Cloud to Cloud,2026-02-06T18:45:16.885+08:00
2026-02-07 11:58:19,2026-02-06T18:46:00+08:00,2026-02-06T18:48:02+08:00,1.4603,103.8806,C,Cloud to Cloud,2026-02-06T18:45:16.885+08:00
2026-02-07 11:58:19,2026-02-06T18:46:00+08:00,2026-02-06T18:48:02+08:00,1.4458,103.8973,C,Cloud to Cloud,2026-02-06T18:45:16.886+08:00
2026-02-07 11:58:19,2026-02-06T18:46:00+08:00,2026-02-06T18:48:02+08:00,1.4416,103.9063,C,Cloud to Cloud,2026-02-06T18:45:16.887+08:00
2026-02-07 11:58:19,2026-02-06T18:46:00+08:00,2026-02-06T18:48:02+08:00,1.4434,103.9039,C,Cloud to Cloud,2026-02-06T18:45:16.887+08:00
2026-02-07 11:58:19,2026-02-06T18:46:00+08:00,2026-02-06T18:48:02+08:00,1.4446,103.903,C,Cloud to Cloud,2026-02-06T18:45:16.887+08:00
2026-02-07 11:58:19,2026-02-06T18:46:00+08:00,2026-02-06T18:48:02+08:00,1.439,103.909,C,Cloud to Cloud,2026-02-06T18:45:16.889+08:00
2026-02-07 11:58:19,2026-02-06T18:46:00+08:00,2026-02-06T18:48:02+08:00,1.4406,103.9069,C,Cloud to Cloud,2026-02-06T18:45:16.889+08:00
2026-02-07 11:58:19,2026-02-06T18:46:00+08:00,2026-02-06T18:48:02+08:00,1.4504,103.8967,C,Cloud to Cloud,2026-02-06T18:45:16.89+08:00
2026-02-07 11:58:19,2026-02-06T18:46:00+08:00,2026-02-06T18:48:02+08:00,1.4487,103.8998,C,Cloud to Cloud,2026-02-06T18:45:16.89+08:00
2026-02-07 11:58:19,2026-02-06T18:46:00+08:00,2026-02-06T18:48:02+08:00,1.4443,103.9066,C,Cloud to Cloud,2026-02-06T18:45:16.891+08:00
2026-02-07 11:58:19,2026-02-06T18:46:00+08:00,2026-02-06T18:48:02+08:00,1.4443,103.9066,C,Cloud to Cloud,2026-02-06T18:45:16.891+08:00
2026-02-07 11:58:19,2026-02-06T18:46:00+08:00,2026-02-06T18:48:02+08:00,1.4407,103.91,C,Cloud to Cloud,2026-02-06T18:45:16.891+08:00
2026-02-07 11:58:19,2026-02-06T18:46:00+08:00,2026-02-06T18:48:02+08:00,1.4425,103.9039,C,Cloud to Cloud,2026-02-06T18:45:16.891+08:00
2026-02-07 11:58:19,2026-02-06T18:46:00+08:00,2026-02-06T18:48:02+08:00,1.4413,103.9003,C,Cloud to Cloud,2026-02-06T18:45:16.892+08:00
2026-02-07 11:58:19,2026-02-06T18:46:00+08:00,2026-02-06T18:48:02+08:00,1.4394,103.9044,C,Cloud to Cloud,2026-02-06T18:45:16.892+08:00
2026-02-07 11:58:19,2026-02-06T18:46:00+08:00,2026-02-06T18:48:02+08:00,1.4376,103.9054,C,Cloud to Cloud,2026-02-06T18:45:16.892+08:00
2026-02-07 11:58:19,2026-02-06T18:46:00+08:00,2026-02-06T18:48:02+08:00,1.4396,103.9058,C,Cloud to Cloud,2026-02-06T18:45:16.894+08:00
2026-02-07 11:58:19,2026-02-06T18:46:00+08:00,2026-02-06T18:48:02+08:00,1.4392,103.9064,C,Cloud to Cloud,2026-02-06T18:45:16.894+08:00
2026-02-07 11:58:19,2026-02-06T18:46:00+08:00,2026-02-06T18:48:02+08:00,1.4406,103.897,C,Cloud to Cloud,2026-02-06T18:45:16.894+08:00
2026-02-07 11:58:19,2026-02-06T18:46:00+08:00,2026-02-06T18:48:02+08:00,1.4484,103.8984,C,Cloud to Cloud,2026-02-06T18:45:16.895+08:00
2026-02-07 11:58:19,2026-02-06T18:46:00+08:00,2026-02-06T18:48:02+08:00,1.4403,103.9113,C,Cloud to Cloud,2026-02-06T18:45:16.898+08:00
2026-02-07 11:58:19,2026-02-06T18:46:00+08:00,2026-02-06T18:48:02+08:00,1.4413,103.9101,C,Cloud to Cloud,2026-02-06T18:45:16.899+08:00
2026-02-07 11:58:19,2026-02-06T18:46:00+08:00,2026-02-06T18:48:02+08:00,1.442,103.9074,C,Cloud to Cloud,2026-02-06T18:45:16.903+08:00
2026-02-07 11:58:19,2026-02-06T18:46:00+08:00,2026-02-06T18:48:02+08:00,1.442,103.9074,C,Cloud to Cloud,2026-02-06T18:45:16.903+08:00
2026-02-07 11:58:19,2026-02-06T18:46:00+08:00,2026-02-06T18:48:02+08:00,1.4105,103.9056,C,Cloud to Cloud,2026-02-06T18:45:16.928+08:00
2026-02-07 11:58:19,2026-02-06T18:46:00+08:00,2026-02-06T18:48:02+08:00,1.4105,103.9056,C,Cloud to Cloud,2026-02-06T18:45:16.928+08:00
2026-02-07 11:58:19,2026-02-06T18:46:00+08:00,2026-02-06T18:48:02+08:00,1.4108,103.9169,C,Cloud to Cloud,2026-02-06T18:45:16.931+08:00
2026-02-07 11:58:19,2026-02-06T18:46:00+08:00,2026-02-06T18:48:02+08:00,1.3877,103.9084,C,Cloud to Cloud,2026-02-06T18:45:16.933+08:00
2026-02-07 11:58:19,2026-02-06T18:46:00+08:00,2026-02-06T18:48:02+08:00,1.4722,103.8491,C,Cloud to Cloud,2026-02-06T18:45:16.984+08:00
2026-02-07 11:58:19,2026-02-06T18:46:00+08:00,2026-02-06T18:48:02+08:00,1.4683,103.8541,C,Cloud to Cloud,2026-02-06T18:45:16.984+08:00
2026-02-07 11:58:19,2026-02-06T18:46:00+08:00,2026-02-06T18:48:02+08:00,1.4589,103.8948,C,Cloud to Cloud,2026-02-06T18:45:17.022+08:00
2026-02-07 11:58:19,2026-02-06T18:46:00+08:00,2026-02-06T18:48:02+08:00,1.4589,103.8948,C,Cloud to Cloud,2026-02-06T18:45:17.022+08:00
2026-02-07 11:58:19,2026-02-06T18:46:00+08:00,2026-02-06T18:48:02+08:00,1.4748,103.8747,C,Cloud to Cloud,2026-02-06T18:45:17.033+08:00
2026-02-07 11:58:19,2026-02-06T18:46:00+08:00,2026-02-06T18:48:02+08:00,1.4748,103.8747,C,Cloud to Cloud,2026-02-06T18:45:17.034+08:00
2026-02-07 11:58:19,2026-02-06T18:46:00+08:00,2026-02-06T18:48:02+08:00,1.474,103.8725,C,Cloud to Cloud,2026-02-06T18:45:17.034+08:00
2026-02-07 11:58:19,2026-02-06T18:46:00+08:00,2026-02-06T18:48:02+08:00,1.4418,103.9298,C,Cloud to Cloud,2026-02-06T18:45:17.068+08:00
2026-02-07 11:58:19,2026-02-06T18:46:00+08:00,2026-02-06T18:48:02+08:00,1.4339,103.9248,C,Cloud to Cloud,2026-02-06T18:45:17.072+08:00
2026-02-07 11:58:19,2026-02-06T18:46:00+08:00,2026-02-06T18:48:02+08:00,1.459,103.8983,C,Cloud to Cloud,2026-02-06T18:45:17.091+08:00
2026-02-07 11:58:19,2026-02-06T18:46:00+08:00,2026-02-06T18:48:02+08:00,1.4584,103.8842,C,Cloud to Cloud,2026-02-06T18:45:17.091+08:00
2026-02-07 11:58:19,2026-02-06T18:46:00+08:00,2026-02-06T18:48:02+08:00,1.4601,103.8907,C,Cloud to Cloud,2026-02-06T18:45:17.091+08:00
2026-02-07 11:58:19,2026-02-06T18:46:00+08:00,2026-02-06T18:48:02+08:00,1.4623,103.8781,C,Cloud to Cloud,2026-02-06T18:45:17.091+08:00
2026-02-07 11:58:19,2026-02-06T18:46:00+08:00,2026-02-06T18:48:02+08:00,1.4618,103.876,C,Cloud to Cloud,2026-02-06T18:45:17.091+08:00
2026-02-07 11:58:19,2026-02-06T18:46:00+08:00,2026-02-06T18:48:02+08:00,1.4704,103.8749,C,Cloud to Cloud,2026-02-06T18:45:17.091+08:00
2026-02-07 11:58:19,2026-02-06T18:46:00+08:00,2026-02-06T18:48:02+08:00,1.473,103.8697,C,Cloud to Cloud,2026-02-06T18:45:17.091+08:00
2026-02-07 11:58:19,2026-02-06T18:46:00+08:00,2026-02-06T18:48:02+08:00,1.4687,103.8714,C,Cloud to Cloud,2026-02-06T18:45:17.091+08:00
2026-02-07 11:58:19,2026-02-06T18:46:00+08:00,2026-02-06T18:48:02+08:00,1.504,103.9044,C,Cloud to Cloud,2026-02-06T18:45:17.091+08:00
2026-02-07 11:58:19,2026-02-06T18:46:00+08:00,2026-02-06T18:48:02+08:00,1.4713,103.8701,C,Cloud to Cloud,2026-02-06T18:45:17.091+08:00
2026-02-07 11:58:19,2026-02-06T18:46:00+08:00,2026-02-06T18:48:02+08:00,1.467,103.8668,C,Cloud to Cloud,2026-02-06T18:45:17.091+08:00
2026-02-07 11:58:19,2026-02-06T18:46:00+08:00,2026-02-06T18:48:02+08:00,1.4648,103.8626,C,Cloud to Cloud,2026-02-06T18:45:17.091+08:00
2026-02-07 11:58:19,2026-02-06T18:46:00+08:00,2026-02-06T18:48:02+08:00,1.4649,103.8608,C,Cloud to Cloud,2026-02-06T18:45:17.092+08:00
2026-02-07 11:58:19,2026-02-06T18:46:00+08:00,2026-02-06T18:48:02+08:00,1.4757,103.8876,C,Cloud to Cloud,2026-02-06T18:45:17.092+08:00
2026-02-07 11:58:19,2026-02-06T18:46:00+08:00,2026-02-06T18:48:02+08:00,1.4748,103.8549,C,Cloud to Cloud,2026-02-06T18:45:17.092+08:00
2026-02-07 11:58:19,2026-02-06T18:46:00+08:00,2026-02-06T18:48:02+08:00,1.4473,103.9226,C,Cloud to Cloud,2026-02-06T18:45:17.109+08:00
2026-02-07 11:58:19,2026-02-06T18:46:00+08:00,2026-02-06T18:48:02+08:00,1.4462,103.9232,C,Cloud to Cloud,2026-02-06T18:45:17.109+08:00
2026-02-07 11:58:19,2026-02-06T18:46:00+08:00,2026-02-06T18:48:02+08:00,1.4568,103.9134,C,Cloud to Cloud,2026-02-06T18:45:17.109+08:00
2026-02-07 11:58:19,2026-02-06T18:46:00+08:00,2026-02-06T18:48:02+08:00,1.4613,103.8832,C,Cloud to Cloud,2026-02-06T18:45:17.109+08:00
2026-02-07 11:58:19,2026-02-06T18:46:00+08:00,2026-02-06T18:48:02+08:00,1.4611,103.8811,C,Cloud to Cloud,2026-02-06T18:45:17.109+08:00
2026-02-07 11:58:19,2026-02-06T18:46:00+08:00,2026-02-06T18:48:02+08:00,1.4616,103.8832,C,Cloud to Cloud,2026-02-06T18:45:17.109+08:00
2026-02-07 11:58:19,2026-02-06T18:46:00+08:00,2026-02-06T18:48:02+08:00,1.4667,103.884,C,Cloud to Cloud,2026-02-06T18:45:17.109+08:00
2026-02-07 11:58:19,2026-02-06T18:46:00+08:00,2026-02-06T18:48:02+08:00,1.4717,103.8723,C,Cloud to Cloud,2026-02-06T18:45:17.109+08:00
2026-02-07 11:58:19,2026-02-06T18:46:00+08:00,2026-02-06T18:48:02+08:00,1.473,103.873,C,Cloud to Cloud,2026-02-06T18:45:17.109+08:00
2026-02-07 11:58:19,2026-02-06T18:46:00+08:00,2026-02-06T18:48:02+08:00,1.4722,103.8747,C,Cloud to Cloud,2026-02-06T18:45:17.109+08:00
2026-02-07 11:58:19,2026-02-06T18:46:00+08:00,2026-02-06T18:48:02+08:00,1.4685,103.8637,C,Cloud to Cloud,2026-02-06T18:45:17.109+08:00
2026-02-07 11:58:19,2026-02-06T18:46:00+08:00,2026-02-06T18:48:02+08:00,1.5076,103.8946,C,Cloud to Cloud,2026-02-06T18:45:17.109+08:00
2026-02-07 11:58:19,2026-02-06T18:46:00+08:00,2026-02-06T18:48:02+08:00,1.4684,103.8672,C,Cloud to Cloud,2026-02-06T18:45:17.11+08:00
2026-02-07 11:58:19,2026-02-06T18:46:00+08:00,2026-02-06T18:48:02+08:00,1.4479,103.9156,C,Cloud to Cloud,2026-02-06T18:45:17.118+08:00
2026-02-07 11:58:19,2026-02-06T18:46:00+08:00,2026-02-06T18:48:02+08:00,1.4491,103.9061,C,Cloud to Cloud,2026-02-06T18:45:17.118+08:00
2026-02-07 11:58:19,2026-02-06T18:46:00+08:00,2026-02-06T18:48:02+08:00,1.4533,103.9024,C,Cloud to Cloud,2026-02-06T18:45:17.118+08:00
2026-02-07 11:58:19,2026-02-06T18:46:00+08:00,2026-02-06T18:48:02+08:00,1.4549,103.8878,C,Cloud to Cloud,2026-02-06T18:45:17.119+08:00
2026-02-07 11:58:19,2026-02-06T18:46:00+08:00,2026-02-06T18:48:02+08:00,1.4125,103.9395,C,Cloud to Cloud,2026-02-06T18:45:17.129+08:00
2026-02-07 11:58:19,2026-02-06T18:46:00+08:00,2026-02-06T18:48:02+08:00,1.4125,103.9395,C,Cloud to Cloud,2026-02-06T18:45:17.13+08:00
2026-02-07 11:58:19,2026-02-06T18:46:00+08:00,2026-02-06T18:48:02+08:00,1.4279,103.929,C,Cloud to Cloud,2026-02-06T18:45:17.142+08:00
2026-02-07 11:58:19,2026-02-06T18:46:00+08:00,2026-02-06T18:48:02+08:00,1.4306,103.9266,C,Cloud to Cloud,2026-02-06T18:45:17.142+08:00
2026-02-07 11:58:19,2026-02-06T18:46:00+08:00,2026-02-06T18:48:02+08:00,1.4607,103.8684,C,Cloud to Cloud,2026-02-06T18:45:17.143+08:00
2026-02-07 11:58:19,2026-02-06T18:46:00+08:00,2026-02-06T18:48:02+08:00,1.4609,103.8672,C,Cloud to Cloud,2026-02-06T18:45:17.143+08:00
2026-02-07 11:58:19,2026-02-06T18:46:00+08:00,2026-02-06T18:48:02+08:00,1.4605,103.873,C,Cloud to Cloud,2026-02-06T18:45:17.143+08:00
2026-02-07 11:58:19,2026-02-06T18:46:00+08:00,2026-02-06T18:48:02+08:00,1.4567,103.8918,C,Cloud to Cloud,2026-02-06T18:45:17.153+08:00
2026-02-07 11:58:19,2026-02-06T18:46:00+08:00,2026-02-06T18:48:02+08:00,1.4567,103.8918,C,Cloud to Cloud,2026-02-06T18:45:17.153+08:00
2026-02-07 11:58:19,2026-02-06T18:46:00+08:00,2026-02-06T18:48:02+08:00,1.4238,103.9222,C,Cloud to Cloud,2026-02-06T18:45:17.159+08:00
2026-02-07 11:58:19,2026-02-06T18:46:00+08:00,2026-02-06T18:48:02+08:00,1.4128,103.9415,C,Cloud to Cloud,2026-02-06T18:45:17.177+08:00
2026-02-07 11:58:19,2026-02-06T18:46:00+08:00,2026-02-06T18:48:02+08:00,1.4496,103.9118,C,Cloud to Cloud,2026-02-06T18:45:17.177+08:00
2026-02-07 11:58:19,2026-02-06T18:46:00+08:00,2026-02-06T18:48:02+08:00,1.4498,103.9039,C,Cloud to Cloud,2026-02-06T18:45:17.177+08:00
2026-02-07 11:58:19,2026-02-06T18:46:00+08:00,2026-02-06T18:48:02+08:00,1.4611,103.9022,C,Cloud to Cloud,2026-02-06T18:45:17.177+08:00
2026-02-07 11:58:19,2026-02-06T18:46:00+08:00,2026-02-06T18:48:02+08:00,1.45,103.8923,C,Cloud to Cloud,2026-02-06T18:45:17.177+08:00
2026-02-07 11:58:19,2026-02-06T18:46:00+08:00,2026-02-06T18:48:02+08:00,1.4638,103.8963,C,Cloud to Cloud,2026-02-06T18:45:17.177+08:00
2026-02-07 11:58:19,2026-02-06T18:46:00+08:00,2026-02-06T18:48:02+08:00,1.4604,103.8915,C,Cloud to Cloud,2026-02-06T18:45:17.177+08:00
2026-02-07 11:58:19,2026-02-06T18:46:00+08:00,2026-02-06T18:48:02+08:00,1.4595,103.8812,C,Cloud to Cloud,2026-02-06T18:45:17.177+08:00
2026-02-07 11:58:19,2026-02-06T18:46:00+08:00,2026-02-06T18:48:02+08:00,1.4604,103.8781,C,Cloud to Cloud,2026-02-06T18:45:17.177+08:00
2026-02-07 11:58:19,2026-02-06T18:46:00+08:00,2026-02-06T18:48:02+08:00,1.4628,103.8847,C,Cloud to Cloud,2026-02-06T18:45:17.178+08:00
2026-02-07 11:58:19,2026-02-06T18:46:00+08:00,2026-02-06T18:48:02+08:00,1.4668,103.881,C,Cloud to Cloud,2026-02-06T18:45:17.178+08:00
2026-02-07 11:58:19,2026-02-06T18:46:00+08:00,2026-02-06T18:48:02+08:00,1.4504,103.9218,C,Cloud to Cloud,2026-02-06T18:45:17.204+08:00
2026-02-07 11:58:19,2026-02-06T18:46:00+08:00,2026-02-06T18:48:02+08:00,1.449,103.9203,C,Cloud to Cloud,2026-02-06T18:45:17.204+08:00
2026-02-07 11:58:19,2026-02-06T18:46:00+08:00,2026-02-06T18:48:02+08:00,1.4522,103.9129,C,Cloud to Cloud,2026-02-06T18:45:17.205+08:00
2026-02-07 11:58:19,2026-02-06T18:46:00+08:00,2026-02-06T18:48:02+08:00,1.4526,103.9069,C,Cloud to Cloud,2026-02-06T18:45:17.205+08:00
2026-02-07 11:58:19,2026-02-06T18:46:00+08:00,2026-02-06T18:48:02+08:00,1.4482,103.915,C,Cloud to Cloud,2026-02-06T18:45:17.205+08:00
2026-02-07 11:58:19,2026-02-06T18:46:00+08:00,2026-02-06T18:48:02+08:00,1.4434,103.8739,C,Cloud to Cloud,2026-02-06T18:45:17.205+08:00
2026-02-07 11:58:19,2026-02-06T18:46:00+08:00,2026-02-06T18:48:02+08:00,1.4434,103.8739,C,Cloud to Cloud,2026-02-06T18:45:17.205+08:00
2026-02-07 11:58:19,2026-02-06T18:46:00+08:00,2026-02-06T18:48:02+08:00,1.4077,103.9318,C,Cloud to Cloud,2026-02-06T18:45:17.227+08:00
2026-02-07 11:58:19,2026-02-06T18:46:00+08:00,2026-02-06T18:48:02+08:00,1.416,103.9181,C,Cloud to Cloud,2026-02-06T18:45:17.227+08:00
2026-02-07 11:58:19,2026-02-06T18:46:00+08:00,2026-02-06T18:48:02+08:00,1.4601,103.8765,C,Cloud to Cloud,2026-02-06T18:45:17.228+08:00
2026-02-07 11:58:19,2026-02-06T18:46:00+08:00,2026-02-06T18:48:02+08:00,1.4595,103.8751,C,Cloud to Cloud,2026-02-06T18:45:17.228+08:00
2026-02-07 11:58:19,2026-02-06T18:46:00+08:00,2026-02-06T18:48:02+08:00,1.4597,103.8684,C,Cloud to Cloud,2026-02-06T18:45:17.228+08:00
2026-02-07 11:58:19,2026-02-06T18:46:00+08:00,2026-02-06T18:48:02+08:00,1.4599,103.8801,C,Cloud to Cloud,2026-02-06T18:45:17.228+08:00
2026-02-07 11:58:19,2026-02-06T18:46:00+08:00,2026-02-06T18:48:02+08:00,1.4069,103.9253,C,Cloud to Cloud,2026-02-06T18:45:17.25+08:00
2026-02-07 11:58:19,2026-02-06T18:46:00+08:00,2026-02-06T18:48:02+08:00,1.4169,103.9186,C,Cloud to Cloud,2026-02-06T18:45:17.251+08:00
2026-02-07 11:58:19,2026-02-06T18:44:00+08:00,2026-02-06T18:46:02+08:00,1.4785,103.8826,C,Cloud to Cloud,2026-02-06T18:42:51.914+08:00
2026-02-07 11:58:19,2026-02-06T18:44:00+08:00,2026-02-06T18:46:02+08:00,1.4756,103.8808,C,Cloud to Cloud,2026-02-06T18:42:51.914+08:00
2026-02-07 11:58:19,2026-02-06T18:44:00+08:00,2026-02-06T18:46:02+08:00,1.478,103.8822,C,Cloud to Cloud,2026-02-06T18:42:51.914+08:00
2026-02-07 11:58:19,2026-02-06T18:44:00+08:00,2026-02-06T18:46:02+08:00,1.4604,103.8716,C,Cloud to Cloud,2026-02-06T18:42:51.914+08:00
2026-02-07 11:58:19,2026-02-06T18:44:00+08:00,2026-02-06T18:46:02+08:00,1.4781,103.88,C,Cloud to Cloud,2026-02-06T18:42:51.914+08:00
2026-02-07 11:58:19,2026-02-06T18:44:00+08:00,2026-02-06T18:46:02+08:00,1.477,103.8801,C,Cloud to Cloud,2026-02-06T18:42:51.914+08:00
2026-02-07 11:58:19,2026-02-06T18:44:00+08:00,2026-02-06T18:46:02+08:00,1.463,103.8699,C,Cloud to Cloud,2026-02-06T18:42:51.914+08:00
2026-02-07 11:58:19,2026-02-06T18:44:00+08:00,2026-02-06T18:46:02+08:00,1.4795,103.8842,C,Cloud to Cloud,2026-02-06T18:42:51.914+08:00
2026-02-07 11:58:19,2026-02-06T18:44:00+08:00,2026-02-06T18:46:02+08:00,1.4618,103.873,C,Cloud to Cloud,2026-02-06T18:42:51.914+08:00
2026-02-07 11:58:19,2026-02-06T18:44:00+08:00,2026-02-06T18:46:02+08:00,1.4804,103.8839,C,Cloud to Cloud,2026-02-06T18:42:51.914+08:00
2026-02-07 11:58:19,2026-02-06T18:44:00+08:00,2026-02-06T18:46:02+08:00,1.4811,103.8805,C,Cloud to Cloud,2026-02-06T18:42:51.914+08:00
2026-02-07 11:58:19,2026-02-06T18:44:00+08:00,2026-02-06T18:46:02+08:00,1.4771,103.8765,C,Cloud to Cloud,2026-02-06T18:42:51.914+08:00
2026-02-07 11:58:19,2026-02-06T18:44:00+08:00,2026-02-06T18:46:02+08:00,1.4785,103.8789,C,Cloud to Cloud,2026-02-06T18:42:51.915+08:00
2026-02-07 11:58:19,2026-02-06T18:44:00+08:00,2026-02-06T18:46:02+08:00,1.4777,103.879,C,Cloud to Cloud,2026-02-06T18:42:51.915+08:00
2026-02-07 11:58:19,2026-02-06T18:44:00+08:00,2026-02-06T18:46:02+08:00,1.4778,103.8773,C,Cloud to Cloud,2026-02-06T18:42:51.915+08:00
2026-02-07 11:58:19,2026-02-06T18:44:00+08:00,2026-02-06T18:46:02+08:00,1.4745,103.8722,C,Cloud to Cloud,2026-02-06T18:42:51.915+08:00
2026-02-07 11:58:19,2026-02-06T18:44:00+08:00,2026-02-06T18:46:02+08:00,1.4746,103.8714,C,Cloud to Cloud,2026-02-06T18:42:51.915+08:00
2026-02-07 11:58:19,2026-02-06T18:44:00+08:00,2026-02-06T18:46:02+08:00,1.4727,103.8719,C,Cloud to Cloud,2026-02-06T18:42:51.915+08:00
2026-02-07 11:58:19,2026-02-06T18:44:00+08:00,2026-02-06T18:46:02+08:00,1.4769,103.8762,C,Cloud to Cloud,2026-02-06T18:42:51.915+08:00
2026-02-07 11:58:19,2026-02-06T18:44:00+08:00,2026-02-06T18:46:02+08:00,1.4776,103.8795,C,Cloud to Cloud,2026-02-06T18:42:51.915+08:00
2026-02-07 11:58:19,2026-02-06T18:44:00+08:00,2026-02-06T18:46:02+08:00,1.4756,103.8722,C,Cloud to Cloud,2026-02-06T18:42:51.915+08:00
2026-02-07 11:58:19,2026-02-06T18:44:00+08:00,2026-02-06T18:46:02+08:00,1.4757,103.8716,C,Cloud to Cloud,2026-02-06T18:42:51.915+08:00
2026-02-07 11:58:19,2026-02-06T18:44:00+08:00,2026-02-06T18:46:02+08:00,1.4745,103.8745,C,Cloud to Cloud,2026-02-06T18:42:51.916+08:00
2026-02-07 11:58:19,2026-02-06T18:44:00+08:00,2026-02-06T18:46:02+08:00,1.4747,103.8751,C,Cloud to Cloud,2026-02-06T18:42:51.916+08:00
2026-02-07 11:58:19,2026-02-06T18:44:00+08:00,2026-02-06T18:46:02+08:00,1.476,103.8756,C,Cloud to Cloud,2026-02-06T18:42:51.916+08:00
2026-02-07 11:58:19,2026-02-06T18:44:00+08:00,2026-02-06T18:46:02+08:00,1.4772,103.8758,C,Cloud to Cloud,2026-02-06T18:42:51.916+08:00
2026-02-07 11:58:19,2026-02-06T18:44:00+08:00,2026-02-06T18:46:02+08:00,1.4765,103.8716,C,Cloud to Cloud,2026-02-06T18:42:51.916+08:00
2026-02-07 11:58:19,2026-02-06T18:44:00+08:00,2026-02-06T18:46:02+08:00,1.4764,103.8752,C,Cloud to Cloud,2026-02-06T18:42:51.916+08:00
2026-02-07 11:58:19,2026-02-06T18:44:00+08:00,2026-02-06T18:46:02+08:00,1.4753,103.8786,C,Cloud to Cloud,2026-02-06T18:42:51.917+08:00
2026-02-07 11:58:19,2026-02-06T18:44:00+08:00,2026-02-06T18:46:02+08:00,1.4745,103.8734,C,Cloud to Cloud,2026-02-06T18:42:51.917+08:00
2026-02-07 11:58:19,2026-02-06T18:44:00+08:00,2026-02-06T18:46:02+08:00,1.47,103.8731,C,Cloud to Cloud,2026-02-06T18:42:51.917+08:00
2026-02-07 11:58:19,2026-02-06T18:44:00+08:00,2026-02-06T18:46:02+08:00,1.6039,103.8812,C,Cloud to Cloud,2026-02-06T18:42:51.917+08:00
2026-02-07 11:58:19,2026-02-06T18:44:00+08:00,2026-02-06T18:46:02+08:00,1.4743,103.877,C,Cloud to Cloud,2026-02-06T18:42:51.917+08:00
2026-02-07 11:58:19,2026-02-06T18:44:00+08:00,2026-02-06T18:46:02+08:00,1.4749,103.8782,C,Cloud to Cloud,2026-02-06T18:42:51.917+08:00
2026-02-07 11:58:19,2026-02-06T18:44:00+08:00,2026-02-06T18:46:02+08:00,1.4826,103.8737,C,Cloud to Cloud,2026-02-06T18:42:51.917+08:00
2026-02-07 11:58:19,2026-02-06T18:44:00+08:00,2026-02-06T18:46:02+08:00,1.4756,103.8883,C,Cloud to Cloud,2026-02-06T18:42:51.918+08:00
2026-02-07 11:58:19,2026-02-06T18:44:00+08:00,2026-02-06T18:46:02+08:00,1.4746,103.8792,C,Cloud to Cloud,2026-02-06T18:42:51.918+08:00
2026-02-07 11:58:19,2026-02-06T18:44:00+08:00,2026-02-06T18:46:02+08:00,1.4762,103.8738,C,Cloud to Cloud,2026-02-06T18:42:51.918+08:00
2026-02-07 11:58:19,2026-02-06T18:44:00+08:00,2026-02-06T18:46:02+08:00,1.4775,103.8759,C,Cloud to Cloud,2026-02-06T18:42:51.918+08:00
2026-02-07 11:58:19,2026-02-06T18:44:00+08:00,2026-02-06T18:46:02+08:00,1.4739,103.8768,C,Cloud to Cloud,2026-02-06T18:42:51.918+08:00
2026-02-07 11:58:19,2026-02-06T18:44:00+08:00,2026-02-06T18:46:02+08:00,1.4766,103.8782,C,Cloud to Cloud,2026-02-06T18:42:51.918+08:00
2026-02-07 11:58:19,2026-02-06T18:44:00+08:00,2026-02-06T18:46:02+08:00,1.4768,103.8776,C,Cloud to Cloud,2026-02-06T18:42:51.918+08:00
2026-02-07 11:58:19,2026-02-06T18:44:00+08:00,2026-02-06T18:46:02+08:00,1.4756,103.8751,C,Cloud to Cloud,2026-02-06T18:42:51.919+08:00
2026-02-07 11:58:19,2026-02-06T18:44:00+08:00,2026-02-06T18:46:02+08:00,1.4762,103.8761,C,Cloud to Cloud,2026-02-06T18:42:51.919+08:00
2026-02-07 11:58:19,2026-02-06T18:44:00+08:00,2026-02-06T18:46:02+08:00,1.4748,103.8762,C,Cloud to Cloud,2026-02-06T18:42:51.919+08:00
2026-02-07 11:58:19,2026-02-06T18:44:00+08:00,2026-02-06T18:46:02+08:00,1.4756,103.8753,C,Cloud to Cloud,2026-02-06T18:42:51.919+08:00
2026-02-07 11:58:19,2026-02-06T18:44:00+08:00,2026-02-06T18:46:02+08:00,1.4759,103.8745,C,Cloud to Cloud,2026-02-06T18:42:51.919+08:00
2026-02-07 11:58:19,2026-02-06T18:44:00+08:00,2026-02-06T18:46:02+08:00,1.476,103.8806,C,Cloud to Cloud,2026-02-06T18:42:51.919+08:00
2026-02-07 11:58:19,2026-02-06T18:44:00+08:00,2026-02-06T18:46:02+08:00,1.4727,103.8811,C,Cloud to Cloud,2026-02-06T18:42:51.919+08:00
2026-02-07 11:58:19,2026-02-06T18:44:00+08:00,2026-02-06T18:46:02+08:00,1.4758,103.8804,C,Cloud to Cloud,2026-02-06T18:42:51.919+08:00
2026-02-07 11:58:19,2026-02-06T18:44:00+08:00,2026-02-06T18:46:02+08:00,1.4699,103.8766,C,Cloud to Cloud,2026-02-06T18:42:51.919+08:00
2026-02-07 11:58:19,2026-02-06T18:44:00+08:00,2026-02-06T18:46:02+08:00,1.4698,103.8771,C,Cloud to Cloud,2026-02-06T18:42:51.92+08:00
2026-02-07 11:58:19,2026-02-06T18:44:00+08:00,2026-02-06T18:46:02+08:00,1.4743,103.8828,C,Cloud to Cloud,2026-02-06T18:42:51.92+08:00
2026-02-07 11:58:19,2026-02-06T18:44:00+08:00,2026-02-06T18:46:02+08:00,1.4762,103.8782,C,Cloud to Cloud,2026-02-06T18:42:51.92+08:00
2026-02-07 11:58:19,2026-02-06T18:44:00+08:00,2026-02-06T18:46:02+08:00,1.4742,103.8798,C,Cloud to Cloud,2026-02-06T18:42:51.92+08:00
2026-02-07 11:58:19,2026-02-06T18:44:00+08:00,2026-02-06T18:46:02+08:00,1.4783,103.8812,C,Cloud to Cloud,2026-02-06T18:42:51.92+08:00
2026-02-07 11:58:19,2026-02-06T18:44:00+08:00,2026-02-06T18:46:02+08:00,1.4793,103.8773,C,Cloud to Cloud,2026-02-06T18:42:51.92+08:00
2026-02-07 11:58:19,2026-02-06T18:44:00+08:00,2026-02-06T18:46:02+08:00,1.4782,103.8807,C,Cloud to Cloud,2026-02-06T18:42:51.92+08:00
2026-02-07 11:58:19,2026-02-06T18:44:00+08:00,2026-02-06T18:46:02+08:00,1.4775,103.885,C,Cloud to Cloud,2026-02-06T18:42:51.92+08:00
2026-02-07 11:58:19,2026-02-06T18:44:00+08:00,2026-02-06T18:46:02+08:00,1.4761,103.8819,C,Cloud to Cloud,2026-02-06T18:42:51.921+08:00
2026-02-07 11:58:19,2026-02-06T18:44:00+08:00,2026-02-06T18:46:02+08:00,1.4725,103.8804,C,Cloud to Cloud,2026-02-06T18:42:51.921+08:00
2026-02-07 11:58:19,2026-02-06T18:44:00+08:00,2026-02-06T18:46:02+08:00,1.4717,103.8816,C,Cloud to Cloud,2026-02-06T18:42:51.921+08:00
2026-02-07 11:58:19,2026-02-06T18:44:00+08:00,2026-02-06T18:46:02+08:00,1.4667,103.8901,C,Cloud to Cloud,2026-02-06T18:42:51.924+08:00
2026-02-07 11:58:19,2026-02-06T18:44:00+08:00,2026-02-06T18:46:02+08:00,1.47,103.8845,C,Cloud to Cloud,2026-02-06T18:42:51.924+08:00
2026-02-07 11:58:19,2026-02-06T18:44:00+08:00,2026-02-06T18:46:02+08:00,1.4671,103.8834,C,Cloud to Cloud,2026-02-06T18:42:51.924+08:00
2026-02-07 11:58:19,2026-02-06T18:44:00+08:00,2026-02-06T18:46:02+08:00,1.4644,103.8849,C,Cloud to Cloud,2026-02-06T18:42:51.924+08:00
2026-02-07 11:58:19,2026-02-06T18:44:00+08:00,2026-02-06T18:46:02+08:00,1.4699,103.8877,C,Cloud to Cloud,2026-02-06T18:42:51.924+08:00
2026-02-07 11:58:19,2026-02-06T18:44:00+08:00,2026-02-06T18:46:02+08:00,1.4662,103.883,C,Cloud to Cloud,2026-02-06T18:42:51.924+08:00
2026-02-07 11:58:19,2026-02-06T18:44:00+08:00,2026-02-06T18:46:02+08:00,1.4677,103.8843,C,Cloud to Cloud,2026-02-06T18:42:51.925+08:00
2026-02-07 11:58:19,2026-02-06T18:44:00+08:00,2026-02-06T18:46:02+08:00,1.4697,103.8847,C,Cloud to Cloud,2026-02-06T18:42:51.925+08:00
2026-02-07 11:58:19,2026-02-06T18:44:00+08:00,2026-02-06T18:46:02+08:00,1.4665,103.8844,C,Cloud to Cloud,2026-02-06T18:42:51.925+08:00
2026-02-07 11:58:19,2026-02-06T18:44:00+08:00,2026-02-06T18:46:02+08:00,1.4627,103.8881,C,Cloud to Cloud,2026-02-06T18:42:51.925+08:00
2026-02-07 11:58:19,2026-02-06T18:44:00+08:00,2026-02-06T18:46:02+08:00,1.4747,103.8847,C,Cloud to Cloud,2026-02-06T18:42:51.925+08:00
2026-02-07 11:58:19,2026-02-06T18:44:00+08:00,2026-02-06T18:46:02+08:00,1.4712,103.8877,C,Cloud to Cloud,2026-02-06T18:42:51.925+08:00
2026-02-07 11:58:19,2026-02-06T18:44:00+08:00,2026-02-06T18:46:02+08:00,1.4687,103.8867,C,Cloud to Cloud,2026-02-06T18:42:51.926+08:00
2026-02-07 11:58:19,2026-02-06T18:44:00+08:00,2026-02-06T18:46:02+08:00,1.4687,103.8866,C,Cloud to Cloud,2026-02-06T18:42:51.926+08:00
2026-02-07 11:58:19,2026-02-06T18:44:00+08:00,2026-02-06T18:46:02+08:00,1.4651,103.8833,C,Cloud to Cloud,2026-02-06T18:42:51.926+08:00
2026-02-07 11:58:19,2026-02-06T18:44:00+08:00,2026-02-06T18:46:02+08:00,1.4687,103.8831,C,Cloud to Cloud,2026-02-06T18:42:51.926+08:00
2026-02-07 11:58:19,2026-02-06T18:44:00+08:00,2026-02-06T18:46:02+08:00,1.4729,103.8802,C,Cloud to Cloud,2026-02-06T18:42:51.926+08:00
2026-02-07 11:58:19,2026-02-06T18:44:00+08:00,2026-02-06T18:46:02+08:00,1.4697,103.886,C,Cloud to Cloud,2026-02-06T18:42:51.926+08:00
2026-02-07 11:58:19,2026-02-06T18:44:00+08:00,2026-02-06T18:46:02+08:00,1.4665,103.8883,C,Cloud to Cloud,2026-02-06T18:42:51.926+08:00
2026-02-07 11:58:19,2026-02-06T18:44:00+08:00,2026-02-06T18:46:02+08:00,1.4668,103.8875,C,Cloud to Cloud,2026-02-06T18:42:51.927+08:00
2026-02-07 11:58:19,2026-02-06T18:44:00+08:00,2026-02-06T18:46:02+08:00,1.4624,103.8876,C,Cloud to Cloud,2026-02-06T18:42:51.927+08:00
2026-02-07 11:58:19,2026-02-06T18:44:00+08:00,2026-02-06T18:46:02+08:00,1.4645,103.887,C,Cloud to Cloud,2026-02-06T18:42:51.927+08:00
2026-02-07 11:58:19,2026-02-06T18:44:00+08:00,2026-02-06T18:46:02+08:00,1.4732,103.889,C,Cloud to Cloud,2026-02-06T18:42:51.927+08:00
2026-02-07 11:58:19,2026-02-06T18:44:00+08:00,2026-02-06T18:46:02+08:00,1.4712,103.8884,C,Cloud to Cloud,2026-02-06T18:42:51.927+08:00
2026-02-07 11:58:19,2026-02-06T18:44:00+08:00,2026-02-06T18:46:02+08:00,1.4718,103.8869,C,Cloud to Cloud,2026-02-06T18:42:51.927+08:00
2026-02-07 11:58:19,2026-02-06T18:44:00+08:00,2026-02-06T18:46:02+08:00,1.4702,103.8892,C,Cloud to Cloud,2026-02-06T18:42:51.927+08:00
2026-02-07 11:58:19,2026-02-06T18:44:00+08:00,2026-02-06T18:46:02+08:00,1.4631,103.883,C,Cloud to Cloud,2026-02-06T18:42:51.927+08:00
2026-02-07 11:58:19,2026-02-06T18:44:00+08:00,2026-02-06T18:46:02+08:00,1.4631,103.883,C,Cloud to Cloud,2026-02-06T18:42:51.928+08:00
2026-02-07 11:58:19,2026-02-06T18:44:00+08:00,2026-02-06T18:46:02+08:00,1.4673,103.8846,C,Cloud to Cloud,2026-02-06T18:42:51.928+08:00
2026-02-07 11:58:19,2026-02-06T18:44:00+08:00,2026-02-06T18:46:02+08:00,1.465,103.8931,C,Cloud to Cloud,2026-02-06T18:42:51.928+08:00
2026-02-07 11:58:19,2026-02-06T18:44:00+08:00,2026-02-06T18:46:02+08:00,1.4619,103.8906,C,Cloud to Cloud,2026-02-06T18:42:51.928+08:00
2026-02-07 11:58:19,2026-02-06T18:44:00+08:00,2026-02-06T18:46:02+08:00,1.4632,103.8885,C,Cloud to Cloud,2026-02-06T18:42:51.928+08:00
2026-02-07 11:58:19,2026-02-06T18:44:00+08:00,2026-02-06T18:46:02+08:00,1.4688,103.8929,C,Cloud to Cloud,2026-02-06T18:42:51.928+08:00
2026-02-07 11:58:19,2026-02-06T18:44:00+08:00,2026-02-06T18:46:02+08:00,1.4637,103.8931,C,Cloud to Cloud,2026-02-06T18:42:51.928+08:00
2026-02-07 11:58:19,2026-02-06T18:44:00+08:00,2026-02-06T18:46:02+08:00,1.4614,103.8837,C,Cloud to Cloud,2026-02-06T18:42:51.928+08:00
2026-02-07 11:58:19,2026-02-06T18:44:00+08:00,2026-02-06T18:46:02+08:00,1.4614,103.8837,C,Cloud to Cloud,2026-02-06T18:42:51.928+08:00
2026-02-07 11:58:19,2026-02-06T18:44:00+08:00,2026-02-06T18:46:02+08:00,1.4759,103.8874,C,Cloud to Cloud,2026-02-06T18:42:51.929+08:00
2026-02-07 11:58:19,2026-02-06T18:44:00+08:00,2026-02-06T18:46:02+08:00,1.4759,103.8874,C,Cloud to Cloud,2026-02-06T18:42:51.929+08:00
2026-02-07 11:58:19,2026-02-06T18:44:00+08:00,2026-02-06T18:46:02+08:00,1.4606,103.8959,C,Cloud to Cloud,2026-02-06T18:42:51.929+08:00
2026-02-07 11:58:19,2026-02-06T18:44:00+08:00,2026-02-06T18:46:02+08:00,1.4647,103.8897,C,Cloud to Cloud,2026-02-06T18:42:51.929+08:00
2026-02-07 11:58:19,2026-02-06T18:44:00+08:00,2026-02-06T18:46:02+08:00,1.462,103.8951,C,Cloud to Cloud,2026-02-06T18:42:51.929+08:00
2026-02-07 11:58:19,2026-02-06T18:44:00+08:00,2026-02-06T18:46:02+08:00,1.4625,103.8925,C,Cloud to Cloud,2026-02-06T18:42:51.929+08:00
2026-02-07 11:58:19,2026-02-06T18:44:00+08:00,2026-02-06T18:46:02+08:00,1.4611,103.8931,C,Cloud to Cloud,2026-02-06T18:42:51.929+08:00
2026-02-07 11:58:19,2026-02-06T18:44:00+08:00,2026-02-06T18:46:02+08:00,1.4612,103.894,C,Cloud to Cloud,2026-02-06T18:42:51.929+08:00
2026-02-07 11:58:19,2026-02-06T18:44:00+08:00,2026-02-06T18:46:02+08:00,1.461,103.8875,C,Cloud to Cloud,2026-02-06T18:42:51.93+08:00
2026-02-07 11:58:19,2026-02-06T18:44:00+08:00,2026-02-06T18:46:02+08:00,1.4643,103.8962,C,Cloud to Cloud,2026-02-06T18:42:51.93+08:00
2026-02-07 11:58:19,2026-02-06T18:44:00+08:00,2026-02-06T18:46:02+08:00,1.462,103.8888,C,Cloud to Cloud,2026-02-06T18:42:51.93+08:00
2026-02-07 11:58:19,2026-02-06T18:44:00+08:00,2026-02-06T18:46:02+08:00,1.4618,103.8891,C,Cloud to Cloud,2026-02-06T18:42:51.93+08:00
2026-02-07 11:58:19,2026-02-06T18:44:00+08:00,2026-02-06T18:46:02+08:00,1.4588,103.8977,C,Cloud to Cloud,2026-02-06T18:42:51.93+08:00
2026-02-07 11:58:19,2026-02-06T18:44:00+08:00,2026-02-06T18:46:02+08:00,1.4682,103.8963,C,Cloud to Cloud,2026-02-06T18:42:51.93+08:00
2026-02-07 11:58:19,2026-02-06T18:44:00+08:00,2026-02-06T18:46:02+08:00,1.4707,103.8876,C,Cloud to Cloud,2026-02-06T18:42:51.931+08:00
2026-02-07 11:58:19,2026-02-06T18:44:00+08:00,2026-02-06T18:46:02+08:00,1.4668,103.8945,C,Cloud to Cloud,2026-02-06T18:42:51.931+08:00
2026-02-07 11:58:19,2026-02-06T18:44:00+08:00,2026-02-06T18:46:02+08:00,1.4862,103.8759,C,Cloud to Cloud,2026-02-06T18:42:51.931+08:00
2026-02-07 11:58:19,2026-02-06T18:44:00+08:00,2026-02-06T18:46:02+08:00,1.4584,103.8959,C,Cloud to Cloud,2026-02-06T18:42:51.931+08:00
2026-02-07 11:58:19,2026-02-06T18:44:00+08:00,2026-02-06T18:46:02+08:00,1.4565,103.899,C,Cloud to Cloud,2026-02-06T18:42:51.931+08:00
2026-02-07 11:58:19,2026-02-06T18:44:00+08:00,2026-02-06T18:46:02+08:00,1.4626,103.8929,C,Cloud to Cloud,2026-02-06T18:42:51.933+08:00
2026-02-07 11:58:19,2026-02-06T18:44:00+08:00,2026-02-06T18:46:02+08:00,1.4565,103.9044,C,Cloud to Cloud,2026-02-06T18:42:51.933+08:00
2026-02-07 11:58:19,2026-02-06T18:44:00+08:00,2026-02-06T18:46:02+08:00,1.4628,103.9065,C,Cloud to Cloud,2026-02-06T18:42:51.933+08:00
2026-02-07 11:58:19,2026-02-06T18:44:00+08:00,2026-02-06T18:46:02+08:00,1.4628,103.9065,C,Cloud to Cloud,2026-02-06T18:42:51.933+08:00
2026-02-07 11:58:19,2026-02-06T18:44:00+08:00,2026-02-06T18:46:02+08:00,1.4587,103.9054,C,Cloud to Cloud,2026-02-06T18:42:51.933+08:00
2026-02-07 11:58:19,2026-02-06T18:44:00+08:00,2026-02-06T18:46:02+08:00,1.4616,103.9004,C,Cloud to Cloud,2026-02-06T18:42:51.933+08:00
2026-02-07 11:58:19,2026-02-06T18:44:00+08:00,2026-02-06T18:46:02+08:00,1.4632,103.8982,C,Cloud to Cloud,2026-02-06T18:42:51.934+08:00
2026-02-07 11:58:19,2026-02-06T18:44:00+08:00,2026-02-06T18:46:02+08:00,1.4548,103.8934,C,Cloud to Cloud,2026-02-06T18:42:51.934+08:00
2026-02-07 11:58:19,2026-02-06T18:44:00+08:00,2026-02-06T18:46:02+08:00,1.4569,103.8984,C,Cloud to Cloud,2026-02-06T18:42:51.934+08:00
2026-02-07 11:58:19,2026-02-06T18:44:00+08:00,2026-02-06T18:46:02+08:00,1.4601,103.891,C,Cloud to Cloud,2026-02-06T18:42:51.934+08:00
2026-02-07 11:58:19,2026-02-06T18:44:00+08:00,2026-02-06T18:46:02+08:00,1.4601,103.891,C,Cloud to Cloud,2026-02-06T18:42:51.934+08:00
2026-02-07 11:58:19,2026-02-06T18:44:00+08:00,2026-02-06T18:46:02+08:00,1.4618,103.8983,C,Cloud to Cloud,2026-02-06T18:42:51.934+08:00
2026-02-07 11:58:19,2026-02-06T18:44:00+08:00,2026-02-06T18:46:02+08:00,1.4609,103.8852,C,Cloud to Cloud,2026-02-06T18:42:51.934+08:00
2026-02-07 11:58:19,2026-02-06T18:44:00+08:00,2026-02-06T18:46:02+08:00,1.4623,103.8951,C,Cloud to Cloud,2026-02-06T18:42:51.935+08:00
2026-02-07 11:58:19,2026-02-06T18:44:00+08:00,2026-02-06T18:46:02+08:00,1.4601,103.89,C,Cloud to Cloud,2026-02-06T18:42:51.935+08:00
2026-02-07 11:58:19,2026-02-06T18:44:00+08:00,2026-02-06T18:46:02+08:00,1.4634,103.8831,C,Cloud to Cloud,2026-02-06T18:42:51.935+08:00
2026-02-07 11:58:19,2026-02-06T18:44:00+08:00,2026-02-06T18:46:02+08:00,1.4629,103.8872,C,Cloud to Cloud,2026-02-06T18:42:51.935+08:00
2026-02-07 11:58:19,2026-02-06T18:44:00+08:00,2026-02-06T18:46:02+08:00,1.4596,103.8864,C,Cloud to Cloud,2026-02-06T18:42:51.935+08:00
2026-02-07 11:58:19,2026-02-06T18:44:00+08:00,2026-02-06T18:46:02+08:00,1.4629,103.8817,C,Cloud to Cloud,2026-02-06T18:42:51.935+08:00
2026-02-07 11:58:19,2026-02-06T18:44:00+08:00,2026-02-06T18:46:02+08:00,1.4609,103.8889,C,Cloud to Cloud,2026-02-06T18:42:51.935+08:00
2026-02-07 11:58:19,2026-02-06T18:44:00+08:00,2026-02-06T18:46:02+08:00,1.4577,103.8885,C,Cloud to Cloud,2026-02-06T18:42:51.935+08:00
2026-02-07 11:58:19,2026-02-06T18:44:00+08:00,2026-02-06T18:46:02+08:00,1.4601,103.8848,C,Cloud to Cloud,2026-02-06T18:42:51.935+08:00
2026-02-07 11:58:19,2026-02-06T18:44:00+08:00,2026-02-06T18:46:02+08:00,1.46,103.8899,C,Cloud to Cloud,2026-02-06T18:42:51.935+08:00
2026-02-07 11:58:19,2026-02-06T18:44:00+08:00,2026-02-06T18:46:02+08:00,1.464,103.8886,C,Cloud to Cloud,2026-02-06T18:42:51.936+08:00
2026-02-07 11:58:19,2026-02-06T18:44:00+08:00,2026-02-06T18:46:02+08:00,1.463,103.8849,C,Cloud to Cloud,2026-02-06T18:42:51.936+08:00
2026-02-07 11:58:19,2026-02-06T18:44:00+08:00,2026-02-06T18:46:02+08:00,1.4609,103.8908,C,Cloud to Cloud,2026-02-06T18:42:51.936+08:00
2026-02-07 11:58:19,2026-02-06T18:44:00+08:00,2026-02-06T18:46:02+08:00,1.4612,103.8898,C,Cloud to Cloud,2026-02-06T18:42:51.936+08:00
2026-02-07 11:58:19,2026-02-06T18:44:00+08:00,2026-02-06T18:46:02+08:00,1.4624,103.8889,C,Cloud to Cloud,2026-02-06T18:42:51.936+08:00
2026-02-07 11:58:19,2026-02-06T18:44:00+08:00,2026-02-06T18:46:02+08:00,1.4624,103.8889,C,Cloud to Cloud,2026-02-06T18:42:51.936+08:00
2026-02-07 11:58:19,2026-02-06T18:44:00+08:00,2026-02-06T18:46:02+08:00,1.4648,103.8874,C,Cloud to Cloud,2026-02-06T18:42:51.936+08:00
2026-02-07 11:58:19,2026-02-06T18:44:00+08:00,2026-02-06T18:46:02+08:00,1.4648,103.8874,C,Cloud to Cloud,2026-02-06T18:42:51.937+08:00
2026-02-07 11:58:19,2026-02-06T18:44:00+08:00,2026-02-06T18:46:02+08:00,1.4635,103.8868,C,Cloud to Cloud,2026-02-06T18:42:51.937+08:00
2026-02-07 11:58:19,2026-02-06T18:44:00+08:00,2026-02-06T18:46:02+08:00,1.4618,103.8923,C,Cloud to Cloud,2026-02-06T18:42:51.937+08:00
2026-02-07 11:58:19,2026-02-06T18:44:00+08:00,2026-02-06T18:46:02+08:00,1.461,103.89,C,Cloud to Cloud,2026-02-06T18:42:51.937+08:00
2026-02-07 11:58:19,2026-02-06T18:44:00+08:00,2026-02-06T18:46:02+08:00,1.5017,103.8705,C,Cloud to Cloud,2026-02-06T18:42:51.937+08:00
2026-02-07 11:58:19,2026-02-06T18:44:00+08:00,2026-02-06T18:46:02+08:00,1.4587,103.8935,C,Cloud to Cloud,2026-02-06T18:42:51.937+08:00
2026-02-07 11:58:19,2026-02-06T18:44:00+08:00,2026-02-06T18:46:02+08:00,1.4624,103.8919,C,Cloud to Cloud,2026-02-06T18:42:51.937+08:00
2026-02-07 11:58:19,2026-02-06T18:44:00+08:00,2026-02-06T18:46:02+08:00,1.4661,103.8812,C,Cloud to Cloud,2026-02-06T18:42:51.937+08:00
2026-02-07 11:58:19,2026-02-06T18:44:00+08:00,2026-02-06T18:46:02+08:00,1.4655,103.8766,C,Cloud to Cloud,2026-02-06T18:42:51.937+08:00
2026-02-07 11:58:19,2026-02-06T18:44:00+08:00,2026-02-06T18:46:02+08:00,1.4669,103.8767,C,Cloud to Cloud,2026-02-06T18:42:51.937+08:00
2026-02-07 11:58:19,2026-02-06T18:44:00+08:00,2026-02-06T18:46:02+08:00,1.4693,103.8809,C,Cloud to Cloud,2026-02-06T18:42:51.938+08:00
2026-02-07 11:58:19,2026-02-06T18:44:00+08:00,2026-02-06T18:46:02+08:00,1.4685,103.8763,C,Cloud to Cloud,2026-02-06T18:42:51.938+08:00
2026-02-07 11:58:19,2026-02-06T18:44:00+08:00,2026-02-06T18:46:02+08:00,1.4674,103.8835,C,Cloud to Cloud,2026-02-06T18:42:51.938+08:00
2026-02-07 11:58:19,2026-02-06T18:44:00+08:00,2026-02-06T18:46:02+08:00,1.4691,103.8927,C,Cloud to Cloud,2026-02-06T18:42:51.938+08:00
2026-02-07 11:58:19,2026-02-06T18:44:00+08:00,2026-02-06T18:46:02+08:00,1.462,103.8896,C,Cloud to Cloud,2026-02-06T18:42:51.938+08:00
2026-02-07 11:58:19,2026-02-06T18:44:00+08:00,2026-02-06T18:46:02+08:00,1.4635,103.8985,C,Cloud to Cloud,2026-02-06T18:42:51.938+08:00
2026-02-07 11:58:19,2026-02-06T18:44:00+08:00,2026-02-06T18:46:02+08:00,1.4589,103.8916,C,Cloud to Cloud,2026-02-06T18:42:51.938+08:00
2026-02-07 11:58:19,2026-02-06T18:44:00+08:00,2026-02-06T18:46:02+08:00,1.4608,103.8886,C,Cloud to Cloud,2026-02-06T18:42:51.938+08:00
2026-02-07 11:58:19,2026-02-06T18:44:00+08:00,2026-02-06T18:46:02+08:00,1.4617,103.8951,C,Cloud to Cloud,2026-02-06T18:42:51.938+08:00
2026-02-07 11:58:19,2026-02-06T18:44:00+08:00,2026-02-06T18:46:02+08:00,1.4723,103.8996,C,Cloud to Cloud,2026-02-06T18:42:51.94+08:00
2026-02-07 11:58:19,2026-02-06T18:44:00+08:00,2026-02-06T18:46:02+08:00,1.4723,103.8996,C,Cloud to Cloud,2026-02-06T18:42:51.94+08:00
2026-02-07 11:58:19,2026-02-06T18:44:00+08:00,2026-02-06T18:46:02+08:00,1.4638,103.8973,C,Cloud to Cloud,2026-02-06T18:42:51.942+08:00
2026-02-07 11:58:19,2026-02-06T18:44:00+08:00,2026-02-06T18:46:02+08:00,1.4475,103.9051,C,Cloud to Cloud,2026-02-06T18:42:51.944+08:00
2026-02-07 11:58:19,2026-02-06T18:44:00+08:00,2026-02-06T18:46:02+08:00,1.4632,103.8842,C,Cloud to Cloud,2026-02-06T18:42:51.944+08:00
2026-02-07 11:58:19,2026-02-06T18:44:00+08:00,2026-02-06T18:46:02+08:00,1.4588,103.9012,C,Cloud to Cloud,2026-02-06T18:42:51.945+08:00
2026-02-07 11:58:19,2026-02-06T18:44:00+08:00,2026-02-06T18:46:02+08:00,1.4463,103.9071,C,Cloud to Cloud,2026-02-06T18:42:51.947+08:00
2026-02-07 11:58:19,2026-02-06T18:44:00+08:00,2026-02-06T18:46:02+08:00,1.4463,103.9071,C,Cloud to Cloud,2026-02-06T18:42:51.947+08:00
2026-02-07 11:58:19,2026-02-06T18:44:00+08:00,2026-02-06T18:46:02+08:00,1.4453,103.9168,C,Cloud to Cloud,2026-02-06T18:42:51.951+08:00
2026-02-07 11:58:19,2026-02-06T18:44:00+08:00,2026-02-06T18:46:02+08:00,1.4499,103.9122,C,Cloud to Cloud,2026-02-06T18:42:51.951+08:00
2026-02-07 11:58:19,2026-02-06T18:44:00+08:00,2026-02-06T18:46:02+08:00,1.4632,103.9012,C,Cloud to Cloud,2026-02-06T18:42:51.951+08:00
2026-02-07 11:58:19,2026-02-06T18:44:00+08:00,2026-02-06T18:46:02+08:00,1.465,103.8988,C,Cloud to Cloud,2026-02-06T18:42:51.951+08:00
2026-02-07 11:58:19,2026-02-06T18:44:00+08:00,2026-02-06T18:46:02+08:00,1.462,103.8949,C,Cloud to Cloud,2026-02-06T18:42:51.951+08:00
2026-02-07 11:58:19,2026-02-06T18:44:00+08:00,2026-02-06T18:46:02+08:00,1.4446,103.9162,C,Cloud to Cloud,2026-02-06T18:42:51.953+08:00
2026-02-07 11:58:19,2026-02-06T18:44:00+08:00,2026-02-06T18:46:02+08:00,1.444,103.9167,C,Cloud to Cloud,2026-02-06T18:42:51.953+08:00
2026-02-07 11:58:19,2026-02-06T18:44:00+08:00,2026-02-06T18:46:02+08:00,1.4107,103.9078,C,Cloud to Cloud,2026-02-06T18:42:51.953+08:00
2026-02-07 11:58:19,2026-02-06T18:44:00+08:00,2026-02-06T18:46:02+08:00,1.4452,103.9054,C,Cloud to Cloud,2026-02-06T18:42:51.954+08:00
2026-02-07 11:58:19,2026-02-06T18:44:00+08:00,2026-02-06T18:46:02+08:00,1.4452,103.9054,C,Cloud to Cloud,2026-02-06T18:42:51.954+08:00
2026-02-07 11:58:19,2026-02-06T18:44:00+08:00,2026-02-06T18:46:02+08:00,1.4498,103.8885,C,Cloud to Cloud,2026-02-06T18:42:51.955+08:00
2026-02-07 11:58:19,2026-02-06T18:44:00+08:00,2026-02-06T18:46:02+08:00,1.4458,103.8954,C,Cloud to Cloud,2026-02-06T18:42:51.955+08:00
2026-02-07 11:58:19,2026-02-06T18:44:00+08:00,2026-02-06T18:46:02+08:00,1.4452,103.901,C,Cloud to Cloud,2026-02-06T18:42:51.958+08:00
2026-02-07 11:58:19,2026-02-06T18:44:00+08:00,2026-02-06T18:46:02+08:00,1.4452,103.901,C,Cloud to Cloud,2026-02-06T18:42:51.958+08:00
2026-02-07 11:58:19,2026-02-06T18:44:00+08:00,2026-02-06T18:46:02+08:00,1.4442,103.9084,C,Cloud to Cloud,2026-02-06T18:42:51.958+08:00
2026-02-07 11:58:19,2026-02-06T18:44:00+08:00,2026-02-06T18:46:02+08:00,1.4442,103.9084,C,Cloud to Cloud,2026-02-06T18:42:51.958+08:00
2026-02-07 11:58:19,2026-02-06T18:44:00+08:00,2026-02-06T18:46:02+08:00,1.445,103.9209,C,Cloud to Cloud,2026-02-06T18:42:51.96+08:00
2026-02-07 11:58:19,2026-02-06T18:44:00+08:00,2026-02-06T18:46:02+08:00,1.445,103.9209,C,Cloud to Cloud,2026-02-06T18:42:51.96+08:00
2026-02-07 11:58:19,2026-02-06T18:44:00+08:00,2026-02-06T18:46:02+08:00,1.4395,103.9162,C,Cloud to Cloud,2026-02-06T18:42:51.96+08:00
2026-02-07 11:58:19,2026-02-06T18:44:00+08:00,2026-02-06T18:46:02+08:00,1.4395,103.9162,C,Cloud to Cloud,2026-02-06T18:42:51.96+08:00
2026-02-07 11:58:19,2026-02-06T18:44:00+08:00,2026-02-06T18:46:02+08:00,1.4499,103.9114,C,Cloud to Cloud,2026-02-06T18:42:51.961+08:00
2026-02-07 11:58:19,2026-02-06T18:44:00+08:00,2026-02-06T18:46:02+08:00,1.449,103.9124,C,Cloud to Cloud,2026-02-06T18:42:51.962+08:00
2026-02-07 11:58:19,2026-02-06T18:44:00+08:00,2026-02-06T18:46:02+08:00,1.4671,103.8897,C,Cloud to Cloud,2026-02-06T18:42:51.971+08:00
2026-02-07 11:58:19,2026-02-06T18:44:00+08:00,2026-02-06T18:46:02+08:00,1.4669,103.8876,C,Cloud to Cloud,2026-02-06T18:42:51.971+08:00
2026-02-07 11:58:19,2026-02-06T18:44:00+08:00,2026-02-06T18:46:02+08:00,1.4634,103.8898,C,Cloud to Cloud,2026-02-06T18:42:51.971+08:00
2026-02-07 11:58:19,2026-02-06T18:44:00+08:00,2026-02-06T18:46:02+08:00,1.4563,103.8898,C,Cloud to Cloud,2026-02-06T18:42:51.976+08:00
2026-02-07 11:58:19,2026-02-06T18:44:00+08:00,2026-02-06T18:46:02+08:00,1.4563,103.8898,C,Cloud to Cloud,2026-02-06T18:42:51.976+08:00
2026-02-07 11:58:19,2026-02-06T18:44:00+08:00,2026-02-06T18:46:02+08:00,1.4623,103.8936,C,Cloud to Cloud,2026-02-06T18:42:51.976+08:00
2026-02-07 11:58:19,2026-02-06T18:44:00+08:00,2026-02-06T18:46:02+08:00,1.4623,103.8936,C,Cloud to Cloud,2026-02-06T18:42:51.976+08:00
2026-02-07 11:58:19,2026-02-06T18:44:00+08:00,2026-02-06T18:46:02+08:00,1.4632,103.8898,C,Cloud to Cloud,2026-02-06T18:42:51.977+08:00
2026-02-07 11:58:19,2026-02-06T18:44:00+08:00,2026-02-06T18:46:02+08:00,1.4634,103.8921,C,Cloud to Cloud,2026-02-06T18:42:51.977+08:00
2026-02-07 11:58:19,2026-02-06T18:44:00+08:00,2026-02-06T18:46:02+08:00,1.462,103.8935,C,Cloud to Cloud,2026-02-06T18:42:51.977+08:00
2026-02-07 11:58:19,2026-02-06T18:44:00+08:00,2026-02-06T18:46:02+08:00,1.4652,103.8917,C,Cloud to Cloud,2026-02-06T18:42:51.977+08:00
2026-02-07 11:58:19,2026-02-06T18:44:00+08:00,2026-02-06T18:46:02+08:00,1.4652,103.8917,C,Cloud to Cloud,2026-02-06T18:42:51.977+08:00
2026-02-07 11:58:19,2026-02-06T18:44:00+08:00,2026-02-06T18:46:02+08:00,1.4673,103.8854,C,Cloud to Cloud,2026-02-06T18:42:51.978+08:00
2026-02-07 11:58:19,2026-02-06T18:44:00+08:00,2026-02-06T18:46:02+08:00,1.4673,103.8854,C,Cloud to Cloud,2026-02-06T18:42:51.978+08:00
2026-02-07 11:58:19,2026-02-06T18:44:00+08:00,2026-02-06T18:46:02+08:00,1.4611,103.8943,C,Cloud to Cloud,2026-02-06T18:42:51.98+08:00
2026-02-07 11:58:19,2026-02-06T18:44:00+08:00,2026-02-06T18:46:02+08:00,1.4611,103.8943,C,Cloud to Cloud,2026-02-06T18:42:51.98+08:00
2026-02-07 11:58:19,2026-02-06T18:44:00+08:00,2026-02-06T18:46:02+08:00,1.4647,103.8937,C,Cloud to Cloud,2026-02-06T18:42:51.981+08:00
2026-02-07 11:58:19,2026-02-06T18:44:00+08:00,2026-02-06T18:46:02+08:00,1.4647,103.8937,C,Cloud to Cloud,2026-02-06T18:42:51.981+08:00
2026-02-07 11:58:19,2026-02-06T18:44:00+08:00,2026-02-06T18:46:02+08:00,1.4645,103.9008,C,Cloud to Cloud,2026-02-06T18:42:51.982+08:00
2026-02-07 11:58:19,2026-02-06T18:44:00+08:00,2026-02-06T18:46:02+08:00,1.4648,103.9005,C,Cloud to Cloud,2026-02-06T18:42:51.982+08:00
2026-02-07 11:58:19,2026-02-06T18:44:00+08:00,2026-02-06T18:46:02+08:00,1.4812,103.8804,C,Cloud to Cloud,2026-02-06T18:42:51.983+08:00
2026-02-07 11:58:19,2026-02-06T18:44:00+08:00,2026-02-06T18:46:02+08:00,1.4805,103.8821,C,Cloud to Cloud,2026-02-06T18:42:51.983+08:00
2026-02-07 11:58:19,2026-02-06T18:44:00+08:00,2026-02-06T18:46:02+08:00,1.4665,103.892,C,Cloud to Cloud,2026-02-06T18:42:51.983+08:00
2026-02-07 11:58:19,2026-02-06T18:44:00+08:00,2026-02-06T18:46:02+08:00,1.4552,103.8868,C,Cloud to Cloud,2026-02-06T18:42:51.985+08:00
2026-02-07 11:58:19,2026-02-06T18:44:00+08:00,2026-02-06T18:46:02+08:00,1.4584,103.8785,C,Cloud to Cloud,2026-02-06T18:42:51.985+08:00
2026-02-07 11:58:19,2026-02-06T18:44:00+08:00,2026-02-06T18:46:02+08:00,1.448,103.9004,C,Cloud to Cloud,2026-02-06T18:42:51.987+08:00
2026-02-07 11:58:19,2026-02-06T18:44:00+08:00,2026-02-06T18:46:02+08:00,1.4492,103.889,C,Cloud to Cloud,2026-02-06T18:42:51.987+08:00
2026-02-07 11:58:19,2026-02-06T18:44:00+08:00,2026-02-06T18:46:02+08:00,1.4529,103.8981,C,Cloud to Cloud,2026-02-06T18:42:51.987+08:00
2026-02-07 11:58:19,2026-02-06T18:44:00+08:00,2026-02-06T18:46:02+08:00,1.4593,103.8772,C,Cloud to Cloud,2026-02-06T18:42:51.987+08:00
2026-02-07 11:58:19,2026-02-06T18:44:00+08:00,2026-02-06T18:46:02+08:00,1.4493,103.8969,C,Cloud to Cloud,2026-02-06T18:42:51.987+08:00
2026-02-07 11:58:19,2026-02-06T18:44:00+08:00,2026-02-06T18:46:02+08:00,1.4525,103.9059,C,Cloud to Cloud,2026-02-06T18:42:51.988+08:00
2026-02-07 11:58:19,2026-02-06T18:44:00+08:00,2026-02-06T18:46:02+08:00,1.443,103.8935,C,Cloud to Cloud,2026-02-06T18:42:51.988+08:00
2026-02-07 11:58:19,2026-02-06T18:44:00+08:00,2026-02-06T18:46:02+08:00,1.4458,103.9017,C,Cloud to Cloud,2026-02-06T18:42:51.988+08:00
2026-02-07 11:58:19,2026-02-06T18:44:00+08:00,2026-02-06T18:46:02+08:00,1.4558,103.8935,C,Cloud to Cloud,2026-02-06T18:42:51.988+08:00
2026-02-07 11:58:19,2026-02-06T18:44:00+08:00,2026-02-06T18:46:02+08:00,1.4438,103.8895,C,Cloud to Cloud,2026-02-06T18:42:51.989+08:00
2026-02-07 11:58:19,2026-02-06T18:44:00+08:00,2026-02-06T18:46:02+08:00,1.4415,103.8859,C,Cloud to Cloud,2026-02-06T18:42:51.989+08:00
2026-02-07 11:58:19,2026-02-06T18:44:00+08:00,2026-02-06T18:46:02+08:00,1.4446,103.8794,C,Cloud to Cloud,2026-02-06T18:42:51.989+08:00
2026-02-07 11:58:19,2026-02-06T18:44:00+08:00,2026-02-06T18:46:02+08:00,1.4844,103.8569,C,Cloud to Cloud,2026-02-06T18:42:51.989+08:00
2026-02-07 11:58:19,2026-02-06T18:44:00+08:00,2026-02-06T18:46:02+08:00,1.4498,103.8879,C,Cloud to Cloud,2026-02-06T18:42:51.989+08:00
2026-02-07 11:58:19,2026-02-06T18:44:00+08:00,2026-02-06T18:46:02+08:00,1.4439,103.8929,C,Cloud to Cloud,2026-02-06T18:42:51.989+08:00
2026-02-07 11:58:19,2026-02-06T18:44:00+08:00,2026-02-06T18:46:02+08:00,1.454,103.8927,C,Cloud to Cloud,2026-02-06T18:42:51.989+08:00
2026-02-07 11:58:19,2026-02-06T18:44:00+08:00,2026-02-06T18:46:02+08:00,1.4478,103.8967,C,Cloud to Cloud,2026-02-06T18:42:51.99+08:00
2026-02-07 11:58:19,2026-02-06T18:44:00+08:00,2026-02-06T18:46:02+08:00,1.4444,103.8842,C,Cloud to Cloud,2026-02-06T18:42:51.99+08:00
2026-02-07 11:58:19,2026-02-06T18:44:00+08:00,2026-02-06T18:46:02+08:00,1.4395,103.8877,C,Cloud to Cloud,2026-02-06T18:42:51.99+08:00
2026-02-07 11:58:19,2026-02-06T18:44:00+08:00,2026-02-06T18:46:02+08:00,1.4406,103.8896,C,Cloud to Cloud,2026-02-06T18:42:51.99+08:00
2026-02-07 11:58:19,2026-02-06T18:44:00+08:00,2026-02-06T18:46:02+08:00,1.4391,103.8864,C,Cloud to Cloud,2026-02-06T18:42:51.99+08:00
2026-02-07 11:58:19,2026-02-06T18:44:00+08:00,2026-02-06T18:46:02+08:00,1.4368,103.8845,C,Cloud to Cloud,2026-02-06T18:42:51.99+08:00
2026-02-07 11:58:19,2026-02-06T18:44:00+08:00,2026-02-06T18:46:02+08:00,1.4394,103.8872,C,Cloud to Cloud,2026-02-06T18:42:51.99+08:00
2026-02-07 11:58:19,2026-02-06T18:44:00+08:00,2026-02-06T18:46:02+08:00,1.4295,103.8764,C,Cloud to Cloud,2026-02-06T18:42:51.99+08:00
2026-02-07 11:58:19,2026-02-06T18:44:00+08:00,2026-02-06T18:46:02+08:00,1.4399,103.881,C,Cloud to Cloud,2026-02-06T18:42:51.99+08:00
2026-02-07 11:58:19,2026-02-06T18:44:00+08:00,2026-02-06T18:46:02+08:00,1.4392,103.8818,C,Cloud to Cloud,2026-02-06T18:42:51.99+08:00
2026-02-07 11:58:19,2026-02-06T18:44:00+08:00,2026-02-06T18:46:02+08:00,1.4448,103.8911,C,Cloud to Cloud,2026-02-06T18:42:51.99+08:00
2026-02-07 11:58:19,2026-02-06T18:44:00+08:00,2026-02-06T18:46:02+08:00,1.4387,103.8818,C,Cloud to Cloud,2026-02-06T18:42:51.991+08:00
2026-02-07 11:58:19,2026-02-06T18:44:00+08:00,2026-02-06T18:46:02+08:00,1.4301,103.8834,C,Cloud to Cloud,2026-02-06T18:42:51.991+08:00
2026-02-07 11:58:19,2026-02-06T18:44:00+08:00,2026-02-06T18:46:02+08:00,1.4331,103.8797,C,Cloud to Cloud,2026-02-06T18:42:51.991+08:00
2026-02-07 11:58:19,2026-02-06T18:44:00+08:00,2026-02-06T18:46:02+08:00,1.4354,103.8793,C,Cloud to Cloud,2026-02-06T18:42:51.991+08:00
2026-02-07 11:58:19,2026-02-06T18:44:00+08:00,2026-02-06T18:46:02+08:00,1.4189,103.8576,C,Cloud to Cloud,2026-02-06T18:42:51.991+08:00
2026-02-07 11:58:19,2026-02-06T18:44:00+08:00,2026-02-06T18:46:02+08:00,1.4324,103.8825,C,Cloud to Cloud,2026-02-06T18:42:51.991+08:00
2026-02-07 11:58:19,2026-02-06T18:44:00+08:00,2026-02-06T18:46:02+08:00,1.4347,103.8822,C,Cloud to Cloud,2026-02-06T18:42:51.991+08:00
2026-02-07 11:58:19,2026-02-06T18:44:00+08:00,2026-02-06T18:46:02+08:00,1.4336,103.8782,C,Cloud to Cloud,2026-02-06T18:42:51.991+08:00
2026-02-07 11:58:19,2026-02-06T18:44:00+08:00,2026-02-06T18:46:02+08:00,1.4343,103.8781,C,Cloud to Cloud,2026-02-06T18:42:51.991+08:00
2026-02-07 11:58:19,2026-02-06T18:44:00+08:00,2026-02-06T18:46:02+08:00,1.433,103.878,C,Cloud to Cloud,2026-02-06T18:42:51.991+08:00
2026-02-07 11:58:19,2026-02-06T18:44:00+08:00,2026-02-06T18:46:02+08:00,1.4323,103.8801,C,Cloud to Cloud,2026-02-06T18:42:51.991+08:00
2026-02-07 11:58:19,2026-02-06T18:44:00+08:00,2026-02-06T18:46:02+08:00,1.4336,103.8794,C,Cloud to Cloud,2026-02-06T18:42:51.992+08:00
2026-02-07 11:58:19,2026-02-06T18:44:00+08:00,2026-02-06T18:46:02+08:00,1.4349,103.8799,C,Cloud to Cloud,2026-02-06T18:42:51.992+08:00
2026-02-07 11:58:19,2026-02-06T18:44:00+08:00,2026-02-06T18:46:02+08:00,1.4303,103.8804,C,Cloud to Cloud,2026-02-06T18:42:51.992+08:00
2026-02-07 11:58:19,2026-02-06T18:44:00+08:00,2026-02-06T18:46:02+08:00,1.4314,103.8798,C,Cloud to Cloud,2026-02-06T18:42:51.992+08:00
2026-02-07 11:58:19,2026-02-06T18:44:00+08:00,2026-02-06T18:46:02+08:00,1.4335,103.8774,C,Cloud to Cloud,2026-02-06T18:42:51.992+08:00
2026-02-07 11:58:19,2026-02-06T18:44:00+08:00,2026-02-06T18:46:02+08:00,1.4307,103.8807,C,Cloud to Cloud,2026-02-06T18:42:51.992+08:00
2026-02-07 11:58:19,2026-02-06T18:44:00+08:00,2026-02-06T18:46:02+08:00,1.4283,103.8789,C,Cloud to Cloud,2026-02-06T18:42:51.992+08:00
2026-02-07 11:58:19,2026-02-06T18:44:00+08:00,2026-02-06T18:46:02+08:00,1.4323,103.8796,C,Cloud to Cloud,2026-02-06T18:42:51.992+08:00
2026-02-07 11:58:19,2026-02-06T18:44:00+08:00,2026-02-06T18:46:02+08:00,1.4303,103.8774,C,Cloud to Cloud,2026-02-06T18:42:51.992+08:00
2026-02-07 11:58:19,2026-02-06T18:44:00+08:00,2026-02-06T18:46:02+08:00,1.4311,103.8792,C,Cloud to Cloud,2026-02-06T18:42:51.992+08:00
2026-02-07 11:58:19,2026-02-06T18:44:00+08:00,2026-02-06T18:46:02+08:00,1.4306,103.876,C,Cloud to Cloud,2026-02-06T18:42:51.993+08:00
2026-02-07 11:58:19,2026-02-06T18:44:00+08:00,2026-02-06T18:46:02+08:00,1.4311,103.8775,C,Cloud to Cloud,2026-02-06T18:42:51.993+08:00
2026-02-07 11:58:19,2026-02-06T18:44:00+08:00,2026-02-06T18:46:02+08:00,1.4313,103.8756,C,Cloud to Cloud,2026-02-06T18:42:51.993+08:00
2026-02-07 11:58:19,2026-02-06T18:44:00+08:00,2026-02-06T18:46:02+08:00,1.43,103.8762,C,Cloud to Cloud,2026-02-06T18:42:51.993+08:00
2026-02-07 11:58:19,2026-02-06T18:44:00+08:00,2026-02-06T18:46:02+08:00,1.4304,103.8757,C,Cloud to Cloud,2026-02-06T18:42:51.993+08:00
2026-02-07 11:58:19,2026-02-06T18:44:00+08:00,2026-02-06T18:46:02+08:00,1.4287,103.8747,C,Cloud to Cloud,2026-02-06T18:42:51.993+08:00
2026-02-07 11:58:19,2026-02-06T18:44:00+08:00,2026-02-06T18:46:02+08:00,1.4285,103.8744,C,Cloud to Cloud,2026-02-06T18:42:51.993+08:00
2026-02-07 11:58:19,2026-02-06T18:44:00+08:00,2026-02-06T18:46:02+08:00,1.4271,103.8724,C,Cloud to Cloud,2026-02-06T18:42:51.993+08:00
2026-02-07 11:58:19,2026-02-06T18:44:00+08:00,2026-02-06T18:46:02+08:00,1.4235,103.8717,C,Cloud to Cloud,2026-02-06T18:42:51.993+08:00
2026-02-07 11:58:19,2026-02-06T18:44:00+08:00,2026-02-06T18:46:02+08:00,1.4248,103.8709,C,Cloud to Cloud,2026-02-06T18:42:51.993+08:00
2026-02-07 11:58:19,2026-02-06T18:44:00+08:00,2026-02-06T18:46:02+08:00,1.4251,103.8699,C,Cloud to Cloud,2026-02-06T18:42:51.994+08:00
2026-02-07 11:58:19,2026-02-06T18:44:00+08:00,2026-02-06T18:46:02+08:00,1.4249,103.8682,C,Cloud to Cloud,2026-02-06T18:42:51.994+08:00
2026-02-07 11:58:19,2026-02-06T18:44:00+08:00,2026-02-06T18:46:02+08:00,1.4246,103.868,C,Cloud to Cloud,2026-02-06T18:42:51.994+08:00
2026-02-07 11:58:19,2026-02-06T18:44:00+08:00,2026-02-06T18:46:02+08:00,1.4271,103.8681,C,Cloud to Cloud,2026-02-06T18:42:51.994+08:00
2026-02-07 11:58:19,2026-02-06T18:44:00+08:00,2026-02-06T18:46:02+08:00,1.4276,103.868,C,Cloud to Cloud,2026-02-06T18:42:51.994+08:00
2026-02-07 11:58:19,2026-02-06T18:44:00+08:00,2026-02-06T18:46:02+08:00,1.4292,103.8687,C,Cloud to Cloud,2026-02-06T18:42:51.994+08:00
2026-02-07 11:58:19,2026-02-06T18:44:00+08:00,2026-02-06T18:46:02+08:00,1.4338,103.8664,C,Cloud to Cloud,2026-02-06T18:42:51.994+08:00
2026-02-07 11:58:19,2026-02-06T18:44:00+08:00,2026-02-06T18:46:02+08:00,1.4245,103.8652,C,Cloud to Cloud,2026-02-06T18:42:51.994+08:00
2026-02-07 11:58:19,2026-02-06T18:44:00+08:00,2026-02-06T18:46:02+08:00,1.4226,103.8662,C,Cloud to Cloud,2026-02-06T18:42:51.994+08:00
2026-02-07 11:58:19,2026-02-06T18:44:00+08:00,2026-02-06T18:46:02+08:00,1.4247,103.8648,C,Cloud to Cloud,2026-02-06T18:42:51.994+08:00
2026-02-07 11:58:19,2026-02-06T18:44:00+08:00,2026-02-06T18:46:02+08:00,1.4237,103.8663,C,Cloud to Cloud,2026-02-06T18:42:51.995+08:00
2026-02-07 11:58:19,2026-02-06T18:44:00+08:00,2026-02-06T18:46:02+08:00,1.4247,103.8672,C,Cloud to Cloud,2026-02-06T18:42:51.995+08:00
2026-02-07 11:58:19,2026-02-06T18:44:00+08:00,2026-02-06T18:46:02+08:00,1.4227,103.8639,C,Cloud to Cloud,2026-02-06T18:42:51.995+08:00
2026-02-07 11:58:19,2026-02-06T18:44:00+08:00,2026-02-06T18:46:02+08:00,1.4239,103.8656,C,Cloud to Cloud,2026-02-06T18:42:51.995+08:00
2026-02-07 11:58:19,2026-02-06T18:44:00+08:00,2026-02-06T18:46:02+08:00,1.4236,103.8658,C,Cloud to Cloud,2026-02-06T18:42:51.995+08:00
2026-02-07 11:58:19,2026-02-06T18:44:00+08:00,2026-02-06T18:46:02+08:00,1.4225,103.8644,C,Cloud to Cloud,2026-02-06T18:42:51.995+08:00
2026-02-07 11:58:19,2026-02-06T18:44:00+08:00,2026-02-06T18:46:02+08:00,1.4241,103.8641,C,Cloud to Cloud,2026-02-06T18:42:51.995+08:00
2026-02-07 11:58:19,2026-02-06T18:44:00+08:00,2026-02-06T18:46:02+08:00,1.4229,103.8654,C,Cloud to Cloud,2026-02-06T18:42:51.995+08:00
2026-02-07 11:58:19,2026-02-06T18:44:00+08:00,2026-02-06T18:46:02+08:00,1.4214,103.8663,C,Cloud to Cloud,2026-02-06T18:42:51.995+08:00
2026-02-07 11:58:19,2026-02-06T18:44:00+08:00,2026-02-06T18:46:02+08:00,1.4266,103.8697,C,Cloud to Cloud,2026-02-06T18:42:51.995+08:00
2026-02-07 11:58:19,2026-02-06T18:44:00+08:00,2026-02-06T18:46:02+08:00,1.4325,103.8651,C,Cloud to Cloud,2026-02-06T18:42:51.996+08:00
2026-02-07 11:58:19,2026-02-06T18:44:00+08:00,2026-02-06T18:46:02+08:00,1.4223,103.8654,C,Cloud to Cloud,2026-02-06T18:42:51.996+08:00
2026-02-07 11:58:19,2026-02-06T18:44:00+08:00,2026-02-06T18:46:02+08:00,1.4213,103.8649,C,Cloud to Cloud,2026-02-06T18:42:51.996+08:00
2026-02-07 11:58:19,2026-02-06T18:44:00+08:00,2026-02-06T18:46:02+08:00,1.4205,103.8644,C,Cloud to Cloud,2026-02-06T18:42:51.996+08:00
2026-02-07 11:58:19,2026-02-06T18:44:00+08:00,2026-02-06T18:46:02+08:00,1.4237,103.865,C,Cloud to Cloud,2026-02-06T18:42:51.996+08:00
2026-02-07 11:58:19,2026-02-06T18:44:00+08:00,2026-02-06T18:46:02+08:00,1.4221,103.8651,C,Cloud to Cloud,2026-02-06T18:42:51.996+08:00
2026-02-07 11:58:19,2026-02-06T18:44:00+08:00,2026-02-06T18:46:02+08:00,1.4223,103.8654,C,Cloud to Cloud,2026-02-06T18:42:51.996+08:00
2026-02-07 11:58:19,2026-02-06T18:44:00+08:00,2026-02-06T18:46:02+08:00,1.4201,103.8623,C,Cloud to Cloud,2026-02-06T18:42:51.996+08:00
2026-02-07 11:58:19,2026-02-06T18:44:00+08:00,2026-02-06T18:46:02+08:00,1.4201,103.862,C,Cloud to Cloud,2026-02-06T18:42:51.996+08:00
2026-02-07 11:58:19,2026-02-06T18:44:00+08:00,2026-02-06T18:46:02+08:00,1.4196,103.863,C,Cloud to Cloud,2026-02-06T18:42:51.996+08:00
2026-02-07 11:58:19,2026-02-06T18:44:00+08:00,2026-02-06T18:46:02+08:00,1.4176,103.8619,C,Cloud to Cloud,2026-02-06T18:42:51.996+08:00
2026-02-07 11:58:19,2026-02-06T18:44:00+08:00,2026-02-06T18:46:02+08:00,1.4196,103.8637,C,Cloud to Cloud,2026-02-06T18:42:51.997+08:00
2026-02-07 11:58:19,2026-02-06T18:44:00+08:00,2026-02-06T18:46:02+08:00,1.4186,103.8628,C,Cloud to Cloud,2026-02-06T18:42:51.997+08:00
2026-02-07 11:58:19,2026-02-06T18:44:00+08:00,2026-02-06T18:46:02+08:00,1.421,103.8655,C,Cloud to Cloud,2026-02-06T18:42:51.997+08:00
2026-02-07 11:58:19,2026-02-06T18:44:00+08:00,2026-02-06T18:46:02+08:00,1.4201,103.862,C,Cloud to Cloud,2026-02-06T18:42:51.997+08:00
2026-02-07 11:58:19,2026-02-06T18:44:00+08:00,2026-02-06T18:46:02+08:00,1.4189,103.8603,C,Cloud to Cloud,2026-02-06T18:42:51.997+08:00
2026-02-07 11:58:19,2026-02-06T18:44:00+08:00,2026-02-06T18:46:02+08:00,1.4185,103.8633,C,Cloud to Cloud,2026-02-06T18:42:51.997+08:00
2026-02-07 11:58:19,2026-02-06T18:44:00+08:00,2026-02-06T18:46:02+08:00,1.418,103.8632,C,Cloud to Cloud,2026-02-06T18:42:51.997+08:00
2026-02-07 11:58:19,2026-02-06T18:44:00+08:00,2026-02-06T18:46:02+08:00,1.4198,103.8629,C,Cloud to Cloud,2026-02-06T18:42:51.997+08:00
2026-02-07 11:58:19,2026-02-06T18:44:00+08:00,2026-02-06T18:46:02+08:00,1.4188,103.8631,C,Cloud to Cloud,2026-02-06T18:42:51.997+08:00
2026-02-07 11:58:19,2026-02-06T18:44:00+08:00,2026-02-06T18:46:02+08:00,1.4173,103.862,C,Cloud to Cloud,2026-02-06T18:42:51.997+08:00
2026-02-07 11:58:19,2026-02-06T18:44:00+08:00,2026-02-06T18:46:02+08:00,1.4179,103.8632,C,Cloud to Cloud,2026-02-06T18:42:51.998+08:00
2026-02-07 11:58:19,2026-02-06T18:44:00+08:00,2026-02-06T18:46:02+08:00,1.4222,103.8624,C,Cloud to Cloud,2026-02-06T18:42:51.998+08:00
2026-02-07 11:58:19,2026-02-06T18:44:00+08:00,2026-02-06T18:46:02+08:00,1.4164,103.8612,C,Cloud to Cloud,2026-02-06T18:42:51.998+08:00
2026-02-07 11:58:19,2026-02-06T18:44:00+08:00,2026-02-06T18:46:02+08:00,1.4189,103.8608,C,Cloud to Cloud,2026-02-06T18:42:51.998+08:00
2026-02-07 11:58:19,2026-02-06T18:44:00+08:00,2026-02-06T18:46:02+08:00,1.4192,103.8613,C,Cloud to Cloud,2026-02-06T18:42:51.998+08:00
2026-02-07 11:58:19,2026-02-06T18:44:00+08:00,2026-02-06T18:46:02+08:00,1.418,103.8613,C,Cloud to Cloud,2026-02-06T18:42:51.998+08:00
2026-02-07 11:58:19,2026-02-06T18:44:00+08:00,2026-02-06T18:46:02+08:00,1.4179,103.8608,C,Cloud to Cloud,2026-02-06T18:42:51.998+08:00
2026-02-07 11:58:19,2026-02-06T18:44:00+08:00,2026-02-06T18:46:02+08:00,1.419,103.8632,C,Cloud to Cloud,2026-02-06T18:42:51.998+08:00
2026-02-07 11:58:19,2026-02-06T18:44:00+08:00,2026-02-06T18:46:02+08:00,1.4175,103.8636,C,Cloud to Cloud,2026-02-06T18:42:51.998+08:00
2026-02-07 11:58:19,2026-02-06T18:44:00+08:00,2026-02-06T18:46:02+08:00,1.4163,103.8633,C,Cloud to Cloud,2026-02-06T18:42:51.998+08:00
2026-02-07 11:58:19,2026-02-06T18:44:00+08:00,2026-02-06T18:46:02+08:00,1.4163,103.8614,C,Cloud to Cloud,2026-02-06T18:42:51.999+08:00
2026-02-07 11:58:19,2026-02-06T18:44:00+08:00,2026-02-06T18:46:02+08:00,1.4195,103.8629,C,Cloud to Cloud,2026-02-06T18:42:51.999+08:00
2026-02-07 11:58:19,2026-02-06T18:44:00+08:00,2026-02-06T18:46:02+08:00,1.418,103.8649,C,Cloud to Cloud,2026-02-06T18:42:51.999+08:00
2026-02-07 11:58:19,2026-02-06T18:44:00+08:00,2026-02-06T18:46:02+08:00,1.417,103.8588,C,Cloud to Cloud,2026-02-06T18:42:51.999+08:00
2026-02-07 11:58:19,2026-02-06T18:44:00+08:00,2026-02-06T18:46:02+08:00,1.4173,103.8631,C,Cloud to Cloud,2026-02-06T18:42:51.999+08:00
2026-02-07 11:58:19,2026-02-06T18:44:00+08:00,2026-02-06T18:46:02+08:00,1.4161,103.8633,C,Cloud to Cloud,2026-02-06T18:42:51.999+08:00
2026-02-07 11:58:19,2026-02-06T18:44:00+08:00,2026-02-06T18:46:02+08:00,1.4178,103.8629,C,Cloud to Cloud,2026-02-06T18:42:51.999+08:00
2026-02-07 11:58:19,2026-02-06T18:44:00+08:00,2026-02-06T18:46:02+08:00,1.4161,103.8638,C,Cloud to Cloud,2026-02-06T18:42:51.999+08:00
2026-02-07 11:58:19,2026-02-06T18:44:00+08:00,2026-02-06T18:46:02+08:00,1.4186,103.8647,C,Cloud to Cloud,2026-02-06T18:42:51.999+08:00
2026-02-07 11:58:19,2026-02-06T18:44:00+08:00,2026-02-06T18:46:02+08:00,1.416,103.8615,C,Cloud to Cloud,2026-02-06T18:42:51.999+08:00
2026-02-07 11:58:19,2026-02-06T18:44:00+08:00,2026-02-06T18:46:02+08:00,1.4198,103.8616,C,Cloud to Cloud,2026-02-06T18:42:52+08:00
2026-02-07 11:58:19,2026-02-06T18:44:00+08:00,2026-02-06T18:46:02+08:00,1.4181,103.8618,C,Cloud to Cloud,2026-02-06T18:42:52+08:00
2026-02-07 11:58:19,2026-02-06T18:44:00+08:00,2026-02-06T18:46:02+08:00,1.4174,103.8627,C,Cloud to Cloud,2026-02-06T18:42:52+08:00
2026-02-07 11:58:19,2026-02-06T18:44:00+08:00,2026-02-06T18:46:02+08:00,1.4178,103.8614,C,Cloud to Cloud,2026-02-06T18:42:52+08:00
2026-02-07 11:58:19,2026-02-06T18:44:00+08:00,2026-02-06T18:46:02+08:00,1.4173,103.8619,C,Cloud to Cloud,2026-02-06T18:42:52+08:00
2026-02-07 11:58:19,2026-02-06T18:44:00+08:00,2026-02-06T18:46:02+08:00,1.4146,103.8615,C,Cloud to Cloud,2026-02-06T18:42:52+08:00
2026-02-07 11:58:19,2026-02-06T18:44:00+08:00,2026-02-06T18:46:02+08:00,1.4171,103.8603,C,Cloud to Cloud,2026-02-06T18:42:52+08:00
2026-02-07 11:58:19,2026-02-06T18:44:00+08:00,2026-02-06T18:46:02+08:00,1.4185,103.8631,C,Cloud to Cloud,2026-02-06T18:42:52+08:00
2026-02-07 11:58:19,2026-02-06T18:44:00+08:00,2026-02-06T18:46:02+08:00,1.4171,103.8649,C,Cloud to Cloud,2026-02-06T18:42:52+08:00
2026-02-07 11:58:19,2026-02-06T18:44:00+08:00,2026-02-06T18:46:02+08:00,1.4178,103.861,C,Cloud to Cloud,2026-02-06T18:42:52+08:00
2026-02-07 11:58:19,2026-02-06T18:44:00+08:00,2026-02-06T18:46:02+08:00,1.4163,103.8609,C,Cloud to Cloud,2026-02-06T18:42:52.001+08:00
2026-02-07 11:58:19,2026-02-06T18:44:00+08:00,2026-02-06T18:46:02+08:00,1.4154,103.8607,C,Cloud to Cloud,2026-02-06T18:42:52.001+08:00
2026-02-07 11:58:19,2026-02-06T18:44:00+08:00,2026-02-06T18:46:02+08:00,1.4164,103.8631,C,Cloud to Cloud,2026-02-06T18:42:52.001+08:00
2026-02-07 11:58:19,2026-02-06T18:44:00+08:00,2026-02-06T18:46:02+08:00,1.4158,103.8641,C,Cloud to Cloud,2026-02-06T18:42:52.001+08:00
2026-02-07 11:58:19,2026-02-06T18:44:00+08:00,2026-02-06T18:46:02+08:00,1.4194,103.865,C,Cloud to Cloud,2026-02-06T18:42:52.001+08:00
2026-02-07 11:58:19,2026-02-06T18:44:00+08:00,2026-02-06T18:46:02+08:00,1.4156,103.8695,C,Cloud to Cloud,2026-02-06T18:42:52.001+08:00
2026-02-07 11:58:19,2026-02-06T18:44:00+08:00,2026-02-06T18:46:02+08:00,1.4184,103.8577,C,Cloud to Cloud,2026-02-06T18:42:52.001+08:00
2026-02-07 11:58:19,2026-02-06T18:44:00+08:00,2026-02-06T18:46:02+08:00,1.4214,103.8604,C,Cloud to Cloud,2026-02-06T18:42:52.001+08:00
2026-02-07 11:58:19,2026-02-06T18:44:00+08:00,2026-02-06T18:46:02+08:00,1.4208,103.8598,C,Cloud to Cloud,2026-02-06T18:42:52.001+08:00
2026-02-07 11:58:19,2026-02-06T18:44:00+08:00,2026-02-06T18:46:02+08:00,1.4189,103.8619,C,Cloud to Cloud,2026-02-06T18:42:52.001+08:00
2026-02-07 11:58:19,2026-02-06T18:44:00+08:00,2026-02-06T18:46:02+08:00,1.4184,103.853,C,Cloud to Cloud,2026-02-06T18:42:52.002+08:00
2026-02-07 11:58:19,2026-02-06T18:44:00+08:00,2026-02-06T18:46:02+08:00,1.4173,103.8539,C,Cloud to Cloud,2026-02-06T18:42:52.002+08:00
2026-02-07 11:58:19,2026-02-06T18:44:00+08:00,2026-02-06T18:46:02+08:00,1.4158,103.8548,C,Cloud to Cloud,2026-02-06T18:42:52.002+08:00
2026-02-07 11:58:19,2026-02-06T18:44:00+08:00,2026-02-06T18:46:02+08:00,1.4171,103.8532,C,Cloud to Cloud,2026-02-06T18:42:52.002+08:00
2026-02-07 11:58:19,2026-02-06T18:44:00+08:00,2026-02-06T18:46:02+08:00,1.4145,103.8563,C,Cloud to Cloud,2026-02-06T18:42:52.002+08:00
2026-02-07 11:58:19,2026-02-06T18:44:00+08:00,2026-02-06T18:46:02+08:00,1.4167,103.8566,C,Cloud to Cloud,2026-02-06T18:42:52.002+08:00
2026-02-07 11:58:19,2026-02-06T18:44:00+08:00,2026-02-06T18:46:02+08:00,1.4112,103.8544,C,Cloud to Cloud,2026-02-06T18:42:52.002+08:00
2026-02-07 11:58:19,2026-02-06T18:44:00+08:00,2026-02-06T18:46:02+08:00,1.4112,103.8544,C,Cloud to Cloud,2026-02-06T18:42:52.002+08:00
2026-02-07 11:58:19,2026-02-06T18:44:00+08:00,2026-02-06T18:46:02+08:00,1.4136,103.8531,C,Cloud to Cloud,2026-02-06T18:42:52.002+08:00
2026-02-07 11:58:19,2026-02-06T18:44:00+08:00,2026-02-06T18:46:02+08:00,1.4119,103.8539,C,Cloud to Cloud,2026-02-06T18:42:52.002+08:00
2026-02-07 11:58:19,2026-02-06T18:44:00+08:00,2026-02-06T18:46:02+08:00,1.4104,103.8518,C,Cloud to Cloud,2026-02-06T18:42:52.003+08:00
2026-02-07 11:58:19,2026-02-06T18:44:00+08:00,2026-02-06T18:46:02+08:00,1.4109,103.8543,C,Cloud to Cloud,2026-02-06T18:42:52.003+08:00
2026-02-07 11:58:19,2026-02-06T18:44:00+08:00,2026-02-06T18:46:02+08:00,1.4109,103.8524,C,Cloud to Cloud,2026-02-06T18:42:52.003+08:00
2026-02-07 11:58:19,2026-02-06T18:44:00+08:00,2026-02-06T18:46:02+08:00,1.4067,103.8532,C,Cloud to Cloud,2026-02-06T18:42:52.003+08:00
2026-02-07 11:58:19,2026-02-06T18:44:00+08:00,2026-02-06T18:46:02+08:00,1.4096,103.8546,C,Cloud to Cloud,2026-02-06T18:42:52.003+08:00
2026-02-07 11:58:19,2026-02-06T18:44:00+08:00,2026-02-06T18:46:02+08:00,1.3968,103.8758,C,Cloud to Cloud,2026-02-06T18:42:52.003+08:00
2026-02-07 11:58:19,2026-02-06T18:44:00+08:00,2026-02-06T18:46:02+08:00,1.4098,103.8516,C,Cloud to Cloud,2026-02-06T18:42:52.003+08:00
2026-02-07 11:58:19,2026-02-06T18:44:00+08:00,2026-02-06T18:46:02+08:00,1.4097,103.8553,C,Cloud to Cloud,2026-02-06T18:42:52.003+08:00
2026-02-07 11:58:19,2026-02-06T18:44:00+08:00,2026-02-06T18:46:02+08:00,1.4118,103.8521,C,Cloud to Cloud,2026-02-06T18:42:52.003+08:00
2026-02-07 11:58:19,2026-02-06T18:44:00+08:00,2026-02-06T18:46:02+08:00,1.4107,103.8541,C,Cloud to Cloud,2026-02-06T18:42:52.003+08:00
2026-02-07 11:58:19,2026-02-06T18:44:00+08:00,2026-02-06T18:46:02+08:00,1.4101,103.8547,C,Cloud to Cloud,2026-02-06T18:42:52.004+08:00
2026-02-07 11:58:19,2026-02-06T18:44:00+08:00,2026-02-06T18:46:02+08:00,1.4114,103.8506,C,Cloud to Cloud,2026-02-06T18:42:52.004+08:00
2026-02-07 11:58:19,2026-02-06T18:44:00+08:00,2026-02-06T18:46:02+08:00,1.4097,103.8517,C,Cloud to Cloud,2026-02-06T18:42:52.004+08:00
2026-02-07 11:58:19,2026-02-06T18:44:00+08:00,2026-02-06T18:46:02+08:00,1.4122,103.8519,C,Cloud to Cloud,2026-02-06T18:42:52.004+08:00
2026-02-07 11:58:19,2026-02-06T18:44:00+08:00,2026-02-06T18:46:02+08:00,1.4076,103.8508,C,Cloud to Cloud,2026-02-06T18:42:52.004+08:00
2026-02-07 11:58:19,2026-02-06T18:44:00+08:00,2026-02-06T18:46:02+08:00,1.4089,103.8546,C,Cloud to Cloud,2026-02-06T18:42:52.004+08:00
2026-02-07 11:58:19,2026-02-06T18:44:00+08:00,2026-02-06T18:46:02+08:00,1.4097,103.85,C,Cloud to Cloud,2026-02-06T18:42:52.004+08:00
2026-02-07 11:58:19,2026-02-06T18:44:00+08:00,2026-02-06T18:46:02+08:00,1.4099,103.8522,C,Cloud to Cloud,2026-02-06T18:42:52.004+08:00
2026-02-07 11:58:19,2026-02-06T18:44:00+08:00,2026-02-06T18:46:02+08:00,1.4126,103.8498,C,Cloud to Cloud,2026-02-06T18:42:52.004+08:00
2026-02-07 11:58:19,2026-02-06T18:44:00+08:00,2026-02-06T18:46:02+08:00,1.4116,103.8495,C,Cloud to Cloud,2026-02-06T18:42:52.004+08:00
2026-02-07 11:58:19,2026-02-06T18:44:00+08:00,2026-02-06T18:46:02+08:00,1.4089,103.8518,C,Cloud to Cloud,2026-02-06T18:42:52.005+08:00
2026-02-07 11:58:19,2026-02-06T18:44:00+08:00,2026-02-06T18:46:02+08:00,1.409,103.8516,C,Cloud to Cloud,2026-02-06T18:42:52.005+08:00
2026-02-07 11:58:19,2026-02-06T18:44:00+08:00,2026-02-06T18:46:02+08:00,1.4098,103.8499,C,Cloud to Cloud,2026-02-06T18:42:52.005+08:00
2026-02-07 11:58:19,2026-02-06T18:44:00+08:00,2026-02-06T18:46:02+08:00,1.4108,103.8515,C,Cloud to Cloud,2026-02-06T18:42:52.005+08:00
2026-02-07 11:58:19,2026-02-06T18:44:00+08:00,2026-02-06T18:46:02+08:00,1.4064,103.8515,C,Cloud to Cloud,2026-02-06T18:42:52.005+08:00
2026-02-07 11:58:19,2026-02-06T18:44:00+08:00,2026-02-06T18:46:02+08:00,1.4112,103.8494,C,Cloud to Cloud,2026-02-06T18:42:52.005+08:00
2026-02-07 11:58:19,2026-02-06T18:44:00+08:00,2026-02-06T18:46:02+08:00,1.405,103.8514,C,Cloud to Cloud,2026-02-06T18:42:52.005+08:00
2026-02-07 11:58:19,2026-02-06T18:44:00+08:00,2026-02-06T18:46:02+08:00,1.3998,103.882,C,Cloud to Cloud,2026-02-06T18:42:52.005+08:00
2026-02-07 11:58:19,2026-02-06T18:44:00+08:00,2026-02-06T18:46:02+08:00,1.4274,103.823,C,Cloud to Cloud,2026-02-06T18:42:52.005+08:00
2026-02-07 11:58:19,2026-02-06T18:44:00+08:00,2026-02-06T18:46:02+08:00,1.4081,103.8503,C,Cloud to Cloud,2026-02-06T18:42:52.005+08:00
2026-02-07 11:58:19,2026-02-06T18:44:00+08:00,2026-02-06T18:46:02+08:00,1.4087,103.8472,C,Cloud to Cloud,2026-02-06T18:42:52.006+08:00
2026-02-07 11:58:19,2026-02-06T18:44:00+08:00,2026-02-06T18:46:02+08:00,1.4127,103.8502,C,Cloud to Cloud,2026-02-06T18:42:52.006+08:00
2026-02-07 11:58:19,2026-02-06T18:44:00+08:00,2026-02-06T18:46:02+08:00,1.4108,103.85,C,Cloud to Cloud,2026-02-06T18:42:52.006+08:00
2026-02-07 11:58:19,2026-02-06T18:44:00+08:00,2026-02-06T18:46:02+08:00,1.4058,103.8469,C,Cloud to Cloud,2026-02-06T18:42:52.006+08:00
2026-02-07 11:58:19,2026-02-06T18:44:00+08:00,2026-02-06T18:46:02+08:00,1.4119,103.8475,C,Cloud to Cloud,2026-02-06T18:42:52.006+08:00
2026-02-07 11:58:19,2026-02-06T18:44:00+08:00,2026-02-06T18:46:02+08:00,1.4128,103.8486,C,Cloud to Cloud,2026-02-06T18:42:52.006+08:00
2026-02-07 11:58:19,2026-02-06T18:44:00+08:00,2026-02-06T18:46:02+08:00,1.4094,103.8519,C,Cloud to Cloud,2026-02-06T18:42:52.006+08:00
2026-02-07 11:58:19,2026-02-06T18:44:00+08:00,2026-02-06T18:46:02+08:00,1.4114,103.8439,C,Cloud to Cloud,2026-02-06T18:42:52.006+08:00
2026-02-07 11:58:19,2026-02-06T18:44:00+08:00,2026-02-06T18:46:02+08:00,1.4101,103.8476,C,Cloud to Cloud,2026-02-06T18:42:52.006+08:00
2026-02-07 11:58:19,2026-02-06T18:44:00+08:00,2026-02-06T18:46:02+08:00,1.4072,103.8461,C,Cloud to Cloud,2026-02-06T18:42:52.006+08:00
2026-02-07 11:58:19,2026-02-06T18:44:00+08:00,2026-02-06T18:46:02+08:00,1.4092,103.8493,C,Cloud to Cloud,2026-02-06T18:42:52.007+08:00
2026-02-07 11:58:19,2026-02-06T18:44:00+08:00,2026-02-06T18:46:02+08:00,1.4066,103.8482,C,Cloud to Cloud,2026-02-06T18:42:52.007+08:00
2026-02-07 11:58:19,2026-02-06T18:44:00+08:00,2026-02-06T18:46:02+08:00,1.4069,103.8451,C,Cloud to Cloud,2026-02-06T18:42:52.007+08:00
2026-02-07 11:58:19,2026-02-06T18:44:00+08:00,2026-02-06T18:46:02+08:00,1.4136,103.8513,C,Cloud to Cloud,2026-02-06T18:42:52.007+08:00
2026-02-07 11:58:19,2026-02-06T18:44:00+08:00,2026-02-06T18:46:02+08:00,1.4107,103.8486,C,Cloud to Cloud,2026-02-06T18:42:52.007+08:00
2026-02-07 11:58:19,2026-02-06T18:44:00+08:00,2026-02-06T18:46:02+08:00,1.4091,103.847,C,Cloud to Cloud,2026-02-06T18:42:52.007+08:00
2026-02-07 11:58:19,2026-02-06T18:44:00+08:00,2026-02-06T18:46:02+08:00,1.4075,103.848,C,Cloud to Cloud,2026-02-06T18:42:52.007+08:00
2026-02-07 11:58:19,2026-02-06T18:44:00+08:00,2026-02-06T18:46:02+08:00,1.4088,103.8432,C,Cloud to Cloud,2026-02-06T18:42:52.007+08:00
2026-02-07 11:58:19,2026-02-06T18:44:00+08:00,2026-02-06T18:46:02+08:00,1.4083,103.8451,C,Cloud to Cloud,2026-02-06T18:42:52.007+08:00
2026-02-07 11:58:19,2026-02-06T18:44:00+08:00,2026-02-06T18:46:02+08:00,1.4078,103.8491,C,Cloud to Cloud,2026-02-06T18:42:52.008+08:00
2026-02-07 11:58:19,2026-02-06T18:44:00+08:00,2026-02-06T18:46:02+08:00,1.4086,103.8471,C,Cloud to Cloud,2026-02-06T18:42:52.008+08:00
2026-02-07 11:58:19,2026-02-06T18:44:00+08:00,2026-02-06T18:46:02+08:00,1.407,103.8456,C,Cloud to Cloud,2026-02-06T18:42:52.008+08:00
2026-02-07 11:58:19,2026-02-06T18:44:00+08:00,2026-02-06T18:46:02+08:00,1.4055,103.844,C,Cloud to Cloud,2026-02-06T18:42:52.008+08:00
2026-02-07 11:58:19,2026-02-06T18:44:00+08:00,2026-02-06T18:46:02+08:00,1.4191,103.8261,C,Cloud to Cloud,2026-02-06T18:42:52.008+08:00
2026-02-07 11:58:19,2026-02-06T18:44:00+08:00,2026-02-06T18:46:02+08:00,1.41,103.8449,C,Cloud to Cloud,2026-02-06T18:42:52.008+08:00
2026-02-07 11:58:19,2026-02-06T18:44:00+08:00,2026-02-06T18:46:02+08:00,1.4223,103.8228,C,Cloud to Cloud,2026-02-06T18:42:52.008+08:00
2026-02-07 11:58:19,2026-02-06T18:44:00+08:00,2026-02-06T18:46:02+08:00,1.4455,103.8709,C,Cloud to Cloud,2026-02-06T18:42:52.01+08:00
2026-02-07 11:58:19,2026-02-06T18:44:00+08:00,2026-02-06T18:46:02+08:00,1.4546,103.8653,C,Cloud to Cloud,2026-02-06T18:42:52.01+08:00
2026-02-07 11:58:19,2026-02-06T18:44:00+08:00,2026-02-06T18:46:02+08:00,1.4318,103.8551,C,Cloud to Cloud,2026-02-06T18:42:52.01+08:00
2026-02-07 11:58:19,2026-02-06T18:44:00+08:00,2026-02-06T18:46:02+08:00,1.4145,103.8499,C,Cloud to Cloud,2026-02-06T18:42:52.01+08:00
2026-02-07 11:58:19,2026-02-06T18:44:00+08:00,2026-02-06T18:46:02+08:00,1.4281,103.8569,C,Cloud to Cloud,2026-02-06T18:42:52.01+08:00
2026-02-07 11:58:19,2026-02-06T18:44:00+08:00,2026-02-06T18:46:02+08:00,1.453,103.8806,C,Cloud to Cloud,2026-02-06T18:42:52.01+08:00
2026-02-07 11:58:19,2026-02-06T18:44:00+08:00,2026-02-06T18:46:02+08:00,1.4341,103.8528,C,Cloud to Cloud,2026-02-06T18:42:52.01+08:00
2026-02-07 11:58:19,2026-02-06T18:44:00+08:00,2026-02-06T18:46:02+08:00,1.4317,103.8511,C,Cloud to Cloud,2026-02-06T18:42:52.01+08:00
2026-02-07 11:58:19,2026-02-06T18:44:00+08:00,2026-02-06T18:46:02+08:00,1.4218,103.8509,C,Cloud to Cloud,2026-02-06T18:42:52.01+08:00
2026-02-07 11:58:19,2026-02-06T18:44:00+08:00,2026-02-06T18:46:02+08:00,1.414,103.8467,C,Cloud to Cloud,2026-02-06T18:42:52.01+08:00
2026-02-07 11:58:19,2026-02-06T18:44:00+08:00,2026-02-06T18:46:02+08:00,1.4144,103.8456,C,Cloud to Cloud,2026-02-06T18:42:52.011+08:00
2026-02-07 11:58:19,2026-02-06T18:44:00+08:00,2026-02-06T18:46:02+08:00,1.4264,103.8534,C,Cloud to Cloud,2026-02-06T18:42:52.011+08:00
2026-02-07 11:58:19,2026-02-06T18:44:00+08:00,2026-02-06T18:46:02+08:00,1.4173,103.8382,C,Cloud to Cloud,2026-02-06T18:42:52.011+08:00
2026-02-07 11:58:19,2026-02-06T18:44:00+08:00,2026-02-06T18:46:02+08:00,1.4155,103.8367,C,Cloud to Cloud,2026-02-06T18:42:52.011+08:00
2026-02-07 11:58:19,2026-02-06T18:44:00+08:00,2026-02-06T18:46:02+08:00,1.4142,103.8376,C,Cloud to Cloud,2026-02-06T18:42:52.011+08:00
2026-02-07 11:58:19,2026-02-06T18:44:00+08:00,2026-02-06T18:46:02+08:00,1.4178,103.8349,C,Cloud to Cloud,2026-02-06T18:42:52.011+08:00
2026-02-07 11:58:19,2026-02-06T18:44:00+08:00,2026-02-06T18:46:02+08:00,1.4151,103.8372,C,Cloud to Cloud,2026-02-06T18:42:52.012+08:00
2026-02-07 11:58:19,2026-02-06T18:44:00+08:00,2026-02-06T18:46:02+08:00,1.4156,103.8444,C,Cloud to Cloud,2026-02-06T18:42:52.012+08:00
2026-02-07 11:58:19,2026-02-06T18:44:00+08:00,2026-02-06T18:46:02+08:00,1.4184,103.8359,C,Cloud to Cloud,2026-02-06T18:42:52.012+08:00
2026-02-07 11:58:19,2026-02-06T18:44:00+08:00,2026-02-06T18:46:02+08:00,1.417,103.8354,C,Cloud to Cloud,2026-02-06T18:42:52.012+08:00
2026-02-07 11:58:19,2026-02-06T18:44:00+08:00,2026-02-06T18:46:02+08:00,1.4151,103.8356,C,Cloud to Cloud,2026-02-06T18:42:52.013+08:00
2026-02-07 11:58:19,2026-02-06T18:44:00+08:00,2026-02-06T18:46:02+08:00,1.4181,103.8338,C,Cloud to Cloud,2026-02-06T18:42:52.013+08:00
2026-02-07 11:58:19,2026-02-06T18:44:00+08:00,2026-02-06T18:46:02+08:00,1.4125,103.8413,C,Cloud to Cloud,2026-02-06T18:42:52.013+08:00
2026-02-07 11:58:19,2026-02-06T18:44:00+08:00,2026-02-06T18:46:02+08:00,1.4153,103.8445,C,Cloud to Cloud,2026-02-06T18:42:52.013+08:00
2026-02-07 11:58:19,2026-02-06T18:44:00+08:00,2026-02-06T18:46:02+08:00,1.4176,103.8374,C,Cloud to Cloud,2026-02-06T18:42:52.013+08:00
2026-02-07 11:58:19,2026-02-06T18:44:00+08:00,2026-02-06T18:46:02+08:00,1.3993,103.8762,C,Cloud to Cloud,2026-02-06T18:42:52.015+08:00
2026-02-07 11:58:19,2026-02-06T18:44:00+08:00,2026-02-06T18:46:02+08:00,1.4183,103.8422,C,Cloud to Cloud,2026-02-06T18:42:52.015+08:00
2026-02-07 11:58:19,2026-02-06T18:44:00+08:00,2026-02-06T18:46:02+08:00,1.4286,103.8616,C,Cloud to Cloud,2026-02-06T18:42:52.015+08:00
2026-02-07 11:58:19,2026-02-06T18:44:00+08:00,2026-02-06T18:46:02+08:00,1.4492,103.8639,C,Cloud to Cloud,2026-02-06T18:42:52.015+08:00
2026-02-07 11:58:19,2026-02-06T18:44:00+08:00,2026-02-06T18:46:02+08:00,1.421,103.8447,C,Cloud to Cloud,2026-02-06T18:42:52.015+08:00
2026-02-07 11:58:19,2026-02-06T18:44:00+08:00,2026-02-06T18:46:02+08:00,1.4218,103.8418,C,Cloud to Cloud,2026-02-06T18:42:52.015+08:00
2026-02-07 11:58:19,2026-02-06T18:44:00+08:00,2026-02-06T18:46:02+08:00,1.4199,103.8444,C,Cloud to Cloud,2026-02-06T18:42:52.015+08:00
2026-02-07 11:58:19,2026-02-06T18:44:00+08:00,2026-02-06T18:46:02+08:00,1.4063,103.8601,C,Cloud to Cloud,2026-02-06T18:42:52.015+08:00
2026-02-07 11:58:19,2026-02-06T18:44:00+08:00,2026-02-06T18:46:02+08:00,1.4034,103.8694,C,Cloud to Cloud,2026-02-06T18:42:52.016+08:00
2026-02-07 11:58:19,2026-02-06T18:44:00+08:00,2026-02-06T18:46:02+08:00,1.4129,103.8289,C,Cloud to Cloud,2026-02-06T18:42:52.016+08:00
2026-02-07 11:58:19,2026-02-06T18:44:00+08:00,2026-02-06T18:46:02+08:00,1.4129,103.8289,C,Cloud to Cloud,2026-02-06T18:42:52.016+08:00
2026-02-07 11:58:19,2026-02-06T18:44:00+08:00,2026-02-06T18:46:02+08:00,1.4228,103.8318,C,Cloud to Cloud,2026-02-06T18:42:52.016+08:00
2026-02-07 11:58:19,2026-02-06T18:44:00+08:00,2026-02-06T18:46:02+08:00,1.4115,103.8251,C,Cloud to Cloud,2026-02-06T18:42:52.016+08:00
2026-02-07 11:58:19,2026-02-06T18:44:00+08:00,2026-02-06T18:46:02+08:00,1.4182,103.8345,C,Cloud to Cloud,2026-02-06T18:42:52.016+08:00
2026-02-07 11:58:19,2026-02-06T18:44:00+08:00,2026-02-06T18:46:02+08:00,1.4194,103.834,C,Cloud to Cloud,2026-02-06T18:42:52.017+08:00
2026-02-07 11:58:19,2026-02-06T18:44:00+08:00,2026-02-06T18:46:02+08:00,1.4293,103.8314,C,Cloud to Cloud,2026-02-06T18:42:52.018+08:00
2026-02-07 11:58:19,2026-02-06T18:44:00+08:00,2026-02-06T18:46:02+08:00,1.4162,103.8251,C,Cloud to Cloud,2026-02-06T18:42:52.018+08:00
2026-02-07 11:58:19,2026-02-06T18:44:00+08:00,2026-02-06T18:46:02+08:00,1.4068,103.8573,C,Cloud to Cloud,2026-02-06T18:42:52.018+08:00
2026-02-07 11:58:19,2026-02-06T18:44:00+08:00,2026-02-06T18:46:02+08:00,1.4174,103.8405,C,Cloud to Cloud,2026-02-06T18:42:52.018+08:00
2026-02-07 11:58:19,2026-02-06T18:44:00+08:00,2026-02-06T18:46:02+08:00,1.4253,103.8316,C,Cloud to Cloud,2026-02-06T18:42:52.018+08:00
2026-02-07 11:58:19,2026-02-06T18:44:00+08:00,2026-02-06T18:46:02+08:00,1.414,103.819,C,Cloud to Cloud,2026-02-06T18:42:52.02+08:00
2026-02-07 11:58:19,2026-02-06T18:44:00+08:00,2026-02-06T18:46:02+08:00,1.414,103.819,C,Cloud to Cloud,2026-02-06T18:42:52.02+08:00
2026-02-07 11:58:19,2026-02-06T18:44:00+08:00,2026-02-06T18:46:02+08:00,1.419,103.8276,C,Cloud to Cloud,2026-02-06T18:42:52.02+08:00
2026-02-07 11:58:19,2026-02-06T18:44:00+08:00,2026-02-06T18:46:02+08:00,1.3991,103.8842,C,Cloud to Cloud,2026-02-06T18:42:52.02+08:00
2026-02-07 11:58:19,2026-02-06T18:44:00+08:00,2026-02-06T18:46:02+08:00,1.4163,103.8322,C,Cloud to Cloud,2026-02-06T18:42:52.02+08:00
2026-02-07 11:58:19,2026-02-06T18:44:00+08:00,2026-02-06T18:46:02+08:00,1.4167,103.8209,C,Cloud to Cloud,2026-02-06T18:42:52.02+08:00
2026-02-07 11:58:19,2026-02-06T18:44:00+08:00,2026-02-06T18:46:02+08:00,1.416,103.8231,C,Cloud to Cloud,2026-02-06T18:42:52.02+08:00
2026-02-07 11:58:19,2026-02-06T18:44:00+08:00,2026-02-06T18:46:02+08:00,1.42,103.8263,C,Cloud to Cloud,2026-02-06T18:42:52.02+08:00
2026-02-07 11:58:19,2026-02-06T18:44:00+08:00,2026-02-06T18:46:02+08:00,1.4078,103.8168,C,Cloud to Cloud,2026-02-06T18:42:52.02+08:00
2026-02-07 11:58:19,2026-02-06T18:44:00+08:00,2026-02-06T18:46:02+08:00,1.4078,103.8168,C,Cloud to Cloud,2026-02-06T18:42:52.021+08:00
2026-02-07 11:58:19,2026-02-06T18:44:00+08:00,2026-02-06T18:46:02+08:00,1.418,103.8242,C,Cloud to Cloud,2026-02-06T18:42:52.021+08:00
2026-02-07 11:58:19,2026-02-06T18:44:00+08:00,2026-02-06T18:46:02+08:00,1.4189,103.8214,C,Cloud to Cloud,2026-02-06T18:42:52.021+08:00
2026-02-07 11:58:19,2026-02-06T18:44:00+08:00,2026-02-06T18:46:02+08:00,1.4024,103.8482,C,Cloud to Cloud,2026-02-06T18:42:52.021+08:00
2026-02-07 11:58:19,2026-02-06T18:44:00+08:00,2026-02-06T18:46:02+08:00,1.4154,103.8183,C,Cloud to Cloud,2026-02-06T18:42:52.021+08:00
2026-02-07 11:58:19,2026-02-06T18:44:00+08:00,2026-02-06T18:46:02+08:00,1.4057,103.8526,C,Cloud to Cloud,2026-02-06T18:42:52.021+08:00
2026-02-07 11:58:19,2026-02-06T18:44:00+08:00,2026-02-06T18:46:02+08:00,1.425,103.8213,C,Cloud to Cloud,2026-02-06T18:42:52.021+08:00
2026-02-07 11:58:19,2026-02-06T18:44:00+08:00,2026-02-06T18:46:02+08:00,1.4283,103.8269,C,Cloud to Cloud,2026-02-06T18:42:52.021+08:00
2026-02-07 11:58:19,2026-02-06T18:44:00+08:00,2026-02-06T18:46:02+08:00,1.4293,103.824,C,Cloud to Cloud,2026-02-06T18:42:52.021+08:00
2026-02-07 11:58:19,2026-02-06T18:44:00+08:00,2026-02-06T18:46:02+08:00,1.4206,103.8227,C,Cloud to Cloud,2026-02-06T18:42:52.022+08:00
2026-02-07 11:58:19,2026-02-06T18:44:00+08:00,2026-02-06T18:46:02+08:00,1.4206,103.8227,C,Cloud to Cloud,2026-02-06T18:42:52.022+08:00
2026-02-07 11:58:19,2026-02-06T18:44:00+08:00,2026-02-06T18:46:02+08:00,1.4259,103.8226,C,Cloud to Cloud,2026-02-06T18:42:52.022+08:00
2026-02-07 11:58:19,2026-02-06T18:44:00+08:00,2026-02-06T18:46:02+08:00,1.428,103.8209,C,Cloud to Cloud,2026-02-06T18:42:52.022+08:00
2026-02-07 11:58:19,2026-02-06T18:44:00+08:00,2026-02-06T18:46:02+08:00,1.428,103.8209,C,Cloud to Cloud,2026-02-06T18:42:52.022+08:00
2026-02-07 11:58:19,2026-02-06T18:44:00+08:00,2026-02-06T18:46:02+08:00,1.4219,103.8201,C,Cloud to Cloud,2026-02-06T18:42:52.022+08:00
2026-02-07 11:58:19,2026-02-06T18:44:00+08:00,2026-02-06T18:46:02+08:00,1.4399,103.834,C,Cloud to Cloud,2026-02-06T18:42:52.022+08:00
2026-02-07 11:58:19,2026-02-06T18:44:00+08:00,2026-02-06T18:46:02+08:00,1.4399,103.834,C,Cloud to Cloud,2026-02-06T18:42:52.023+08:00
2026-02-07 11:58:19,2026-02-06T18:44:00+08:00,2026-02-06T18:46:02+08:00,1.4254,103.818,C,Cloud to Cloud,2026-02-06T18:42:52.023+08:00
2026-02-07 11:58:19,2026-02-06T18:44:00+08:00,2026-02-06T18:46:02+08:00,1.4255,103.8162,C,Cloud to Cloud,2026-02-06T18:42:52.023+08:00
2026-02-07 11:58:19,2026-02-06T18:44:00+08:00,2026-02-06T18:46:02+08:00,1.4244,103.815,C,Cloud to Cloud,2026-02-06T18:42:52.024+08:00
2026-02-07 11:58:19,2026-02-06T18:44:00+08:00,2026-02-06T18:46:02+08:00,1.4209,103.8165,C,Cloud to Cloud,2026-02-06T18:42:52.024+08:00
2026-02-07 11:58:19,2026-02-06T18:44:00+08:00,2026-02-06T18:46:02+08:00,1.4222,103.8155,C,Cloud to Cloud,2026-02-06T18:42:52.024+08:00
2026-02-07 11:58:19,2026-02-06T18:44:00+08:00,2026-02-06T18:46:02+08:00,1.4247,103.8179,C,Cloud to Cloud,2026-02-06T18:42:52.024+08:00
2026-02-07 11:58:19,2026-02-06T18:44:00+08:00,2026-02-06T18:46:02+08:00,1.4244,103.8185,C,Cloud to Cloud,2026-02-06T18:42:52.024+08:00
2026-02-07 11:58:19,2026-02-06T18:44:00+08:00,2026-02-06T18:46:02+08:00,1.45,103.8304,C,Cloud to Cloud,2026-02-06T18:42:52.025+08:00
2026-02-07 11:58:19,2026-02-06T18:44:00+08:00,2026-02-06T18:46:02+08:00,1.45,103.8304,C,Cloud to Cloud,2026-02-06T18:42:52.025+08:00
2026-02-07 11:58:19,2026-02-06T18:44:00+08:00,2026-02-06T18:46:02+08:00,1.4601,103.8405,C,Cloud to Cloud,2026-02-06T18:42:52.025+08:00
2026-02-07 11:58:19,2026-02-06T18:44:00+08:00,2026-02-06T18:46:02+08:00,1.4617,103.8432,C,Cloud to Cloud,2026-02-06T18:42:52.025+08:00
2026-02-07 11:58:19,2026-02-06T18:44:00+08:00,2026-02-06T18:46:02+08:00,1.4462,103.8312,C,Cloud to Cloud,2026-02-06T18:42:52.025+08:00
2026-02-07 11:58:19,2026-02-06T18:44:00+08:00,2026-02-06T18:46:02+08:00,1.4462,103.8312,C,Cloud to Cloud,2026-02-06T18:42:52.025+08:00
2026-02-07 11:58:19,2026-02-06T18:44:00+08:00,2026-02-06T18:46:02+08:00,1.4246,103.8168,C,Cloud to Cloud,2026-02-06T18:42:52.026+08:00
2026-02-07 11:58:19,2026-02-06T18:44:00+08:00,2026-02-06T18:46:02+08:00,1.4266,103.8111,C,Cloud to Cloud,2026-02-06T18:42:52.026+08:00
2026-02-07 11:58:19,2026-02-06T18:44:00+08:00,2026-02-06T18:46:02+08:00,1.4189,103.8192,C,Cloud to Cloud,2026-02-06T18:42:52.027+08:00
2026-02-07 11:58:19,2026-02-06T18:44:00+08:00,2026-02-06T18:46:02+08:00,1.4193,103.8177,C,Cloud to Cloud,2026-02-06T18:42:52.027+08:00
2026-02-07 11:58:19,2026-02-06T18:44:00+08:00,2026-02-06T18:46:02+08:00,1.4202,103.8105,C,Cloud to Cloud,2026-02-06T18:42:52.029+08:00
2026-02-07 11:58:19,2026-02-06T18:44:00+08:00,2026-02-06T18:46:02+08:00,1.4238,103.8075,C,Cloud to Cloud,2026-02-06T18:42:52.029+08:00
2026-02-07 11:58:19,2026-02-06T18:44:00+08:00,2026-02-06T18:46:02+08:00,1.4208,103.809,C,Cloud to Cloud,2026-02-06T18:42:52.029+08:00
2026-02-07 11:58:19,2026-02-06T18:44:00+08:00,2026-02-06T18:46:02+08:00,1.4217,103.8085,C,Cloud to Cloud,2026-02-06T18:42:52.03+08:00
2026-02-07 11:58:19,2026-02-06T18:44:00+08:00,2026-02-06T18:46:02+08:00,1.424,103.8059,C,Cloud to Cloud,2026-02-06T18:42:52.03+08:00
2026-02-07 11:58:19,2026-02-06T18:44:00+08:00,2026-02-06T18:46:02+08:00,1.4282,103.8023,C,Cloud to Cloud,2026-02-06T18:42:52.03+08:00
2026-02-07 11:58:19,2026-02-06T18:44:00+08:00,2026-02-06T18:46:02+08:00,1.4206,103.807,C,Cloud to Cloud,2026-02-06T18:42:52.03+08:00
2026-02-07 11:58:19,2026-02-06T18:44:00+08:00,2026-02-06T18:46:02+08:00,1.4215,103.8036,C,Cloud to Cloud,2026-02-06T18:42:52.03+08:00
2026-02-07 11:58:19,2026-02-06T18:44:00+08:00,2026-02-06T18:46:02+08:00,1.422,103.8044,C,Cloud to Cloud,2026-02-06T18:42:52.03+08:00
2026-02-07 11:58:19,2026-02-06T18:44:00+08:00,2026-02-06T18:46:02+08:00,1.4239,103.8006,C,Cloud to Cloud,2026-02-06T18:42:52.031+08:00
2026-02-07 11:58:19,2026-02-06T18:44:00+08:00,2026-02-06T18:46:02+08:00,1.4211,103.8052,C,Cloud to Cloud,2026-02-06T18:42:52.031+08:00
2026-02-07 11:58:19,2026-02-06T18:44:00+08:00,2026-02-06T18:46:02+08:00,1.4211,103.8041,C,Cloud to Cloud,2026-02-06T18:42:52.031+08:00
2026-02-07 11:58:19,2026-02-06T18:44:00+08:00,2026-02-06T18:46:02+08:00,1.4233,103.8024,C,Cloud to Cloud,2026-02-06T18:42:52.031+08:00
2026-02-07 11:58:19,2026-02-06T18:44:00+08:00,2026-02-06T18:46:02+08:00,1.4234,103.8034,C,Cloud to Cloud,2026-02-06T18:42:52.031+08:00
2026-02-07 11:58:19,2026-02-06T18:44:00+08:00,2026-02-06T18:46:02+08:00,1.4398,103.8123,C,Cloud to Cloud,2026-02-06T18:42:52.031+08:00
2026-02-07 11:58:19,2026-02-06T18:44:00+08:00,2026-02-06T18:46:02+08:00,1.4404,103.8108,C,Cloud to Cloud,2026-02-06T18:42:52.031+08:00
2026-02-07 11:58:19,2026-02-06T18:44:00+08:00,2026-02-06T18:46:02+08:00,1.4894,103.8591,C,Cloud to Cloud,2026-02-06T18:42:52.031+08:00
2026-02-07 11:58:19,2026-02-06T18:44:00+08:00,2026-02-06T18:46:02+08:00,1.4612,103.831,C,Cloud to Cloud,2026-02-06T18:42:52.031+08:00
2026-02-07 11:58:19,2026-02-06T18:44:00+08:00,2026-02-06T18:46:02+08:00,1.4385,103.819,C,Cloud to Cloud,2026-02-06T18:42:52.032+08:00
2026-02-07 11:58:19,2026-02-06T18:44:00+08:00,2026-02-06T18:46:02+08:00,1.4477,103.8227,C,Cloud to Cloud,2026-02-06T18:42:52.032+08:00
2026-02-07 11:58:19,2026-02-06T18:44:00+08:00,2026-02-06T18:46:02+08:00,1.4483,103.8215,C,Cloud to Cloud,2026-02-06T18:42:52.032+08:00
2026-02-07 11:58:19,2026-02-06T18:44:00+08:00,2026-02-06T18:46:02+08:00,1.451,103.8148,C,Cloud to Cloud,2026-02-06T18:42:52.032+08:00
2026-02-07 11:58:19,2026-02-06T18:44:00+08:00,2026-02-06T18:46:02+08:00,1.4508,103.8151,C,Cloud to Cloud,2026-02-06T18:42:52.032+08:00
2026-02-07 11:58:19,2026-02-06T18:44:00+08:00,2026-02-06T18:46:02+08:00,1.4249,103.7974,C,Cloud to Cloud,2026-02-06T18:42:52.032+08:00
2026-02-07 11:58:19,2026-02-06T18:44:00+08:00,2026-02-06T18:46:02+08:00,1.4043,103.8076,C,Cloud to Cloud,2026-02-06T18:42:52.033+08:00
2026-02-07 11:58:19,2026-02-06T18:44:00+08:00,2026-02-06T18:46:02+08:00,1.4029,103.808,C,Cloud to Cloud,2026-02-06T18:42:52.034+08:00
2026-02-07 11:58:19,2026-02-06T18:44:00+08:00,2026-02-06T18:46:02+08:00,1.4217,103.7978,C,Cloud to Cloud,2026-02-06T18:42:52.034+08:00
2026-02-07 11:58:19,2026-02-06T18:44:00+08:00,2026-02-06T18:46:02+08:00,1.4188,103.7984,C,Cloud to Cloud,2026-02-06T18:42:52.034+08:00
2026-02-07 11:58:19,2026-02-06T18:44:00+08:00,2026-02-06T18:46:02+08:00,1.4197,103.7984,C,Cloud to Cloud,2026-02-06T18:42:52.035+08:00
2026-02-07 11:58:19,2026-02-06T18:44:00+08:00,2026-02-06T18:46:02+08:00,1.4134,103.795,C,Cloud to Cloud,2026-02-06T18:42:52.035+08:00
2026-02-07 11:58:19,2026-02-06T18:44:00+08:00,2026-02-06T18:46:02+08:00,1.466,103.8184,C,Cloud to Cloud,2026-02-06T18:42:52.035+08:00
2026-02-07 11:58:19,2026-02-06T18:44:00+08:00,2026-02-06T18:46:02+08:00,1.4218,103.7981,C,Cloud to Cloud,2026-02-06T18:42:52.035+08:00
2026-02-07 11:58:19,2026-02-06T18:44:00+08:00,2026-02-06T18:46:02+08:00,1.4186,103.7974,C,Cloud to Cloud,2026-02-06T18:42:52.035+08:00
2026-02-07 11:58:19,2026-02-06T18:44:00+08:00,2026-02-06T18:46:02+08:00,1.4165,103.7968,C,Cloud to Cloud,2026-02-06T18:42:52.036+08:00
2026-02-07 11:58:19,2026-02-06T18:44:00+08:00,2026-02-06T18:46:02+08:00,1.4155,103.796,C,Cloud to Cloud,2026-02-06T18:42:52.037+08:00
2026-02-07 11:58:19,2026-02-06T18:44:00+08:00,2026-02-06T18:46:02+08:00,1.4161,103.7942,C,Cloud to Cloud,2026-02-06T18:42:52.037+08:00
2026-02-07 11:58:19,2026-02-06T18:44:00+08:00,2026-02-06T18:46:02+08:00,1.4171,103.7953,C,Cloud to Cloud,2026-02-06T18:42:52.037+08:00
2026-02-07 11:58:19,2026-02-06T18:44:00+08:00,2026-02-06T18:46:02+08:00,1.4152,103.7953,C,Cloud to Cloud,2026-02-06T18:42:52.037+08:00
2026-02-07 11:58:19,2026-02-06T18:44:00+08:00,2026-02-06T18:46:02+08:00,1.4226,103.7943,C,Cloud to Cloud,2026-02-06T18:42:52.037+08:00
2026-02-07 11:58:19,2026-02-06T18:44:00+08:00,2026-02-06T18:46:02+08:00,1.4215,103.7932,C,Cloud to Cloud,2026-02-06T18:42:52.037+08:00
2026-02-07 11:58:19,2026-02-06T18:44:00+08:00,2026-02-06T18:46:02+08:00,1.4187,103.794,C,Cloud to Cloud,2026-02-06T18:42:52.038+08:00
2026-02-07 11:58:19,2026-02-06T18:44:00+08:00,2026-02-06T18:46:02+08:00,1.4313,103.7988,C,Cloud to Cloud,2026-02-06T18:42:52.038+08:00
2026-02-07 11:58:19,2026-02-06T18:44:00+08:00,2026-02-06T18:46:02+08:00,1.4163,103.7947,C,Cloud to Cloud,2026-02-06T18:42:52.038+08:00
2026-02-07 11:58:19,2026-02-06T18:44:00+08:00,2026-02-06T18:46:02+08:00,1.4169,103.7928,C,Cloud to Cloud,2026-02-06T18:42:52.038+08:00
2026-02-07 11:58:19,2026-02-06T18:44:00+08:00,2026-02-06T18:46:02+08:00,1.4163,103.7925,C,Cloud to Cloud,2026-02-06T18:42:52.039+08:00
2026-02-07 11:58:19,2026-02-06T18:44:00+08:00,2026-02-06T18:46:02+08:00,1.418,103.792,C,Cloud to Cloud,2026-02-06T18:42:52.039+08:00
2026-02-07 11:58:19,2026-02-06T18:44:00+08:00,2026-02-06T18:46:02+08:00,1.4205,103.7912,C,Cloud to Cloud,2026-02-06T18:42:52.039+08:00
2026-02-07 11:58:19,2026-02-06T18:44:00+08:00,2026-02-06T18:46:02+08:00,1.4199,103.7922,C,Cloud to Cloud,2026-02-06T18:42:52.039+08:00
2026-02-07 11:58:19,2026-02-06T18:44:00+08:00,2026-02-06T18:46:02+08:00,1.4182,103.7925,C,Cloud to Cloud,2026-02-06T18:42:52.04+08:00
2026-02-07 11:58:19,2026-02-06T18:44:00+08:00,2026-02-06T18:46:02+08:00,1.4205,103.7904,C,Cloud to Cloud,2026-02-06T18:42:52.04+08:00
2026-02-07 11:58:19,2026-02-06T18:44:00+08:00,2026-02-06T18:46:02+08:00,1.4234,103.7914,C,Cloud to Cloud,2026-02-06T18:42:52.04+08:00
2026-02-07 11:58:19,2026-02-06T18:44:00+08:00,2026-02-06T18:46:02+08:00,1.4111,103.7836,C,Cloud to Cloud,2026-02-06T18:42:52.04+08:00
2026-02-07 11:58:19,2026-02-06T18:44:00+08:00,2026-02-06T18:46:02+08:00,1.4275,103.7865,C,Cloud to Cloud,2026-02-06T18:42:52.041+08:00
2026-02-07 11:58:19,2026-02-06T18:44:00+08:00,2026-02-06T18:46:02+08:00,1.4067,103.7796,C,Cloud to Cloud,2026-02-06T18:42:52.044+08:00
2026-02-07 11:58:19,2026-02-06T18:44:00+08:00,2026-02-06T18:46:02+08:00,1.4228,103.7804,C,Cloud to Cloud,2026-02-06T18:42:52.045+08:00
2026-02-07 11:58:19,2026-02-06T18:44:00+08:00,2026-02-06T18:46:02+08:00,1.4658,103.8721,C,Cloud to Cloud,2026-02-06T18:42:52.112+08:00
2026-02-07 11:58:19,2026-02-06T18:44:00+08:00,2026-02-06T18:46:02+08:00,1.4674,103.8741,C,Cloud to Cloud,2026-02-06T18:42:52.126+08:00
2026-02-07 11:58:19,2026-02-06T18:44:00+08:00,2026-02-06T18:46:02+08:00,1.4382,103.9044,C,Cloud to Cloud,2026-02-06T18:42:52.138+08:00
2026-02-07 11:58:19,2026-02-06T18:44:00+08:00,2026-02-06T18:46:02+08:00,1.459,103.8812,C,Cloud to Cloud,2026-02-06T18:42:52.157+08:00
2026-02-07 11:58:19,2026-02-06T18:44:00+08:00,2026-02-06T18:46:02+08:00,1.4643,103.8796,C,Cloud to Cloud,2026-02-06T18:42:52.157+08:00
2026-02-07 11:58:19,2026-02-06T18:44:00+08:00,2026-02-06T18:46:02+08:00,1.4018,103.8772,C,Cloud to Cloud,2026-02-06T18:42:52.157+08:00
2026-02-07 11:58:19,2026-02-06T18:44:00+08:00,2026-02-06T18:46:02+08:00,1.4675,103.8799,C,Cloud to Cloud,2026-02-06T18:42:52.157+08:00
2026-02-07 11:58:19,2026-02-06T18:44:00+08:00,2026-02-06T18:46:02+08:00,1.4673,103.8794,C,Cloud to Cloud,2026-02-06T18:42:52.157+08:00
2026-02-07 11:58:19,2026-02-06T18:44:00+08:00,2026-02-06T18:46:02+08:00,1.4711,103.8796,C,Cloud to Cloud,2026-02-06T18:42:52.158+08:00
2026-02-07 11:58:19,2026-02-06T18:44:00+08:00,2026-02-06T18:46:02+08:00,1.4706,103.8871,C,Cloud to Cloud,2026-02-06T18:42:52.158+08:00
2026-02-07 11:58:19,2026-02-06T18:44:00+08:00,2026-02-06T18:46:02+08:00,1.4527,103.8774,C,Cloud to Cloud,2026-02-06T18:42:52.166+08:00
2026-02-07 11:58:19,2026-02-06T18:44:00+08:00,2026-02-06T18:46:02+08:00,1.4448,103.8852,C,Cloud to Cloud,2026-02-06T18:42:52.181+08:00
2026-02-07 11:58:19,2026-02-06T18:44:00+08:00,2026-02-06T18:46:02+08:00,1.4552,103.8791,C,Cloud to Cloud,2026-02-06T18:42:52.181+08:00
2026-02-07 11:58:19,2026-02-06T18:44:00+08:00,2026-02-06T18:46:02+08:00,1.4828,103.8789,C,Cloud to Cloud,2026-02-06T18:42:52.181+08:00
2026-02-07 11:58:19,2026-02-06T18:44:00+08:00,2026-02-06T18:46:02+08:00,1.4647,103.8794,C,Cloud to Cloud,2026-02-06T18:42:52.181+08:00
2026-02-07 11:58:19,2026-02-06T18:44:00+08:00,2026-02-06T18:46:02+08:00,1.4705,103.8805,C,Cloud to Cloud,2026-02-06T18:42:52.206+08:00
2026-02-07 11:58:19,2026-02-06T18:44:00+08:00,2026-02-06T18:46:02+08:00,1.4582,103.8766,C,Cloud to Cloud,2026-02-06T18:42:52.206+08:00
2026-02-07 11:58:19,2026-02-06T18:44:00+08:00,2026-02-06T18:46:02+08:00,1.4731,103.8837,C,Cloud to Cloud,2026-02-06T18:42:52.206+08:00
2026-02-07 11:58:19,2026-02-06T18:44:00+08:00,2026-02-06T18:46:02+08:00,1.4661,103.8834,C,Cloud to Cloud,2026-02-06T18:42:52.207+08:00
2026-02-07 11:58:19,2026-02-06T18:44:00+08:00,2026-02-06T18:46:02+08:00,1.4655,103.8877,C,Cloud to Cloud,2026-02-06T18:42:52.207+08:00
2026-02-07 11:58:19,2026-02-06T18:44:00+08:00,2026-02-06T18:46:02+08:00,1.4725,103.8946,C,Cloud to Cloud,2026-02-06T18:42:52.207+08:00
2026-02-07 11:58:19,2026-02-06T18:44:00+08:00,2026-02-06T18:46:02+08:00,1.473,103.8946,C,Cloud to Cloud,2026-02-06T18:42:52.207+08:00
2026-02-07 11:58:19,2026-02-06T18:44:00+08:00,2026-02-06T18:46:02+08:00,1.4767,103.8937,C,Cloud to Cloud,2026-02-06T18:42:52.207+08:00
2026-02-07 11:58:19,2026-02-06T18:44:00+08:00,2026-02-06T18:46:02+08:00,1.4746,103.8955,C,Cloud to Cloud,2026-02-06T18:42:52.207+08:00
2026-02-07 11:58:19,2026-02-06T18:44:00+08:00,2026-02-06T18:46:02+08:00,1.4436,103.8866,C,Cloud to Cloud,2026-02-06T18:42:52.208+08:00
2026-02-07 11:58:19,2026-02-06T18:44:00+08:00,2026-02-06T18:46:02+08:00,1.4239,103.9252,C,Cloud to Cloud,2026-02-06T18:42:52.223+08:00
2026-02-07 11:58:19,2026-02-06T18:44:00+08:00,2026-02-06T18:46:02+08:00,1.4261,103.9196,C,Cloud to Cloud,2026-02-06T18:42:52.223+08:00
2026-02-07 11:58:19,2026-02-06T18:44:00+08:00,2026-02-06T18:46:02+08:00,1.4313,103.9148,C,Cloud to Cloud,2026-02-06T18:42:52.223+08:00
2026-02-07 11:58:19,2026-02-06T18:44:00+08:00,2026-02-06T18:46:02+08:00,1.4462,103.914,C,Cloud to Cloud,2026-02-06T18:42:52.223+08:00
2026-02-07 11:58:19,2026-02-06T18:44:00+08:00,2026-02-06T18:46:02+08:00,1.4503,103.9051,C,Cloud to Cloud,2026-02-06T18:42:52.223+08:00
2026-02-07 11:58:19,2026-02-06T18:44:00+08:00,2026-02-06T18:46:02+08:00,1.4565,103.8981,C,Cloud to Cloud,2026-02-06T18:42:52.223+08:00
2026-02-07 11:58:19,2026-02-06T18:40:00+08:00,2026-02-06T18:42:03+08:00,1.4783,103.9023,C,Cloud to Cloud,2026-02-06T18:39:25.014+08:00
2026-02-07 11:58:19,2026-02-06T18:40:00+08:00,2026-02-06T18:42:03+08:00,1.4788,103.9026,C,Cloud to Cloud,2026-02-06T18:39:25.014+08:00
2026-02-07 11:58:19,2026-02-06T18:40:00+08:00,2026-02-06T18:42:03+08:00,1.4805,103.9007,C,Cloud to Cloud,2026-02-06T18:39:25.014+08:00
2026-02-07 11:58:19,2026-02-06T18:40:00+08:00,2026-02-06T18:42:03+08:00,1.4801,103.8995,C,Cloud to Cloud,2026-02-06T18:39:25.015+08:00
2026-02-07 11:58:19,2026-02-06T18:40:00+08:00,2026-02-06T18:42:03+08:00,1.4807,103.899,C,Cloud to Cloud,2026-02-06T18:39:25.015+08:00
2026-02-07 11:58:19,2026-02-06T18:40:00+08:00,2026-02-06T18:42:03+08:00,1.4817,103.8982,C,Cloud to Cloud,2026-02-06T18:39:25.015+08:00
2026-02-07 11:58:19,2026-02-06T18:40:00+08:00,2026-02-06T18:42:03+08:00,1.4534,103.866,C,Cloud to Cloud,2026-02-06T18:39:25.015+08:00
2026-02-07 11:58:19,2026-02-06T18:40:00+08:00,2026-02-06T18:42:03+08:00,1.481,103.8998,C,Cloud to Cloud,2026-02-06T18:39:25.015+08:00
2026-02-07 11:58:19,2026-02-06T18:40:00+08:00,2026-02-06T18:42:03+08:00,1.4812,103.9023,C,Cloud to Cloud,2026-02-06T18:39:25.015+08:00
2026-02-07 11:58:19,2026-02-06T18:40:00+08:00,2026-02-06T18:42:03+08:00,1.4796,103.8993,C,Cloud to Cloud,2026-02-06T18:39:25.015+08:00
2026-02-07 11:58:19,2026-02-06T18:40:00+08:00,2026-02-06T18:42:03+08:00,1.451,103.867,C,Cloud to Cloud,2026-02-06T18:39:25.015+08:00
2026-02-07 11:58:19,2026-02-06T18:40:00+08:00,2026-02-06T18:42:03+08:00,1.4819,103.9035,C,Cloud to Cloud,2026-02-06T18:39:25.015+08:00
2026-02-07 11:58:19,2026-02-06T18:40:00+08:00,2026-02-06T18:42:03+08:00,1.4815,103.9027,C,Cloud to Cloud,2026-02-06T18:39:25.016+08:00
2026-02-07 11:58:19,2026-02-06T18:40:00+08:00,2026-02-06T18:42:03+08:00,1.4828,103.9018,C,Cloud to Cloud,2026-02-06T18:39:25.016+08:00
2026-02-07 11:58:19,2026-02-06T18:40:00+08:00,2026-02-06T18:42:03+08:00,1.4661,103.8913,C,Cloud to Cloud,2026-02-06T18:39:25.016+08:00
2026-02-07 11:58:19,2026-02-06T18:40:00+08:00,2026-02-06T18:42:03+08:00,1.4689,103.8873,C,Cloud to Cloud,2026-02-06T18:39:25.016+08:00
2026-02-07 11:58:19,2026-02-06T18:40:00+08:00,2026-02-06T18:42:03+08:00,1.4641,103.8866,C,Cloud to Cloud,2026-02-06T18:39:25.016+08:00
2026-02-07 11:58:19,2026-02-06T18:40:00+08:00,2026-02-06T18:42:03+08:00,1.4822,103.9033,C,Cloud to Cloud,2026-02-06T18:39:25.016+08:00
2026-02-07 11:58:19,2026-02-06T18:40:00+08:00,2026-02-06T18:42:03+08:00,1.4811,103.9011,C,Cloud to Cloud,2026-02-06T18:39:25.016+08:00
2026-02-07 11:58:19,2026-02-06T18:40:00+08:00,2026-02-06T18:42:03+08:00,1.4653,103.8918,C,Cloud to Cloud,2026-02-06T18:39:25.016+08:00
2026-02-07 11:58:19,2026-02-06T18:40:00+08:00,2026-02-06T18:42:03+08:00,1.4817,103.9008,C,Cloud to Cloud,2026-02-06T18:39:25.016+08:00
2026-02-07 11:58:19,2026-02-06T18:40:00+08:00,2026-02-06T18:42:03+08:00,1.4664,103.8927,C,Cloud to Cloud,2026-02-06T18:39:25.016+08:00
2026-02-07 11:58:19,2026-02-06T18:40:00+08:00,2026-02-06T18:42:03+08:00,1.4832,103.9055,C,Cloud to Cloud,2026-02-06T18:39:25.016+08:00
2026-02-07 11:58:19,2026-02-06T18:40:00+08:00,2026-02-06T18:42:03+08:00,1.4833,103.9054,C,Cloud to Cloud,2026-02-06T18:39:25.016+08:00
2026-02-07 11:58:19,2026-02-06T18:40:00+08:00,2026-02-06T18:42:03+08:00,1.4753,103.8918,C,Cloud to Cloud,2026-02-06T18:39:25.016+08:00
2026-02-07 11:58:19,2026-02-06T18:40:00+08:00,2026-02-06T18:42:03+08:00,1.483,103.9026,C,Cloud to Cloud,2026-02-06T18:39:25.016+08:00
2026-02-07 11:58:19,2026-02-06T18:40:00+08:00,2026-02-06T18:42:03+08:00,1.4824,103.903,C,Cloud to Cloud,2026-02-06T18:39:25.016+08:00
2026-02-07 11:58:19,2026-02-06T18:40:00+08:00,2026-02-06T18:42:03+08:00,1.4834,103.9022,C,Cloud to Cloud,2026-02-06T18:39:25.017+08:00
2026-02-07 11:58:19,2026-02-06T18:40:00+08:00,2026-02-06T18:42:03+08:00,1.4855,103.9141,C,Cloud to Cloud,2026-02-06T18:39:25.017+08:00
2026-02-07 11:58:19,2026-02-06T18:40:00+08:00,2026-02-06T18:42:03+08:00,1.4815,103.901,C,Cloud to Cloud,2026-02-06T18:39:25.017+08:00
2026-02-07 11:58:19,2026-02-06T18:40:00+08:00,2026-02-06T18:42:03+08:00,1.4846,103.9019,C,Cloud to Cloud,2026-02-06T18:39:25.017+08:00
2026-02-07 11:58:19,2026-02-06T18:40:00+08:00,2026-02-06T18:42:03+08:00,1.4832,103.8984,C,Cloud to Cloud,2026-02-06T18:39:25.017+08:00
2026-02-07 11:58:19,2026-02-06T18:40:00+08:00,2026-02-06T18:42:03+08:00,1.4841,103.9024,C,Cloud to Cloud,2026-02-06T18:39:25.017+08:00
2026-02-07 11:58:19,2026-02-06T18:40:00+08:00,2026-02-06T18:42:03+08:00,1.4863,103.9002,C,Cloud to Cloud,2026-02-06T18:39:25.017+08:00
2026-02-07 11:58:19,2026-02-06T18:40:00+08:00,2026-02-06T18:42:03+08:00,1.4822,103.904,C,Cloud to Cloud,2026-02-06T18:39:25.017+08:00
2026-02-07 11:58:19,2026-02-06T18:40:00+08:00,2026-02-06T18:42:03+08:00,1.4809,103.9011,C,Cloud to Cloud,2026-02-06T18:39:25.017+08:00
2026-02-07 11:58:19,2026-02-06T18:40:00+08:00,2026-02-06T18:42:03+08:00,1.4881,103.9003,C,Cloud to Cloud,2026-02-06T18:39:25.018+08:00
2026-02-07 11:58:19,2026-02-06T18:40:00+08:00,2026-02-06T18:42:03+08:00,1.4875,103.9002,C,Cloud to Cloud,2026-02-06T18:39:25.018+08:00
2026-02-07 11:58:19,2026-02-06T18:40:00+08:00,2026-02-06T18:42:03+08:00,1.4829,103.9038,C,Cloud to Cloud,2026-02-06T18:39:25.018+08:00
2026-02-07 11:58:19,2026-02-06T18:40:00+08:00,2026-02-06T18:42:03+08:00,1.484,103.9041,C,Cloud to Cloud,2026-02-06T18:39:25.018+08:00
2026-02-07 11:58:19,2026-02-06T18:40:00+08:00,2026-02-06T18:42:03+08:00,1.4873,103.8984,C,Cloud to Cloud,2026-02-06T18:39:25.018+08:00
2026-02-07 11:58:19,2026-02-06T18:40:00+08:00,2026-02-06T18:42:03+08:00,1.4844,103.8966,C,Cloud to Cloud,2026-02-06T18:39:25.018+08:00
2026-02-07 11:58:19,2026-02-06T18:40:00+08:00,2026-02-06T18:42:03+08:00,1.4841,103.896,C,Cloud to Cloud,2026-02-06T18:39:25.018+08:00
2026-02-07 11:58:19,2026-02-06T18:40:00+08:00,2026-02-06T18:42:03+08:00,1.4818,103.8956,C,Cloud to Cloud,2026-02-06T18:39:25.018+08:00
2026-02-07 11:58:19,2026-02-06T18:40:00+08:00,2026-02-06T18:42:03+08:00,1.4795,103.893,C,Cloud to Cloud,2026-02-06T18:39:25.018+08:00
2026-02-07 11:58:19,2026-02-06T18:40:00+08:00,2026-02-06T18:42:03+08:00,1.5011,103.9197,C,Cloud to Cloud,2026-02-06T18:39:25.018+08:00
2026-02-07 11:58:19,2026-02-06T18:40:00+08:00,2026-02-06T18:42:03+08:00,1.4796,103.8988,C,Cloud to Cloud,2026-02-06T18:39:25.018+08:00
2026-02-07 11:58:19,2026-02-06T18:40:00+08:00,2026-02-06T18:42:03+08:00,1.487,103.8978,C,Cloud to Cloud,2026-02-06T18:39:25.019+08:00
2026-02-07 11:58:19,2026-02-06T18:40:00+08:00,2026-02-06T18:42:03+08:00,1.4828,103.8964,C,Cloud to Cloud,2026-02-06T18:39:25.019+08:00
2026-02-07 11:58:19,2026-02-06T18:40:00+08:00,2026-02-06T18:42:03+08:00,1.4844,103.8964,C,Cloud to Cloud,2026-02-06T18:39:25.019+08:00
2026-02-07 11:58:19,2026-02-06T18:40:00+08:00,2026-02-06T18:42:03+08:00,1.4833,103.9004,C,Cloud to Cloud,2026-02-06T18:39:25.019+08:00
2026-02-07 11:58:19,2026-02-06T18:40:00+08:00,2026-02-06T18:42:03+08:00,1.4869,103.8972,C,Cloud to Cloud,2026-02-06T18:39:25.019+08:00
2026-02-07 11:58:19,2026-02-06T18:40:00+08:00,2026-02-06T18:42:03+08:00,1.4871,103.8962,C,Cloud to Cloud,2026-02-06T18:39:25.019+08:00
2026-02-07 11:58:19,2026-02-06T18:40:00+08:00,2026-02-06T18:42:03+08:00,1.485,103.897,C,Cloud to Cloud,2026-02-06T18:39:25.019+08:00
2026-02-07 11:58:19,2026-02-06T18:40:00+08:00,2026-02-06T18:42:03+08:00,1.4829,103.897,C,Cloud to Cloud,2026-02-06T18:39:25.019+08:00
2026-02-07 11:58:19,2026-02-06T18:40:00+08:00,2026-02-06T18:42:03+08:00,1.4813,103.8979,C,Cloud to Cloud,2026-02-06T18:39:25.019+08:00
2026-02-07 11:58:19,2026-02-06T18:40:00+08:00,2026-02-06T18:42:03+08:00,1.4797,103.8965,C,Cloud to Cloud,2026-02-06T18:39:25.019+08:00
2026-02-07 11:58:19,2026-02-06T18:40:00+08:00,2026-02-06T18:42:03+08:00,1.4781,103.9018,C,Cloud to Cloud,2026-02-06T18:39:25.02+08:00
2026-02-07 11:58:19,2026-02-06T18:40:00+08:00,2026-02-06T18:42:03+08:00,1.4875,103.8932,C,Cloud to Cloud,2026-02-06T18:39:25.02+08:00
2026-02-07 11:58:19,2026-02-06T18:40:00+08:00,2026-02-06T18:42:03+08:00,1.4832,103.8974,C,Cloud to Cloud,2026-02-06T18:39:25.02+08:00
2026-02-07 11:58:19,2026-02-06T18:40:00+08:00,2026-02-06T18:42:03+08:00,1.4869,103.898,C,Cloud to Cloud,2026-02-06T18:39:25.02+08:00
2026-02-07 11:58:19,2026-02-06T18:40:00+08:00,2026-02-06T18:42:03+08:00,1.4869,103.898,C,Cloud to Cloud,2026-02-06T18:39:25.02+08:00
2026-02-07 11:58:19,2026-02-06T18:40:00+08:00,2026-02-06T18:42:03+08:00,1.4842,103.8956,C,Cloud to Cloud,2026-02-06T18:39:25.02+08:00
2026-02-07 11:58:19,2026-02-06T18:40:00+08:00,2026-02-06T18:42:03+08:00,1.4847,103.8932,C,Cloud to Cloud,2026-02-06T18:39:25.02+08:00
2026-02-07 11:58:19,2026-02-06T18:40:00+08:00,2026-02-06T18:42:03+08:00,1.4897,103.894,C,Cloud to Cloud,2026-02-06T18:39:25.02+08:00
2026-02-07 11:58:19,2026-02-06T18:40:00+08:00,2026-02-06T18:42:03+08:00,1.4878,103.8982,C,Cloud to Cloud,2026-02-06T18:39:25.02+08:00
2026-02-07 11:58:19,2026-02-06T18:40:00+08:00,2026-02-06T18:42:03+08:00,1.4822,103.8822,C,Cloud to Cloud,2026-02-06T18:39:25.021+08:00
2026-02-07 11:58:19,2026-02-06T18:40:00+08:00,2026-02-06T18:42:03+08:00,1.4827,103.884,C,Cloud to Cloud,2026-02-06T18:39:25.021+08:00
2026-02-07 11:58:19,2026-02-06T18:40:00+08:00,2026-02-06T18:42:03+08:00,1.4799,103.8761,C,Cloud to Cloud,2026-02-06T18:39:25.021+08:00
2026-02-07 11:58:19,2026-02-06T18:40:00+08:00,2026-02-06T18:42:03+08:00,1.4789,103.882,C,Cloud to Cloud,2026-02-06T18:39:25.021+08:00
2026-02-07 11:58:19,2026-02-06T18:40:00+08:00,2026-02-06T18:42:03+08:00,1.4767,103.88,C,Cloud to Cloud,2026-02-06T18:39:25.021+08:00
2026-02-07 11:58:19,2026-02-06T18:40:00+08:00,2026-02-06T18:42:03+08:00,1.4824,103.8892,C,Cloud to Cloud,2026-02-06T18:39:25.024+08:00
2026-02-07 11:58:19,2026-02-06T18:40:00+08:00,2026-02-06T18:42:03+08:00,1.4824,103.8892,C,Cloud to Cloud,2026-02-06T18:39:25.024+08:00
2026-02-07 11:58:19,2026-02-06T18:40:00+08:00,2026-02-06T18:42:03+08:00,1.4845,103.8976,C,Cloud to Cloud,2026-02-06T18:39:25.024+08:00
2026-02-07 11:58:19,2026-02-06T18:40:00+08:00,2026-02-06T18:42:03+08:00,1.4833,103.8933,C,Cloud to Cloud,2026-02-06T18:39:25.024+08:00
2026-02-07 11:58:19,2026-02-06T18:40:00+08:00,2026-02-06T18:42:03+08:00,1.4781,103.8982,C,Cloud to Cloud,2026-02-06T18:39:25.024+08:00
2026-02-07 11:58:19,2026-02-06T18:40:00+08:00,2026-02-06T18:42:03+08:00,1.4748,103.9019,C,Cloud to Cloud,2026-02-06T18:39:25.025+08:00
2026-02-07 11:58:19,2026-02-06T18:40:00+08:00,2026-02-06T18:42:03+08:00,1.4949,103.8887,C,Cloud to Cloud,2026-02-06T18:39:25.025+08:00
2026-02-07 11:58:19,2026-02-06T18:40:00+08:00,2026-02-06T18:42:03+08:00,1.4847,103.8944,C,Cloud to Cloud,2026-02-06T18:39:25.025+08:00
2026-02-07 11:58:19,2026-02-06T18:40:00+08:00,2026-02-06T18:42:03+08:00,1.4788,103.8927,C,Cloud to Cloud,2026-02-06T18:39:25.025+08:00
2026-02-07 11:58:19,2026-02-06T18:40:00+08:00,2026-02-06T18:42:03+08:00,1.4855,103.8935,C,Cloud to Cloud,2026-02-06T18:39:25.025+08:00
2026-02-07 11:58:19,2026-02-06T18:40:00+08:00,2026-02-06T18:42:03+08:00,1.4848,103.8891,C,Cloud to Cloud,2026-02-06T18:39:25.025+08:00
2026-02-07 11:58:19,2026-02-06T18:40:00+08:00,2026-02-06T18:42:03+08:00,1.4869,103.8926,C,Cloud to Cloud,2026-02-06T18:39:25.025+08:00
2026-02-07 11:58:19,2026-02-06T18:40:00+08:00,2026-02-06T18:42:03+08:00,1.476,103.8945,C,Cloud to Cloud,2026-02-06T18:39:25.025+08:00
2026-02-07 11:58:19,2026-02-06T18:40:00+08:00,2026-02-06T18:42:03+08:00,1.4827,103.8838,C,Cloud to Cloud,2026-02-06T18:39:25.026+08:00
2026-02-07 11:58:19,2026-02-06T18:40:00+08:00,2026-02-06T18:42:03+08:00,1.4833,103.8827,C,Cloud to Cloud,2026-02-06T18:39:25.026+08:00
2026-02-07 11:58:19,2026-02-06T18:40:00+08:00,2026-02-06T18:42:03+08:00,1.4865,103.8907,C,Cloud to Cloud,2026-02-06T18:39:25.026+08:00
2026-02-07 11:58:19,2026-02-06T18:40:00+08:00,2026-02-06T18:42:03+08:00,1.4883,103.8871,C,Cloud to Cloud,2026-02-06T18:39:25.026+08:00
2026-02-07 11:58:19,2026-02-06T18:40:00+08:00,2026-02-06T18:42:03+08:00,1.4818,103.8832,C,Cloud to Cloud,2026-02-06T18:39:25.026+08:00
2026-02-07 11:58:19,2026-02-06T18:40:00+08:00,2026-02-06T18:42:03+08:00,1.4784,103.8842,C,Cloud to Cloud,2026-02-06T18:39:25.026+08:00
2026-02-07 11:58:19,2026-02-06T18:40:00+08:00,2026-02-06T18:42:03+08:00,1.4797,103.8823,C,Cloud to Cloud,2026-02-06T18:39:25.026+08:00
2026-02-07 11:58:19,2026-02-06T18:40:00+08:00,2026-02-06T18:42:03+08:00,1.4789,103.8807,C,Cloud to Cloud,2026-02-06T18:39:25.027+08:00
2026-02-07 11:58:19,2026-02-06T18:40:00+08:00,2026-02-06T18:42:03+08:00,1.4862,103.8861,C,Cloud to Cloud,2026-02-06T18:39:25.027+08:00
2026-02-07 11:58:19,2026-02-06T18:40:00+08:00,2026-02-06T18:42:03+08:00,1.4877,103.8865,C,Cloud to Cloud,2026-02-06T18:39:25.027+08:00
2026-02-07 11:58:19,2026-02-06T18:40:00+08:00,2026-02-06T18:42:03+08:00,1.4785,103.8843,C,Cloud to Cloud,2026-02-06T18:39:25.027+08:00
2026-02-07 11:58:19,2026-02-06T18:40:00+08:00,2026-02-06T18:42:03+08:00,1.4753,103.8758,C,Cloud to Cloud,2026-02-06T18:39:25.027+08:00
2026-02-07 11:58:19,2026-02-06T18:40:00+08:00,2026-02-06T18:42:03+08:00,1.4758,103.8745,C,Cloud to Cloud,2026-02-06T18:39:25.028+08:00
2026-02-07 11:58:19,2026-02-06T18:40:00+08:00,2026-02-06T18:42:03+08:00,1.4733,103.8775,C,Cloud to Cloud,2026-02-06T18:39:25.028+08:00
2026-02-07 11:58:19,2026-02-06T18:40:00+08:00,2026-02-06T18:42:03+08:00,1.4777,103.8759,C,Cloud to Cloud,2026-02-06T18:39:25.028+08:00
2026-02-07 11:58:19,2026-02-06T18:40:00+08:00,2026-02-06T18:42:03+08:00,1.4749,103.8888,C,Cloud to Cloud,2026-02-06T18:39:25.028+08:00
2026-02-07 11:58:19,2026-02-06T18:40:00+08:00,2026-02-06T18:42:03+08:00,1.4762,103.8834,C,Cloud to Cloud,2026-02-06T18:39:25.028+08:00
2026-02-07 11:58:19,2026-02-06T18:40:00+08:00,2026-02-06T18:42:03+08:00,1.4818,103.8849,C,Cloud to Cloud,2026-02-06T18:39:25.028+08:00
2026-02-07 11:58:19,2026-02-06T18:40:00+08:00,2026-02-06T18:42:03+08:00,1.4777,103.8844,C,Cloud to Cloud,2026-02-06T18:39:25.028+08:00
2026-02-07 11:58:19,2026-02-06T18:40:00+08:00,2026-02-06T18:42:03+08:00,1.4797,103.8779,C,Cloud to Cloud,2026-02-06T18:39:25.028+08:00
2026-02-07 11:58:19,2026-02-06T18:40:00+08:00,2026-02-06T18:42:03+08:00,1.481,103.8816,C,Cloud to Cloud,2026-02-06T18:39:25.029+08:00
2026-02-07 11:58:19,2026-02-06T18:40:00+08:00,2026-02-06T18:42:03+08:00,1.486,103.8826,C,Cloud to Cloud,2026-02-06T18:39:25.029+08:00
2026-02-07 11:58:19,2026-02-06T18:40:00+08:00,2026-02-06T18:42:03+08:00,1.4803,103.8833,C,Cloud to Cloud,2026-02-06T18:39:25.029+08:00
2026-02-07 11:58:19,2026-02-06T18:40:00+08:00,2026-02-06T18:42:03+08:00,1.5313,104.0175,C,Cloud to Cloud,2026-02-06T18:39:25.029+08:00
2026-02-07 11:58:19,2026-02-06T18:40:00+08:00,2026-02-06T18:42:03+08:00,1.4774,103.8774,C,Cloud to Cloud,2026-02-06T18:39:25.029+08:00
2026-02-07 11:58:19,2026-02-06T18:40:00+08:00,2026-02-06T18:42:03+08:00,1.4791,103.8786,C,Cloud to Cloud,2026-02-06T18:39:25.029+08:00
2026-02-07 11:58:19,2026-02-06T18:40:00+08:00,2026-02-06T18:42:03+08:00,1.4813,103.877,C,Cloud to Cloud,2026-02-06T18:39:25.03+08:00
2026-02-07 11:58:19,2026-02-06T18:40:00+08:00,2026-02-06T18:42:03+08:00,1.4794,103.8768,C,Cloud to Cloud,2026-02-06T18:39:25.03+08:00
2026-02-07 11:58:19,2026-02-06T18:40:00+08:00,2026-02-06T18:42:03+08:00,1.4803,103.8758,C,Cloud to Cloud,2026-02-06T18:39:25.03+08:00
2026-02-07 11:58:19,2026-02-06T18:40:00+08:00,2026-02-06T18:42:03+08:00,1.4802,103.872,C,Cloud to Cloud,2026-02-06T18:39:25.031+08:00
2026-02-07 11:58:19,2026-02-06T18:40:00+08:00,2026-02-06T18:42:03+08:00,1.5363,103.9358,C,Cloud to Cloud,2026-02-06T18:39:25.031+08:00
2026-02-07 11:58:19,2026-02-06T18:40:00+08:00,2026-02-06T18:42:03+08:00,1.5409,103.944,C,Cloud to Cloud,2026-02-06T18:39:25.031+08:00
2026-02-07 11:58:19,2026-02-06T18:40:00+08:00,2026-02-06T18:42:03+08:00,1.4802,103.8717,C,Cloud to Cloud,2026-02-06T18:39:25.031+08:00
2026-02-07 11:58:19,2026-02-06T18:40:00+08:00,2026-02-06T18:42:03+08:00,1.482,103.876,C,Cloud to Cloud,2026-02-06T18:39:25.031+08:00
2026-02-07 11:58:19,2026-02-06T18:40:00+08:00,2026-02-06T18:42:03+08:00,1.4985,103.8994,C,Cloud to Cloud,2026-02-06T18:39:25.033+08:00
2026-02-07 11:58:19,2026-02-06T18:40:00+08:00,2026-02-06T18:42:03+08:00,1.4985,103.8994,C,Cloud to Cloud,2026-02-06T18:39:25.033+08:00
2026-02-07 11:58:19,2026-02-06T18:40:00+08:00,2026-02-06T18:42:03+08:00,1.4871,103.8849,C,Cloud to Cloud,2026-02-06T18:39:25.034+08:00
2026-02-07 11:58:19,2026-02-06T18:40:00+08:00,2026-02-06T18:42:03+08:00,1.4841,103.8893,C,Cloud to Cloud,2026-02-06T18:39:25.034+08:00
2026-02-07 11:58:19,2026-02-06T18:40:00+08:00,2026-02-06T18:42:03+08:00,1.4797,103.8906,C,Cloud to Cloud,2026-02-06T18:39:25.036+08:00
2026-02-07 11:58:19,2026-02-06T18:40:00+08:00,2026-02-06T18:42:03+08:00,1.4797,103.8906,C,Cloud to Cloud,2026-02-06T18:39:25.036+08:00
2026-02-07 11:58:19,2026-02-06T18:40:00+08:00,2026-02-06T18:42:03+08:00,1.4843,103.883,C,Cloud to Cloud,2026-02-06T18:39:25.036+08:00
2026-02-07 11:58:19,2026-02-06T18:40:00+08:00,2026-02-06T18:42:03+08:00,1.4816,103.8878,C,Cloud to Cloud,2026-02-06T18:39:25.036+08:00
2026-02-07 11:58:19,2026-02-06T18:40:00+08:00,2026-02-06T18:42:03+08:00,1.4783,103.8851,C,Cloud to Cloud,2026-02-06T18:39:25.036+08:00
2026-02-07 11:58:19,2026-02-06T18:40:00+08:00,2026-02-06T18:42:03+08:00,1.4787,103.8858,C,Cloud to Cloud,2026-02-06T18:39:25.037+08:00
2026-02-07 11:58:19,2026-02-06T18:40:00+08:00,2026-02-06T18:42:03+08:00,1.4782,103.8862,C,Cloud to Cloud,2026-02-06T18:39:25.037+08:00
2026-02-07 11:58:19,2026-02-06T18:40:00+08:00,2026-02-06T18:42:03+08:00,1.4801,103.8945,C,Cloud to Cloud,2026-02-06T18:39:25.037+08:00
2026-02-07 11:58:19,2026-02-06T18:40:00+08:00,2026-02-06T18:42:03+08:00,1.4768,103.8919,C,Cloud to Cloud,2026-02-06T18:39:25.037+08:00
2026-02-07 11:58:19,2026-02-06T18:40:00+08:00,2026-02-06T18:42:03+08:00,1.4768,103.8919,C,Cloud to Cloud,2026-02-06T18:39:25.037+08:00
2026-02-07 11:58:19,2026-02-06T18:40:00+08:00,2026-02-06T18:42:03+08:00,1.4891,103.8988,C,Cloud to Cloud,2026-02-06T18:39:25.037+08:00
2026-02-07 11:58:19,2026-02-06T18:40:00+08:00,2026-02-06T18:42:03+08:00,1.4781,103.8929,C,Cloud to Cloud,2026-02-06T18:39:25.037+08:00
2026-02-07 11:58:19,2026-02-06T18:40:00+08:00,2026-02-06T18:42:03+08:00,1.485,103.9007,C,Cloud to Cloud,2026-02-06T18:39:25.037+08:00
2026-02-07 11:58:19,2026-02-06T18:40:00+08:00,2026-02-06T18:42:03+08:00,1.4777,103.8886,C,Cloud to Cloud,2026-02-06T18:39:25.038+08:00
2026-02-07 11:58:19,2026-02-06T18:40:00+08:00,2026-02-06T18:42:03+08:00,1.5469,103.8765,C,Cloud to Cloud,2026-02-06T18:39:25.038+08:00
2026-02-07 11:58:19,2026-02-06T18:40:00+08:00,2026-02-06T18:42:03+08:00,1.4761,103.8981,C,Cloud to Cloud,2026-02-06T18:39:25.038+08:00
2026-02-07 11:58:19,2026-02-06T18:40:00+08:00,2026-02-06T18:42:03+08:00,1.4852,103.8927,C,Cloud to Cloud,2026-02-06T18:39:25.039+08:00
2026-02-07 11:58:19,2026-02-06T18:40:00+08:00,2026-02-06T18:42:03+08:00,1.4852,103.8927,C,Cloud to Cloud,2026-02-06T18:39:25.039+08:00
2026-02-07 11:58:19,2026-02-06T18:40:00+08:00,2026-02-06T18:42:03+08:00,1.4762,103.8978,C,Cloud to Cloud,2026-02-06T18:39:25.04+08:00
2026-02-07 11:58:19,2026-02-06T18:40:00+08:00,2026-02-06T18:42:03+08:00,1.4762,103.8978,C,Cloud to Cloud,2026-02-06T18:39:25.04+08:00
2026-02-07 11:58:19,2026-02-06T18:40:00+08:00,2026-02-06T18:42:03+08:00,1.499,103.9016,C,Cloud to Cloud,2026-02-06T18:39:25.141+08:00
2026-02-07 11:58:19,2026-02-06T18:40:00+08:00,2026-02-06T18:42:03+08:00,1.5018,103.8988,C,Cloud to Cloud,2026-02-06T18:39:25.141+08:00
2026-02-07 11:58:19,2026-02-06T18:40:00+08:00,2026-02-06T18:42:03+08:00,1.506,103.9054,C,Cloud to Cloud,2026-02-06T18:39:25.142+08:00
2026-02-07 11:58:19,2026-02-06T18:40:00+08:00,2026-02-06T18:42:03+08:00,1.5331,103.8929,C,Cloud to Cloud,2026-02-06T18:39:25.147+08:00
2026-02-07 11:58:19,2026-02-06T18:40:00+08:00,2026-02-06T18:42:03+08:00,1.516,103.8873,C,Cloud to Cloud,2026-02-06T18:39:25.158+08:00
2026-02-07 11:58:19,2026-02-06T18:40:00+08:00,2026-02-06T18:42:03+08:00,1.516,103.8873,C,Cloud to Cloud,2026-02-06T18:39:25.158+08:00
2026-02-07 11:58:19,2026-02-06T18:40:00+08:00,2026-02-06T18:42:03+08:00,1.4945,103.8948,C,Cloud to Cloud,2026-02-06T18:39:25.165+08:00
2026-02-07 11:58:19,2026-02-06T18:40:00+08:00,2026-02-06T18:42:03+08:00,1.4928,103.8931,C,Cloud to Cloud,2026-02-06T18:39:25.165+08:00
2026-02-07 11:58:19,2026-02-06T18:40:00+08:00,2026-02-06T18:42:03+08:00,1.4868,103.8969,C,Cloud to Cloud,2026-02-06T18:39:25.165+08:00
2026-02-07 11:58:19,2026-02-06T18:40:00+08:00,2026-02-06T18:42:03+08:00,1.4932,103.8934,C,Cloud to Cloud,2026-02-06T18:39:25.186+08:00
2026-02-07 11:58:19,2026-02-06T18:40:00+08:00,2026-02-06T18:42:03+08:00,1.4929,103.8916,C,Cloud to Cloud,2026-02-06T18:39:25.186+08:00
2026-02-07 11:58:19,2026-02-06T18:40:00+08:00,2026-02-06T18:42:03+08:00,1.4899,103.892,C,Cloud to Cloud,2026-02-06T18:39:25.186+08:00
2026-02-07 11:58:19,2026-02-06T18:40:00+08:00,2026-02-06T18:42:03+08:00,1.49,103.8934,C,Cloud to Cloud,2026-02-06T18:39:25.186+08:00
2026-02-07 11:58:19,2026-02-06T18:40:00+08:00,2026-02-06T18:42:03+08:00,1.4822,103.8965,C,Cloud to Cloud,2026-02-06T18:39:25.186+08:00
2026-02-07 11:58:19,2026-02-06T18:38:00+08:00,2026-02-06T18:40:05+08:00,1.4968,103.9073,C,Cloud to Cloud,2026-02-06T18:36:22.137+08:00
2026-02-07 11:58:19,2026-02-06T18:38:00+08:00,2026-02-06T18:40:05+08:00,1.4982,103.907,C,Cloud to Cloud,2026-02-06T18:36:22.137+08:00
2026-02-07 11:58:19,2026-02-06T18:38:00+08:00,2026-02-06T18:40:05+08:00,1.4974,103.9092,C,Cloud to Cloud,2026-02-06T18:36:22.137+08:00
2026-02-07 11:58:19,2026-02-06T18:38:00+08:00,2026-02-06T18:40:05+08:00,1.4978,103.9049,C,Cloud to Cloud,2026-02-06T18:36:22.137+08:00
2026-02-07 11:58:19,2026-02-06T18:38:00+08:00,2026-02-06T18:40:05+08:00,1.4985,103.908,C,Cloud to Cloud,2026-02-06T18:36:22.137+08:00
2026-02-07 11:58:19,2026-02-06T18:38:00+08:00,2026-02-06T18:40:05+08:00,1.4779,103.9116,C,Cloud to Cloud,2026-02-06T18:36:22.137+08:00
2026-02-07 11:58:19,2026-02-06T18:38:00+08:00,2026-02-06T18:40:05+08:00,1.4987,103.9078,C,Cloud to Cloud,2026-02-06T18:36:22.137+08:00
2026-02-07 11:58:19,2026-02-06T18:38:00+08:00,2026-02-06T18:40:05+08:00,1.497,103.9082,C,Cloud to Cloud,2026-02-06T18:36:22.138+08:00
2026-02-07 11:58:19,2026-02-06T18:38:00+08:00,2026-02-06T18:40:05+08:00,1.497,103.9058,C,Cloud to Cloud,2026-02-06T18:36:22.138+08:00
2026-02-07 11:58:19,2026-02-06T18:38:00+08:00,2026-02-06T18:40:05+08:00,1.4998,103.9054,C,Cloud to Cloud,2026-02-06T18:36:22.138+08:00
2026-02-07 11:58:19,2026-02-06T18:38:00+08:00,2026-02-06T18:40:05+08:00,1.4982,103.9086,C,Cloud to Cloud,2026-02-06T18:36:22.138+08:00
2026-02-07 11:58:19,2026-02-06T18:38:00+08:00,2026-02-06T18:40:05+08:00,1.4905,103.8781,C,Cloud to Cloud,2026-02-06T18:36:22.138+08:00
2026-02-07 11:58:19,2026-02-06T18:38:00+08:00,2026-02-06T18:40:05+08:00,1.498,103.906,C,Cloud to Cloud,2026-02-06T18:36:22.138+08:00
2026-02-07 11:58:19,2026-02-06T18:38:00+08:00,2026-02-06T18:40:05+08:00,1.4993,103.9056,C,Cloud to Cloud,2026-02-06T18:36:22.138+08:00
2026-02-07 11:58:19,2026-02-06T18:38:00+08:00,2026-02-06T18:40:05+08:00,1.4993,103.905,C,Cloud to Cloud,2026-02-06T18:36:22.138+08:00
2026-02-07 11:58:19,2026-02-06T18:38:00+08:00,2026-02-06T18:40:05+08:00,1.501,103.9034,C,Cloud to Cloud,2026-02-06T18:36:22.138+08:00
2026-02-07 11:58:19,2026-02-06T18:38:00+08:00,2026-02-06T18:40:05+08:00,1.478,103.8949,C,Cloud to Cloud,2026-02-06T18:36:22.138+08:00
2026-02-07 11:58:19,2026-02-06T18:38:00+08:00,2026-02-06T18:40:05+08:00,1.4988,103.9052,C,Cloud to Cloud,2026-02-06T18:36:22.138+08:00
2026-02-07 11:58:19,2026-02-06T18:38:00+08:00,2026-02-06T18:40:05+08:00,1.4997,103.9042,C,Cloud to Cloud,2026-02-06T18:36:22.139+08:00
2026-02-07 11:58:19,2026-02-06T18:38:00+08:00,2026-02-06T18:40:05+08:00,1.475,103.9163,C,Cloud to Cloud,2026-02-06T18:36:22.139+08:00
2026-02-07 11:58:19,2026-02-06T18:38:00+08:00,2026-02-06T18:40:05+08:00,1.5009,103.9036,C,Cloud to Cloud,2026-02-06T18:36:22.139+08:00
2026-02-07 11:58:19,2026-02-06T18:38:00+08:00,2026-02-06T18:40:05+08:00,1.5334,103.8785,C,Cloud to Cloud,2026-02-06T18:36:22.139+08:00
2026-02-07 11:58:19,2026-02-06T18:38:00+08:00,2026-02-06T18:40:05+08:00,1.5032,103.8963,C,Cloud to Cloud,2026-02-06T18:36:22.139+08:00
2026-02-07 11:58:19,2026-02-06T18:38:00+08:00,2026-02-06T18:40:05+08:00,1.4937,103.9009,C,Cloud to Cloud,2026-02-06T18:36:22.139+08:00
2026-02-07 11:58:19,2026-02-06T18:38:00+08:00,2026-02-06T18:40:05+08:00,1.5113,103.9322,C,Cloud to Cloud,2026-02-06T18:36:22.139+08:00
2026-02-07 11:58:19,2026-02-06T18:38:00+08:00,2026-02-06T18:40:05+08:00,1.5013,103.9032,C,Cloud to Cloud,2026-02-06T18:36:22.14+08:00
2026-02-07 11:58:19,2026-02-06T18:38:00+08:00,2026-02-06T18:40:05+08:00,1.5013,103.9032,C,Cloud to Cloud,2026-02-06T18:36:22.14+08:00
2026-02-07 11:58:19,2026-02-06T18:38:00+08:00,2026-02-06T18:40:05+08:00,1.5023,103.9015,C,Cloud to Cloud,2026-02-06T18:36:22.14+08:00
2026-02-07 11:58:19,2026-02-06T18:38:00+08:00,2026-02-06T18:40:05+08:00,1.4687,103.9382,C,Cloud to Cloud,2026-02-06T18:36:22.14+08:00
2026-02-07 11:58:19,2026-02-06T18:38:00+08:00,2026-02-06T18:40:05+08:00,1.4978,103.9018,C,Cloud to Cloud,2026-02-06T18:36:22.14+08:00
2026-02-07 11:58:19,2026-02-06T18:38:00+08:00,2026-02-06T18:40:05+08:00,1.5038,103.8993,C,Cloud to Cloud,2026-02-06T18:36:22.141+08:00
2026-02-07 11:58:19,2026-02-06T18:38:00+08:00,2026-02-06T18:40:05+08:00,1.5036,103.899,C,Cloud to Cloud,2026-02-06T18:36:22.141+08:00
2026-02-07 11:58:19,2026-02-06T18:38:00+08:00,2026-02-06T18:40:05+08:00,1.5018,103.9001,C,Cloud to Cloud,2026-02-06T18:36:22.141+08:00
2026-02-07 11:58:19,2026-02-06T18:38:00+08:00,2026-02-06T18:40:05+08:00,1.4884,103.9057,C,Cloud to Cloud,2026-02-06T18:36:22.142+08:00
2026-02-07 11:58:19,2026-02-06T18:38:00+08:00,2026-02-06T18:40:05+08:00,1.5003,103.8812,C,Cloud to Cloud,2026-02-06T18:36:22.142+08:00
2026-02-07 11:58:19,2026-02-06T18:38:00+08:00,2026-02-06T18:40:05+08:00,1.4884,103.9057,C,Cloud to Cloud,2026-02-06T18:36:22.142+08:00
2026-02-07 11:58:19,2026-02-06T18:38:00+08:00,2026-02-06T18:40:05+08:00,1.4907,103.9053,C,Cloud to Cloud,2026-02-06T18:36:22.144+08:00
2026-02-07 11:58:19,2026-02-06T18:38:00+08:00,2026-02-06T18:40:05+08:00,1.4896,103.9017,C,Cloud to Cloud,2026-02-06T18:36:22.144+08:00
2026-02-07 11:58:19,2026-02-06T18:38:00+08:00,2026-02-06T18:40:05+08:00,1.4901,103.9066,C,Cloud to Cloud,2026-02-06T18:36:22.145+08:00
2026-02-07 11:58:19,2026-02-06T18:38:00+08:00,2026-02-06T18:40:05+08:00,1.487,103.9025,C,Cloud to Cloud,2026-02-06T18:36:22.146+08:00
2026-02-07 11:58:19,2026-02-06T18:38:00+08:00,2026-02-06T18:40:05+08:00,1.547,103.9001,C,Cloud to Cloud,2026-02-06T18:36:22.146+08:00
2026-02-07 11:58:19,2026-02-06T18:38:00+08:00,2026-02-06T18:40:05+08:00,1.4837,103.9046,C,Cloud to Cloud,2026-02-06T18:36:22.146+08:00
2026-02-07 11:58:19,2026-02-06T18:38:00+08:00,2026-02-06T18:40:05+08:00,1.4848,103.8959,C,Cloud to Cloud,2026-02-06T18:36:22.146+08:00
2026-02-07 11:58:19,2026-02-06T18:38:00+08:00,2026-02-06T18:40:05+08:00,1.4884,103.9082,C,Cloud to Cloud,2026-02-06T18:36:22.147+08:00
2026-02-07 11:58:19,2026-02-06T18:38:00+08:00,2026-02-06T18:40:05+08:00,1.4902,103.9064,C,Cloud to Cloud,2026-02-06T18:36:22.147+08:00
2026-02-07 11:58:19,2026-02-06T18:38:00+08:00,2026-02-06T18:40:05+08:00,1.4888,103.9065,C,Cloud to Cloud,2026-02-06T18:36:22.147+08:00
2026-02-07 11:58:19,2026-02-06T18:38:00+08:00,2026-02-06T18:40:05+08:00,1.4895,103.9087,C,Cloud to Cloud,2026-02-06T18:36:22.147+08:00
2026-02-07 11:58:19,2026-02-06T18:38:00+08:00,2026-02-06T18:40:05+08:00,1.4876,103.9094,C,Cloud to Cloud,2026-02-06T18:36:22.149+08:00
2026-02-07 11:58:19,2026-02-06T18:38:00+08:00,2026-02-06T18:40:05+08:00,1.4858,103.899,C,Cloud to Cloud,2026-02-06T18:36:22.149+08:00
2026-02-07 11:58:19,2026-02-06T18:38:00+08:00,2026-02-06T18:40:05+08:00,1.6394,103.9777,C,Cloud to Cloud,2026-02-06T18:36:22.149+08:00
2026-02-07 11:58:19,2026-02-06T18:38:00+08:00,2026-02-06T18:40:05+08:00,1.4862,103.902,C,Cloud to Cloud,2026-02-06T18:36:22.149+08:00
2026-02-07 11:58:19,2026-02-06T18:38:00+08:00,2026-02-06T18:40:05+08:00,1.4899,103.9067,C,Cloud to Cloud,2026-02-06T18:36:22.149+08:00
2026-02-07 11:58:19,2026-02-06T18:38:00+08:00,2026-02-06T18:40:05+08:00,1.4915,103.9082,C,Cloud to Cloud,2026-02-06T18:36:22.149+08:00
2026-02-07 11:58:19,2026-02-06T18:38:00+08:00,2026-02-06T18:40:05+08:00,1.5082,103.904,C,Cloud to Cloud,2026-02-06T18:36:22.15+08:00
2026-02-07 11:58:19,2026-02-06T18:38:00+08:00,2026-02-06T18:40:05+08:00,1.5082,103.904,C,Cloud to Cloud,2026-02-06T18:36:22.15+08:00
2026-02-07 11:58:19,2026-02-06T18:38:00+08:00,2026-02-06T18:40:05+08:00,1.4861,103.904,C,Cloud to Cloud,2026-02-06T18:36:22.15+08:00
2026-02-07 11:58:19,2026-02-06T18:38:00+08:00,2026-02-06T18:40:05+08:00,1.4861,103.904,C,Cloud to Cloud,2026-02-06T18:36:22.15+08:00
2026-02-07 11:58:19,2026-02-06T18:38:00+08:00,2026-02-06T18:40:05+08:00,1.484,103.8966,C,Cloud to Cloud,2026-02-06T18:36:22.15+08:00
2026-02-07 11:58:19,2026-02-06T18:38:00+08:00,2026-02-06T18:40:05+08:00,1.483,103.8971,C,Cloud to Cloud,2026-02-06T18:36:22.15+08:00
2026-02-07 11:58:19,2026-02-06T18:38:00+08:00,2026-02-06T18:40:05+08:00,1.4834,103.8963,C,Cloud to Cloud,2026-02-06T18:36:22.151+08:00
2026-02-07 11:58:19,2026-02-06T18:38:00+08:00,2026-02-06T18:40:05+08:00,1.6136,103.9278,C,Cloud to Cloud,2026-02-06T18:36:22.151+08:00
2026-02-07 11:58:19,2026-02-06T18:38:00+08:00,2026-02-06T18:40:05+08:00,1.4818,103.8937,C,Cloud to Cloud,2026-02-06T18:36:22.151+08:00
2026-02-07 11:58:19,2026-02-06T18:38:00+08:00,2026-02-06T18:40:05+08:00,1.4807,103.8953,C,Cloud to Cloud,2026-02-06T18:36:22.151+08:00
2026-02-07 11:58:19,2026-02-06T18:38:00+08:00,2026-02-06T18:40:05+08:00,1.4814,103.8949,C,Cloud to Cloud,2026-02-06T18:36:22.152+08:00
2026-02-07 11:58:19,2026-02-06T18:38:00+08:00,2026-02-06T18:40:05+08:00,1.4814,103.8949,C,Cloud to Cloud,2026-02-06T18:36:22.152+08:00
2026-02-07 11:58:19,2026-02-06T18:38:00+08:00,2026-02-06T18:40:05+08:00,1.4808,103.8934,C,Cloud to Cloud,2026-02-06T18:36:22.152+08:00
2026-02-07 11:58:19,2026-02-06T18:38:00+08:00,2026-02-06T18:40:05+08:00,1.4827,103.8973,C,Cloud to Cloud,2026-02-06T18:36:22.152+08:00
2026-02-07 11:58:19,2026-02-06T18:38:00+08:00,2026-02-06T18:40:05+08:00,1.4812,103.8968,C,Cloud to Cloud,2026-02-06T18:36:22.152+08:00
2026-02-07 11:58:19,2026-02-06T18:38:00+08:00,2026-02-06T18:40:05+08:00,1.4802,103.8961,C,Cloud to Cloud,2026-02-06T18:36:22.152+08:00
2026-02-07 11:58:19,2026-02-06T18:38:00+08:00,2026-02-06T18:40:05+08:00,1.4819,103.8962,C,Cloud to Cloud,2026-02-06T18:36:22.153+08:00
2026-02-07 11:58:19,2026-02-06T18:38:00+08:00,2026-02-06T18:40:05+08:00,1.4824,103.8966,C,Cloud to Cloud,2026-02-06T18:36:22.153+08:00
2026-02-07 11:58:19,2026-02-06T18:38:00+08:00,2026-02-06T18:40:05+08:00,1.4841,103.8955,C,Cloud to Cloud,2026-02-06T18:36:22.153+08:00
2026-02-07 11:58:19,2026-02-06T18:38:00+08:00,2026-02-06T18:40:05+08:00,1.4845,103.8971,C,Cloud to Cloud,2026-02-06T18:36:22.153+08:00
2026-02-07 11:58:19,2026-02-06T18:38:00+08:00,2026-02-06T18:40:05+08:00,1.5061,103.9544,C,Cloud to Cloud,2026-02-06T18:36:22.153+08:00
2026-02-07 11:58:19,2026-02-06T18:38:00+08:00,2026-02-06T18:40:05+08:00,1.4835,103.8966,C,Cloud to Cloud,2026-02-06T18:36:22.154+08:00
2026-02-07 11:58:19,2026-02-06T18:38:00+08:00,2026-02-06T18:40:05+08:00,1.4835,103.8966,C,Cloud to Cloud,2026-02-06T18:36:22.154+08:00
2026-02-07 11:58:19,2026-02-06T18:38:00+08:00,2026-02-06T18:40:05+08:00,1.4833,103.8954,C,Cloud to Cloud,2026-02-06T18:36:22.154+08:00
2026-02-07 11:58:19,2026-02-06T18:38:00+08:00,2026-02-06T18:40:05+08:00,1.5004,103.8738,C,Cloud to Cloud,2026-02-06T18:36:22.155+08:00
2026-02-07 11:58:19,2026-02-06T18:38:00+08:00,2026-02-06T18:40:05+08:00,1.4839,103.8874,C,Cloud to Cloud,2026-02-06T18:36:22.157+08:00
2026-02-07 11:58:19,2026-02-06T18:38:00+08:00,2026-02-06T18:40:05+08:00,1.4836,103.8878,C,Cloud to Cloud,2026-02-06T18:36:22.157+08:00
2026-02-07 11:58:19,2026-02-06T18:38:00+08:00,2026-02-06T18:40:05+08:00,1.4864,103.9067,C,Cloud to Cloud,2026-02-06T18:36:22.158+08:00
2026-02-07 11:58:19,2026-02-06T18:38:00+08:00,2026-02-06T18:40:05+08:00,1.4834,103.8942,C,Cloud to Cloud,2026-02-06T18:36:22.159+08:00
2026-02-07 11:58:19,2026-02-06T18:38:00+08:00,2026-02-06T18:40:05+08:00,1.4834,103.8942,C,Cloud to Cloud,2026-02-06T18:36:22.159+08:00
2026-02-07 11:58:19,2026-02-06T18:38:00+08:00,2026-02-06T18:40:05+08:00,1.4966,103.8756,C,Cloud to Cloud,2026-02-06T18:36:22.159+08:00
2026-02-07 11:58:19,2026-02-06T18:38:00+08:00,2026-02-06T18:40:05+08:00,1.4771,103.8831,C,Cloud to Cloud,2026-02-06T18:36:22.161+08:00
2026-02-07 11:58:19,2026-02-06T18:38:00+08:00,2026-02-06T18:40:05+08:00,1.4771,103.8831,C,Cloud to Cloud,2026-02-06T18:36:22.161+08:00
2026-02-07 11:58:19,2026-02-06T18:38:00+08:00,2026-02-06T18:40:05+08:00,1.4762,103.8824,C,Cloud to Cloud,2026-02-06T18:36:22.161+08:00
2026-02-07 11:58:19,2026-02-06T18:38:00+08:00,2026-02-06T18:40:05+08:00,1.4749,103.8849,C,Cloud to Cloud,2026-02-06T18:36:22.161+08:00
2026-02-07 11:58:19,2026-02-06T18:38:00+08:00,2026-02-06T18:40:05+08:00,1.4742,103.888,C,Cloud to Cloud,2026-02-06T18:36:22.161+08:00
2026-02-07 11:58:19,2026-02-06T18:38:00+08:00,2026-02-06T18:40:05+08:00,1.4676,103.8773,C,Cloud to Cloud,2026-02-06T18:36:22.169+08:00
2026-02-07 11:58:19,2026-02-06T18:38:00+08:00,2026-02-06T18:40:05+08:00,1.4676,103.8773,C,Cloud to Cloud,2026-02-06T18:36:22.169+08:00
2026-02-07 11:58:19,2026-02-06T18:38:00+08:00,2026-02-06T18:40:05+08:00,1.4682,103.8823,C,Cloud to Cloud,2026-02-06T18:36:22.17+08:00
2026-02-07 11:58:19,2026-02-06T18:38:00+08:00,2026-02-06T18:40:05+08:00,1.4785,103.883,C,Cloud to Cloud,2026-02-06T18:36:22.175+08:00
2026-02-07 11:58:19,2026-02-06T18:38:00+08:00,2026-02-06T18:40:05+08:00,1.4215,103.8489,C,Cloud to Cloud,2026-02-06T18:36:22.191+08:00
2026-02-07 11:58:19,2026-02-06T18:38:00+08:00,2026-02-06T18:40:05+08:00,1.4474,103.8933,C,Cloud to Cloud,2026-02-06T18:36:22.192+08:00
2026-02-07 11:58:19,2026-02-06T18:38:00+08:00,2026-02-06T18:40:05+08:00,1.4474,103.8933,C,Cloud to Cloud,2026-02-06T18:36:22.192+08:00
2026-02-07 11:58:19,2026-02-06T18:38:00+08:00,2026-02-06T18:40:05+08:00,1.4324,103.8687,C,Cloud to Cloud,2026-02-06T18:36:22.193+08:00
2026-02-07 11:58:19,2026-02-06T18:38:00+08:00,2026-02-06T18:40:05+08:00,1.4511,103.8771,C,Cloud to Cloud,2026-02-06T18:36:22.194+08:00
2026-02-07 11:58:19,2026-02-06T18:38:00+08:00,2026-02-06T18:40:05+08:00,1.4454,103.8871,C,Cloud to Cloud,2026-02-06T18:36:22.194+08:00
2026-02-07 11:58:19,2026-02-06T18:38:00+08:00,2026-02-06T18:40:05+08:00,1.4476,103.8886,C,Cloud to Cloud,2026-02-06T18:36:22.194+08:00
2026-02-07 11:58:19,2026-02-06T18:38:00+08:00,2026-02-06T18:40:05+08:00,1.4484,103.8726,C,Cloud to Cloud,2026-02-06T18:36:22.194+08:00
2026-02-07 11:58:19,2026-02-06T18:38:00+08:00,2026-02-06T18:40:05+08:00,1.4507,103.8767,C,Cloud to Cloud,2026-02-06T18:36:22.194+08:00
2026-02-07 11:58:19,2026-02-06T18:38:00+08:00,2026-02-06T18:40:05+08:00,1.447,103.8685,C,Cloud to Cloud,2026-02-06T18:36:22.195+08:00
2026-02-07 11:58:19,2026-02-06T18:38:00+08:00,2026-02-06T18:40:05+08:00,1.4495,103.8688,C,Cloud to Cloud,2026-02-06T18:36:22.195+08:00
2026-02-07 11:58:19,2026-02-06T18:38:00+08:00,2026-02-06T18:40:05+08:00,1.4477,103.8661,C,Cloud to Cloud,2026-02-06T18:36:22.195+08:00
2026-02-07 11:58:19,2026-02-06T18:38:00+08:00,2026-02-06T18:40:05+08:00,1.4484,103.8688,C,Cloud to Cloud,2026-02-06T18:36:22.195+08:00
2026-02-07 11:58:19,2026-02-06T18:38:00+08:00,2026-02-06T18:40:05+08:00,1.4469,103.8722,C,Cloud to Cloud,2026-02-06T18:36:22.195+08:00
2026-02-07 11:58:19,2026-02-06T18:38:00+08:00,2026-02-06T18:40:05+08:00,1.4465,103.8709,C,Cloud to Cloud,2026-02-06T18:36:22.195+08:00
2026-02-07 11:58:19,2026-02-06T18:38:00+08:00,2026-02-06T18:40:05+08:00,1.4472,103.8716,C,Cloud to Cloud,2026-02-06T18:36:22.195+08:00
2026-02-07 11:58:19,2026-02-06T18:38:00+08:00,2026-02-06T18:40:05+08:00,1.4492,103.8705,C,Cloud to Cloud,2026-02-06T18:36:22.195+08:00
2026-02-07 11:58:19,2026-02-06T18:38:00+08:00,2026-02-06T18:40:05+08:00,1.4482,103.8704,C,Cloud to Cloud,2026-02-06T18:36:22.195+08:00
2026-02-07 11:58:19,2026-02-06T18:38:00+08:00,2026-02-06T18:40:05+08:00,1.448,103.8717,C,Cloud to Cloud,2026-02-06T18:36:22.195+08:00
2026-02-07 11:58:19,2026-02-06T18:38:00+08:00,2026-02-06T18:40:05+08:00,1.412,103.8456,C,Cloud to Cloud,2026-02-06T18:36:22.195+08:00
2026-02-07 11:58:19,2026-02-06T18:38:00+08:00,2026-02-06T18:40:05+08:00,1.4485,103.87,C,Cloud to Cloud,2026-02-06T18:36:22.195+08:00
2026-02-07 11:58:19,2026-02-06T18:38:00+08:00,2026-02-06T18:40:05+08:00,1.448,103.8722,C,Cloud to Cloud,2026-02-06T18:36:22.195+08:00
2026-02-07 11:58:19,2026-02-06T18:38:00+08:00,2026-02-06T18:40:05+08:00,1.4487,103.8721,C,Cloud to Cloud,2026-02-06T18:36:22.196+08:00
2026-02-07 11:58:19,2026-02-06T18:38:00+08:00,2026-02-06T18:40:05+08:00,1.4465,103.8702,C,Cloud to Cloud,2026-02-06T18:36:22.196+08:00
2026-02-07 11:58:19,2026-02-06T18:38:00+08:00,2026-02-06T18:40:05+08:00,1.4485,103.8697,C,Cloud to Cloud,2026-02-06T18:36:22.196+08:00
2026-02-07 11:58:19,2026-02-06T18:38:00+08:00,2026-02-06T18:40:05+08:00,1.4464,103.8696,C,Cloud to Cloud,2026-02-06T18:36:22.196+08:00
2026-02-07 11:58:19,2026-02-06T18:38:00+08:00,2026-02-06T18:40:05+08:00,1.4476,103.8722,C,Cloud to Cloud,2026-02-06T18:36:22.196+08:00
2026-02-07 11:58:19,2026-02-06T18:38:00+08:00,2026-02-06T18:40:05+08:00,1.4491,103.8724,C,Cloud to Cloud,2026-02-06T18:36:22.196+08:00
2026-02-07 11:58:19,2026-02-06T18:38:00+08:00,2026-02-06T18:40:05+08:00,1.4465,103.8716,C,Cloud to Cloud,2026-02-06T18:36:22.196+08:00
2026-02-07 11:58:19,2026-02-06T18:38:00+08:00,2026-02-06T18:40:05+08:00,1.4479,103.8732,C,Cloud to Cloud,2026-02-06T18:36:22.196+08:00
2026-02-07 11:58:19,2026-02-06T18:38:00+08:00,2026-02-06T18:40:05+08:00,1.4476,103.8691,C,Cloud to Cloud,2026-02-06T18:36:22.196+08:00
2026-02-07 11:58:19,2026-02-06T18:38:00+08:00,2026-02-06T18:40:05+08:00,1.447,103.871,C,Cloud to Cloud,2026-02-06T18:36:22.197+08:00
2026-02-07 11:58:19,2026-02-06T18:38:00+08:00,2026-02-06T18:40:05+08:00,1.4419,103.8644,C,Cloud to Cloud,2026-02-06T18:36:22.197+08:00
2026-02-07 11:58:19,2026-02-06T18:38:00+08:00,2026-02-06T18:40:05+08:00,1.4483,103.8647,C,Cloud to Cloud,2026-02-06T18:36:22.197+08:00
2026-02-07 11:58:19,2026-02-06T18:38:00+08:00,2026-02-06T18:40:05+08:00,1.4438,103.8637,C,Cloud to Cloud,2026-02-06T18:36:22.197+08:00
2026-02-07 11:58:19,2026-02-06T18:38:00+08:00,2026-02-06T18:40:05+08:00,1.422,103.8497,C,Cloud to Cloud,2026-02-06T18:36:22.197+08:00
2026-02-07 11:58:19,2026-02-06T18:38:00+08:00,2026-02-06T18:40:05+08:00,1.4469,103.8619,C,Cloud to Cloud,2026-02-06T18:36:22.197+08:00
2026-02-07 11:58:19,2026-02-06T18:38:00+08:00,2026-02-06T18:40:05+08:00,1.4423,103.8665,C,Cloud to Cloud,2026-02-06T18:36:22.197+08:00
2026-02-07 11:58:19,2026-02-06T18:38:00+08:00,2026-02-06T18:40:05+08:00,1.4443,103.866,C,Cloud to Cloud,2026-02-06T18:36:22.197+08:00
2026-02-07 11:58:19,2026-02-06T18:38:00+08:00,2026-02-06T18:40:05+08:00,1.441,103.8643,C,Cloud to Cloud,2026-02-06T18:36:22.197+08:00
2026-02-07 11:58:19,2026-02-06T18:38:00+08:00,2026-02-06T18:40:05+08:00,1.4446,103.8713,C,Cloud to Cloud,2026-02-06T18:36:22.197+08:00
2026-02-07 11:58:19,2026-02-06T18:38:00+08:00,2026-02-06T18:40:05+08:00,1.4403,103.8627,C,Cloud to Cloud,2026-02-06T18:36:22.197+08:00
2026-02-07 11:58:19,2026-02-06T18:38:00+08:00,2026-02-06T18:40:05+08:00,1.4489,103.865,C,Cloud to Cloud,2026-02-06T18:36:22.197+08:00
2026-02-07 11:58:19,2026-02-06T18:38:00+08:00,2026-02-06T18:40:05+08:00,1.4429,103.8627,C,Cloud to Cloud,2026-02-06T18:36:22.197+08:00
2026-02-07 11:58:19,2026-02-06T18:38:00+08:00,2026-02-06T18:40:05+08:00,1.4436,103.8639,C,Cloud to Cloud,2026-02-06T18:36:22.197+08:00
2026-02-07 11:58:19,2026-02-06T18:38:00+08:00,2026-02-06T18:40:05+08:00,1.4405,103.8612,C,Cloud to Cloud,2026-02-06T18:36:22.197+08:00
2026-02-07 11:58:19,2026-02-06T18:38:00+08:00,2026-02-06T18:40:05+08:00,1.4425,103.8633,C,Cloud to Cloud,2026-02-06T18:36:22.197+08:00
2026-02-07 11:58:19,2026-02-06T18:38:00+08:00,2026-02-06T18:40:05+08:00,1.4464,103.8592,C,Cloud to Cloud,2026-02-06T18:36:22.197+08:00
2026-02-07 11:58:19,2026-02-06T18:38:00+08:00,2026-02-06T18:40:05+08:00,1.4431,103.8657,C,Cloud to Cloud,2026-02-06T18:36:22.197+08:00
2026-02-07 11:58:19,2026-02-06T18:38:00+08:00,2026-02-06T18:40:05+08:00,1.4454,103.8629,C,Cloud to Cloud,2026-02-06T18:36:22.198+08:00
2026-02-07 11:58:19,2026-02-06T18:38:00+08:00,2026-02-06T18:40:05+08:00,1.4433,103.8558,C,Cloud to Cloud,2026-02-06T18:36:22.198+08:00
2026-02-07 11:58:19,2026-02-06T18:38:00+08:00,2026-02-06T18:40:05+08:00,1.442,103.8597,C,Cloud to Cloud,2026-02-06T18:36:22.198+08:00
2026-02-07 11:58:19,2026-02-06T18:38:00+08:00,2026-02-06T18:40:05+08:00,1.4413,103.8557,C,Cloud to Cloud,2026-02-06T18:36:22.198+08:00
2026-02-07 11:58:19,2026-02-06T18:38:00+08:00,2026-02-06T18:40:05+08:00,1.3533,103.8407,C,Cloud to Cloud,2026-02-06T18:36:22.198+08:00
2026-02-07 11:58:19,2026-02-06T18:38:00+08:00,2026-02-06T18:40:05+08:00,1.4354,103.8592,C,Cloud to Cloud,2026-02-06T18:36:22.198+08:00
2026-02-07 11:58:19,2026-02-06T18:38:00+08:00,2026-02-06T18:40:05+08:00,1.4418,103.8565,C,Cloud to Cloud,2026-02-06T18:36:22.198+08:00
2026-02-07 11:58:19,2026-02-06T18:38:00+08:00,2026-02-06T18:40:05+08:00,1.4352,103.8595,C,Cloud to Cloud,2026-02-06T18:36:22.198+08:00
2026-02-07 11:58:19,2026-02-06T18:38:00+08:00,2026-02-06T18:40:05+08:00,1.4407,103.8572,C,Cloud to Cloud,2026-02-06T18:36:22.198+08:00
2026-02-07 11:58:19,2026-02-06T18:38:00+08:00,2026-02-06T18:40:05+08:00,1.4408,103.8589,C,Cloud to Cloud,2026-02-06T18:36:22.198+08:00
2026-02-07 11:58:19,2026-02-06T18:38:00+08:00,2026-02-06T18:40:05+08:00,1.4425,103.8548,C,Cloud to Cloud,2026-02-06T18:36:22.198+08:00
2026-02-07 11:58:19,2026-02-06T18:38:00+08:00,2026-02-06T18:40:05+08:00,1.4412,103.8599,C,Cloud to Cloud,2026-02-06T18:36:22.198+08:00
2026-02-07 11:58:19,2026-02-06T18:38:00+08:00,2026-02-06T18:40:05+08:00,1.4416,103.856,C,Cloud to Cloud,2026-02-06T18:36:22.198+08:00
2026-02-07 11:58:19,2026-02-06T18:38:00+08:00,2026-02-06T18:40:05+08:00,1.4364,103.8572,C,Cloud to Cloud,2026-02-06T18:36:22.198+08:00
2026-02-07 11:58:19,2026-02-06T18:38:00+08:00,2026-02-06T18:40:05+08:00,1.4424,103.8574,C,Cloud to Cloud,2026-02-06T18:36:22.198+08:00
2026-02-07 11:58:19,2026-02-06T18:38:00+08:00,2026-02-06T18:40:05+08:00,1.4368,103.8552,C,Cloud to Cloud,2026-02-06T18:36:22.198+08:00
2026-02-07 11:58:19,2026-02-06T18:38:00+08:00,2026-02-06T18:40:05+08:00,1.4397,103.8602,C,Cloud to Cloud,2026-02-06T18:36:22.198+08:00
2026-02-07 11:58:19,2026-02-06T18:38:00+08:00,2026-02-06T18:40:05+08:00,1.4336,103.8529,C,Cloud to Cloud,2026-02-06T18:36:22.198+08:00
2026-02-07 11:58:19,2026-02-06T18:38:00+08:00,2026-02-06T18:40:05+08:00,1.4352,103.8529,C,Cloud to Cloud,2026-02-06T18:36:22.198+08:00
2026-02-07 11:58:19,2026-02-06T18:38:00+08:00,2026-02-06T18:40:05+08:00,1.4352,103.852,C,Cloud to Cloud,2026-02-06T18:36:22.199+08:00
2026-02-07 11:58:19,2026-02-06T18:38:00+08:00,2026-02-06T18:40:05+08:00,1.4363,103.8508,C,Cloud to Cloud,2026-02-06T18:36:22.199+08:00
2026-02-07 11:58:19,2026-02-06T18:38:00+08:00,2026-02-06T18:40:05+08:00,1.4349,103.8506,C,Cloud to Cloud,2026-02-06T18:36:22.199+08:00
2026-02-07 11:58:19,2026-02-06T18:38:00+08:00,2026-02-06T18:40:05+08:00,1.4327,103.8466,C,Cloud to Cloud,2026-02-06T18:36:22.199+08:00
2026-02-07 11:58:19,2026-02-06T18:38:00+08:00,2026-02-06T18:40:05+08:00,1.4325,103.8505,C,Cloud to Cloud,2026-02-06T18:36:22.199+08:00
2026-02-07 11:58:19,2026-02-06T18:38:00+08:00,2026-02-06T18:40:05+08:00,1.4317,103.8497,C,Cloud to Cloud,2026-02-06T18:36:22.199+08:00
2026-02-07 11:58:19,2026-02-06T18:38:00+08:00,2026-02-06T18:40:05+08:00,1.4312,103.8487,C,Cloud to Cloud,2026-02-06T18:36:22.199+08:00
2026-02-07 11:58:19,2026-02-06T18:38:00+08:00,2026-02-06T18:40:05+08:00,1.4317,103.8507,C,Cloud to Cloud,2026-02-06T18:36:22.199+08:00
2026-02-07 11:58:19,2026-02-06T18:38:00+08:00,2026-02-06T18:40:05+08:00,1.4356,103.8473,C,Cloud to Cloud,2026-02-06T18:36:22.199+08:00
2026-02-07 11:58:19,2026-02-06T18:38:00+08:00,2026-02-06T18:40:05+08:00,1.4313,103.8491,C,Cloud to Cloud,2026-02-06T18:36:22.199+08:00
2026-02-07 11:58:19,2026-02-06T18:38:00+08:00,2026-02-06T18:40:05+08:00,1.4322,103.8483,C,Cloud to Cloud,2026-02-06T18:36:22.2+08:00
2026-02-07 11:58:19,2026-02-06T18:38:00+08:00,2026-02-06T18:40:05+08:00,1.4314,103.8476,C,Cloud to Cloud,2026-02-06T18:36:22.2+08:00
2026-02-07 11:58:19,2026-02-06T18:38:00+08:00,2026-02-06T18:40:05+08:00,1.4339,103.8463,C,Cloud to Cloud,2026-02-06T18:36:22.2+08:00
2026-02-07 11:58:19,2026-02-06T18:38:00+08:00,2026-02-06T18:40:05+08:00,1.4353,103.8427,C,Cloud to Cloud,2026-02-06T18:36:22.2+08:00
2026-02-07 11:58:19,2026-02-06T18:38:00+08:00,2026-02-06T18:40:05+08:00,1.4359,103.8444,C,Cloud to Cloud,2026-02-06T18:36:22.2+08:00
2026-02-07 11:58:19,2026-02-06T18:38:00+08:00,2026-02-06T18:40:05+08:00,1.4336,103.8448,C,Cloud to Cloud,2026-02-06T18:36:22.2+08:00
2026-02-07 11:58:19,2026-02-06T18:38:00+08:00,2026-02-06T18:40:05+08:00,1.4291,103.8476,C,Cloud to Cloud,2026-02-06T18:36:22.2+08:00
2026-02-07 11:58:19,2026-02-06T18:38:00+08:00,2026-02-06T18:40:05+08:00,1.4361,103.8423,C,Cloud to Cloud,2026-02-06T18:36:22.2+08:00
2026-02-07 11:58:19,2026-02-06T18:38:00+08:00,2026-02-06T18:40:05+08:00,1.4338,103.8494,C,Cloud to Cloud,2026-02-06T18:36:22.2+08:00
2026-02-07 11:58:19,2026-02-06T18:38:00+08:00,2026-02-06T18:40:05+08:00,1.4312,103.8435,C,Cloud to Cloud,2026-02-06T18:36:22.201+08:00
2026-02-07 11:58:19,2026-02-06T18:38:00+08:00,2026-02-06T18:40:05+08:00,1.4344,103.8424,C,Cloud to Cloud,2026-02-06T18:36:22.201+08:00
2026-02-07 11:58:19,2026-02-06T18:38:00+08:00,2026-02-06T18:40:05+08:00,1.5536,103.9348,C,Cloud to Cloud,2026-02-06T18:36:22.201+08:00
2026-02-07 11:58:19,2026-02-06T18:38:00+08:00,2026-02-06T18:40:05+08:00,1.4331,103.8349,C,Cloud to Cloud,2026-02-06T18:36:22.201+08:00
2026-02-07 11:58:19,2026-02-06T18:38:00+08:00,2026-02-06T18:40:05+08:00,1.4271,103.8279,C,Cloud to Cloud,2026-02-06T18:36:22.201+08:00
2026-02-07 11:58:19,2026-02-06T18:38:00+08:00,2026-02-06T18:40:05+08:00,1.425,103.8301,C,Cloud to Cloud,2026-02-06T18:36:22.201+08:00
2026-02-07 11:58:19,2026-02-06T18:38:00+08:00,2026-02-06T18:40:05+08:00,1.426,103.8268,C,Cloud to Cloud,2026-02-06T18:36:22.201+08:00
2026-02-07 11:58:19,2026-02-06T18:38:00+08:00,2026-02-06T18:40:05+08:00,1.426,103.8253,C,Cloud to Cloud,2026-02-06T18:36:22.201+08:00
2026-02-07 11:58:19,2026-02-06T18:38:00+08:00,2026-02-06T18:40:05+08:00,1.4267,103.8279,C,Cloud to Cloud,2026-02-06T18:36:22.202+08:00
2026-02-07 11:58:19,2026-02-06T18:38:00+08:00,2026-02-06T18:40:05+08:00,1.4235,103.8231,C,Cloud to Cloud,2026-02-06T18:36:22.202+08:00
2026-02-07 11:58:19,2026-02-06T18:38:00+08:00,2026-02-06T18:40:05+08:00,1.4259,103.8249,C,Cloud to Cloud,2026-02-06T18:36:22.202+08:00
2026-02-07 11:58:19,2026-02-06T18:38:00+08:00,2026-02-06T18:40:05+08:00,1.4253,103.8262,C,Cloud to Cloud,2026-02-06T18:36:22.202+08:00
2026-02-07 11:58:19,2026-02-06T18:38:00+08:00,2026-02-06T18:40:05+08:00,1.4249,103.8272,C,Cloud to Cloud,2026-02-06T18:36:22.202+08:00
2026-02-07 11:58:19,2026-02-06T18:38:00+08:00,2026-02-06T18:40:05+08:00,1.4229,103.824,C,Cloud to Cloud,2026-02-06T18:36:22.202+08:00
2026-02-07 11:58:19,2026-02-06T18:38:00+08:00,2026-02-06T18:40:05+08:00,1.4244,103.825,C,Cloud to Cloud,2026-02-06T18:36:22.202+08:00
2026-02-07 11:58:19,2026-02-06T18:38:00+08:00,2026-02-06T18:40:05+08:00,1.4234,103.8234,C,Cloud to Cloud,2026-02-06T18:36:22.202+08:00
2026-02-07 11:58:19,2026-02-06T18:38:00+08:00,2026-02-06T18:40:05+08:00,1.4251,103.8232,C,Cloud to Cloud,2026-02-06T18:36:22.202+08:00
2026-02-07 11:58:19,2026-02-06T18:38:00+08:00,2026-02-06T18:40:05+08:00,1.4252,103.8247,C,Cloud to Cloud,2026-02-06T18:36:22.202+08:00
2026-02-07 11:58:19,2026-02-06T18:38:00+08:00,2026-02-06T18:40:05+08:00,1.4618,103.8509,C,Cloud to Cloud,2026-02-06T18:36:22.202+08:00
2026-02-07 11:58:19,2026-02-06T18:38:00+08:00,2026-02-06T18:40:05+08:00,1.4233,103.8238,C,Cloud to Cloud,2026-02-06T18:36:22.203+08:00
2026-02-07 11:58:19,2026-02-06T18:38:00+08:00,2026-02-06T18:40:05+08:00,1.4278,103.8238,C,Cloud to Cloud,2026-02-06T18:36:22.203+08:00
2026-02-07 11:58:19,2026-02-06T18:38:00+08:00,2026-02-06T18:40:05+08:00,1.425,103.8254,C,Cloud to Cloud,2026-02-06T18:36:22.203+08:00
2026-02-07 11:58:19,2026-02-06T18:38:00+08:00,2026-02-06T18:40:05+08:00,1.4245,103.8242,C,Cloud to Cloud,2026-02-06T18:36:22.203+08:00
2026-02-07 11:58:19,2026-02-06T18:38:00+08:00,2026-02-06T18:40:05+08:00,1.4247,103.8246,C,Cloud to Cloud,2026-02-06T18:36:22.203+08:00
2026-02-07 11:58:19,2026-02-06T18:38:00+08:00,2026-02-06T18:40:05+08:00,1.4245,103.8245,C,Cloud to Cloud,2026-02-06T18:36:22.203+08:00
2026-02-07 11:58:19,2026-02-06T18:38:00+08:00,2026-02-06T18:40:05+08:00,1.4224,103.8215,C,Cloud to Cloud,2026-02-06T18:36:22.203+08:00
2026-02-07 11:58:19,2026-02-06T18:38:00+08:00,2026-02-06T18:40:05+08:00,1.4249,103.8263,C,Cloud to Cloud,2026-02-06T18:36:22.203+08:00
2026-02-07 11:58:19,2026-02-06T18:38:00+08:00,2026-02-06T18:40:05+08:00,1.4282,103.8242,C,Cloud to Cloud,2026-02-06T18:36:22.204+08:00
2026-02-07 11:58:19,2026-02-06T18:38:00+08:00,2026-02-06T18:40:05+08:00,1.4271,103.823,C,Cloud to Cloud,2026-02-06T18:36:22.204+08:00
2026-02-07 11:58:19,2026-02-06T18:38:00+08:00,2026-02-06T18:40:05+08:00,1.4232,103.8289,C,Cloud to Cloud,2026-02-06T18:36:22.204+08:00
2026-02-07 11:58:19,2026-02-06T18:38:00+08:00,2026-02-06T18:40:05+08:00,1.4072,103.8619,C,Cloud to Cloud,2026-02-06T18:36:22.204+08:00
2026-02-07 11:58:19,2026-02-06T18:38:00+08:00,2026-02-06T18:40:05+08:00,1.4201,103.8352,C,Cloud to Cloud,2026-02-06T18:36:22.204+08:00
2026-02-07 11:58:19,2026-02-06T18:38:00+08:00,2026-02-06T18:40:05+08:00,1.4191,103.8378,C,Cloud to Cloud,2026-02-06T18:36:22.204+08:00
2026-02-07 11:58:19,2026-02-06T18:38:00+08:00,2026-02-06T18:40:05+08:00,1.4267,103.8175,C,Cloud to Cloud,2026-02-06T18:36:22.205+08:00
2026-02-07 11:58:19,2026-02-06T18:38:00+08:00,2026-02-06T18:40:05+08:00,1.427,103.8186,C,Cloud to Cloud,2026-02-06T18:36:22.205+08:00
2026-02-07 11:58:19,2026-02-06T18:38:00+08:00,2026-02-06T18:40:05+08:00,1.4644,103.9072,C,Cloud to Cloud,2026-02-06T18:36:22.205+08:00
2026-02-07 11:58:19,2026-02-06T18:38:00+08:00,2026-02-06T18:40:05+08:00,1.4286,103.8199,C,Cloud to Cloud,2026-02-06T18:36:22.205+08:00
2026-02-07 11:58:19,2026-02-06T18:38:00+08:00,2026-02-06T18:40:05+08:00,1.4283,103.8185,C,Cloud to Cloud,2026-02-06T18:36:22.205+08:00
2026-02-07 11:58:19,2026-02-06T18:38:00+08:00,2026-02-06T18:40:05+08:00,1.4267,103.82,C,Cloud to Cloud,2026-02-06T18:36:22.205+08:00
2026-02-07 11:58:19,2026-02-06T18:38:00+08:00,2026-02-06T18:40:05+08:00,1.4888,103.8744,C,Cloud to Cloud,2026-02-06T18:36:22.205+08:00
2026-02-07 11:58:19,2026-02-06T18:38:00+08:00,2026-02-06T18:40:05+08:00,1.4269,103.8201,C,Cloud to Cloud,2026-02-06T18:36:22.205+08:00
2026-02-07 11:58:19,2026-02-06T18:38:00+08:00,2026-02-06T18:40:05+08:00,1.4262,103.8193,C,Cloud to Cloud,2026-02-06T18:36:22.205+08:00
2026-02-07 11:58:19,2026-02-06T18:38:00+08:00,2026-02-06T18:40:05+08:00,1.4123,103.85,C,Cloud to Cloud,2026-02-06T18:36:22.205+08:00
2026-02-07 11:58:19,2026-02-06T18:38:00+08:00,2026-02-06T18:40:05+08:00,1.4397,103.8211,C,Cloud to Cloud,2026-02-06T18:36:22.205+08:00
2026-02-07 11:58:19,2026-02-06T18:38:00+08:00,2026-02-06T18:40:05+08:00,1.4195,103.8341,C,Cloud to Cloud,2026-02-06T18:36:22.205+08:00
2026-02-07 11:58:19,2026-02-06T18:38:00+08:00,2026-02-06T18:40:05+08:00,1.4287,103.8187,C,Cloud to Cloud,2026-02-06T18:36:22.206+08:00
2026-02-07 11:58:19,2026-02-06T18:38:00+08:00,2026-02-06T18:40:05+08:00,1.4289,103.8184,C,Cloud to Cloud,2026-02-06T18:36:22.206+08:00
2026-02-07 11:58:19,2026-02-06T18:38:00+08:00,2026-02-06T18:40:05+08:00,1.4273,103.8171,C,Cloud to Cloud,2026-02-06T18:36:22.206+08:00
2026-02-07 11:58:19,2026-02-06T18:38:00+08:00,2026-02-06T18:40:05+08:00,1.4269,103.8198,C,Cloud to Cloud,2026-02-06T18:36:22.206+08:00
2026-02-07 11:58:19,2026-02-06T18:38:00+08:00,2026-02-06T18:40:05+08:00,1.4301,103.8155,C,Cloud to Cloud,2026-02-06T18:36:22.206+08:00
2026-02-07 11:58:19,2026-02-06T18:38:00+08:00,2026-02-06T18:40:05+08:00,1.4303,103.8182,C,Cloud to Cloud,2026-02-06T18:36:22.206+08:00
2026-02-07 11:58:19,2026-02-06T18:38:00+08:00,2026-02-06T18:40:05+08:00,1.4295,103.814,C,Cloud to Cloud,2026-02-06T18:36:22.206+08:00
2026-02-07 11:58:19,2026-02-06T18:38:00+08:00,2026-02-06T18:40:05+08:00,1.4306,103.8075,C,Cloud to Cloud,2026-02-06T18:36:22.206+08:00
2026-02-07 11:58:19,2026-02-06T18:38:00+08:00,2026-02-06T18:40:05+08:00,1.4283,103.8162,C,Cloud to Cloud,2026-02-06T18:36:22.206+08:00
2026-02-07 11:58:19,2026-02-06T18:38:00+08:00,2026-02-06T18:40:05+08:00,1.4267,103.8228,C,Cloud to Cloud,2026-02-06T18:36:22.207+08:00
2026-02-07 11:58:19,2026-02-06T18:38:00+08:00,2026-02-06T18:40:05+08:00,1.4281,103.8179,C,Cloud to Cloud,2026-02-06T18:36:22.207+08:00
2026-02-07 11:58:19,2026-02-06T18:38:00+08:00,2026-02-06T18:40:05+08:00,1.4261,103.8217,C,Cloud to Cloud,2026-02-06T18:36:22.207+08:00
2026-02-07 11:58:19,2026-02-06T18:38:00+08:00,2026-02-06T18:40:05+08:00,1.431,103.813,C,Cloud to Cloud,2026-02-06T18:36:22.207+08:00
2026-02-07 11:58:19,2026-02-06T18:38:00+08:00,2026-02-06T18:40:05+08:00,1.4306,103.8147,C,Cloud to Cloud,2026-02-06T18:36:22.207+08:00
2026-02-07 11:58:19,2026-02-06T18:38:00+08:00,2026-02-06T18:40:05+08:00,1.4215,103.8203,C,Cloud to Cloud,2026-02-06T18:36:22.207+08:00
2026-02-07 11:58:19,2026-02-06T18:38:00+08:00,2026-02-06T18:40:05+08:00,1.4302,103.8104,C,Cloud to Cloud,2026-02-06T18:36:22.207+08:00
2026-02-07 11:58:19,2026-02-06T18:38:00+08:00,2026-02-06T18:40:05+08:00,1.4285,103.8152,C,Cloud to Cloud,2026-02-06T18:36:22.207+08:00
2026-02-07 11:58:19,2026-02-06T18:38:00+08:00,2026-02-06T18:40:05+08:00,1.4279,103.8121,C,Cloud to Cloud,2026-02-06T18:36:22.207+08:00
2026-02-07 11:58:19,2026-02-06T18:38:00+08:00,2026-02-06T18:40:05+08:00,1.4251,103.8125,C,Cloud to Cloud,2026-02-06T18:36:22.207+08:00
2026-02-07 11:58:19,2026-02-06T18:38:00+08:00,2026-02-06T18:40:05+08:00,1.4212,103.812,C,Cloud to Cloud,2026-02-06T18:36:22.208+08:00
2026-02-07 11:58:19,2026-02-06T18:38:00+08:00,2026-02-06T18:40:05+08:00,1.4252,103.8134,C,Cloud to Cloud,2026-02-06T18:36:22.208+08:00
2026-02-07 11:58:19,2026-02-06T18:38:00+08:00,2026-02-06T18:40:05+08:00,1.4267,103.8114,C,Cloud to Cloud,2026-02-06T18:36:22.208+08:00
2026-02-07 11:58:19,2026-02-06T18:38:00+08:00,2026-02-06T18:40:05+08:00,1.4277,103.8121,C,Cloud to Cloud,2026-02-06T18:36:22.208+08:00
2026-02-07 11:58:19,2026-02-06T18:38:00+08:00,2026-02-06T18:40:05+08:00,1.4266,103.8142,C,Cloud to Cloud,2026-02-06T18:36:22.208+08:00
2026-02-07 11:58:19,2026-02-06T18:38:00+08:00,2026-02-06T18:40:05+08:00,1.4319,103.812,C,Cloud to Cloud,2026-02-06T18:36:22.208+08:00
2026-02-07 11:58:19,2026-02-06T18:38:00+08:00,2026-02-06T18:40:05+08:00,1.4307,103.8113,C,Cloud to Cloud,2026-02-06T18:36:22.208+08:00
2026-02-07 11:58:19,2026-02-06T18:38:00+08:00,2026-02-06T18:40:05+08:00,1.4269,103.8121,C,Cloud to Cloud,2026-02-06T18:36:22.208+08:00
2026-02-07 11:58:19,2026-02-06T18:38:00+08:00,2026-02-06T18:40:05+08:00,1.4245,103.8105,C,Cloud to Cloud,2026-02-06T18:36:22.208+08:00
2026-02-07 11:58:19,2026-02-06T18:38:00+08:00,2026-02-06T18:40:05+08:00,1.4283,103.8117,C,Cloud to Cloud,2026-02-06T18:36:22.208+08:00
2026-02-07 11:58:19,2026-02-06T18:38:00+08:00,2026-02-06T18:40:05+08:00,1.419,103.8158,C,Cloud to Cloud,2026-02-06T18:36:22.209+08:00
2026-02-07 11:58:19,2026-02-06T18:38:00+08:00,2026-02-06T18:40:05+08:00,1.4219,103.8138,C,Cloud to Cloud,2026-02-06T18:36:22.209+08:00
2026-02-07 11:58:19,2026-02-06T18:38:00+08:00,2026-02-06T18:40:05+08:00,1.4212,103.8137,C,Cloud to Cloud,2026-02-06T18:36:22.209+08:00
2026-02-07 11:58:19,2026-02-06T18:38:00+08:00,2026-02-06T18:40:05+08:00,1.4243,103.8129,C,Cloud to Cloud,2026-02-06T18:36:22.209+08:00
2026-02-07 11:58:19,2026-02-06T18:38:00+08:00,2026-02-06T18:40:05+08:00,1.4208,103.8158,C,Cloud to Cloud,2026-02-06T18:36:22.209+08:00
2026-02-07 11:58:19,2026-02-06T18:38:00+08:00,2026-02-06T18:40:05+08:00,1.4223,103.8124,C,Cloud to Cloud,2026-02-06T18:36:22.209+08:00
2026-02-07 11:58:19,2026-02-06T18:38:00+08:00,2026-02-06T18:40:05+08:00,1.4227,103.8112,C,Cloud to Cloud,2026-02-06T18:36:22.209+08:00
2026-02-07 11:58:19,2026-02-06T18:38:00+08:00,2026-02-06T18:40:05+08:00,1.4279,103.804,C,Cloud to Cloud,2026-02-06T18:36:22.209+08:00
2026-02-07 11:58:19,2026-02-06T18:38:00+08:00,2026-02-06T18:40:05+08:00,1.4265,103.7989,C,Cloud to Cloud,2026-02-06T18:36:22.21+08:00
2026-02-07 11:58:19,2026-02-06T18:38:00+08:00,2026-02-06T18:40:05+08:00,1.4195,103.8124,C,Cloud to Cloud,2026-02-06T18:36:22.21+08:00
2026-02-07 11:58:19,2026-02-06T18:38:00+08:00,2026-02-06T18:40:05+08:00,1.4301,103.8021,C,Cloud to Cloud,2026-02-06T18:36:22.21+08:00
2026-02-07 11:58:19,2026-02-06T18:38:00+08:00,2026-02-06T18:40:05+08:00,1.4322,103.8107,C,Cloud to Cloud,2026-02-06T18:36:22.21+08:00
2026-02-07 11:58:19,2026-02-06T18:38:00+08:00,2026-02-06T18:40:05+08:00,1.4216,103.8129,C,Cloud to Cloud,2026-02-06T18:36:22.21+08:00
2026-02-07 11:58:19,2026-02-06T18:38:00+08:00,2026-02-06T18:40:05+08:00,1.4265,103.7983,C,Cloud to Cloud,2026-02-06T18:36:22.21+08:00
2026-02-07 11:58:19,2026-02-06T18:38:00+08:00,2026-02-06T18:40:05+08:00,1.4294,103.799,C,Cloud to Cloud,2026-02-06T18:36:22.21+08:00
2026-02-07 11:58:19,2026-02-06T18:38:00+08:00,2026-02-06T18:40:05+08:00,1.4243,103.8035,C,Cloud to Cloud,2026-02-06T18:36:22.21+08:00
2026-02-07 11:58:19,2026-02-06T18:38:00+08:00,2026-02-06T18:40:05+08:00,1.4244,103.8025,C,Cloud to Cloud,2026-02-06T18:36:22.21+08:00
2026-02-07 11:58:19,2026-02-06T18:38:00+08:00,2026-02-06T18:40:05+08:00,1.4276,103.7971,C,Cloud to Cloud,2026-02-06T18:36:22.211+08:00
2026-02-07 11:58:19,2026-02-06T18:38:00+08:00,2026-02-06T18:40:05+08:00,1.4166,103.8119,C,Cloud to Cloud,2026-02-06T18:36:22.211+08:00
2026-02-07 11:58:19,2026-02-06T18:38:00+08:00,2026-02-06T18:40:05+08:00,1.4317,103.7965,C,Cloud to Cloud,2026-02-06T18:36:22.211+08:00
2026-02-07 11:58:19,2026-02-06T18:38:00+08:00,2026-02-06T18:40:05+08:00,1.428,103.7907,C,Cloud to Cloud,2026-02-06T18:36:22.211+08:00
2026-02-07 11:58:19,2026-02-06T18:38:00+08:00,2026-02-06T18:40:05+08:00,1.4306,103.7985,C,Cloud to Cloud,2026-02-06T18:36:22.211+08:00
2026-02-07 11:58:19,2026-02-06T18:38:00+08:00,2026-02-06T18:40:05+08:00,1.4226,103.8013,C,Cloud to Cloud,2026-02-06T18:36:22.211+08:00
2026-02-07 11:58:19,2026-02-06T18:38:00+08:00,2026-02-06T18:40:05+08:00,1.4137,103.8094,C,Cloud to Cloud,2026-02-06T18:36:22.211+08:00
2026-02-07 11:58:19,2026-02-06T18:38:00+08:00,2026-02-06T18:40:05+08:00,1.4263,103.7934,C,Cloud to Cloud,2026-02-06T18:36:22.211+08:00
2026-02-07 11:58:19,2026-02-06T18:38:00+08:00,2026-02-06T18:40:05+08:00,1.425,103.7939,C,Cloud to Cloud,2026-02-06T18:36:22.212+08:00
2026-02-07 11:58:19,2026-02-06T18:38:00+08:00,2026-02-06T18:40:05+08:00,1.4241,103.8052,C,Cloud to Cloud,2026-02-06T18:36:22.212+08:00
2026-02-07 11:58:19,2026-02-06T18:38:00+08:00,2026-02-06T18:40:05+08:00,1.4299,103.7912,C,Cloud to Cloud,2026-02-06T18:36:22.212+08:00
2026-02-07 11:58:19,2026-02-06T18:38:00+08:00,2026-02-06T18:40:05+08:00,1.4235,103.8101,C,Cloud to Cloud,2026-02-06T18:36:22.212+08:00
2026-02-07 11:58:19,2026-02-06T18:38:00+08:00,2026-02-06T18:40:05+08:00,1.4184,103.7964,C,Cloud to Cloud,2026-02-06T18:36:22.212+08:00
2026-02-07 11:58:19,2026-02-06T18:38:00+08:00,2026-02-06T18:40:05+08:00,1.4192,103.8096,C,Cloud to Cloud,2026-02-06T18:36:22.212+08:00
2026-02-07 11:58:19,2026-02-06T18:38:00+08:00,2026-02-06T18:40:05+08:00,1.4226,103.802,C,Cloud to Cloud,2026-02-06T18:36:22.213+08:00
2026-02-07 11:58:19,2026-02-06T18:38:00+08:00,2026-02-06T18:40:05+08:00,1.4219,103.7925,C,Cloud to Cloud,2026-02-06T18:36:22.213+08:00
2026-02-07 11:58:19,2026-02-06T18:38:00+08:00,2026-02-06T18:40:05+08:00,1.4204,103.8073,C,Cloud to Cloud,2026-02-06T18:36:22.213+08:00
2026-02-07 11:58:19,2026-02-06T18:38:00+08:00,2026-02-06T18:40:05+08:00,1.4185,103.7892,C,Cloud to Cloud,2026-02-06T18:36:22.214+08:00
2026-02-07 11:58:19,2026-02-06T18:38:00+08:00,2026-02-06T18:40:05+08:00,1.4225,103.7854,C,Cloud to Cloud,2026-02-06T18:36:22.214+08:00
2026-02-07 11:58:19,2026-02-06T18:38:00+08:00,2026-02-06T18:40:05+08:00,1.4141,103.7987,C,Cloud to Cloud,2026-02-06T18:36:22.214+08:00
2026-02-07 11:58:19,2026-02-06T18:38:00+08:00,2026-02-06T18:40:05+08:00,1.4202,103.7959,C,Cloud to Cloud,2026-02-06T18:36:22.214+08:00
2026-02-07 11:58:19,2026-02-06T18:38:00+08:00,2026-02-06T18:40:05+08:00,1.4236,103.7846,C,Cloud to Cloud,2026-02-06T18:36:22.214+08:00
2026-02-07 11:58:19,2026-02-06T18:38:00+08:00,2026-02-06T18:40:05+08:00,1.4458,103.9049,C,Cloud to Cloud,2026-02-06T18:36:22.224+08:00
2026-02-07 11:58:19,2026-02-06T18:36:00+08:00,2026-02-06T18:38:02+08:00,1.4935,103.8871,C,Cloud to Cloud,2026-02-06T18:34:06.257+08:00
2026-02-07 11:58:19,2026-02-06T18:36:00+08:00,2026-02-06T18:38:02+08:00,1.4937,103.8895,C,Cloud to Cloud,2026-02-06T18:34:06.257+08:00
2026-02-07 11:58:19,2026-02-06T18:36:00+08:00,2026-02-06T18:38:02+08:00,1.4941,103.8848,C,Cloud to Cloud,2026-02-06T18:34:06.258+08:00
2026-02-07 11:58:19,2026-02-06T18:36:00+08:00,2026-02-06T18:38:02+08:00,1.496,103.8878,C,Cloud to Cloud,2026-02-06T18:34:06.258+08:00
2026-02-07 11:58:19,2026-02-06T18:36:00+08:00,2026-02-06T18:38:02+08:00,1.4968,103.8891,C,Cloud to Cloud,2026-02-06T18:34:06.258+08:00
2026-02-07 11:58:19,2026-02-06T18:36:00+08:00,2026-02-06T18:38:02+08:00,1.4976,103.8901,C,Cloud to Cloud,2026-02-06T18:34:06.258+08:00
2026-02-07 11:58:19,2026-02-06T18:36:00+08:00,2026-02-06T18:38:02+08:00,1.4974,103.8933,C,Cloud to Cloud,2026-02-06T18:34:06.258+08:00
2026-02-07 11:58:19,2026-02-06T18:36:00+08:00,2026-02-06T18:38:02+08:00,1.4943,103.8912,C,Cloud to Cloud,2026-02-06T18:34:06.258+08:00
2026-02-07 11:58:19,2026-02-06T18:36:00+08:00,2026-02-06T18:38:02+08:00,1.4931,103.8912,C,Cloud to Cloud,2026-02-06T18:34:06.258+08:00
2026-02-07 11:58:19,2026-02-06T18:36:00+08:00,2026-02-06T18:38:02+08:00,1.4926,103.8904,C,Cloud to Cloud,2026-02-06T18:34:06.258+08:00
2026-02-07 11:58:19,2026-02-06T18:36:00+08:00,2026-02-06T18:38:02+08:00,1.5077,103.9249,G,Cloud to Ground,2026-02-06T18:34:06.258+08:00
2026-02-07 11:58:19,2026-02-06T18:36:00+08:00,2026-02-06T18:38:02+08:00,1.4914,103.8898,C,Cloud to Cloud,2026-02-06T18:34:06.258+08:00
2026-02-07 11:58:19,2026-02-06T18:36:00+08:00,2026-02-06T18:38:02+08:00,1.4935,103.8907,C,Cloud to Cloud,2026-02-06T18:34:06.259+08:00
2026-02-07 11:58:19,2026-02-06T18:36:00+08:00,2026-02-06T18:38:02+08:00,1.4932,103.8908,C,Cloud to Cloud,2026-02-06T18:34:06.259+08:00
2026-02-07 11:58:19,2026-02-06T18:36:00+08:00,2026-02-06T18:38:02+08:00,1.4924,103.8897,C,Cloud to Cloud,2026-02-06T18:34:06.259+08:00
2026-02-07 11:58:19,2026-02-06T18:36:00+08:00,2026-02-06T18:38:02+08:00,1.4957,103.8926,C,Cloud to Cloud,2026-02-06T18:34:06.259+08:00
2026-02-07 11:58:19,2026-02-06T18:36:00+08:00,2026-02-06T18:38:02+08:00,1.4947,103.8934,C,Cloud to Cloud,2026-02-06T18:34:06.259+08:00
2026-02-07 11:58:19,2026-02-06T18:36:00+08:00,2026-02-06T18:38:02+08:00,1.4955,103.8943,C,Cloud to Cloud,2026-02-06T18:34:06.259+08:00
2026-02-07 11:58:19,2026-02-06T18:36:00+08:00,2026-02-06T18:38:02+08:00,1.4602,103.8859,C,Cloud to Cloud,2026-02-06T18:34:06.259+08:00
2026-02-07 11:58:19,2026-02-06T18:36:00+08:00,2026-02-06T18:38:02+08:00,1.4967,103.8944,C,Cloud to Cloud,2026-02-06T18:34:06.259+08:00
2026-02-07 11:58:19,2026-02-06T18:36:00+08:00,2026-02-06T18:38:02+08:00,1.5094,103.9006,C,Cloud to Cloud,2026-02-06T18:34:06.259+08:00
2026-02-07 11:58:19,2026-02-06T18:36:00+08:00,2026-02-06T18:38:02+08:00,1.5014,103.8937,C,Cloud to Cloud,2026-02-06T18:34:06.259+08:00
2026-02-07 11:58:19,2026-02-06T18:36:00+08:00,2026-02-06T18:38:02+08:00,1.4998,103.8906,C,Cloud to Cloud,2026-02-06T18:34:06.26+08:00
2026-02-07 11:58:19,2026-02-06T18:36:00+08:00,2026-02-06T18:38:02+08:00,1.5002,103.8908,C,Cloud to Cloud,2026-02-06T18:34:06.26+08:00
2026-02-07 11:58:19,2026-02-06T18:36:00+08:00,2026-02-06T18:38:02+08:00,1.5015,103.8919,C,Cloud to Cloud,2026-02-06T18:34:06.26+08:00
2026-02-07 11:58:19,2026-02-06T18:36:00+08:00,2026-02-06T18:38:02+08:00,1.4988,103.8965,C,Cloud to Cloud,2026-02-06T18:34:06.26+08:00
2026-02-07 11:58:19,2026-02-06T18:36:00+08:00,2026-02-06T18:38:02+08:00,1.5025,103.8921,C,Cloud to Cloud,2026-02-06T18:34:06.26+08:00
2026-02-07 11:58:19,2026-02-06T18:36:00+08:00,2026-02-06T18:38:02+08:00,1.5024,103.8922,C,Cloud to Cloud,2026-02-06T18:34:06.26+08:00
2026-02-07 11:58:19,2026-02-06T18:36:00+08:00,2026-02-06T18:38:02+08:00,1.5015,103.8915,C,Cloud to Cloud,2026-02-06T18:34:06.26+08:00
2026-02-07 11:58:19,2026-02-06T18:36:00+08:00,2026-02-06T18:38:02+08:00,1.5021,103.8913,C,Cloud to Cloud,2026-02-06T18:34:06.26+08:00
2026-02-07 11:58:19,2026-02-06T18:36:00+08:00,2026-02-06T18:38:02+08:00,1.5031,103.8916,C,Cloud to Cloud,2026-02-06T18:34:06.26+08:00
2026-02-07 11:58:19,2026-02-06T18:36:00+08:00,2026-02-06T18:38:02+08:00,1.5043,103.8922,C,Cloud to Cloud,2026-02-06T18:34:06.261+08:00
2026-02-07 11:58:19,2026-02-06T18:36:00+08:00,2026-02-06T18:38:02+08:00,1.5026,103.8903,C,Cloud to Cloud,2026-02-06T18:34:06.261+08:00
2026-02-07 11:58:19,2026-02-06T18:36:00+08:00,2026-02-06T18:38:02+08:00,1.5027,103.891,C,Cloud to Cloud,2026-02-06T18:34:06.261+08:00
2026-02-07 11:58:19,2026-02-06T18:36:00+08:00,2026-02-06T18:38:02+08:00,1.4997,103.8937,C,Cloud to Cloud,2026-02-06T18:34:06.261+08:00
2026-02-07 11:58:19,2026-02-06T18:36:00+08:00,2026-02-06T18:38:02+08:00,1.5028,103.8966,C,Cloud to Cloud,2026-02-06T18:34:06.261+08:00
2026-02-07 11:58:19,2026-02-06T18:36:00+08:00,2026-02-06T18:38:02+08:00,1.5024,103.895,C,Cloud to Cloud,2026-02-06T18:34:06.261+08:00
2026-02-07 11:58:19,2026-02-06T18:36:00+08:00,2026-02-06T18:38:02+08:00,1.5072,103.893,C,Cloud to Cloud,2026-02-06T18:34:06.261+08:00
2026-02-07 11:58:19,2026-02-06T18:36:00+08:00,2026-02-06T18:38:02+08:00,1.5011,103.8953,C,Cloud to Cloud,2026-02-06T18:34:06.261+08:00
2026-02-07 11:58:19,2026-02-06T18:36:00+08:00,2026-02-06T18:38:02+08:00,1.5015,103.8944,C,Cloud to Cloud,2026-02-06T18:34:06.262+08:00
2026-02-07 11:58:19,2026-02-06T18:36:00+08:00,2026-02-06T18:38:02+08:00,1.4992,103.8919,C,Cloud to Cloud,2026-02-06T18:34:06.262+08:00
2026-02-07 11:58:19,2026-02-06T18:36:00+08:00,2026-02-06T18:38:02+08:00,1.5014,103.893,C,Cloud to Cloud,2026-02-06T18:34:06.262+08:00
2026-02-07 11:58:19,2026-02-06T18:36:00+08:00,2026-02-06T18:38:02+08:00,1.5001,103.8915,C,Cloud to Cloud,2026-02-06T18:34:06.262+08:00
2026-02-07 11:58:19,2026-02-06T18:36:00+08:00,2026-02-06T18:38:02+08:00,1.5009,103.8932,C,Cloud to Cloud,2026-02-06T18:34:06.262+08:00
2026-02-07 11:58:19,2026-02-06T18:36:00+08:00,2026-02-06T18:38:02+08:00,1.5037,103.8986,C,Cloud to Cloud,2026-02-06T18:34:06.262+08:00
2026-02-07 11:58:19,2026-02-06T18:36:00+08:00,2026-02-06T18:38:02+08:00,1.5011,103.8946,C,Cloud to Cloud,2026-02-06T18:34:06.263+08:00
2026-02-07 11:58:19,2026-02-06T18:36:00+08:00,2026-02-06T18:38:02+08:00,1.5005,103.8955,C,Cloud to Cloud,2026-02-06T18:34:06.263+08:00
2026-02-07 11:58:19,2026-02-06T18:36:00+08:00,2026-02-06T18:38:02+08:00,1.5035,103.8975,C,Cloud to Cloud,2026-02-06T18:34:06.263+08:00
2026-02-07 11:58:19,2026-02-06T18:36:00+08:00,2026-02-06T18:38:02+08:00,1.5029,103.892,C,Cloud to Cloud,2026-02-06T18:34:06.263+08:00
2026-02-07 11:58:19,2026-02-06T18:36:00+08:00,2026-02-06T18:38:02+08:00,1.5021,103.8919,C,Cloud to Cloud,2026-02-06T18:34:06.263+08:00
2026-02-07 11:58:19,2026-02-06T18:36:00+08:00,2026-02-06T18:38:02+08:00,1.5043,103.8943,C,Cloud to Cloud,2026-02-06T18:34:06.263+08:00
2026-02-07 11:58:19,2026-02-06T18:36:00+08:00,2026-02-06T18:38:02+08:00,1.4903,103.893,C,Cloud to Cloud,2026-02-06T18:34:06.263+08:00
2026-02-07 11:58:19,2026-02-06T18:36:00+08:00,2026-02-06T18:38:02+08:00,1.4981,103.8764,G,Cloud to Ground,2026-02-06T18:34:06.263+08:00
2026-02-07 11:58:19,2026-02-06T18:36:00+08:00,2026-02-06T18:38:02+08:00,1.4977,103.887,C,Cloud to Cloud,2026-02-06T18:34:06.263+08:00
2026-02-07 11:58:19,2026-02-06T18:36:00+08:00,2026-02-06T18:38:02+08:00,1.5009,103.8994,C,Cloud to Cloud,2026-02-06T18:34:06.263+08:00
2026-02-07 11:58:19,2026-02-06T18:36:00+08:00,2026-02-06T18:38:02+08:00,1.4946,103.8961,C,Cloud to Cloud,2026-02-06T18:34:06.263+08:00
2026-02-07 11:58:19,2026-02-06T18:36:00+08:00,2026-02-06T18:38:02+08:00,1.4879,103.8987,C,Cloud to Cloud,2026-02-06T18:34:06.264+08:00
2026-02-07 11:58:19,2026-02-06T18:36:00+08:00,2026-02-06T18:38:02+08:00,1.4797,103.894,C,Cloud to Cloud,2026-02-06T18:34:06.286+08:00
2026-02-07 11:58:19,2026-02-06T18:36:00+08:00,2026-02-06T18:38:02+08:00,1.4797,103.894,C,Cloud to Cloud,2026-02-06T18:34:06.287+08:00
2026-02-07 11:58:19,2026-02-06T18:36:00+08:00,2026-02-06T18:38:02+08:00,1.481,103.8983,C,Cloud to Cloud,2026-02-06T18:34:06.287+08:00
2026-02-07 11:58:19,2026-02-06T18:36:00+08:00,2026-02-06T18:38:02+08:00,1.4819,103.8982,C,Cloud to Cloud,2026-02-06T18:34:06.297+08:00
2026-02-07 11:58:19,2026-02-06T18:36:00+08:00,2026-02-06T18:38:02+08:00,1.4819,103.8982,C,Cloud to Cloud,2026-02-06T18:34:06.298+08:00
2026-02-07 11:58:19,2026-02-06T18:36:00+08:00,2026-02-06T18:38:02+08:00,1.4828,103.9007,C,Cloud to Cloud,2026-02-06T18:34:06.298+08:00
2026-02-07 11:58:19,2026-02-06T18:36:00+08:00,2026-02-06T18:38:02+08:00,1.4809,103.8912,C,Cloud to Cloud,2026-02-06T18:34:06.308+08:00
2026-02-07 11:58:19,2026-02-06T18:36:00+08:00,2026-02-06T18:38:02+08:00,1.4809,103.8912,C,Cloud to Cloud,2026-02-06T18:34:06.308+08:00
2026-02-07 11:58:19,2026-02-06T18:36:00+08:00,2026-02-06T18:38:02+08:00,1.4838,103.8998,C,Cloud to Cloud,2026-02-06T18:34:06.308+08:00
2026-02-07 11:58:19,2026-02-06T18:36:00+08:00,2026-02-06T18:38:02+08:00,1.4857,103.8993,C,Cloud to Cloud,2026-02-06T18:34:06.308+08:00
2026-02-07 11:58:19,2026-02-06T18:36:00+08:00,2026-02-06T18:38:02+08:00,1.4842,103.8923,C,Cloud to Cloud,2026-02-06T18:34:06.309+08:00
2026-02-07 11:58:19,2026-02-06T18:36:00+08:00,2026-02-06T18:38:02+08:00,1.4851,103.8902,C,Cloud to Cloud,2026-02-06T18:34:06.309+08:00
2026-02-07 11:58:19,2026-02-06T18:36:00+08:00,2026-02-06T18:38:02+08:00,1.4861,103.8912,C,Cloud to Cloud,2026-02-06T18:34:06.309+08:00
2026-02-07 11:58:19,2026-02-06T18:36:00+08:00,2026-02-06T18:38:02+08:00,1.4856,103.8893,C,Cloud to Cloud,2026-02-06T18:34:06.309+08:00
2026-02-07 11:58:19,2026-02-06T18:36:00+08:00,2026-02-06T18:38:02+08:00,1.4855,103.8874,C,Cloud to Cloud,2026-02-06T18:34:06.309+08:00
2026-02-07 11:58:19,2026-02-06T18:36:00+08:00,2026-02-06T18:38:02+08:00,1.4866,103.8867,C,Cloud to Cloud,2026-02-06T18:34:06.309+08:00
2026-02-07 11:58:19,2026-02-06T18:36:00+08:00,2026-02-06T18:38:02+08:00,1.4879,103.8829,C,Cloud to Cloud,2026-02-06T18:34:06.309+08:00
2026-02-07 11:58:19,2026-02-06T18:36:00+08:00,2026-02-06T18:38:02+08:00,1.4985,103.8769,G,Cloud to Ground,2026-02-06T18:34:06.312+08:00
2026-02-07 11:58:19,2026-02-06T18:36:00+08:00,2026-02-06T18:38:02+08:00,1.4727,103.885,C,Cloud to Cloud,2026-02-06T18:34:06.325+08:00
2026-02-07 11:58:19,2026-02-06T18:36:00+08:00,2026-02-06T18:38:02+08:00,1.4727,103.885,C,Cloud to Cloud,2026-02-06T18:34:06.325+08:00
2026-02-07 11:58:19,2026-02-06T18:36:00+08:00,2026-02-06T18:38:02+08:00,1.4676,103.8649,C,Cloud to Cloud,2026-02-06T18:34:06.355+08:00
2026-02-07 11:58:19,2026-02-06T18:36:00+08:00,2026-02-06T18:38:02+08:00,1.4816,103.9085,C,Cloud to Cloud,2026-02-06T18:34:06.355+08:00
2026-02-07 11:58:19,2026-02-06T18:36:00+08:00,2026-02-06T18:38:02+08:00,1.4903,103.8896,G,Cloud to Ground,2026-02-06T18:34:06.355+08:00
2026-02-07 11:58:19,2026-02-06T18:36:00+08:00,2026-02-06T18:38:02+08:00,1.472,103.8865,C,Cloud to Cloud,2026-02-06T18:34:06.355+08:00
2026-02-07 11:58:19,2026-02-06T18:36:00+08:00,2026-02-06T18:38:02+08:00,1.4816,103.9085,C,Cloud to Cloud,2026-02-06T18:34:06.355+08:00
2026-02-07 11:58:19,2026-02-06T18:36:00+08:00,2026-02-06T18:38:02+08:00,1.472,103.8868,C,Cloud to Cloud,2026-02-06T18:34:06.355+08:00
2026-02-07 11:58:19,2026-02-06T18:36:00+08:00,2026-02-06T18:38:02+08:00,1.4667,103.8821,C,Cloud to Cloud,2026-02-06T18:34:06.355+08:00
2026-02-07 11:58:19,2026-02-06T18:36:00+08:00,2026-02-06T18:38:02+08:00,1.4648,103.8893,C,Cloud to Cloud,2026-02-06T18:34:06.355+08:00
2026-02-07 11:58:19,2026-02-06T18:36:00+08:00,2026-02-06T18:38:02+08:00,1.4638,103.8835,C,Cloud to Cloud,2026-02-06T18:34:06.375+08:00
2026-02-07 11:58:19,2026-02-06T18:36:00+08:00,2026-02-06T18:38:02+08:00,1.4643,103.8822,C,Cloud to Cloud,2026-02-06T18:34:06.375+08:00
2026-02-07 11:58:19,2026-02-06T18:36:00+08:00,2026-02-06T18:38:02+08:00,1.4687,103.8855,C,Cloud to Cloud,2026-02-06T18:34:06.375+08:00
2026-02-07 11:58:19,2026-02-06T18:36:00+08:00,2026-02-06T18:38:02+08:00,1.4707,103.8926,C,Cloud to Cloud,2026-02-06T18:34:06.375+08:00
2026-02-07 11:58:19,2026-02-06T18:36:00+08:00,2026-02-06T18:38:02+08:00,1.4652,103.8845,C,Cloud to Cloud,2026-02-06T18:34:06.376+08:00
2026-02-07 11:58:19,2026-02-06T18:36:00+08:00,2026-02-06T18:38:02+08:00,1.4715,103.8808,C,Cloud to Cloud,2026-02-06T18:34:06.376+08:00
2026-02-07 11:58:19,2026-02-06T18:36:00+08:00,2026-02-06T18:38:02+08:00,1.4654,103.8763,C,Cloud to Cloud,2026-02-06T18:34:06.376+08:00
2026-02-07 11:58:19,2026-02-06T18:36:00+08:00,2026-02-06T18:38:02+08:00,1.4678,103.8898,C,Cloud to Cloud,2026-02-06T18:34:06.376+08:00
2026-02-07 11:58:19,2026-02-06T18:36:00+08:00,2026-02-06T18:38:02+08:00,1.4917,103.8867,C,Cloud to Cloud,2026-02-06T18:34:06.387+08:00
2026-02-07 11:58:19,2026-02-06T18:36:00+08:00,2026-02-06T18:38:02+08:00,1.4866,103.8901,C,Cloud to Cloud,2026-02-06T18:34:06.388+08:00
2026-02-07 11:58:19,2026-02-06T18:36:00+08:00,2026-02-06T18:38:02+08:00,1.5006,103.8916,C,Cloud to Cloud,2026-02-06T18:34:06.388+08:00
2026-02-07 11:58:19,2026-02-06T18:36:00+08:00,2026-02-06T18:38:02+08:00,1.4793,103.9059,C,Cloud to Cloud,2026-02-06T18:34:06.388+08:00
2026-02-07 11:58:19,2026-02-06T18:36:00+08:00,2026-02-06T18:38:02+08:00,1.4908,103.8893,G,Cloud to Ground,2026-02-06T18:34:06.388+08:00
2026-02-07 11:58:19,2026-02-06T18:36:00+08:00,2026-02-06T18:38:02+08:00,1.4754,103.9074,C,Cloud to Cloud,2026-02-06T18:34:06.388+08:00
2026-02-07 11:58:19,2026-02-06T18:36:00+08:00,2026-02-06T18:38:02+08:00,1.4638,103.8879,C,Cloud to Cloud,2026-02-06T18:34:06.388+08:00
2026-02-07 11:58:19,2026-02-06T18:36:00+08:00,2026-02-06T18:38:02+08:00,1.4667,103.8808,C,Cloud to Cloud,2026-02-06T18:34:06.388+08:00
2026-02-07 11:58:19,2026-02-06T18:36:00+08:00,2026-02-06T18:38:02+08:00,1.4641,103.883,C,Cloud to Cloud,2026-02-06T18:34:06.389+08:00
2026-02-07 11:58:19,2026-02-06T18:36:00+08:00,2026-02-06T18:38:02+08:00,1.4665,103.8898,C,Cloud to Cloud,2026-02-06T18:34:06.389+08:00
2026-02-07 11:58:19,2026-02-06T18:36:00+08:00,2026-02-06T18:38:02+08:00,1.5496,103.9084,G,Cloud to Ground,2026-02-06T18:34:06.389+08:00
2026-02-07 11:58:19,2026-02-06T18:36:00+08:00,2026-02-06T18:38:02+08:00,1.4672,103.8847,C,Cloud to Cloud,2026-02-06T18:34:06.389+08:00
2026-02-07 11:58:19,2026-02-06T18:36:00+08:00,2026-02-06T18:38:02+08:00,1.4739,103.8876,C,Cloud to Cloud,2026-02-06T18:34:06.389+08:00
2026-02-07 11:58:19,2026-02-06T18:36:00+08:00,2026-02-06T18:38:02+08:00,1.4668,103.8791,C,Cloud to Cloud,2026-02-06T18:34:06.39+08:00
2026-02-07 11:58:19,2026-02-06T18:36:00+08:00,2026-02-06T18:38:02+08:00,1.5934,103.8707,C,Cloud to Cloud,2026-02-06T18:34:06.39+08:00
2026-02-07 11:58:19,2026-02-06T18:36:00+08:00,2026-02-06T18:38:02+08:00,1.4637,103.8808,C,Cloud to Cloud,2026-02-06T18:34:06.39+08:00
2026-02-07 11:58:19,2026-02-06T18:36:00+08:00,2026-02-06T18:38:02+08:00,1.4497,103.8883,C,Cloud to Cloud,2026-02-06T18:34:06.395+08:00
2026-02-07 11:58:19,2026-02-06T18:36:00+08:00,2026-02-06T18:38:02+08:00,1.4497,103.8883,C,Cloud to Cloud,2026-02-06T18:34:06.395+08:00
2026-02-07 11:58:19,2026-02-06T18:36:00+08:00,2026-02-06T18:38:02+08:00,1.4596,103.8896,C,Cloud to Cloud,2026-02-06T18:34:06.395+08:00
2026-02-07 11:58:19,2026-02-06T18:36:00+08:00,2026-02-06T18:38:02+08:00,1.4605,103.8878,C,Cloud to Cloud,2026-02-06T18:34:06.395+08:00
2026-02-07 11:58:19,2026-02-06T18:36:00+08:00,2026-02-06T18:38:02+08:00,1.4631,103.8854,C,Cloud to Cloud,2026-02-06T18:34:06.395+08:00
2026-02-07 11:58:19,2026-02-06T18:36:00+08:00,2026-02-06T18:38:02+08:00,1.4595,103.8908,C,Cloud to Cloud,2026-02-06T18:34:06.399+08:00
2026-02-07 11:58:19,2026-02-06T18:36:00+08:00,2026-02-06T18:38:02+08:00,1.4595,103.8908,C,Cloud to Cloud,2026-02-06T18:34:06.4+08:00
2026-02-07 11:58:19,2026-02-06T18:36:00+08:00,2026-02-06T18:38:02+08:00,1.4823,103.8876,C,Cloud to Cloud,2026-02-06T18:34:06.413+08:00
2026-02-07 11:58:19,2026-02-06T18:36:00+08:00,2026-02-06T18:38:02+08:00,1.4818,103.8891,C,Cloud to Cloud,2026-02-06T18:34:06.414+08:00
2026-02-07 11:58:19,2026-02-06T18:36:00+08:00,2026-02-06T18:38:02+08:00,1.4567,103.875,C,Cloud to Cloud,2026-02-06T18:34:06.425+08:00
2026-02-07 11:58:19,2026-02-06T18:36:00+08:00,2026-02-06T18:38:02+08:00,1.4607,103.8812,C,Cloud to Cloud,2026-02-06T18:34:06.425+08:00
2026-02-07 11:58:19,2026-02-06T18:36:00+08:00,2026-02-06T18:38:02+08:00,1.4375,103.8918,C,Cloud to Cloud,2026-02-06T18:34:06.431+08:00
2026-02-07 11:58:19,2026-02-06T18:36:00+08:00,2026-02-06T18:38:02+08:00,1.4381,103.8651,C,Cloud to Cloud,2026-02-06T18:34:06.431+08:00
2026-02-07 11:58:19,2026-02-06T18:36:00+08:00,2026-02-06T18:38:02+08:00,1.4381,103.8651,C,Cloud to Cloud,2026-02-06T18:34:06.431+08:00
2026-02-07 11:58:19,2026-02-06T18:36:00+08:00,2026-02-06T18:38:02+08:00,1.4648,103.8925,C,Cloud to Cloud,2026-02-06T18:34:06.443+08:00
2026-02-07 11:58:19,2026-02-06T18:36:00+08:00,2026-02-06T18:38:02+08:00,1.4648,103.8925,C,Cloud to Cloud,2026-02-06T18:34:06.443+08:00
2026-02-07 11:58:19,2026-02-06T18:22:00+08:00,2026-02-06T18:24:03+08:00,1.4676,103.8487,C,Cloud to Cloud,2026-02-06T18:20:46.831+08:00
2026-02-07 11:58:19,2026-02-06T18:22:00+08:00,2026-02-06T18:24:03+08:00,1.4656,103.8474,C,Cloud to Cloud,2026-02-06T18:20:46.832+08:00
2026-02-07 11:58:19,2026-02-06T18:22:00+08:00,2026-02-06T18:24:03+08:00,1.4662,103.8425,C,Cloud to Cloud,2026-02-06T18:20:46.832+08:00
2026-02-07 11:58:19,2026-02-06T18:22:00+08:00,2026-02-06T18:24:03+08:00,1.464,103.8393,C,Cloud to Cloud,2026-02-06T18:20:46.832+08:00
2026-02-07 11:58:19,2026-02-06T18:22:00+08:00,2026-02-06T18:24:03+08:00,1.4642,103.8398,C,Cloud to Cloud,2026-02-06T18:20:46.832+08:00
2026-02-07 11:58:19,2026-02-06T18:22:00+08:00,2026-02-06T18:24:03+08:00,1.465,103.8431,C,Cloud to Cloud,2026-02-06T18:20:46.832+08:00
2026-02-07 11:58:19,2026-02-06T18:22:00+08:00,2026-02-06T18:24:03+08:00,1.4659,103.8451,C,Cloud to Cloud,2026-02-06T18:20:46.832+08:00
2026-02-07 11:58:19,2026-02-06T18:22:00+08:00,2026-02-06T18:24:03+08:00,1.4646,103.8427,C,Cloud to Cloud,2026-02-06T18:20:46.832+08:00
2026-02-07 11:58:19,2026-02-06T18:22:00+08:00,2026-02-06T18:24:03+08:00,1.4652,103.8459,C,Cloud to Cloud,2026-02-06T18:20:46.833+08:00
2026-02-07 11:58:19,2026-02-06T18:22:00+08:00,2026-02-06T18:24:03+08:00,1.4679,103.849,C,Cloud to Cloud,2026-02-06T18:20:46.833+08:00
2026-02-07 11:58:19,2026-02-06T18:22:00+08:00,2026-02-06T18:24:03+08:00,1.4532,103.8427,C,Cloud to Cloud,2026-02-06T18:20:46.833+08:00
2026-02-07 11:58:19,2026-02-06T18:22:00+08:00,2026-02-06T18:24:03+08:00,1.4662,103.8604,C,Cloud to Cloud,2026-02-06T18:20:46.833+08:00
2026-02-07 11:58:19,2026-02-06T18:22:00+08:00,2026-02-06T18:24:03+08:00,1.4668,103.8553,C,Cloud to Cloud,2026-02-06T18:20:46.833+08:00
2026-02-07 11:58:19,2026-02-06T18:22:00+08:00,2026-02-06T18:24:03+08:00,1.4657,103.8544,C,Cloud to Cloud,2026-02-06T18:20:46.833+08:00
2026-02-07 11:58:19,2026-02-06T18:22:00+08:00,2026-02-06T18:24:03+08:00,1.4677,103.8685,C,Cloud to Cloud,2026-02-06T18:20:46.833+08:00
2026-02-07 11:58:19,2026-02-06T18:22:00+08:00,2026-02-06T18:24:03+08:00,1.4678,103.858,C,Cloud to Cloud,2026-02-06T18:20:46.833+08:00
2026-02-07 11:58:19,2026-02-06T18:22:00+08:00,2026-02-06T18:24:03+08:00,1.4747,103.8497,C,Cloud to Cloud,2026-02-06T18:20:46.833+08:00
2026-02-07 11:58:19,2026-02-06T18:22:00+08:00,2026-02-06T18:24:03+08:00,1.467,103.8617,C,Cloud to Cloud,2026-02-06T18:20:46.833+08:00
2026-02-07 11:58:19,2026-02-06T18:22:00+08:00,2026-02-06T18:24:03+08:00,1.4675,103.8558,C,Cloud to Cloud,2026-02-06T18:20:46.833+08:00
2026-02-07 11:58:19,2026-02-06T18:22:00+08:00,2026-02-06T18:24:03+08:00,1.468,103.8679,C,Cloud to Cloud,2026-02-06T18:20:46.834+08:00
2026-02-07 11:58:19,2026-02-06T18:22:00+08:00,2026-02-06T18:24:03+08:00,1.4705,103.865,C,Cloud to Cloud,2026-02-06T18:20:46.834+08:00
2026-02-07 11:58:19,2026-02-06T18:22:00+08:00,2026-02-06T18:24:03+08:00,1.4691,103.8585,C,Cloud to Cloud,2026-02-06T18:20:46.834+08:00
2026-02-07 11:58:19,2026-02-06T18:22:00+08:00,2026-02-06T18:24:03+08:00,1.4689,103.8568,C,Cloud to Cloud,2026-02-06T18:20:46.834+08:00
2026-02-07 11:58:19,2026-02-06T18:22:00+08:00,2026-02-06T18:24:03+08:00,1.4684,103.8582,C,Cloud to Cloud,2026-02-06T18:20:46.834+08:00
2026-02-07 11:58:19,2026-02-06T18:22:00+08:00,2026-02-06T18:24:03+08:00,1.4676,103.8588,C,Cloud to Cloud,2026-02-06T18:20:46.834+08:00
2026-02-07 11:58:19,2026-02-06T18:22:00+08:00,2026-02-06T18:24:03+08:00,1.4728,103.8566,C,Cloud to Cloud,2026-02-06T18:20:46.834+08:00
2026-02-07 11:58:19,2026-02-06T18:22:00+08:00,2026-02-06T18:24:03+08:00,1.4789,103.8532,C,Cloud to Cloud,2026-02-06T18:20:46.834+08:00
2026-02-07 11:58:19,2026-02-06T18:22:00+08:00,2026-02-06T18:24:03+08:00,1.4681,103.8558,C,Cloud to Cloud,2026-02-06T18:20:46.834+08:00
2026-02-07 11:58:19,2026-02-06T18:22:00+08:00,2026-02-06T18:24:03+08:00,1.4714,103.846,C,Cloud to Cloud,2026-02-06T18:20:46.834+08:00
2026-02-07 11:58:19,2026-02-06T18:22:00+08:00,2026-02-06T18:24:03+08:00,1.4652,103.8502,C,Cloud to Cloud,2026-02-06T18:20:46.834+08:00
2026-02-07 11:58:19,2026-02-06T18:22:00+08:00,2026-02-06T18:24:03+08:00,1.4664,103.8516,C,Cloud to Cloud,2026-02-06T18:20:46.835+08:00
2026-02-07 11:58:19,2026-02-06T18:22:00+08:00,2026-02-06T18:24:03+08:00,1.4688,103.8703,C,Cloud to Cloud,2026-02-06T18:20:46.836+08:00
2026-02-07 11:58:19,2026-02-06T18:22:00+08:00,2026-02-06T18:24:03+08:00,1.4679,103.8492,C,Cloud to Cloud,2026-02-06T18:20:46.836+08:00
2026-02-07 11:58:19,2026-02-06T18:22:00+08:00,2026-02-06T18:24:03+08:00,1.4706,103.8465,C,Cloud to Cloud,2026-02-06T18:20:46.836+08:00
2026-02-07 11:58:19,2026-02-06T18:22:00+08:00,2026-02-06T18:24:03+08:00,1.4708,103.8572,C,Cloud to Cloud,2026-02-06T18:20:46.836+08:00
2026-02-07 11:58:19,2026-02-06T18:22:00+08:00,2026-02-06T18:24:03+08:00,1.4663,103.8689,C,Cloud to Cloud,2026-02-06T18:20:46.836+08:00
2026-02-07 11:58:19,2026-02-06T18:22:00+08:00,2026-02-06T18:24:03+08:00,1.4674,103.8677,C,Cloud to Cloud,2026-02-06T18:20:46.837+08:00
2026-02-07 11:58:19,2026-02-06T18:22:00+08:00,2026-02-06T18:24:03+08:00,1.4682,103.86,C,Cloud to Cloud,2026-02-06T18:20:46.837+08:00
2026-02-07 11:58:19,2026-02-06T18:22:00+08:00,2026-02-06T18:24:03+08:00,1.4691,103.8596,C,Cloud to Cloud,2026-02-06T18:20:46.837+08:00
2026-02-07 11:58:19,2026-02-06T18:22:00+08:00,2026-02-06T18:24:03+08:00,1.4691,103.8498,C,Cloud to Cloud,2026-02-06T18:20:46.837+08:00
2026-02-07 11:58:19,2026-02-06T18:22:00+08:00,2026-02-06T18:24:03+08:00,1.4766,103.8384,C,Cloud to Cloud,2026-02-06T18:20:46.837+08:00
2026-02-07 11:58:19,2026-02-06T18:22:00+08:00,2026-02-06T18:24:03+08:00,1.4668,103.8317,C,Cloud to Cloud,2026-02-06T18:20:46.837+08:00
2026-02-07 11:58:19,2026-02-06T18:22:00+08:00,2026-02-06T18:24:03+08:00,1.4677,103.8612,C,Cloud to Cloud,2026-02-06T18:20:46.838+08:00
2026-02-07 11:58:19,2026-02-06T18:22:00+08:00,2026-02-06T18:24:03+08:00,1.4681,103.8607,C,Cloud to Cloud,2026-02-06T18:20:46.838+08:00
2026-02-07 11:58:19,2026-02-06T18:22:00+08:00,2026-02-06T18:24:03+08:00,1.4741,103.8403,C,Cloud to Cloud,2026-02-06T18:20:46.839+08:00
2026-02-07 11:58:19,2026-02-06T18:22:00+08:00,2026-02-06T18:24:03+08:00,1.4741,103.8403,C,Cloud to Cloud,2026-02-06T18:20:46.839+08:00
2026-02-07 11:58:19,2026-02-06T18:22:00+08:00,2026-02-06T18:24:03+08:00,1.4702,103.852,C,Cloud to Cloud,2026-02-06T18:20:46.84+08:00
2026-02-07 11:58:19,2026-02-06T18:22:00+08:00,2026-02-06T18:24:03+08:00,1.4702,103.8353,C,Cloud to Cloud,2026-02-06T18:20:46.841+08:00
2026-02-07 11:58:19,2026-02-06T18:22:00+08:00,2026-02-06T18:24:03+08:00,1.4693,103.8316,C,Cloud to Cloud,2026-02-06T18:20:46.841+08:00
2026-02-07 11:58:19,2026-02-06T18:22:00+08:00,2026-02-06T18:24:03+08:00,1.4729,103.8547,C,Cloud to Cloud,2026-02-06T18:20:46.841+08:00
2026-02-07 11:58:19,2026-02-06T18:22:00+08:00,2026-02-06T18:24:03+08:00,1.4713,103.8558,C,Cloud to Cloud,2026-02-06T18:20:46.842+08:00
2026-02-07 11:58:19,2026-02-06T18:22:00+08:00,2026-02-06T18:24:03+08:00,1.4704,103.8439,C,Cloud to Cloud,2026-02-06T18:20:46.842+08:00
2026-02-07 11:58:19,2026-02-06T18:22:00+08:00,2026-02-06T18:24:03+08:00,1.4713,103.8574,C,Cloud to Cloud,2026-02-06T18:20:46.842+08:00
2026-02-07 11:58:19,2026-02-06T18:22:00+08:00,2026-02-06T18:24:03+08:00,1.4709,103.859,C,Cloud to Cloud,2026-02-06T18:20:46.843+08:00
2026-02-07 11:58:19,2026-02-06T18:22:00+08:00,2026-02-06T18:24:03+08:00,1.4712,103.8524,C,Cloud to Cloud,2026-02-06T18:20:46.843+08:00
2026-02-07 11:58:19,2026-02-06T18:22:00+08:00,2026-02-06T18:24:03+08:00,1.4786,103.8316,C,Cloud to Cloud,2026-02-06T18:20:46.844+08:00
2026-02-07 11:58:19,2026-02-06T18:22:00+08:00,2026-02-06T18:24:03+08:00,1.4677,103.8419,C,Cloud to Cloud,2026-02-06T18:20:46.844+08:00
2026-02-07 11:58:19,2026-02-06T18:22:00+08:00,2026-02-06T18:24:03+08:00,1.4703,103.865,C,Cloud to Cloud,2026-02-06T18:20:46.846+08:00
2026-02-07 11:58:19,2026-02-06T18:22:00+08:00,2026-02-06T18:24:03+08:00,1.4714,103.8581,C,Cloud to Cloud,2026-02-06T18:20:46.846+08:00
2026-02-07 11:58:19,2026-02-06T18:22:00+08:00,2026-02-06T18:24:03+08:00,1.4715,103.8546,C,Cloud to Cloud,2026-02-06T18:20:46.846+08:00
2026-02-07 11:58:19,2026-02-06T18:22:00+08:00,2026-02-06T18:24:03+08:00,1.4694,103.8518,C,Cloud to Cloud,2026-02-06T18:20:46.846+08:00
2026-02-07 11:58:19,2026-02-06T18:22:00+08:00,2026-02-06T18:24:03+08:00,1.4712,103.84,C,Cloud to Cloud,2026-02-06T18:20:46.851+08:00
2026-02-07 11:58:19,2026-02-06T18:22:00+08:00,2026-02-06T18:24:03+08:00,1.4602,103.8574,C,Cloud to Cloud,2026-02-06T18:20:46.854+08:00
2026-02-07 11:58:19,2026-02-06T18:22:00+08:00,2026-02-06T18:24:03+08:00,1.4602,103.8477,C,Cloud to Cloud,2026-02-06T18:20:46.855+08:00
2026-02-07 11:58:19,2026-02-06T18:22:00+08:00,2026-02-06T18:24:03+08:00,1.4599,103.8555,C,Cloud to Cloud,2026-02-06T18:20:46.856+08:00
2026-02-07 11:58:19,2026-02-06T18:22:00+08:00,2026-02-06T18:24:03+08:00,1.4637,103.8458,C,Cloud to Cloud,2026-02-06T18:20:46.862+08:00
2026-02-07 11:58:19,2026-02-06T18:22:00+08:00,2026-02-06T18:24:03+08:00,1.4798,103.8454,C,Cloud to Cloud,2026-02-06T18:20:46.863+08:00
2026-02-07 11:58:19,2026-02-06T18:22:00+08:00,2026-02-06T18:24:03+08:00,1.4126,103.8459,C,Cloud to Cloud,2026-02-06T18:20:46.863+08:00
2026-02-07 11:58:19,2026-02-06T18:22:00+08:00,2026-02-06T18:24:03+08:00,1.4755,103.8448,C,Cloud to Cloud,2026-02-06T18:20:46.863+08:00
2026-02-07 11:58:19,2026-02-06T18:22:00+08:00,2026-02-06T18:24:03+08:00,1.4616,103.8466,C,Cloud to Cloud,2026-02-06T18:20:46.873+08:00
2026-02-07 11:58:19,2026-02-06T18:22:00+08:00,2026-02-06T18:24:03+08:00,1.4459,103.8335,C,Cloud to Cloud,2026-02-06T18:20:46.9+08:00
2026-02-07 11:58:19,2026-02-06T18:22:00+08:00,2026-02-06T18:24:03+08:00,1.4304,103.8181,C,Cloud to Cloud,2026-02-06T18:20:46.921+08:00
2026-02-07 11:58:19,2026-02-06T18:22:00+08:00,2026-02-06T18:24:03+08:00,1.4401,103.8104,C,Cloud to Cloud,2026-02-06T18:20:46.922+08:00
2026-02-07 11:58:19,2026-02-06T18:22:00+08:00,2026-02-06T18:24:03+08:00,1.4585,103.805,C,Cloud to Cloud,2026-02-06T18:20:46.922+08:00
2026-02-07 11:58:19,2026-02-06T18:22:00+08:00,2026-02-06T18:24:03+08:00,1.5077,103.8315,C,Cloud to Cloud,2026-02-06T18:20:46.922+08:00
2026-02-07 11:58:19,2026-02-06T18:22:00+08:00,2026-02-06T18:24:03+08:00,1.4551,103.8248,C,Cloud to Cloud,2026-02-06T18:20:46.922+08:00
2026-02-07 11:58:19,2026-02-06T18:22:00+08:00,2026-02-06T18:24:03+08:00,1.4342,103.8182,C,Cloud to Cloud,2026-02-06T18:20:46.922+08:00
2026-02-07 11:58:19,2026-02-06T18:22:00+08:00,2026-02-06T18:24:03+08:00,1.4439,103.8097,C,Cloud to Cloud,2026-02-06T18:20:46.922+08:00
2026-02-07 11:58:19,2026-02-06T18:22:00+08:00,2026-02-06T18:24:03+08:00,1.4469,103.8084,C,Cloud to Cloud,2026-02-06T18:20:46.922+08:00
2026-02-07 11:58:19,2026-02-06T18:22:00+08:00,2026-02-06T18:24:03+08:00,1.4383,103.7975,C,Cloud to Cloud,2026-02-06T18:20:46.922+08:00
2026-02-07 11:58:19,2026-02-06T18:22:00+08:00,2026-02-06T18:24:03+08:00,1.441,103.8027,C,Cloud to Cloud,2026-02-06T18:20:46.923+08:00
2026-02-07 11:58:19,2026-02-06T18:22:00+08:00,2026-02-06T18:24:03+08:00,1.4413,103.8004,C,Cloud to Cloud,2026-02-06T18:20:46.923+08:00
2026-02-07 11:58:19,2026-02-06T18:22:00+08:00,2026-02-06T18:24:03+08:00,1.4435,103.8037,C,Cloud to Cloud,2026-02-06T18:20:46.923+08:00
2026-02-07 11:58:19,2026-02-06T18:22:00+08:00,2026-02-06T18:24:03+08:00,1.4411,103.8007,C,Cloud to Cloud,2026-02-06T18:20:46.923+08:00
2026-02-07 11:58:19,2026-02-06T18:22:00+08:00,2026-02-06T18:24:03+08:00,1.4398,103.8072,C,Cloud to Cloud,2026-02-06T18:20:46.923+08:00
2026-02-07 11:58:19,2026-02-06T18:22:00+08:00,2026-02-06T18:24:03+08:00,1.4441,103.8016,C,Cloud to Cloud,2026-02-06T18:20:46.923+08:00
2026-02-07 11:58:19,2026-02-06T18:22:00+08:00,2026-02-06T18:24:03+08:00,1.4422,103.7981,C,Cloud to Cloud,2026-02-06T18:20:46.923+08:00
2026-02-07 11:58:19,2026-02-06T18:22:00+08:00,2026-02-06T18:24:03+08:00,1.4405,103.7995,C,Cloud to Cloud,2026-02-06T18:20:46.923+08:00
2026-02-07 11:58:19,2026-02-06T18:22:00+08:00,2026-02-06T18:24:03+08:00,1.443,103.8025,C,Cloud to Cloud,2026-02-06T18:20:46.923+08:00
2026-02-07 11:58:19,2026-02-06T18:22:00+08:00,2026-02-06T18:24:03+08:00,1.4418,103.8005,C,Cloud to Cloud,2026-02-06T18:20:46.924+08:00
2026-02-07 11:58:19,2026-02-06T18:22:00+08:00,2026-02-06T18:24:03+08:00,1.4509,103.8125,C,Cloud to Cloud,2026-02-06T18:20:46.924+08:00
2026-02-07 11:58:19,2026-02-06T18:22:00+08:00,2026-02-06T18:24:03+08:00,1.4466,103.8034,C,Cloud to Cloud,2026-02-06T18:20:46.924+08:00
2026-02-07 11:58:19,2026-02-06T18:22:00+08:00,2026-02-06T18:24:03+08:00,1.4428,103.7991,C,Cloud to Cloud,2026-02-06T18:20:46.924+08:00
2026-02-07 11:58:19,2026-02-06T18:22:00+08:00,2026-02-06T18:24:03+08:00,1.4515,103.8065,C,Cloud to Cloud,2026-02-06T18:20:46.924+08:00
2026-02-07 11:58:19,2026-02-06T18:22:00+08:00,2026-02-06T18:24:03+08:00,1.4431,103.7995,C,Cloud to Cloud,2026-02-06T18:20:46.924+08:00
2026-02-07 11:58:19,2026-02-06T18:22:00+08:00,2026-02-06T18:24:03+08:00,1.4437,103.7988,C,Cloud to Cloud,2026-02-06T18:20:46.924+08:00
2026-02-07 11:58:19,2026-02-06T18:22:00+08:00,2026-02-06T18:24:03+08:00,1.4433,103.7993,C,Cloud to Cloud,2026-02-06T18:20:46.924+08:00
2026-02-07 11:58:19,2026-02-06T18:22:00+08:00,2026-02-06T18:24:03+08:00,1.4431,103.804,C,Cloud to Cloud,2026-02-06T18:20:46.924+08:00
2026-02-07 11:58:19,2026-02-06T18:22:00+08:00,2026-02-06T18:24:03+08:00,1.4461,103.799,C,Cloud to Cloud,2026-02-06T18:20:46.925+08:00
2026-02-07 11:58:19,2026-02-06T18:22:00+08:00,2026-02-06T18:24:03+08:00,1.4422,103.7945,C,Cloud to Cloud,2026-02-06T18:20:46.925+08:00
2026-02-07 11:58:19,2026-02-06T18:22:00+08:00,2026-02-06T18:24:03+08:00,1.4444,103.7985,C,Cloud to Cloud,2026-02-06T18:20:46.925+08:00
2026-02-07 11:58:19,2026-02-06T18:22:00+08:00,2026-02-06T18:24:03+08:00,1.4432,103.7963,C,Cloud to Cloud,2026-02-06T18:20:46.925+08:00
2026-02-07 11:58:19,2026-02-06T18:22:00+08:00,2026-02-06T18:24:03+08:00,1.4431,103.7971,C,Cloud to Cloud,2026-02-06T18:20:46.925+08:00
2026-02-07 11:58:19,2026-02-06T18:22:00+08:00,2026-02-06T18:24:03+08:00,1.4802,103.8135,C,Cloud to Cloud,2026-02-06T18:20:46.925+08:00
2026-02-07 11:58:19,2026-02-06T18:22:00+08:00,2026-02-06T18:24:03+08:00,1.442,103.7951,C,Cloud to Cloud,2026-02-06T18:20:46.925+08:00
2026-02-07 11:58:19,2026-02-06T18:22:00+08:00,2026-02-06T18:24:03+08:00,1.4451,103.7954,C,Cloud to Cloud,2026-02-06T18:20:46.925+08:00
2026-02-07 11:58:19,2026-02-06T18:22:00+08:00,2026-02-06T18:24:03+08:00,1.4442,103.7982,C,Cloud to Cloud,2026-02-06T18:20:46.925+08:00
2026-02-07 11:58:19,2026-02-06T18:22:00+08:00,2026-02-06T18:24:03+08:00,1.4962,103.7855,C,Cloud to Cloud,2026-02-06T18:20:46.925+08:00
2026-02-07 11:58:19,2026-02-06T18:22:00+08:00,2026-02-06T18:24:03+08:00,1.4459,103.7979,C,Cloud to Cloud,2026-02-06T18:20:46.925+08:00
2026-02-07 11:58:19,2026-02-06T18:22:00+08:00,2026-02-06T18:24:03+08:00,1.4434,103.7948,C,Cloud to Cloud,2026-02-06T18:20:46.926+08:00
2026-02-07 11:58:19,2026-02-06T18:22:00+08:00,2026-02-06T18:24:03+08:00,1.4451,103.7971,C,Cloud to Cloud,2026-02-06T18:20:46.926+08:00
2026-02-07 11:58:19,2026-02-06T18:22:00+08:00,2026-02-06T18:24:03+08:00,1.4265,103.801,C,Cloud to Cloud,2026-02-06T18:20:46.926+08:00
2026-02-07 11:58:19,2026-02-06T18:22:00+08:00,2026-02-06T18:24:03+08:00,1.4462,103.7979,C,Cloud to Cloud,2026-02-06T18:20:46.926+08:00
2026-02-07 11:58:19,2026-02-06T18:22:00+08:00,2026-02-06T18:24:03+08:00,1.4454,103.7971,C,Cloud to Cloud,2026-02-06T18:20:46.926+08:00
2026-02-07 11:58:19,2026-02-06T18:22:00+08:00,2026-02-06T18:24:03+08:00,1.5394,103.7862,C,Cloud to Cloud,2026-02-06T18:20:46.926+08:00
2026-02-07 11:58:19,2026-02-06T18:22:00+08:00,2026-02-06T18:24:03+08:00,1.4445,103.7962,C,Cloud to Cloud,2026-02-06T18:20:46.926+08:00
2026-02-07 11:58:19,2026-02-06T18:22:00+08:00,2026-02-06T18:24:03+08:00,1.4194,103.7836,C,Cloud to Cloud,2026-02-06T18:20:46.926+08:00
2026-02-07 11:58:19,2026-02-06T18:22:00+08:00,2026-02-06T18:24:03+08:00,1.4441,103.7942,C,Cloud to Cloud,2026-02-06T18:20:46.926+08:00
2026-02-07 11:58:19,2026-02-06T18:22:00+08:00,2026-02-06T18:24:03+08:00,1.4431,103.7921,C,Cloud to Cloud,2026-02-06T18:20:46.926+08:00
2026-02-07 11:58:19,2026-02-06T18:22:00+08:00,2026-02-06T18:24:03+08:00,1.4444,103.7921,C,Cloud to Cloud,2026-02-06T18:20:46.927+08:00
2026-02-07 11:58:19,2026-02-06T18:22:00+08:00,2026-02-06T18:24:03+08:00,1.4471,103.7967,C,Cloud to Cloud,2026-02-06T18:20:46.927+08:00
2026-02-07 11:58:19,2026-02-06T18:22:00+08:00,2026-02-06T18:24:03+08:00,1.448,103.7965,C,Cloud to Cloud,2026-02-06T18:20:46.927+08:00
2026-02-07 11:58:19,2026-02-06T18:22:00+08:00,2026-02-06T18:24:03+08:00,1.4452,103.7936,C,Cloud to Cloud,2026-02-06T18:20:46.927+08:00
2026-02-07 11:58:19,2026-02-06T18:22:00+08:00,2026-02-06T18:24:03+08:00,1.447,103.7944,C,Cloud to Cloud,2026-02-06T18:20:46.927+08:00
2026-02-07 11:58:19,2026-02-06T18:22:00+08:00,2026-02-06T18:24:03+08:00,1.4416,103.7861,C,Cloud to Cloud,2026-02-06T18:20:46.927+08:00
2026-02-07 11:58:19,2026-02-06T18:22:00+08:00,2026-02-06T18:24:03+08:00,1.4416,103.7861,C,Cloud to Cloud,2026-02-06T18:20:46.927+08:00
2026-02-07 11:58:19,2026-02-06T18:22:00+08:00,2026-02-06T18:24:03+08:00,1.4412,103.7872,C,Cloud to Cloud,2026-02-06T18:20:46.927+08:00
2026-02-07 11:58:19,2026-02-06T18:22:00+08:00,2026-02-06T18:24:03+08:00,1.4394,103.7827,C,Cloud to Cloud,2026-02-06T18:20:46.927+08:00
2026-02-07 11:58:19,2026-02-06T18:22:00+08:00,2026-02-06T18:24:03+08:00,1.4402,103.7845,C,Cloud to Cloud,2026-02-06T18:20:46.928+08:00
2026-02-07 11:58:19,2026-02-06T18:22:00+08:00,2026-02-06T18:24:03+08:00,1.4233,103.8515,C,Cloud to Cloud,2026-02-06T18:20:46.928+08:00
2026-02-07 11:58:19,2026-02-06T18:22:00+08:00,2026-02-06T18:24:03+08:00,1.4393,103.7851,C,Cloud to Cloud,2026-02-06T18:20:46.928+08:00
2026-02-07 11:58:19,2026-02-06T18:22:00+08:00,2026-02-06T18:24:03+08:00,1.4386,103.7824,C,Cloud to Cloud,2026-02-06T18:20:46.928+08:00
2026-02-07 11:58:19,2026-02-06T18:22:00+08:00,2026-02-06T18:24:03+08:00,1.4376,103.7838,C,Cloud to Cloud,2026-02-06T18:20:46.928+08:00
2026-02-07 11:58:19,2026-02-06T18:22:00+08:00,2026-02-06T18:24:03+08:00,1.4404,103.7859,C,Cloud to Cloud,2026-02-06T18:20:46.928+08:00
2026-02-07 11:58:19,2026-02-06T18:22:00+08:00,2026-02-06T18:24:03+08:00,1.4389,103.7841,C,Cloud to Cloud,2026-02-06T18:20:46.928+08:00
2026-02-07 11:58:19,2026-02-06T18:22:00+08:00,2026-02-06T18:24:03+08:00,1.4359,103.7789,C,Cloud to Cloud,2026-02-06T18:20:46.928+08:00
2026-02-07 11:58:19,2026-02-06T18:22:00+08:00,2026-02-06T18:24:03+08:00,1.4368,103.7811,C,Cloud to Cloud,2026-02-06T18:20:46.928+08:00
2026-02-07 11:58:19,2026-02-06T18:22:00+08:00,2026-02-06T18:24:03+08:00,1.4353,103.7806,C,Cloud to Cloud,2026-02-06T18:20:46.928+08:00
2026-02-07 11:58:19,2026-02-06T18:22:00+08:00,2026-02-06T18:24:03+08:00,1.4358,103.7799,C,Cloud to Cloud,2026-02-06T18:20:46.929+08:00
2026-02-07 11:58:19,2026-02-06T18:22:00+08:00,2026-02-06T18:24:03+08:00,1.436,103.7785,C,Cloud to Cloud,2026-02-06T18:20:46.929+08:00
2026-02-07 11:58:19,2026-02-06T18:22:00+08:00,2026-02-06T18:24:03+08:00,1.4274,103.7955,C,Cloud to Cloud,2026-02-06T18:20:46.93+08:00
2026-02-07 11:58:19,2026-02-06T18:22:00+08:00,2026-02-06T18:24:03+08:00,1.4361,103.7811,C,Cloud to Cloud,2026-02-06T18:20:46.93+08:00
2026-02-07 11:58:19,2026-02-06T18:22:00+08:00,2026-02-06T18:24:03+08:00,1.4299,103.7866,C,Cloud to Cloud,2026-02-06T18:20:46.93+08:00
2026-02-07 11:58:19,2026-02-06T18:22:00+08:00,2026-02-06T18:24:03+08:00,1.4362,103.7802,C,Cloud to Cloud,2026-02-06T18:20:46.93+08:00
2026-02-07 11:58:19,2026-02-06T18:22:00+08:00,2026-02-06T18:24:03+08:00,1.4325,103.7724,C,Cloud to Cloud,2026-02-06T18:20:46.931+08:00
2026-02-07 11:58:19,2026-02-06T18:22:00+08:00,2026-02-06T18:24:03+08:00,1.4837,103.8088,C,Cloud to Cloud,2026-02-06T18:20:46.931+08:00
2026-02-07 11:58:19,2026-02-06T18:22:00+08:00,2026-02-06T18:24:03+08:00,1.4415,103.8071,C,Cloud to Cloud,2026-02-06T18:20:46.931+08:00
2026-02-07 11:58:19,2026-02-06T18:22:00+08:00,2026-02-06T18:24:03+08:00,1.4525,103.8047,C,Cloud to Cloud,2026-02-06T18:20:46.931+08:00
2026-02-07 11:58:19,2026-02-06T18:22:00+08:00,2026-02-06T18:24:03+08:00,1.4226,103.7963,C,Cloud to Cloud,2026-02-06T18:20:46.932+08:00
2026-02-07 11:58:19,2026-02-06T18:22:00+08:00,2026-02-06T18:24:03+08:00,1.4312,103.7839,C,Cloud to Cloud,2026-02-06T18:20:46.932+08:00
2026-02-07 11:58:19,2026-02-06T18:22:00+08:00,2026-02-06T18:24:03+08:00,1.4354,103.7774,C,Cloud to Cloud,2026-02-06T18:20:46.932+08:00
2026-02-07 11:58:19,2026-02-06T18:22:00+08:00,2026-02-06T18:24:03+08:00,1.432,103.775,C,Cloud to Cloud,2026-02-06T18:20:46.933+08:00
2026-02-07 11:58:19,2026-02-06T18:22:00+08:00,2026-02-06T18:24:03+08:00,1.4373,103.7634,C,Cloud to Cloud,2026-02-06T18:20:46.933+08:00
2026-02-07 11:58:19,2026-02-06T18:22:00+08:00,2026-02-06T18:24:03+08:00,1.4273,103.7773,C,Cloud to Cloud,2026-02-06T18:20:46.934+08:00
2026-02-07 11:58:19,2026-02-06T18:22:00+08:00,2026-02-06T18:24:03+08:00,1.4325,103.7677,C,Cloud to Cloud,2026-02-06T18:20:46.935+08:00
2026-02-07 11:58:19,2026-02-06T18:22:00+08:00,2026-02-06T18:24:03+08:00,1.4374,103.7606,C,Cloud to Cloud,2026-02-06T18:20:46.936+08:00
2026-02-07 11:58:19,2026-02-06T18:22:00+08:00,2026-02-06T18:24:03+08:00,1.4385,103.7637,C,Cloud to Cloud,2026-02-06T18:20:46.936+08:00
2026-02-07 11:58:19,2026-02-06T18:22:00+08:00,2026-02-06T18:24:03+08:00,1.4371,103.7566,C,Cloud to Cloud,2026-02-06T18:20:46.936+08:00
2026-02-07 11:58:19,2026-02-06T18:22:00+08:00,2026-02-06T18:24:03+08:00,1.4411,103.7631,C,Cloud to Cloud,2026-02-06T18:20:46.937+08:00
2026-02-07 11:58:19,2026-02-06T18:22:00+08:00,2026-02-06T18:24:03+08:00,1.4394,103.7549,C,Cloud to Cloud,2026-02-06T18:20:46.937+08:00
2026-02-07 11:58:19,2026-02-06T18:22:00+08:00,2026-02-06T18:24:03+08:00,1.4416,103.76,C,Cloud to Cloud,2026-02-06T18:20:46.938+08:00
2026-02-07 11:58:19,2026-02-06T18:22:00+08:00,2026-02-06T18:24:03+08:00,1.4707,103.8445,C,Cloud to Cloud,2026-02-06T18:20:46.963+08:00
2026-02-07 11:58:19,2026-02-06T18:22:00+08:00,2026-02-06T18:24:03+08:00,1.4815,103.8291,C,Cloud to Cloud,2026-02-06T18:20:47.041+08:00
2026-02-07 11:58:19,2026-02-06T18:22:00+08:00,2026-02-06T18:24:03+08:00,1.4682,103.8352,C,Cloud to Cloud,2026-02-06T18:20:47.041+08:00
2026-02-07 11:58:19,2026-02-06T18:22:00+08:00,2026-02-06T18:24:03+08:00,1.4695,103.8431,C,Cloud to Cloud,2026-02-06T18:20:47.041+08:00
2026-02-07 11:58:19,2026-02-06T18:22:00+08:00,2026-02-06T18:24:03+08:00,1.4715,103.8079,C,Cloud to Cloud,2026-02-06T18:20:47.065+08:00
2026-02-07 11:58:19,2026-02-06T18:22:00+08:00,2026-02-06T18:24:03+08:00,1.466,103.8335,C,Cloud to Cloud,2026-02-06T18:20:47.065+08:00
2026-02-07 11:58:19,2026-02-06T18:22:00+08:00,2026-02-06T18:24:03+08:00,1.4945,103.8234,C,Cloud to Cloud,2026-02-06T18:20:47.085+08:00
2026-02-07 11:58:19,2026-02-06T18:22:00+08:00,2026-02-06T18:24:03+08:00,1.4948,103.8261,C,Cloud to Cloud,2026-02-06T18:20:47.086+08:00
2026-02-07 11:58:19,2026-02-06T18:22:00+08:00,2026-02-06T18:24:03+08:00,1.4961,103.8274,C,Cloud to Cloud,2026-02-06T18:20:47.086+08:00
2026-02-07 11:58:19,2026-02-06T18:22:00+08:00,2026-02-06T18:24:03+08:00,1.4845,103.8421,C,Cloud to Cloud,2026-02-06T18:20:47.086+08:00
2026-02-07 11:58:19,2026-02-06T18:22:00+08:00,2026-02-06T18:24:03+08:00,1.4836,103.8432,C,Cloud to Cloud,2026-02-06T18:20:47.086+08:00
2026-02-07 11:58:19,2026-02-06T18:22:00+08:00,2026-02-06T18:24:03+08:00,1.4685,103.8503,C,Cloud to Cloud,2026-02-06T18:20:47.086+08:00
2026-02-07 11:58:19,2026-02-06T18:22:00+08:00,2026-02-06T18:24:03+08:00,1.4632,103.8214,C,Cloud to Cloud,2026-02-06T18:20:47.086+08:00
2026-02-07 11:58:19,2026-02-06T18:22:00+08:00,2026-02-06T18:24:03+08:00,1.4862,103.8505,C,Cloud to Cloud,2026-02-06T18:20:47.086+08:00
2026-02-07 11:58:19,2026-02-06T18:22:00+08:00,2026-02-06T18:24:03+08:00,1.4613,103.8117,C,Cloud to Cloud,2026-02-06T18:20:47.088+08:00
2026-02-07 11:58:19,2026-02-06T18:22:00+08:00,2026-02-06T18:24:03+08:00,1.4833,103.823,C,Cloud to Cloud,2026-02-06T18:20:47.092+08:00
2026-02-07 11:58:19,2026-02-06T18:22:00+08:00,2026-02-06T18:24:03+08:00,1.4884,103.8258,C,Cloud to Cloud,2026-02-06T18:20:47.092+08:00
2026-02-07 11:58:19,2026-02-06T18:22:00+08:00,2026-02-06T18:24:03+08:00,1.4873,103.8246,C,Cloud to Cloud,2026-02-06T18:20:47.092+08:00
2026-02-07 11:58:19,2026-02-06T18:22:00+08:00,2026-02-06T18:24:03+08:00,1.4635,103.8149,C,Cloud to Cloud,2026-02-06T18:20:47.11+08:00
2026-02-07 11:58:19,2026-02-06T18:22:00+08:00,2026-02-06T18:24:03+08:00,1.467,103.8144,C,Cloud to Cloud,2026-02-06T18:20:47.117+08:00
2026-02-07 11:58:19,2026-02-06T18:22:00+08:00,2026-02-06T18:24:03+08:00,1.4817,103.835,C,Cloud to Cloud,2026-02-06T18:20:47.117+08:00
2026-02-07 11:58:19,2026-02-06T18:22:00+08:00,2026-02-06T18:24:03+08:00,1.4364,103.7678,C,Cloud to Cloud,2026-02-06T18:20:47.117+08:00
2026-02-07 11:58:19,2026-02-06T18:22:00+08:00,2026-02-06T18:24:03+08:00,1.4738,103.8627,C,Cloud to Cloud,2026-02-06T18:20:47.118+08:00
2026-02-07 11:58:19,2026-02-06T18:22:00+08:00,2026-02-06T18:24:03+08:00,1.4738,103.8627,C,Cloud to Cloud,2026-02-06T18:20:47.118+08:00
2026-02-07 11:58:19,2026-02-06T18:22:00+08:00,2026-02-06T18:24:03+08:00,1.4755,103.8696,C,Cloud to Cloud,2026-02-06T18:20:47.118+08:00
2026-02-07 11:58:19,2026-02-06T18:22:00+08:00,2026-02-06T18:24:03+08:00,1.4721,103.818,C,Cloud to Cloud,2026-02-06T18:20:47.146+08:00
2026-02-07 11:58:19,2026-02-06T18:22:00+08:00,2026-02-06T18:24:03+08:00,1.4759,103.8228,C,Cloud to Cloud,2026-02-06T18:20:47.147+08:00
2026-02-07 11:58:19,2026-02-06T18:22:00+08:00,2026-02-06T18:24:03+08:00,1.4364,103.787,C,Cloud to Cloud,2026-02-06T18:20:47.147+08:00
2026-02-07 11:58:19,2026-02-06T18:22:00+08:00,2026-02-06T18:24:03+08:00,1.4472,103.8272,C,Cloud to Cloud,2026-02-06T18:20:47.148+08:00
2026-02-07 11:58:19,2026-02-06T18:22:00+08:00,2026-02-06T18:24:03+08:00,1.4478,103.8213,C,Cloud to Cloud,2026-02-06T18:20:47.148+08:00
2026-02-07 11:58:19,2026-02-06T18:22:00+08:00,2026-02-06T18:24:03+08:00,1.452,103.8074,C,Cloud to Cloud,2026-02-06T18:20:47.148+08:00
2026-02-07 11:58:19,2026-02-06T18:22:00+08:00,2026-02-06T18:24:03+08:00,1.4466,103.7971,C,Cloud to Cloud,2026-02-06T18:20:47.148+08:00
2026-02-07 11:58:20,2026-02-06T17:40:00+08:00,2026-02-06T17:42:02+08:00,1.5273,103.6,C,Cloud to Cloud,2026-02-06T17:38:28.923+08:00
2026-02-07 11:58:20,2026-02-06T17:40:00+08:00,2026-02-06T17:42:02+08:00,1.5405,103.5903,C,Cloud to Cloud,2026-02-06T17:38:28.923+08:00
2026-02-07 11:58:20,2026-02-06T17:40:00+08:00,2026-02-06T17:42:02+08:00,1.4663,103.6722,C,Cloud to Cloud,2026-02-06T17:38:28.925+08:00
2026-02-07 11:58:20,2026-02-06T17:40:00+08:00,2026-02-06T17:42:02+08:00,1.5184,103.6146,C,Cloud to Cloud,2026-02-06T17:38:28.925+08:00
2026-02-07 11:58:20,2026-02-06T17:40:00+08:00,2026-02-06T17:42:02+08:00,1.4657,103.6659,C,Cloud to Cloud,2026-02-06T17:38:28.925+08:00
2026-02-07 11:58:20,2026-02-06T17:40:00+08:00,2026-02-06T17:42:02+08:00,1.5313,103.5642,C,Cloud to Cloud,2026-02-06T17:38:28.925+08:00
2026-02-07 11:58:20,2026-02-06T17:40:00+08:00,2026-02-06T17:42:02+08:00,1.4566,103.6756,C,Cloud to Cloud,2026-02-06T17:38:28.925+08:00
2026-02-07 11:58:20,2026-02-06T17:40:00+08:00,2026-02-06T17:42:02+08:00,1.4526,103.6693,C,Cloud to Cloud,2026-02-06T17:38:28.926+08:00
2026-02-07 11:58:20,2026-02-06T17:40:00+08:00,2026-02-06T17:42:02+08:00,1.5238,103.6274,C,Cloud to Cloud,2026-02-06T17:38:28.926+08:00
2026-02-07 11:58:20,2026-02-06T17:40:00+08:00,2026-02-06T17:42:02+08:00,1.5155,103.6361,C,Cloud to Cloud,2026-02-06T17:38:28.926+08:00
2026-02-07 11:58:20,2026-02-06T17:40:00+08:00,2026-02-06T17:42:02+08:00,1.4762,103.6576,C,Cloud to Cloud,2026-02-06T17:38:28.926+08:00
2026-02-07 11:58:20,2026-02-06T17:40:00+08:00,2026-02-06T17:42:02+08:00,1.5285,103.6099,C,Cloud to Cloud,2026-02-06T17:38:28.926+08:00
2026-02-07 11:58:20,2026-02-06T17:40:00+08:00,2026-02-06T17:42:02+08:00,1.5257,103.613,C,Cloud to Cloud,2026-02-06T17:38:28.926+08:00
2026-02-07 11:58:20,2026-02-06T17:40:00+08:00,2026-02-06T17:42:02+08:00,1.4601,103.6663,C,Cloud to Cloud,2026-02-06T17:38:28.926+08:00
2026-02-07 11:58:20,2026-02-06T17:40:00+08:00,2026-02-06T17:42:02+08:00,1.5225,103.6298,C,Cloud to Cloud,2026-02-06T17:38:28.927+08:00
2026-02-07 11:58:20,2026-02-06T17:40:00+08:00,2026-02-06T17:42:02+08:00,1.5228,103.629,C,Cloud to Cloud,2026-02-06T17:38:28.927+08:00
2026-02-07 11:58:20,2026-02-06T17:40:00+08:00,2026-02-06T17:42:02+08:00,1.529,103.6106,C,Cloud to Cloud,2026-02-06T17:38:28.927+08:00
2026-02-07 11:58:20,2026-02-06T17:40:00+08:00,2026-02-06T17:42:02+08:00,1.5356,103.592,C,Cloud to Cloud,2026-02-06T17:38:28.927+08:00
2026-02-07 11:58:20,2026-02-06T17:40:00+08:00,2026-02-06T17:42:02+08:00,1.5316,103.6245,C,Cloud to Cloud,2026-02-06T17:38:28.927+08:00
2026-02-07 11:58:20,2026-02-06T17:40:00+08:00,2026-02-06T17:42:02+08:00,1.5245,103.6248,C,Cloud to Cloud,2026-02-06T17:38:28.928+08:00
2026-02-07 11:58:20,2026-02-06T17:40:00+08:00,2026-02-06T17:42:02+08:00,1.5255,103.6227,C,Cloud to Cloud,2026-02-06T17:38:28.928+08:00
2026-02-07 11:58:20,2026-02-06T17:40:00+08:00,2026-02-06T17:42:02+08:00,1.5231,103.6347,C,Cloud to Cloud,2026-02-06T17:38:28.928+08:00
2026-02-07 11:58:20,2026-02-06T17:40:00+08:00,2026-02-06T17:42:02+08:00,1.5306,103.6257,C,Cloud to Cloud,2026-02-06T17:38:28.928+08:00
2026-02-07 11:58:20,2026-02-06T17:40:00+08:00,2026-02-06T17:42:02+08:00,1.5233,103.6346,C,Cloud to Cloud,2026-02-06T17:38:28.928+08:00
2026-02-07 11:58:20,2026-02-06T17:40:00+08:00,2026-02-06T17:42:02+08:00,1.5231,103.6338,C,Cloud to Cloud,2026-02-06T17:38:28.929+08:00
2026-02-07 11:58:20,2026-02-06T17:40:00+08:00,2026-02-06T17:42:02+08:00,1.5279,103.6271,C,Cloud to Cloud,2026-02-06T17:38:28.929+08:00
2026-02-07 11:58:20,2026-02-06T17:40:00+08:00,2026-02-06T17:42:02+08:00,1.5357,103.6163,C,Cloud to Cloud,2026-02-06T17:38:28.929+08:00
2026-02-07 11:58:20,2026-02-06T17:40:00+08:00,2026-02-06T17:42:02+08:00,1.5244,103.6355,C,Cloud to Cloud,2026-02-06T17:38:28.929+08:00
2026-02-07 11:58:20,2026-02-06T17:40:00+08:00,2026-02-06T17:42:02+08:00,1.5198,103.6436,C,Cloud to Cloud,2026-02-06T17:38:28.929+08:00
2026-02-07 11:58:20,2026-02-06T17:40:00+08:00,2026-02-06T17:42:02+08:00,1.5249,103.637,C,Cloud to Cloud,2026-02-06T17:38:28.929+08:00
2026-02-07 11:58:20,2026-02-06T17:40:00+08:00,2026-02-06T17:42:02+08:00,1.5338,103.6281,C,Cloud to Cloud,2026-02-06T17:38:28.929+08:00
2026-02-07 11:58:20,2026-02-06T17:40:00+08:00,2026-02-06T17:42:02+08:00,1.5317,103.6312,C,Cloud to Cloud,2026-02-06T17:38:28.93+08:00
2026-02-07 11:58:20,2026-02-06T17:40:00+08:00,2026-02-06T17:42:02+08:00,1.5185,103.6491,C,Cloud to Cloud,2026-02-06T17:38:28.93+08:00
2026-02-07 11:58:20,2026-02-06T17:40:00+08:00,2026-02-06T17:42:02+08:00,1.5207,103.6475,C,Cloud to Cloud,2026-02-06T17:38:28.93+08:00
2026-02-07 11:58:20,2026-02-06T17:40:00+08:00,2026-02-06T17:42:02+08:00,1.52,103.649,C,Cloud to Cloud,2026-02-06T17:38:28.93+08:00
2026-02-07 11:58:20,2026-02-06T17:40:00+08:00,2026-02-06T17:42:02+08:00,1.5215,103.6498,C,Cloud to Cloud,2026-02-06T17:38:28.93+08:00
2026-02-07 11:58:20,2026-02-06T17:40:00+08:00,2026-02-06T17:42:02+08:00,1.5222,103.6484,C,Cloud to Cloud,2026-02-06T17:38:28.93+08:00
2026-02-07 11:58:20,2026-02-06T17:40:00+08:00,2026-02-06T17:42:02+08:00,1.5173,103.6542,C,Cloud to Cloud,2026-02-06T17:38:28.931+08:00
2026-02-07 11:58:20,2026-02-06T17:40:00+08:00,2026-02-06T17:42:02+08:00,1.5207,103.6477,C,Cloud to Cloud,2026-02-06T17:38:28.931+08:00
2026-02-07 11:58:20,2026-02-06T17:40:00+08:00,2026-02-06T17:42:02+08:00,1.5203,103.6526,C,Cloud to Cloud,2026-02-06T17:38:28.931+08:00
2026-02-07 11:58:20,2026-02-06T17:40:00+08:00,2026-02-06T17:42:02+08:00,1.5101,103.6632,C,Cloud to Cloud,2026-02-06T17:38:28.931+08:00
2026-02-07 11:58:20,2026-02-06T17:40:00+08:00,2026-02-06T17:42:02+08:00,1.5157,103.6587,C,Cloud to Cloud,2026-02-06T17:38:28.931+08:00
2026-02-07 11:58:20,2026-02-06T17:40:00+08:00,2026-02-06T17:42:02+08:00,1.5198,103.6591,C,Cloud to Cloud,2026-02-06T17:38:28.932+08:00
2026-02-07 11:58:20,2026-02-06T17:40:00+08:00,2026-02-06T17:42:02+08:00,1.5187,103.6558,C,Cloud to Cloud,2026-02-06T17:38:28.932+08:00
2026-02-07 11:58:20,2026-02-06T17:40:00+08:00,2026-02-06T17:42:02+08:00,1.5223,103.6497,C,Cloud to Cloud,2026-02-06T17:38:28.933+08:00
2026-02-07 11:58:20,2026-02-06T17:40:00+08:00,2026-02-06T17:42:02+08:00,1.517,103.6639,C,Cloud to Cloud,2026-02-06T17:38:28.934+08:00
2026-02-07 11:58:20,2026-02-06T17:40:00+08:00,2026-02-06T17:42:02+08:00,1.5166,103.6645,C,Cloud to Cloud,2026-02-06T17:38:28.934+08:00
2026-02-07 11:58:20,2026-02-06T17:40:00+08:00,2026-02-06T17:42:02+08:00,1.5229,103.6492,C,Cloud to Cloud,2026-02-06T17:38:28.937+08:00
2026-02-07 11:58:20,2026-02-06T17:40:00+08:00,2026-02-06T17:42:02+08:00,1.521,103.6511,C,Cloud to Cloud,2026-02-06T17:38:28.938+08:00
2026-02-07 11:58:20,2026-02-06T17:40:00+08:00,2026-02-06T17:42:02+08:00,1.5217,103.6302,C,Cloud to Cloud,2026-02-06T17:38:28.938+08:00
2026-02-07 11:58:20,2026-02-06T17:40:00+08:00,2026-02-06T17:42:02+08:00,1.5318,103.6207,C,Cloud to Cloud,2026-02-06T17:38:28.938+08:00
2026-02-07 11:58:20,2026-02-06T17:40:00+08:00,2026-02-06T17:42:02+08:00,1.516,103.6431,C,Cloud to Cloud,2026-02-06T17:38:28.938+08:00
2026-02-07 11:58:20,2026-02-06T17:40:00+08:00,2026-02-06T17:42:02+08:00,1.5195,103.6325,C,Cloud to Cloud,2026-02-06T17:38:28.938+08:00
2026-02-07 11:58:20,2026-02-06T17:40:00+08:00,2026-02-06T17:42:02+08:00,1.5174,103.6363,C,Cloud to Cloud,2026-02-06T17:38:28.938+08:00
2026-02-07 11:58:20,2026-02-06T17:40:00+08:00,2026-02-06T17:42:02+08:00,1.5336,103.6183,C,Cloud to Cloud,2026-02-06T17:38:28.938+08:00
2026-02-07 11:58:20,2026-02-06T17:40:00+08:00,2026-02-06T17:42:02+08:00,1.5302,103.6428,C,Cloud to Cloud,2026-02-06T17:38:28.939+08:00
2026-02-07 11:58:20,2026-02-06T17:40:00+08:00,2026-02-06T17:42:02+08:00,1.5332,103.6593,C,Cloud to Cloud,2026-02-06T17:38:28.941+08:00
2026-02-07 11:58:20,2026-02-06T17:40:00+08:00,2026-02-06T17:42:02+08:00,1.5018,103.6636,C,Cloud to Cloud,2026-02-06T17:38:28.943+08:00
2026-02-07 11:58:20,2026-02-06T17:40:00+08:00,2026-02-06T17:42:02+08:00,1.5175,103.6256,C,Cloud to Cloud,2026-02-06T17:38:28.946+08:00
2026-02-07 11:58:20,2026-02-06T17:40:00+08:00,2026-02-06T17:42:02+08:00,1.503,103.6673,C,Cloud to Cloud,2026-02-06T17:38:28.952+08:00
2026-02-07 11:58:20,2026-02-06T17:40:00+08:00,2026-02-06T17:42:02+08:00,1.4994,103.6594,C,Cloud to Cloud,2026-02-06T17:38:28.955+08:00
2026-02-07 11:58:20,2026-02-06T17:40:00+08:00,2026-02-06T17:42:02+08:00,1.4965,103.6671,C,Cloud to Cloud,2026-02-06T17:38:28.955+08:00
2026-02-07 11:58:20,2026-02-06T17:40:00+08:00,2026-02-06T17:42:02+08:00,1.5173,103.6441,C,Cloud to Cloud,2026-02-06T17:38:28.957+08:00
2026-02-07 11:58:20,2026-02-06T17:40:00+08:00,2026-02-06T17:42:02+08:00,1.5167,103.6568,C,Cloud to Cloud,2026-02-06T17:38:28.961+08:00
2026-02-07 11:58:20,2026-02-06T17:40:00+08:00,2026-02-06T17:42:02+08:00,1.5126,103.6648,C,Cloud to Cloud,2026-02-06T17:38:28.961+08:00
2026-02-07 11:58:20,2026-02-06T17:32:00+08:00,2026-02-06T17:34:03+08:00,1.5386,103.6641,C,Cloud to Cloud,2026-02-06T17:30:03.778+08:00
2026-02-07 11:58:20,2026-02-06T17:32:00+08:00,2026-02-06T17:34:03+08:00,1.5401,103.6633,C,Cloud to Cloud,2026-02-06T17:30:03.778+08:00
2026-02-07 11:58:20,2026-02-06T17:32:00+08:00,2026-02-06T17:34:03+08:00,1.5376,103.6441,C,Cloud to Cloud,2026-02-06T17:30:03.778+08:00
2026-02-07 11:58:20,2026-02-06T17:32:00+08:00,2026-02-06T17:34:03+08:00,1.548,103.6322,C,Cloud to Cloud,2026-02-06T17:30:03.778+08:00
2026-02-07 11:58:20,2026-02-06T17:32:00+08:00,2026-02-06T17:34:03+08:00,1.5402,103.664,C,Cloud to Cloud,2026-02-06T17:30:03.778+08:00
2026-02-07 11:58:20,2026-02-06T17:32:00+08:00,2026-02-06T17:34:03+08:00,1.5378,103.646,C,Cloud to Cloud,2026-02-06T17:30:03.779+08:00
2026-02-07 11:58:20,2026-02-06T17:32:00+08:00,2026-02-06T17:34:03+08:00,1.5353,103.6452,C,Cloud to Cloud,2026-02-06T17:30:03.779+08:00
2026-02-07 11:58:20,2026-02-06T17:32:00+08:00,2026-02-06T17:34:03+08:00,1.5139,103.6495,C,Cloud to Cloud,2026-02-06T17:30:03.779+08:00
2026-02-07 11:58:20,2026-02-06T17:32:00+08:00,2026-02-06T17:34:03+08:00,1.5336,103.6486,C,Cloud to Cloud,2026-02-06T17:30:03.779+08:00
2026-02-07 11:58:20,2026-02-06T17:32:00+08:00,2026-02-06T17:34:03+08:00,1.5442,103.6367,C,Cloud to Cloud,2026-02-06T17:30:03.779+08:00
2026-02-07 11:58:20,2026-02-06T17:32:00+08:00,2026-02-06T17:34:03+08:00,1.5512,103.6029,C,Cloud to Cloud,2026-02-06T17:30:03.779+08:00
2026-02-07 11:58:20,2026-02-06T17:32:00+08:00,2026-02-06T17:34:03+08:00,1.5694,103.6036,C,Cloud to Cloud,2026-02-06T17:30:03.78+08:00
2026-02-07 11:58:20,2026-02-06T17:32:00+08:00,2026-02-06T17:34:03+08:00,1.545,103.6571,C,Cloud to Cloud,2026-02-06T17:30:03.782+08:00
2026-02-07 11:58:20,2026-02-06T17:32:00+08:00,2026-02-06T17:34:03+08:00,1.5403,103.6605,C,Cloud to Cloud,2026-02-06T17:30:03.783+08:00
2026-02-07 11:58:20,2026-02-06T17:32:00+08:00,2026-02-06T17:34:03+08:00,1.5426,103.6573,C,Cloud to Cloud,2026-02-06T17:30:03.783+08:00
2026-02-07 11:58:20,2026-02-06T17:32:00+08:00,2026-02-06T17:34:03+08:00,1.5418,103.6565,C,Cloud to Cloud,2026-02-06T17:30:03.784+08:00
2026-02-07 11:58:20,2026-02-06T17:32:00+08:00,2026-02-06T17:34:03+08:00,1.6297,103.6173,C,Cloud to Cloud,2026-02-06T17:30:03.79+08:00
2026-02-07 11:58:20,2026-02-06T17:32:00+08:00,2026-02-06T17:34:03+08:00,1.56,103.6534,C,Cloud to Cloud,2026-02-06T17:30:03.791+08:00
2026-02-07 11:58:20,2026-02-06T17:32:00+08:00,2026-02-06T17:34:03+08:00,1.5478,103.6282,C,Cloud to Cloud,2026-02-06T17:30:03.826+08:00
2026-02-07 11:58:20,2026-02-06T17:32:00+08:00,2026-02-06T17:34:03+08:00,1.5166,103.6576,C,Cloud to Cloud,2026-02-06T17:30:03.826+08:00
2026-02-07 11:58:20,2026-02-06T17:32:00+08:00,2026-02-06T17:34:03+08:00,1.5315,103.662,C,Cloud to Cloud,2026-02-06T17:31:53.727+08:00
2026-02-07 11:58:20,2026-02-06T17:32:00+08:00,2026-02-06T17:34:03+08:00,1.5327,103.6352,C,Cloud to Cloud,2026-02-06T17:31:53.727+08:00
2026-02-07 11:58:20,2026-02-06T17:32:00+08:00,2026-02-06T17:34:03+08:00,1.5335,103.664,C,Cloud to Cloud,2026-02-06T17:31:53.728+08:00
2026-02-07 11:58:20,2026-02-06T17:32:00+08:00,2026-02-06T17:34:03+08:00,1.5358,103.6606,C,Cloud to Cloud,2026-02-06T17:31:53.728+08:00
2026-02-07 11:58:20,2026-02-06T17:32:00+08:00,2026-02-06T17:34:03+08:00,1.5358,103.6617,C,Cloud to Cloud,2026-02-06T17:31:53.728+08:00
2026-02-07 11:58:20,2026-02-06T17:32:00+08:00,2026-02-06T17:34:03+08:00,1.5481,103.6329,C,Cloud to Cloud,2026-02-06T17:31:53.728+08:00
2026-02-07 11:58:20,2026-02-06T17:32:00+08:00,2026-02-06T17:34:03+08:00,1.5417,103.6537,C,Cloud to Cloud,2026-02-06T17:31:53.728+08:00
2026-02-07 11:58:20,2026-02-06T17:32:00+08:00,2026-02-06T17:34:03+08:00,1.54,103.6589,C,Cloud to Cloud,2026-02-06T17:31:53.728+08:00
2026-02-07 11:58:20,2026-02-06T17:32:00+08:00,2026-02-06T17:34:03+08:00,1.5426,103.6553,C,Cloud to Cloud,2026-02-06T17:31:53.728+08:00
2026-02-07 11:58:20,2026-02-06T17:32:00+08:00,2026-02-06T17:34:03+08:00,1.5431,103.653,C,Cloud to Cloud,2026-02-06T17:31:53.728+08:00
2026-02-07 11:58:20,2026-02-06T17:32:00+08:00,2026-02-06T17:34:03+08:00,1.5426,103.6539,C,Cloud to Cloud,2026-02-06T17:31:53.729+08:00
2026-02-07 11:58:20,2026-02-06T17:32:00+08:00,2026-02-06T17:34:03+08:00,1.5455,103.6527,C,Cloud to Cloud,2026-02-06T17:31:53.729+08:00
2026-02-07 11:58:20,2026-02-06T17:32:00+08:00,2026-02-06T17:34:03+08:00,1.5552,103.6219,C,Cloud to Cloud,2026-02-06T17:31:53.729+08:00
2026-02-07 11:58:20,2026-02-06T17:32:00+08:00,2026-02-06T17:34:03+08:00,1.5503,103.6461,C,Cloud to Cloud,2026-02-06T17:31:53.729+08:00
2026-02-07 11:58:20,2026-02-06T17:32:00+08:00,2026-02-06T17:34:03+08:00,1.544,103.655,C,Cloud to Cloud,2026-02-06T17:31:53.729+08:00
2026-02-07 11:58:20,2026-02-06T17:32:00+08:00,2026-02-06T17:34:03+08:00,1.5336,103.6644,C,Cloud to Cloud,2026-02-06T17:31:53.735+08:00
2026-02-07 11:58:20,2026-02-06T17:32:00+08:00,2026-02-06T17:34:03+08:00,1.5298,103.6681,C,Cloud to Cloud,2026-02-06T17:31:53.736+08:00
2026-02-07 11:58:20,2026-02-06T17:32:00+08:00,2026-02-06T17:34:03+08:00,1.5374,103.6575,C,Cloud to Cloud,2026-02-06T17:31:53.738+08:00
2026-02-07 11:58:20,2026-02-06T17:32:00+08:00,2026-02-06T17:34:03+08:00,1.5376,103.6569,C,Cloud to Cloud,2026-02-06T17:31:53.738+08:00
2026-02-07 11:58:20,2026-02-06T17:32:00+08:00,2026-02-06T17:34:03+08:00,1.535,103.6607,C,Cloud to Cloud,2026-02-06T17:31:53.738+08:00
2026-02-07 11:58:20,2026-02-06T17:32:00+08:00,2026-02-06T17:34:03+08:00,1.525,103.6638,C,Cloud to Cloud,2026-02-06T17:31:53.754+08:00
2026-02-07 11:58:20,2026-02-06T17:32:00+08:00,2026-02-06T17:34:03+08:00,1.5193,103.6623,C,Cloud to Cloud,2026-02-06T17:31:53.755+08:00
2026-02-07 11:58:20,2026-02-06T17:32:00+08:00,2026-02-06T17:34:03+08:00,1.5615,103.5963,C,Cloud to Cloud,2026-02-06T17:31:53.885+08:00
2026-02-07 11:58:20,2026-02-06T17:32:00+08:00,2026-02-06T17:34:03+08:00,1.5769,103.6168,C,Cloud to Cloud,2026-02-06T17:31:53.885+08:00
2026-02-07 11:58:20,2026-02-06T17:28:00+08:00,2026-02-06T17:30:03+08:00,1.5541,103.6354,C,Cloud to Cloud,2026-02-06T17:27:37.097+08:00
2026-02-07 11:58:20,2026-02-06T17:28:00+08:00,2026-02-06T17:30:03+08:00,1.5514,103.6499,C,Cloud to Cloud,2026-02-06T17:27:37.098+08:00
2026-02-07 11:58:20,2026-02-06T17:28:00+08:00,2026-02-06T17:30:03+08:00,1.5464,103.654,C,Cloud to Cloud,2026-02-06T17:27:37.098+08:00
2026-02-07 11:58:20,2026-02-06T17:28:00+08:00,2026-02-06T17:30:03+08:00,1.516,103.5992,C,Cloud to Cloud,2026-02-06T17:27:37.098+08:00
2026-02-07 11:58:20,2026-02-06T17:28:00+08:00,2026-02-06T17:30:03+08:00,1.5449,103.6544,C,Cloud to Cloud,2026-02-06T17:27:37.098+08:00
2026-02-07 11:58:20,2026-02-06T17:28:00+08:00,2026-02-06T17:30:03+08:00,1.5334,103.6201,C,Cloud to Cloud,2026-02-06T17:27:37.099+08:00
2026-02-07 11:58:20,2026-02-06T17:28:00+08:00,2026-02-06T17:30:03+08:00,1.5478,103.6531,C,Cloud to Cloud,2026-02-06T17:27:37.099+08:00
2026-02-07 11:58:20,2026-02-06T17:28:00+08:00,2026-02-06T17:30:03+08:00,1.5278,103.6166,C,Cloud to Cloud,2026-02-06T17:27:37.099+08:00
2026-02-07 11:58:20,2026-02-06T17:28:00+08:00,2026-02-06T17:30:03+08:00,1.5495,103.6558,C,Cloud to Cloud,2026-02-06T17:27:37.099+08:00
2026-02-07 11:58:20,2026-02-06T17:28:00+08:00,2026-02-06T17:30:03+08:00,1.545,103.6534,C,Cloud to Cloud,2026-02-06T17:27:37.099+08:00
2026-02-07 11:58:20,2026-02-06T17:28:00+08:00,2026-02-06T17:30:03+08:00,1.5448,103.6535,C,Cloud to Cloud,2026-02-06T17:27:37.099+08:00
2026-02-07 11:58:20,2026-02-06T17:28:00+08:00,2026-02-06T17:30:03+08:00,1.5265,103.6151,C,Cloud to Cloud,2026-02-06T17:27:37.099+08:00
2026-02-07 11:58:20,2026-02-06T17:28:00+08:00,2026-02-06T17:30:03+08:00,1.6145,103.5727,C,Cloud to Cloud,2026-02-06T17:27:37.099+08:00
2026-02-07 11:58:20,2026-02-06T17:28:00+08:00,2026-02-06T17:30:03+08:00,1.5515,103.6489,C,Cloud to Cloud,2026-02-06T17:27:37.1+08:00
2026-02-07 11:58:20,2026-02-06T17:28:00+08:00,2026-02-06T17:30:03+08:00,1.4939,103.6685,C,Cloud to Cloud,2026-02-06T17:27:37.1+08:00
2026-02-07 11:58:20,2026-02-06T17:28:00+08:00,2026-02-06T17:30:03+08:00,1.5499,103.6542,C,Cloud to Cloud,2026-02-06T17:27:37.1+08:00
2026-02-07 11:58:20,2026-02-06T17:28:00+08:00,2026-02-06T17:30:03+08:00,1.5505,103.6548,C,Cloud to Cloud,2026-02-06T17:27:37.1+08:00
2026-02-07 11:58:20,2026-02-06T17:28:00+08:00,2026-02-06T17:30:03+08:00,1.5901,103.615,C,Cloud to Cloud,2026-02-06T17:27:37.1+08:00
2026-02-07 11:58:20,2026-02-06T17:28:00+08:00,2026-02-06T17:30:03+08:00,1.5525,103.6519,C,Cloud to Cloud,2026-02-06T17:27:37.101+08:00
2026-02-07 11:58:20,2026-02-06T17:28:00+08:00,2026-02-06T17:30:03+08:00,1.5513,103.6497,C,Cloud to Cloud,2026-02-06T17:27:37.101+08:00
2026-02-07 11:58:20,2026-02-06T17:28:00+08:00,2026-02-06T17:30:03+08:00,1.5417,103.6511,C,Cloud to Cloud,2026-02-06T17:27:37.101+08:00
2026-02-07 11:58:20,2026-02-06T17:28:00+08:00,2026-02-06T17:30:03+08:00,1.5413,103.6538,C,Cloud to Cloud,2026-02-06T17:27:37.101+08:00
2026-02-07 11:58:20,2026-02-06T17:28:00+08:00,2026-02-06T17:30:03+08:00,1.5824,103.641,C,Cloud to Cloud,2026-02-06T17:27:37.101+08:00
2026-02-07 11:58:20,2026-02-06T17:28:00+08:00,2026-02-06T17:30:03+08:00,1.5404,103.6607,C,Cloud to Cloud,2026-02-06T17:27:37.101+08:00
2026-02-07 11:58:20,2026-02-06T17:28:00+08:00,2026-02-06T17:30:03+08:00,1.5476,103.6462,C,Cloud to Cloud,2026-02-06T17:27:37.102+08:00
2026-02-07 11:58:20,2026-02-06T17:28:00+08:00,2026-02-06T17:30:03+08:00,1.5547,103.6428,C,Cloud to Cloud,2026-02-06T17:27:37.102+08:00
2026-02-07 11:58:20,2026-02-06T17:28:00+08:00,2026-02-06T17:30:03+08:00,1.5566,103.6393,C,Cloud to Cloud,2026-02-06T17:27:37.102+08:00
2026-02-07 11:58:20,2026-02-06T17:28:00+08:00,2026-02-06T17:30:03+08:00,1.5398,103.6503,C,Cloud to Cloud,2026-02-06T17:27:37.102+08:00
2026-02-07 11:58:20,2026-02-06T17:28:00+08:00,2026-02-06T17:30:03+08:00,1.6386,103.5725,C,Cloud to Cloud,2026-02-06T17:27:37.102+08:00
2026-02-07 11:58:20,2026-02-06T17:28:00+08:00,2026-02-06T17:30:03+08:00,1.5366,103.6537,C,Cloud to Cloud,2026-02-06T17:27:37.102+08:00
2026-02-07 11:58:20,2026-02-06T17:28:00+08:00,2026-02-06T17:30:03+08:00,1.5404,103.6454,C,Cloud to Cloud,2026-02-06T17:27:37.103+08:00
2026-02-07 11:58:20,2026-02-06T17:28:00+08:00,2026-02-06T17:30:03+08:00,1.5419,103.657,C,Cloud to Cloud,2026-02-06T17:27:37.103+08:00
2026-02-07 11:58:20,2026-02-06T17:28:00+08:00,2026-02-06T17:30:03+08:00,1.5421,103.6566,C,Cloud to Cloud,2026-02-06T17:27:37.103+08:00
2026-02-07 11:58:20,2026-02-06T17:28:00+08:00,2026-02-06T17:30:03+08:00,1.547,103.6481,C,Cloud to Cloud,2026-02-06T17:27:37.105+08:00
2026-02-07 11:58:20,2026-02-06T17:28:00+08:00,2026-02-06T17:30:03+08:00,1.5432,103.6536,C,Cloud to Cloud,2026-02-06T17:27:37.105+08:00
2026-02-07 11:58:20,2026-02-06T17:28:00+08:00,2026-02-06T17:30:03+08:00,1.5391,103.6588,C,Cloud to Cloud,2026-02-06T17:27:37.107+08:00
2026-02-07 11:58:20,2026-02-06T17:28:00+08:00,2026-02-06T17:30:03+08:00,1.5331,103.6653,C,Cloud to Cloud,2026-02-06T17:27:37.107+08:00
2026-02-07 11:58:20,2026-02-06T17:28:00+08:00,2026-02-06T17:30:03+08:00,1.5384,103.6585,C,Cloud to Cloud,2026-02-06T17:27:37.107+08:00
2026-02-07 11:58:20,2026-02-06T17:28:00+08:00,2026-02-06T17:30:03+08:00,1.5356,103.66,C,Cloud to Cloud,2026-02-06T17:27:37.109+08:00
2026-02-07 11:58:20,2026-02-06T17:28:00+08:00,2026-02-06T17:30:03+08:00,1.5325,103.6671,C,Cloud to Cloud,2026-02-06T17:27:37.11+08:00
2026-02-07 11:58:20,2026-02-06T17:28:00+08:00,2026-02-06T17:30:03+08:00,1.5339,103.6557,C,Cloud to Cloud,2026-02-06T17:27:37.111+08:00
2026-02-07 11:58:20,2026-02-06T17:28:00+08:00,2026-02-06T17:30:03+08:00,1.533,103.6572,C,Cloud to Cloud,2026-02-06T17:27:37.111+08:00
2026-02-07 11:58:20,2026-02-06T17:28:00+08:00,2026-02-06T17:30:03+08:00,1.5356,103.6543,C,Cloud to Cloud,2026-02-06T17:27:37.115+08:00
2026-02-07 11:58:20,2026-02-06T17:28:00+08:00,2026-02-06T17:30:03+08:00,1.5305,103.6568,C,Cloud to Cloud,2026-02-06T17:27:37.116+08:00
2026-02-07 11:58:20,2026-02-06T17:28:00+08:00,2026-02-06T17:30:03+08:00,1.521,103.6604,C,Cloud to Cloud,2026-02-06T17:27:37.12+08:00
2026-02-07 11:58:20,2026-02-06T17:28:00+08:00,2026-02-06T17:30:03+08:00,1.5524,103.6352,C,Cloud to Cloud,2026-02-06T17:27:37.144+08:00
2026-02-07 11:58:20,2026-02-06T17:20:00+08:00,2026-02-06T17:22:02+08:00,1.5057,103.5069,C,Cloud to Cloud,2026-02-06T17:18:27.831+08:00
2026-02-07 11:58:20,2026-02-06T17:20:00+08:00,2026-02-06T17:22:02+08:00,1.5587,103.5104,C,Cloud to Cloud,2026-02-06T17:18:27.831+08:00
2026-02-07 11:58:20,2026-02-06T17:20:00+08:00,2026-02-06T17:22:02+08:00,1.4935,103.5389,C,Cloud to Cloud,2026-02-06T17:18:27.831+08:00
2026-02-07 11:58:20,2026-02-06T17:20:00+08:00,2026-02-06T17:22:02+08:00,1.4967,103.5405,C,Cloud to Cloud,2026-02-06T17:18:27.831+08:00
2026-02-07 11:58:20,2026-02-06T17:20:00+08:00,2026-02-06T17:22:02+08:00,1.5148,103.4996,C,Cloud to Cloud,2026-02-06T17:18:27.832+08:00
2026-02-07 11:58:20,2026-02-06T17:20:00+08:00,2026-02-06T17:22:02+08:00,1.5169,103.4909,C,Cloud to Cloud,2026-02-06T17:18:27.832+08:00
2026-02-07 11:58:20,2026-02-06T17:20:00+08:00,2026-02-06T17:22:02+08:00,1.5012,103.5349,C,Cloud to Cloud,2026-02-06T17:18:27.832+08:00
2026-02-07 11:58:20,2026-02-06T17:20:00+08:00,2026-02-06T17:22:02+08:00,1.5172,103.5177,C,Cloud to Cloud,2026-02-06T17:18:27.832+08:00
2026-02-07 11:58:20,2026-02-06T17:20:00+08:00,2026-02-06T17:22:02+08:00,1.4941,103.5503,C,Cloud to Cloud,2026-02-06T17:18:27.833+08:00
2026-02-07 11:58:20,2026-02-06T17:20:00+08:00,2026-02-06T17:22:02+08:00,1.5124,103.502,C,Cloud to Cloud,2026-02-06T17:18:27.833+08:00
2026-02-07 11:58:20,2026-02-06T17:20:00+08:00,2026-02-06T17:22:02+08:00,1.531,103.4716,C,Cloud to Cloud,2026-02-06T17:18:27.833+08:00
2026-02-07 11:58:20,2026-02-06T17:20:00+08:00,2026-02-06T17:22:02+08:00,1.501,103.5415,C,Cloud to Cloud,2026-02-06T17:18:27.833+08:00
2026-02-07 11:58:20,2026-02-06T17:20:00+08:00,2026-02-06T17:22:02+08:00,1.5026,103.5397,C,Cloud to Cloud,2026-02-06T17:18:27.833+08:00
2026-02-07 11:58:20,2026-02-06T17:20:00+08:00,2026-02-06T17:22:02+08:00,1.4901,103.5259,C,Cloud to Cloud,2026-02-06T17:18:27.833+08:00
2026-02-07 11:58:20,2026-02-06T17:20:00+08:00,2026-02-06T17:22:02+08:00,1.5212,103.4881,C,Cloud to Cloud,2026-02-06T17:18:27.833+08:00
2026-02-07 11:58:20,2026-02-06T17:20:00+08:00,2026-02-06T17:22:02+08:00,1.5058,103.5359,C,Cloud to Cloud,2026-02-06T17:18:27.834+08:00
2026-02-07 11:58:20,2026-02-06T17:20:00+08:00,2026-02-06T17:22:02+08:00,1.5172,103.5061,C,Cloud to Cloud,2026-02-06T17:18:27.834+08:00
2026-02-07 11:58:20,2026-02-06T17:20:00+08:00,2026-02-06T17:22:02+08:00,1.503,103.5403,C,Cloud to Cloud,2026-02-06T17:18:27.834+08:00
2026-02-07 11:58:20,2026-02-06T17:20:00+08:00,2026-02-06T17:22:02+08:00,1.506,103.5252,C,Cloud to Cloud,2026-02-06T17:18:27.834+08:00
2026-02-07 11:58:20,2026-02-06T17:20:00+08:00,2026-02-06T17:22:02+08:00,1.5381,103.5002,C,Cloud to Cloud,2026-02-06T17:18:27.834+08:00
2026-02-07 11:58:20,2026-02-06T17:20:00+08:00,2026-02-06T17:22:02+08:00,1.5064,103.5173,C,Cloud to Cloud,2026-02-06T17:18:27.834+08:00
2026-02-07 11:58:20,2026-02-06T17:20:00+08:00,2026-02-06T17:22:02+08:00,1.5025,103.5372,C,Cloud to Cloud,2026-02-06T17:18:27.834+08:00
2026-02-07 11:58:20,2026-02-06T17:20:00+08:00,2026-02-06T17:22:02+08:00,1.4754,103.5418,C,Cloud to Cloud,2026-02-06T17:18:27.834+08:00
2026-02-07 11:58:20,2026-02-06T17:20:00+08:00,2026-02-06T17:22:02+08:00,1.4928,103.5469,C,Cloud to Cloud,2026-02-06T17:18:27.834+08:00
2026-02-07 11:58:20,2026-02-06T17:20:00+08:00,2026-02-06T17:22:02+08:00,1.5039,103.5314,C,Cloud to Cloud,2026-02-06T17:18:27.835+08:00
2026-02-07 11:58:20,2026-02-06T17:20:00+08:00,2026-02-06T17:22:02+08:00,1.5074,103.5177,C,Cloud to Cloud,2026-02-06T17:18:27.835+08:00
2026-02-07 11:58:20,2026-02-06T17:20:00+08:00,2026-02-06T17:22:02+08:00,1.4937,103.5381,C,Cloud to Cloud,2026-02-06T17:18:27.835+08:00
2026-02-07 11:58:20,2026-02-06T17:20:00+08:00,2026-02-06T17:22:02+08:00,1.5014,103.5262,C,Cloud to Cloud,2026-02-06T17:18:27.835+08:00
2026-02-07 11:58:20,2026-02-06T17:20:00+08:00,2026-02-06T17:22:02+08:00,1.4975,103.5321,C,Cloud to Cloud,2026-02-06T17:18:27.835+08:00
2026-02-07 11:58:20,2026-02-06T17:20:00+08:00,2026-02-06T17:22:02+08:00,1.4621,103.5724,C,Cloud to Cloud,2026-02-06T17:18:27.836+08:00
2026-02-07 11:58:20,2026-02-06T17:20:00+08:00,2026-02-06T17:22:02+08:00,1.458,103.5698,C,Cloud to Cloud,2026-02-06T17:18:27.836+08:00
2026-02-07 11:58:20,2026-02-06T17:20:00+08:00,2026-02-06T17:22:02+08:00,1.4996,103.5483,C,Cloud to Cloud,2026-02-06T17:18:27.836+08:00
2026-02-07 11:58:20,2026-02-06T17:20:00+08:00,2026-02-06T17:22:02+08:00,1.4999,103.525,C,Cloud to Cloud,2026-02-06T17:18:27.836+08:00
2026-02-07 11:58:20,2026-02-06T17:20:00+08:00,2026-02-06T17:22:02+08:00,1.5251,103.4526,C,Cloud to Cloud,2026-02-06T17:18:27.836+08:00
2026-02-07 11:58:20,2026-02-06T17:20:00+08:00,2026-02-06T17:22:02+08:00,1.5039,103.5173,C,Cloud to Cloud,2026-02-06T17:18:27.836+08:00
2026-02-07 11:58:20,2026-02-06T17:20:00+08:00,2026-02-06T17:22:02+08:00,1.5003,103.5096,C,Cloud to Cloud,2026-02-06T17:18:27.837+08:00
2026-02-07 11:58:20,2026-02-06T17:20:00+08:00,2026-02-06T17:22:02+08:00,1.501,103.5212,C,Cloud to Cloud,2026-02-06T17:18:27.837+08:00
2026-02-07 11:58:20,2026-02-06T17:20:00+08:00,2026-02-06T17:22:02+08:00,1.4999,103.525,C,Cloud to Cloud,2026-02-06T17:18:27.837+08:00
2026-02-07 11:58:20,2026-02-06T17:20:00+08:00,2026-02-06T17:22:02+08:00,1.5136,103.4692,C,Cloud to Cloud,2026-02-06T17:18:27.837+08:00
2026-02-07 11:58:20,2026-02-06T17:20:00+08:00,2026-02-06T17:22:02+08:00,1.5045,103.5028,C,Cloud to Cloud,2026-02-06T17:18:27.837+08:00
2026-02-07 11:58:20,2026-02-06T17:20:00+08:00,2026-02-06T17:22:02+08:00,1.5002,103.5061,C,Cloud to Cloud,2026-02-06T17:18:27.837+08:00
2026-02-07 11:58:20,2026-02-06T17:20:00+08:00,2026-02-06T17:22:02+08:00,1.5146,103.4685,C,Cloud to Cloud,2026-02-06T17:18:27.837+08:00
2026-02-07 11:58:20,2026-02-06T17:20:00+08:00,2026-02-06T17:22:02+08:00,1.5084,103.4741,C,Cloud to Cloud,2026-02-06T17:18:27.837+08:00
2026-02-07 11:58:20,2026-02-06T17:20:00+08:00,2026-02-06T17:22:02+08:00,1.5027,103.5222,C,Cloud to Cloud,2026-02-06T17:18:27.838+08:00
2026-02-07 11:58:20,2026-02-06T17:20:00+08:00,2026-02-06T17:22:02+08:00,1.4999,103.4941,C,Cloud to Cloud,2026-02-06T17:18:27.838+08:00
2026-02-07 11:58:20,2026-02-06T17:20:00+08:00,2026-02-06T17:22:02+08:00,1.5094,103.4723,C,Cloud to Cloud,2026-02-06T17:18:27.838+08:00
2026-02-07 11:58:20,2026-02-06T17:20:00+08:00,2026-02-06T17:22:02+08:00,1.5014,103.5149,C,Cloud to Cloud,2026-02-06T17:18:27.838+08:00
2026-02-07 11:58:20,2026-02-06T17:20:00+08:00,2026-02-06T17:22:02+08:00,1.5038,103.4898,C,Cloud to Cloud,2026-02-06T17:18:27.838+08:00
2026-02-07 11:58:20,2026-02-06T17:20:00+08:00,2026-02-06T17:22:02+08:00,1.5019,103.4711,C,Cloud to Cloud,2026-02-06T17:18:27.839+08:00
2026-02-07 11:58:20,2026-02-06T17:20:00+08:00,2026-02-06T17:22:02+08:00,1.4994,103.5163,C,Cloud to Cloud,2026-02-06T17:18:27.84+08:00
2026-02-07 11:58:20,2026-02-06T17:20:00+08:00,2026-02-06T17:22:02+08:00,1.5292,103.4624,C,Cloud to Cloud,2026-02-06T17:18:27.84+08:00
2026-02-07 11:58:20,2026-02-06T17:20:00+08:00,2026-02-06T17:22:02+08:00,1.4827,103.5375,C,Cloud to Cloud,2026-02-06T17:18:27.84+08:00
2026-02-07 11:58:20,2026-02-06T17:20:00+08:00,2026-02-06T17:22:02+08:00,1.4979,103.5218,C,Cloud to Cloud,2026-02-06T17:18:27.84+08:00
2026-02-07 11:58:20,2026-02-06T17:20:00+08:00,2026-02-06T17:22:02+08:00,1.4997,103.4984,C,Cloud to Cloud,2026-02-06T17:18:27.84+08:00
2026-02-07 11:58:20,2026-02-06T17:20:00+08:00,2026-02-06T17:22:02+08:00,1.5002,103.505,C,Cloud to Cloud,2026-02-06T17:18:27.84+08:00
2026-02-07 11:58:20,2026-02-06T17:20:00+08:00,2026-02-06T17:22:02+08:00,1.4964,103.4978,C,Cloud to Cloud,2026-02-06T17:18:27.841+08:00
2026-02-07 11:58:20,2026-02-06T17:20:00+08:00,2026-02-06T17:22:02+08:00,1.5014,103.498,C,Cloud to Cloud,2026-02-06T17:18:27.841+08:00
2026-02-07 11:58:20,2026-02-06T17:20:00+08:00,2026-02-06T17:22:02+08:00,1.4991,103.516,C,Cloud to Cloud,2026-02-06T17:18:27.841+08:00
2026-02-07 11:58:20,2026-02-06T17:20:00+08:00,2026-02-06T17:22:02+08:00,1.4972,103.5025,C,Cloud to Cloud,2026-02-06T17:18:27.841+08:00
2026-02-07 11:58:20,2026-02-06T17:20:00+08:00,2026-02-06T17:22:02+08:00,1.5108,103.4786,C,Cloud to Cloud,2026-02-06T17:18:27.841+08:00
2026-02-07 11:58:20,2026-02-06T17:20:00+08:00,2026-02-06T17:22:02+08:00,1.5011,103.5033,C,Cloud to Cloud,2026-02-06T17:18:27.842+08:00
2026-02-07 11:58:20,2026-02-06T17:20:00+08:00,2026-02-06T17:22:02+08:00,1.5013,103.5087,C,Cloud to Cloud,2026-02-06T17:18:27.842+08:00
2026-02-07 11:58:20,2026-02-06T17:20:00+08:00,2026-02-06T17:22:02+08:00,1.5017,103.4902,C,Cloud to Cloud,2026-02-06T17:18:27.842+08:00
2026-02-07 11:58:20,2026-02-06T17:20:00+08:00,2026-02-06T17:22:02+08:00,1.504,103.4865,C,Cloud to Cloud,2026-02-06T17:18:27.842+08:00
2026-02-07 11:58:20,2026-02-06T17:20:00+08:00,2026-02-06T17:22:02+08:00,1.5002,103.5053,C,Cloud to Cloud,2026-02-06T17:18:27.842+08:00
2026-02-07 11:58:20,2026-02-06T17:20:00+08:00,2026-02-06T17:22:02+08:00,1.5024,103.505,C,Cloud to Cloud,2026-02-06T17:18:27.843+08:00
2026-02-07 11:58:20,2026-02-06T17:20:00+08:00,2026-02-06T17:22:02+08:00,1.4975,103.4946,C,Cloud to Cloud,2026-02-06T17:18:27.843+08:00
2026-02-07 11:58:20,2026-02-06T17:20:00+08:00,2026-02-06T17:22:02+08:00,1.5008,103.4919,C,Cloud to Cloud,2026-02-06T17:18:27.843+08:00
2026-02-07 11:58:20,2026-02-06T17:20:00+08:00,2026-02-06T17:22:02+08:00,1.4964,103.5037,C,Cloud to Cloud,2026-02-06T17:18:27.843+08:00
2026-02-07 11:58:20,2026-02-06T17:20:00+08:00,2026-02-06T17:22:02+08:00,1.4942,103.5083,C,Cloud to Cloud,2026-02-06T17:18:27.843+08:00
2026-02-07 11:58:20,2026-02-06T17:20:00+08:00,2026-02-06T17:22:02+08:00,1.498,103.5046,C,Cloud to Cloud,2026-02-06T17:18:27.843+08:00
2026-02-07 11:58:20,2026-02-06T17:20:00+08:00,2026-02-06T17:22:02+08:00,1.502,103.491,C,Cloud to Cloud,2026-02-06T17:18:27.844+08:00
2026-02-07 11:58:20,2026-02-06T17:20:00+08:00,2026-02-06T17:22:02+08:00,1.5076,103.4668,C,Cloud to Cloud,2026-02-06T17:18:27.844+08:00
2026-02-07 11:58:20,2026-02-06T17:20:00+08:00,2026-02-06T17:22:02+08:00,1.4997,103.5162,C,Cloud to Cloud,2026-02-06T17:18:27.844+08:00
2026-02-07 11:58:20,2026-02-06T17:20:00+08:00,2026-02-06T17:22:02+08:00,1.4941,103.5274,C,Cloud to Cloud,2026-02-06T17:18:27.844+08:00
2026-02-07 11:58:20,2026-02-06T17:20:00+08:00,2026-02-06T17:22:02+08:00,1.4965,103.504,C,Cloud to Cloud,2026-02-06T17:18:27.844+08:00
2026-02-07 11:58:20,2026-02-06T17:20:00+08:00,2026-02-06T17:22:02+08:00,1.5006,103.4977,C,Cloud to Cloud,2026-02-06T17:18:27.844+08:00
2026-02-07 11:58:20,2026-02-06T17:20:00+08:00,2026-02-06T17:22:02+08:00,1.5019,103.4994,C,Cloud to Cloud,2026-02-06T17:18:27.845+08:00
2026-02-07 11:58:20,2026-02-06T17:20:00+08:00,2026-02-06T17:22:02+08:00,1.4891,103.5118,C,Cloud to Cloud,2026-02-06T17:18:27.845+08:00
2026-02-07 11:58:20,2026-02-06T17:20:00+08:00,2026-02-06T17:22:02+08:00,1.4989,103.4966,C,Cloud to Cloud,2026-02-06T17:18:27.845+08:00
2026-02-07 11:58:20,2026-02-06T17:20:00+08:00,2026-02-06T17:22:02+08:00,1.4991,103.4935,C,Cloud to Cloud,2026-02-06T17:18:27.845+08:00
2026-02-07 11:58:20,2026-02-06T17:20:00+08:00,2026-02-06T17:22:02+08:00,1.4971,103.4907,C,Cloud to Cloud,2026-02-06T17:18:27.845+08:00
2026-02-07 11:58:20,2026-02-06T17:20:00+08:00,2026-02-06T17:22:02+08:00,1.5073,103.4753,C,Cloud to Cloud,2026-02-06T17:18:27.845+08:00
2026-02-07 11:58:20,2026-02-06T17:20:00+08:00,2026-02-06T17:22:02+08:00,1.4988,103.4994,C,Cloud to Cloud,2026-02-06T17:18:27.845+08:00
2026-02-07 11:58:20,2026-02-06T17:20:00+08:00,2026-02-06T17:22:02+08:00,1.504,103.4858,C,Cloud to Cloud,2026-02-06T17:18:27.845+08:00
2026-02-07 11:58:20,2026-02-06T17:20:00+08:00,2026-02-06T17:22:02+08:00,1.4994,103.509,C,Cloud to Cloud,2026-02-06T17:18:27.846+08:00
2026-02-07 11:58:20,2026-02-06T17:20:00+08:00,2026-02-06T17:22:02+08:00,1.5077,103.4754,C,Cloud to Cloud,2026-02-06T17:18:27.846+08:00
2026-02-07 11:58:20,2026-02-06T17:20:00+08:00,2026-02-06T17:22:02+08:00,1.4967,103.4988,C,Cloud to Cloud,2026-02-06T17:18:27.846+08:00
2026-02-07 11:58:20,2026-02-06T17:20:00+08:00,2026-02-06T17:22:02+08:00,1.4982,103.4987,C,Cloud to Cloud,2026-02-06T17:18:27.846+08:00
2026-02-07 11:58:20,2026-02-06T17:20:00+08:00,2026-02-06T17:22:02+08:00,1.4927,103.5227,C,Cloud to Cloud,2026-02-06T17:18:27.846+08:00
2026-02-07 11:58:20,2026-02-06T17:20:00+08:00,2026-02-06T17:22:02+08:00,1.4995,103.4988,C,Cloud to Cloud,2026-02-06T17:18:27.846+08:00
2026-02-07 11:58:20,2026-02-06T17:20:00+08:00,2026-02-06T17:22:02+08:00,1.4993,103.4899,C,Cloud to Cloud,2026-02-06T17:18:27.846+08:00
2026-02-07 11:58:20,2026-02-06T17:20:00+08:00,2026-02-06T17:22:02+08:00,1.5051,103.4716,C,Cloud to Cloud,2026-02-06T17:18:27.847+08:00
2026-02-07 11:58:20,2026-02-06T17:20:00+08:00,2026-02-06T17:22:02+08:00,1.4964,103.5048,C,Cloud to Cloud,2026-02-06T17:18:27.847+08:00
2026-02-07 11:58:20,2026-02-06T17:20:00+08:00,2026-02-06T17:22:02+08:00,1.4952,103.4992,C,Cloud to Cloud,2026-02-06T17:18:27.847+08:00
2026-02-07 11:58:20,2026-02-06T17:20:00+08:00,2026-02-06T17:22:02+08:00,1.507,103.4778,C,Cloud to Cloud,2026-02-06T17:18:27.847+08:00
2026-02-07 11:58:20,2026-02-06T17:20:00+08:00,2026-02-06T17:22:02+08:00,1.4981,103.5112,C,Cloud to Cloud,2026-02-06T17:18:27.847+08:00
2026-02-07 11:58:20,2026-02-06T17:20:00+08:00,2026-02-06T17:22:02+08:00,1.4935,103.5028,C,Cloud to Cloud,2026-02-06T17:18:27.847+08:00
2026-02-07 11:58:20,2026-02-06T17:20:00+08:00,2026-02-06T17:22:02+08:00,1.4969,103.4908,C,Cloud to Cloud,2026-02-06T17:18:27.848+08:00
2026-02-07 11:58:20,2026-02-06T17:20:00+08:00,2026-02-06T17:22:02+08:00,1.5024,103.4916,C,Cloud to Cloud,2026-02-06T17:18:27.848+08:00
2026-02-07 11:58:20,2026-02-06T17:20:00+08:00,2026-02-06T17:22:02+08:00,1.5061,103.4797,C,Cloud to Cloud,2026-02-06T17:18:27.849+08:00
2026-02-07 11:58:20,2026-02-06T17:20:00+08:00,2026-02-06T17:22:02+08:00,1.5,103.4933,C,Cloud to Cloud,2026-02-06T17:18:27.849+08:00
2026-02-07 11:58:20,2026-02-06T17:20:00+08:00,2026-02-06T17:22:02+08:00,1.4848,103.5027,C,Cloud to Cloud,2026-02-06T17:18:27.849+08:00
2026-02-07 11:58:20,2026-02-06T17:20:00+08:00,2026-02-06T17:22:02+08:00,1.5019,103.4812,C,Cloud to Cloud,2026-02-06T17:18:27.849+08:00
2026-02-07 11:58:20,2026-02-06T17:20:00+08:00,2026-02-06T17:22:02+08:00,1.477,103.5266,C,Cloud to Cloud,2026-02-06T17:18:27.852+08:00
2026-02-07 11:58:20,2026-02-06T17:20:00+08:00,2026-02-06T17:22:02+08:00,1.5558,103.5493,C,Cloud to Cloud,2026-02-06T17:18:27.861+08:00
2026-02-07 11:58:20,2026-02-06T17:20:00+08:00,2026-02-06T17:22:02+08:00,1.5026,103.4821,C,Cloud to Cloud,2026-02-06T17:18:27.867+08:00
2026-02-07 11:58:20,2026-02-06T17:20:00+08:00,2026-02-06T17:22:02+08:00,1.4988,103.4638,C,Cloud to Cloud,2026-02-06T17:18:27.868+08:00
2026-02-07 11:58:20,2026-02-06T17:20:00+08:00,2026-02-06T17:22:02+08:00,1.4908,103.4857,C,Cloud to Cloud,2026-02-06T17:18:27.869+08:00
2026-02-07 11:58:20,2026-02-06T17:20:00+08:00,2026-02-06T17:22:02+08:00,1.4868,103.5001,C,Cloud to Cloud,2026-02-06T17:18:27.871+08:00
2026-02-07 11:58:20,2026-02-06T17:20:00+08:00,2026-02-06T17:22:02+08:00,1.5029,103.5089,C,Cloud to Cloud,2026-02-06T17:18:27.878+08:00
2026-02-07 11:58:20,2026-02-06T17:20:00+08:00,2026-02-06T17:22:02+08:00,1.5025,103.5219,C,Cloud to Cloud,2026-02-06T17:18:27.879+08:00
2026-02-07 11:58:20,2026-02-06T17:20:00+08:00,2026-02-06T17:22:02+08:00,1.5004,103.5173,C,Cloud to Cloud,2026-02-06T17:18:27.882+08:00
2026-02-07 11:58:20,2026-02-06T17:20:00+08:00,2026-02-06T17:22:02+08:00,1.5037,103.5062,C,Cloud to Cloud,2026-02-06T17:18:27.882+08:00
2026-02-07 11:58:20,2026-02-06T17:20:00+08:00,2026-02-06T17:22:02+08:00,1.5015,103.5505,C,Cloud to Cloud,2026-02-06T17:18:27.909+08:00
2026-02-07 11:58:20,2026-02-06T17:20:00+08:00,2026-02-06T17:22:02+08:00,1.5149,103.5085,C,Cloud to Cloud,2026-02-06T17:18:27.96+08:00
2026-02-07 11:58:20,2026-02-06T17:20:00+08:00,2026-02-06T17:22:02+08:00,1.5069,103.5281,C,Cloud to Cloud,2026-02-06T17:18:27.96+08:00
2026-02-07 11:58:20,2026-02-06T17:20:00+08:00,2026-02-06T17:22:02+08:00,1.5064,103.5322,C,Cloud to Cloud,2026-02-06T17:18:27.986+08:00
2026-02-07 11:58:20,2026-02-06T17:20:00+08:00,2026-02-06T17:22:02+08:00,1.5268,103.5306,C,Cloud to Cloud,2026-02-06T17:18:27.986+08:00
2026-02-07 11:58:20,2026-02-06T17:20:00+08:00,2026-02-06T17:22:02+08:00,1.4924,103.5695,C,Cloud to Cloud,2026-02-06T17:18:27.986+08:00
2026-02-07 11:58:20,2026-02-06T17:20:00+08:00,2026-02-06T17:22:02+08:00,1.5064,103.554,C,Cloud to Cloud,2026-02-06T17:18:27.988+08:00
2026-02-07 11:58:20,2026-02-06T17:20:00+08:00,2026-02-06T17:22:02+08:00,1.505,103.5575,C,Cloud to Cloud,2026-02-06T17:18:27.988+08:00
2026-02-07 11:58:20,2026-02-06T17:20:00+08:00,2026-02-06T17:22:02+08:00,1.4961,103.5729,C,Cloud to Cloud,2026-02-06T17:18:27.989+08:00
2026-02-07 11:58:20,2026-02-06T17:20:00+08:00,2026-02-06T17:22:02+08:00,1.5397,103.4883,C,Cloud to Cloud,2026-02-06T17:18:28.123+08:00
2026-02-07 11:58:20,2026-02-06T17:20:00+08:00,2026-02-06T17:22:02+08:00,1.4929,103.5674,C,Cloud to Cloud,2026-02-06T17:18:28.145+08:00
2026-02-07 11:58:20,2026-02-06T17:20:00+08:00,2026-02-06T17:22:02+08:00,1.5143,103.5169,C,Cloud to Cloud,2026-02-06T17:18:28.145+08:00
2026-02-07 11:58:20,2026-02-06T17:20:00+08:00,2026-02-06T17:22:02+08:00,1.5228,103.4904,C,Cloud to Cloud,2026-02-06T17:18:28.145+08:00
2026-02-07 11:58:20,2026-02-06T17:20:00+08:00,2026-02-06T17:22:02+08:00,1.6169,103.4856,C,Cloud to Cloud,2026-02-06T17:18:56.833+08:00
2026-02-07 11:58:20,2026-02-06T17:20:00+08:00,2026-02-06T17:22:02+08:00,1.6192,103.4864,C,Cloud to Cloud,2026-02-06T17:18:56.833+08:00
2026-02-07 11:58:20,2026-02-06T17:20:00+08:00,2026-02-06T17:22:02+08:00,1.643,103.4787,C,Cloud to Cloud,2026-02-06T17:18:56.834+08:00
2026-02-07 11:58:20,2026-02-06T17:20:00+08:00,2026-02-06T17:22:02+08:00,1.6138,103.4903,C,Cloud to Cloud,2026-02-06T17:18:56.834+08:00
2026-02-07 11:58:20,2026-02-06T17:20:00+08:00,2026-02-06T17:22:02+08:00,1.6105,103.4912,C,Cloud to Cloud,2026-02-06T17:18:56.834+08:00
2026-02-07 11:58:20,2026-02-06T17:20:00+08:00,2026-02-06T17:22:02+08:00,1.6109,103.4902,C,Cloud to Cloud,2026-02-06T17:18:56.834+08:00
2026-02-07 11:58:20,2026-02-06T17:20:00+08:00,2026-02-06T17:22:02+08:00,1.5942,103.5189,C,Cloud to Cloud,2026-02-06T17:18:56.834+08:00
2026-02-07 11:58:20,2026-02-06T17:20:00+08:00,2026-02-06T17:22:02+08:00,1.6449,103.4504,C,Cloud to Cloud,2026-02-06T17:18:56.835+08:00
2026-02-07 11:58:20,2026-02-06T17:20:00+08:00,2026-02-06T17:22:02+08:00,1.6298,103.4343,C,Cloud to Cloud,2026-02-06T17:18:56.835+08:00
2026-02-07 11:58:20,2026-02-06T17:20:00+08:00,2026-02-06T17:22:02+08:00,1.6013,103.4978,C,Cloud to Cloud,2026-02-06T17:18:56.836+08:00
2026-02-07 11:58:20,2026-02-06T17:20:00+08:00,2026-02-06T17:22:02+08:00,1.5988,103.4929,C,Cloud to Cloud,2026-02-06T17:18:56.837+08:00
2026-02-07 11:58:20,2026-02-06T17:20:00+08:00,2026-02-06T17:22:02+08:00,1.6029,103.5133,C,Cloud to Cloud,2026-02-06T17:18:56.849+08:00
2026-02-07 11:58:20,2026-02-06T17:20:00+08:00,2026-02-06T17:22:02+08:00,1.6494,103.4342,C,Cloud to Cloud,2026-02-06T17:18:57.105+08:00
2026-02-07 11:58:20,2026-02-06T17:20:00+08:00,2026-02-06T17:22:02+08:00,1.5967,103.5026,C,Cloud to Cloud,2026-02-06T17:18:57.116+08:00
2026-02-07 11:58:20,2026-02-06T17:20:00+08:00,2026-02-06T17:22:02+08:00,1.5894,103.5225,C,Cloud to Cloud,2026-02-06T17:18:57.277+08:00
2026-02-07 11:58:20,2026-02-06T17:20:00+08:00,2026-02-06T17:22:02+08:00,1.5892,103.5099,C,Cloud to Cloud,2026-02-06T17:18:57.323+08:00
2026-02-07 11:58:20,2026-02-06T17:20:00+08:00,2026-02-06T17:22:02+08:00,1.6411,103.4716,C,Cloud to Cloud,2026-02-06T17:18:57.355+08:00
2026-02-07 11:58:20,2026-02-06T17:20:00+08:00,2026-02-06T17:22:02+08:00,1.6172,103.48,C,Cloud to Cloud,2026-02-06T17:18:57.355+08:00
2026-02-07 11:58:21,2026-02-06T17:18:00+08:00,2026-02-06T17:20:03+08:00,1.6339,103.4596,C,Cloud to Cloud,2026-02-06T17:16:23.823+08:00
2026-02-07 11:58:21,2026-02-06T17:18:00+08:00,2026-02-06T17:20:03+08:00,1.6245,103.4595,C,Cloud to Cloud,2026-02-06T17:16:23.823+08:00
2026-02-07 11:58:21,2026-02-06T17:14:00+08:00,2026-02-06T17:16:03+08:00,1.6009,103.5358,C,Cloud to Cloud,2026-02-06T17:13:34.291+08:00
2026-02-07 11:58:21,2026-02-06T17:14:00+08:00,2026-02-06T17:16:03+08:00,1.6004,103.5319,C,Cloud to Cloud,2026-02-06T17:13:34.291+08:00
2026-02-07 11:58:21,2026-02-06T17:14:00+08:00,2026-02-06T17:16:03+08:00,1.607,103.527,C,Cloud to Cloud,2026-02-06T17:13:34.291+08:00
2026-02-07 11:58:21,2026-02-06T17:14:00+08:00,2026-02-06T17:16:03+08:00,1.6023,103.529,C,Cloud to Cloud,2026-02-06T17:13:34.291+08:00
2026-02-07 11:58:21,2026-02-06T17:14:00+08:00,2026-02-06T17:16:03+08:00,1.6206,103.5022,C,Cloud to Cloud,2026-02-06T17:13:34.291+08:00
2026-02-07 11:58:21,2026-02-06T17:14:00+08:00,2026-02-06T17:16:03+08:00,1.6203,103.4751,C,Cloud to Cloud,2026-02-06T17:13:34.852+08:00
2026-02-07 11:58:21,2026-02-06T17:14:00+08:00,2026-02-06T17:16:03+08:00,1.6476,103.4498,C,Cloud to Cloud,2026-02-06T17:13:34.905+08:00
2026-02-07 11:58:21,2026-02-06T17:14:00+08:00,2026-02-06T17:16:03+08:00,1.6428,103.4522,C,Cloud to Cloud,2026-02-06T17:13:34.905+08:00
2026-02-07 11:58:21,2026-02-06T17:14:00+08:00,2026-02-06T17:16:03+08:00,1.3084,103.5987,C,Cloud to Cloud,2026-02-06T17:13:36.263+08:00
2026-02-07 11:58:21,2026-02-06T17:14:00+08:00,2026-02-06T17:16:03+08:00,1.2757,103.5816,C,Cloud to Cloud,2026-02-06T17:13:36.263+08:00
2026-02-07 11:58:21,2026-02-06T17:14:00+08:00,2026-02-06T17:16:03+08:00,1.3028,103.5899,C,Cloud to Cloud,2026-02-06T17:13:36.263+08:00
2026-02-07 11:58:21,2026-02-06T17:14:00+08:00,2026-02-06T17:16:03+08:00,1.2821,103.5569,C,Cloud to Cloud,2026-02-06T17:13:36.263+08:00
2026-02-07 11:58:21,2026-02-06T17:14:00+08:00,2026-02-06T17:16:03+08:00,1.2837,103.5595,C,Cloud to Cloud,2026-02-06T17:13:36.263+08:00
2026-02-07 11:58:21,2026-02-06T17:14:00+08:00,2026-02-06T17:16:03+08:00,1.2789,103.5571,C,Cloud to Cloud,2026-02-06T17:13:36.263+08:00
2026-02-07 11:58:21,2026-02-06T17:14:00+08:00,2026-02-06T17:16:03+08:00,1.2661,103.575,C,Cloud to Cloud,2026-02-06T17:13:36.263+08:00
2026-02-07 11:58:21,2026-02-06T17:14:00+08:00,2026-02-06T17:16:03+08:00,1.277,103.5599,C,Cloud to Cloud,2026-02-06T17:13:36.264+08:00
2026-02-07 11:58:21,2026-02-06T17:14:00+08:00,2026-02-06T17:16:03+08:00,1.2777,103.5602,C,Cloud to Cloud,2026-02-06T17:13:36.264+08:00
2026-02-07 11:58:21,2026-02-06T17:14:00+08:00,2026-02-06T17:16:03+08:00,1.2786,103.5567,C,Cloud to Cloud,2026-02-06T17:13:36.264+08:00
2026-02-07 11:58:21,2026-02-06T17:14:00+08:00,2026-02-06T17:16:03+08:00,1.2785,103.556,C,Cloud to Cloud,2026-02-06T17:13:36.264+08:00
2026-02-07 11:58:21,2026-02-06T17:14:00+08:00,2026-02-06T17:16:03+08:00,1.2782,103.5553,C,Cloud to Cloud,2026-02-06T17:13:36.264+08:00
2026-02-07 11:58:21,2026-02-06T17:14:00+08:00,2026-02-06T17:16:03+08:00,1.2794,103.5587,C,Cloud to Cloud,2026-02-06T17:13:36.264+08:00
2026-02-07 11:58:21,2026-02-06T17:14:00+08:00,2026-02-06T17:16:03+08:00,1.2773,103.5551,C,Cloud to Cloud,2026-02-06T17:13:36.264+08:00
2026-02-07 11:58:21,2026-02-06T17:14:00+08:00,2026-02-06T17:16:03+08:00,1.2758,103.5575,C,Cloud to Cloud,2026-02-06T17:13:36.264+08:00
2026-02-07 11:58:21,2026-02-06T17:14:00+08:00,2026-02-06T17:16:03+08:00,1.2772,103.5553,C,Cloud to Cloud,2026-02-06T17:13:36.264+08:00
2026-02-07 11:58:21,2026-02-06T17:14:00+08:00,2026-02-06T17:16:03+08:00,1.2724,103.5493,C,Cloud to Cloud,2026-02-06T17:13:36.265+08:00
2026-02-07 11:58:21,2026-02-06T17:14:00+08:00,2026-02-06T17:16:03+08:00,1.2753,103.5539,C,Cloud to Cloud,2026-02-06T17:13:36.265+08:00
2026-02-07 11:58:21,2026-02-06T17:14:00+08:00,2026-02-06T17:16:03+08:00,1.2767,103.5515,C,Cloud to Cloud,2026-02-06T17:13:36.265+08:00
2026-02-07 11:58:21,2026-02-06T17:14:00+08:00,2026-02-06T17:16:03+08:00,1.2734,103.5356,C,Cloud to Cloud,2026-02-06T17:13:36.265+08:00
2026-02-07 11:58:21,2026-02-06T17:14:00+08:00,2026-02-06T17:16:03+08:00,1.278,103.5493,C,Cloud to Cloud,2026-02-06T17:13:36.265+08:00
2026-02-07 11:58:21,2026-02-06T17:14:00+08:00,2026-02-06T17:16:03+08:00,1.2686,103.5475,C,Cloud to Cloud,2026-02-06T17:13:36.267+08:00
2026-02-07 11:58:21,2026-02-06T17:14:00+08:00,2026-02-06T17:16:03+08:00,1.2673,103.5168,C,Cloud to Cloud,2026-02-06T17:13:36.267+08:00
2026-02-07 11:58:21,2026-02-06T17:14:00+08:00,2026-02-06T17:16:03+08:00,1.2681,103.5264,C,Cloud to Cloud,2026-02-06T17:13:36.273+08:00
2026-02-07 11:58:21,2026-02-06T17:14:00+08:00,2026-02-06T17:16:03+08:00,1.269,103.5309,C,Cloud to Cloud,2026-02-06T17:13:36.274+08:00
2026-02-07 11:58:21,2026-02-06T17:14:00+08:00,2026-02-06T17:16:03+08:00,1.2611,103.5167,C,Cloud to Cloud,2026-02-06T17:13:36.276+08:00
2026-02-07 11:58:21,2026-02-06T17:14:00+08:00,2026-02-06T17:16:03+08:00,1.2955,103.5866,C,Cloud to Cloud,2026-02-06T17:13:36.276+08:00
2026-02-07 11:58:21,2026-02-06T17:14:00+08:00,2026-02-06T17:16:03+08:00,1.2695,103.5168,C,Cloud to Cloud,2026-02-06T17:13:36.277+08:00
2026-02-07 11:58:21,2026-02-06T17:14:00+08:00,2026-02-06T17:16:03+08:00,1.2665,103.5069,C,Cloud to Cloud,2026-02-06T17:13:36.277+08:00
2026-02-07 11:58:21,2026-02-06T17:14:00+08:00,2026-02-06T17:16:03+08:00,1.2682,103.5075,C,Cloud to Cloud,2026-02-06T17:13:36.278+08:00
2026-02-07 11:58:21,2026-02-06T17:14:00+08:00,2026-02-06T17:16:03+08:00,1.2712,103.5094,C,Cloud to Cloud,2026-02-06T17:13:36.278+08:00
2026-02-07 11:58:21,2026-02-06T17:14:00+08:00,2026-02-06T17:16:03+08:00,1.267,103.5019,C,Cloud to Cloud,2026-02-06T17:13:36.278+08:00
2026-02-07 11:58:21,2026-02-06T17:14:00+08:00,2026-02-06T17:16:03+08:00,1.2701,103.5079,C,Cloud to Cloud,2026-02-06T17:13:36.279+08:00
2026-02-07 11:58:21,2026-02-06T17:14:00+08:00,2026-02-06T17:16:03+08:00,1.2845,103.4442,C,Cloud to Cloud,2026-02-06T17:13:36.279+08:00
2026-02-07 11:58:21,2026-02-06T17:14:00+08:00,2026-02-06T17:16:03+08:00,1.2695,103.5057,C,Cloud to Cloud,2026-02-06T17:13:36.279+08:00
2026-02-07 11:58:21,2026-02-06T17:14:00+08:00,2026-02-06T17:16:03+08:00,1.2693,103.5088,C,Cloud to Cloud,2026-02-06T17:13:36.28+08:00
2026-02-07 11:58:21,2026-02-06T17:14:00+08:00,2026-02-06T17:16:03+08:00,1.2735,103.5232,C,Cloud to Cloud,2026-02-06T17:13:36.28+08:00
2026-02-07 11:58:21,2026-02-06T17:14:00+08:00,2026-02-06T17:16:03+08:00,1.2634,103.5069,C,Cloud to Cloud,2026-02-06T17:13:36.281+08:00
2026-02-07 11:58:21,2026-02-06T17:14:00+08:00,2026-02-06T17:16:03+08:00,1.278,103.5396,C,Cloud to Cloud,2026-02-06T17:13:36.383+08:00
2026-02-07 11:58:21,2026-02-06T17:14:00+08:00,2026-02-06T17:16:03+08:00,1.278,103.5875,C,Cloud to Cloud,2026-02-06T17:13:36.383+08:00
2026-02-07 11:58:21,2026-02-06T17:14:00+08:00,2026-02-06T17:16:03+08:00,1.282,103.5436,C,Cloud to Cloud,2026-02-06T17:13:36.383+08:00
2026-02-07 11:58:21,2026-02-06T17:12:00+08:00,2026-02-06T17:14:03+08:00,1.4841,103.5958,C,Cloud to Cloud,2026-02-06T17:11:05.005+08:00
2026-02-07 11:58:21,2026-02-06T17:12:00+08:00,2026-02-06T17:14:03+08:00,1.5798,103.5148,C,Cloud to Cloud,2026-02-06T17:11:05.055+08:00
2026-02-07 11:58:21,2026-02-06T17:12:00+08:00,2026-02-06T17:14:03+08:00,1.5705,103.5325,C,Cloud to Cloud,2026-02-06T17:11:05.055+08:00
2026-02-07 11:58:21,2026-02-06T17:12:00+08:00,2026-02-06T17:14:03+08:00,1.5617,103.5374,C,Cloud to Cloud,2026-02-06T17:11:05.055+08:00
2026-02-07 11:58:21,2026-02-06T17:12:00+08:00,2026-02-06T17:14:03+08:00,1.5219,103.5723,C,Cloud to Cloud,2026-02-06T17:11:05.055+08:00
2026-02-07 11:58:21,2026-02-06T17:12:00+08:00,2026-02-06T17:14:03+08:00,1.4256,103.6501,C,Cloud to Cloud,2026-02-06T17:11:05.057+08:00
2026-02-07 11:58:21,2026-02-06T17:12:00+08:00,2026-02-06T17:14:03+08:00,1.6394,103.4914,C,Cloud to Cloud,2026-02-06T17:11:05.25+08:00
2026-02-07 11:58:21,2026-02-06T17:12:00+08:00,2026-02-06T17:14:03+08:00,1.6423,103.491,C,Cloud to Cloud,2026-02-06T17:11:05.251+08:00
2026-02-07 11:58:21,2026-02-06T17:12:00+08:00,2026-02-06T17:14:03+08:00,1.6043,103.5324,C,Cloud to Cloud,2026-02-06T17:11:05.254+08:00
2026-02-07 11:58:21,2026-02-06T17:12:00+08:00,2026-02-06T17:14:03+08:00,1.6262,103.5117,C,Cloud to Cloud,2026-02-06T17:11:05.432+08:00
2026-02-07 11:58:21,2026-02-06T17:12:00+08:00,2026-02-06T17:14:03+08:00,1.5448,103.4475,C,Cloud to Cloud,2026-02-06T17:11:38.78+08:00
2026-02-07 11:58:21,2026-02-06T17:12:00+08:00,2026-02-06T17:14:03+08:00,1.5697,103.4582,C,Cloud to Cloud,2026-02-06T17:11:38.78+08:00
2026-02-07 11:58:21,2026-02-06T17:12:00+08:00,2026-02-06T17:14:03+08:00,1.4966,103.5259,C,Cloud to Cloud,2026-02-06T17:11:38.78+08:00
2026-02-07 11:58:21,2026-02-06T17:12:00+08:00,2026-02-06T17:14:03+08:00,1.5725,103.4023,C,Cloud to Cloud,2026-02-06T17:11:38.781+08:00
2026-02-07 11:58:21,2026-02-06T17:12:00+08:00,2026-02-06T17:14:03+08:00,1.5012,103.5209,C,Cloud to Cloud,2026-02-06T17:11:38.781+08:00
2026-02-07 11:58:21,2026-02-06T17:12:00+08:00,2026-02-06T17:14:03+08:00,1.5272,103.457,C,Cloud to Cloud,2026-02-06T17:11:38.781+08:00
2026-02-07 11:58:21,2026-02-06T17:12:00+08:00,2026-02-06T17:14:03+08:00,1.5027,103.5156,C,Cloud to Cloud,2026-02-06T17:11:38.782+08:00
2026-02-07 11:58:21,2026-02-06T17:12:00+08:00,2026-02-06T17:14:03+08:00,1.5329,103.4456,C,Cloud to Cloud,2026-02-06T17:11:38.782+08:00
2026-02-07 11:58:21,2026-02-06T17:12:00+08:00,2026-02-06T17:14:03+08:00,1.5005,103.5213,C,Cloud to Cloud,2026-02-06T17:11:38.782+08:00
2026-02-07 11:58:21,2026-02-06T17:12:00+08:00,2026-02-06T17:14:03+08:00,1.5009,103.5263,C,Cloud to Cloud,2026-02-06T17:11:38.782+08:00
2026-02-07 11:58:21,2026-02-06T17:12:00+08:00,2026-02-06T17:14:03+08:00,1.5475,103.4129,C,Cloud to Cloud,2026-02-06T17:11:38.782+08:00
2026-02-07 11:58:21,2026-02-06T17:12:00+08:00,2026-02-06T17:14:03+08:00,1.495,103.5234,C,Cloud to Cloud,2026-02-06T17:11:38.782+08:00
2026-02-07 11:58:21,2026-02-06T17:12:00+08:00,2026-02-06T17:14:03+08:00,1.4982,103.5266,C,Cloud to Cloud,2026-02-06T17:11:38.783+08:00
2026-02-07 11:58:21,2026-02-06T17:12:00+08:00,2026-02-06T17:14:03+08:00,1.5124,103.5035,C,Cloud to Cloud,2026-02-06T17:11:38.783+08:00
2026-02-07 11:58:21,2026-02-06T17:12:00+08:00,2026-02-06T17:14:03+08:00,1.501,103.4959,C,Cloud to Cloud,2026-02-06T17:11:38.783+08:00
2026-02-07 11:58:21,2026-02-06T17:12:00+08:00,2026-02-06T17:14:03+08:00,1.498,103.5301,C,Cloud to Cloud,2026-02-06T17:11:38.784+08:00
2026-02-07 11:58:21,2026-02-06T17:12:00+08:00,2026-02-06T17:14:03+08:00,1.5112,103.4967,C,Cloud to Cloud,2026-02-06T17:11:38.784+08:00
2026-02-07 11:58:21,2026-02-06T17:12:00+08:00,2026-02-06T17:14:03+08:00,1.5021,103.5237,C,Cloud to Cloud,2026-02-06T17:11:38.784+08:00
2026-02-07 11:58:21,2026-02-06T17:12:00+08:00,2026-02-06T17:14:03+08:00,1.5102,103.5057,C,Cloud to Cloud,2026-02-06T17:11:38.785+08:00
2026-02-07 11:58:21,2026-02-06T17:12:00+08:00,2026-02-06T17:14:03+08:00,1.5131,103.4812,C,Cloud to Cloud,2026-02-06T17:11:38.786+08:00
2026-02-07 11:58:21,2026-02-06T17:12:00+08:00,2026-02-06T17:14:03+08:00,1.5122,103.4751,C,Cloud to Cloud,2026-02-06T17:11:38.787+08:00
2026-02-07 11:58:21,2026-02-06T17:12:00+08:00,2026-02-06T17:14:03+08:00,1.51,103.4929,C,Cloud to Cloud,2026-02-06T17:11:38.787+08:00
2026-02-07 11:58:21,2026-02-06T17:12:00+08:00,2026-02-06T17:14:03+08:00,1.5067,103.4977,C,Cloud to Cloud,2026-02-06T17:11:38.787+08:00
2026-02-07 11:58:21,2026-02-06T17:12:00+08:00,2026-02-06T17:14:03+08:00,1.5102,103.4854,C,Cloud to Cloud,2026-02-06T17:11:38.788+08:00
2026-02-07 11:58:21,2026-02-06T17:12:00+08:00,2026-02-06T17:14:03+08:00,1.5108,103.4823,C,Cloud to Cloud,2026-02-06T17:11:38.788+08:00
2026-02-07 11:58:21,2026-02-06T17:12:00+08:00,2026-02-06T17:14:03+08:00,1.5003,103.499,C,Cloud to Cloud,2026-02-06T17:11:38.789+08:00
2026-02-07 11:58:21,2026-02-06T17:12:00+08:00,2026-02-06T17:14:03+08:00,1.5061,103.5015,C,Cloud to Cloud,2026-02-06T17:11:38.789+08:00
2026-02-07 11:58:21,2026-02-06T17:12:00+08:00,2026-02-06T17:14:03+08:00,1.5081,103.5138,C,Cloud to Cloud,2026-02-06T17:11:38.79+08:00
2026-02-07 11:58:21,2026-02-06T17:12:00+08:00,2026-02-06T17:14:03+08:00,1.502,103.5155,C,Cloud to Cloud,2026-02-06T17:11:38.792+08:00
2026-02-07 11:58:21,2026-02-06T17:12:00+08:00,2026-02-06T17:14:03+08:00,1.5447,103.4409,C,Cloud to Cloud,2026-02-06T17:11:38.792+08:00
2026-02-07 11:58:21,2026-02-06T17:12:00+08:00,2026-02-06T17:14:03+08:00,1.5047,103.5257,C,Cloud to Cloud,2026-02-06T17:11:38.792+08:00
2026-02-07 11:58:21,2026-02-06T17:12:00+08:00,2026-02-06T17:14:03+08:00,1.551,103.4155,C,Cloud to Cloud,2026-02-06T17:11:38.793+08:00
2026-02-07 11:58:21,2026-02-06T17:12:00+08:00,2026-02-06T17:14:03+08:00,1.5046,103.5235,C,Cloud to Cloud,2026-02-06T17:11:38.793+08:00
2026-02-07 11:58:21,2026-02-06T17:12:00+08:00,2026-02-06T17:14:03+08:00,1.5107,103.5124,C,Cloud to Cloud,2026-02-06T17:11:38.794+08:00
2026-02-07 11:58:21,2026-02-06T17:12:00+08:00,2026-02-06T17:14:03+08:00,1.5095,103.5063,C,Cloud to Cloud,2026-02-06T17:11:38.794+08:00
2026-02-07 11:58:21,2026-02-06T17:12:00+08:00,2026-02-06T17:14:03+08:00,1.5111,103.5102,C,Cloud to Cloud,2026-02-06T17:11:38.795+08:00
2026-02-07 11:58:21,2026-02-06T17:12:00+08:00,2026-02-06T17:14:03+08:00,1.5105,103.5086,C,Cloud to Cloud,2026-02-06T17:11:38.795+08:00
2026-02-07 11:58:21,2026-02-06T17:12:00+08:00,2026-02-06T17:14:03+08:00,1.4846,103.5662,C,Cloud to Cloud,2026-02-06T17:11:38.799+08:00
2026-02-07 11:58:21,2026-02-06T17:12:00+08:00,2026-02-06T17:14:03+08:00,1.4778,103.522,C,Cloud to Cloud,2026-02-06T17:11:38.907+08:00
2026-02-07 11:58:21,2026-02-06T17:12:00+08:00,2026-02-06T17:14:03+08:00,1.4944,103.508,C,Cloud to Cloud,2026-02-06T17:11:38.907+08:00
2026-02-07 11:58:21,2026-02-06T17:10:00+08:00,2026-02-06T17:12:02+08:00,1.2524,103.5531,C,Cloud to Cloud,2026-02-06T17:08:11.159+08:00
2026-02-07 11:58:21,2026-02-06T17:10:00+08:00,2026-02-06T17:12:02+08:00,1.6409,103.4675,C,Cloud to Cloud,2026-02-06T17:08:36.462+08:00
2026-02-07 11:58:21,2026-02-06T17:10:00+08:00,2026-02-06T17:12:02+08:00,1.6054,103.5074,C,Cloud to Cloud,2026-02-06T17:08:36.463+08:00
2026-02-07 11:58:21,2026-02-06T17:10:00+08:00,2026-02-06T17:12:02+08:00,1.6087,103.4943,C,Cloud to Cloud,2026-02-06T17:08:36.463+08:00
2026-02-07 11:58:21,2026-02-06T17:10:00+08:00,2026-02-06T17:12:02+08:00,1.6373,103.4675,C,Cloud to Cloud,2026-02-06T17:08:36.463+08:00
2026-02-07 11:58:21,2026-02-06T17:10:00+08:00,2026-02-06T17:12:02+08:00,1.4661,103.5986,C,Cloud to Cloud,2026-02-06T17:08:36.464+08:00
2026-02-07 11:58:21,2026-02-06T17:10:00+08:00,2026-02-06T17:12:02+08:00,1.6297,103.5045,C,Cloud to Cloud,2026-02-06T17:08:36.52+08:00
2026-02-07 11:58:21,2026-02-06T17:10:00+08:00,2026-02-06T17:12:02+08:00,1.5523,103.4528,C,Cloud to Cloud,2026-02-06T17:08:40.45+08:00
2026-02-07 11:58:21,2026-02-06T17:10:00+08:00,2026-02-06T17:12:02+08:00,1.5181,103.5225,C,Cloud to Cloud,2026-02-06T17:08:40.451+08:00
2026-02-07 11:58:21,2026-02-06T17:10:00+08:00,2026-02-06T17:12:02+08:00,1.5188,103.5189,C,Cloud to Cloud,2026-02-06T17:08:40.451+08:00
2026-02-07 11:58:21,2026-02-06T17:10:00+08:00,2026-02-06T17:12:02+08:00,1.5188,103.5156,C,Cloud to Cloud,2026-02-06T17:08:40.451+08:00
2026-02-07 11:58:21,2026-02-06T17:10:00+08:00,2026-02-06T17:12:02+08:00,1.5265,103.4774,C,Cloud to Cloud,2026-02-06T17:08:40.452+08:00
2026-02-07 11:58:21,2026-02-06T17:10:00+08:00,2026-02-06T17:12:02+08:00,1.4886,103.5535,C,Cloud to Cloud,2026-02-06T17:08:40.452+08:00
2026-02-07 11:58:21,2026-02-06T17:10:00+08:00,2026-02-06T17:12:02+08:00,1.5126,103.5186,C,Cloud to Cloud,2026-02-06T17:08:40.452+08:00
2026-02-07 11:58:21,2026-02-06T17:10:00+08:00,2026-02-06T17:12:02+08:00,1.51,103.5192,C,Cloud to Cloud,2026-02-06T17:08:40.454+08:00
2026-02-07 11:58:21,2026-02-06T17:10:00+08:00,2026-02-06T17:12:02+08:00,1.5153,103.5125,C,Cloud to Cloud,2026-02-06T17:08:40.455+08:00
2026-02-07 11:58:21,2026-02-06T17:10:00+08:00,2026-02-06T17:12:02+08:00,1.4964,103.4802,C,Cloud to Cloud,2026-02-06T17:08:40.455+08:00
2026-02-07 11:58:21,2026-02-06T17:10:00+08:00,2026-02-06T17:12:02+08:00,1.4814,103.4985,C,Cloud to Cloud,2026-02-06T17:08:40.472+08:00
2026-02-07 11:58:21,2026-02-06T17:10:00+08:00,2026-02-06T17:12:02+08:00,1.5032,103.5384,C,Cloud to Cloud,2026-02-06T17:08:40.482+08:00
2026-02-07 11:58:21,2026-02-06T17:10:00+08:00,2026-02-06T17:12:02+08:00,1.5015,103.5414,C,Cloud to Cloud,2026-02-06T17:08:40.583+08:00
2026-02-07 11:58:21,2026-02-06T17:10:00+08:00,2026-02-06T17:12:02+08:00,1.5086,103.5255,C,Cloud to Cloud,2026-02-06T17:08:40.583+08:00
2026-02-07 11:58:21,2026-02-06T17:10:00+08:00,2026-02-06T17:12:02+08:00,1.5092,103.5144,C,Cloud to Cloud,2026-02-06T17:08:40.583+08:00
2026-02-07 11:58:21,2026-02-06T17:10:00+08:00,2026-02-06T17:12:02+08:00,1.5547,103.5203,C,Cloud to Cloud,2026-02-06T17:08:40.588+08:00
2026-02-07 11:58:21,2026-02-06T17:10:00+08:00,2026-02-06T17:12:02+08:00,1.5229,103.482,C,Cloud to Cloud,2026-02-06T17:08:40.692+08:00
2026-02-07 11:58:21,2026-02-06T17:10:00+08:00,2026-02-06T17:12:02+08:00,1.5148,103.4911,C,Cloud to Cloud,2026-02-06T17:08:40.692+08:00
2026-02-07 11:58:21,2026-02-06T17:10:00+08:00,2026-02-06T17:12:02+08:00,1.5072,103.5331,C,Cloud to Cloud,2026-02-06T17:08:40.702+08:00
2026-02-07 11:58:21,2026-02-06T17:10:00+08:00,2026-02-06T17:12:02+08:00,1.5562,103.4831,C,Cloud to Cloud,2026-02-06T17:08:40.706+08:00
2026-02-07 11:58:21,2026-02-06T17:08:00+08:00,2026-02-06T17:10:05+08:00,1.6382,103.4588,C,Cloud to Cloud,2026-02-06T17:06:03.621+08:00
2026-02-07 11:58:21,2026-02-06T17:08:00+08:00,2026-02-06T17:10:05+08:00,1.6222,103.478,C,Cloud to Cloud,2026-02-06T17:06:03.621+08:00
2026-02-07 11:58:21,2026-02-06T17:08:00+08:00,2026-02-06T17:10:05+08:00,1.5782,103.4662,C,Cloud to Cloud,2026-02-06T17:06:03.654+08:00
2026-02-07 11:58:21,2026-02-06T17:08:00+08:00,2026-02-06T17:10:05+08:00,1.6443,103.4265,C,Cloud to Cloud,2026-02-06T17:06:03.662+08:00
2026-02-07 11:58:21,2026-02-06T17:08:00+08:00,2026-02-06T17:10:05+08:00,1.6407,103.4871,C,Cloud to Cloud,2026-02-06T17:06:03.678+08:00
2026-02-07 11:58:21,2026-02-06T17:08:00+08:00,2026-02-06T17:10:05+08:00,1.6489,103.47,C,Cloud to Cloud,2026-02-06T17:06:03.696+08:00
2026-02-07 11:58:21,2026-02-06T17:08:00+08:00,2026-02-06T17:10:05+08:00,1.6304,103.4579,C,Cloud to Cloud,2026-02-06T17:06:03.696+08:00
2026-02-07 11:58:21,2026-02-06T17:08:00+08:00,2026-02-06T17:10:05+08:00,1.6109,103.5427,C,Cloud to Cloud,2026-02-06T17:06:03.723+08:00
2026-02-07 11:58:21,2026-02-06T17:08:00+08:00,2026-02-06T17:10:05+08:00,1.2743,103.5455,C,Cloud to Cloud,2026-02-06T17:06:46.43+08:00
2026-02-07 11:58:21,2026-02-06T17:08:00+08:00,2026-02-06T17:10:05+08:00,1.5165,103.5527,C,Cloud to Cloud,2026-02-06T17:06:52.463+08:00
2026-02-07 11:58:21,2026-02-06T17:08:00+08:00,2026-02-06T17:10:05+08:00,1.5097,103.4939,C,Cloud to Cloud,2026-02-06T17:06:52.505+08:00
2026-02-07 11:58:21,2026-02-06T17:08:00+08:00,2026-02-06T17:10:05+08:00,1.4388,103.5955,C,Cloud to Cloud,2026-02-06T17:06:52.631+08:00
2026-02-07 11:58:21,2026-02-06T17:08:00+08:00,2026-02-06T17:10:05+08:00,1.4763,103.5632,C,Cloud to Cloud,2026-02-06T17:06:52.631+08:00
2026-02-07 11:58:21,2026-02-06T17:08:00+08:00,2026-02-06T17:10:05+08:00,1.611,103.5394,C,Cloud to Cloud,2026-02-06T17:06:53.391+08:00
2026-02-07 11:58:21,2026-02-06T17:06:00+08:00,2026-02-06T17:08:02+08:00,1.2529,103.4789,C,Cloud to Cloud,2026-02-06T17:04:27.591+08:00
2026-02-07 11:58:21,2026-02-06T17:06:00+08:00,2026-02-06T17:08:02+08:00,1.2541,103.5557,C,Cloud to Cloud,2026-02-06T17:04:27.591+08:00
2026-02-07 11:58:21,2026-02-06T17:06:00+08:00,2026-02-06T17:08:02+08:00,1.2683,103.5012,C,Cloud to Cloud,2026-02-06T17:04:27.757+08:00
2026-02-07 11:58:21,2026-02-06T17:06:00+08:00,2026-02-06T17:08:02+08:00,1.29,103.5294,C,Cloud to Cloud,2026-02-06T17:04:27.791+08:00
2026-02-07 11:58:21,2026-02-06T17:06:00+08:00,2026-02-06T17:08:02+08:00,1.2783,103.5025,C,Cloud to Cloud,2026-02-06T17:04:27.792+08:00
2026-02-07 11:58:21,2026-02-06T17:06:00+08:00,2026-02-06T17:08:02+08:00,1.2814,103.5356,C,Cloud to Cloud,2026-02-06T17:04:27.833+08:00
2026-02-07 11:58:21,2026-02-06T17:06:00+08:00,2026-02-06T17:08:02+08:00,1.2834,103.5179,C,Cloud to Cloud,2026-02-06T17:04:27.833+08:00
2026-02-07 11:58:21,2026-02-06T17:06:00+08:00,2026-02-06T17:08:02+08:00,1.2803,103.5235,C,Cloud to Cloud,2026-02-06T17:04:27.834+08:00
2026-02-07 11:58:21,2026-02-06T17:06:00+08:00,2026-02-06T17:08:02+08:00,1.2866,103.5006,C,Cloud to Cloud,2026-02-06T17:04:27.834+08:00
2026-02-07 11:58:21,2026-02-06T17:06:00+08:00,2026-02-06T17:08:02+08:00,1.2879,103.4862,C,Cloud to Cloud,2026-02-06T17:04:27.834+08:00
2026-02-07 11:58:21,2026-02-06T17:06:00+08:00,2026-02-06T17:08:02+08:00,1.3055,103.5176,C,Cloud to Cloud,2026-02-06T17:04:27.834+08:00
2026-02-07 11:58:21,2026-02-06T17:06:00+08:00,2026-02-06T17:08:02+08:00,1.2833,103.4968,C,Cloud to Cloud,2026-02-06T17:04:27.866+08:00
2026-02-07 11:58:21,2026-02-06T17:06:00+08:00,2026-02-06T17:08:02+08:00,1.2676,103.5006,C,Cloud to Cloud,2026-02-06T17:04:27.867+08:00
2026-02-07 11:58:21,2026-02-06T17:06:00+08:00,2026-02-06T17:08:02+08:00,1.2728,103.5159,C,Cloud to Cloud,2026-02-06T17:04:27.867+08:00
2026-02-07 11:58:21,2026-02-06T17:06:00+08:00,2026-02-06T17:08:02+08:00,1.2756,103.5174,C,Cloud to Cloud,2026-02-06T17:04:27.893+08:00
2026-02-07 11:58:21,2026-02-06T17:06:00+08:00,2026-02-06T17:08:02+08:00,1.2683,103.5025,C,Cloud to Cloud,2026-02-06T17:04:27.893+08:00
2026-02-07 11:58:21,2026-02-06T17:06:00+08:00,2026-02-06T17:08:02+08:00,1.4616,103.5769,C,Cloud to Cloud,2026-02-06T17:04:44.009+08:00
2026-02-07 11:58:21,2026-02-06T17:06:00+08:00,2026-02-06T17:08:02+08:00,1.4454,103.5908,C,Cloud to Cloud,2026-02-06T17:04:44.009+08:00
2026-02-07 11:58:21,2026-02-06T17:06:00+08:00,2026-02-06T17:08:02+08:00,1.4505,103.5831,C,Cloud to Cloud,2026-02-06T17:04:44.009+08:00
2026-02-07 11:58:21,2026-02-06T17:06:00+08:00,2026-02-06T17:08:02+08:00,1.4505,103.5831,C,Cloud to Cloud,2026-02-06T17:04:44.009+08:00
2026-02-07 11:58:21,2026-02-06T17:06:00+08:00,2026-02-06T17:08:02+08:00,1.4464,103.5876,C,Cloud to Cloud,2026-02-06T17:04:44.01+08:00
2026-02-07 11:58:21,2026-02-06T17:06:00+08:00,2026-02-06T17:08:02+08:00,1.4504,103.5884,C,Cloud to Cloud,2026-02-06T17:04:44.01+08:00
2026-02-07 11:58:21,2026-02-06T17:06:00+08:00,2026-02-06T17:08:02+08:00,1.4433,103.5944,C,Cloud to Cloud,2026-02-06T17:04:44.01+08:00
2026-02-07 11:58:21,2026-02-06T17:06:00+08:00,2026-02-06T17:08:02+08:00,1.5634,103.4561,C,Cloud to Cloud,2026-02-06T17:04:44.01+08:00
2026-02-07 11:58:21,2026-02-06T17:06:00+08:00,2026-02-06T17:08:02+08:00,1.4708,103.5711,C,Cloud to Cloud,2026-02-06T17:04:44.011+08:00
2026-02-07 11:58:21,2026-02-06T17:06:00+08:00,2026-02-06T17:08:02+08:00,1.4492,103.5976,C,Cloud to Cloud,2026-02-06T17:04:44.011+08:00
2026-02-07 11:58:21,2026-02-06T17:06:00+08:00,2026-02-06T17:08:02+08:00,1.4705,103.566,C,Cloud to Cloud,2026-02-06T17:04:44.012+08:00
2026-02-07 11:58:21,2026-02-06T17:06:00+08:00,2026-02-06T17:08:02+08:00,1.4619,103.6017,C,Cloud to Cloud,2026-02-06T17:04:44.013+08:00
2026-02-07 11:58:21,2026-02-06T17:06:00+08:00,2026-02-06T17:08:02+08:00,1.5434,103.5301,C,Cloud to Cloud,2026-02-06T17:04:44.013+08:00
2026-02-07 11:58:21,2026-02-06T17:06:00+08:00,2026-02-06T17:08:02+08:00,1.5516,103.5123,C,Cloud to Cloud,2026-02-06T17:04:44.016+08:00
2026-02-07 11:58:21,2026-02-06T17:06:00+08:00,2026-02-06T17:08:02+08:00,1.5518,103.5268,C,Cloud to Cloud,2026-02-06T17:04:44.018+08:00
2026-02-07 11:58:21,2026-02-06T17:06:00+08:00,2026-02-06T17:08:02+08:00,1.5601,103.4972,C,Cloud to Cloud,2026-02-06T17:04:44.037+08:00
2026-02-07 11:58:21,2026-02-06T17:06:00+08:00,2026-02-06T17:08:02+08:00,1.5716,103.4765,C,Cloud to Cloud,2026-02-06T17:04:44.048+08:00
2026-02-07 11:58:21,2026-02-06T17:06:00+08:00,2026-02-06T17:08:02+08:00,1.5503,103.5272,C,Cloud to Cloud,2026-02-06T17:04:44.083+08:00
2026-02-07 11:58:21,2026-02-06T17:06:00+08:00,2026-02-06T17:08:02+08:00,1.5333,103.5295,C,Cloud to Cloud,2026-02-06T17:04:44.193+08:00
2026-02-07 11:58:21,2026-02-06T17:06:00+08:00,2026-02-06T17:08:02+08:00,1.5601,103.5063,C,Cloud to Cloud,2026-02-06T17:04:44.193+08:00
2026-02-07 11:58:21,2026-02-06T17:06:00+08:00,2026-02-06T17:08:02+08:00,1.2819,103.5201,C,Cloud to Cloud,2026-02-06T17:05:52.57+08:00
2026-02-07 11:58:21,2026-02-06T17:06:00+08:00,2026-02-06T17:08:02+08:00,1.2708,103.5085,C,Cloud to Cloud,2026-02-06T17:05:52.57+08:00
2026-02-07 11:58:21,2026-02-06T17:06:00+08:00,2026-02-06T17:08:02+08:00,1.2882,103.5321,C,Cloud to Cloud,2026-02-06T17:05:52.57+08:00
2026-02-07 11:58:21,2026-02-06T17:06:00+08:00,2026-02-06T17:08:02+08:00,1.2683,103.5028,C,Cloud to Cloud,2026-02-06T17:05:52.57+08:00
2026-02-07 11:58:21,2026-02-06T17:06:00+08:00,2026-02-06T17:08:02+08:00,1.2677,103.5058,C,Cloud to Cloud,2026-02-06T17:05:52.57+08:00
2026-02-07 11:58:21,2026-02-06T17:06:00+08:00,2026-02-06T17:08:02+08:00,1.28,103.5296,C,Cloud to Cloud,2026-02-06T17:05:52.571+08:00
2026-02-07 11:58:21,2026-02-06T17:06:00+08:00,2026-02-06T17:08:02+08:00,1.2652,103.4975,C,Cloud to Cloud,2026-02-06T17:05:52.571+08:00
2026-02-07 11:58:21,2026-02-06T17:06:00+08:00,2026-02-06T17:08:02+08:00,1.2583,103.4889,C,Cloud to Cloud,2026-02-06T17:05:52.572+08:00
2026-02-07 11:58:21,2026-02-06T17:06:00+08:00,2026-02-06T17:08:02+08:00,1.5628,103.4852,C,Cloud to Cloud,2026-02-06T17:05:56.249+08:00
2026-02-07 11:58:21,2026-02-06T17:06:00+08:00,2026-02-06T17:08:02+08:00,1.443,103.5989,C,Cloud to Cloud,2026-02-06T17:05:56.25+08:00
2026-02-07 11:58:21,2026-02-06T17:06:00+08:00,2026-02-06T17:08:02+08:00,1.433,103.6069,C,Cloud to Cloud,2026-02-06T17:05:56.25+08:00
2026-02-07 11:58:21,2026-02-06T17:06:00+08:00,2026-02-06T17:08:02+08:00,1.5128,103.4608,C,Cloud to Cloud,2026-02-06T17:05:56.252+08:00
2026-02-07 11:58:21,2026-02-06T17:06:00+08:00,2026-02-06T17:08:02+08:00,1.5264,103.4995,C,Cloud to Cloud,2026-02-06T17:05:56.293+08:00
2026-02-07 11:58:21,2026-02-06T17:06:00+08:00,2026-02-06T17:08:02+08:00,1.4485,103.5877,C,Cloud to Cloud,2026-02-06T17:05:56.515+08:00
2026-02-07 11:58:21,2026-02-06T17:06:00+08:00,2026-02-06T17:08:02+08:00,1.4482,103.5964,C,Cloud to Cloud,2026-02-06T17:05:56.515+08:00
2026-02-07 11:58:21,2026-02-06T17:06:00+08:00,2026-02-06T17:08:02+08:00,1.5424,103.5626,C,Cloud to Cloud,2026-02-06T17:05:56.515+08:00
2026-02-07 11:58:21,2026-02-06T17:06:00+08:00,2026-02-06T17:08:02+08:00,1.5187,103.5264,C,Cloud to Cloud,2026-02-06T17:05:56.515+08:00
2026-02-07 11:58:21,2026-02-06T17:06:00+08:00,2026-02-06T17:08:02+08:00,1.4754,103.5805,C,Cloud to Cloud,2026-02-06T17:05:56.516+08:00
2026-02-07 11:58:21,2026-02-06T17:06:00+08:00,2026-02-06T17:08:02+08:00,1.467,103.5772,C,Cloud to Cloud,2026-02-06T17:05:56.516+08:00
2026-02-07 11:58:21,2026-02-06T17:06:00+08:00,2026-02-06T17:08:02+08:00,1.483,103.5406,C,Cloud to Cloud,2026-02-06T17:05:56.529+08:00
2026-02-07 11:58:21,2026-02-06T17:06:00+08:00,2026-02-06T17:08:02+08:00,1.5017,103.5066,C,Cloud to Cloud,2026-02-06T17:05:56.548+08:00
2026-02-07 11:58:21,2026-02-06T17:06:00+08:00,2026-02-06T17:08:02+08:00,1.531,103.4635,C,Cloud to Cloud,2026-02-06T17:05:56.549+08:00
2026-02-07 11:58:21,2026-02-06T17:06:00+08:00,2026-02-06T17:08:02+08:00,1.5409,103.5066,C,Cloud to Cloud,2026-02-06T17:05:56.572+08:00
2026-02-07 11:58:21,2026-02-06T17:06:00+08:00,2026-02-06T17:08:02+08:00,1.5127,103.5067,C,Cloud to Cloud,2026-02-06T17:05:56.572+08:00
2026-02-07 11:58:21,2026-02-06T17:06:00+08:00,2026-02-06T17:08:02+08:00,1.4032,103.6452,C,Cloud to Cloud,2026-02-06T17:05:56.609+08:00
2026-02-07 11:58:21,2026-02-06T17:06:00+08:00,2026-02-06T17:08:02+08:00,1.3929,103.6576,C,Cloud to Cloud,2026-02-06T17:05:56.609+08:00
2026-02-07 11:58:21,2026-02-06T17:06:00+08:00,2026-02-06T17:08:02+08:00,1.4158,103.6303,C,Cloud to Cloud,2026-02-06T17:05:56.609+08:00
2026-02-07 11:58:21,2026-02-06T17:06:00+08:00,2026-02-06T17:08:02+08:00,1.4121,103.6359,C,Cloud to Cloud,2026-02-06T17:05:56.609+08:00
2026-02-07 11:58:21,2026-02-06T17:06:00+08:00,2026-02-06T17:08:02+08:00,1.5019,103.539,C,Cloud to Cloud,2026-02-06T17:05:56.61+08:00
2026-02-07 11:58:21,2026-02-06T17:04:00+08:00,2026-02-06T17:06:03+08:00,1.64,103.4643,C,Cloud to Cloud,2026-02-06T17:02:17.699+08:00
2026-02-07 11:58:21,2026-02-06T17:04:00+08:00,2026-02-06T17:06:03+08:00,1.2536,103.493,C,Cloud to Cloud,2026-02-06T17:02:58.577+08:00
2026-02-07 11:58:21,2026-02-06T17:04:00+08:00,2026-02-06T17:06:03+08:00,1.2751,103.5252,C,Cloud to Cloud,2026-02-06T17:02:58.578+08:00
2026-02-07 11:58:21,2026-02-06T17:04:00+08:00,2026-02-06T17:06:03+08:00,1.2256,103.5334,C,Cloud to Cloud,2026-02-06T17:02:58.578+08:00
2026-02-07 11:58:21,2026-02-06T17:04:00+08:00,2026-02-06T17:06:03+08:00,1.2386,103.5375,C,Cloud to Cloud,2026-02-06T17:02:58.578+08:00
2026-02-07 11:58:21,2026-02-06T17:04:00+08:00,2026-02-06T17:06:03+08:00,1.2576,103.5066,C,Cloud to Cloud,2026-02-06T17:02:58.586+08:00
2026-02-07 11:58:21,2026-02-06T17:04:00+08:00,2026-02-06T17:06:03+08:00,1.2685,103.5069,C,Cloud to Cloud,2026-02-06T17:02:58.768+08:00
2026-02-07 11:58:21,2026-02-06T17:04:00+08:00,2026-02-06T17:06:03+08:00,1.2574,103.4902,C,Cloud to Cloud,2026-02-06T17:02:58.768+08:00
2026-02-07 11:58:21,2026-02-06T17:04:00+08:00,2026-02-06T17:06:03+08:00,1.2733,103.519,C,Cloud to Cloud,2026-02-06T17:02:58.768+08:00
2026-02-07 11:58:21,2026-02-06T17:04:00+08:00,2026-02-06T17:06:03+08:00,1.2859,103.5099,C,Cloud to Cloud,2026-02-06T17:02:58.826+08:00
2026-02-07 11:58:21,2026-02-06T17:04:00+08:00,2026-02-06T17:06:03+08:00,1.2775,103.4894,C,Cloud to Cloud,2026-02-06T17:02:58.826+08:00
2026-02-07 11:58:21,2026-02-06T17:04:00+08:00,2026-02-06T17:06:03+08:00,1.267,103.4846,C,Cloud to Cloud,2026-02-06T17:02:58.826+08:00
2026-02-07 11:58:21,2026-02-06T17:04:00+08:00,2026-02-06T17:06:03+08:00,1.5523,103.5228,C,Cloud to Cloud,2026-02-06T17:03:01.794+08:00
2026-02-07 11:58:21,2026-02-06T17:04:00+08:00,2026-02-06T17:06:03+08:00,1.5886,103.4614,C,Cloud to Cloud,2026-02-06T17:03:01.795+08:00
2026-02-07 11:58:21,2026-02-06T17:04:00+08:00,2026-02-06T17:06:03+08:00,1.5642,103.5065,C,Cloud to Cloud,2026-02-06T17:03:01.795+08:00
2026-02-07 11:58:21,2026-02-06T17:04:00+08:00,2026-02-06T17:06:03+08:00,1.557,103.5149,C,Cloud to Cloud,2026-02-06T17:03:01.796+08:00
2026-02-07 11:58:21,2026-02-06T17:04:00+08:00,2026-02-06T17:06:03+08:00,1.5529,103.5375,C,Cloud to Cloud,2026-02-06T17:03:01.798+08:00
2026-02-07 11:58:21,2026-02-06T17:04:00+08:00,2026-02-06T17:06:03+08:00,1.556,103.5253,C,Cloud to Cloud,2026-02-06T17:03:01.8+08:00
2026-02-07 11:58:21,2026-02-06T17:04:00+08:00,2026-02-06T17:06:03+08:00,1.5061,103.4947,C,Cloud to Cloud,2026-02-06T17:03:01.8+08:00
2026-02-07 11:58:21,2026-02-06T17:04:00+08:00,2026-02-06T17:06:03+08:00,1.5596,103.5184,C,Cloud to Cloud,2026-02-06T17:03:01.803+08:00
2026-02-07 11:58:21,2026-02-06T17:04:00+08:00,2026-02-06T17:06:03+08:00,1.5489,103.5283,C,Cloud to Cloud,2026-02-06T17:03:01.86+08:00
2026-02-07 11:58:21,2026-02-06T17:04:00+08:00,2026-02-06T17:06:03+08:00,1.5572,103.5271,C,Cloud to Cloud,2026-02-06T17:03:02.04+08:00
2026-02-07 11:58:21,2026-02-06T17:04:00+08:00,2026-02-06T17:06:03+08:00,1.6463,103.3848,C,Cloud to Cloud,2026-02-06T17:03:26.129+08:00
2026-02-07 11:58:21,2026-02-06T17:04:00+08:00,2026-02-06T17:06:03+08:00,1.6488,103.4802,C,Cloud to Cloud,2026-02-06T17:03:26.162+08:00
2026-02-07 11:58:21,2026-02-06T17:04:00+08:00,2026-02-06T17:06:03+08:00,1.6149,103.5216,C,Cloud to Cloud,2026-02-06T17:03:26.218+08:00
2026-02-07 11:58:21,2026-02-06T17:02:00+08:00,2026-02-06T17:04:02+08:00,1.2839,103.6872,C,Cloud to Cloud,2026-02-06T17:00:12.094+08:00
2026-02-07 11:58:21,2026-02-06T17:02:00+08:00,2026-02-06T17:04:02+08:00,1.275,103.6851,C,Cloud to Cloud,2026-02-06T17:00:12.094+08:00
2026-02-07 11:58:21,2026-02-06T17:02:00+08:00,2026-02-06T17:04:02+08:00,1.2841,103.6986,C,Cloud to Cloud,2026-02-06T17:00:12.094+08:00
2026-02-07 11:58:21,2026-02-06T17:02:00+08:00,2026-02-06T17:04:02+08:00,1.2642,103.6685,C,Cloud to Cloud,2026-02-06T17:00:12.094+08:00
2026-02-07 11:58:21,2026-02-06T17:02:00+08:00,2026-02-06T17:04:02+08:00,1.2733,103.6654,C,Cloud to Cloud,2026-02-06T17:00:12.094+08:00
2026-02-07 11:58:21,2026-02-06T17:02:00+08:00,2026-02-06T17:04:02+08:00,1.2855,103.6863,C,Cloud to Cloud,2026-02-06T17:00:12.095+08:00
2026-02-07 11:58:21,2026-02-06T17:02:00+08:00,2026-02-06T17:04:02+08:00,1.2835,103.6848,C,Cloud to Cloud,2026-02-06T17:00:12.095+08:00
2026-02-07 11:58:21,2026-02-06T17:02:00+08:00,2026-02-06T17:04:02+08:00,1.2841,103.683,C,Cloud to Cloud,2026-02-06T17:00:12.095+08:00
2026-02-07 11:58:21,2026-02-06T17:02:00+08:00,2026-02-06T17:04:02+08:00,1.2922,103.6955,C,Cloud to Cloud,2026-02-06T17:00:12.095+08:00
2026-02-07 11:58:21,2026-02-06T17:02:00+08:00,2026-02-06T17:04:02+08:00,1.2842,103.6835,C,Cloud to Cloud,2026-02-06T17:00:12.095+08:00
2026-02-07 11:58:21,2026-02-06T17:02:00+08:00,2026-02-06T17:04:02+08:00,1.2887,103.6934,C,Cloud to Cloud,2026-02-06T17:00:12.095+08:00
2026-02-07 11:58:21,2026-02-06T17:02:00+08:00,2026-02-06T17:04:02+08:00,1.2885,103.6939,C,Cloud to Cloud,2026-02-06T17:00:12.095+08:00
2026-02-07 11:58:21,2026-02-06T17:02:00+08:00,2026-02-06T17:04:02+08:00,1.2873,103.6941,C,Cloud to Cloud,2026-02-06T17:00:12.095+08:00
2026-02-07 11:58:21,2026-02-06T17:02:00+08:00,2026-02-06T17:04:02+08:00,1.2871,103.6947,C,Cloud to Cloud,2026-02-06T17:00:12.095+08:00
2026-02-07 11:58:21,2026-02-06T17:02:00+08:00,2026-02-06T17:04:02+08:00,1.2885,103.6938,C,Cloud to Cloud,2026-02-06T17:00:12.096+08:00
2026-02-07 11:58:21,2026-02-06T17:02:00+08:00,2026-02-06T17:04:02+08:00,1.2843,103.6856,C,Cloud to Cloud,2026-02-06T17:00:12.096+08:00
2026-02-07 11:58:21,2026-02-06T17:02:00+08:00,2026-02-06T17:04:02+08:00,1.286,103.6926,C,Cloud to Cloud,2026-02-06T17:00:12.096+08:00
2026-02-07 11:58:21,2026-02-06T17:02:00+08:00,2026-02-06T17:04:02+08:00,1.2569,103.6691,C,Cloud to Cloud,2026-02-06T17:00:12.096+08:00
2026-02-07 11:58:21,2026-02-06T17:02:00+08:00,2026-02-06T17:04:02+08:00,1.284,103.6896,C,Cloud to Cloud,2026-02-06T17:00:12.096+08:00
2026-02-07 11:58:21,2026-02-06T17:02:00+08:00,2026-02-06T17:04:02+08:00,1.2809,103.6785,C,Cloud to Cloud,2026-02-06T17:00:12.097+08:00
2026-02-07 11:58:21,2026-02-06T17:02:00+08:00,2026-02-06T17:04:02+08:00,1.2824,103.6809,C,Cloud to Cloud,2026-02-06T17:00:12.097+08:00
2026-02-07 11:58:21,2026-02-06T17:02:00+08:00,2026-02-06T17:04:02+08:00,1.2876,103.6854,C,Cloud to Cloud,2026-02-06T17:00:12.098+08:00
2026-02-07 11:58:21,2026-02-06T17:02:00+08:00,2026-02-06T17:04:02+08:00,1.2553,103.6692,C,Cloud to Cloud,2026-02-06T17:00:12.098+08:00
2026-02-07 11:58:21,2026-02-06T17:02:00+08:00,2026-02-06T17:04:02+08:00,1.171,103.593,C,Cloud to Cloud,2026-02-06T17:00:12.099+08:00
2026-02-07 11:58:21,2026-02-06T17:02:00+08:00,2026-02-06T17:04:02+08:00,1.2776,103.6798,C,Cloud to Cloud,2026-02-06T17:00:12.1+08:00
2026-02-07 11:58:21,2026-02-06T17:02:00+08:00,2026-02-06T17:04:02+08:00,1.2307,103.6536,C,Cloud to Cloud,2026-02-06T17:00:12.1+08:00
2026-02-07 11:58:21,2026-02-06T17:02:00+08:00,2026-02-06T17:04:02+08:00,1.2449,103.6547,C,Cloud to Cloud,2026-02-06T17:00:12.1+08:00
2026-02-07 11:58:21,2026-02-06T17:02:00+08:00,2026-02-06T17:04:02+08:00,1.2734,103.676,C,Cloud to Cloud,2026-02-06T17:00:12.1+08:00
2026-02-07 11:58:21,2026-02-06T17:02:00+08:00,2026-02-06T17:04:02+08:00,1.2829,103.6777,C,Cloud to Cloud,2026-02-06T17:00:12.101+08:00
2026-02-07 11:58:21,2026-02-06T17:02:00+08:00,2026-02-06T17:04:02+08:00,1.2645,103.671,C,Cloud to Cloud,2026-02-06T17:00:12.101+08:00
2026-02-07 11:58:21,2026-02-06T17:02:00+08:00,2026-02-06T17:04:02+08:00,1.2708,103.6889,C,Cloud to Cloud,2026-02-06T17:00:12.102+08:00
2026-02-07 11:58:21,2026-02-06T17:02:00+08:00,2026-02-06T17:04:02+08:00,1.2595,103.6607,C,Cloud to Cloud,2026-02-06T17:00:12.102+08:00
2026-02-07 11:58:21,2026-02-06T17:02:00+08:00,2026-02-06T17:04:02+08:00,1.2732,103.6823,C,Cloud to Cloud,2026-02-06T17:00:12.102+08:00
2026-02-07 11:58:21,2026-02-06T17:02:00+08:00,2026-02-06T17:04:02+08:00,1.2715,103.6675,C,Cloud to Cloud,2026-02-06T17:00:12.106+08:00
2026-02-07 11:58:21,2026-02-06T17:02:00+08:00,2026-02-06T17:04:02+08:00,1.2619,103.6669,C,Cloud to Cloud,2026-02-06T17:00:12.107+08:00
2026-02-07 11:58:21,2026-02-06T17:02:00+08:00,2026-02-06T17:04:02+08:00,1.158,103.7513,C,Cloud to Cloud,2026-02-06T17:00:12.116+08:00
2026-02-07 11:58:21,2026-02-06T17:02:00+08:00,2026-02-06T17:04:02+08:00,1.2616,103.6714,C,Cloud to Cloud,2026-02-06T17:00:12.121+08:00
2026-02-07 11:58:21,2026-02-06T17:02:00+08:00,2026-02-06T17:04:02+08:00,1.2889,103.6856,C,Cloud to Cloud,2026-02-06T17:00:12.121+08:00
2026-02-07 11:58:21,2026-02-06T17:02:00+08:00,2026-02-06T17:04:02+08:00,1.2498,103.6621,C,Cloud to Cloud,2026-02-06T17:00:12.146+08:00
2026-02-07 11:58:21,2026-02-06T17:02:00+08:00,2026-02-06T17:04:02+08:00,1.2392,103.6459,C,Cloud to Cloud,2026-02-06T17:00:12.146+08:00
2026-02-07 11:58:21,2026-02-06T17:02:00+08:00,2026-02-06T17:04:02+08:00,1.2677,103.6804,C,Cloud to Cloud,2026-02-06T17:00:12.224+08:00
2026-02-07 11:58:21,2026-02-06T17:02:00+08:00,2026-02-06T17:04:02+08:00,1.2535,103.6616,C,Cloud to Cloud,2026-02-06T17:00:12.319+08:00
2026-02-07 11:58:21,2026-02-06T17:02:00+08:00,2026-02-06T17:04:02+08:00,1.5847,103.4395,C,Cloud to Cloud,2026-02-06T17:00:25.469+08:00
2026-02-07 11:58:21,2026-02-06T17:02:00+08:00,2026-02-06T17:04:02+08:00,1.5655,103.4881,C,Cloud to Cloud,2026-02-06T17:00:25.471+08:00
2026-02-07 11:58:21,2026-02-06T17:02:00+08:00,2026-02-06T17:04:02+08:00,1.5389,103.537,C,Cloud to Cloud,2026-02-06T17:00:25.475+08:00
2026-02-07 11:58:21,2026-02-06T17:02:00+08:00,2026-02-06T17:04:02+08:00,1.5355,103.5376,C,Cloud to Cloud,2026-02-06T17:00:25.475+08:00
2026-02-07 11:58:21,2026-02-06T17:02:00+08:00,2026-02-06T17:04:02+08:00,1.5329,103.5241,C,Cloud to Cloud,2026-02-06T17:00:25.648+08:00
2026-02-07 11:58:21,2026-02-06T17:02:00+08:00,2026-02-06T17:04:02+08:00,1.4409,103.6007,C,Cloud to Cloud,2026-02-06T17:00:25.718+08:00
2026-02-07 11:58:21,2026-02-06T17:02:00+08:00,2026-02-06T17:04:02+08:00,1.4531,103.5891,C,Cloud to Cloud,2026-02-06T17:00:25.718+08:00
2026-02-07 11:58:21,2026-02-06T17:02:00+08:00,2026-02-06T17:04:02+08:00,1.4397,103.6036,C,Cloud to Cloud,2026-02-06T17:00:25.721+08:00
2026-02-07 11:58:21,2026-02-06T17:02:00+08:00,2026-02-06T17:04:02+08:00,1.5281,103.5072,C,Cloud to Cloud,2026-02-06T17:00:25.721+08:00
2026-02-07 11:58:21,2026-02-06T17:02:00+08:00,2026-02-06T17:04:02+08:00,1.5,103.534,C,Cloud to Cloud,2026-02-06T17:00:25.721+08:00
2026-02-07 11:58:21,2026-02-06T17:02:00+08:00,2026-02-06T17:04:02+08:00,1.5077,103.5084,C,Cloud to Cloud,2026-02-06T17:00:25.722+08:00
2026-02-07 11:58:21,2026-02-06T17:02:00+08:00,2026-02-06T17:04:02+08:00,1.5009,103.5064,C,Cloud to Cloud,2026-02-06T17:00:25.722+08:00
2026-02-07 11:58:21,2026-02-06T17:02:00+08:00,2026-02-06T17:04:02+08:00,1.518,103.4783,C,Cloud to Cloud,2026-02-06T17:00:25.722+08:00
2026-02-07 11:58:21,2026-02-06T17:02:00+08:00,2026-02-06T17:04:02+08:00,1.5564,103.4176,C,Cloud to Cloud,2026-02-06T17:00:25.722+08:00
2026-02-07 11:58:21,2026-02-06T17:02:00+08:00,2026-02-06T17:04:02+08:00,1.4324,103.6205,C,Cloud to Cloud,2026-02-06T17:00:25.755+08:00
2026-02-07 11:58:21,2026-02-06T17:02:00+08:00,2026-02-06T17:04:02+08:00,1.4443,103.6081,C,Cloud to Cloud,2026-02-06T17:00:25.755+08:00
2026-02-07 11:58:21,2026-02-06T17:02:00+08:00,2026-02-06T17:04:02+08:00,1.4667,103.5848,C,Cloud to Cloud,2026-02-06T17:00:25.755+08:00
2026-02-07 11:58:21,2026-02-06T17:02:00+08:00,2026-02-06T17:04:02+08:00,1.5462,103.4928,C,Cloud to Cloud,2026-02-06T17:00:25.796+08:00
2026-02-07 11:58:21,2026-02-06T17:02:00+08:00,2026-02-06T17:04:02+08:00,1.2654,103.5004,C,Cloud to Cloud,2026-02-06T17:01:44.828+08:00
2026-02-07 11:58:21,2026-02-06T17:02:00+08:00,2026-02-06T17:04:02+08:00,1.2831,103.5617,C,Cloud to Cloud,2026-02-06T17:01:44.828+08:00
2026-02-07 11:58:21,2026-02-06T17:02:00+08:00,2026-02-06T17:04:02+08:00,1.2707,103.5122,C,Cloud to Cloud,2026-02-06T17:01:44.828+08:00
2026-02-07 11:58:21,2026-02-06T17:02:00+08:00,2026-02-06T17:04:02+08:00,1.2709,103.5585,C,Cloud to Cloud,2026-02-06T17:01:44.828+08:00
2026-02-07 11:58:21,2026-02-06T17:02:00+08:00,2026-02-06T17:04:02+08:00,1.2642,103.4932,C,Cloud to Cloud,2026-02-06T17:01:44.828+08:00
2026-02-07 11:58:21,2026-02-06T17:02:00+08:00,2026-02-06T17:04:02+08:00,1.2707,103.5218,C,Cloud to Cloud,2026-02-06T17:01:44.828+08:00
2026-02-07 11:58:21,2026-02-06T17:02:00+08:00,2026-02-06T17:04:02+08:00,1.2778,103.5342,C,Cloud to Cloud,2026-02-06T17:01:44.828+08:00
2026-02-07 11:58:21,2026-02-06T17:02:00+08:00,2026-02-06T17:04:02+08:00,1.2767,103.5595,C,Cloud to Cloud,2026-02-06T17:01:44.828+08:00
2026-02-07 11:58:21,2026-02-06T17:02:00+08:00,2026-02-06T17:04:02+08:00,1.2765,103.52,C,Cloud to Cloud,2026-02-06T17:01:44.828+08:00
2026-02-07 11:58:21,2026-02-06T17:02:00+08:00,2026-02-06T17:04:02+08:00,1.2768,103.5349,C,Cloud to Cloud,2026-02-06T17:01:44.829+08:00
2026-02-07 11:58:21,2026-02-06T17:02:00+08:00,2026-02-06T17:04:02+08:00,1.2767,103.5189,C,Cloud to Cloud,2026-02-06T17:01:44.829+08:00
2026-02-07 11:58:21,2026-02-06T17:02:00+08:00,2026-02-06T17:04:02+08:00,1.279,103.523,C,Cloud to Cloud,2026-02-06T17:01:44.829+08:00
2026-02-07 11:58:21,2026-02-06T17:02:00+08:00,2026-02-06T17:04:02+08:00,1.2784,103.5185,C,Cloud to Cloud,2026-02-06T17:01:44.829+08:00
2026-02-07 11:58:21,2026-02-06T17:02:00+08:00,2026-02-06T17:04:02+08:00,1.2796,103.5234,C,Cloud to Cloud,2026-02-06T17:01:44.829+08:00
2026-02-07 11:58:21,2026-02-06T17:02:00+08:00,2026-02-06T17:04:02+08:00,1.2745,103.5463,C,Cloud to Cloud,2026-02-06T17:01:44.83+08:00
2026-02-07 11:58:21,2026-02-06T17:02:00+08:00,2026-02-06T17:04:02+08:00,1.2751,103.5257,C,Cloud to Cloud,2026-02-06T17:01:44.83+08:00
2026-02-07 11:58:21,2026-02-06T17:02:00+08:00,2026-02-06T17:04:02+08:00,1.2781,103.5192,C,Cloud to Cloud,2026-02-06T17:01:44.83+08:00
2026-02-07 11:58:21,2026-02-06T17:02:00+08:00,2026-02-06T17:04:02+08:00,1.2749,103.522,C,Cloud to Cloud,2026-02-06T17:01:44.83+08:00
2026-02-07 11:58:21,2026-02-06T17:02:00+08:00,2026-02-06T17:04:02+08:00,1.283,103.439,C,Cloud to Cloud,2026-02-06T17:01:44.83+08:00
2026-02-07 11:58:21,2026-02-06T17:02:00+08:00,2026-02-06T17:04:02+08:00,1.2756,103.5195,C,Cloud to Cloud,2026-02-06T17:01:44.83+08:00
2026-02-07 11:58:21,2026-02-06T17:02:00+08:00,2026-02-06T17:04:02+08:00,1.2645,103.4949,C,Cloud to Cloud,2026-02-06T17:01:44.831+08:00
2026-02-07 11:58:21,2026-02-06T17:02:00+08:00,2026-02-06T17:04:02+08:00,1.272,103.5172,C,Cloud to Cloud,2026-02-06T17:01:44.832+08:00
2026-02-07 11:58:21,2026-02-06T17:02:00+08:00,2026-02-06T17:04:02+08:00,1.2885,103.5328,C,Cloud to Cloud,2026-02-06T17:01:44.832+08:00
2026-02-07 11:58:21,2026-02-06T17:02:00+08:00,2026-02-06T17:04:02+08:00,1.308,103.5403,C,Cloud to Cloud,2026-02-06T17:01:44.879+08:00
2026-02-07 11:58:21,2026-02-06T17:02:00+08:00,2026-02-06T17:04:02+08:00,1.3085,103.5392,C,Cloud to Cloud,2026-02-06T17:01:44.879+08:00
2026-02-07 11:58:21,2026-02-06T17:02:00+08:00,2026-02-06T17:04:02+08:00,1.302,103.5366,C,Cloud to Cloud,2026-02-06T17:01:44.88+08:00
2026-02-07 11:58:21,2026-02-06T17:02:00+08:00,2026-02-06T17:04:02+08:00,1.2903,103.5064,C,Cloud to Cloud,2026-02-06T17:01:44.88+08:00
2026-02-07 11:58:21,2026-02-06T17:02:00+08:00,2026-02-06T17:04:02+08:00,1.3053,103.5375,C,Cloud to Cloud,2026-02-06T17:01:44.88+08:00
2026-02-07 11:58:21,2026-02-06T17:02:00+08:00,2026-02-06T17:04:02+08:00,1.292,103.508,C,Cloud to Cloud,2026-02-06T17:01:44.88+08:00
2026-02-07 11:58:21,2026-02-06T17:02:00+08:00,2026-02-06T17:04:02+08:00,1.2921,103.5164,C,Cloud to Cloud,2026-02-06T17:01:44.88+08:00
2026-02-07 11:58:21,2026-02-06T17:02:00+08:00,2026-02-06T17:04:02+08:00,1.305,103.5353,C,Cloud to Cloud,2026-02-06T17:01:44.88+08:00
2026-02-07 11:58:21,2026-02-06T17:02:00+08:00,2026-02-06T17:04:02+08:00,1.2938,103.5165,C,Cloud to Cloud,2026-02-06T17:01:44.881+08:00
2026-02-07 11:58:21,2026-02-06T17:02:00+08:00,2026-02-06T17:04:02+08:00,1.3069,103.5362,C,Cloud to Cloud,2026-02-06T17:01:44.881+08:00
2026-02-07 11:58:21,2026-02-06T17:02:00+08:00,2026-02-06T17:04:02+08:00,1.2903,103.5045,C,Cloud to Cloud,2026-02-06T17:01:44.881+08:00
2026-02-07 11:58:21,2026-02-06T17:02:00+08:00,2026-02-06T17:04:02+08:00,1.2971,103.5099,C,Cloud to Cloud,2026-02-06T17:01:44.881+08:00
2026-02-07 11:58:21,2026-02-06T17:02:00+08:00,2026-02-06T17:04:02+08:00,1.3012,103.5198,C,Cloud to Cloud,2026-02-06T17:01:44.881+08:00
2026-02-07 11:58:21,2026-02-06T17:02:00+08:00,2026-02-06T17:04:02+08:00,1.3047,103.5312,C,Cloud to Cloud,2026-02-06T17:01:44.881+08:00
2026-02-07 11:58:21,2026-02-06T17:02:00+08:00,2026-02-06T17:04:02+08:00,1.3079,103.5372,C,Cloud to Cloud,2026-02-06T17:01:44.881+08:00
2026-02-07 11:58:21,2026-02-06T17:02:00+08:00,2026-02-06T17:04:02+08:00,1.2946,103.5015,C,Cloud to Cloud,2026-02-06T17:01:44.882+08:00
2026-02-07 11:58:21,2026-02-06T17:02:00+08:00,2026-02-06T17:04:02+08:00,1.3089,103.538,C,Cloud to Cloud,2026-02-06T17:01:44.882+08:00
2026-02-07 11:58:21,2026-02-06T17:02:00+08:00,2026-02-06T17:04:02+08:00,1.3097,103.5354,C,Cloud to Cloud,2026-02-06T17:01:44.882+08:00
2026-02-07 11:58:21,2026-02-06T17:02:00+08:00,2026-02-06T17:04:02+08:00,1.3097,103.5374,C,Cloud to Cloud,2026-02-06T17:01:44.882+08:00
2026-02-07 11:58:21,2026-02-06T17:02:00+08:00,2026-02-06T17:04:02+08:00,1.31,103.5375,C,Cloud to Cloud,2026-02-06T17:01:44.882+08:00
2026-02-07 11:58:21,2026-02-06T17:02:00+08:00,2026-02-06T17:04:02+08:00,1.303,103.5138,C,Cloud to Cloud,2026-02-06T17:01:44.882+08:00
2026-02-07 11:58:21,2026-02-06T17:02:00+08:00,2026-02-06T17:04:02+08:00,1.2992,103.5179,C,Cloud to Cloud,2026-02-06T17:01:44.884+08:00
2026-02-07 11:58:21,2026-02-06T17:02:00+08:00,2026-02-06T17:04:02+08:00,1.3045,103.516,C,Cloud to Cloud,2026-02-06T17:01:44.884+08:00
2026-02-07 11:58:21,2026-02-06T17:02:00+08:00,2026-02-06T17:04:02+08:00,1.3035,103.5212,C,Cloud to Cloud,2026-02-06T17:01:44.885+08:00
2026-02-07 11:58:21,2026-02-06T17:02:00+08:00,2026-02-06T17:04:02+08:00,1.3022,103.5158,C,Cloud to Cloud,2026-02-06T17:01:44.885+08:00
2026-02-07 11:58:21,2026-02-06T17:02:00+08:00,2026-02-06T17:04:02+08:00,1.3053,103.5189,C,Cloud to Cloud,2026-02-06T17:01:44.887+08:00
2026-02-07 11:58:21,2026-02-06T17:02:00+08:00,2026-02-06T17:04:02+08:00,1.3045,103.6038,C,Cloud to Cloud,2026-02-06T17:01:44.887+08:00
2026-02-07 11:58:21,2026-02-06T17:02:00+08:00,2026-02-06T17:04:02+08:00,1.3066,103.5264,C,Cloud to Cloud,2026-02-06T17:01:44.888+08:00
2026-02-07 11:58:21,2026-02-06T17:02:00+08:00,2026-02-06T17:04:02+08:00,1.2996,103.5019,C,Cloud to Cloud,2026-02-06T17:01:44.959+08:00
2026-02-07 11:58:21,2026-02-06T17:02:00+08:00,2026-02-06T17:04:02+08:00,1.3019,103.4979,C,Cloud to Cloud,2026-02-06T17:01:44.959+08:00
2026-02-07 11:58:21,2026-02-06T17:02:00+08:00,2026-02-06T17:04:02+08:00,1.3008,103.5056,C,Cloud to Cloud,2026-02-06T17:01:44.962+08:00
2026-02-07 11:58:21,2026-02-06T17:02:00+08:00,2026-02-06T17:04:02+08:00,1.305,103.5499,C,Cloud to Cloud,2026-02-06T17:01:44.972+08:00
2026-02-07 11:58:21,2026-02-06T17:02:00+08:00,2026-02-06T17:04:02+08:00,1.2652,103.5094,C,Cloud to Cloud,2026-02-06T17:01:44.999+08:00
2026-02-07 11:58:21,2026-02-06T17:02:00+08:00,2026-02-06T17:04:02+08:00,1.5634,103.5054,C,Cloud to Cloud,2026-02-06T17:01:46.304+08:00
2026-02-07 11:58:21,2026-02-06T17:02:00+08:00,2026-02-06T17:04:02+08:00,1.5596,103.5184,C,Cloud to Cloud,2026-02-06T17:01:46.305+08:00
2026-02-07 11:58:21,2026-02-06T17:02:00+08:00,2026-02-06T17:04:02+08:00,1.5401,103.5357,C,Cloud to Cloud,2026-02-06T17:01:46.311+08:00
2026-02-07 11:58:21,2026-02-06T17:02:00+08:00,2026-02-06T17:04:02+08:00,1.561,103.4637,C,Cloud to Cloud,2026-02-06T17:01:46.334+08:00
2026-02-07 11:58:21,2026-02-06T17:02:00+08:00,2026-02-06T17:04:02+08:00,1.5538,103.466,C,Cloud to Cloud,2026-02-06T17:01:46.335+08:00
2026-02-07 11:58:21,2026-02-06T17:02:00+08:00,2026-02-06T17:04:02+08:00,1.5212,103.5525,C,Cloud to Cloud,2026-02-06T17:01:46.396+08:00
2026-02-07 11:58:21,2026-02-06T17:02:00+08:00,2026-02-06T17:04:02+08:00,1.2601,103.6816,C,Cloud to Cloud,2026-02-06T17:01:57.924+08:00
2026-02-07 11:58:21,2026-02-06T17:02:00+08:00,2026-02-06T17:04:02+08:00,1.2759,103.6918,C,Cloud to Cloud,2026-02-06T17:01:57.924+08:00
2026-02-07 11:58:21,2026-02-06T17:02:00+08:00,2026-02-06T17:04:02+08:00,1.2714,103.6814,C,Cloud to Cloud,2026-02-06T17:01:57.925+08:00
2026-02-07 11:58:21,2026-02-06T17:02:00+08:00,2026-02-06T17:04:02+08:00,1.2706,103.6813,C,Cloud to Cloud,2026-02-06T17:01:57.925+08:00
2026-02-07 11:58:21,2026-02-06T17:02:00+08:00,2026-02-06T17:04:02+08:00,1.2755,103.6598,C,Cloud to Cloud,2026-02-06T17:01:57.925+08:00
2026-02-07 11:58:21,2026-02-06T17:02:00+08:00,2026-02-06T17:04:02+08:00,1.2751,103.6873,C,Cloud to Cloud,2026-02-06T17:01:57.925+08:00
2026-02-07 11:58:21,2026-02-06T17:02:00+08:00,2026-02-06T17:04:02+08:00,1.2736,103.6771,C,Cloud to Cloud,2026-02-06T17:01:57.925+08:00
2026-02-07 11:58:21,2026-02-06T17:02:00+08:00,2026-02-06T17:04:02+08:00,1.2742,103.6896,C,Cloud to Cloud,2026-02-06T17:01:57.925+08:00
2026-02-07 11:58:21,2026-02-06T17:02:00+08:00,2026-02-06T17:04:02+08:00,1.2701,103.6773,C,Cloud to Cloud,2026-02-06T17:01:57.925+08:00
2026-02-07 11:58:21,2026-02-06T17:02:00+08:00,2026-02-06T17:04:02+08:00,1.203,103.6755,C,Cloud to Cloud,2026-02-06T17:01:57.925+08:00
2026-02-07 11:58:21,2026-02-06T17:02:00+08:00,2026-02-06T17:04:02+08:00,1.2664,103.6736,C,Cloud to Cloud,2026-02-06T17:01:57.925+08:00
2026-02-07 11:58:21,2026-02-06T17:02:00+08:00,2026-02-06T17:04:02+08:00,1.2768,103.7266,C,Cloud to Cloud,2026-02-06T17:01:57.925+08:00
2026-02-07 11:58:21,2026-02-06T17:02:00+08:00,2026-02-06T17:04:02+08:00,1.2737,103.6898,C,Cloud to Cloud,2026-02-06T17:01:57.926+08:00
2026-02-07 11:58:21,2026-02-06T17:02:00+08:00,2026-02-06T17:04:02+08:00,1.2744,103.6828,C,Cloud to Cloud,2026-02-06T17:01:57.926+08:00
2026-02-07 11:58:21,2026-02-06T17:02:00+08:00,2026-02-06T17:04:02+08:00,1.273,103.6849,C,Cloud to Cloud,2026-02-06T17:01:57.926+08:00
2026-02-07 11:58:21,2026-02-06T17:02:00+08:00,2026-02-06T17:04:02+08:00,1.273,103.679,C,Cloud to Cloud,2026-02-06T17:01:57.928+08:00
2026-02-07 11:58:21,2026-02-06T17:02:00+08:00,2026-02-06T17:04:02+08:00,1.2705,103.6812,C,Cloud to Cloud,2026-02-06T17:01:57.928+08:00
2026-02-07 11:58:21,2026-02-06T17:02:00+08:00,2026-02-06T17:04:02+08:00,1.2106,103.6356,C,Cloud to Cloud,2026-02-06T17:01:57.932+08:00
2026-02-07 11:58:21,2026-02-06T17:02:00+08:00,2026-02-06T17:04:02+08:00,1.2884,103.656,C,Cloud to Cloud,2026-02-06T17:01:57.997+08:00
2026-02-07 11:58:21,2026-02-06T17:02:00+08:00,2026-02-06T17:04:02+08:00,1.2381,103.6839,C,Cloud to Cloud,2026-02-06T17:01:57.999+08:00
2026-02-07 11:58:21,2026-02-06T17:02:00+08:00,2026-02-06T17:04:02+08:00,1.2571,103.6649,C,Cloud to Cloud,2026-02-06T17:01:58.053+08:00
2026-02-07 11:58:21,2026-02-06T17:02:00+08:00,2026-02-06T17:04:02+08:00,1.2574,103.6654,C,Cloud to Cloud,2026-02-06T17:01:58.053+08:00
2026-02-07 11:58:21,2026-02-06T17:02:00+08:00,2026-02-06T17:04:02+08:00,1.2693,103.6757,C,Cloud to Cloud,2026-02-06T17:01:58.101+08:00
2026-02-07 11:58:21,2026-02-06T17:02:00+08:00,2026-02-06T17:04:02+08:00,1.2757,103.6615,C,Cloud to Cloud,2026-02-06T17:01:58.101+08:00
2026-02-07 11:58:21,2026-02-06T17:02:00+08:00,2026-02-06T17:04:02+08:00,1.2846,103.6963,C,Cloud to Cloud,2026-02-06T17:01:58.105+08:00
2026-02-07 11:58:21,2026-02-06T17:02:00+08:00,2026-02-06T17:04:02+08:00,1.2885,103.702,C,Cloud to Cloud,2026-02-06T17:01:58.105+08:00
2026-02-07 11:58:21,2026-02-06T17:02:00+08:00,2026-02-06T17:04:02+08:00,1.2877,103.6972,C,Cloud to Cloud,2026-02-06T17:01:58.105+08:00
2026-02-07 11:58:21,2026-02-06T17:02:00+08:00,2026-02-06T17:04:02+08:00,1.2542,103.6703,C,Cloud to Cloud,2026-02-06T17:01:58.114+08:00
2026-02-07 11:58:21,2026-02-06T17:02:00+08:00,2026-02-06T17:04:02+08:00,1.2514,103.6685,C,Cloud to Cloud,2026-02-06T17:01:58.114+08:00
2026-02-07 11:58:21,2026-02-06T17:02:00+08:00,2026-02-06T17:04:02+08:00,1.2499,103.6511,C,Cloud to Cloud,2026-02-06T17:01:58.114+08:00
2026-02-07 11:58:21,2026-02-06T17:02:00+08:00,2026-02-06T17:04:02+08:00,1.2643,103.6589,C,Cloud to Cloud,2026-02-06T17:01:58.12+08:00
2026-02-07 11:58:21,2026-02-06T17:02:00+08:00,2026-02-06T17:04:02+08:00,1.2773,103.6591,C,Cloud to Cloud,2026-02-06T17:01:58.12+08:00
2026-02-07 11:58:21,2026-02-06T17:02:00+08:00,2026-02-06T17:04:02+08:00,1.2458,103.6601,C,Cloud to Cloud,2026-02-06T17:01:58.146+08:00
2026-02-07 11:58:21,2026-02-06T17:02:00+08:00,2026-02-06T17:04:02+08:00,1.2796,103.6791,C,Cloud to Cloud,2026-02-06T17:01:58.146+08:00
2026-02-07 11:58:21,2026-02-06T17:02:00+08:00,2026-02-06T17:04:02+08:00,1.2261,103.669,C,Cloud to Cloud,2026-02-06T17:01:58.146+08:00
2026-02-07 11:58:21,2026-02-06T17:02:00+08:00,2026-02-06T17:04:02+08:00,1.2778,103.681,C,Cloud to Cloud,2026-02-06T17:01:58.146+08:00
2026-02-07 11:58:21,2026-02-06T17:00:00+08:00,2026-02-06T17:02:03+08:00,1.5566,103.4929,C,Cloud to Cloud,2026-02-06T16:59:07.612+08:00
2026-02-07 11:58:21,2026-02-06T17:00:00+08:00,2026-02-06T17:02:03+08:00,1.4984,103.4773,C,Cloud to Cloud,2026-02-06T16:59:07.621+08:00
2026-02-07 11:58:21,2026-02-06T17:00:00+08:00,2026-02-06T17:02:03+08:00,1.5434,103.5373,C,Cloud to Cloud,2026-02-06T16:59:07.721+08:00
2026-02-07 11:58:21,2026-02-06T17:00:00+08:00,2026-02-06T17:02:03+08:00,1.5859,103.4913,C,Cloud to Cloud,2026-02-06T16:59:43.893+08:00
2026-02-07 11:58:21,2026-02-06T17:00:00+08:00,2026-02-06T17:02:03+08:00,1.6044,103.4607,C,Cloud to Cloud,2026-02-06T16:59:43.993+08:00
2026-02-07 11:58:21,2026-02-06T17:00:00+08:00,2026-02-06T17:02:03+08:00,1.6344,103.3996,C,Cloud to Cloud,2026-02-06T16:59:43.993+08:00
2026-02-07 11:58:21,2026-02-06T16:58:00+08:00,2026-02-06T17:00:04+08:00,1.2801,103.6596,C,Cloud to Cloud,2026-02-06T16:57:40.732+08:00
2026-02-07 11:58:21,2026-02-06T16:58:00+08:00,2026-02-06T17:00:04+08:00,1.2573,103.6646,C,Cloud to Cloud,2026-02-06T16:57:40.732+08:00
2026-02-07 11:58:21,2026-02-06T16:58:00+08:00,2026-02-06T17:00:04+08:00,1.2693,103.6548,C,Cloud to Cloud,2026-02-06T16:57:40.732+08:00
2026-02-07 11:58:21,2026-02-06T16:58:00+08:00,2026-02-06T17:00:04+08:00,1.2808,103.6606,C,Cloud to Cloud,2026-02-06T16:57:40.732+08:00
2026-02-07 11:58:21,2026-02-06T16:58:00+08:00,2026-02-06T17:00:04+08:00,1.2732,103.657,C,Cloud to Cloud,2026-02-06T16:57:40.732+08:00
2026-02-07 11:58:21,2026-02-06T16:58:00+08:00,2026-02-06T17:00:04+08:00,1.2588,103.6727,C,Cloud to Cloud,2026-02-06T16:57:40.732+08:00
2026-02-07 11:58:21,2026-02-06T16:58:00+08:00,2026-02-06T17:00:04+08:00,1.2816,103.6656,C,Cloud to Cloud,2026-02-06T16:57:40.733+08:00
2026-02-07 11:58:21,2026-02-06T16:58:00+08:00,2026-02-06T17:00:04+08:00,1.2718,103.6534,C,Cloud to Cloud,2026-02-06T16:57:40.733+08:00
2026-02-07 11:58:21,2026-02-06T16:58:00+08:00,2026-02-06T17:00:04+08:00,1.2661,103.6386,C,Cloud to Cloud,2026-02-06T16:57:40.733+08:00
2026-02-07 11:58:21,2026-02-06T16:58:00+08:00,2026-02-06T17:00:04+08:00,1.2885,103.6732,C,Cloud to Cloud,2026-02-06T16:57:40.733+08:00
2026-02-07 11:58:21,2026-02-06T16:58:00+08:00,2026-02-06T17:00:04+08:00,1.2921,103.6642,C,Cloud to Cloud,2026-02-06T16:57:40.734+08:00
2026-02-07 11:58:21,2026-02-06T16:58:00+08:00,2026-02-06T17:00:04+08:00,1.2802,103.6691,C,Cloud to Cloud,2026-02-06T16:57:40.738+08:00
2026-02-07 11:58:21,2026-02-06T16:58:00+08:00,2026-02-06T17:00:04+08:00,1.2467,103.566,C,Cloud to Cloud,2026-02-06T16:57:40.742+08:00
2026-02-07 11:58:21,2026-02-06T16:58:00+08:00,2026-02-06T17:00:04+08:00,1.1821,103.4948,C,Cloud to Cloud,2026-02-06T16:57:40.798+08:00
2026-02-07 11:58:21,2026-02-06T16:58:00+08:00,2026-02-06T17:00:04+08:00,1.3131,103.6579,C,Cloud to Cloud,2026-02-06T16:57:40.824+08:00
2026-02-07 11:58:21,2026-02-06T16:58:00+08:00,2026-02-06T17:00:04+08:00,1.319,103.6653,C,Cloud to Cloud,2026-02-06T16:57:40.824+08:00
2026-02-07 11:58:21,2026-02-06T16:58:00+08:00,2026-02-06T17:00:04+08:00,1.3104,103.6598,C,Cloud to Cloud,2026-02-06T16:57:40.824+08:00
2026-02-07 11:58:21,2026-02-06T16:58:00+08:00,2026-02-06T17:00:04+08:00,1.3131,103.6663,C,Cloud to Cloud,2026-02-06T16:57:40.824+08:00
2026-02-07 11:58:21,2026-02-06T16:58:00+08:00,2026-02-06T17:00:04+08:00,1.3335,103.6629,C,Cloud to Cloud,2026-02-06T16:57:40.824+08:00
2026-02-07 11:58:21,2026-02-06T16:58:00+08:00,2026-02-06T17:00:04+08:00,1.311,103.6611,C,Cloud to Cloud,2026-02-06T16:57:40.824+08:00
2026-02-07 11:58:21,2026-02-06T16:58:00+08:00,2026-02-06T17:00:04+08:00,1.3162,103.6624,C,Cloud to Cloud,2026-02-06T16:57:40.824+08:00
2026-02-07 11:58:21,2026-02-06T16:58:00+08:00,2026-02-06T17:00:04+08:00,1.3179,103.6658,C,Cloud to Cloud,2026-02-06T16:57:40.824+08:00
2026-02-07 11:58:21,2026-02-06T16:58:00+08:00,2026-02-06T17:00:04+08:00,1.3222,103.6655,C,Cloud to Cloud,2026-02-06T16:57:40.824+08:00
2026-02-07 11:58:21,2026-02-06T16:58:00+08:00,2026-02-06T17:00:04+08:00,1.313,103.6578,C,Cloud to Cloud,2026-02-06T16:57:40.824+08:00
2026-02-07 11:58:21,2026-02-06T16:58:00+08:00,2026-02-06T17:00:04+08:00,1.3203,103.6705,C,Cloud to Cloud,2026-02-06T16:57:40.825+08:00
2026-02-07 11:58:21,2026-02-06T16:58:00+08:00,2026-02-06T17:00:04+08:00,1.324,103.6686,C,Cloud to Cloud,2026-02-06T16:57:40.825+08:00
2026-02-07 11:58:21,2026-02-06T16:58:00+08:00,2026-02-06T17:00:04+08:00,1.3221,103.6667,C,Cloud to Cloud,2026-02-06T16:57:40.825+08:00
2026-02-07 11:58:21,2026-02-06T16:58:00+08:00,2026-02-06T17:00:04+08:00,1.3198,103.6624,C,Cloud to Cloud,2026-02-06T16:57:40.825+08:00
2026-02-07 11:58:21,2026-02-06T16:58:00+08:00,2026-02-06T17:00:04+08:00,1.316,103.6643,C,Cloud to Cloud,2026-02-06T16:57:40.825+08:00
2026-02-07 11:58:21,2026-02-06T16:58:00+08:00,2026-02-06T17:00:04+08:00,1.3722,103.6245,C,Cloud to Cloud,2026-02-06T16:57:40.825+08:00
2026-02-07 11:58:21,2026-02-06T16:58:00+08:00,2026-02-06T17:00:04+08:00,1.3182,103.6649,C,Cloud to Cloud,2026-02-06T16:57:40.825+08:00
2026-02-07 11:58:21,2026-02-06T16:58:00+08:00,2026-02-06T17:00:04+08:00,1.3203,103.6657,C,Cloud to Cloud,2026-02-06T16:57:40.825+08:00
2026-02-07 11:58:21,2026-02-06T16:58:00+08:00,2026-02-06T17:00:04+08:00,1.3212,103.665,C,Cloud to Cloud,2026-02-06T16:57:40.825+08:00
2026-02-07 11:58:21,2026-02-06T16:58:00+08:00,2026-02-06T17:00:04+08:00,1.3201,103.6631,C,Cloud to Cloud,2026-02-06T16:57:40.825+08:00
2026-02-07 11:58:21,2026-02-06T16:58:00+08:00,2026-02-06T17:00:04+08:00,1.3005,103.6371,C,Cloud to Cloud,2026-02-06T16:57:40.825+08:00
2026-02-07 11:58:21,2026-02-06T16:58:00+08:00,2026-02-06T17:00:04+08:00,1.319,103.6635,C,Cloud to Cloud,2026-02-06T16:57:40.825+08:00
2026-02-07 11:58:21,2026-02-06T16:58:00+08:00,2026-02-06T17:00:04+08:00,1.3208,103.6668,C,Cloud to Cloud,2026-02-06T16:57:40.826+08:00
2026-02-07 11:58:21,2026-02-06T16:58:00+08:00,2026-02-06T17:00:04+08:00,1.319,103.6647,C,Cloud to Cloud,2026-02-06T16:57:40.826+08:00
2026-02-07 11:58:21,2026-02-06T16:58:00+08:00,2026-02-06T17:00:04+08:00,1.3187,103.6622,C,Cloud to Cloud,2026-02-06T16:57:40.826+08:00
2026-02-07 11:58:21,2026-02-06T16:58:00+08:00,2026-02-06T17:00:04+08:00,1.3188,103.6464,C,Cloud to Cloud,2026-02-06T16:57:40.826+08:00
2026-02-07 11:58:21,2026-02-06T16:58:00+08:00,2026-02-06T17:00:04+08:00,1.3068,103.6588,C,Cloud to Cloud,2026-02-06T16:57:40.826+08:00
2026-02-07 11:58:21,2026-02-06T16:58:00+08:00,2026-02-06T17:00:04+08:00,1.32,103.6721,C,Cloud to Cloud,2026-02-06T16:57:40.826+08:00
2026-02-07 11:58:21,2026-02-06T16:58:00+08:00,2026-02-06T17:00:04+08:00,1.3211,103.6637,C,Cloud to Cloud,2026-02-06T16:57:40.826+08:00
2026-02-07 11:58:21,2026-02-06T16:58:00+08:00,2026-02-06T17:00:04+08:00,1.3219,103.662,C,Cloud to Cloud,2026-02-06T16:57:40.826+08:00
2026-02-07 11:58:21,2026-02-06T16:58:00+08:00,2026-02-06T17:00:04+08:00,1.3184,103.6587,C,Cloud to Cloud,2026-02-06T16:57:40.826+08:00
2026-02-07 11:58:21,2026-02-06T16:58:00+08:00,2026-02-06T17:00:04+08:00,1.3174,103.6597,C,Cloud to Cloud,2026-02-06T16:57:40.826+08:00
2026-02-07 11:58:21,2026-02-06T16:58:00+08:00,2026-02-06T17:00:04+08:00,1.3214,103.6631,C,Cloud to Cloud,2026-02-06T16:57:40.826+08:00
2026-02-07 11:58:21,2026-02-06T16:58:00+08:00,2026-02-06T17:00:04+08:00,1.3209,103.6607,C,Cloud to Cloud,2026-02-06T16:57:40.826+08:00
2026-02-07 11:58:21,2026-02-06T16:58:00+08:00,2026-02-06T17:00:04+08:00,1.3116,103.6296,C,Cloud to Cloud,2026-02-06T16:57:40.826+08:00
2026-02-07 11:58:21,2026-02-06T16:58:00+08:00,2026-02-06T17:00:04+08:00,1.3121,103.6261,C,Cloud to Cloud,2026-02-06T16:57:40.826+08:00
2026-02-07 11:58:21,2026-02-06T16:58:00+08:00,2026-02-06T17:00:04+08:00,1.3206,103.6606,C,Cloud to Cloud,2026-02-06T16:57:40.827+08:00
2026-02-07 11:58:21,2026-02-06T16:58:00+08:00,2026-02-06T17:00:04+08:00,1.3202,103.6602,C,Cloud to Cloud,2026-02-06T16:57:40.827+08:00
2026-02-07 11:58:21,2026-02-06T16:58:00+08:00,2026-02-06T17:00:04+08:00,1.3183,103.659,C,Cloud to Cloud,2026-02-06T16:57:40.827+08:00
2026-02-07 11:58:21,2026-02-06T16:58:00+08:00,2026-02-06T17:00:04+08:00,1.3109,103.6332,C,Cloud to Cloud,2026-02-06T16:57:40.827+08:00
2026-02-07 11:58:21,2026-02-06T16:58:00+08:00,2026-02-06T17:00:04+08:00,1.3201,103.66,C,Cloud to Cloud,2026-02-06T16:57:40.827+08:00
2026-02-07 11:58:21,2026-02-06T16:58:00+08:00,2026-02-06T17:00:04+08:00,1.321,103.6609,C,Cloud to Cloud,2026-02-06T16:57:40.827+08:00
2026-02-07 11:58:21,2026-02-06T16:58:00+08:00,2026-02-06T17:00:04+08:00,1.3117,103.6346,C,Cloud to Cloud,2026-02-06T16:57:40.827+08:00
2026-02-07 11:58:21,2026-02-06T16:58:00+08:00,2026-02-06T17:00:04+08:00,1.32,103.6608,C,Cloud to Cloud,2026-02-06T16:57:40.827+08:00
2026-02-07 11:58:21,2026-02-06T16:58:00+08:00,2026-02-06T17:00:04+08:00,1.3129,103.6315,C,Cloud to Cloud,2026-02-06T16:57:40.827+08:00
2026-02-07 11:58:21,2026-02-06T16:58:00+08:00,2026-02-06T17:00:04+08:00,1.3188,103.6609,C,Cloud to Cloud,2026-02-06T16:57:40.827+08:00
2026-02-07 11:58:21,2026-02-06T16:58:00+08:00,2026-02-06T17:00:04+08:00,1.3202,103.6611,C,Cloud to Cloud,2026-02-06T16:57:40.827+08:00
2026-02-07 11:58:21,2026-02-06T16:58:00+08:00,2026-02-06T17:00:04+08:00,1.32,103.6609,C,Cloud to Cloud,2026-02-06T16:57:40.827+08:00
2026-02-07 11:58:21,2026-02-06T16:58:00+08:00,2026-02-06T17:00:04+08:00,1.3218,103.6629,C,Cloud to Cloud,2026-02-06T16:57:40.827+08:00
2026-02-07 11:58:21,2026-02-06T16:58:00+08:00,2026-02-06T17:00:04+08:00,1.3146,103.6581,C,Cloud to Cloud,2026-02-06T16:57:40.828+08:00
2026-02-07 11:58:21,2026-02-06T16:58:00+08:00,2026-02-06T17:00:04+08:00,1.3211,103.6625,C,Cloud to Cloud,2026-02-06T16:57:40.828+08:00
2026-02-07 11:58:21,2026-02-06T16:58:00+08:00,2026-02-06T17:00:04+08:00,1.3223,103.6606,C,Cloud to Cloud,2026-02-06T16:57:40.828+08:00
2026-02-07 11:58:21,2026-02-06T16:58:00+08:00,2026-02-06T17:00:04+08:00,1.321,103.6598,C,Cloud to Cloud,2026-02-06T16:57:40.828+08:00
2026-02-07 11:58:21,2026-02-06T16:58:00+08:00,2026-02-06T17:00:04+08:00,1.3209,103.6587,C,Cloud to Cloud,2026-02-06T16:57:40.828+08:00
2026-02-07 11:58:21,2026-02-06T16:58:00+08:00,2026-02-06T17:00:04+08:00,1.3212,103.6583,C,Cloud to Cloud,2026-02-06T16:57:40.828+08:00
2026-02-07 11:58:21,2026-02-06T16:58:00+08:00,2026-02-06T17:00:04+08:00,1.321,103.6577,C,Cloud to Cloud,2026-02-06T16:57:40.828+08:00
2026-02-07 11:58:21,2026-02-06T16:58:00+08:00,2026-02-06T17:00:04+08:00,1.3211,103.6586,C,Cloud to Cloud,2026-02-06T16:57:40.828+08:00
2026-02-07 11:58:21,2026-02-06T16:58:00+08:00,2026-02-06T17:00:04+08:00,1.3205,103.6578,C,Cloud to Cloud,2026-02-06T16:57:40.828+08:00
2026-02-07 11:58:21,2026-02-06T16:58:00+08:00,2026-02-06T17:00:04+08:00,1.3192,103.6577,C,Cloud to Cloud,2026-02-06T16:57:40.828+08:00
2026-02-07 11:58:21,2026-02-06T16:58:00+08:00,2026-02-06T17:00:04+08:00,1.3207,103.6585,C,Cloud to Cloud,2026-02-06T16:57:40.829+08:00
2026-02-07 11:58:21,2026-02-06T16:58:00+08:00,2026-02-06T17:00:04+08:00,1.3211,103.6573,C,Cloud to Cloud,2026-02-06T16:57:40.829+08:00
2026-02-07 11:58:21,2026-02-06T16:58:00+08:00,2026-02-06T17:00:04+08:00,1.3204,103.657,C,Cloud to Cloud,2026-02-06T16:57:40.829+08:00
2026-02-07 11:58:21,2026-02-06T16:58:00+08:00,2026-02-06T17:00:04+08:00,1.3197,103.657,C,Cloud to Cloud,2026-02-06T16:57:40.829+08:00
2026-02-07 11:58:21,2026-02-06T16:58:00+08:00,2026-02-06T17:00:04+08:00,1.3198,103.6551,C,Cloud to Cloud,2026-02-06T16:57:40.829+08:00
2026-02-07 11:58:21,2026-02-06T16:58:00+08:00,2026-02-06T17:00:04+08:00,1.3199,103.6547,C,Cloud to Cloud,2026-02-06T16:57:40.829+08:00
2026-02-07 11:58:21,2026-02-06T16:58:00+08:00,2026-02-06T17:00:04+08:00,1.3182,103.6568,C,Cloud to Cloud,2026-02-06T16:57:40.829+08:00
2026-02-07 11:58:21,2026-02-06T16:58:00+08:00,2026-02-06T17:00:04+08:00,1.3198,103.6558,C,Cloud to Cloud,2026-02-06T16:57:40.829+08:00
2026-02-07 11:58:21,2026-02-06T16:58:00+08:00,2026-02-06T17:00:04+08:00,1.3176,103.6555,C,Cloud to Cloud,2026-02-06T16:57:40.829+08:00
2026-02-07 11:58:21,2026-02-06T16:58:00+08:00,2026-02-06T17:00:04+08:00,1.3203,103.6562,C,Cloud to Cloud,2026-02-06T16:57:40.829+08:00
2026-02-07 11:58:21,2026-02-06T16:58:00+08:00,2026-02-06T17:00:04+08:00,1.3204,103.6559,C,Cloud to Cloud,2026-02-06T16:57:40.83+08:00
2026-02-07 11:58:21,2026-02-06T16:58:00+08:00,2026-02-06T17:00:04+08:00,1.3165,103.6518,C,Cloud to Cloud,2026-02-06T16:57:40.83+08:00
2026-02-07 11:58:21,2026-02-06T16:58:00+08:00,2026-02-06T17:00:04+08:00,1.3158,103.6502,C,Cloud to Cloud,2026-02-06T16:57:40.83+08:00
2026-02-07 11:58:21,2026-02-06T16:58:00+08:00,2026-02-06T17:00:04+08:00,1.3171,103.6522,C,Cloud to Cloud,2026-02-06T16:57:40.83+08:00
2026-02-07 11:58:21,2026-02-06T16:58:00+08:00,2026-02-06T17:00:04+08:00,1.3156,103.6496,C,Cloud to Cloud,2026-02-06T16:57:40.83+08:00
2026-02-07 11:58:21,2026-02-06T16:58:00+08:00,2026-02-06T17:00:04+08:00,1.3167,103.6517,C,Cloud to Cloud,2026-02-06T16:57:40.83+08:00
2026-02-07 11:58:21,2026-02-06T16:58:00+08:00,2026-02-06T17:00:04+08:00,1.3163,103.6506,C,Cloud to Cloud,2026-02-06T16:57:40.83+08:00
2026-02-07 11:58:21,2026-02-06T16:58:00+08:00,2026-02-06T17:00:04+08:00,1.3164,103.6516,C,Cloud to Cloud,2026-02-06T16:57:40.83+08:00
2026-02-07 11:58:21,2026-02-06T16:58:00+08:00,2026-02-06T17:00:04+08:00,1.3165,103.6507,C,Cloud to Cloud,2026-02-06T16:57:40.83+08:00
2026-02-07 11:58:21,2026-02-06T16:58:00+08:00,2026-02-06T17:00:04+08:00,1.3169,103.6503,C,Cloud to Cloud,2026-02-06T16:57:40.83+08:00
2026-02-07 11:58:21,2026-02-06T16:58:00+08:00,2026-02-06T17:00:04+08:00,1.3162,103.6516,C,Cloud to Cloud,2026-02-06T16:57:40.831+08:00
2026-02-07 11:58:21,2026-02-06T16:58:00+08:00,2026-02-06T17:00:04+08:00,1.3165,103.6509,C,Cloud to Cloud,2026-02-06T16:57:40.831+08:00
2026-02-07 11:58:21,2026-02-06T16:58:00+08:00,2026-02-06T17:00:04+08:00,1.3156,103.6502,C,Cloud to Cloud,2026-02-06T16:57:40.831+08:00
2026-02-07 11:58:21,2026-02-06T16:58:00+08:00,2026-02-06T17:00:04+08:00,1.3164,103.6507,C,Cloud to Cloud,2026-02-06T16:57:40.831+08:00
2026-02-07 11:58:21,2026-02-06T16:58:00+08:00,2026-02-06T17:00:04+08:00,1.3154,103.6507,C,Cloud to Cloud,2026-02-06T16:57:40.831+08:00
2026-02-07 11:58:21,2026-02-06T16:58:00+08:00,2026-02-06T17:00:04+08:00,1.3144,103.6492,C,Cloud to Cloud,2026-02-06T16:57:40.831+08:00
2026-02-07 11:58:21,2026-02-06T16:58:00+08:00,2026-02-06T17:00:04+08:00,1.3149,103.6503,C,Cloud to Cloud,2026-02-06T16:57:40.831+08:00
2026-02-07 11:58:21,2026-02-06T16:58:00+08:00,2026-02-06T17:00:04+08:00,1.3132,103.6512,C,Cloud to Cloud,2026-02-06T16:57:40.831+08:00
2026-02-07 11:58:21,2026-02-06T16:58:00+08:00,2026-02-06T17:00:04+08:00,1.3132,103.6494,C,Cloud to Cloud,2026-02-06T16:57:40.831+08:00
2026-02-07 11:58:21,2026-02-06T16:58:00+08:00,2026-02-06T17:00:04+08:00,1.3169,103.6542,C,Cloud to Cloud,2026-02-06T16:57:40.831+08:00
2026-02-07 11:58:21,2026-02-06T16:58:00+08:00,2026-02-06T17:00:04+08:00,1.3143,103.6526,C,Cloud to Cloud,2026-02-06T16:57:40.832+08:00
2026-02-07 11:58:21,2026-02-06T16:58:00+08:00,2026-02-06T17:00:04+08:00,1.3128,103.65,C,Cloud to Cloud,2026-02-06T16:57:40.832+08:00
2026-02-07 11:58:21,2026-02-06T16:58:00+08:00,2026-02-06T17:00:04+08:00,1.3138,103.6525,C,Cloud to Cloud,2026-02-06T16:57:40.832+08:00
2026-02-07 11:58:21,2026-02-06T16:58:00+08:00,2026-02-06T17:00:04+08:00,1.3156,103.6522,C,Cloud to Cloud,2026-02-06T16:57:40.832+08:00
2026-02-07 11:58:21,2026-02-06T16:58:00+08:00,2026-02-06T17:00:04+08:00,1.3146,103.652,C,Cloud to Cloud,2026-02-06T16:57:40.832+08:00
2026-02-07 11:58:21,2026-02-06T16:58:00+08:00,2026-02-06T17:00:04+08:00,1.3144,103.6515,C,Cloud to Cloud,2026-02-06T16:57:40.832+08:00
2026-02-07 11:58:21,2026-02-06T16:58:00+08:00,2026-02-06T17:00:04+08:00,1.3126,103.6508,C,Cloud to Cloud,2026-02-06T16:57:40.832+08:00
2026-02-07 11:58:21,2026-02-06T16:58:00+08:00,2026-02-06T17:00:04+08:00,1.3116,103.6478,C,Cloud to Cloud,2026-02-06T16:57:40.832+08:00
2026-02-07 11:58:21,2026-02-06T16:58:00+08:00,2026-02-06T17:00:04+08:00,1.3144,103.65,C,Cloud to Cloud,2026-02-06T16:57:40.832+08:00
2026-02-07 11:58:21,2026-02-06T16:58:00+08:00,2026-02-06T17:00:04+08:00,1.3133,103.6512,C,Cloud to Cloud,2026-02-06T16:57:40.832+08:00
2026-02-07 11:58:21,2026-02-06T16:58:00+08:00,2026-02-06T17:00:04+08:00,1.3153,103.6503,C,Cloud to Cloud,2026-02-06T16:57:40.833+08:00
2026-02-07 11:58:21,2026-02-06T16:58:00+08:00,2026-02-06T17:00:04+08:00,1.3125,103.6491,C,Cloud to Cloud,2026-02-06T16:57:40.833+08:00
2026-02-07 11:58:21,2026-02-06T16:58:00+08:00,2026-02-06T17:00:04+08:00,1.3128,103.6498,C,Cloud to Cloud,2026-02-06T16:57:40.833+08:00
2026-02-07 11:58:21,2026-02-06T16:58:00+08:00,2026-02-06T17:00:04+08:00,1.3131,103.6503,C,Cloud to Cloud,2026-02-06T16:57:40.833+08:00
2026-02-07 11:58:21,2026-02-06T16:58:00+08:00,2026-02-06T17:00:04+08:00,1.3133,103.6511,C,Cloud to Cloud,2026-02-06T16:57:40.833+08:00
2026-02-07 11:58:21,2026-02-06T16:58:00+08:00,2026-02-06T17:00:04+08:00,1.3128,103.6497,C,Cloud to Cloud,2026-02-06T16:57:40.833+08:00
2026-02-07 11:58:21,2026-02-06T16:58:00+08:00,2026-02-06T17:00:04+08:00,1.312,103.6473,C,Cloud to Cloud,2026-02-06T16:57:40.833+08:00
2026-02-07 11:58:21,2026-02-06T16:58:00+08:00,2026-02-06T17:00:04+08:00,1.3133,103.6496,C,Cloud to Cloud,2026-02-06T16:57:40.833+08:00
2026-02-07 11:58:21,2026-02-06T16:58:00+08:00,2026-02-06T17:00:04+08:00,1.3093,103.6482,C,Cloud to Cloud,2026-02-06T16:57:40.833+08:00
2026-02-07 11:58:21,2026-02-06T16:58:00+08:00,2026-02-06T17:00:04+08:00,1.313,103.6496,C,Cloud to Cloud,2026-02-06T16:57:40.833+08:00
2026-02-07 11:58:21,2026-02-06T16:58:00+08:00,2026-02-06T17:00:04+08:00,1.3112,103.6494,C,Cloud to Cloud,2026-02-06T16:57:40.834+08:00
2026-02-07 11:58:21,2026-02-06T16:58:00+08:00,2026-02-06T17:00:04+08:00,1.3087,103.6481,C,Cloud to Cloud,2026-02-06T16:57:40.834+08:00
2026-02-07 11:58:21,2026-02-06T16:58:00+08:00,2026-02-06T17:00:04+08:00,1.3098,103.6487,C,Cloud to Cloud,2026-02-06T16:57:40.834+08:00
2026-02-07 11:58:21,2026-02-06T16:58:00+08:00,2026-02-06T17:00:04+08:00,1.3121,103.6479,C,Cloud to Cloud,2026-02-06T16:57:40.834+08:00
2026-02-07 11:58:21,2026-02-06T16:58:00+08:00,2026-02-06T17:00:04+08:00,1.3101,103.6489,C,Cloud to Cloud,2026-02-06T16:57:40.834+08:00
2026-02-07 11:58:21,2026-02-06T16:58:00+08:00,2026-02-06T17:00:04+08:00,1.3124,103.6499,C,Cloud to Cloud,2026-02-06T16:57:40.834+08:00
2026-02-07 11:58:21,2026-02-06T16:58:00+08:00,2026-02-06T17:00:04+08:00,1.311,103.6497,C,Cloud to Cloud,2026-02-06T16:57:40.834+08:00
2026-02-07 11:58:21,2026-02-06T16:58:00+08:00,2026-02-06T17:00:04+08:00,1.3109,103.6495,C,Cloud to Cloud,2026-02-06T16:57:40.834+08:00
2026-02-07 11:58:21,2026-02-06T16:58:00+08:00,2026-02-06T17:00:04+08:00,1.3102,103.6477,C,Cloud to Cloud,2026-02-06T16:57:40.834+08:00
2026-02-07 11:58:21,2026-02-06T16:58:00+08:00,2026-02-06T17:00:04+08:00,1.3079,103.6492,C,Cloud to Cloud,2026-02-06T16:57:40.834+08:00
2026-02-07 11:58:21,2026-02-06T16:58:00+08:00,2026-02-06T17:00:04+08:00,1.3099,103.6474,C,Cloud to Cloud,2026-02-06T16:57:40.835+08:00
2026-02-07 11:58:21,2026-02-06T16:58:00+08:00,2026-02-06T17:00:04+08:00,1.3087,103.6488,C,Cloud to Cloud,2026-02-06T16:57:40.835+08:00
2026-02-07 11:58:21,2026-02-06T16:58:00+08:00,2026-02-06T17:00:04+08:00,1.3118,103.6484,C,Cloud to Cloud,2026-02-06T16:57:40.835+08:00
2026-02-07 11:58:21,2026-02-06T16:58:00+08:00,2026-02-06T17:00:04+08:00,1.3118,103.6505,C,Cloud to Cloud,2026-02-06T16:57:40.835+08:00
2026-02-07 11:58:21,2026-02-06T16:58:00+08:00,2026-02-06T17:00:04+08:00,1.3091,103.6466,C,Cloud to Cloud,2026-02-06T16:57:40.835+08:00
2026-02-07 11:58:21,2026-02-06T16:58:00+08:00,2026-02-06T17:00:04+08:00,1.3089,103.6484,C,Cloud to Cloud,2026-02-06T16:57:40.835+08:00
2026-02-07 11:58:21,2026-02-06T16:58:00+08:00,2026-02-06T17:00:04+08:00,1.3091,103.6458,C,Cloud to Cloud,2026-02-06T16:57:40.835+08:00
2026-02-07 11:58:21,2026-02-06T16:58:00+08:00,2026-02-06T17:00:04+08:00,1.3106,103.6473,C,Cloud to Cloud,2026-02-06T16:57:40.835+08:00
2026-02-07 11:58:21,2026-02-06T16:58:00+08:00,2026-02-06T17:00:04+08:00,1.3098,103.6487,C,Cloud to Cloud,2026-02-06T16:57:40.835+08:00
2026-02-07 11:58:21,2026-02-06T16:58:00+08:00,2026-02-06T17:00:04+08:00,1.3099,103.6467,C,Cloud to Cloud,2026-02-06T16:57:40.835+08:00
2026-02-07 11:58:21,2026-02-06T16:58:00+08:00,2026-02-06T17:00:04+08:00,1.3104,103.6461,C,Cloud to Cloud,2026-02-06T16:57:40.836+08:00
2026-02-07 11:58:21,2026-02-06T16:58:00+08:00,2026-02-06T17:00:04+08:00,1.3088,103.6454,C,Cloud to Cloud,2026-02-06T16:57:40.836+08:00
2026-02-07 11:58:21,2026-02-06T16:58:00+08:00,2026-02-06T17:00:04+08:00,1.3062,103.6459,C,Cloud to Cloud,2026-02-06T16:57:40.836+08:00
2026-02-07 11:58:21,2026-02-06T16:58:00+08:00,2026-02-06T17:00:04+08:00,1.3045,103.6447,C,Cloud to Cloud,2026-02-06T16:57:40.836+08:00
2026-02-07 11:58:21,2026-02-06T16:58:00+08:00,2026-02-06T17:00:04+08:00,1.3061,103.644,C,Cloud to Cloud,2026-02-06T16:57:40.836+08:00
2026-02-07 11:58:21,2026-02-06T16:58:00+08:00,2026-02-06T17:00:04+08:00,1.3031,103.6443,C,Cloud to Cloud,2026-02-06T16:57:40.836+08:00
2026-02-07 11:58:21,2026-02-06T16:58:00+08:00,2026-02-06T17:00:04+08:00,1.3042,103.643,C,Cloud to Cloud,2026-02-06T16:57:40.836+08:00
2026-02-07 11:58:21,2026-02-06T16:58:00+08:00,2026-02-06T17:00:04+08:00,1.3034,103.6441,C,Cloud to Cloud,2026-02-06T16:57:40.836+08:00
2026-02-07 11:58:21,2026-02-06T16:58:00+08:00,2026-02-06T17:00:04+08:00,1.3062,103.6425,C,Cloud to Cloud,2026-02-06T16:57:40.836+08:00
2026-02-07 11:58:21,2026-02-06T16:58:00+08:00,2026-02-06T17:00:04+08:00,1.3013,103.6451,C,Cloud to Cloud,2026-02-06T16:57:40.836+08:00
2026-02-07 11:58:21,2026-02-06T16:58:00+08:00,2026-02-06T17:00:04+08:00,1.3029,103.6417,C,Cloud to Cloud,2026-02-06T16:57:40.837+08:00
2026-02-07 11:58:21,2026-02-06T16:58:00+08:00,2026-02-06T17:00:04+08:00,1.3074,103.6434,C,Cloud to Cloud,2026-02-06T16:57:40.837+08:00
2026-02-07 11:58:21,2026-02-06T16:58:00+08:00,2026-02-06T17:00:04+08:00,1.3043,103.6437,C,Cloud to Cloud,2026-02-06T16:57:40.837+08:00
2026-02-07 11:58:21,2026-02-06T16:58:00+08:00,2026-02-06T17:00:04+08:00,1.3028,103.6425,C,Cloud to Cloud,2026-02-06T16:57:40.837+08:00
2026-02-07 11:58:21,2026-02-06T16:58:00+08:00,2026-02-06T17:00:04+08:00,1.3041,103.6444,C,Cloud to Cloud,2026-02-06T16:57:40.837+08:00
2026-02-07 11:58:21,2026-02-06T16:58:00+08:00,2026-02-06T17:00:04+08:00,1.3038,103.6424,C,Cloud to Cloud,2026-02-06T16:57:40.837+08:00
2026-02-07 11:58:21,2026-02-06T16:58:00+08:00,2026-02-06T17:00:04+08:00,1.306,103.6413,C,Cloud to Cloud,2026-02-06T16:57:40.837+08:00
2026-02-07 11:58:21,2026-02-06T16:58:00+08:00,2026-02-06T17:00:04+08:00,1.3031,103.6425,C,Cloud to Cloud,2026-02-06T16:57:40.837+08:00
2026-02-07 11:58:21,2026-02-06T16:58:00+08:00,2026-02-06T17:00:04+08:00,1.3029,103.6419,C,Cloud to Cloud,2026-02-06T16:57:40.837+08:00
2026-02-07 11:58:21,2026-02-06T16:58:00+08:00,2026-02-06T17:00:04+08:00,1.3044,103.6406,C,Cloud to Cloud,2026-02-06T16:57:40.837+08:00
2026-02-07 11:58:21,2026-02-06T16:58:00+08:00,2026-02-06T17:00:04+08:00,1.3034,103.6444,C,Cloud to Cloud,2026-02-06T16:57:40.838+08:00
2026-02-07 11:58:21,2026-02-06T16:58:00+08:00,2026-02-06T17:00:04+08:00,1.3069,103.6415,C,Cloud to Cloud,2026-02-06T16:57:40.838+08:00
2026-02-07 11:58:21,2026-02-06T16:58:00+08:00,2026-02-06T17:00:04+08:00,1.3017,103.6446,C,Cloud to Cloud,2026-02-06T16:57:40.838+08:00
2026-02-07 11:58:21,2026-02-06T16:58:00+08:00,2026-02-06T17:00:04+08:00,1.3038,103.644,C,Cloud to Cloud,2026-02-06T16:57:40.838+08:00
2026-02-07 11:58:21,2026-02-06T16:58:00+08:00,2026-02-06T17:00:04+08:00,1.3032,103.6398,C,Cloud to Cloud,2026-02-06T16:57:40.838+08:00
2026-02-07 11:58:21,2026-02-06T16:58:00+08:00,2026-02-06T17:00:04+08:00,1.3031,103.6429,C,Cloud to Cloud,2026-02-06T16:57:40.838+08:00
2026-02-07 11:58:21,2026-02-06T16:58:00+08:00,2026-02-06T17:00:04+08:00,1.3042,103.6414,C,Cloud to Cloud,2026-02-06T16:57:40.838+08:00
2026-02-07 11:58:21,2026-02-06T16:58:00+08:00,2026-02-06T17:00:04+08:00,1.3037,103.6416,C,Cloud to Cloud,2026-02-06T16:57:40.838+08:00
2026-02-07 11:58:21,2026-02-06T16:58:00+08:00,2026-02-06T17:00:04+08:00,1.3035,103.6399,C,Cloud to Cloud,2026-02-06T16:57:40.838+08:00
2026-02-07 11:58:21,2026-02-06T16:58:00+08:00,2026-02-06T17:00:04+08:00,1.3062,103.6408,C,Cloud to Cloud,2026-02-06T16:57:40.838+08:00
2026-02-07 11:58:21,2026-02-06T16:58:00+08:00,2026-02-06T17:00:04+08:00,1.3049,103.6417,C,Cloud to Cloud,2026-02-06T16:57:40.839+08:00
2026-02-07 11:58:21,2026-02-06T16:58:00+08:00,2026-02-06T17:00:04+08:00,1.3019,103.6405,C,Cloud to Cloud,2026-02-06T16:57:40.839+08:00
2026-02-07 11:58:21,2026-02-06T16:58:00+08:00,2026-02-06T17:00:04+08:00,1.3047,103.642,C,Cloud to Cloud,2026-02-06T16:57:40.839+08:00
2026-02-07 11:58:21,2026-02-06T16:58:00+08:00,2026-02-06T17:00:04+08:00,1.3025,103.6406,C,Cloud to Cloud,2026-02-06T16:57:40.839+08:00
2026-02-07 11:58:21,2026-02-06T16:58:00+08:00,2026-02-06T17:00:04+08:00,1.3049,103.6415,C,Cloud to Cloud,2026-02-06T16:57:40.839+08:00
2026-02-07 11:58:21,2026-02-06T16:58:00+08:00,2026-02-06T17:00:04+08:00,1.3051,103.6396,C,Cloud to Cloud,2026-02-06T16:57:40.839+08:00
2026-02-07 11:58:21,2026-02-06T16:58:00+08:00,2026-02-06T17:00:04+08:00,1.3015,103.6426,C,Cloud to Cloud,2026-02-06T16:57:40.839+08:00
2026-02-07 11:58:21,2026-02-06T16:58:00+08:00,2026-02-06T17:00:04+08:00,1.3051,103.6409,C,Cloud to Cloud,2026-02-06T16:57:40.839+08:00
2026-02-07 11:58:21,2026-02-06T16:58:00+08:00,2026-02-06T17:00:04+08:00,1.3032,103.6388,C,Cloud to Cloud,2026-02-06T16:57:40.839+08:00
2026-02-07 11:58:21,2026-02-06T16:58:00+08:00,2026-02-06T17:00:04+08:00,1.3042,103.6417,C,Cloud to Cloud,2026-02-06T16:57:40.839+08:00
2026-02-07 11:58:21,2026-02-06T16:58:00+08:00,2026-02-06T17:00:04+08:00,1.3032,103.6391,C,Cloud to Cloud,2026-02-06T16:57:40.84+08:00
2026-02-07 11:58:21,2026-02-06T16:58:00+08:00,2026-02-06T17:00:04+08:00,1.303,103.6393,C,Cloud to Cloud,2026-02-06T16:57:40.84+08:00
2026-02-07 11:58:21,2026-02-06T16:58:00+08:00,2026-02-06T17:00:04+08:00,1.3002,103.6387,C,Cloud to Cloud,2026-02-06T16:57:40.84+08:00
2026-02-07 11:58:21,2026-02-06T16:58:00+08:00,2026-02-06T17:00:04+08:00,1.3036,103.6391,C,Cloud to Cloud,2026-02-06T16:57:40.84+08:00
2026-02-07 11:58:21,2026-02-06T16:58:00+08:00,2026-02-06T17:00:04+08:00,1.3013,103.6397,C,Cloud to Cloud,2026-02-06T16:57:40.84+08:00
2026-02-07 11:58:21,2026-02-06T16:58:00+08:00,2026-02-06T17:00:04+08:00,1.3031,103.6392,C,Cloud to Cloud,2026-02-06T16:57:40.84+08:00
2026-02-07 11:58:21,2026-02-06T16:58:00+08:00,2026-02-06T17:00:04+08:00,1.3037,103.6366,C,Cloud to Cloud,2026-02-06T16:57:40.84+08:00
2026-02-07 11:58:21,2026-02-06T16:58:00+08:00,2026-02-06T17:00:04+08:00,1.3033,103.6399,C,Cloud to Cloud,2026-02-06T16:57:40.84+08:00
2026-02-07 11:58:21,2026-02-06T16:58:00+08:00,2026-02-06T17:00:04+08:00,1.3041,103.6376,C,Cloud to Cloud,2026-02-06T16:57:40.84+08:00
2026-02-07 11:58:21,2026-02-06T16:58:00+08:00,2026-02-06T17:00:04+08:00,1.3041,103.6393,C,Cloud to Cloud,2026-02-06T16:57:40.84+08:00
2026-02-07 11:58:21,2026-02-06T16:58:00+08:00,2026-02-06T17:00:04+08:00,1.3032,103.637,C,Cloud to Cloud,2026-02-06T16:57:40.841+08:00
2026-02-07 11:58:21,2026-02-06T16:58:00+08:00,2026-02-06T17:00:04+08:00,1.3038,103.6393,C,Cloud to Cloud,2026-02-06T16:57:40.841+08:00
2026-02-07 11:58:21,2026-02-06T16:58:00+08:00,2026-02-06T17:00:04+08:00,1.3002,103.6368,C,Cloud to Cloud,2026-02-06T16:57:40.841+08:00
2026-02-07 11:58:21,2026-02-06T16:58:00+08:00,2026-02-06T17:00:04+08:00,1.3013,103.6382,C,Cloud to Cloud,2026-02-06T16:57:40.841+08:00
2026-02-07 11:58:21,2026-02-06T16:58:00+08:00,2026-02-06T17:00:04+08:00,1.3033,103.6373,C,Cloud to Cloud,2026-02-06T16:57:40.841+08:00
2026-02-07 11:58:21,2026-02-06T16:58:00+08:00,2026-02-06T17:00:04+08:00,1.2995,103.6381,C,Cloud to Cloud,2026-02-06T16:57:40.841+08:00
2026-02-07 11:58:21,2026-02-06T16:58:00+08:00,2026-02-06T17:00:04+08:00,1.3037,103.6368,C,Cloud to Cloud,2026-02-06T16:57:40.841+08:00
2026-02-07 11:58:21,2026-02-06T16:58:00+08:00,2026-02-06T17:00:04+08:00,1.3029,103.6342,C,Cloud to Cloud,2026-02-06T16:57:40.841+08:00
2026-02-07 11:58:21,2026-02-06T16:58:00+08:00,2026-02-06T17:00:04+08:00,1.3032,103.6387,C,Cloud to Cloud,2026-02-06T16:57:40.841+08:00
2026-02-07 11:58:21,2026-02-06T16:58:00+08:00,2026-02-06T17:00:04+08:00,1.303,103.6351,C,Cloud to Cloud,2026-02-06T16:57:40.841+08:00
2026-02-07 11:58:21,2026-02-06T16:58:00+08:00,2026-02-06T17:00:04+08:00,1.3016,103.6369,C,Cloud to Cloud,2026-02-06T16:57:40.842+08:00
2026-02-07 11:58:21,2026-02-06T16:58:00+08:00,2026-02-06T17:00:04+08:00,1.3006,103.6333,C,Cloud to Cloud,2026-02-06T16:57:40.842+08:00
2026-02-07 11:58:21,2026-02-06T16:58:00+08:00,2026-02-06T17:00:04+08:00,1.3012,103.6348,C,Cloud to Cloud,2026-02-06T16:57:40.842+08:00
2026-02-07 11:58:21,2026-02-06T16:58:00+08:00,2026-02-06T17:00:04+08:00,1.3026,103.6353,C,Cloud to Cloud,2026-02-06T16:57:40.842+08:00
2026-02-07 11:58:21,2026-02-06T16:58:00+08:00,2026-02-06T17:00:04+08:00,1.2998,103.6344,C,Cloud to Cloud,2026-02-06T16:57:40.842+08:00
2026-02-07 11:58:21,2026-02-06T16:58:00+08:00,2026-02-06T17:00:04+08:00,1.2988,103.6334,C,Cloud to Cloud,2026-02-06T16:57:40.842+08:00
2026-02-07 11:58:21,2026-02-06T16:58:00+08:00,2026-02-06T17:00:04+08:00,1.3009,103.6343,C,Cloud to Cloud,2026-02-06T16:57:40.842+08:00
2026-02-07 11:58:21,2026-02-06T16:58:00+08:00,2026-02-06T17:00:04+08:00,1.3013,103.6337,C,Cloud to Cloud,2026-02-06T16:57:40.842+08:00
2026-02-07 11:58:21,2026-02-06T16:58:00+08:00,2026-02-06T17:00:04+08:00,1.3006,103.633,C,Cloud to Cloud,2026-02-06T16:57:40.842+08:00
2026-02-07 11:58:21,2026-02-06T16:58:00+08:00,2026-02-06T17:00:04+08:00,1.2991,103.6333,C,Cloud to Cloud,2026-02-06T16:57:40.842+08:00
2026-02-07 11:58:21,2026-02-06T16:58:00+08:00,2026-02-06T17:00:04+08:00,1.2998,103.6345,C,Cloud to Cloud,2026-02-06T16:57:40.843+08:00
2026-02-07 11:58:21,2026-02-06T16:58:00+08:00,2026-02-06T17:00:04+08:00,1.3052,103.6392,C,Cloud to Cloud,2026-02-06T16:57:40.843+08:00
2026-02-07 11:58:21,2026-02-06T16:58:00+08:00,2026-02-06T17:00:04+08:00,1.3035,103.6328,C,Cloud to Cloud,2026-02-06T16:57:40.843+08:00
2026-02-07 11:58:21,2026-02-06T16:58:00+08:00,2026-02-06T17:00:04+08:00,1.3026,103.6315,C,Cloud to Cloud,2026-02-06T16:57:40.843+08:00
2026-02-07 11:58:21,2026-02-06T16:58:00+08:00,2026-02-06T17:00:04+08:00,1.3021,103.633,C,Cloud to Cloud,2026-02-06T16:57:40.843+08:00
2026-02-07 11:58:21,2026-02-06T16:58:00+08:00,2026-02-06T17:00:04+08:00,1.3014,103.6335,C,Cloud to Cloud,2026-02-06T16:57:40.843+08:00
2026-02-07 11:58:21,2026-02-06T16:58:00+08:00,2026-02-06T17:00:04+08:00,1.3026,103.6315,C,Cloud to Cloud,2026-02-06T16:57:40.843+08:00
2026-02-07 11:58:21,2026-02-06T16:58:00+08:00,2026-02-06T17:00:04+08:00,1.2995,103.6298,C,Cloud to Cloud,2026-02-06T16:57:40.843+08:00
2026-02-07 11:58:21,2026-02-06T16:58:00+08:00,2026-02-06T17:00:04+08:00,1.2997,103.6299,C,Cloud to Cloud,2026-02-06T16:57:40.843+08:00
2026-02-07 11:58:21,2026-02-06T16:58:00+08:00,2026-02-06T17:00:04+08:00,1.3022,103.63,C,Cloud to Cloud,2026-02-06T16:57:40.844+08:00
2026-02-07 11:58:21,2026-02-06T16:58:00+08:00,2026-02-06T17:00:04+08:00,1.2987,103.6325,C,Cloud to Cloud,2026-02-06T16:57:40.844+08:00
2026-02-07 11:58:21,2026-02-06T16:58:00+08:00,2026-02-06T17:00:04+08:00,1.3133,103.6421,C,Cloud to Cloud,2026-02-06T16:57:40.844+08:00
2026-02-07 11:58:21,2026-02-06T16:58:00+08:00,2026-02-06T17:00:04+08:00,1.3016,103.632,C,Cloud to Cloud,2026-02-06T16:57:40.844+08:00
2026-02-07 11:58:21,2026-02-06T16:58:00+08:00,2026-02-06T17:00:04+08:00,1.3003,103.631,C,Cloud to Cloud,2026-02-06T16:57:40.844+08:00
2026-02-07 11:58:21,2026-02-06T16:58:00+08:00,2026-02-06T17:00:04+08:00,1.2995,103.6311,C,Cloud to Cloud,2026-02-06T16:57:40.844+08:00
2026-02-07 11:58:21,2026-02-06T16:58:00+08:00,2026-02-06T17:00:04+08:00,1.3011,103.6311,C,Cloud to Cloud,2026-02-06T16:57:40.844+08:00
2026-02-07 11:58:21,2026-02-06T16:58:00+08:00,2026-02-06T17:00:04+08:00,1.3033,103.6297,C,Cloud to Cloud,2026-02-06T16:57:40.845+08:00
2026-02-07 11:58:21,2026-02-06T16:58:00+08:00,2026-02-06T17:00:04+08:00,1.2988,103.6349,C,Cloud to Cloud,2026-02-06T16:57:40.845+08:00
2026-02-07 11:58:21,2026-02-06T16:58:00+08:00,2026-02-06T17:00:04+08:00,1.303,103.6301,C,Cloud to Cloud,2026-02-06T16:57:40.845+08:00
2026-02-07 11:58:21,2026-02-06T16:58:00+08:00,2026-02-06T17:00:04+08:00,1.2991,103.6278,C,Cloud to Cloud,2026-02-06T16:57:40.845+08:00
2026-02-07 11:58:21,2026-02-06T16:58:00+08:00,2026-02-06T17:00:04+08:00,1.3014,103.631,C,Cloud to Cloud,2026-02-06T16:57:40.845+08:00
2026-02-07 11:58:21,2026-02-06T16:58:00+08:00,2026-02-06T17:00:04+08:00,1.2988,103.632,C,Cloud to Cloud,2026-02-06T16:57:40.846+08:00
2026-02-07 11:58:21,2026-02-06T16:58:00+08:00,2026-02-06T17:00:04+08:00,1.2964,103.6436,C,Cloud to Cloud,2026-02-06T16:57:40.853+08:00
2026-02-07 11:58:21,2026-02-06T16:58:00+08:00,2026-02-06T17:00:04+08:00,1.2894,103.6686,C,Cloud to Cloud,2026-02-06T16:57:40.854+08:00
2026-02-07 11:58:21,2026-02-06T16:58:00+08:00,2026-02-06T17:00:04+08:00,1.2884,103.6692,C,Cloud to Cloud,2026-02-06T16:57:40.854+08:00
2026-02-07 11:58:21,2026-02-06T16:58:00+08:00,2026-02-06T17:00:04+08:00,1.2883,103.6697,C,Cloud to Cloud,2026-02-06T16:57:40.854+08:00
2026-02-07 11:58:21,2026-02-06T16:58:00+08:00,2026-02-06T17:00:04+08:00,1.2894,103.6675,C,Cloud to Cloud,2026-02-06T16:57:40.854+08:00
2026-02-07 11:58:21,2026-02-06T16:58:00+08:00,2026-02-06T17:00:04+08:00,1.2886,103.6688,C,Cloud to Cloud,2026-02-06T16:57:40.854+08:00
2026-02-07 11:58:21,2026-02-06T16:58:00+08:00,2026-02-06T17:00:04+08:00,1.2885,103.6689,C,Cloud to Cloud,2026-02-06T16:57:40.854+08:00
2026-02-07 11:58:21,2026-02-06T16:58:00+08:00,2026-02-06T17:00:04+08:00,1.2873,103.6701,C,Cloud to Cloud,2026-02-06T16:57:40.855+08:00
2026-02-07 11:58:21,2026-02-06T16:58:00+08:00,2026-02-06T17:00:04+08:00,1.2885,103.6719,C,Cloud to Cloud,2026-02-06T16:57:40.855+08:00
2026-02-07 11:58:21,2026-02-06T16:58:00+08:00,2026-02-06T17:00:04+08:00,1.2887,103.6672,C,Cloud to Cloud,2026-02-06T16:57:40.855+08:00
2026-02-07 11:58:21,2026-02-06T16:58:00+08:00,2026-02-06T17:00:04+08:00,1.261,103.678,C,Cloud to Cloud,2026-02-06T16:57:40.855+08:00
2026-02-07 11:58:21,2026-02-06T16:58:00+08:00,2026-02-06T17:00:04+08:00,1.2878,103.6712,C,Cloud to Cloud,2026-02-06T16:57:40.855+08:00
2026-02-07 11:58:21,2026-02-06T16:58:00+08:00,2026-02-06T17:00:04+08:00,1.2877,103.6723,C,Cloud to Cloud,2026-02-06T16:57:40.855+08:00
2026-02-07 11:58:21,2026-02-06T16:58:00+08:00,2026-02-06T17:00:04+08:00,1.2892,103.6693,C,Cloud to Cloud,2026-02-06T16:57:40.855+08:00
2026-02-07 11:58:21,2026-02-06T16:58:00+08:00,2026-02-06T17:00:04+08:00,1.2865,103.6657,C,Cloud to Cloud,2026-02-06T16:57:40.855+08:00
2026-02-07 11:58:21,2026-02-06T16:58:00+08:00,2026-02-06T17:00:04+08:00,1.2792,103.6621,C,Cloud to Cloud,2026-02-06T16:57:40.855+08:00
2026-02-07 11:58:21,2026-02-06T16:58:00+08:00,2026-02-06T17:00:04+08:00,1.2885,103.6715,C,Cloud to Cloud,2026-02-06T16:57:40.855+08:00
2026-02-07 11:58:21,2026-02-06T16:58:00+08:00,2026-02-06T17:00:04+08:00,1.2861,103.6744,C,Cloud to Cloud,2026-02-06T16:57:40.855+08:00
2026-02-07 11:58:21,2026-02-06T16:58:00+08:00,2026-02-06T17:00:04+08:00,1.2872,103.6703,C,Cloud to Cloud,2026-02-06T16:57:40.855+08:00
2026-02-07 11:58:21,2026-02-06T16:58:00+08:00,2026-02-06T17:00:04+08:00,1.2869,103.6708,C,Cloud to Cloud,2026-02-06T16:57:40.855+08:00
2026-02-07 11:58:21,2026-02-06T16:58:00+08:00,2026-02-06T17:00:04+08:00,1.2878,103.6663,C,Cloud to Cloud,2026-02-06T16:57:40.855+08:00
2026-02-07 11:58:21,2026-02-06T16:58:00+08:00,2026-02-06T17:00:04+08:00,1.2857,103.672,C,Cloud to Cloud,2026-02-06T16:57:40.856+08:00
2026-02-07 11:58:21,2026-02-06T16:58:00+08:00,2026-02-06T17:00:04+08:00,1.265,103.6785,C,Cloud to Cloud,2026-02-06T16:57:40.856+08:00
2026-02-07 11:58:21,2026-02-06T16:58:00+08:00,2026-02-06T17:00:04+08:00,1.2857,103.6733,C,Cloud to Cloud,2026-02-06T16:57:40.856+08:00
2026-02-07 11:58:21,2026-02-06T16:58:00+08:00,2026-02-06T17:00:04+08:00,1.2854,103.6765,C,Cloud to Cloud,2026-02-06T16:57:40.856+08:00
2026-02-07 11:58:21,2026-02-06T16:58:00+08:00,2026-02-06T17:00:04+08:00,1.2873,103.6702,C,Cloud to Cloud,2026-02-06T16:57:40.856+08:00
2026-02-07 11:58:21,2026-02-06T16:58:00+08:00,2026-02-06T17:00:04+08:00,1.2856,103.6754,C,Cloud to Cloud,2026-02-06T16:57:40.856+08:00
2026-02-07 11:58:21,2026-02-06T16:58:00+08:00,2026-02-06T17:00:04+08:00,1.2856,103.6737,C,Cloud to Cloud,2026-02-06T16:57:40.856+08:00
2026-02-07 11:58:21,2026-02-06T16:58:00+08:00,2026-02-06T17:00:04+08:00,1.285,103.6761,C,Cloud to Cloud,2026-02-06T16:57:40.856+08:00
2026-02-07 11:58:21,2026-02-06T16:58:00+08:00,2026-02-06T17:00:04+08:00,1.2853,103.6765,C,Cloud to Cloud,2026-02-06T16:57:40.856+08:00
2026-02-07 11:58:21,2026-02-06T16:58:00+08:00,2026-02-06T17:00:04+08:00,1.2842,103.6777,C,Cloud to Cloud,2026-02-06T16:57:40.856+08:00
2026-02-07 11:58:21,2026-02-06T16:58:00+08:00,2026-02-06T17:00:04+08:00,1.2835,103.6774,C,Cloud to Cloud,2026-02-06T16:57:40.856+08:00
2026-02-07 11:58:21,2026-02-06T16:58:00+08:00,2026-02-06T17:00:04+08:00,1.2845,103.6768,C,Cloud to Cloud,2026-02-06T16:57:40.857+08:00
2026-02-07 11:58:21,2026-02-06T16:58:00+08:00,2026-02-06T17:00:04+08:00,1.2834,103.6773,C,Cloud to Cloud,2026-02-06T16:57:40.857+08:00
2026-02-07 11:58:21,2026-02-06T16:58:00+08:00,2026-02-06T17:00:04+08:00,1.2788,103.6774,C,Cloud to Cloud,2026-02-06T16:57:40.857+08:00
2026-02-07 11:58:21,2026-02-06T16:58:00+08:00,2026-02-06T17:00:04+08:00,1.2829,103.6784,C,Cloud to Cloud,2026-02-06T16:57:40.857+08:00
2026-02-07 11:58:21,2026-02-06T16:58:00+08:00,2026-02-06T17:00:04+08:00,1.2834,103.6784,C,Cloud to Cloud,2026-02-06T16:57:40.857+08:00
2026-02-07 11:58:21,2026-02-06T16:58:00+08:00,2026-02-06T17:00:04+08:00,1.2826,103.6798,C,Cloud to Cloud,2026-02-06T16:57:40.857+08:00
2026-02-07 11:58:21,2026-02-06T16:58:00+08:00,2026-02-06T17:00:04+08:00,1.2832,103.677,C,Cloud to Cloud,2026-02-06T16:57:40.857+08:00
2026-02-07 11:58:21,2026-02-06T16:58:00+08:00,2026-02-06T17:00:04+08:00,1.2831,103.6794,C,Cloud to Cloud,2026-02-06T16:57:40.857+08:00
2026-02-07 11:58:21,2026-02-06T16:58:00+08:00,2026-02-06T17:00:04+08:00,1.2819,103.6803,C,Cloud to Cloud,2026-02-06T16:57:40.857+08:00
2026-02-07 11:58:21,2026-02-06T16:58:00+08:00,2026-02-06T17:00:04+08:00,1.2818,103.6796,C,Cloud to Cloud,2026-02-06T16:57:40.857+08:00
2026-02-07 11:58:21,2026-02-06T16:58:00+08:00,2026-02-06T17:00:04+08:00,1.2817,103.6794,C,Cloud to Cloud,2026-02-06T16:57:40.858+08:00
2026-02-07 11:58:21,2026-02-06T16:58:00+08:00,2026-02-06T17:00:04+08:00,1.3182,103.6526,C,Cloud to Cloud,2026-02-06T16:57:40.858+08:00
2026-02-07 11:58:21,2026-02-06T16:58:00+08:00,2026-02-06T17:00:04+08:00,1.2823,103.6804,C,Cloud to Cloud,2026-02-06T16:57:40.858+08:00
2026-02-07 11:58:21,2026-02-06T16:58:00+08:00,2026-02-06T17:00:04+08:00,1.281,103.68,C,Cloud to Cloud,2026-02-06T16:57:40.858+08:00
2026-02-07 11:58:21,2026-02-06T16:58:00+08:00,2026-02-06T17:00:04+08:00,1.2784,103.6802,C,Cloud to Cloud,2026-02-06T16:57:40.858+08:00
2026-02-07 11:58:21,2026-02-06T16:58:00+08:00,2026-02-06T17:00:04+08:00,1.2811,103.6801,C,Cloud to Cloud,2026-02-06T16:57:40.858+08:00
2026-02-07 11:58:21,2026-02-06T16:58:00+08:00,2026-02-06T17:00:04+08:00,1.2806,103.6812,C,Cloud to Cloud,2026-02-06T16:57:40.858+08:00
2026-02-07 11:58:21,2026-02-06T16:58:00+08:00,2026-02-06T17:00:04+08:00,1.2816,103.6806,C,Cloud to Cloud,2026-02-06T16:57:40.858+08:00
2026-02-07 11:58:21,2026-02-06T16:58:00+08:00,2026-02-06T17:00:04+08:00,1.2814,103.6809,C,Cloud to Cloud,2026-02-06T16:57:40.858+08:00
2026-02-07 11:58:21,2026-02-06T16:58:00+08:00,2026-02-06T17:00:04+08:00,1.2805,103.6816,C,Cloud to Cloud,2026-02-06T16:57:40.858+08:00
2026-02-07 11:58:21,2026-02-06T16:58:00+08:00,2026-02-06T17:00:04+08:00,1.2814,103.6814,C,Cloud to Cloud,2026-02-06T16:57:40.858+08:00
2026-02-07 11:58:21,2026-02-06T16:58:00+08:00,2026-02-06T17:00:04+08:00,1.2818,103.6815,C,Cloud to Cloud,2026-02-06T16:57:40.859+08:00
2026-02-07 11:58:21,2026-02-06T16:58:00+08:00,2026-02-06T17:00:04+08:00,1.2814,103.6811,C,Cloud to Cloud,2026-02-06T16:57:40.859+08:00
2026-02-07 11:58:21,2026-02-06T16:58:00+08:00,2026-02-06T17:00:04+08:00,1.2806,103.6815,C,Cloud to Cloud,2026-02-06T16:57:40.859+08:00
2026-02-07 11:58:21,2026-02-06T16:58:00+08:00,2026-02-06T17:00:04+08:00,1.2809,103.6814,C,Cloud to Cloud,2026-02-06T16:57:40.859+08:00
2026-02-07 11:58:21,2026-02-06T16:58:00+08:00,2026-02-06T17:00:04+08:00,1.2805,103.682,C,Cloud to Cloud,2026-02-06T16:57:40.859+08:00
2026-02-07 11:58:21,2026-02-06T16:58:00+08:00,2026-02-06T17:00:04+08:00,1.2809,103.6826,C,Cloud to Cloud,2026-02-06T16:57:40.859+08:00
2026-02-07 11:58:21,2026-02-06T16:58:00+08:00,2026-02-06T17:00:04+08:00,1.2802,103.6823,C,Cloud to Cloud,2026-02-06T16:57:40.859+08:00
2026-02-07 11:58:21,2026-02-06T16:58:00+08:00,2026-02-06T17:00:04+08:00,1.2803,103.6827,C,Cloud to Cloud,2026-02-06T16:57:40.859+08:00
2026-02-07 11:58:21,2026-02-06T16:58:00+08:00,2026-02-06T17:00:04+08:00,1.2806,103.6817,C,Cloud to Cloud,2026-02-06T16:57:40.859+08:00
2026-02-07 11:58:21,2026-02-06T16:58:00+08:00,2026-02-06T17:00:04+08:00,1.2806,103.6829,C,Cloud to Cloud,2026-02-06T16:57:40.859+08:00
2026-02-07 11:58:21,2026-02-06T16:58:00+08:00,2026-02-06T17:00:04+08:00,1.2815,103.684,C,Cloud to Cloud,2026-02-06T16:57:40.86+08:00
2026-02-07 11:58:21,2026-02-06T16:58:00+08:00,2026-02-06T17:00:04+08:00,1.2772,103.683,C,Cloud to Cloud,2026-02-06T16:57:40.86+08:00
2026-02-07 11:58:21,2026-02-06T16:58:00+08:00,2026-02-06T17:00:04+08:00,1.2776,103.6831,C,Cloud to Cloud,2026-02-06T16:57:40.86+08:00
2026-02-07 11:58:21,2026-02-06T16:58:00+08:00,2026-02-06T17:00:04+08:00,1.2793,103.6827,C,Cloud to Cloud,2026-02-06T16:57:40.86+08:00
2026-02-07 11:58:21,2026-02-06T16:58:00+08:00,2026-02-06T17:00:04+08:00,1.2828,103.6867,C,Cloud to Cloud,2026-02-06T16:57:40.86+08:00
2026-02-07 11:58:21,2026-02-06T16:58:00+08:00,2026-02-06T17:00:04+08:00,1.2727,103.6831,C,Cloud to Cloud,2026-02-06T16:57:40.86+08:00
2026-02-07 11:58:21,2026-02-06T16:58:00+08:00,2026-02-06T17:00:04+08:00,1.282,103.6888,C,Cloud to Cloud,2026-02-06T16:57:40.86+08:00
2026-02-07 11:58:21,2026-02-06T16:58:00+08:00,2026-02-06T17:00:04+08:00,1.2815,103.6888,C,Cloud to Cloud,2026-02-06T16:57:40.86+08:00
2026-02-07 11:58:21,2026-02-06T16:58:00+08:00,2026-02-06T17:00:04+08:00,1.2825,103.6882,C,Cloud to Cloud,2026-02-06T16:57:40.86+08:00
2026-02-07 11:58:21,2026-02-06T16:58:00+08:00,2026-02-06T17:00:04+08:00,1.2652,103.6872,C,Cloud to Cloud,2026-02-06T16:57:40.86+08:00
2026-02-07 11:58:21,2026-02-06T16:58:00+08:00,2026-02-06T17:00:04+08:00,1.2829,103.6895,C,Cloud to Cloud,2026-02-06T16:57:40.86+08:00
2026-02-07 11:58:21,2026-02-06T16:58:00+08:00,2026-02-06T17:00:04+08:00,1.2698,103.688,C,Cloud to Cloud,2026-02-06T16:57:40.86+08:00
2026-02-07 11:58:21,2026-02-06T16:58:00+08:00,2026-02-06T17:00:04+08:00,1.2828,103.69,C,Cloud to Cloud,2026-02-06T16:57:40.861+08:00
2026-02-07 11:58:21,2026-02-06T16:58:00+08:00,2026-02-06T17:00:04+08:00,1.2842,103.6902,C,Cloud to Cloud,2026-02-06T16:57:40.861+08:00
2026-02-07 11:58:21,2026-02-06T16:58:00+08:00,2026-02-06T17:00:04+08:00,1.284,103.6888,C,Cloud to Cloud,2026-02-06T16:57:40.861+08:00
2026-02-07 11:58:21,2026-02-06T16:58:00+08:00,2026-02-06T17:00:04+08:00,1.2846,103.691,C,Cloud to Cloud,2026-02-06T16:57:40.861+08:00
2026-02-07 11:58:21,2026-02-06T16:58:00+08:00,2026-02-06T17:00:04+08:00,1.285,103.6904,C,Cloud to Cloud,2026-02-06T16:57:40.861+08:00
2026-02-07 11:58:21,2026-02-06T16:58:00+08:00,2026-02-06T17:00:04+08:00,1.2833,103.6892,C,Cloud to Cloud,2026-02-06T16:57:40.861+08:00
2026-02-07 11:58:21,2026-02-06T16:58:00+08:00,2026-02-06T17:00:04+08:00,1.2835,103.6911,C,Cloud to Cloud,2026-02-06T16:57:40.861+08:00
2026-02-07 11:58:21,2026-02-06T16:58:00+08:00,2026-02-06T17:00:04+08:00,1.2655,103.681,C,Cloud to Cloud,2026-02-06T16:57:40.861+08:00
2026-02-07 11:58:21,2026-02-06T16:58:00+08:00,2026-02-06T17:00:04+08:00,1.2835,103.6911,C,Cloud to Cloud,2026-02-06T16:57:40.861+08:00
2026-02-07 11:58:21,2026-02-06T16:58:00+08:00,2026-02-06T17:00:04+08:00,1.286,103.6912,C,Cloud to Cloud,2026-02-06T16:57:40.861+08:00
2026-02-07 11:58:21,2026-02-06T16:58:00+08:00,2026-02-06T17:00:04+08:00,1.2859,103.6904,C,Cloud to Cloud,2026-02-06T16:57:40.861+08:00
2026-02-07 11:58:21,2026-02-06T16:58:00+08:00,2026-02-06T17:00:04+08:00,1.2867,103.6901,C,Cloud to Cloud,2026-02-06T16:57:40.861+08:00
2026-02-07 11:58:21,2026-02-06T16:58:00+08:00,2026-02-06T17:00:04+08:00,1.287,103.6909,C,Cloud to Cloud,2026-02-06T16:57:40.862+08:00
2026-02-07 11:58:21,2026-02-06T16:58:00+08:00,2026-02-06T17:00:04+08:00,1.2864,103.6903,C,Cloud to Cloud,2026-02-06T16:57:40.862+08:00
2026-02-07 11:58:21,2026-02-06T16:58:00+08:00,2026-02-06T17:00:04+08:00,1.2902,103.684,C,Cloud to Cloud,2026-02-06T16:57:40.862+08:00
2026-02-07 11:58:21,2026-02-06T16:58:00+08:00,2026-02-06T17:00:04+08:00,1.2884,103.6916,C,Cloud to Cloud,2026-02-06T16:57:40.862+08:00
2026-02-07 11:58:21,2026-02-06T16:58:00+08:00,2026-02-06T17:00:04+08:00,1.2876,103.6922,C,Cloud to Cloud,2026-02-06T16:57:40.862+08:00
2026-02-07 11:58:21,2026-02-06T16:58:00+08:00,2026-02-06T17:00:04+08:00,1.2863,103.6914,C,Cloud to Cloud,2026-02-06T16:57:40.862+08:00
2026-02-07 11:58:21,2026-02-06T16:58:00+08:00,2026-02-06T17:00:04+08:00,1.287,103.692,C,Cloud to Cloud,2026-02-06T16:57:40.862+08:00
2026-02-07 11:58:21,2026-02-06T16:58:00+08:00,2026-02-06T17:00:04+08:00,1.2865,103.6921,C,Cloud to Cloud,2026-02-06T16:57:40.862+08:00
2026-02-07 11:58:21,2026-02-06T16:58:00+08:00,2026-02-06T17:00:04+08:00,1.2875,103.6928,C,Cloud to Cloud,2026-02-06T16:57:40.862+08:00
2026-02-07 11:58:21,2026-02-06T16:58:00+08:00,2026-02-06T17:00:04+08:00,1.2881,103.6924,C,Cloud to Cloud,2026-02-06T16:57:40.862+08:00
2026-02-07 11:58:21,2026-02-06T16:58:00+08:00,2026-02-06T17:00:04+08:00,1.2877,103.693,C,Cloud to Cloud,2026-02-06T16:57:40.863+08:00
2026-02-07 11:58:21,2026-02-06T16:58:00+08:00,2026-02-06T17:00:04+08:00,1.273,103.6915,C,Cloud to Cloud,2026-02-06T16:57:40.863+08:00
2026-02-07 11:58:21,2026-02-06T16:58:00+08:00,2026-02-06T17:00:04+08:00,1.2878,103.693,C,Cloud to Cloud,2026-02-06T16:57:40.863+08:00
2026-02-07 11:58:21,2026-02-06T16:58:00+08:00,2026-02-06T17:00:04+08:00,1.2885,103.6937,C,Cloud to Cloud,2026-02-06T16:57:40.863+08:00
2026-02-07 11:58:21,2026-02-06T16:58:00+08:00,2026-02-06T17:00:04+08:00,1.2888,103.6932,C,Cloud to Cloud,2026-02-06T16:57:40.863+08:00
2026-02-07 11:58:21,2026-02-06T16:58:00+08:00,2026-02-06T17:00:04+08:00,1.2873,103.6934,C,Cloud to Cloud,2026-02-06T16:57:40.863+08:00
2026-02-07 11:58:21,2026-02-06T16:58:00+08:00,2026-02-06T17:00:04+08:00,1.2877,103.6931,C,Cloud to Cloud,2026-02-06T16:57:40.863+08:00
2026-02-07 11:58:21,2026-02-06T16:58:00+08:00,2026-02-06T17:00:04+08:00,1.2883,103.6935,C,Cloud to Cloud,2026-02-06T16:57:40.863+08:00
2026-02-07 11:58:21,2026-02-06T16:58:00+08:00,2026-02-06T17:00:04+08:00,1.2869,103.6924,C,Cloud to Cloud,2026-02-06T16:57:40.863+08:00
2026-02-07 11:58:21,2026-02-06T16:58:00+08:00,2026-02-06T17:00:04+08:00,1.2882,103.694,C,Cloud to Cloud,2026-02-06T16:57:40.863+08:00
2026-02-07 11:58:21,2026-02-06T16:58:00+08:00,2026-02-06T17:00:04+08:00,1.2872,103.6945,C,Cloud to Cloud,2026-02-06T16:57:40.864+08:00
2026-02-07 11:58:21,2026-02-06T16:58:00+08:00,2026-02-06T17:00:04+08:00,1.2879,103.6939,C,Cloud to Cloud,2026-02-06T16:57:40.864+08:00
2026-02-07 11:58:21,2026-02-06T16:58:00+08:00,2026-02-06T17:00:04+08:00,1.2886,103.6936,C,Cloud to Cloud,2026-02-06T16:57:40.864+08:00
2026-02-07 11:58:21,2026-02-06T16:58:00+08:00,2026-02-06T17:00:04+08:00,1.2882,103.6936,C,Cloud to Cloud,2026-02-06T16:57:40.864+08:00
2026-02-07 11:58:21,2026-02-06T16:58:00+08:00,2026-02-06T17:00:04+08:00,1.2856,103.693,C,Cloud to Cloud,2026-02-06T16:57:40.864+08:00
2026-02-07 11:58:21,2026-02-06T16:58:00+08:00,2026-02-06T17:00:04+08:00,1.2852,103.6959,C,Cloud to Cloud,2026-02-06T16:57:40.864+08:00
2026-02-07 11:58:21,2026-02-06T16:58:00+08:00,2026-02-06T17:00:04+08:00,1.2882,103.6935,C,Cloud to Cloud,2026-02-06T16:57:40.864+08:00
2026-02-07 11:58:21,2026-02-06T16:58:00+08:00,2026-02-06T17:00:04+08:00,1.2868,103.6926,C,Cloud to Cloud,2026-02-06T16:57:40.864+08:00
2026-02-07 11:58:21,2026-02-06T16:58:00+08:00,2026-02-06T17:00:04+08:00,1.2878,103.6936,C,Cloud to Cloud,2026-02-06T16:57:40.864+08:00
2026-02-07 11:58:21,2026-02-06T16:58:00+08:00,2026-02-06T17:00:04+08:00,1.2886,103.6964,C,Cloud to Cloud,2026-02-06T16:57:40.864+08:00
2026-02-07 11:58:21,2026-02-06T16:58:00+08:00,2026-02-06T17:00:04+08:00,1.2876,103.6941,C,Cloud to Cloud,2026-02-06T16:57:40.865+08:00
2026-02-07 11:58:21,2026-02-06T16:58:00+08:00,2026-02-06T17:00:04+08:00,1.2853,103.6961,C,Cloud to Cloud,2026-02-06T16:57:40.865+08:00
2026-02-07 11:58:21,2026-02-06T16:58:00+08:00,2026-02-06T17:00:04+08:00,1.287,103.697,C,Cloud to Cloud,2026-02-06T16:57:40.865+08:00
2026-02-07 11:58:21,2026-02-06T16:58:00+08:00,2026-02-06T17:00:04+08:00,1.2885,103.6962,C,Cloud to Cloud,2026-02-06T16:57:40.865+08:00
2026-02-07 11:58:21,2026-02-06T16:58:00+08:00,2026-02-06T17:00:04+08:00,1.2871,103.6923,C,Cloud to Cloud,2026-02-06T16:57:40.865+08:00
2026-02-07 11:58:21,2026-02-06T16:58:00+08:00,2026-02-06T17:00:04+08:00,1.2843,103.6933,C,Cloud to Cloud,2026-02-06T16:57:40.865+08:00
2026-02-07 11:58:21,2026-02-06T16:58:00+08:00,2026-02-06T17:00:04+08:00,1.2881,103.6935,C,Cloud to Cloud,2026-02-06T16:57:40.865+08:00
2026-02-07 11:58:21,2026-02-06T16:58:00+08:00,2026-02-06T17:00:04+08:00,1.2874,103.695,C,Cloud to Cloud,2026-02-06T16:57:40.865+08:00
2026-02-07 11:58:21,2026-02-06T16:58:00+08:00,2026-02-06T17:00:04+08:00,1.2809,103.7126,C,Cloud to Cloud,2026-02-06T16:57:40.865+08:00
2026-02-07 11:58:21,2026-02-06T16:58:00+08:00,2026-02-06T17:00:04+08:00,1.2854,103.7028,C,Cloud to Cloud,2026-02-06T16:57:40.865+08:00
2026-02-07 11:58:21,2026-02-06T16:58:00+08:00,2026-02-06T17:00:04+08:00,1.2879,103.6946,C,Cloud to Cloud,2026-02-06T16:57:40.866+08:00
2026-02-07 11:58:21,2026-02-06T16:58:00+08:00,2026-02-06T17:00:04+08:00,1.2881,103.6951,C,Cloud to Cloud,2026-02-06T16:57:40.866+08:00
2026-02-07 11:58:21,2026-02-06T16:58:00+08:00,2026-02-06T17:00:04+08:00,1.2824,103.7151,C,Cloud to Cloud,2026-02-06T16:57:40.866+08:00
2026-02-07 11:58:21,2026-02-06T16:58:00+08:00,2026-02-06T17:00:04+08:00,1.2817,103.7169,C,Cloud to Cloud,2026-02-06T16:57:40.866+08:00
2026-02-07 11:58:21,2026-02-06T16:58:00+08:00,2026-02-06T17:00:04+08:00,1.274,103.6985,C,Cloud to Cloud,2026-02-06T16:57:40.866+08:00
2026-02-07 11:58:21,2026-02-06T16:58:00+08:00,2026-02-06T17:00:04+08:00,1.5923,103.3849,C,Cloud to Cloud,2026-02-06T16:57:44.635+08:00
2026-02-07 11:58:21,2026-02-06T16:58:00+08:00,2026-02-06T17:00:04+08:00,1.5779,103.4354,C,Cloud to Cloud,2026-02-06T16:57:44.635+08:00
2026-02-07 11:58:21,2026-02-06T16:58:00+08:00,2026-02-06T17:00:04+08:00,1.5464,103.4785,C,Cloud to Cloud,2026-02-06T16:57:44.692+08:00
2026-02-07 11:58:21,2026-02-06T16:58:00+08:00,2026-02-06T17:00:04+08:00,1.5121,103.4857,C,Cloud to Cloud,2026-02-06T16:57:44.738+08:00
2026-02-07 11:58:21,2026-02-06T16:58:00+08:00,2026-02-06T17:00:04+08:00,1.455,103.5675,C,Cloud to Cloud,2026-02-06T16:57:44.739+08:00
2026-02-07 11:58:21,2026-02-06T16:58:00+08:00,2026-02-06T17:00:04+08:00,1.4601,103.563,C,Cloud to Cloud,2026-02-06T16:57:44.739+08:00
2026-02-07 11:58:21,2026-02-06T16:58:00+08:00,2026-02-06T17:00:04+08:00,1.4587,103.565,C,Cloud to Cloud,2026-02-06T16:57:44.74+08:00
2026-02-07 11:58:21,2026-02-06T16:58:00+08:00,2026-02-06T17:00:04+08:00,1.5067,103.4964,C,Cloud to Cloud,2026-02-06T16:57:44.74+08:00
2026-02-07 11:58:21,2026-02-06T16:58:00+08:00,2026-02-06T17:00:04+08:00,1.4987,103.5047,C,Cloud to Cloud,2026-02-06T16:57:44.74+08:00
2026-02-07 11:58:21,2026-02-06T16:58:00+08:00,2026-02-06T17:00:04+08:00,1.4696,103.5498,C,Cloud to Cloud,2026-02-06T16:57:44.74+08:00
2026-02-07 11:58:21,2026-02-06T16:58:00+08:00,2026-02-06T17:00:04+08:00,1.5029,103.5003,C,Cloud to Cloud,2026-02-06T16:57:44.741+08:00
2026-02-07 11:58:21,2026-02-06T16:58:00+08:00,2026-02-06T17:00:04+08:00,1.5061,103.4989,C,Cloud to Cloud,2026-02-06T16:57:44.741+08:00
2026-02-07 11:58:21,2026-02-06T16:58:00+08:00,2026-02-06T17:00:04+08:00,1.4941,103.5136,C,Cloud to Cloud,2026-02-06T16:57:44.741+08:00
2026-02-07 11:58:21,2026-02-06T16:58:00+08:00,2026-02-06T17:00:04+08:00,1.5044,103.4982,C,Cloud to Cloud,2026-02-06T16:57:44.741+08:00
2026-02-07 11:58:21,2026-02-06T16:58:00+08:00,2026-02-06T17:00:04+08:00,1.4977,103.5134,C,Cloud to Cloud,2026-02-06T16:57:44.741+08:00
2026-02-07 11:58:21,2026-02-06T16:58:00+08:00,2026-02-06T17:00:04+08:00,1.4986,103.5109,C,Cloud to Cloud,2026-02-06T16:57:44.741+08:00
2026-02-07 11:58:21,2026-02-06T16:58:00+08:00,2026-02-06T17:00:04+08:00,1.4924,103.5193,C,Cloud to Cloud,2026-02-06T16:57:44.742+08:00
2026-02-07 11:58:21,2026-02-06T16:58:00+08:00,2026-02-06T17:00:04+08:00,1.503,103.5017,C,Cloud to Cloud,2026-02-06T16:57:44.742+08:00
2026-02-07 11:58:21,2026-02-06T16:58:00+08:00,2026-02-06T17:00:04+08:00,1.496,103.52,C,Cloud to Cloud,2026-02-06T16:57:44.742+08:00
2026-02-07 11:58:21,2026-02-06T16:58:00+08:00,2026-02-06T17:00:04+08:00,1.4988,103.5134,C,Cloud to Cloud,2026-02-06T16:57:44.743+08:00
2026-02-07 11:58:21,2026-02-06T16:58:00+08:00,2026-02-06T17:00:04+08:00,1.4967,103.5233,C,Cloud to Cloud,2026-02-06T16:57:44.744+08:00
2026-02-07 11:58:21,2026-02-06T16:58:00+08:00,2026-02-06T17:00:04+08:00,1.4995,103.5166,C,Cloud to Cloud,2026-02-06T16:57:44.745+08:00
2026-02-07 11:58:21,2026-02-06T16:58:00+08:00,2026-02-06T17:00:04+08:00,1.5404,103.5201,C,Cloud to Cloud,2026-02-06T16:57:44.9+08:00
2026-02-07 11:58:21,2026-02-06T16:58:00+08:00,2026-02-06T17:00:04+08:00,1.5249,103.5355,C,Cloud to Cloud,2026-02-06T16:57:44.93+08:00
2026-02-07 11:58:21,2026-02-06T16:56:00+08:00,2026-02-06T16:58:02+08:00,1.28,103.6626,C,Cloud to Cloud,2026-02-06T16:54:00.759+08:00
2026-02-07 11:58:21,2026-02-06T16:56:00+08:00,2026-02-06T16:58:02+08:00,1.2755,103.6865,C,Cloud to Cloud,2026-02-06T16:54:00.759+08:00
2026-02-07 11:58:21,2026-02-06T16:56:00+08:00,2026-02-06T16:58:02+08:00,1.2551,103.7243,C,Cloud to Cloud,2026-02-06T16:54:00.76+08:00
2026-02-07 11:58:21,2026-02-06T16:56:00+08:00,2026-02-06T16:58:02+08:00,1.2358,103.6716,C,Cloud to Cloud,2026-02-06T16:54:00.786+08:00
2026-02-07 11:58:21,2026-02-06T16:56:00+08:00,2026-02-06T16:58:02+08:00,1.2666,103.6505,C,Cloud to Cloud,2026-02-06T16:54:00.819+08:00
2026-02-07 11:58:21,2026-02-06T16:56:00+08:00,2026-02-06T16:58:02+08:00,1.2192,103.6379,C,Cloud to Cloud,2026-02-06T16:54:00.824+08:00
2026-02-07 11:58:21,2026-02-06T16:56:00+08:00,2026-02-06T16:58:02+08:00,1.2331,103.638,C,Cloud to Cloud,2026-02-06T16:54:00.857+08:00
2026-02-07 11:58:21,2026-02-06T16:56:00+08:00,2026-02-06T16:58:02+08:00,1.3131,103.705,C,Cloud to Cloud,2026-02-06T16:54:00.86+08:00
2026-02-07 11:58:21,2026-02-06T16:56:00+08:00,2026-02-06T16:58:02+08:00,1.1937,103.6261,C,Cloud to Cloud,2026-02-06T16:54:00.873+08:00
2026-02-07 11:58:21,2026-02-06T16:56:00+08:00,2026-02-06T16:58:02+08:00,1.2774,103.6771,C,Cloud to Cloud,2026-02-06T16:54:00.936+08:00
2026-02-07 11:58:21,2026-02-06T16:56:00+08:00,2026-02-06T16:58:02+08:00,1.2769,103.6768,C,Cloud to Cloud,2026-02-06T16:54:00.936+08:00
2026-02-07 11:58:21,2026-02-06T16:56:00+08:00,2026-02-06T16:58:02+08:00,1.2758,103.6748,C,Cloud to Cloud,2026-02-06T16:54:00.936+08:00
2026-02-07 11:58:21,2026-02-06T16:56:00+08:00,2026-02-06T16:58:02+08:00,1.2818,103.6816,C,Cloud to Cloud,2026-02-06T16:54:00.948+08:00
2026-02-07 11:58:21,2026-02-06T16:56:00+08:00,2026-02-06T16:58:02+08:00,1.2207,103.6465,C,Cloud to Cloud,2026-02-06T16:54:00.948+08:00
2026-02-07 11:58:21,2026-02-06T16:56:00+08:00,2026-02-06T16:58:02+08:00,1.301,103.706,C,Cloud to Cloud,2026-02-06T16:54:00.972+08:00
2026-02-07 11:58:21,2026-02-06T16:56:00+08:00,2026-02-06T16:58:02+08:00,1.2999,103.7058,C,Cloud to Cloud,2026-02-06T16:54:00.973+08:00
2026-02-07 11:58:21,2026-02-06T16:56:00+08:00,2026-02-06T16:58:02+08:00,1.3004,103.7065,C,Cloud to Cloud,2026-02-06T16:54:00.973+08:00
2026-02-07 11:58:21,2026-02-06T16:56:00+08:00,2026-02-06T16:58:02+08:00,1.3014,103.7055,C,Cloud to Cloud,2026-02-06T16:54:00.973+08:00
2026-02-07 11:58:21,2026-02-06T16:56:00+08:00,2026-02-06T16:58:02+08:00,1.3031,103.7002,C,Cloud to Cloud,2026-02-06T16:54:00.974+08:00
2026-02-07 11:58:21,2026-02-06T16:56:00+08:00,2026-02-06T16:58:02+08:00,1.3005,103.7049,C,Cloud to Cloud,2026-02-06T16:54:00.974+08:00
2026-02-07 11:58:21,2026-02-06T16:56:00+08:00,2026-02-06T16:58:02+08:00,1.2939,103.7265,C,Cloud to Cloud,2026-02-06T16:54:00.98+08:00
2026-02-07 11:58:21,2026-02-06T16:56:00+08:00,2026-02-06T16:58:02+08:00,1.2987,103.6971,C,Cloud to Cloud,2026-02-06T16:54:00.98+08:00
2026-02-07 11:58:21,2026-02-06T16:56:00+08:00,2026-02-06T16:58:02+08:00,1.2967,103.6972,C,Cloud to Cloud,2026-02-06T16:54:00.98+08:00
2026-02-07 11:58:21,2026-02-06T16:56:00+08:00,2026-02-06T16:58:02+08:00,1.2974,103.6966,C,Cloud to Cloud,2026-02-06T16:54:00.98+08:00
2026-02-07 11:58:21,2026-02-06T16:56:00+08:00,2026-02-06T16:58:02+08:00,1.2875,103.6973,C,Cloud to Cloud,2026-02-06T16:54:00.98+08:00
2026-02-07 11:58:21,2026-02-06T16:56:00+08:00,2026-02-06T16:58:02+08:00,1.275,103.6876,C,Cloud to Cloud,2026-02-06T16:54:00.981+08:00
2026-02-07 11:58:21,2026-02-06T16:56:00+08:00,2026-02-06T16:58:02+08:00,1.2804,103.6885,C,Cloud to Cloud,2026-02-06T16:54:00.981+08:00
2026-02-07 11:58:21,2026-02-06T16:56:00+08:00,2026-02-06T16:58:02+08:00,1.2988,103.6977,C,Cloud to Cloud,2026-02-06T16:54:00.981+08:00
2026-02-07 11:58:21,2026-02-06T16:56:00+08:00,2026-02-06T16:58:02+08:00,1.2979,103.6972,C,Cloud to Cloud,2026-02-06T16:54:00.981+08:00
2026-02-07 11:58:21,2026-02-06T16:56:00+08:00,2026-02-06T16:58:02+08:00,1.2995,103.6964,C,Cloud to Cloud,2026-02-06T16:54:00.981+08:00
2026-02-07 11:58:21,2026-02-06T16:56:00+08:00,2026-02-06T16:58:02+08:00,1.2997,103.6974,C,Cloud to Cloud,2026-02-06T16:54:00.981+08:00
2026-02-07 11:58:21,2026-02-06T16:56:00+08:00,2026-02-06T16:58:02+08:00,1.2983,103.6967,C,Cloud to Cloud,2026-02-06T16:54:00.981+08:00
2026-02-07 11:58:21,2026-02-06T16:56:00+08:00,2026-02-06T16:58:02+08:00,1.2985,103.6965,C,Cloud to Cloud,2026-02-06T16:54:00.981+08:00
2026-02-07 11:58:21,2026-02-06T16:56:00+08:00,2026-02-06T16:58:02+08:00,1.3002,103.6954,C,Cloud to Cloud,2026-02-06T16:54:00.981+08:00
2026-02-07 11:58:21,2026-02-06T16:56:00+08:00,2026-02-06T16:58:02+08:00,1.2995,103.6952,C,Cloud to Cloud,2026-02-06T16:54:00.982+08:00
2026-02-07 11:58:21,2026-02-06T16:56:00+08:00,2026-02-06T16:58:02+08:00,1.2984,103.6954,C,Cloud to Cloud,2026-02-06T16:54:00.982+08:00
2026-02-07 11:58:21,2026-02-06T16:56:00+08:00,2026-02-06T16:58:02+08:00,1.2989,103.6968,C,Cloud to Cloud,2026-02-06T16:54:00.982+08:00
2026-02-07 11:58:21,2026-02-06T16:56:00+08:00,2026-02-06T16:58:02+08:00,1.2981,103.697,C,Cloud to Cloud,2026-02-06T16:54:00.982+08:00
2026-02-07 11:58:21,2026-02-06T16:56:00+08:00,2026-02-06T16:58:02+08:00,1.2976,103.695,C,Cloud to Cloud,2026-02-06T16:54:00.982+08:00
2026-02-07 11:58:21,2026-02-06T16:56:00+08:00,2026-02-06T16:58:02+08:00,1.2963,103.6963,C,Cloud to Cloud,2026-02-06T16:54:00.982+08:00
2026-02-07 11:58:21,2026-02-06T16:56:00+08:00,2026-02-06T16:58:02+08:00,1.2973,103.6963,C,Cloud to Cloud,2026-02-06T16:54:00.982+08:00
2026-02-07 11:58:21,2026-02-06T16:56:00+08:00,2026-02-06T16:58:02+08:00,1.2971,103.6973,C,Cloud to Cloud,2026-02-06T16:54:00.982+08:00
2026-02-07 11:58:21,2026-02-06T16:56:00+08:00,2026-02-06T16:58:02+08:00,1.2997,103.699,C,Cloud to Cloud,2026-02-06T16:54:00.982+08:00
2026-02-07 11:58:21,2026-02-06T16:56:00+08:00,2026-02-06T16:58:02+08:00,1.2995,103.696,C,Cloud to Cloud,2026-02-06T16:54:00.982+08:00
2026-02-07 11:58:21,2026-02-06T16:56:00+08:00,2026-02-06T16:58:02+08:00,1.2943,103.6942,C,Cloud to Cloud,2026-02-06T16:54:00.983+08:00
2026-02-07 11:58:21,2026-02-06T16:56:00+08:00,2026-02-06T16:58:02+08:00,1.2912,103.6948,C,Cloud to Cloud,2026-02-06T16:54:00.983+08:00
2026-02-07 11:58:21,2026-02-06T16:56:00+08:00,2026-02-06T16:58:02+08:00,1.3004,103.6954,C,Cloud to Cloud,2026-02-06T16:54:00.983+08:00
2026-02-07 11:58:21,2026-02-06T16:56:00+08:00,2026-02-06T16:58:02+08:00,1.2983,103.7024,C,Cloud to Cloud,2026-02-06T16:54:00.983+08:00
2026-02-07 11:58:21,2026-02-06T16:56:00+08:00,2026-02-06T16:58:02+08:00,1.2961,103.6944,C,Cloud to Cloud,2026-02-06T16:54:00.983+08:00
2026-02-07 11:58:21,2026-02-06T16:56:00+08:00,2026-02-06T16:58:02+08:00,1.2918,103.695,C,Cloud to Cloud,2026-02-06T16:54:00.983+08:00
2026-02-07 11:58:21,2026-02-06T16:56:00+08:00,2026-02-06T16:58:02+08:00,1.2933,103.6934,C,Cloud to Cloud,2026-02-06T16:54:00.983+08:00
2026-02-07 11:58:21,2026-02-06T16:56:00+08:00,2026-02-06T16:58:02+08:00,1.2938,103.6923,C,Cloud to Cloud,2026-02-06T16:54:00.983+08:00
2026-02-07 11:58:21,2026-02-06T16:56:00+08:00,2026-02-06T16:58:02+08:00,1.2911,103.6915,C,Cloud to Cloud,2026-02-06T16:54:00.983+08:00
2026-02-07 11:58:21,2026-02-06T16:56:00+08:00,2026-02-06T16:58:02+08:00,1.2932,103.693,C,Cloud to Cloud,2026-02-06T16:54:00.983+08:00
2026-02-07 11:58:21,2026-02-06T16:56:00+08:00,2026-02-06T16:58:02+08:00,1.2745,103.6897,C,Cloud to Cloud,2026-02-06T16:54:00.984+08:00
2026-02-07 11:58:21,2026-02-06T16:56:00+08:00,2026-02-06T16:58:02+08:00,1.2889,103.6908,C,Cloud to Cloud,2026-02-06T16:54:00.984+08:00
2026-02-07 11:58:21,2026-02-06T16:56:00+08:00,2026-02-06T16:58:02+08:00,1.2882,103.6899,C,Cloud to Cloud,2026-02-06T16:54:00.984+08:00
2026-02-07 11:58:21,2026-02-06T16:56:00+08:00,2026-02-06T16:58:02+08:00,1.2931,103.6909,C,Cloud to Cloud,2026-02-06T16:54:00.984+08:00
2026-02-07 11:58:21,2026-02-06T16:56:00+08:00,2026-02-06T16:58:02+08:00,1.2925,103.6931,C,Cloud to Cloud,2026-02-06T16:54:00.984+08:00
2026-02-07 11:58:21,2026-02-06T16:56:00+08:00,2026-02-06T16:58:02+08:00,1.2799,103.6881,C,Cloud to Cloud,2026-02-06T16:54:00.984+08:00
2026-02-07 11:58:21,2026-02-06T16:56:00+08:00,2026-02-06T16:58:02+08:00,1.2805,103.6891,C,Cloud to Cloud,2026-02-06T16:54:00.984+08:00
2026-02-07 11:58:21,2026-02-06T16:56:00+08:00,2026-02-06T16:58:02+08:00,1.2784,103.6877,C,Cloud to Cloud,2026-02-06T16:54:00.984+08:00
2026-02-07 11:58:21,2026-02-06T16:56:00+08:00,2026-02-06T16:58:02+08:00,1.2682,103.6856,C,Cloud to Cloud,2026-02-06T16:54:00.984+08:00
2026-02-07 11:58:21,2026-02-06T16:56:00+08:00,2026-02-06T16:58:02+08:00,1.2773,103.6886,C,Cloud to Cloud,2026-02-06T16:54:00.984+08:00
2026-02-07 11:58:21,2026-02-06T16:56:00+08:00,2026-02-06T16:58:02+08:00,1.276,103.688,C,Cloud to Cloud,2026-02-06T16:54:00.985+08:00
2026-02-07 11:58:21,2026-02-06T16:56:00+08:00,2026-02-06T16:58:02+08:00,1.2808,103.6899,C,Cloud to Cloud,2026-02-06T16:54:00.985+08:00
2026-02-07 11:58:21,2026-02-06T16:56:00+08:00,2026-02-06T16:58:02+08:00,1.2694,103.6861,C,Cloud to Cloud,2026-02-06T16:54:00.985+08:00
2026-02-07 11:58:21,2026-02-06T16:56:00+08:00,2026-02-06T16:58:02+08:00,1.2739,103.6867,C,Cloud to Cloud,2026-02-06T16:54:00.985+08:00
2026-02-07 11:58:21,2026-02-06T16:56:00+08:00,2026-02-06T16:58:02+08:00,1.2746,103.6858,C,Cloud to Cloud,2026-02-06T16:54:00.985+08:00
2026-02-07 11:58:21,2026-02-06T16:56:00+08:00,2026-02-06T16:58:02+08:00,1.272,103.6866,C,Cloud to Cloud,2026-02-06T16:54:00.985+08:00
2026-02-07 11:58:21,2026-02-06T16:56:00+08:00,2026-02-06T16:58:02+08:00,1.2786,103.6874,C,Cloud to Cloud,2026-02-06T16:54:00.985+08:00
2026-02-07 11:58:21,2026-02-06T16:56:00+08:00,2026-02-06T16:58:02+08:00,1.2702,103.6873,C,Cloud to Cloud,2026-02-06T16:54:00.985+08:00
2026-02-07 11:58:21,2026-02-06T16:56:00+08:00,2026-02-06T16:58:02+08:00,1.275,103.685,C,Cloud to Cloud,2026-02-06T16:54:00.986+08:00
2026-02-07 11:58:21,2026-02-06T16:56:00+08:00,2026-02-06T16:58:02+08:00,1.2766,103.6876,C,Cloud to Cloud,2026-02-06T16:54:00.986+08:00
2026-02-07 11:58:21,2026-02-06T16:56:00+08:00,2026-02-06T16:58:02+08:00,1.2799,103.6865,C,Cloud to Cloud,2026-02-06T16:54:00.986+08:00
2026-02-07 11:58:21,2026-02-06T16:56:00+08:00,2026-02-06T16:58:02+08:00,1.2743,103.6848,C,Cloud to Cloud,2026-02-06T16:54:00.986+08:00
2026-02-07 11:58:21,2026-02-06T16:56:00+08:00,2026-02-06T16:58:02+08:00,1.2769,103.6851,C,Cloud to Cloud,2026-02-06T16:54:00.986+08:00
2026-02-07 11:58:21,2026-02-06T16:56:00+08:00,2026-02-06T16:58:02+08:00,1.2675,103.6805,C,Cloud to Cloud,2026-02-06T16:54:00.987+08:00
2026-02-07 11:58:21,2026-02-06T16:56:00+08:00,2026-02-06T16:58:02+08:00,1.2916,103.6871,C,Cloud to Cloud,2026-02-06T16:54:01.103+08:00
2026-02-07 11:58:21,2026-02-06T16:56:00+08:00,2026-02-06T16:58:02+08:00,1.2879,103.6824,C,Cloud to Cloud,2026-02-06T16:54:01.103+08:00
2026-02-07 11:58:21,2026-02-06T16:56:00+08:00,2026-02-06T16:58:02+08:00,1.2673,103.665,C,Cloud to Cloud,2026-02-06T16:54:01.103+08:00
2026-02-07 11:58:21,2026-02-06T16:56:00+08:00,2026-02-06T16:58:02+08:00,1.2872,103.6762,C,Cloud to Cloud,2026-02-06T16:54:01.103+08:00
2026-02-07 11:58:21,2026-02-06T16:56:00+08:00,2026-02-06T16:58:02+08:00,1.239,103.6297,C,Cloud to Cloud,2026-02-06T16:55:07.746+08:00
2026-02-07 11:58:21,2026-02-06T16:56:00+08:00,2026-02-06T16:58:02+08:00,1.4446,103.6467,C,Cloud to Cloud,2026-02-06T16:55:48.055+08:00
2026-02-07 11:58:21,2026-02-06T16:56:00+08:00,2026-02-06T16:58:02+08:00,1.3317,103.7323,C,Cloud to Cloud,2026-02-06T16:55:56.025+08:00
2026-02-07 11:58:21,2026-02-06T16:54:00+08:00,2026-02-06T16:56:03+08:00,1.293,103.6841,C,Cloud to Cloud,2026-02-06T16:52:23.37+08:00
2026-02-07 11:58:21,2026-02-06T16:54:00+08:00,2026-02-06T16:56:03+08:00,1.2967,103.6787,C,Cloud to Cloud,2026-02-06T16:52:23.37+08:00
2026-02-07 11:58:21,2026-02-06T16:54:00+08:00,2026-02-06T16:56:03+08:00,1.2801,103.6862,C,Cloud to Cloud,2026-02-06T16:52:23.37+08:00
2026-02-07 11:58:21,2026-02-06T16:54:00+08:00,2026-02-06T16:56:03+08:00,1.295,103.6787,C,Cloud to Cloud,2026-02-06T16:52:23.37+08:00
2026-02-07 11:58:21,2026-02-06T16:54:00+08:00,2026-02-06T16:56:03+08:00,1.2927,103.6852,C,Cloud to Cloud,2026-02-06T16:52:23.37+08:00
2026-02-07 11:58:21,2026-02-06T16:54:00+08:00,2026-02-06T16:56:03+08:00,1.2927,103.6852,C,Cloud to Cloud,2026-02-06T16:52:23.37+08:00
2026-02-07 11:58:21,2026-02-06T16:54:00+08:00,2026-02-06T16:56:03+08:00,1.293,103.6865,C,Cloud to Cloud,2026-02-06T16:52:23.371+08:00
2026-02-07 11:58:21,2026-02-06T16:54:00+08:00,2026-02-06T16:56:03+08:00,1.293,103.6865,C,Cloud to Cloud,2026-02-06T16:52:23.371+08:00
2026-02-07 11:58:21,2026-02-06T16:54:00+08:00,2026-02-06T16:56:03+08:00,1.2937,103.6858,C,Cloud to Cloud,2026-02-06T16:52:23.371+08:00
2026-02-07 11:58:21,2026-02-06T16:54:00+08:00,2026-02-06T16:56:03+08:00,1.2931,103.6878,C,Cloud to Cloud,2026-02-06T16:52:23.371+08:00
2026-02-07 11:58:21,2026-02-06T16:54:00+08:00,2026-02-06T16:56:03+08:00,1.2726,103.6666,C,Cloud to Cloud,2026-02-06T16:52:23.371+08:00
2026-02-07 11:58:21,2026-02-06T16:54:00+08:00,2026-02-06T16:56:03+08:00,1.2933,103.6938,C,Cloud to Cloud,2026-02-06T16:52:23.372+08:00
2026-02-07 11:58:21,2026-02-06T16:54:00+08:00,2026-02-06T16:56:03+08:00,1.2733,103.6386,C,Cloud to Cloud,2026-02-06T16:52:23.372+08:00
2026-02-07 11:58:21,2026-02-06T16:54:00+08:00,2026-02-06T16:56:03+08:00,1.294,103.6933,C,Cloud to Cloud,2026-02-06T16:52:23.372+08:00
2026-02-07 11:58:21,2026-02-06T16:54:00+08:00,2026-02-06T16:56:03+08:00,1.2376,103.6051,C,Cloud to Cloud,2026-02-06T16:52:23.38+08:00
2026-02-07 11:58:21,2026-02-06T16:54:00+08:00,2026-02-06T16:56:03+08:00,1.5728,103.4444,C,Cloud to Cloud,2026-02-06T16:52:25.85+08:00
2026-02-07 11:58:21,2026-02-06T16:54:00+08:00,2026-02-06T16:56:03+08:00,1.6441,103.352,C,Cloud to Cloud,2026-02-06T16:52:25.85+08:00
2026-02-07 11:58:21,2026-02-06T16:54:00+08:00,2026-02-06T16:56:03+08:00,1.6441,103.352,C,Cloud to Cloud,2026-02-06T16:52:25.85+08:00
2026-02-07 11:58:21,2026-02-06T16:54:00+08:00,2026-02-06T16:56:03+08:00,1.6413,103.3563,C,Cloud to Cloud,2026-02-06T16:52:25.851+08:00
2026-02-07 11:58:21,2026-02-06T16:54:00+08:00,2026-02-06T16:56:03+08:00,1.6202,103.3836,C,Cloud to Cloud,2026-02-06T16:52:25.851+08:00
2026-02-07 11:58:21,2026-02-06T16:54:00+08:00,2026-02-06T16:56:03+08:00,1.5704,103.4595,C,Cloud to Cloud,2026-02-06T16:52:25.851+08:00
2026-02-07 11:58:21,2026-02-06T16:54:00+08:00,2026-02-06T16:56:03+08:00,1.5719,103.4706,C,Cloud to Cloud,2026-02-06T16:52:33.891+08:00
2026-02-07 11:58:21,2026-02-06T16:54:00+08:00,2026-02-06T16:56:03+08:00,1.4245,103.6381,C,Cloud to Cloud,2026-02-06T16:52:33.957+08:00
2026-02-07 11:58:21,2026-02-06T16:54:00+08:00,2026-02-06T16:56:03+08:00,1.4101,103.6613,C,Cloud to Cloud,2026-02-06T16:53:09.73+08:00
2026-02-07 11:58:21,2026-02-06T16:54:00+08:00,2026-02-06T16:56:03+08:00,1.4065,103.6577,C,Cloud to Cloud,2026-02-06T16:53:50.066+08:00
2026-02-07 11:58:21,2026-02-06T16:54:00+08:00,2026-02-06T16:56:03+08:00,1.4164,103.6467,C,Cloud to Cloud,2026-02-06T16:53:50.133+08:00
2026-02-07 11:58:21,2026-02-06T16:54:00+08:00,2026-02-06T16:56:03+08:00,1.5651,103.4373,C,Cloud to Cloud,2026-02-06T16:53:57.921+08:00
2026-02-07 11:58:21,2026-02-06T16:54:00+08:00,2026-02-06T16:56:03+08:00,1.5691,103.4666,C,Cloud to Cloud,2026-02-06T16:53:58.419+08:00
2026-02-07 11:58:21,2026-02-06T16:54:00+08:00,2026-02-06T16:56:03+08:00,1.6296,103.3612,C,Cloud to Cloud,2026-02-06T16:53:58.467+08:00
2026-02-07 11:58:21,2026-02-06T16:54:00+08:00,2026-02-06T16:56:03+08:00,1.597,103.4086,C,Cloud to Cloud,2026-02-06T16:53:58.492+08:00
2026-02-07 11:58:21,2026-02-06T16:54:00+08:00,2026-02-06T16:56:03+08:00,1.5832,103.4369,C,Cloud to Cloud,2026-02-06T16:53:58.492+08:00
2026-02-07 11:58:21,2026-02-06T16:54:00+08:00,2026-02-06T16:56:03+08:00,1.6329,103.3347,C,Cloud to Cloud,2026-02-06T16:53:58.492+08:00
2026-02-07 11:58:21,2026-02-06T16:54:00+08:00,2026-02-06T16:56:03+08:00,1.5808,103.4353,C,Cloud to Cloud,2026-02-06T16:53:58.494+08:00
2026-02-07 11:58:21,2026-02-06T16:54:00+08:00,2026-02-06T16:56:03+08:00,1.5672,103.4622,C,Cloud to Cloud,2026-02-06T16:53:58.511+08:00
2026-02-07 11:58:21,2026-02-06T16:52:00+08:00,2026-02-06T16:54:02+08:00,1.2812,103.6701,C,Cloud to Cloud,2026-02-06T16:50:55.763+08:00
2026-02-07 11:58:21,2026-02-06T16:52:00+08:00,2026-02-06T16:54:02+08:00,1.2555,103.6552,C,Cloud to Cloud,2026-02-06T16:50:55.764+08:00
2026-02-07 11:58:21,2026-02-06T16:52:00+08:00,2026-02-06T16:54:02+08:00,1.2723,103.7023,C,Cloud to Cloud,2026-02-06T16:50:55.881+08:00
2026-02-07 11:58:21,2026-02-06T16:52:00+08:00,2026-02-06T16:54:02+08:00,1.2659,103.7016,G,Cloud to Ground,2026-02-06T16:50:55.881+08:00
2026-02-07 11:58:21,2026-02-06T16:52:00+08:00,2026-02-06T16:54:02+08:00,1.2722,103.7026,C,Cloud to Cloud,2026-02-06T16:50:55.881+08:00
2026-02-07 11:58:21,2026-02-06T16:52:00+08:00,2026-02-06T16:54:02+08:00,1.2684,103.7005,C,Cloud to Cloud,2026-02-06T16:50:55.881+08:00
2026-02-07 11:58:21,2026-02-06T16:52:00+08:00,2026-02-06T16:54:02+08:00,1.2745,103.6758,C,Cloud to Cloud,2026-02-06T16:50:55.898+08:00
2026-02-07 11:58:21,2026-02-06T16:52:00+08:00,2026-02-06T16:54:02+08:00,1.2752,103.6813,C,Cloud to Cloud,2026-02-06T16:50:55.929+08:00
2026-02-07 11:58:21,2026-02-06T16:52:00+08:00,2026-02-06T16:54:02+08:00,1.2945,103.6842,C,Cloud to Cloud,2026-02-06T16:50:55.95+08:00
2026-02-07 11:58:21,2026-02-06T16:52:00+08:00,2026-02-06T16:54:02+08:00,1.1606,103.617,C,Cloud to Cloud,2026-02-06T16:50:55.95+08:00
2026-02-07 11:58:21,2026-02-06T16:52:00+08:00,2026-02-06T16:54:02+08:00,1.3105,103.5386,C,Cloud to Cloud,2026-02-06T16:51:53.513+08:00
2026-02-07 11:58:21,2026-02-06T16:52:00+08:00,2026-02-06T16:54:02+08:00,1.3241,103.5372,C,Cloud to Cloud,2026-02-06T16:51:53.513+08:00
2026-02-07 11:58:21,2026-02-06T16:52:00+08:00,2026-02-06T16:54:02+08:00,1.3062,103.5538,C,Cloud to Cloud,2026-02-06T16:51:53.513+08:00
2026-02-07 11:58:21,2026-02-06T16:52:00+08:00,2026-02-06T16:54:02+08:00,1.2949,103.552,C,Cloud to Cloud,2026-02-06T16:51:53.513+08:00
2026-02-07 11:58:21,2026-02-06T16:52:00+08:00,2026-02-06T16:54:02+08:00,1.3015,103.5502,C,Cloud to Cloud,2026-02-06T16:51:53.513+08:00
2026-02-07 11:58:21,2026-02-06T16:52:00+08:00,2026-02-06T16:54:02+08:00,1.3002,103.5482,C,Cloud to Cloud,2026-02-06T16:51:53.513+08:00
2026-02-07 11:58:21,2026-02-06T16:52:00+08:00,2026-02-06T16:54:02+08:00,1.2997,103.5498,C,Cloud to Cloud,2026-02-06T16:51:53.513+08:00
2026-02-07 11:58:21,2026-02-06T16:52:00+08:00,2026-02-06T16:54:02+08:00,1.332,103.5662,C,Cloud to Cloud,2026-02-06T16:51:53.514+08:00
2026-02-07 11:58:21,2026-02-06T16:52:00+08:00,2026-02-06T16:54:02+08:00,1.2724,103.5614,C,Cloud to Cloud,2026-02-06T16:51:53.515+08:00
2026-02-07 11:58:21,2026-02-06T16:52:00+08:00,2026-02-06T16:54:02+08:00,1.2748,103.5151,C,Cloud to Cloud,2026-02-06T16:51:53.515+08:00
2026-02-07 11:58:21,2026-02-06T16:52:00+08:00,2026-02-06T16:54:02+08:00,1.2976,103.6428,C,Cloud to Cloud,2026-02-06T16:51:53.561+08:00
2026-02-07 11:58:21,2026-02-06T16:52:00+08:00,2026-02-06T16:54:02+08:00,1.3054,103.6062,C,Cloud to Cloud,2026-02-06T16:51:53.562+08:00
2026-02-07 11:58:21,2026-02-06T16:52:00+08:00,2026-02-06T16:54:02+08:00,1.3014,103.6,C,Cloud to Cloud,2026-02-06T16:51:53.562+08:00
2026-02-07 11:58:21,2026-02-06T16:52:00+08:00,2026-02-06T16:54:02+08:00,1.3133,103.6052,C,Cloud to Cloud,2026-02-06T16:51:53.562+08:00
2026-02-07 11:58:21,2026-02-06T16:52:00+08:00,2026-02-06T16:54:02+08:00,1.3098,103.6044,C,Cloud to Cloud,2026-02-06T16:51:53.563+08:00
2026-02-07 11:58:21,2026-02-06T16:52:00+08:00,2026-02-06T16:54:02+08:00,1.3122,103.6008,C,Cloud to Cloud,2026-02-06T16:51:53.563+08:00
2026-02-07 11:58:21,2026-02-06T16:52:00+08:00,2026-02-06T16:54:02+08:00,1.3123,103.6053,C,Cloud to Cloud,2026-02-06T16:51:53.563+08:00
2026-02-07 11:58:21,2026-02-06T16:52:00+08:00,2026-02-06T16:54:02+08:00,1.3247,103.6265,C,Cloud to Cloud,2026-02-06T16:51:53.563+08:00
2026-02-07 11:58:21,2026-02-06T16:52:00+08:00,2026-02-06T16:54:02+08:00,1.3125,103.6047,C,Cloud to Cloud,2026-02-06T16:51:53.563+08:00
2026-02-07 11:58:21,2026-02-06T16:52:00+08:00,2026-02-06T16:54:02+08:00,1.3127,103.606,C,Cloud to Cloud,2026-02-06T16:51:53.563+08:00
2026-02-07 11:58:21,2026-02-06T16:52:00+08:00,2026-02-06T16:54:02+08:00,1.3219,103.6243,C,Cloud to Cloud,2026-02-06T16:51:53.563+08:00
2026-02-07 11:58:21,2026-02-06T16:52:00+08:00,2026-02-06T16:54:02+08:00,1.3135,103.6055,C,Cloud to Cloud,2026-02-06T16:51:53.563+08:00
2026-02-07 11:58:21,2026-02-06T16:52:00+08:00,2026-02-06T16:54:02+08:00,1.3141,103.606,C,Cloud to Cloud,2026-02-06T16:51:53.564+08:00
2026-02-07 11:58:21,2026-02-06T16:52:00+08:00,2026-02-06T16:54:02+08:00,1.3063,103.5971,C,Cloud to Cloud,2026-02-06T16:51:53.564+08:00
2026-02-07 11:58:21,2026-02-06T16:52:00+08:00,2026-02-06T16:54:02+08:00,1.3133,103.6058,C,Cloud to Cloud,2026-02-06T16:51:53.564+08:00
2026-02-07 11:58:21,2026-02-06T16:52:00+08:00,2026-02-06T16:54:02+08:00,1.3128,103.6115,C,Cloud to Cloud,2026-02-06T16:51:53.564+08:00
2026-02-07 11:58:21,2026-02-06T16:52:00+08:00,2026-02-06T16:54:02+08:00,1.3101,103.6085,C,Cloud to Cloud,2026-02-06T16:51:53.564+08:00
2026-02-07 11:58:21,2026-02-06T16:52:00+08:00,2026-02-06T16:54:02+08:00,1.3126,103.6049,C,Cloud to Cloud,2026-02-06T16:51:53.564+08:00
2026-02-07 11:58:21,2026-02-06T16:52:00+08:00,2026-02-06T16:54:02+08:00,1.3076,103.5999,C,Cloud to Cloud,2026-02-06T16:51:53.564+08:00
2026-02-07 11:58:21,2026-02-06T16:52:00+08:00,2026-02-06T16:54:02+08:00,1.314,103.6061,C,Cloud to Cloud,2026-02-06T16:51:53.564+08:00
2026-02-07 11:58:21,2026-02-06T16:52:00+08:00,2026-02-06T16:54:02+08:00,1.3139,103.6134,C,Cloud to Cloud,2026-02-06T16:51:53.565+08:00
2026-02-07 11:58:21,2026-02-06T16:52:00+08:00,2026-02-06T16:54:02+08:00,1.3152,103.6153,C,Cloud to Cloud,2026-02-06T16:51:53.565+08:00
2026-02-07 11:58:21,2026-02-06T16:52:00+08:00,2026-02-06T16:54:02+08:00,1.3144,103.6032,C,Cloud to Cloud,2026-02-06T16:51:53.565+08:00
2026-02-07 11:58:21,2026-02-06T16:52:00+08:00,2026-02-06T16:54:02+08:00,1.3153,103.6047,C,Cloud to Cloud,2026-02-06T16:51:53.565+08:00
2026-02-07 11:58:21,2026-02-06T16:52:00+08:00,2026-02-06T16:54:02+08:00,1.3155,103.6032,C,Cloud to Cloud,2026-02-06T16:51:53.565+08:00
2026-02-07 11:58:21,2026-02-06T16:52:00+08:00,2026-02-06T16:54:02+08:00,1.316,103.6068,C,Cloud to Cloud,2026-02-06T16:51:53.565+08:00
2026-02-07 11:58:21,2026-02-06T16:52:00+08:00,2026-02-06T16:54:02+08:00,1.3145,103.6046,C,Cloud to Cloud,2026-02-06T16:51:53.565+08:00
2026-02-07 11:58:21,2026-02-06T16:52:00+08:00,2026-02-06T16:54:02+08:00,1.3133,103.6069,C,Cloud to Cloud,2026-02-06T16:51:53.565+08:00
2026-02-07 11:58:21,2026-02-06T16:52:00+08:00,2026-02-06T16:54:02+08:00,1.3151,103.6041,C,Cloud to Cloud,2026-02-06T16:51:53.565+08:00
2026-02-07 11:58:21,2026-02-06T16:52:00+08:00,2026-02-06T16:54:02+08:00,1.3168,103.6063,C,Cloud to Cloud,2026-02-06T16:51:53.566+08:00
2026-02-07 11:58:21,2026-02-06T16:52:00+08:00,2026-02-06T16:54:02+08:00,1.3158,103.605,C,Cloud to Cloud,2026-02-06T16:51:53.566+08:00
2026-02-07 11:58:21,2026-02-06T16:52:00+08:00,2026-02-06T16:54:02+08:00,1.316,103.605,C,Cloud to Cloud,2026-02-06T16:51:53.566+08:00
2026-02-07 11:58:21,2026-02-06T16:52:00+08:00,2026-02-06T16:54:02+08:00,1.312,103.6058,C,Cloud to Cloud,2026-02-06T16:51:53.566+08:00
2026-02-07 11:58:21,2026-02-06T16:52:00+08:00,2026-02-06T16:54:02+08:00,1.3165,103.6054,C,Cloud to Cloud,2026-02-06T16:51:53.566+08:00
2026-02-07 11:58:21,2026-02-06T16:52:00+08:00,2026-02-06T16:54:02+08:00,1.3151,103.6065,C,Cloud to Cloud,2026-02-06T16:51:53.566+08:00
2026-02-07 11:58:21,2026-02-06T16:52:00+08:00,2026-02-06T16:54:02+08:00,1.3137,103.6034,C,Cloud to Cloud,2026-02-06T16:51:53.566+08:00
2026-02-07 11:58:21,2026-02-06T16:52:00+08:00,2026-02-06T16:54:02+08:00,1.3303,103.6285,C,Cloud to Cloud,2026-02-06T16:51:53.583+08:00
2026-02-07 11:58:21,2026-02-06T16:52:00+08:00,2026-02-06T16:54:02+08:00,1.3332,103.6296,C,Cloud to Cloud,2026-02-06T16:51:53.584+08:00
2026-02-07 11:58:21,2026-02-06T16:52:00+08:00,2026-02-06T16:54:02+08:00,1.3035,103.5987,C,Cloud to Cloud,2026-02-06T16:51:53.584+08:00
2026-02-07 11:58:21,2026-02-06T16:52:00+08:00,2026-02-06T16:54:02+08:00,1.3015,103.5867,C,Cloud to Cloud,2026-02-06T16:51:53.584+08:00
2026-02-07 11:58:21,2026-02-06T16:52:00+08:00,2026-02-06T16:54:02+08:00,1.3022,103.5934,C,Cloud to Cloud,2026-02-06T16:51:53.584+08:00
2026-02-07 11:58:21,2026-02-06T16:52:00+08:00,2026-02-06T16:54:02+08:00,1.3287,103.6309,C,Cloud to Cloud,2026-02-06T16:51:53.584+08:00
2026-02-07 11:58:21,2026-02-06T16:52:00+08:00,2026-02-06T16:54:02+08:00,1.3086,103.6014,C,Cloud to Cloud,2026-02-06T16:51:53.585+08:00
2026-02-07 11:58:21,2026-02-06T16:52:00+08:00,2026-02-06T16:54:02+08:00,1.332,103.6328,C,Cloud to Cloud,2026-02-06T16:51:53.585+08:00
2026-02-07 11:58:21,2026-02-06T16:52:00+08:00,2026-02-06T16:54:02+08:00,1.304,103.589,C,Cloud to Cloud,2026-02-06T16:51:53.586+08:00
2026-02-07 11:58:21,2026-02-06T16:52:00+08:00,2026-02-06T16:54:02+08:00,1.3062,103.5943,C,Cloud to Cloud,2026-02-06T16:51:53.586+08:00
2026-02-07 11:58:21,2026-02-06T16:52:00+08:00,2026-02-06T16:54:02+08:00,1.3072,103.6005,C,Cloud to Cloud,2026-02-06T16:51:53.586+08:00
2026-02-07 11:58:21,2026-02-06T16:52:00+08:00,2026-02-06T16:54:02+08:00,1.3066,103.5953,C,Cloud to Cloud,2026-02-06T16:51:53.587+08:00
2026-02-07 11:58:21,2026-02-06T16:52:00+08:00,2026-02-06T16:54:02+08:00,1.3308,103.5844,C,Cloud to Cloud,2026-02-06T16:51:53.675+08:00
2026-02-07 11:58:21,2026-02-06T16:52:00+08:00,2026-02-06T16:54:02+08:00,1.3296,103.5822,C,Cloud to Cloud,2026-02-06T16:51:53.675+08:00
2026-02-07 11:58:21,2026-02-06T16:52:00+08:00,2026-02-06T16:54:02+08:00,1.3404,103.5648,C,Cloud to Cloud,2026-02-06T16:51:53.686+08:00
2026-02-07 11:58:21,2026-02-06T16:50:00+08:00,2026-02-06T16:52:02+08:00,1.2834,103.6885,C,Cloud to Cloud,2026-02-06T16:48:41.224+08:00
2026-02-07 11:58:21,2026-02-06T16:50:00+08:00,2026-02-06T16:52:02+08:00,1.2848,103.6884,C,Cloud to Cloud,2026-02-06T16:48:41.224+08:00
2026-02-07 11:58:21,2026-02-06T16:50:00+08:00,2026-02-06T16:52:02+08:00,1.2613,103.6724,C,Cloud to Cloud,2026-02-06T16:48:41.225+08:00
2026-02-07 11:58:21,2026-02-06T16:50:00+08:00,2026-02-06T16:52:02+08:00,1.2867,103.6892,C,Cloud to Cloud,2026-02-06T16:48:41.225+08:00
2026-02-07 11:58:21,2026-02-06T16:50:00+08:00,2026-02-06T16:52:02+08:00,1.2875,103.6896,C,Cloud to Cloud,2026-02-06T16:48:41.226+08:00
2026-02-07 11:58:21,2026-02-06T16:50:00+08:00,2026-02-06T16:52:02+08:00,1.3079,103.648,C,Cloud to Cloud,2026-02-06T16:48:41.294+08:00
2026-02-07 11:58:21,2026-02-06T16:50:00+08:00,2026-02-06T16:52:02+08:00,1.3075,103.6473,C,Cloud to Cloud,2026-02-06T16:48:41.294+08:00
2026-02-07 11:58:21,2026-02-06T16:50:00+08:00,2026-02-06T16:52:02+08:00,1.3238,103.6636,C,Cloud to Cloud,2026-02-06T16:48:41.295+08:00
2026-02-07 11:58:21,2026-02-06T16:50:00+08:00,2026-02-06T16:52:02+08:00,1.3202,103.6579,C,Cloud to Cloud,2026-02-06T16:48:41.295+08:00
2026-02-07 11:58:21,2026-02-06T16:50:00+08:00,2026-02-06T16:52:02+08:00,1.3248,103.6601,C,Cloud to Cloud,2026-02-06T16:48:41.295+08:00
2026-02-07 11:58:21,2026-02-06T16:50:00+08:00,2026-02-06T16:52:02+08:00,1.309,103.6376,C,Cloud to Cloud,2026-02-06T16:48:41.295+08:00
2026-02-07 11:58:21,2026-02-06T16:50:00+08:00,2026-02-06T16:52:02+08:00,1.3233,103.6601,C,Cloud to Cloud,2026-02-06T16:48:41.295+08:00
2026-02-07 11:58:21,2026-02-06T16:50:00+08:00,2026-02-06T16:52:02+08:00,1.3081,103.6566,C,Cloud to Cloud,2026-02-06T16:48:41.296+08:00
2026-02-07 11:58:21,2026-02-06T16:50:00+08:00,2026-02-06T16:52:02+08:00,1.3068,103.6383,C,Cloud to Cloud,2026-02-06T16:48:41.296+08:00
2026-02-07 11:58:21,2026-02-06T16:50:00+08:00,2026-02-06T16:52:02+08:00,1.3321,103.6641,C,Cloud to Cloud,2026-02-06T16:48:41.296+08:00
2026-02-07 11:58:21,2026-02-06T16:50:00+08:00,2026-02-06T16:52:02+08:00,1.3191,103.6479,C,Cloud to Cloud,2026-02-06T16:48:41.296+08:00
2026-02-07 11:58:21,2026-02-06T16:50:00+08:00,2026-02-06T16:52:02+08:00,1.3222,103.6516,C,Cloud to Cloud,2026-02-06T16:48:41.296+08:00
2026-02-07 11:58:21,2026-02-06T16:50:00+08:00,2026-02-06T16:52:02+08:00,1.3145,103.642,C,Cloud to Cloud,2026-02-06T16:48:41.296+08:00
2026-02-07 11:58:21,2026-02-06T16:50:00+08:00,2026-02-06T16:52:02+08:00,1.3192,103.6508,C,Cloud to Cloud,2026-02-06T16:48:41.297+08:00
2026-02-07 11:58:21,2026-02-06T16:50:00+08:00,2026-02-06T16:52:02+08:00,1.3252,103.651,C,Cloud to Cloud,2026-02-06T16:48:41.297+08:00
2026-02-07 11:58:21,2026-02-06T16:50:00+08:00,2026-02-06T16:52:02+08:00,1.3148,103.6395,C,Cloud to Cloud,2026-02-06T16:48:41.297+08:00
2026-02-07 11:58:21,2026-02-06T16:50:00+08:00,2026-02-06T16:52:02+08:00,1.3141,103.64,C,Cloud to Cloud,2026-02-06T16:48:41.297+08:00
2026-02-07 11:58:21,2026-02-06T16:50:00+08:00,2026-02-06T16:52:02+08:00,1.323,103.6444,C,Cloud to Cloud,2026-02-06T16:48:41.297+08:00
2026-02-07 11:58:21,2026-02-06T16:50:00+08:00,2026-02-06T16:52:02+08:00,1.3166,103.6416,C,Cloud to Cloud,2026-02-06T16:48:41.298+08:00
2026-02-07 11:58:21,2026-02-06T16:50:00+08:00,2026-02-06T16:52:02+08:00,1.3244,103.6475,C,Cloud to Cloud,2026-02-06T16:48:41.298+08:00
2026-02-07 11:58:21,2026-02-06T16:50:00+08:00,2026-02-06T16:52:02+08:00,1.3121,103.6316,C,Cloud to Cloud,2026-02-06T16:48:41.298+08:00
2026-02-07 11:58:21,2026-02-06T16:50:00+08:00,2026-02-06T16:52:02+08:00,1.3213,103.6428,C,Cloud to Cloud,2026-02-06T16:48:41.298+08:00
2026-02-07 11:58:21,2026-02-06T16:50:00+08:00,2026-02-06T16:52:02+08:00,1.3213,103.6421,C,Cloud to Cloud,2026-02-06T16:48:41.298+08:00
2026-02-07 11:58:21,2026-02-06T16:50:00+08:00,2026-02-06T16:52:02+08:00,1.3188,103.638,C,Cloud to Cloud,2026-02-06T16:48:41.298+08:00
2026-02-07 11:58:21,2026-02-06T16:50:00+08:00,2026-02-06T16:52:02+08:00,1.3207,103.6418,C,Cloud to Cloud,2026-02-06T16:48:41.298+08:00
2026-02-07 11:58:21,2026-02-06T16:50:00+08:00,2026-02-06T16:52:02+08:00,1.3081,103.6264,C,Cloud to Cloud,2026-02-06T16:48:41.299+08:00
2026-02-07 11:58:21,2026-02-06T16:50:00+08:00,2026-02-06T16:52:02+08:00,1.3123,103.6363,C,Cloud to Cloud,2026-02-06T16:48:41.299+08:00
2026-02-07 11:58:21,2026-02-06T16:50:00+08:00,2026-02-06T16:52:02+08:00,1.3046,103.6605,C,Cloud to Cloud,2026-02-06T16:48:41.299+08:00
2026-02-07 11:58:21,2026-02-06T16:50:00+08:00,2026-02-06T16:52:02+08:00,1.3275,103.6528,C,Cloud to Cloud,2026-02-06T16:48:41.299+08:00
2026-02-07 11:58:21,2026-02-06T16:50:00+08:00,2026-02-06T16:52:02+08:00,1.3213,103.6414,C,Cloud to Cloud,2026-02-06T16:48:41.299+08:00
2026-02-07 11:58:21,2026-02-06T16:50:00+08:00,2026-02-06T16:52:02+08:00,1.3106,103.6292,C,Cloud to Cloud,2026-02-06T16:48:41.299+08:00
2026-02-07 11:58:21,2026-02-06T16:50:00+08:00,2026-02-06T16:52:02+08:00,1.3219,103.6407,C,Cloud to Cloud,2026-02-06T16:48:41.299+08:00
2026-02-07 11:58:21,2026-02-06T16:50:00+08:00,2026-02-06T16:52:02+08:00,1.3188,103.6352,C,Cloud to Cloud,2026-02-06T16:48:41.299+08:00
2026-02-07 11:58:21,2026-02-06T16:50:00+08:00,2026-02-06T16:52:02+08:00,1.3012,103.6163,C,Cloud to Cloud,2026-02-06T16:48:41.299+08:00
2026-02-07 11:58:21,2026-02-06T16:50:00+08:00,2026-02-06T16:52:02+08:00,1.3136,103.632,C,Cloud to Cloud,2026-02-06T16:48:41.3+08:00
2026-02-07 11:58:21,2026-02-06T16:50:00+08:00,2026-02-06T16:52:02+08:00,1.3226,103.6428,C,Cloud to Cloud,2026-02-06T16:48:41.3+08:00
2026-02-07 11:58:21,2026-02-06T16:50:00+08:00,2026-02-06T16:52:02+08:00,1.3168,103.6318,C,Cloud to Cloud,2026-02-06T16:48:41.3+08:00
2026-02-07 11:58:21,2026-02-06T16:50:00+08:00,2026-02-06T16:52:02+08:00,1.3142,103.6299,C,Cloud to Cloud,2026-02-06T16:48:41.3+08:00
2026-02-07 11:58:21,2026-02-06T16:50:00+08:00,2026-02-06T16:52:02+08:00,1.3061,103.6208,C,Cloud to Cloud,2026-02-06T16:48:41.301+08:00
2026-02-07 11:58:21,2026-02-06T16:50:00+08:00,2026-02-06T16:52:02+08:00,1.3108,103.6256,C,Cloud to Cloud,2026-02-06T16:48:41.301+08:00
2026-02-07 11:58:21,2026-02-06T16:50:00+08:00,2026-02-06T16:52:02+08:00,1.2912,103.5963,C,Cloud to Cloud,2026-02-06T16:48:41.301+08:00
2026-02-07 11:58:21,2026-02-06T16:50:00+08:00,2026-02-06T16:52:02+08:00,1.3294,103.6397,C,Cloud to Cloud,2026-02-06T16:48:41.303+08:00
2026-02-07 11:58:21,2026-02-06T16:50:00+08:00,2026-02-06T16:52:02+08:00,1.328,103.6407,C,Cloud to Cloud,2026-02-06T16:48:41.304+08:00
2026-02-07 11:58:21,2026-02-06T16:50:00+08:00,2026-02-06T16:52:02+08:00,1.3339,103.6427,C,Cloud to Cloud,2026-02-06T16:48:41.305+08:00
2026-02-07 11:58:21,2026-02-06T16:50:00+08:00,2026-02-06T16:52:02+08:00,1.334,103.6392,C,Cloud to Cloud,2026-02-06T16:48:41.305+08:00
2026-02-07 11:58:21,2026-02-06T16:50:00+08:00,2026-02-06T16:52:02+08:00,1.3349,103.64,C,Cloud to Cloud,2026-02-06T16:48:41.305+08:00
2026-02-07 11:58:21,2026-02-06T16:50:00+08:00,2026-02-06T16:52:02+08:00,1.3338,103.6406,C,Cloud to Cloud,2026-02-06T16:48:41.305+08:00
2026-02-07 11:58:21,2026-02-06T16:50:00+08:00,2026-02-06T16:52:02+08:00,1.3344,103.6417,C,Cloud to Cloud,2026-02-06T16:48:41.305+08:00
2026-02-07 11:58:21,2026-02-06T16:50:00+08:00,2026-02-06T16:52:02+08:00,1.3359,103.6424,C,Cloud to Cloud,2026-02-06T16:48:41.305+08:00
2026-02-07 11:58:21,2026-02-06T16:50:00+08:00,2026-02-06T16:52:02+08:00,1.3354,103.6358,C,Cloud to Cloud,2026-02-06T16:48:41.306+08:00
2026-02-07 11:58:21,2026-02-06T16:50:00+08:00,2026-02-06T16:52:02+08:00,1.3358,103.6411,C,Cloud to Cloud,2026-02-06T16:48:41.306+08:00
2026-02-07 11:58:21,2026-02-06T16:50:00+08:00,2026-02-06T16:52:02+08:00,1.3357,103.6385,C,Cloud to Cloud,2026-02-06T16:48:41.306+08:00
2026-02-07 11:58:21,2026-02-06T16:50:00+08:00,2026-02-06T16:52:02+08:00,1.3374,103.6396,C,Cloud to Cloud,2026-02-06T16:48:41.306+08:00
2026-02-07 11:58:21,2026-02-06T16:50:00+08:00,2026-02-06T16:52:02+08:00,1.3368,103.6397,C,Cloud to Cloud,2026-02-06T16:48:41.306+08:00
2026-02-07 11:58:21,2026-02-06T16:50:00+08:00,2026-02-06T16:52:02+08:00,1.3368,103.6413,C,Cloud to Cloud,2026-02-06T16:48:41.306+08:00
2026-02-07 11:58:21,2026-02-06T16:50:00+08:00,2026-02-06T16:52:02+08:00,1.3369,103.6421,C,Cloud to Cloud,2026-02-06T16:48:41.306+08:00
2026-02-07 11:58:21,2026-02-06T16:50:00+08:00,2026-02-06T16:52:02+08:00,1.3367,103.6421,C,Cloud to Cloud,2026-02-06T16:48:41.306+08:00
2026-02-07 11:58:21,2026-02-06T16:50:00+08:00,2026-02-06T16:52:02+08:00,1.3369,103.6407,C,Cloud to Cloud,2026-02-06T16:48:41.306+08:00
2026-02-07 11:58:21,2026-02-06T16:50:00+08:00,2026-02-06T16:52:02+08:00,1.3381,103.6398,C,Cloud to Cloud,2026-02-06T16:48:41.307+08:00
2026-02-07 11:58:21,2026-02-06T16:50:00+08:00,2026-02-06T16:52:02+08:00,1.338,103.6412,C,Cloud to Cloud,2026-02-06T16:48:41.307+08:00
2026-02-07 11:58:21,2026-02-06T16:50:00+08:00,2026-02-06T16:52:02+08:00,1.3378,103.6422,C,Cloud to Cloud,2026-02-06T16:48:41.307+08:00
2026-02-07 11:58:21,2026-02-06T16:50:00+08:00,2026-02-06T16:52:02+08:00,1.3381,103.6426,C,Cloud to Cloud,2026-02-06T16:48:41.307+08:00
2026-02-07 11:58:21,2026-02-06T16:50:00+08:00,2026-02-06T16:52:02+08:00,1.3389,103.6423,C,Cloud to Cloud,2026-02-06T16:48:41.307+08:00
2026-02-07 11:58:21,2026-02-06T16:50:00+08:00,2026-02-06T16:52:02+08:00,1.3081,103.6038,C,Cloud to Cloud,2026-02-06T16:48:41.307+08:00
2026-02-07 11:58:21,2026-02-06T16:50:00+08:00,2026-02-06T16:52:02+08:00,1.3392,103.6427,C,Cloud to Cloud,2026-02-06T16:48:41.307+08:00
2026-02-07 11:58:21,2026-02-06T16:50:00+08:00,2026-02-06T16:52:02+08:00,1.3033,103.5974,C,Cloud to Cloud,2026-02-06T16:48:41.307+08:00
2026-02-07 11:58:21,2026-02-06T16:50:00+08:00,2026-02-06T16:52:02+08:00,1.3398,103.6432,C,Cloud to Cloud,2026-02-06T16:48:41.307+08:00
2026-02-07 11:58:21,2026-02-06T16:50:00+08:00,2026-02-06T16:52:02+08:00,1.3394,103.6417,C,Cloud to Cloud,2026-02-06T16:48:41.308+08:00
2026-02-07 11:58:21,2026-02-06T16:50:00+08:00,2026-02-06T16:52:02+08:00,1.3111,103.6066,C,Cloud to Cloud,2026-02-06T16:48:41.308+08:00
2026-02-07 11:58:21,2026-02-06T16:50:00+08:00,2026-02-06T16:52:02+08:00,1.3391,103.6437,C,Cloud to Cloud,2026-02-06T16:48:41.308+08:00
2026-02-07 11:58:21,2026-02-06T16:50:00+08:00,2026-02-06T16:52:02+08:00,1.3135,103.6114,C,Cloud to Cloud,2026-02-06T16:48:41.308+08:00
2026-02-07 11:58:21,2026-02-06T16:50:00+08:00,2026-02-06T16:52:02+08:00,1.3398,103.6445,C,Cloud to Cloud,2026-02-06T16:48:41.308+08:00
2026-02-07 11:58:21,2026-02-06T16:50:00+08:00,2026-02-06T16:52:02+08:00,1.3066,103.5995,C,Cloud to Cloud,2026-02-06T16:48:41.308+08:00
2026-02-07 11:58:21,2026-02-06T16:50:00+08:00,2026-02-06T16:52:02+08:00,1.3407,103.6428,C,Cloud to Cloud,2026-02-06T16:48:41.308+08:00
2026-02-07 11:58:21,2026-02-06T16:50:00+08:00,2026-02-06T16:52:02+08:00,1.3411,103.6411,C,Cloud to Cloud,2026-02-06T16:48:41.308+08:00
2026-02-07 11:58:21,2026-02-06T16:50:00+08:00,2026-02-06T16:52:02+08:00,1.3123,103.6066,C,Cloud to Cloud,2026-02-06T16:48:41.308+08:00
2026-02-07 11:58:21,2026-02-06T16:50:00+08:00,2026-02-06T16:52:02+08:00,1.3418,103.6446,C,Cloud to Cloud,2026-02-06T16:48:41.308+08:00
2026-02-07 11:58:21,2026-02-06T16:50:00+08:00,2026-02-06T16:52:02+08:00,1.3133,103.6079,C,Cloud to Cloud,2026-02-06T16:48:41.308+08:00
2026-02-07 11:58:21,2026-02-06T16:50:00+08:00,2026-02-06T16:52:02+08:00,1.3417,103.6444,C,Cloud to Cloud,2026-02-06T16:48:41.308+08:00
2026-02-07 11:58:21,2026-02-06T16:50:00+08:00,2026-02-06T16:52:02+08:00,1.3038,103.5986,C,Cloud to Cloud,2026-02-06T16:48:41.308+08:00
2026-02-07 11:58:21,2026-02-06T16:50:00+08:00,2026-02-06T16:52:02+08:00,1.3404,103.6424,C,Cloud to Cloud,2026-02-06T16:48:41.308+08:00
2026-02-07 11:58:21,2026-02-06T16:50:00+08:00,2026-02-06T16:52:02+08:00,1.3208,103.6239,C,Cloud to Cloud,2026-02-06T16:48:41.309+08:00
2026-02-07 11:58:21,2026-02-06T16:50:00+08:00,2026-02-06T16:52:02+08:00,1.34,103.6473,C,Cloud to Cloud,2026-02-06T16:48:41.309+08:00
2026-02-07 11:58:21,2026-02-06T16:50:00+08:00,2026-02-06T16:52:02+08:00,1.3189,103.618,C,Cloud to Cloud,2026-02-06T16:48:41.309+08:00
2026-02-07 11:58:21,2026-02-06T16:50:00+08:00,2026-02-06T16:52:02+08:00,1.3421,103.6476,C,Cloud to Cloud,2026-02-06T16:48:41.309+08:00
2026-02-07 11:58:21,2026-02-06T16:50:00+08:00,2026-02-06T16:52:02+08:00,1.3398,103.6458,C,Cloud to Cloud,2026-02-06T16:48:41.309+08:00
2026-02-07 11:58:21,2026-02-06T16:50:00+08:00,2026-02-06T16:52:02+08:00,1.3123,103.6119,C,Cloud to Cloud,2026-02-06T16:48:41.309+08:00
2026-02-07 11:58:21,2026-02-06T16:50:00+08:00,2026-02-06T16:52:02+08:00,1.3405,103.6499,C,Cloud to Cloud,2026-02-06T16:48:41.309+08:00
2026-02-07 11:58:21,2026-02-06T16:50:00+08:00,2026-02-06T16:52:02+08:00,1.3417,103.6517,C,Cloud to Cloud,2026-02-06T16:48:41.309+08:00
2026-02-07 11:58:21,2026-02-06T16:50:00+08:00,2026-02-06T16:52:02+08:00,1.3243,103.6297,C,Cloud to Cloud,2026-02-06T16:48:41.309+08:00
2026-02-07 11:58:21,2026-02-06T16:50:00+08:00,2026-02-06T16:52:02+08:00,1.3194,103.6276,C,Cloud to Cloud,2026-02-06T16:48:41.309+08:00
2026-02-07 11:58:21,2026-02-06T16:50:00+08:00,2026-02-06T16:52:02+08:00,1.3081,103.6087,C,Cloud to Cloud,2026-02-06T16:48:41.31+08:00
2026-02-07 11:58:21,2026-02-06T16:50:00+08:00,2026-02-06T16:52:02+08:00,1.3168,103.6205,C,Cloud to Cloud,2026-02-06T16:48:41.31+08:00
2026-02-07 11:58:21,2026-02-06T16:50:00+08:00,2026-02-06T16:52:02+08:00,1.3201,103.6244,C,Cloud to Cloud,2026-02-06T16:48:41.31+08:00
2026-02-07 11:58:21,2026-02-06T16:50:00+08:00,2026-02-06T16:52:02+08:00,1.3435,103.6526,C,Cloud to Cloud,2026-02-06T16:48:41.31+08:00
2026-02-07 11:58:21,2026-02-06T16:50:00+08:00,2026-02-06T16:52:02+08:00,1.3244,103.6271,C,Cloud to Cloud,2026-02-06T16:48:41.31+08:00
2026-02-07 11:58:21,2026-02-06T16:50:00+08:00,2026-02-06T16:52:02+08:00,1.3191,103.6256,C,Cloud to Cloud,2026-02-06T16:48:41.31+08:00
2026-02-07 11:58:21,2026-02-06T16:50:00+08:00,2026-02-06T16:52:02+08:00,1.3192,103.6205,C,Cloud to Cloud,2026-02-06T16:48:41.31+08:00
2026-02-07 11:58:21,2026-02-06T16:50:00+08:00,2026-02-06T16:52:02+08:00,1.3046,103.6031,C,Cloud to Cloud,2026-02-06T16:48:41.31+08:00
2026-02-07 11:58:21,2026-02-06T16:50:00+08:00,2026-02-06T16:52:02+08:00,1.3392,103.6534,C,Cloud to Cloud,2026-02-06T16:48:41.311+08:00
2026-02-07 11:58:21,2026-02-06T16:50:00+08:00,2026-02-06T16:52:02+08:00,1.3163,103.6255,C,Cloud to Cloud,2026-02-06T16:48:41.311+08:00
2026-02-07 11:58:21,2026-02-06T16:50:00+08:00,2026-02-06T16:52:02+08:00,1.3424,103.6515,C,Cloud to Cloud,2026-02-06T16:48:41.311+08:00
2026-02-07 11:58:21,2026-02-06T16:50:00+08:00,2026-02-06T16:52:02+08:00,1.3248,103.6344,C,Cloud to Cloud,2026-02-06T16:48:41.311+08:00
2026-02-07 11:58:21,2026-02-06T16:50:00+08:00,2026-02-06T16:52:02+08:00,1.3425,103.6549,C,Cloud to Cloud,2026-02-06T16:48:41.311+08:00
2026-02-07 11:58:21,2026-02-06T16:50:00+08:00,2026-02-06T16:52:02+08:00,1.3285,103.6402,C,Cloud to Cloud,2026-02-06T16:48:41.311+08:00
2026-02-07 11:58:21,2026-02-06T16:50:00+08:00,2026-02-06T16:52:02+08:00,1.3163,103.6268,C,Cloud to Cloud,2026-02-06T16:48:41.311+08:00
2026-02-07 11:58:21,2026-02-06T16:50:00+08:00,2026-02-06T16:52:02+08:00,1.3512,103.5765,C,Cloud to Cloud,2026-02-06T16:48:41.312+08:00
2026-02-07 11:58:21,2026-02-06T16:50:00+08:00,2026-02-06T16:52:02+08:00,1.3215,103.6329,C,Cloud to Cloud,2026-02-06T16:48:41.312+08:00
2026-02-07 11:58:21,2026-02-06T16:50:00+08:00,2026-02-06T16:52:02+08:00,1.3176,103.7061,C,Cloud to Cloud,2026-02-06T16:48:41.327+08:00
2026-02-07 11:58:21,2026-02-06T16:50:00+08:00,2026-02-06T16:52:02+08:00,1.3171,103.7069,C,Cloud to Cloud,2026-02-06T16:48:41.327+08:00
2026-02-07 11:58:21,2026-02-06T16:50:00+08:00,2026-02-06T16:52:02+08:00,1.3291,103.6865,C,Cloud to Cloud,2026-02-06T16:48:41.327+08:00
2026-02-07 11:58:21,2026-02-06T16:50:00+08:00,2026-02-06T16:52:02+08:00,1.3291,103.6865,C,Cloud to Cloud,2026-02-06T16:48:41.327+08:00
2026-02-07 11:58:21,2026-02-06T16:50:00+08:00,2026-02-06T16:52:02+08:00,1.3149,103.675,C,Cloud to Cloud,2026-02-06T16:48:41.327+08:00
2026-02-07 11:58:21,2026-02-06T16:50:00+08:00,2026-02-06T16:52:02+08:00,1.3133,103.6737,C,Cloud to Cloud,2026-02-06T16:48:41.327+08:00
2026-02-07 11:58:21,2026-02-06T16:50:00+08:00,2026-02-06T16:52:02+08:00,1.3294,103.6847,C,Cloud to Cloud,2026-02-06T16:48:41.327+08:00
2026-02-07 11:58:21,2026-02-06T16:50:00+08:00,2026-02-06T16:52:02+08:00,1.3255,103.6867,C,Cloud to Cloud,2026-02-06T16:48:41.327+08:00
2026-02-07 11:58:21,2026-02-06T16:50:00+08:00,2026-02-06T16:52:02+08:00,1.3109,103.6682,C,Cloud to Cloud,2026-02-06T16:48:41.327+08:00
2026-02-07 11:58:21,2026-02-06T16:50:00+08:00,2026-02-06T16:52:02+08:00,1.3163,103.6751,C,Cloud to Cloud,2026-02-06T16:48:41.327+08:00
2026-02-07 11:58:21,2026-02-06T16:50:00+08:00,2026-02-06T16:52:02+08:00,1.3305,103.6881,C,Cloud to Cloud,2026-02-06T16:48:41.328+08:00
2026-02-07 11:58:21,2026-02-06T16:50:00+08:00,2026-02-06T16:52:02+08:00,1.3207,103.6786,C,Cloud to Cloud,2026-02-06T16:48:41.328+08:00
2026-02-07 11:58:21,2026-02-06T16:50:00+08:00,2026-02-06T16:52:02+08:00,1.3273,103.6898,C,Cloud to Cloud,2026-02-06T16:48:41.328+08:00
2026-02-07 11:58:21,2026-02-06T16:50:00+08:00,2026-02-06T16:52:02+08:00,1.3188,103.6776,C,Cloud to Cloud,2026-02-06T16:48:41.328+08:00
2026-02-07 11:58:21,2026-02-06T16:50:00+08:00,2026-02-06T16:52:02+08:00,1.3269,103.6899,C,Cloud to Cloud,2026-02-06T16:48:41.328+08:00
2026-02-07 11:58:21,2026-02-06T16:50:00+08:00,2026-02-06T16:52:02+08:00,1.3268,103.6902,C,Cloud to Cloud,2026-02-06T16:48:41.328+08:00
2026-02-07 11:58:21,2026-02-06T16:50:00+08:00,2026-02-06T16:52:02+08:00,1.3277,103.6893,C,Cloud to Cloud,2026-02-06T16:48:41.328+08:00
2026-02-07 11:58:21,2026-02-06T16:50:00+08:00,2026-02-06T16:52:02+08:00,1.3282,103.6894,C,Cloud to Cloud,2026-02-06T16:48:41.328+08:00
2026-02-07 11:58:21,2026-02-06T16:50:00+08:00,2026-02-06T16:52:02+08:00,1.3277,103.6906,C,Cloud to Cloud,2026-02-06T16:48:41.329+08:00
2026-02-07 11:58:21,2026-02-06T16:50:00+08:00,2026-02-06T16:52:02+08:00,1.3244,103.6946,C,Cloud to Cloud,2026-02-06T16:48:41.329+08:00
2026-02-07 11:58:21,2026-02-06T16:50:00+08:00,2026-02-06T16:52:02+08:00,1.3265,103.6906,C,Cloud to Cloud,2026-02-06T16:48:41.329+08:00
2026-02-07 11:58:21,2026-02-06T16:50:00+08:00,2026-02-06T16:52:02+08:00,1.3281,103.69,C,Cloud to Cloud,2026-02-06T16:48:41.329+08:00
2026-02-07 11:58:21,2026-02-06T16:50:00+08:00,2026-02-06T16:52:02+08:00,1.3279,103.69,C,Cloud to Cloud,2026-02-06T16:48:41.329+08:00
2026-02-07 11:58:21,2026-02-06T16:50:00+08:00,2026-02-06T16:52:02+08:00,1.3258,103.6953,C,Cloud to Cloud,2026-02-06T16:48:41.329+08:00
2026-02-07 11:58:21,2026-02-06T16:50:00+08:00,2026-02-06T16:52:02+08:00,1.3243,103.698,C,Cloud to Cloud,2026-02-06T16:48:41.329+08:00
2026-02-07 11:58:21,2026-02-06T16:50:00+08:00,2026-02-06T16:52:02+08:00,1.3213,103.6867,C,Cloud to Cloud,2026-02-06T16:48:41.329+08:00
2026-02-07 11:58:21,2026-02-06T16:50:00+08:00,2026-02-06T16:52:02+08:00,1.3217,103.687,C,Cloud to Cloud,2026-02-06T16:48:41.329+08:00
2026-02-07 11:58:21,2026-02-06T16:50:00+08:00,2026-02-06T16:52:02+08:00,1.3032,103.6837,C,Cloud to Cloud,2026-02-06T16:48:41.406+08:00
2026-02-07 11:58:21,2026-02-06T16:50:00+08:00,2026-02-06T16:52:02+08:00,1.3032,103.6851,C,Cloud to Cloud,2026-02-06T16:48:41.406+08:00
2026-02-07 11:58:21,2026-02-06T16:50:00+08:00,2026-02-06T16:52:02+08:00,1.2894,103.6778,C,Cloud to Cloud,2026-02-06T16:48:41.412+08:00
2026-02-07 11:58:21,2026-02-06T16:50:00+08:00,2026-02-06T16:52:02+08:00,1.2863,103.6659,C,Cloud to Cloud,2026-02-06T16:48:41.412+08:00
2026-02-07 11:58:21,2026-02-06T16:50:00+08:00,2026-02-06T16:52:02+08:00,1.2701,103.6728,C,Cloud to Cloud,2026-02-06T16:48:41.426+08:00
2026-02-07 11:58:21,2026-02-06T16:50:00+08:00,2026-02-06T16:52:02+08:00,1.2751,103.6868,C,Cloud to Cloud,2026-02-06T16:48:41.427+08:00
2026-02-07 11:58:21,2026-02-06T16:50:00+08:00,2026-02-06T16:52:02+08:00,1.2738,103.6876,C,Cloud to Cloud,2026-02-06T16:48:41.427+08:00
2026-02-07 11:58:21,2026-02-06T16:50:00+08:00,2026-02-06T16:52:02+08:00,1.2773,103.6881,C,Cloud to Cloud,2026-02-06T16:48:41.427+08:00
2026-02-07 11:58:21,2026-02-06T16:50:00+08:00,2026-02-06T16:52:02+08:00,1.2877,103.6835,C,Cloud to Cloud,2026-02-06T16:48:41.437+08:00
2026-02-07 11:58:21,2026-02-06T16:50:00+08:00,2026-02-06T16:52:02+08:00,1.2992,103.6909,C,Cloud to Cloud,2026-02-06T16:48:41.437+08:00
2026-02-07 11:58:21,2026-02-06T16:50:00+08:00,2026-02-06T16:52:02+08:00,1.3004,103.6965,C,Cloud to Cloud,2026-02-06T16:48:41.437+08:00
2026-02-07 11:58:21,2026-02-06T16:50:00+08:00,2026-02-06T16:52:02+08:00,1.2832,103.6931,C,Cloud to Cloud,2026-02-06T16:48:41.446+08:00
2026-02-07 11:58:21,2026-02-06T16:50:00+08:00,2026-02-06T16:52:02+08:00,1.2831,103.6935,C,Cloud to Cloud,2026-02-06T16:48:41.446+08:00
2026-02-07 11:58:21,2026-02-06T16:50:00+08:00,2026-02-06T16:52:02+08:00,1.2804,103.6994,C,Cloud to Cloud,2026-02-06T16:48:41.447+08:00
2026-02-07 11:58:21,2026-02-06T16:50:00+08:00,2026-02-06T16:52:02+08:00,1.3056,103.6649,C,Cloud to Cloud,2026-02-06T16:48:41.454+08:00
2026-02-07 11:58:21,2026-02-06T16:50:00+08:00,2026-02-06T16:52:02+08:00,1.2826,103.688,C,Cloud to Cloud,2026-02-06T16:48:41.459+08:00
2026-02-07 11:58:21,2026-02-06T16:50:00+08:00,2026-02-06T16:52:02+08:00,1.3384,103.6822,C,Cloud to Cloud,2026-02-06T16:48:41.459+08:00
2026-02-07 11:58:21,2026-02-06T16:50:00+08:00,2026-02-06T16:52:02+08:00,1.2612,103.6864,C,Cloud to Cloud,2026-02-06T16:48:41.459+08:00
2026-02-07 11:58:21,2026-02-06T16:50:00+08:00,2026-02-06T16:52:02+08:00,1.283,103.6803,C,Cloud to Cloud,2026-02-06T16:48:41.462+08:00
2026-02-07 11:58:21,2026-02-06T16:50:00+08:00,2026-02-06T16:52:02+08:00,1.2759,103.6861,C,Cloud to Cloud,2026-02-06T16:48:41.462+08:00
2026-02-07 11:58:21,2026-02-06T16:50:00+08:00,2026-02-06T16:52:02+08:00,1.3013,103.6796,C,Cloud to Cloud,2026-02-06T16:48:41.48+08:00
2026-02-07 11:58:21,2026-02-06T16:50:00+08:00,2026-02-06T16:52:02+08:00,1.3013,103.6796,C,Cloud to Cloud,2026-02-06T16:48:41.481+08:00
2026-02-07 11:58:21,2026-02-06T16:50:00+08:00,2026-02-06T16:52:02+08:00,1.3262,103.5365,C,Cloud to Cloud,2026-02-06T16:49:30.639+08:00
2026-02-07 11:58:21,2026-02-06T16:50:00+08:00,2026-02-06T16:52:02+08:00,1.3183,103.5289,C,Cloud to Cloud,2026-02-06T16:49:30.639+08:00
2026-02-07 11:58:21,2026-02-06T16:50:00+08:00,2026-02-06T16:52:02+08:00,1.3265,103.5375,C,Cloud to Cloud,2026-02-06T16:49:30.639+08:00
2026-02-07 11:58:21,2026-02-06T16:50:00+08:00,2026-02-06T16:52:02+08:00,1.3199,103.5582,C,Cloud to Cloud,2026-02-06T16:49:30.64+08:00
2026-02-07 11:58:21,2026-02-06T16:50:00+08:00,2026-02-06T16:52:02+08:00,1.3217,103.562,C,Cloud to Cloud,2026-02-06T16:49:30.64+08:00
2026-02-07 11:58:21,2026-02-06T16:50:00+08:00,2026-02-06T16:52:02+08:00,1.3201,103.5524,C,Cloud to Cloud,2026-02-06T16:49:30.64+08:00
2026-02-07 11:58:21,2026-02-06T16:50:00+08:00,2026-02-06T16:52:02+08:00,1.3206,103.5606,C,Cloud to Cloud,2026-02-06T16:49:30.641+08:00
2026-02-07 11:58:21,2026-02-06T16:50:00+08:00,2026-02-06T16:52:02+08:00,1.3002,103.6255,C,Cloud to Cloud,2026-02-06T16:49:30.641+08:00
2026-02-07 11:58:21,2026-02-06T16:50:00+08:00,2026-02-06T16:52:02+08:00,1.3237,103.5665,C,Cloud to Cloud,2026-02-06T16:49:30.641+08:00
2026-02-07 11:58:21,2026-02-06T16:50:00+08:00,2026-02-06T16:52:02+08:00,1.3022,103.621,C,Cloud to Cloud,2026-02-06T16:49:30.641+08:00
2026-02-07 11:58:21,2026-02-06T16:50:00+08:00,2026-02-06T16:52:02+08:00,1.3041,103.6159,C,Cloud to Cloud,2026-02-06T16:49:30.642+08:00
2026-02-07 11:58:21,2026-02-06T16:50:00+08:00,2026-02-06T16:52:02+08:00,1.3242,103.5513,C,Cloud to Cloud,2026-02-06T16:49:30.642+08:00
2026-02-07 11:58:21,2026-02-06T16:50:00+08:00,2026-02-06T16:52:02+08:00,1.3226,103.5524,C,Cloud to Cloud,2026-02-06T16:49:30.643+08:00
2026-02-07 11:58:21,2026-02-06T16:50:00+08:00,2026-02-06T16:52:02+08:00,1.2857,103.4703,C,Cloud to Cloud,2026-02-06T16:49:30.653+08:00
2026-02-07 11:58:21,2026-02-06T16:50:00+08:00,2026-02-06T16:52:02+08:00,1.3533,103.5674,C,Cloud to Cloud,2026-02-06T16:49:30.653+08:00
2026-02-07 11:58:21,2026-02-06T16:50:00+08:00,2026-02-06T16:52:02+08:00,1.3244,103.5514,C,Cloud to Cloud,2026-02-06T16:49:30.653+08:00
2026-02-07 11:58:21,2026-02-06T16:50:00+08:00,2026-02-06T16:52:02+08:00,1.2943,103.5764,G,Cloud to Ground,2026-02-06T16:49:30.691+08:00
2026-02-07 11:58:21,2026-02-06T16:50:00+08:00,2026-02-06T16:52:02+08:00,1.3058,103.5518,G,Cloud to Ground,2026-02-06T16:49:30.778+08:00
2026-02-07 11:58:21,2026-02-06T16:50:00+08:00,2026-02-06T16:52:02+08:00,1.2953,103.6942,C,Cloud to Cloud,2026-02-06T16:49:38.653+08:00
2026-02-07 11:58:21,2026-02-06T16:50:00+08:00,2026-02-06T16:52:02+08:00,1.2793,103.6257,C,Cloud to Cloud,2026-02-06T16:49:38.653+08:00
2026-02-07 11:58:21,2026-02-06T16:50:00+08:00,2026-02-06T16:52:02+08:00,1.2953,103.6942,C,Cloud to Cloud,2026-02-06T16:49:38.654+08:00
2026-02-07 11:58:21,2026-02-06T16:50:00+08:00,2026-02-06T16:52:02+08:00,1.2988,103.6943,C,Cloud to Cloud,2026-02-06T16:49:38.655+08:00
2026-02-07 11:58:21,2026-02-06T16:50:00+08:00,2026-02-06T16:52:02+08:00,1.2988,103.6943,C,Cloud to Cloud,2026-02-06T16:49:38.655+08:00
2026-02-07 11:58:21,2026-02-06T16:50:00+08:00,2026-02-06T16:52:02+08:00,1.284,103.6507,C,Cloud to Cloud,2026-02-06T16:49:38.656+08:00
2026-02-07 11:58:21,2026-02-06T16:50:00+08:00,2026-02-06T16:52:02+08:00,1.292,103.6047,C,Cloud to Cloud,2026-02-06T16:49:38.659+08:00
2026-02-07 11:58:21,2026-02-06T16:50:00+08:00,2026-02-06T16:52:02+08:00,1.2209,103.576,C,Cloud to Cloud,2026-02-06T16:49:38.696+08:00
2026-02-07 11:58:21,2026-02-06T16:50:00+08:00,2026-02-06T16:52:02+08:00,1.2864,103.687,C,Cloud to Cloud,2026-02-06T16:49:38.749+08:00
2026-02-07 11:58:21,2026-02-06T16:50:00+08:00,2026-02-06T16:52:02+08:00,1.2868,103.6851,C,Cloud to Cloud,2026-02-06T16:49:38.749+08:00
2026-02-07 11:58:21,2026-02-06T16:50:00+08:00,2026-02-06T16:52:02+08:00,1.2515,103.6692,C,Cloud to Cloud,2026-02-06T16:49:38.75+08:00
2026-02-07 11:58:21,2026-02-06T16:48:00+08:00,2026-02-06T16:50:02+08:00,1.2865,103.6885,C,Cloud to Cloud,2026-02-06T16:46:23.159+08:00
2026-02-07 11:58:21,2026-02-06T16:48:00+08:00,2026-02-06T16:50:02+08:00,1.2879,103.6864,C,Cloud to Cloud,2026-02-06T16:46:23.16+08:00
2026-02-07 11:58:21,2026-02-06T16:48:00+08:00,2026-02-06T16:50:02+08:00,1.2891,103.6898,C,Cloud to Cloud,2026-02-06T16:46:23.161+08:00
2026-02-07 11:58:21,2026-02-06T16:48:00+08:00,2026-02-06T16:50:02+08:00,1.2891,103.6898,C,Cloud to Cloud,2026-02-06T16:46:23.161+08:00
2026-02-07 11:58:21,2026-02-06T16:48:00+08:00,2026-02-06T16:50:02+08:00,1.2636,103.6775,C,Cloud to Cloud,2026-02-06T16:46:23.197+08:00
2026-02-07 11:58:21,2026-02-06T16:48:00+08:00,2026-02-06T16:50:02+08:00,1.2755,103.684,C,Cloud to Cloud,2026-02-06T16:46:23.197+08:00
2026-02-07 11:58:21,2026-02-06T16:48:00+08:00,2026-02-06T16:50:02+08:00,1.2893,103.6906,C,Cloud to Cloud,2026-02-06T16:46:23.293+08:00
2026-02-07 11:58:21,2026-02-06T16:48:00+08:00,2026-02-06T16:50:02+08:00,1.2702,103.68,C,Cloud to Cloud,2026-02-06T16:46:23.293+08:00
2026-02-07 11:58:21,2026-02-06T16:48:00+08:00,2026-02-06T16:50:02+08:00,1.2523,103.6639,C,Cloud to Cloud,2026-02-06T16:46:23.357+08:00
2026-02-07 11:58:21,2026-02-06T16:48:00+08:00,2026-02-06T16:50:02+08:00,1.6211,103.5542,C,Cloud to Cloud,2026-02-06T16:47:20.589+08:00
2026-02-07 11:58:21,2026-02-06T16:48:00+08:00,2026-02-06T16:50:02+08:00,1.6463,103.4464,C,Cloud to Cloud,2026-02-06T16:47:20.777+08:00
2026-02-07 11:58:21,2026-02-06T16:48:00+08:00,2026-02-06T16:50:02+08:00,1.6253,103.4375,C,Cloud to Cloud,2026-02-06T16:47:20.802+08:00
2026-02-07 11:58:21,2026-02-06T16:48:00+08:00,2026-02-06T16:50:02+08:00,1.6415,103.4309,C,Cloud to Cloud,2026-02-06T16:47:20.858+08:00
2026-02-07 11:58:21,2026-02-06T16:48:00+08:00,2026-02-06T16:50:02+08:00,1.6185,103.4532,C,Cloud to Cloud,2026-02-06T16:47:45.518+08:00
2026-02-07 11:58:21,2026-02-06T16:48:00+08:00,2026-02-06T16:50:02+08:00,1.6153,103.4662,C,Cloud to Cloud,2026-02-06T16:47:45.518+08:00
2026-02-07 11:58:21,2026-02-06T16:46:00+08:00,2026-02-06T16:48:03+08:00,1.2783,103.6868,C,Cloud to Cloud,2026-02-06T16:45:17.513+08:00
2026-02-07 11:58:21,2026-02-06T16:46:00+08:00,2026-02-06T16:48:03+08:00,1.2736,103.6796,C,Cloud to Cloud,2026-02-06T16:45:17.514+08:00
2026-02-07 11:58:21,2026-02-06T16:46:00+08:00,2026-02-06T16:48:03+08:00,1.2875,103.7005,C,Cloud to Cloud,2026-02-06T16:45:17.514+08:00
2026-02-07 11:58:21,2026-02-06T16:46:00+08:00,2026-02-06T16:48:03+08:00,1.272,103.6792,C,Cloud to Cloud,2026-02-06T16:45:17.514+08:00
2026-02-07 11:58:21,2026-02-06T16:46:00+08:00,2026-02-06T16:48:03+08:00,1.289,103.6895,C,Cloud to Cloud,2026-02-06T16:45:17.514+08:00
2026-02-07 11:58:21,2026-02-06T16:46:00+08:00,2026-02-06T16:48:03+08:00,1.2838,103.7005,C,Cloud to Cloud,2026-02-06T16:45:17.514+08:00
2026-02-07 11:58:21,2026-02-06T16:46:00+08:00,2026-02-06T16:48:03+08:00,1.2898,103.6887,C,Cloud to Cloud,2026-02-06T16:45:17.514+08:00
2026-02-07 11:58:21,2026-02-06T16:46:00+08:00,2026-02-06T16:48:03+08:00,1.2889,103.6907,C,Cloud to Cloud,2026-02-06T16:45:17.514+08:00
2026-02-07 11:58:21,2026-02-06T16:46:00+08:00,2026-02-06T16:48:03+08:00,1.2907,103.6896,C,Cloud to Cloud,2026-02-06T16:45:17.514+08:00
2026-02-07 11:58:21,2026-02-06T16:46:00+08:00,2026-02-06T16:48:03+08:00,1.289,103.6912,C,Cloud to Cloud,2026-02-06T16:45:17.514+08:00
2026-02-07 11:58:21,2026-02-06T16:46:00+08:00,2026-02-06T16:48:03+08:00,1.2896,103.6903,C,Cloud to Cloud,2026-02-06T16:45:17.514+08:00
2026-02-07 11:58:21,2026-02-06T16:46:00+08:00,2026-02-06T16:48:03+08:00,1.3158,103.5557,C,Cloud to Cloud,2026-02-06T16:45:37.495+08:00
2026-02-07 11:58:21,2026-02-06T16:46:00+08:00,2026-02-06T16:48:03+08:00,1.3163,103.556,C,Cloud to Cloud,2026-02-06T16:45:37.496+08:00
2026-02-07 11:58:21,2026-02-06T16:46:00+08:00,2026-02-06T16:48:03+08:00,1.3152,103.5544,C,Cloud to Cloud,2026-02-06T16:45:37.496+08:00
2026-02-07 11:58:21,2026-02-06T16:46:00+08:00,2026-02-06T16:48:03+08:00,1.3038,103.6538,C,Cloud to Cloud,2026-02-06T16:45:37.496+08:00
2026-02-07 11:58:21,2026-02-06T16:46:00+08:00,2026-02-06T16:48:03+08:00,1.314,103.5531,C,Cloud to Cloud,2026-02-06T16:45:37.496+08:00
2026-02-07 11:58:21,2026-02-06T16:46:00+08:00,2026-02-06T16:48:03+08:00,1.3142,103.5528,C,Cloud to Cloud,2026-02-06T16:45:37.496+08:00
2026-02-07 11:58:21,2026-02-06T16:46:00+08:00,2026-02-06T16:48:03+08:00,1.3014,103.6546,C,Cloud to Cloud,2026-02-06T16:45:37.496+08:00
2026-02-07 11:58:21,2026-02-06T16:46:00+08:00,2026-02-06T16:48:03+08:00,1.3158,103.5557,C,Cloud to Cloud,2026-02-06T16:45:37.496+08:00
2026-02-07 11:58:21,2026-02-06T16:46:00+08:00,2026-02-06T16:48:03+08:00,1.3166,103.5556,C,Cloud to Cloud,2026-02-06T16:45:37.496+08:00
2026-02-07 11:58:21,2026-02-06T16:46:00+08:00,2026-02-06T16:48:03+08:00,1.3153,103.5546,C,Cloud to Cloud,2026-02-06T16:45:37.496+08:00
2026-02-07 11:58:21,2026-02-06T16:46:00+08:00,2026-02-06T16:48:03+08:00,1.3164,103.5566,C,Cloud to Cloud,2026-02-06T16:45:37.496+08:00
2026-02-07 11:58:21,2026-02-06T16:46:00+08:00,2026-02-06T16:48:03+08:00,1.3148,103.5533,C,Cloud to Cloud,2026-02-06T16:45:37.496+08:00
2026-02-07 11:58:21,2026-02-06T16:46:00+08:00,2026-02-06T16:48:03+08:00,1.3067,103.6435,C,Cloud to Cloud,2026-02-06T16:45:37.497+08:00
2026-02-07 11:58:21,2026-02-06T16:46:00+08:00,2026-02-06T16:48:03+08:00,1.3007,103.6605,C,Cloud to Cloud,2026-02-06T16:45:37.498+08:00
2026-02-07 11:58:21,2026-02-06T16:46:00+08:00,2026-02-06T16:48:03+08:00,1.3241,103.4917,C,Cloud to Cloud,2026-02-06T16:45:37.52+08:00
2026-02-07 11:58:21,2026-02-06T16:46:00+08:00,2026-02-06T16:48:03+08:00,1.3254,103.5725,G,Cloud to Ground,2026-02-06T16:45:37.531+08:00
2026-02-07 11:58:21,2026-02-06T16:46:00+08:00,2026-02-06T16:48:03+08:00,1.3383,103.5865,G,Cloud to Ground,2026-02-06T16:45:37.613+08:00
2026-02-07 11:58:21,2026-02-06T16:46:00+08:00,2026-02-06T16:48:03+08:00,1.623,103.4471,C,Cloud to Cloud,2026-02-06T16:45:46.768+08:00
2026-02-07 11:58:21,2026-02-06T16:46:00+08:00,2026-02-06T16:48:03+08:00,1.5212,103.5248,C,Cloud to Cloud,2026-02-06T16:45:47.152+08:00
2026-02-07 11:58:21,2026-02-06T16:44:00+08:00,2026-02-06T16:46:03+08:00,1.4538,103.6075,C,Cloud to Cloud,2026-02-06T16:42:46.342+08:00
2026-02-07 11:58:21,2026-02-06T16:44:00+08:00,2026-02-06T16:46:03+08:00,1.4648,103.6007,C,Cloud to Cloud,2026-02-06T16:42:46.342+08:00
2026-02-07 11:58:21,2026-02-06T16:44:00+08:00,2026-02-06T16:46:03+08:00,1.4316,103.6343,C,Cloud to Cloud,2026-02-06T16:42:46.342+08:00
2026-02-07 11:58:21,2026-02-06T16:44:00+08:00,2026-02-06T16:46:03+08:00,1.4317,103.635,C,Cloud to Cloud,2026-02-06T16:42:46.342+08:00
2026-02-07 11:58:21,2026-02-06T16:44:00+08:00,2026-02-06T16:46:03+08:00,1.417,103.6504,C,Cloud to Cloud,2026-02-06T16:42:46.342+08:00
2026-02-07 11:58:21,2026-02-06T16:44:00+08:00,2026-02-06T16:46:03+08:00,1.3231,103.5572,C,Cloud to Cloud,2026-02-06T16:42:48.82+08:00
2026-02-07 11:58:21,2026-02-06T16:44:00+08:00,2026-02-06T16:46:03+08:00,1.2954,103.7202,C,Cloud to Cloud,2026-02-06T16:43:03.561+08:00
2026-02-07 11:58:21,2026-02-06T16:44:00+08:00,2026-02-06T16:46:03+08:00,1.2917,103.6872,C,Cloud to Cloud,2026-02-06T16:43:47.863+08:00
2026-02-07 11:58:21,2026-02-06T16:44:00+08:00,2026-02-06T16:46:03+08:00,1.3373,103.6798,C,Cloud to Cloud,2026-02-06T16:43:48.017+08:00
2026-02-07 11:58:21,2026-02-06T16:44:00+08:00,2026-02-06T16:46:03+08:00,1.3128,103.6876,C,Cloud to Cloud,2026-02-06T16:43:48.027+08:00
2026-02-07 11:58:21,2026-02-06T16:44:00+08:00,2026-02-06T16:46:03+08:00,1.2813,103.6832,C,Cloud to Cloud,2026-02-06T16:43:48.038+08:00
2026-02-07 11:58:21,2026-02-06T16:44:00+08:00,2026-02-06T16:46:03+08:00,1.2968,103.6923,C,Cloud to Cloud,2026-02-06T16:43:48.038+08:00
2026-02-07 11:58:21,2026-02-06T16:44:00+08:00,2026-02-06T16:46:03+08:00,1.295,103.6906,C,Cloud to Cloud,2026-02-06T16:43:48.038+08:00
2026-02-07 11:58:21,2026-02-06T16:44:00+08:00,2026-02-06T16:46:03+08:00,1.3393,103.6864,C,Cloud to Cloud,2026-02-06T16:43:48.112+08:00
2026-02-07 11:58:21,2026-02-06T16:44:00+08:00,2026-02-06T16:46:03+08:00,1.3112,103.685,C,Cloud to Cloud,2026-02-06T16:43:48.126+08:00
2026-02-07 11:58:21,2026-02-06T16:44:00+08:00,2026-02-06T16:46:03+08:00,1.3108,103.6852,C,Cloud to Cloud,2026-02-06T16:43:48.126+08:00
2026-02-07 11:58:21,2026-02-06T16:44:00+08:00,2026-02-06T16:46:03+08:00,1.292,103.6834,C,Cloud to Cloud,2026-02-06T16:43:48.126+08:00
2026-02-07 11:58:21,2026-02-06T16:44:00+08:00,2026-02-06T16:46:03+08:00,1.3045,103.6893,C,Cloud to Cloud,2026-02-06T16:43:48.126+08:00
2026-02-07 11:58:21,2026-02-06T16:44:00+08:00,2026-02-06T16:46:03+08:00,1.3045,103.6893,C,Cloud to Cloud,2026-02-06T16:43:48.126+08:00
2026-02-07 11:58:21,2026-02-06T16:44:00+08:00,2026-02-06T16:46:03+08:00,1.2815,103.6768,C,Cloud to Cloud,2026-02-06T16:43:48.126+08:00
2026-02-07 11:58:21,2026-02-06T16:44:00+08:00,2026-02-06T16:46:03+08:00,1.2933,103.6917,C,Cloud to Cloud,2026-02-06T16:43:48.126+08:00
2026-02-07 11:58:21,2026-02-06T16:44:00+08:00,2026-02-06T16:46:03+08:00,1.2948,103.6898,C,Cloud to Cloud,2026-02-06T16:43:48.126+08:00
2026-02-07 11:58:21,2026-02-06T16:44:00+08:00,2026-02-06T16:46:03+08:00,1.2939,103.6885,C,Cloud to Cloud,2026-02-06T16:43:48.126+08:00
2026-02-07 11:58:21,2026-02-06T16:44:00+08:00,2026-02-06T16:46:03+08:00,1.2852,103.6837,C,Cloud to Cloud,2026-02-06T16:43:48.126+08:00
2026-02-07 11:58:21,2026-02-06T16:44:00+08:00,2026-02-06T16:46:03+08:00,1.2952,103.6903,C,Cloud to Cloud,2026-02-06T16:43:48.127+08:00
2026-02-07 11:58:21,2026-02-06T16:44:00+08:00,2026-02-06T16:46:03+08:00,1.2825,103.6751,C,Cloud to Cloud,2026-02-06T16:43:48.127+08:00
2026-02-07 11:58:21,2026-02-06T16:44:00+08:00,2026-02-06T16:46:03+08:00,1.3052,103.6889,C,Cloud to Cloud,2026-02-06T16:43:48.127+08:00
2026-02-07 11:58:21,2026-02-06T16:44:00+08:00,2026-02-06T16:46:03+08:00,1.2743,103.6865,C,Cloud to Cloud,2026-02-06T16:43:48.13+08:00
2026-02-07 11:58:21,2026-02-06T16:44:00+08:00,2026-02-06T16:46:03+08:00,1.3146,103.6817,C,Cloud to Cloud,2026-02-06T16:43:48.132+08:00
2026-02-07 11:58:21,2026-02-06T16:44:00+08:00,2026-02-06T16:46:03+08:00,1.2861,103.6434,C,Cloud to Cloud,2026-02-06T16:43:48.132+08:00
2026-02-07 11:58:21,2026-02-06T16:44:00+08:00,2026-02-06T16:46:03+08:00,1.5976,103.4526,C,Cloud to Cloud,2026-02-06T16:43:52.84+08:00
2026-02-07 11:58:21,2026-02-06T16:44:00+08:00,2026-02-06T16:46:03+08:00,1.5378,103.5272,C,Cloud to Cloud,2026-02-06T16:43:53.08+08:00
2026-02-07 11:58:21,2026-02-06T16:44:00+08:00,2026-02-06T16:46:03+08:00,1.5378,103.5272,C,Cloud to Cloud,2026-02-06T16:43:53.08+08:00
2026-02-07 11:58:21,2026-02-06T16:44:00+08:00,2026-02-06T16:46:03+08:00,1.6291,103.4633,C,Cloud to Cloud,2026-02-06T16:43:53.09+08:00
2026-02-07 11:58:21,2026-02-06T16:44:00+08:00,2026-02-06T16:46:03+08:00,1.6396,103.4425,C,Cloud to Cloud,2026-02-06T16:43:53.09+08:00
2026-02-07 11:58:21,2026-02-06T16:42:00+08:00,2026-02-06T16:44:03+08:00,1.3353,103.678,C,Cloud to Cloud,2026-02-06T16:40:57.02+08:00
2026-02-07 11:58:21,2026-02-06T16:42:00+08:00,2026-02-06T16:44:03+08:00,1.3187,103.6619,C,Cloud to Cloud,2026-02-06T16:40:57.02+08:00
2026-02-07 11:58:21,2026-02-06T16:42:00+08:00,2026-02-06T16:44:03+08:00,1.3358,103.6788,C,Cloud to Cloud,2026-02-06T16:40:57.02+08:00
2026-02-07 11:58:21,2026-02-06T16:42:00+08:00,2026-02-06T16:44:03+08:00,1.3277,103.6681,C,Cloud to Cloud,2026-02-06T16:40:57.02+08:00
2026-02-07 11:58:21,2026-02-06T16:42:00+08:00,2026-02-06T16:44:03+08:00,1.3228,103.6906,C,Cloud to Cloud,2026-02-06T16:40:57.02+08:00
2026-02-07 11:58:21,2026-02-06T16:42:00+08:00,2026-02-06T16:44:03+08:00,1.3359,103.6797,C,Cloud to Cloud,2026-02-06T16:40:57.02+08:00
2026-02-07 11:58:21,2026-02-06T16:42:00+08:00,2026-02-06T16:44:03+08:00,1.319,103.6637,C,Cloud to Cloud,2026-02-06T16:40:57.021+08:00
2026-02-07 11:58:21,2026-02-06T16:42:00+08:00,2026-02-06T16:44:03+08:00,1.3369,103.6774,C,Cloud to Cloud,2026-02-06T16:40:57.021+08:00
2026-02-07 11:58:21,2026-02-06T16:42:00+08:00,2026-02-06T16:44:03+08:00,1.3255,103.6672,C,Cloud to Cloud,2026-02-06T16:40:57.021+08:00
2026-02-07 11:58:21,2026-02-06T16:42:00+08:00,2026-02-06T16:44:03+08:00,1.3361,103.6801,C,Cloud to Cloud,2026-02-06T16:40:57.021+08:00
2026-02-07 11:58:21,2026-02-06T16:42:00+08:00,2026-02-06T16:44:03+08:00,1.3388,103.679,C,Cloud to Cloud,2026-02-06T16:40:57.021+08:00
2026-02-07 11:58:21,2026-02-06T16:42:00+08:00,2026-02-06T16:44:03+08:00,1.3377,103.6777,C,Cloud to Cloud,2026-02-06T16:40:57.021+08:00
2026-02-07 11:58:21,2026-02-06T16:42:00+08:00,2026-02-06T16:44:03+08:00,1.3319,103.6776,C,Cloud to Cloud,2026-02-06T16:40:57.021+08:00
2026-02-07 11:58:21,2026-02-06T16:42:00+08:00,2026-02-06T16:44:03+08:00,1.3321,103.6778,C,Cloud to Cloud,2026-02-06T16:40:57.021+08:00
2026-02-07 11:58:21,2026-02-06T16:42:00+08:00,2026-02-06T16:44:03+08:00,1.3384,103.6751,C,Cloud to Cloud,2026-02-06T16:40:57.022+08:00
2026-02-07 11:58:21,2026-02-06T16:42:00+08:00,2026-02-06T16:44:03+08:00,1.3334,103.6716,C,Cloud to Cloud,2026-02-06T16:40:57.022+08:00
2026-02-07 11:58:21,2026-02-06T16:42:00+08:00,2026-02-06T16:44:03+08:00,1.3395,103.6764,C,Cloud to Cloud,2026-02-06T16:40:57.022+08:00
2026-02-07 11:58:21,2026-02-06T16:42:00+08:00,2026-02-06T16:44:03+08:00,1.3348,103.6734,C,Cloud to Cloud,2026-02-06T16:40:57.022+08:00
2026-02-07 11:58:21,2026-02-06T16:42:00+08:00,2026-02-06T16:44:03+08:00,1.3386,103.6758,C,Cloud to Cloud,2026-02-06T16:40:57.022+08:00
2026-02-07 11:58:21,2026-02-06T16:42:00+08:00,2026-02-06T16:44:03+08:00,1.3374,103.6722,C,Cloud to Cloud,2026-02-06T16:40:57.022+08:00
2026-02-07 11:58:21,2026-02-06T16:42:00+08:00,2026-02-06T16:44:03+08:00,1.335,103.6727,C,Cloud to Cloud,2026-02-06T16:40:57.022+08:00
2026-02-07 11:58:21,2026-02-06T16:42:00+08:00,2026-02-06T16:44:03+08:00,1.3377,103.676,C,Cloud to Cloud,2026-02-06T16:40:57.022+08:00
2026-02-07 11:58:21,2026-02-06T16:42:00+08:00,2026-02-06T16:44:03+08:00,1.339,103.6743,C,Cloud to Cloud,2026-02-06T16:40:57.022+08:00
2026-02-07 11:58:21,2026-02-06T16:42:00+08:00,2026-02-06T16:44:03+08:00,1.3391,103.6759,C,Cloud to Cloud,2026-02-06T16:40:57.022+08:00
2026-02-07 11:58:21,2026-02-06T16:42:00+08:00,2026-02-06T16:44:03+08:00,1.3391,103.6754,C,Cloud to Cloud,2026-02-06T16:40:57.023+08:00
2026-02-07 11:58:21,2026-02-06T16:42:00+08:00,2026-02-06T16:44:03+08:00,1.3356,103.6709,C,Cloud to Cloud,2026-02-06T16:40:57.023+08:00
2026-02-07 11:58:21,2026-02-06T16:42:00+08:00,2026-02-06T16:44:03+08:00,1.3192,103.6538,C,Cloud to Cloud,2026-02-06T16:40:57.023+08:00
2026-02-07 11:58:21,2026-02-06T16:42:00+08:00,2026-02-06T16:44:03+08:00,1.3398,103.6746,C,Cloud to Cloud,2026-02-06T16:40:57.023+08:00
2026-02-07 11:58:21,2026-02-06T16:42:00+08:00,2026-02-06T16:44:03+08:00,1.3187,103.6574,C,Cloud to Cloud,2026-02-06T16:40:57.023+08:00
2026-02-07 11:58:21,2026-02-06T16:42:00+08:00,2026-02-06T16:44:03+08:00,1.339,103.6753,C,Cloud to Cloud,2026-02-06T16:40:57.023+08:00
2026-02-07 11:58:21,2026-02-06T16:42:00+08:00,2026-02-06T16:44:03+08:00,1.3398,103.6723,C,Cloud to Cloud,2026-02-06T16:40:57.023+08:00
2026-02-07 11:58:21,2026-02-06T16:42:00+08:00,2026-02-06T16:44:03+08:00,1.3248,103.6551,C,Cloud to Cloud,2026-02-06T16:40:57.023+08:00
2026-02-07 11:58:21,2026-02-06T16:42:00+08:00,2026-02-06T16:44:03+08:00,1.3307,103.6647,C,Cloud to Cloud,2026-02-06T16:40:57.024+08:00
2026-02-07 11:58:21,2026-02-06T16:42:00+08:00,2026-02-06T16:44:03+08:00,1.339,103.6723,C,Cloud to Cloud,2026-02-06T16:40:57.024+08:00
2026-02-07 11:58:21,2026-02-06T16:42:00+08:00,2026-02-06T16:44:03+08:00,1.3193,103.652,C,Cloud to Cloud,2026-02-06T16:40:57.024+08:00
2026-02-07 11:58:21,2026-02-06T16:42:00+08:00,2026-02-06T16:44:03+08:00,1.3386,103.6718,C,Cloud to Cloud,2026-02-06T16:40:57.024+08:00
2026-02-07 11:58:21,2026-02-06T16:42:00+08:00,2026-02-06T16:44:03+08:00,1.3184,103.6508,C,Cloud to Cloud,2026-02-06T16:40:57.024+08:00
2026-02-07 11:58:21,2026-02-06T16:42:00+08:00,2026-02-06T16:44:03+08:00,1.3183,103.6573,C,Cloud to Cloud,2026-02-06T16:40:57.024+08:00
2026-02-07 11:58:21,2026-02-06T16:42:00+08:00,2026-02-06T16:44:03+08:00,1.3192,103.6535,C,Cloud to Cloud,2026-02-06T16:40:57.024+08:00
2026-02-07 11:58:21,2026-02-06T16:42:00+08:00,2026-02-06T16:44:03+08:00,1.3391,103.6712,C,Cloud to Cloud,2026-02-06T16:40:57.025+08:00
2026-02-07 11:58:21,2026-02-06T16:42:00+08:00,2026-02-06T16:44:03+08:00,1.3316,103.661,C,Cloud to Cloud,2026-02-06T16:40:57.025+08:00
2026-02-07 11:58:21,2026-02-06T16:42:00+08:00,2026-02-06T16:44:03+08:00,1.3511,103.6772,C,Cloud to Cloud,2026-02-06T16:40:57.025+08:00
2026-02-07 11:58:21,2026-02-06T16:42:00+08:00,2026-02-06T16:44:03+08:00,1.3444,103.6777,C,Cloud to Cloud,2026-02-06T16:40:57.025+08:00
2026-02-07 11:58:21,2026-02-06T16:42:00+08:00,2026-02-06T16:44:03+08:00,1.3205,103.6529,C,Cloud to Cloud,2026-02-06T16:40:57.025+08:00
2026-02-07 11:58:21,2026-02-06T16:42:00+08:00,2026-02-06T16:44:03+08:00,1.3389,103.669,C,Cloud to Cloud,2026-02-06T16:40:57.025+08:00
2026-02-07 11:58:21,2026-02-06T16:42:00+08:00,2026-02-06T16:44:03+08:00,1.3284,103.6608,C,Cloud to Cloud,2026-02-06T16:40:57.025+08:00
2026-02-07 11:58:21,2026-02-06T16:42:00+08:00,2026-02-06T16:44:03+08:00,1.3483,103.6746,C,Cloud to Cloud,2026-02-06T16:40:57.025+08:00
2026-02-07 11:58:21,2026-02-06T16:42:00+08:00,2026-02-06T16:44:03+08:00,1.3495,103.6763,C,Cloud to Cloud,2026-02-06T16:40:57.025+08:00
2026-02-07 11:58:21,2026-02-06T16:42:00+08:00,2026-02-06T16:44:03+08:00,1.325,103.6512,C,Cloud to Cloud,2026-02-06T16:40:57.026+08:00
2026-02-07 11:58:21,2026-02-06T16:42:00+08:00,2026-02-06T16:44:03+08:00,1.3437,103.6763,C,Cloud to Cloud,2026-02-06T16:40:57.026+08:00
2026-02-07 11:58:21,2026-02-06T16:42:00+08:00,2026-02-06T16:44:03+08:00,1.3504,103.6776,C,Cloud to Cloud,2026-02-06T16:40:57.026+08:00
2026-02-07 11:58:21,2026-02-06T16:42:00+08:00,2026-02-06T16:44:03+08:00,1.3391,103.6686,C,Cloud to Cloud,2026-02-06T16:40:57.026+08:00
2026-02-07 11:58:21,2026-02-06T16:42:00+08:00,2026-02-06T16:44:03+08:00,1.3189,103.6515,C,Cloud to Cloud,2026-02-06T16:40:57.026+08:00
2026-02-07 11:58:21,2026-02-06T16:42:00+08:00,2026-02-06T16:44:03+08:00,1.3464,103.6734,C,Cloud to Cloud,2026-02-06T16:40:57.026+08:00
2026-02-07 11:58:21,2026-02-06T16:42:00+08:00,2026-02-06T16:44:03+08:00,1.3538,103.6767,C,Cloud to Cloud,2026-02-06T16:40:57.026+08:00
2026-02-07 11:58:21,2026-02-06T16:42:00+08:00,2026-02-06T16:44:03+08:00,1.3409,103.6699,C,Cloud to Cloud,2026-02-06T16:40:57.026+08:00
2026-02-07 11:58:21,2026-02-06T16:42:00+08:00,2026-02-06T16:44:03+08:00,1.3538,103.6743,C,Cloud to Cloud,2026-02-06T16:40:57.026+08:00
2026-02-07 11:58:21,2026-02-06T16:42:00+08:00,2026-02-06T16:44:03+08:00,1.3265,103.7213,C,Cloud to Cloud,2026-02-06T16:40:57.027+08:00
2026-02-07 11:58:21,2026-02-06T16:42:00+08:00,2026-02-06T16:44:03+08:00,1.3364,103.7103,C,Cloud to Cloud,2026-02-06T16:40:57.027+08:00
2026-02-07 11:58:21,2026-02-06T16:42:00+08:00,2026-02-06T16:44:03+08:00,1.3321,103.7178,C,Cloud to Cloud,2026-02-06T16:40:57.027+08:00
2026-02-07 11:58:21,2026-02-06T16:42:00+08:00,2026-02-06T16:44:03+08:00,1.3328,103.7207,C,Cloud to Cloud,2026-02-06T16:40:57.027+08:00
2026-02-07 11:58:21,2026-02-06T16:42:00+08:00,2026-02-06T16:44:03+08:00,1.3253,103.7261,C,Cloud to Cloud,2026-02-06T16:40:57.027+08:00
2026-02-07 11:58:21,2026-02-06T16:42:00+08:00,2026-02-06T16:44:03+08:00,1.337,103.7122,C,Cloud to Cloud,2026-02-06T16:40:57.028+08:00
2026-02-07 11:58:21,2026-02-06T16:42:00+08:00,2026-02-06T16:44:03+08:00,1.3324,103.72,C,Cloud to Cloud,2026-02-06T16:40:57.028+08:00
2026-02-07 11:58:21,2026-02-06T16:42:00+08:00,2026-02-06T16:44:03+08:00,1.3249,103.6364,C,Cloud to Cloud,2026-02-06T16:40:57.028+08:00
2026-02-07 11:58:21,2026-02-06T16:42:00+08:00,2026-02-06T16:44:03+08:00,1.3373,103.7129,C,Cloud to Cloud,2026-02-06T16:40:57.028+08:00
2026-02-07 11:58:21,2026-02-06T16:42:00+08:00,2026-02-06T16:44:03+08:00,1.339,103.6414,C,Cloud to Cloud,2026-02-06T16:40:57.028+08:00
2026-02-07 11:58:21,2026-02-06T16:42:00+08:00,2026-02-06T16:44:03+08:00,1.3385,103.7154,C,Cloud to Cloud,2026-02-06T16:40:57.028+08:00
2026-02-07 11:58:21,2026-02-06T16:42:00+08:00,2026-02-06T16:44:03+08:00,1.3347,103.6393,C,Cloud to Cloud,2026-02-06T16:40:57.028+08:00
2026-02-07 11:58:21,2026-02-06T16:42:00+08:00,2026-02-06T16:44:03+08:00,1.3359,103.7178,C,Cloud to Cloud,2026-02-06T16:40:57.028+08:00
2026-02-07 11:58:21,2026-02-06T16:42:00+08:00,2026-02-06T16:44:03+08:00,1.3362,103.7179,C,Cloud to Cloud,2026-02-06T16:40:57.029+08:00
2026-02-07 11:58:21,2026-02-06T16:42:00+08:00,2026-02-06T16:44:03+08:00,1.3346,103.7166,C,Cloud to Cloud,2026-02-06T16:40:57.029+08:00
2026-02-07 11:58:21,2026-02-06T16:42:00+08:00,2026-02-06T16:44:03+08:00,1.3429,103.7096,C,Cloud to Cloud,2026-02-06T16:40:57.029+08:00
2026-02-07 11:58:21,2026-02-06T16:42:00+08:00,2026-02-06T16:44:03+08:00,1.3385,103.7077,C,Cloud to Cloud,2026-02-06T16:40:57.029+08:00
2026-02-07 11:58:21,2026-02-06T16:42:00+08:00,2026-02-06T16:44:03+08:00,1.3667,103.6738,C,Cloud to Cloud,2026-02-06T16:40:57.03+08:00
2026-02-07 11:58:21,2026-02-06T16:42:00+08:00,2026-02-06T16:44:03+08:00,1.3667,103.6738,C,Cloud to Cloud,2026-02-06T16:40:57.03+08:00
2026-02-07 11:58:21,2026-02-06T16:42:00+08:00,2026-02-06T16:44:03+08:00,1.3609,103.6628,C,Cloud to Cloud,2026-02-06T16:40:57.03+08:00
2026-02-07 11:58:21,2026-02-06T16:42:00+08:00,2026-02-06T16:44:03+08:00,1.3609,103.6628,C,Cloud to Cloud,2026-02-06T16:40:57.03+08:00
2026-02-07 11:58:21,2026-02-06T16:42:00+08:00,2026-02-06T16:44:03+08:00,1.3555,103.658,C,Cloud to Cloud,2026-02-06T16:40:57.031+08:00
2026-02-07 11:58:21,2026-02-06T16:42:00+08:00,2026-02-06T16:44:03+08:00,1.3555,103.658,C,Cloud to Cloud,2026-02-06T16:40:57.031+08:00
2026-02-07 11:58:21,2026-02-06T16:42:00+08:00,2026-02-06T16:44:03+08:00,1.3508,103.6513,C,Cloud to Cloud,2026-02-06T16:40:57.031+08:00
2026-02-07 11:58:21,2026-02-06T16:42:00+08:00,2026-02-06T16:44:03+08:00,1.3513,103.6526,C,Cloud to Cloud,2026-02-06T16:40:57.031+08:00
2026-02-07 11:58:21,2026-02-06T16:42:00+08:00,2026-02-06T16:44:03+08:00,1.3544,103.655,C,Cloud to Cloud,2026-02-06T16:40:57.031+08:00
2026-02-07 11:58:21,2026-02-06T16:42:00+08:00,2026-02-06T16:44:03+08:00,1.3525,103.6572,C,Cloud to Cloud,2026-02-06T16:40:57.032+08:00
2026-02-07 11:58:21,2026-02-06T16:42:00+08:00,2026-02-06T16:44:03+08:00,1.3525,103.6572,C,Cloud to Cloud,2026-02-06T16:40:57.032+08:00
2026-02-07 11:58:21,2026-02-06T16:42:00+08:00,2026-02-06T16:44:03+08:00,1.3371,103.6374,C,Cloud to Cloud,2026-02-06T16:40:57.032+08:00
2026-02-07 11:58:21,2026-02-06T16:42:00+08:00,2026-02-06T16:44:03+08:00,1.3367,103.6369,C,Cloud to Cloud,2026-02-06T16:40:57.032+08:00
2026-02-07 11:58:21,2026-02-06T16:42:00+08:00,2026-02-06T16:44:03+08:00,1.3548,103.6582,C,Cloud to Cloud,2026-02-06T16:40:57.032+08:00
2026-02-07 11:58:21,2026-02-06T16:42:00+08:00,2026-02-06T16:44:03+08:00,1.3618,103.6628,C,Cloud to Cloud,2026-02-06T16:40:57.033+08:00
2026-02-07 11:58:21,2026-02-06T16:42:00+08:00,2026-02-06T16:44:03+08:00,1.3618,103.6628,C,Cloud to Cloud,2026-02-06T16:40:57.033+08:00
2026-02-07 11:58:21,2026-02-06T16:42:00+08:00,2026-02-06T16:44:03+08:00,1.4213,103.6274,C,Cloud to Cloud,2026-02-06T16:40:57.034+08:00
2026-02-07 11:58:21,2026-02-06T16:42:00+08:00,2026-02-06T16:44:03+08:00,1.3761,103.6761,C,Cloud to Cloud,2026-02-06T16:40:57.034+08:00
2026-02-07 11:58:21,2026-02-06T16:42:00+08:00,2026-02-06T16:44:03+08:00,1.3761,103.6761,C,Cloud to Cloud,2026-02-06T16:40:57.034+08:00
2026-02-07 11:58:21,2026-02-06T16:42:00+08:00,2026-02-06T16:44:03+08:00,1.3812,103.677,C,Cloud to Cloud,2026-02-06T16:40:57.034+08:00
2026-02-07 11:58:21,2026-02-06T16:42:00+08:00,2026-02-06T16:44:03+08:00,1.3813,103.677,C,Cloud to Cloud,2026-02-06T16:40:57.035+08:00
2026-02-07 11:58:21,2026-02-06T16:42:00+08:00,2026-02-06T16:44:03+08:00,1.3476,103.7104,C,Cloud to Cloud,2026-02-06T16:40:57.035+08:00
2026-02-07 11:58:21,2026-02-06T16:42:00+08:00,2026-02-06T16:44:03+08:00,1.3837,103.6847,C,Cloud to Cloud,2026-02-06T16:40:57.036+08:00
2026-02-07 11:58:21,2026-02-06T16:42:00+08:00,2026-02-06T16:44:03+08:00,1.3837,103.6847,C,Cloud to Cloud,2026-02-06T16:40:57.036+08:00
2026-02-07 11:58:21,2026-02-06T16:42:00+08:00,2026-02-06T16:44:03+08:00,1.3731,103.6741,C,Cloud to Cloud,2026-02-06T16:40:57.039+08:00
2026-02-07 11:58:21,2026-02-06T16:42:00+08:00,2026-02-06T16:44:03+08:00,1.3357,103.7115,C,Cloud to Cloud,2026-02-06T16:40:57.039+08:00
2026-02-07 11:58:21,2026-02-06T16:42:00+08:00,2026-02-06T16:44:03+08:00,1.3395,103.7078,C,Cloud to Cloud,2026-02-06T16:40:57.04+08:00
2026-02-07 11:58:21,2026-02-06T16:42:00+08:00,2026-02-06T16:44:03+08:00,1.3456,103.6354,C,Cloud to Cloud,2026-02-06T16:40:57.04+08:00
2026-02-07 11:58:21,2026-02-06T16:42:00+08:00,2026-02-06T16:44:03+08:00,1.3408,103.6758,C,Cloud to Cloud,2026-02-06T16:40:57.04+08:00
2026-02-07 11:58:21,2026-02-06T16:42:00+08:00,2026-02-06T16:44:03+08:00,1.3738,103.6706,C,Cloud to Cloud,2026-02-06T16:40:57.04+08:00
2026-02-07 11:58:21,2026-02-06T16:42:00+08:00,2026-02-06T16:44:03+08:00,1.3551,103.6458,C,Cloud to Cloud,2026-02-06T16:40:57.041+08:00
2026-02-07 11:58:21,2026-02-06T16:42:00+08:00,2026-02-06T16:44:03+08:00,1.3539,103.6418,C,Cloud to Cloud,2026-02-06T16:40:57.041+08:00
2026-02-07 11:58:21,2026-02-06T16:42:00+08:00,2026-02-06T16:44:03+08:00,1.355,103.6395,C,Cloud to Cloud,2026-02-06T16:40:57.041+08:00
2026-02-07 11:58:21,2026-02-06T16:42:00+08:00,2026-02-06T16:44:03+08:00,1.3531,103.6365,C,Cloud to Cloud,2026-02-06T16:40:57.041+08:00
2026-02-07 11:58:21,2026-02-06T16:42:00+08:00,2026-02-06T16:44:03+08:00,1.3559,103.6405,C,Cloud to Cloud,2026-02-06T16:40:57.041+08:00
2026-02-07 11:58:21,2026-02-06T16:42:00+08:00,2026-02-06T16:44:03+08:00,1.352,103.6317,C,Cloud to Cloud,2026-02-06T16:40:57.042+08:00
2026-02-07 11:58:21,2026-02-06T16:42:00+08:00,2026-02-06T16:44:03+08:00,1.3524,103.6433,C,Cloud to Cloud,2026-02-06T16:40:57.042+08:00
2026-02-07 11:58:21,2026-02-06T16:42:00+08:00,2026-02-06T16:44:03+08:00,1.3551,103.6413,C,Cloud to Cloud,2026-02-06T16:40:57.042+08:00
2026-02-07 11:58:21,2026-02-06T16:42:00+08:00,2026-02-06T16:44:03+08:00,1.354,103.6398,C,Cloud to Cloud,2026-02-06T16:40:57.042+08:00
2026-02-07 11:58:21,2026-02-06T16:42:00+08:00,2026-02-06T16:44:03+08:00,1.3536,103.6358,C,Cloud to Cloud,2026-02-06T16:40:57.042+08:00
2026-02-07 11:58:21,2026-02-06T16:42:00+08:00,2026-02-06T16:44:03+08:00,1.3558,103.6393,C,Cloud to Cloud,2026-02-06T16:40:57.042+08:00
2026-02-07 11:58:21,2026-02-06T16:42:00+08:00,2026-02-06T16:44:03+08:00,1.3304,103.6983,C,Cloud to Cloud,2026-02-06T16:40:57.042+08:00
2026-02-07 11:58:21,2026-02-06T16:42:00+08:00,2026-02-06T16:44:03+08:00,1.3355,103.688,C,Cloud to Cloud,2026-02-06T16:40:57.042+08:00
2026-02-07 11:58:21,2026-02-06T16:42:00+08:00,2026-02-06T16:44:03+08:00,1.3543,103.6348,C,Cloud to Cloud,2026-02-06T16:40:57.043+08:00
2026-02-07 11:58:21,2026-02-06T16:42:00+08:00,2026-02-06T16:44:03+08:00,1.3287,103.7004,C,Cloud to Cloud,2026-02-06T16:40:57.043+08:00
2026-02-07 11:58:21,2026-02-06T16:42:00+08:00,2026-02-06T16:44:03+08:00,1.3236,103.7122,C,Cloud to Cloud,2026-02-06T16:40:57.043+08:00
2026-02-07 11:58:21,2026-02-06T16:42:00+08:00,2026-02-06T16:44:03+08:00,1.3333,103.691,C,Cloud to Cloud,2026-02-06T16:40:57.043+08:00
2026-02-07 11:58:21,2026-02-06T16:42:00+08:00,2026-02-06T16:44:03+08:00,1.3258,103.6417,C,Cloud to Cloud,2026-02-06T16:40:57.072+08:00
2026-02-07 11:58:21,2026-02-06T16:42:00+08:00,2026-02-06T16:44:03+08:00,1.3258,103.6396,C,Cloud to Cloud,2026-02-06T16:40:57.075+08:00
2026-02-07 11:58:21,2026-02-06T16:42:00+08:00,2026-02-06T16:44:03+08:00,1.3267,103.6403,C,Cloud to Cloud,2026-02-06T16:40:57.075+08:00
2026-02-07 11:58:21,2026-02-06T16:42:00+08:00,2026-02-06T16:44:03+08:00,1.3246,103.6323,C,Cloud to Cloud,2026-02-06T16:40:57.075+08:00
2026-02-07 11:58:21,2026-02-06T16:42:00+08:00,2026-02-06T16:44:03+08:00,1.328,103.6418,C,Cloud to Cloud,2026-02-06T16:40:57.075+08:00
2026-02-07 11:58:21,2026-02-06T16:42:00+08:00,2026-02-06T16:44:03+08:00,1.3129,103.6167,C,Cloud to Cloud,2026-02-06T16:40:57.076+08:00
2026-02-07 11:58:21,2026-02-06T16:42:00+08:00,2026-02-06T16:44:03+08:00,1.3141,103.6284,C,Cloud to Cloud,2026-02-06T16:40:57.076+08:00
2026-02-07 11:58:21,2026-02-06T16:42:00+08:00,2026-02-06T16:44:03+08:00,1.3206,103.6387,C,Cloud to Cloud,2026-02-06T16:40:57.076+08:00
2026-02-07 11:58:21,2026-02-06T16:42:00+08:00,2026-02-06T16:44:03+08:00,1.3131,103.6223,C,Cloud to Cloud,2026-02-06T16:40:57.076+08:00
2026-02-07 11:58:21,2026-02-06T16:42:00+08:00,2026-02-06T16:44:03+08:00,1.3215,103.6172,C,Cloud to Cloud,2026-02-06T16:40:57.077+08:00
2026-02-07 11:58:21,2026-02-06T16:42:00+08:00,2026-02-06T16:44:03+08:00,1.32,103.6182,C,Cloud to Cloud,2026-02-06T16:40:57.077+08:00
2026-02-07 11:58:21,2026-02-06T16:42:00+08:00,2026-02-06T16:44:03+08:00,1.3163,103.6148,C,Cloud to Cloud,2026-02-06T16:40:57.078+08:00
2026-02-07 11:58:21,2026-02-06T16:42:00+08:00,2026-02-06T16:44:03+08:00,1.3271,103.6174,C,Cloud to Cloud,2026-02-06T16:40:57.078+08:00
2026-02-07 11:58:21,2026-02-06T16:42:00+08:00,2026-02-06T16:44:03+08:00,1.3179,103.6174,C,Cloud to Cloud,2026-02-06T16:40:57.079+08:00
2026-02-07 11:58:21,2026-02-06T16:42:00+08:00,2026-02-06T16:44:03+08:00,1.3169,103.6222,C,Cloud to Cloud,2026-02-06T16:40:57.08+08:00
2026-02-07 11:58:21,2026-02-06T16:42:00+08:00,2026-02-06T16:44:03+08:00,1.3417,103.6355,C,Cloud to Cloud,2026-02-06T16:40:57.081+08:00
2026-02-07 11:58:21,2026-02-06T16:42:00+08:00,2026-02-06T16:44:03+08:00,1.3474,103.6358,C,Cloud to Cloud,2026-02-06T16:40:57.082+08:00
2026-02-07 11:58:21,2026-02-06T16:42:00+08:00,2026-02-06T16:44:03+08:00,1.336,103.624,C,Cloud to Cloud,2026-02-06T16:40:57.083+08:00
2026-02-07 11:58:21,2026-02-06T16:42:00+08:00,2026-02-06T16:44:03+08:00,1.3303,103.6182,C,Cloud to Cloud,2026-02-06T16:40:57.083+08:00
2026-02-07 11:58:21,2026-02-06T16:42:00+08:00,2026-02-06T16:44:03+08:00,1.3241,103.6196,C,Cloud to Cloud,2026-02-06T16:40:57.084+08:00
2026-02-07 11:58:21,2026-02-06T16:42:00+08:00,2026-02-06T16:44:03+08:00,1.3375,103.6256,C,Cloud to Cloud,2026-02-06T16:40:57.087+08:00
2026-02-07 11:58:21,2026-02-06T16:42:00+08:00,2026-02-06T16:44:03+08:00,1.326,103.6158,C,Cloud to Cloud,2026-02-06T16:40:57.087+08:00
2026-02-07 11:58:21,2026-02-06T16:42:00+08:00,2026-02-06T16:44:03+08:00,1.3357,103.6298,C,Cloud to Cloud,2026-02-06T16:40:57.087+08:00
2026-02-07 11:58:21,2026-02-06T16:42:00+08:00,2026-02-06T16:44:03+08:00,1.3321,103.6184,C,Cloud to Cloud,2026-02-06T16:40:57.088+08:00
2026-02-07 11:58:21,2026-02-06T16:42:00+08:00,2026-02-06T16:44:03+08:00,1.355,103.6543,C,Cloud to Cloud,2026-02-06T16:40:57.089+08:00
2026-02-07 11:58:21,2026-02-06T16:42:00+08:00,2026-02-06T16:44:03+08:00,1.3408,103.6361,C,Cloud to Cloud,2026-02-06T16:40:57.091+08:00
2026-02-07 11:58:21,2026-02-06T16:42:00+08:00,2026-02-06T16:44:03+08:00,1.3181,103.6402,C,Cloud to Cloud,2026-02-06T16:40:57.174+08:00
2026-02-07 11:58:21,2026-02-06T16:42:00+08:00,2026-02-06T16:44:03+08:00,1.3603,103.6628,C,Cloud to Cloud,2026-02-06T16:40:57.224+08:00
2026-02-07 11:58:21,2026-02-06T16:42:00+08:00,2026-02-06T16:44:03+08:00,1.3506,103.6289,C,Cloud to Cloud,2026-02-06T16:40:57.225+08:00
2026-02-07 11:58:21,2026-02-06T16:42:00+08:00,2026-02-06T16:44:03+08:00,1.3614,103.6423,C,Cloud to Cloud,2026-02-06T16:40:57.258+08:00
2026-02-07 11:58:21,2026-02-06T16:42:00+08:00,2026-02-06T16:44:03+08:00,1.3157,103.5789,C,Cloud to Cloud,2026-02-06T16:40:57.258+08:00
2026-02-07 11:58:21,2026-02-06T16:42:00+08:00,2026-02-06T16:44:03+08:00,1.3609,103.6603,C,Cloud to Cloud,2026-02-06T16:40:57.258+08:00
2026-02-07 11:58:21,2026-02-06T16:42:00+08:00,2026-02-06T16:44:03+08:00,1.3431,103.6824,C,Cloud to Cloud,2026-02-06T16:40:57.258+08:00
2026-02-07 11:58:21,2026-02-06T16:42:00+08:00,2026-02-06T16:44:03+08:00,1.3234,103.6696,C,Cloud to Cloud,2026-02-06T16:40:57.258+08:00
2026-02-07 11:58:21,2026-02-06T16:42:00+08:00,2026-02-06T16:44:03+08:00,1.321,103.6801,C,Cloud to Cloud,2026-02-06T16:40:57.259+08:00
2026-02-07 11:58:21,2026-02-06T16:42:00+08:00,2026-02-06T16:44:03+08:00,1.3458,103.6289,C,Cloud to Cloud,2026-02-06T16:40:57.284+08:00
2026-02-07 11:58:21,2026-02-06T16:42:00+08:00,2026-02-06T16:44:03+08:00,1.3601,103.64,C,Cloud to Cloud,2026-02-06T16:40:57.285+08:00
2026-02-07 11:58:21,2026-02-06T16:42:00+08:00,2026-02-06T16:44:03+08:00,1.3533,103.6405,C,Cloud to Cloud,2026-02-06T16:40:57.285+08:00
2026-02-07 11:58:21,2026-02-06T16:42:00+08:00,2026-02-06T16:44:03+08:00,1.3579,103.6225,C,Cloud to Cloud,2026-02-06T16:40:57.304+08:00
2026-02-07 11:58:21,2026-02-06T16:42:00+08:00,2026-02-06T16:44:03+08:00,1.5376,103.5324,C,Cloud to Cloud,2026-02-06T16:41:22.901+08:00
2026-02-07 11:58:21,2026-02-06T16:42:00+08:00,2026-02-06T16:44:03+08:00,1.563,103.5674,C,Cloud to Cloud,2026-02-06T16:41:22.902+08:00
2026-02-07 11:58:21,2026-02-06T16:42:00+08:00,2026-02-06T16:44:03+08:00,1.5375,103.5682,C,Cloud to Cloud,2026-02-06T16:41:22.912+08:00
2026-02-07 11:58:21,2026-02-06T16:42:00+08:00,2026-02-06T16:44:03+08:00,1.3763,103.69,C,Cloud to Cloud,2026-02-06T16:41:57.027+08:00
2026-02-07 11:58:21,2026-02-06T16:42:00+08:00,2026-02-06T16:44:03+08:00,1.521,103.524,C,Cloud to Cloud,2026-02-06T16:41:57.04+08:00
2026-02-07 11:58:21,2026-02-06T16:42:00+08:00,2026-02-06T16:44:03+08:00,1.5088,103.5432,C,Cloud to Cloud,2026-02-06T16:41:57.04+08:00
2026-02-07 11:58:21,2026-02-06T16:42:00+08:00,2026-02-06T16:44:03+08:00,1.3851,103.6692,C,Cloud to Cloud,2026-02-06T16:41:57.373+08:00
2026-02-07 11:58:21,2026-02-06T16:40:00+08:00,2026-02-06T16:42:02+08:00,1.5577,103.5362,C,Cloud to Cloud,2026-02-06T16:38:14.096+08:00
2026-02-07 11:58:21,2026-02-06T16:40:00+08:00,2026-02-06T16:42:02+08:00,1.6224,103.534,C,Cloud to Cloud,2026-02-06T16:38:14.097+08:00
2026-02-07 11:58:21,2026-02-06T16:40:00+08:00,2026-02-06T16:42:02+08:00,1.5981,103.6018,C,Cloud to Cloud,2026-02-06T16:38:14.098+08:00
2026-02-07 11:58:21,2026-02-06T16:38:00+08:00,2026-02-06T16:40:05+08:00,1.6401,103.4439,C,Cloud to Cloud,2026-02-06T16:36:23.501+08:00
2026-02-07 11:58:21,2026-02-06T16:38:00+08:00,2026-02-06T16:40:05+08:00,1.5264,103.5391,C,Cloud to Cloud,2026-02-06T16:36:23.501+08:00
2026-02-07 11:58:21,2026-02-06T16:38:00+08:00,2026-02-06T16:40:05+08:00,1.341,103.6834,C,Cloud to Cloud,2026-02-06T16:36:59.101+08:00
2026-02-07 11:58:21,2026-02-06T16:38:00+08:00,2026-02-06T16:40:05+08:00,1.3274,103.6652,C,Cloud to Cloud,2026-02-06T16:36:59.101+08:00
2026-02-07 11:58:21,2026-02-06T16:38:00+08:00,2026-02-06T16:40:05+08:00,1.327,103.6686,C,Cloud to Cloud,2026-02-06T16:36:59.101+08:00
2026-02-07 11:58:21,2026-02-06T16:38:00+08:00,2026-02-06T16:40:05+08:00,1.3429,103.6852,C,Cloud to Cloud,2026-02-06T16:36:59.102+08:00
2026-02-07 11:58:21,2026-02-06T16:38:00+08:00,2026-02-06T16:40:05+08:00,1.3445,103.6825,C,Cloud to Cloud,2026-02-06T16:36:59.102+08:00
2026-02-07 11:58:21,2026-02-06T16:38:00+08:00,2026-02-06T16:40:05+08:00,1.3246,103.6697,C,Cloud to Cloud,2026-02-06T16:36:59.102+08:00
2026-02-07 11:58:21,2026-02-06T16:38:00+08:00,2026-02-06T16:40:05+08:00,1.3214,103.6624,C,Cloud to Cloud,2026-02-06T16:36:59.102+08:00
2026-02-07 11:58:21,2026-02-06T16:38:00+08:00,2026-02-06T16:40:05+08:00,1.3223,103.6467,C,Cloud to Cloud,2026-02-06T16:36:59.103+08:00
2026-02-07 11:58:21,2026-02-06T16:38:00+08:00,2026-02-06T16:40:05+08:00,1.3264,103.6613,C,Cloud to Cloud,2026-02-06T16:36:59.104+08:00
2026-02-07 11:58:21,2026-02-06T16:38:00+08:00,2026-02-06T16:40:05+08:00,1.3234,103.6492,C,Cloud to Cloud,2026-02-06T16:36:59.105+08:00
2026-02-07 11:58:21,2026-02-06T16:38:00+08:00,2026-02-06T16:40:05+08:00,1.3218,103.6432,C,Cloud to Cloud,2026-02-06T16:36:59.105+08:00
2026-02-07 11:58:21,2026-02-06T16:38:00+08:00,2026-02-06T16:40:05+08:00,1.3281,103.6458,C,Cloud to Cloud,2026-02-06T16:36:59.106+08:00
2026-02-07 11:58:21,2026-02-06T16:38:00+08:00,2026-02-06T16:40:05+08:00,1.3257,103.642,C,Cloud to Cloud,2026-02-06T16:36:59.106+08:00
2026-02-07 11:58:21,2026-02-06T16:38:00+08:00,2026-02-06T16:40:05+08:00,1.3218,103.6271,C,Cloud to Cloud,2026-02-06T16:36:59.106+08:00
2026-02-07 11:58:21,2026-02-06T16:38:00+08:00,2026-02-06T16:40:05+08:00,1.3249,103.6445,C,Cloud to Cloud,2026-02-06T16:36:59.107+08:00
2026-02-07 11:58:21,2026-02-06T16:38:00+08:00,2026-02-06T16:40:05+08:00,1.3566,103.6643,C,Cloud to Cloud,2026-02-06T16:36:59.107+08:00
2026-02-07 11:58:21,2026-02-06T16:38:00+08:00,2026-02-06T16:40:05+08:00,1.3212,103.6229,C,Cloud to Cloud,2026-02-06T16:36:59.108+08:00
2026-02-07 11:58:21,2026-02-06T16:38:00+08:00,2026-02-06T16:40:05+08:00,1.3573,103.6571,C,Cloud to Cloud,2026-02-06T16:36:59.109+08:00
2026-02-07 11:58:21,2026-02-06T16:38:00+08:00,2026-02-06T16:40:05+08:00,1.3595,103.6576,C,Cloud to Cloud,2026-02-06T16:36:59.109+08:00
2026-02-07 11:58:21,2026-02-06T16:38:00+08:00,2026-02-06T16:40:05+08:00,1.3574,103.6594,C,Cloud to Cloud,2026-02-06T16:36:59.11+08:00
2026-02-07 11:58:21,2026-02-06T16:38:00+08:00,2026-02-06T16:40:05+08:00,1.3152,103.6918,C,Cloud to Cloud,2026-02-06T16:36:59.111+08:00
2026-02-07 11:58:21,2026-02-06T16:38:00+08:00,2026-02-06T16:40:05+08:00,1.3291,103.6168,C,Cloud to Cloud,2026-02-06T16:36:59.112+08:00
2026-02-07 11:58:21,2026-02-06T16:38:00+08:00,2026-02-06T16:40:05+08:00,1.3234,103.6282,C,Cloud to Cloud,2026-02-06T16:36:59.114+08:00
2026-02-07 11:58:21,2026-02-06T16:38:00+08:00,2026-02-06T16:40:05+08:00,1.3321,103.656,C,Cloud to Cloud,2026-02-06T16:36:59.114+08:00
2026-02-07 11:58:21,2026-02-06T16:38:00+08:00,2026-02-06T16:40:05+08:00,1.339,103.6154,C,Cloud to Cloud,2026-02-06T16:36:59.117+08:00
2026-02-07 11:58:21,2026-02-06T16:38:00+08:00,2026-02-06T16:40:05+08:00,1.3275,103.6325,C,Cloud to Cloud,2026-02-06T16:36:59.134+08:00
2026-02-07 11:58:21,2026-02-06T16:38:00+08:00,2026-02-06T16:40:05+08:00,1.329,103.6336,C,Cloud to Cloud,2026-02-06T16:36:59.134+08:00
2026-02-07 11:58:21,2026-02-06T16:38:00+08:00,2026-02-06T16:40:05+08:00,1.3187,103.6252,C,Cloud to Cloud,2026-02-06T16:36:59.135+08:00
2026-02-07 11:58:21,2026-02-06T16:38:00+08:00,2026-02-06T16:40:05+08:00,1.3324,103.5338,C,Cloud to Cloud,2026-02-06T16:36:59.225+08:00
2026-02-07 11:58:21,2026-02-06T16:38:00+08:00,2026-02-06T16:40:05+08:00,1.3579,103.6604,C,Cloud to Cloud,2026-02-06T16:36:59.369+08:00
2026-02-07 11:58:21,2026-02-06T16:38:00+08:00,2026-02-06T16:40:05+08:00,1.3305,103.6192,C,Cloud to Cloud,2026-02-06T16:36:59.369+08:00
2026-02-07 11:58:21,2026-02-06T16:38:00+08:00,2026-02-06T16:40:05+08:00,1.335,103.596,C,Cloud to Cloud,2026-02-06T16:36:59.369+08:00
2026-02-07 11:58:21,2026-02-06T16:38:00+08:00,2026-02-06T16:40:05+08:00,1.36,103.6581,C,Cloud to Cloud,2026-02-06T16:36:59.369+08:00
2026-02-07 11:58:21,2026-02-06T16:38:00+08:00,2026-02-06T16:40:05+08:00,1.3415,103.6083,C,Cloud to Cloud,2026-02-06T16:36:59.37+08:00
2026-02-07 11:58:21,2026-02-06T16:38:00+08:00,2026-02-06T16:40:05+08:00,1.3593,103.6358,C,Cloud to Cloud,2026-02-06T16:36:59.37+08:00
2026-02-07 11:58:21,2026-02-06T16:38:00+08:00,2026-02-06T16:40:05+08:00,1.3711,103.6517,C,Cloud to Cloud,2026-02-06T16:36:59.37+08:00
2026-02-07 11:58:21,2026-02-06T16:38:00+08:00,2026-02-06T16:40:05+08:00,1.369,103.6356,C,Cloud to Cloud,2026-02-06T16:36:59.386+08:00
2026-02-07 11:58:21,2026-02-06T16:38:00+08:00,2026-02-06T16:40:05+08:00,1.5562,103.5326,C,Cloud to Cloud,2026-02-06T16:37:10.388+08:00
2026-02-07 11:58:21,2026-02-06T16:38:00+08:00,2026-02-06T16:40:05+08:00,1.5643,103.4299,C,Cloud to Cloud,2026-02-06T16:37:42.179+08:00
2026-02-07 11:58:21,2026-02-06T16:36:00+08:00,2026-02-06T16:38:02+08:00,1.4112,103.6567,C,Cloud to Cloud,2026-02-06T16:34:05.545+08:00
2026-02-07 11:58:21,2026-02-06T16:36:00+08:00,2026-02-06T16:38:02+08:00,1.6455,103.418,C,Cloud to Cloud,2026-02-06T16:34:53.37+08:00
2026-02-07 11:58:21,2026-02-06T16:36:00+08:00,2026-02-06T16:38:02+08:00,1.381,103.6355,C,Cloud to Cloud,2026-02-06T16:35:24.902+08:00
2026-02-07 11:58:21,2026-02-06T16:36:00+08:00,2026-02-06T16:38:02+08:00,1.3805,103.6354,C,Cloud to Cloud,2026-02-06T16:35:24.902+08:00
2026-02-07 11:58:21,2026-02-06T16:36:00+08:00,2026-02-06T16:38:02+08:00,1.3783,103.6358,C,Cloud to Cloud,2026-02-06T16:35:24.903+08:00
2026-02-07 11:58:21,2026-02-06T16:36:00+08:00,2026-02-06T16:38:02+08:00,1.3286,103.4873,C,Cloud to Cloud,2026-02-06T16:35:24.913+08:00
2026-02-07 11:58:21,2026-02-06T16:36:00+08:00,2026-02-06T16:38:02+08:00,1.3716,103.6336,C,Cloud to Cloud,2026-02-06T16:35:24.914+08:00
2026-02-07 11:58:21,2026-02-06T16:36:00+08:00,2026-02-06T16:38:02+08:00,1.3701,103.6309,C,Cloud to Cloud,2026-02-06T16:35:24.915+08:00
2026-02-07 11:58:21,2026-02-06T16:36:00+08:00,2026-02-06T16:38:02+08:00,1.3678,103.6296,C,Cloud to Cloud,2026-02-06T16:35:24.915+08:00
2026-02-07 11:58:21,2026-02-06T16:36:00+08:00,2026-02-06T16:38:02+08:00,1.3427,103.5849,C,Cloud to Cloud,2026-02-06T16:35:24.915+08:00
2026-02-07 11:58:21,2026-02-06T16:36:00+08:00,2026-02-06T16:38:02+08:00,1.3697,103.6329,C,Cloud to Cloud,2026-02-06T16:35:24.915+08:00
2026-02-07 11:58:21,2026-02-06T16:36:00+08:00,2026-02-06T16:38:02+08:00,1.3784,103.659,C,Cloud to Cloud,2026-02-06T16:35:24.915+08:00
2026-02-07 11:58:21,2026-02-06T16:36:00+08:00,2026-02-06T16:38:02+08:00,1.3697,103.6295,C,Cloud to Cloud,2026-02-06T16:35:24.915+08:00
2026-02-07 11:58:21,2026-02-06T16:36:00+08:00,2026-02-06T16:38:02+08:00,1.3674,103.6253,C,Cloud to Cloud,2026-02-06T16:35:24.915+08:00
2026-02-07 11:58:21,2026-02-06T16:36:00+08:00,2026-02-06T16:38:02+08:00,1.3678,103.6315,C,Cloud to Cloud,2026-02-06T16:35:24.915+08:00
2026-02-07 11:58:21,2026-02-06T16:36:00+08:00,2026-02-06T16:38:02+08:00,1.3737,103.6422,C,Cloud to Cloud,2026-02-06T16:35:24.915+08:00
2026-02-07 11:58:21,2026-02-06T16:36:00+08:00,2026-02-06T16:38:02+08:00,1.3647,103.626,C,Cloud to Cloud,2026-02-06T16:35:24.915+08:00
2026-02-07 11:58:21,2026-02-06T16:36:00+08:00,2026-02-06T16:38:02+08:00,1.3623,103.6198,C,Cloud to Cloud,2026-02-06T16:35:24.916+08:00
2026-02-07 11:58:21,2026-02-06T16:36:00+08:00,2026-02-06T16:38:02+08:00,1.3596,103.6232,C,Cloud to Cloud,2026-02-06T16:35:24.916+08:00
2026-02-07 11:58:21,2026-02-06T16:36:00+08:00,2026-02-06T16:38:02+08:00,1.3596,103.6232,C,Cloud to Cloud,2026-02-06T16:35:24.916+08:00
2026-02-07 11:58:21,2026-02-06T16:36:00+08:00,2026-02-06T16:38:02+08:00,1.3674,103.6293,C,Cloud to Cloud,2026-02-06T16:35:24.916+08:00
2026-02-07 11:58:21,2026-02-06T16:36:00+08:00,2026-02-06T16:38:02+08:00,1.3662,103.6421,C,Cloud to Cloud,2026-02-06T16:35:24.916+08:00
2026-02-07 11:58:21,2026-02-06T16:36:00+08:00,2026-02-06T16:38:02+08:00,1.3619,103.6188,C,Cloud to Cloud,2026-02-06T16:35:24.918+08:00
2026-02-07 11:58:21,2026-02-06T16:36:00+08:00,2026-02-06T16:38:02+08:00,1.3603,103.6185,C,Cloud to Cloud,2026-02-06T16:35:24.919+08:00
2026-02-07 11:58:21,2026-02-06T16:36:00+08:00,2026-02-06T16:38:02+08:00,1.3603,103.6197,C,Cloud to Cloud,2026-02-06T16:35:24.919+08:00
2026-02-07 11:58:21,2026-02-06T16:36:00+08:00,2026-02-06T16:38:02+08:00,1.3757,103.6496,C,Cloud to Cloud,2026-02-06T16:35:24.919+08:00
2026-02-07 11:58:21,2026-02-06T16:36:00+08:00,2026-02-06T16:38:02+08:00,1.3889,103.573,C,Cloud to Cloud,2026-02-06T16:35:24.919+08:00
2026-02-07 11:58:21,2026-02-06T16:36:00+08:00,2026-02-06T16:38:02+08:00,1.3667,103.6374,C,Cloud to Cloud,2026-02-06T16:35:24.92+08:00
2026-02-07 11:58:21,2026-02-06T16:36:00+08:00,2026-02-06T16:38:02+08:00,1.3646,103.6166,C,Cloud to Cloud,2026-02-06T16:35:24.92+08:00
2026-02-07 11:58:21,2026-02-06T16:36:00+08:00,2026-02-06T16:38:02+08:00,1.3555,103.6286,C,Cloud to Cloud,2026-02-06T16:35:24.962+08:00
2026-02-07 11:58:21,2026-02-06T16:36:00+08:00,2026-02-06T16:38:02+08:00,1.3746,103.6733,C,Cloud to Cloud,2026-02-06T16:35:25.025+08:00
2026-02-07 11:58:21,2026-02-06T16:36:00+08:00,2026-02-06T16:38:02+08:00,1.3746,103.6733,C,Cloud to Cloud,2026-02-06T16:35:25.025+08:00
2026-02-07 11:58:21,2026-02-06T16:36:00+08:00,2026-02-06T16:38:02+08:00,1.3742,103.6627,C,Cloud to Cloud,2026-02-06T16:35:25.035+08:00
2026-02-07 11:58:21,2026-02-06T16:36:00+08:00,2026-02-06T16:38:02+08:00,1.3424,103.6086,C,Cloud to Cloud,2026-02-06T16:35:25.077+08:00
2026-02-07 11:58:21,2026-02-06T16:36:00+08:00,2026-02-06T16:38:02+08:00,1.3481,103.6227,C,Cloud to Cloud,2026-02-06T16:35:25.077+08:00
2026-02-07 11:58:21,2026-02-06T16:36:00+08:00,2026-02-06T16:38:02+08:00,1.3733,103.6555,C,Cloud to Cloud,2026-02-06T16:35:25.119+08:00
2026-02-07 11:58:21,2026-02-06T16:36:00+08:00,2026-02-06T16:38:02+08:00,1.3582,103.6347,C,Cloud to Cloud,2026-02-06T16:35:25.119+08:00
2026-02-07 11:58:21,2026-02-06T16:36:00+08:00,2026-02-06T16:38:02+08:00,1.3643,103.6603,C,Cloud to Cloud,2026-02-06T16:35:25.119+08:00
2026-02-07 11:58:21,2026-02-06T16:36:00+08:00,2026-02-06T16:38:02+08:00,1.3753,103.6273,C,Cloud to Cloud,2026-02-06T16:35:25.159+08:00
2026-02-07 11:58:21,2026-02-06T16:36:00+08:00,2026-02-06T16:38:02+08:00,1.3625,103.6336,C,Cloud to Cloud,2026-02-06T16:35:25.159+08:00
2026-02-07 11:58:21,2026-02-06T16:36:00+08:00,2026-02-06T16:38:02+08:00,1.3779,103.6184,C,Cloud to Cloud,2026-02-06T16:35:25.216+08:00
2026-02-07 11:58:21,2026-02-06T16:36:00+08:00,2026-02-06T16:38:02+08:00,1.3759,103.6317,C,Cloud to Cloud,2026-02-06T16:35:25.216+08:00
2026-02-07 11:58:21,2026-02-06T16:36:00+08:00,2026-02-06T16:38:02+08:00,1.3596,103.6017,C,Cloud to Cloud,2026-02-06T16:35:25.257+08:00
2026-02-07 11:58:21,2026-02-06T16:36:00+08:00,2026-02-06T16:38:02+08:00,1.369,103.6228,C,Cloud to Cloud,2026-02-06T16:35:25.257+08:00
2026-02-07 11:58:21,2026-02-06T16:36:00+08:00,2026-02-06T16:38:02+08:00,1.3657,103.6359,C,Cloud to Cloud,2026-02-06T16:35:25.257+08:00
2026-02-07 11:58:21,2026-02-06T16:36:00+08:00,2026-02-06T16:38:02+08:00,1.3636,103.6334,C,Cloud to Cloud,2026-02-06T16:35:25.257+08:00
2026-02-07 11:58:21,2026-02-06T16:34:00+08:00,2026-02-06T16:36:03+08:00,1.5776,103.6101,C,Cloud to Cloud,2026-02-06T16:32:09.293+08:00
2026-02-07 11:58:21,2026-02-06T16:34:00+08:00,2026-02-06T16:36:03+08:00,1.3858,103.6747,C,Cloud to Cloud,2026-02-06T16:32:41.375+08:00
2026-02-07 11:58:21,2026-02-06T16:34:00+08:00,2026-02-06T16:36:03+08:00,1.3839,103.674,C,Cloud to Cloud,2026-02-06T16:32:41.376+08:00
2026-02-07 11:58:21,2026-02-06T16:34:00+08:00,2026-02-06T16:36:03+08:00,1.3488,103.6839,C,Cloud to Cloud,2026-02-06T16:32:41.376+08:00
2026-02-07 11:58:21,2026-02-06T16:34:00+08:00,2026-02-06T16:36:03+08:00,1.3935,103.6859,C,Cloud to Cloud,2026-02-06T16:32:41.376+08:00
2026-02-07 11:58:21,2026-02-06T16:34:00+08:00,2026-02-06T16:36:03+08:00,1.3867,103.6744,C,Cloud to Cloud,2026-02-06T16:32:41.376+08:00
2026-02-07 11:58:21,2026-02-06T16:34:00+08:00,2026-02-06T16:36:03+08:00,1.3894,103.6762,C,Cloud to Cloud,2026-02-06T16:32:41.376+08:00
2026-02-07 11:58:21,2026-02-06T16:34:00+08:00,2026-02-06T16:36:03+08:00,1.3886,103.6761,C,Cloud to Cloud,2026-02-06T16:32:41.376+08:00
2026-02-07 11:58:21,2026-02-06T16:34:00+08:00,2026-02-06T16:36:03+08:00,1.3874,103.6742,C,Cloud to Cloud,2026-02-06T16:32:41.376+08:00
2026-02-07 11:58:21,2026-02-06T16:34:00+08:00,2026-02-06T16:36:03+08:00,1.3589,103.7029,C,Cloud to Cloud,2026-02-06T16:32:41.376+08:00
2026-02-07 11:58:21,2026-02-06T16:34:00+08:00,2026-02-06T16:36:03+08:00,1.3946,103.6833,C,Cloud to Cloud,2026-02-06T16:32:41.377+08:00
2026-02-07 11:58:21,2026-02-06T16:34:00+08:00,2026-02-06T16:36:03+08:00,1.3946,103.6833,C,Cloud to Cloud,2026-02-06T16:32:41.377+08:00
2026-02-07 11:58:21,2026-02-06T16:34:00+08:00,2026-02-06T16:36:03+08:00,1.3949,103.6837,C,Cloud to Cloud,2026-02-06T16:32:41.378+08:00
2026-02-07 11:58:21,2026-02-06T16:34:00+08:00,2026-02-06T16:36:03+08:00,1.4328,103.7252,C,Cloud to Cloud,2026-02-06T16:32:41.378+08:00
2026-02-07 11:58:21,2026-02-06T16:34:00+08:00,2026-02-06T16:36:03+08:00,1.3512,103.6,C,Cloud to Cloud,2026-02-06T16:32:41.428+08:00
2026-02-07 11:58:21,2026-02-06T16:34:00+08:00,2026-02-06T16:36:03+08:00,1.3462,103.6167,C,Cloud to Cloud,2026-02-06T16:32:41.43+08:00
2026-02-07 11:58:21,2026-02-06T16:34:00+08:00,2026-02-06T16:36:03+08:00,1.3622,103.6399,C,Cloud to Cloud,2026-02-06T16:32:41.431+08:00
2026-02-07 11:58:21,2026-02-06T16:34:00+08:00,2026-02-06T16:36:03+08:00,1.3587,103.6953,C,Cloud to Cloud,2026-02-06T16:32:41.434+08:00
2026-02-07 11:58:21,2026-02-06T16:34:00+08:00,2026-02-06T16:36:03+08:00,1.344,103.5884,C,Cloud to Cloud,2026-02-06T16:32:41.48+08:00
2026-02-07 11:58:21,2026-02-06T16:34:00+08:00,2026-02-06T16:36:03+08:00,1.374,103.6281,C,Cloud to Cloud,2026-02-06T16:32:41.485+08:00
2026-02-07 11:58:21,2026-02-06T16:34:00+08:00,2026-02-06T16:36:03+08:00,1.376,103.6237,C,Cloud to Cloud,2026-02-06T16:32:41.485+08:00
2026-02-07 11:58:21,2026-02-06T16:34:00+08:00,2026-02-06T16:36:03+08:00,1.3866,103.6448,C,Cloud to Cloud,2026-02-06T16:32:41.486+08:00
2026-02-07 11:58:21,2026-02-06T16:34:00+08:00,2026-02-06T16:36:03+08:00,1.3571,103.6118,C,Cloud to Cloud,2026-02-06T16:32:41.486+08:00
2026-02-07 11:58:21,2026-02-06T16:34:00+08:00,2026-02-06T16:36:03+08:00,1.3645,103.6428,C,Cloud to Cloud,2026-02-06T16:32:41.49+08:00
2026-02-07 11:58:21,2026-02-06T16:34:00+08:00,2026-02-06T16:36:03+08:00,1.3693,103.6502,C,Cloud to Cloud,2026-02-06T16:32:41.491+08:00
2026-02-07 11:58:21,2026-02-06T16:34:00+08:00,2026-02-06T16:36:03+08:00,1.3747,103.6469,C,Cloud to Cloud,2026-02-06T16:32:41.491+08:00
2026-02-07 11:58:21,2026-02-06T16:34:00+08:00,2026-02-06T16:36:03+08:00,1.3908,103.6108,C,Cloud to Cloud,2026-02-06T16:32:41.491+08:00
2026-02-07 11:58:21,2026-02-06T16:34:00+08:00,2026-02-06T16:36:03+08:00,1.3864,103.6644,C,Cloud to Cloud,2026-02-06T16:32:41.529+08:00
2026-02-07 11:58:21,2026-02-06T16:34:00+08:00,2026-02-06T16:36:03+08:00,1.3541,103.617,C,Cloud to Cloud,2026-02-06T16:32:41.529+08:00
2026-02-07 11:58:21,2026-02-06T16:34:00+08:00,2026-02-06T16:36:03+08:00,1.3614,103.656,C,Cloud to Cloud,2026-02-06T16:32:41.597+08:00
2026-02-07 11:58:21,2026-02-06T16:34:00+08:00,2026-02-06T16:36:03+08:00,1.3498,103.6389,C,Cloud to Cloud,2026-02-06T16:32:41.597+08:00
2026-02-07 11:58:21,2026-02-06T16:34:00+08:00,2026-02-06T16:36:03+08:00,1.3656,103.6609,C,Cloud to Cloud,2026-02-06T16:32:41.597+08:00
2026-02-07 11:58:21,2026-02-06T16:34:00+08:00,2026-02-06T16:36:03+08:00,1.3664,103.6656,C,Cloud to Cloud,2026-02-06T16:32:41.597+08:00
2026-02-07 11:58:21,2026-02-06T16:34:00+08:00,2026-02-06T16:36:03+08:00,1.372,103.6592,C,Cloud to Cloud,2026-02-06T16:32:41.598+08:00
2026-02-07 11:58:21,2026-02-06T16:34:00+08:00,2026-02-06T16:36:03+08:00,1.3643,103.6396,C,Cloud to Cloud,2026-02-06T16:32:41.598+08:00
2026-02-07 11:58:21,2026-02-06T16:34:00+08:00,2026-02-06T16:36:03+08:00,1.3604,103.6587,C,Cloud to Cloud,2026-02-06T16:32:41.612+08:00
2026-02-07 11:58:21,2026-02-06T16:34:00+08:00,2026-02-06T16:36:03+08:00,1.3463,103.6407,C,Cloud to Cloud,2026-02-06T16:32:41.612+08:00
2026-02-07 11:58:21,2026-02-06T16:34:00+08:00,2026-02-06T16:36:03+08:00,1.3633,103.6566,C,Cloud to Cloud,2026-02-06T16:32:41.612+08:00
2026-02-07 11:58:21,2026-02-06T16:34:00+08:00,2026-02-06T16:36:03+08:00,1.3548,103.5863,C,Cloud to Cloud,2026-02-06T16:32:41.623+08:00
2026-02-07 11:58:21,2026-02-06T16:34:00+08:00,2026-02-06T16:36:03+08:00,1.3569,103.5984,C,Cloud to Cloud,2026-02-06T16:32:41.623+08:00
2026-02-07 11:58:21,2026-02-06T16:34:00+08:00,2026-02-06T16:36:03+08:00,1.3559,103.5907,C,Cloud to Cloud,2026-02-06T16:32:41.633+08:00
2026-02-07 11:58:21,2026-02-06T16:34:00+08:00,2026-02-06T16:36:03+08:00,1.3545,103.5841,C,Cloud to Cloud,2026-02-06T16:32:41.633+08:00
2026-02-07 11:58:21,2026-02-06T16:34:00+08:00,2026-02-06T16:36:03+08:00,1.4115,103.6542,C,Cloud to Cloud,2026-02-06T16:32:50.379+08:00
2026-02-07 11:58:21,2026-02-06T16:34:00+08:00,2026-02-06T16:36:03+08:00,1.422,103.6425,C,Cloud to Cloud,2026-02-06T16:32:50.379+08:00
2026-02-07 11:58:21,2026-02-06T16:34:00+08:00,2026-02-06T16:36:03+08:00,1.4025,103.6612,C,Cloud to Cloud,2026-02-06T16:32:50.527+08:00
2026-02-07 11:58:21,2026-02-06T16:32:00+08:00,2026-02-06T16:34:02+08:00,1.4031,103.6584,C,Cloud to Cloud,2026-02-06T16:30:15.863+08:00
2026-02-07 11:58:21,2026-02-06T16:32:00+08:00,2026-02-06T16:34:02+08:00,1.4046,103.6344,C,Cloud to Cloud,2026-02-06T16:30:39.389+08:00
2026-02-07 11:58:21,2026-02-06T16:32:00+08:00,2026-02-06T16:34:02+08:00,1.407,103.634,C,Cloud to Cloud,2026-02-06T16:30:39.389+08:00
2026-02-07 11:58:21,2026-02-06T16:32:00+08:00,2026-02-06T16:34:02+08:00,1.4103,103.6415,C,Cloud to Cloud,2026-02-06T16:30:39.389+08:00
2026-02-07 11:58:21,2026-02-06T16:32:00+08:00,2026-02-06T16:34:02+08:00,1.4062,103.6312,C,Cloud to Cloud,2026-02-06T16:30:39.39+08:00
2026-02-07 11:58:21,2026-02-06T16:32:00+08:00,2026-02-06T16:34:02+08:00,1.4074,103.6342,C,Cloud to Cloud,2026-02-06T16:30:39.39+08:00
2026-02-07 11:58:21,2026-02-06T16:32:00+08:00,2026-02-06T16:34:02+08:00,1.4078,103.6353,C,Cloud to Cloud,2026-02-06T16:30:39.39+08:00
2026-02-07 11:58:21,2026-02-06T16:32:00+08:00,2026-02-06T16:34:02+08:00,1.3912,103.6733,C,Cloud to Cloud,2026-02-06T16:30:39.392+08:00
2026-02-07 11:58:21,2026-02-06T16:32:00+08:00,2026-02-06T16:34:02+08:00,1.4182,103.6526,C,Cloud to Cloud,2026-02-06T16:30:39.392+08:00
2026-02-07 11:58:21,2026-02-06T16:32:00+08:00,2026-02-06T16:34:02+08:00,1.4082,103.6722,C,Cloud to Cloud,2026-02-06T16:30:39.393+08:00
2026-02-07 11:58:21,2026-02-06T16:32:00+08:00,2026-02-06T16:34:02+08:00,1.3656,103.6684,C,Cloud to Cloud,2026-02-06T16:30:39.394+08:00
2026-02-07 11:58:21,2026-02-06T16:32:00+08:00,2026-02-06T16:34:02+08:00,1.3815,103.6655,C,Cloud to Cloud,2026-02-06T16:30:39.396+08:00
2026-02-07 11:58:21,2026-02-06T16:32:00+08:00,2026-02-06T16:34:02+08:00,1.3977,103.6287,C,Cloud to Cloud,2026-02-06T16:30:39.397+08:00
2026-02-07 11:58:21,2026-02-06T16:32:00+08:00,2026-02-06T16:34:02+08:00,1.3946,103.6248,C,Cloud to Cloud,2026-02-06T16:30:39.397+08:00
2026-02-07 11:58:21,2026-02-06T16:32:00+08:00,2026-02-06T16:34:02+08:00,1.3946,103.6248,C,Cloud to Cloud,2026-02-06T16:30:39.397+08:00
2026-02-07 11:58:21,2026-02-06T16:32:00+08:00,2026-02-06T16:34:02+08:00,1.3986,103.6176,C,Cloud to Cloud,2026-02-06T16:30:39.398+08:00
2026-02-07 11:58:21,2026-02-06T16:32:00+08:00,2026-02-06T16:34:02+08:00,1.3986,103.6176,C,Cloud to Cloud,2026-02-06T16:30:39.398+08:00
2026-02-07 11:58:21,2026-02-06T16:32:00+08:00,2026-02-06T16:34:02+08:00,1.4177,103.6261,C,Cloud to Cloud,2026-02-06T16:30:39.4+08:00
2026-02-07 11:58:21,2026-02-06T16:32:00+08:00,2026-02-06T16:34:02+08:00,1.3752,103.7105,C,Cloud to Cloud,2026-02-06T16:30:39.413+08:00
2026-02-07 11:58:21,2026-02-06T16:32:00+08:00,2026-02-06T16:34:02+08:00,1.4173,103.6209,C,Cloud to Cloud,2026-02-06T16:30:39.456+08:00
2026-02-07 11:58:21,2026-02-06T16:32:00+08:00,2026-02-06T16:34:02+08:00,1.4188,103.6277,C,Cloud to Cloud,2026-02-06T16:30:39.457+08:00
2026-02-07 11:58:21,2026-02-06T16:32:00+08:00,2026-02-06T16:34:02+08:00,1.3951,103.6502,C,Cloud to Cloud,2026-02-06T16:30:39.478+08:00
2026-02-07 11:58:21,2026-02-06T16:32:00+08:00,2026-02-06T16:34:02+08:00,1.3732,103.7012,C,Cloud to Cloud,2026-02-06T16:30:39.498+08:00
2026-02-07 11:58:21,2026-02-06T16:32:00+08:00,2026-02-06T16:34:02+08:00,1.3945,103.6436,C,Cloud to Cloud,2026-02-06T16:30:39.504+08:00
2026-02-07 11:58:21,2026-02-06T16:32:00+08:00,2026-02-06T16:34:02+08:00,1.3954,103.6456,C,Cloud to Cloud,2026-02-06T16:30:39.505+08:00
2026-02-07 11:58:21,2026-02-06T16:32:00+08:00,2026-02-06T16:34:02+08:00,1.3821,103.5992,C,Cloud to Cloud,2026-02-06T16:30:39.524+08:00
2026-02-07 11:58:21,2026-02-06T16:32:00+08:00,2026-02-06T16:34:02+08:00,1.3806,103.661,C,Cloud to Cloud,2026-02-06T16:30:39.524+08:00
2026-02-07 11:58:21,2026-02-06T16:32:00+08:00,2026-02-06T16:34:02+08:00,1.3621,103.6202,C,Cloud to Cloud,2026-02-06T16:30:39.524+08:00
2026-02-07 11:58:21,2026-02-06T16:32:00+08:00,2026-02-06T16:34:02+08:00,1.3898,103.6263,C,Cloud to Cloud,2026-02-06T16:30:39.524+08:00
2026-02-07 11:58:21,2026-02-06T16:32:00+08:00,2026-02-06T16:34:02+08:00,1.3856,103.6114,C,Cloud to Cloud,2026-02-06T16:30:39.537+08:00
2026-02-07 11:58:21,2026-02-06T16:32:00+08:00,2026-02-06T16:34:02+08:00,1.3845,103.6087,C,Cloud to Cloud,2026-02-06T16:30:39.537+08:00
2026-02-07 11:58:21,2026-02-06T16:32:00+08:00,2026-02-06T16:34:02+08:00,1.3802,103.659,C,Cloud to Cloud,2026-02-06T16:30:39.552+08:00
2026-02-07 11:58:21,2026-02-06T16:32:00+08:00,2026-02-06T16:34:02+08:00,1.391,103.6114,C,Cloud to Cloud,2026-02-06T16:30:39.569+08:00
2026-02-07 11:58:21,2026-02-06T16:32:00+08:00,2026-02-06T16:34:02+08:00,1.3813,103.6279,C,Cloud to Cloud,2026-02-06T16:30:39.569+08:00
2026-02-07 11:58:21,2026-02-06T16:32:00+08:00,2026-02-06T16:34:02+08:00,1.3842,103.6127,C,Cloud to Cloud,2026-02-06T16:30:39.572+08:00
2026-02-07 11:58:21,2026-02-06T16:32:00+08:00,2026-02-06T16:34:02+08:00,1.3827,103.6237,C,Cloud to Cloud,2026-02-06T16:30:39.582+08:00
2026-02-07 11:58:21,2026-02-06T16:32:00+08:00,2026-02-06T16:34:02+08:00,1.3818,103.6562,C,Cloud to Cloud,2026-02-06T16:30:39.582+08:00
2026-02-07 11:58:21,2026-02-06T16:32:00+08:00,2026-02-06T16:34:02+08:00,1.3754,103.6189,C,Cloud to Cloud,2026-02-06T16:30:39.6+08:00
2026-02-07 11:58:21,2026-02-06T16:32:00+08:00,2026-02-06T16:34:02+08:00,1.4005,103.6387,C,Cloud to Cloud,2026-02-06T16:30:39.615+08:00
2026-02-07 11:58:21,2026-02-06T16:32:00+08:00,2026-02-06T16:34:02+08:00,1.4235,103.6174,C,Cloud to Cloud,2026-02-06T16:30:39.615+08:00
2026-02-07 11:58:21,2026-02-06T16:32:00+08:00,2026-02-06T16:34:02+08:00,1.3999,103.6417,C,Cloud to Cloud,2026-02-06T16:30:39.616+08:00
2026-02-07 11:58:21,2026-02-06T16:32:00+08:00,2026-02-06T16:34:02+08:00,1.3771,103.5912,C,Cloud to Cloud,2026-02-06T16:30:39.616+08:00
2026-02-07 11:58:21,2026-02-06T16:32:00+08:00,2026-02-06T16:34:02+08:00,1.3992,103.6434,C,Cloud to Cloud,2026-02-06T16:30:39.616+08:00
2026-02-07 11:58:21,2026-02-06T16:32:00+08:00,2026-02-06T16:34:02+08:00,1.3992,103.6124,C,Cloud to Cloud,2026-02-06T16:30:39.616+08:00
2026-02-07 11:58:21,2026-02-06T16:32:00+08:00,2026-02-06T16:34:02+08:00,1.3753,103.5806,C,Cloud to Cloud,2026-02-06T16:30:39.617+08:00
2026-02-07 11:58:21,2026-02-06T16:32:00+08:00,2026-02-06T16:34:02+08:00,1.4004,103.6415,C,Cloud to Cloud,2026-02-06T16:30:39.617+08:00
2026-02-07 11:58:21,2026-02-06T16:32:00+08:00,2026-02-06T16:34:02+08:00,1.3549,103.6212,C,Cloud to Cloud,2026-02-06T16:30:39.617+08:00
2026-02-07 11:58:21,2026-02-06T16:32:00+08:00,2026-02-06T16:34:02+08:00,1.3904,103.619,C,Cloud to Cloud,2026-02-06T16:30:39.618+08:00
2026-02-07 11:58:21,2026-02-06T16:32:00+08:00,2026-02-06T16:34:02+08:00,1.4024,103.642,C,Cloud to Cloud,2026-02-06T16:30:39.618+08:00
2026-02-07 11:58:21,2026-02-06T16:32:00+08:00,2026-02-06T16:34:02+08:00,1.4033,103.644,C,Cloud to Cloud,2026-02-06T16:30:39.619+08:00
2026-02-07 11:58:21,2026-02-06T16:32:00+08:00,2026-02-06T16:34:02+08:00,1.4025,103.644,C,Cloud to Cloud,2026-02-06T16:30:39.619+08:00
2026-02-07 11:58:21,2026-02-06T16:32:00+08:00,2026-02-06T16:34:02+08:00,1.3955,103.6202,C,Cloud to Cloud,2026-02-06T16:30:39.619+08:00
2026-02-07 11:58:21,2026-02-06T16:32:00+08:00,2026-02-06T16:34:02+08:00,1.3884,103.6663,C,Cloud to Cloud,2026-02-06T16:30:39.62+08:00
2026-02-07 11:58:21,2026-02-06T16:32:00+08:00,2026-02-06T16:34:02+08:00,1.4075,103.6381,C,Cloud to Cloud,2026-02-06T16:30:39.62+08:00
2026-02-07 11:58:21,2026-02-06T16:32:00+08:00,2026-02-06T16:34:02+08:00,1.4044,103.6412,C,Cloud to Cloud,2026-02-06T16:30:39.62+08:00
2026-02-07 11:58:21,2026-02-06T16:32:00+08:00,2026-02-06T16:34:02+08:00,1.4069,103.6374,C,Cloud to Cloud,2026-02-06T16:30:39.62+08:00
2026-02-07 11:58:21,2026-02-06T16:32:00+08:00,2026-02-06T16:34:02+08:00,1.4075,103.6382,C,Cloud to Cloud,2026-02-06T16:30:39.62+08:00
2026-02-07 11:58:21,2026-02-06T16:32:00+08:00,2026-02-06T16:34:02+08:00,1.4016,103.6347,C,Cloud to Cloud,2026-02-06T16:30:39.62+08:00
2026-02-07 11:58:21,2026-02-06T16:32:00+08:00,2026-02-06T16:34:02+08:00,1.4035,103.6186,C,Cloud to Cloud,2026-02-06T16:30:39.621+08:00
2026-02-07 11:58:21,2026-02-06T16:32:00+08:00,2026-02-06T16:34:02+08:00,1.409,103.6268,C,Cloud to Cloud,2026-02-06T16:30:39.622+08:00
2026-02-07 11:58:21,2026-02-06T16:32:00+08:00,2026-02-06T16:34:02+08:00,1.3976,103.6544,C,Cloud to Cloud,2026-02-06T16:30:39.622+08:00
2026-02-07 11:58:21,2026-02-06T16:32:00+08:00,2026-02-06T16:34:02+08:00,1.4115,103.6321,C,Cloud to Cloud,2026-02-06T16:30:39.622+08:00
2026-02-07 11:58:21,2026-02-06T16:32:00+08:00,2026-02-06T16:34:02+08:00,1.4119,103.6322,C,Cloud to Cloud,2026-02-06T16:30:39.622+08:00
2026-02-07 11:58:21,2026-02-06T16:32:00+08:00,2026-02-06T16:34:02+08:00,1.4102,103.6347,C,Cloud to Cloud,2026-02-06T16:30:39.622+08:00
2026-02-07 11:58:21,2026-02-06T16:32:00+08:00,2026-02-06T16:34:02+08:00,1.415,103.627,C,Cloud to Cloud,2026-02-06T16:30:39.622+08:00
2026-02-07 11:58:21,2026-02-06T16:32:00+08:00,2026-02-06T16:34:02+08:00,1.4176,103.6269,C,Cloud to Cloud,2026-02-06T16:30:39.622+08:00
2026-02-07 11:58:21,2026-02-06T16:32:00+08:00,2026-02-06T16:34:02+08:00,1.3941,103.6586,C,Cloud to Cloud,2026-02-06T16:30:39.622+08:00
2026-02-07 11:58:21,2026-02-06T16:32:00+08:00,2026-02-06T16:34:02+08:00,1.4136,103.6297,C,Cloud to Cloud,2026-02-06T16:30:39.622+08:00
2026-02-07 11:58:21,2026-02-06T16:32:00+08:00,2026-02-06T16:34:02+08:00,1.4112,103.6331,C,Cloud to Cloud,2026-02-06T16:30:39.623+08:00
2026-02-07 11:58:21,2026-02-06T16:32:00+08:00,2026-02-06T16:34:02+08:00,1.4134,103.6327,C,Cloud to Cloud,2026-02-06T16:30:39.623+08:00
2026-02-07 11:58:21,2026-02-06T16:32:00+08:00,2026-02-06T16:34:02+08:00,1.4117,103.6353,C,Cloud to Cloud,2026-02-06T16:30:39.623+08:00
2026-02-07 11:58:21,2026-02-06T16:32:00+08:00,2026-02-06T16:34:02+08:00,1.4135,103.6318,C,Cloud to Cloud,2026-02-06T16:30:39.623+08:00
2026-02-07 11:58:21,2026-02-06T16:32:00+08:00,2026-02-06T16:34:02+08:00,1.4134,103.63,C,Cloud to Cloud,2026-02-06T16:30:39.623+08:00
2026-02-07 11:58:21,2026-02-06T16:32:00+08:00,2026-02-06T16:34:02+08:00,1.4138,103.6346,C,Cloud to Cloud,2026-02-06T16:30:39.623+08:00
2026-02-07 11:58:21,2026-02-06T16:32:00+08:00,2026-02-06T16:34:02+08:00,1.4108,103.6351,C,Cloud to Cloud,2026-02-06T16:30:39.623+08:00
2026-02-07 11:58:21,2026-02-06T16:32:00+08:00,2026-02-06T16:34:02+08:00,1.4113,103.634,C,Cloud to Cloud,2026-02-06T16:30:39.623+08:00
2026-02-07 11:58:21,2026-02-06T16:32:00+08:00,2026-02-06T16:34:02+08:00,1.4114,103.6359,C,Cloud to Cloud,2026-02-06T16:30:39.623+08:00
2026-02-07 11:58:21,2026-02-06T16:32:00+08:00,2026-02-06T16:34:02+08:00,1.4156,103.6334,C,Cloud to Cloud,2026-02-06T16:30:39.624+08:00
2026-02-07 11:58:21,2026-02-06T16:32:00+08:00,2026-02-06T16:34:02+08:00,1.4102,103.6375,C,Cloud to Cloud,2026-02-06T16:30:39.624+08:00
2026-02-07 11:58:21,2026-02-06T16:32:00+08:00,2026-02-06T16:34:02+08:00,1.415,103.6305,C,Cloud to Cloud,2026-02-06T16:30:39.624+08:00
2026-02-07 11:58:21,2026-02-06T16:32:00+08:00,2026-02-06T16:34:02+08:00,1.4151,103.6342,C,Cloud to Cloud,2026-02-06T16:30:39.624+08:00
2026-02-07 11:58:21,2026-02-06T16:32:00+08:00,2026-02-06T16:34:02+08:00,1.4145,103.6353,C,Cloud to Cloud,2026-02-06T16:30:39.624+08:00
2026-02-07 11:58:21,2026-02-06T16:32:00+08:00,2026-02-06T16:34:02+08:00,1.4098,103.6395,C,Cloud to Cloud,2026-02-06T16:30:39.624+08:00
2026-02-07 11:58:21,2026-02-06T16:32:00+08:00,2026-02-06T16:34:02+08:00,1.4175,103.6329,C,Cloud to Cloud,2026-02-06T16:30:39.624+08:00
2026-02-07 11:58:21,2026-02-06T16:32:00+08:00,2026-02-06T16:34:02+08:00,1.4151,103.6337,C,Cloud to Cloud,2026-02-06T16:30:39.625+08:00
2026-02-07 11:58:21,2026-02-06T16:32:00+08:00,2026-02-06T16:34:02+08:00,1.42,103.6272,C,Cloud to Cloud,2026-02-06T16:30:39.625+08:00
2026-02-07 11:58:21,2026-02-06T16:32:00+08:00,2026-02-06T16:34:02+08:00,1.4156,103.6358,C,Cloud to Cloud,2026-02-06T16:30:39.625+08:00
2026-02-07 11:58:21,2026-02-06T16:32:00+08:00,2026-02-06T16:34:02+08:00,1.4186,103.6318,C,Cloud to Cloud,2026-02-06T16:30:39.625+08:00
2026-02-07 11:58:21,2026-02-06T16:32:00+08:00,2026-02-06T16:34:02+08:00,1.4136,103.6342,C,Cloud to Cloud,2026-02-06T16:30:39.625+08:00
2026-02-07 11:58:21,2026-02-06T16:32:00+08:00,2026-02-06T16:34:02+08:00,1.4176,103.6329,C,Cloud to Cloud,2026-02-06T16:30:39.625+08:00
2026-02-07 11:58:21,2026-02-06T16:32:00+08:00,2026-02-06T16:34:02+08:00,1.4173,103.6325,C,Cloud to Cloud,2026-02-06T16:30:39.625+08:00
2026-02-07 11:58:21,2026-02-06T16:32:00+08:00,2026-02-06T16:34:02+08:00,1.4019,103.6523,C,Cloud to Cloud,2026-02-06T16:30:39.625+08:00
2026-02-07 11:58:21,2026-02-06T16:32:00+08:00,2026-02-06T16:34:02+08:00,1.4197,103.63,C,Cloud to Cloud,2026-02-06T16:30:39.625+08:00
2026-02-07 11:58:21,2026-02-06T16:32:00+08:00,2026-02-06T16:34:02+08:00,1.4142,103.6357,C,Cloud to Cloud,2026-02-06T16:30:39.625+08:00
2026-02-07 11:58:21,2026-02-06T16:32:00+08:00,2026-02-06T16:34:02+08:00,1.4176,103.6339,C,Cloud to Cloud,2026-02-06T16:30:39.626+08:00
2026-02-07 11:58:21,2026-02-06T16:32:00+08:00,2026-02-06T16:34:02+08:00,1.4175,103.6311,C,Cloud to Cloud,2026-02-06T16:30:39.626+08:00
2026-02-07 11:58:21,2026-02-06T16:32:00+08:00,2026-02-06T16:34:02+08:00,1.4162,103.633,C,Cloud to Cloud,2026-02-06T16:30:39.626+08:00
2026-02-07 11:58:21,2026-02-06T16:32:00+08:00,2026-02-06T16:34:02+08:00,1.413,103.6382,C,Cloud to Cloud,2026-02-06T16:30:39.626+08:00
2026-02-07 11:58:21,2026-02-06T16:32:00+08:00,2026-02-06T16:34:02+08:00,1.4156,103.6325,C,Cloud to Cloud,2026-02-06T16:30:39.626+08:00
2026-02-07 11:58:21,2026-02-06T16:32:00+08:00,2026-02-06T16:34:02+08:00,1.3952,103.6609,C,Cloud to Cloud,2026-02-06T16:30:39.626+08:00
2026-02-07 11:58:21,2026-02-06T16:32:00+08:00,2026-02-06T16:34:02+08:00,1.3953,103.6602,C,Cloud to Cloud,2026-02-06T16:30:39.626+08:00
2026-02-07 11:58:21,2026-02-06T16:32:00+08:00,2026-02-06T16:34:02+08:00,1.4146,103.6309,C,Cloud to Cloud,2026-02-06T16:30:39.626+08:00
2026-02-07 11:58:21,2026-02-06T16:32:00+08:00,2026-02-06T16:34:02+08:00,1.4125,103.6361,C,Cloud to Cloud,2026-02-06T16:30:39.626+08:00
2026-02-07 11:58:21,2026-02-06T16:32:00+08:00,2026-02-06T16:34:02+08:00,1.4166,103.63,C,Cloud to Cloud,2026-02-06T16:30:39.626+08:00
2026-02-07 11:58:21,2026-02-06T16:32:00+08:00,2026-02-06T16:34:02+08:00,1.4123,103.6371,C,Cloud to Cloud,2026-02-06T16:30:39.627+08:00
2026-02-07 11:58:21,2026-02-06T16:32:00+08:00,2026-02-06T16:34:02+08:00,1.4171,103.6332,C,Cloud to Cloud,2026-02-06T16:30:39.627+08:00
2026-02-07 11:58:21,2026-02-06T16:32:00+08:00,2026-02-06T16:34:02+08:00,1.4171,103.6344,C,Cloud to Cloud,2026-02-06T16:30:39.627+08:00
2026-02-07 11:58:21,2026-02-06T16:32:00+08:00,2026-02-06T16:34:02+08:00,1.4166,103.6362,C,Cloud to Cloud,2026-02-06T16:30:39.627+08:00
2026-02-07 11:58:21,2026-02-06T16:32:00+08:00,2026-02-06T16:34:02+08:00,1.4119,103.6349,C,Cloud to Cloud,2026-02-06T16:30:39.627+08:00
2026-02-07 11:58:21,2026-02-06T16:32:00+08:00,2026-02-06T16:34:02+08:00,1.4167,103.6346,C,Cloud to Cloud,2026-02-06T16:30:39.627+08:00
2026-02-07 11:58:21,2026-02-06T16:32:00+08:00,2026-02-06T16:34:02+08:00,1.4144,103.6345,C,Cloud to Cloud,2026-02-06T16:30:39.627+08:00
2026-02-07 11:58:21,2026-02-06T16:32:00+08:00,2026-02-06T16:34:02+08:00,1.4175,103.634,C,Cloud to Cloud,2026-02-06T16:30:39.627+08:00
2026-02-07 11:58:21,2026-02-06T16:32:00+08:00,2026-02-06T16:34:02+08:00,1.4219,103.6255,C,Cloud to Cloud,2026-02-06T16:30:39.627+08:00
2026-02-07 11:58:21,2026-02-06T16:32:00+08:00,2026-02-06T16:34:02+08:00,1.4036,103.6496,C,Cloud to Cloud,2026-02-06T16:30:39.627+08:00
2026-02-07 11:58:21,2026-02-06T16:32:00+08:00,2026-02-06T16:34:02+08:00,1.4152,103.6342,C,Cloud to Cloud,2026-02-06T16:30:39.628+08:00
2026-02-07 11:58:21,2026-02-06T16:32:00+08:00,2026-02-06T16:34:02+08:00,1.4178,103.632,C,Cloud to Cloud,2026-02-06T16:30:39.628+08:00
2026-02-07 11:58:21,2026-02-06T16:32:00+08:00,2026-02-06T16:34:02+08:00,1.4264,103.6235,C,Cloud to Cloud,2026-02-06T16:30:39.628+08:00
2026-02-07 11:58:21,2026-02-06T16:32:00+08:00,2026-02-06T16:34:02+08:00,1.4268,103.6227,C,Cloud to Cloud,2026-02-06T16:30:39.628+08:00
2026-02-07 11:58:21,2026-02-06T16:32:00+08:00,2026-02-06T16:34:02+08:00,1.4181,103.6306,C,Cloud to Cloud,2026-02-06T16:30:39.628+08:00
2026-02-07 11:58:21,2026-02-06T16:32:00+08:00,2026-02-06T16:34:02+08:00,1.4172,103.6319,C,Cloud to Cloud,2026-02-06T16:30:39.628+08:00
2026-02-07 11:58:21,2026-02-06T16:32:00+08:00,2026-02-06T16:34:02+08:00,1.4185,103.6339,C,Cloud to Cloud,2026-02-06T16:30:39.628+08:00
2026-02-07 11:58:21,2026-02-06T16:32:00+08:00,2026-02-06T16:34:02+08:00,1.4185,103.6314,C,Cloud to Cloud,2026-02-06T16:30:39.628+08:00
2026-02-07 11:58:21,2026-02-06T16:32:00+08:00,2026-02-06T16:34:02+08:00,1.4183,103.6327,C,Cloud to Cloud,2026-02-06T16:30:39.628+08:00
2026-02-07 11:58:21,2026-02-06T16:32:00+08:00,2026-02-06T16:34:02+08:00,1.419,103.631,C,Cloud to Cloud,2026-02-06T16:30:39.628+08:00
2026-02-07 11:58:21,2026-02-06T16:32:00+08:00,2026-02-06T16:34:02+08:00,1.4199,103.6301,C,Cloud to Cloud,2026-02-06T16:30:39.628+08:00
2026-02-07 11:58:21,2026-02-06T16:32:00+08:00,2026-02-06T16:34:02+08:00,1.4205,103.6298,C,Cloud to Cloud,2026-02-06T16:30:39.629+08:00
2026-02-07 11:58:21,2026-02-06T16:32:00+08:00,2026-02-06T16:34:02+08:00,1.418,103.63,C,Cloud to Cloud,2026-02-06T16:30:39.629+08:00
2026-02-07 11:58:21,2026-02-06T16:32:00+08:00,2026-02-06T16:34:02+08:00,1.4183,103.6318,C,Cloud to Cloud,2026-02-06T16:30:39.629+08:00
2026-02-07 11:58:21,2026-02-06T16:32:00+08:00,2026-02-06T16:34:02+08:00,1.4182,103.6313,C,Cloud to Cloud,2026-02-06T16:30:39.629+08:00
2026-02-07 11:58:21,2026-02-06T16:32:00+08:00,2026-02-06T16:34:02+08:00,1.4185,103.6306,C,Cloud to Cloud,2026-02-06T16:30:39.629+08:00
2026-02-07 11:58:21,2026-02-06T16:32:00+08:00,2026-02-06T16:34:02+08:00,1.4192,103.632,C,Cloud to Cloud,2026-02-06T16:30:39.629+08:00
2026-02-07 11:58:21,2026-02-06T16:32:00+08:00,2026-02-06T16:34:02+08:00,1.4202,103.6307,C,Cloud to Cloud,2026-02-06T16:30:39.629+08:00
2026-02-07 11:58:21,2026-02-06T16:32:00+08:00,2026-02-06T16:34:02+08:00,1.4207,103.6306,C,Cloud to Cloud,2026-02-06T16:30:39.629+08:00
2026-02-07 11:58:21,2026-02-06T16:32:00+08:00,2026-02-06T16:34:02+08:00,1.3936,103.6636,C,Cloud to Cloud,2026-02-06T16:30:39.629+08:00
2026-02-07 11:58:21,2026-02-06T16:32:00+08:00,2026-02-06T16:34:02+08:00,1.4178,103.6305,C,Cloud to Cloud,2026-02-06T16:30:39.629+08:00
2026-02-07 11:58:21,2026-02-06T16:32:00+08:00,2026-02-06T16:34:02+08:00,1.4193,103.6312,C,Cloud to Cloud,2026-02-06T16:30:39.63+08:00
2026-02-07 11:58:21,2026-02-06T16:32:00+08:00,2026-02-06T16:34:02+08:00,1.4202,103.629,C,Cloud to Cloud,2026-02-06T16:30:39.63+08:00
2026-02-07 11:58:21,2026-02-06T16:32:00+08:00,2026-02-06T16:34:02+08:00,1.4182,103.6321,C,Cloud to Cloud,2026-02-06T16:30:39.63+08:00
2026-02-07 11:58:21,2026-02-06T16:32:00+08:00,2026-02-06T16:34:02+08:00,1.4189,103.6305,C,Cloud to Cloud,2026-02-06T16:30:39.63+08:00
2026-02-07 11:58:21,2026-02-06T16:32:00+08:00,2026-02-06T16:34:02+08:00,1.4239,103.628,C,Cloud to Cloud,2026-02-06T16:30:39.63+08:00
2026-02-07 11:58:21,2026-02-06T16:32:00+08:00,2026-02-06T16:34:02+08:00,1.408,103.6474,C,Cloud to Cloud,2026-02-06T16:30:39.63+08:00
2026-02-07 11:58:21,2026-02-06T16:32:00+08:00,2026-02-06T16:34:02+08:00,1.4205,103.6298,C,Cloud to Cloud,2026-02-06T16:30:39.63+08:00
2026-02-07 11:58:21,2026-02-06T16:32:00+08:00,2026-02-06T16:34:02+08:00,1.4208,103.6293,C,Cloud to Cloud,2026-02-06T16:30:39.63+08:00
2026-02-07 11:58:21,2026-02-06T16:32:00+08:00,2026-02-06T16:34:02+08:00,1.4192,103.6316,C,Cloud to Cloud,2026-02-06T16:30:39.63+08:00
2026-02-07 11:58:21,2026-02-06T16:32:00+08:00,2026-02-06T16:34:02+08:00,1.3994,103.655,C,Cloud to Cloud,2026-02-06T16:30:39.63+08:00
2026-02-07 11:58:21,2026-02-06T16:32:00+08:00,2026-02-06T16:34:02+08:00,1.4009,103.6541,C,Cloud to Cloud,2026-02-06T16:30:39.631+08:00
2026-02-07 11:58:21,2026-02-06T16:32:00+08:00,2026-02-06T16:34:02+08:00,1.405,103.65,C,Cloud to Cloud,2026-02-06T16:30:39.631+08:00
2026-02-07 11:58:21,2026-02-06T16:32:00+08:00,2026-02-06T16:34:02+08:00,1.4193,103.6347,C,Cloud to Cloud,2026-02-06T16:30:39.631+08:00
2026-02-07 11:58:21,2026-02-06T16:32:00+08:00,2026-02-06T16:34:02+08:00,1.4203,103.6319,C,Cloud to Cloud,2026-02-06T16:30:39.631+08:00
2026-02-07 11:58:21,2026-02-06T16:32:00+08:00,2026-02-06T16:34:02+08:00,1.4051,103.6485,C,Cloud to Cloud,2026-02-06T16:30:39.631+08:00
2026-02-07 11:58:21,2026-02-06T16:32:00+08:00,2026-02-06T16:34:02+08:00,1.4209,103.6288,C,Cloud to Cloud,2026-02-06T16:30:39.631+08:00
2026-02-07 11:58:21,2026-02-06T16:32:00+08:00,2026-02-06T16:34:02+08:00,1.419,103.6335,C,Cloud to Cloud,2026-02-06T16:30:39.631+08:00
2026-02-07 11:58:21,2026-02-06T16:32:00+08:00,2026-02-06T16:34:02+08:00,1.4215,103.631,C,Cloud to Cloud,2026-02-06T16:30:39.631+08:00
2026-02-07 11:58:21,2026-02-06T16:32:00+08:00,2026-02-06T16:34:02+08:00,1.4213,103.6295,C,Cloud to Cloud,2026-02-06T16:30:39.631+08:00
2026-02-07 11:58:21,2026-02-06T16:32:00+08:00,2026-02-06T16:34:02+08:00,1.4203,103.6297,C,Cloud to Cloud,2026-02-06T16:30:39.631+08:00
2026-02-07 11:58:21,2026-02-06T16:32:00+08:00,2026-02-06T16:34:02+08:00,1.422,103.6307,C,Cloud to Cloud,2026-02-06T16:30:39.632+08:00
2026-02-07 11:58:21,2026-02-06T16:32:00+08:00,2026-02-06T16:34:02+08:00,1.4216,103.632,C,Cloud to Cloud,2026-02-06T16:30:39.632+08:00
2026-02-07 11:58:21,2026-02-06T16:32:00+08:00,2026-02-06T16:34:02+08:00,1.421,103.6316,C,Cloud to Cloud,2026-02-06T16:30:39.632+08:00
2026-02-07 11:58:21,2026-02-06T16:32:00+08:00,2026-02-06T16:34:02+08:00,1.4173,103.6362,C,Cloud to Cloud,2026-02-06T16:30:39.632+08:00
2026-02-07 11:58:21,2026-02-06T16:32:00+08:00,2026-02-06T16:34:02+08:00,1.4222,103.6309,C,Cloud to Cloud,2026-02-06T16:30:39.632+08:00
2026-02-07 11:58:21,2026-02-06T16:32:00+08:00,2026-02-06T16:34:02+08:00,1.4219,103.6326,C,Cloud to Cloud,2026-02-06T16:30:39.632+08:00
2026-02-07 11:58:21,2026-02-06T16:32:00+08:00,2026-02-06T16:34:02+08:00,1.4207,103.633,C,Cloud to Cloud,2026-02-06T16:30:39.632+08:00
2026-02-07 11:58:21,2026-02-06T16:32:00+08:00,2026-02-06T16:34:02+08:00,1.4219,103.6329,C,Cloud to Cloud,2026-02-06T16:30:39.632+08:00
2026-02-07 11:58:21,2026-02-06T16:32:00+08:00,2026-02-06T16:34:02+08:00,1.4199,103.6331,C,Cloud to Cloud,2026-02-06T16:30:39.632+08:00
2026-02-07 11:58:21,2026-02-06T16:32:00+08:00,2026-02-06T16:34:02+08:00,1.4207,103.6328,C,Cloud to Cloud,2026-02-06T16:30:39.632+08:00
2026-02-07 11:58:21,2026-02-06T16:32:00+08:00,2026-02-06T16:34:02+08:00,1.4207,103.6321,C,Cloud to Cloud,2026-02-06T16:30:39.633+08:00
2026-02-07 11:58:21,2026-02-06T16:32:00+08:00,2026-02-06T16:34:02+08:00,1.4205,103.631,C,Cloud to Cloud,2026-02-06T16:30:39.633+08:00
2026-02-07 11:58:21,2026-02-06T16:32:00+08:00,2026-02-06T16:34:02+08:00,1.4225,103.6286,C,Cloud to Cloud,2026-02-06T16:30:39.633+08:00
2026-02-07 11:58:21,2026-02-06T16:32:00+08:00,2026-02-06T16:34:02+08:00,1.4203,103.6334,C,Cloud to Cloud,2026-02-06T16:30:39.633+08:00
2026-02-07 11:58:21,2026-02-06T16:32:00+08:00,2026-02-06T16:34:02+08:00,1.4215,103.6311,C,Cloud to Cloud,2026-02-06T16:30:39.633+08:00
2026-02-07 11:58:21,2026-02-06T16:32:00+08:00,2026-02-06T16:34:02+08:00,1.3876,103.6715,C,Cloud to Cloud,2026-02-06T16:30:39.633+08:00
2026-02-07 11:58:21,2026-02-06T16:32:00+08:00,2026-02-06T16:34:02+08:00,1.4127,103.6351,C,Cloud to Cloud,2026-02-06T16:30:39.633+08:00
2026-02-07 11:58:21,2026-02-06T16:32:00+08:00,2026-02-06T16:34:02+08:00,1.3899,103.668,C,Cloud to Cloud,2026-02-06T16:30:39.633+08:00
2026-02-07 11:58:21,2026-02-06T16:32:00+08:00,2026-02-06T16:34:02+08:00,1.3999,103.6558,C,Cloud to Cloud,2026-02-06T16:30:39.633+08:00
2026-02-07 11:58:21,2026-02-06T16:32:00+08:00,2026-02-06T16:34:02+08:00,1.401,103.6549,C,Cloud to Cloud,2026-02-06T16:30:39.633+08:00
2026-02-07 11:58:21,2026-02-06T16:32:00+08:00,2026-02-06T16:34:02+08:00,1.4184,103.6337,C,Cloud to Cloud,2026-02-06T16:30:39.634+08:00
2026-02-07 11:58:21,2026-02-06T16:32:00+08:00,2026-02-06T16:34:02+08:00,1.4172,103.6366,C,Cloud to Cloud,2026-02-06T16:30:39.634+08:00
2026-02-07 11:58:21,2026-02-06T16:32:00+08:00,2026-02-06T16:34:02+08:00,1.4226,103.6289,C,Cloud to Cloud,2026-02-06T16:30:39.634+08:00
2026-02-07 11:58:21,2026-02-06T16:32:00+08:00,2026-02-06T16:34:02+08:00,1.4204,103.6319,C,Cloud to Cloud,2026-02-06T16:30:39.634+08:00
2026-02-07 11:58:21,2026-02-06T16:32:00+08:00,2026-02-06T16:34:02+08:00,1.4217,103.6307,C,Cloud to Cloud,2026-02-06T16:30:39.634+08:00
2026-02-07 11:58:21,2026-02-06T16:32:00+08:00,2026-02-06T16:34:02+08:00,1.4203,103.6314,C,Cloud to Cloud,2026-02-06T16:30:39.634+08:00
2026-02-07 11:58:21,2026-02-06T16:32:00+08:00,2026-02-06T16:34:02+08:00,1.4205,103.6313,C,Cloud to Cloud,2026-02-06T16:30:39.634+08:00
2026-02-07 11:58:21,2026-02-06T16:32:00+08:00,2026-02-06T16:34:02+08:00,1.4232,103.6272,C,Cloud to Cloud,2026-02-06T16:30:39.634+08:00
2026-02-07 11:58:21,2026-02-06T16:32:00+08:00,2026-02-06T16:34:02+08:00,1.3826,103.6562,C,Cloud to Cloud,2026-02-06T16:30:39.634+08:00
2026-02-07 11:58:21,2026-02-06T16:32:00+08:00,2026-02-06T16:34:02+08:00,1.3655,103.6893,C,Cloud to Cloud,2026-02-06T16:30:39.635+08:00
2026-02-07 11:58:21,2026-02-06T16:32:00+08:00,2026-02-06T16:34:02+08:00,1.4205,103.6233,G,Cloud to Ground,2026-02-06T16:30:39.636+08:00
2026-02-07 11:58:21,2026-02-06T16:32:00+08:00,2026-02-06T16:34:02+08:00,1.4116,103.6362,C,Cloud to Cloud,2026-02-06T16:30:39.636+08:00
2026-02-07 11:58:21,2026-02-06T16:32:00+08:00,2026-02-06T16:34:02+08:00,1.4017,103.6556,C,Cloud to Cloud,2026-02-06T16:30:39.636+08:00
2026-02-07 11:58:21,2026-02-06T16:32:00+08:00,2026-02-06T16:34:02+08:00,1.3937,103.6398,C,Cloud to Cloud,2026-02-06T16:30:39.636+08:00
2026-02-07 11:58:21,2026-02-06T16:32:00+08:00,2026-02-06T16:34:02+08:00,1.373,103.6563,C,Cloud to Cloud,2026-02-06T16:30:39.636+08:00
2026-02-07 11:58:21,2026-02-06T16:32:00+08:00,2026-02-06T16:34:02+08:00,1.3709,103.6536,C,Cloud to Cloud,2026-02-06T16:30:39.637+08:00
2026-02-07 11:58:21,2026-02-06T16:32:00+08:00,2026-02-06T16:34:02+08:00,1.3937,103.6167,C,Cloud to Cloud,2026-02-06T16:30:39.637+08:00
2026-02-07 11:58:21,2026-02-06T16:32:00+08:00,2026-02-06T16:34:02+08:00,1.3881,103.6374,C,Cloud to Cloud,2026-02-06T16:30:39.638+08:00
2026-02-07 11:58:21,2026-02-06T16:32:00+08:00,2026-02-06T16:34:02+08:00,1.3824,103.6727,C,Cloud to Cloud,2026-02-06T16:30:39.638+08:00
2026-02-07 11:58:21,2026-02-06T16:32:00+08:00,2026-02-06T16:34:02+08:00,1.3857,103.6343,C,Cloud to Cloud,2026-02-06T16:30:39.656+08:00
2026-02-07 11:58:21,2026-02-06T16:32:00+08:00,2026-02-06T16:34:02+08:00,1.5894,103.3273,G,Cloud to Ground,2026-02-06T16:30:46.947+08:00
2026-02-07 11:58:21,2026-02-06T16:32:00+08:00,2026-02-06T16:34:02+08:00,1.5922,103.3932,C,Cloud to Cloud,2026-02-06T16:30:46.947+08:00
2026-02-07 11:58:21,2026-02-06T16:32:00+08:00,2026-02-06T16:34:02+08:00,1.6026,103.3803,G,Cloud to Ground,2026-02-06T16:30:46.948+08:00
2026-02-07 11:58:23,2026-02-06T16:28:00+08:00,2026-02-06T16:30:03+08:00,1.6173,103.4721,C,Cloud to Cloud,2026-02-06T16:26:26.332+08:00
2026-02-07 11:58:23,2026-02-06T16:28:00+08:00,2026-02-06T16:30:03+08:00,1.5462,103.5125,C,Cloud to Cloud,2026-02-06T16:26:26.407+08:00
2026-02-07 11:58:23,2026-02-06T16:28:00+08:00,2026-02-06T16:30:03+08:00,1.6381,103.5057,C,Cloud to Cloud,2026-02-06T16:26:44.662+08:00
2026-02-07 11:58:23,2026-02-06T16:28:00+08:00,2026-02-06T16:30:03+08:00,1.6469,103.4966,C,Cloud to Cloud,2026-02-06T16:26:44.662+08:00
2026-02-07 11:58:23,2026-02-06T16:28:00+08:00,2026-02-06T16:30:03+08:00,1.3556,103.6256,C,Cloud to Cloud,2026-02-06T16:26:55.527+08:00
2026-02-07 11:58:23,2026-02-06T16:28:00+08:00,2026-02-06T16:30:03+08:00,1.3543,103.6268,C,Cloud to Cloud,2026-02-06T16:26:55.527+08:00
2026-02-07 11:58:23,2026-02-06T16:28:00+08:00,2026-02-06T16:30:03+08:00,1.3393,103.6436,C,Cloud to Cloud,2026-02-06T16:26:55.527+08:00
2026-02-07 11:58:23,2026-02-06T16:28:00+08:00,2026-02-06T16:30:03+08:00,1.3552,103.6292,C,Cloud to Cloud,2026-02-06T16:26:55.528+08:00
2026-02-07 11:58:23,2026-02-06T16:28:00+08:00,2026-02-06T16:30:03+08:00,1.3546,103.6283,C,Cloud to Cloud,2026-02-06T16:26:55.528+08:00
2026-02-07 11:58:23,2026-02-06T16:28:00+08:00,2026-02-06T16:30:03+08:00,1.3398,103.6444,C,Cloud to Cloud,2026-02-06T16:26:55.528+08:00
2026-02-07 11:58:23,2026-02-06T16:28:00+08:00,2026-02-06T16:30:03+08:00,1.355,103.6311,C,Cloud to Cloud,2026-02-06T16:26:55.528+08:00
2026-02-07 11:58:23,2026-02-06T16:28:00+08:00,2026-02-06T16:30:03+08:00,1.3547,103.6297,C,Cloud to Cloud,2026-02-06T16:26:55.528+08:00
2026-02-07 11:58:23,2026-02-06T16:28:00+08:00,2026-02-06T16:30:03+08:00,1.337,103.6397,C,Cloud to Cloud,2026-02-06T16:26:55.528+08:00
2026-02-07 11:58:23,2026-02-06T16:28:00+08:00,2026-02-06T16:30:03+08:00,1.3555,103.6321,C,Cloud to Cloud,2026-02-06T16:26:55.528+08:00
2026-02-07 11:58:23,2026-02-06T16:28:00+08:00,2026-02-06T16:30:03+08:00,1.3552,103.6328,C,Cloud to Cloud,2026-02-06T16:26:55.528+08:00
2026-02-07 11:58:23,2026-02-06T16:28:00+08:00,2026-02-06T16:30:03+08:00,1.3553,103.6353,C,Cloud to Cloud,2026-02-06T16:26:55.528+08:00
2026-02-07 11:58:23,2026-02-06T16:28:00+08:00,2026-02-06T16:30:03+08:00,1.3548,103.6309,C,Cloud to Cloud,2026-02-06T16:26:55.528+08:00
2026-02-07 11:58:23,2026-02-06T16:28:00+08:00,2026-02-06T16:30:03+08:00,1.3505,103.6137,C,Cloud to Cloud,2026-02-06T16:26:55.528+08:00
2026-02-07 11:58:23,2026-02-06T16:28:00+08:00,2026-02-06T16:30:03+08:00,1.3556,103.635,C,Cloud to Cloud,2026-02-06T16:26:55.528+08:00
2026-02-07 11:58:23,2026-02-06T16:28:00+08:00,2026-02-06T16:30:03+08:00,1.3552,103.6344,C,Cloud to Cloud,2026-02-06T16:26:55.529+08:00
2026-02-07 11:58:23,2026-02-06T16:28:00+08:00,2026-02-06T16:30:03+08:00,1.3564,103.6363,C,Cloud to Cloud,2026-02-06T16:26:55.529+08:00
2026-02-07 11:58:23,2026-02-06T16:28:00+08:00,2026-02-06T16:30:03+08:00,1.351,103.6178,C,Cloud to Cloud,2026-02-06T16:26:55.529+08:00
2026-02-07 11:58:23,2026-02-06T16:28:00+08:00,2026-02-06T16:30:03+08:00,1.3588,103.6273,C,Cloud to Cloud,2026-02-06T16:26:55.529+08:00
2026-02-07 11:58:23,2026-02-06T16:28:00+08:00,2026-02-06T16:30:03+08:00,1.3567,103.6381,C,Cloud to Cloud,2026-02-06T16:26:55.529+08:00
2026-02-07 11:58:23,2026-02-06T16:28:00+08:00,2026-02-06T16:30:03+08:00,1.349,103.6126,C,Cloud to Cloud,2026-02-06T16:26:55.529+08:00
2026-02-07 11:58:23,2026-02-06T16:28:00+08:00,2026-02-06T16:30:03+08:00,1.3568,103.6384,C,Cloud to Cloud,2026-02-06T16:26:55.529+08:00
2026-02-07 11:58:23,2026-02-06T16:28:00+08:00,2026-02-06T16:30:03+08:00,1.349,103.6101,C,Cloud to Cloud,2026-02-06T16:26:55.529+08:00
2026-02-07 11:58:23,2026-02-06T16:28:00+08:00,2026-02-06T16:30:03+08:00,1.3566,103.6399,C,Cloud to Cloud,2026-02-06T16:26:55.529+08:00
2026-02-07 11:58:23,2026-02-06T16:28:00+08:00,2026-02-06T16:30:03+08:00,1.3568,103.6366,C,Cloud to Cloud,2026-02-06T16:26:55.53+08:00
2026-02-07 11:58:23,2026-02-06T16:28:00+08:00,2026-02-06T16:30:03+08:00,1.3579,103.6269,C,Cloud to Cloud,2026-02-06T16:26:55.53+08:00
2026-02-07 11:58:23,2026-02-06T16:28:00+08:00,2026-02-06T16:30:03+08:00,1.3509,103.6133,C,Cloud to Cloud,2026-02-06T16:26:55.53+08:00
2026-02-07 11:58:23,2026-02-06T16:28:00+08:00,2026-02-06T16:30:03+08:00,1.3573,103.6358,C,Cloud to Cloud,2026-02-06T16:26:55.53+08:00
2026-02-07 11:58:23,2026-02-06T16:28:00+08:00,2026-02-06T16:30:03+08:00,1.3537,103.6206,C,Cloud to Cloud,2026-02-06T16:26:55.53+08:00
2026-02-07 11:58:23,2026-02-06T16:28:00+08:00,2026-02-06T16:30:03+08:00,1.3583,103.638,C,Cloud to Cloud,2026-02-06T16:26:55.53+08:00
2026-02-07 11:58:23,2026-02-06T16:28:00+08:00,2026-02-06T16:30:03+08:00,1.3534,103.6154,C,Cloud to Cloud,2026-02-06T16:26:55.53+08:00
2026-02-07 11:58:23,2026-02-06T16:28:00+08:00,2026-02-06T16:30:03+08:00,1.3523,103.614,C,Cloud to Cloud,2026-02-06T16:26:55.53+08:00
2026-02-07 11:58:23,2026-02-06T16:28:00+08:00,2026-02-06T16:30:03+08:00,1.3582,103.641,C,Cloud to Cloud,2026-02-06T16:26:55.53+08:00
2026-02-07 11:58:23,2026-02-06T16:28:00+08:00,2026-02-06T16:30:03+08:00,1.3587,103.6394,C,Cloud to Cloud,2026-02-06T16:26:55.53+08:00
2026-02-07 11:58:23,2026-02-06T16:28:00+08:00,2026-02-06T16:30:03+08:00,1.3531,103.6136,C,Cloud to Cloud,2026-02-06T16:26:55.531+08:00
2026-02-07 11:58:23,2026-02-06T16:28:00+08:00,2026-02-06T16:30:03+08:00,1.36,103.635,C,Cloud to Cloud,2026-02-06T16:26:55.531+08:00
2026-02-07 11:58:23,2026-02-06T16:28:00+08:00,2026-02-06T16:30:03+08:00,1.356,103.6177,C,Cloud to Cloud,2026-02-06T16:26:55.531+08:00
2026-02-07 11:58:23,2026-02-06T16:28:00+08:00,2026-02-06T16:30:03+08:00,1.362,103.6289,C,Cloud to Cloud,2026-02-06T16:26:55.531+08:00
2026-02-07 11:58:23,2026-02-06T16:28:00+08:00,2026-02-06T16:30:03+08:00,1.3557,103.6171,C,Cloud to Cloud,2026-02-06T16:26:55.531+08:00
2026-02-07 11:58:23,2026-02-06T16:28:00+08:00,2026-02-06T16:30:03+08:00,1.3551,103.6157,C,Cloud to Cloud,2026-02-06T16:26:55.531+08:00
2026-02-07 11:58:23,2026-02-06T16:28:00+08:00,2026-02-06T16:30:03+08:00,1.3569,103.6168,C,Cloud to Cloud,2026-02-06T16:26:55.531+08:00
2026-02-07 11:58:23,2026-02-06T16:28:00+08:00,2026-02-06T16:30:03+08:00,1.3615,103.6279,C,Cloud to Cloud,2026-02-06T16:26:55.531+08:00
2026-02-07 11:58:23,2026-02-06T16:28:00+08:00,2026-02-06T16:30:03+08:00,1.361,103.6358,C,Cloud to Cloud,2026-02-06T16:26:55.531+08:00
2026-02-07 11:58:23,2026-02-06T16:28:00+08:00,2026-02-06T16:30:03+08:00,1.3564,103.6147,C,Cloud to Cloud,2026-02-06T16:26:55.532+08:00
2026-02-07 11:58:23,2026-02-06T16:28:00+08:00,2026-02-06T16:30:03+08:00,1.3572,103.6177,C,Cloud to Cloud,2026-02-06T16:26:55.532+08:00
2026-02-07 11:58:23,2026-02-06T16:28:00+08:00,2026-02-06T16:30:03+08:00,1.3612,103.6287,C,Cloud to Cloud,2026-02-06T16:26:55.532+08:00
2026-02-07 11:58:23,2026-02-06T16:28:00+08:00,2026-02-06T16:30:03+08:00,1.3561,103.6125,C,Cloud to Cloud,2026-02-06T16:26:55.532+08:00
2026-02-07 11:58:23,2026-02-06T16:28:00+08:00,2026-02-06T16:30:03+08:00,1.3612,103.6318,C,Cloud to Cloud,2026-02-06T16:26:55.532+08:00
2026-02-07 11:58:23,2026-02-06T16:28:00+08:00,2026-02-06T16:30:03+08:00,1.3573,103.6146,C,Cloud to Cloud,2026-02-06T16:26:55.532+08:00
2026-02-07 11:58:23,2026-02-06T16:28:00+08:00,2026-02-06T16:30:03+08:00,1.357,103.6149,C,Cloud to Cloud,2026-02-06T16:26:55.532+08:00
2026-02-07 11:58:23,2026-02-06T16:28:00+08:00,2026-02-06T16:30:03+08:00,1.3613,103.629,C,Cloud to Cloud,2026-02-06T16:26:55.532+08:00
2026-02-07 11:58:23,2026-02-06T16:28:00+08:00,2026-02-06T16:30:03+08:00,1.3563,103.6149,C,Cloud to Cloud,2026-02-06T16:26:55.532+08:00
2026-02-07 11:58:23,2026-02-06T16:28:00+08:00,2026-02-06T16:30:03+08:00,1.3556,103.6072,C,Cloud to Cloud,2026-02-06T16:26:55.532+08:00
2026-02-07 11:58:23,2026-02-06T16:28:00+08:00,2026-02-06T16:30:03+08:00,1.3547,103.6105,C,Cloud to Cloud,2026-02-06T16:26:55.533+08:00
2026-02-07 11:58:23,2026-02-06T16:28:00+08:00,2026-02-06T16:30:03+08:00,1.3631,103.6231,C,Cloud to Cloud,2026-02-06T16:26:55.533+08:00
2026-02-07 11:58:23,2026-02-06T16:28:00+08:00,2026-02-06T16:30:03+08:00,1.3583,103.6175,C,Cloud to Cloud,2026-02-06T16:26:55.533+08:00
2026-02-07 11:58:23,2026-02-06T16:28:00+08:00,2026-02-06T16:30:03+08:00,1.3559,103.6095,C,Cloud to Cloud,2026-02-06T16:26:55.533+08:00
2026-02-07 11:58:23,2026-02-06T16:28:00+08:00,2026-02-06T16:30:03+08:00,1.3561,103.6141,C,Cloud to Cloud,2026-02-06T16:26:55.533+08:00
2026-02-07 11:58:23,2026-02-06T16:28:00+08:00,2026-02-06T16:30:03+08:00,1.3555,103.616,C,Cloud to Cloud,2026-02-06T16:26:55.533+08:00
2026-02-07 11:58:23,2026-02-06T16:28:00+08:00,2026-02-06T16:30:03+08:00,1.3636,103.6235,C,Cloud to Cloud,2026-02-06T16:26:55.533+08:00
2026-02-07 11:58:23,2026-02-06T16:28:00+08:00,2026-02-06T16:30:03+08:00,1.3627,103.6251,C,Cloud to Cloud,2026-02-06T16:26:55.533+08:00
2026-02-07 11:58:23,2026-02-06T16:28:00+08:00,2026-02-06T16:30:03+08:00,1.3613,103.6228,C,Cloud to Cloud,2026-02-06T16:26:55.533+08:00
2026-02-07 11:58:23,2026-02-06T16:28:00+08:00,2026-02-06T16:30:03+08:00,1.361,103.6249,C,Cloud to Cloud,2026-02-06T16:26:55.533+08:00
2026-02-07 11:58:23,2026-02-06T16:28:00+08:00,2026-02-06T16:30:03+08:00,1.361,103.6249,C,Cloud to Cloud,2026-02-06T16:26:55.533+08:00
2026-02-07 11:58:23,2026-02-06T16:28:00+08:00,2026-02-06T16:30:03+08:00,1.3568,103.6145,C,Cloud to Cloud,2026-02-06T16:26:55.534+08:00
2026-02-07 11:58:23,2026-02-06T16:28:00+08:00,2026-02-06T16:30:03+08:00,1.3613,103.6246,C,Cloud to Cloud,2026-02-06T16:26:55.534+08:00
2026-02-07 11:58:23,2026-02-06T16:28:00+08:00,2026-02-06T16:30:03+08:00,1.36,103.6213,C,Cloud to Cloud,2026-02-06T16:26:55.534+08:00
2026-02-07 11:58:23,2026-02-06T16:28:00+08:00,2026-02-06T16:30:03+08:00,1.3615,103.6218,C,Cloud to Cloud,2026-02-06T16:26:55.534+08:00
2026-02-07 11:58:23,2026-02-06T16:28:00+08:00,2026-02-06T16:30:03+08:00,1.3623,103.6199,C,Cloud to Cloud,2026-02-06T16:26:55.534+08:00
2026-02-07 11:58:23,2026-02-06T16:28:00+08:00,2026-02-06T16:30:03+08:00,1.3599,103.6237,C,Cloud to Cloud,2026-02-06T16:26:55.534+08:00
2026-02-07 11:58:23,2026-02-06T16:28:00+08:00,2026-02-06T16:30:03+08:00,1.3599,103.6215,C,Cloud to Cloud,2026-02-06T16:26:55.534+08:00
2026-02-07 11:58:23,2026-02-06T16:28:00+08:00,2026-02-06T16:30:03+08:00,1.362,103.6206,C,Cloud to Cloud,2026-02-06T16:26:55.534+08:00
2026-02-07 11:58:23,2026-02-06T16:28:00+08:00,2026-02-06T16:30:03+08:00,1.3599,103.6202,C,Cloud to Cloud,2026-02-06T16:26:55.534+08:00
2026-02-07 11:58:23,2026-02-06T16:28:00+08:00,2026-02-06T16:30:03+08:00,1.3596,103.6256,C,Cloud to Cloud,2026-02-06T16:26:55.534+08:00
2026-02-07 11:58:23,2026-02-06T16:28:00+08:00,2026-02-06T16:30:03+08:00,1.3608,103.6194,C,Cloud to Cloud,2026-02-06T16:26:55.535+08:00
2026-02-07 11:58:23,2026-02-06T16:28:00+08:00,2026-02-06T16:30:03+08:00,1.3592,103.6206,C,Cloud to Cloud,2026-02-06T16:26:55.535+08:00
2026-02-07 11:58:23,2026-02-06T16:28:00+08:00,2026-02-06T16:30:03+08:00,1.3598,103.6236,C,Cloud to Cloud,2026-02-06T16:26:55.535+08:00
2026-02-07 11:58:23,2026-02-06T16:28:00+08:00,2026-02-06T16:30:03+08:00,1.3584,103.6228,C,Cloud to Cloud,2026-02-06T16:26:55.535+08:00
2026-02-07 11:58:23,2026-02-06T16:28:00+08:00,2026-02-06T16:30:03+08:00,1.3581,103.6203,C,Cloud to Cloud,2026-02-06T16:26:55.535+08:00
2026-02-07 11:58:23,2026-02-06T16:28:00+08:00,2026-02-06T16:30:03+08:00,1.359,103.6218,C,Cloud to Cloud,2026-02-06T16:26:55.535+08:00
2026-02-07 11:58:23,2026-02-06T16:28:00+08:00,2026-02-06T16:30:03+08:00,1.356,103.6238,C,Cloud to Cloud,2026-02-06T16:26:55.535+08:00
2026-02-07 11:58:23,2026-02-06T16:28:00+08:00,2026-02-06T16:30:03+08:00,1.3576,103.6217,C,Cloud to Cloud,2026-02-06T16:26:55.535+08:00
2026-02-07 11:58:23,2026-02-06T16:28:00+08:00,2026-02-06T16:30:03+08:00,1.357,103.6261,C,Cloud to Cloud,2026-02-06T16:26:55.536+08:00
2026-02-07 11:58:23,2026-02-06T16:28:00+08:00,2026-02-06T16:30:03+08:00,1.3462,103.6515,C,Cloud to Cloud,2026-02-06T16:26:55.536+08:00
2026-02-07 11:58:23,2026-02-06T16:28:00+08:00,2026-02-06T16:30:03+08:00,1.3563,103.6196,C,Cloud to Cloud,2026-02-06T16:26:55.536+08:00
2026-02-07 11:58:23,2026-02-06T16:28:00+08:00,2026-02-06T16:30:03+08:00,1.3581,103.6227,C,Cloud to Cloud,2026-02-06T16:26:55.536+08:00
2026-02-07 11:58:23,2026-02-06T16:28:00+08:00,2026-02-06T16:30:03+08:00,1.3577,103.6231,C,Cloud to Cloud,2026-02-06T16:26:55.536+08:00
2026-02-07 11:58:23,2026-02-06T16:28:00+08:00,2026-02-06T16:30:03+08:00,1.3565,103.6257,C,Cloud to Cloud,2026-02-06T16:26:55.536+08:00
2026-02-07 11:58:23,2026-02-06T16:28:00+08:00,2026-02-06T16:30:03+08:00,1.355,103.6264,C,Cloud to Cloud,2026-02-06T16:26:55.536+08:00
2026-02-07 11:58:23,2026-02-06T16:28:00+08:00,2026-02-06T16:30:03+08:00,1.3563,103.6233,C,Cloud to Cloud,2026-02-06T16:26:55.536+08:00
2026-02-07 11:58:23,2026-02-06T16:28:00+08:00,2026-02-06T16:30:03+08:00,1.3568,103.6236,C,Cloud to Cloud,2026-02-06T16:26:55.537+08:00
2026-02-07 11:58:23,2026-02-06T16:28:00+08:00,2026-02-06T16:30:03+08:00,1.3545,103.6214,C,Cloud to Cloud,2026-02-06T16:26:55.537+08:00
2026-02-07 11:58:23,2026-02-06T16:28:00+08:00,2026-02-06T16:30:03+08:00,1.3544,103.6268,C,Cloud to Cloud,2026-02-06T16:26:55.538+08:00
2026-02-07 11:58:23,2026-02-06T16:28:00+08:00,2026-02-06T16:30:03+08:00,1.3544,103.6268,C,Cloud to Cloud,2026-02-06T16:26:55.538+08:00
2026-02-07 11:58:23,2026-02-06T16:28:00+08:00,2026-02-06T16:30:03+08:00,1.3517,103.6269,C,Cloud to Cloud,2026-02-06T16:26:55.538+08:00
2026-02-07 11:58:23,2026-02-06T16:28:00+08:00,2026-02-06T16:30:03+08:00,1.3517,103.6269,C,Cloud to Cloud,2026-02-06T16:26:55.538+08:00
2026-02-07 11:58:23,2026-02-06T16:28:00+08:00,2026-02-06T16:30:03+08:00,1.3513,103.6252,C,Cloud to Cloud,2026-02-06T16:26:55.539+08:00
2026-02-07 11:58:23,2026-02-06T16:28:00+08:00,2026-02-06T16:30:03+08:00,1.3524,103.627,C,Cloud to Cloud,2026-02-06T16:26:55.539+08:00
2026-02-07 11:58:23,2026-02-06T16:28:00+08:00,2026-02-06T16:30:03+08:00,1.3511,103.6281,C,Cloud to Cloud,2026-02-06T16:26:55.539+08:00
2026-02-07 11:58:23,2026-02-06T16:28:00+08:00,2026-02-06T16:30:03+08:00,1.3514,103.629,C,Cloud to Cloud,2026-02-06T16:26:55.539+08:00
2026-02-07 11:58:23,2026-02-06T16:28:00+08:00,2026-02-06T16:30:03+08:00,1.3502,103.63,C,Cloud to Cloud,2026-02-06T16:26:55.54+08:00
2026-02-07 11:58:23,2026-02-06T16:28:00+08:00,2026-02-06T16:30:03+08:00,1.3498,103.6294,C,Cloud to Cloud,2026-02-06T16:26:55.54+08:00
2026-02-07 11:58:23,2026-02-06T16:28:00+08:00,2026-02-06T16:30:03+08:00,1.3528,103.626,C,Cloud to Cloud,2026-02-06T16:26:55.54+08:00
2026-02-07 11:58:23,2026-02-06T16:28:00+08:00,2026-02-06T16:30:03+08:00,1.3506,103.6285,C,Cloud to Cloud,2026-02-06T16:26:55.54+08:00
2026-02-07 11:58:23,2026-02-06T16:28:00+08:00,2026-02-06T16:30:03+08:00,1.3508,103.6287,C,Cloud to Cloud,2026-02-06T16:26:55.54+08:00
2026-02-07 11:58:23,2026-02-06T16:28:00+08:00,2026-02-06T16:30:03+08:00,1.3496,103.6282,C,Cloud to Cloud,2026-02-06T16:26:55.54+08:00
2026-02-07 11:58:23,2026-02-06T16:28:00+08:00,2026-02-06T16:30:03+08:00,1.3517,103.6287,C,Cloud to Cloud,2026-02-06T16:26:55.54+08:00
2026-02-07 11:58:23,2026-02-06T16:28:00+08:00,2026-02-06T16:30:03+08:00,1.3516,103.6285,C,Cloud to Cloud,2026-02-06T16:26:55.54+08:00
2026-02-07 11:58:23,2026-02-06T16:28:00+08:00,2026-02-06T16:30:03+08:00,1.3537,103.626,C,Cloud to Cloud,2026-02-06T16:26:55.54+08:00
2026-02-07 11:58:23,2026-02-06T16:28:00+08:00,2026-02-06T16:30:03+08:00,1.3537,103.629,C,Cloud to Cloud,2026-02-06T16:26:55.541+08:00
2026-02-07 11:58:23,2026-02-06T16:28:00+08:00,2026-02-06T16:30:03+08:00,1.3517,103.6325,C,Cloud to Cloud,2026-02-06T16:26:55.541+08:00
2026-02-07 11:58:23,2026-02-06T16:28:00+08:00,2026-02-06T16:30:03+08:00,1.3503,103.6304,C,Cloud to Cloud,2026-02-06T16:26:55.541+08:00
2026-02-07 11:58:23,2026-02-06T16:28:00+08:00,2026-02-06T16:30:03+08:00,1.3541,103.6269,C,Cloud to Cloud,2026-02-06T16:26:55.541+08:00
2026-02-07 11:58:23,2026-02-06T16:28:00+08:00,2026-02-06T16:30:03+08:00,1.3534,103.6291,C,Cloud to Cloud,2026-02-06T16:26:55.541+08:00
2026-02-07 11:58:23,2026-02-06T16:28:00+08:00,2026-02-06T16:30:03+08:00,1.3505,103.6322,C,Cloud to Cloud,2026-02-06T16:26:55.541+08:00
2026-02-07 11:58:23,2026-02-06T16:28:00+08:00,2026-02-06T16:30:03+08:00,1.3515,103.6337,C,Cloud to Cloud,2026-02-06T16:26:55.541+08:00
2026-02-07 11:58:23,2026-02-06T16:28:00+08:00,2026-02-06T16:30:03+08:00,1.3488,103.624,C,Cloud to Cloud,2026-02-06T16:26:55.541+08:00
2026-02-07 11:58:23,2026-02-06T16:28:00+08:00,2026-02-06T16:30:03+08:00,1.3505,103.6213,C,Cloud to Cloud,2026-02-06T16:26:55.542+08:00
2026-02-07 11:58:23,2026-02-06T16:28:00+08:00,2026-02-06T16:30:03+08:00,1.3512,103.6241,C,Cloud to Cloud,2026-02-06T16:26:55.542+08:00
2026-02-07 11:58:23,2026-02-06T16:28:00+08:00,2026-02-06T16:30:03+08:00,1.3534,103.6246,C,Cloud to Cloud,2026-02-06T16:26:55.542+08:00
2026-02-07 11:58:23,2026-02-06T16:28:00+08:00,2026-02-06T16:30:03+08:00,1.3542,103.6295,C,Cloud to Cloud,2026-02-06T16:26:55.542+08:00
2026-02-07 11:58:23,2026-02-06T16:28:00+08:00,2026-02-06T16:30:03+08:00,1.3527,103.6266,C,Cloud to Cloud,2026-02-06T16:26:55.542+08:00
2026-02-07 11:58:23,2026-02-06T16:28:00+08:00,2026-02-06T16:30:03+08:00,1.3531,103.6256,C,Cloud to Cloud,2026-02-06T16:26:55.542+08:00
2026-02-07 11:58:23,2026-02-06T16:28:00+08:00,2026-02-06T16:30:03+08:00,1.3521,103.6249,C,Cloud to Cloud,2026-02-06T16:26:55.542+08:00
2026-02-07 11:58:23,2026-02-06T16:28:00+08:00,2026-02-06T16:30:03+08:00,1.3514,103.6348,C,Cloud to Cloud,2026-02-06T16:26:55.542+08:00
2026-02-07 11:58:23,2026-02-06T16:28:00+08:00,2026-02-06T16:30:03+08:00,1.3512,103.6273,C,Cloud to Cloud,2026-02-06T16:26:55.543+08:00
2026-02-07 11:58:23,2026-02-06T16:28:00+08:00,2026-02-06T16:30:03+08:00,1.3502,103.6285,C,Cloud to Cloud,2026-02-06T16:26:55.543+08:00
2026-02-07 11:58:23,2026-02-06T16:28:00+08:00,2026-02-06T16:30:03+08:00,1.3563,103.6235,C,Cloud to Cloud,2026-02-06T16:26:55.547+08:00
2026-02-07 11:58:23,2026-02-06T16:28:00+08:00,2026-02-06T16:30:03+08:00,1.3563,103.6235,C,Cloud to Cloud,2026-02-06T16:26:55.547+08:00
2026-02-07 11:58:23,2026-02-06T16:28:00+08:00,2026-02-06T16:30:03+08:00,1.3557,103.6336,C,Cloud to Cloud,2026-02-06T16:26:55.548+08:00
2026-02-07 11:58:23,2026-02-06T16:28:00+08:00,2026-02-06T16:30:03+08:00,1.3564,103.6266,C,Cloud to Cloud,2026-02-06T16:26:55.548+08:00
2026-02-07 11:58:23,2026-02-06T16:28:00+08:00,2026-02-06T16:30:03+08:00,1.3563,103.6359,C,Cloud to Cloud,2026-02-06T16:26:55.548+08:00
2026-02-07 11:58:23,2026-02-06T16:28:00+08:00,2026-02-06T16:30:03+08:00,1.3562,103.6311,C,Cloud to Cloud,2026-02-06T16:26:55.548+08:00
2026-02-07 11:58:23,2026-02-06T16:28:00+08:00,2026-02-06T16:30:03+08:00,1.3562,103.6322,C,Cloud to Cloud,2026-02-06T16:26:55.548+08:00
2026-02-07 11:58:23,2026-02-06T16:28:00+08:00,2026-02-06T16:30:03+08:00,1.3569,103.6279,C,Cloud to Cloud,2026-02-06T16:26:55.548+08:00
2026-02-07 11:58:23,2026-02-06T16:28:00+08:00,2026-02-06T16:30:03+08:00,1.3566,103.6325,C,Cloud to Cloud,2026-02-06T16:26:55.548+08:00
2026-02-07 11:58:23,2026-02-06T16:28:00+08:00,2026-02-06T16:30:03+08:00,1.3564,103.6266,C,Cloud to Cloud,2026-02-06T16:26:55.548+08:00
2026-02-07 11:58:23,2026-02-06T16:28:00+08:00,2026-02-06T16:30:03+08:00,1.3534,103.621,C,Cloud to Cloud,2026-02-06T16:26:55.548+08:00
2026-02-07 11:58:23,2026-02-06T16:28:00+08:00,2026-02-06T16:30:03+08:00,1.3568,103.6344,C,Cloud to Cloud,2026-02-06T16:26:55.548+08:00
2026-02-07 11:58:23,2026-02-06T16:28:00+08:00,2026-02-06T16:30:03+08:00,1.3577,103.626,C,Cloud to Cloud,2026-02-06T16:26:55.549+08:00
2026-02-07 11:58:23,2026-02-06T16:28:00+08:00,2026-02-06T16:30:03+08:00,1.3588,103.635,G,Cloud to Ground,2026-02-06T16:26:55.549+08:00
2026-02-07 11:58:23,2026-02-06T16:28:00+08:00,2026-02-06T16:30:03+08:00,1.3404,103.6091,C,Cloud to Cloud,2026-02-06T16:26:55.549+08:00
2026-02-07 11:58:23,2026-02-06T16:28:00+08:00,2026-02-06T16:30:03+08:00,1.3335,103.5955,C,Cloud to Cloud,2026-02-06T16:26:55.549+08:00
2026-02-07 11:58:23,2026-02-06T16:28:00+08:00,2026-02-06T16:30:03+08:00,1.3502,103.6399,C,Cloud to Cloud,2026-02-06T16:26:55.549+08:00
2026-02-07 11:58:23,2026-02-06T16:28:00+08:00,2026-02-06T16:30:03+08:00,1.3523,103.6278,C,Cloud to Cloud,2026-02-06T16:26:55.549+08:00
2026-02-07 11:58:23,2026-02-06T16:28:00+08:00,2026-02-06T16:30:03+08:00,1.3614,103.6242,C,Cloud to Cloud,2026-02-06T16:26:55.549+08:00
2026-02-07 11:58:23,2026-02-06T16:28:00+08:00,2026-02-06T16:30:03+08:00,1.3603,103.6376,C,Cloud to Cloud,2026-02-06T16:26:55.549+08:00
2026-02-07 11:58:23,2026-02-06T16:28:00+08:00,2026-02-06T16:30:03+08:00,1.3545,103.6335,C,Cloud to Cloud,2026-02-06T16:26:55.562+08:00
2026-02-07 11:58:23,2026-02-06T16:28:00+08:00,2026-02-06T16:30:03+08:00,1.3428,103.6064,C,Cloud to Cloud,2026-02-06T16:26:55.563+08:00
2026-02-07 11:58:23,2026-02-06T16:28:00+08:00,2026-02-06T16:30:03+08:00,1.3492,103.6222,C,Cloud to Cloud,2026-02-06T16:26:55.564+08:00
2026-02-07 11:58:23,2026-02-06T16:28:00+08:00,2026-02-06T16:30:03+08:00,1.3473,103.6278,C,Cloud to Cloud,2026-02-06T16:26:55.564+08:00
2026-02-07 11:58:23,2026-02-06T16:28:00+08:00,2026-02-06T16:30:03+08:00,1.3538,103.6224,C,Cloud to Cloud,2026-02-06T16:26:55.566+08:00
2026-02-07 11:58:23,2026-02-06T16:28:00+08:00,2026-02-06T16:30:03+08:00,1.3338,103.6226,C,Cloud to Cloud,2026-02-06T16:26:55.63+08:00
2026-02-07 11:58:23,2026-02-06T16:28:00+08:00,2026-02-06T16:30:03+08:00,1.3262,103.666,C,Cloud to Cloud,2026-02-06T16:26:55.63+08:00
2026-02-07 11:58:23,2026-02-06T16:28:00+08:00,2026-02-06T16:30:03+08:00,1.3349,103.6163,C,Cloud to Cloud,2026-02-06T16:26:55.631+08:00
2026-02-07 11:58:23,2026-02-06T16:28:00+08:00,2026-02-06T16:30:03+08:00,1.3316,103.6347,C,Cloud to Cloud,2026-02-06T16:26:55.631+08:00
2026-02-07 11:58:23,2026-02-06T16:28:00+08:00,2026-02-06T16:30:03+08:00,1.3348,103.617,C,Cloud to Cloud,2026-02-06T16:26:55.631+08:00
2026-02-07 11:58:23,2026-02-06T16:28:00+08:00,2026-02-06T16:30:03+08:00,1.3348,103.6162,C,Cloud to Cloud,2026-02-06T16:26:55.631+08:00
2026-02-07 11:58:23,2026-02-06T16:28:00+08:00,2026-02-06T16:30:03+08:00,1.344,103.6315,C,Cloud to Cloud,2026-02-06T16:26:55.632+08:00
2026-02-07 11:58:23,2026-02-06T16:28:00+08:00,2026-02-06T16:30:03+08:00,1.3188,103.5861,C,Cloud to Cloud,2026-02-06T16:26:55.632+08:00
2026-02-07 11:58:23,2026-02-06T16:28:00+08:00,2026-02-06T16:30:03+08:00,1.3234,103.6792,C,Cloud to Cloud,2026-02-06T16:26:55.632+08:00
2026-02-07 11:58:23,2026-02-06T16:28:00+08:00,2026-02-06T16:30:03+08:00,1.3431,103.6233,C,Cloud to Cloud,2026-02-06T16:26:55.634+08:00
2026-02-07 11:58:23,2026-02-06T16:28:00+08:00,2026-02-06T16:30:03+08:00,1.3467,103.6229,C,Cloud to Cloud,2026-02-06T16:26:55.635+08:00
2026-02-07 11:58:23,2026-02-06T16:28:00+08:00,2026-02-06T16:30:03+08:00,1.3513,103.621,C,Cloud to Cloud,2026-02-06T16:26:55.635+08:00
2026-02-07 11:58:23,2026-02-06T16:28:00+08:00,2026-02-06T16:30:03+08:00,1.3266,103.6842,C,Cloud to Cloud,2026-02-06T16:26:55.635+08:00
2026-02-07 11:58:23,2026-02-06T16:28:00+08:00,2026-02-06T16:30:03+08:00,1.3475,103.6096,C,Cloud to Cloud,2026-02-06T16:26:55.635+08:00
2026-02-07 11:58:23,2026-02-06T16:28:00+08:00,2026-02-06T16:30:03+08:00,1.3447,103.5934,C,Cloud to Cloud,2026-02-06T16:26:55.635+08:00
2026-02-07 11:58:23,2026-02-06T16:28:00+08:00,2026-02-06T16:30:03+08:00,1.3503,103.6174,C,Cloud to Cloud,2026-02-06T16:26:55.635+08:00
2026-02-07 11:58:23,2026-02-06T16:28:00+08:00,2026-02-06T16:30:03+08:00,1.3223,103.6984,C,Cloud to Cloud,2026-02-06T16:26:55.636+08:00
2026-02-07 11:58:23,2026-02-06T16:28:00+08:00,2026-02-06T16:30:03+08:00,1.3481,103.5916,C,Cloud to Cloud,2026-02-06T16:26:55.636+08:00
2026-02-07 11:58:23,2026-02-06T16:28:00+08:00,2026-02-06T16:30:03+08:00,1.3522,103.6046,C,Cloud to Cloud,2026-02-06T16:26:55.637+08:00
2026-02-07 11:58:23,2026-02-06T16:28:00+08:00,2026-02-06T16:30:03+08:00,1.3205,103.5352,C,Cloud to Cloud,2026-02-06T16:26:55.637+08:00
2026-02-07 11:58:23,2026-02-06T16:28:00+08:00,2026-02-06T16:30:03+08:00,1.3124,103.5287,C,Cloud to Cloud,2026-02-06T16:26:55.637+08:00
2026-02-07 11:58:23,2026-02-06T16:28:00+08:00,2026-02-06T16:30:03+08:00,1.3148,103.5287,C,Cloud to Cloud,2026-02-06T16:26:55.638+08:00
2026-02-07 11:58:23,2026-02-06T16:28:00+08:00,2026-02-06T16:30:03+08:00,1.3224,103.5436,C,Cloud to Cloud,2026-02-06T16:26:55.638+08:00
2026-02-07 11:58:23,2026-02-06T16:28:00+08:00,2026-02-06T16:30:03+08:00,1.3221,103.5413,C,Cloud to Cloud,2026-02-06T16:26:55.638+08:00
2026-02-07 11:58:23,2026-02-06T16:28:00+08:00,2026-02-06T16:30:03+08:00,1.3364,103.576,C,Cloud to Cloud,2026-02-06T16:26:55.638+08:00
2026-02-07 11:58:23,2026-02-06T16:28:00+08:00,2026-02-06T16:30:03+08:00,1.3294,103.5619,C,Cloud to Cloud,2026-02-06T16:26:55.638+08:00
2026-02-07 11:58:23,2026-02-06T16:28:00+08:00,2026-02-06T16:30:03+08:00,1.3483,103.5967,C,Cloud to Cloud,2026-02-06T16:26:55.639+08:00
2026-02-07 11:58:23,2026-02-06T16:28:00+08:00,2026-02-06T16:30:03+08:00,1.3531,103.6112,C,Cloud to Cloud,2026-02-06T16:26:55.639+08:00
2026-02-07 11:58:23,2026-02-06T16:28:00+08:00,2026-02-06T16:30:03+08:00,1.3432,103.5887,C,Cloud to Cloud,2026-02-06T16:26:55.64+08:00
2026-02-07 11:58:23,2026-02-06T16:28:00+08:00,2026-02-06T16:30:03+08:00,1.3468,103.5862,C,Cloud to Cloud,2026-02-06T16:26:55.641+08:00
2026-02-07 11:58:23,2026-02-06T16:28:00+08:00,2026-02-06T16:30:03+08:00,1.3344,103.567,C,Cloud to Cloud,2026-02-06T16:26:55.641+08:00
2026-02-07 11:58:23,2026-02-06T16:28:00+08:00,2026-02-06T16:30:03+08:00,1.3463,103.5781,C,Cloud to Cloud,2026-02-06T16:26:55.643+08:00
2026-02-07 11:58:23,2026-02-06T16:28:00+08:00,2026-02-06T16:30:03+08:00,1.3684,103.6205,C,Cloud to Cloud,2026-02-06T16:26:55.694+08:00
2026-02-07 11:58:23,2026-02-06T16:28:00+08:00,2026-02-06T16:30:03+08:00,1.3599,103.6031,C,Cloud to Cloud,2026-02-06T16:26:55.741+08:00
2026-02-07 11:58:23,2026-02-06T16:28:00+08:00,2026-02-06T16:30:03+08:00,1.369,103.6049,C,Cloud to Cloud,2026-02-06T16:26:55.742+08:00
2026-02-07 11:58:23,2026-02-06T16:28:00+08:00,2026-02-06T16:30:03+08:00,1.374,103.5983,C,Cloud to Cloud,2026-02-06T16:26:55.778+08:00
2026-02-07 11:58:23,2026-02-06T16:28:00+08:00,2026-02-06T16:30:03+08:00,1.3736,103.6155,C,Cloud to Cloud,2026-02-06T16:26:55.778+08:00
2026-02-07 11:58:23,2026-02-06T16:28:00+08:00,2026-02-06T16:30:03+08:00,1.4016,103.6017,C,Cloud to Cloud,2026-02-06T16:26:55.778+08:00
2026-02-07 11:58:23,2026-02-06T16:28:00+08:00,2026-02-06T16:30:03+08:00,1.3702,103.6381,C,Cloud to Cloud,2026-02-06T16:26:55.799+08:00
2026-02-07 11:58:23,2026-02-06T16:28:00+08:00,2026-02-06T16:30:03+08:00,1.3658,103.6365,C,Cloud to Cloud,2026-02-06T16:26:55.799+08:00
2026-02-07 11:58:23,2026-02-06T16:28:00+08:00,2026-02-06T16:30:03+08:00,1.3663,103.634,C,Cloud to Cloud,2026-02-06T16:26:55.799+08:00
2026-02-07 11:58:23,2026-02-06T16:28:00+08:00,2026-02-06T16:30:03+08:00,1.3659,103.6347,C,Cloud to Cloud,2026-02-06T16:26:55.799+08:00
2026-02-07 11:58:23,2026-02-06T16:28:00+08:00,2026-02-06T16:30:03+08:00,1.3412,103.5893,C,Cloud to Cloud,2026-02-06T16:26:55.799+08:00
2026-02-07 11:58:23,2026-02-06T16:28:00+08:00,2026-02-06T16:30:03+08:00,1.3694,103.6375,C,Cloud to Cloud,2026-02-06T16:26:55.799+08:00
2026-02-07 11:58:23,2026-02-06T16:28:00+08:00,2026-02-06T16:30:03+08:00,1.3589,103.6017,C,Cloud to Cloud,2026-02-06T16:26:55.81+08:00
2026-02-07 11:58:23,2026-02-06T16:28:00+08:00,2026-02-06T16:30:03+08:00,1.3731,103.6332,C,Cloud to Cloud,2026-02-06T16:26:55.81+08:00
2026-02-07 11:58:23,2026-02-06T16:28:00+08:00,2026-02-06T16:30:03+08:00,1.3694,103.6285,C,Cloud to Cloud,2026-02-06T16:26:55.81+08:00
2026-02-07 11:58:23,2026-02-06T16:28:00+08:00,2026-02-06T16:30:03+08:00,1.3706,103.6341,C,Cloud to Cloud,2026-02-06T16:26:55.828+08:00
2026-02-07 11:58:23,2026-02-06T16:28:00+08:00,2026-02-06T16:30:03+08:00,1.3526,103.6186,C,Cloud to Cloud,2026-02-06T16:26:55.828+08:00
2026-02-07 11:58:23,2026-02-06T16:28:00+08:00,2026-02-06T16:30:03+08:00,1.4057,103.6421,C,Cloud to Cloud,2026-02-06T16:26:55.828+08:00
2026-02-07 11:58:23,2026-02-06T16:28:00+08:00,2026-02-06T16:30:03+08:00,1.3862,103.6301,C,Cloud to Cloud,2026-02-06T16:26:55.828+08:00
2026-02-07 11:58:23,2026-02-06T16:28:00+08:00,2026-02-06T16:30:03+08:00,1.3736,103.6515,C,Cloud to Cloud,2026-02-06T16:26:55.828+08:00
2026-02-07 11:58:23,2026-02-06T16:28:00+08:00,2026-02-06T16:30:03+08:00,1.3358,103.5946,C,Cloud to Cloud,2026-02-06T16:26:55.828+08:00
2026-02-07 11:58:23,2026-02-06T16:28:00+08:00,2026-02-06T16:30:03+08:00,1.3507,103.6086,C,Cloud to Cloud,2026-02-06T16:26:55.828+08:00
2026-02-07 11:58:23,2026-02-06T16:28:00+08:00,2026-02-06T16:30:03+08:00,1.3548,103.6236,C,Cloud to Cloud,2026-02-06T16:26:55.828+08:00
2026-02-07 11:58:23,2026-02-06T16:28:00+08:00,2026-02-06T16:30:03+08:00,1.5348,103.4827,C,Cloud to Cloud,2026-02-06T16:26:59.62+08:00
2026-02-07 11:58:23,2026-02-06T16:28:00+08:00,2026-02-06T16:30:03+08:00,1.6467,103.4907,C,Cloud to Cloud,2026-02-06T16:27:22.583+08:00
2026-02-07 11:58:23,2026-02-06T16:28:00+08:00,2026-02-06T16:30:03+08:00,1.588,103.3294,G,Cloud to Ground,2026-02-06T16:27:40.175+08:00
2026-02-07 11:58:23,2026-02-06T16:28:00+08:00,2026-02-06T16:30:03+08:00,1.4924,103.5028,C,Cloud to Cloud,2026-02-06T16:27:40.175+08:00
2026-02-07 11:58:23,2026-02-06T16:26:00+08:00,2026-02-06T16:28:02+08:00,1.3777,103.6469,C,Cloud to Cloud,2026-02-06T16:24:08.656+08:00
2026-02-07 11:58:23,2026-02-06T16:26:00+08:00,2026-02-06T16:28:02+08:00,1.3734,103.6646,C,Cloud to Cloud,2026-02-06T16:24:08.656+08:00
2026-02-07 11:58:23,2026-02-06T16:26:00+08:00,2026-02-06T16:28:02+08:00,1.3742,103.6636,C,Cloud to Cloud,2026-02-06T16:24:08.656+08:00
2026-02-07 11:58:23,2026-02-06T16:26:00+08:00,2026-02-06T16:28:02+08:00,1.3751,103.6565,C,Cloud to Cloud,2026-02-06T16:24:08.656+08:00
2026-02-07 11:58:23,2026-02-06T16:26:00+08:00,2026-02-06T16:28:02+08:00,1.3792,103.6347,C,Cloud to Cloud,2026-02-06T16:24:08.657+08:00
2026-02-07 11:58:23,2026-02-06T16:26:00+08:00,2026-02-06T16:28:02+08:00,1.3751,103.6509,C,Cloud to Cloud,2026-02-06T16:24:08.657+08:00
2026-02-07 11:58:23,2026-02-06T16:26:00+08:00,2026-02-06T16:28:02+08:00,1.3788,103.6363,C,Cloud to Cloud,2026-02-06T16:24:08.657+08:00
2026-02-07 11:58:23,2026-02-06T16:26:00+08:00,2026-02-06T16:28:02+08:00,1.378,103.6389,C,Cloud to Cloud,2026-02-06T16:24:08.657+08:00
2026-02-07 11:58:23,2026-02-06T16:26:00+08:00,2026-02-06T16:28:02+08:00,1.368,103.6318,C,Cloud to Cloud,2026-02-06T16:24:08.712+08:00
2026-02-07 11:58:23,2026-02-06T16:26:00+08:00,2026-02-06T16:28:02+08:00,1.3534,103.6061,C,Cloud to Cloud,2026-02-06T16:24:08.712+08:00
2026-02-07 11:58:23,2026-02-06T16:26:00+08:00,2026-02-06T16:28:02+08:00,1.3719,103.6364,C,Cloud to Cloud,2026-02-06T16:24:08.712+08:00
2026-02-07 11:58:23,2026-02-06T16:26:00+08:00,2026-02-06T16:28:02+08:00,1.368,103.6291,C,Cloud to Cloud,2026-02-06T16:24:08.712+08:00
2026-02-07 11:58:23,2026-02-06T16:26:00+08:00,2026-02-06T16:28:02+08:00,1.374,103.6447,C,Cloud to Cloud,2026-02-06T16:24:08.712+08:00
2026-02-07 11:58:23,2026-02-06T16:26:00+08:00,2026-02-06T16:28:02+08:00,1.3749,103.6407,C,Cloud to Cloud,2026-02-06T16:24:08.713+08:00
2026-02-07 11:58:23,2026-02-06T16:26:00+08:00,2026-02-06T16:28:02+08:00,1.3765,103.6374,C,Cloud to Cloud,2026-02-06T16:24:08.713+08:00
2026-02-07 11:58:23,2026-02-06T16:26:00+08:00,2026-02-06T16:28:02+08:00,1.3732,103.6489,C,Cloud to Cloud,2026-02-06T16:24:08.713+08:00
2026-02-07 11:58:23,2026-02-06T16:26:00+08:00,2026-02-06T16:28:02+08:00,1.3787,103.6273,C,Cloud to Cloud,2026-02-06T16:24:08.713+08:00
2026-02-07 11:58:23,2026-02-06T16:26:00+08:00,2026-02-06T16:28:02+08:00,1.3821,103.6092,C,Cloud to Cloud,2026-02-06T16:24:08.713+08:00
2026-02-07 11:58:23,2026-02-06T16:26:00+08:00,2026-02-06T16:28:02+08:00,1.3705,103.6527,G,Cloud to Ground,2026-02-06T16:24:08.714+08:00
2026-02-07 11:58:23,2026-02-06T16:26:00+08:00,2026-02-06T16:28:02+08:00,1.3561,103.624,C,Cloud to Cloud,2026-02-06T16:24:08.714+08:00
2026-02-07 11:58:23,2026-02-06T16:26:00+08:00,2026-02-06T16:28:02+08:00,1.365,103.6393,C,Cloud to Cloud,2026-02-06T16:24:08.72+08:00
2026-02-07 11:58:23,2026-02-06T16:26:00+08:00,2026-02-06T16:28:02+08:00,1.3561,103.6127,C,Cloud to Cloud,2026-02-06T16:24:08.742+08:00
2026-02-07 11:58:23,2026-02-06T16:26:00+08:00,2026-02-06T16:28:02+08:00,1.3719,103.636,C,Cloud to Cloud,2026-02-06T16:24:08.762+08:00
2026-02-07 11:58:23,2026-02-06T16:26:00+08:00,2026-02-06T16:28:02+08:00,1.3689,103.6306,C,Cloud to Cloud,2026-02-06T16:24:08.762+08:00
2026-02-07 11:58:23,2026-02-06T16:26:00+08:00,2026-02-06T16:28:02+08:00,1.3639,103.6426,C,Cloud to Cloud,2026-02-06T16:24:08.763+08:00
2026-02-07 11:58:23,2026-02-06T16:26:00+08:00,2026-02-06T16:28:02+08:00,1.3792,103.6397,C,Cloud to Cloud,2026-02-06T16:24:08.763+08:00
2026-02-07 11:58:23,2026-02-06T16:26:00+08:00,2026-02-06T16:28:02+08:00,1.375,103.6504,C,Cloud to Cloud,2026-02-06T16:24:08.763+08:00
2026-02-07 11:58:23,2026-02-06T16:26:00+08:00,2026-02-06T16:28:02+08:00,1.3787,103.6376,C,Cloud to Cloud,2026-02-06T16:24:08.763+08:00
2026-02-07 11:58:23,2026-02-06T16:26:00+08:00,2026-02-06T16:28:02+08:00,1.3714,103.6525,G,Cloud to Ground,2026-02-06T16:24:08.763+08:00
2026-02-07 11:58:23,2026-02-06T16:26:00+08:00,2026-02-06T16:28:02+08:00,1.3661,103.6256,C,Cloud to Cloud,2026-02-06T16:24:08.773+08:00
2026-02-07 11:58:23,2026-02-06T16:26:00+08:00,2026-02-06T16:28:02+08:00,1.3661,103.6256,C,Cloud to Cloud,2026-02-06T16:24:08.773+08:00
2026-02-07 11:58:23,2026-02-06T16:26:00+08:00,2026-02-06T16:28:02+08:00,1.355,103.5931,C,Cloud to Cloud,2026-02-06T16:24:08.813+08:00
2026-02-07 11:58:23,2026-02-06T16:26:00+08:00,2026-02-06T16:28:02+08:00,1.364,103.6104,C,Cloud to Cloud,2026-02-06T16:24:08.813+08:00
2026-02-07 11:58:23,2026-02-06T16:26:00+08:00,2026-02-06T16:28:02+08:00,1.3619,103.6308,C,Cloud to Cloud,2026-02-06T16:24:08.813+08:00
2026-02-07 11:58:23,2026-02-06T16:26:00+08:00,2026-02-06T16:28:02+08:00,1.3514,103.597,C,Cloud to Cloud,2026-02-06T16:24:08.813+08:00
2026-02-07 11:58:23,2026-02-06T16:26:00+08:00,2026-02-06T16:28:02+08:00,1.3605,103.6135,C,Cloud to Cloud,2026-02-06T16:24:08.813+08:00
2026-02-07 11:58:23,2026-02-06T16:26:00+08:00,2026-02-06T16:28:02+08:00,1.3775,103.6399,C,Cloud to Cloud,2026-02-06T16:24:08.813+08:00
2026-02-07 11:58:23,2026-02-06T16:26:00+08:00,2026-02-06T16:28:02+08:00,1.3771,103.6408,C,Cloud to Cloud,2026-02-06T16:24:08.813+08:00
2026-02-07 11:58:23,2026-02-06T16:26:00+08:00,2026-02-06T16:28:02+08:00,1.3777,103.6365,C,Cloud to Cloud,2026-02-06T16:24:08.813+08:00
2026-02-07 11:58:23,2026-02-06T16:26:00+08:00,2026-02-06T16:28:02+08:00,1.3774,103.6431,C,Cloud to Cloud,2026-02-06T16:24:08.814+08:00
2026-02-07 11:58:23,2026-02-06T16:26:00+08:00,2026-02-06T16:28:02+08:00,1.3754,103.6536,C,Cloud to Cloud,2026-02-06T16:24:08.814+08:00
2026-02-07 11:58:23,2026-02-06T16:26:00+08:00,2026-02-06T16:28:02+08:00,1.3603,103.5954,C,Cloud to Cloud,2026-02-06T16:24:08.814+08:00
2026-02-07 11:58:23,2026-02-06T16:26:00+08:00,2026-02-06T16:28:02+08:00,1.3705,103.653,G,Cloud to Ground,2026-02-06T16:24:08.814+08:00
2026-02-07 11:58:23,2026-02-06T16:26:00+08:00,2026-02-06T16:28:02+08:00,1.3794,103.629,C,Cloud to Cloud,2026-02-06T16:24:08.814+08:00
2026-02-07 11:58:23,2026-02-06T16:26:00+08:00,2026-02-06T16:28:02+08:00,1.3843,103.631,C,Cloud to Cloud,2026-02-06T16:24:08.814+08:00
2026-02-07 11:58:23,2026-02-06T16:26:00+08:00,2026-02-06T16:28:02+08:00,1.3794,103.629,C,Cloud to Cloud,2026-02-06T16:24:08.814+08:00
2026-02-07 11:58:23,2026-02-06T16:26:00+08:00,2026-02-06T16:28:02+08:00,1.3476,103.5696,C,Cloud to Cloud,2026-02-06T16:24:08.844+08:00
2026-02-07 11:58:23,2026-02-06T16:26:00+08:00,2026-02-06T16:28:02+08:00,1.3705,103.6524,G,Cloud to Ground,2026-02-06T16:24:08.846+08:00
2026-02-07 11:58:23,2026-02-06T16:26:00+08:00,2026-02-06T16:28:02+08:00,1.3868,103.6364,C,Cloud to Cloud,2026-02-06T16:24:08.854+08:00
2026-02-07 11:58:23,2026-02-06T16:26:00+08:00,2026-02-06T16:28:02+08:00,1.3825,103.6466,C,Cloud to Cloud,2026-02-06T16:24:08.887+08:00
2026-02-07 11:58:23,2026-02-06T16:26:00+08:00,2026-02-06T16:28:02+08:00,1.3693,103.6273,C,Cloud to Cloud,2026-02-06T16:24:08.916+08:00
2026-02-07 11:58:23,2026-02-06T16:26:00+08:00,2026-02-06T16:28:02+08:00,1.3597,103.6381,C,Cloud to Cloud,2026-02-06T16:24:08.916+08:00
2026-02-07 11:58:23,2026-02-06T16:26:00+08:00,2026-02-06T16:28:02+08:00,1.3619,103.6246,C,Cloud to Cloud,2026-02-06T16:24:08.916+08:00
2026-02-07 11:58:23,2026-02-06T16:26:00+08:00,2026-02-06T16:28:02+08:00,1.3644,103.625,C,Cloud to Cloud,2026-02-06T16:24:08.916+08:00
2026-02-07 11:58:23,2026-02-06T16:26:00+08:00,2026-02-06T16:28:02+08:00,1.3613,103.6292,C,Cloud to Cloud,2026-02-06T16:24:08.916+08:00
2026-02-07 11:58:23,2026-02-06T16:26:00+08:00,2026-02-06T16:28:02+08:00,1.3671,103.6318,C,Cloud to Cloud,2026-02-06T16:24:08.916+08:00
2026-02-07 11:58:23,2026-02-06T16:26:00+08:00,2026-02-06T16:28:02+08:00,1.3737,103.6397,C,Cloud to Cloud,2026-02-06T16:24:08.916+08:00
2026-02-07 11:58:23,2026-02-06T16:26:00+08:00,2026-02-06T16:28:02+08:00,1.3771,103.6393,C,Cloud to Cloud,2026-02-06T16:24:08.916+08:00
2026-02-07 11:58:23,2026-02-06T16:26:00+08:00,2026-02-06T16:28:02+08:00,1.3743,103.6415,C,Cloud to Cloud,2026-02-06T16:24:08.916+08:00
2026-02-07 11:58:23,2026-02-06T16:26:00+08:00,2026-02-06T16:28:02+08:00,1.3784,103.6334,C,Cloud to Cloud,2026-02-06T16:24:08.916+08:00
2026-02-07 11:58:23,2026-02-06T16:26:00+08:00,2026-02-06T16:28:02+08:00,1.3726,103.6588,C,Cloud to Cloud,2026-02-06T16:24:08.917+08:00
2026-02-07 11:58:23,2026-02-06T16:26:00+08:00,2026-02-06T16:28:02+08:00,1.3707,103.6522,G,Cloud to Ground,2026-02-06T16:24:08.917+08:00
2026-02-07 11:58:23,2026-02-06T16:26:00+08:00,2026-02-06T16:28:02+08:00,1.4336,103.6392,C,Cloud to Cloud,2026-02-06T16:24:19.799+08:00
2026-02-07 11:58:23,2026-02-06T16:26:00+08:00,2026-02-06T16:28:02+08:00,1.4287,103.6424,C,Cloud to Cloud,2026-02-06T16:24:19.799+08:00
2026-02-07 11:58:23,2026-02-06T16:26:00+08:00,2026-02-06T16:28:02+08:00,1.5926,103.4893,C,Cloud to Cloud,2026-02-06T16:24:19.976+08:00
2026-02-07 11:58:23,2026-02-06T16:26:00+08:00,2026-02-06T16:28:02+08:00,1.6279,103.509,C,Cloud to Cloud,2026-02-06T16:24:20.179+08:00
2026-02-07 11:58:23,2026-02-06T16:26:00+08:00,2026-02-06T16:28:02+08:00,1.6462,103.4563,C,Cloud to Cloud,2026-02-06T16:24:33.187+08:00
2026-02-07 11:58:23,2026-02-06T16:26:00+08:00,2026-02-06T16:28:02+08:00,1.3602,103.6192,C,Cloud to Cloud,2026-02-06T16:24:44.082+08:00
2026-02-07 11:58:23,2026-02-06T16:26:00+08:00,2026-02-06T16:28:02+08:00,1.3543,103.6277,C,Cloud to Cloud,2026-02-06T16:24:44.082+08:00
2026-02-07 11:58:23,2026-02-06T16:26:00+08:00,2026-02-06T16:28:02+08:00,1.3663,103.608,C,Cloud to Cloud,2026-02-06T16:24:44.086+08:00
2026-02-07 11:58:23,2026-02-06T16:26:00+08:00,2026-02-06T16:28:02+08:00,1.3667,103.6147,C,Cloud to Cloud,2026-02-06T16:24:44.086+08:00
2026-02-07 11:58:23,2026-02-06T16:26:00+08:00,2026-02-06T16:28:02+08:00,1.3407,103.6143,C,Cloud to Cloud,2026-02-06T16:24:44.086+08:00
2026-02-07 11:58:23,2026-02-06T16:26:00+08:00,2026-02-06T16:28:02+08:00,1.3705,103.6082,C,Cloud to Cloud,2026-02-06T16:24:44.095+08:00
2026-02-07 11:58:23,2026-02-06T16:26:00+08:00,2026-02-06T16:28:02+08:00,1.3652,103.6204,C,Cloud to Cloud,2026-02-06T16:24:44.095+08:00
2026-02-07 11:58:23,2026-02-06T16:26:00+08:00,2026-02-06T16:28:02+08:00,1.3721,103.6091,C,Cloud to Cloud,2026-02-06T16:24:44.098+08:00
2026-02-07 11:58:23,2026-02-06T16:26:00+08:00,2026-02-06T16:28:02+08:00,1.3622,103.6311,C,Cloud to Cloud,2026-02-06T16:24:44.098+08:00
2026-02-07 11:58:23,2026-02-06T16:26:00+08:00,2026-02-06T16:28:02+08:00,1.3594,103.6087,C,Cloud to Cloud,2026-02-06T16:24:44.114+08:00
2026-02-07 11:58:23,2026-02-06T16:26:00+08:00,2026-02-06T16:28:02+08:00,1.345,103.6216,C,Cloud to Cloud,2026-02-06T16:24:44.118+08:00
2026-02-07 11:58:23,2026-02-06T16:26:00+08:00,2026-02-06T16:28:02+08:00,1.3805,103.6236,C,Cloud to Cloud,2026-02-06T16:24:44.141+08:00
2026-02-07 11:58:23,2026-02-06T16:26:00+08:00,2026-02-06T16:28:02+08:00,1.3826,103.6178,C,Cloud to Cloud,2026-02-06T16:24:44.141+08:00
2026-02-07 11:58:23,2026-02-06T16:26:00+08:00,2026-02-06T16:28:02+08:00,1.3605,103.5776,C,Cloud to Cloud,2026-02-06T16:24:44.15+08:00
2026-02-07 11:58:23,2026-02-06T16:26:00+08:00,2026-02-06T16:28:02+08:00,1.3879,103.6126,C,Cloud to Cloud,2026-02-06T16:24:44.152+08:00
2026-02-07 11:58:23,2026-02-06T16:26:00+08:00,2026-02-06T16:28:02+08:00,1.3879,103.6126,C,Cloud to Cloud,2026-02-06T16:24:44.152+08:00
2026-02-07 11:58:23,2026-02-06T16:26:00+08:00,2026-02-06T16:28:02+08:00,1.3736,103.5814,C,Cloud to Cloud,2026-02-06T16:24:44.172+08:00
2026-02-07 11:58:23,2026-02-06T16:26:00+08:00,2026-02-06T16:28:02+08:00,1.3967,103.638,C,Cloud to Cloud,2026-02-06T16:24:44.176+08:00
2026-02-07 11:58:23,2026-02-06T16:26:00+08:00,2026-02-06T16:28:02+08:00,1.3932,103.6412,C,Cloud to Cloud,2026-02-06T16:24:44.176+08:00
2026-02-07 11:58:23,2026-02-06T16:26:00+08:00,2026-02-06T16:28:02+08:00,1.3726,103.6052,C,Cloud to Cloud,2026-02-06T16:24:44.194+08:00
2026-02-07 11:58:23,2026-02-06T16:26:00+08:00,2026-02-06T16:28:02+08:00,1.414,103.6186,C,Cloud to Cloud,2026-02-06T16:24:44.194+08:00
2026-02-07 11:58:23,2026-02-06T16:26:00+08:00,2026-02-06T16:28:02+08:00,1.3698,103.6104,C,Cloud to Cloud,2026-02-06T16:24:44.194+08:00
2026-02-07 11:58:23,2026-02-06T16:26:00+08:00,2026-02-06T16:28:02+08:00,1.3699,103.5949,C,Cloud to Cloud,2026-02-06T16:24:44.194+08:00
2026-02-07 11:58:23,2026-02-06T16:26:00+08:00,2026-02-06T16:28:02+08:00,1.3906,103.6157,C,Cloud to Cloud,2026-02-06T16:24:44.206+08:00
2026-02-07 11:58:23,2026-02-06T16:26:00+08:00,2026-02-06T16:28:02+08:00,1.3906,103.6157,C,Cloud to Cloud,2026-02-06T16:24:44.206+08:00
2026-02-07 11:58:23,2026-02-06T16:26:00+08:00,2026-02-06T16:28:02+08:00,1.3742,103.5969,C,Cloud to Cloud,2026-02-06T16:24:44.214+08:00
2026-02-07 11:58:23,2026-02-06T16:26:00+08:00,2026-02-06T16:28:02+08:00,1.3747,103.6007,C,Cloud to Cloud,2026-02-06T16:24:44.214+08:00
2026-02-07 11:58:23,2026-02-06T16:26:00+08:00,2026-02-06T16:28:02+08:00,1.3898,103.6088,C,Cloud to Cloud,2026-02-06T16:24:44.214+08:00
2026-02-07 11:58:23,2026-02-06T16:26:00+08:00,2026-02-06T16:28:02+08:00,1.3898,103.6088,C,Cloud to Cloud,2026-02-06T16:24:44.215+08:00
2026-02-07 11:58:23,2026-02-06T16:26:00+08:00,2026-02-06T16:28:02+08:00,1.4062,103.6391,C,Cloud to Cloud,2026-02-06T16:24:44.216+08:00
2026-02-07 11:58:23,2026-02-06T16:26:00+08:00,2026-02-06T16:28:02+08:00,1.3668,103.6188,C,Cloud to Cloud,2026-02-06T16:24:44.24+08:00
2026-02-07 11:58:23,2026-02-06T16:26:00+08:00,2026-02-06T16:28:02+08:00,1.3719,103.6157,C,Cloud to Cloud,2026-02-06T16:24:44.24+08:00
2026-02-07 11:58:23,2026-02-06T16:26:00+08:00,2026-02-06T16:28:02+08:00,1.3743,103.6205,C,Cloud to Cloud,2026-02-06T16:24:44.24+08:00
2026-02-07 11:58:23,2026-02-06T16:26:00+08:00,2026-02-06T16:28:02+08:00,1.3679,103.6201,C,Cloud to Cloud,2026-02-06T16:24:44.24+08:00
2026-02-07 11:58:23,2026-02-06T16:26:00+08:00,2026-02-06T16:28:02+08:00,1.3696,103.6235,C,Cloud to Cloud,2026-02-06T16:24:44.241+08:00
2026-02-07 11:58:23,2026-02-06T16:26:00+08:00,2026-02-06T16:28:02+08:00,1.3658,103.6126,C,Cloud to Cloud,2026-02-06T16:24:44.241+08:00
2026-02-07 11:58:23,2026-02-06T16:26:00+08:00,2026-02-06T16:28:02+08:00,1.3728,103.6235,C,Cloud to Cloud,2026-02-06T16:24:44.241+08:00
2026-02-07 11:58:23,2026-02-06T16:26:00+08:00,2026-02-06T16:28:02+08:00,1.3916,103.6221,C,Cloud to Cloud,2026-02-06T16:24:44.25+08:00
2026-02-07 11:58:23,2026-02-06T16:26:00+08:00,2026-02-06T16:28:02+08:00,1.3916,103.6221,C,Cloud to Cloud,2026-02-06T16:24:44.25+08:00
2026-02-07 11:58:23,2026-02-06T16:26:00+08:00,2026-02-06T16:28:02+08:00,1.4066,103.6383,C,Cloud to Cloud,2026-02-06T16:24:44.255+08:00
2026-02-07 11:58:23,2026-02-06T16:26:00+08:00,2026-02-06T16:28:02+08:00,1.4066,103.6383,C,Cloud to Cloud,2026-02-06T16:24:44.255+08:00
2026-02-07 11:58:23,2026-02-06T16:26:00+08:00,2026-02-06T16:28:02+08:00,1.3914,103.6359,C,Cloud to Cloud,2026-02-06T16:24:44.255+08:00
2026-02-07 11:58:23,2026-02-06T16:26:00+08:00,2026-02-06T16:28:02+08:00,1.3877,103.5929,C,Cloud to Cloud,2026-02-06T16:24:44.255+08:00
2026-02-07 11:58:23,2026-02-06T16:26:00+08:00,2026-02-06T16:28:02+08:00,1.3671,103.5934,C,Cloud to Cloud,2026-02-06T16:24:44.255+08:00
2026-02-07 11:58:23,2026-02-06T16:26:00+08:00,2026-02-06T16:28:02+08:00,1.3768,103.622,C,Cloud to Cloud,2026-02-06T16:24:44.255+08:00
2026-02-07 11:58:23,2026-02-06T16:26:00+08:00,2026-02-06T16:28:02+08:00,1.4052,103.6291,C,Cloud to Cloud,2026-02-06T16:24:44.266+08:00
2026-02-07 11:58:23,2026-02-06T16:26:00+08:00,2026-02-06T16:28:02+08:00,1.4052,103.6291,C,Cloud to Cloud,2026-02-06T16:24:44.266+08:00
2026-02-07 11:58:23,2026-02-06T16:26:00+08:00,2026-02-06T16:28:02+08:00,1.3862,103.6362,C,Cloud to Cloud,2026-02-06T16:24:44.278+08:00
2026-02-07 11:58:23,2026-02-06T16:26:00+08:00,2026-02-06T16:28:02+08:00,1.3861,103.6363,C,Cloud to Cloud,2026-02-06T16:24:44.278+08:00
2026-02-07 11:58:23,2026-02-06T16:26:00+08:00,2026-02-06T16:28:02+08:00,1.4042,103.6355,C,Cloud to Cloud,2026-02-06T16:24:44.278+08:00
2026-02-07 11:58:23,2026-02-06T16:26:00+08:00,2026-02-06T16:28:02+08:00,1.4036,103.6312,C,Cloud to Cloud,2026-02-06T16:24:44.278+08:00
2026-02-07 11:58:23,2026-02-06T16:26:00+08:00,2026-02-06T16:28:02+08:00,1.391,103.621,C,Cloud to Cloud,2026-02-06T16:24:44.286+08:00
2026-02-07 11:58:23,2026-02-06T16:26:00+08:00,2026-02-06T16:28:02+08:00,1.3875,103.6166,C,Cloud to Cloud,2026-02-06T16:24:44.286+08:00
2026-02-07 11:58:23,2026-02-06T16:26:00+08:00,2026-02-06T16:28:02+08:00,1.3899,103.6163,C,Cloud to Cloud,2026-02-06T16:24:44.286+08:00
2026-02-07 11:58:23,2026-02-06T16:26:00+08:00,2026-02-06T16:28:02+08:00,1.3899,103.6163,C,Cloud to Cloud,2026-02-06T16:24:44.286+08:00
2026-02-07 11:58:23,2026-02-06T16:26:00+08:00,2026-02-06T16:28:02+08:00,1.6397,103.4887,C,Cloud to Cloud,2026-02-06T16:24:45.493+08:00
2026-02-07 11:58:23,2026-02-06T16:26:00+08:00,2026-02-06T16:28:02+08:00,1.6416,103.4946,C,Cloud to Cloud,2026-02-06T16:24:45.559+08:00
2026-02-07 11:58:23,2026-02-06T16:26:00+08:00,2026-02-06T16:28:02+08:00,1.6255,103.4887,C,Cloud to Cloud,2026-02-06T16:25:20.659+08:00
2026-02-07 11:58:23,2026-02-06T16:26:00+08:00,2026-02-06T16:28:02+08:00,1.6174,103.3666,G,Cloud to Ground,2026-02-06T16:25:20.705+08:00
2026-02-07 11:58:23,2026-02-06T16:26:00+08:00,2026-02-06T16:28:02+08:00,1.4952,103.5558,C,Cloud to Cloud,2026-02-06T16:25:20.705+08:00
2026-02-07 11:58:23,2026-02-06T16:26:00+08:00,2026-02-06T16:28:02+08:00,1.3594,103.6336,C,Cloud to Cloud,2026-02-06T16:25:30.441+08:00
2026-02-07 11:58:23,2026-02-06T16:26:00+08:00,2026-02-06T16:28:02+08:00,1.3548,103.6197,C,Cloud to Cloud,2026-02-06T16:25:30.441+08:00
2026-02-07 11:58:23,2026-02-06T16:26:00+08:00,2026-02-06T16:28:02+08:00,1.3668,103.6229,C,Cloud to Cloud,2026-02-06T16:25:30.441+08:00
2026-02-07 11:58:23,2026-02-06T16:26:00+08:00,2026-02-06T16:28:02+08:00,1.3628,103.6256,C,Cloud to Cloud,2026-02-06T16:25:30.441+08:00
2026-02-07 11:58:23,2026-02-06T16:26:00+08:00,2026-02-06T16:28:02+08:00,1.364,103.624,C,Cloud to Cloud,2026-02-06T16:25:30.441+08:00
2026-02-07 11:58:23,2026-02-06T16:26:00+08:00,2026-02-06T16:28:02+08:00,1.364,103.624,C,Cloud to Cloud,2026-02-06T16:25:30.441+08:00
2026-02-07 11:58:23,2026-02-06T16:26:00+08:00,2026-02-06T16:28:02+08:00,1.3653,103.6228,C,Cloud to Cloud,2026-02-06T16:25:30.442+08:00
2026-02-07 11:58:23,2026-02-06T16:26:00+08:00,2026-02-06T16:28:02+08:00,1.365,103.6221,C,Cloud to Cloud,2026-02-06T16:25:30.442+08:00
2026-02-07 11:58:23,2026-02-06T16:26:00+08:00,2026-02-06T16:28:02+08:00,1.365,103.6242,C,Cloud to Cloud,2026-02-06T16:25:30.442+08:00
2026-02-07 11:58:23,2026-02-06T16:26:00+08:00,2026-02-06T16:28:02+08:00,1.365,103.6242,C,Cloud to Cloud,2026-02-06T16:25:30.442+08:00
2026-02-07 11:58:23,2026-02-06T16:26:00+08:00,2026-02-06T16:28:02+08:00,1.3646,103.6189,C,Cloud to Cloud,2026-02-06T16:25:30.442+08:00
2026-02-07 11:58:23,2026-02-06T16:26:00+08:00,2026-02-06T16:28:02+08:00,1.3658,103.6213,C,Cloud to Cloud,2026-02-06T16:25:30.443+08:00
2026-02-07 11:58:23,2026-02-06T16:26:00+08:00,2026-02-06T16:28:02+08:00,1.3676,103.6229,C,Cloud to Cloud,2026-02-06T16:25:30.443+08:00
2026-02-07 11:58:23,2026-02-06T16:26:00+08:00,2026-02-06T16:28:02+08:00,1.3662,103.6227,C,Cloud to Cloud,2026-02-06T16:25:30.443+08:00
2026-02-07 11:58:23,2026-02-06T16:26:00+08:00,2026-02-06T16:28:02+08:00,1.3668,103.6239,C,Cloud to Cloud,2026-02-06T16:25:30.443+08:00
2026-02-07 11:58:23,2026-02-06T16:26:00+08:00,2026-02-06T16:28:02+08:00,1.3682,103.621,C,Cloud to Cloud,2026-02-06T16:25:30.443+08:00
2026-02-07 11:58:23,2026-02-06T16:26:00+08:00,2026-02-06T16:28:02+08:00,1.3687,103.6219,C,Cloud to Cloud,2026-02-06T16:25:30.443+08:00
2026-02-07 11:58:23,2026-02-06T16:26:00+08:00,2026-02-06T16:28:02+08:00,1.371,103.6228,C,Cloud to Cloud,2026-02-06T16:25:30.443+08:00
2026-02-07 11:58:23,2026-02-06T16:26:00+08:00,2026-02-06T16:28:02+08:00,1.3692,103.6194,C,Cloud to Cloud,2026-02-06T16:25:30.443+08:00
2026-02-07 11:58:23,2026-02-06T16:26:00+08:00,2026-02-06T16:28:02+08:00,1.3699,103.62,C,Cloud to Cloud,2026-02-06T16:25:30.443+08:00
2026-02-07 11:58:23,2026-02-06T16:26:00+08:00,2026-02-06T16:28:02+08:00,1.37,103.6192,C,Cloud to Cloud,2026-02-06T16:25:30.444+08:00
2026-02-07 11:58:23,2026-02-06T16:26:00+08:00,2026-02-06T16:28:02+08:00,1.3687,103.627,C,Cloud to Cloud,2026-02-06T16:25:30.49+08:00
2026-02-07 11:58:23,2026-02-06T16:26:00+08:00,2026-02-06T16:28:02+08:00,1.3688,103.6162,C,Cloud to Cloud,2026-02-06T16:25:30.49+08:00
2026-02-07 11:58:23,2026-02-06T16:26:00+08:00,2026-02-06T16:28:02+08:00,1.3702,103.6211,C,Cloud to Cloud,2026-02-06T16:25:30.49+08:00
2026-02-07 11:58:23,2026-02-06T16:26:00+08:00,2026-02-06T16:28:02+08:00,1.3702,103.6117,C,Cloud to Cloud,2026-02-06T16:25:30.491+08:00
2026-02-07 11:58:23,2026-02-06T16:26:00+08:00,2026-02-06T16:28:02+08:00,1.3708,103.6185,C,Cloud to Cloud,2026-02-06T16:25:30.491+08:00
2026-02-07 11:58:23,2026-02-06T16:26:00+08:00,2026-02-06T16:28:02+08:00,1.3702,103.6164,C,Cloud to Cloud,2026-02-06T16:25:30.491+08:00
2026-02-07 11:58:23,2026-02-06T16:26:00+08:00,2026-02-06T16:28:02+08:00,1.3703,103.6188,C,Cloud to Cloud,2026-02-06T16:25:30.491+08:00
2026-02-07 11:58:23,2026-02-06T16:26:00+08:00,2026-02-06T16:28:02+08:00,1.3707,103.6194,C,Cloud to Cloud,2026-02-06T16:25:30.491+08:00
2026-02-07 11:58:23,2026-02-06T16:26:00+08:00,2026-02-06T16:28:02+08:00,1.3714,103.6086,C,Cloud to Cloud,2026-02-06T16:25:30.492+08:00
2026-02-07 11:58:23,2026-02-06T16:26:00+08:00,2026-02-06T16:28:02+08:00,1.3712,103.6115,C,Cloud to Cloud,2026-02-06T16:25:30.492+08:00
2026-02-07 11:58:23,2026-02-06T16:26:00+08:00,2026-02-06T16:28:02+08:00,1.3709,103.6134,C,Cloud to Cloud,2026-02-06T16:25:30.492+08:00
2026-02-07 11:58:23,2026-02-06T16:26:00+08:00,2026-02-06T16:28:02+08:00,1.3725,103.6058,C,Cloud to Cloud,2026-02-06T16:25:30.492+08:00
2026-02-07 11:58:23,2026-02-06T16:26:00+08:00,2026-02-06T16:28:02+08:00,1.3709,103.6178,C,Cloud to Cloud,2026-02-06T16:25:30.492+08:00
2026-02-07 11:58:23,2026-02-06T16:26:00+08:00,2026-02-06T16:28:02+08:00,1.3705,103.6179,C,Cloud to Cloud,2026-02-06T16:25:30.492+08:00
2026-02-07 11:58:23,2026-02-06T16:26:00+08:00,2026-02-06T16:28:02+08:00,1.3725,103.6063,C,Cloud to Cloud,2026-02-06T16:25:30.492+08:00
2026-02-07 11:58:23,2026-02-06T16:26:00+08:00,2026-02-06T16:28:02+08:00,1.3715,103.6147,C,Cloud to Cloud,2026-02-06T16:25:30.492+08:00
2026-02-07 11:58:23,2026-02-06T16:26:00+08:00,2026-02-06T16:28:02+08:00,1.3702,103.6126,C,Cloud to Cloud,2026-02-06T16:25:30.492+08:00
2026-02-07 11:58:23,2026-02-06T16:26:00+08:00,2026-02-06T16:28:02+08:00,1.3727,103.6008,C,Cloud to Cloud,2026-02-06T16:25:30.492+08:00
2026-02-07 11:58:23,2026-02-06T16:26:00+08:00,2026-02-06T16:28:02+08:00,1.3712,103.6218,C,Cloud to Cloud,2026-02-06T16:25:30.493+08:00
2026-02-07 11:58:23,2026-02-06T16:26:00+08:00,2026-02-06T16:28:02+08:00,1.3716,103.608,C,Cloud to Cloud,2026-02-06T16:25:30.493+08:00
2026-02-07 11:58:23,2026-02-06T16:26:00+08:00,2026-02-06T16:28:02+08:00,1.3713,103.6149,C,Cloud to Cloud,2026-02-06T16:25:30.493+08:00
2026-02-07 11:58:23,2026-02-06T16:26:00+08:00,2026-02-06T16:28:02+08:00,1.3729,103.6067,C,Cloud to Cloud,2026-02-06T16:25:30.493+08:00
2026-02-07 11:58:23,2026-02-06T16:26:00+08:00,2026-02-06T16:28:02+08:00,1.3727,103.6032,C,Cloud to Cloud,2026-02-06T16:25:30.493+08:00
2026-02-07 11:58:23,2026-02-06T16:26:00+08:00,2026-02-06T16:28:02+08:00,1.3728,103.6034,C,Cloud to Cloud,2026-02-06T16:25:30.493+08:00
2026-02-07 11:58:23,2026-02-06T16:26:00+08:00,2026-02-06T16:28:02+08:00,1.3723,103.6143,C,Cloud to Cloud,2026-02-06T16:25:30.493+08:00
2026-02-07 11:58:23,2026-02-06T16:26:00+08:00,2026-02-06T16:28:02+08:00,1.3708,103.6195,C,Cloud to Cloud,2026-02-06T16:25:30.493+08:00
2026-02-07 11:58:23,2026-02-06T16:26:00+08:00,2026-02-06T16:28:02+08:00,1.3703,103.6092,C,Cloud to Cloud,2026-02-06T16:25:30.493+08:00
2026-02-07 11:58:23,2026-02-06T16:26:00+08:00,2026-02-06T16:28:02+08:00,1.3716,103.608,C,Cloud to Cloud,2026-02-06T16:25:30.493+08:00
2026-02-07 11:58:23,2026-02-06T16:26:00+08:00,2026-02-06T16:28:02+08:00,1.3701,103.6148,C,Cloud to Cloud,2026-02-06T16:25:30.494+08:00
2026-02-07 11:58:23,2026-02-06T16:26:00+08:00,2026-02-06T16:28:02+08:00,1.3713,103.6048,C,Cloud to Cloud,2026-02-06T16:25:30.494+08:00
2026-02-07 11:58:23,2026-02-06T16:26:00+08:00,2026-02-06T16:28:02+08:00,1.3701,103.6099,C,Cloud to Cloud,2026-02-06T16:25:30.495+08:00
2026-02-07 11:58:23,2026-02-06T16:26:00+08:00,2026-02-06T16:28:02+08:00,1.3643,103.6357,G,Cloud to Ground,2026-02-06T16:25:30.495+08:00
2026-02-07 11:58:23,2026-02-06T16:26:00+08:00,2026-02-06T16:28:02+08:00,1.3692,103.6171,C,Cloud to Cloud,2026-02-06T16:25:30.495+08:00
2026-02-07 11:58:23,2026-02-06T16:26:00+08:00,2026-02-06T16:28:02+08:00,1.3661,103.6262,C,Cloud to Cloud,2026-02-06T16:25:30.495+08:00
2026-02-07 11:58:23,2026-02-06T16:26:00+08:00,2026-02-06T16:28:02+08:00,1.3694,103.6135,C,Cloud to Cloud,2026-02-06T16:25:30.55+08:00
2026-02-07 11:58:23,2026-02-06T16:26:00+08:00,2026-02-06T16:28:02+08:00,1.3693,103.6145,C,Cloud to Cloud,2026-02-06T16:25:30.55+08:00
2026-02-07 11:58:23,2026-02-06T16:26:00+08:00,2026-02-06T16:28:02+08:00,1.3721,103.6255,C,Cloud to Cloud,2026-02-06T16:25:30.574+08:00
2026-02-07 11:58:23,2026-02-06T16:26:00+08:00,2026-02-06T16:28:02+08:00,1.3679,103.63,C,Cloud to Cloud,2026-02-06T16:25:30.575+08:00
2026-02-07 11:58:23,2026-02-06T16:26:00+08:00,2026-02-06T16:28:02+08:00,1.3484,103.586,C,Cloud to Cloud,2026-02-06T16:25:30.575+08:00
2026-02-07 11:58:23,2026-02-06T16:26:00+08:00,2026-02-06T16:28:02+08:00,1.3657,103.6299,C,Cloud to Cloud,2026-02-06T16:25:30.575+08:00
2026-02-07 11:58:23,2026-02-06T16:26:00+08:00,2026-02-06T16:28:02+08:00,1.3741,103.6243,C,Cloud to Cloud,2026-02-06T16:25:30.575+08:00
2026-02-07 11:58:23,2026-02-06T16:26:00+08:00,2026-02-06T16:28:02+08:00,1.3674,103.6377,C,Cloud to Cloud,2026-02-06T16:25:30.575+08:00
2026-02-07 11:58:23,2026-02-06T16:26:00+08:00,2026-02-06T16:28:02+08:00,1.3741,103.6243,C,Cloud to Cloud,2026-02-06T16:25:30.575+08:00
2026-02-07 11:58:23,2026-02-06T16:26:00+08:00,2026-02-06T16:28:02+08:00,1.3703,103.6195,C,Cloud to Cloud,2026-02-06T16:25:30.575+08:00
2026-02-07 11:58:23,2026-02-06T16:26:00+08:00,2026-02-06T16:28:02+08:00,1.3637,103.599,C,Cloud to Cloud,2026-02-06T16:25:30.609+08:00
2026-02-07 11:58:23,2026-02-06T16:26:00+08:00,2026-02-06T16:28:02+08:00,1.3695,103.6288,C,Cloud to Cloud,2026-02-06T16:25:30.609+08:00
2026-02-07 11:58:23,2026-02-06T16:26:00+08:00,2026-02-06T16:28:02+08:00,1.3717,103.6214,C,Cloud to Cloud,2026-02-06T16:25:30.609+08:00
2026-02-07 11:58:23,2026-02-06T16:26:00+08:00,2026-02-06T16:28:02+08:00,1.371,103.6191,C,Cloud to Cloud,2026-02-06T16:25:30.609+08:00
2026-02-07 11:58:23,2026-02-06T16:26:00+08:00,2026-02-06T16:28:02+08:00,1.3714,103.6197,C,Cloud to Cloud,2026-02-06T16:25:30.609+08:00
2026-02-07 11:58:23,2026-02-06T16:26:00+08:00,2026-02-06T16:28:02+08:00,1.371,103.618,C,Cloud to Cloud,2026-02-06T16:25:30.609+08:00
2026-02-07 11:58:23,2026-02-06T16:26:00+08:00,2026-02-06T16:28:02+08:00,1.3682,103.6288,C,Cloud to Cloud,2026-02-06T16:25:30.609+08:00
2026-02-07 11:58:23,2026-02-06T16:26:00+08:00,2026-02-06T16:28:02+08:00,1.3668,103.6318,C,Cloud to Cloud,2026-02-06T16:25:30.61+08:00
2026-02-07 11:58:23,2026-02-06T16:26:00+08:00,2026-02-06T16:28:02+08:00,1.368,103.6276,C,Cloud to Cloud,2026-02-06T16:25:30.61+08:00
2026-02-07 11:58:23,2026-02-06T16:26:00+08:00,2026-02-06T16:28:02+08:00,1.3676,103.6309,C,Cloud to Cloud,2026-02-06T16:25:30.61+08:00
2026-02-07 11:58:23,2026-02-06T16:26:00+08:00,2026-02-06T16:28:02+08:00,1.3666,103.6306,C,Cloud to Cloud,2026-02-06T16:25:30.61+08:00
2026-02-07 11:58:23,2026-02-06T16:26:00+08:00,2026-02-06T16:28:02+08:00,1.3665,103.6296,C,Cloud to Cloud,2026-02-06T16:25:30.61+08:00
2026-02-07 11:58:23,2026-02-06T16:26:00+08:00,2026-02-06T16:28:02+08:00,1.3675,103.627,C,Cloud to Cloud,2026-02-06T16:25:30.61+08:00
2026-02-07 11:58:23,2026-02-06T16:26:00+08:00,2026-02-06T16:28:02+08:00,1.3694,103.6215,C,Cloud to Cloud,2026-02-06T16:25:30.616+08:00
2026-02-07 11:58:23,2026-02-06T16:26:00+08:00,2026-02-06T16:28:02+08:00,1.37,103.6178,C,Cloud to Cloud,2026-02-06T16:25:30.618+08:00
2026-02-07 11:58:23,2026-02-06T16:26:00+08:00,2026-02-06T16:28:02+08:00,1.3552,103.6371,G,Cloud to Ground,2026-02-06T16:25:30.618+08:00
2026-02-07 11:58:23,2026-02-06T16:26:00+08:00,2026-02-06T16:28:02+08:00,1.3652,103.6284,C,Cloud to Cloud,2026-02-06T16:25:30.618+08:00
2026-02-07 11:58:23,2026-02-06T16:26:00+08:00,2026-02-06T16:28:02+08:00,1.3717,103.6177,C,Cloud to Cloud,2026-02-06T16:25:30.618+08:00
2026-02-07 11:58:23,2026-02-06T16:26:00+08:00,2026-02-06T16:28:02+08:00,1.3717,103.6177,C,Cloud to Cloud,2026-02-06T16:25:30.618+08:00
2026-02-07 11:58:23,2026-02-06T16:26:00+08:00,2026-02-06T16:28:02+08:00,1.3696,103.6326,C,Cloud to Cloud,2026-02-06T16:25:30.618+08:00
2026-02-07 11:58:23,2026-02-06T16:26:00+08:00,2026-02-06T16:28:02+08:00,1.3769,103.6339,C,Cloud to Cloud,2026-02-06T16:25:30.618+08:00
2026-02-07 11:58:23,2026-02-06T16:26:00+08:00,2026-02-06T16:28:02+08:00,1.3402,103.6582,C,Cloud to Cloud,2026-02-06T16:25:30.62+08:00
2026-02-07 11:58:23,2026-02-06T16:26:00+08:00,2026-02-06T16:28:02+08:00,1.3648,103.6263,C,Cloud to Cloud,2026-02-06T16:25:30.65+08:00
2026-02-07 11:58:23,2026-02-06T16:26:00+08:00,2026-02-06T16:28:02+08:00,1.3596,103.6171,C,Cloud to Cloud,2026-02-06T16:25:30.65+08:00
2026-02-07 11:58:23,2026-02-06T16:26:00+08:00,2026-02-06T16:28:02+08:00,1.3843,103.6338,C,Cloud to Cloud,2026-02-06T16:25:30.687+08:00
2026-02-07 11:58:23,2026-02-06T16:26:00+08:00,2026-02-06T16:28:02+08:00,1.3549,103.5958,C,Cloud to Cloud,2026-02-06T16:25:30.687+08:00
2026-02-07 11:58:23,2026-02-06T16:26:00+08:00,2026-02-06T16:28:02+08:00,1.3764,103.6331,C,Cloud to Cloud,2026-02-06T16:25:30.687+08:00
2026-02-07 11:58:23,2026-02-06T16:26:00+08:00,2026-02-06T16:28:02+08:00,1.5565,103.533,C,Cloud to Cloud,2026-02-06T16:25:59.282+08:00
2026-02-07 11:58:23,2026-02-06T16:26:00+08:00,2026-02-06T16:28:02+08:00,1.4909,103.5853,C,Cloud to Cloud,2026-02-06T16:25:59.282+08:00
2026-02-07 11:58:23,2026-02-06T16:26:00+08:00,2026-02-06T16:28:02+08:00,1.6039,103.4928,C,Cloud to Cloud,2026-02-06T16:25:59.393+08:00
2026-02-07 11:58:23,2026-02-06T16:24:00+08:00,2026-02-06T16:26:02+08:00,1.3609,103.624,C,Cloud to Cloud,2026-02-06T16:22:08.761+08:00
2026-02-07 11:58:23,2026-02-06T16:24:00+08:00,2026-02-06T16:26:02+08:00,1.3677,103.6162,C,Cloud to Cloud,2026-02-06T16:22:08.78+08:00
2026-02-07 11:58:23,2026-02-06T16:24:00+08:00,2026-02-06T16:26:02+08:00,1.3677,103.6162,C,Cloud to Cloud,2026-02-06T16:22:08.78+08:00
2026-02-07 11:58:23,2026-02-06T16:24:00+08:00,2026-02-06T16:26:02+08:00,1.3528,103.636,G,Cloud to Ground,2026-02-06T16:22:08.803+08:00
2026-02-07 11:58:23,2026-02-06T16:24:00+08:00,2026-02-06T16:26:02+08:00,1.3595,103.6275,C,Cloud to Cloud,2026-02-06T16:22:08.803+08:00
2026-02-07 11:58:23,2026-02-06T16:24:00+08:00,2026-02-06T16:26:02+08:00,1.3806,103.6315,C,Cloud to Cloud,2026-02-06T16:22:08.803+08:00
2026-02-07 11:58:23,2026-02-06T16:24:00+08:00,2026-02-06T16:26:02+08:00,1.3754,103.6291,C,Cloud to Cloud,2026-02-06T16:22:08.803+08:00
2026-02-07 11:58:23,2026-02-06T16:24:00+08:00,2026-02-06T16:26:02+08:00,1.3525,103.5541,C,Cloud to Cloud,2026-02-06T16:22:08.86+08:00
2026-02-07 11:58:23,2026-02-06T16:24:00+08:00,2026-02-06T16:26:02+08:00,1.3465,103.5856,C,Cloud to Cloud,2026-02-06T16:22:08.86+08:00
2026-02-07 11:58:23,2026-02-06T16:24:00+08:00,2026-02-06T16:26:02+08:00,1.3636,103.6574,C,Cloud to Cloud,2026-02-06T16:22:08.877+08:00
2026-02-07 11:58:23,2026-02-06T16:24:00+08:00,2026-02-06T16:26:02+08:00,1.3636,103.6574,C,Cloud to Cloud,2026-02-06T16:22:08.877+08:00
2026-02-07 11:58:23,2026-02-06T16:24:00+08:00,2026-02-06T16:26:02+08:00,1.3748,103.6034,C,Cloud to Cloud,2026-02-06T16:22:08.924+08:00
2026-02-07 11:58:23,2026-02-06T16:24:00+08:00,2026-02-06T16:26:02+08:00,1.3756,103.6086,C,Cloud to Cloud,2026-02-06T16:22:08.924+08:00
2026-02-07 11:58:23,2026-02-06T16:24:00+08:00,2026-02-06T16:26:02+08:00,1.3886,103.621,C,Cloud to Cloud,2026-02-06T16:22:08.975+08:00
2026-02-07 11:58:23,2026-02-06T16:24:00+08:00,2026-02-06T16:26:02+08:00,1.3714,103.6203,C,Cloud to Cloud,2026-02-06T16:22:08.975+08:00
2026-02-07 11:58:23,2026-02-06T16:24:00+08:00,2026-02-06T16:26:02+08:00,1.3722,103.621,C,Cloud to Cloud,2026-02-06T16:22:08.975+08:00
2026-02-07 11:58:23,2026-02-06T16:24:00+08:00,2026-02-06T16:26:02+08:00,1.3712,103.6178,C,Cloud to Cloud,2026-02-06T16:22:08.975+08:00
2026-02-07 11:58:23,2026-02-06T16:24:00+08:00,2026-02-06T16:26:02+08:00,1.3673,103.6191,C,Cloud to Cloud,2026-02-06T16:22:08.976+08:00
2026-02-07 11:58:23,2026-02-06T16:24:00+08:00,2026-02-06T16:26:02+08:00,1.366,103.6164,C,Cloud to Cloud,2026-02-06T16:22:08.976+08:00
2026-02-07 11:58:23,2026-02-06T16:24:00+08:00,2026-02-06T16:26:02+08:00,1.3904,103.6361,C,Cloud to Cloud,2026-02-06T16:22:08.998+08:00
2026-02-07 11:58:23,2026-02-06T16:24:00+08:00,2026-02-06T16:26:02+08:00,1.3904,103.6361,C,Cloud to Cloud,2026-02-06T16:22:08.998+08:00
2026-02-07 11:58:23,2026-02-06T16:24:00+08:00,2026-02-06T16:26:02+08:00,1.3891,103.6299,C,Cloud to Cloud,2026-02-06T16:22:09.009+08:00
2026-02-07 11:58:23,2026-02-06T16:24:00+08:00,2026-02-06T16:26:02+08:00,1.3891,103.6299,C,Cloud to Cloud,2026-02-06T16:22:09.009+08:00
2026-02-07 11:58:23,2026-02-06T16:24:00+08:00,2026-02-06T16:26:02+08:00,1.3931,103.6391,C,Cloud to Cloud,2026-02-06T16:22:09.036+08:00
2026-02-07 11:58:23,2026-02-06T16:24:00+08:00,2026-02-06T16:26:02+08:00,1.3931,103.639,C,Cloud to Cloud,2026-02-06T16:22:09.036+08:00
2026-02-07 11:58:23,2026-02-06T16:24:00+08:00,2026-02-06T16:26:02+08:00,1.3905,103.6293,C,Cloud to Cloud,2026-02-06T16:22:09.036+08:00
2026-02-07 11:58:23,2026-02-06T16:24:00+08:00,2026-02-06T16:26:02+08:00,1.383,103.6296,C,Cloud to Cloud,2026-02-06T16:22:28.263+08:00
2026-02-07 11:58:23,2026-02-06T16:24:00+08:00,2026-02-06T16:26:02+08:00,1.383,103.6296,C,Cloud to Cloud,2026-02-06T16:22:28.263+08:00
2026-02-07 11:58:23,2026-02-06T16:24:00+08:00,2026-02-06T16:26:02+08:00,1.3962,103.6131,C,Cloud to Cloud,2026-02-06T16:22:28.263+08:00
2026-02-07 11:58:23,2026-02-06T16:24:00+08:00,2026-02-06T16:26:02+08:00,1.374,103.6421,C,Cloud to Cloud,2026-02-06T16:22:28.264+08:00
2026-02-07 11:58:23,2026-02-06T16:24:00+08:00,2026-02-06T16:26:02+08:00,1.3778,103.6351,C,Cloud to Cloud,2026-02-06T16:22:28.267+08:00
2026-02-07 11:58:23,2026-02-06T16:24:00+08:00,2026-02-06T16:26:02+08:00,1.3947,103.5099,C,Cloud to Cloud,2026-02-06T16:22:28.267+08:00
2026-02-07 11:58:23,2026-02-06T16:24:00+08:00,2026-02-06T16:26:02+08:00,1.3764,103.6335,C,Cloud to Cloud,2026-02-06T16:22:28.292+08:00
2026-02-07 11:58:23,2026-02-06T16:24:00+08:00,2026-02-06T16:26:02+08:00,1.3834,103.6206,C,Cloud to Cloud,2026-02-06T16:22:28.361+08:00
2026-02-07 11:58:23,2026-02-06T16:24:00+08:00,2026-02-06T16:26:02+08:00,1.3834,103.6206,C,Cloud to Cloud,2026-02-06T16:22:28.361+08:00
2026-02-07 11:58:23,2026-02-06T16:24:00+08:00,2026-02-06T16:26:02+08:00,1.3363,103.5735,C,Cloud to Cloud,2026-02-06T16:22:28.364+08:00
2026-02-07 11:58:23,2026-02-06T16:24:00+08:00,2026-02-06T16:26:02+08:00,1.3962,103.6177,C,Cloud to Cloud,2026-02-06T16:22:28.367+08:00
2026-02-07 11:58:23,2026-02-06T16:24:00+08:00,2026-02-06T16:26:02+08:00,1.3962,103.6177,C,Cloud to Cloud,2026-02-06T16:22:28.368+08:00
2026-02-07 11:58:23,2026-02-06T16:24:00+08:00,2026-02-06T16:26:02+08:00,1.3784,103.5636,C,Cloud to Cloud,2026-02-06T16:22:28.368+08:00
2026-02-07 11:58:23,2026-02-06T16:24:00+08:00,2026-02-06T16:26:02+08:00,1.3761,103.6612,C,Cloud to Cloud,2026-02-06T16:22:28.369+08:00
2026-02-07 11:58:23,2026-02-06T16:24:00+08:00,2026-02-06T16:26:02+08:00,1.4059,103.6535,C,Cloud to Cloud,2026-02-06T16:22:28.379+08:00
2026-02-07 11:58:23,2026-02-06T16:24:00+08:00,2026-02-06T16:26:02+08:00,1.4059,103.6535,C,Cloud to Cloud,2026-02-06T16:22:28.379+08:00
2026-02-07 11:58:23,2026-02-06T16:24:00+08:00,2026-02-06T16:26:02+08:00,1.3399,103.541,C,Cloud to Cloud,2026-02-06T16:22:28.41+08:00
2026-02-07 11:58:23,2026-02-06T16:24:00+08:00,2026-02-06T16:26:02+08:00,1.3405,103.5588,C,Cloud to Cloud,2026-02-06T16:22:28.444+08:00
2026-02-07 11:58:23,2026-02-06T16:24:00+08:00,2026-02-06T16:26:02+08:00,1.6388,103.4587,C,Cloud to Cloud,2026-02-06T16:22:51.663+08:00
2026-02-07 11:58:23,2026-02-06T16:24:00+08:00,2026-02-06T16:26:02+08:00,1.399,103.6684,C,Cloud to Cloud,2026-02-06T16:22:51.796+08:00
2026-02-07 11:58:23,2026-02-06T16:24:00+08:00,2026-02-06T16:26:02+08:00,1.3521,103.5955,C,Cloud to Cloud,2026-02-06T16:22:53.911+08:00
2026-02-07 11:58:23,2026-02-06T16:24:00+08:00,2026-02-06T16:26:02+08:00,1.3313,103.5588,C,Cloud to Cloud,2026-02-06T16:22:53.946+08:00
2026-02-07 11:58:23,2026-02-06T16:24:00+08:00,2026-02-06T16:26:02+08:00,1.3724,103.6154,C,Cloud to Cloud,2026-02-06T16:22:53.952+08:00
2026-02-07 11:58:23,2026-02-06T16:24:00+08:00,2026-02-06T16:26:02+08:00,1.3724,103.6154,C,Cloud to Cloud,2026-02-06T16:22:53.952+08:00
2026-02-07 11:58:23,2026-02-06T16:24:00+08:00,2026-02-06T16:26:02+08:00,1.3604,103.5936,C,Cloud to Cloud,2026-02-06T16:22:53.964+08:00
2026-02-07 11:58:23,2026-02-06T16:24:00+08:00,2026-02-06T16:26:02+08:00,1.3441,103.5755,C,Cloud to Cloud,2026-02-06T16:22:53.974+08:00
2026-02-07 11:58:23,2026-02-06T16:24:00+08:00,2026-02-06T16:26:02+08:00,1.3481,103.6413,C,Cloud to Cloud,2026-02-06T16:22:53.974+08:00
2026-02-07 11:58:23,2026-02-06T16:24:00+08:00,2026-02-06T16:26:02+08:00,1.374,103.6208,C,Cloud to Cloud,2026-02-06T16:22:53.989+08:00
2026-02-07 11:58:23,2026-02-06T16:24:00+08:00,2026-02-06T16:26:02+08:00,1.374,103.6208,C,Cloud to Cloud,2026-02-06T16:22:53.989+08:00
2026-02-07 11:58:23,2026-02-06T16:24:00+08:00,2026-02-06T16:26:02+08:00,1.3865,103.6434,C,Cloud to Cloud,2026-02-06T16:22:53.989+08:00
2026-02-07 11:58:23,2026-02-06T16:24:00+08:00,2026-02-06T16:26:02+08:00,1.3865,103.6434,C,Cloud to Cloud,2026-02-06T16:22:53.989+08:00
2026-02-07 11:58:23,2026-02-06T16:24:00+08:00,2026-02-06T16:26:02+08:00,1.3654,103.6029,C,Cloud to Cloud,2026-02-06T16:22:54.001+08:00
2026-02-07 11:58:23,2026-02-06T16:24:00+08:00,2026-02-06T16:26:02+08:00,1.3641,103.5999,C,Cloud to Cloud,2026-02-06T16:22:54.001+08:00
2026-02-07 11:58:23,2026-02-06T16:24:00+08:00,2026-02-06T16:26:02+08:00,1.3791,103.6241,C,Cloud to Cloud,2026-02-06T16:22:54.013+08:00
2026-02-07 11:58:23,2026-02-06T16:24:00+08:00,2026-02-06T16:26:02+08:00,1.3795,103.6243,C,Cloud to Cloud,2026-02-06T16:22:54.013+08:00
2026-02-07 11:58:23,2026-02-06T16:24:00+08:00,2026-02-06T16:26:02+08:00,1.3795,103.6243,C,Cloud to Cloud,2026-02-06T16:22:54.013+08:00
2026-02-07 11:58:23,2026-02-06T16:24:00+08:00,2026-02-06T16:26:02+08:00,1.3692,103.6016,C,Cloud to Cloud,2026-02-06T16:22:54.038+08:00
2026-02-07 11:58:23,2026-02-06T16:24:00+08:00,2026-02-06T16:26:02+08:00,1.3693,103.6013,C,Cloud to Cloud,2026-02-06T16:22:54.038+08:00
2026-02-07 11:58:23,2026-02-06T16:24:00+08:00,2026-02-06T16:26:02+08:00,1.3418,103.5852,C,Cloud to Cloud,2026-02-06T16:22:54.038+08:00
2026-02-07 11:58:23,2026-02-06T16:24:00+08:00,2026-02-06T16:26:02+08:00,1.3478,103.6402,C,Cloud to Cloud,2026-02-06T16:22:54.038+08:00
2026-02-07 11:58:23,2026-02-06T16:24:00+08:00,2026-02-06T16:26:02+08:00,1.3765,103.6295,C,Cloud to Cloud,2026-02-06T16:23:12.938+08:00
2026-02-07 11:58:23,2026-02-06T16:24:00+08:00,2026-02-06T16:26:02+08:00,1.3765,103.6295,C,Cloud to Cloud,2026-02-06T16:23:12.938+08:00
2026-02-07 11:58:23,2026-02-06T16:24:00+08:00,2026-02-06T16:26:02+08:00,1.3787,103.6265,C,Cloud to Cloud,2026-02-06T16:23:12.938+08:00
2026-02-07 11:58:23,2026-02-06T16:24:00+08:00,2026-02-06T16:26:02+08:00,1.3792,103.6277,C,Cloud to Cloud,2026-02-06T16:23:12.939+08:00
2026-02-07 11:58:23,2026-02-06T16:24:00+08:00,2026-02-06T16:26:02+08:00,1.3778,103.6272,C,Cloud to Cloud,2026-02-06T16:23:12.939+08:00
2026-02-07 11:58:23,2026-02-06T16:24:00+08:00,2026-02-06T16:26:02+08:00,1.3782,103.6277,C,Cloud to Cloud,2026-02-06T16:23:12.939+08:00
2026-02-07 11:58:23,2026-02-06T16:24:00+08:00,2026-02-06T16:26:02+08:00,1.3779,103.627,C,Cloud to Cloud,2026-02-06T16:23:12.939+08:00
2026-02-07 11:58:23,2026-02-06T16:24:00+08:00,2026-02-06T16:26:02+08:00,1.3791,103.6295,C,Cloud to Cloud,2026-02-06T16:23:12.939+08:00
2026-02-07 11:58:23,2026-02-06T16:24:00+08:00,2026-02-06T16:26:02+08:00,1.3785,103.6295,C,Cloud to Cloud,2026-02-06T16:23:12.939+08:00
2026-02-07 11:58:23,2026-02-06T16:24:00+08:00,2026-02-06T16:26:02+08:00,1.3802,103.6252,C,Cloud to Cloud,2026-02-06T16:23:12.977+08:00
2026-02-07 11:58:23,2026-02-06T16:24:00+08:00,2026-02-06T16:26:02+08:00,1.3802,103.6252,C,Cloud to Cloud,2026-02-06T16:23:12.977+08:00
2026-02-07 11:58:23,2026-02-06T16:24:00+08:00,2026-02-06T16:26:02+08:00,1.3593,103.5774,C,Cloud to Cloud,2026-02-06T16:23:13.005+08:00
2026-02-07 11:58:23,2026-02-06T16:24:00+08:00,2026-02-06T16:26:02+08:00,1.3898,103.6417,C,Cloud to Cloud,2026-02-06T16:23:13.008+08:00
2026-02-07 11:58:23,2026-02-06T16:24:00+08:00,2026-02-06T16:26:02+08:00,1.3898,103.6417,C,Cloud to Cloud,2026-02-06T16:23:13.008+08:00
2026-02-07 11:58:23,2026-02-06T16:24:00+08:00,2026-02-06T16:26:02+08:00,1.3896,103.6436,C,Cloud to Cloud,2026-02-06T16:23:13.008+08:00
2026-02-07 11:58:23,2026-02-06T16:24:00+08:00,2026-02-06T16:26:02+08:00,1.3711,103.6279,C,Cloud to Cloud,2026-02-06T16:23:13.039+08:00
2026-02-07 11:58:23,2026-02-06T16:24:00+08:00,2026-02-06T16:26:02+08:00,1.3511,103.5908,C,Cloud to Cloud,2026-02-06T16:23:13.039+08:00
2026-02-07 11:58:23,2026-02-06T16:24:00+08:00,2026-02-06T16:26:02+08:00,1.6133,103.4784,C,Cloud to Cloud,2026-02-06T16:23:27.631+08:00
2026-02-07 11:58:23,2026-02-06T16:24:00+08:00,2026-02-06T16:26:02+08:00,1.424,103.634,C,Cloud to Cloud,2026-02-06T16:23:27.889+08:00
2026-02-07 11:58:23,2026-02-06T16:24:00+08:00,2026-02-06T16:26:02+08:00,1.6442,103.4831,C,Cloud to Cloud,2026-02-06T16:23:27.889+08:00
2026-02-07 11:58:23,2026-02-06T16:24:00+08:00,2026-02-06T16:26:02+08:00,1.6373,103.4955,C,Cloud to Cloud,2026-02-06T16:23:28.152+08:00
2026-02-07 11:58:23,2026-02-06T16:24:00+08:00,2026-02-06T16:26:02+08:00,1.3516,103.5736,C,Cloud to Cloud,2026-02-06T16:23:43.442+08:00
2026-02-07 11:58:23,2026-02-06T16:24:00+08:00,2026-02-06T16:26:02+08:00,1.3927,103.6051,C,Cloud to Cloud,2026-02-06T16:23:43.442+08:00
2026-02-07 11:58:23,2026-02-06T16:24:00+08:00,2026-02-06T16:26:02+08:00,1.3542,103.6362,C,Cloud to Cloud,2026-02-06T16:23:43.442+08:00
2026-02-07 11:58:23,2026-02-06T16:24:00+08:00,2026-02-06T16:26:02+08:00,1.368,103.6162,C,Cloud to Cloud,2026-02-06T16:23:43.443+08:00
2026-02-07 11:58:23,2026-02-06T16:24:00+08:00,2026-02-06T16:26:02+08:00,1.368,103.6162,C,Cloud to Cloud,2026-02-06T16:23:43.443+08:00
2026-02-07 11:58:23,2026-02-06T16:24:00+08:00,2026-02-06T16:26:02+08:00,1.3862,103.6391,C,Cloud to Cloud,2026-02-06T16:23:43.526+08:00
2026-02-07 11:58:23,2026-02-06T16:24:00+08:00,2026-02-06T16:26:02+08:00,1.3862,103.6391,C,Cloud to Cloud,2026-02-06T16:23:43.526+08:00
2026-02-07 11:58:23,2026-02-06T16:24:00+08:00,2026-02-06T16:26:02+08:00,1.396,103.6154,C,Cloud to Cloud,2026-02-06T16:23:43.557+08:00
2026-02-07 11:58:23,2026-02-06T16:24:00+08:00,2026-02-06T16:26:02+08:00,1.396,103.6154,C,Cloud to Cloud,2026-02-06T16:23:43.558+08:00
2026-02-07 11:58:23,2026-02-06T16:24:00+08:00,2026-02-06T16:26:02+08:00,1.361,103.6066,C,Cloud to Cloud,2026-02-06T16:23:43.586+08:00
2026-02-07 11:58:23,2026-02-06T16:24:00+08:00,2026-02-06T16:26:02+08:00,1.3722,103.5974,C,Cloud to Cloud,2026-02-06T16:23:43.607+08:00
2026-02-07 11:58:23,2026-02-06T16:24:00+08:00,2026-02-06T16:26:02+08:00,1.3731,103.6006,C,Cloud to Cloud,2026-02-06T16:23:43.607+08:00
2026-02-07 11:58:23,2026-02-06T16:24:00+08:00,2026-02-06T16:26:02+08:00,1.3594,103.5825,C,Cloud to Cloud,2026-02-06T16:23:43.634+08:00
2026-02-07 11:58:23,2026-02-06T16:24:00+08:00,2026-02-06T16:26:02+08:00,1.3606,103.6336,C,Cloud to Cloud,2026-02-06T16:23:43.634+08:00
2026-02-07 11:58:23,2026-02-06T16:24:00+08:00,2026-02-06T16:26:02+08:00,1.3815,103.6112,C,Cloud to Cloud,2026-02-06T16:23:43.651+08:00
2026-02-07 11:58:23,2026-02-06T16:24:00+08:00,2026-02-06T16:26:02+08:00,1.3815,103.6112,C,Cloud to Cloud,2026-02-06T16:23:43.651+08:00
2026-02-07 11:58:23,2026-02-06T16:24:00+08:00,2026-02-06T16:26:02+08:00,1.3812,103.5988,C,Cloud to Cloud,2026-02-06T16:23:43.658+08:00
2026-02-07 11:58:23,2026-02-06T16:24:00+08:00,2026-02-06T16:26:02+08:00,1.3726,103.6097,C,Cloud to Cloud,2026-02-06T16:23:43.662+08:00
2026-02-07 11:58:23,2026-02-06T16:24:00+08:00,2026-02-06T16:26:02+08:00,1.3715,103.6122,C,Cloud to Cloud,2026-02-06T16:23:43.662+08:00
2026-02-07 11:58:23,2026-02-06T16:24:00+08:00,2026-02-06T16:26:02+08:00,1.3777,103.62,C,Cloud to Cloud,2026-02-06T16:23:43.675+08:00
2026-02-07 11:58:23,2026-02-06T16:24:00+08:00,2026-02-06T16:26:02+08:00,1.3676,103.598,C,Cloud to Cloud,2026-02-06T16:23:43.675+08:00
2026-02-07 11:58:23,2026-02-06T16:24:00+08:00,2026-02-06T16:26:02+08:00,1.3713,103.5988,C,Cloud to Cloud,2026-02-06T16:23:43.675+08:00
2026-02-07 11:58:23,2026-02-06T16:24:00+08:00,2026-02-06T16:26:02+08:00,1.3742,103.6239,C,Cloud to Cloud,2026-02-06T16:23:43.675+08:00
2026-02-07 11:58:23,2026-02-06T16:24:00+08:00,2026-02-06T16:26:02+08:00,1.3742,103.6239,C,Cloud to Cloud,2026-02-06T16:23:43.675+08:00
2026-02-07 11:58:23,2026-02-06T16:24:00+08:00,2026-02-06T16:26:02+08:00,1.3843,103.6203,C,Cloud to Cloud,2026-02-06T16:23:43.679+08:00
2026-02-07 11:58:23,2026-02-06T16:24:00+08:00,2026-02-06T16:26:02+08:00,1.3845,103.6203,C,Cloud to Cloud,2026-02-06T16:23:43.679+08:00
2026-02-07 11:58:23,2026-02-06T16:24:00+08:00,2026-02-06T16:26:02+08:00,1.3762,103.6063,C,Cloud to Cloud,2026-02-06T16:23:43.683+08:00
2026-02-07 11:58:23,2026-02-06T16:24:00+08:00,2026-02-06T16:26:02+08:00,1.3866,103.5916,C,Cloud to Cloud,2026-02-06T16:23:43.7+08:00
2026-02-07 11:58:23,2026-02-06T16:24:00+08:00,2026-02-06T16:26:02+08:00,1.3866,103.5916,C,Cloud to Cloud,2026-02-06T16:23:43.7+08:00
2026-02-07 11:58:23,2026-02-06T16:24:00+08:00,2026-02-06T16:26:02+08:00,1.3901,103.6166,C,Cloud to Cloud,2026-02-06T16:23:43.7+08:00
2026-02-07 11:58:23,2026-02-06T16:24:00+08:00,2026-02-06T16:26:02+08:00,1.381,103.6152,C,Cloud to Cloud,2026-02-06T16:23:43.7+08:00
2026-02-07 11:58:23,2026-02-06T16:24:00+08:00,2026-02-06T16:26:02+08:00,1.41,103.6316,C,Cloud to Cloud,2026-02-06T16:23:43.701+08:00
2026-02-07 11:58:23,2026-02-06T16:24:00+08:00,2026-02-06T16:26:02+08:00,1.41,103.6316,C,Cloud to Cloud,2026-02-06T16:23:43.701+08:00
2026-02-07 11:58:23,2026-02-06T16:24:00+08:00,2026-02-06T16:26:02+08:00,1.6427,103.488,C,Cloud to Cloud,2026-02-06T16:23:48.761+08:00
2026-02-07 11:58:23,2026-02-06T16:24:00+08:00,2026-02-06T16:26:02+08:00,1.6442,103.4622,C,Cloud to Cloud,2026-02-06T16:23:49.359+08:00
2026-02-07 11:58:23,2026-02-06T16:24:00+08:00,2026-02-06T16:26:02+08:00,1.648,103.4945,C,Cloud to Cloud,2026-02-06T16:23:49.36+08:00
2026-02-07 11:58:23,2026-02-06T16:22:00+08:00,2026-02-06T16:24:03+08:00,1.6387,103.4549,C,Cloud to Cloud,2026-02-06T16:20:04.345+08:00
2026-02-07 11:58:23,2026-02-06T16:22:00+08:00,2026-02-06T16:24:03+08:00,1.4029,103.5853,C,Cloud to Cloud,2026-02-06T16:20:22.267+08:00
2026-02-07 11:58:23,2026-02-06T16:22:00+08:00,2026-02-06T16:24:03+08:00,1.3976,103.6267,C,Cloud to Cloud,2026-02-06T16:20:22.267+08:00
2026-02-07 11:58:23,2026-02-06T16:22:00+08:00,2026-02-06T16:24:03+08:00,1.4266,103.5944,C,Cloud to Cloud,2026-02-06T16:20:22.268+08:00
2026-02-07 11:58:23,2026-02-06T16:22:00+08:00,2026-02-06T16:24:03+08:00,1.3972,103.6325,C,Cloud to Cloud,2026-02-06T16:20:22.268+08:00
2026-02-07 11:58:23,2026-02-06T16:22:00+08:00,2026-02-06T16:24:03+08:00,1.3711,103.583,C,Cloud to Cloud,2026-02-06T16:20:22.27+08:00
2026-02-07 11:58:23,2026-02-06T16:22:00+08:00,2026-02-06T16:24:03+08:00,1.3711,103.583,C,Cloud to Cloud,2026-02-06T16:20:22.27+08:00
2026-02-07 11:58:23,2026-02-06T16:22:00+08:00,2026-02-06T16:24:03+08:00,1.3887,103.6242,C,Cloud to Cloud,2026-02-06T16:20:22.27+08:00
2026-02-07 11:58:23,2026-02-06T16:22:00+08:00,2026-02-06T16:24:03+08:00,1.3674,103.5714,C,Cloud to Cloud,2026-02-06T16:20:22.271+08:00
2026-02-07 11:58:23,2026-02-06T16:22:00+08:00,2026-02-06T16:24:03+08:00,1.3674,103.5714,C,Cloud to Cloud,2026-02-06T16:20:22.271+08:00
2026-02-07 11:58:23,2026-02-06T16:22:00+08:00,2026-02-06T16:24:03+08:00,1.3863,103.6205,C,Cloud to Cloud,2026-02-06T16:20:22.271+08:00
2026-02-07 11:58:23,2026-02-06T16:22:00+08:00,2026-02-06T16:24:03+08:00,1.3851,103.6263,C,Cloud to Cloud,2026-02-06T16:20:22.274+08:00
2026-02-07 11:58:23,2026-02-06T16:22:00+08:00,2026-02-06T16:24:03+08:00,1.3851,103.6263,C,Cloud to Cloud,2026-02-06T16:20:22.275+08:00
2026-02-07 11:58:23,2026-02-06T16:22:00+08:00,2026-02-06T16:24:03+08:00,1.3673,103.5503,C,Cloud to Cloud,2026-02-06T16:20:22.282+08:00
2026-02-07 11:58:23,2026-02-06T16:22:00+08:00,2026-02-06T16:24:03+08:00,1.4035,103.6349,C,Cloud to Cloud,2026-02-06T16:20:22.33+08:00
2026-02-07 11:58:23,2026-02-06T16:22:00+08:00,2026-02-06T16:24:03+08:00,1.4035,103.6349,C,Cloud to Cloud,2026-02-06T16:20:22.33+08:00
2026-02-07 11:58:23,2026-02-06T16:22:00+08:00,2026-02-06T16:24:03+08:00,1.3755,103.5796,C,Cloud to Cloud,2026-02-06T16:20:22.33+08:00
2026-02-07 11:58:23,2026-02-06T16:22:00+08:00,2026-02-06T16:24:03+08:00,1.406,103.6525,C,Cloud to Cloud,2026-02-06T16:20:22.335+08:00
2026-02-07 11:58:23,2026-02-06T16:22:00+08:00,2026-02-06T16:24:03+08:00,1.406,103.6525,C,Cloud to Cloud,2026-02-06T16:20:22.335+08:00
2026-02-07 11:58:23,2026-02-06T16:22:00+08:00,2026-02-06T16:24:03+08:00,1.3839,103.6399,C,Cloud to Cloud,2026-02-06T16:20:22.357+08:00
2026-02-07 11:58:23,2026-02-06T16:22:00+08:00,2026-02-06T16:24:03+08:00,1.3839,103.6399,C,Cloud to Cloud,2026-02-06T16:20:22.357+08:00
2026-02-07 11:58:23,2026-02-06T16:22:00+08:00,2026-02-06T16:24:03+08:00,1.3921,103.6399,C,Cloud to Cloud,2026-02-06T16:20:22.358+08:00
2026-02-07 11:58:23,2026-02-06T16:22:00+08:00,2026-02-06T16:24:03+08:00,1.3921,103.6399,C,Cloud to Cloud,2026-02-06T16:20:22.358+08:00
2026-02-07 11:58:23,2026-02-06T16:22:00+08:00,2026-02-06T16:24:03+08:00,1.3974,103.6232,C,Cloud to Cloud,2026-02-06T16:20:22.464+08:00
2026-02-07 11:58:23,2026-02-06T16:22:00+08:00,2026-02-06T16:24:03+08:00,1.6417,103.4805,C,Cloud to Cloud,2026-02-06T16:20:30.001+08:00
2026-02-07 11:58:23,2026-02-06T16:22:00+08:00,2026-02-06T16:24:03+08:00,1.6484,103.4605,C,Cloud to Cloud,2026-02-06T16:20:30.032+08:00
2026-02-07 11:58:23,2026-02-06T16:22:00+08:00,2026-02-06T16:24:03+08:00,1.6474,103.4724,C,Cloud to Cloud,2026-02-06T16:20:30.128+08:00
2026-02-07 11:58:23,2026-02-06T16:22:00+08:00,2026-02-06T16:24:03+08:00,1.6474,103.4724,C,Cloud to Cloud,2026-02-06T16:20:30.128+08:00
2026-02-07 11:58:23,2026-02-06T16:22:00+08:00,2026-02-06T16:24:03+08:00,1.517,103.5645,C,Cloud to Cloud,2026-02-06T16:20:48.597+08:00
2026-02-07 11:58:23,2026-02-06T16:22:00+08:00,2026-02-06T16:24:03+08:00,1.4946,103.5921,C,Cloud to Cloud,2026-02-06T16:20:48.597+08:00
2026-02-07 11:58:23,2026-02-06T16:22:00+08:00,2026-02-06T16:24:03+08:00,1.3875,103.5932,C,Cloud to Cloud,2026-02-06T16:20:52.316+08:00
2026-02-07 11:58:23,2026-02-06T16:22:00+08:00,2026-02-06T16:24:03+08:00,1.3589,103.6469,C,Cloud to Cloud,2026-02-06T16:20:52.316+08:00
2026-02-07 11:58:23,2026-02-06T16:22:00+08:00,2026-02-06T16:24:03+08:00,1.3583,103.6467,C,Cloud to Cloud,2026-02-06T16:20:52.316+08:00
2026-02-07 11:58:23,2026-02-06T16:22:00+08:00,2026-02-06T16:24:03+08:00,1.3583,103.6467,C,Cloud to Cloud,2026-02-06T16:20:52.316+08:00
2026-02-07 11:58:23,2026-02-06T16:22:00+08:00,2026-02-06T16:24:03+08:00,1.3597,103.6495,C,Cloud to Cloud,2026-02-06T16:20:52.316+08:00
2026-02-07 11:58:23,2026-02-06T16:22:00+08:00,2026-02-06T16:24:03+08:00,1.3624,103.6494,C,Cloud to Cloud,2026-02-06T16:20:52.316+08:00
2026-02-07 11:58:23,2026-02-06T16:22:00+08:00,2026-02-06T16:24:03+08:00,1.3224,103.5961,C,Cloud to Cloud,2026-02-06T16:20:52.317+08:00
2026-02-07 11:58:23,2026-02-06T16:22:00+08:00,2026-02-06T16:24:03+08:00,1.3622,103.6497,C,Cloud to Cloud,2026-02-06T16:20:52.317+08:00
2026-02-07 11:58:23,2026-02-06T16:22:00+08:00,2026-02-06T16:24:03+08:00,1.3608,103.6529,C,Cloud to Cloud,2026-02-06T16:20:52.317+08:00
2026-02-07 11:58:23,2026-02-06T16:22:00+08:00,2026-02-06T16:24:03+08:00,1.3594,103.6489,C,Cloud to Cloud,2026-02-06T16:20:52.317+08:00
2026-02-07 11:58:23,2026-02-06T16:22:00+08:00,2026-02-06T16:24:03+08:00,1.3617,103.6523,C,Cloud to Cloud,2026-02-06T16:20:52.317+08:00
2026-02-07 11:58:23,2026-02-06T16:22:00+08:00,2026-02-06T16:24:03+08:00,1.3602,103.6526,C,Cloud to Cloud,2026-02-06T16:20:52.317+08:00
2026-02-07 11:58:23,2026-02-06T16:22:00+08:00,2026-02-06T16:24:03+08:00,1.3618,103.6565,C,Cloud to Cloud,2026-02-06T16:20:52.318+08:00
2026-02-07 11:58:23,2026-02-06T16:22:00+08:00,2026-02-06T16:24:03+08:00,1.362,103.6537,C,Cloud to Cloud,2026-02-06T16:20:52.318+08:00
2026-02-07 11:58:23,2026-02-06T16:22:00+08:00,2026-02-06T16:24:03+08:00,1.3602,103.6526,C,Cloud to Cloud,2026-02-06T16:20:52.318+08:00
2026-02-07 11:58:23,2026-02-06T16:22:00+08:00,2026-02-06T16:24:03+08:00,1.3615,103.6561,C,Cloud to Cloud,2026-02-06T16:20:52.318+08:00
2026-02-07 11:58:23,2026-02-06T16:22:00+08:00,2026-02-06T16:24:03+08:00,1.3429,103.6298,C,Cloud to Cloud,2026-02-06T16:20:52.318+08:00
2026-02-07 11:58:23,2026-02-06T16:22:00+08:00,2026-02-06T16:24:03+08:00,1.3615,103.6566,C,Cloud to Cloud,2026-02-06T16:20:52.318+08:00
2026-02-07 11:58:23,2026-02-06T16:22:00+08:00,2026-02-06T16:24:03+08:00,1.3635,103.6582,C,Cloud to Cloud,2026-02-06T16:20:52.319+08:00
2026-02-07 11:58:23,2026-02-06T16:22:00+08:00,2026-02-06T16:24:03+08:00,1.3616,103.6557,C,Cloud to Cloud,2026-02-06T16:20:52.319+08:00
2026-02-07 11:58:23,2026-02-06T16:22:00+08:00,2026-02-06T16:24:03+08:00,1.3324,103.6169,C,Cloud to Cloud,2026-02-06T16:20:52.319+08:00
2026-02-07 11:58:23,2026-02-06T16:22:00+08:00,2026-02-06T16:24:03+08:00,1.3612,103.6561,C,Cloud to Cloud,2026-02-06T16:20:52.319+08:00
2026-02-07 11:58:23,2026-02-06T16:22:00+08:00,2026-02-06T16:24:03+08:00,1.3612,103.6575,C,Cloud to Cloud,2026-02-06T16:20:52.319+08:00
2026-02-07 11:58:23,2026-02-06T16:22:00+08:00,2026-02-06T16:24:03+08:00,1.3295,103.6117,C,Cloud to Cloud,2026-02-06T16:20:52.319+08:00
2026-02-07 11:58:23,2026-02-06T16:22:00+08:00,2026-02-06T16:24:03+08:00,1.3614,103.6574,C,Cloud to Cloud,2026-02-06T16:20:52.319+08:00
2026-02-07 11:58:23,2026-02-06T16:22:00+08:00,2026-02-06T16:24:03+08:00,1.3182,103.6027,C,Cloud to Cloud,2026-02-06T16:20:52.32+08:00
2026-02-07 11:58:23,2026-02-06T16:22:00+08:00,2026-02-06T16:24:03+08:00,1.3585,103.6601,C,Cloud to Cloud,2026-02-06T16:20:52.32+08:00
2026-02-07 11:58:23,2026-02-06T16:22:00+08:00,2026-02-06T16:24:03+08:00,1.3576,103.6635,C,Cloud to Cloud,2026-02-06T16:20:52.32+08:00
2026-02-07 11:58:23,2026-02-06T16:22:00+08:00,2026-02-06T16:24:03+08:00,1.3292,103.6277,C,Cloud to Cloud,2026-02-06T16:20:52.32+08:00
2026-02-07 11:58:23,2026-02-06T16:22:00+08:00,2026-02-06T16:24:03+08:00,1.3719,103.6166,C,Cloud to Cloud,2026-02-06T16:20:52.32+08:00
2026-02-07 11:58:23,2026-02-06T16:22:00+08:00,2026-02-06T16:24:03+08:00,1.3586,103.6642,C,Cloud to Cloud,2026-02-06T16:20:52.32+08:00
2026-02-07 11:58:23,2026-02-06T16:22:00+08:00,2026-02-06T16:24:03+08:00,1.3586,103.6633,C,Cloud to Cloud,2026-02-06T16:20:52.321+08:00
2026-02-07 11:58:23,2026-02-06T16:22:00+08:00,2026-02-06T16:24:03+08:00,1.3341,103.638,C,Cloud to Cloud,2026-02-06T16:20:52.321+08:00
2026-02-07 11:58:23,2026-02-06T16:22:00+08:00,2026-02-06T16:24:03+08:00,1.3593,103.6661,C,Cloud to Cloud,2026-02-06T16:20:52.321+08:00
2026-02-07 11:58:23,2026-02-06T16:22:00+08:00,2026-02-06T16:24:03+08:00,1.3589,103.6683,C,Cloud to Cloud,2026-02-06T16:20:52.321+08:00
2026-02-07 11:58:23,2026-02-06T16:22:00+08:00,2026-02-06T16:24:03+08:00,1.3573,103.6664,C,Cloud to Cloud,2026-02-06T16:20:52.321+08:00
2026-02-07 11:58:23,2026-02-06T16:22:00+08:00,2026-02-06T16:24:03+08:00,1.3583,103.6648,C,Cloud to Cloud,2026-02-06T16:20:52.321+08:00
2026-02-07 11:58:23,2026-02-06T16:22:00+08:00,2026-02-06T16:24:03+08:00,1.358,103.6662,C,Cloud to Cloud,2026-02-06T16:20:52.322+08:00
2026-02-07 11:58:23,2026-02-06T16:22:00+08:00,2026-02-06T16:24:03+08:00,1.333,103.6382,C,Cloud to Cloud,2026-02-06T16:20:52.322+08:00
2026-02-07 11:58:23,2026-02-06T16:22:00+08:00,2026-02-06T16:24:03+08:00,1.3552,103.6664,C,Cloud to Cloud,2026-02-06T16:20:52.322+08:00
2026-02-07 11:58:23,2026-02-06T16:22:00+08:00,2026-02-06T16:24:03+08:00,1.3552,103.6664,C,Cloud to Cloud,2026-02-06T16:20:52.322+08:00
2026-02-07 11:58:23,2026-02-06T16:22:00+08:00,2026-02-06T16:24:03+08:00,1.3558,103.6666,C,Cloud to Cloud,2026-02-06T16:20:52.322+08:00
2026-02-07 11:58:23,2026-02-06T16:22:00+08:00,2026-02-06T16:24:03+08:00,1.3558,103.6666,C,Cloud to Cloud,2026-02-06T16:20:52.323+08:00
2026-02-07 11:58:23,2026-02-06T16:22:00+08:00,2026-02-06T16:24:03+08:00,1.3545,103.6671,C,Cloud to Cloud,2026-02-06T16:20:52.323+08:00
2026-02-07 11:58:23,2026-02-06T16:22:00+08:00,2026-02-06T16:24:03+08:00,1.3563,103.6663,C,Cloud to Cloud,2026-02-06T16:20:52.323+08:00
2026-02-07 11:58:23,2026-02-06T16:22:00+08:00,2026-02-06T16:24:03+08:00,1.3563,103.6663,C,Cloud to Cloud,2026-02-06T16:20:52.323+08:00
2026-02-07 11:58:23,2026-02-06T16:22:00+08:00,2026-02-06T16:24:03+08:00,1.3341,103.6455,C,Cloud to Cloud,2026-02-06T16:20:52.323+08:00
2026-02-07 11:58:23,2026-02-06T16:22:00+08:00,2026-02-06T16:24:03+08:00,1.3316,103.6422,C,Cloud to Cloud,2026-02-06T16:20:52.324+08:00
2026-02-07 11:58:23,2026-02-06T16:22:00+08:00,2026-02-06T16:24:03+08:00,1.3498,103.6695,C,Cloud to Cloud,2026-02-06T16:20:52.325+08:00
2026-02-07 11:58:23,2026-02-06T16:22:00+08:00,2026-02-06T16:24:03+08:00,1.3516,103.6727,C,Cloud to Cloud,2026-02-06T16:20:52.325+08:00
2026-02-07 11:58:23,2026-02-06T16:22:00+08:00,2026-02-06T16:24:03+08:00,1.3527,103.6738,C,Cloud to Cloud,2026-02-06T16:20:52.325+08:00
2026-02-07 11:58:23,2026-02-06T16:22:00+08:00,2026-02-06T16:24:03+08:00,1.328,103.6463,C,Cloud to Cloud,2026-02-06T16:20:52.326+08:00
2026-02-07 11:58:23,2026-02-06T16:22:00+08:00,2026-02-06T16:24:03+08:00,1.3347,103.6476,C,Cloud to Cloud,2026-02-06T16:20:52.326+08:00
2026-02-07 11:58:23,2026-02-06T16:22:00+08:00,2026-02-06T16:24:03+08:00,1.3327,103.6522,C,Cloud to Cloud,2026-02-06T16:20:52.326+08:00
2026-02-07 11:58:23,2026-02-06T16:22:00+08:00,2026-02-06T16:24:03+08:00,1.3576,103.6796,C,Cloud to Cloud,2026-02-06T16:20:52.326+08:00
2026-02-07 11:58:23,2026-02-06T16:22:00+08:00,2026-02-06T16:24:03+08:00,1.3266,103.6443,C,Cloud to Cloud,2026-02-06T16:20:52.326+08:00
2026-02-07 11:58:23,2026-02-06T16:22:00+08:00,2026-02-06T16:24:03+08:00,1.356,103.6758,C,Cloud to Cloud,2026-02-06T16:20:52.326+08:00
2026-02-07 11:58:23,2026-02-06T16:22:00+08:00,2026-02-06T16:24:03+08:00,1.3555,103.6753,C,Cloud to Cloud,2026-02-06T16:20:52.326+08:00
2026-02-07 11:58:23,2026-02-06T16:22:00+08:00,2026-02-06T16:24:03+08:00,1.3557,103.6773,C,Cloud to Cloud,2026-02-06T16:20:52.327+08:00
2026-02-07 11:58:23,2026-02-06T16:22:00+08:00,2026-02-06T16:24:03+08:00,1.3593,103.6812,C,Cloud to Cloud,2026-02-06T16:20:52.327+08:00
2026-02-07 11:58:23,2026-02-06T16:22:00+08:00,2026-02-06T16:24:03+08:00,1.3596,103.6809,C,Cloud to Cloud,2026-02-06T16:20:52.327+08:00
2026-02-07 11:58:23,2026-02-06T16:22:00+08:00,2026-02-06T16:24:03+08:00,1.3584,103.6796,C,Cloud to Cloud,2026-02-06T16:20:52.327+08:00
2026-02-07 11:58:23,2026-02-06T16:22:00+08:00,2026-02-06T16:24:03+08:00,1.3565,103.6789,C,Cloud to Cloud,2026-02-06T16:20:52.327+08:00
2026-02-07 11:58:23,2026-02-06T16:22:00+08:00,2026-02-06T16:24:03+08:00,1.3576,103.6801,C,Cloud to Cloud,2026-02-06T16:20:52.328+08:00
2026-02-07 11:58:23,2026-02-06T16:22:00+08:00,2026-02-06T16:24:03+08:00,1.3557,103.676,C,Cloud to Cloud,2026-02-06T16:20:52.328+08:00
2026-02-07 11:58:23,2026-02-06T16:22:00+08:00,2026-02-06T16:24:03+08:00,1.3558,103.6775,C,Cloud to Cloud,2026-02-06T16:20:52.328+08:00
2026-02-07 11:58:23,2026-02-06T16:22:00+08:00,2026-02-06T16:24:03+08:00,1.3245,103.6441,C,Cloud to Cloud,2026-02-06T16:20:52.328+08:00
2026-02-07 11:58:23,2026-02-06T16:22:00+08:00,2026-02-06T16:24:03+08:00,1.3577,103.6802,C,Cloud to Cloud,2026-02-06T16:20:52.328+08:00
2026-02-07 11:58:23,2026-02-06T16:22:00+08:00,2026-02-06T16:24:03+08:00,1.3576,103.6803,C,Cloud to Cloud,2026-02-06T16:20:52.328+08:00
2026-02-07 11:58:23,2026-02-06T16:22:00+08:00,2026-02-06T16:24:03+08:00,1.3268,103.6477,C,Cloud to Cloud,2026-02-06T16:20:52.328+08:00
2026-02-07 11:58:23,2026-02-06T16:22:00+08:00,2026-02-06T16:24:03+08:00,1.3554,103.6783,C,Cloud to Cloud,2026-02-06T16:20:52.328+08:00
2026-02-07 11:58:23,2026-02-06T16:22:00+08:00,2026-02-06T16:24:03+08:00,1.3587,103.6819,C,Cloud to Cloud,2026-02-06T16:20:52.328+08:00
2026-02-07 11:58:23,2026-02-06T16:22:00+08:00,2026-02-06T16:24:03+08:00,1.3614,103.6841,C,Cloud to Cloud,2026-02-06T16:20:52.329+08:00
2026-02-07 11:58:23,2026-02-06T16:22:00+08:00,2026-02-06T16:24:03+08:00,1.3614,103.6841,C,Cloud to Cloud,2026-02-06T16:20:52.329+08:00
2026-02-07 11:58:23,2026-02-06T16:22:00+08:00,2026-02-06T16:24:03+08:00,1.3564,103.6805,C,Cloud to Cloud,2026-02-06T16:20:52.329+08:00
2026-02-07 11:58:23,2026-02-06T16:22:00+08:00,2026-02-06T16:24:03+08:00,1.3564,103.6805,C,Cloud to Cloud,2026-02-06T16:20:52.329+08:00
2026-02-07 11:58:23,2026-02-06T16:22:00+08:00,2026-02-06T16:24:03+08:00,1.3599,103.6834,C,Cloud to Cloud,2026-02-06T16:20:52.329+08:00
2026-02-07 11:58:23,2026-02-06T16:22:00+08:00,2026-02-06T16:24:03+08:00,1.3625,103.6861,C,Cloud to Cloud,2026-02-06T16:20:52.329+08:00
2026-02-07 11:58:23,2026-02-06T16:22:00+08:00,2026-02-06T16:24:03+08:00,1.3192,103.6432,C,Cloud to Cloud,2026-02-06T16:20:52.329+08:00
2026-02-07 11:58:23,2026-02-06T16:22:00+08:00,2026-02-06T16:24:03+08:00,1.3571,103.683,C,Cloud to Cloud,2026-02-06T16:20:52.329+08:00
2026-02-07 11:58:23,2026-02-06T16:22:00+08:00,2026-02-06T16:24:03+08:00,1.3604,103.6854,C,Cloud to Cloud,2026-02-06T16:20:52.329+08:00
2026-02-07 11:58:23,2026-02-06T16:22:00+08:00,2026-02-06T16:24:03+08:00,1.3604,103.6862,C,Cloud to Cloud,2026-02-06T16:20:52.33+08:00
2026-02-07 11:58:23,2026-02-06T16:22:00+08:00,2026-02-06T16:24:03+08:00,1.3586,103.6864,C,Cloud to Cloud,2026-02-06T16:20:52.33+08:00
2026-02-07 11:58:23,2026-02-06T16:22:00+08:00,2026-02-06T16:24:03+08:00,1.3304,103.6581,C,Cloud to Cloud,2026-02-06T16:20:52.33+08:00
2026-02-07 11:58:23,2026-02-06T16:22:00+08:00,2026-02-06T16:24:03+08:00,1.3622,103.6917,C,Cloud to Cloud,2026-02-06T16:20:52.332+08:00
2026-02-07 11:58:23,2026-02-06T16:22:00+08:00,2026-02-06T16:24:03+08:00,1.3472,103.6586,C,Cloud to Cloud,2026-02-06T16:20:52.364+08:00
2026-02-07 11:58:23,2026-02-06T16:22:00+08:00,2026-02-06T16:24:03+08:00,1.3618,103.6426,C,Cloud to Cloud,2026-02-06T16:20:52.374+08:00
2026-02-07 11:58:23,2026-02-06T16:22:00+08:00,2026-02-06T16:24:03+08:00,1.3604,103.6565,C,Cloud to Cloud,2026-02-06T16:20:52.377+08:00
2026-02-07 11:58:23,2026-02-06T16:22:00+08:00,2026-02-06T16:24:03+08:00,1.3571,103.661,C,Cloud to Cloud,2026-02-06T16:20:52.377+08:00
2026-02-07 11:58:23,2026-02-06T16:22:00+08:00,2026-02-06T16:24:03+08:00,1.3547,103.6681,C,Cloud to Cloud,2026-02-06T16:20:52.377+08:00
2026-02-07 11:58:23,2026-02-06T16:22:00+08:00,2026-02-06T16:24:03+08:00,1.3396,103.6799,C,Cloud to Cloud,2026-02-06T16:20:52.393+08:00
2026-02-07 11:58:23,2026-02-06T16:22:00+08:00,2026-02-06T16:24:03+08:00,1.368,103.6199,C,Cloud to Cloud,2026-02-06T16:20:52.447+08:00
2026-02-07 11:58:23,2026-02-06T16:22:00+08:00,2026-02-06T16:24:03+08:00,1.368,103.6199,C,Cloud to Cloud,2026-02-06T16:20:52.447+08:00
2026-02-07 11:58:23,2026-02-06T16:22:00+08:00,2026-02-06T16:24:03+08:00,1.3865,103.6448,C,Cloud to Cloud,2026-02-06T16:20:52.466+08:00
2026-02-07 11:58:23,2026-02-06T16:22:00+08:00,2026-02-06T16:24:03+08:00,1.3865,103.6448,C,Cloud to Cloud,2026-02-06T16:20:52.466+08:00
2026-02-07 11:58:23,2026-02-06T16:22:00+08:00,2026-02-06T16:24:03+08:00,1.3855,103.6562,C,Cloud to Cloud,2026-02-06T16:20:52.466+08:00
2026-02-07 11:58:23,2026-02-06T16:22:00+08:00,2026-02-06T16:24:03+08:00,1.3918,103.6488,C,Cloud to Cloud,2026-02-06T16:20:52.466+08:00
2026-02-07 11:58:23,2026-02-06T16:22:00+08:00,2026-02-06T16:24:03+08:00,1.3916,103.6482,C,Cloud to Cloud,2026-02-06T16:20:52.467+08:00
2026-02-07 11:58:23,2026-02-06T16:22:00+08:00,2026-02-06T16:24:03+08:00,1.3916,103.6475,C,Cloud to Cloud,2026-02-06T16:20:52.467+08:00
2026-02-07 11:58:23,2026-02-06T16:22:00+08:00,2026-02-06T16:24:03+08:00,1.3879,103.6492,C,Cloud to Cloud,2026-02-06T16:20:52.467+08:00
2026-02-07 11:58:23,2026-02-06T16:22:00+08:00,2026-02-06T16:24:03+08:00,1.3913,103.6503,C,Cloud to Cloud,2026-02-06T16:20:52.467+08:00
2026-02-07 11:58:23,2026-02-06T16:22:00+08:00,2026-02-06T16:24:03+08:00,1.3913,103.6503,C,Cloud to Cloud,2026-02-06T16:20:52.467+08:00
2026-02-07 11:58:23,2026-02-06T16:22:00+08:00,2026-02-06T16:24:03+08:00,1.3548,103.5735,C,Cloud to Cloud,2026-02-06T16:20:52.47+08:00
2026-02-07 11:58:23,2026-02-06T16:22:00+08:00,2026-02-06T16:24:03+08:00,1.3582,103.674,C,Cloud to Cloud,2026-02-06T16:20:52.471+08:00
2026-02-07 11:58:23,2026-02-06T16:22:00+08:00,2026-02-06T16:24:03+08:00,1.3781,103.612,C,Cloud to Cloud,2026-02-06T16:20:52.472+08:00
2026-02-07 11:58:23,2026-02-06T16:22:00+08:00,2026-02-06T16:24:03+08:00,1.3696,103.598,C,Cloud to Cloud,2026-02-06T16:20:52.472+08:00
2026-02-07 11:58:23,2026-02-06T16:22:00+08:00,2026-02-06T16:24:03+08:00,1.3481,103.575,C,Cloud to Cloud,2026-02-06T16:20:52.473+08:00
2026-02-07 11:58:23,2026-02-06T16:22:00+08:00,2026-02-06T16:24:03+08:00,1.3638,103.6222,C,Cloud to Cloud,2026-02-06T16:20:52.473+08:00
2026-02-07 11:58:23,2026-02-06T16:22:00+08:00,2026-02-06T16:24:03+08:00,1.3774,103.6266,C,Cloud to Cloud,2026-02-06T16:20:52.473+08:00
2026-02-07 11:58:23,2026-02-06T16:22:00+08:00,2026-02-06T16:24:03+08:00,1.3772,103.6528,G,Cloud to Ground,2026-02-06T16:20:52.483+08:00
2026-02-07 11:58:23,2026-02-06T16:22:00+08:00,2026-02-06T16:24:03+08:00,1.3792,103.641,C,Cloud to Cloud,2026-02-06T16:20:52.483+08:00
2026-02-07 11:58:23,2026-02-06T16:22:00+08:00,2026-02-06T16:24:03+08:00,1.3792,103.641,C,Cloud to Cloud,2026-02-06T16:20:52.483+08:00
2026-02-07 11:58:23,2026-02-06T16:22:00+08:00,2026-02-06T16:24:03+08:00,1.3673,103.5943,C,Cloud to Cloud,2026-02-06T16:20:52.484+08:00
2026-02-07 11:58:23,2026-02-06T16:22:00+08:00,2026-02-06T16:24:03+08:00,1.3692,103.594,C,Cloud to Cloud,2026-02-06T16:20:52.484+08:00
2026-02-07 11:58:23,2026-02-06T16:22:00+08:00,2026-02-06T16:24:03+08:00,1.3927,103.625,C,Cloud to Cloud,2026-02-06T16:20:52.516+08:00
2026-02-07 11:58:23,2026-02-06T16:22:00+08:00,2026-02-06T16:24:03+08:00,1.3927,103.625,C,Cloud to Cloud,2026-02-06T16:20:52.516+08:00
2026-02-07 11:58:23,2026-02-06T16:22:00+08:00,2026-02-06T16:24:03+08:00,1.3626,103.6379,C,Cloud to Cloud,2026-02-06T16:20:52.53+08:00
2026-02-07 11:58:23,2026-02-06T16:22:00+08:00,2026-02-06T16:24:03+08:00,1.3603,103.6572,C,Cloud to Cloud,2026-02-06T16:20:52.53+08:00
2026-02-07 11:58:23,2026-02-06T16:22:00+08:00,2026-02-06T16:24:03+08:00,1.3308,103.6416,C,Cloud to Cloud,2026-02-06T16:20:52.531+08:00
2026-02-07 11:58:23,2026-02-06T16:22:00+08:00,2026-02-06T16:24:03+08:00,1.3304,103.6411,C,Cloud to Cloud,2026-02-06T16:20:52.531+08:00
2026-02-07 11:58:23,2026-02-06T16:22:00+08:00,2026-02-06T16:24:03+08:00,1.3311,103.644,C,Cloud to Cloud,2026-02-06T16:20:52.531+08:00
2026-02-07 11:58:23,2026-02-06T16:22:00+08:00,2026-02-06T16:24:03+08:00,1.3719,103.6775,C,Cloud to Cloud,2026-02-06T16:20:52.531+08:00
2026-02-07 11:58:23,2026-02-06T16:22:00+08:00,2026-02-06T16:24:03+08:00,1.3603,103.6884,C,Cloud to Cloud,2026-02-06T16:20:52.534+08:00
2026-02-07 11:58:23,2026-02-06T16:22:00+08:00,2026-02-06T16:24:03+08:00,1.3606,103.6932,C,Cloud to Cloud,2026-02-06T16:20:52.536+08:00
2026-02-07 11:58:23,2026-02-06T16:22:00+08:00,2026-02-06T16:24:03+08:00,1.3689,103.6085,C,Cloud to Cloud,2026-02-06T16:20:52.546+08:00
2026-02-07 11:58:23,2026-02-06T16:22:00+08:00,2026-02-06T16:24:03+08:00,1.3681,103.6163,C,Cloud to Cloud,2026-02-06T16:20:52.546+08:00
2026-02-07 11:58:23,2026-02-06T16:22:00+08:00,2026-02-06T16:24:03+08:00,1.3974,103.6373,C,Cloud to Cloud,2026-02-06T16:20:52.553+08:00
2026-02-07 11:58:23,2026-02-06T16:22:00+08:00,2026-02-06T16:24:03+08:00,1.3864,103.6284,C,Cloud to Cloud,2026-02-06T16:20:52.553+08:00
2026-02-07 11:58:23,2026-02-06T16:22:00+08:00,2026-02-06T16:24:03+08:00,1.3953,103.6271,C,Cloud to Cloud,2026-02-06T16:20:52.555+08:00
2026-02-07 11:58:23,2026-02-06T16:22:00+08:00,2026-02-06T16:24:03+08:00,1.3951,103.6269,C,Cloud to Cloud,2026-02-06T16:20:52.555+08:00
2026-02-07 11:58:23,2026-02-06T16:22:00+08:00,2026-02-06T16:24:03+08:00,1.3724,103.6114,C,Cloud to Cloud,2026-02-06T16:20:52.568+08:00
2026-02-07 11:58:23,2026-02-06T16:22:00+08:00,2026-02-06T16:24:03+08:00,1.4011,103.6184,C,Cloud to Cloud,2026-02-06T16:20:52.568+08:00
2026-02-07 11:58:23,2026-02-06T16:22:00+08:00,2026-02-06T16:24:03+08:00,1.3718,103.614,C,Cloud to Cloud,2026-02-06T16:20:52.569+08:00
2026-02-07 11:58:23,2026-02-06T16:22:00+08:00,2026-02-06T16:24:03+08:00,1.3711,103.6632,C,Cloud to Cloud,2026-02-06T16:20:52.589+08:00
2026-02-07 11:58:23,2026-02-06T16:22:00+08:00,2026-02-06T16:24:03+08:00,1.3613,103.6395,C,Cloud to Cloud,2026-02-06T16:20:52.642+08:00
2026-02-07 11:58:23,2026-02-06T16:22:00+08:00,2026-02-06T16:24:03+08:00,1.3584,103.6452,C,Cloud to Cloud,2026-02-06T16:20:52.642+08:00
2026-02-07 11:58:23,2026-02-06T16:22:00+08:00,2026-02-06T16:24:03+08:00,1.3601,103.6459,C,Cloud to Cloud,2026-02-06T16:20:52.642+08:00
2026-02-07 11:58:23,2026-02-06T16:22:00+08:00,2026-02-06T16:24:03+08:00,1.3601,103.6459,C,Cloud to Cloud,2026-02-06T16:20:52.642+08:00
2026-02-07 11:58:23,2026-02-06T16:22:00+08:00,2026-02-06T16:24:03+08:00,1.3612,103.6582,C,Cloud to Cloud,2026-02-06T16:20:52.643+08:00
2026-02-07 11:58:23,2026-02-06T16:22:00+08:00,2026-02-06T16:24:03+08:00,1.3618,103.658,C,Cloud to Cloud,2026-02-06T16:20:52.643+08:00
2026-02-07 11:58:23,2026-02-06T16:22:00+08:00,2026-02-06T16:24:03+08:00,1.5226,103.5689,C,Cloud to Cloud,2026-02-06T16:21:02.422+08:00
2026-02-07 11:58:23,2026-02-06T16:22:00+08:00,2026-02-06T16:24:03+08:00,1.554,103.4174,C,Cloud to Cloud,2026-02-06T16:21:11.094+08:00
2026-02-07 11:58:23,2026-02-06T16:22:00+08:00,2026-02-06T16:24:03+08:00,1.3765,103.6253,C,Cloud to Cloud,2026-02-06T16:21:25.02+08:00
2026-02-07 11:58:23,2026-02-06T16:22:00+08:00,2026-02-06T16:24:03+08:00,1.3845,103.6282,C,Cloud to Cloud,2026-02-06T16:21:25.02+08:00
2026-02-07 11:58:23,2026-02-06T16:22:00+08:00,2026-02-06T16:24:03+08:00,1.3764,103.6247,C,Cloud to Cloud,2026-02-06T16:21:25.021+08:00
2026-02-07 11:58:23,2026-02-06T16:22:00+08:00,2026-02-06T16:24:03+08:00,1.382,103.6201,C,Cloud to Cloud,2026-02-06T16:21:25.021+08:00
2026-02-07 11:58:23,2026-02-06T16:22:00+08:00,2026-02-06T16:24:03+08:00,1.3764,103.6247,C,Cloud to Cloud,2026-02-06T16:21:25.021+08:00
2026-02-07 11:58:23,2026-02-06T16:22:00+08:00,2026-02-06T16:24:03+08:00,1.3909,103.5893,C,Cloud to Cloud,2026-02-06T16:21:25.022+08:00
2026-02-07 11:58:23,2026-02-06T16:22:00+08:00,2026-02-06T16:24:03+08:00,1.3756,103.6267,C,Cloud to Cloud,2026-02-06T16:21:25.023+08:00
2026-02-07 11:58:23,2026-02-06T16:22:00+08:00,2026-02-06T16:24:03+08:00,1.3301,103.6115,C,Cloud to Cloud,2026-02-06T16:21:25.023+08:00
2026-02-07 11:58:23,2026-02-06T16:22:00+08:00,2026-02-06T16:24:03+08:00,1.3756,103.6267,C,Cloud to Cloud,2026-02-06T16:21:25.023+08:00
2026-02-07 11:58:23,2026-02-06T16:22:00+08:00,2026-02-06T16:24:03+08:00,1.3851,103.6258,C,Cloud to Cloud,2026-02-06T16:21:25.031+08:00
2026-02-07 11:58:23,2026-02-06T16:22:00+08:00,2026-02-06T16:24:03+08:00,1.3851,103.6258,C,Cloud to Cloud,2026-02-06T16:21:25.031+08:00
2026-02-07 11:58:23,2026-02-06T16:22:00+08:00,2026-02-06T16:24:03+08:00,1.3555,103.5702,C,Cloud to Cloud,2026-02-06T16:21:25.04+08:00
2026-02-07 11:58:23,2026-02-06T16:22:00+08:00,2026-02-06T16:24:03+08:00,1.4322,103.654,C,Cloud to Cloud,2026-02-06T16:21:25.04+08:00
2026-02-07 11:58:23,2026-02-06T16:22:00+08:00,2026-02-06T16:24:03+08:00,1.3949,103.5967,C,Cloud to Cloud,2026-02-06T16:21:25.04+08:00
2026-02-07 11:58:23,2026-02-06T16:22:00+08:00,2026-02-06T16:24:03+08:00,1.3891,103.6367,C,Cloud to Cloud,2026-02-06T16:21:25.163+08:00
2026-02-07 11:58:23,2026-02-06T16:22:00+08:00,2026-02-06T16:24:03+08:00,1.3891,103.6367,C,Cloud to Cloud,2026-02-06T16:21:25.163+08:00
2026-02-07 11:58:23,2026-02-06T16:22:00+08:00,2026-02-06T16:24:03+08:00,1.4031,103.6487,C,Cloud to Cloud,2026-02-06T16:21:25.173+08:00
2026-02-07 11:58:23,2026-02-06T16:22:00+08:00,2026-02-06T16:24:03+08:00,1.4031,103.6487,C,Cloud to Cloud,2026-02-06T16:21:25.173+08:00
2026-02-07 11:58:23,2026-02-06T16:22:00+08:00,2026-02-06T16:24:03+08:00,1.4079,103.6515,C,Cloud to Cloud,2026-02-06T16:21:25.178+08:00
2026-02-07 11:58:23,2026-02-06T16:22:00+08:00,2026-02-06T16:24:03+08:00,1.4079,103.6515,C,Cloud to Cloud,2026-02-06T16:21:25.178+08:00
2026-02-07 11:58:23,2026-02-06T16:22:00+08:00,2026-02-06T16:24:03+08:00,1.4028,103.6372,C,Cloud to Cloud,2026-02-06T16:21:25.224+08:00
2026-02-07 11:58:23,2026-02-06T16:22:00+08:00,2026-02-06T16:24:03+08:00,1.4028,103.6372,C,Cloud to Cloud,2026-02-06T16:21:25.224+08:00
2026-02-07 11:58:23,2026-02-06T16:22:00+08:00,2026-02-06T16:24:03+08:00,1.4019,103.6295,C,Cloud to Cloud,2026-02-06T16:21:25.237+08:00
2026-02-07 11:58:23,2026-02-06T16:22:00+08:00,2026-02-06T16:24:03+08:00,1.4019,103.6295,C,Cloud to Cloud,2026-02-06T16:21:25.237+08:00
2026-02-07 11:58:23,2026-02-06T16:22:00+08:00,2026-02-06T16:24:03+08:00,1.3786,103.6212,C,Cloud to Cloud,2026-02-06T16:21:25.243+08:00
2026-02-07 11:58:23,2026-02-06T16:22:00+08:00,2026-02-06T16:24:03+08:00,1.3786,103.6212,C,Cloud to Cloud,2026-02-06T16:21:25.243+08:00
2026-02-07 11:58:23,2026-02-06T16:22:00+08:00,2026-02-06T16:24:03+08:00,1.3735,103.6081,C,Cloud to Cloud,2026-02-06T16:21:25.247+08:00
2026-02-07 11:58:23,2026-02-06T16:22:00+08:00,2026-02-06T16:24:03+08:00,1.3735,103.6056,C,Cloud to Cloud,2026-02-06T16:21:25.253+08:00
2026-02-07 11:58:23,2026-02-06T16:22:00+08:00,2026-02-06T16:24:03+08:00,1.3741,103.6077,C,Cloud to Cloud,2026-02-06T16:21:25.254+08:00
2026-02-07 11:58:23,2026-02-06T16:22:00+08:00,2026-02-06T16:24:03+08:00,1.4132,103.632,C,Cloud to Cloud,2026-02-06T16:21:25.261+08:00
2026-02-07 11:58:23,2026-02-06T16:22:00+08:00,2026-02-06T16:24:03+08:00,1.4132,103.632,C,Cloud to Cloud,2026-02-06T16:21:25.261+08:00
2026-02-07 11:58:23,2026-02-06T16:22:00+08:00,2026-02-06T16:24:03+08:00,1.373,103.6227,C,Cloud to Cloud,2026-02-06T16:21:25.278+08:00
2026-02-07 11:58:23,2026-02-06T16:22:00+08:00,2026-02-06T16:24:03+08:00,1.3784,103.6135,C,Cloud to Cloud,2026-02-06T16:21:25.278+08:00
2026-02-07 11:58:23,2026-02-06T16:22:00+08:00,2026-02-06T16:24:03+08:00,1.3784,103.6135,C,Cloud to Cloud,2026-02-06T16:21:25.278+08:00
2026-02-07 11:58:23,2026-02-06T16:22:00+08:00,2026-02-06T16:24:03+08:00,1.3768,103.6229,C,Cloud to Cloud,2026-02-06T16:21:25.278+08:00
2026-02-07 11:58:23,2026-02-06T16:22:00+08:00,2026-02-06T16:24:03+08:00,1.3763,103.6249,C,Cloud to Cloud,2026-02-06T16:21:25.278+08:00
2026-02-07 11:58:23,2026-02-06T16:22:00+08:00,2026-02-06T16:24:03+08:00,1.396,103.6654,C,Cloud to Cloud,2026-02-06T16:21:25.278+08:00
2026-02-07 11:58:23,2026-02-06T16:22:00+08:00,2026-02-06T16:24:03+08:00,1.3726,103.6296,C,Cloud to Cloud,2026-02-06T16:21:25.278+08:00
2026-02-07 11:58:23,2026-02-06T16:22:00+08:00,2026-02-06T16:24:03+08:00,1.3758,103.6287,C,Cloud to Cloud,2026-02-06T16:21:25.278+08:00
2026-02-07 11:58:23,2026-02-06T16:22:00+08:00,2026-02-06T16:24:03+08:00,1.3777,103.6223,C,Cloud to Cloud,2026-02-06T16:21:25.278+08:00
2026-02-07 11:58:23,2026-02-06T16:22:00+08:00,2026-02-06T16:24:03+08:00,1.3716,103.6094,C,Cloud to Cloud,2026-02-06T16:21:25.278+08:00
2026-02-07 11:58:23,2026-02-06T16:22:00+08:00,2026-02-06T16:24:03+08:00,1.3716,103.6113,C,Cloud to Cloud,2026-02-06T16:21:25.278+08:00
2026-02-07 11:58:23,2026-02-06T16:22:00+08:00,2026-02-06T16:24:03+08:00,1.3838,103.6276,C,Cloud to Cloud,2026-02-06T16:21:25.279+08:00
2026-02-07 11:58:23,2026-02-06T16:22:00+08:00,2026-02-06T16:24:03+08:00,1.382,103.6177,C,Cloud to Cloud,2026-02-06T16:21:25.279+08:00
2026-02-07 11:58:23,2026-02-06T16:22:00+08:00,2026-02-06T16:24:03+08:00,1.3715,103.6294,C,Cloud to Cloud,2026-02-06T16:21:25.281+08:00
2026-02-07 11:58:23,2026-02-06T16:22:00+08:00,2026-02-06T16:24:03+08:00,1.3715,103.6294,C,Cloud to Cloud,2026-02-06T16:21:25.281+08:00
2026-02-07 11:58:23,2026-02-06T16:22:00+08:00,2026-02-06T16:24:03+08:00,1.3708,103.6172,C,Cloud to Cloud,2026-02-06T16:21:25.281+08:00
2026-02-07 11:58:23,2026-02-06T16:22:00+08:00,2026-02-06T16:24:03+08:00,1.3708,103.6172,C,Cloud to Cloud,2026-02-06T16:21:25.281+08:00
2026-02-07 11:58:23,2026-02-06T16:22:00+08:00,2026-02-06T16:24:03+08:00,1.3668,103.634,C,Cloud to Cloud,2026-02-06T16:21:25.282+08:00
2026-02-07 11:58:23,2026-02-06T16:22:00+08:00,2026-02-06T16:24:03+08:00,1.3668,103.634,C,Cloud to Cloud,2026-02-06T16:21:25.282+08:00
2026-02-07 11:58:23,2026-02-06T16:22:00+08:00,2026-02-06T16:24:03+08:00,1.3975,103.6385,C,Cloud to Cloud,2026-02-06T16:21:25.292+08:00
2026-02-07 11:58:23,2026-02-06T16:22:00+08:00,2026-02-06T16:24:03+08:00,1.3966,103.6383,C,Cloud to Cloud,2026-02-06T16:21:25.292+08:00
2026-02-07 11:58:23,2026-02-06T16:22:00+08:00,2026-02-06T16:24:03+08:00,1.3753,103.6652,C,Cloud to Cloud,2026-02-06T16:21:25.292+08:00
2026-02-07 11:58:23,2026-02-06T16:22:00+08:00,2026-02-06T16:24:03+08:00,1.3712,103.6009,C,Cloud to Cloud,2026-02-06T16:21:25.292+08:00
2026-02-07 11:58:23,2026-02-06T16:22:00+08:00,2026-02-06T16:24:03+08:00,1.384,103.6283,C,Cloud to Cloud,2026-02-06T16:21:25.292+08:00
2026-02-07 11:58:23,2026-02-06T16:22:00+08:00,2026-02-06T16:24:03+08:00,1.3791,103.6218,C,Cloud to Cloud,2026-02-06T16:21:25.292+08:00
2026-02-07 11:58:23,2026-02-06T16:22:00+08:00,2026-02-06T16:24:03+08:00,1.404,103.6607,C,Cloud to Cloud,2026-02-06T16:21:25.292+08:00
2026-02-07 11:58:23,2026-02-06T16:22:00+08:00,2026-02-06T16:24:03+08:00,1.3724,103.6031,C,Cloud to Cloud,2026-02-06T16:21:25.292+08:00
2026-02-07 11:58:23,2026-02-06T16:22:00+08:00,2026-02-06T16:24:03+08:00,1.3726,103.6026,C,Cloud to Cloud,2026-02-06T16:21:25.292+08:00
2026-02-07 11:58:23,2026-02-06T16:22:00+08:00,2026-02-06T16:24:03+08:00,1.3619,103.5008,C,Cloud to Cloud,2026-02-06T16:21:25.295+08:00
2026-02-07 11:58:23,2026-02-06T16:22:00+08:00,2026-02-06T16:24:03+08:00,1.3923,103.5539,C,Cloud to Cloud,2026-02-06T16:21:25.296+08:00
2026-02-07 11:58:23,2026-02-06T16:22:00+08:00,2026-02-06T16:24:03+08:00,1.3705,103.5957,C,Cloud to Cloud,2026-02-06T16:21:25.297+08:00
2026-02-07 11:58:23,2026-02-06T16:22:00+08:00,2026-02-06T16:24:03+08:00,1.3618,103.6174,C,Cloud to Cloud,2026-02-06T16:21:25.297+08:00
2026-02-07 11:58:23,2026-02-06T16:22:00+08:00,2026-02-06T16:24:03+08:00,1.3754,103.6088,C,Cloud to Cloud,2026-02-06T16:21:25.297+08:00
2026-02-07 11:58:23,2026-02-06T16:22:00+08:00,2026-02-06T16:24:03+08:00,1.3666,103.6267,C,Cloud to Cloud,2026-02-06T16:21:25.298+08:00
2026-02-07 11:58:23,2026-02-06T16:22:00+08:00,2026-02-06T16:24:03+08:00,1.377,103.5885,C,Cloud to Cloud,2026-02-06T16:21:25.298+08:00
2026-02-07 11:58:23,2026-02-06T16:22:00+08:00,2026-02-06T16:24:03+08:00,1.3746,103.6016,C,Cloud to Cloud,2026-02-06T16:21:25.298+08:00
2026-02-07 11:58:23,2026-02-06T16:22:00+08:00,2026-02-06T16:24:03+08:00,1.3763,103.6009,C,Cloud to Cloud,2026-02-06T16:21:25.3+08:00
2026-02-07 11:58:23,2026-02-06T16:22:00+08:00,2026-02-06T16:24:03+08:00,1.3648,103.6263,C,Cloud to Cloud,2026-02-06T16:21:25.3+08:00
2026-02-07 11:58:23,2026-02-06T16:22:00+08:00,2026-02-06T16:24:03+08:00,1.3599,103.587,C,Cloud to Cloud,2026-02-06T16:21:25.303+08:00
2026-02-07 11:58:23,2026-02-06T16:22:00+08:00,2026-02-06T16:24:03+08:00,1.3472,103.627,C,Cloud to Cloud,2026-02-06T16:21:25.303+08:00
2026-02-07 11:58:23,2026-02-06T16:22:00+08:00,2026-02-06T16:24:03+08:00,1.3849,103.5991,C,Cloud to Cloud,2026-02-06T16:21:25.305+08:00
2026-02-07 11:58:23,2026-02-06T16:22:00+08:00,2026-02-06T16:24:03+08:00,1.4124,103.6761,C,Cloud to Cloud,2026-02-06T16:21:25.305+08:00
2026-02-07 11:58:23,2026-02-06T16:22:00+08:00,2026-02-06T16:24:03+08:00,1.3722,103.5879,C,Cloud to Cloud,2026-02-06T16:21:25.305+08:00
2026-02-07 11:58:23,2026-02-06T16:22:00+08:00,2026-02-06T16:24:03+08:00,1.3569,103.6269,C,Cloud to Cloud,2026-02-06T16:21:25.305+08:00
2026-02-07 11:58:23,2026-02-06T16:22:00+08:00,2026-02-06T16:24:03+08:00,1.3954,103.6003,C,Cloud to Cloud,2026-02-06T16:21:25.327+08:00
2026-02-07 11:58:23,2026-02-06T16:22:00+08:00,2026-02-06T16:24:03+08:00,1.3981,103.5991,C,Cloud to Cloud,2026-02-06T16:21:25.328+08:00
2026-02-07 11:58:23,2026-02-06T16:22:00+08:00,2026-02-06T16:24:03+08:00,1.3954,103.599,C,Cloud to Cloud,2026-02-06T16:21:25.328+08:00
2026-02-07 11:58:23,2026-02-06T16:22:00+08:00,2026-02-06T16:24:03+08:00,1.3551,103.6693,C,Cloud to Cloud,2026-02-06T16:21:25.328+08:00
2026-02-07 11:58:23,2026-02-06T16:22:00+08:00,2026-02-06T16:24:03+08:00,1.3995,103.6011,C,Cloud to Cloud,2026-02-06T16:21:25.328+08:00
2026-02-07 11:58:23,2026-02-06T16:22:00+08:00,2026-02-06T16:24:03+08:00,1.3982,103.6015,C,Cloud to Cloud,2026-02-06T16:21:25.328+08:00
2026-02-07 11:58:23,2026-02-06T16:22:00+08:00,2026-02-06T16:24:03+08:00,1.3977,103.6016,C,Cloud to Cloud,2026-02-06T16:21:25.329+08:00
2026-02-07 11:58:23,2026-02-06T16:22:00+08:00,2026-02-06T16:24:03+08:00,1.3984,103.6043,C,Cloud to Cloud,2026-02-06T16:21:25.329+08:00
2026-02-07 11:58:23,2026-02-06T16:22:00+08:00,2026-02-06T16:24:03+08:00,1.3977,103.6047,C,Cloud to Cloud,2026-02-06T16:21:25.329+08:00
2026-02-07 11:58:23,2026-02-06T16:22:00+08:00,2026-02-06T16:24:03+08:00,1.3963,103.6083,C,Cloud to Cloud,2026-02-06T16:21:25.329+08:00
2026-02-07 11:58:23,2026-02-06T16:22:00+08:00,2026-02-06T16:24:03+08:00,1.3992,103.6037,C,Cloud to Cloud,2026-02-06T16:21:25.329+08:00
2026-02-07 11:58:23,2026-02-06T16:22:00+08:00,2026-02-06T16:24:03+08:00,1.3975,103.6022,C,Cloud to Cloud,2026-02-06T16:21:25.329+08:00
2026-02-07 11:58:23,2026-02-06T16:22:00+08:00,2026-02-06T16:24:03+08:00,1.3986,103.6055,C,Cloud to Cloud,2026-02-06T16:21:25.329+08:00
2026-02-07 11:58:23,2026-02-06T16:22:00+08:00,2026-02-06T16:24:03+08:00,1.3994,103.6048,C,Cloud to Cloud,2026-02-06T16:21:25.329+08:00
2026-02-07 11:58:23,2026-02-06T16:22:00+08:00,2026-02-06T16:24:03+08:00,1.3994,103.6048,C,Cloud to Cloud,2026-02-06T16:21:25.329+08:00
2026-02-07 11:58:23,2026-02-06T16:22:00+08:00,2026-02-06T16:24:03+08:00,1.4006,103.6047,C,Cloud to Cloud,2026-02-06T16:21:25.33+08:00
2026-02-07 11:58:23,2026-02-06T16:22:00+08:00,2026-02-06T16:24:03+08:00,1.4006,103.6047,C,Cloud to Cloud,2026-02-06T16:21:25.33+08:00
2026-02-07 11:58:23,2026-02-06T16:22:00+08:00,2026-02-06T16:24:03+08:00,1.4054,103.601,C,Cloud to Cloud,2026-02-06T16:21:25.33+08:00
2026-02-07 11:58:23,2026-02-06T16:22:00+08:00,2026-02-06T16:24:03+08:00,1.4057,103.602,C,Cloud to Cloud,2026-02-06T16:21:25.33+08:00
2026-02-07 11:58:23,2026-02-06T16:22:00+08:00,2026-02-06T16:24:03+08:00,1.4005,103.6093,C,Cloud to Cloud,2026-02-06T16:21:25.33+08:00
2026-02-07 11:58:23,2026-02-06T16:22:00+08:00,2026-02-06T16:24:03+08:00,1.4005,103.6093,C,Cloud to Cloud,2026-02-06T16:21:25.33+08:00
2026-02-07 11:58:23,2026-02-06T16:22:00+08:00,2026-02-06T16:24:03+08:00,1.4022,103.6114,C,Cloud to Cloud,2026-02-06T16:21:25.33+08:00
2026-02-07 11:58:23,2026-02-06T16:22:00+08:00,2026-02-06T16:24:03+08:00,1.3999,103.6086,C,Cloud to Cloud,2026-02-06T16:21:25.331+08:00
2026-02-07 11:58:23,2026-02-06T16:22:00+08:00,2026-02-06T16:24:03+08:00,1.3994,103.607,C,Cloud to Cloud,2026-02-06T16:21:25.331+08:00
2026-02-07 11:58:23,2026-02-06T16:22:00+08:00,2026-02-06T16:24:03+08:00,1.4021,103.6152,C,Cloud to Cloud,2026-02-06T16:21:25.331+08:00
2026-02-07 11:58:23,2026-02-06T16:22:00+08:00,2026-02-06T16:24:03+08:00,1.4021,103.6152,C,Cloud to Cloud,2026-02-06T16:21:25.331+08:00
2026-02-07 11:58:23,2026-02-06T16:22:00+08:00,2026-02-06T16:24:03+08:00,1.4034,103.6137,C,Cloud to Cloud,2026-02-06T16:21:25.331+08:00
2026-02-07 11:58:23,2026-02-06T16:22:00+08:00,2026-02-06T16:24:03+08:00,1.4028,103.6091,C,Cloud to Cloud,2026-02-06T16:21:25.332+08:00
2026-02-07 11:58:23,2026-02-06T16:22:00+08:00,2026-02-06T16:24:03+08:00,1.4023,103.6106,C,Cloud to Cloud,2026-02-06T16:21:25.332+08:00
2026-02-07 11:58:23,2026-02-06T16:22:00+08:00,2026-02-06T16:24:03+08:00,1.4041,103.6085,C,Cloud to Cloud,2026-02-06T16:21:25.332+08:00
2026-02-07 11:58:23,2026-02-06T16:22:00+08:00,2026-02-06T16:24:03+08:00,1.404,103.6004,C,Cloud to Cloud,2026-02-06T16:21:25.332+08:00
2026-02-07 11:58:23,2026-02-06T16:22:00+08:00,2026-02-06T16:24:03+08:00,1.4041,103.6009,C,Cloud to Cloud,2026-02-06T16:21:25.332+08:00
2026-02-07 11:58:23,2026-02-06T16:22:00+08:00,2026-02-06T16:24:03+08:00,1.4032,103.6071,C,Cloud to Cloud,2026-02-06T16:21:25.332+08:00
2026-02-07 11:58:23,2026-02-06T16:22:00+08:00,2026-02-06T16:24:03+08:00,1.4025,103.6041,C,Cloud to Cloud,2026-02-06T16:21:25.333+08:00
2026-02-07 11:58:23,2026-02-06T16:22:00+08:00,2026-02-06T16:24:03+08:00,1.4051,103.6045,C,Cloud to Cloud,2026-02-06T16:21:25.333+08:00
2026-02-07 11:58:23,2026-02-06T16:22:00+08:00,2026-02-06T16:24:03+08:00,1.4057,103.6067,C,Cloud to Cloud,2026-02-06T16:21:25.333+08:00
2026-02-07 11:58:23,2026-02-06T16:22:00+08:00,2026-02-06T16:24:03+08:00,1.4043,103.6077,C,Cloud to Cloud,2026-02-06T16:21:25.333+08:00
2026-02-07 11:58:23,2026-02-06T16:22:00+08:00,2026-02-06T16:24:03+08:00,1.4052,103.6109,C,Cloud to Cloud,2026-02-06T16:21:25.333+08:00
2026-02-07 11:58:23,2026-02-06T16:22:00+08:00,2026-02-06T16:24:03+08:00,1.4047,103.5975,C,Cloud to Cloud,2026-02-06T16:21:25.333+08:00
2026-02-07 11:58:23,2026-02-06T16:22:00+08:00,2026-02-06T16:24:03+08:00,1.4058,103.6018,C,Cloud to Cloud,2026-02-06T16:21:25.333+08:00
2026-02-07 11:58:23,2026-02-06T16:22:00+08:00,2026-02-06T16:24:03+08:00,1.4052,103.6009,C,Cloud to Cloud,2026-02-06T16:21:25.333+08:00
2026-02-07 11:58:23,2026-02-06T16:22:00+08:00,2026-02-06T16:24:03+08:00,1.4042,103.6028,C,Cloud to Cloud,2026-02-06T16:21:25.334+08:00
2026-02-07 11:58:23,2026-02-06T16:22:00+08:00,2026-02-06T16:24:03+08:00,1.4063,103.5984,C,Cloud to Cloud,2026-02-06T16:21:25.334+08:00
2026-02-07 11:58:23,2026-02-06T16:22:00+08:00,2026-02-06T16:24:03+08:00,1.4071,103.6017,C,Cloud to Cloud,2026-02-06T16:21:25.334+08:00
2026-02-07 11:58:23,2026-02-06T16:22:00+08:00,2026-02-06T16:24:03+08:00,1.4093,103.5953,C,Cloud to Cloud,2026-02-06T16:21:25.335+08:00
2026-02-07 11:58:23,2026-02-06T16:22:00+08:00,2026-02-06T16:24:03+08:00,1.4112,103.5896,C,Cloud to Cloud,2026-02-06T16:21:25.337+08:00
2026-02-07 11:58:23,2026-02-06T16:22:00+08:00,2026-02-06T16:24:03+08:00,1.433,103.623,C,Cloud to Cloud,2026-02-06T16:21:25.337+08:00
2026-02-07 11:58:23,2026-02-06T16:22:00+08:00,2026-02-06T16:24:03+08:00,1.416,103.5863,C,Cloud to Cloud,2026-02-06T16:21:25.338+08:00
2026-02-07 11:58:23,2026-02-06T16:22:00+08:00,2026-02-06T16:24:03+08:00,1.4197,103.5764,C,Cloud to Cloud,2026-02-06T16:21:25.339+08:00
2026-02-07 11:58:23,2026-02-06T16:22:00+08:00,2026-02-06T16:24:03+08:00,1.4003,103.6285,C,Cloud to Cloud,2026-02-06T16:21:25.341+08:00
2026-02-07 11:58:23,2026-02-06T16:22:00+08:00,2026-02-06T16:24:03+08:00,1.4213,103.6078,C,Cloud to Cloud,2026-02-06T16:21:25.341+08:00
2026-02-07 11:58:23,2026-02-06T16:22:00+08:00,2026-02-06T16:24:03+08:00,1.4152,103.6152,C,Cloud to Cloud,2026-02-06T16:21:25.341+08:00
2026-02-07 11:58:23,2026-02-06T16:22:00+08:00,2026-02-06T16:24:03+08:00,1.4022,103.626,C,Cloud to Cloud,2026-02-06T16:21:25.341+08:00
2026-02-07 11:58:23,2026-02-06T16:22:00+08:00,2026-02-06T16:24:03+08:00,1.4152,103.6152,C,Cloud to Cloud,2026-02-06T16:21:25.341+08:00
2026-02-07 11:58:23,2026-02-06T16:22:00+08:00,2026-02-06T16:24:03+08:00,1.3785,103.5949,C,Cloud to Cloud,2026-02-06T16:21:25.342+08:00
2026-02-07 11:58:23,2026-02-06T16:22:00+08:00,2026-02-06T16:24:03+08:00,1.377,103.6036,C,Cloud to Cloud,2026-02-06T16:21:25.342+08:00
2026-02-07 11:58:23,2026-02-06T16:22:00+08:00,2026-02-06T16:24:03+08:00,1.41,103.6618,C,Cloud to Cloud,2026-02-06T16:21:25.342+08:00
2026-02-07 11:58:23,2026-02-06T16:22:00+08:00,2026-02-06T16:24:03+08:00,1.3895,103.6144,C,Cloud to Cloud,2026-02-06T16:21:25.342+08:00
2026-02-07 11:58:23,2026-02-06T16:22:00+08:00,2026-02-06T16:24:03+08:00,1.3881,103.6144,C,Cloud to Cloud,2026-02-06T16:21:25.342+08:00
2026-02-07 11:58:23,2026-02-06T16:22:00+08:00,2026-02-06T16:24:03+08:00,1.3711,103.5798,C,Cloud to Cloud,2026-02-06T16:21:25.351+08:00
2026-02-07 11:58:23,2026-02-06T16:22:00+08:00,2026-02-06T16:24:03+08:00,1.4047,103.657,C,Cloud to Cloud,2026-02-06T16:21:25.351+08:00
2026-02-07 11:58:23,2026-02-06T16:22:00+08:00,2026-02-06T16:24:03+08:00,1.3886,103.5772,C,Cloud to Cloud,2026-02-06T16:21:25.369+08:00
2026-02-07 11:58:23,2026-02-06T16:22:00+08:00,2026-02-06T16:24:03+08:00,1.3945,103.6371,C,Cloud to Cloud,2026-02-06T16:21:25.369+08:00
2026-02-07 11:58:23,2026-02-06T16:22:00+08:00,2026-02-06T16:24:03+08:00,1.3934,103.6361,C,Cloud to Cloud,2026-02-06T16:21:25.369+08:00
2026-02-07 11:58:23,2026-02-06T16:22:00+08:00,2026-02-06T16:24:03+08:00,1.3845,103.6289,C,Cloud to Cloud,2026-02-06T16:21:25.369+08:00
2026-02-07 11:58:23,2026-02-06T16:22:00+08:00,2026-02-06T16:24:03+08:00,1.3837,103.6181,C,Cloud to Cloud,2026-02-06T16:21:25.369+08:00
2026-02-07 11:58:23,2026-02-06T16:22:00+08:00,2026-02-06T16:24:03+08:00,1.4054,103.6146,C,Cloud to Cloud,2026-02-06T16:21:25.382+08:00
2026-02-07 11:58:23,2026-02-06T16:22:00+08:00,2026-02-06T16:24:03+08:00,1.4054,103.6146,C,Cloud to Cloud,2026-02-06T16:21:25.382+08:00
2026-02-07 11:58:23,2026-02-06T16:22:00+08:00,2026-02-06T16:24:03+08:00,1.4194,103.6187,C,Cloud to Cloud,2026-02-06T16:21:25.383+08:00
2026-02-07 11:58:23,2026-02-06T16:22:00+08:00,2026-02-06T16:24:03+08:00,1.4194,103.6187,C,Cloud to Cloud,2026-02-06T16:21:25.383+08:00
2026-02-07 11:58:23,2026-02-06T16:22:00+08:00,2026-02-06T16:24:03+08:00,1.3955,103.6117,C,Cloud to Cloud,2026-02-06T16:21:25.385+08:00
2026-02-07 11:58:23,2026-02-06T16:22:00+08:00,2026-02-06T16:24:03+08:00,1.3955,103.6117,C,Cloud to Cloud,2026-02-06T16:21:25.385+08:00
2026-02-07 11:58:23,2026-02-06T16:22:00+08:00,2026-02-06T16:24:03+08:00,1.3934,103.6031,C,Cloud to Cloud,2026-02-06T16:21:25.395+08:00
2026-02-07 11:58:23,2026-02-06T16:22:00+08:00,2026-02-06T16:24:03+08:00,1.3676,103.5801,C,Cloud to Cloud,2026-02-06T16:21:25.395+08:00
2026-02-07 11:58:23,2026-02-06T16:22:00+08:00,2026-02-06T16:24:03+08:00,1.3676,103.5801,C,Cloud to Cloud,2026-02-06T16:21:25.395+08:00
2026-02-07 11:58:23,2026-02-06T16:22:00+08:00,2026-02-06T16:24:03+08:00,1.3677,103.5827,C,Cloud to Cloud,2026-02-06T16:21:25.395+08:00
2026-02-07 11:58:23,2026-02-06T16:22:00+08:00,2026-02-06T16:24:03+08:00,1.4185,103.6249,C,Cloud to Cloud,2026-02-06T16:21:25.396+08:00
2026-02-07 11:58:23,2026-02-06T16:22:00+08:00,2026-02-06T16:24:03+08:00,1.4185,103.6249,C,Cloud to Cloud,2026-02-06T16:21:25.396+08:00
2026-02-07 11:58:23,2026-02-06T16:22:00+08:00,2026-02-06T16:24:03+08:00,1.3702,103.6188,C,Cloud to Cloud,2026-02-06T16:21:25.433+08:00
2026-02-07 11:58:23,2026-02-06T16:22:00+08:00,2026-02-06T16:24:03+08:00,1.3705,103.6187,C,Cloud to Cloud,2026-02-06T16:21:25.433+08:00
2026-02-07 11:58:23,2026-02-06T16:22:00+08:00,2026-02-06T16:24:03+08:00,1.3684,103.6217,C,Cloud to Cloud,2026-02-06T16:21:25.457+08:00
2026-02-07 11:58:23,2026-02-06T16:22:00+08:00,2026-02-06T16:24:03+08:00,1.3684,103.6217,C,Cloud to Cloud,2026-02-06T16:21:25.457+08:00
2026-02-07 11:58:23,2026-02-06T16:22:00+08:00,2026-02-06T16:24:03+08:00,1.6483,103.4602,C,Cloud to Cloud,2026-02-06T16:21:41.367+08:00
2026-02-07 11:58:23,2026-02-06T16:22:00+08:00,2026-02-06T16:24:03+08:00,1.6403,103.4617,C,Cloud to Cloud,2026-02-06T16:21:41.495+08:00
2026-02-07 11:58:23,2026-02-06T16:22:00+08:00,2026-02-06T16:24:03+08:00,1.6421,103.4588,C,Cloud to Cloud,2026-02-06T16:21:41.598+08:00
2026-02-07 11:58:23,2026-02-06T16:20:00+08:00,2026-02-06T16:22:02+08:00,1.3791,103.6338,C,Cloud to Cloud,2026-02-06T16:18:03.356+08:00
2026-02-07 11:58:23,2026-02-06T16:20:00+08:00,2026-02-06T16:22:02+08:00,1.3791,103.6338,C,Cloud to Cloud,2026-02-06T16:18:03.356+08:00
2026-02-07 11:58:23,2026-02-06T16:20:00+08:00,2026-02-06T16:22:02+08:00,1.3802,103.6187,C,Cloud to Cloud,2026-02-06T16:18:03.387+08:00
2026-02-07 11:58:23,2026-02-06T16:20:00+08:00,2026-02-06T16:22:02+08:00,1.3692,103.6391,C,Cloud to Cloud,2026-02-06T16:18:03.387+08:00
2026-02-07 11:58:23,2026-02-06T16:20:00+08:00,2026-02-06T16:22:02+08:00,1.3802,103.636,C,Cloud to Cloud,2026-02-06T16:18:03.515+08:00
2026-02-07 11:58:23,2026-02-06T16:20:00+08:00,2026-02-06T16:22:02+08:00,1.3802,103.636,C,Cloud to Cloud,2026-02-06T16:18:03.515+08:00
2026-02-07 11:58:23,2026-02-06T16:20:00+08:00,2026-02-06T16:22:02+08:00,1.3639,103.5723,C,Cloud to Cloud,2026-02-06T16:18:03.521+08:00
2026-02-07 11:58:23,2026-02-06T16:20:00+08:00,2026-02-06T16:22:02+08:00,1.4,103.6196,C,Cloud to Cloud,2026-02-06T16:18:03.528+08:00
2026-02-07 11:58:23,2026-02-06T16:20:00+08:00,2026-02-06T16:22:02+08:00,1.4,103.6196,C,Cloud to Cloud,2026-02-06T16:18:03.528+08:00
2026-02-07 11:58:23,2026-02-06T16:20:00+08:00,2026-02-06T16:22:02+08:00,1.397,103.6216,C,Cloud to Cloud,2026-02-06T16:18:03.529+08:00
2026-02-07 11:58:23,2026-02-06T16:20:00+08:00,2026-02-06T16:22:02+08:00,1.397,103.6216,C,Cloud to Cloud,2026-02-06T16:18:03.529+08:00
2026-02-07 11:58:23,2026-02-06T16:20:00+08:00,2026-02-06T16:22:02+08:00,1.3994,103.6186,C,Cloud to Cloud,2026-02-06T16:18:03.53+08:00
2026-02-07 11:58:23,2026-02-06T16:20:00+08:00,2026-02-06T16:22:02+08:00,1.3994,103.6186,C,Cloud to Cloud,2026-02-06T16:18:03.53+08:00
2026-02-07 11:58:23,2026-02-06T16:20:00+08:00,2026-02-06T16:22:02+08:00,1.4013,103.602,C,Cloud to Cloud,2026-02-06T16:18:03.53+08:00
2026-02-07 11:58:23,2026-02-06T16:20:00+08:00,2026-02-06T16:22:02+08:00,1.4008,103.6153,C,Cloud to Cloud,2026-02-06T16:18:03.536+08:00
2026-02-07 11:58:23,2026-02-06T16:20:00+08:00,2026-02-06T16:22:02+08:00,1.4008,103.6153,C,Cloud to Cloud,2026-02-06T16:18:03.536+08:00
2026-02-07 11:58:23,2026-02-06T16:20:00+08:00,2026-02-06T16:22:02+08:00,1.4082,103.5837,C,Cloud to Cloud,2026-02-06T16:18:03.54+08:00
2026-02-07 11:58:23,2026-02-06T16:20:00+08:00,2026-02-06T16:22:02+08:00,1.4092,103.6502,C,Cloud to Cloud,2026-02-06T16:18:03.553+08:00
2026-02-07 11:58:23,2026-02-06T16:20:00+08:00,2026-02-06T16:22:02+08:00,1.4092,103.6502,C,Cloud to Cloud,2026-02-06T16:18:03.553+08:00
2026-02-07 11:58:23,2026-02-06T16:20:00+08:00,2026-02-06T16:22:02+08:00,1.412,103.6475,C,Cloud to Cloud,2026-02-06T16:18:03.554+08:00
2026-02-07 11:58:23,2026-02-06T16:20:00+08:00,2026-02-06T16:22:02+08:00,1.412,103.6475,C,Cloud to Cloud,2026-02-06T16:18:03.554+08:00
2026-02-07 11:58:23,2026-02-06T16:20:00+08:00,2026-02-06T16:22:02+08:00,1.3427,103.5449,C,Cloud to Cloud,2026-02-06T16:18:03.561+08:00
2026-02-07 11:58:23,2026-02-06T16:20:00+08:00,2026-02-06T16:22:02+08:00,1.3949,103.6243,C,Cloud to Cloud,2026-02-06T16:18:03.561+08:00
2026-02-07 11:58:23,2026-02-06T16:20:00+08:00,2026-02-06T16:22:02+08:00,1.4181,103.645,C,Cloud to Cloud,2026-02-06T16:18:03.561+08:00
2026-02-07 11:58:23,2026-02-06T16:20:00+08:00,2026-02-06T16:22:02+08:00,1.4169,103.6449,C,Cloud to Cloud,2026-02-06T16:18:03.561+08:00
2026-02-07 11:58:23,2026-02-06T16:20:00+08:00,2026-02-06T16:22:02+08:00,1.4171,103.6234,C,Cloud to Cloud,2026-02-06T16:18:03.598+08:00
2026-02-07 11:58:23,2026-02-06T16:20:00+08:00,2026-02-06T16:22:02+08:00,1.4171,103.6234,C,Cloud to Cloud,2026-02-06T16:18:03.598+08:00
2026-02-07 11:58:23,2026-02-06T16:20:00+08:00,2026-02-06T16:22:02+08:00,1.4122,103.6267,C,Cloud to Cloud,2026-02-06T16:18:03.6+08:00
2026-02-07 11:58:23,2026-02-06T16:20:00+08:00,2026-02-06T16:22:02+08:00,1.4122,103.6267,C,Cloud to Cloud,2026-02-06T16:18:03.6+08:00
2026-02-07 11:58:23,2026-02-06T16:20:00+08:00,2026-02-06T16:22:02+08:00,1.3958,103.6245,C,Cloud to Cloud,2026-02-06T16:18:03.605+08:00
2026-02-07 11:58:23,2026-02-06T16:20:00+08:00,2026-02-06T16:22:02+08:00,1.3958,103.6245,C,Cloud to Cloud,2026-02-06T16:18:03.605+08:00
2026-02-07 11:58:23,2026-02-06T16:20:00+08:00,2026-02-06T16:22:02+08:00,1.4078,103.6229,C,Cloud to Cloud,2026-02-06T16:18:03.605+08:00
2026-02-07 11:58:23,2026-02-06T16:20:00+08:00,2026-02-06T16:22:02+08:00,1.3699,103.5866,C,Cloud to Cloud,2026-02-06T16:18:03.607+08:00
2026-02-07 11:58:23,2026-02-06T16:20:00+08:00,2026-02-06T16:22:02+08:00,1.3834,103.6196,C,Cloud to Cloud,2026-02-06T16:18:03.607+08:00
2026-02-07 11:58:23,2026-02-06T16:20:00+08:00,2026-02-06T16:22:02+08:00,1.383,103.63,C,Cloud to Cloud,2026-02-06T16:18:03.607+08:00
2026-02-07 11:58:23,2026-02-06T16:20:00+08:00,2026-02-06T16:22:02+08:00,1.383,103.63,C,Cloud to Cloud,2026-02-06T16:18:03.607+08:00
2026-02-07 11:58:23,2026-02-06T16:20:00+08:00,2026-02-06T16:22:02+08:00,1.3875,103.6154,C,Cloud to Cloud,2026-02-06T16:18:03.64+08:00
2026-02-07 11:58:23,2026-02-06T16:20:00+08:00,2026-02-06T16:22:02+08:00,1.3965,103.6158,C,Cloud to Cloud,2026-02-06T16:18:03.663+08:00
2026-02-07 11:58:23,2026-02-06T16:20:00+08:00,2026-02-06T16:22:02+08:00,1.3965,103.6158,C,Cloud to Cloud,2026-02-06T16:18:03.663+08:00
2026-02-07 11:58:23,2026-02-06T16:20:00+08:00,2026-02-06T16:22:02+08:00,1.3916,103.6195,C,Cloud to Cloud,2026-02-06T16:18:03.663+08:00
2026-02-07 11:58:23,2026-02-06T16:20:00+08:00,2026-02-06T16:22:02+08:00,1.365,103.6405,C,Cloud to Cloud,2026-02-06T16:18:03.663+08:00
2026-02-07 11:58:23,2026-02-06T16:20:00+08:00,2026-02-06T16:22:02+08:00,1.4342,103.6306,C,Cloud to Cloud,2026-02-06T16:18:03.663+08:00
2026-02-07 11:58:23,2026-02-06T16:20:00+08:00,2026-02-06T16:22:02+08:00,1.365,103.6405,C,Cloud to Cloud,2026-02-06T16:18:03.664+08:00
2026-02-07 11:58:23,2026-02-06T16:20:00+08:00,2026-02-06T16:22:02+08:00,1.3631,103.6699,C,Cloud to Cloud,2026-02-06T16:18:03.693+08:00
2026-02-07 11:58:23,2026-02-06T16:20:00+08:00,2026-02-06T16:22:02+08:00,1.3592,103.5753,C,Cloud to Cloud,2026-02-06T16:18:03.693+08:00
2026-02-07 11:58:23,2026-02-06T16:20:00+08:00,2026-02-06T16:22:02+08:00,1.3701,103.5992,C,Cloud to Cloud,2026-02-06T16:18:03.693+08:00
2026-02-07 11:58:23,2026-02-06T16:20:00+08:00,2026-02-06T16:22:02+08:00,1.3689,103.6376,C,Cloud to Cloud,2026-02-06T16:18:03.693+08:00
2026-02-07 11:58:23,2026-02-06T16:20:00+08:00,2026-02-06T16:22:02+08:00,1.3689,103.6376,C,Cloud to Cloud,2026-02-06T16:18:03.693+08:00
2026-02-07 11:58:23,2026-02-06T16:20:00+08:00,2026-02-06T16:22:02+08:00,1.3779,103.5435,C,Cloud to Cloud,2026-02-06T16:18:03.693+08:00
2026-02-07 11:58:23,2026-02-06T16:20:00+08:00,2026-02-06T16:22:02+08:00,1.3944,103.6099,C,Cloud to Cloud,2026-02-06T16:18:03.709+08:00
2026-02-07 11:58:23,2026-02-06T16:20:00+08:00,2026-02-06T16:22:02+08:00,1.3944,103.6099,C,Cloud to Cloud,2026-02-06T16:18:03.709+08:00
2026-02-07 11:58:23,2026-02-06T16:20:00+08:00,2026-02-06T16:22:02+08:00,1.4022,103.6124,C,Cloud to Cloud,2026-02-06T16:18:03.712+08:00
2026-02-07 11:58:23,2026-02-06T16:20:00+08:00,2026-02-06T16:22:02+08:00,1.4022,103.6124,C,Cloud to Cloud,2026-02-06T16:18:03.712+08:00
2026-02-07 11:58:23,2026-02-06T16:20:00+08:00,2026-02-06T16:22:02+08:00,1.4057,103.6365,C,Cloud to Cloud,2026-02-06T16:18:03.717+08:00
2026-02-07 11:58:23,2026-02-06T16:20:00+08:00,2026-02-06T16:22:02+08:00,1.4016,103.6375,C,Cloud to Cloud,2026-02-06T16:18:03.717+08:00
2026-02-07 11:58:23,2026-02-06T16:20:00+08:00,2026-02-06T16:22:02+08:00,1.4245,103.625,C,Cloud to Cloud,2026-02-06T16:18:03.743+08:00
2026-02-07 11:58:23,2026-02-06T16:20:00+08:00,2026-02-06T16:22:02+08:00,1.4245,103.625,C,Cloud to Cloud,2026-02-06T16:18:03.743+08:00
2026-02-07 11:58:23,2026-02-06T16:20:00+08:00,2026-02-06T16:22:02+08:00,1.4043,103.6372,C,Cloud to Cloud,2026-02-06T16:18:03.743+08:00
2026-02-07 11:58:23,2026-02-06T16:20:00+08:00,2026-02-06T16:22:02+08:00,1.4043,103.6372,C,Cloud to Cloud,2026-02-06T16:18:03.743+08:00
2026-02-07 11:58:23,2026-02-06T16:20:00+08:00,2026-02-06T16:22:02+08:00,1.428,103.6177,C,Cloud to Cloud,2026-02-06T16:18:03.755+08:00
2026-02-07 11:58:23,2026-02-06T16:20:00+08:00,2026-02-06T16:22:02+08:00,1.4293,103.6274,C,Cloud to Cloud,2026-02-06T16:18:03.755+08:00
2026-02-07 11:58:23,2026-02-06T16:20:00+08:00,2026-02-06T16:22:02+08:00,1.3961,103.6162,C,Cloud to Cloud,2026-02-06T16:18:03.759+08:00
2026-02-07 11:58:23,2026-02-06T16:20:00+08:00,2026-02-06T16:22:02+08:00,1.3961,103.6162,C,Cloud to Cloud,2026-02-06T16:18:03.76+08:00
2026-02-07 11:58:23,2026-02-06T16:20:00+08:00,2026-02-06T16:22:02+08:00,1.4028,103.639,C,Cloud to Cloud,2026-02-06T16:18:03.766+08:00
2026-02-07 11:58:23,2026-02-06T16:20:00+08:00,2026-02-06T16:22:02+08:00,1.4295,103.6252,C,Cloud to Cloud,2026-02-06T16:18:03.766+08:00
2026-02-07 11:58:23,2026-02-06T16:20:00+08:00,2026-02-06T16:22:02+08:00,1.4287,103.6243,C,Cloud to Cloud,2026-02-06T16:18:03.766+08:00
2026-02-07 11:58:23,2026-02-06T16:20:00+08:00,2026-02-06T16:22:02+08:00,1.4258,103.6263,C,Cloud to Cloud,2026-02-06T16:18:03.766+08:00
2026-02-07 11:58:23,2026-02-06T16:20:00+08:00,2026-02-06T16:22:02+08:00,1.4016,103.6102,C,Cloud to Cloud,2026-02-06T16:18:03.775+08:00
2026-02-07 11:58:23,2026-02-06T16:20:00+08:00,2026-02-06T16:22:02+08:00,1.4001,103.6064,C,Cloud to Cloud,2026-02-06T16:18:03.775+08:00
2026-02-07 11:58:23,2026-02-06T16:20:00+08:00,2026-02-06T16:22:02+08:00,1.397,103.6133,C,Cloud to Cloud,2026-02-06T16:18:03.775+08:00
2026-02-07 11:58:23,2026-02-06T16:20:00+08:00,2026-02-06T16:22:02+08:00,1.397,103.6133,C,Cloud to Cloud,2026-02-06T16:18:03.775+08:00
2026-02-07 11:58:23,2026-02-06T16:20:00+08:00,2026-02-06T16:22:02+08:00,1.3855,103.6441,C,Cloud to Cloud,2026-02-06T16:18:03.776+08:00
2026-02-07 11:58:23,2026-02-06T16:20:00+08:00,2026-02-06T16:22:02+08:00,1.3895,103.5691,C,Cloud to Cloud,2026-02-06T16:18:03.776+08:00
2026-02-07 11:58:23,2026-02-06T16:20:00+08:00,2026-02-06T16:22:02+08:00,1.4085,103.6409,C,Cloud to Cloud,2026-02-06T16:18:03.777+08:00
2026-02-07 11:58:23,2026-02-06T16:20:00+08:00,2026-02-06T16:22:02+08:00,1.414,103.624,C,Cloud to Cloud,2026-02-06T16:18:03.777+08:00
2026-02-07 11:58:23,2026-02-06T16:20:00+08:00,2026-02-06T16:22:02+08:00,1.4317,103.6355,C,Cloud to Cloud,2026-02-06T16:18:03.777+08:00
2026-02-07 11:58:23,2026-02-06T16:20:00+08:00,2026-02-06T16:22:02+08:00,1.2988,103.7633,C,Cloud to Cloud,2026-02-06T16:18:03.777+08:00
2026-02-07 11:58:23,2026-02-06T16:20:00+08:00,2026-02-06T16:22:02+08:00,1.4062,103.5966,C,Cloud to Cloud,2026-02-06T16:18:03.777+08:00
2026-02-07 11:58:23,2026-02-06T16:20:00+08:00,2026-02-06T16:22:02+08:00,1.4613,103.5745,C,Cloud to Cloud,2026-02-06T16:18:03.777+08:00
2026-02-07 11:58:23,2026-02-06T16:20:00+08:00,2026-02-06T16:22:02+08:00,1.3782,103.6411,C,Cloud to Cloud,2026-02-06T16:18:03.777+08:00
2026-02-07 11:58:23,2026-02-06T16:20:00+08:00,2026-02-06T16:22:02+08:00,1.3814,103.6583,C,Cloud to Cloud,2026-02-06T16:18:03.777+08:00
2026-02-07 11:58:23,2026-02-06T16:20:00+08:00,2026-02-06T16:22:02+08:00,1.3821,103.6286,C,Cloud to Cloud,2026-02-06T16:18:03.777+08:00
2026-02-07 11:58:23,2026-02-06T16:20:00+08:00,2026-02-06T16:22:02+08:00,1.3769,103.6686,C,Cloud to Cloud,2026-02-06T16:18:03.777+08:00
2026-02-07 11:58:23,2026-02-06T16:20:00+08:00,2026-02-06T16:22:02+08:00,1.3748,103.641,C,Cloud to Cloud,2026-02-06T16:18:03.778+08:00
2026-02-07 11:58:23,2026-02-06T16:20:00+08:00,2026-02-06T16:22:02+08:00,1.4026,103.6019,C,Cloud to Cloud,2026-02-06T16:18:03.778+08:00
2026-02-07 11:58:23,2026-02-06T16:20:00+08:00,2026-02-06T16:22:02+08:00,1.4028,103.6058,C,Cloud to Cloud,2026-02-06T16:18:03.778+08:00
2026-02-07 11:58:23,2026-02-06T16:20:00+08:00,2026-02-06T16:22:02+08:00,1.4051,103.5982,C,Cloud to Cloud,2026-02-06T16:18:03.778+08:00
2026-02-07 11:58:23,2026-02-06T16:20:00+08:00,2026-02-06T16:22:02+08:00,1.4171,103.5719,C,Cloud to Cloud,2026-02-06T16:18:03.779+08:00
2026-02-07 11:58:23,2026-02-06T16:20:00+08:00,2026-02-06T16:22:02+08:00,1.4108,103.5701,C,Cloud to Cloud,2026-02-06T16:18:03.779+08:00
2026-02-07 11:58:23,2026-02-06T16:20:00+08:00,2026-02-06T16:22:02+08:00,1.4147,103.5876,C,Cloud to Cloud,2026-02-06T16:18:03.779+08:00
2026-02-07 11:58:23,2026-02-06T16:20:00+08:00,2026-02-06T16:22:02+08:00,1.4183,103.5825,C,Cloud to Cloud,2026-02-06T16:18:03.779+08:00
2026-02-07 11:58:23,2026-02-06T16:20:00+08:00,2026-02-06T16:22:02+08:00,1.4156,103.5931,C,Cloud to Cloud,2026-02-06T16:18:03.779+08:00
2026-02-07 11:58:23,2026-02-06T16:20:00+08:00,2026-02-06T16:22:02+08:00,1.419,103.5951,C,Cloud to Cloud,2026-02-06T16:18:03.779+08:00
2026-02-07 11:58:23,2026-02-06T16:20:00+08:00,2026-02-06T16:22:02+08:00,1.3986,103.6191,C,Cloud to Cloud,2026-02-06T16:18:03.779+08:00
2026-02-07 11:58:23,2026-02-06T16:20:00+08:00,2026-02-06T16:22:02+08:00,1.4237,103.5919,C,Cloud to Cloud,2026-02-06T16:18:03.78+08:00
2026-02-07 11:58:23,2026-02-06T16:20:00+08:00,2026-02-06T16:22:02+08:00,1.4346,103.604,C,Cloud to Cloud,2026-02-06T16:18:03.784+08:00
2026-02-07 11:58:23,2026-02-06T16:20:00+08:00,2026-02-06T16:22:02+08:00,1.3793,103.6117,C,Cloud to Cloud,2026-02-06T16:18:41.486+08:00
2026-02-07 11:58:23,2026-02-06T16:20:00+08:00,2026-02-06T16:22:02+08:00,1.3833,103.6118,C,Cloud to Cloud,2026-02-06T16:18:41.488+08:00
2026-02-07 11:58:23,2026-02-06T16:20:00+08:00,2026-02-06T16:22:02+08:00,1.3833,103.6118,C,Cloud to Cloud,2026-02-06T16:18:41.488+08:00
2026-02-07 11:58:23,2026-02-06T16:20:00+08:00,2026-02-06T16:22:02+08:00,1.2975,103.5222,C,Cloud to Cloud,2026-02-06T16:18:41.493+08:00
2026-02-07 11:58:23,2026-02-06T16:20:00+08:00,2026-02-06T16:22:02+08:00,1.4085,103.6235,C,Cloud to Cloud,2026-02-06T16:18:41.527+08:00
2026-02-07 11:58:23,2026-02-06T16:20:00+08:00,2026-02-06T16:22:02+08:00,1.4085,103.6235,C,Cloud to Cloud,2026-02-06T16:18:41.527+08:00
2026-02-07 11:58:23,2026-02-06T16:20:00+08:00,2026-02-06T16:22:02+08:00,1.3755,103.6624,C,Cloud to Cloud,2026-02-06T16:18:41.601+08:00
2026-02-07 11:58:23,2026-02-06T16:20:00+08:00,2026-02-06T16:22:02+08:00,1.375,103.6728,C,Cloud to Cloud,2026-02-06T16:18:41.613+08:00
2026-02-07 11:58:23,2026-02-06T16:20:00+08:00,2026-02-06T16:22:02+08:00,1.3968,103.6148,C,Cloud to Cloud,2026-02-06T16:18:41.613+08:00
2026-02-07 11:58:23,2026-02-06T16:20:00+08:00,2026-02-06T16:22:02+08:00,1.3968,103.6148,C,Cloud to Cloud,2026-02-06T16:18:41.614+08:00
2026-02-07 11:58:23,2026-02-06T16:20:00+08:00,2026-02-06T16:22:02+08:00,1.4,103.6227,C,Cloud to Cloud,2026-02-06T16:18:41.614+08:00
2026-02-07 11:58:23,2026-02-06T16:20:00+08:00,2026-02-06T16:22:02+08:00,1.401,103.6248,C,Cloud to Cloud,2026-02-06T16:18:41.615+08:00
2026-02-07 11:58:23,2026-02-06T16:20:00+08:00,2026-02-06T16:22:02+08:00,1.3986,103.6338,C,Cloud to Cloud,2026-02-06T16:18:41.615+08:00
2026-02-07 11:58:23,2026-02-06T16:20:00+08:00,2026-02-06T16:22:02+08:00,1.3737,103.5724,C,Cloud to Cloud,2026-02-06T16:18:41.615+08:00
2026-02-07 11:58:23,2026-02-06T16:20:00+08:00,2026-02-06T16:22:02+08:00,1.3931,103.6099,C,Cloud to Cloud,2026-02-06T16:18:41.626+08:00
2026-02-07 11:58:23,2026-02-06T16:20:00+08:00,2026-02-06T16:22:02+08:00,1.3914,103.6149,C,Cloud to Cloud,2026-02-06T16:18:41.627+08:00
2026-02-07 11:58:23,2026-02-06T16:20:00+08:00,2026-02-06T16:22:02+08:00,1.4001,103.6207,C,Cloud to Cloud,2026-02-06T16:18:41.627+08:00
2026-02-07 11:58:23,2026-02-06T16:20:00+08:00,2026-02-06T16:22:02+08:00,1.4001,103.6207,C,Cloud to Cloud,2026-02-06T16:18:41.627+08:00
2026-02-07 11:58:23,2026-02-06T16:20:00+08:00,2026-02-06T16:22:02+08:00,1.4053,103.6349,C,Cloud to Cloud,2026-02-06T16:18:41.632+08:00
2026-02-07 11:58:23,2026-02-06T16:20:00+08:00,2026-02-06T16:22:02+08:00,1.3946,103.6171,C,Cloud to Cloud,2026-02-06T16:18:41.638+08:00
2026-02-07 11:58:23,2026-02-06T16:20:00+08:00,2026-02-06T16:22:02+08:00,1.3946,103.6171,C,Cloud to Cloud,2026-02-06T16:18:41.638+08:00
2026-02-07 11:58:23,2026-02-06T16:20:00+08:00,2026-02-06T16:22:02+08:00,1.4007,103.6408,C,Cloud to Cloud,2026-02-06T16:18:41.642+08:00
2026-02-07 11:58:23,2026-02-06T16:20:00+08:00,2026-02-06T16:22:02+08:00,1.3918,103.606,C,Cloud to Cloud,2026-02-06T16:18:41.651+08:00
2026-02-07 11:58:23,2026-02-06T16:20:00+08:00,2026-02-06T16:22:02+08:00,1.4018,103.6099,C,Cloud to Cloud,2026-02-06T16:18:41.681+08:00
2026-02-07 11:58:23,2026-02-06T16:20:00+08:00,2026-02-06T16:22:02+08:00,1.3932,103.6235,C,Cloud to Cloud,2026-02-06T16:18:41.681+08:00
2026-02-07 11:58:23,2026-02-06T16:20:00+08:00,2026-02-06T16:22:02+08:00,1.3958,103.6157,C,Cloud to Cloud,2026-02-06T16:18:41.681+08:00
2026-02-07 11:58:23,2026-02-06T16:20:00+08:00,2026-02-06T16:22:02+08:00,1.3958,103.6157,C,Cloud to Cloud,2026-02-06T16:18:41.681+08:00
2026-02-07 11:58:23,2026-02-06T16:20:00+08:00,2026-02-06T16:22:02+08:00,1.3948,103.6142,C,Cloud to Cloud,2026-02-06T16:18:41.692+08:00
2026-02-07 11:58:23,2026-02-06T16:20:00+08:00,2026-02-06T16:22:02+08:00,1.3948,103.6142,C,Cloud to Cloud,2026-02-06T16:18:41.692+08:00
2026-02-07 11:58:23,2026-02-06T16:20:00+08:00,2026-02-06T16:22:02+08:00,1.3961,103.6178,C,Cloud to Cloud,2026-02-06T16:18:41.692+08:00
2026-02-07 11:58:23,2026-02-06T16:20:00+08:00,2026-02-06T16:22:02+08:00,1.393,103.6078,C,Cloud to Cloud,2026-02-06T16:18:41.692+08:00
2026-02-07 11:58:23,2026-02-06T16:20:00+08:00,2026-02-06T16:22:02+08:00,1.389,103.6141,C,Cloud to Cloud,2026-02-06T16:18:41.692+08:00
2026-02-07 11:58:23,2026-02-06T16:20:00+08:00,2026-02-06T16:22:02+08:00,1.389,103.6141,C,Cloud to Cloud,2026-02-06T16:18:41.692+08:00
2026-02-07 11:58:23,2026-02-06T16:20:00+08:00,2026-02-06T16:22:02+08:00,1.3883,103.6204,C,Cloud to Cloud,2026-02-06T16:18:41.692+08:00
2026-02-07 11:58:23,2026-02-06T16:20:00+08:00,2026-02-06T16:22:02+08:00,1.399,103.6141,C,Cloud to Cloud,2026-02-06T16:18:41.693+08:00
2026-02-07 11:58:23,2026-02-06T16:20:00+08:00,2026-02-06T16:22:02+08:00,1.4086,103.6433,C,Cloud to Cloud,2026-02-06T16:18:41.693+08:00
2026-02-07 11:58:23,2026-02-06T16:20:00+08:00,2026-02-06T16:22:02+08:00,1.4118,103.6398,C,Cloud to Cloud,2026-02-06T16:18:41.693+08:00
2026-02-07 11:58:23,2026-02-06T16:20:00+08:00,2026-02-06T16:22:02+08:00,1.65,103.4737,C,Cloud to Cloud,2026-02-06T16:18:48.048+08:00
2026-02-07 11:58:23,2026-02-06T16:20:00+08:00,2026-02-06T16:22:02+08:00,1.6459,103.4698,C,Cloud to Cloud,2026-02-06T16:18:48.071+08:00
2026-02-07 11:58:23,2026-02-06T16:20:00+08:00,2026-02-06T16:22:02+08:00,1.6394,103.4689,C,Cloud to Cloud,2026-02-06T16:18:48.196+08:00
2026-02-07 11:58:23,2026-02-06T16:20:00+08:00,2026-02-06T16:22:02+08:00,1.6469,103.4648,C,Cloud to Cloud,2026-02-06T16:18:48.348+08:00
2026-02-07 11:58:23,2026-02-06T16:20:00+08:00,2026-02-06T16:22:02+08:00,1.6493,103.4821,C,Cloud to Cloud,2026-02-06T16:18:48.349+08:00
2026-02-07 11:58:23,2026-02-06T16:20:00+08:00,2026-02-06T16:22:02+08:00,1.6407,103.4713,C,Cloud to Cloud,2026-02-06T16:18:48.361+08:00
2026-02-07 11:58:23,2026-02-06T16:20:00+08:00,2026-02-06T16:22:02+08:00,1.4076,103.661,C,Cloud to Cloud,2026-02-06T16:18:48.423+08:00
2026-02-07 11:58:23,2026-02-06T16:20:00+08:00,2026-02-06T16:22:02+08:00,1.6482,103.4754,C,Cloud to Cloud,2026-02-06T16:18:48.581+08:00
2026-02-07 11:58:23,2026-02-06T16:20:00+08:00,2026-02-06T16:22:02+08:00,1.6474,103.4766,C,Cloud to Cloud,2026-02-06T16:18:48.581+08:00
2026-02-07 11:58:23,2026-02-06T16:20:00+08:00,2026-02-06T16:22:02+08:00,1.3938,103.6095,C,Cloud to Cloud,2026-02-06T16:19:17.068+08:00
2026-02-07 11:58:23,2026-02-06T16:20:00+08:00,2026-02-06T16:22:02+08:00,1.403,103.6299,C,Cloud to Cloud,2026-02-06T16:19:17.068+08:00
2026-02-07 11:58:23,2026-02-06T16:20:00+08:00,2026-02-06T16:22:02+08:00,1.4014,103.6272,C,Cloud to Cloud,2026-02-06T16:19:17.068+08:00
2026-02-07 11:58:23,2026-02-06T16:20:00+08:00,2026-02-06T16:22:02+08:00,1.4014,103.6272,C,Cloud to Cloud,2026-02-06T16:19:17.069+08:00
2026-02-07 11:58:23,2026-02-06T16:20:00+08:00,2026-02-06T16:22:02+08:00,1.4038,103.6376,C,Cloud to Cloud,2026-02-06T16:19:17.069+08:00
2026-02-07 11:58:23,2026-02-06T16:20:00+08:00,2026-02-06T16:22:02+08:00,1.4038,103.6376,C,Cloud to Cloud,2026-02-06T16:19:17.069+08:00
2026-02-07 11:58:23,2026-02-06T16:20:00+08:00,2026-02-06T16:22:02+08:00,1.3816,103.5944,C,Cloud to Cloud,2026-02-06T16:19:17.072+08:00
2026-02-07 11:58:23,2026-02-06T16:20:00+08:00,2026-02-06T16:22:02+08:00,1.3913,103.6311,C,Cloud to Cloud,2026-02-06T16:19:17.074+08:00
2026-02-07 11:58:23,2026-02-06T16:20:00+08:00,2026-02-06T16:22:02+08:00,1.3913,103.6311,C,Cloud to Cloud,2026-02-06T16:19:17.074+08:00
2026-02-07 11:58:23,2026-02-06T16:20:00+08:00,2026-02-06T16:22:02+08:00,1.4149,103.6072,C,Cloud to Cloud,2026-02-06T16:19:17.074+08:00
2026-02-07 11:58:23,2026-02-06T16:20:00+08:00,2026-02-06T16:22:02+08:00,1.3975,103.6441,C,Cloud to Cloud,2026-02-06T16:19:17.079+08:00
2026-02-07 11:58:23,2026-02-06T16:20:00+08:00,2026-02-06T16:22:02+08:00,1.4001,103.6141,C,Cloud to Cloud,2026-02-06T16:19:17.08+08:00
2026-02-07 11:58:23,2026-02-06T16:20:00+08:00,2026-02-06T16:22:02+08:00,1.4001,103.6141,C,Cloud to Cloud,2026-02-06T16:19:17.08+08:00
2026-02-07 11:58:23,2026-02-06T16:20:00+08:00,2026-02-06T16:22:02+08:00,1.4083,103.6435,C,Cloud to Cloud,2026-02-06T16:19:17.093+08:00
2026-02-07 11:58:23,2026-02-06T16:20:00+08:00,2026-02-06T16:22:02+08:00,1.4104,103.6474,C,Cloud to Cloud,2026-02-06T16:19:17.093+08:00
2026-02-07 11:58:23,2026-02-06T16:20:00+08:00,2026-02-06T16:22:02+08:00,1.3948,103.6654,C,Cloud to Cloud,2026-02-06T16:19:17.171+08:00
2026-02-07 11:58:23,2026-02-06T16:20:00+08:00,2026-02-06T16:22:02+08:00,1.3948,103.6654,C,Cloud to Cloud,2026-02-06T16:19:17.172+08:00
2026-02-07 11:58:23,2026-02-06T16:20:00+08:00,2026-02-06T16:22:02+08:00,1.3989,103.6434,C,Cloud to Cloud,2026-02-06T16:19:17.181+08:00
2026-02-07 11:58:23,2026-02-06T16:20:00+08:00,2026-02-06T16:22:02+08:00,1.3991,103.6434,C,Cloud to Cloud,2026-02-06T16:19:17.181+08:00
2026-02-07 11:58:23,2026-02-06T16:20:00+08:00,2026-02-06T16:22:02+08:00,1.3739,103.588,C,Cloud to Cloud,2026-02-06T16:19:17.189+08:00
2026-02-07 11:58:23,2026-02-06T16:20:00+08:00,2026-02-06T16:22:02+08:00,1.3806,103.6296,C,Cloud to Cloud,2026-02-06T16:19:17.2+08:00
2026-02-07 11:58:23,2026-02-06T16:20:00+08:00,2026-02-06T16:22:02+08:00,1.3806,103.6296,C,Cloud to Cloud,2026-02-06T16:19:17.2+08:00
2026-02-07 11:58:23,2026-02-06T16:20:00+08:00,2026-02-06T16:22:02+08:00,1.3793,103.6291,C,Cloud to Cloud,2026-02-06T16:19:17.2+08:00
2026-02-07 11:58:23,2026-02-06T16:20:00+08:00,2026-02-06T16:22:02+08:00,1.3723,103.6284,C,Cloud to Cloud,2026-02-06T16:19:17.204+08:00
2026-02-07 11:58:23,2026-02-06T16:20:00+08:00,2026-02-06T16:22:02+08:00,1.3723,103.6284,C,Cloud to Cloud,2026-02-06T16:19:17.204+08:00
2026-02-07 11:58:23,2026-02-06T16:20:00+08:00,2026-02-06T16:22:02+08:00,1.3709,103.6332,C,Cloud to Cloud,2026-02-06T16:19:17.207+08:00
2026-02-07 11:58:23,2026-02-06T16:20:00+08:00,2026-02-06T16:22:02+08:00,1.3709,103.6332,C,Cloud to Cloud,2026-02-06T16:19:17.207+08:00
2026-02-07 11:58:23,2026-02-06T16:20:00+08:00,2026-02-06T16:22:02+08:00,1.411,103.6105,C,Cloud to Cloud,2026-02-06T16:19:17.223+08:00
2026-02-07 11:58:23,2026-02-06T16:20:00+08:00,2026-02-06T16:22:02+08:00,1.411,103.6105,C,Cloud to Cloud,2026-02-06T16:19:17.223+08:00
2026-02-07 11:58:23,2026-02-06T16:20:00+08:00,2026-02-06T16:22:02+08:00,1.3862,103.6106,C,Cloud to Cloud,2026-02-06T16:19:17.265+08:00
2026-02-07 11:58:23,2026-02-06T16:20:00+08:00,2026-02-06T16:22:02+08:00,1.3862,103.6106,C,Cloud to Cloud,2026-02-06T16:19:17.265+08:00
2026-02-07 11:58:23,2026-02-06T16:20:00+08:00,2026-02-06T16:22:02+08:00,1.3891,103.6324,C,Cloud to Cloud,2026-02-06T16:19:17.269+08:00
2026-02-07 11:58:23,2026-02-06T16:20:00+08:00,2026-02-06T16:22:02+08:00,1.3916,103.6363,C,Cloud to Cloud,2026-02-06T16:19:17.269+08:00
2026-02-07 11:58:23,2026-02-06T16:20:00+08:00,2026-02-06T16:22:02+08:00,1.3995,103.6521,C,Cloud to Cloud,2026-02-06T16:19:17.272+08:00
2026-02-07 11:58:23,2026-02-06T16:20:00+08:00,2026-02-06T16:22:02+08:00,1.4574,103.5742,C,Cloud to Cloud,2026-02-06T16:19:17.272+08:00
2026-02-07 11:58:23,2026-02-06T16:20:00+08:00,2026-02-06T16:22:02+08:00,1.4002,103.6494,C,Cloud to Cloud,2026-02-06T16:19:17.273+08:00
2026-02-07 11:58:23,2026-02-06T16:20:00+08:00,2026-02-06T16:22:02+08:00,1.4179,103.6213,C,Cloud to Cloud,2026-02-06T16:19:17.273+08:00
2026-02-07 11:58:23,2026-02-06T16:20:00+08:00,2026-02-06T16:22:02+08:00,1.4179,103.6213,C,Cloud to Cloud,2026-02-06T16:19:17.273+08:00
2026-02-07 11:58:23,2026-02-06T16:20:00+08:00,2026-02-06T16:22:02+08:00,1.3938,103.6366,C,Cloud to Cloud,2026-02-06T16:19:17.291+08:00
2026-02-07 11:58:23,2026-02-06T16:20:00+08:00,2026-02-06T16:22:02+08:00,1.3938,103.6366,C,Cloud to Cloud,2026-02-06T16:19:17.291+08:00
2026-02-07 11:58:23,2026-02-06T16:20:00+08:00,2026-02-06T16:22:02+08:00,1.423,103.6298,C,Cloud to Cloud,2026-02-06T16:19:17.294+08:00
2026-02-07 11:58:23,2026-02-06T16:20:00+08:00,2026-02-06T16:22:02+08:00,1.423,103.6298,C,Cloud to Cloud,2026-02-06T16:19:17.294+08:00
2026-02-07 11:58:23,2026-02-06T16:20:00+08:00,2026-02-06T16:22:02+08:00,1.3904,103.6231,C,Cloud to Cloud,2026-02-06T16:19:17.309+08:00
2026-02-07 11:58:23,2026-02-06T16:20:00+08:00,2026-02-06T16:22:02+08:00,1.394,103.6338,C,Cloud to Cloud,2026-02-06T16:19:17.309+08:00
2026-02-07 11:58:23,2026-02-06T16:20:00+08:00,2026-02-06T16:22:02+08:00,1.3975,103.6552,C,Cloud to Cloud,2026-02-06T16:19:17.311+08:00
2026-02-07 11:58:23,2026-02-06T16:20:00+08:00,2026-02-06T16:22:02+08:00,1.4096,103.6299,C,Cloud to Cloud,2026-02-06T16:19:17.311+08:00
2026-02-07 11:58:23,2026-02-06T16:20:00+08:00,2026-02-06T16:22:02+08:00,1.4066,103.6293,C,Cloud to Cloud,2026-02-06T16:19:17.311+08:00
2026-02-07 11:58:23,2026-02-06T16:20:00+08:00,2026-02-06T16:22:02+08:00,1.4066,103.6293,C,Cloud to Cloud,2026-02-06T16:19:17.311+08:00
2026-02-07 11:58:23,2026-02-06T16:20:00+08:00,2026-02-06T16:22:02+08:00,1.3985,103.6042,C,Cloud to Cloud,2026-02-06T16:19:17.312+08:00
2026-02-07 11:58:23,2026-02-06T16:20:00+08:00,2026-02-06T16:22:02+08:00,1.4037,103.639,C,Cloud to Cloud,2026-02-06T16:19:17.312+08:00
2026-02-07 11:58:23,2026-02-06T16:20:00+08:00,2026-02-06T16:22:02+08:00,1.4019,103.6373,C,Cloud to Cloud,2026-02-06T16:19:17.312+08:00
2026-02-07 11:58:23,2026-02-06T16:20:00+08:00,2026-02-06T16:22:02+08:00,1.4142,103.6194,C,Cloud to Cloud,2026-02-06T16:19:17.312+08:00
2026-02-07 11:58:23,2026-02-06T16:20:00+08:00,2026-02-06T16:22:02+08:00,1.4258,103.632,C,Cloud to Cloud,2026-02-06T16:19:17.312+08:00
2026-02-07 11:58:23,2026-02-06T16:20:00+08:00,2026-02-06T16:22:02+08:00,1.4262,103.6339,C,Cloud to Cloud,2026-02-06T16:19:17.312+08:00
2026-02-07 11:58:23,2026-02-06T16:20:00+08:00,2026-02-06T16:22:02+08:00,1.4579,103.563,C,Cloud to Cloud,2026-02-06T16:19:17.312+08:00
2026-02-07 11:58:23,2026-02-06T16:20:00+08:00,2026-02-06T16:22:02+08:00,1.4262,103.6339,C,Cloud to Cloud,2026-02-06T16:19:17.312+08:00
2026-02-07 11:58:23,2026-02-06T16:20:00+08:00,2026-02-06T16:22:02+08:00,1.4293,103.627,C,Cloud to Cloud,2026-02-06T16:19:17.318+08:00
2026-02-07 11:58:23,2026-02-06T16:20:00+08:00,2026-02-06T16:22:02+08:00,1.4293,103.627,C,Cloud to Cloud,2026-02-06T16:19:17.318+08:00
2026-02-07 11:58:23,2026-02-06T16:20:00+08:00,2026-02-06T16:22:02+08:00,1.4324,103.6534,C,Cloud to Cloud,2026-02-06T16:19:18.847+08:00
2026-02-07 11:58:23,2026-02-06T16:20:00+08:00,2026-02-06T16:22:02+08:00,1.5317,103.5826,C,Cloud to Cloud,2026-02-06T16:19:19.034+08:00
2026-02-07 11:58:23,2026-02-06T16:20:00+08:00,2026-02-06T16:22:02+08:00,1.5296,103.5853,C,Cloud to Cloud,2026-02-06T16:19:19.034+08:00
2026-02-07 11:58:23,2026-02-06T16:20:00+08:00,2026-02-06T16:22:02+08:00,1.3594,103.6075,C,Cloud to Cloud,2026-02-06T16:19:41.409+08:00
2026-02-07 11:58:23,2026-02-06T16:20:00+08:00,2026-02-06T16:22:02+08:00,1.3785,103.621,C,Cloud to Cloud,2026-02-06T16:19:41.409+08:00
2026-02-07 11:58:23,2026-02-06T16:20:00+08:00,2026-02-06T16:22:02+08:00,1.3801,103.6255,C,Cloud to Cloud,2026-02-06T16:19:41.485+08:00
2026-02-07 11:58:23,2026-02-06T16:20:00+08:00,2026-02-06T16:22:02+08:00,1.3801,103.6255,C,Cloud to Cloud,2026-02-06T16:19:41.485+08:00
2026-02-07 11:58:23,2026-02-06T16:20:00+08:00,2026-02-06T16:22:02+08:00,1.3745,103.6044,C,Cloud to Cloud,2026-02-06T16:19:41.493+08:00
2026-02-07 11:58:23,2026-02-06T16:20:00+08:00,2026-02-06T16:22:02+08:00,1.356,103.4678,C,Cloud to Cloud,2026-02-06T16:19:41.494+08:00
2026-02-07 11:58:23,2026-02-06T16:20:00+08:00,2026-02-06T16:22:02+08:00,1.3986,103.5566,C,Cloud to Cloud,2026-02-06T16:19:41.496+08:00
2026-02-07 11:58:23,2026-02-06T16:20:00+08:00,2026-02-06T16:22:02+08:00,1.3693,103.6319,C,Cloud to Cloud,2026-02-06T16:19:41.553+08:00
2026-02-07 11:58:23,2026-02-06T16:20:00+08:00,2026-02-06T16:22:02+08:00,1.3693,103.6319,C,Cloud to Cloud,2026-02-06T16:19:41.553+08:00
2026-02-07 11:58:23,2026-02-06T16:20:00+08:00,2026-02-06T16:22:02+08:00,1.3797,103.6248,C,Cloud to Cloud,2026-02-06T16:19:41.586+08:00
2026-02-07 11:58:23,2026-02-06T16:20:00+08:00,2026-02-06T16:22:02+08:00,1.3737,103.6276,C,Cloud to Cloud,2026-02-06T16:19:41.586+08:00
2026-02-07 11:58:23,2026-02-06T16:20:00+08:00,2026-02-06T16:22:02+08:00,1.3711,103.6342,C,Cloud to Cloud,2026-02-06T16:19:41.586+08:00
2026-02-07 11:58:23,2026-02-06T16:20:00+08:00,2026-02-06T16:22:02+08:00,1.3733,103.6341,C,Cloud to Cloud,2026-02-06T16:19:41.586+08:00
2026-02-07 11:58:23,2026-02-06T16:20:00+08:00,2026-02-06T16:22:02+08:00,1.3783,103.5965,C,Cloud to Cloud,2026-02-06T16:19:41.594+08:00
2026-02-07 11:58:23,2026-02-06T16:20:00+08:00,2026-02-06T16:22:02+08:00,1.3891,103.6563,C,Cloud to Cloud,2026-02-06T16:19:41.6+08:00
2026-02-07 11:58:23,2026-02-06T16:20:00+08:00,2026-02-06T16:22:02+08:00,1.3809,103.6191,C,Cloud to Cloud,2026-02-06T16:19:41.624+08:00
2026-02-07 11:58:23,2026-02-06T16:20:00+08:00,2026-02-06T16:22:02+08:00,1.3833,103.6295,C,Cloud to Cloud,2026-02-06T16:19:41.624+08:00
2026-02-07 11:58:23,2026-02-06T16:20:00+08:00,2026-02-06T16:22:02+08:00,1.3833,103.6295,C,Cloud to Cloud,2026-02-06T16:19:41.624+08:00
2026-02-07 11:58:23,2026-02-06T16:20:00+08:00,2026-02-06T16:22:02+08:00,1.4158,103.5885,C,Cloud to Cloud,2026-02-06T16:19:41.634+08:00
2026-02-07 11:58:23,2026-02-06T16:20:00+08:00,2026-02-06T16:22:02+08:00,1.3931,103.6154,C,Cloud to Cloud,2026-02-06T16:19:41.734+08:00
2026-02-07 11:58:23,2026-02-06T16:20:00+08:00,2026-02-06T16:22:02+08:00,1.391,103.6185,C,Cloud to Cloud,2026-02-06T16:19:41.735+08:00
2026-02-07 11:58:23,2026-02-06T16:20:00+08:00,2026-02-06T16:22:02+08:00,1.3884,103.6192,C,Cloud to Cloud,2026-02-06T16:19:41.735+08:00
2026-02-07 11:58:23,2026-02-06T16:20:00+08:00,2026-02-06T16:22:02+08:00,1.3884,103.6192,C,Cloud to Cloud,2026-02-06T16:19:41.735+08:00
2026-02-07 11:58:23,2026-02-06T16:20:00+08:00,2026-02-06T16:22:02+08:00,1.4035,103.6072,C,Cloud to Cloud,2026-02-06T16:19:41.753+08:00
2026-02-07 11:58:23,2026-02-06T16:20:00+08:00,2026-02-06T16:22:02+08:00,1.4035,103.6072,C,Cloud to Cloud,2026-02-06T16:19:41.753+08:00
2026-02-07 11:58:23,2026-02-06T16:20:00+08:00,2026-02-06T16:22:02+08:00,1.4016,103.6058,C,Cloud to Cloud,2026-02-06T16:19:41.765+08:00
2026-02-07 11:58:23,2026-02-06T16:20:00+08:00,2026-02-06T16:22:02+08:00,1.4016,103.6058,C,Cloud to Cloud,2026-02-06T16:19:41.765+08:00
2026-02-07 11:58:23,2026-02-06T16:20:00+08:00,2026-02-06T16:22:02+08:00,1.3848,103.6225,C,Cloud to Cloud,2026-02-06T16:19:41.766+08:00
2026-02-07 11:58:23,2026-02-06T16:20:00+08:00,2026-02-06T16:22:02+08:00,1.3726,103.629,C,Cloud to Cloud,2026-02-06T16:19:41.766+08:00
2026-02-07 11:58:23,2026-02-06T16:20:00+08:00,2026-02-06T16:22:02+08:00,1.3741,103.6188,C,Cloud to Cloud,2026-02-06T16:19:41.766+08:00
2026-02-07 11:58:23,2026-02-06T16:20:00+08:00,2026-02-06T16:22:02+08:00,1.3717,103.6314,C,Cloud to Cloud,2026-02-06T16:19:41.766+08:00
2026-02-07 11:58:23,2026-02-06T16:20:00+08:00,2026-02-06T16:22:02+08:00,1.3704,103.6317,C,Cloud to Cloud,2026-02-06T16:19:41.766+08:00
2026-02-07 11:58:23,2026-02-06T16:20:00+08:00,2026-02-06T16:22:02+08:00,1.3721,103.6287,C,Cloud to Cloud,2026-02-06T16:19:41.766+08:00
2026-02-07 11:58:23,2026-02-06T16:20:00+08:00,2026-02-06T16:22:02+08:00,1.3782,103.6154,C,Cloud to Cloud,2026-02-06T16:19:41.766+08:00
2026-02-07 11:58:23,2026-02-06T16:20:00+08:00,2026-02-06T16:22:02+08:00,1.3802,103.6086,C,Cloud to Cloud,2026-02-06T16:19:41.766+08:00
2026-02-07 11:58:23,2026-02-06T16:20:00+08:00,2026-02-06T16:22:02+08:00,1.4064,103.6029,C,Cloud to Cloud,2026-02-06T16:19:41.778+08:00
2026-02-07 11:58:23,2026-02-06T16:20:00+08:00,2026-02-06T16:22:02+08:00,1.4064,103.6029,C,Cloud to Cloud,2026-02-06T16:19:41.778+08:00
2026-02-07 11:58:23,2026-02-06T16:20:00+08:00,2026-02-06T16:22:02+08:00,1.3841,103.6555,C,Cloud to Cloud,2026-02-06T16:19:41.786+08:00
2026-02-07 11:58:23,2026-02-06T16:20:00+08:00,2026-02-06T16:22:02+08:00,1.3953,103.6126,C,Cloud to Cloud,2026-02-06T16:19:41.786+08:00
2026-02-07 11:58:23,2026-02-06T16:20:00+08:00,2026-02-06T16:22:02+08:00,1.4146,103.5944,C,Cloud to Cloud,2026-02-06T16:19:41.816+08:00
2026-02-07 11:58:23,2026-02-06T16:20:00+08:00,2026-02-06T16:22:02+08:00,1.3989,103.6066,C,Cloud to Cloud,2026-02-06T16:19:41.844+08:00
2026-02-07 11:58:23,2026-02-06T16:20:00+08:00,2026-02-06T16:22:02+08:00,1.3989,103.6066,C,Cloud to Cloud,2026-02-06T16:19:41.844+08:00
2026-02-07 11:58:23,2026-02-06T16:20:00+08:00,2026-02-06T16:22:02+08:00,1.3632,103.6457,C,Cloud to Cloud,2026-02-06T16:19:41.845+08:00
2026-02-07 11:58:23,2026-02-06T16:20:00+08:00,2026-02-06T16:22:02+08:00,1.3631,103.6455,C,Cloud to Cloud,2026-02-06T16:19:41.845+08:00
2026-02-07 11:58:23,2026-02-06T16:20:00+08:00,2026-02-06T16:22:02+08:00,1.3771,103.62,C,Cloud to Cloud,2026-02-06T16:19:41.845+08:00
2026-02-07 11:58:23,2026-02-06T16:20:00+08:00,2026-02-06T16:22:02+08:00,1.3724,103.6258,C,Cloud to Cloud,2026-02-06T16:19:41.845+08:00
2026-02-07 11:58:23,2026-02-06T16:20:00+08:00,2026-02-06T16:22:02+08:00,1.3691,103.6348,C,Cloud to Cloud,2026-02-06T16:19:41.845+08:00
2026-02-07 11:58:23,2026-02-06T16:20:00+08:00,2026-02-06T16:22:02+08:00,1.3615,103.6301,C,Cloud to Cloud,2026-02-06T16:19:41.846+08:00
2026-02-07 11:58:23,2026-02-06T16:20:00+08:00,2026-02-06T16:22:02+08:00,1.3624,103.6194,C,Cloud to Cloud,2026-02-06T16:19:41.846+08:00
2026-02-07 11:58:23,2026-02-06T16:20:00+08:00,2026-02-06T16:22:02+08:00,1.3745,103.585,C,Cloud to Cloud,2026-02-06T16:19:41.846+08:00
2026-02-07 11:58:23,2026-02-06T16:20:00+08:00,2026-02-06T16:22:02+08:00,1.3607,103.6125,C,Cloud to Cloud,2026-02-06T16:19:41.846+08:00
2026-02-07 11:58:23,2026-02-06T16:20:00+08:00,2026-02-06T16:22:02+08:00,1.3899,103.5888,C,Cloud to Cloud,2026-02-06T16:19:41.846+08:00
2026-02-07 11:58:23,2026-02-06T16:20:00+08:00,2026-02-06T16:22:02+08:00,1.3878,103.6256,C,Cloud to Cloud,2026-02-06T16:19:41.846+08:00
2026-02-07 11:58:23,2026-02-06T16:20:00+08:00,2026-02-06T16:22:02+08:00,1.4092,103.5811,C,Cloud to Cloud,2026-02-06T16:19:41.846+08:00
2026-02-07 11:58:23,2026-02-06T16:20:00+08:00,2026-02-06T16:22:02+08:00,1.4041,103.5927,C,Cloud to Cloud,2026-02-06T16:19:41.846+08:00
2026-02-07 11:58:23,2026-02-06T16:20:00+08:00,2026-02-06T16:22:02+08:00,1.4015,103.5999,C,Cloud to Cloud,2026-02-06T16:19:41.847+08:00
2026-02-07 11:58:23,2026-02-06T16:20:00+08:00,2026-02-06T16:22:02+08:00,1.4048,103.5896,C,Cloud to Cloud,2026-02-06T16:19:41.847+08:00
2026-02-07 11:58:23,2026-02-06T16:20:00+08:00,2026-02-06T16:22:02+08:00,1.3899,103.6192,C,Cloud to Cloud,2026-02-06T16:19:41.847+08:00
2026-02-07 11:58:23,2026-02-06T16:20:00+08:00,2026-02-06T16:22:02+08:00,1.3806,103.623,C,Cloud to Cloud,2026-02-06T16:19:41.85+08:00
2026-02-07 11:58:23,2026-02-06T16:20:00+08:00,2026-02-06T16:22:02+08:00,1.3844,103.6347,C,Cloud to Cloud,2026-02-06T16:19:41.852+08:00
2026-02-07 11:58:23,2026-02-06T16:20:00+08:00,2026-02-06T16:22:02+08:00,1.3844,103.6347,C,Cloud to Cloud,2026-02-06T16:19:41.852+08:00
2026-02-07 11:58:23,2026-02-06T16:20:00+08:00,2026-02-06T16:22:02+08:00,1.3734,103.6438,C,Cloud to Cloud,2026-02-06T16:19:41.854+08:00
2026-02-07 11:58:23,2026-02-06T16:20:00+08:00,2026-02-06T16:22:02+08:00,1.3988,103.6107,C,Cloud to Cloud,2026-02-06T16:19:41.859+08:00
2026-02-07 11:58:23,2026-02-06T16:20:00+08:00,2026-02-06T16:22:02+08:00,1.3988,103.6107,C,Cloud to Cloud,2026-02-06T16:19:41.86+08:00
2026-02-07 11:58:23,2026-02-06T16:20:00+08:00,2026-02-06T16:22:02+08:00,1.4205,103.5791,C,Cloud to Cloud,2026-02-06T16:19:41.911+08:00
2026-02-07 11:58:23,2026-02-06T16:20:00+08:00,2026-02-06T16:22:02+08:00,1.4134,103.581,C,Cloud to Cloud,2026-02-06T16:19:41.916+08:00
2026-02-07 11:58:23,2026-02-06T16:20:00+08:00,2026-02-06T16:22:02+08:00,1.377,103.6717,C,Cloud to Cloud,2026-02-06T16:19:41.916+08:00
2026-02-07 11:58:23,2026-02-06T16:20:00+08:00,2026-02-06T16:22:02+08:00,1.6489,103.4555,C,Cloud to Cloud,2026-02-06T16:19:46.25+08:00
2026-02-07 11:58:23,2026-02-06T16:18:00+08:00,2026-02-06T16:20:03+08:00,1.3886,103.5966,C,Cloud to Cloud,2026-02-06T16:16:15.537+08:00
2026-02-07 11:58:23,2026-02-06T16:18:00+08:00,2026-02-06T16:20:03+08:00,1.3824,103.6477,C,Cloud to Cloud,2026-02-06T16:16:15.575+08:00
2026-02-07 11:58:23,2026-02-06T16:18:00+08:00,2026-02-06T16:20:03+08:00,1.3821,103.6328,G,Cloud to Ground,2026-02-06T16:16:15.575+08:00
2026-02-07 11:58:23,2026-02-06T16:18:00+08:00,2026-02-06T16:20:03+08:00,1.3916,103.6221,C,Cloud to Cloud,2026-02-06T16:16:15.575+08:00
2026-02-07 11:58:23,2026-02-06T16:18:00+08:00,2026-02-06T16:20:03+08:00,1.3916,103.6221,C,Cloud to Cloud,2026-02-06T16:16:15.575+08:00
2026-02-07 11:58:23,2026-02-06T16:18:00+08:00,2026-02-06T16:20:03+08:00,1.3868,103.6153,C,Cloud to Cloud,2026-02-06T16:16:15.603+08:00
2026-02-07 11:58:23,2026-02-06T16:18:00+08:00,2026-02-06T16:20:03+08:00,1.3908,103.6264,C,Cloud to Cloud,2026-02-06T16:16:15.603+08:00
2026-02-07 11:58:23,2026-02-06T16:18:00+08:00,2026-02-06T16:20:03+08:00,1.3864,103.6523,C,Cloud to Cloud,2026-02-06T16:16:15.603+08:00
2026-02-07 11:58:23,2026-02-06T16:18:00+08:00,2026-02-06T16:20:03+08:00,1.3887,103.6123,C,Cloud to Cloud,2026-02-06T16:16:15.619+08:00
2026-02-07 11:58:23,2026-02-06T16:18:00+08:00,2026-02-06T16:20:03+08:00,1.3873,103.6284,C,Cloud to Cloud,2026-02-06T16:16:15.619+08:00
2026-02-07 11:58:23,2026-02-06T16:18:00+08:00,2026-02-06T16:20:03+08:00,1.3942,103.6207,C,Cloud to Cloud,2026-02-06T16:16:15.619+08:00
2026-02-07 11:58:23,2026-02-06T16:18:00+08:00,2026-02-06T16:20:03+08:00,1.3942,103.6207,C,Cloud to Cloud,2026-02-06T16:16:15.619+08:00
2026-02-07 11:58:23,2026-02-06T16:18:00+08:00,2026-02-06T16:20:03+08:00,1.3883,103.6235,C,Cloud to Cloud,2026-02-06T16:16:15.62+08:00
2026-02-07 11:58:23,2026-02-06T16:18:00+08:00,2026-02-06T16:20:03+08:00,1.3905,103.6204,C,Cloud to Cloud,2026-02-06T16:16:15.62+08:00
2026-02-07 11:58:23,2026-02-06T16:18:00+08:00,2026-02-06T16:20:03+08:00,1.3884,103.6282,C,Cloud to Cloud,2026-02-06T16:16:15.62+08:00
2026-02-07 11:58:23,2026-02-06T16:18:00+08:00,2026-02-06T16:20:03+08:00,1.4126,103.5649,C,Cloud to Cloud,2026-02-06T16:16:15.62+08:00
2026-02-07 11:58:23,2026-02-06T16:18:00+08:00,2026-02-06T16:20:03+08:00,1.4265,103.5635,C,Cloud to Cloud,2026-02-06T16:16:15.62+08:00
2026-02-07 11:58:23,2026-02-06T16:18:00+08:00,2026-02-06T16:20:03+08:00,1.3802,103.6317,G,Cloud to Ground,2026-02-06T16:16:15.622+08:00
2026-02-07 11:58:23,2026-02-06T16:18:00+08:00,2026-02-06T16:20:03+08:00,1.3959,103.6175,C,Cloud to Cloud,2026-02-06T16:16:15.656+08:00
2026-02-07 11:58:23,2026-02-06T16:18:00+08:00,2026-02-06T16:20:03+08:00,1.3959,103.6175,C,Cloud to Cloud,2026-02-06T16:16:15.657+08:00
2026-02-07 11:58:23,2026-02-06T16:18:00+08:00,2026-02-06T16:20:03+08:00,1.3798,103.6101,C,Cloud to Cloud,2026-02-06T16:16:15.718+08:00
2026-02-07 11:58:23,2026-02-06T16:18:00+08:00,2026-02-06T16:20:03+08:00,1.3798,103.6101,C,Cloud to Cloud,2026-02-06T16:16:15.718+08:00
2026-02-07 11:58:23,2026-02-06T16:18:00+08:00,2026-02-06T16:20:03+08:00,1.4788,103.6109,C,Cloud to Cloud,2026-02-06T16:16:21.679+08:00
2026-02-07 11:58:23,2026-02-06T16:18:00+08:00,2026-02-06T16:20:03+08:00,1.4849,103.6035,C,Cloud to Cloud,2026-02-06T16:16:21.679+08:00
2026-02-07 11:58:23,2026-02-06T16:18:00+08:00,2026-02-06T16:20:03+08:00,1.4955,103.5971,C,Cloud to Cloud,2026-02-06T16:16:21.9+08:00
2026-02-07 11:58:23,2026-02-06T16:18:00+08:00,2026-02-06T16:20:03+08:00,1.3768,103.6199,C,Cloud to Cloud,2026-02-06T16:16:32.356+08:00
2026-02-07 11:58:23,2026-02-06T16:18:00+08:00,2026-02-06T16:20:03+08:00,1.3768,103.6199,C,Cloud to Cloud,2026-02-06T16:16:32.356+08:00
2026-02-07 11:58:23,2026-02-06T16:18:00+08:00,2026-02-06T16:20:03+08:00,1.377,103.6324,C,Cloud to Cloud,2026-02-06T16:16:32.412+08:00
2026-02-07 11:58:23,2026-02-06T16:18:00+08:00,2026-02-06T16:20:03+08:00,1.4021,103.6021,C,Cloud to Cloud,2026-02-06T16:16:32.432+08:00
2026-02-07 11:58:23,2026-02-06T16:18:00+08:00,2026-02-06T16:20:03+08:00,1.4021,103.6021,C,Cloud to Cloud,2026-02-06T16:16:32.432+08:00
2026-02-07 11:58:23,2026-02-06T16:18:00+08:00,2026-02-06T16:20:03+08:00,1.3726,103.63,C,Cloud to Cloud,2026-02-06T16:16:32.509+08:00
2026-02-07 11:58:23,2026-02-06T16:18:00+08:00,2026-02-06T16:20:03+08:00,1.3743,103.6308,C,Cloud to Cloud,2026-02-06T16:16:32.509+08:00
2026-02-07 11:58:23,2026-02-06T16:18:00+08:00,2026-02-06T16:20:03+08:00,1.3723,103.6364,C,Cloud to Cloud,2026-02-06T16:16:32.509+08:00
2026-02-07 11:58:23,2026-02-06T16:18:00+08:00,2026-02-06T16:20:03+08:00,1.3632,103.6594,C,Cloud to Cloud,2026-02-06T16:16:32.523+08:00
2026-02-07 11:58:23,2026-02-06T16:18:00+08:00,2026-02-06T16:20:03+08:00,1.3873,103.6272,C,Cloud to Cloud,2026-02-06T16:16:32.537+08:00
2026-02-07 11:58:23,2026-02-06T16:18:00+08:00,2026-02-06T16:20:03+08:00,1.3801,103.629,C,Cloud to Cloud,2026-02-06T16:16:32.597+08:00
2026-02-07 11:58:23,2026-02-06T16:18:00+08:00,2026-02-06T16:20:03+08:00,1.3786,103.6314,C,Cloud to Cloud,2026-02-06T16:16:32.597+08:00
2026-02-07 11:58:23,2026-02-06T16:18:00+08:00,2026-02-06T16:20:03+08:00,1.3999,103.6176,C,Cloud to Cloud,2026-02-06T16:16:32.597+08:00
2026-02-07 11:58:23,2026-02-06T16:18:00+08:00,2026-02-06T16:20:03+08:00,1.4012,103.6162,C,Cloud to Cloud,2026-02-06T16:16:32.597+08:00
2026-02-07 11:58:23,2026-02-06T16:18:00+08:00,2026-02-06T16:20:03+08:00,1.4023,103.6179,C,Cloud to Cloud,2026-02-06T16:16:32.597+08:00
2026-02-07 11:58:23,2026-02-06T16:18:00+08:00,2026-02-06T16:20:03+08:00,1.4035,103.6263,C,Cloud to Cloud,2026-02-06T16:16:32.598+08:00
2026-02-07 11:58:23,2026-02-06T16:18:00+08:00,2026-02-06T16:20:03+08:00,1.4035,103.6263,C,Cloud to Cloud,2026-02-06T16:16:32.598+08:00
2026-02-07 11:58:23,2026-02-06T16:18:00+08:00,2026-02-06T16:20:03+08:00,1.3924,103.651,C,Cloud to Cloud,2026-02-06T16:16:32.604+08:00
2026-02-07 11:58:23,2026-02-06T16:18:00+08:00,2026-02-06T16:20:03+08:00,1.4796,103.685,C,Cloud to Cloud,2026-02-06T16:16:32.606+08:00
2026-02-07 11:58:23,2026-02-06T16:18:00+08:00,2026-02-06T16:20:03+08:00,1.4164,103.6504,C,Cloud to Cloud,2026-02-06T16:16:32.608+08:00
2026-02-07 11:58:23,2026-02-06T16:18:00+08:00,2026-02-06T16:20:03+08:00,1.4164,103.6503,C,Cloud to Cloud,2026-02-06T16:16:32.608+08:00
2026-02-07 11:58:23,2026-02-06T16:18:00+08:00,2026-02-06T16:20:03+08:00,1.406,103.6393,C,Cloud to Cloud,2026-02-06T16:16:32.646+08:00
2026-02-07 11:58:23,2026-02-06T16:18:00+08:00,2026-02-06T16:20:03+08:00,1.406,103.6393,C,Cloud to Cloud,2026-02-06T16:16:32.646+08:00
2026-02-07 11:58:23,2026-02-06T16:18:00+08:00,2026-02-06T16:20:03+08:00,1.3988,103.6088,C,Cloud to Cloud,2026-02-06T16:16:32.659+08:00
2026-02-07 11:58:23,2026-02-06T16:18:00+08:00,2026-02-06T16:20:03+08:00,1.4065,103.6332,C,Cloud to Cloud,2026-02-06T16:16:32.66+08:00
2026-02-07 11:58:23,2026-02-06T16:18:00+08:00,2026-02-06T16:20:03+08:00,1.402,103.6244,C,Cloud to Cloud,2026-02-06T16:16:32.66+08:00
2026-02-07 11:58:23,2026-02-06T16:18:00+08:00,2026-02-06T16:20:03+08:00,1.4125,103.6504,C,Cloud to Cloud,2026-02-06T16:16:32.66+08:00
2026-02-07 11:58:23,2026-02-06T16:18:00+08:00,2026-02-06T16:20:03+08:00,1.4132,103.6456,C,Cloud to Cloud,2026-02-06T16:16:32.668+08:00
2026-02-07 11:58:23,2026-02-06T16:18:00+08:00,2026-02-06T16:20:03+08:00,1.3732,103.6753,C,Cloud to Cloud,2026-02-06T16:16:32.668+08:00
2026-02-07 11:58:23,2026-02-06T16:18:00+08:00,2026-02-06T16:20:03+08:00,1.3721,103.6895,C,Cloud to Cloud,2026-02-06T16:16:32.668+08:00
2026-02-07 11:58:23,2026-02-06T16:18:00+08:00,2026-02-06T16:20:03+08:00,1.3962,103.5873,C,Cloud to Cloud,2026-02-06T16:16:32.668+08:00
2026-02-07 11:58:23,2026-02-06T16:18:00+08:00,2026-02-06T16:20:03+08:00,1.4135,103.6463,C,Cloud to Cloud,2026-02-06T16:16:32.668+08:00
2026-02-07 11:58:23,2026-02-06T16:18:00+08:00,2026-02-06T16:20:03+08:00,1.4114,103.6409,C,Cloud to Cloud,2026-02-06T16:16:32.669+08:00
2026-02-07 11:58:23,2026-02-06T16:18:00+08:00,2026-02-06T16:20:03+08:00,1.4113,103.6407,C,Cloud to Cloud,2026-02-06T16:16:32.669+08:00
2026-02-07 11:58:23,2026-02-06T16:18:00+08:00,2026-02-06T16:20:03+08:00,1.4292,103.6307,C,Cloud to Cloud,2026-02-06T16:16:32.669+08:00
2026-02-07 11:58:23,2026-02-06T16:18:00+08:00,2026-02-06T16:20:03+08:00,1.4158,103.6332,C,Cloud to Cloud,2026-02-06T16:16:32.715+08:00
2026-02-07 11:58:23,2026-02-06T16:18:00+08:00,2026-02-06T16:20:03+08:00,1.4033,103.5824,C,Cloud to Cloud,2026-02-06T16:16:32.722+08:00
2026-02-07 11:58:23,2026-02-06T16:18:00+08:00,2026-02-06T16:20:03+08:00,1.3854,103.6385,C,Cloud to Cloud,2026-02-06T16:16:32.734+08:00
2026-02-07 11:58:23,2026-02-06T16:18:00+08:00,2026-02-06T16:20:03+08:00,1.4187,103.628,C,Cloud to Cloud,2026-02-06T16:16:32.744+08:00
2026-02-07 11:58:23,2026-02-06T16:18:00+08:00,2026-02-06T16:20:03+08:00,1.3571,103.6986,C,Cloud to Cloud,2026-02-06T16:16:32.756+08:00
2026-02-07 11:58:23,2026-02-06T16:18:00+08:00,2026-02-06T16:20:03+08:00,1.4192,103.6374,C,Cloud to Cloud,2026-02-06T16:16:32.779+08:00
2026-02-07 11:58:23,2026-02-06T16:18:00+08:00,2026-02-06T16:20:03+08:00,1.4235,103.6249,C,Cloud to Cloud,2026-02-06T16:16:32.783+08:00
2026-02-07 11:58:23,2026-02-06T16:18:00+08:00,2026-02-06T16:20:03+08:00,1.3912,103.6198,C,Cloud to Cloud,2026-02-06T16:16:54.348+08:00
2026-02-07 11:58:23,2026-02-06T16:18:00+08:00,2026-02-06T16:20:03+08:00,1.3912,103.6198,C,Cloud to Cloud,2026-02-06T16:16:54.348+08:00
2026-02-07 11:58:23,2026-02-06T16:18:00+08:00,2026-02-06T16:20:03+08:00,1.3906,103.6186,C,Cloud to Cloud,2026-02-06T16:16:54.348+08:00
2026-02-07 11:58:23,2026-02-06T16:18:00+08:00,2026-02-06T16:20:03+08:00,1.3906,103.6186,C,Cloud to Cloud,2026-02-06T16:16:54.348+08:00
2026-02-07 11:58:23,2026-02-06T16:18:00+08:00,2026-02-06T16:20:03+08:00,1.4088,103.644,C,Cloud to Cloud,2026-02-06T16:16:55.287+08:00
2026-02-07 11:58:23,2026-02-06T16:18:00+08:00,2026-02-06T16:20:03+08:00,1.4088,103.644,C,Cloud to Cloud,2026-02-06T16:16:55.287+08:00
2026-02-07 11:58:23,2026-02-06T16:18:00+08:00,2026-02-06T16:20:03+08:00,1.4127,103.6447,C,Cloud to Cloud,2026-02-06T16:16:55.289+08:00
2026-02-07 11:58:23,2026-02-06T16:18:00+08:00,2026-02-06T16:20:03+08:00,1.3848,103.675,C,Cloud to Cloud,2026-02-06T16:16:55.289+08:00
2026-02-07 11:58:23,2026-02-06T16:18:00+08:00,2026-02-06T16:20:03+08:00,1.3899,103.6344,C,Cloud to Cloud,2026-02-06T16:16:55.289+08:00
2026-02-07 11:58:23,2026-02-06T16:18:00+08:00,2026-02-06T16:20:03+08:00,1.4082,103.6182,C,Cloud to Cloud,2026-02-06T16:16:55.466+08:00
2026-02-07 11:58:23,2026-02-06T16:18:00+08:00,2026-02-06T16:20:03+08:00,1.4293,103.6221,C,Cloud to Cloud,2026-02-06T16:16:55.494+08:00
2026-02-07 11:58:23,2026-02-06T16:18:00+08:00,2026-02-06T16:20:03+08:00,1.4293,103.6221,C,Cloud to Cloud,2026-02-06T16:16:55.494+08:00
2026-02-07 11:58:23,2026-02-06T16:18:00+08:00,2026-02-06T16:20:03+08:00,1.4086,103.6399,C,Cloud to Cloud,2026-02-06T16:16:55.507+08:00
2026-02-07 11:58:23,2026-02-06T16:18:00+08:00,2026-02-06T16:20:03+08:00,1.4069,103.6423,C,Cloud to Cloud,2026-02-06T16:16:55.507+08:00
2026-02-07 11:58:23,2026-02-06T16:18:00+08:00,2026-02-06T16:20:03+08:00,1.4113,103.6399,C,Cloud to Cloud,2026-02-06T16:16:55.507+08:00
2026-02-07 11:58:23,2026-02-06T16:18:00+08:00,2026-02-06T16:20:03+08:00,1.4102,103.6394,C,Cloud to Cloud,2026-02-06T16:16:55.507+08:00
2026-02-07 11:58:23,2026-02-06T16:18:00+08:00,2026-02-06T16:20:03+08:00,1.4132,103.5673,C,Cloud to Cloud,2026-02-06T16:16:55.507+08:00
2026-02-07 11:58:23,2026-02-06T16:18:00+08:00,2026-02-06T16:20:03+08:00,1.4286,103.6267,C,Cloud to Cloud,2026-02-06T16:16:55.507+08:00
2026-02-07 11:58:23,2026-02-06T16:18:00+08:00,2026-02-06T16:20:03+08:00,1.4286,103.6267,C,Cloud to Cloud,2026-02-06T16:16:55.507+08:00
2026-02-07 11:58:23,2026-02-06T16:18:00+08:00,2026-02-06T16:20:03+08:00,1.4283,103.6246,C,Cloud to Cloud,2026-02-06T16:16:55.507+08:00
2026-02-07 11:58:23,2026-02-06T16:18:00+08:00,2026-02-06T16:20:03+08:00,1.4151,103.6512,C,Cloud to Cloud,2026-02-06T16:16:55.518+08:00
2026-02-07 11:58:23,2026-02-06T16:18:00+08:00,2026-02-06T16:20:03+08:00,1.4151,103.6511,C,Cloud to Cloud,2026-02-06T16:16:55.518+08:00
2026-02-07 11:58:23,2026-02-06T16:18:00+08:00,2026-02-06T16:20:03+08:00,1.4267,103.6294,C,Cloud to Cloud,2026-02-06T16:16:55.55+08:00
2026-02-07 11:58:23,2026-02-06T16:18:00+08:00,2026-02-06T16:20:03+08:00,1.4267,103.6294,C,Cloud to Cloud,2026-02-06T16:16:55.55+08:00
2026-02-07 11:58:23,2026-02-06T16:18:00+08:00,2026-02-06T16:20:03+08:00,1.4124,103.566,C,Cloud to Cloud,2026-02-06T16:16:55.55+08:00
2026-02-07 11:58:23,2026-02-06T16:18:00+08:00,2026-02-06T16:20:03+08:00,1.4198,103.6288,C,Cloud to Cloud,2026-02-06T16:16:55.551+08:00
2026-02-07 11:58:23,2026-02-06T16:18:00+08:00,2026-02-06T16:20:03+08:00,1.4298,103.6411,C,Cloud to Cloud,2026-02-06T16:16:55.551+08:00
2026-02-07 11:58:23,2026-02-06T16:18:00+08:00,2026-02-06T16:20:03+08:00,1.444,103.5143,C,Cloud to Cloud,2026-02-06T16:16:55.551+08:00
2026-02-07 11:58:23,2026-02-06T16:18:00+08:00,2026-02-06T16:20:03+08:00,1.4304,103.6412,C,Cloud to Cloud,2026-02-06T16:16:55.551+08:00
2026-02-07 11:58:23,2026-02-06T16:18:00+08:00,2026-02-06T16:20:03+08:00,1.4138,103.6046,C,Cloud to Cloud,2026-02-06T16:16:55.551+08:00
2026-02-07 11:58:23,2026-02-06T16:18:00+08:00,2026-02-06T16:20:03+08:00,1.423,103.6381,C,Cloud to Cloud,2026-02-06T16:16:55.551+08:00
2026-02-07 11:58:23,2026-02-06T16:18:00+08:00,2026-02-06T16:20:03+08:00,1.4232,103.636,C,Cloud to Cloud,2026-02-06T16:16:55.569+08:00
2026-02-07 11:58:23,2026-02-06T16:18:00+08:00,2026-02-06T16:20:03+08:00,1.4232,103.636,C,Cloud to Cloud,2026-02-06T16:16:55.569+08:00
2026-02-07 11:58:23,2026-02-06T16:18:00+08:00,2026-02-06T16:20:03+08:00,1.4173,103.6457,C,Cloud to Cloud,2026-02-06T16:16:55.569+08:00
2026-02-07 11:58:23,2026-02-06T16:18:00+08:00,2026-02-06T16:20:03+08:00,1.3797,103.6216,C,Cloud to Cloud,2026-02-06T16:16:58.671+08:00
2026-02-07 11:58:23,2026-02-06T16:18:00+08:00,2026-02-06T16:20:03+08:00,1.3922,103.6081,C,Cloud to Cloud,2026-02-06T16:16:58.759+08:00
2026-02-07 11:58:23,2026-02-06T16:18:00+08:00,2026-02-06T16:20:03+08:00,1.3922,103.6081,C,Cloud to Cloud,2026-02-06T16:16:58.759+08:00
2026-02-07 11:58:23,2026-02-06T16:18:00+08:00,2026-02-06T16:20:03+08:00,1.3821,103.6045,C,Cloud to Cloud,2026-02-06T16:16:58.814+08:00
2026-02-07 11:58:23,2026-02-06T16:18:00+08:00,2026-02-06T16:20:03+08:00,1.3818,103.6067,C,Cloud to Cloud,2026-02-06T16:16:58.814+08:00
2026-02-07 11:58:23,2026-02-06T16:18:00+08:00,2026-02-06T16:20:03+08:00,1.3877,103.6064,C,Cloud to Cloud,2026-02-06T16:16:58.817+08:00
2026-02-07 11:58:23,2026-02-06T16:18:00+08:00,2026-02-06T16:20:03+08:00,1.3877,103.6064,C,Cloud to Cloud,2026-02-06T16:16:58.817+08:00
2026-02-07 11:58:23,2026-02-06T16:18:00+08:00,2026-02-06T16:20:03+08:00,1.3776,103.5959,C,Cloud to Cloud,2026-02-06T16:16:58.822+08:00
2026-02-07 11:58:23,2026-02-06T16:18:00+08:00,2026-02-06T16:20:03+08:00,1.3771,103.6011,C,Cloud to Cloud,2026-02-06T16:16:58.822+08:00
2026-02-07 11:58:23,2026-02-06T16:18:00+08:00,2026-02-06T16:20:03+08:00,1.3825,103.6142,C,Cloud to Cloud,2026-02-06T16:16:58.826+08:00
2026-02-07 11:58:23,2026-02-06T16:18:00+08:00,2026-02-06T16:20:03+08:00,1.3825,103.6142,C,Cloud to Cloud,2026-02-06T16:16:58.826+08:00
2026-02-07 11:58:23,2026-02-06T16:18:00+08:00,2026-02-06T16:20:03+08:00,1.3806,103.619,C,Cloud to Cloud,2026-02-06T16:16:58.844+08:00
2026-02-07 11:58:23,2026-02-06T16:18:00+08:00,2026-02-06T16:20:03+08:00,1.3806,103.619,C,Cloud to Cloud,2026-02-06T16:16:58.844+08:00
2026-02-07 11:58:23,2026-02-06T16:18:00+08:00,2026-02-06T16:20:03+08:00,1.3776,103.6168,C,Cloud to Cloud,2026-02-06T16:16:58.845+08:00
2026-02-07 11:58:23,2026-02-06T16:18:00+08:00,2026-02-06T16:20:03+08:00,1.3847,103.5932,C,Cloud to Cloud,2026-02-06T16:16:58.86+08:00
2026-02-07 11:58:23,2026-02-06T16:18:00+08:00,2026-02-06T16:20:03+08:00,1.3918,103.6074,C,Cloud to Cloud,2026-02-06T16:16:58.86+08:00
2026-02-07 11:58:23,2026-02-06T16:18:00+08:00,2026-02-06T16:20:03+08:00,1.3878,103.6068,C,Cloud to Cloud,2026-02-06T16:16:58.872+08:00
2026-02-07 11:58:23,2026-02-06T16:18:00+08:00,2026-02-06T16:20:03+08:00,1.5116,103.6003,C,Cloud to Cloud,2026-02-06T16:17:14.069+08:00
2026-02-07 11:58:23,2026-02-06T16:18:00+08:00,2026-02-06T16:20:03+08:00,1.5305,103.5768,C,Cloud to Cloud,2026-02-06T16:17:14.069+08:00
2026-02-07 11:58:23,2026-02-06T16:18:00+08:00,2026-02-06T16:20:03+08:00,1.6346,103.4543,C,Cloud to Cloud,2026-02-06T16:17:16.111+08:00
2026-02-07 11:58:23,2026-02-06T16:18:00+08:00,2026-02-06T16:20:03+08:00,1.3751,103.6136,C,Cloud to Cloud,2026-02-06T16:17:25.855+08:00
2026-02-07 11:58:23,2026-02-06T16:18:00+08:00,2026-02-06T16:20:03+08:00,1.3852,103.6148,C,Cloud to Cloud,2026-02-06T16:17:25.907+08:00
2026-02-07 11:58:23,2026-02-06T16:18:00+08:00,2026-02-06T16:20:03+08:00,1.3852,103.6148,C,Cloud to Cloud,2026-02-06T16:17:25.907+08:00
2026-02-07 11:58:23,2026-02-06T16:18:00+08:00,2026-02-06T16:20:03+08:00,1.368,103.5767,C,Cloud to Cloud,2026-02-06T16:17:25.909+08:00
2026-02-07 11:58:23,2026-02-06T16:18:00+08:00,2026-02-06T16:20:03+08:00,1.3904,103.6097,C,Cloud to Cloud,2026-02-06T16:17:25.913+08:00
2026-02-07 11:58:23,2026-02-06T16:18:00+08:00,2026-02-06T16:20:03+08:00,1.3904,103.6097,C,Cloud to Cloud,2026-02-06T16:17:25.913+08:00
2026-02-07 11:58:23,2026-02-06T16:18:00+08:00,2026-02-06T16:20:03+08:00,1.4002,103.6591,C,Cloud to Cloud,2026-02-06T16:17:26.017+08:00
2026-02-07 11:58:23,2026-02-06T16:18:00+08:00,2026-02-06T16:20:03+08:00,1.3899,103.6247,C,Cloud to Cloud,2026-02-06T16:17:26.073+08:00
2026-02-07 11:58:23,2026-02-06T16:18:00+08:00,2026-02-06T16:20:03+08:00,1.3835,103.6274,C,Cloud to Cloud,2026-02-06T16:17:26.073+08:00
2026-02-07 11:58:23,2026-02-06T16:18:00+08:00,2026-02-06T16:20:03+08:00,1.3804,103.6257,C,Cloud to Cloud,2026-02-06T16:17:26.073+08:00
2026-02-07 11:58:23,2026-02-06T16:18:00+08:00,2026-02-06T16:20:03+08:00,1.3897,103.621,C,Cloud to Cloud,2026-02-06T16:17:26.074+08:00
2026-02-07 11:58:23,2026-02-06T16:18:00+08:00,2026-02-06T16:20:03+08:00,1.3897,103.621,C,Cloud to Cloud,2026-02-06T16:17:26.074+08:00
2026-02-07 11:58:23,2026-02-06T16:18:00+08:00,2026-02-06T16:20:03+08:00,1.3928,103.6224,C,Cloud to Cloud,2026-02-06T16:17:26.077+08:00
2026-02-07 11:58:23,2026-02-06T16:18:00+08:00,2026-02-06T16:20:03+08:00,1.3914,103.6237,C,Cloud to Cloud,2026-02-06T16:17:26.082+08:00
2026-02-07 11:58:23,2026-02-06T16:18:00+08:00,2026-02-06T16:20:03+08:00,1.3914,103.6237,C,Cloud to Cloud,2026-02-06T16:17:26.082+08:00
2026-02-07 11:58:23,2026-02-06T16:18:00+08:00,2026-02-06T16:20:03+08:00,1.3956,103.6171,C,Cloud to Cloud,2026-02-06T16:17:26.089+08:00
2026-02-07 11:58:23,2026-02-06T16:18:00+08:00,2026-02-06T16:20:03+08:00,1.3956,103.6171,C,Cloud to Cloud,2026-02-06T16:17:26.089+08:00
2026-02-07 11:58:23,2026-02-06T16:18:00+08:00,2026-02-06T16:20:03+08:00,1.3889,103.6237,C,Cloud to Cloud,2026-02-06T16:17:26.089+08:00
2026-02-07 11:58:23,2026-02-06T16:18:00+08:00,2026-02-06T16:20:03+08:00,1.3911,103.6233,C,Cloud to Cloud,2026-02-06T16:17:26.089+08:00
2026-02-07 11:58:23,2026-02-06T16:18:00+08:00,2026-02-06T16:20:03+08:00,1.3907,103.6193,C,Cloud to Cloud,2026-02-06T16:17:26.09+08:00
2026-02-07 11:58:23,2026-02-06T16:18:00+08:00,2026-02-06T16:20:03+08:00,1.3842,103.6239,C,Cloud to Cloud,2026-02-06T16:17:26.09+08:00
2026-02-07 11:58:23,2026-02-06T16:18:00+08:00,2026-02-06T16:20:03+08:00,1.3935,103.6185,C,Cloud to Cloud,2026-02-06T16:17:26.09+08:00
2026-02-07 11:58:23,2026-02-06T16:18:00+08:00,2026-02-06T16:20:03+08:00,1.4019,103.6414,C,Cloud to Cloud,2026-02-06T16:17:26.09+08:00
2026-02-07 11:58:23,2026-02-06T16:18:00+08:00,2026-02-06T16:20:03+08:00,1.4086,103.6499,C,Cloud to Cloud,2026-02-06T16:17:26.09+08:00
2026-02-07 11:58:23,2026-02-06T16:18:00+08:00,2026-02-06T16:20:03+08:00,1.3763,103.5694,C,Cloud to Cloud,2026-02-06T16:17:26.109+08:00
2026-02-07 11:58:23,2026-02-06T16:18:00+08:00,2026-02-06T16:20:03+08:00,1.3886,103.6238,C,Cloud to Cloud,2026-02-06T16:17:26.109+08:00
2026-02-07 11:58:23,2026-02-06T16:18:00+08:00,2026-02-06T16:20:03+08:00,1.3841,103.6144,C,Cloud to Cloud,2026-02-06T16:17:26.109+08:00
2026-02-07 11:58:23,2026-02-06T16:18:00+08:00,2026-02-06T16:20:03+08:00,1.3807,103.6266,C,Cloud to Cloud,2026-02-06T16:17:26.109+08:00
2026-02-07 11:58:23,2026-02-06T16:18:00+08:00,2026-02-06T16:20:03+08:00,1.3807,103.6266,C,Cloud to Cloud,2026-02-06T16:17:26.109+08:00
2026-02-07 11:58:23,2026-02-06T16:18:00+08:00,2026-02-06T16:20:03+08:00,1.3865,103.6307,C,Cloud to Cloud,2026-02-06T16:17:26.11+08:00
2026-02-07 11:58:23,2026-02-06T16:18:00+08:00,2026-02-06T16:20:03+08:00,1.3865,103.6307,C,Cloud to Cloud,2026-02-06T16:17:26.11+08:00
2026-02-07 11:58:23,2026-02-06T16:18:00+08:00,2026-02-06T16:20:03+08:00,1.4005,103.625,C,Cloud to Cloud,2026-02-06T16:17:26.13+08:00
2026-02-07 11:58:23,2026-02-06T16:18:00+08:00,2026-02-06T16:20:03+08:00,1.391,103.6322,C,Cloud to Cloud,2026-02-06T16:17:26.13+08:00
2026-02-07 11:58:23,2026-02-06T16:18:00+08:00,2026-02-06T16:20:03+08:00,1.3823,103.6253,C,Cloud to Cloud,2026-02-06T16:17:26.13+08:00
2026-02-07 11:58:23,2026-02-06T16:18:00+08:00,2026-02-06T16:20:03+08:00,1.3823,103.6253,C,Cloud to Cloud,2026-02-06T16:17:26.13+08:00
2026-02-07 11:58:23,2026-02-06T16:18:00+08:00,2026-02-06T16:20:03+08:00,1.389,103.6285,C,Cloud to Cloud,2026-02-06T16:17:26.137+08:00
2026-02-07 11:58:23,2026-02-06T16:18:00+08:00,2026-02-06T16:20:03+08:00,1.3821,103.6263,C,Cloud to Cloud,2026-02-06T16:17:26.137+08:00
2026-02-07 11:58:23,2026-02-06T16:18:00+08:00,2026-02-06T16:20:03+08:00,1.3707,103.6261,C,Cloud to Cloud,2026-02-06T16:17:26.18+08:00
2026-02-07 11:58:23,2026-02-06T16:18:00+08:00,2026-02-06T16:20:03+08:00,1.3707,103.6261,C,Cloud to Cloud,2026-02-06T16:17:26.18+08:00
2026-02-07 11:58:23,2026-02-06T16:18:00+08:00,2026-02-06T16:20:03+08:00,1.4036,103.6135,C,Cloud to Cloud,2026-02-06T16:17:26.19+08:00
2026-02-07 11:58:23,2026-02-06T16:18:00+08:00,2026-02-06T16:20:03+08:00,1.4036,103.6135,C,Cloud to Cloud,2026-02-06T16:17:26.19+08:00
2026-02-07 11:58:23,2026-02-06T16:18:00+08:00,2026-02-06T16:20:03+08:00,1.3947,103.6288,C,Cloud to Cloud,2026-02-06T16:17:26.22+08:00
2026-02-07 11:58:23,2026-02-06T16:18:00+08:00,2026-02-06T16:20:03+08:00,1.3917,103.6316,C,Cloud to Cloud,2026-02-06T16:17:26.22+08:00
2026-02-07 11:58:23,2026-02-06T16:18:00+08:00,2026-02-06T16:20:03+08:00,1.3961,103.6142,C,Cloud to Cloud,2026-02-06T16:17:26.22+08:00
2026-02-07 11:58:23,2026-02-06T16:18:00+08:00,2026-02-06T16:20:03+08:00,1.3644,103.6614,C,Cloud to Cloud,2026-02-06T16:17:26.22+08:00
2026-02-07 11:58:23,2026-02-06T16:18:00+08:00,2026-02-06T16:20:03+08:00,1.3871,103.608,C,Cloud to Cloud,2026-02-06T16:17:26.22+08:00
2026-02-07 11:58:23,2026-02-06T16:18:00+08:00,2026-02-06T16:20:03+08:00,1.3809,103.6273,C,Cloud to Cloud,2026-02-06T16:17:26.22+08:00
2026-02-07 11:58:23,2026-02-06T16:18:00+08:00,2026-02-06T16:20:03+08:00,1.3766,103.628,C,Cloud to Cloud,2026-02-06T16:17:26.22+08:00
2026-02-07 11:58:23,2026-02-06T16:18:00+08:00,2026-02-06T16:20:03+08:00,1.3735,103.6375,C,Cloud to Cloud,2026-02-06T16:17:26.22+08:00
2026-02-07 11:58:23,2026-02-06T16:18:00+08:00,2026-02-06T16:20:03+08:00,1.3671,103.5906,C,Cloud to Cloud,2026-02-06T16:17:26.22+08:00
2026-02-07 11:58:23,2026-02-06T16:18:00+08:00,2026-02-06T16:20:03+08:00,1.4072,103.6112,C,Cloud to Cloud,2026-02-06T16:17:26.22+08:00
2026-02-07 11:58:23,2026-02-06T16:18:00+08:00,2026-02-06T16:20:03+08:00,1.4072,103.6112,C,Cloud to Cloud,2026-02-06T16:17:26.221+08:00
2026-02-07 11:58:23,2026-02-06T16:18:00+08:00,2026-02-06T16:20:03+08:00,1.411,103.6158,C,Cloud to Cloud,2026-02-06T16:17:26.259+08:00
2026-02-07 11:58:23,2026-02-06T16:18:00+08:00,2026-02-06T16:20:03+08:00,1.638,103.475,C,Cloud to Cloud,2026-02-06T16:17:39.906+08:00
2026-02-07 11:58:23,2026-02-06T16:18:00+08:00,2026-02-06T16:20:03+08:00,1.638,103.475,C,Cloud to Cloud,2026-02-06T16:17:39.906+08:00
2026-02-07 11:58:23,2026-02-06T16:18:00+08:00,2026-02-06T16:20:03+08:00,1.5213,103.5626,C,Cloud to Cloud,2026-02-06T16:17:40.201+08:00
2026-02-07 11:58:23,2026-02-06T16:18:00+08:00,2026-02-06T16:20:03+08:00,1.645,103.4477,C,Cloud to Cloud,2026-02-06T16:17:40.288+08:00
2026-02-07 11:58:23,2026-02-06T16:18:00+08:00,2026-02-06T16:20:03+08:00,1.4252,103.6506,C,Cloud to Cloud,2026-02-06T16:17:40.335+08:00
2026-02-07 11:58:23,2026-02-06T16:18:00+08:00,2026-02-06T16:20:03+08:00,1.6467,103.4632,C,Cloud to Cloud,2026-02-06T16:17:40.335+08:00
2026-02-07 11:58:23,2026-02-06T16:18:00+08:00,2026-02-06T16:20:03+08:00,1.4252,103.6512,C,Cloud to Cloud,2026-02-06T16:17:40.336+08:00
2026-02-07 11:58:23,2026-02-06T16:18:00+08:00,2026-02-06T16:20:03+08:00,1.644,103.4761,C,Cloud to Cloud,2026-02-06T16:17:51.943+08:00
2026-02-07 11:58:23,2026-02-06T16:18:00+08:00,2026-02-06T16:20:03+08:00,1.5035,103.593,C,Cloud to Cloud,2026-02-06T16:17:56.729+08:00
2026-02-07 11:58:23,2026-02-06T16:18:00+08:00,2026-02-06T16:20:03+08:00,1.5179,103.5659,C,Cloud to Cloud,2026-02-06T16:17:56.813+08:00
2026-02-07 11:58:23,2026-02-06T16:16:00+08:00,2026-02-06T16:18:02+08:00,1.6485,103.49,C,Cloud to Cloud,2026-02-06T16:14:15.282+08:00
2026-02-07 11:58:23,2026-02-06T16:16:00+08:00,2026-02-06T16:18:02+08:00,1.4198,103.5652,C,Cloud to Cloud,2026-02-06T16:14:18.162+08:00
2026-02-07 11:58:23,2026-02-06T16:16:00+08:00,2026-02-06T16:18:02+08:00,1.4263,103.6078,C,Cloud to Cloud,2026-02-06T16:14:18.163+08:00
2026-02-07 11:58:23,2026-02-06T16:16:00+08:00,2026-02-06T16:18:02+08:00,1.4263,103.6078,C,Cloud to Cloud,2026-02-06T16:14:18.163+08:00
2026-02-07 11:58:23,2026-02-06T16:16:00+08:00,2026-02-06T16:18:02+08:00,1.4267,103.6116,C,Cloud to Cloud,2026-02-06T16:14:18.163+08:00
2026-02-07 11:58:23,2026-02-06T16:16:00+08:00,2026-02-06T16:18:02+08:00,1.4263,103.6093,C,Cloud to Cloud,2026-02-06T16:14:18.163+08:00
2026-02-07 11:58:23,2026-02-06T16:16:00+08:00,2026-02-06T16:18:02+08:00,1.4272,103.612,C,Cloud to Cloud,2026-02-06T16:14:18.163+08:00
2026-02-07 11:58:23,2026-02-06T16:16:00+08:00,2026-02-06T16:18:02+08:00,1.4272,103.612,C,Cloud to Cloud,2026-02-06T16:14:18.163+08:00
2026-02-07 11:58:23,2026-02-06T16:16:00+08:00,2026-02-06T16:18:02+08:00,1.4004,103.6191,C,Cloud to Cloud,2026-02-06T16:14:18.163+08:00
2026-02-07 11:58:23,2026-02-06T16:16:00+08:00,2026-02-06T16:18:02+08:00,1.4293,103.6221,C,Cloud to Cloud,2026-02-06T16:14:18.164+08:00
2026-02-07 11:58:23,2026-02-06T16:16:00+08:00,2026-02-06T16:18:02+08:00,1.4177,103.543,C,Cloud to Cloud,2026-02-06T16:14:18.164+08:00
2026-02-07 11:58:23,2026-02-06T16:16:00+08:00,2026-02-06T16:18:02+08:00,1.4281,103.6109,C,Cloud to Cloud,2026-02-06T16:14:18.164+08:00
2026-02-07 11:58:23,2026-02-06T16:16:00+08:00,2026-02-06T16:18:02+08:00,1.4281,103.6109,C,Cloud to Cloud,2026-02-06T16:14:18.165+08:00
2026-02-07 11:58:23,2026-02-06T16:16:00+08:00,2026-02-06T16:18:02+08:00,1.4261,103.608,C,Cloud to Cloud,2026-02-06T16:14:18.165+08:00
2026-02-07 11:58:23,2026-02-06T16:16:00+08:00,2026-02-06T16:18:02+08:00,1.4261,103.608,C,Cloud to Cloud,2026-02-06T16:14:18.165+08:00
2026-02-07 11:58:23,2026-02-06T16:16:00+08:00,2026-02-06T16:18:02+08:00,1.4276,103.6036,C,Cloud to Cloud,2026-02-06T16:14:18.182+08:00
2026-02-07 11:58:23,2026-02-06T16:16:00+08:00,2026-02-06T16:18:02+08:00,1.3754,103.6055,C,Cloud to Cloud,2026-02-06T16:14:18.182+08:00
2026-02-07 11:58:23,2026-02-06T16:16:00+08:00,2026-02-06T16:18:02+08:00,1.4361,103.6098,C,Cloud to Cloud,2026-02-06T16:14:18.199+08:00
2026-02-07 11:58:23,2026-02-06T16:16:00+08:00,2026-02-06T16:18:02+08:00,1.4353,103.6177,C,Cloud to Cloud,2026-02-06T16:14:18.2+08:00
2026-02-07 11:58:23,2026-02-06T16:16:00+08:00,2026-02-06T16:18:02+08:00,1.4353,103.6177,C,Cloud to Cloud,2026-02-06T16:14:18.2+08:00
2026-02-07 11:58:23,2026-02-06T16:16:00+08:00,2026-02-06T16:18:02+08:00,1.4345,103.6162,C,Cloud to Cloud,2026-02-06T16:14:18.2+08:00
2026-02-07 11:58:23,2026-02-06T16:16:00+08:00,2026-02-06T16:18:02+08:00,1.4345,103.6162,C,Cloud to Cloud,2026-02-06T16:14:18.2+08:00
2026-02-07 11:58:23,2026-02-06T16:16:00+08:00,2026-02-06T16:18:02+08:00,1.4351,103.6152,C,Cloud to Cloud,2026-02-06T16:14:18.2+08:00
2026-02-07 11:58:23,2026-02-06T16:16:00+08:00,2026-02-06T16:18:02+08:00,1.4351,103.6152,C,Cloud to Cloud,2026-02-06T16:14:18.201+08:00
2026-02-07 11:58:23,2026-02-06T16:16:00+08:00,2026-02-06T16:18:02+08:00,1.4401,103.622,C,Cloud to Cloud,2026-02-06T16:14:18.202+08:00
2026-02-07 11:58:23,2026-02-06T16:16:00+08:00,2026-02-06T16:18:02+08:00,1.4401,103.622,C,Cloud to Cloud,2026-02-06T16:14:18.202+08:00
2026-02-07 11:58:23,2026-02-06T16:16:00+08:00,2026-02-06T16:18:02+08:00,1.4347,103.6329,C,Cloud to Cloud,2026-02-06T16:14:18.202+08:00
2026-02-07 11:58:23,2026-02-06T16:16:00+08:00,2026-02-06T16:18:02+08:00,1.4347,103.6329,C,Cloud to Cloud,2026-02-06T16:14:18.203+08:00
2026-02-07 11:58:23,2026-02-06T16:16:00+08:00,2026-02-06T16:18:02+08:00,1.4376,103.6051,C,Cloud to Cloud,2026-02-06T16:14:18.207+08:00
2026-02-07 11:58:23,2026-02-06T16:16:00+08:00,2026-02-06T16:18:02+08:00,1.4285,103.6279,C,Cloud to Cloud,2026-02-06T16:14:18.219+08:00
2026-02-07 11:58:23,2026-02-06T16:16:00+08:00,2026-02-06T16:18:02+08:00,1.4285,103.6279,C,Cloud to Cloud,2026-02-06T16:14:18.219+08:00
2026-02-07 11:58:23,2026-02-06T16:16:00+08:00,2026-02-06T16:18:02+08:00,1.4236,103.6127,C,Cloud to Cloud,2026-02-06T16:14:18.239+08:00
2026-02-07 11:58:23,2026-02-06T16:16:00+08:00,2026-02-06T16:18:02+08:00,1.4236,103.6127,C,Cloud to Cloud,2026-02-06T16:14:18.239+08:00
2026-02-07 11:58:23,2026-02-06T16:16:00+08:00,2026-02-06T16:18:02+08:00,1.4255,103.6067,C,Cloud to Cloud,2026-02-06T16:14:18.24+08:00
2026-02-07 11:58:23,2026-02-06T16:16:00+08:00,2026-02-06T16:18:02+08:00,1.4258,103.6088,C,Cloud to Cloud,2026-02-06T16:14:18.24+08:00
2026-02-07 11:58:23,2026-02-06T16:16:00+08:00,2026-02-06T16:18:02+08:00,1.428,103.6,C,Cloud to Cloud,2026-02-06T16:14:18.24+08:00
2026-02-07 11:58:23,2026-02-06T16:16:00+08:00,2026-02-06T16:18:02+08:00,1.4089,103.5413,C,Cloud to Cloud,2026-02-06T16:14:18.314+08:00
2026-02-07 11:58:23,2026-02-06T16:16:00+08:00,2026-02-06T16:18:02+08:00,1.4249,103.6073,C,Cloud to Cloud,2026-02-06T16:14:18.314+08:00
2026-02-07 11:58:23,2026-02-06T16:16:00+08:00,2026-02-06T16:18:02+08:00,1.4249,103.6073,C,Cloud to Cloud,2026-02-06T16:14:18.315+08:00
2026-02-07 11:58:23,2026-02-06T16:16:00+08:00,2026-02-06T16:18:02+08:00,1.4225,103.6059,C,Cloud to Cloud,2026-02-06T16:14:18.315+08:00
2026-02-07 11:58:23,2026-02-06T16:16:00+08:00,2026-02-06T16:18:02+08:00,1.4189,103.6076,C,Cloud to Cloud,2026-02-06T16:14:18.315+08:00
2026-02-07 11:58:23,2026-02-06T16:16:00+08:00,2026-02-06T16:18:02+08:00,1.4225,103.6052,C,Cloud to Cloud,2026-02-06T16:14:18.315+08:00
2026-02-07 11:58:23,2026-02-06T16:16:00+08:00,2026-02-06T16:18:02+08:00,1.4136,103.6003,C,Cloud to Cloud,2026-02-06T16:14:18.335+08:00
2026-02-07 11:58:23,2026-02-06T16:16:00+08:00,2026-02-06T16:18:02+08:00,1.4094,103.5918,C,Cloud to Cloud,2026-02-06T16:14:18.335+08:00
2026-02-07 11:58:23,2026-02-06T16:16:00+08:00,2026-02-06T16:18:02+08:00,1.3718,103.6412,C,Cloud to Cloud,2026-02-06T16:14:18.335+08:00
2026-02-07 11:58:23,2026-02-06T16:16:00+08:00,2026-02-06T16:18:02+08:00,1.4127,103.607,C,Cloud to Cloud,2026-02-06T16:14:18.344+08:00
2026-02-07 11:58:23,2026-02-06T16:16:00+08:00,2026-02-06T16:18:02+08:00,1.4127,103.607,C,Cloud to Cloud,2026-02-06T16:14:18.344+08:00
2026-02-07 11:58:23,2026-02-06T16:16:00+08:00,2026-02-06T16:18:02+08:00,1.4365,103.5556,C,Cloud to Cloud,2026-02-06T16:14:18.387+08:00
2026-02-07 11:58:23,2026-02-06T16:16:00+08:00,2026-02-06T16:18:02+08:00,1.5995,103.5205,C,Cloud to Cloud,2026-02-06T16:15:00.987+08:00
2026-02-07 11:58:23,2026-02-06T16:16:00+08:00,2026-02-06T16:18:02+08:00,1.3784,103.5636,C,Cloud to Cloud,2026-02-06T16:15:03.517+08:00
2026-02-07 11:58:23,2026-02-06T16:16:00+08:00,2026-02-06T16:18:02+08:00,1.3661,103.6618,C,Cloud to Cloud,2026-02-06T16:15:03.517+08:00
2026-02-07 11:58:23,2026-02-06T16:16:00+08:00,2026-02-06T16:18:02+08:00,1.3997,103.6129,C,Cloud to Cloud,2026-02-06T16:15:03.543+08:00
2026-02-07 11:58:23,2026-02-06T16:16:00+08:00,2026-02-06T16:18:02+08:00,1.3997,103.6129,C,Cloud to Cloud,2026-02-06T16:15:03.543+08:00
2026-02-07 11:58:23,2026-02-06T16:16:00+08:00,2026-02-06T16:18:02+08:00,1.3994,103.6067,C,Cloud to Cloud,2026-02-06T16:15:03.545+08:00
2026-02-07 11:58:23,2026-02-06T16:16:00+08:00,2026-02-06T16:18:02+08:00,1.3994,103.6067,C,Cloud to Cloud,2026-02-06T16:15:03.545+08:00
2026-02-07 11:58:23,2026-02-06T16:16:00+08:00,2026-02-06T16:18:02+08:00,1.4024,103.6137,C,Cloud to Cloud,2026-02-06T16:15:03.545+08:00
2026-02-07 11:58:23,2026-02-06T16:16:00+08:00,2026-02-06T16:18:02+08:00,1.4024,103.6137,C,Cloud to Cloud,2026-02-06T16:15:03.545+08:00
2026-02-07 11:58:23,2026-02-06T16:16:00+08:00,2026-02-06T16:18:02+08:00,1.4021,103.6141,C,Cloud to Cloud,2026-02-06T16:15:03.545+08:00
2026-02-07 11:58:23,2026-02-06T16:16:00+08:00,2026-02-06T16:18:02+08:00,1.4011,103.6201,C,Cloud to Cloud,2026-02-06T16:15:03.546+08:00
2026-02-07 11:58:23,2026-02-06T16:16:00+08:00,2026-02-06T16:18:02+08:00,1.3309,103.5533,C,Cloud to Cloud,2026-02-06T16:15:03.553+08:00
2026-02-07 11:58:23,2026-02-06T16:16:00+08:00,2026-02-06T16:18:02+08:00,1.3997,103.6212,C,Cloud to Cloud,2026-02-06T16:15:03.553+08:00
2026-02-07 11:58:23,2026-02-06T16:16:00+08:00,2026-02-06T16:18:02+08:00,1.3931,103.6607,C,Cloud to Cloud,2026-02-06T16:15:03.559+08:00
2026-02-07 11:58:23,2026-02-06T16:16:00+08:00,2026-02-06T16:18:02+08:00,1.3993,103.6324,C,Cloud to Cloud,2026-02-06T16:15:03.559+08:00
2026-02-07 11:58:23,2026-02-06T16:16:00+08:00,2026-02-06T16:18:02+08:00,1.4038,103.6444,C,Cloud to Cloud,2026-02-06T16:15:03.559+08:00
2026-02-07 11:58:23,2026-02-06T16:16:00+08:00,2026-02-06T16:18:02+08:00,1.3612,103.4741,C,Cloud to Cloud,2026-02-06T16:15:03.559+08:00
2026-02-07 11:58:23,2026-02-06T16:16:00+08:00,2026-02-06T16:18:02+08:00,1.4038,103.6444,C,Cloud to Cloud,2026-02-06T16:15:03.559+08:00
2026-02-07 11:58:23,2026-02-06T16:16:00+08:00,2026-02-06T16:18:02+08:00,1.4044,103.6478,C,Cloud to Cloud,2026-02-06T16:15:03.559+08:00
2026-02-07 11:58:23,2026-02-06T16:16:00+08:00,2026-02-06T16:18:02+08:00,1.3957,103.5753,C,Cloud to Cloud,2026-02-06T16:15:03.648+08:00
2026-02-07 11:58:23,2026-02-06T16:16:00+08:00,2026-02-06T16:18:02+08:00,1.3898,103.6654,C,Cloud to Cloud,2026-02-06T16:15:03.648+08:00
2026-02-07 11:58:23,2026-02-06T16:16:00+08:00,2026-02-06T16:18:02+08:00,1.4185,103.6424,C,Cloud to Cloud,2026-02-06T16:15:03.665+08:00
2026-02-07 11:58:23,2026-02-06T16:16:00+08:00,2026-02-06T16:18:02+08:00,1.4185,103.6424,C,Cloud to Cloud,2026-02-06T16:15:03.665+08:00
2026-02-07 11:58:23,2026-02-06T16:16:00+08:00,2026-02-06T16:18:02+08:00,1.4129,103.5684,C,Cloud to Cloud,2026-02-06T16:15:03.667+08:00
2026-02-07 11:58:23,2026-02-06T16:16:00+08:00,2026-02-06T16:18:02+08:00,1.4026,103.6656,C,Cloud to Cloud,2026-02-06T16:15:03.667+08:00
2026-02-07 11:58:23,2026-02-06T16:16:00+08:00,2026-02-06T16:18:02+08:00,1.3719,103.5574,C,Cloud to Cloud,2026-02-06T16:15:03.734+08:00
2026-02-07 11:58:23,2026-02-06T16:16:00+08:00,2026-02-06T16:18:02+08:00,1.3712,103.6584,C,Cloud to Cloud,2026-02-06T16:15:03.735+08:00
2026-02-07 11:58:23,2026-02-06T16:16:00+08:00,2026-02-06T16:18:02+08:00,1.3948,103.6089,C,Cloud to Cloud,2026-02-06T16:15:03.757+08:00
2026-02-07 11:58:23,2026-02-06T16:16:00+08:00,2026-02-06T16:18:02+08:00,1.393,103.6133,C,Cloud to Cloud,2026-02-06T16:15:03.757+08:00
2026-02-07 11:58:23,2026-02-06T16:16:00+08:00,2026-02-06T16:18:02+08:00,1.3757,103.5657,C,Cloud to Cloud,2026-02-06T16:15:03.757+08:00
2026-02-07 11:58:23,2026-02-06T16:16:00+08:00,2026-02-06T16:18:02+08:00,1.4103,103.6327,C,Cloud to Cloud,2026-02-06T16:15:03.759+08:00
2026-02-07 11:58:23,2026-02-06T16:16:00+08:00,2026-02-06T16:18:02+08:00,1.3952,103.6083,C,Cloud to Cloud,2026-02-06T16:15:03.759+08:00
2026-02-07 11:58:23,2026-02-06T16:16:00+08:00,2026-02-06T16:18:02+08:00,1.3929,103.6095,C,Cloud to Cloud,2026-02-06T16:15:03.759+08:00
2026-02-07 11:58:23,2026-02-06T16:16:00+08:00,2026-02-06T16:18:02+08:00,1.3934,103.608,C,Cloud to Cloud,2026-02-06T16:15:03.759+08:00
2026-02-07 11:58:23,2026-02-06T16:16:00+08:00,2026-02-06T16:18:02+08:00,1.3917,103.6087,C,Cloud to Cloud,2026-02-06T16:15:03.759+08:00
2026-02-07 11:58:23,2026-02-06T16:16:00+08:00,2026-02-06T16:18:02+08:00,1.3913,103.6246,C,Cloud to Cloud,2026-02-06T16:15:26.835+08:00
2026-02-07 11:58:23,2026-02-06T16:16:00+08:00,2026-02-06T16:18:02+08:00,1.3872,103.6261,C,Cloud to Cloud,2026-02-06T16:15:26.835+08:00
2026-02-07 11:58:23,2026-02-06T16:16:00+08:00,2026-02-06T16:18:02+08:00,1.3916,103.6254,C,Cloud to Cloud,2026-02-06T16:15:26.835+08:00
2026-02-07 11:58:23,2026-02-06T16:16:00+08:00,2026-02-06T16:18:02+08:00,1.3945,103.6302,C,Cloud to Cloud,2026-02-06T16:15:26.835+08:00
2026-02-07 11:58:23,2026-02-06T16:16:00+08:00,2026-02-06T16:18:02+08:00,1.3945,103.6302,C,Cloud to Cloud,2026-02-06T16:15:26.835+08:00
2026-02-07 11:58:23,2026-02-06T16:16:00+08:00,2026-02-06T16:18:02+08:00,1.3908,103.6116,C,Cloud to Cloud,2026-02-06T16:15:26.835+08:00
2026-02-07 11:58:23,2026-02-06T16:16:00+08:00,2026-02-06T16:18:02+08:00,1.4034,103.6469,C,Cloud to Cloud,2026-02-06T16:15:26.887+08:00
2026-02-07 11:58:23,2026-02-06T16:16:00+08:00,2026-02-06T16:18:02+08:00,1.3874,103.631,G,Cloud to Ground,2026-02-06T16:15:26.887+08:00
2026-02-07 11:58:23,2026-02-06T16:16:00+08:00,2026-02-06T16:18:02+08:00,1.3939,103.6216,C,Cloud to Cloud,2026-02-06T16:15:26.887+08:00
2026-02-07 11:58:23,2026-02-06T16:16:00+08:00,2026-02-06T16:18:02+08:00,1.3947,103.6199,C,Cloud to Cloud,2026-02-06T16:15:26.887+08:00
2026-02-07 11:58:23,2026-02-06T16:16:00+08:00,2026-02-06T16:18:02+08:00,1.3947,103.6199,C,Cloud to Cloud,2026-02-06T16:15:26.887+08:00
2026-02-07 11:58:23,2026-02-06T16:16:00+08:00,2026-02-06T16:18:02+08:00,1.3875,103.6217,C,Cloud to Cloud,2026-02-06T16:15:26.905+08:00
2026-02-07 11:58:23,2026-02-06T16:16:00+08:00,2026-02-06T16:18:02+08:00,1.3875,103.6217,C,Cloud to Cloud,2026-02-06T16:15:26.905+08:00
2026-02-07 11:58:23,2026-02-06T16:16:00+08:00,2026-02-06T16:18:02+08:00,1.4034,103.6165,C,Cloud to Cloud,2026-02-06T16:15:27.001+08:00
2026-02-07 11:58:23,2026-02-06T16:16:00+08:00,2026-02-06T16:18:02+08:00,1.4034,103.6165,C,Cloud to Cloud,2026-02-06T16:15:27.002+08:00
2026-02-07 11:58:23,2026-02-06T16:16:00+08:00,2026-02-06T16:18:02+08:00,1.3995,103.6147,C,Cloud to Cloud,2026-02-06T16:15:27.01+08:00
2026-02-07 11:58:23,2026-02-06T16:16:00+08:00,2026-02-06T16:18:02+08:00,1.3995,103.6147,C,Cloud to Cloud,2026-02-06T16:15:27.01+08:00
2026-02-07 11:58:23,2026-02-06T16:16:00+08:00,2026-02-06T16:18:02+08:00,1.4063,103.6319,C,Cloud to Cloud,2026-02-06T16:15:27.018+08:00
2026-02-07 11:58:23,2026-02-06T16:16:00+08:00,2026-02-06T16:18:02+08:00,1.4063,103.6319,C,Cloud to Cloud,2026-02-06T16:15:27.018+08:00
2026-02-07 11:58:23,2026-02-06T16:16:00+08:00,2026-02-06T16:18:02+08:00,1.4035,103.6091,C,Cloud to Cloud,2026-02-06T16:15:27.037+08:00
2026-02-07 11:58:23,2026-02-06T16:16:00+08:00,2026-02-06T16:18:02+08:00,1.375,103.638,G,Cloud to Ground,2026-02-06T16:15:27.039+08:00
2026-02-07 11:58:23,2026-02-06T16:16:00+08:00,2026-02-06T16:18:02+08:00,1.3808,103.6408,C,Cloud to Cloud,2026-02-06T16:15:27.039+08:00
2026-02-07 11:58:23,2026-02-06T16:16:00+08:00,2026-02-06T16:18:02+08:00,1.3852,103.6393,C,Cloud to Cloud,2026-02-06T16:15:27.039+08:00
2026-02-07 11:58:23,2026-02-06T16:16:00+08:00,2026-02-06T16:18:02+08:00,1.3852,103.6393,C,Cloud to Cloud,2026-02-06T16:15:27.039+08:00
2026-02-07 11:58:23,2026-02-06T16:16:00+08:00,2026-02-06T16:18:02+08:00,1.4101,103.6206,C,Cloud to Cloud,2026-02-06T16:15:27.039+08:00
2026-02-07 11:58:23,2026-02-06T16:16:00+08:00,2026-02-06T16:18:02+08:00,1.4101,103.6206,C,Cloud to Cloud,2026-02-06T16:15:27.039+08:00
2026-02-07 11:58:23,2026-02-06T16:16:00+08:00,2026-02-06T16:18:02+08:00,1.3889,103.6414,C,Cloud to Cloud,2026-02-06T16:15:27.063+08:00
2026-02-07 11:58:23,2026-02-06T16:16:00+08:00,2026-02-06T16:18:02+08:00,1.3889,103.6414,C,Cloud to Cloud,2026-02-06T16:15:27.063+08:00
2026-02-07 11:58:23,2026-02-06T16:16:00+08:00,2026-02-06T16:18:02+08:00,1.4063,103.6312,C,Cloud to Cloud,2026-02-06T16:15:27.078+08:00
2026-02-07 11:58:23,2026-02-06T16:16:00+08:00,2026-02-06T16:18:02+08:00,1.4064,103.6314,C,Cloud to Cloud,2026-02-06T16:15:27.078+08:00
2026-02-07 11:58:23,2026-02-06T16:16:00+08:00,2026-02-06T16:18:02+08:00,1.3953,103.6208,C,Cloud to Cloud,2026-02-06T16:15:27.085+08:00
2026-02-07 11:58:23,2026-02-06T16:16:00+08:00,2026-02-06T16:18:02+08:00,1.3901,103.6209,C,Cloud to Cloud,2026-02-06T16:15:27.085+08:00
2026-02-07 11:58:23,2026-02-06T16:16:00+08:00,2026-02-06T16:18:02+08:00,1.3867,103.6272,C,Cloud to Cloud,2026-02-06T16:15:27.086+08:00
2026-02-07 11:58:23,2026-02-06T16:16:00+08:00,2026-02-06T16:18:02+08:00,1.3846,103.6295,C,Cloud to Cloud,2026-02-06T16:15:27.086+08:00
2026-02-07 11:58:23,2026-02-06T16:16:00+08:00,2026-02-06T16:18:02+08:00,1.3896,103.6385,C,Cloud to Cloud,2026-02-06T16:15:27.086+08:00
2026-02-07 11:58:23,2026-02-06T16:16:00+08:00,2026-02-06T16:18:02+08:00,1.384,103.6367,C,Cloud to Cloud,2026-02-06T16:15:27.086+08:00
2026-02-07 11:58:23,2026-02-06T16:16:00+08:00,2026-02-06T16:18:02+08:00,1.3837,103.6362,C,Cloud to Cloud,2026-02-06T16:15:27.086+08:00
2026-02-07 11:58:23,2026-02-06T16:16:00+08:00,2026-02-06T16:18:02+08:00,1.3835,103.6343,C,Cloud to Cloud,2026-02-06T16:15:27.087+08:00
2026-02-07 11:58:23,2026-02-06T16:16:00+08:00,2026-02-06T16:18:02+08:00,1.406,103.6319,C,Cloud to Cloud,2026-02-06T16:15:27.095+08:00
2026-02-07 11:58:23,2026-02-06T16:16:00+08:00,2026-02-06T16:18:02+08:00,1.4088,103.6272,C,Cloud to Cloud,2026-02-06T16:15:27.095+08:00
2026-02-07 11:58:23,2026-02-06T16:16:00+08:00,2026-02-06T16:18:02+08:00,1.399,103.646,C,Cloud to Cloud,2026-02-06T16:15:27.096+08:00
2026-02-07 11:58:23,2026-02-06T16:16:00+08:00,2026-02-06T16:18:02+08:00,1.3874,103.6173,C,Cloud to Cloud,2026-02-06T16:15:27.096+08:00
2026-02-07 11:58:23,2026-02-06T16:16:00+08:00,2026-02-06T16:18:02+08:00,1.375,103.6391,G,Cloud to Ground,2026-02-06T16:15:27.096+08:00
2026-02-07 11:58:23,2026-02-06T16:16:00+08:00,2026-02-06T16:18:02+08:00,1.4675,103.5251,C,Cloud to Cloud,2026-02-06T16:15:27.103+08:00
2026-02-07 11:58:23,2026-02-06T16:16:00+08:00,2026-02-06T16:18:02+08:00,1.3318,103.5489,C,Cloud to Cloud,2026-02-06T16:15:27.108+08:00
2026-02-07 11:58:23,2026-02-06T16:16:00+08:00,2026-02-06T16:18:02+08:00,1.4104,103.6094,C,Cloud to Cloud,2026-02-06T16:15:27.117+08:00
2026-02-07 11:58:23,2026-02-06T16:16:00+08:00,2026-02-06T16:18:02+08:00,1.4104,103.6094,C,Cloud to Cloud,2026-02-06T16:15:27.117+08:00
2026-02-07 11:58:23,2026-02-06T16:16:00+08:00,2026-02-06T16:18:02+08:00,1.3956,103.6216,C,Cloud to Cloud,2026-02-06T16:15:27.121+08:00
2026-02-07 11:58:23,2026-02-06T16:16:00+08:00,2026-02-06T16:18:02+08:00,1.3961,103.622,C,Cloud to Cloud,2026-02-06T16:15:27.121+08:00
2026-02-07 11:58:23,2026-02-06T16:16:00+08:00,2026-02-06T16:18:02+08:00,1.3879,103.6243,C,Cloud to Cloud,2026-02-06T16:15:27.121+08:00
2026-02-07 11:58:23,2026-02-06T16:16:00+08:00,2026-02-06T16:18:02+08:00,1.3877,103.6317,C,Cloud to Cloud,2026-02-06T16:15:27.121+08:00
2026-02-07 11:58:23,2026-02-06T16:16:00+08:00,2026-02-06T16:18:02+08:00,1.426,103.6092,C,Cloud to Cloud,2026-02-06T16:15:27.123+08:00
2026-02-07 11:58:23,2026-02-06T16:16:00+08:00,2026-02-06T16:18:02+08:00,1.426,103.6092,C,Cloud to Cloud,2026-02-06T16:15:27.123+08:00
2026-02-07 11:58:23,2026-02-06T16:16:00+08:00,2026-02-06T16:18:02+08:00,1.4052,103.6121,C,Cloud to Cloud,2026-02-06T16:15:27.133+08:00
2026-02-07 11:58:23,2026-02-06T16:16:00+08:00,2026-02-06T16:18:02+08:00,1.4052,103.6121,C,Cloud to Cloud,2026-02-06T16:15:27.133+08:00
2026-02-07 11:58:23,2026-02-06T16:16:00+08:00,2026-02-06T16:18:02+08:00,1.3952,103.639,C,Cloud to Cloud,2026-02-06T16:15:27.141+08:00
2026-02-07 11:58:23,2026-02-06T16:16:00+08:00,2026-02-06T16:18:02+08:00,1.4007,103.6355,C,Cloud to Cloud,2026-02-06T16:15:27.167+08:00
2026-02-07 11:58:23,2026-02-06T16:16:00+08:00,2026-02-06T16:18:02+08:00,1.3858,103.6261,C,Cloud to Cloud,2026-02-06T16:15:27.175+08:00
2026-02-07 11:58:23,2026-02-06T16:16:00+08:00,2026-02-06T16:18:02+08:00,1.3862,103.6264,C,Cloud to Cloud,2026-02-06T16:15:27.175+08:00
2026-02-07 11:58:23,2026-02-06T16:16:00+08:00,2026-02-06T16:18:02+08:00,1.3847,103.6273,C,Cloud to Cloud,2026-02-06T16:15:27.175+08:00
2026-02-07 11:58:23,2026-02-06T16:16:00+08:00,2026-02-06T16:18:02+08:00,1.3857,103.6322,C,Cloud to Cloud,2026-02-06T16:15:27.175+08:00
2026-02-07 11:58:23,2026-02-06T16:16:00+08:00,2026-02-06T16:18:02+08:00,1.3637,103.6704,C,Cloud to Cloud,2026-02-06T16:15:27.176+08:00
2026-02-07 11:58:23,2026-02-06T16:16:00+08:00,2026-02-06T16:18:02+08:00,1.3806,103.6459,C,Cloud to Cloud,2026-02-06T16:15:27.176+08:00
2026-02-07 11:58:23,2026-02-06T16:16:00+08:00,2026-02-06T16:18:02+08:00,1.3764,103.6649,C,Cloud to Cloud,2026-02-06T16:15:27.176+08:00
2026-02-07 11:58:23,2026-02-06T16:16:00+08:00,2026-02-06T16:18:02+08:00,1.3938,103.6084,C,Cloud to Cloud,2026-02-06T16:15:27.176+08:00
2026-02-07 11:58:23,2026-02-06T16:16:00+08:00,2026-02-06T16:18:02+08:00,1.3803,103.6347,G,Cloud to Ground,2026-02-06T16:15:27.176+08:00
2026-02-07 11:58:23,2026-02-06T16:16:00+08:00,2026-02-06T16:18:02+08:00,1.3938,103.6084,C,Cloud to Cloud,2026-02-06T16:15:27.176+08:00
2026-02-07 11:58:23,2026-02-06T16:16:00+08:00,2026-02-06T16:18:02+08:00,1.4118,103.6134,C,Cloud to Cloud,2026-02-06T16:15:27.176+08:00
2026-02-07 11:58:23,2026-02-06T16:16:00+08:00,2026-02-06T16:18:02+08:00,1.4118,103.6134,C,Cloud to Cloud,2026-02-06T16:15:27.176+08:00
2026-02-07 11:58:23,2026-02-06T16:16:00+08:00,2026-02-06T16:18:02+08:00,1.4217,103.5945,C,Cloud to Cloud,2026-02-06T16:15:27.177+08:00
2026-02-07 11:58:23,2026-02-06T16:16:00+08:00,2026-02-06T16:18:02+08:00,1.3843,103.6278,C,Cloud to Cloud,2026-02-06T16:15:27.214+08:00
2026-02-07 11:58:23,2026-02-06T16:16:00+08:00,2026-02-06T16:18:02+08:00,1.3941,103.632,C,Cloud to Cloud,2026-02-06T16:15:27.236+08:00
2026-02-07 11:58:23,2026-02-06T16:16:00+08:00,2026-02-06T16:18:02+08:00,1.3976,103.6261,C,Cloud to Cloud,2026-02-06T16:15:27.236+08:00
2026-02-07 11:58:23,2026-02-06T16:16:00+08:00,2026-02-06T16:18:02+08:00,1.403,103.6112,C,Cloud to Cloud,2026-02-06T16:15:27.236+08:00
2026-02-07 11:58:23,2026-02-06T16:16:00+08:00,2026-02-06T16:18:02+08:00,1.403,103.6112,C,Cloud to Cloud,2026-02-06T16:15:27.236+08:00
2026-02-07 11:58:23,2026-02-06T16:16:00+08:00,2026-02-06T16:18:02+08:00,1.6431,103.4813,C,Cloud to Cloud,2026-02-06T16:15:27.797+08:00
2026-02-07 11:58:23,2026-02-06T16:16:00+08:00,2026-02-06T16:18:02+08:00,1.4222,103.6359,C,Cloud to Cloud,2026-02-06T16:15:27.798+08:00
2026-02-07 11:58:23,2026-02-06T16:16:00+08:00,2026-02-06T16:18:02+08:00,1.3993,103.6626,C,Cloud to Cloud,2026-02-06T16:15:27.798+08:00
2026-02-07 11:58:23,2026-02-06T16:16:00+08:00,2026-02-06T16:18:02+08:00,1.4091,103.6525,C,Cloud to Cloud,2026-02-06T16:15:50.445+08:00
2026-02-07 11:58:23,2026-02-06T16:16:00+08:00,2026-02-06T16:18:02+08:00,1.4091,103.6525,C,Cloud to Cloud,2026-02-06T16:15:50.445+08:00
2026-02-07 11:58:23,2026-02-06T16:16:00+08:00,2026-02-06T16:18:02+08:00,1.4049,103.6486,C,Cloud to Cloud,2026-02-06T16:15:50.446+08:00
2026-02-07 11:58:23,2026-02-06T16:16:00+08:00,2026-02-06T16:18:02+08:00,1.3845,103.66,C,Cloud to Cloud,2026-02-06T16:15:50.446+08:00
2026-02-07 11:58:23,2026-02-06T16:16:00+08:00,2026-02-06T16:18:02+08:00,1.4073,103.6512,C,Cloud to Cloud,2026-02-06T16:15:50.446+08:00
2026-02-07 11:58:23,2026-02-06T16:16:00+08:00,2026-02-06T16:18:02+08:00,1.401,103.6466,C,Cloud to Cloud,2026-02-06T16:15:50.449+08:00
2026-02-07 11:58:23,2026-02-06T16:16:00+08:00,2026-02-06T16:18:02+08:00,1.4052,103.6332,C,Cloud to Cloud,2026-02-06T16:15:50.449+08:00
2026-02-07 11:58:23,2026-02-06T16:16:00+08:00,2026-02-06T16:18:02+08:00,1.4045,103.6492,C,Cloud to Cloud,2026-02-06T16:15:50.449+08:00
2026-02-07 11:58:23,2026-02-06T16:16:00+08:00,2026-02-06T16:18:02+08:00,1.4041,103.6275,C,Cloud to Cloud,2026-02-06T16:15:50.522+08:00
2026-02-07 11:58:23,2026-02-06T16:16:00+08:00,2026-02-06T16:18:02+08:00,1.2955,103.5572,C,Cloud to Cloud,2026-02-06T16:15:50.522+08:00
2026-02-07 11:58:23,2026-02-06T16:16:00+08:00,2026-02-06T16:18:02+08:00,1.4007,103.6175,C,Cloud to Cloud,2026-02-06T16:15:50.522+08:00
2026-02-07 11:58:23,2026-02-06T16:16:00+08:00,2026-02-06T16:18:02+08:00,1.4563,103.5864,C,Cloud to Cloud,2026-02-06T16:15:50.524+08:00
2026-02-07 11:58:23,2026-02-06T16:16:00+08:00,2026-02-06T16:18:02+08:00,1.405,103.6401,C,Cloud to Cloud,2026-02-06T16:15:50.683+08:00
2026-02-07 11:58:23,2026-02-06T16:16:00+08:00,2026-02-06T16:18:02+08:00,1.4245,103.6437,C,Cloud to Cloud,2026-02-06T16:15:50.683+08:00
2026-02-07 11:58:23,2026-02-06T16:16:00+08:00,2026-02-06T16:18:02+08:00,1.4347,103.6121,C,Cloud to Cloud,2026-02-06T16:15:50.706+08:00
2026-02-07 11:58:23,2026-02-06T16:16:00+08:00,2026-02-06T16:18:02+08:00,1.4259,103.6244,C,Cloud to Cloud,2026-02-06T16:15:50.706+08:00
2026-02-07 11:58:23,2026-02-06T16:16:00+08:00,2026-02-06T16:18:02+08:00,1.4141,103.6347,C,Cloud to Cloud,2026-02-06T16:15:50.706+08:00
2026-02-07 11:58:23,2026-02-06T16:16:00+08:00,2026-02-06T16:18:02+08:00,1.4099,103.6354,C,Cloud to Cloud,2026-02-06T16:15:50.706+08:00
2026-02-07 11:58:23,2026-02-06T16:16:00+08:00,2026-02-06T16:18:02+08:00,1.4285,103.6315,C,Cloud to Cloud,2026-02-06T16:15:50.736+08:00
2026-02-07 11:58:23,2026-02-06T16:16:00+08:00,2026-02-06T16:18:02+08:00,1.4285,103.6315,C,Cloud to Cloud,2026-02-06T16:15:50.736+08:00
2026-02-07 11:58:23,2026-02-06T16:16:00+08:00,2026-02-06T16:18:02+08:00,1.426,103.6301,C,Cloud to Cloud,2026-02-06T16:15:50.736+08:00
2026-02-07 11:58:23,2026-02-06T16:16:00+08:00,2026-02-06T16:18:02+08:00,1.421,103.6314,C,Cloud to Cloud,2026-02-06T16:15:50.736+08:00
2026-02-07 11:58:23,2026-02-06T16:16:00+08:00,2026-02-06T16:18:02+08:00,1.6254,103.5086,C,Cloud to Cloud,2026-02-06T16:15:50.772+08:00
2026-02-07 11:58:23,2026-02-06T16:16:00+08:00,2026-02-06T16:18:02+08:00,1.4292,103.602,C,Cloud to Cloud,2026-02-06T16:15:57.947+08:00
2026-02-07 11:58:23,2026-02-06T16:16:00+08:00,2026-02-06T16:18:02+08:00,1.3853,103.6524,C,Cloud to Cloud,2026-02-06T16:15:57.948+08:00
2026-02-07 11:58:23,2026-02-06T16:16:00+08:00,2026-02-06T16:18:02+08:00,1.3722,103.6699,C,Cloud to Cloud,2026-02-06T16:15:57.949+08:00
2026-02-07 11:58:23,2026-02-06T16:16:00+08:00,2026-02-06T16:18:02+08:00,1.4511,103.5518,C,Cloud to Cloud,2026-02-06T16:15:57.949+08:00
2026-02-07 11:58:23,2026-02-06T16:16:00+08:00,2026-02-06T16:18:02+08:00,1.4216,103.5995,C,Cloud to Cloud,2026-02-06T16:15:57.951+08:00
2026-02-07 11:58:23,2026-02-06T16:16:00+08:00,2026-02-06T16:18:02+08:00,1.3927,103.6513,C,Cloud to Cloud,2026-02-06T16:15:57.951+08:00
2026-02-07 11:58:23,2026-02-06T16:16:00+08:00,2026-02-06T16:18:02+08:00,1.4321,103.5816,C,Cloud to Cloud,2026-02-06T16:15:57.969+08:00
2026-02-07 11:58:23,2026-02-06T16:16:00+08:00,2026-02-06T16:18:02+08:00,1.4262,103.6089,C,Cloud to Cloud,2026-02-06T16:15:58.04+08:00
2026-02-07 11:58:23,2026-02-06T16:16:00+08:00,2026-02-06T16:18:02+08:00,1.4262,103.6089,C,Cloud to Cloud,2026-02-06T16:15:58.04+08:00
2026-02-07 11:58:23,2026-02-06T16:16:00+08:00,2026-02-06T16:18:02+08:00,1.4192,103.5995,C,Cloud to Cloud,2026-02-06T16:15:58.099+08:00
2026-02-07 11:58:23,2026-02-06T16:16:00+08:00,2026-02-06T16:18:02+08:00,1.4151,103.549,C,Cloud to Cloud,2026-02-06T16:15:58.127+08:00
2026-02-07 11:58:23,2026-02-06T16:16:00+08:00,2026-02-06T16:18:02+08:00,1.4207,103.6018,C,Cloud to Cloud,2026-02-06T16:15:58.127+08:00
2026-02-07 11:58:23,2026-02-06T16:16:00+08:00,2026-02-06T16:18:02+08:00,1.4207,103.6018,C,Cloud to Cloud,2026-02-06T16:15:58.128+08:00
2026-02-07 11:58:23,2026-02-06T16:16:00+08:00,2026-02-06T16:18:02+08:00,1.421,103.5948,C,Cloud to Cloud,2026-02-06T16:15:58.128+08:00
2026-02-07 11:58:23,2026-02-06T16:16:00+08:00,2026-02-06T16:18:02+08:00,1.4328,103.6113,C,Cloud to Cloud,2026-02-06T16:15:58.134+08:00
2026-02-07 11:58:23,2026-02-06T16:16:00+08:00,2026-02-06T16:18:02+08:00,1.4035,103.6037,C,Cloud to Cloud,2026-02-06T16:15:58.185+08:00
2026-02-07 11:58:23,2026-02-06T16:16:00+08:00,2026-02-06T16:18:02+08:00,1.4035,103.6037,C,Cloud to Cloud,2026-02-06T16:15:58.185+08:00
2026-02-07 11:58:23,2026-02-06T16:16:00+08:00,2026-02-06T16:18:02+08:00,1.3985,103.6029,C,Cloud to Cloud,2026-02-06T16:15:58.289+08:00
2026-02-07 11:58:23,2026-02-06T16:16:00+08:00,2026-02-06T16:18:02+08:00,1.3985,103.6029,C,Cloud to Cloud,2026-02-06T16:15:58.289+08:00
2026-02-07 11:58:23,2026-02-06T16:16:00+08:00,2026-02-06T16:18:02+08:00,1.4061,103.6015,C,Cloud to Cloud,2026-02-06T16:15:58.289+08:00
2026-02-07 11:58:23,2026-02-06T16:16:00+08:00,2026-02-06T16:18:02+08:00,1.4061,103.6015,C,Cloud to Cloud,2026-02-06T16:15:58.289+08:00
2026-02-07 11:58:23,2026-02-06T16:14:00+08:00,2026-02-06T16:16:02+08:00,1.4544,103.6424,C,Cloud to Cloud,2026-02-06T16:12:01.664+08:00
2026-02-07 11:58:23,2026-02-06T16:14:00+08:00,2026-02-06T16:16:02+08:00,1.4291,103.6077,C,Cloud to Cloud,2026-02-06T16:12:05.8+08:00
2026-02-07 11:58:23,2026-02-06T16:14:00+08:00,2026-02-06T16:16:02+08:00,1.4291,103.6077,C,Cloud to Cloud,2026-02-06T16:12:05.8+08:00
2026-02-07 11:58:23,2026-02-06T16:14:00+08:00,2026-02-06T16:16:02+08:00,1.4263,103.6116,C,Cloud to Cloud,2026-02-06T16:12:05.8+08:00
2026-02-07 11:58:23,2026-02-06T16:14:00+08:00,2026-02-06T16:16:02+08:00,1.4263,103.6116,C,Cloud to Cloud,2026-02-06T16:12:05.8+08:00
2026-02-07 11:58:23,2026-02-06T16:14:00+08:00,2026-02-06T16:16:02+08:00,1.4289,103.6177,C,Cloud to Cloud,2026-02-06T16:12:05.805+08:00
2026-02-07 11:58:23,2026-02-06T16:14:00+08:00,2026-02-06T16:16:02+08:00,1.4044,103.5802,C,Cloud to Cloud,2026-02-06T16:12:05.805+08:00
2026-02-07 11:58:23,2026-02-06T16:14:00+08:00,2026-02-06T16:16:02+08:00,1.4343,103.6162,C,Cloud to Cloud,2026-02-06T16:12:05.806+08:00
2026-02-07 11:58:23,2026-02-06T16:14:00+08:00,2026-02-06T16:16:02+08:00,1.4343,103.6162,C,Cloud to Cloud,2026-02-06T16:12:05.806+08:00
2026-02-07 11:58:23,2026-02-06T16:14:00+08:00,2026-02-06T16:16:02+08:00,1.4348,103.6122,C,Cloud to Cloud,2026-02-06T16:12:05.807+08:00
2026-02-07 11:58:23,2026-02-06T16:14:00+08:00,2026-02-06T16:16:02+08:00,1.4348,103.6122,C,Cloud to Cloud,2026-02-06T16:12:05.807+08:00
2026-02-07 11:58:23,2026-02-06T16:14:00+08:00,2026-02-06T16:16:02+08:00,1.4362,103.6133,C,Cloud to Cloud,2026-02-06T16:12:05.807+08:00
2026-02-07 11:58:23,2026-02-06T16:14:00+08:00,2026-02-06T16:16:02+08:00,1.4358,103.6147,C,Cloud to Cloud,2026-02-06T16:12:05.808+08:00
2026-02-07 11:58:23,2026-02-06T16:14:00+08:00,2026-02-06T16:16:02+08:00,1.4358,103.6147,C,Cloud to Cloud,2026-02-06T16:12:05.808+08:00
2026-02-07 11:58:23,2026-02-06T16:14:00+08:00,2026-02-06T16:16:02+08:00,1.4094,103.6413,C,Cloud to Cloud,2026-02-06T16:12:05.834+08:00
2026-02-07 11:58:23,2026-02-06T16:14:00+08:00,2026-02-06T16:16:02+08:00,1.435,103.5941,C,Cloud to Cloud,2026-02-06T16:12:05.851+08:00
2026-02-07 11:58:23,2026-02-06T16:14:00+08:00,2026-02-06T16:16:02+08:00,1.4249,103.5916,C,Cloud to Cloud,2026-02-06T16:12:05.879+08:00
2026-02-07 11:58:23,2026-02-06T16:14:00+08:00,2026-02-06T16:16:02+08:00,1.4235,103.588,C,Cloud to Cloud,2026-02-06T16:12:05.936+08:00
2026-02-07 11:58:23,2026-02-06T16:14:00+08:00,2026-02-06T16:16:02+08:00,1.3913,103.661,C,Cloud to Cloud,2026-02-06T16:12:05.972+08:00
2026-02-07 11:58:23,2026-02-06T16:14:00+08:00,2026-02-06T16:16:02+08:00,1.4345,103.6167,C,Cloud to Cloud,2026-02-06T16:12:05.981+08:00
2026-02-07 11:58:23,2026-02-06T16:14:00+08:00,2026-02-06T16:16:02+08:00,1.4345,103.6167,C,Cloud to Cloud,2026-02-06T16:12:05.981+08:00
2026-02-07 11:58:23,2026-02-06T16:14:00+08:00,2026-02-06T16:16:02+08:00,1.4011,103.6518,C,Cloud to Cloud,2026-02-06T16:12:26.836+08:00
2026-02-07 11:58:23,2026-02-06T16:14:00+08:00,2026-02-06T16:16:02+08:00,1.4146,103.6162,C,Cloud to Cloud,2026-02-06T16:12:26.836+08:00
2026-02-07 11:58:23,2026-02-06T16:14:00+08:00,2026-02-06T16:16:02+08:00,1.3975,103.6407,C,Cloud to Cloud,2026-02-06T16:12:27.021+08:00
2026-02-07 11:58:23,2026-02-06T16:14:00+08:00,2026-02-06T16:16:02+08:00,1.409,103.6184,C,Cloud to Cloud,2026-02-06T16:12:27.021+08:00
2026-02-07 11:58:23,2026-02-06T16:14:00+08:00,2026-02-06T16:16:02+08:00,1.3381,103.7164,C,Cloud to Cloud,2026-02-06T16:12:27.021+08:00
2026-02-07 11:58:23,2026-02-06T16:14:00+08:00,2026-02-06T16:16:02+08:00,1.4024,103.6435,C,Cloud to Cloud,2026-02-06T16:12:27.056+08:00
2026-02-07 11:58:23,2026-02-06T16:14:00+08:00,2026-02-06T16:16:02+08:00,1.4024,103.6435,C,Cloud to Cloud,2026-02-06T16:12:27.056+08:00
2026-02-07 11:58:23,2026-02-06T16:14:00+08:00,2026-02-06T16:16:02+08:00,1.4017,103.6297,C,Cloud to Cloud,2026-02-06T16:12:27.072+08:00
2026-02-07 11:58:23,2026-02-06T16:14:00+08:00,2026-02-06T16:16:02+08:00,1.4017,103.6297,C,Cloud to Cloud,2026-02-06T16:12:27.072+08:00
2026-02-07 11:58:23,2026-02-06T16:14:00+08:00,2026-02-06T16:16:02+08:00,1.6161,103.5304,C,Cloud to Cloud,2026-02-06T16:12:33.403+08:00
2026-02-07 11:58:23,2026-02-06T16:14:00+08:00,2026-02-06T16:16:02+08:00,1.4848,103.6926,C,Cloud to Cloud,2026-02-06T16:12:54.383+08:00
2026-02-07 11:58:23,2026-02-06T16:14:00+08:00,2026-02-06T16:16:02+08:00,1.4091,103.6535,C,Cloud to Cloud,2026-02-06T16:12:54.407+08:00
2026-02-07 11:58:23,2026-02-06T16:14:00+08:00,2026-02-06T16:16:02+08:00,1.4043,103.6397,C,Cloud to Cloud,2026-02-06T16:12:54.407+08:00
2026-02-07 11:58:23,2026-02-06T16:14:00+08:00,2026-02-06T16:16:02+08:00,1.3983,103.6242,C,Cloud to Cloud,2026-02-06T16:12:54.408+08:00
2026-02-07 11:58:23,2026-02-06T16:14:00+08:00,2026-02-06T16:16:02+08:00,1.4064,103.6598,C,Cloud to Cloud,2026-02-06T16:12:54.431+08:00
2026-02-07 11:58:23,2026-02-06T16:14:00+08:00,2026-02-06T16:16:02+08:00,1.3816,103.6014,C,Cloud to Cloud,2026-02-06T16:12:54.431+08:00
2026-02-07 11:58:23,2026-02-06T16:14:00+08:00,2026-02-06T16:16:02+08:00,1.4051,103.6595,C,Cloud to Cloud,2026-02-06T16:12:54.431+08:00
2026-02-07 11:58:23,2026-02-06T16:14:00+08:00,2026-02-06T16:16:02+08:00,1.4123,103.6231,C,Cloud to Cloud,2026-02-06T16:12:54.446+08:00
2026-02-07 11:58:23,2026-02-06T16:14:00+08:00,2026-02-06T16:16:02+08:00,1.4123,103.6231,C,Cloud to Cloud,2026-02-06T16:12:54.446+08:00
2026-02-07 11:58:23,2026-02-06T16:14:00+08:00,2026-02-06T16:16:02+08:00,1.4084,103.6464,C,Cloud to Cloud,2026-02-06T16:12:54.469+08:00
2026-02-07 11:58:23,2026-02-06T16:14:00+08:00,2026-02-06T16:16:02+08:00,1.4084,103.6464,C,Cloud to Cloud,2026-02-06T16:12:54.469+08:00
2026-02-07 11:58:23,2026-02-06T16:14:00+08:00,2026-02-06T16:16:02+08:00,1.4078,103.6467,C,Cloud to Cloud,2026-02-06T16:12:54.484+08:00
2026-02-07 11:58:23,2026-02-06T16:14:00+08:00,2026-02-06T16:16:02+08:00,1.4045,103.6391,C,Cloud to Cloud,2026-02-06T16:12:54.484+08:00
2026-02-07 11:58:23,2026-02-06T16:14:00+08:00,2026-02-06T16:16:02+08:00,1.3944,103.6225,G,Cloud to Ground,2026-02-06T16:13:02.025+08:00
2026-02-07 11:58:23,2026-02-06T16:14:00+08:00,2026-02-06T16:16:02+08:00,1.402,103.61,C,Cloud to Cloud,2026-02-06T16:13:02.025+08:00
2026-02-07 11:58:23,2026-02-06T16:14:00+08:00,2026-02-06T16:16:02+08:00,1.3821,103.611,C,Cloud to Cloud,2026-02-06T16:13:02.121+08:00
2026-02-07 11:58:23,2026-02-06T16:14:00+08:00,2026-02-06T16:16:02+08:00,1.375,103.6291,G,Cloud to Ground,2026-02-06T16:13:02.121+08:00
2026-02-07 11:58:23,2026-02-06T16:14:00+08:00,2026-02-06T16:16:02+08:00,1.3673,103.6322,C,Cloud to Cloud,2026-02-06T16:13:02.121+08:00
2026-02-07 11:58:23,2026-02-06T16:14:00+08:00,2026-02-06T16:16:02+08:00,1.3532,103.5823,C,Cloud to Cloud,2026-02-06T16:13:02.121+08:00
2026-02-07 11:58:23,2026-02-06T16:14:00+08:00,2026-02-06T16:16:02+08:00,1.3941,103.6229,C,Cloud to Cloud,2026-02-06T16:13:02.148+08:00
2026-02-07 11:58:23,2026-02-06T16:14:00+08:00,2026-02-06T16:16:02+08:00,1.3997,103.6251,C,Cloud to Cloud,2026-02-06T16:13:02.148+08:00
2026-02-07 11:58:23,2026-02-06T16:14:00+08:00,2026-02-06T16:16:02+08:00,1.3989,103.6223,C,Cloud to Cloud,2026-02-06T16:13:02.148+08:00
2026-02-07 11:58:23,2026-02-06T16:14:00+08:00,2026-02-06T16:16:02+08:00,1.3989,103.6278,C,Cloud to Cloud,2026-02-06T16:13:02.148+08:00
2026-02-07 11:58:23,2026-02-06T16:14:00+08:00,2026-02-06T16:16:02+08:00,1.4021,103.6179,C,Cloud to Cloud,2026-02-06T16:13:02.149+08:00
2026-02-07 11:58:23,2026-02-06T16:14:00+08:00,2026-02-06T16:16:02+08:00,1.3978,103.6141,C,Cloud to Cloud,2026-02-06T16:13:02.182+08:00
2026-02-07 11:58:23,2026-02-06T16:14:00+08:00,2026-02-06T16:16:02+08:00,1.3948,103.6165,C,Cloud to Cloud,2026-02-06T16:13:02.182+08:00
2026-02-07 11:58:23,2026-02-06T16:14:00+08:00,2026-02-06T16:16:02+08:00,1.3974,103.6174,C,Cloud to Cloud,2026-02-06T16:13:02.182+08:00
2026-02-07 11:58:23,2026-02-06T16:14:00+08:00,2026-02-06T16:16:02+08:00,1.3991,103.6146,C,Cloud to Cloud,2026-02-06T16:13:02.182+08:00
2026-02-07 11:58:23,2026-02-06T16:14:00+08:00,2026-02-06T16:16:02+08:00,1.3975,103.621,C,Cloud to Cloud,2026-02-06T16:13:02.182+08:00
2026-02-07 11:58:23,2026-02-06T16:14:00+08:00,2026-02-06T16:16:02+08:00,1.4002,103.6151,C,Cloud to Cloud,2026-02-06T16:13:02.182+08:00
2026-02-07 11:58:23,2026-02-06T16:14:00+08:00,2026-02-06T16:16:02+08:00,1.4008,103.6132,C,Cloud to Cloud,2026-02-06T16:13:02.182+08:00
2026-02-07 11:58:23,2026-02-06T16:14:00+08:00,2026-02-06T16:16:02+08:00,1.4031,103.6073,C,Cloud to Cloud,2026-02-06T16:13:02.182+08:00
2026-02-07 11:58:23,2026-02-06T16:14:00+08:00,2026-02-06T16:16:02+08:00,1.4009,103.61,C,Cloud to Cloud,2026-02-06T16:13:02.183+08:00
2026-02-07 11:58:23,2026-02-06T16:14:00+08:00,2026-02-06T16:16:02+08:00,1.3958,103.6197,C,Cloud to Cloud,2026-02-06T16:13:02.209+08:00
2026-02-07 11:58:23,2026-02-06T16:14:00+08:00,2026-02-06T16:16:02+08:00,1.3958,103.6197,C,Cloud to Cloud,2026-02-06T16:13:02.209+08:00
2026-02-07 11:58:23,2026-02-06T16:14:00+08:00,2026-02-06T16:16:02+08:00,1.4022,103.6119,C,Cloud to Cloud,2026-02-06T16:13:02.209+08:00
2026-02-07 11:58:23,2026-02-06T16:14:00+08:00,2026-02-06T16:16:02+08:00,1.4121,103.645,C,Cloud to Cloud,2026-02-06T16:13:02.209+08:00
2026-02-07 11:58:23,2026-02-06T16:14:00+08:00,2026-02-06T16:16:02+08:00,1.408,103.6138,C,Cloud to Cloud,2026-02-06T16:13:02.209+08:00
2026-02-07 11:58:23,2026-02-06T16:14:00+08:00,2026-02-06T16:16:02+08:00,1.3998,103.6255,C,Cloud to Cloud,2026-02-06T16:13:02.209+08:00
2026-02-07 11:58:23,2026-02-06T16:14:00+08:00,2026-02-06T16:16:02+08:00,1.4041,103.603,C,Cloud to Cloud,2026-02-06T16:13:02.21+08:00
2026-02-07 11:58:23,2026-02-06T16:14:00+08:00,2026-02-06T16:16:02+08:00,1.4124,103.6352,C,Cloud to Cloud,2026-02-06T16:13:02.21+08:00
2026-02-07 11:58:23,2026-02-06T16:14:00+08:00,2026-02-06T16:16:02+08:00,1.4106,103.6289,C,Cloud to Cloud,2026-02-06T16:13:02.21+08:00
2026-02-07 11:58:23,2026-02-06T16:14:00+08:00,2026-02-06T16:16:02+08:00,1.4116,103.6162,C,Cloud to Cloud,2026-02-06T16:13:02.226+08:00
2026-02-07 11:58:23,2026-02-06T16:14:00+08:00,2026-02-06T16:16:02+08:00,1.4116,103.6162,C,Cloud to Cloud,2026-02-06T16:13:02.226+08:00
2026-02-07 11:58:23,2026-02-06T16:14:00+08:00,2026-02-06T16:16:02+08:00,1.4036,103.6074,C,Cloud to Cloud,2026-02-06T16:13:02.227+08:00
2026-02-07 11:58:23,2026-02-06T16:14:00+08:00,2026-02-06T16:16:02+08:00,1.4036,103.6076,C,Cloud to Cloud,2026-02-06T16:13:02.227+08:00
2026-02-07 11:58:23,2026-02-06T16:14:00+08:00,2026-02-06T16:16:02+08:00,1.4005,103.6096,C,Cloud to Cloud,2026-02-06T16:13:02.227+08:00
2026-02-07 11:58:23,2026-02-06T16:14:00+08:00,2026-02-06T16:16:02+08:00,1.3934,103.6219,G,Cloud to Ground,2026-02-06T16:13:02.227+08:00
2026-02-07 11:58:23,2026-02-06T16:14:00+08:00,2026-02-06T16:16:02+08:00,1.4005,103.6096,C,Cloud to Cloud,2026-02-06T16:13:02.227+08:00
2026-02-07 11:58:23,2026-02-06T16:14:00+08:00,2026-02-06T16:16:02+08:00,1.4129,103.6151,C,Cloud to Cloud,2026-02-06T16:13:02.27+08:00
2026-02-07 11:58:23,2026-02-06T16:14:00+08:00,2026-02-06T16:16:02+08:00,1.4129,103.6151,C,Cloud to Cloud,2026-02-06T16:13:02.27+08:00
2026-02-07 11:58:23,2026-02-06T16:14:00+08:00,2026-02-06T16:16:02+08:00,1.4272,103.5953,C,Cloud to Cloud,2026-02-06T16:13:02.305+08:00
2026-02-07 11:58:23,2026-02-06T16:14:00+08:00,2026-02-06T16:16:02+08:00,1.3945,103.6159,C,Cloud to Cloud,2026-02-06T16:13:02.311+08:00
2026-02-07 11:58:23,2026-02-06T16:14:00+08:00,2026-02-06T16:16:02+08:00,1.3945,103.6159,C,Cloud to Cloud,2026-02-06T16:13:02.311+08:00
2026-02-07 11:58:23,2026-02-06T16:14:00+08:00,2026-02-06T16:16:02+08:00,1.3965,103.6153,C,Cloud to Cloud,2026-02-06T16:13:02.311+08:00
2026-02-07 11:58:23,2026-02-06T16:14:00+08:00,2026-02-06T16:16:02+08:00,1.3971,103.6177,C,Cloud to Cloud,2026-02-06T16:13:02.311+08:00
2026-02-07 11:58:23,2026-02-06T16:14:00+08:00,2026-02-06T16:16:02+08:00,1.4002,103.6132,C,Cloud to Cloud,2026-02-06T16:13:02.311+08:00
2026-02-07 11:58:23,2026-02-06T16:14:00+08:00,2026-02-06T16:16:02+08:00,1.4009,103.6117,C,Cloud to Cloud,2026-02-06T16:13:02.311+08:00
2026-02-07 11:58:23,2026-02-06T16:14:00+08:00,2026-02-06T16:16:02+08:00,1.4034,103.6068,C,Cloud to Cloud,2026-02-06T16:13:02.311+08:00
2026-02-07 11:58:23,2026-02-06T16:14:00+08:00,2026-02-06T16:16:02+08:00,1.3925,103.6224,G,Cloud to Ground,2026-02-06T16:13:02.313+08:00
2026-02-07 11:58:23,2026-02-06T16:14:00+08:00,2026-02-06T16:16:02+08:00,1.4261,103.5951,C,Cloud to Cloud,2026-02-06T16:13:02.325+08:00
2026-02-07 11:58:23,2026-02-06T16:14:00+08:00,2026-02-06T16:16:02+08:00,1.4266,103.5988,C,Cloud to Cloud,2026-02-06T16:13:02.325+08:00
2026-02-07 11:58:23,2026-02-06T16:14:00+08:00,2026-02-06T16:16:02+08:00,1.4028,103.6074,C,Cloud to Cloud,2026-02-06T16:13:02.346+08:00
2026-02-07 11:58:23,2026-02-06T16:14:00+08:00,2026-02-06T16:16:02+08:00,1.4029,103.6089,C,Cloud to Cloud,2026-02-06T16:13:02.346+08:00
2026-02-07 11:58:23,2026-02-06T16:14:00+08:00,2026-02-06T16:16:02+08:00,1.4048,103.6052,C,Cloud to Cloud,2026-02-06T16:13:02.346+08:00
2026-02-07 11:58:23,2026-02-06T16:14:00+08:00,2026-02-06T16:16:02+08:00,1.4173,103.6527,C,Cloud to Cloud,2026-02-06T16:13:02.346+08:00
2026-02-07 11:58:23,2026-02-06T16:14:00+08:00,2026-02-06T16:16:02+08:00,1.4173,103.6527,C,Cloud to Cloud,2026-02-06T16:13:02.346+08:00
2026-02-07 11:58:23,2026-02-06T16:14:00+08:00,2026-02-06T16:16:02+08:00,1.3926,103.6231,G,Cloud to Ground,2026-02-06T16:13:02.346+08:00
2026-02-07 11:58:23,2026-02-06T16:14:00+08:00,2026-02-06T16:16:02+08:00,1.3953,103.6397,C,Cloud to Cloud,2026-02-06T16:13:02.377+08:00
2026-02-07 11:58:23,2026-02-06T16:14:00+08:00,2026-02-06T16:16:02+08:00,1.4022,103.6255,C,Cloud to Cloud,2026-02-06T16:13:02.378+08:00
2026-02-07 11:58:23,2026-02-06T16:14:00+08:00,2026-02-06T16:16:02+08:00,1.4024,103.6093,C,Cloud to Cloud,2026-02-06T16:13:02.383+08:00
2026-02-07 11:58:23,2026-02-06T16:14:00+08:00,2026-02-06T16:16:02+08:00,1.4054,103.605,C,Cloud to Cloud,2026-02-06T16:13:02.383+08:00
2026-02-07 11:58:23,2026-02-06T16:14:00+08:00,2026-02-06T16:16:02+08:00,1.4054,103.605,C,Cloud to Cloud,2026-02-06T16:13:02.384+08:00
2026-02-07 11:58:23,2026-02-06T16:14:00+08:00,2026-02-06T16:16:02+08:00,1.4041,103.6078,C,Cloud to Cloud,2026-02-06T16:13:02.384+08:00
2026-02-07 11:58:23,2026-02-06T16:14:00+08:00,2026-02-06T16:16:02+08:00,1.4204,103.6717,C,Cloud to Cloud,2026-02-06T16:13:02.384+08:00
2026-02-07 11:58:23,2026-02-06T16:14:00+08:00,2026-02-06T16:16:02+08:00,1.4204,103.6717,C,Cloud to Cloud,2026-02-06T16:13:02.384+08:00
2026-02-07 11:58:23,2026-02-06T16:14:00+08:00,2026-02-06T16:16:02+08:00,1.3932,103.6222,G,Cloud to Ground,2026-02-06T16:13:02.384+08:00
2026-02-07 11:58:23,2026-02-06T16:14:00+08:00,2026-02-06T16:16:02+08:00,1.4098,103.6266,C,Cloud to Cloud,2026-02-06T16:13:02.496+08:00
2026-02-07 11:58:23,2026-02-06T16:14:00+08:00,2026-02-06T16:16:02+08:00,1.411,103.6255,C,Cloud to Cloud,2026-02-06T16:13:02.496+08:00
2026-02-07 11:58:23,2026-02-06T16:14:00+08:00,2026-02-06T16:16:02+08:00,1.4249,103.608,C,Cloud to Cloud,2026-02-06T16:13:02.496+08:00
2026-02-07 11:58:23,2026-02-06T16:14:00+08:00,2026-02-06T16:16:02+08:00,1.4014,103.6099,C,Cloud to Cloud,2026-02-06T16:13:02.496+08:00
2026-02-07 11:58:23,2026-02-06T16:14:00+08:00,2026-02-06T16:16:02+08:00,1.4014,103.6099,C,Cloud to Cloud,2026-02-06T16:13:02.496+08:00
2026-02-07 11:58:23,2026-02-06T16:14:00+08:00,2026-02-06T16:16:02+08:00,1.3994,103.6114,C,Cloud to Cloud,2026-02-06T16:13:02.496+08:00
2026-02-07 11:58:23,2026-02-06T16:14:00+08:00,2026-02-06T16:16:02+08:00,1.399,103.6098,C,Cloud to Cloud,2026-02-06T16:13:02.496+08:00
2026-02-07 11:58:23,2026-02-06T16:14:00+08:00,2026-02-06T16:16:02+08:00,1.4002,103.6137,C,Cloud to Cloud,2026-02-06T16:13:02.496+08:00
2026-02-07 11:58:23,2026-02-06T16:14:00+08:00,2026-02-06T16:16:02+08:00,1.4054,103.6042,C,Cloud to Cloud,2026-02-06T16:13:02.497+08:00
2026-02-07 11:58:23,2026-02-06T16:14:00+08:00,2026-02-06T16:16:02+08:00,1.4048,103.6039,C,Cloud to Cloud,2026-02-06T16:13:02.497+08:00
2026-02-07 11:58:23,2026-02-06T16:14:00+08:00,2026-02-06T16:16:02+08:00,1.4037,103.6062,C,Cloud to Cloud,2026-02-06T16:13:02.497+08:00
2026-02-07 11:58:23,2026-02-06T16:14:00+08:00,2026-02-06T16:16:02+08:00,1.4026,103.6058,C,Cloud to Cloud,2026-02-06T16:13:02.497+08:00
2026-02-07 11:58:23,2026-02-06T16:14:00+08:00,2026-02-06T16:16:02+08:00,1.3926,103.6232,G,Cloud to Ground,2026-02-06T16:13:02.497+08:00
2026-02-07 11:58:23,2026-02-06T16:14:00+08:00,2026-02-06T16:16:02+08:00,1.4385,103.5733,C,Cloud to Cloud,2026-02-06T16:13:02.497+08:00
2026-02-07 11:58:23,2026-02-06T16:14:00+08:00,2026-02-06T16:16:02+08:00,1.4376,103.5945,C,Cloud to Cloud,2026-02-06T16:13:02.531+08:00
2026-02-07 11:58:23,2026-02-06T16:14:00+08:00,2026-02-06T16:16:02+08:00,1.4365,103.5947,C,Cloud to Cloud,2026-02-06T16:13:02.531+08:00
2026-02-07 11:58:23,2026-02-06T16:14:00+08:00,2026-02-06T16:16:02+08:00,1.4335,103.5684,C,Cloud to Cloud,2026-02-06T16:13:02.572+08:00
2026-02-07 11:58:23,2026-02-06T16:14:00+08:00,2026-02-06T16:16:02+08:00,1.5795,103.5163,C,Cloud to Cloud,2026-02-06T16:13:14.404+08:00
2026-02-07 11:58:23,2026-02-06T16:14:00+08:00,2026-02-06T16:16:02+08:00,1.3977,103.5807,C,Cloud to Cloud,2026-02-06T16:13:15.584+08:00
2026-02-07 11:58:23,2026-02-06T16:14:00+08:00,2026-02-06T16:16:02+08:00,1.3994,103.5781,C,Cloud to Cloud,2026-02-06T16:13:15.585+08:00
2026-02-07 11:58:23,2026-02-06T16:14:00+08:00,2026-02-06T16:16:02+08:00,1.3911,103.5689,C,Cloud to Cloud,2026-02-06T16:13:15.585+08:00
2026-02-07 11:58:23,2026-02-06T16:14:00+08:00,2026-02-06T16:16:02+08:00,1.4016,103.5796,C,Cloud to Cloud,2026-02-06T16:13:15.585+08:00
2026-02-07 11:58:23,2026-02-06T16:14:00+08:00,2026-02-06T16:16:02+08:00,1.4128,103.5946,C,Cloud to Cloud,2026-02-06T16:13:15.585+08:00
2026-02-07 11:58:23,2026-02-06T16:14:00+08:00,2026-02-06T16:16:02+08:00,1.4038,103.5855,C,Cloud to Cloud,2026-02-06T16:13:15.585+08:00
2026-02-07 11:58:23,2026-02-06T16:14:00+08:00,2026-02-06T16:16:02+08:00,1.4071,103.5745,C,Cloud to Cloud,2026-02-06T16:13:15.677+08:00
2026-02-07 11:58:23,2026-02-06T16:14:00+08:00,2026-02-06T16:16:02+08:00,1.4054,103.5761,C,Cloud to Cloud,2026-02-06T16:13:15.678+08:00
2026-02-07 11:58:23,2026-02-06T16:14:00+08:00,2026-02-06T16:16:02+08:00,1.3998,103.6017,C,Cloud to Cloud,2026-02-06T16:13:15.753+08:00
2026-02-07 11:58:23,2026-02-06T16:14:00+08:00,2026-02-06T16:16:02+08:00,1.3923,103.5599,C,Cloud to Cloud,2026-02-06T16:13:15.758+08:00
2026-02-07 11:58:23,2026-02-06T16:14:00+08:00,2026-02-06T16:16:02+08:00,1.4038,103.5763,C,Cloud to Cloud,2026-02-06T16:13:15.758+08:00
2026-02-07 11:58:23,2026-02-06T16:14:00+08:00,2026-02-06T16:16:02+08:00,1.3736,103.612,C,Cloud to Cloud,2026-02-06T16:13:15.758+08:00
2026-02-07 11:58:23,2026-02-06T16:14:00+08:00,2026-02-06T16:16:02+08:00,1.3611,103.632,C,Cloud to Cloud,2026-02-06T16:13:15.758+08:00
2026-02-07 11:58:23,2026-02-06T16:14:00+08:00,2026-02-06T16:16:02+08:00,1.4057,103.5622,C,Cloud to Cloud,2026-02-06T16:13:15.766+08:00
2026-02-07 11:58:23,2026-02-06T16:14:00+08:00,2026-02-06T16:16:02+08:00,1.4035,103.5874,C,Cloud to Cloud,2026-02-06T16:13:15.766+08:00
2026-02-07 11:58:23,2026-02-06T16:14:00+08:00,2026-02-06T16:16:02+08:00,1.409,103.5924,C,Cloud to Cloud,2026-02-06T16:13:15.775+08:00
2026-02-07 11:58:23,2026-02-06T16:14:00+08:00,2026-02-06T16:16:02+08:00,1.4031,103.6011,C,Cloud to Cloud,2026-02-06T16:13:15.775+08:00
2026-02-07 11:58:23,2026-02-06T16:14:00+08:00,2026-02-06T16:16:02+08:00,1.3996,103.6312,C,Cloud to Cloud,2026-02-06T16:13:15.783+08:00
2026-02-07 11:58:23,2026-02-06T16:14:00+08:00,2026-02-06T16:16:02+08:00,1.4089,103.5459,C,Cloud to Cloud,2026-02-06T16:13:15.783+08:00
2026-02-07 11:58:23,2026-02-06T16:14:00+08:00,2026-02-06T16:16:02+08:00,1.4231,103.5913,C,Cloud to Cloud,2026-02-06T16:13:15.798+08:00
2026-02-07 11:58:23,2026-02-06T16:14:00+08:00,2026-02-06T16:16:02+08:00,1.3986,103.5832,C,Cloud to Cloud,2026-02-06T16:13:15.836+08:00
2026-02-07 11:58:23,2026-02-06T16:14:00+08:00,2026-02-06T16:16:02+08:00,1.4242,103.5774,C,Cloud to Cloud,2026-02-06T16:13:15.852+08:00
2026-02-07 11:58:23,2026-02-06T16:14:00+08:00,2026-02-06T16:16:02+08:00,1.4136,103.5865,C,Cloud to Cloud,2026-02-06T16:13:15.884+08:00
2026-02-07 11:58:23,2026-02-06T16:14:00+08:00,2026-02-06T16:16:02+08:00,1.4047,103.6123,C,Cloud to Cloud,2026-02-06T16:13:15.894+08:00
2026-02-07 11:58:23,2026-02-06T16:14:00+08:00,2026-02-06T16:16:02+08:00,1.4047,103.6123,C,Cloud to Cloud,2026-02-06T16:13:15.894+08:00
2026-02-07 11:58:23,2026-02-06T16:14:00+08:00,2026-02-06T16:16:02+08:00,1.4237,103.5701,C,Cloud to Cloud,2026-02-06T16:13:15.902+08:00
2026-02-07 11:58:23,2026-02-06T16:14:00+08:00,2026-02-06T16:16:02+08:00,1.3637,103.5058,C,Cloud to Cloud,2026-02-06T16:13:15.903+08:00
2026-02-07 11:58:23,2026-02-06T16:14:00+08:00,2026-02-06T16:16:02+08:00,1.3907,103.5918,C,Cloud to Cloud,2026-02-06T16:13:15.903+08:00
2026-02-07 11:58:23,2026-02-06T16:14:00+08:00,2026-02-06T16:16:02+08:00,1.4017,103.6194,C,Cloud to Cloud,2026-02-06T16:13:15.904+08:00
2026-02-07 11:58:23,2026-02-06T16:14:00+08:00,2026-02-06T16:16:02+08:00,1.4242,103.6064,C,Cloud to Cloud,2026-02-06T16:13:15.917+08:00
2026-02-07 11:58:23,2026-02-06T16:14:00+08:00,2026-02-06T16:16:02+08:00,1.4177,103.6145,C,Cloud to Cloud,2026-02-06T16:13:15.917+08:00
2026-02-07 11:58:23,2026-02-06T16:14:00+08:00,2026-02-06T16:16:02+08:00,1.3824,103.6371,C,Cloud to Cloud,2026-02-06T16:13:15.917+08:00
2026-02-07 11:58:23,2026-02-06T16:14:00+08:00,2026-02-06T16:16:02+08:00,1.3918,103.5933,C,Cloud to Cloud,2026-02-06T16:13:15.917+08:00
2026-02-07 11:58:23,2026-02-06T16:14:00+08:00,2026-02-06T16:16:02+08:00,1.3892,103.5914,C,Cloud to Cloud,2026-02-06T16:13:15.917+08:00
2026-02-07 11:58:23,2026-02-06T16:14:00+08:00,2026-02-06T16:16:02+08:00,1.4133,103.5921,C,Cloud to Cloud,2026-02-06T16:13:15.929+08:00
2026-02-07 11:58:23,2026-02-06T16:14:00+08:00,2026-02-06T16:16:02+08:00,1.4133,103.5921,C,Cloud to Cloud,2026-02-06T16:13:15.929+08:00
2026-02-07 11:58:23,2026-02-06T16:14:00+08:00,2026-02-06T16:16:02+08:00,1.4138,103.6129,C,Cloud to Cloud,2026-02-06T16:13:15.93+08:00
2026-02-07 11:58:23,2026-02-06T16:14:00+08:00,2026-02-06T16:16:02+08:00,1.4138,103.6129,C,Cloud to Cloud,2026-02-06T16:13:15.93+08:00
2026-02-07 11:58:23,2026-02-06T16:14:00+08:00,2026-02-06T16:16:02+08:00,1.6418,103.5038,C,Cloud to Cloud,2026-02-06T16:13:22.424+08:00
2026-02-07 11:58:23,2026-02-06T16:14:00+08:00,2026-02-06T16:16:02+08:00,1.4071,103.6563,C,Cloud to Cloud,2026-02-06T16:13:51.64+08:00
2026-02-07 11:58:23,2026-02-06T16:14:00+08:00,2026-02-06T16:16:02+08:00,1.4088,103.6334,C,Cloud to Cloud,2026-02-06T16:13:51.64+08:00
2026-02-07 11:58:23,2026-02-06T16:14:00+08:00,2026-02-06T16:16:02+08:00,1.4071,103.6563,C,Cloud to Cloud,2026-02-06T16:13:51.64+08:00
2026-02-07 11:58:23,2026-02-06T16:14:00+08:00,2026-02-06T16:16:02+08:00,1.4053,103.6532,C,Cloud to Cloud,2026-02-06T16:13:51.671+08:00
2026-02-07 11:58:23,2026-02-06T16:14:00+08:00,2026-02-06T16:16:02+08:00,1.4053,103.6532,C,Cloud to Cloud,2026-02-06T16:13:51.671+08:00
2026-02-07 11:58:23,2026-02-06T16:14:00+08:00,2026-02-06T16:16:02+08:00,1.4154,103.6438,C,Cloud to Cloud,2026-02-06T16:13:51.751+08:00
2026-02-07 11:58:23,2026-02-06T16:14:00+08:00,2026-02-06T16:16:02+08:00,1.4154,103.6438,C,Cloud to Cloud,2026-02-06T16:13:51.751+08:00
2026-02-07 11:58:23,2026-02-06T16:14:00+08:00,2026-02-06T16:16:02+08:00,1.4028,103.6545,C,Cloud to Cloud,2026-02-06T16:13:51.803+08:00
2026-02-07 11:58:23,2026-02-06T16:14:00+08:00,2026-02-06T16:16:02+08:00,1.4028,103.6545,C,Cloud to Cloud,2026-02-06T16:13:51.803+08:00
2026-02-07 11:58:23,2026-02-06T16:14:00+08:00,2026-02-06T16:16:02+08:00,1.4045,103.5816,C,Cloud to Cloud,2026-02-06T16:13:51.945+08:00
2026-02-07 11:58:23,2026-02-06T16:14:00+08:00,2026-02-06T16:16:02+08:00,1.4042,103.6478,C,Cloud to Cloud,2026-02-06T16:13:51.945+08:00
2026-02-07 11:58:23,2026-02-06T16:14:00+08:00,2026-02-06T16:16:02+08:00,1.4074,103.6336,C,Cloud to Cloud,2026-02-06T16:13:51.945+08:00
2026-02-07 11:58:23,2026-02-06T16:14:00+08:00,2026-02-06T16:16:02+08:00,1.4118,103.6306,C,Cloud to Cloud,2026-02-06T16:13:51.945+08:00
2026-02-07 11:58:23,2026-02-06T16:14:00+08:00,2026-02-06T16:16:02+08:00,1.4118,103.6306,C,Cloud to Cloud,2026-02-06T16:13:51.945+08:00
2026-02-07 11:58:23,2026-02-06T16:14:00+08:00,2026-02-06T16:16:02+08:00,1.4165,103.6336,C,Cloud to Cloud,2026-02-06T16:13:51.974+08:00
2026-02-07 11:58:23,2026-02-06T16:14:00+08:00,2026-02-06T16:16:02+08:00,1.4081,103.6357,C,Cloud to Cloud,2026-02-06T16:13:51.974+08:00
2026-02-07 11:58:23,2026-02-06T16:14:00+08:00,2026-02-06T16:16:02+08:00,1.4165,103.6283,C,Cloud to Cloud,2026-02-06T16:13:51.974+08:00
2026-02-07 11:58:23,2026-02-06T16:14:00+08:00,2026-02-06T16:16:02+08:00,1.4165,103.6283,C,Cloud to Cloud,2026-02-06T16:13:51.974+08:00
2026-02-07 11:58:23,2026-02-06T16:14:00+08:00,2026-02-06T16:16:02+08:00,1.4155,103.6294,C,Cloud to Cloud,2026-02-06T16:13:51.998+08:00
2026-02-07 11:58:23,2026-02-06T16:14:00+08:00,2026-02-06T16:16:02+08:00,1.4155,103.6294,C,Cloud to Cloud,2026-02-06T16:13:51.999+08:00
2026-02-07 11:58:23,2026-02-06T16:14:00+08:00,2026-02-06T16:16:02+08:00,1.4339,103.6005,C,Cloud to Cloud,2026-02-06T16:13:52.018+08:00
2026-02-07 11:58:23,2026-02-06T16:14:00+08:00,2026-02-06T16:16:02+08:00,1.4108,103.6314,C,Cloud to Cloud,2026-02-06T16:13:52.018+08:00
2026-02-07 11:58:23,2026-02-06T16:14:00+08:00,2026-02-06T16:16:02+08:00,1.4188,103.6298,C,Cloud to Cloud,2026-02-06T16:13:52.018+08:00
2026-02-07 11:58:23,2026-02-06T16:14:00+08:00,2026-02-06T16:16:02+08:00,1.4188,103.6298,C,Cloud to Cloud,2026-02-06T16:13:52.018+08:00
2026-02-07 11:58:23,2026-02-06T16:14:00+08:00,2026-02-06T16:16:02+08:00,1.4173,103.6297,C,Cloud to Cloud,2026-02-06T16:13:52.028+08:00
2026-02-07 11:58:23,2026-02-06T16:14:00+08:00,2026-02-06T16:16:02+08:00,1.4173,103.6297,C,Cloud to Cloud,2026-02-06T16:13:52.028+08:00
2026-02-07 11:58:23,2026-02-06T16:14:00+08:00,2026-02-06T16:16:02+08:00,1.4135,103.6294,C,Cloud to Cloud,2026-02-06T16:13:52.046+08:00
2026-02-07 11:58:23,2026-02-06T16:14:00+08:00,2026-02-06T16:16:02+08:00,1.4133,103.6283,C,Cloud to Cloud,2026-02-06T16:13:52.046+08:00
2026-02-07 11:58:23,2026-02-06T16:14:00+08:00,2026-02-06T16:16:02+08:00,1.4131,103.6312,C,Cloud to Cloud,2026-02-06T16:13:52.046+08:00
2026-02-07 11:58:23,2026-02-06T16:14:00+08:00,2026-02-06T16:16:02+08:00,1.403,103.6296,C,Cloud to Cloud,2026-02-06T16:13:52.046+08:00
2026-02-07 11:58:23,2026-02-06T16:14:00+08:00,2026-02-06T16:16:02+08:00,1.403,103.6296,C,Cloud to Cloud,2026-02-06T16:13:52.046+08:00
2026-02-07 11:58:23,2026-02-06T16:14:00+08:00,2026-02-06T16:16:02+08:00,1.4161,103.6338,C,Cloud to Cloud,2026-02-06T16:13:52.073+08:00
2026-02-07 11:58:23,2026-02-06T16:14:00+08:00,2026-02-06T16:16:02+08:00,1.422,103.6131,C,Cloud to Cloud,2026-02-06T16:13:52.09+08:00
2026-02-07 11:58:23,2026-02-06T16:14:00+08:00,2026-02-06T16:16:02+08:00,1.422,103.6131,C,Cloud to Cloud,2026-02-06T16:13:52.09+08:00
2026-02-07 11:58:23,2026-02-06T16:14:00+08:00,2026-02-06T16:16:02+08:00,1.4313,103.5951,C,Cloud to Cloud,2026-02-06T16:13:52.135+08:00
2026-02-07 11:58:23,2026-02-06T16:14:00+08:00,2026-02-06T16:16:02+08:00,1.4313,103.5951,C,Cloud to Cloud,2026-02-06T16:13:52.135+08:00
2026-02-07 11:58:23,2026-02-06T16:14:00+08:00,2026-02-06T16:16:02+08:00,1.4291,103.6041,C,Cloud to Cloud,2026-02-06T16:13:52.165+08:00
2026-02-07 11:58:23,2026-02-06T16:12:00+08:00,2026-02-06T16:14:03+08:00,1.4367,103.6002,C,Cloud to Cloud,2026-02-06T16:10:56.427+08:00
2026-02-07 11:58:23,2026-02-06T16:12:00+08:00,2026-02-06T16:14:03+08:00,1.429,103.6011,C,Cloud to Cloud,2026-02-06T16:10:56.427+08:00
2026-02-07 11:58:23,2026-02-06T16:12:00+08:00,2026-02-06T16:14:03+08:00,1.4273,103.5868,C,Cloud to Cloud,2026-02-06T16:10:56.427+08:00
2026-02-07 11:58:23,2026-02-06T16:12:00+08:00,2026-02-06T16:14:03+08:00,1.4279,103.6094,C,Cloud to Cloud,2026-02-06T16:10:56.427+08:00
2026-02-07 11:58:23,2026-02-06T16:12:00+08:00,2026-02-06T16:14:03+08:00,1.4282,103.61,C,Cloud to Cloud,2026-02-06T16:10:56.427+08:00
2026-02-07 11:58:23,2026-02-06T16:12:00+08:00,2026-02-06T16:14:03+08:00,1.4404,103.5989,C,Cloud to Cloud,2026-02-06T16:10:56.427+08:00
2026-02-07 11:58:23,2026-02-06T16:12:00+08:00,2026-02-06T16:14:03+08:00,1.4316,103.6056,C,Cloud to Cloud,2026-02-06T16:10:56.427+08:00
2026-02-07 11:58:23,2026-02-06T16:12:00+08:00,2026-02-06T16:14:03+08:00,1.4289,103.6072,C,Cloud to Cloud,2026-02-06T16:10:56.427+08:00
2026-02-07 11:58:23,2026-02-06T16:12:00+08:00,2026-02-06T16:14:03+08:00,1.429,103.6078,C,Cloud to Cloud,2026-02-06T16:10:56.427+08:00
2026-02-07 11:58:23,2026-02-06T16:12:00+08:00,2026-02-06T16:14:03+08:00,1.4277,103.6102,C,Cloud to Cloud,2026-02-06T16:10:56.427+08:00
2026-02-07 11:58:23,2026-02-06T16:12:00+08:00,2026-02-06T16:14:03+08:00,1.4254,103.594,C,Cloud to Cloud,2026-02-06T16:10:56.427+08:00
2026-02-07 11:58:23,2026-02-06T16:12:00+08:00,2026-02-06T16:14:03+08:00,1.4276,103.6107,C,Cloud to Cloud,2026-02-06T16:10:56.428+08:00
2026-02-07 11:58:23,2026-02-06T16:12:00+08:00,2026-02-06T16:14:03+08:00,1.4275,103.6117,C,Cloud to Cloud,2026-02-06T16:10:56.428+08:00
2026-02-07 11:58:23,2026-02-06T16:12:00+08:00,2026-02-06T16:14:03+08:00,1.4284,103.6151,C,Cloud to Cloud,2026-02-06T16:10:56.428+08:00
2026-02-07 11:58:23,2026-02-06T16:12:00+08:00,2026-02-06T16:14:03+08:00,1.4273,103.6111,C,Cloud to Cloud,2026-02-06T16:10:56.428+08:00
2026-02-07 11:58:23,2026-02-06T16:12:00+08:00,2026-02-06T16:14:03+08:00,1.4278,103.6138,C,Cloud to Cloud,2026-02-06T16:10:56.428+08:00
2026-02-07 11:58:23,2026-02-06T16:12:00+08:00,2026-02-06T16:14:03+08:00,1.4269,103.6142,C,Cloud to Cloud,2026-02-06T16:10:56.428+08:00
2026-02-07 11:58:23,2026-02-06T16:12:00+08:00,2026-02-06T16:14:03+08:00,1.4381,103.6399,C,Cloud to Cloud,2026-02-06T16:10:56.428+08:00
2026-02-07 11:58:23,2026-02-06T16:12:00+08:00,2026-02-06T16:14:03+08:00,1.4276,103.6141,C,Cloud to Cloud,2026-02-06T16:10:56.428+08:00
2026-02-07 11:58:23,2026-02-06T16:12:00+08:00,2026-02-06T16:14:03+08:00,1.4265,103.6149,C,Cloud to Cloud,2026-02-06T16:10:56.428+08:00
2026-02-07 11:58:23,2026-02-06T16:12:00+08:00,2026-02-06T16:14:03+08:00,1.4232,103.5936,C,Cloud to Cloud,2026-02-06T16:10:56.429+08:00
2026-02-07 11:58:23,2026-02-06T16:12:00+08:00,2026-02-06T16:14:03+08:00,1.4267,103.6161,C,Cloud to Cloud,2026-02-06T16:10:56.429+08:00
2026-02-07 11:58:23,2026-02-06T16:12:00+08:00,2026-02-06T16:14:03+08:00,1.4183,103.6021,C,Cloud to Cloud,2026-02-06T16:10:56.429+08:00
2026-02-07 11:58:23,2026-02-06T16:12:00+08:00,2026-02-06T16:14:03+08:00,1.4313,103.6388,C,Cloud to Cloud,2026-02-06T16:10:56.429+08:00
2026-02-07 11:58:23,2026-02-06T16:12:00+08:00,2026-02-06T16:14:03+08:00,1.4318,103.6078,C,Cloud to Cloud,2026-02-06T16:10:56.429+08:00
2026-02-07 11:58:23,2026-02-06T16:12:00+08:00,2026-02-06T16:14:03+08:00,1.4027,103.6008,C,Cloud to Cloud,2026-02-06T16:10:56.429+08:00
2026-02-07 11:58:23,2026-02-06T16:12:00+08:00,2026-02-06T16:14:03+08:00,1.4283,103.6106,C,Cloud to Cloud,2026-02-06T16:10:56.429+08:00
2026-02-07 11:58:23,2026-02-06T16:12:00+08:00,2026-02-06T16:14:03+08:00,1.4249,103.6157,C,Cloud to Cloud,2026-02-06T16:10:56.43+08:00
2026-02-07 11:58:23,2026-02-06T16:12:00+08:00,2026-02-06T16:14:03+08:00,1.425,103.6144,C,Cloud to Cloud,2026-02-06T16:10:56.43+08:00
2026-02-07 11:58:23,2026-02-06T16:12:00+08:00,2026-02-06T16:14:03+08:00,1.4255,103.6136,C,Cloud to Cloud,2026-02-06T16:10:56.43+08:00
2026-02-07 11:58:23,2026-02-06T16:12:00+08:00,2026-02-06T16:14:03+08:00,1.4263,103.6104,C,Cloud to Cloud,2026-02-06T16:10:56.43+08:00
2026-02-07 11:58:23,2026-02-06T16:12:00+08:00,2026-02-06T16:14:03+08:00,1.4291,103.6035,C,Cloud to Cloud,2026-02-06T16:10:56.43+08:00
2026-02-07 11:58:23,2026-02-06T16:12:00+08:00,2026-02-06T16:14:03+08:00,1.4256,103.6108,C,Cloud to Cloud,2026-02-06T16:10:56.43+08:00
2026-02-07 11:58:23,2026-02-06T16:12:00+08:00,2026-02-06T16:14:03+08:00,1.4314,103.6477,C,Cloud to Cloud,2026-02-06T16:10:56.43+08:00
2026-02-07 11:58:23,2026-02-06T16:12:00+08:00,2026-02-06T16:14:03+08:00,1.4163,103.6235,C,Cloud to Cloud,2026-02-06T16:10:56.43+08:00
2026-02-07 11:58:23,2026-02-06T16:12:00+08:00,2026-02-06T16:14:03+08:00,1.402,103.6458,C,Cloud to Cloud,2026-02-06T16:10:56.43+08:00
2026-02-07 11:58:23,2026-02-06T16:12:00+08:00,2026-02-06T16:14:03+08:00,1.4322,103.6077,C,Cloud to Cloud,2026-02-06T16:10:56.431+08:00
2026-02-07 11:58:23,2026-02-06T16:12:00+08:00,2026-02-06T16:14:03+08:00,1.4237,103.6123,C,Cloud to Cloud,2026-02-06T16:10:56.431+08:00
2026-02-07 11:58:23,2026-02-06T16:12:00+08:00,2026-02-06T16:14:03+08:00,1.4237,103.6123,C,Cloud to Cloud,2026-02-06T16:10:56.431+08:00
2026-02-07 11:58:23,2026-02-06T16:12:00+08:00,2026-02-06T16:14:03+08:00,1.4174,103.624,C,Cloud to Cloud,2026-02-06T16:10:56.431+08:00
2026-02-07 11:58:23,2026-02-06T16:12:00+08:00,2026-02-06T16:14:03+08:00,1.4285,103.6081,C,Cloud to Cloud,2026-02-06T16:10:56.431+08:00
2026-02-07 11:58:23,2026-02-06T16:12:00+08:00,2026-02-06T16:14:03+08:00,1.4289,103.609,C,Cloud to Cloud,2026-02-06T16:10:56.431+08:00
2026-02-07 11:58:23,2026-02-06T16:12:00+08:00,2026-02-06T16:14:03+08:00,1.429,103.6112,C,Cloud to Cloud,2026-02-06T16:10:56.432+08:00
2026-02-07 11:58:23,2026-02-06T16:12:00+08:00,2026-02-06T16:14:03+08:00,1.4271,103.6144,C,Cloud to Cloud,2026-02-06T16:10:56.432+08:00
2026-02-07 11:58:23,2026-02-06T16:12:00+08:00,2026-02-06T16:14:03+08:00,1.431,103.6529,C,Cloud to Cloud,2026-02-06T16:10:56.433+08:00
2026-02-07 11:58:23,2026-02-06T16:12:00+08:00,2026-02-06T16:14:03+08:00,1.4466,103.6197,C,Cloud to Cloud,2026-02-06T16:10:56.433+08:00
2026-02-07 11:58:23,2026-02-06T16:12:00+08:00,2026-02-06T16:14:03+08:00,1.4326,103.6036,C,Cloud to Cloud,2026-02-06T16:10:56.433+08:00
2026-02-07 11:58:23,2026-02-06T16:12:00+08:00,2026-02-06T16:14:03+08:00,1.4411,103.6082,C,Cloud to Cloud,2026-02-06T16:10:56.436+08:00
2026-02-07 11:58:23,2026-02-06T16:12:00+08:00,2026-02-06T16:14:03+08:00,1.4425,103.6031,C,Cloud to Cloud,2026-02-06T16:10:56.442+08:00
2026-02-07 11:58:23,2026-02-06T16:12:00+08:00,2026-02-06T16:14:03+08:00,1.4087,103.5845,C,Cloud to Cloud,2026-02-06T16:10:56.456+08:00
2026-02-07 11:58:23,2026-02-06T16:12:00+08:00,2026-02-06T16:14:03+08:00,1.407,103.5815,C,Cloud to Cloud,2026-02-06T16:10:56.457+08:00
2026-02-07 11:58:23,2026-02-06T16:12:00+08:00,2026-02-06T16:14:03+08:00,1.4378,103.5883,C,Cloud to Cloud,2026-02-06T16:10:56.461+08:00
2026-02-07 11:58:23,2026-02-06T16:12:00+08:00,2026-02-06T16:14:03+08:00,1.4407,103.5824,C,Cloud to Cloud,2026-02-06T16:10:56.461+08:00
2026-02-07 11:58:23,2026-02-06T16:12:00+08:00,2026-02-06T16:14:03+08:00,1.4339,103.6048,C,Cloud to Cloud,2026-02-06T16:10:56.461+08:00
2026-02-07 11:58:23,2026-02-06T16:12:00+08:00,2026-02-06T16:14:03+08:00,1.3463,103.542,C,Cloud to Cloud,2026-02-06T16:10:56.461+08:00
2026-02-07 11:58:23,2026-02-06T16:12:00+08:00,2026-02-06T16:14:03+08:00,1.4244,103.6186,C,Cloud to Cloud,2026-02-06T16:10:56.473+08:00
2026-02-07 11:58:23,2026-02-06T16:12:00+08:00,2026-02-06T16:14:03+08:00,1.4244,103.6186,C,Cloud to Cloud,2026-02-06T16:10:56.473+08:00
2026-02-07 11:58:23,2026-02-06T16:12:00+08:00,2026-02-06T16:14:03+08:00,1.4255,103.5762,C,Cloud to Cloud,2026-02-06T16:10:56.512+08:00
2026-02-07 11:58:23,2026-02-06T16:12:00+08:00,2026-02-06T16:14:03+08:00,1.4264,103.5601,C,Cloud to Cloud,2026-02-06T16:10:56.513+08:00
2026-02-07 11:58:23,2026-02-06T16:12:00+08:00,2026-02-06T16:14:03+08:00,1.4265,103.5765,C,Cloud to Cloud,2026-02-06T16:10:56.514+08:00
2026-02-07 11:58:23,2026-02-06T16:12:00+08:00,2026-02-06T16:14:03+08:00,1.4302,103.5807,C,Cloud to Cloud,2026-02-06T16:10:56.515+08:00
2026-02-07 11:58:23,2026-02-06T16:12:00+08:00,2026-02-06T16:14:03+08:00,1.4263,103.5901,C,Cloud to Cloud,2026-02-06T16:10:56.527+08:00
2026-02-07 11:58:23,2026-02-06T16:12:00+08:00,2026-02-06T16:14:03+08:00,1.4076,103.593,C,Cloud to Cloud,2026-02-06T16:10:56.573+08:00
2026-02-07 11:58:23,2026-02-06T16:12:00+08:00,2026-02-06T16:14:03+08:00,1.4249,103.6129,C,Cloud to Cloud,2026-02-06T16:10:56.581+08:00
2026-02-07 11:58:23,2026-02-06T16:12:00+08:00,2026-02-06T16:14:03+08:00,1.42,103.6183,C,Cloud to Cloud,2026-02-06T16:10:56.581+08:00
2026-02-07 11:58:23,2026-02-06T16:12:00+08:00,2026-02-06T16:14:03+08:00,1.426,103.6078,C,Cloud to Cloud,2026-02-06T16:10:56.581+08:00
2026-02-07 11:58:23,2026-02-06T16:12:00+08:00,2026-02-06T16:14:03+08:00,1.426,103.6078,C,Cloud to Cloud,2026-02-06T16:10:56.582+08:00
2026-02-07 11:58:23,2026-02-06T16:12:00+08:00,2026-02-06T16:14:03+08:00,1.351,103.6972,C,Cloud to Cloud,2026-02-06T16:11:06.854+08:00
2026-02-07 11:58:23,2026-02-06T16:12:00+08:00,2026-02-06T16:14:03+08:00,1.4073,103.6444,C,Cloud to Cloud,2026-02-06T16:11:06.854+08:00
2026-02-07 11:58:23,2026-02-06T16:12:00+08:00,2026-02-06T16:14:03+08:00,1.3805,103.6764,C,Cloud to Cloud,2026-02-06T16:11:06.855+08:00
2026-02-07 11:58:23,2026-02-06T16:12:00+08:00,2026-02-06T16:14:03+08:00,1.4047,103.6533,C,Cloud to Cloud,2026-02-06T16:11:06.855+08:00
2026-02-07 11:58:23,2026-02-06T16:12:00+08:00,2026-02-06T16:14:03+08:00,1.4004,103.6569,C,Cloud to Cloud,2026-02-06T16:11:06.855+08:00
2026-02-07 11:58:23,2026-02-06T16:12:00+08:00,2026-02-06T16:14:03+08:00,1.4004,103.6569,C,Cloud to Cloud,2026-02-06T16:11:06.855+08:00
2026-02-07 11:58:23,2026-02-06T16:12:00+08:00,2026-02-06T16:14:03+08:00,1.4022,103.6211,C,Cloud to Cloud,2026-02-06T16:11:06.87+08:00
2026-02-07 11:58:23,2026-02-06T16:12:00+08:00,2026-02-06T16:14:03+08:00,1.4022,103.6211,C,Cloud to Cloud,2026-02-06T16:11:06.87+08:00
2026-02-07 11:58:23,2026-02-06T16:12:00+08:00,2026-02-06T16:14:03+08:00,1.4084,103.6361,C,Cloud to Cloud,2026-02-06T16:11:06.87+08:00
2026-02-07 11:58:23,2026-02-06T16:12:00+08:00,2026-02-06T16:14:03+08:00,1.6146,103.5107,C,Cloud to Cloud,2026-02-06T16:11:18.511+08:00
2026-02-07 11:58:23,2026-02-06T16:12:00+08:00,2026-02-06T16:14:03+08:00,1.3911,103.6218,C,Cloud to Cloud,2026-02-06T16:11:43.238+08:00
2026-02-07 11:58:23,2026-02-06T16:12:00+08:00,2026-02-06T16:14:03+08:00,1.3911,103.6218,C,Cloud to Cloud,2026-02-06T16:11:43.238+08:00
2026-02-07 11:58:23,2026-02-06T16:12:00+08:00,2026-02-06T16:14:03+08:00,1.3793,103.6259,C,Cloud to Cloud,2026-02-06T16:11:43.239+08:00
2026-02-07 11:58:23,2026-02-06T16:12:00+08:00,2026-02-06T16:14:03+08:00,1.3807,103.6196,C,Cloud to Cloud,2026-02-06T16:11:43.239+08:00
2026-02-07 11:58:23,2026-02-06T16:12:00+08:00,2026-02-06T16:14:03+08:00,1.4292,103.6197,C,Cloud to Cloud,2026-02-06T16:11:43.241+08:00
2026-02-07 11:58:23,2026-02-06T16:12:00+08:00,2026-02-06T16:14:03+08:00,1.4044,103.6092,C,Cloud to Cloud,2026-02-06T16:11:43.262+08:00
2026-02-07 11:58:23,2026-02-06T16:12:00+08:00,2026-02-06T16:14:03+08:00,1.4044,103.6092,C,Cloud to Cloud,2026-02-06T16:11:43.262+08:00
2026-02-07 11:58:23,2026-02-06T16:12:00+08:00,2026-02-06T16:14:03+08:00,1.413,103.6215,C,Cloud to Cloud,2026-02-06T16:11:43.268+08:00
2026-02-07 11:58:23,2026-02-06T16:12:00+08:00,2026-02-06T16:14:03+08:00,1.413,103.6215,C,Cloud to Cloud,2026-02-06T16:11:43.268+08:00
2026-02-07 11:58:23,2026-02-06T16:12:00+08:00,2026-02-06T16:14:03+08:00,1.3941,103.6029,C,Cloud to Cloud,2026-02-06T16:11:43.321+08:00
2026-02-07 11:58:23,2026-02-06T16:12:00+08:00,2026-02-06T16:14:03+08:00,1.3985,103.6161,C,Cloud to Cloud,2026-02-06T16:11:43.327+08:00
2026-02-07 11:58:23,2026-02-06T16:12:00+08:00,2026-02-06T16:14:03+08:00,1.3985,103.6161,C,Cloud to Cloud,2026-02-06T16:11:43.327+08:00
2026-02-07 11:58:23,2026-02-06T16:12:00+08:00,2026-02-06T16:14:03+08:00,1.3953,103.6138,C,Cloud to Cloud,2026-02-06T16:11:43.343+08:00
2026-02-07 11:58:23,2026-02-06T16:12:00+08:00,2026-02-06T16:14:03+08:00,1.3935,103.6142,C,Cloud to Cloud,2026-02-06T16:11:43.343+08:00
2026-02-07 11:58:23,2026-02-06T16:12:00+08:00,2026-02-06T16:14:03+08:00,1.3459,103.6832,C,Cloud to Cloud,2026-02-06T16:11:43.346+08:00
2026-02-07 11:58:23,2026-02-06T16:12:00+08:00,2026-02-06T16:14:03+08:00,1.3955,103.6086,C,Cloud to Cloud,2026-02-06T16:11:43.347+08:00
2026-02-07 11:58:23,2026-02-06T16:12:00+08:00,2026-02-06T16:14:03+08:00,1.3955,103.6086,C,Cloud to Cloud,2026-02-06T16:11:43.347+08:00
2026-02-07 11:58:23,2026-02-06T16:12:00+08:00,2026-02-06T16:14:03+08:00,1.4127,103.6123,C,Cloud to Cloud,2026-02-06T16:11:43.347+08:00
2026-02-07 11:58:23,2026-02-06T16:12:00+08:00,2026-02-06T16:14:03+08:00,1.4016,103.613,C,Cloud to Cloud,2026-02-06T16:11:43.386+08:00
2026-02-07 11:58:23,2026-02-06T16:12:00+08:00,2026-02-06T16:14:03+08:00,1.4016,103.5996,C,Cloud to Cloud,2026-02-06T16:11:43.387+08:00
2026-02-07 11:58:23,2026-02-06T16:12:00+08:00,2026-02-06T16:14:03+08:00,1.3953,103.6109,C,Cloud to Cloud,2026-02-06T16:11:43.401+08:00
2026-02-07 11:58:23,2026-02-06T16:12:00+08:00,2026-02-06T16:14:03+08:00,1.3953,103.6109,C,Cloud to Cloud,2026-02-06T16:11:43.402+08:00
2026-02-07 11:58:23,2026-02-06T16:12:00+08:00,2026-02-06T16:14:03+08:00,1.3908,103.6137,C,Cloud to Cloud,2026-02-06T16:11:43.41+08:00
2026-02-07 11:58:23,2026-02-06T16:12:00+08:00,2026-02-06T16:14:03+08:00,1.3908,103.6137,C,Cloud to Cloud,2026-02-06T16:11:43.41+08:00
2026-02-07 11:58:23,2026-02-06T16:12:00+08:00,2026-02-06T16:14:03+08:00,1.4007,103.6129,C,Cloud to Cloud,2026-02-06T16:11:43.41+08:00
2026-02-07 11:58:23,2026-02-06T16:12:00+08:00,2026-02-06T16:14:03+08:00,1.3944,103.6159,C,Cloud to Cloud,2026-02-06T16:11:43.414+08:00
2026-02-07 11:58:23,2026-02-06T16:12:00+08:00,2026-02-06T16:14:03+08:00,1.3944,103.6159,C,Cloud to Cloud,2026-02-06T16:11:43.415+08:00
2026-02-07 11:58:23,2026-02-06T16:12:00+08:00,2026-02-06T16:14:03+08:00,1.4109,103.61,C,Cloud to Cloud,2026-02-06T16:11:43.424+08:00
2026-02-07 11:58:23,2026-02-06T16:12:00+08:00,2026-02-06T16:14:03+08:00,1.4109,103.61,C,Cloud to Cloud,2026-02-06T16:11:43.424+08:00
2026-02-07 11:58:23,2026-02-06T16:12:00+08:00,2026-02-06T16:14:03+08:00,1.3989,103.6061,C,Cloud to Cloud,2026-02-06T16:11:43.468+08:00
2026-02-07 11:58:23,2026-02-06T16:12:00+08:00,2026-02-06T16:14:03+08:00,1.3984,103.6073,C,Cloud to Cloud,2026-02-06T16:11:43.468+08:00
2026-02-07 11:58:23,2026-02-06T16:12:00+08:00,2026-02-06T16:14:03+08:00,1.391,103.6136,C,Cloud to Cloud,2026-02-06T16:11:43.468+08:00
2026-02-07 11:58:23,2026-02-06T16:12:00+08:00,2026-02-06T16:14:03+08:00,1.3747,103.674,C,Cloud to Cloud,2026-02-06T16:11:43.468+08:00
2026-02-07 11:58:23,2026-02-06T16:12:00+08:00,2026-02-06T16:14:03+08:00,1.3911,103.6157,C,Cloud to Cloud,2026-02-06T16:11:43.468+08:00
2026-02-07 11:58:23,2026-02-06T16:12:00+08:00,2026-02-06T16:14:03+08:00,1.4125,103.6101,C,Cloud to Cloud,2026-02-06T16:11:43.496+08:00
2026-02-07 11:58:23,2026-02-06T16:12:00+08:00,2026-02-06T16:14:03+08:00,1.4125,103.6101,C,Cloud to Cloud,2026-02-06T16:11:43.496+08:00
2026-02-07 11:58:23,2026-02-06T16:12:00+08:00,2026-02-06T16:14:03+08:00,1.6401,103.4523,C,Cloud to Cloud,2026-02-06T16:11:52.118+08:00
2026-02-07 11:58:23,2026-02-06T16:12:00+08:00,2026-02-06T16:14:03+08:00,1.4156,103.6579,C,Cloud to Cloud,2026-02-06T16:11:52.118+08:00
2026-02-07 11:58:23,2026-02-06T16:12:00+08:00,2026-02-06T16:14:03+08:00,1.476,103.5994,C,Cloud to Cloud,2026-02-06T16:11:52.119+08:00
2026-02-07 11:58:23,2026-02-06T16:12:00+08:00,2026-02-06T16:14:03+08:00,1.4197,103.6528,C,Cloud to Cloud,2026-02-06T16:11:52.119+08:00
2026-02-07 11:58:23,2026-02-06T16:12:00+08:00,2026-02-06T16:14:03+08:00,1.4265,103.6425,C,Cloud to Cloud,2026-02-06T16:11:52.119+08:00
2026-02-07 11:58:23,2026-02-06T16:12:00+08:00,2026-02-06T16:14:03+08:00,1.4132,103.6547,C,Cloud to Cloud,2026-02-06T16:11:52.12+08:00
2026-02-07 11:58:23,2026-02-06T16:10:00+08:00,2026-02-06T16:12:03+08:00,1.4228,103.6068,C,Cloud to Cloud,2026-02-06T16:08:15.113+08:00
2026-02-07 11:58:23,2026-02-06T16:10:00+08:00,2026-02-06T16:12:03+08:00,1.4228,103.6068,C,Cloud to Cloud,2026-02-06T16:08:15.114+08:00
2026-02-07 11:58:23,2026-02-06T16:10:00+08:00,2026-02-06T16:12:03+08:00,1.4177,103.5993,C,Cloud to Cloud,2026-02-06T16:08:15.191+08:00
2026-02-07 11:58:23,2026-02-06T16:10:00+08:00,2026-02-06T16:12:03+08:00,1.4177,103.5993,C,Cloud to Cloud,2026-02-06T16:08:15.191+08:00
2026-02-07 11:58:23,2026-02-06T16:10:00+08:00,2026-02-06T16:12:03+08:00,1.3906,103.6322,C,Cloud to Cloud,2026-02-06T16:08:15.216+08:00
2026-02-07 11:58:23,2026-02-06T16:10:00+08:00,2026-02-06T16:12:03+08:00,1.4007,103.6138,C,Cloud to Cloud,2026-02-06T16:08:15.216+08:00
2026-02-07 11:58:23,2026-02-06T16:10:00+08:00,2026-02-06T16:12:03+08:00,1.4088,103.6013,C,Cloud to Cloud,2026-02-06T16:08:15.216+08:00
2026-02-07 11:58:23,2026-02-06T16:10:00+08:00,2026-02-06T16:12:03+08:00,1.4075,103.5858,C,Cloud to Cloud,2026-02-06T16:08:15.217+08:00
2026-02-07 11:58:23,2026-02-06T16:10:00+08:00,2026-02-06T16:12:03+08:00,1.4159,103.5955,C,Cloud to Cloud,2026-02-06T16:08:15.217+08:00
2026-02-07 11:58:23,2026-02-06T16:10:00+08:00,2026-02-06T16:12:03+08:00,1.4186,103.6011,C,Cloud to Cloud,2026-02-06T16:09:15.749+08:00
2026-02-07 11:58:23,2026-02-06T16:10:00+08:00,2026-02-06T16:12:03+08:00,1.4186,103.6011,C,Cloud to Cloud,2026-02-06T16:09:15.749+08:00
2026-02-07 11:58:23,2026-02-06T16:10:00+08:00,2026-02-06T16:12:03+08:00,1.4162,103.6048,C,Cloud to Cloud,2026-02-06T16:09:15.753+08:00
2026-02-07 11:58:23,2026-02-06T16:10:00+08:00,2026-02-06T16:12:03+08:00,1.4162,103.6048,C,Cloud to Cloud,2026-02-06T16:09:15.753+08:00
2026-02-07 11:58:23,2026-02-06T16:10:00+08:00,2026-02-06T16:12:03+08:00,1.4395,103.6061,C,Cloud to Cloud,2026-02-06T16:09:15.814+08:00
2026-02-07 11:58:23,2026-02-06T16:10:00+08:00,2026-02-06T16:12:03+08:00,1.4373,103.5894,C,Cloud to Cloud,2026-02-06T16:09:15.818+08:00
2026-02-07 11:58:23,2026-02-06T16:10:00+08:00,2026-02-06T16:12:03+08:00,1.4581,103.649,C,Cloud to Cloud,2026-02-06T16:09:15.822+08:00
2026-02-07 11:58:23,2026-02-06T16:10:00+08:00,2026-02-06T16:12:03+08:00,1.416,103.6105,C,Cloud to Cloud,2026-02-06T16:09:15.85+08:00
2026-02-07 11:58:23,2026-02-06T16:10:00+08:00,2026-02-06T16:12:03+08:00,1.416,103.6105,C,Cloud to Cloud,2026-02-06T16:09:15.85+08:00
2026-02-07 11:58:23,2026-02-06T16:10:00+08:00,2026-02-06T16:12:03+08:00,1.4553,103.5647,C,Cloud to Cloud,2026-02-06T16:09:15.852+08:00
2026-02-07 11:58:23,2026-02-06T16:10:00+08:00,2026-02-06T16:12:03+08:00,1.4495,103.6013,C,Cloud to Cloud,2026-02-06T16:09:15.852+08:00
2026-02-07 11:58:23,2026-02-06T16:10:00+08:00,2026-02-06T16:12:03+08:00,1.4065,103.5853,C,Cloud to Cloud,2026-02-06T16:09:15.99+08:00
2026-02-07 11:58:23,2026-02-06T16:10:00+08:00,2026-02-06T16:12:03+08:00,1.3894,103.549,C,Cloud to Cloud,2026-02-06T16:09:15.99+08:00
2026-02-07 11:58:23,2026-02-06T16:10:00+08:00,2026-02-06T16:12:03+08:00,1.3808,103.6281,C,Cloud to Cloud,2026-02-06T16:09:15.99+08:00
2026-02-07 11:58:23,2026-02-06T16:08:00+08:00,2026-02-06T16:10:03+08:00,1.4284,103.6371,C,Cloud to Cloud,2026-02-06T16:06:11.565+08:00
2026-02-07 11:58:23,2026-02-06T16:08:00+08:00,2026-02-06T16:10:03+08:00,1.4234,103.5526,C,Cloud to Cloud,2026-02-06T16:06:16.286+08:00
2026-02-07 11:58:23,2026-02-06T16:08:00+08:00,2026-02-06T16:10:03+08:00,1.4333,103.583,C,Cloud to Cloud,2026-02-06T16:06:16.286+08:00
2026-02-07 11:58:23,2026-02-06T16:08:00+08:00,2026-02-06T16:10:03+08:00,1.439,103.5718,C,Cloud to Cloud,2026-02-06T16:06:16.286+08:00
2026-02-07 11:58:23,2026-02-06T16:08:00+08:00,2026-02-06T16:10:03+08:00,1.4267,103.5895,C,Cloud to Cloud,2026-02-06T16:06:16.287+08:00
2026-02-07 11:58:23,2026-02-06T16:08:00+08:00,2026-02-06T16:10:03+08:00,1.4351,103.5802,C,Cloud to Cloud,2026-02-06T16:06:16.287+08:00
2026-02-07 11:58:23,2026-02-06T16:08:00+08:00,2026-02-06T16:10:03+08:00,1.4321,103.6073,C,Cloud to Cloud,2026-02-06T16:06:16.293+08:00
2026-02-07 11:58:23,2026-02-06T16:08:00+08:00,2026-02-06T16:10:03+08:00,1.427,103.5503,C,Cloud to Cloud,2026-02-06T16:06:16.321+08:00
2026-02-07 11:58:23,2026-02-06T16:08:00+08:00,2026-02-06T16:10:03+08:00,1.4333,103.6116,C,Cloud to Cloud,2026-02-06T16:06:16.363+08:00
2026-02-07 11:58:23,2026-02-06T16:08:00+08:00,2026-02-06T16:10:03+08:00,1.4333,103.6116,C,Cloud to Cloud,2026-02-06T16:06:16.363+08:00
2026-02-07 11:58:23,2026-02-06T16:08:00+08:00,2026-02-06T16:10:03+08:00,1.4358,103.6101,C,Cloud to Cloud,2026-02-06T16:06:16.365+08:00
2026-02-07 11:58:23,2026-02-06T16:08:00+08:00,2026-02-06T16:10:03+08:00,1.3926,103.6572,C,Cloud to Cloud,2026-02-06T16:06:16.488+08:00
2026-02-07 11:58:23,2026-02-06T16:08:00+08:00,2026-02-06T16:10:03+08:00,1.4259,103.5963,C,Cloud to Cloud,2026-02-06T16:06:16.488+08:00
2026-02-07 11:58:23,2026-02-06T16:08:00+08:00,2026-02-06T16:10:03+08:00,1.4538,103.5981,C,Cloud to Cloud,2026-02-06T16:06:16.492+08:00
2026-02-07 11:58:23,2026-02-06T16:08:00+08:00,2026-02-06T16:10:03+08:00,1.4193,103.5931,C,Cloud to Cloud,2026-02-06T16:06:52.921+08:00
2026-02-07 11:58:23,2026-02-06T16:08:00+08:00,2026-02-06T16:10:03+08:00,1.4165,103.5991,C,Cloud to Cloud,2026-02-06T16:06:52.921+08:00
2026-02-07 11:58:23,2026-02-06T16:08:00+08:00,2026-02-06T16:10:03+08:00,1.4105,103.6081,C,Cloud to Cloud,2026-02-06T16:06:52.923+08:00
2026-02-07 11:58:23,2026-02-06T16:08:00+08:00,2026-02-06T16:10:03+08:00,1.4118,103.5664,C,Cloud to Cloud,2026-02-06T16:06:52.923+08:00
2026-02-07 11:58:23,2026-02-06T16:08:00+08:00,2026-02-06T16:10:03+08:00,1.4105,103.6335,C,Cloud to Cloud,2026-02-06T16:06:52.923+08:00
2026-02-07 11:58:23,2026-02-06T16:08:00+08:00,2026-02-06T16:10:03+08:00,1.3721,103.6356,C,Cloud to Cloud,2026-02-06T16:06:52.924+08:00
2026-02-07 11:58:23,2026-02-06T16:08:00+08:00,2026-02-06T16:10:03+08:00,1.4165,103.6127,C,Cloud to Cloud,2026-02-06T16:06:52.989+08:00
2026-02-07 11:58:23,2026-02-06T16:08:00+08:00,2026-02-06T16:10:03+08:00,1.4165,103.6127,C,Cloud to Cloud,2026-02-06T16:06:52.989+08:00
2026-02-07 11:58:23,2026-02-06T16:08:00+08:00,2026-02-06T16:10:03+08:00,1.4269,103.6273,C,Cloud to Cloud,2026-02-06T16:06:53.075+08:00
2026-02-07 11:58:23,2026-02-06T16:08:00+08:00,2026-02-06T16:10:03+08:00,1.4269,103.6273,C,Cloud to Cloud,2026-02-06T16:06:53.075+08:00
2026-02-07 11:58:23,2026-02-06T16:08:00+08:00,2026-02-06T16:10:03+08:00,1.3903,103.6309,C,Cloud to Cloud,2026-02-06T16:06:53.108+08:00
2026-02-07 11:58:23,2026-02-06T16:08:00+08:00,2026-02-06T16:10:03+08:00,1.416,103.5488,C,Cloud to Cloud,2026-02-06T16:06:53.163+08:00
2026-02-07 11:58:23,2026-02-06T16:08:00+08:00,2026-02-06T16:10:03+08:00,1.4207,103.612,C,Cloud to Cloud,2026-02-06T16:06:53.163+08:00
2026-02-07 11:58:23,2026-02-06T16:08:00+08:00,2026-02-06T16:10:03+08:00,1.425,103.5727,C,Cloud to Cloud,2026-02-06T16:06:53.163+08:00
2026-02-07 11:58:23,2026-02-06T16:08:00+08:00,2026-02-06T16:10:03+08:00,1.4819,103.6022,C,Cloud to Cloud,2026-02-06T16:06:53.163+08:00
2026-02-07 11:58:23,2026-02-06T16:08:00+08:00,2026-02-06T16:10:03+08:00,1.4123,103.6259,C,Cloud to Cloud,2026-02-06T16:06:53.163+08:00
2026-02-07 11:58:23,2026-02-06T16:08:00+08:00,2026-02-06T16:10:03+08:00,1.417,103.558,C,Cloud to Cloud,2026-02-06T16:06:53.192+08:00
2026-02-07 11:58:23,2026-02-06T16:08:00+08:00,2026-02-06T16:10:03+08:00,1.4408,103.6088,C,Cloud to Cloud,2026-02-06T16:06:53.192+08:00
2026-02-07 11:58:23,2026-02-06T16:08:00+08:00,2026-02-06T16:10:03+08:00,1.4408,103.6088,C,Cloud to Cloud,2026-02-06T16:06:53.193+08:00
2026-02-07 11:58:23,2026-02-06T16:08:00+08:00,2026-02-06T16:10:03+08:00,1.4717,103.612,C,Cloud to Cloud,2026-02-06T16:06:53.193+08:00
2026-02-07 11:58:23,2026-02-06T16:08:00+08:00,2026-02-06T16:10:03+08:00,1.4371,103.5759,C,Cloud to Cloud,2026-02-06T16:06:53.213+08:00
2026-02-07 11:58:23,2026-02-06T16:08:00+08:00,2026-02-06T16:10:03+08:00,1.4117,103.635,C,Cloud to Cloud,2026-02-06T16:06:53.214+08:00
2026-02-07 11:58:23,2026-02-06T16:08:00+08:00,2026-02-06T16:10:03+08:00,1.4006,103.6506,C,Cloud to Cloud,2026-02-06T16:06:53.214+08:00
2026-02-07 11:58:23,2026-02-06T16:08:00+08:00,2026-02-06T16:10:03+08:00,1.4582,103.613,C,Cloud to Cloud,2026-02-06T16:06:53.214+08:00
2026-02-07 11:58:23,2026-02-06T16:08:00+08:00,2026-02-06T16:10:03+08:00,1.4001,103.6291,C,Cloud to Cloud,2026-02-06T16:06:53.231+08:00
2026-02-07 11:58:23,2026-02-06T16:08:00+08:00,2026-02-06T16:10:03+08:00,1.3996,103.635,C,Cloud to Cloud,2026-02-06T16:06:53.266+08:00
2026-02-07 11:58:23,2026-02-06T16:08:00+08:00,2026-02-06T16:10:03+08:00,1.4149,103.6197,C,Cloud to Cloud,2026-02-06T16:06:53.266+08:00
2026-02-07 11:58:23,2026-02-06T16:08:00+08:00,2026-02-06T16:10:03+08:00,1.4402,103.5879,C,Cloud to Cloud,2026-02-06T16:06:53.266+08:00
2026-02-07 11:58:23,2026-02-06T16:08:00+08:00,2026-02-06T16:10:03+08:00,1.4389,103.6051,C,Cloud to Cloud,2026-02-06T16:06:53.266+08:00
2026-02-07 11:58:23,2026-02-06T16:08:00+08:00,2026-02-06T16:10:03+08:00,1.4506,103.5945,C,Cloud to Cloud,2026-02-06T16:06:53.267+08:00
2026-02-07 11:58:23,2026-02-06T16:08:00+08:00,2026-02-06T16:10:03+08:00,1.4232,103.6293,C,Cloud to Cloud,2026-02-06T16:06:53.267+08:00
2026-02-07 11:58:23,2026-02-06T16:08:00+08:00,2026-02-06T16:10:03+08:00,1.4252,103.5913,C,Cloud to Cloud,2026-02-06T16:06:53.289+08:00
2026-02-07 11:58:23,2026-02-06T16:08:00+08:00,2026-02-06T16:10:03+08:00,1.4484,103.6001,C,Cloud to Cloud,2026-02-06T16:06:53.29+08:00
2026-02-07 11:58:23,2026-02-06T16:08:00+08:00,2026-02-06T16:10:03+08:00,1.4486,103.6038,C,Cloud to Cloud,2026-02-06T16:06:53.29+08:00
2026-02-07 11:58:23,2026-02-06T16:08:00+08:00,2026-02-06T16:10:03+08:00,1.4537,103.6047,C,Cloud to Cloud,2026-02-06T16:06:53.292+08:00
2026-02-07 11:58:23,2026-02-06T16:08:00+08:00,2026-02-06T16:10:03+08:00,1.4548,103.6018,C,Cloud to Cloud,2026-02-06T16:06:53.338+08:00
2026-02-07 11:58:23,2026-02-06T16:08:00+08:00,2026-02-06T16:10:03+08:00,1.4446,103.577,C,Cloud to Cloud,2026-02-06T16:07:45.159+08:00
2026-02-07 11:58:23,2026-02-06T16:08:00+08:00,2026-02-06T16:10:03+08:00,1.4456,103.5727,C,Cloud to Cloud,2026-02-06T16:07:45.159+08:00
2026-02-07 11:58:23,2026-02-06T16:08:00+08:00,2026-02-06T16:10:03+08:00,1.4443,103.5786,C,Cloud to Cloud,2026-02-06T16:07:45.159+08:00
2026-02-07 11:58:23,2026-02-06T16:08:00+08:00,2026-02-06T16:10:03+08:00,1.4426,103.5793,C,Cloud to Cloud,2026-02-06T16:07:45.16+08:00
2026-02-07 11:58:23,2026-02-06T16:08:00+08:00,2026-02-06T16:10:03+08:00,1.4493,103.5743,C,Cloud to Cloud,2026-02-06T16:07:45.16+08:00
2026-02-07 11:58:23,2026-02-06T16:08:00+08:00,2026-02-06T16:10:03+08:00,1.4401,103.5869,C,Cloud to Cloud,2026-02-06T16:07:45.161+08:00
2026-02-07 11:58:23,2026-02-06T16:08:00+08:00,2026-02-06T16:10:03+08:00,1.4467,103.5931,C,Cloud to Cloud,2026-02-06T16:07:45.165+08:00
2026-02-07 11:58:23,2026-02-06T16:08:00+08:00,2026-02-06T16:10:03+08:00,1.4328,103.5713,C,Cloud to Cloud,2026-02-06T16:07:45.165+08:00
2026-02-07 11:58:23,2026-02-06T16:08:00+08:00,2026-02-06T16:10:03+08:00,1.5108,103.5223,C,Cloud to Cloud,2026-02-06T16:07:45.168+08:00
2026-02-07 11:58:23,2026-02-06T16:08:00+08:00,2026-02-06T16:10:03+08:00,1.4045,103.6275,C,Cloud to Cloud,2026-02-06T16:07:45.168+08:00
2026-02-07 11:58:23,2026-02-06T16:08:00+08:00,2026-02-06T16:10:03+08:00,1.4586,103.5811,C,Cloud to Cloud,2026-02-06T16:07:45.175+08:00
2026-02-07 11:58:23,2026-02-06T16:08:00+08:00,2026-02-06T16:10:03+08:00,1.4034,103.6318,C,Cloud to Cloud,2026-02-06T16:07:45.177+08:00
2026-02-07 11:58:23,2026-02-06T16:08:00+08:00,2026-02-06T16:10:03+08:00,1.4307,103.6448,C,Cloud to Cloud,2026-02-06T16:07:45.177+08:00
2026-02-07 11:58:23,2026-02-06T16:08:00+08:00,2026-02-06T16:10:03+08:00,1.4417,103.5925,C,Cloud to Cloud,2026-02-06T16:07:45.207+08:00
2026-02-07 11:58:23,2026-02-06T16:08:00+08:00,2026-02-06T16:10:03+08:00,1.4548,103.5805,C,Cloud to Cloud,2026-02-06T16:07:45.265+08:00
2026-02-07 11:58:23,2026-02-06T16:08:00+08:00,2026-02-06T16:10:03+08:00,1.436,103.5667,C,Cloud to Cloud,2026-02-06T16:07:45.289+08:00
2026-02-07 11:58:23,2026-02-06T16:08:00+08:00,2026-02-06T16:10:03+08:00,1.4555,103.5647,C,Cloud to Cloud,2026-02-06T16:07:45.336+08:00
2026-02-07 11:58:23,2026-02-06T16:08:00+08:00,2026-02-06T16:10:03+08:00,1.4575,103.562,C,Cloud to Cloud,2026-02-06T16:07:45.336+08:00
2026-02-07 11:58:23,2026-02-06T16:08:00+08:00,2026-02-06T16:10:03+08:00,1.4396,103.5964,C,Cloud to Cloud,2026-02-06T16:07:45.338+08:00
2026-02-07 11:58:23,2026-02-06T16:08:00+08:00,2026-02-06T16:10:03+08:00,1.4617,103.5991,C,Cloud to Cloud,2026-02-06T16:07:45.346+08:00
2026-02-07 11:58:23,2026-02-06T16:08:00+08:00,2026-02-06T16:10:03+08:00,1.4535,103.5298,C,Cloud to Cloud,2026-02-06T16:07:45.346+08:00
2026-02-07 11:58:23,2026-02-06T16:08:00+08:00,2026-02-06T16:10:03+08:00,1.4533,103.6126,C,Cloud to Cloud,2026-02-06T16:07:45.347+08:00
2026-02-07 11:58:23,2026-02-06T16:08:00+08:00,2026-02-06T16:10:03+08:00,1.4575,103.6082,C,Cloud to Cloud,2026-02-06T16:07:45.348+08:00
2026-02-07 11:58:23,2026-02-06T16:08:00+08:00,2026-02-06T16:10:03+08:00,1.454,103.6112,C,Cloud to Cloud,2026-02-06T16:07:45.348+08:00
2026-02-07 11:58:23,2026-02-06T16:08:00+08:00,2026-02-06T16:10:03+08:00,1.457,103.5748,C,Cloud to Cloud,2026-02-06T16:07:45.353+08:00
2026-02-07 11:58:23,2026-02-06T16:08:00+08:00,2026-02-06T16:10:03+08:00,1.4543,103.5743,C,Cloud to Cloud,2026-02-06T16:07:45.353+08:00
2026-02-07 11:58:23,2026-02-06T16:08:00+08:00,2026-02-06T16:10:03+08:00,1.4307,103.6043,C,Cloud to Cloud,2026-02-06T16:07:45.353+08:00
2026-02-07 11:58:23,2026-02-06T16:08:00+08:00,2026-02-06T16:10:03+08:00,1.437,103.6057,C,Cloud to Cloud,2026-02-06T16:07:45.355+08:00
2026-02-07 11:58:23,2026-02-06T16:08:00+08:00,2026-02-06T16:10:03+08:00,1.4401,103.5883,C,Cloud to Cloud,2026-02-06T16:07:45.356+08:00
2026-02-07 11:58:23,2026-02-06T16:08:00+08:00,2026-02-06T16:10:03+08:00,1.4317,103.5927,C,Cloud to Cloud,2026-02-06T16:07:45.356+08:00
2026-02-07 11:58:23,2026-02-06T16:08:00+08:00,2026-02-06T16:10:03+08:00,1.4214,103.6009,C,Cloud to Cloud,2026-02-06T16:07:45.361+08:00
2026-02-07 11:58:23,2026-02-06T16:08:00+08:00,2026-02-06T16:10:03+08:00,1.4333,103.4915,C,Cloud to Cloud,2026-02-06T16:07:45.361+08:00
2026-02-07 11:58:23,2026-02-06T16:08:00+08:00,2026-02-06T16:10:03+08:00,1.4305,103.5898,C,Cloud to Cloud,2026-02-06T16:07:45.361+08:00
2026-02-07 11:58:23,2026-02-06T16:08:00+08:00,2026-02-06T16:10:03+08:00,1.4322,103.5811,C,Cloud to Cloud,2026-02-06T16:07:45.361+08:00
2026-02-07 11:58:23,2026-02-06T16:08:00+08:00,2026-02-06T16:10:03+08:00,1.4467,103.5884,C,Cloud to Cloud,2026-02-06T16:07:45.361+08:00
2026-02-07 11:58:23,2026-02-06T16:08:00+08:00,2026-02-06T16:10:03+08:00,1.4256,103.586,C,Cloud to Cloud,2026-02-06T16:07:45.394+08:00
2026-02-07 11:58:23,2026-02-06T16:08:00+08:00,2026-02-06T16:10:03+08:00,1.4098,103.6066,C,Cloud to Cloud,2026-02-06T16:07:45.394+08:00
2026-02-07 11:58:23,2026-02-06T16:08:00+08:00,2026-02-06T16:10:03+08:00,1.4224,103.583,C,Cloud to Cloud,2026-02-06T16:07:45.454+08:00
2026-02-07 11:58:23,2026-02-06T16:06:00+08:00,2026-02-06T16:08:02+08:00,1.6387,103.4802,C,Cloud to Cloud,2026-02-06T16:04:08.04+08:00
2026-02-07 11:58:23,2026-02-06T16:06:00+08:00,2026-02-06T16:08:02+08:00,1.4037,103.6162,C,Cloud to Cloud,2026-02-06T16:04:26.925+08:00
2026-02-07 11:58:23,2026-02-06T16:06:00+08:00,2026-02-06T16:08:02+08:00,1.4573,103.5431,C,Cloud to Cloud,2026-02-06T16:04:26.929+08:00
2026-02-07 11:58:23,2026-02-06T16:06:00+08:00,2026-02-06T16:08:02+08:00,1.4328,103.6646,C,Cloud to Cloud,2026-02-06T16:04:26.929+08:00
2026-02-07 11:58:23,2026-02-06T16:06:00+08:00,2026-02-06T16:08:02+08:00,1.4273,103.6035,C,Cloud to Cloud,2026-02-06T16:04:27.016+08:00
2026-02-07 11:58:23,2026-02-06T16:06:00+08:00,2026-02-06T16:08:02+08:00,1.4329,103.6411,C,Cloud to Cloud,2026-02-06T16:04:27.016+08:00
2026-02-07 11:58:23,2026-02-06T16:06:00+08:00,2026-02-06T16:08:02+08:00,1.4181,103.5585,C,Cloud to Cloud,2026-02-06T16:04:27.027+08:00
2026-02-07 11:58:23,2026-02-06T16:06:00+08:00,2026-02-06T16:08:02+08:00,1.4297,103.6118,C,Cloud to Cloud,2026-02-06T16:04:27.027+08:00
2026-02-07 11:58:23,2026-02-06T16:06:00+08:00,2026-02-06T16:08:02+08:00,1.4378,103.645,C,Cloud to Cloud,2026-02-06T16:04:27.028+08:00
2026-02-07 11:58:23,2026-02-06T16:06:00+08:00,2026-02-06T16:08:02+08:00,1.4537,103.6137,C,Cloud to Cloud,2026-02-06T16:04:27.051+08:00
2026-02-07 11:58:23,2026-02-06T16:06:00+08:00,2026-02-06T16:08:02+08:00,1.4251,103.5642,C,Cloud to Cloud,2026-02-06T16:04:27.061+08:00
2026-02-07 11:58:23,2026-02-06T16:06:00+08:00,2026-02-06T16:08:02+08:00,1.429,103.6296,C,Cloud to Cloud,2026-02-06T16:04:27.061+08:00
2026-02-07 11:58:23,2026-02-06T16:06:00+08:00,2026-02-06T16:08:02+08:00,1.4581,103.5158,C,Cloud to Cloud,2026-02-06T16:04:27.061+08:00
2026-02-07 11:58:23,2026-02-06T16:06:00+08:00,2026-02-06T16:08:02+08:00,1.429,103.6296,C,Cloud to Cloud,2026-02-06T16:04:27.061+08:00
2026-02-07 11:58:23,2026-02-06T16:06:00+08:00,2026-02-06T16:08:02+08:00,1.3995,103.6309,C,Cloud to Cloud,2026-02-06T16:04:27.124+08:00
2026-02-07 11:58:23,2026-02-06T16:06:00+08:00,2026-02-06T16:08:02+08:00,1.4218,103.5757,C,Cloud to Cloud,2026-02-06T16:04:27.133+08:00
2026-02-07 11:58:23,2026-02-06T16:06:00+08:00,2026-02-06T16:08:02+08:00,1.443,103.5528,C,Cloud to Cloud,2026-02-06T16:04:27.139+08:00
2026-02-07 11:58:23,2026-02-06T16:06:00+08:00,2026-02-06T16:08:02+08:00,1.4584,103.549,C,Cloud to Cloud,2026-02-06T16:04:27.15+08:00
2026-02-07 11:58:23,2026-02-06T16:06:00+08:00,2026-02-06T16:08:02+08:00,1.4594,103.5482,C,Cloud to Cloud,2026-02-06T16:04:27.15+08:00
2026-02-07 11:58:23,2026-02-06T16:06:00+08:00,2026-02-06T16:08:02+08:00,1.4268,103.6059,C,Cloud to Cloud,2026-02-06T16:05:04.973+08:00
2026-02-07 11:58:23,2026-02-06T16:06:00+08:00,2026-02-06T16:08:02+08:00,1.4174,103.5977,G,Cloud to Ground,2026-02-06T16:05:04.973+08:00
2026-02-07 11:58:23,2026-02-06T16:06:00+08:00,2026-02-06T16:08:02+08:00,1.4268,103.6059,C,Cloud to Cloud,2026-02-06T16:05:04.973+08:00
2026-02-07 11:58:23,2026-02-06T16:06:00+08:00,2026-02-06T16:08:02+08:00,1.4262,103.5993,G,Cloud to Ground,2026-02-06T16:05:05.033+08:00
2026-02-07 11:58:23,2026-02-06T16:06:00+08:00,2026-02-06T16:08:02+08:00,1.4274,103.6067,C,Cloud to Cloud,2026-02-06T16:05:05.034+08:00
2026-02-07 11:58:23,2026-02-06T16:06:00+08:00,2026-02-06T16:08:02+08:00,1.424,103.597,C,Cloud to Cloud,2026-02-06T16:05:05.034+08:00
2026-02-07 11:58:23,2026-02-06T16:06:00+08:00,2026-02-06T16:08:02+08:00,1.4265,103.5997,C,Cloud to Cloud,2026-02-06T16:05:05.034+08:00
2026-02-07 11:58:23,2026-02-06T16:06:00+08:00,2026-02-06T16:08:02+08:00,1.4297,103.5759,C,Cloud to Cloud,2026-02-06T16:05:05.054+08:00
2026-02-07 11:58:23,2026-02-06T16:06:00+08:00,2026-02-06T16:08:02+08:00,1.4351,103.5859,C,Cloud to Cloud,2026-02-06T16:05:05.096+08:00
2026-02-07 11:58:23,2026-02-06T16:06:00+08:00,2026-02-06T16:08:02+08:00,1.437,103.5769,C,Cloud to Cloud,2026-02-06T16:05:05.104+08:00
2026-02-07 11:58:23,2026-02-06T16:06:00+08:00,2026-02-06T16:08:02+08:00,1.4364,103.5814,G,Cloud to Ground,2026-02-06T16:05:05.104+08:00
2026-02-07 11:58:23,2026-02-06T16:06:00+08:00,2026-02-06T16:08:02+08:00,1.4362,103.586,C,Cloud to Cloud,2026-02-06T16:05:05.104+08:00
2026-02-07 11:58:23,2026-02-06T16:06:00+08:00,2026-02-06T16:08:02+08:00,1.4338,103.5764,C,Cloud to Cloud,2026-02-06T16:05:05.104+08:00
2026-02-07 11:58:23,2026-02-06T16:06:00+08:00,2026-02-06T16:08:02+08:00,1.4306,103.5809,C,Cloud to Cloud,2026-02-06T16:05:05.105+08:00
2026-02-07 11:58:23,2026-02-06T16:06:00+08:00,2026-02-06T16:08:02+08:00,1.4252,103.592,C,Cloud to Cloud,2026-02-06T16:05:05.105+08:00
2026-02-07 11:58:23,2026-02-06T16:06:00+08:00,2026-02-06T16:08:02+08:00,1.4448,103.532,C,Cloud to Cloud,2026-02-06T16:05:05.105+08:00
2026-02-07 11:58:23,2026-02-06T16:06:00+08:00,2026-02-06T16:08:02+08:00,1.4267,103.5262,C,Cloud to Cloud,2026-02-06T16:05:05.15+08:00
2026-02-07 11:58:23,2026-02-06T16:06:00+08:00,2026-02-06T16:08:02+08:00,1.4322,103.5657,C,Cloud to Cloud,2026-02-06T16:05:05.169+08:00
2026-02-07 11:58:23,2026-02-06T16:06:00+08:00,2026-02-06T16:08:02+08:00,1.443,103.5791,C,Cloud to Cloud,2026-02-06T16:05:05.179+08:00
2026-02-07 11:58:23,2026-02-06T16:06:00+08:00,2026-02-06T16:08:02+08:00,1.4261,103.5847,C,Cloud to Cloud,2026-02-06T16:05:26.1+08:00
2026-02-07 11:58:23,2026-02-06T16:06:00+08:00,2026-02-06T16:08:02+08:00,1.4426,103.5624,C,Cloud to Cloud,2026-02-06T16:05:26.1+08:00
2026-02-07 11:58:23,2026-02-06T16:06:00+08:00,2026-02-06T16:08:02+08:00,1.4177,103.5232,C,Cloud to Cloud,2026-02-06T16:05:26.1+08:00
2026-02-07 11:58:23,2026-02-06T16:06:00+08:00,2026-02-06T16:08:02+08:00,1.432,103.5954,C,Cloud to Cloud,2026-02-06T16:05:26.107+08:00
2026-02-07 11:58:23,2026-02-06T16:06:00+08:00,2026-02-06T16:08:02+08:00,1.4262,103.5769,C,Cloud to Cloud,2026-02-06T16:05:26.261+08:00
2026-02-07 11:58:23,2026-02-06T16:06:00+08:00,2026-02-06T16:08:02+08:00,1.4163,103.5888,C,Cloud to Cloud,2026-02-06T16:05:26.261+08:00
2026-02-07 11:58:23,2026-02-06T16:06:00+08:00,2026-02-06T16:08:02+08:00,1.4311,103.558,C,Cloud to Cloud,2026-02-06T16:05:26.264+08:00
2026-02-07 11:58:23,2026-02-06T16:06:00+08:00,2026-02-06T16:08:02+08:00,1.4396,103.5966,C,Cloud to Cloud,2026-02-06T16:05:26.278+08:00
2026-02-07 11:58:23,2026-02-06T16:06:00+08:00,2026-02-06T16:08:02+08:00,1.4397,103.5978,C,Cloud to Cloud,2026-02-06T16:05:26.278+08:00
2026-02-07 11:58:23,2026-02-06T16:06:00+08:00,2026-02-06T16:08:02+08:00,1.4296,103.5954,C,Cloud to Cloud,2026-02-06T16:05:26.313+08:00
2026-02-07 11:58:23,2026-02-06T16:06:00+08:00,2026-02-06T16:08:02+08:00,1.4082,103.5926,C,Cloud to Cloud,2026-02-06T16:05:26.338+08:00
2026-02-07 11:58:23,2026-02-06T16:06:00+08:00,2026-02-06T16:08:02+08:00,1.41,103.5887,C,Cloud to Cloud,2026-02-06T16:05:26.338+08:00
2026-02-07 11:58:23,2026-02-06T16:06:00+08:00,2026-02-06T16:08:02+08:00,1.3922,103.6244,C,Cloud to Cloud,2026-02-06T16:05:26.338+08:00
2026-02-07 11:58:23,2026-02-06T16:06:00+08:00,2026-02-06T16:08:02+08:00,1.4319,103.5739,C,Cloud to Cloud,2026-02-06T16:05:26.366+08:00
2026-02-07 11:58:23,2026-02-06T16:06:00+08:00,2026-02-06T16:08:02+08:00,1.4313,103.5783,C,Cloud to Cloud,2026-02-06T16:05:26.366+08:00
2026-02-07 11:58:23,2026-02-06T16:06:00+08:00,2026-02-06T16:08:02+08:00,1.4267,103.5821,C,Cloud to Cloud,2026-02-06T16:05:26.366+08:00
2026-02-07 11:58:23,2026-02-06T16:04:00+08:00,2026-02-06T16:06:02+08:00,1.3975,103.6053,C,Cloud to Cloud,2026-02-06T16:02:17.594+08:00
2026-02-07 11:58:23,2026-02-06T16:04:00+08:00,2026-02-06T16:06:02+08:00,1.4231,103.5927,C,Cloud to Cloud,2026-02-06T16:02:17.595+08:00
2026-02-07 11:58:23,2026-02-06T16:04:00+08:00,2026-02-06T16:06:02+08:00,1.4266,103.6046,C,Cloud to Cloud,2026-02-06T16:02:17.595+08:00
2026-02-07 11:58:23,2026-02-06T16:04:00+08:00,2026-02-06T16:06:02+08:00,1.4268,103.6061,C,Cloud to Cloud,2026-02-06T16:02:17.596+08:00
2026-02-07 11:58:23,2026-02-06T16:04:00+08:00,2026-02-06T16:06:02+08:00,1.4282,103.6204,C,Cloud to Cloud,2026-02-06T16:02:17.596+08:00
2026-02-07 11:58:23,2026-02-06T16:04:00+08:00,2026-02-06T16:06:02+08:00,1.4313,103.6173,C,Cloud to Cloud,2026-02-06T16:02:17.596+08:00
2026-02-07 11:58:23,2026-02-06T16:04:00+08:00,2026-02-06T16:06:02+08:00,1.4362,103.6107,C,Cloud to Cloud,2026-02-06T16:02:17.596+08:00
2026-02-07 11:58:23,2026-02-06T16:04:00+08:00,2026-02-06T16:06:02+08:00,1.4412,103.6068,C,Cloud to Cloud,2026-02-06T16:02:17.596+08:00
2026-02-07 11:58:23,2026-02-06T16:04:00+08:00,2026-02-06T16:06:02+08:00,1.4509,103.5981,C,Cloud to Cloud,2026-02-06T16:02:17.596+08:00
2026-02-07 11:58:23,2026-02-06T16:04:00+08:00,2026-02-06T16:06:02+08:00,1.4344,103.6267,C,Cloud to Cloud,2026-02-06T16:02:17.598+08:00
2026-02-07 11:58:23,2026-02-06T16:04:00+08:00,2026-02-06T16:06:02+08:00,1.4358,103.6253,C,Cloud to Cloud,2026-02-06T16:02:17.598+08:00
2026-02-07 11:58:23,2026-02-06T16:04:00+08:00,2026-02-06T16:06:02+08:00,1.4348,103.6244,C,Cloud to Cloud,2026-02-06T16:02:17.598+08:00
2026-02-07 11:58:23,2026-02-06T16:04:00+08:00,2026-02-06T16:06:02+08:00,1.4356,103.6225,C,Cloud to Cloud,2026-02-06T16:02:17.598+08:00
2026-02-07 11:58:23,2026-02-06T16:04:00+08:00,2026-02-06T16:06:02+08:00,1.4354,103.626,C,Cloud to Cloud,2026-02-06T16:02:17.598+08:00
2026-02-07 11:58:23,2026-02-06T16:04:00+08:00,2026-02-06T16:06:02+08:00,1.436,103.6327,C,Cloud to Cloud,2026-02-06T16:02:17.599+08:00
2026-02-07 11:58:23,2026-02-06T16:04:00+08:00,2026-02-06T16:06:02+08:00,1.4355,103.6356,C,Cloud to Cloud,2026-02-06T16:02:17.599+08:00
2026-02-07 11:58:23,2026-02-06T16:04:00+08:00,2026-02-06T16:06:02+08:00,1.435,103.63,C,Cloud to Cloud,2026-02-06T16:02:17.599+08:00
2026-02-07 11:58:23,2026-02-06T16:04:00+08:00,2026-02-06T16:06:02+08:00,1.4366,103.6334,C,Cloud to Cloud,2026-02-06T16:02:17.599+08:00
2026-02-07 11:58:23,2026-02-06T16:04:00+08:00,2026-02-06T16:06:02+08:00,1.4385,103.646,C,Cloud to Cloud,2026-02-06T16:02:17.599+08:00
2026-02-07 11:58:23,2026-02-06T16:04:00+08:00,2026-02-06T16:06:02+08:00,1.4385,103.646,C,Cloud to Cloud,2026-02-06T16:02:17.599+08:00
2026-02-07 11:58:23,2026-02-06T16:04:00+08:00,2026-02-06T16:06:02+08:00,1.442,103.6061,C,Cloud to Cloud,2026-02-06T16:02:17.624+08:00
2026-02-07 11:58:23,2026-02-06T16:04:00+08:00,2026-02-06T16:06:02+08:00,1.4369,103.5852,G,Cloud to Ground,2026-02-06T16:02:17.624+08:00
2026-02-07 11:58:23,2026-02-06T16:04:00+08:00,2026-02-06T16:06:02+08:00,1.4336,103.5897,C,Cloud to Cloud,2026-02-06T16:02:17.625+08:00
2026-02-07 11:58:23,2026-02-06T16:04:00+08:00,2026-02-06T16:06:02+08:00,1.4284,103.5975,C,Cloud to Cloud,2026-02-06T16:02:17.625+08:00
2026-02-07 11:58:23,2026-02-06T16:04:00+08:00,2026-02-06T16:06:02+08:00,1.4281,103.6039,C,Cloud to Cloud,2026-02-06T16:02:17.645+08:00
2026-02-07 11:58:23,2026-02-06T16:04:00+08:00,2026-02-06T16:06:02+08:00,1.4278,103.6043,C,Cloud to Cloud,2026-02-06T16:02:17.645+08:00
2026-02-07 11:58:23,2026-02-06T16:04:00+08:00,2026-02-06T16:06:02+08:00,1.4347,103.5756,C,Cloud to Cloud,2026-02-06T16:02:17.685+08:00
2026-02-07 11:58:23,2026-02-06T16:04:00+08:00,2026-02-06T16:06:02+08:00,1.3827,103.6693,C,Cloud to Cloud,2026-02-06T16:02:17.685+08:00
2026-02-07 11:58:23,2026-02-06T16:04:00+08:00,2026-02-06T16:06:02+08:00,1.4406,103.574,G,Cloud to Ground,2026-02-06T16:02:17.685+08:00
2026-02-07 11:58:23,2026-02-06T16:04:00+08:00,2026-02-06T16:06:02+08:00,1.4144,103.6145,C,Cloud to Cloud,2026-02-06T16:02:17.848+08:00
2026-02-07 11:58:23,2026-02-06T16:04:00+08:00,2026-02-06T16:06:02+08:00,1.4066,103.6256,C,Cloud to Cloud,2026-02-06T16:02:17.848+08:00
2026-02-07 11:58:23,2026-02-06T16:04:00+08:00,2026-02-06T16:06:02+08:00,1.4377,103.5838,C,Cloud to Cloud,2026-02-06T16:02:17.848+08:00
2026-02-07 11:58:23,2026-02-06T16:04:00+08:00,2026-02-06T16:06:02+08:00,1.4105,103.6127,C,Cloud to Cloud,2026-02-06T16:02:17.848+08:00
2026-02-07 11:58:23,2026-02-06T16:04:00+08:00,2026-02-06T16:06:02+08:00,1.4626,103.5673,C,Cloud to Cloud,2026-02-06T16:02:27.361+08:00
2026-02-07 11:58:23,2026-02-06T16:04:00+08:00,2026-02-06T16:06:02+08:00,1.4581,103.538,C,Cloud to Cloud,2026-02-06T16:02:27.429+08:00
2026-02-07 11:58:23,2026-02-06T16:04:00+08:00,2026-02-06T16:06:02+08:00,1.4453,103.5585,C,Cloud to Cloud,2026-02-06T16:02:46.785+08:00
2026-02-07 11:58:23,2026-02-06T16:04:00+08:00,2026-02-06T16:06:02+08:00,1.4291,103.6308,C,Cloud to Cloud,2026-02-06T16:02:46.785+08:00
2026-02-07 11:58:23,2026-02-06T16:04:00+08:00,2026-02-06T16:06:02+08:00,1.4306,103.6289,C,Cloud to Cloud,2026-02-06T16:02:46.785+08:00
2026-02-07 11:58:23,2026-02-06T16:04:00+08:00,2026-02-06T16:06:02+08:00,1.4309,103.6484,C,Cloud to Cloud,2026-02-06T16:02:46.786+08:00
2026-02-07 11:58:23,2026-02-06T16:04:00+08:00,2026-02-06T16:06:02+08:00,1.406,103.6049,C,Cloud to Cloud,2026-02-06T16:02:46.787+08:00
2026-02-07 11:58:23,2026-02-06T16:04:00+08:00,2026-02-06T16:06:02+08:00,1.4245,103.5848,C,Cloud to Cloud,2026-02-06T16:02:46.788+08:00
2026-02-07 11:58:23,2026-02-06T16:04:00+08:00,2026-02-06T16:06:02+08:00,1.4287,103.5901,C,Cloud to Cloud,2026-02-06T16:02:46.789+08:00
2026-02-07 11:58:23,2026-02-06T16:04:00+08:00,2026-02-06T16:06:02+08:00,1.4358,103.5799,C,Cloud to Cloud,2026-02-06T16:02:46.789+08:00
2026-02-07 11:58:23,2026-02-06T16:04:00+08:00,2026-02-06T16:06:02+08:00,1.4581,103.6339,C,Cloud to Cloud,2026-02-06T16:02:46.802+08:00
2026-02-07 11:58:23,2026-02-06T16:04:00+08:00,2026-02-06T16:06:02+08:00,1.415,103.6273,C,Cloud to Cloud,2026-02-06T16:02:46.817+08:00
2026-02-07 11:58:23,2026-02-06T16:04:00+08:00,2026-02-06T16:06:02+08:00,1.4337,103.6353,C,Cloud to Cloud,2026-02-06T16:02:46.904+08:00
2026-02-07 11:58:23,2026-02-06T16:04:00+08:00,2026-02-06T16:06:02+08:00,1.4337,103.6353,C,Cloud to Cloud,2026-02-06T16:02:46.904+08:00
2026-02-07 11:58:23,2026-02-06T16:04:00+08:00,2026-02-06T16:06:02+08:00,1.4166,103.6166,C,Cloud to Cloud,2026-02-06T16:02:47.014+08:00
2026-02-07 11:58:23,2026-02-06T16:04:00+08:00,2026-02-06T16:06:02+08:00,1.4382,103.6316,C,Cloud to Cloud,2026-02-06T16:02:47.014+08:00
2026-02-07 11:58:23,2026-02-06T16:04:00+08:00,2026-02-06T16:06:02+08:00,1.4166,103.6168,C,Cloud to Cloud,2026-02-06T16:02:47.014+08:00
2026-02-07 11:58:23,2026-02-06T16:04:00+08:00,2026-02-06T16:06:02+08:00,1.4382,103.6316,C,Cloud to Cloud,2026-02-06T16:02:47.014+08:00
2026-02-07 11:58:23,2026-02-06T16:04:00+08:00,2026-02-06T16:06:02+08:00,1.4305,103.577,C,Cloud to Cloud,2026-02-06T16:02:47.014+08:00
2026-02-07 11:58:23,2026-02-06T16:04:00+08:00,2026-02-06T16:06:02+08:00,1.4353,103.6318,C,Cloud to Cloud,2026-02-06T16:02:47.014+08:00
2026-02-07 11:58:23,2026-02-06T16:04:00+08:00,2026-02-06T16:06:02+08:00,1.4336,103.6407,C,Cloud to Cloud,2026-02-06T16:02:47.014+08:00
2026-02-07 11:58:23,2026-02-06T16:04:00+08:00,2026-02-06T16:06:02+08:00,1.4356,103.6457,C,Cloud to Cloud,2026-02-06T16:02:47.014+08:00
2026-02-07 11:58:23,2026-02-06T16:04:00+08:00,2026-02-06T16:06:02+08:00,1.4344,103.6363,C,Cloud to Cloud,2026-02-06T16:02:47.014+08:00
2026-02-07 11:58:23,2026-02-06T16:04:00+08:00,2026-02-06T16:06:02+08:00,1.4329,103.6312,C,Cloud to Cloud,2026-02-06T16:02:47.014+08:00
2026-02-07 11:58:23,2026-02-06T16:04:00+08:00,2026-02-06T16:06:02+08:00,1.4485,103.645,C,Cloud to Cloud,2026-02-06T16:02:47.025+08:00
2026-02-07 11:58:23,2026-02-06T16:04:00+08:00,2026-02-06T16:06:02+08:00,1.4422,103.6497,C,Cloud to Cloud,2026-02-06T16:02:47.026+08:00
2026-02-07 11:58:23,2026-02-06T16:04:00+08:00,2026-02-06T16:06:02+08:00,1.4379,103.6192,C,Cloud to Cloud,2026-02-06T16:02:47.026+08:00
2026-02-07 11:58:23,2026-02-06T16:04:00+08:00,2026-02-06T16:06:02+08:00,1.4296,103.6574,C,Cloud to Cloud,2026-02-06T16:02:47.026+08:00
2026-02-07 11:58:23,2026-02-06T16:04:00+08:00,2026-02-06T16:06:02+08:00,1.4344,103.5968,C,Cloud to Cloud,2026-02-06T16:02:47.027+08:00
2026-02-07 11:58:23,2026-02-06T16:04:00+08:00,2026-02-06T16:06:02+08:00,1.4333,103.5798,C,Cloud to Cloud,2026-02-06T16:02:47.028+08:00
2026-02-07 11:58:23,2026-02-06T16:04:00+08:00,2026-02-06T16:06:02+08:00,1.4436,103.5592,C,Cloud to Cloud,2026-02-06T16:02:47.04+08:00
2026-02-07 11:58:23,2026-02-06T16:04:00+08:00,2026-02-06T16:06:02+08:00,1.4424,103.5896,C,Cloud to Cloud,2026-02-06T16:02:47.04+08:00
2026-02-07 11:58:23,2026-02-06T16:04:00+08:00,2026-02-06T16:06:02+08:00,1.4219,103.6127,C,Cloud to Cloud,2026-02-06T16:02:47.04+08:00
2026-02-07 11:58:23,2026-02-06T16:04:00+08:00,2026-02-06T16:06:02+08:00,1.4197,103.6027,C,Cloud to Cloud,2026-02-06T16:02:47.04+08:00
2026-02-07 11:58:23,2026-02-06T16:04:00+08:00,2026-02-06T16:06:02+08:00,1.4181,103.601,C,Cloud to Cloud,2026-02-06T16:02:47.04+08:00
2026-02-07 11:58:23,2026-02-06T16:04:00+08:00,2026-02-06T16:06:02+08:00,1.4345,103.6527,C,Cloud to Cloud,2026-02-06T16:02:47.04+08:00
2026-02-07 11:58:23,2026-02-06T16:04:00+08:00,2026-02-06T16:06:02+08:00,1.4328,103.6033,C,Cloud to Cloud,2026-02-06T16:02:47.041+08:00
2026-02-07 11:58:23,2026-02-06T16:04:00+08:00,2026-02-06T16:06:02+08:00,1.4299,103.5956,C,Cloud to Cloud,2026-02-06T16:02:47.041+08:00
2026-02-07 11:58:23,2026-02-06T16:04:00+08:00,2026-02-06T16:06:02+08:00,1.4556,103.6268,C,Cloud to Cloud,2026-02-06T16:02:47.047+08:00
2026-02-07 11:58:23,2026-02-06T16:04:00+08:00,2026-02-06T16:06:02+08:00,1.4552,103.6413,C,Cloud to Cloud,2026-02-06T16:02:47.047+08:00
2026-02-07 11:58:23,2026-02-06T16:04:00+08:00,2026-02-06T16:06:02+08:00,1.4376,103.6273,C,Cloud to Cloud,2026-02-06T16:02:47.055+08:00
2026-02-07 11:58:23,2026-02-06T16:04:00+08:00,2026-02-06T16:06:02+08:00,1.4376,103.6273,C,Cloud to Cloud,2026-02-06T16:02:47.055+08:00
2026-02-07 11:58:23,2026-02-06T16:04:00+08:00,2026-02-06T16:06:02+08:00,1.425,103.5858,C,Cloud to Cloud,2026-02-06T16:02:47.058+08:00
2026-02-07 11:58:23,2026-02-06T16:04:00+08:00,2026-02-06T16:06:02+08:00,1.4332,103.5651,C,Cloud to Cloud,2026-02-06T16:02:47.069+08:00
2026-02-07 11:58:23,2026-02-06T16:04:00+08:00,2026-02-06T16:06:02+08:00,1.4305,103.5681,C,Cloud to Cloud,2026-02-06T16:02:47.069+08:00
2026-02-07 11:58:23,2026-02-06T16:04:00+08:00,2026-02-06T16:06:02+08:00,1.4217,103.5742,C,Cloud to Cloud,2026-02-06T16:02:47.09+08:00
2026-02-07 11:58:23,2026-02-06T16:04:00+08:00,2026-02-06T16:06:02+08:00,1.4544,103.6462,C,Cloud to Cloud,2026-02-06T16:02:47.093+08:00
2026-02-07 11:58:23,2026-02-06T16:04:00+08:00,2026-02-06T16:06:02+08:00,1.4544,103.6462,C,Cloud to Cloud,2026-02-06T16:02:47.093+08:00
2026-02-07 11:58:23,2026-02-06T16:04:00+08:00,2026-02-06T16:06:02+08:00,1.4248,103.5282,C,Cloud to Cloud,2026-02-06T16:02:47.096+08:00
2026-02-07 11:58:23,2026-02-06T16:04:00+08:00,2026-02-06T16:06:02+08:00,1.4455,103.6203,C,Cloud to Cloud,2026-02-06T16:02:47.103+08:00
2026-02-07 11:58:23,2026-02-06T16:04:00+08:00,2026-02-06T16:06:02+08:00,1.4481,103.5014,C,Cloud to Cloud,2026-02-06T16:02:47.103+08:00
2026-02-07 11:58:23,2026-02-06T16:04:00+08:00,2026-02-06T16:06:02+08:00,1.4377,103.6302,C,Cloud to Cloud,2026-02-06T16:02:47.133+08:00
2026-02-07 11:58:23,2026-02-06T16:04:00+08:00,2026-02-06T16:06:02+08:00,1.4377,103.6302,C,Cloud to Cloud,2026-02-06T16:02:47.133+08:00
2026-02-07 11:58:23,2026-02-06T16:04:00+08:00,2026-02-06T16:06:02+08:00,1.4278,103.5412,C,Cloud to Cloud,2026-02-06T16:02:47.185+08:00
2026-02-07 11:58:23,2026-02-06T16:04:00+08:00,2026-02-06T16:06:02+08:00,1.4324,103.5345,C,Cloud to Cloud,2026-02-06T16:02:47.185+08:00
2026-02-07 11:58:23,2026-02-06T16:04:00+08:00,2026-02-06T16:06:02+08:00,1.4558,103.5833,C,Cloud to Cloud,2026-02-06T16:03:29.798+08:00
2026-02-07 11:58:23,2026-02-06T16:04:00+08:00,2026-02-06T16:06:02+08:00,1.4414,103.5627,C,Cloud to Cloud,2026-02-06T16:03:29.798+08:00
2026-02-07 11:58:23,2026-02-06T16:04:00+08:00,2026-02-06T16:06:02+08:00,1.4585,103.5874,C,Cloud to Cloud,2026-02-06T16:03:29.859+08:00
2026-02-07 11:58:23,2026-02-06T16:04:00+08:00,2026-02-06T16:06:02+08:00,1.4283,103.5382,C,Cloud to Cloud,2026-02-06T16:03:29.859+08:00
2026-02-07 11:58:23,2026-02-06T16:04:00+08:00,2026-02-06T16:06:02+08:00,1.4581,103.5728,C,Cloud to Cloud,2026-02-06T16:03:29.869+08:00
2026-02-07 11:58:23,2026-02-06T16:04:00+08:00,2026-02-06T16:06:02+08:00,1.4147,103.5791,C,Cloud to Cloud,2026-02-06T16:03:29.881+08:00
2026-02-07 11:58:23,2026-02-06T16:04:00+08:00,2026-02-06T16:06:02+08:00,1.441,103.5871,C,Cloud to Cloud,2026-02-06T16:03:29.881+08:00
2026-02-07 11:58:23,2026-02-06T16:04:00+08:00,2026-02-06T16:06:02+08:00,1.4468,103.6214,C,Cloud to Cloud,2026-02-06T16:03:29.916+08:00
2026-02-07 11:58:23,2026-02-06T16:04:00+08:00,2026-02-06T16:06:02+08:00,1.4468,103.6214,C,Cloud to Cloud,2026-02-06T16:03:29.916+08:00
2026-02-07 11:58:23,2026-02-06T16:04:00+08:00,2026-02-06T16:06:02+08:00,1.444,103.6424,C,Cloud to Cloud,2026-02-06T16:03:29.922+08:00
2026-02-07 11:58:23,2026-02-06T16:04:00+08:00,2026-02-06T16:06:02+08:00,1.444,103.6424,C,Cloud to Cloud,2026-02-06T16:03:29.922+08:00
2026-02-07 11:58:23,2026-02-06T16:04:00+08:00,2026-02-06T16:06:02+08:00,1.4418,103.6184,C,Cloud to Cloud,2026-02-06T16:03:29.926+08:00
2026-02-07 11:58:23,2026-02-06T16:04:00+08:00,2026-02-06T16:06:02+08:00,1.4158,103.5836,C,Cloud to Cloud,2026-02-06T16:03:29.947+08:00
2026-02-07 11:58:23,2026-02-06T16:04:00+08:00,2026-02-06T16:06:02+08:00,1.453,103.6279,C,Cloud to Cloud,2026-02-06T16:03:29.996+08:00
2026-02-07 11:58:23,2026-02-06T16:04:00+08:00,2026-02-06T16:06:02+08:00,1.4082,103.5805,C,Cloud to Cloud,2026-02-06T16:03:50.744+08:00
2026-02-07 11:58:23,2026-02-06T16:04:00+08:00,2026-02-06T16:06:02+08:00,1.4375,103.6365,C,Cloud to Cloud,2026-02-06T16:03:50.843+08:00
2026-02-07 11:58:23,2026-02-06T16:04:00+08:00,2026-02-06T16:06:02+08:00,1.4375,103.6365,C,Cloud to Cloud,2026-02-06T16:03:50.843+08:00
2026-02-07 11:58:23,2026-02-06T16:04:00+08:00,2026-02-06T16:06:02+08:00,1.4312,103.574,C,Cloud to Cloud,2026-02-06T16:03:50.897+08:00
2026-02-07 11:58:23,2026-02-06T16:04:00+08:00,2026-02-06T16:06:02+08:00,1.4312,103.574,C,Cloud to Cloud,2026-02-06T16:03:50.897+08:00
2026-02-07 11:58:23,2026-02-06T16:04:00+08:00,2026-02-06T16:06:02+08:00,1.4341,103.6387,C,Cloud to Cloud,2026-02-06T16:03:50.897+08:00
2026-02-07 11:58:23,2026-02-06T16:04:00+08:00,2026-02-06T16:06:02+08:00,1.4341,103.6387,C,Cloud to Cloud,2026-02-06T16:03:50.897+08:00
2026-02-07 11:58:23,2026-02-06T16:04:00+08:00,2026-02-06T16:06:02+08:00,1.4392,103.6231,C,Cloud to Cloud,2026-02-06T16:03:50.923+08:00
2026-02-07 11:58:23,2026-02-06T16:04:00+08:00,2026-02-06T16:06:02+08:00,1.4392,103.6231,C,Cloud to Cloud,2026-02-06T16:03:50.924+08:00
2026-02-07 11:58:23,2026-02-06T16:04:00+08:00,2026-02-06T16:06:02+08:00,1.4374,103.6152,C,Cloud to Cloud,2026-02-06T16:03:50.939+08:00
2026-02-07 11:58:23,2026-02-06T16:04:00+08:00,2026-02-06T16:06:02+08:00,1.4374,103.6152,C,Cloud to Cloud,2026-02-06T16:03:50.939+08:00
2026-02-07 11:58:23,2026-02-06T16:02:00+08:00,2026-02-06T16:04:02+08:00,1.4558,103.6368,C,Cloud to Cloud,2026-02-06T16:00:08.544+08:00
2026-02-07 11:58:23,2026-02-06T16:02:00+08:00,2026-02-06T16:04:02+08:00,1.4838,103.4897,C,Cloud to Cloud,2026-02-06T16:00:08.544+08:00
2026-02-07 11:58:23,2026-02-06T16:02:00+08:00,2026-02-06T16:04:02+08:00,1.4556,103.6441,C,Cloud to Cloud,2026-02-06T16:00:08.544+08:00
2026-02-07 11:58:23,2026-02-06T16:02:00+08:00,2026-02-06T16:04:02+08:00,1.4646,103.6774,C,Cloud to Cloud,2026-02-06T16:00:08.665+08:00
2026-02-07 11:58:23,2026-02-06T16:02:00+08:00,2026-02-06T16:04:02+08:00,1.4666,103.6574,C,Cloud to Cloud,2026-02-06T16:00:08.665+08:00
2026-02-07 11:58:23,2026-02-06T16:02:00+08:00,2026-02-06T16:04:02+08:00,1.4702,103.6153,C,Cloud to Cloud,2026-02-06T16:00:08.665+08:00
2026-02-07 11:58:23,2026-02-06T16:02:00+08:00,2026-02-06T16:04:02+08:00,1.4669,103.5931,C,Cloud to Cloud,2026-02-06T16:00:08.785+08:00
2026-02-07 11:58:23,2026-02-06T16:02:00+08:00,2026-02-06T16:04:02+08:00,1.4696,103.5903,C,Cloud to Cloud,2026-02-06T16:00:08.785+08:00
2026-02-07 11:58:23,2026-02-06T16:02:00+08:00,2026-02-06T16:04:02+08:00,1.4646,103.6436,C,Cloud to Cloud,2026-02-06T16:00:08.785+08:00
2026-02-07 11:58:23,2026-02-06T16:02:00+08:00,2026-02-06T16:04:02+08:00,1.4474,103.6455,C,Cloud to Cloud,2026-02-06T16:00:08.796+08:00
2026-02-07 11:58:23,2026-02-06T16:02:00+08:00,2026-02-06T16:04:02+08:00,1.4474,103.6455,C,Cloud to Cloud,2026-02-06T16:00:08.796+08:00
2026-02-07 11:58:23,2026-02-06T16:02:00+08:00,2026-02-06T16:04:02+08:00,1.4546,103.5705,C,Cloud to Cloud,2026-02-06T16:00:08.804+08:00
2026-02-07 11:58:23,2026-02-06T16:02:00+08:00,2026-02-06T16:04:02+08:00,1.4418,103.5918,C,Cloud to Cloud,2026-02-06T16:00:08.804+08:00
2026-02-07 11:58:23,2026-02-06T16:02:00+08:00,2026-02-06T16:04:02+08:00,1.4547,103.6304,C,Cloud to Cloud,2026-02-06T16:00:08.804+08:00
2026-02-07 11:58:23,2026-02-06T16:02:00+08:00,2026-02-06T16:04:02+08:00,1.444,103.5864,C,Cloud to Cloud,2026-02-06T16:00:08.804+08:00
2026-02-07 11:58:23,2026-02-06T16:02:00+08:00,2026-02-06T16:04:02+08:00,1.4537,103.6254,C,Cloud to Cloud,2026-02-06T16:00:08.804+08:00
2026-02-07 11:58:23,2026-02-06T16:02:00+08:00,2026-02-06T16:04:02+08:00,1.4555,103.6437,C,Cloud to Cloud,2026-02-06T16:00:08.819+08:00
2026-02-07 11:58:23,2026-02-06T16:02:00+08:00,2026-02-06T16:04:02+08:00,1.4522,103.5637,C,Cloud to Cloud,2026-02-06T16:00:08.819+08:00
2026-02-07 11:58:23,2026-02-06T16:02:00+08:00,2026-02-06T16:04:02+08:00,1.4502,103.6187,C,Cloud to Cloud,2026-02-06T16:00:08.821+08:00
2026-02-07 11:58:23,2026-02-06T16:02:00+08:00,2026-02-06T16:04:02+08:00,1.4573,103.638,C,Cloud to Cloud,2026-02-06T16:00:08.833+08:00
2026-02-07 11:58:23,2026-02-06T16:02:00+08:00,2026-02-06T16:04:02+08:00,1.4581,103.622,C,Cloud to Cloud,2026-02-06T16:00:08.833+08:00
2026-02-07 11:58:23,2026-02-06T16:02:00+08:00,2026-02-06T16:04:02+08:00,1.456,103.6434,C,Cloud to Cloud,2026-02-06T16:00:08.833+08:00
2026-02-07 11:58:23,2026-02-06T16:02:00+08:00,2026-02-06T16:04:02+08:00,1.4501,103.6082,C,Cloud to Cloud,2026-02-06T16:00:08.833+08:00
2026-02-07 11:58:23,2026-02-06T16:02:00+08:00,2026-02-06T16:04:02+08:00,1.4556,103.5982,C,Cloud to Cloud,2026-02-06T16:00:08.87+08:00
2026-02-07 11:58:23,2026-02-06T16:02:00+08:00,2026-02-06T16:04:02+08:00,1.4546,103.5996,C,Cloud to Cloud,2026-02-06T16:00:08.87+08:00
2026-02-07 11:58:23,2026-02-06T16:02:00+08:00,2026-02-06T16:04:02+08:00,1.4678,103.5539,C,Cloud to Cloud,2026-02-06T16:00:08.87+08:00
2026-02-07 11:58:23,2026-02-06T16:02:00+08:00,2026-02-06T16:04:02+08:00,1.4572,103.5829,C,Cloud to Cloud,2026-02-06T16:00:08.87+08:00
2026-02-07 11:58:23,2026-02-06T16:02:00+08:00,2026-02-06T16:04:02+08:00,1.4636,103.6558,C,Cloud to Cloud,2026-02-06T16:00:08.87+08:00
2026-02-07 11:58:23,2026-02-06T16:02:00+08:00,2026-02-06T16:04:02+08:00,1.4406,103.6381,C,Cloud to Cloud,2026-02-06T16:00:08.894+08:00
2026-02-07 11:58:23,2026-02-06T16:02:00+08:00,2026-02-06T16:04:02+08:00,1.4425,103.5842,C,Cloud to Cloud,2026-02-06T16:00:08.894+08:00
2026-02-07 11:58:23,2026-02-06T16:02:00+08:00,2026-02-06T16:04:02+08:00,1.4498,103.5765,C,Cloud to Cloud,2026-02-06T16:00:08.927+08:00
2026-02-07 11:58:23,2026-02-06T16:02:00+08:00,2026-02-06T16:04:02+08:00,1.4657,103.5475,C,Cloud to Cloud,2026-02-06T16:00:51.571+08:00
2026-02-07 11:58:23,2026-02-06T16:02:00+08:00,2026-02-06T16:04:02+08:00,1.4602,103.6363,C,Cloud to Cloud,2026-02-06T16:00:51.656+08:00
2026-02-07 11:58:23,2026-02-06T16:02:00+08:00,2026-02-06T16:04:02+08:00,1.4318,103.5746,C,Cloud to Cloud,2026-02-06T16:00:51.822+08:00
2026-02-07 11:58:23,2026-02-06T16:02:00+08:00,2026-02-06T16:04:02+08:00,1.4047,103.5423,C,Cloud to Cloud,2026-02-06T16:00:51.826+08:00
2026-02-07 11:58:23,2026-02-06T16:02:00+08:00,2026-02-06T16:04:02+08:00,1.4423,103.6186,C,Cloud to Cloud,2026-02-06T16:00:51.909+08:00
2026-02-07 11:58:23,2026-02-06T16:02:00+08:00,2026-02-06T16:04:02+08:00,1.4715,103.55,C,Cloud to Cloud,2026-02-06T16:01:19.797+08:00
2026-02-07 11:58:23,2026-02-06T16:02:00+08:00,2026-02-06T16:04:02+08:00,1.4754,103.6117,C,Cloud to Cloud,2026-02-06T16:01:19.889+08:00
2026-02-07 11:58:23,2026-02-06T16:02:00+08:00,2026-02-06T16:04:02+08:00,1.4501,103.6435,C,Cloud to Cloud,2026-02-06T16:01:26.849+08:00
2026-02-07 11:58:23,2026-02-06T16:02:00+08:00,2026-02-06T16:04:02+08:00,1.4501,103.6435,C,Cloud to Cloud,2026-02-06T16:01:26.849+08:00
2026-02-07 11:58:23,2026-02-06T16:02:00+08:00,2026-02-06T16:04:02+08:00,1.4512,103.6413,C,Cloud to Cloud,2026-02-06T16:01:26.85+08:00
2026-02-07 11:58:23,2026-02-06T16:02:00+08:00,2026-02-06T16:04:02+08:00,1.4489,103.5854,C,Cloud to Cloud,2026-02-06T16:01:26.85+08:00
2026-02-07 11:58:23,2026-02-06T16:02:00+08:00,2026-02-06T16:04:02+08:00,1.4546,103.5812,C,Cloud to Cloud,2026-02-06T16:01:26.85+08:00
2026-02-07 11:58:23,2026-02-06T16:02:00+08:00,2026-02-06T16:04:02+08:00,1.4505,103.6367,C,Cloud to Cloud,2026-02-06T16:01:26.85+08:00
2026-02-07 11:58:23,2026-02-06T16:02:00+08:00,2026-02-06T16:04:02+08:00,1.4427,103.6204,C,Cloud to Cloud,2026-02-06T16:01:26.886+08:00
2026-02-07 11:58:23,2026-02-06T16:02:00+08:00,2026-02-06T16:04:02+08:00,1.4427,103.6204,C,Cloud to Cloud,2026-02-06T16:01:26.886+08:00
2026-02-07 11:58:23,2026-02-06T16:02:00+08:00,2026-02-06T16:04:02+08:00,1.4354,103.6055,C,Cloud to Cloud,2026-02-06T16:01:27.033+08:00
2026-02-07 11:58:23,2026-02-06T16:02:00+08:00,2026-02-06T16:04:02+08:00,1.435,103.6018,C,Cloud to Cloud,2026-02-06T16:01:27.033+08:00
2026-02-07 11:58:23,2026-02-06T16:02:00+08:00,2026-02-06T16:04:02+08:00,1.4355,103.6066,C,Cloud to Cloud,2026-02-06T16:01:27.033+08:00
2026-02-07 11:58:23,2026-02-06T16:02:00+08:00,2026-02-06T16:04:02+08:00,1.432,103.5717,C,Cloud to Cloud,2026-02-06T16:01:27.091+08:00
2026-02-07 11:58:23,2026-02-06T16:02:00+08:00,2026-02-06T16:04:02+08:00,1.4544,103.6327,C,Cloud to Cloud,2026-02-06T16:01:27.1+08:00
2026-02-07 11:58:23,2026-02-06T16:02:00+08:00,2026-02-06T16:04:02+08:00,1.4544,103.6203,C,Cloud to Cloud,2026-02-06T16:01:27.1+08:00
2026-02-07 11:58:23,2026-02-06T16:02:00+08:00,2026-02-06T16:04:02+08:00,1.4163,103.6308,C,Cloud to Cloud,2026-02-06T16:01:27.1+08:00
2026-02-07 11:58:23,2026-02-06T16:02:00+08:00,2026-02-06T16:04:02+08:00,1.4489,103.6276,C,Cloud to Cloud,2026-02-06T16:01:27.1+08:00
2026-02-07 11:58:23,2026-02-06T16:02:00+08:00,2026-02-06T16:04:02+08:00,1.4508,103.6218,C,Cloud to Cloud,2026-02-06T16:01:27.1+08:00
2026-02-07 11:58:23,2026-02-06T16:02:00+08:00,2026-02-06T16:04:02+08:00,1.4051,103.6506,C,Cloud to Cloud,2026-02-06T16:01:27.1+08:00
2026-02-07 11:58:23,2026-02-06T16:02:00+08:00,2026-02-06T16:04:02+08:00,1.4566,103.6272,C,Cloud to Cloud,2026-02-06T16:01:27.1+08:00
2026-02-07 11:58:23,2026-02-06T16:02:00+08:00,2026-02-06T16:04:02+08:00,1.4261,103.6294,C,Cloud to Cloud,2026-02-06T16:01:27.1+08:00
2026-02-07 11:58:23,2026-02-06T16:02:00+08:00,2026-02-06T16:04:02+08:00,1.4618,103.5913,C,Cloud to Cloud,2026-02-06T16:01:27.101+08:00
2026-02-07 11:58:23,2026-02-06T16:02:00+08:00,2026-02-06T16:04:02+08:00,1.4632,103.6026,C,Cloud to Cloud,2026-02-06T16:01:27.101+08:00
2026-02-07 11:58:23,2026-02-06T16:02:00+08:00,2026-02-06T16:04:02+08:00,1.4695,103.5978,C,Cloud to Cloud,2026-02-06T16:01:27.101+08:00
2026-02-07 11:58:23,2026-02-06T16:02:00+08:00,2026-02-06T16:04:02+08:00,1.4626,103.5905,C,Cloud to Cloud,2026-02-06T16:01:27.101+08:00
2026-02-07 11:58:23,2026-02-06T16:02:00+08:00,2026-02-06T16:04:02+08:00,1.4587,103.6478,C,Cloud to Cloud,2026-02-06T16:01:27.101+08:00
2026-02-07 11:58:23,2026-02-06T16:02:00+08:00,2026-02-06T16:04:02+08:00,1.4465,103.5882,C,Cloud to Cloud,2026-02-06T16:01:27.106+08:00
2026-02-07 11:58:23,2026-02-06T16:02:00+08:00,2026-02-06T16:04:02+08:00,1.4523,103.582,C,Cloud to Cloud,2026-02-06T16:01:27.106+08:00
2026-02-07 11:58:23,2026-02-06T16:02:00+08:00,2026-02-06T16:04:02+08:00,1.455,103.6437,C,Cloud to Cloud,2026-02-06T16:01:27.14+08:00
2026-02-07 11:58:23,2026-02-06T16:02:00+08:00,2026-02-06T16:04:02+08:00,1.455,103.6437,C,Cloud to Cloud,2026-02-06T16:01:27.14+08:00
2026-02-07 11:58:23,2026-02-06T16:02:00+08:00,2026-02-06T16:04:02+08:00,1.3888,103.6693,C,Cloud to Cloud,2026-02-06T16:01:27.14+08:00
2026-02-07 11:58:23,2026-02-06T16:02:00+08:00,2026-02-06T16:04:02+08:00,1.4551,103.6516,C,Cloud to Cloud,2026-02-06T16:01:27.14+08:00
2026-02-07 11:58:23,2026-02-06T16:02:00+08:00,2026-02-06T16:04:02+08:00,1.4442,103.5863,C,Cloud to Cloud,2026-02-06T16:01:27.141+08:00
2026-02-07 11:58:23,2026-02-06T16:02:00+08:00,2026-02-06T16:04:02+08:00,1.413,103.635,C,Cloud to Cloud,2026-02-06T16:01:27.141+08:00
2026-02-07 11:58:23,2026-02-06T16:02:00+08:00,2026-02-06T16:04:02+08:00,1.4201,103.6254,C,Cloud to Cloud,2026-02-06T16:01:27.141+08:00
2026-02-07 11:58:23,2026-02-06T16:02:00+08:00,2026-02-06T16:04:02+08:00,1.4559,103.6395,C,Cloud to Cloud,2026-02-06T16:01:27.141+08:00
2026-02-07 11:58:23,2026-02-06T16:02:00+08:00,2026-02-06T16:04:02+08:00,1.4559,103.6395,C,Cloud to Cloud,2026-02-06T16:01:27.141+08:00
2026-02-07 11:58:23,2026-02-06T16:02:00+08:00,2026-02-06T16:04:02+08:00,1.3761,103.6815,C,Cloud to Cloud,2026-02-06T16:01:27.156+08:00
2026-02-07 11:58:23,2026-02-06T16:02:00+08:00,2026-02-06T16:04:02+08:00,1.4091,103.669,C,Cloud to Cloud,2026-02-06T16:01:27.167+08:00
2026-02-07 11:58:23,2026-02-06T16:02:00+08:00,2026-02-06T16:04:02+08:00,1.402,103.6312,C,Cloud to Cloud,2026-02-06T16:01:27.171+08:00
2026-02-07 11:58:23,2026-02-06T16:02:00+08:00,2026-02-06T16:04:02+08:00,1.4124,103.6176,C,Cloud to Cloud,2026-02-06T16:01:27.172+08:00
2026-02-07 11:58:23,2026-02-06T16:02:00+08:00,2026-02-06T16:04:02+08:00,1.4079,103.4569,C,Cloud to Cloud,2026-02-06T16:01:27.172+08:00
2026-02-07 11:58:23,2026-02-06T16:02:00+08:00,2026-02-06T16:04:02+08:00,1.4167,103.5949,C,Cloud to Cloud,2026-02-06T16:01:27.172+08:00
2026-02-07 11:58:23,2026-02-06T16:02:00+08:00,2026-02-06T16:04:02+08:00,1.446,103.5996,C,Cloud to Cloud,2026-02-06T16:01:27.187+08:00
2026-02-07 11:58:23,2026-02-06T16:02:00+08:00,2026-02-06T16:04:02+08:00,1.4501,103.61,C,Cloud to Cloud,2026-02-06T16:01:27.187+08:00
2026-02-07 11:58:23,2026-02-06T16:02:00+08:00,2026-02-06T16:04:02+08:00,1.4539,103.5366,C,Cloud to Cloud,2026-02-06T16:01:27.218+08:00
2026-02-07 11:58:23,2026-02-06T16:02:00+08:00,2026-02-06T16:04:02+08:00,1.4531,103.6471,C,Cloud to Cloud,2026-02-06T16:01:27.24+08:00
2026-02-07 11:58:23,2026-02-06T16:00:00+08:00,2026-02-06T16:02:02+08:00,1.0817,103.7236,C,Cloud to Cloud,2026-02-06T15:58:08.598+08:00
2026-02-07 11:58:23,2026-02-06T16:00:00+08:00,2026-02-06T16:02:02+08:00,1.4675,103.6166,C,Cloud to Cloud,2026-02-06T15:58:20.702+08:00
2026-02-07 11:58:23,2026-02-06T16:00:00+08:00,2026-02-06T16:02:02+08:00,1.4663,103.6166,C,Cloud to Cloud,2026-02-06T15:58:20.703+08:00
2026-02-07 11:58:23,2026-02-06T16:00:00+08:00,2026-02-06T16:02:02+08:00,1.4334,103.5407,C,Cloud to Cloud,2026-02-06T15:58:20.704+08:00
2026-02-07 11:58:23,2026-02-06T16:00:00+08:00,2026-02-06T16:02:02+08:00,1.4423,103.5752,C,Cloud to Cloud,2026-02-06T15:58:20.704+08:00
2026-02-07 11:58:23,2026-02-06T16:00:00+08:00,2026-02-06T16:02:02+08:00,1.4683,103.6487,C,Cloud to Cloud,2026-02-06T15:58:20.704+08:00
2026-02-07 11:58:23,2026-02-06T16:00:00+08:00,2026-02-06T16:02:02+08:00,1.4706,103.6418,C,Cloud to Cloud,2026-02-06T15:58:20.705+08:00
2026-02-07 11:58:23,2026-02-06T16:00:00+08:00,2026-02-06T16:02:02+08:00,1.47,103.6464,C,Cloud to Cloud,2026-02-06T15:58:20.705+08:00
2026-02-07 11:58:23,2026-02-06T16:00:00+08:00,2026-02-06T16:02:02+08:00,1.4325,103.5716,C,Cloud to Cloud,2026-02-06T15:58:20.705+08:00
2026-02-07 11:58:23,2026-02-06T16:00:00+08:00,2026-02-06T16:02:02+08:00,1.4669,103.6539,C,Cloud to Cloud,2026-02-06T15:58:20.706+08:00
2026-02-07 11:58:23,2026-02-06T16:00:00+08:00,2026-02-06T16:02:02+08:00,1.4694,103.6355,C,Cloud to Cloud,2026-02-06T15:58:20.706+08:00
2026-02-07 11:58:23,2026-02-06T16:00:00+08:00,2026-02-06T16:02:02+08:00,1.4689,103.6427,C,Cloud to Cloud,2026-02-06T15:58:20.706+08:00
2026-02-07 11:58:23,2026-02-06T16:00:00+08:00,2026-02-06T16:02:02+08:00,1.4742,103.5746,C,Cloud to Cloud,2026-02-06T15:58:20.706+08:00
2026-02-07 11:58:23,2026-02-06T16:00:00+08:00,2026-02-06T16:02:02+08:00,1.4346,103.5728,C,Cloud to Cloud,2026-02-06T15:58:20.706+08:00
2026-02-07 11:58:23,2026-02-06T16:00:00+08:00,2026-02-06T16:02:02+08:00,1.4609,103.6812,C,Cloud to Cloud,2026-02-06T15:58:20.707+08:00
2026-02-07 11:58:23,2026-02-06T16:00:00+08:00,2026-02-06T16:02:02+08:00,1.4634,103.6438,C,Cloud to Cloud,2026-02-06T15:58:20.707+08:00
2026-02-07 11:58:23,2026-02-06T16:00:00+08:00,2026-02-06T16:02:02+08:00,1.4623,103.644,C,Cloud to Cloud,2026-02-06T15:58:20.707+08:00
2026-02-07 11:58:23,2026-02-06T16:00:00+08:00,2026-02-06T16:02:02+08:00,1.4684,103.5729,C,Cloud to Cloud,2026-02-06T15:58:20.707+08:00
2026-02-07 11:58:23,2026-02-06T16:00:00+08:00,2026-02-06T16:02:02+08:00,1.4629,103.6219,C,Cloud to Cloud,2026-02-06T15:58:20.707+08:00
2026-02-07 11:58:23,2026-02-06T16:00:00+08:00,2026-02-06T16:02:02+08:00,1.4421,103.6569,C,Cloud to Cloud,2026-02-06T15:58:20.707+08:00
2026-02-07 11:58:23,2026-02-06T16:00:00+08:00,2026-02-06T16:02:02+08:00,1.4606,103.5996,C,Cloud to Cloud,2026-02-06T15:58:20.708+08:00
2026-02-07 11:58:23,2026-02-06T16:00:00+08:00,2026-02-06T16:02:02+08:00,1.4611,103.587,C,Cloud to Cloud,2026-02-06T15:58:20.709+08:00
2026-02-07 11:58:23,2026-02-06T16:00:00+08:00,2026-02-06T16:02:02+08:00,1.4652,103.6087,C,Cloud to Cloud,2026-02-06T15:58:20.713+08:00
2026-02-07 11:58:23,2026-02-06T16:00:00+08:00,2026-02-06T16:02:02+08:00,1.4642,103.6235,C,Cloud to Cloud,2026-02-06T15:58:20.713+08:00
2026-02-07 11:58:23,2026-02-06T16:00:00+08:00,2026-02-06T16:02:02+08:00,1.5256,103.5384,C,Cloud to Cloud,2026-02-06T15:58:20.713+08:00
2026-02-07 11:58:23,2026-02-06T16:00:00+08:00,2026-02-06T16:02:02+08:00,1.4718,103.5761,C,Cloud to Cloud,2026-02-06T15:58:20.721+08:00
2026-02-07 11:58:23,2026-02-06T16:00:00+08:00,2026-02-06T16:02:02+08:00,1.45,103.619,C,Cloud to Cloud,2026-02-06T15:58:20.721+08:00
2026-02-07 11:58:23,2026-02-06T16:00:00+08:00,2026-02-06T16:02:02+08:00,1.4556,103.5745,C,Cloud to Cloud,2026-02-06T15:58:20.721+08:00
2026-02-07 11:58:23,2026-02-06T16:00:00+08:00,2026-02-06T16:02:02+08:00,1.4929,103.6112,C,Cloud to Cloud,2026-02-06T15:58:20.74+08:00
2026-02-07 11:58:23,2026-02-06T16:00:00+08:00,2026-02-06T16:02:02+08:00,1.4608,103.6656,C,Cloud to Cloud,2026-02-06T15:58:20.794+08:00
2026-02-07 11:58:23,2026-02-06T16:00:00+08:00,2026-02-06T16:02:02+08:00,1.4521,103.6445,C,Cloud to Cloud,2026-02-06T15:58:20.794+08:00
2026-02-07 11:58:23,2026-02-06T16:00:00+08:00,2026-02-06T16:02:02+08:00,1.4521,103.6438,C,Cloud to Cloud,2026-02-06T15:58:20.794+08:00
2026-02-07 11:58:23,2026-02-06T16:00:00+08:00,2026-02-06T16:02:02+08:00,1.4432,103.6122,C,Cloud to Cloud,2026-02-06T15:58:20.803+08:00
2026-02-07 11:58:23,2026-02-06T16:00:00+08:00,2026-02-06T16:02:02+08:00,1.4859,103.6307,C,Cloud to Cloud,2026-02-06T15:58:20.913+08:00
2026-02-07 11:58:23,2026-02-06T16:00:00+08:00,2026-02-06T16:02:02+08:00,1.5349,103.6087,G,Cloud to Ground,2026-02-06T15:58:20.913+08:00
2026-02-07 11:58:23,2026-02-06T16:00:00+08:00,2026-02-06T16:02:02+08:00,1.5349,103.6075,C,Cloud to Cloud,2026-02-06T15:58:20.913+08:00
2026-02-07 11:58:23,2026-02-06T16:00:00+08:00,2026-02-06T16:02:02+08:00,1.4496,103.5741,C,Cloud to Cloud,2026-02-06T15:58:20.914+08:00
2026-02-07 11:58:23,2026-02-06T16:00:00+08:00,2026-02-06T16:02:02+08:00,1.4601,103.5587,C,Cloud to Cloud,2026-02-06T15:58:20.915+08:00
2026-02-07 11:58:23,2026-02-06T16:00:00+08:00,2026-02-06T16:02:02+08:00,1.5567,103.4837,C,Cloud to Cloud,2026-02-06T15:58:20.915+08:00
2026-02-07 11:58:23,2026-02-06T16:00:00+08:00,2026-02-06T16:02:02+08:00,1.428,103.5449,C,Cloud to Cloud,2026-02-06T15:58:20.949+08:00
2026-02-07 11:58:23,2026-02-06T16:00:00+08:00,2026-02-06T16:02:02+08:00,1.4397,103.6485,C,Cloud to Cloud,2026-02-06T15:58:21.076+08:00
2026-02-07 11:58:23,2026-02-06T16:00:00+08:00,2026-02-06T16:02:02+08:00,1.4397,103.6485,C,Cloud to Cloud,2026-02-06T15:58:21.076+08:00
2026-02-07 11:58:23,2026-02-06T16:00:00+08:00,2026-02-06T16:02:02+08:00,1.4845,103.591,C,Cloud to Cloud,2026-02-06T15:58:25.951+08:00
2026-02-07 11:58:23,2026-02-06T16:00:00+08:00,2026-02-06T16:02:02+08:00,1.4528,103.5419,C,Cloud to Cloud,2026-02-06T15:59:17.024+08:00
2026-02-07 11:58:23,2026-02-06T16:00:00+08:00,2026-02-06T16:02:02+08:00,1.4996,103.5845,C,Cloud to Cloud,2026-02-06T15:59:17.025+08:00
2026-02-07 11:58:23,2026-02-06T16:00:00+08:00,2026-02-06T16:02:02+08:00,1.4623,103.572,C,Cloud to Cloud,2026-02-06T15:59:17.026+08:00
2026-02-07 11:58:23,2026-02-06T16:00:00+08:00,2026-02-06T16:02:02+08:00,1.5043,103.5675,C,Cloud to Cloud,2026-02-06T15:59:17.026+08:00
2026-02-07 11:58:23,2026-02-06T16:00:00+08:00,2026-02-06T16:02:02+08:00,1.4584,103.6179,C,Cloud to Cloud,2026-02-06T15:59:17.028+08:00
2026-02-07 11:58:23,2026-02-06T16:00:00+08:00,2026-02-06T16:02:02+08:00,1.4606,103.5758,C,Cloud to Cloud,2026-02-06T15:59:17.028+08:00
2026-02-07 11:58:23,2026-02-06T16:00:00+08:00,2026-02-06T16:02:02+08:00,1.4425,103.6277,C,Cloud to Cloud,2026-02-06T15:59:17.028+08:00
2026-02-07 11:58:23,2026-02-06T16:00:00+08:00,2026-02-06T16:02:02+08:00,1.4611,103.5939,C,Cloud to Cloud,2026-02-06T15:59:17.028+08:00
2026-02-07 11:58:23,2026-02-06T16:00:00+08:00,2026-02-06T16:02:02+08:00,1.4696,103.5823,C,Cloud to Cloud,2026-02-06T15:59:17.029+08:00
2026-02-07 11:58:23,2026-02-06T16:00:00+08:00,2026-02-06T16:02:02+08:00,1.4689,103.5561,C,Cloud to Cloud,2026-02-06T15:59:17.045+08:00
2026-02-07 11:58:23,2026-02-06T16:00:00+08:00,2026-02-06T16:02:02+08:00,1.464,103.6288,C,Cloud to Cloud,2026-02-06T15:59:17.045+08:00
2026-02-07 11:58:23,2026-02-06T16:00:00+08:00,2026-02-06T16:02:02+08:00,1.4658,103.561,C,Cloud to Cloud,2026-02-06T15:59:17.045+08:00
2026-02-07 11:58:23,2026-02-06T16:00:00+08:00,2026-02-06T16:02:02+08:00,1.4644,103.6333,C,Cloud to Cloud,2026-02-06T15:59:17.045+08:00
2026-02-07 11:58:23,2026-02-06T16:00:00+08:00,2026-02-06T16:02:02+08:00,1.4617,103.6275,C,Cloud to Cloud,2026-02-06T15:59:17.057+08:00
2026-02-07 11:58:23,2026-02-06T16:00:00+08:00,2026-02-06T16:02:02+08:00,1.4602,103.6455,C,Cloud to Cloud,2026-02-06T15:59:17.057+08:00
2026-02-07 11:58:23,2026-02-06T16:00:00+08:00,2026-02-06T16:02:02+08:00,1.4418,103.6442,C,Cloud to Cloud,2026-02-06T15:59:17.214+08:00
2026-02-07 11:58:23,2026-02-06T16:00:00+08:00,2026-02-06T16:02:02+08:00,1.4418,103.6442,C,Cloud to Cloud,2026-02-06T15:59:17.214+08:00
2026-02-07 11:58:23,2026-02-06T16:00:00+08:00,2026-02-06T16:02:02+08:00,1.4576,103.5706,C,Cloud to Cloud,2026-02-06T15:59:17.24+08:00
2026-02-07 11:58:23,2026-02-06T16:00:00+08:00,2026-02-06T16:02:02+08:00,1.4519,103.5814,C,Cloud to Cloud,2026-02-06T15:59:17.24+08:00
2026-02-07 11:58:23,2026-02-06T16:00:00+08:00,2026-02-06T16:02:02+08:00,1.4734,103.5644,C,Cloud to Cloud,2026-02-06T15:59:17.24+08:00
2026-02-07 11:58:23,2026-02-06T16:00:00+08:00,2026-02-06T16:02:02+08:00,1.4144,103.6276,C,Cloud to Cloud,2026-02-06T15:59:17.24+08:00
2026-02-07 11:58:23,2026-02-06T16:00:00+08:00,2026-02-06T16:02:02+08:00,1.4411,103.5963,C,Cloud to Cloud,2026-02-06T15:59:17.24+08:00
2026-02-07 11:58:23,2026-02-06T16:00:00+08:00,2026-02-06T16:02:02+08:00,1.4491,103.6156,C,Cloud to Cloud,2026-02-06T15:59:17.284+08:00
2026-02-07 11:58:23,2026-02-06T15:58:00+08:00,2026-02-06T16:00:03+08:00,1.5479,103.4197,C,Cloud to Cloud,2026-02-06T15:56:04.731+08:00
2026-02-07 11:58:23,2026-02-06T15:58:00+08:00,2026-02-06T16:00:03+08:00,1.4869,103.4945,C,Cloud to Cloud,2026-02-06T15:56:04.731+08:00
2026-02-07 11:58:23,2026-02-06T15:58:00+08:00,2026-02-06T16:00:03+08:00,1.5761,103.3623,C,Cloud to Cloud,2026-02-06T15:56:04.731+08:00
2026-02-07 11:58:23,2026-02-06T15:58:00+08:00,2026-02-06T16:00:03+08:00,1.4368,103.5884,C,Cloud to Cloud,2026-02-06T15:56:36.038+08:00
2026-02-07 11:58:23,2026-02-06T15:58:00+08:00,2026-02-06T16:00:03+08:00,1.4681,103.5369,C,Cloud to Cloud,2026-02-06T15:56:36.038+08:00
2026-02-07 11:58:23,2026-02-06T15:58:00+08:00,2026-02-06T16:00:03+08:00,1.4384,103.5758,C,Cloud to Cloud,2026-02-06T15:56:36.04+08:00
2026-02-07 11:58:23,2026-02-06T15:58:00+08:00,2026-02-06T16:00:03+08:00,1.4402,103.5765,C,Cloud to Cloud,2026-02-06T15:56:36.04+08:00
2026-02-07 11:58:23,2026-02-06T15:58:00+08:00,2026-02-06T16:00:03+08:00,1.4384,103.5867,C,Cloud to Cloud,2026-02-06T15:56:36.041+08:00
2026-02-07 11:58:23,2026-02-06T15:58:00+08:00,2026-02-06T16:00:03+08:00,1.4623,103.5925,C,Cloud to Cloud,2026-02-06T15:56:36.041+08:00
2026-02-07 11:58:23,2026-02-06T15:58:00+08:00,2026-02-06T16:00:03+08:00,1.4413,103.5917,C,Cloud to Cloud,2026-02-06T15:56:36.041+08:00
2026-02-07 11:58:23,2026-02-06T15:58:00+08:00,2026-02-06T16:00:03+08:00,1.4368,103.5913,C,Cloud to Cloud,2026-02-06T15:56:36.043+08:00
2026-02-07 11:58:23,2026-02-06T15:58:00+08:00,2026-02-06T16:00:03+08:00,1.4512,103.5581,C,Cloud to Cloud,2026-02-06T15:56:36.043+08:00
2026-02-07 11:58:23,2026-02-06T15:58:00+08:00,2026-02-06T16:00:03+08:00,1.437,103.5918,C,Cloud to Cloud,2026-02-06T15:56:36.043+08:00
2026-02-07 11:58:23,2026-02-06T15:58:00+08:00,2026-02-06T16:00:03+08:00,1.4437,103.6353,C,Cloud to Cloud,2026-02-06T15:56:36.045+08:00
2026-02-07 11:58:23,2026-02-06T15:58:00+08:00,2026-02-06T16:00:03+08:00,1.4437,103.6353,C,Cloud to Cloud,2026-02-06T15:56:36.046+08:00
2026-02-07 11:58:23,2026-02-06T15:58:00+08:00,2026-02-06T16:00:03+08:00,1.4537,103.6432,C,Cloud to Cloud,2026-02-06T15:56:36.047+08:00
2026-02-07 11:58:23,2026-02-06T15:58:00+08:00,2026-02-06T16:00:03+08:00,1.4537,103.6432,C,Cloud to Cloud,2026-02-06T15:56:36.048+08:00
2026-02-07 11:58:23,2026-02-06T15:58:00+08:00,2026-02-06T16:00:03+08:00,1.4408,103.6249,C,Cloud to Cloud,2026-02-06T15:56:36.049+08:00
2026-02-07 11:58:23,2026-02-06T15:58:00+08:00,2026-02-06T16:00:03+08:00,1.4408,103.6249,C,Cloud to Cloud,2026-02-06T15:56:36.049+08:00
2026-02-07 11:58:23,2026-02-06T15:58:00+08:00,2026-02-06T16:00:03+08:00,1.4279,103.5691,C,Cloud to Cloud,2026-02-06T15:56:36.051+08:00
2026-02-07 11:58:23,2026-02-06T15:58:00+08:00,2026-02-06T16:00:03+08:00,1.4367,103.6315,C,Cloud to Cloud,2026-02-06T15:56:36.053+08:00
2026-02-07 11:58:23,2026-02-06T15:58:00+08:00,2026-02-06T16:00:03+08:00,1.4367,103.6315,C,Cloud to Cloud,2026-02-06T15:56:36.053+08:00
2026-02-07 11:58:23,2026-02-06T15:58:00+08:00,2026-02-06T16:00:03+08:00,1.436,103.6294,C,Cloud to Cloud,2026-02-06T15:56:36.057+08:00
2026-02-07 11:58:23,2026-02-06T15:58:00+08:00,2026-02-06T16:00:03+08:00,1.4331,103.6029,C,Cloud to Cloud,2026-02-06T15:56:36.057+08:00
2026-02-07 11:58:23,2026-02-06T15:58:00+08:00,2026-02-06T16:00:03+08:00,1.4594,103.6329,C,Cloud to Cloud,2026-02-06T15:56:36.066+08:00
2026-02-07 11:58:23,2026-02-06T15:58:00+08:00,2026-02-06T16:00:03+08:00,1.4344,103.5635,C,Cloud to Cloud,2026-02-06T15:56:36.129+08:00
2026-02-07 11:58:23,2026-02-06T15:58:00+08:00,2026-02-06T16:00:03+08:00,1.4303,103.5623,C,Cloud to Cloud,2026-02-06T15:56:36.129+08:00
2026-02-07 11:58:23,2026-02-06T15:58:00+08:00,2026-02-06T16:00:03+08:00,1.4286,103.5673,C,Cloud to Cloud,2026-02-06T15:56:36.129+08:00
2026-02-07 11:58:23,2026-02-06T15:58:00+08:00,2026-02-06T16:00:03+08:00,1.466,103.6434,C,Cloud to Cloud,2026-02-06T15:57:12.266+08:00
2026-02-07 11:58:23,2026-02-06T15:58:00+08:00,2026-02-06T16:00:03+08:00,1.4621,103.5721,C,Cloud to Cloud,2026-02-06T15:57:12.266+08:00
2026-02-07 11:58:23,2026-02-06T15:58:00+08:00,2026-02-06T16:00:03+08:00,1.4683,103.6411,C,Cloud to Cloud,2026-02-06T15:57:12.267+08:00
2026-02-07 11:58:23,2026-02-06T15:58:00+08:00,2026-02-06T16:00:03+08:00,1.489,103.6295,C,Cloud to Cloud,2026-02-06T15:57:12.267+08:00
2026-02-07 11:58:23,2026-02-06T15:58:00+08:00,2026-02-06T16:00:03+08:00,1.4097,103.5948,C,Cloud to Cloud,2026-02-06T15:57:12.267+08:00
2026-02-07 11:58:23,2026-02-06T15:58:00+08:00,2026-02-06T16:00:03+08:00,1.4687,103.6379,C,Cloud to Cloud,2026-02-06T15:57:12.268+08:00
2026-02-07 11:58:23,2026-02-06T15:58:00+08:00,2026-02-06T16:00:03+08:00,1.4669,103.6044,C,Cloud to Cloud,2026-02-06T15:57:12.269+08:00
2026-02-07 11:58:23,2026-02-06T15:58:00+08:00,2026-02-06T16:00:03+08:00,1.4815,103.5853,C,Cloud to Cloud,2026-02-06T15:57:12.269+08:00
2026-02-07 11:58:23,2026-02-06T15:58:00+08:00,2026-02-06T16:00:03+08:00,1.4747,103.5341,C,Cloud to Cloud,2026-02-06T15:57:12.269+08:00
2026-02-07 11:58:23,2026-02-06T15:58:00+08:00,2026-02-06T16:00:03+08:00,1.4307,103.5073,C,Cloud to Cloud,2026-02-06T15:57:12.286+08:00
2026-02-07 11:58:23,2026-02-06T15:58:00+08:00,2026-02-06T16:00:03+08:00,1.4547,103.619,C,Cloud to Cloud,2026-02-06T15:57:12.344+08:00
2026-02-07 11:58:23,2026-02-06T15:58:00+08:00,2026-02-06T16:00:03+08:00,1.4638,103.5653,C,Cloud to Cloud,2026-02-06T15:57:12.421+08:00
2026-02-07 11:58:23,2026-02-06T15:58:00+08:00,2026-02-06T16:00:03+08:00,1.4716,103.5573,C,Cloud to Cloud,2026-02-06T15:57:12.511+08:00
2026-02-07 11:58:23,2026-02-06T15:58:00+08:00,2026-02-06T16:00:03+08:00,1.4892,103.5343,C,Cloud to Cloud,2026-02-06T15:57:12.511+08:00
2026-02-07 11:58:23,2026-02-06T15:58:00+08:00,2026-02-06T16:00:03+08:00,1.4709,103.6023,C,Cloud to Cloud,2026-02-06T15:57:12.511+08:00
2026-02-07 11:58:23,2026-02-06T15:58:00+08:00,2026-02-06T16:00:03+08:00,1.4642,103.6186,C,Cloud to Cloud,2026-02-06T15:57:12.569+08:00
2026-02-07 11:58:23,2026-02-06T15:58:00+08:00,2026-02-06T16:00:03+08:00,1.4539,103.5872,C,Cloud to Cloud,2026-02-06T15:57:12.569+08:00
2026-02-07 11:58:23,2026-02-06T15:58:00+08:00,2026-02-06T16:00:03+08:00,1.4595,103.6538,C,Cloud to Cloud,2026-02-06T15:57:12.569+08:00
2026-02-07 11:58:23,2026-02-06T15:58:00+08:00,2026-02-06T16:00:03+08:00,1.4513,103.6012,C,Cloud to Cloud,2026-02-06T15:57:12.569+08:00
2026-02-07 11:58:23,2026-02-06T15:58:00+08:00,2026-02-06T16:00:03+08:00,1.4657,103.5901,C,Cloud to Cloud,2026-02-06T15:57:12.569+08:00
2026-02-07 11:58:23,2026-02-06T15:58:00+08:00,2026-02-06T16:00:03+08:00,1.4602,103.5779,C,Cloud to Cloud,2026-02-06T15:57:12.569+08:00
2026-02-07 11:58:23,2026-02-06T15:58:00+08:00,2026-02-06T16:00:03+08:00,1.4601,103.5971,C,Cloud to Cloud,2026-02-06T15:57:12.583+08:00
2026-02-07 11:58:23,2026-02-06T15:58:00+08:00,2026-02-06T16:00:03+08:00,1.4619,103.5639,C,Cloud to Cloud,2026-02-06T15:57:12.583+08:00
2026-02-07 11:58:23,2026-02-06T15:58:00+08:00,2026-02-06T16:00:03+08:00,1.4604,103.6443,C,Cloud to Cloud,2026-02-06T15:57:12.583+08:00
2026-02-07 11:58:23,2026-02-06T15:58:00+08:00,2026-02-06T16:00:03+08:00,1.4686,103.5716,C,Cloud to Cloud,2026-02-06T15:57:12.591+08:00
2026-02-07 11:58:23,2026-02-06T15:58:00+08:00,2026-02-06T16:00:03+08:00,1.4541,103.5251,C,Cloud to Cloud,2026-02-06T15:57:12.602+08:00
2026-02-07 11:58:23,2026-02-06T15:58:00+08:00,2026-02-06T16:00:03+08:00,1.4206,103.588,C,Cloud to Cloud,2026-02-06T15:57:12.602+08:00
2026-02-07 11:58:23,2026-02-06T15:58:00+08:00,2026-02-06T16:00:03+08:00,1.4712,103.5792,C,Cloud to Cloud,2026-02-06T15:57:12.602+08:00
2026-02-07 11:58:23,2026-02-06T15:58:00+08:00,2026-02-06T16:00:03+08:00,1.4622,103.6102,C,Cloud to Cloud,2026-02-06T15:57:12.602+08:00
2026-02-07 11:58:23,2026-02-06T15:58:00+08:00,2026-02-06T16:00:03+08:00,1.5489,103.411,C,Cloud to Cloud,2026-02-06T15:57:43.182+08:00
2026-02-07 11:58:23,2026-02-06T15:58:00+08:00,2026-02-06T16:00:03+08:00,1.5626,103.393,C,Cloud to Cloud,2026-02-06T15:57:43.253+08:00
2026-02-07 11:58:23,2026-02-06T15:56:00+08:00,2026-02-06T15:58:02+08:00,1.4694,103.6298,C,Cloud to Cloud,2026-02-06T15:54:16.116+08:00
2026-02-07 11:58:23,2026-02-06T15:56:00+08:00,2026-02-06T15:58:02+08:00,1.4682,103.6416,C,Cloud to Cloud,2026-02-06T15:54:16.116+08:00
2026-02-07 11:58:23,2026-02-06T15:56:00+08:00,2026-02-06T15:58:02+08:00,1.4718,103.5277,C,Cloud to Cloud,2026-02-06T15:54:16.116+08:00
2026-02-07 11:58:23,2026-02-06T15:56:00+08:00,2026-02-06T15:58:02+08:00,1.4707,103.6288,C,Cloud to Cloud,2026-02-06T15:54:16.12+08:00
2026-02-07 11:58:23,2026-02-06T15:56:00+08:00,2026-02-06T15:58:02+08:00,1.4706,103.6291,C,Cloud to Cloud,2026-02-06T15:54:16.12+08:00
2026-02-07 11:58:23,2026-02-06T15:56:00+08:00,2026-02-06T15:58:02+08:00,1.4732,103.6213,C,Cloud to Cloud,2026-02-06T15:54:16.121+08:00
2026-02-07 11:58:23,2026-02-06T15:56:00+08:00,2026-02-06T15:58:02+08:00,1.471,103.6318,C,Cloud to Cloud,2026-02-06T15:54:16.121+08:00
2026-02-07 11:58:23,2026-02-06T15:56:00+08:00,2026-02-06T15:58:02+08:00,1.4721,103.6362,C,Cloud to Cloud,2026-02-06T15:54:16.123+08:00
2026-02-07 11:58:23,2026-02-06T15:56:00+08:00,2026-02-06T15:58:02+08:00,1.4541,103.6547,C,Cloud to Cloud,2026-02-06T15:54:16.125+08:00
2026-02-07 11:58:23,2026-02-06T15:56:00+08:00,2026-02-06T15:58:02+08:00,1.4456,103.6306,C,Cloud to Cloud,2026-02-06T15:54:16.129+08:00
2026-02-07 11:58:23,2026-02-06T15:56:00+08:00,2026-02-06T15:58:02+08:00,1.4984,103.485,C,Cloud to Cloud,2026-02-06T15:54:16.133+08:00
2026-02-07 11:58:23,2026-02-06T15:56:00+08:00,2026-02-06T15:58:02+08:00,1.5032,103.5742,C,Cloud to Cloud,2026-02-06T15:54:16.212+08:00
2026-02-07 11:58:23,2026-02-06T15:56:00+08:00,2026-02-06T15:58:02+08:00,1.4715,103.6439,C,Cloud to Cloud,2026-02-06T15:54:16.272+08:00
2026-02-07 11:58:23,2026-02-06T15:56:00+08:00,2026-02-06T15:58:02+08:00,1.4682,103.5852,C,Cloud to Cloud,2026-02-06T15:54:16.289+08:00
2026-02-07 11:58:23,2026-02-06T15:56:00+08:00,2026-02-06T15:58:02+08:00,1.4927,103.609,C,Cloud to Cloud,2026-02-06T15:54:16.289+08:00
2026-02-07 11:58:23,2026-02-06T15:56:00+08:00,2026-02-06T15:58:02+08:00,1.4682,103.5852,C,Cloud to Cloud,2026-02-06T15:54:16.289+08:00
2026-02-07 11:58:23,2026-02-06T15:56:00+08:00,2026-02-06T15:58:02+08:00,1.4915,103.6142,C,Cloud to Cloud,2026-02-06T15:54:16.289+08:00
2026-02-07 11:58:23,2026-02-06T15:56:00+08:00,2026-02-06T15:58:02+08:00,1.5415,103.6429,C,Cloud to Cloud,2026-02-06T15:54:16.304+08:00
2026-02-07 11:58:23,2026-02-06T15:56:00+08:00,2026-02-06T15:58:02+08:00,1.4729,103.5056,C,Cloud to Cloud,2026-02-06T15:54:16.31+08:00
2026-02-07 11:58:23,2026-02-06T15:56:00+08:00,2026-02-06T15:58:02+08:00,1.5381,103.5329,C,Cloud to Cloud,2026-02-06T15:54:16.342+08:00
2026-02-07 11:58:23,2026-02-06T15:56:00+08:00,2026-02-06T15:58:02+08:00,1.4622,103.5504,C,Cloud to Cloud,2026-02-06T15:55:08.013+08:00
2026-02-07 11:58:23,2026-02-06T15:56:00+08:00,2026-02-06T15:58:02+08:00,1.4678,103.6378,C,Cloud to Cloud,2026-02-06T15:55:08.014+08:00
2026-02-07 11:58:23,2026-02-06T15:56:00+08:00,2026-02-06T15:58:02+08:00,1.4754,103.6506,C,Cloud to Cloud,2026-02-06T15:55:08.035+08:00
2026-02-07 11:58:23,2026-02-06T15:56:00+08:00,2026-02-06T15:58:02+08:00,1.4793,103.6155,C,Cloud to Cloud,2026-02-06T15:55:08.061+08:00
2026-02-07 11:58:23,2026-02-06T15:56:00+08:00,2026-02-06T15:58:02+08:00,1.4711,103.6019,C,Cloud to Cloud,2026-02-06T15:55:08.077+08:00
2026-02-07 11:58:23,2026-02-06T15:56:00+08:00,2026-02-06T15:58:02+08:00,1.4694,103.6204,C,Cloud to Cloud,2026-02-06T15:55:08.077+08:00
2026-02-07 11:58:23,2026-02-06T15:56:00+08:00,2026-02-06T15:58:02+08:00,1.4771,103.6044,C,Cloud to Cloud,2026-02-06T15:55:08.102+08:00
2026-02-07 11:58:23,2026-02-06T15:56:00+08:00,2026-02-06T15:58:02+08:00,1.4345,103.6218,C,Cloud to Cloud,2026-02-06T15:55:08.117+08:00
2026-02-07 11:58:23,2026-02-06T15:56:00+08:00,2026-02-06T15:58:02+08:00,1.435,103.597,C,Cloud to Cloud,2026-02-06T15:55:08.121+08:00
2026-02-07 11:58:23,2026-02-06T15:56:00+08:00,2026-02-06T15:58:02+08:00,1.4566,103.6281,C,Cloud to Cloud,2026-02-06T15:55:08.177+08:00
2026-02-07 11:58:23,2026-02-06T15:56:00+08:00,2026-02-06T15:58:02+08:00,1.4566,103.6283,C,Cloud to Cloud,2026-02-06T15:55:08.177+08:00
2026-02-07 11:58:23,2026-02-06T15:56:00+08:00,2026-02-06T15:58:02+08:00,1.5082,103.4997,C,Cloud to Cloud,2026-02-06T15:55:08.259+08:00
2026-02-07 11:58:23,2026-02-06T15:56:00+08:00,2026-02-06T15:58:02+08:00,1.512,103.5448,C,Cloud to Cloud,2026-02-06T15:55:08.259+08:00
2026-02-07 11:58:23,2026-02-06T15:56:00+08:00,2026-02-06T15:58:02+08:00,1.5118,103.5029,C,Cloud to Cloud,2026-02-06T15:55:08.259+08:00
2026-02-07 11:58:23,2026-02-06T15:56:00+08:00,2026-02-06T15:58:02+08:00,1.476,103.6125,C,Cloud to Cloud,2026-02-06T15:55:08.26+08:00
2026-02-07 11:58:23,2026-02-06T15:56:00+08:00,2026-02-06T15:58:02+08:00,1.4767,103.6071,C,Cloud to Cloud,2026-02-06T15:55:08.26+08:00
2026-02-07 11:58:23,2026-02-06T15:56:00+08:00,2026-02-06T15:58:02+08:00,1.4755,103.6165,C,Cloud to Cloud,2026-02-06T15:55:08.26+08:00
2026-02-07 11:58:23,2026-02-06T15:56:00+08:00,2026-02-06T15:58:02+08:00,1.4788,103.6178,C,Cloud to Cloud,2026-02-06T15:55:08.26+08:00
2026-02-07 11:58:23,2026-02-06T15:56:00+08:00,2026-02-06T15:58:02+08:00,1.4634,103.599,C,Cloud to Cloud,2026-02-06T15:55:08.267+08:00
2026-02-07 11:58:23,2026-02-06T15:56:00+08:00,2026-02-06T15:58:02+08:00,1.4624,103.6191,C,Cloud to Cloud,2026-02-06T15:55:08.267+08:00
2026-02-07 11:58:23,2026-02-06T15:56:00+08:00,2026-02-06T15:58:02+08:00,1.4688,103.6428,C,Cloud to Cloud,2026-02-06T15:55:44.508+08:00
2026-02-07 11:58:23,2026-02-06T15:56:00+08:00,2026-02-06T15:58:02+08:00,1.5023,103.5956,C,Cloud to Cloud,2026-02-06T15:55:44.523+08:00
2026-02-07 11:58:23,2026-02-06T15:56:00+08:00,2026-02-06T15:58:02+08:00,1.4711,103.6287,C,Cloud to Cloud,2026-02-06T15:55:44.641+08:00
2026-02-07 11:58:23,2026-02-06T15:56:00+08:00,2026-02-06T15:58:02+08:00,1.4699,103.6387,C,Cloud to Cloud,2026-02-06T15:55:44.641+08:00
2026-02-07 11:58:23,2026-02-06T15:56:00+08:00,2026-02-06T15:58:02+08:00,1.4251,103.4318,C,Cloud to Cloud,2026-02-06T15:55:44.656+08:00
2026-02-07 11:58:23,2026-02-06T15:54:00+08:00,2026-02-06T15:56:03+08:00,1.477,103.5662,C,Cloud to Cloud,2026-02-06T15:52:23.246+08:00
2026-02-07 11:58:23,2026-02-06T15:54:00+08:00,2026-02-06T15:56:03+08:00,1.4373,103.5444,C,Cloud to Cloud,2026-02-06T15:52:23.248+08:00
2026-02-07 11:58:23,2026-02-06T15:54:00+08:00,2026-02-06T15:56:03+08:00,1.4475,103.5597,C,Cloud to Cloud,2026-02-06T15:52:23.249+08:00
2026-02-07 11:58:23,2026-02-06T15:54:00+08:00,2026-02-06T15:56:03+08:00,1.4512,103.5538,C,Cloud to Cloud,2026-02-06T15:52:23.249+08:00
2026-02-07 11:58:23,2026-02-06T15:54:00+08:00,2026-02-06T15:56:03+08:00,1.4461,103.6032,C,Cloud to Cloud,2026-02-06T15:52:23.252+08:00
2026-02-07 11:58:23,2026-02-06T15:54:00+08:00,2026-02-06T15:56:03+08:00,1.4567,103.5919,C,Cloud to Cloud,2026-02-06T15:52:23.265+08:00
2026-02-07 11:58:23,2026-02-06T15:54:00+08:00,2026-02-06T15:56:03+08:00,1.4576,103.5739,C,Cloud to Cloud,2026-02-06T15:52:23.265+08:00
2026-02-07 11:58:23,2026-02-06T15:54:00+08:00,2026-02-06T15:56:03+08:00,1.4296,103.6467,C,Cloud to Cloud,2026-02-06T15:52:23.265+08:00
2026-02-07 11:58:23,2026-02-06T15:54:00+08:00,2026-02-06T15:56:03+08:00,1.4727,103.6144,C,Cloud to Cloud,2026-02-06T15:52:23.307+08:00
2026-02-07 11:58:23,2026-02-06T15:54:00+08:00,2026-02-06T15:56:03+08:00,1.4557,103.5928,C,Cloud to Cloud,2026-02-06T15:52:23.313+08:00
2026-02-07 11:58:23,2026-02-06T15:54:00+08:00,2026-02-06T15:56:03+08:00,1.4577,103.6428,C,Cloud to Cloud,2026-02-06T15:52:23.336+08:00
2026-02-07 11:58:23,2026-02-06T15:54:00+08:00,2026-02-06T15:56:03+08:00,1.461,103.5741,C,Cloud to Cloud,2026-02-06T15:53:28.382+08:00
2026-02-07 11:58:23,2026-02-06T15:54:00+08:00,2026-02-06T15:56:03+08:00,1.4603,103.576,C,Cloud to Cloud,2026-02-06T15:53:28.383+08:00
2026-02-07 11:58:23,2026-02-06T15:54:00+08:00,2026-02-06T15:56:03+08:00,1.511,103.5556,C,Cloud to Cloud,2026-02-06T15:53:28.383+08:00
2026-02-07 11:58:23,2026-02-06T15:54:00+08:00,2026-02-06T15:56:03+08:00,1.5131,103.5553,C,Cloud to Cloud,2026-02-06T15:53:28.385+08:00
2026-02-07 11:58:23,2026-02-06T15:54:00+08:00,2026-02-06T15:56:03+08:00,1.4734,103.6374,C,Cloud to Cloud,2026-02-06T15:53:28.518+08:00
2026-02-07 11:58:23,2026-02-06T15:54:00+08:00,2026-02-06T15:56:03+08:00,1.4734,103.6377,C,Cloud to Cloud,2026-02-06T15:53:28.519+08:00
2026-02-07 11:58:23,2026-02-06T15:54:00+08:00,2026-02-06T15:56:03+08:00,1.468,103.6347,C,Cloud to Cloud,2026-02-06T15:53:28.519+08:00
2026-02-07 11:58:23,2026-02-06T15:54:00+08:00,2026-02-06T15:56:03+08:00,1.4687,103.627,C,Cloud to Cloud,2026-02-06T15:53:28.519+08:00
2026-02-07 11:58:23,2026-02-06T15:54:00+08:00,2026-02-06T15:56:03+08:00,1.4672,103.5673,C,Cloud to Cloud,2026-02-06T15:53:28.531+08:00
2026-02-07 11:58:23,2026-02-06T15:54:00+08:00,2026-02-06T15:56:03+08:00,1.4523,103.5821,C,Cloud to Cloud,2026-02-06T15:53:28.534+08:00
2026-02-07 11:58:23,2026-02-06T15:54:00+08:00,2026-02-06T15:56:03+08:00,1.4438,103.5424,C,Cloud to Cloud,2026-02-06T15:53:28.581+08:00
2026-02-07 11:58:23,2026-02-06T15:54:00+08:00,2026-02-06T15:56:03+08:00,1.4454,103.5537,C,Cloud to Cloud,2026-02-06T15:53:28.581+08:00
2026-02-07 11:58:23,2026-02-06T15:54:00+08:00,2026-02-06T15:56:03+08:00,1.4636,103.556,C,Cloud to Cloud,2026-02-06T15:53:28.735+08:00
2026-02-07 11:58:23,2026-02-06T15:54:00+08:00,2026-02-06T15:56:03+08:00,1.5293,103.5398,C,Cloud to Cloud,2026-02-06T15:53:28.735+08:00
2026-02-07 11:58:23,2026-02-06T15:54:00+08:00,2026-02-06T15:56:03+08:00,1.4311,103.5994,C,Cloud to Cloud,2026-02-06T15:53:28.735+08:00
2026-02-07 11:58:23,2026-02-06T15:54:00+08:00,2026-02-06T15:56:03+08:00,1.4616,103.5533,C,Cloud to Cloud,2026-02-06T15:53:28.735+08:00
2026-02-07 11:58:23,2026-02-06T15:54:00+08:00,2026-02-06T15:56:03+08:00,1.4523,103.5622,C,Cloud to Cloud,2026-02-06T15:53:28.735+08:00
2026-02-07 11:58:23,2026-02-06T15:54:00+08:00,2026-02-06T15:56:03+08:00,1.4812,103.5968,C,Cloud to Cloud,2026-02-06T15:53:48.767+08:00
2026-02-07 11:58:23,2026-02-06T15:52:00+08:00,2026-02-06T15:54:04+08:00,1.4815,103.6253,C,Cloud to Cloud,2026-02-06T15:50:02.785+08:00
2026-02-07 11:58:23,2026-02-06T15:52:00+08:00,2026-02-06T15:54:04+08:00,1.4369,103.577,C,Cloud to Cloud,2026-02-06T15:50:02.801+08:00
2026-02-07 11:58:23,2026-02-06T15:52:00+08:00,2026-02-06T15:54:04+08:00,1.5139,103.5192,C,Cloud to Cloud,2026-02-06T15:50:02.815+08:00
2026-02-07 11:58:23,2026-02-06T15:52:00+08:00,2026-02-06T15:54:04+08:00,1.463,103.5355,C,Cloud to Cloud,2026-02-06T15:50:02.815+08:00
2026-02-07 11:58:23,2026-02-06T15:52:00+08:00,2026-02-06T15:54:04+08:00,1.4651,103.5628,C,Cloud to Cloud,2026-02-06T15:50:02.988+08:00
2026-02-07 11:58:23,2026-02-06T15:52:00+08:00,2026-02-06T15:54:04+08:00,1.4613,103.5654,C,Cloud to Cloud,2026-02-06T15:50:02.988+08:00
2026-02-07 11:58:23,2026-02-06T15:52:00+08:00,2026-02-06T15:54:04+08:00,1.5033,103.4996,C,Cloud to Cloud,2026-02-06T15:50:02.997+08:00
2026-02-07 11:58:23,2026-02-06T15:52:00+08:00,2026-02-06T15:54:04+08:00,1.4867,103.554,C,Cloud to Cloud,2026-02-06T15:50:03.04+08:00
2026-02-07 11:58:23,2026-02-06T15:52:00+08:00,2026-02-06T15:54:04+08:00,1.5344,103.4427,C,Cloud to Cloud,2026-02-06T15:50:10.067+08:00
2026-02-07 11:58:23,2026-02-06T15:52:00+08:00,2026-02-06T15:54:04+08:00,1.4851,103.5705,C,Cloud to Cloud,2026-02-06T15:51:11.557+08:00
2026-02-07 11:58:23,2026-02-06T15:52:00+08:00,2026-02-06T15:54:04+08:00,1.4366,103.6214,C,Cloud to Cloud,2026-02-06T15:51:11.557+08:00
2026-02-07 11:58:23,2026-02-06T15:52:00+08:00,2026-02-06T15:54:04+08:00,1.4517,103.6114,C,Cloud to Cloud,2026-02-06T15:51:30.019+08:00
2026-02-07 11:58:23,2026-02-06T15:52:00+08:00,2026-02-06T15:54:04+08:00,1.4514,103.5851,C,Cloud to Cloud,2026-02-06T15:51:30.019+08:00
2026-02-07 11:58:23,2026-02-06T15:52:00+08:00,2026-02-06T15:54:04+08:00,1.4723,103.5829,C,Cloud to Cloud,2026-02-06T15:51:30.019+08:00
2026-02-07 11:58:23,2026-02-06T15:52:00+08:00,2026-02-06T15:54:04+08:00,1.4526,103.601,C,Cloud to Cloud,2026-02-06T15:51:30.019+08:00
2026-02-07 11:58:23,2026-02-06T15:52:00+08:00,2026-02-06T15:54:04+08:00,1.4516,103.5624,C,Cloud to Cloud,2026-02-06T15:51:30.019+08:00
2026-02-07 11:58:23,2026-02-06T15:52:00+08:00,2026-02-06T15:54:04+08:00,1.4746,103.5603,C,Cloud to Cloud,2026-02-06T15:51:30.019+08:00
2026-02-07 11:58:23,2026-02-06T15:52:00+08:00,2026-02-06T15:54:04+08:00,1.4526,103.5601,C,Cloud to Cloud,2026-02-06T15:51:30.019+08:00
2026-02-07 11:58:23,2026-02-06T15:52:00+08:00,2026-02-06T15:54:04+08:00,1.4556,103.545,C,Cloud to Cloud,2026-02-06T15:51:30.019+08:00
2026-02-07 11:58:23,2026-02-06T15:52:00+08:00,2026-02-06T15:54:04+08:00,1.4542,103.5826,C,Cloud to Cloud,2026-02-06T15:51:30.02+08:00
2026-02-07 11:58:23,2026-02-06T15:52:00+08:00,2026-02-06T15:54:04+08:00,1.4703,103.5632,C,Cloud to Cloud,2026-02-06T15:51:30.02+08:00
2026-02-07 11:58:23,2026-02-06T15:52:00+08:00,2026-02-06T15:54:04+08:00,1.4402,103.5961,C,Cloud to Cloud,2026-02-06T15:51:30.02+08:00
2026-02-07 11:58:23,2026-02-06T15:52:00+08:00,2026-02-06T15:54:04+08:00,1.4739,103.5607,C,Cloud to Cloud,2026-02-06T15:51:30.02+08:00
2026-02-07 11:58:23,2026-02-06T15:52:00+08:00,2026-02-06T15:54:04+08:00,1.4541,103.5301,C,Cloud to Cloud,2026-02-06T15:51:30.021+08:00
2026-02-07 11:58:23,2026-02-06T15:52:00+08:00,2026-02-06T15:54:04+08:00,1.4586,103.5714,C,Cloud to Cloud,2026-02-06T15:51:30.021+08:00
2026-02-07 11:58:23,2026-02-06T15:52:00+08:00,2026-02-06T15:54:04+08:00,1.4554,103.5789,C,Cloud to Cloud,2026-02-06T15:51:30.021+08:00
2026-02-07 11:58:23,2026-02-06T15:52:00+08:00,2026-02-06T15:54:04+08:00,1.4566,103.5769,C,Cloud to Cloud,2026-02-06T15:51:30.021+08:00
2026-02-07 11:58:23,2026-02-06T15:52:00+08:00,2026-02-06T15:54:04+08:00,1.4553,103.5832,C,Cloud to Cloud,2026-02-06T15:51:30.021+08:00
2026-02-07 11:58:23,2026-02-06T15:52:00+08:00,2026-02-06T15:54:04+08:00,1.4615,103.5672,C,Cloud to Cloud,2026-02-06T15:51:30.021+08:00
2026-02-07 11:58:23,2026-02-06T15:52:00+08:00,2026-02-06T15:54:04+08:00,1.4648,103.5616,C,Cloud to Cloud,2026-02-06T15:51:30.022+08:00
2026-02-07 11:58:23,2026-02-06T15:52:00+08:00,2026-02-06T15:54:04+08:00,1.4564,103.6187,C,Cloud to Cloud,2026-02-06T15:51:30.022+08:00
2026-02-07 11:58:23,2026-02-06T15:52:00+08:00,2026-02-06T15:54:04+08:00,1.4514,103.613,C,Cloud to Cloud,2026-02-06T15:51:30.022+08:00
2026-02-07 11:58:23,2026-02-06T15:52:00+08:00,2026-02-06T15:54:04+08:00,1.4578,103.5469,C,Cloud to Cloud,2026-02-06T15:51:30.022+08:00
2026-02-07 11:58:23,2026-02-06T15:52:00+08:00,2026-02-06T15:54:04+08:00,1.4572,103.5716,C,Cloud to Cloud,2026-02-06T15:51:30.023+08:00
2026-02-07 11:58:23,2026-02-06T15:52:00+08:00,2026-02-06T15:54:04+08:00,1.4596,103.5329,C,Cloud to Cloud,2026-02-06T15:51:30.023+08:00
2026-02-07 11:58:23,2026-02-06T15:52:00+08:00,2026-02-06T15:54:04+08:00,1.4593,103.5675,C,Cloud to Cloud,2026-02-06T15:51:30.023+08:00
2026-02-07 11:58:23,2026-02-06T15:52:00+08:00,2026-02-06T15:54:04+08:00,1.4586,103.5428,C,Cloud to Cloud,2026-02-06T15:51:30.023+08:00
2026-02-07 11:58:23,2026-02-06T15:52:00+08:00,2026-02-06T15:54:04+08:00,1.4589,103.5707,C,Cloud to Cloud,2026-02-06T15:51:30.024+08:00
2026-02-07 11:58:23,2026-02-06T15:52:00+08:00,2026-02-06T15:54:04+08:00,1.4575,103.6266,C,Cloud to Cloud,2026-02-06T15:51:30.024+08:00
2026-02-07 11:58:23,2026-02-06T15:52:00+08:00,2026-02-06T15:54:04+08:00,1.4581,103.6436,C,Cloud to Cloud,2026-02-06T15:51:30.024+08:00
2026-02-07 11:58:23,2026-02-06T15:52:00+08:00,2026-02-06T15:54:04+08:00,1.4586,103.6417,C,Cloud to Cloud,2026-02-06T15:51:30.024+08:00
2026-02-07 11:58:23,2026-02-06T15:52:00+08:00,2026-02-06T15:54:04+08:00,1.4524,103.6285,C,Cloud to Cloud,2026-02-06T15:51:30.024+08:00
2026-02-07 11:58:23,2026-02-06T15:52:00+08:00,2026-02-06T15:54:04+08:00,1.4577,103.6345,C,Cloud to Cloud,2026-02-06T15:51:30.024+08:00
2026-02-07 11:58:23,2026-02-06T15:52:00+08:00,2026-02-06T15:54:04+08:00,1.4567,103.6463,C,Cloud to Cloud,2026-02-06T15:51:30.024+08:00
2026-02-07 11:58:23,2026-02-06T15:52:00+08:00,2026-02-06T15:54:04+08:00,1.4567,103.6485,C,Cloud to Cloud,2026-02-06T15:51:30.024+08:00
2026-02-07 11:58:23,2026-02-06T15:52:00+08:00,2026-02-06T15:54:04+08:00,1.4567,103.6485,C,Cloud to Cloud,2026-02-06T15:51:30.024+08:00
2026-02-07 11:58:23,2026-02-06T15:52:00+08:00,2026-02-06T15:54:04+08:00,1.4574,103.5534,C,Cloud to Cloud,2026-02-06T15:51:30.024+08:00
2026-02-07 11:58:23,2026-02-06T15:52:00+08:00,2026-02-06T15:54:04+08:00,1.4572,103.6482,C,Cloud to Cloud,2026-02-06T15:51:30.025+08:00
2026-02-07 11:58:23,2026-02-06T15:52:00+08:00,2026-02-06T15:54:04+08:00,1.4581,103.6457,C,Cloud to Cloud,2026-02-06T15:51:30.025+08:00
2026-02-07 11:58:23,2026-02-06T15:52:00+08:00,2026-02-06T15:54:04+08:00,1.4572,103.6482,C,Cloud to Cloud,2026-02-06T15:51:30.025+08:00
2026-02-07 11:58:23,2026-02-06T15:52:00+08:00,2026-02-06T15:54:04+08:00,1.4572,103.6544,C,Cloud to Cloud,2026-02-06T15:51:30.025+08:00
2026-02-07 11:58:23,2026-02-06T15:52:00+08:00,2026-02-06T15:54:04+08:00,1.4572,103.6523,C,Cloud to Cloud,2026-02-06T15:51:30.025+08:00
2026-02-07 11:58:23,2026-02-06T15:52:00+08:00,2026-02-06T15:54:04+08:00,1.4577,103.651,C,Cloud to Cloud,2026-02-06T15:51:30.026+08:00
2026-02-07 11:58:23,2026-02-06T15:52:00+08:00,2026-02-06T15:54:04+08:00,1.4579,103.6441,C,Cloud to Cloud,2026-02-06T15:51:30.026+08:00
2026-02-07 11:58:23,2026-02-06T15:52:00+08:00,2026-02-06T15:54:04+08:00,1.4585,103.6491,C,Cloud to Cloud,2026-02-06T15:51:30.027+08:00
2026-02-07 11:58:23,2026-02-06T15:52:00+08:00,2026-02-06T15:54:04+08:00,1.4576,103.65,C,Cloud to Cloud,2026-02-06T15:51:30.027+08:00
2026-02-07 11:58:23,2026-02-06T15:52:00+08:00,2026-02-06T15:54:04+08:00,1.4579,103.6428,C,Cloud to Cloud,2026-02-06T15:51:30.027+08:00
2026-02-07 11:58:23,2026-02-06T15:52:00+08:00,2026-02-06T15:54:04+08:00,1.4586,103.645,C,Cloud to Cloud,2026-02-06T15:51:30.027+08:00
2026-02-07 11:58:23,2026-02-06T15:52:00+08:00,2026-02-06T15:54:04+08:00,1.4586,103.6404,C,Cloud to Cloud,2026-02-06T15:51:30.028+08:00
2026-02-07 11:58:23,2026-02-06T15:52:00+08:00,2026-02-06T15:54:04+08:00,1.4593,103.6321,C,Cloud to Cloud,2026-02-06T15:51:30.028+08:00
2026-02-07 11:58:23,2026-02-06T15:52:00+08:00,2026-02-06T15:54:04+08:00,1.4585,103.634,C,Cloud to Cloud,2026-02-06T15:51:30.028+08:00
2026-02-07 11:58:23,2026-02-06T15:52:00+08:00,2026-02-06T15:54:04+08:00,1.4597,103.628,C,Cloud to Cloud,2026-02-06T15:51:30.028+08:00
2026-02-07 11:58:23,2026-02-06T15:52:00+08:00,2026-02-06T15:54:04+08:00,1.4625,103.5656,C,Cloud to Cloud,2026-02-06T15:51:30.03+08:00
2026-02-07 11:58:23,2026-02-06T15:52:00+08:00,2026-02-06T15:54:04+08:00,1.4635,103.5642,C,Cloud to Cloud,2026-02-06T15:51:30.03+08:00
2026-02-07 11:58:23,2026-02-06T15:52:00+08:00,2026-02-06T15:54:04+08:00,1.462,103.5709,C,Cloud to Cloud,2026-02-06T15:51:30.03+08:00
2026-02-07 11:58:23,2026-02-06T15:52:00+08:00,2026-02-06T15:54:04+08:00,1.4578,103.6375,C,Cloud to Cloud,2026-02-06T15:51:30.03+08:00
2026-02-07 11:58:23,2026-02-06T15:52:00+08:00,2026-02-06T15:54:04+08:00,1.4662,103.5636,G,Cloud to Ground,2026-02-06T15:51:30.03+08:00
2026-02-07 11:58:23,2026-02-06T15:52:00+08:00,2026-02-06T15:54:04+08:00,1.4577,103.6382,C,Cloud to Cloud,2026-02-06T15:51:30.03+08:00
2026-02-07 11:58:23,2026-02-06T15:52:00+08:00,2026-02-06T15:54:04+08:00,1.4902,103.5415,C,Cloud to Cloud,2026-02-06T15:51:30.03+08:00
2026-02-07 11:58:23,2026-02-06T15:52:00+08:00,2026-02-06T15:54:04+08:00,1.5001,103.53,C,Cloud to Cloud,2026-02-06T15:51:30.045+08:00
2026-02-07 11:58:23,2026-02-06T15:52:00+08:00,2026-02-06T15:54:04+08:00,1.4573,103.6297,C,Cloud to Cloud,2026-02-06T15:51:30.045+08:00
2026-02-07 11:58:23,2026-02-06T15:52:00+08:00,2026-02-06T15:54:04+08:00,1.4691,103.5719,C,Cloud to Cloud,2026-02-06T15:51:30.045+08:00
2026-02-07 11:58:23,2026-02-06T15:52:00+08:00,2026-02-06T15:54:04+08:00,1.4569,103.6476,C,Cloud to Cloud,2026-02-06T15:51:30.045+08:00
2026-02-07 11:58:23,2026-02-06T15:52:00+08:00,2026-02-06T15:54:04+08:00,1.4573,103.6497,C,Cloud to Cloud,2026-02-06T15:51:30.045+08:00
2026-02-07 11:58:23,2026-02-06T15:52:00+08:00,2026-02-06T15:54:04+08:00,1.4556,103.567,C,Cloud to Cloud,2026-02-06T15:51:30.054+08:00
2026-02-07 11:58:23,2026-02-06T15:52:00+08:00,2026-02-06T15:54:04+08:00,1.4524,103.5309,C,Cloud to Cloud,2026-02-06T15:51:30.054+08:00
2026-02-07 11:58:23,2026-02-06T15:52:00+08:00,2026-02-06T15:54:04+08:00,1.4604,103.5613,C,Cloud to Cloud,2026-02-06T15:51:30.054+08:00
2026-02-07 11:58:23,2026-02-06T15:52:00+08:00,2026-02-06T15:54:04+08:00,1.4575,103.6431,C,Cloud to Cloud,2026-02-06T15:51:30.078+08:00
2026-02-07 11:58:23,2026-02-06T15:52:00+08:00,2026-02-06T15:54:04+08:00,1.4604,103.5817,C,Cloud to Cloud,2026-02-06T15:51:30.078+08:00
2026-02-07 11:58:23,2026-02-06T15:52:00+08:00,2026-02-06T15:54:04+08:00,1.4592,103.6384,C,Cloud to Cloud,2026-02-06T15:51:30.078+08:00
2026-02-07 11:58:23,2026-02-06T15:52:00+08:00,2026-02-06T15:54:04+08:00,1.4583,103.6418,C,Cloud to Cloud,2026-02-06T15:51:30.078+08:00
2026-02-07 11:58:23,2026-02-06T15:52:00+08:00,2026-02-06T15:54:04+08:00,1.4609,103.5869,C,Cloud to Cloud,2026-02-06T15:51:30.078+08:00
2026-02-07 11:58:23,2026-02-06T15:52:00+08:00,2026-02-06T15:54:04+08:00,1.4613,103.569,C,Cloud to Cloud,2026-02-06T15:51:30.079+08:00
2026-02-07 11:58:23,2026-02-06T15:52:00+08:00,2026-02-06T15:54:04+08:00,1.4584,103.623,C,Cloud to Cloud,2026-02-06T15:51:30.084+08:00
2026-02-07 11:58:23,2026-02-06T15:52:00+08:00,2026-02-06T15:54:04+08:00,1.4649,103.5783,G,Cloud to Ground,2026-02-06T15:51:30.084+08:00
2026-02-07 11:58:23,2026-02-06T15:52:00+08:00,2026-02-06T15:54:04+08:00,1.4389,103.6014,C,Cloud to Cloud,2026-02-06T15:51:30.084+08:00
2026-02-07 11:58:23,2026-02-06T15:52:00+08:00,2026-02-06T15:54:04+08:00,1.4398,103.5949,G,Cloud to Ground,2026-02-06T15:51:30.085+08:00
2026-02-07 11:58:23,2026-02-06T15:52:00+08:00,2026-02-06T15:54:04+08:00,1.4472,103.5994,C,Cloud to Cloud,2026-02-06T15:51:30.101+08:00
2026-02-07 11:58:23,2026-02-06T15:52:00+08:00,2026-02-06T15:54:04+08:00,1.4317,103.5838,C,Cloud to Cloud,2026-02-06T15:51:30.154+08:00
2026-02-07 11:58:23,2026-02-06T15:52:00+08:00,2026-02-06T15:54:04+08:00,1.4269,103.591,G,Cloud to Ground,2026-02-06T15:51:30.154+08:00
2026-02-07 11:58:23,2026-02-06T15:52:00+08:00,2026-02-06T15:54:04+08:00,1.4243,103.597,C,Cloud to Cloud,2026-02-06T15:51:30.154+08:00
2026-02-07 11:58:23,2026-02-06T15:52:00+08:00,2026-02-06T15:54:04+08:00,1.4137,103.6157,C,Cloud to Cloud,2026-02-06T15:51:30.155+08:00
2026-02-07 11:58:23,2026-02-06T15:52:00+08:00,2026-02-06T15:54:04+08:00,1.4599,103.5598,C,Cloud to Cloud,2026-02-06T15:51:30.156+08:00
2026-02-07 11:58:23,2026-02-06T15:52:00+08:00,2026-02-06T15:54:04+08:00,1.4598,103.6191,C,Cloud to Cloud,2026-02-06T15:51:30.156+08:00
2026-02-07 11:58:23,2026-02-06T15:52:00+08:00,2026-02-06T15:54:04+08:00,1.4685,103.5391,C,Cloud to Cloud,2026-02-06T15:51:30.156+08:00
2026-02-07 11:58:23,2026-02-06T15:52:00+08:00,2026-02-06T15:54:04+08:00,1.4506,103.5772,C,Cloud to Cloud,2026-02-06T15:51:30.156+08:00
2026-02-07 11:58:23,2026-02-06T15:52:00+08:00,2026-02-06T15:54:04+08:00,1.45,103.5575,C,Cloud to Cloud,2026-02-06T15:51:30.156+08:00
2026-02-07 11:58:23,2026-02-06T15:52:00+08:00,2026-02-06T15:54:04+08:00,1.4315,103.6001,C,Cloud to Cloud,2026-02-06T15:51:30.191+08:00
2026-02-07 11:58:23,2026-02-06T15:52:00+08:00,2026-02-06T15:54:04+08:00,1.4845,103.5601,C,Cloud to Cloud,2026-02-06T15:51:30.203+08:00
2026-02-07 11:58:23,2026-02-06T15:52:00+08:00,2026-02-06T15:54:04+08:00,1.4956,103.5303,C,Cloud to Cloud,2026-02-06T15:51:30.203+08:00
2026-02-07 11:58:23,2026-02-06T15:52:00+08:00,2026-02-06T15:54:04+08:00,1.4887,103.5556,C,Cloud to Cloud,2026-02-06T15:51:30.203+08:00
2026-02-07 11:58:23,2026-02-06T15:52:00+08:00,2026-02-06T15:54:04+08:00,1.4075,103.5191,C,Cloud to Cloud,2026-02-06T15:51:30.224+08:00
2026-02-07 11:58:23,2026-02-06T15:52:00+08:00,2026-02-06T15:54:04+08:00,1.4737,103.5782,C,Cloud to Cloud,2026-02-06T15:51:30.237+08:00
2026-02-07 11:58:23,2026-02-06T15:52:00+08:00,2026-02-06T15:54:04+08:00,1.4836,103.5753,G,Cloud to Ground,2026-02-06T15:51:30.237+08:00
2026-02-07 11:58:23,2026-02-06T15:52:00+08:00,2026-02-06T15:54:04+08:00,1.4741,103.5778,C,Cloud to Cloud,2026-02-06T15:51:30.238+08:00
2026-02-07 11:58:23,2026-02-06T15:52:00+08:00,2026-02-06T15:54:04+08:00,1.4554,103.6033,C,Cloud to Cloud,2026-02-06T15:51:30.238+08:00
2026-02-07 11:58:23,2026-02-06T15:52:00+08:00,2026-02-06T15:54:04+08:00,1.4787,103.5634,C,Cloud to Cloud,2026-02-06T15:51:30.241+08:00
2026-02-07 11:58:23,2026-02-06T15:52:00+08:00,2026-02-06T15:54:04+08:00,1.4396,103.5598,C,Cloud to Cloud,2026-02-06T15:51:30.241+08:00
2026-02-07 11:58:23,2026-02-06T15:52:00+08:00,2026-02-06T15:54:04+08:00,1.4584,103.5875,C,Cloud to Cloud,2026-02-06T15:51:30.241+08:00
2026-02-07 11:58:23,2026-02-06T15:52:00+08:00,2026-02-06T15:54:04+08:00,1.4584,103.5988,C,Cloud to Cloud,2026-02-06T15:51:30.241+08:00
2026-02-07 11:58:23,2026-02-06T15:50:00+08:00,2026-02-06T15:52:03+08:00,1.4415,103.5489,C,Cloud to Cloud,2026-02-06T15:48:23.282+08:00
2026-02-07 11:58:23,2026-02-06T15:50:00+08:00,2026-02-06T15:52:03+08:00,1.451,103.5842,C,Cloud to Cloud,2026-02-06T15:48:23.282+08:00
2026-02-07 11:58:23,2026-02-06T15:50:00+08:00,2026-02-06T15:52:03+08:00,1.469,103.5548,C,Cloud to Cloud,2026-02-06T15:48:23.573+08:00
2026-02-07 11:58:23,2026-02-06T15:50:00+08:00,2026-02-06T15:52:03+08:00,1.4718,103.551,C,Cloud to Cloud,2026-02-06T15:48:23.573+08:00
2026-02-07 11:58:23,2026-02-06T15:50:00+08:00,2026-02-06T15:52:03+08:00,1.492,103.5103,C,Cloud to Cloud,2026-02-06T15:49:15.359+08:00
2026-02-07 11:58:23,2026-02-06T15:50:00+08:00,2026-02-06T15:52:03+08:00,1.4105,103.625,C,Cloud to Cloud,2026-02-06T15:49:15.503+08:00
2026-02-07 11:58:23,2026-02-06T15:50:00+08:00,2026-02-06T15:52:03+08:00,1.4093,103.6259,C,Cloud to Cloud,2026-02-06T15:49:15.503+08:00
2026-02-07 11:58:23,2026-02-06T15:50:00+08:00,2026-02-06T15:52:03+08:00,1.49,103.5233,C,Cloud to Cloud,2026-02-06T15:49:15.544+08:00
2026-02-07 11:58:23,2026-02-06T15:50:00+08:00,2026-02-06T15:52:03+08:00,1.4878,103.525,C,Cloud to Cloud,2026-02-06T15:49:15.544+08:00
2026-02-07 11:58:23,2026-02-06T15:50:00+08:00,2026-02-06T15:52:03+08:00,1.4639,103.5622,C,Cloud to Cloud,2026-02-06T15:49:15.559+08:00
2026-02-07 11:58:23,2026-02-06T15:50:00+08:00,2026-02-06T15:52:03+08:00,1.4665,103.5588,C,Cloud to Cloud,2026-02-06T15:49:15.559+08:00
2026-02-07 11:58:23,2026-02-06T15:50:00+08:00,2026-02-06T15:52:03+08:00,1.4656,103.5565,C,Cloud to Cloud,2026-02-06T15:49:15.559+08:00
2026-02-07 11:58:23,2026-02-06T15:50:00+08:00,2026-02-06T15:52:03+08:00,1.5161,103.4919,C,Cloud to Cloud,2026-02-06T15:49:15.572+08:00
2026-02-07 11:58:23,2026-02-06T15:50:00+08:00,2026-02-06T15:52:03+08:00,1.3921,103.6517,C,Cloud to Cloud,2026-02-06T15:49:15.593+08:00
2026-02-07 11:58:23,2026-02-06T15:50:00+08:00,2026-02-06T15:52:03+08:00,1.4607,103.5431,C,Cloud to Cloud,2026-02-06T15:49:30.166+08:00
2026-02-07 11:58:23,2026-02-06T15:50:00+08:00,2026-02-06T15:52:03+08:00,1.4604,103.5479,C,Cloud to Cloud,2026-02-06T15:49:30.166+08:00
2026-02-07 11:58:23,2026-02-06T15:50:00+08:00,2026-02-06T15:52:03+08:00,1.454,103.5259,C,Cloud to Cloud,2026-02-06T15:49:30.348+08:00
2026-02-07 11:58:23,2026-02-06T15:50:00+08:00,2026-02-06T15:52:03+08:00,1.4867,103.4986,C,Cloud to Cloud,2026-02-06T15:49:34.329+08:00
2026-02-07 11:58:23,2026-02-06T15:48:00+08:00,2026-02-06T15:50:03+08:00,1.4571,103.5822,C,Cloud to Cloud,2026-02-06T15:46:20.889+08:00
2026-02-07 11:58:23,2026-02-06T15:48:00+08:00,2026-02-06T15:50:03+08:00,1.457,103.5852,C,Cloud to Cloud,2026-02-06T15:46:20.889+08:00
2026-02-07 11:58:23,2026-02-06T15:48:00+08:00,2026-02-06T15:50:03+08:00,1.4603,103.5787,C,Cloud to Cloud,2026-02-06T15:46:20.89+08:00
2026-02-07 11:58:23,2026-02-06T15:48:00+08:00,2026-02-06T15:50:03+08:00,1.3982,103.5686,C,Cloud to Cloud,2026-02-06T15:46:20.89+08:00
2026-02-07 11:58:23,2026-02-06T15:48:00+08:00,2026-02-06T15:50:03+08:00,1.439,103.6036,C,Cloud to Cloud,2026-02-06T15:46:20.89+08:00
2026-02-07 11:58:23,2026-02-06T15:48:00+08:00,2026-02-06T15:50:03+08:00,1.4489,103.5899,C,Cloud to Cloud,2026-02-06T15:46:20.89+08:00
2026-02-07 11:58:23,2026-02-06T15:48:00+08:00,2026-02-06T15:50:03+08:00,1.442,103.5399,C,Cloud to Cloud,2026-02-06T15:46:20.89+08:00
2026-02-07 11:58:23,2026-02-06T15:48:00+08:00,2026-02-06T15:50:03+08:00,1.4831,103.5902,C,Cloud to Cloud,2026-02-06T15:46:20.965+08:00
2026-02-07 11:58:23,2026-02-06T15:48:00+08:00,2026-02-06T15:50:03+08:00,1.4378,103.648,C,Cloud to Cloud,2026-02-06T15:46:20.972+08:00
2026-02-07 11:58:23,2026-02-06T15:48:00+08:00,2026-02-06T15:50:03+08:00,1.4854,103.5363,C,Cloud to Cloud,2026-02-06T15:46:21.155+08:00
2026-02-07 11:58:23,2026-02-06T15:48:00+08:00,2026-02-06T15:50:03+08:00,1.4905,103.5293,C,Cloud to Cloud,2026-02-06T15:46:21.155+08:00
2026-02-07 11:58:23,2026-02-06T15:48:00+08:00,2026-02-06T15:50:03+08:00,1.4765,103.5713,C,Cloud to Cloud,2026-02-06T15:46:21.159+08:00
2026-02-07 11:58:23,2026-02-06T15:48:00+08:00,2026-02-06T15:50:03+08:00,1.4972,103.5414,C,Cloud to Cloud,2026-02-06T15:46:21.263+08:00
2026-02-07 11:58:23,2026-02-06T15:48:00+08:00,2026-02-06T15:50:03+08:00,1.5075,103.5414,C,Cloud to Cloud,2026-02-06T15:46:21.263+08:00
2026-02-07 11:58:23,2026-02-06T15:48:00+08:00,2026-02-06T15:50:03+08:00,1.4902,103.556,C,Cloud to Cloud,2026-02-06T15:46:21.264+08:00
2026-02-07 11:58:23,2026-02-06T15:48:00+08:00,2026-02-06T15:50:03+08:00,1.4548,103.5986,C,Cloud to Cloud,2026-02-06T15:46:21.264+08:00
2026-02-07 11:58:23,2026-02-06T15:48:00+08:00,2026-02-06T15:50:03+08:00,1.4842,103.5837,C,Cloud to Cloud,2026-02-06T15:46:21.294+08:00
2026-02-07 11:58:23,2026-02-06T15:48:00+08:00,2026-02-06T15:50:03+08:00,1.5201,103.4433,C,Cloud to Cloud,2026-02-06T15:46:34.885+08:00
2026-02-07 11:58:23,2026-02-06T15:48:00+08:00,2026-02-06T15:50:03+08:00,1.5782,103.3571,C,Cloud to Cloud,2026-02-06T15:46:34.918+08:00
2026-02-07 11:58:23,2026-02-06T15:48:00+08:00,2026-02-06T15:50:03+08:00,1.5215,103.4593,C,Cloud to Cloud,2026-02-06T15:46:34.918+08:00
2026-02-07 11:58:23,2026-02-06T15:48:00+08:00,2026-02-06T15:50:03+08:00,1.5371,103.4239,C,Cloud to Cloud,2026-02-06T15:46:34.918+08:00
2026-02-07 11:58:23,2026-02-06T15:48:00+08:00,2026-02-06T15:50:03+08:00,1.5241,103.4341,C,Cloud to Cloud,2026-02-06T15:46:34.919+08:00
2026-02-07 11:58:23,2026-02-06T15:48:00+08:00,2026-02-06T15:50:03+08:00,1.4588,103.6383,C,Cloud to Cloud,2026-02-06T15:46:47.568+08:00
2026-02-07 11:58:23,2026-02-06T15:48:00+08:00,2026-02-06T15:50:03+08:00,1.443,103.5703,C,Cloud to Cloud,2026-02-06T15:46:47.568+08:00
2026-02-07 11:58:23,2026-02-06T15:48:00+08:00,2026-02-06T15:50:03+08:00,1.4756,103.5464,C,Cloud to Cloud,2026-02-06T15:46:47.72+08:00
2026-02-07 11:58:23,2026-02-06T15:48:00+08:00,2026-02-06T15:50:03+08:00,1.4914,103.5265,C,Cloud to Cloud,2026-02-06T15:46:47.72+08:00
2026-02-07 11:58:23,2026-02-06T15:48:00+08:00,2026-02-06T15:50:03+08:00,1.4574,103.5777,C,Cloud to Cloud,2026-02-06T15:46:47.721+08:00
2026-02-07 11:58:23,2026-02-06T15:48:00+08:00,2026-02-06T15:50:03+08:00,1.4583,103.5776,C,Cloud to Cloud,2026-02-06T15:46:47.745+08:00
2026-02-07 11:58:23,2026-02-06T15:48:00+08:00,2026-02-06T15:50:03+08:00,1.4988,103.5122,C,Cloud to Cloud,2026-02-06T15:46:47.745+08:00
2026-02-07 11:58:23,2026-02-06T15:48:00+08:00,2026-02-06T15:50:03+08:00,1.4388,103.598,C,Cloud to Cloud,2026-02-06T15:46:47.746+08:00
2026-02-07 11:58:23,2026-02-06T15:48:00+08:00,2026-02-06T15:50:03+08:00,1.4227,103.6151,C,Cloud to Cloud,2026-02-06T15:46:47.746+08:00
2026-02-07 11:58:23,2026-02-06T15:48:00+08:00,2026-02-06T15:50:03+08:00,1.4071,103.6321,C,Cloud to Cloud,2026-02-06T15:46:47.746+08:00
2026-02-07 11:58:23,2026-02-06T15:48:00+08:00,2026-02-06T15:50:03+08:00,1.4486,103.588,C,Cloud to Cloud,2026-02-06T15:46:47.746+08:00
2026-02-07 11:58:23,2026-02-06T15:48:00+08:00,2026-02-06T15:50:03+08:00,1.4576,103.5822,C,Cloud to Cloud,2026-02-06T15:46:47.746+08:00
2026-02-07 11:58:23,2026-02-06T15:48:00+08:00,2026-02-06T15:50:03+08:00,1.3737,103.6354,C,Cloud to Cloud,2026-02-06T15:46:47.746+08:00
2026-02-07 11:58:23,2026-02-06T15:48:00+08:00,2026-02-06T15:50:03+08:00,1.4783,103.5665,C,Cloud to Cloud,2026-02-06T15:47:05.993+08:00
2026-02-07 11:58:23,2026-02-06T15:48:00+08:00,2026-02-06T15:50:03+08:00,1.4831,103.5585,C,Cloud to Cloud,2026-02-06T15:47:05.997+08:00
2026-02-07 11:58:23,2026-02-06T15:48:00+08:00,2026-02-06T15:50:03+08:00,1.461,103.5741,C,Cloud to Cloud,2026-02-06T15:47:06.089+08:00
2026-02-07 11:58:23,2026-02-06T15:48:00+08:00,2026-02-06T15:50:03+08:00,1.4228,103.6122,C,Cloud to Cloud,2026-02-06T15:47:06.108+08:00
2026-02-07 11:58:23,2026-02-06T15:48:00+08:00,2026-02-06T15:50:03+08:00,1.47,103.5574,C,Cloud to Cloud,2026-02-06T15:47:06.126+08:00
2026-02-07 11:58:23,2026-02-06T15:48:00+08:00,2026-02-06T15:50:03+08:00,1.4657,103.6464,C,Cloud to Cloud,2026-02-06T15:47:06.129+08:00
2026-02-07 11:58:23,2026-02-06T15:48:00+08:00,2026-02-06T15:50:03+08:00,1.4668,103.6342,C,Cloud to Cloud,2026-02-06T15:47:06.129+08:00
2026-02-07 11:58:23,2026-02-06T15:48:00+08:00,2026-02-06T15:50:03+08:00,1.4651,103.5962,C,Cloud to Cloud,2026-02-06T15:47:06.139+08:00
2026-02-07 11:58:23,2026-02-06T15:48:00+08:00,2026-02-06T15:50:03+08:00,1.4654,103.5916,C,Cloud to Cloud,2026-02-06T15:47:06.139+08:00
2026-02-07 11:58:23,2026-02-06T15:48:00+08:00,2026-02-06T15:50:03+08:00,1.4659,103.5826,C,Cloud to Cloud,2026-02-06T15:47:06.139+08:00
2026-02-07 11:58:23,2026-02-06T15:48:00+08:00,2026-02-06T15:50:03+08:00,1.4596,103.6001,C,Cloud to Cloud,2026-02-06T15:47:06.139+08:00
2026-02-07 11:58:23,2026-02-06T15:48:00+08:00,2026-02-06T15:50:03+08:00,1.4591,103.6117,C,Cloud to Cloud,2026-02-06T15:47:06.139+08:00
2026-02-07 11:58:23,2026-02-06T15:48:00+08:00,2026-02-06T15:50:03+08:00,1.4855,103.5404,C,Cloud to Cloud,2026-02-06T15:47:06.139+08:00
2026-02-07 11:58:23,2026-02-06T15:48:00+08:00,2026-02-06T15:50:03+08:00,1.4229,103.6367,C,Cloud to Cloud,2026-02-06T15:47:06.139+08:00
2026-02-07 11:58:23,2026-02-06T15:48:00+08:00,2026-02-06T15:50:03+08:00,1.4193,103.6403,C,Cloud to Cloud,2026-02-06T15:47:06.139+08:00
2026-02-07 11:58:23,2026-02-06T15:48:00+08:00,2026-02-06T15:50:03+08:00,1.4526,103.5897,C,Cloud to Cloud,2026-02-06T15:47:06.149+08:00
2026-02-07 11:58:23,2026-02-06T15:48:00+08:00,2026-02-06T15:50:03+08:00,1.4717,103.5961,C,Cloud to Cloud,2026-02-06T15:47:06.15+08:00
2026-02-07 11:58:23,2026-02-06T15:48:00+08:00,2026-02-06T15:50:03+08:00,1.4678,103.5698,C,Cloud to Cloud,2026-02-06T15:47:06.156+08:00
2026-02-07 11:58:23,2026-02-06T15:48:00+08:00,2026-02-06T15:50:03+08:00,1.462,103.5825,C,Cloud to Cloud,2026-02-06T15:47:06.179+08:00
2026-02-07 11:58:23,2026-02-06T15:48:00+08:00,2026-02-06T15:50:03+08:00,1.4679,103.5695,C,Cloud to Cloud,2026-02-06T15:47:06.179+08:00
2026-02-07 11:58:23,2026-02-06T15:48:00+08:00,2026-02-06T15:50:03+08:00,1.4819,103.55,C,Cloud to Cloud,2026-02-06T15:47:06.179+08:00
2026-02-07 11:58:23,2026-02-06T15:48:00+08:00,2026-02-06T15:50:03+08:00,1.4785,103.5644,C,Cloud to Cloud,2026-02-06T15:47:06.179+08:00
2026-02-07 11:58:23,2026-02-06T15:48:00+08:00,2026-02-06T15:50:03+08:00,1.4673,103.5616,C,Cloud to Cloud,2026-02-06T15:47:06.18+08:00
2026-02-07 11:58:23,2026-02-06T15:48:00+08:00,2026-02-06T15:50:03+08:00,1.4745,103.5687,C,Cloud to Cloud,2026-02-06T15:47:06.18+08:00
2026-02-07 11:58:23,2026-02-06T15:48:00+08:00,2026-02-06T15:50:03+08:00,1.5247,103.5238,C,Cloud to Cloud,2026-02-06T15:47:06.18+08:00
2026-02-07 11:58:23,2026-02-06T15:48:00+08:00,2026-02-06T15:50:03+08:00,1.476,103.5579,C,Cloud to Cloud,2026-02-06T15:47:06.18+08:00
2026-02-07 11:58:23,2026-02-06T15:48:00+08:00,2026-02-06T15:50:03+08:00,1.4818,103.5745,C,Cloud to Cloud,2026-02-06T15:47:06.186+08:00
2026-02-07 11:58:23,2026-02-06T15:48:00+08:00,2026-02-06T15:50:03+08:00,1.4642,103.5907,C,Cloud to Cloud,2026-02-06T15:47:06.187+08:00
2026-02-07 11:58:23,2026-02-06T15:48:00+08:00,2026-02-06T15:50:03+08:00,1.4753,103.5983,C,Cloud to Cloud,2026-02-06T15:47:06.194+08:00
2026-02-07 11:58:23,2026-02-06T15:48:00+08:00,2026-02-06T15:50:03+08:00,1.4564,103.5827,C,Cloud to Cloud,2026-02-06T15:47:38.29+08:00
2026-02-07 11:58:23,2026-02-06T15:48:00+08:00,2026-02-06T15:50:03+08:00,1.4045,103.6285,C,Cloud to Cloud,2026-02-06T15:47:38.292+08:00
2026-02-07 11:58:23,2026-02-06T15:48:00+08:00,2026-02-06T15:50:03+08:00,1.4561,103.5518,C,Cloud to Cloud,2026-02-06T15:47:38.292+08:00
2026-02-07 11:58:23,2026-02-06T15:48:00+08:00,2026-02-06T15:50:03+08:00,1.4551,103.5513,C,Cloud to Cloud,2026-02-06T15:47:38.292+08:00
2026-02-07 11:58:23,2026-02-06T15:48:00+08:00,2026-02-06T15:50:03+08:00,1.4552,103.5285,C,Cloud to Cloud,2026-02-06T15:47:38.43+08:00
2026-02-07 11:58:23,2026-02-06T15:48:00+08:00,2026-02-06T15:50:03+08:00,1.4305,103.5983,C,Cloud to Cloud,2026-02-06T15:47:38.444+08:00
2026-02-07 11:58:23,2026-02-06T15:48:00+08:00,2026-02-06T15:50:03+08:00,1.4593,103.5684,C,Cloud to Cloud,2026-02-06T15:47:38.539+08:00
2026-02-07 11:58:23,2026-02-06T15:48:00+08:00,2026-02-06T15:50:03+08:00,1.3871,103.6546,C,Cloud to Cloud,2026-02-06T15:47:38.54+08:00
2026-02-07 11:58:23,2026-02-06T15:48:00+08:00,2026-02-06T15:50:03+08:00,1.432,103.6075,C,Cloud to Cloud,2026-02-06T15:47:38.558+08:00
2026-02-07 11:58:23,2026-02-06T15:48:00+08:00,2026-02-06T15:50:03+08:00,1.4599,103.5899,C,Cloud to Cloud,2026-02-06T15:47:38.592+08:00
2026-02-07 11:58:23,2026-02-06T15:48:00+08:00,2026-02-06T15:50:03+08:00,1.4539,103.581,C,Cloud to Cloud,2026-02-06T15:47:38.623+08:00
2026-02-07 11:58:23,2026-02-06T15:48:00+08:00,2026-02-06T15:50:03+08:00,1.4526,103.5836,C,Cloud to Cloud,2026-02-06T15:47:38.623+08:00
2026-02-07 11:58:23,2026-02-06T15:48:00+08:00,2026-02-06T15:50:03+08:00,1.4569,103.5623,C,Cloud to Cloud,2026-02-06T15:47:38.663+08:00
2026-02-07 11:58:23,2026-02-06T15:48:00+08:00,2026-02-06T15:50:03+08:00,1.4586,103.5704,C,Cloud to Cloud,2026-02-06T15:47:38.663+08:00
2026-02-07 11:58:23,2026-02-06T15:48:00+08:00,2026-02-06T15:50:03+08:00,1.4632,103.5621,C,Cloud to Cloud,2026-02-06T15:47:38.663+08:00
2026-02-07 11:58:23,2026-02-06T15:48:00+08:00,2026-02-06T15:50:03+08:00,1.4723,103.5741,C,Cloud to Cloud,2026-02-06T15:47:38.663+08:00
2026-02-07 11:58:23,2026-02-06T15:48:00+08:00,2026-02-06T15:50:03+08:00,1.4507,103.6015,C,Cloud to Cloud,2026-02-06T15:47:38.671+08:00
2026-02-07 11:58:23,2026-02-06T15:48:00+08:00,2026-02-06T15:50:03+08:00,1.4331,103.6255,C,Cloud to Cloud,2026-02-06T15:47:38.671+08:00
2026-02-07 11:58:23,2026-02-06T15:48:00+08:00,2026-02-06T15:50:03+08:00,1.478,103.5876,C,Cloud to Cloud,2026-02-06T15:47:38.678+08:00
2026-02-07 11:58:23,2026-02-06T15:48:00+08:00,2026-02-06T15:50:03+08:00,1.4474,103.6128,C,Cloud to Cloud,2026-02-06T15:47:38.678+08:00
2026-02-07 11:58:23,2026-02-06T15:48:00+08:00,2026-02-06T15:50:03+08:00,1.477,103.6035,C,Cloud to Cloud,2026-02-06T15:47:38.682+08:00
2026-02-07 11:58:23,2026-02-06T15:48:00+08:00,2026-02-06T15:50:03+08:00,1.4765,103.6066,C,Cloud to Cloud,2026-02-06T15:47:38.682+08:00
2026-02-07 11:58:23,2026-02-06T15:48:00+08:00,2026-02-06T15:50:03+08:00,1.5054,103.5735,C,Cloud to Cloud,2026-02-06T15:47:38.683+08:00
2026-02-07 11:58:23,2026-02-06T15:48:00+08:00,2026-02-06T15:50:03+08:00,1.4826,103.6066,C,Cloud to Cloud,2026-02-06T15:47:38.687+08:00
2026-02-07 11:58:23,2026-02-06T15:48:00+08:00,2026-02-06T15:50:03+08:00,1.4872,103.5451,C,Cloud to Cloud,2026-02-06T15:47:38.803+08:00
2026-02-07 11:58:23,2026-02-06T15:48:00+08:00,2026-02-06T15:50:03+08:00,1.4641,103.6056,C,Cloud to Cloud,2026-02-06T15:47:38.803+08:00
2026-02-07 11:58:23,2026-02-06T15:48:00+08:00,2026-02-06T15:50:03+08:00,1.4635,103.6077,C,Cloud to Cloud,2026-02-06T15:47:38.803+08:00
2026-02-07 11:58:23,2026-02-06T15:48:00+08:00,2026-02-06T15:50:03+08:00,1.4058,103.6512,C,Cloud to Cloud,2026-02-06T15:47:38.824+08:00
2026-02-07 11:58:23,2026-02-06T15:48:00+08:00,2026-02-06T15:50:03+08:00,1.4957,103.4908,C,Cloud to Cloud,2026-02-06T15:47:51.75+08:00
2026-02-07 11:58:23,2026-02-06T15:48:00+08:00,2026-02-06T15:50:03+08:00,1.5839,103.3686,C,Cloud to Cloud,2026-02-06T15:47:51.759+08:00
2026-02-07 11:58:23,2026-02-06T15:48:00+08:00,2026-02-06T15:50:03+08:00,1.5085,103.4698,C,Cloud to Cloud,2026-02-06T15:47:51.76+08:00
2026-02-07 11:58:23,2026-02-06T15:48:00+08:00,2026-02-06T15:50:03+08:00,1.5373,103.4353,C,Cloud to Cloud,2026-02-06T15:47:51.76+08:00
2026-02-07 11:58:23,2026-02-06T15:48:00+08:00,2026-02-06T15:50:03+08:00,1.5903,103.3468,C,Cloud to Cloud,2026-02-06T15:47:51.76+08:00
2026-02-07 11:58:23,2026-02-06T15:46:00+08:00,2026-02-06T15:48:02+08:00,1.4852,103.5807,C,Cloud to Cloud,2026-02-06T15:44:40.733+08:00
2026-02-07 11:58:23,2026-02-06T15:46:00+08:00,2026-02-06T15:48:02+08:00,1.4703,103.5784,C,Cloud to Cloud,2026-02-06T15:44:40.737+08:00
2026-02-07 11:58:23,2026-02-06T15:46:00+08:00,2026-02-06T15:48:02+08:00,1.4831,103.563,C,Cloud to Cloud,2026-02-06T15:44:40.737+08:00
2026-02-07 11:58:23,2026-02-06T15:46:00+08:00,2026-02-06T15:48:02+08:00,1.4613,103.5967,C,Cloud to Cloud,2026-02-06T15:44:40.756+08:00
2026-02-07 11:58:23,2026-02-06T15:46:00+08:00,2026-02-06T15:48:02+08:00,1.495,103.5826,C,Cloud to Cloud,2026-02-06T15:44:40.759+08:00
2026-02-07 11:58:23,2026-02-06T15:46:00+08:00,2026-02-06T15:48:02+08:00,1.5183,103.5906,C,Cloud to Cloud,2026-02-06T15:44:40.759+08:00
2026-02-07 11:58:23,2026-02-06T15:46:00+08:00,2026-02-06T15:48:02+08:00,1.5012,103.5817,C,Cloud to Cloud,2026-02-06T15:44:40.763+08:00
2026-02-07 11:58:23,2026-02-06T15:46:00+08:00,2026-02-06T15:48:02+08:00,1.5047,103.5768,C,Cloud to Cloud,2026-02-06T15:44:40.763+08:00
2026-02-07 11:58:23,2026-02-06T15:46:00+08:00,2026-02-06T15:48:02+08:00,1.5057,103.5793,C,Cloud to Cloud,2026-02-06T15:44:40.764+08:00
2026-02-07 11:58:23,2026-02-06T15:46:00+08:00,2026-02-06T15:48:02+08:00,1.5687,103.5381,C,Cloud to Cloud,2026-02-06T15:44:40.812+08:00
2026-02-07 11:58:23,2026-02-06T15:46:00+08:00,2026-02-06T15:48:02+08:00,1.4587,103.5851,C,Cloud to Cloud,2026-02-06T15:44:40.813+08:00
2026-02-07 11:58:23,2026-02-06T15:46:00+08:00,2026-02-06T15:48:02+08:00,1.457,103.6324,C,Cloud to Cloud,2026-02-06T15:44:40.814+08:00
2026-02-07 11:58:23,2026-02-06T15:46:00+08:00,2026-02-06T15:48:02+08:00,1.4904,103.5984,C,Cloud to Cloud,2026-02-06T15:44:40.815+08:00
2026-02-07 11:58:23,2026-02-06T15:46:00+08:00,2026-02-06T15:48:02+08:00,1.4835,103.6064,C,Cloud to Cloud,2026-02-06T15:44:40.816+08:00
2026-02-07 11:58:23,2026-02-06T15:46:00+08:00,2026-02-06T15:48:02+08:00,1.4854,103.6141,C,Cloud to Cloud,2026-02-06T15:44:40.82+08:00
2026-02-07 11:58:23,2026-02-06T15:46:00+08:00,2026-02-06T15:48:02+08:00,1.5616,103.5576,C,Cloud to Cloud,2026-02-06T15:44:40.82+08:00
2026-02-07 11:58:23,2026-02-06T15:46:00+08:00,2026-02-06T15:48:02+08:00,1.4833,103.5949,C,Cloud to Cloud,2026-02-06T15:44:40.824+08:00
2026-02-07 11:58:23,2026-02-06T15:46:00+08:00,2026-02-06T15:48:02+08:00,1.4845,103.5855,C,Cloud to Cloud,2026-02-06T15:44:40.826+08:00
2026-02-07 11:58:23,2026-02-06T15:46:00+08:00,2026-02-06T15:48:02+08:00,1.4839,103.5992,C,Cloud to Cloud,2026-02-06T15:44:40.922+08:00
2026-02-07 11:58:23,2026-02-06T15:46:00+08:00,2026-02-06T15:48:02+08:00,1.4668,103.5969,C,Cloud to Cloud,2026-02-06T15:44:40.94+08:00
2026-02-07 11:58:23,2026-02-06T15:46:00+08:00,2026-02-06T15:48:02+08:00,1.4683,103.5944,C,Cloud to Cloud,2026-02-06T15:44:40.94+08:00
2026-02-07 11:58:23,2026-02-06T15:46:00+08:00,2026-02-06T15:48:02+08:00,1.4628,103.6113,C,Cloud to Cloud,2026-02-06T15:44:40.94+08:00
2026-02-07 11:58:23,2026-02-06T15:46:00+08:00,2026-02-06T15:48:02+08:00,1.4927,103.5608,C,Cloud to Cloud,2026-02-06T15:44:40.941+08:00
2026-02-07 11:58:23,2026-02-06T15:46:00+08:00,2026-02-06T15:48:02+08:00,1.4677,103.6469,C,Cloud to Cloud,2026-02-06T15:44:40.941+08:00
2026-02-07 11:58:23,2026-02-06T15:46:00+08:00,2026-02-06T15:48:02+08:00,1.4757,103.5831,C,Cloud to Cloud,2026-02-06T15:44:40.941+08:00
2026-02-07 11:58:23,2026-02-06T15:46:00+08:00,2026-02-06T15:48:02+08:00,1.4335,103.6002,C,Cloud to Cloud,2026-02-06T15:45:16.235+08:00
2026-02-07 11:58:23,2026-02-06T15:46:00+08:00,2026-02-06T15:48:02+08:00,1.4644,103.5945,C,Cloud to Cloud,2026-02-06T15:45:16.241+08:00
2026-02-07 11:58:23,2026-02-06T15:46:00+08:00,2026-02-06T15:48:02+08:00,1.4855,103.6115,C,Cloud to Cloud,2026-02-06T15:45:16.241+08:00
2026-02-07 11:58:23,2026-02-06T15:46:00+08:00,2026-02-06T15:48:02+08:00,1.4466,103.5831,C,Cloud to Cloud,2026-02-06T15:45:16.26+08:00
2026-02-07 11:58:23,2026-02-06T15:46:00+08:00,2026-02-06T15:48:02+08:00,1.5139,103.5474,C,Cloud to Cloud,2026-02-06T15:45:16.36+08:00
2026-02-07 11:58:23,2026-02-06T15:46:00+08:00,2026-02-06T15:48:02+08:00,1.4282,103.6351,C,Cloud to Cloud,2026-02-06T15:45:16.36+08:00
2026-02-07 11:58:23,2026-02-06T15:46:00+08:00,2026-02-06T15:48:02+08:00,1.4707,103.5976,C,Cloud to Cloud,2026-02-06T15:45:16.376+08:00
2026-02-07 11:58:23,2026-02-06T15:46:00+08:00,2026-02-06T15:48:02+08:00,1.4672,103.5915,C,Cloud to Cloud,2026-02-06T15:45:16.376+08:00
2026-02-07 11:58:23,2026-02-06T15:46:00+08:00,2026-02-06T15:48:02+08:00,1.4586,103.5896,C,Cloud to Cloud,2026-02-06T15:45:16.376+08:00
2026-02-07 11:58:23,2026-02-06T15:46:00+08:00,2026-02-06T15:48:02+08:00,1.4664,103.5825,C,Cloud to Cloud,2026-02-06T15:45:16.377+08:00
2026-02-07 11:58:23,2026-02-06T15:46:00+08:00,2026-02-06T15:48:02+08:00,1.4824,103.5841,C,Cloud to Cloud,2026-02-06T15:45:16.377+08:00
2026-02-07 11:58:23,2026-02-06T15:46:00+08:00,2026-02-06T15:48:02+08:00,1.4782,103.6032,C,Cloud to Cloud,2026-02-06T15:45:16.413+08:00
2026-02-07 11:58:23,2026-02-06T15:46:00+08:00,2026-02-06T15:48:02+08:00,1.4659,103.6132,C,Cloud to Cloud,2026-02-06T15:45:16.435+08:00
2026-02-07 11:58:23,2026-02-06T15:46:00+08:00,2026-02-06T15:48:02+08:00,1.4759,103.6134,C,Cloud to Cloud,2026-02-06T15:45:16.454+08:00
2026-02-07 11:58:23,2026-02-06T15:46:00+08:00,2026-02-06T15:48:02+08:00,1.4777,103.6063,C,Cloud to Cloud,2026-02-06T15:45:16.464+08:00
2026-02-07 11:58:23,2026-02-06T15:46:00+08:00,2026-02-06T15:48:02+08:00,1.4913,103.5811,C,Cloud to Cloud,2026-02-06T15:45:16.464+08:00
2026-02-07 11:58:23,2026-02-06T15:46:00+08:00,2026-02-06T15:48:02+08:00,1.4233,103.6628,C,Cloud to Cloud,2026-02-06T15:45:16.478+08:00
2026-02-07 11:58:23,2026-02-06T15:46:00+08:00,2026-02-06T15:48:02+08:00,1.4476,103.6493,C,Cloud to Cloud,2026-02-06T15:45:16.478+08:00
2026-02-07 11:58:23,2026-02-06T15:46:00+08:00,2026-02-06T15:48:02+08:00,1.4862,103.5677,C,Cloud to Cloud,2026-02-06T15:45:16.478+08:00
2026-02-07 11:58:23,2026-02-06T15:46:00+08:00,2026-02-06T15:48:02+08:00,1.4685,103.5889,C,Cloud to Cloud,2026-02-06T15:45:16.478+08:00
2026-02-07 11:58:23,2026-02-06T15:46:00+08:00,2026-02-06T15:48:02+08:00,1.477,103.6189,C,Cloud to Cloud,2026-02-06T15:45:16.478+08:00
2026-02-07 11:58:23,2026-02-06T15:46:00+08:00,2026-02-06T15:48:02+08:00,1.4655,103.6131,C,Cloud to Cloud,2026-02-06T15:45:16.48+08:00
2026-02-07 11:58:23,2026-02-06T15:46:00+08:00,2026-02-06T15:48:02+08:00,1.4552,103.6221,C,Cloud to Cloud,2026-02-06T15:45:16.48+08:00
2026-02-07 11:58:23,2026-02-06T15:46:00+08:00,2026-02-06T15:48:02+08:00,1.4272,103.6232,C,Cloud to Cloud,2026-02-06T15:45:58.52+08:00
2026-02-07 11:58:23,2026-02-06T15:46:00+08:00,2026-02-06T15:48:02+08:00,1.421,103.6251,C,Cloud to Cloud,2026-02-06T15:45:58.52+08:00
2026-02-07 11:58:23,2026-02-06T15:46:00+08:00,2026-02-06T15:48:02+08:00,1.4824,103.6137,C,Cloud to Cloud,2026-02-06T15:45:58.525+08:00
2026-02-07 11:58:23,2026-02-06T15:46:00+08:00,2026-02-06T15:48:02+08:00,1.4627,103.5718,C,Cloud to Cloud,2026-02-06T15:45:58.526+08:00
2026-02-07 11:58:23,2026-02-06T15:46:00+08:00,2026-02-06T15:48:02+08:00,1.4747,103.5594,C,Cloud to Cloud,2026-02-06T15:45:58.531+08:00
2026-02-07 11:58:23,2026-02-06T15:46:00+08:00,2026-02-06T15:48:02+08:00,1.4738,103.5594,C,Cloud to Cloud,2026-02-06T15:45:58.531+08:00
2026-02-07 11:58:23,2026-02-06T15:46:00+08:00,2026-02-06T15:48:02+08:00,1.4475,103.6126,C,Cloud to Cloud,2026-02-06T15:45:58.749+08:00
2026-02-07 11:58:23,2026-02-06T15:44:00+08:00,2026-02-06T15:46:02+08:00,1.4754,103.6021,C,Cloud to Cloud,2026-02-06T15:42:52.32+08:00
2026-02-07 11:58:23,2026-02-06T15:44:00+08:00,2026-02-06T15:46:02+08:00,1.4656,103.5713,C,Cloud to Cloud,2026-02-06T15:42:52.32+08:00
2026-02-07 11:58:23,2026-02-06T15:44:00+08:00,2026-02-06T15:46:02+08:00,1.4805,103.6081,C,Cloud to Cloud,2026-02-06T15:42:52.321+08:00
2026-02-07 11:58:23,2026-02-06T15:44:00+08:00,2026-02-06T15:46:02+08:00,1.4778,103.607,C,Cloud to Cloud,2026-02-06T15:42:52.321+08:00
2026-02-07 11:58:23,2026-02-06T15:44:00+08:00,2026-02-06T15:46:02+08:00,1.4897,103.5712,C,Cloud to Cloud,2026-02-06T15:42:52.321+08:00
2026-02-07 11:58:23,2026-02-06T15:44:00+08:00,2026-02-06T15:46:02+08:00,1.4909,103.5708,C,Cloud to Cloud,2026-02-06T15:42:52.321+08:00
2026-02-07 11:58:23,2026-02-06T15:44:00+08:00,2026-02-06T15:46:02+08:00,1.4816,103.5998,C,Cloud to Cloud,2026-02-06T15:42:52.325+08:00
2026-02-07 11:58:23,2026-02-06T15:44:00+08:00,2026-02-06T15:46:02+08:00,1.4813,103.6013,C,Cloud to Cloud,2026-02-06T15:42:52.325+08:00
2026-02-07 11:58:23,2026-02-06T15:44:00+08:00,2026-02-06T15:46:02+08:00,1.4803,103.6032,C,Cloud to Cloud,2026-02-06T15:42:52.325+08:00
2026-02-07 11:58:23,2026-02-06T15:44:00+08:00,2026-02-06T15:46:02+08:00,1.4756,103.6149,C,Cloud to Cloud,2026-02-06T15:42:52.326+08:00
2026-02-07 11:58:23,2026-02-06T15:44:00+08:00,2026-02-06T15:46:02+08:00,1.4759,103.6126,C,Cloud to Cloud,2026-02-06T15:42:52.326+08:00
2026-02-07 11:58:23,2026-02-06T15:44:00+08:00,2026-02-06T15:46:02+08:00,1.4825,103.5869,C,Cloud to Cloud,2026-02-06T15:42:52.408+08:00
2026-02-07 11:58:23,2026-02-06T15:44:00+08:00,2026-02-06T15:46:02+08:00,1.4817,103.5945,C,Cloud to Cloud,2026-02-06T15:42:52.409+08:00
2026-02-07 11:58:23,2026-02-06T15:44:00+08:00,2026-02-06T15:46:02+08:00,1.4809,103.5999,C,Cloud to Cloud,2026-02-06T15:42:52.415+08:00
2026-02-07 11:58:23,2026-02-06T15:44:00+08:00,2026-02-06T15:46:02+08:00,1.495,103.5867,C,Cloud to Cloud,2026-02-06T15:42:52.421+08:00
2026-02-07 11:58:23,2026-02-06T15:44:00+08:00,2026-02-06T15:46:02+08:00,1.4842,103.6002,C,Cloud to Cloud,2026-02-06T15:42:52.514+08:00
2026-02-07 11:58:23,2026-02-06T15:44:00+08:00,2026-02-06T15:46:02+08:00,1.5313,103.5511,C,Cloud to Cloud,2026-02-06T15:42:52.514+08:00
2026-02-07 11:58:23,2026-02-06T15:44:00+08:00,2026-02-06T15:46:02+08:00,1.4711,103.5953,C,Cloud to Cloud,2026-02-06T15:42:52.519+08:00
2026-02-07 11:58:23,2026-02-06T15:44:00+08:00,2026-02-06T15:46:02+08:00,1.4796,103.5859,C,Cloud to Cloud,2026-02-06T15:42:52.519+08:00
2026-02-07 11:58:23,2026-02-06T15:44:00+08:00,2026-02-06T15:46:02+08:00,1.5212,103.4887,C,Cloud to Cloud,2026-02-06T15:42:52.519+08:00
2026-02-07 11:58:23,2026-02-06T15:44:00+08:00,2026-02-06T15:46:02+08:00,1.4717,103.5761,C,Cloud to Cloud,2026-02-06T15:42:52.519+08:00
2026-02-07 11:58:23,2026-02-06T15:44:00+08:00,2026-02-06T15:46:02+08:00,1.4836,103.5984,C,Cloud to Cloud,2026-02-06T15:42:52.534+08:00
2026-02-07 11:58:23,2026-02-06T15:44:00+08:00,2026-02-06T15:46:02+08:00,1.477,103.6055,C,Cloud to Cloud,2026-02-06T15:42:52.535+08:00
2026-02-07 11:58:23,2026-02-06T15:44:00+08:00,2026-02-06T15:46:02+08:00,1.4689,103.5964,C,Cloud to Cloud,2026-02-06T15:42:52.565+08:00
2026-02-07 11:58:23,2026-02-06T15:44:00+08:00,2026-02-06T15:46:02+08:00,1.4688,103.5967,C,Cloud to Cloud,2026-02-06T15:42:52.565+08:00
2026-02-07 11:58:23,2026-02-06T15:44:00+08:00,2026-02-06T15:46:02+08:00,1.4631,103.5977,C,Cloud to Cloud,2026-02-06T15:42:52.566+08:00
2026-02-07 11:58:23,2026-02-06T15:44:00+08:00,2026-02-06T15:46:02+08:00,1.476,103.593,C,Cloud to Cloud,2026-02-06T15:42:52.593+08:00
2026-02-07 11:58:23,2026-02-06T15:44:00+08:00,2026-02-06T15:46:02+08:00,1.4781,103.5967,C,Cloud to Cloud,2026-02-06T15:42:52.62+08:00
2026-02-07 11:58:23,2026-02-06T15:44:00+08:00,2026-02-06T15:46:02+08:00,1.4757,103.6085,C,Cloud to Cloud,2026-02-06T15:42:52.627+08:00
2026-02-07 11:58:23,2026-02-06T15:44:00+08:00,2026-02-06T15:46:02+08:00,1.4895,103.5786,C,Cloud to Cloud,2026-02-06T15:42:52.642+08:00
2026-02-07 11:58:23,2026-02-06T15:44:00+08:00,2026-02-06T15:46:02+08:00,1.4654,103.5915,C,Cloud to Cloud,2026-02-06T15:43:24.502+08:00
2026-02-07 11:58:23,2026-02-06T15:44:00+08:00,2026-02-06T15:46:02+08:00,1.4762,103.565,C,Cloud to Cloud,2026-02-06T15:43:24.51+08:00
2026-02-07 11:58:23,2026-02-06T15:44:00+08:00,2026-02-06T15:46:02+08:00,1.5365,103.4964,C,Cloud to Cloud,2026-02-06T15:43:24.626+08:00
2026-02-07 11:58:23,2026-02-06T15:44:00+08:00,2026-02-06T15:46:02+08:00,1.4836,103.5893,C,Cloud to Cloud,2026-02-06T15:43:24.653+08:00
2026-02-07 11:58:23,2026-02-06T15:44:00+08:00,2026-02-06T15:46:02+08:00,1.488,103.5874,C,Cloud to Cloud,2026-02-06T15:43:24.656+08:00
2026-02-07 11:58:23,2026-02-06T15:44:00+08:00,2026-02-06T15:46:02+08:00,1.4728,103.5892,C,Cloud to Cloud,2026-02-06T15:43:24.673+08:00
2026-02-07 11:58:23,2026-02-06T15:44:00+08:00,2026-02-06T15:46:02+08:00,1.4765,103.5859,C,Cloud to Cloud,2026-02-06T15:43:24.696+08:00
2026-02-07 11:58:23,2026-02-06T15:44:00+08:00,2026-02-06T15:46:02+08:00,1.4549,103.5796,C,Cloud to Cloud,2026-02-06T15:43:57.197+08:00
2026-02-07 11:58:23,2026-02-06T15:44:00+08:00,2026-02-06T15:46:02+08:00,1.4654,103.5544,C,Cloud to Cloud,2026-02-06T15:43:57.275+08:00
2026-02-07 11:58:23,2026-02-06T15:44:00+08:00,2026-02-06T15:46:02+08:00,1.4744,103.5483,C,Cloud to Cloud,2026-02-06T15:43:57.357+08:00
2026-02-07 11:58:23,2026-02-06T15:44:00+08:00,2026-02-06T15:46:02+08:00,1.4608,103.5733,C,Cloud to Cloud,2026-02-06T15:43:57.357+08:00
2026-02-07 11:58:23,2026-02-06T15:44:00+08:00,2026-02-06T15:46:02+08:00,1.4599,103.5677,C,Cloud to Cloud,2026-02-06T15:43:57.357+08:00
2026-02-07 11:58:23,2026-02-06T15:44:00+08:00,2026-02-06T15:46:02+08:00,1.4434,103.5937,C,Cloud to Cloud,2026-02-06T15:43:57.357+08:00
2026-02-07 11:58:23,2026-02-06T15:44:00+08:00,2026-02-06T15:46:02+08:00,1.4108,103.6341,C,Cloud to Cloud,2026-02-06T15:43:57.357+08:00
2026-02-07 11:58:23,2026-02-06T15:44:00+08:00,2026-02-06T15:46:02+08:00,1.4724,103.5804,C,Cloud to Cloud,2026-02-06T15:43:57.358+08:00
2026-02-07 11:58:23,2026-02-06T15:44:00+08:00,2026-02-06T15:46:02+08:00,1.4673,103.6016,C,Cloud to Cloud,2026-02-06T15:43:57.373+08:00
2026-02-07 11:58:23,2026-02-06T15:44:00+08:00,2026-02-06T15:46:02+08:00,1.4696,103.5481,C,Cloud to Cloud,2026-02-06T15:43:57.373+08:00
2026-02-07 11:58:23,2026-02-06T15:44:00+08:00,2026-02-06T15:46:02+08:00,1.4463,103.5819,C,Cloud to Cloud,2026-02-06T15:43:57.373+08:00
2026-02-07 11:58:23,2026-02-06T15:44:00+08:00,2026-02-06T15:46:02+08:00,1.4616,103.5806,C,Cloud to Cloud,2026-02-06T15:43:57.391+08:00
2026-02-07 11:58:23,2026-02-06T15:44:00+08:00,2026-02-06T15:46:02+08:00,1.445,103.5912,C,Cloud to Cloud,2026-02-06T15:43:57.391+08:00
2026-02-07 11:58:23,2026-02-06T15:44:00+08:00,2026-02-06T15:46:02+08:00,1.4611,103.5813,C,Cloud to Cloud,2026-02-06T15:43:57.391+08:00
2026-02-07 11:58:23,2026-02-06T15:44:00+08:00,2026-02-06T15:46:02+08:00,1.4822,103.5872,C,Cloud to Cloud,2026-02-06T15:43:57.405+08:00
2026-02-07 11:58:23,2026-02-06T15:44:00+08:00,2026-02-06T15:46:02+08:00,1.4786,103.5945,C,Cloud to Cloud,2026-02-06T15:43:57.405+08:00
2026-02-07 11:58:23,2026-02-06T15:42:00+08:00,2026-02-06T15:44:03+08:00,1.4772,103.602,C,Cloud to Cloud,2026-02-06T15:40:13.511+08:00
2026-02-07 11:58:23,2026-02-06T15:42:00+08:00,2026-02-06T15:44:03+08:00,1.4775,103.6035,C,Cloud to Cloud,2026-02-06T15:40:13.511+08:00
2026-02-07 11:58:23,2026-02-06T15:42:00+08:00,2026-02-06T15:44:03+08:00,1.4959,103.5848,C,Cloud to Cloud,2026-02-06T15:40:13.511+08:00
2026-02-07 11:58:23,2026-02-06T15:42:00+08:00,2026-02-06T15:44:03+08:00,1.4784,103.6002,C,Cloud to Cloud,2026-02-06T15:40:13.511+08:00
2026-02-07 11:58:23,2026-02-06T15:42:00+08:00,2026-02-06T15:44:03+08:00,1.497,103.5851,C,Cloud to Cloud,2026-02-06T15:40:13.511+08:00
2026-02-07 11:58:23,2026-02-06T15:42:00+08:00,2026-02-06T15:44:03+08:00,1.4766,103.6005,C,Cloud to Cloud,2026-02-06T15:40:13.511+08:00
2026-02-07 11:58:23,2026-02-06T15:42:00+08:00,2026-02-06T15:44:03+08:00,1.477,103.6018,C,Cloud to Cloud,2026-02-06T15:40:13.511+08:00
2026-02-07 11:58:23,2026-02-06T15:42:00+08:00,2026-02-06T15:44:03+08:00,1.4752,103.604,C,Cloud to Cloud,2026-02-06T15:40:13.512+08:00
2026-02-07 11:58:23,2026-02-06T15:42:00+08:00,2026-02-06T15:44:03+08:00,1.4793,103.6074,C,Cloud to Cloud,2026-02-06T15:40:13.512+08:00
2026-02-07 11:58:23,2026-02-06T15:42:00+08:00,2026-02-06T15:44:03+08:00,1.4751,103.6115,C,Cloud to Cloud,2026-02-06T15:40:13.512+08:00
2026-02-07 11:58:23,2026-02-06T15:42:00+08:00,2026-02-06T15:44:03+08:00,1.4844,103.59,C,Cloud to Cloud,2026-02-06T15:40:13.512+08:00
2026-02-07 11:58:23,2026-02-06T15:42:00+08:00,2026-02-06T15:44:03+08:00,1.4749,103.6023,C,Cloud to Cloud,2026-02-06T15:40:13.512+08:00
2026-02-07 11:58:23,2026-02-06T15:42:00+08:00,2026-02-06T15:44:03+08:00,1.4835,103.5955,C,Cloud to Cloud,2026-02-06T15:40:13.512+08:00
2026-02-07 11:58:23,2026-02-06T15:42:00+08:00,2026-02-06T15:44:03+08:00,1.4731,103.6035,C,Cloud to Cloud,2026-02-06T15:40:13.512+08:00
2026-02-07 11:58:23,2026-02-06T15:42:00+08:00,2026-02-06T15:44:03+08:00,1.4755,103.6092,C,Cloud to Cloud,2026-02-06T15:40:13.512+08:00
2026-02-07 11:58:23,2026-02-06T15:42:00+08:00,2026-02-06T15:44:03+08:00,1.4845,103.6047,C,Cloud to Cloud,2026-02-06T15:40:13.512+08:00
2026-02-07 11:58:23,2026-02-06T15:42:00+08:00,2026-02-06T15:44:03+08:00,1.4839,103.6009,C,Cloud to Cloud,2026-02-06T15:40:13.512+08:00
2026-02-07 11:58:23,2026-02-06T15:42:00+08:00,2026-02-06T15:44:03+08:00,1.4881,103.5982,C,Cloud to Cloud,2026-02-06T15:40:13.512+08:00
2026-02-07 11:58:23,2026-02-06T15:42:00+08:00,2026-02-06T15:44:03+08:00,1.4829,103.6024,C,Cloud to Cloud,2026-02-06T15:40:13.513+08:00
2026-02-07 11:58:23,2026-02-06T15:42:00+08:00,2026-02-06T15:44:03+08:00,1.4816,103.605,C,Cloud to Cloud,2026-02-06T15:40:13.513+08:00
2026-02-07 11:58:23,2026-02-06T15:42:00+08:00,2026-02-06T15:44:03+08:00,1.4786,103.6009,C,Cloud to Cloud,2026-02-06T15:40:13.513+08:00
2026-02-07 11:58:23,2026-02-06T15:42:00+08:00,2026-02-06T15:44:03+08:00,1.4613,103.6116,C,Cloud to Cloud,2026-02-06T15:40:13.513+08:00
2026-02-07 11:58:23,2026-02-06T15:42:00+08:00,2026-02-06T15:44:03+08:00,1.476,103.5858,C,Cloud to Cloud,2026-02-06T15:40:13.513+08:00
2026-02-07 11:58:23,2026-02-06T15:42:00+08:00,2026-02-06T15:44:03+08:00,1.4779,103.5832,C,Cloud to Cloud,2026-02-06T15:40:13.513+08:00
2026-02-07 11:58:23,2026-02-06T15:42:00+08:00,2026-02-06T15:44:03+08:00,1.4852,103.6036,C,Cloud to Cloud,2026-02-06T15:40:13.514+08:00
2026-02-07 11:58:23,2026-02-06T15:42:00+08:00,2026-02-06T15:44:03+08:00,1.4581,103.6082,C,Cloud to Cloud,2026-02-06T15:40:13.514+08:00
2026-02-07 11:58:23,2026-02-06T15:42:00+08:00,2026-02-06T15:44:03+08:00,1.4827,103.583,C,Cloud to Cloud,2026-02-06T15:40:13.515+08:00
2026-02-07 11:58:23,2026-02-06T15:42:00+08:00,2026-02-06T15:44:03+08:00,1.4809,103.5885,C,Cloud to Cloud,2026-02-06T15:40:13.516+08:00
2026-02-07 11:58:23,2026-02-06T15:42:00+08:00,2026-02-06T15:44:03+08:00,1.4855,103.5824,C,Cloud to Cloud,2026-02-06T15:40:13.516+08:00
2026-02-07 11:58:23,2026-02-06T15:42:00+08:00,2026-02-06T15:44:03+08:00,1.4953,103.5582,C,Cloud to Cloud,2026-02-06T15:40:13.517+08:00
2026-02-07 11:58:23,2026-02-06T15:42:00+08:00,2026-02-06T15:44:03+08:00,1.4779,103.5877,C,Cloud to Cloud,2026-02-06T15:40:13.517+08:00
2026-02-07 11:58:23,2026-02-06T15:42:00+08:00,2026-02-06T15:44:03+08:00,1.4766,103.6019,C,Cloud to Cloud,2026-02-06T15:40:13.522+08:00
2026-02-07 11:58:23,2026-02-06T15:42:00+08:00,2026-02-06T15:44:03+08:00,1.4769,103.6001,C,Cloud to Cloud,2026-02-06T15:40:13.522+08:00
2026-02-07 11:58:23,2026-02-06T15:42:00+08:00,2026-02-06T15:44:03+08:00,1.4783,103.5901,C,Cloud to Cloud,2026-02-06T15:40:13.522+08:00
2026-02-07 11:58:23,2026-02-06T15:42:00+08:00,2026-02-06T15:44:03+08:00,1.5425,103.5252,C,Cloud to Cloud,2026-02-06T15:40:13.527+08:00
2026-02-07 11:58:23,2026-02-06T15:42:00+08:00,2026-02-06T15:44:03+08:00,1.4285,103.6523,C,Cloud to Cloud,2026-02-06T15:40:13.534+08:00
2026-02-07 11:58:23,2026-02-06T15:42:00+08:00,2026-02-06T15:44:03+08:00,1.4732,103.578,C,Cloud to Cloud,2026-02-06T15:40:13.619+08:00
2026-02-07 11:58:23,2026-02-06T15:42:00+08:00,2026-02-06T15:44:03+08:00,1.4808,103.6147,C,Cloud to Cloud,2026-02-06T15:40:13.628+08:00
2026-02-07 11:58:23,2026-02-06T15:42:00+08:00,2026-02-06T15:44:03+08:00,1.4736,103.5783,C,Cloud to Cloud,2026-02-06T15:40:55.699+08:00
2026-02-07 11:58:23,2026-02-06T15:42:00+08:00,2026-02-06T15:44:03+08:00,1.4278,103.6439,C,Cloud to Cloud,2026-02-06T15:40:55.7+08:00
2026-02-07 11:58:23,2026-02-06T15:42:00+08:00,2026-02-06T15:44:03+08:00,1.5193,103.5517,C,Cloud to Cloud,2026-02-06T15:40:55.72+08:00
2026-02-07 11:58:23,2026-02-06T15:42:00+08:00,2026-02-06T15:44:03+08:00,1.5106,103.5589,C,Cloud to Cloud,2026-02-06T15:40:55.724+08:00
2026-02-07 11:58:23,2026-02-06T15:42:00+08:00,2026-02-06T15:44:03+08:00,1.4609,103.6158,C,Cloud to Cloud,2026-02-06T15:40:55.785+08:00
2026-02-07 11:58:23,2026-02-06T15:42:00+08:00,2026-02-06T15:44:03+08:00,1.5168,103.5561,C,Cloud to Cloud,2026-02-06T15:40:55.884+08:00
2026-02-07 11:58:23,2026-02-06T15:42:00+08:00,2026-02-06T15:44:03+08:00,1.4384,103.6284,C,Cloud to Cloud,2026-02-06T15:40:55.893+08:00
2026-02-07 11:58:23,2026-02-06T15:42:00+08:00,2026-02-06T15:44:03+08:00,1.4497,103.6238,C,Cloud to Cloud,2026-02-06T15:40:55.92+08:00
2026-02-07 11:58:23,2026-02-06T15:42:00+08:00,2026-02-06T15:44:03+08:00,1.4343,103.6229,C,Cloud to Cloud,2026-02-06T15:40:55.934+08:00
2026-02-07 11:58:23,2026-02-06T15:42:00+08:00,2026-02-06T15:44:03+08:00,1.4903,103.5759,C,Cloud to Cloud,2026-02-06T15:40:55.953+08:00
2026-02-07 11:58:23,2026-02-06T15:42:00+08:00,2026-02-06T15:44:03+08:00,1.4921,103.5578,C,Cloud to Cloud,2026-02-06T15:40:55.954+08:00
2026-02-07 11:58:23,2026-02-06T15:42:00+08:00,2026-02-06T15:44:03+08:00,1.4747,103.6153,C,Cloud to Cloud,2026-02-06T15:40:55.996+08:00
2026-02-07 11:58:23,2026-02-06T15:42:00+08:00,2026-02-06T15:44:03+08:00,1.4736,103.6103,C,Cloud to Cloud,2026-02-06T15:41:43.98+08:00
2026-02-07 11:58:23,2026-02-06T15:42:00+08:00,2026-02-06T15:44:03+08:00,1.4555,103.5723,C,Cloud to Cloud,2026-02-06T15:41:43.98+08:00
2026-02-07 11:58:23,2026-02-06T15:42:00+08:00,2026-02-06T15:44:03+08:00,1.4772,103.6075,C,Cloud to Cloud,2026-02-06T15:41:43.981+08:00
2026-02-07 11:58:23,2026-02-06T15:42:00+08:00,2026-02-06T15:44:03+08:00,1.4823,103.5646,C,Cloud to Cloud,2026-02-06T15:41:43.981+08:00
2026-02-07 11:58:23,2026-02-06T15:42:00+08:00,2026-02-06T15:44:03+08:00,1.4815,103.6059,C,Cloud to Cloud,2026-02-06T15:41:43.981+08:00
2026-02-07 11:58:23,2026-02-06T15:42:00+08:00,2026-02-06T15:44:03+08:00,1.4861,103.5628,C,Cloud to Cloud,2026-02-06T15:41:43.981+08:00
2026-02-07 11:58:23,2026-02-06T15:42:00+08:00,2026-02-06T15:44:03+08:00,1.4798,103.6136,C,Cloud to Cloud,2026-02-06T15:41:43.981+08:00
2026-02-07 11:58:23,2026-02-06T15:42:00+08:00,2026-02-06T15:44:03+08:00,1.4772,103.6173,C,Cloud to Cloud,2026-02-06T15:41:43.981+08:00
2026-02-07 11:58:23,2026-02-06T15:42:00+08:00,2026-02-06T15:44:03+08:00,1.4714,103.5725,C,Cloud to Cloud,2026-02-06T15:41:43.981+08:00
2026-02-07 11:58:23,2026-02-06T15:42:00+08:00,2026-02-06T15:44:03+08:00,1.4845,103.6143,C,Cloud to Cloud,2026-02-06T15:41:43.982+08:00
2026-02-07 11:58:23,2026-02-06T15:42:00+08:00,2026-02-06T15:44:03+08:00,1.4823,103.6089,C,Cloud to Cloud,2026-02-06T15:41:43.982+08:00
2026-02-07 11:58:23,2026-02-06T15:42:00+08:00,2026-02-06T15:44:03+08:00,1.4815,103.6125,C,Cloud to Cloud,2026-02-06T15:41:43.983+08:00
2026-02-07 11:58:23,2026-02-06T15:42:00+08:00,2026-02-06T15:44:03+08:00,1.4776,103.6145,C,Cloud to Cloud,2026-02-06T15:41:43.983+08:00
2026-02-07 11:58:23,2026-02-06T15:42:00+08:00,2026-02-06T15:44:03+08:00,1.4866,103.6072,C,Cloud to Cloud,2026-02-06T15:41:43.985+08:00
2026-02-07 11:58:23,2026-02-06T15:42:00+08:00,2026-02-06T15:44:03+08:00,1.486,103.5909,C,Cloud to Cloud,2026-02-06T15:41:43.985+08:00
2026-02-07 11:58:23,2026-02-06T15:42:00+08:00,2026-02-06T15:44:03+08:00,1.4756,103.6076,C,Cloud to Cloud,2026-02-06T15:41:43.986+08:00
2026-02-07 11:58:23,2026-02-06T15:42:00+08:00,2026-02-06T15:44:03+08:00,1.5189,103.555,C,Cloud to Cloud,2026-02-06T15:41:43.99+08:00
2026-02-07 11:58:23,2026-02-06T15:42:00+08:00,2026-02-06T15:44:03+08:00,1.4771,103.5951,C,Cloud to Cloud,2026-02-06T15:41:43.991+08:00
2026-02-07 11:58:23,2026-02-06T15:42:00+08:00,2026-02-06T15:44:03+08:00,1.4752,103.5962,C,Cloud to Cloud,2026-02-06T15:41:44.005+08:00
2026-02-07 11:58:23,2026-02-06T15:42:00+08:00,2026-02-06T15:44:03+08:00,1.4569,103.6103,C,Cloud to Cloud,2026-02-06T15:41:44.005+08:00
2026-02-07 11:58:23,2026-02-06T15:42:00+08:00,2026-02-06T15:44:03+08:00,1.4253,103.5788,C,Cloud to Cloud,2026-02-06T15:41:44.005+08:00
2026-02-07 11:58:23,2026-02-06T15:42:00+08:00,2026-02-06T15:44:03+08:00,1.4757,103.603,C,Cloud to Cloud,2026-02-06T15:41:44.012+08:00
2026-02-07 11:58:23,2026-02-06T15:42:00+08:00,2026-02-06T15:44:03+08:00,1.4691,103.6131,C,Cloud to Cloud,2026-02-06T15:41:44.038+08:00
2026-02-07 11:58:23,2026-02-06T15:42:00+08:00,2026-02-06T15:44:03+08:00,1.4831,103.5602,C,Cloud to Cloud,2026-02-06T15:41:44.067+08:00
2026-02-07 11:58:23,2026-02-06T15:42:00+08:00,2026-02-06T15:44:03+08:00,1.4753,103.5988,C,Cloud to Cloud,2026-02-06T15:41:44.068+08:00
2026-02-07 11:58:23,2026-02-06T15:42:00+08:00,2026-02-06T15:44:03+08:00,1.4882,103.6189,C,Cloud to Cloud,2026-02-06T15:41:44.086+08:00
2026-02-07 11:58:23,2026-02-06T15:42:00+08:00,2026-02-06T15:44:03+08:00,1.4837,103.6217,C,Cloud to Cloud,2026-02-06T15:41:44.087+08:00
2026-02-07 11:58:23,2026-02-06T15:42:00+08:00,2026-02-06T15:44:03+08:00,1.4892,103.597,C,Cloud to Cloud,2026-02-06T15:41:44.216+08:00
2026-02-07 11:58:23,2026-02-06T15:42:00+08:00,2026-02-06T15:44:03+08:00,1.477,103.5972,C,Cloud to Cloud,2026-02-06T15:41:44.216+08:00
2026-02-07 11:58:23,2026-02-06T15:42:00+08:00,2026-02-06T15:44:03+08:00,1.4776,103.5961,C,Cloud to Cloud,2026-02-06T15:41:44.216+08:00
2026-02-07 11:58:23,2026-02-06T15:42:00+08:00,2026-02-06T15:44:03+08:00,1.4745,103.5974,C,Cloud to Cloud,2026-02-06T15:41:44.216+08:00
2026-02-07 11:58:23,2026-02-06T15:42:00+08:00,2026-02-06T15:44:03+08:00,1.4214,103.66,C,Cloud to Cloud,2026-02-06T15:41:44.216+08:00
2026-02-07 11:58:23,2026-02-06T15:40:00+08:00,2026-02-06T15:42:03+08:00,1.4773,103.5989,C,Cloud to Cloud,2026-02-06T15:38:34.44+08:00
2026-02-07 11:58:23,2026-02-06T15:40:00+08:00,2026-02-06T15:42:03+08:00,1.4811,103.581,C,Cloud to Cloud,2026-02-06T15:38:34.482+08:00
2026-02-07 11:58:23,2026-02-06T15:40:00+08:00,2026-02-06T15:42:03+08:00,1.5036,103.5672,C,Cloud to Cloud,2026-02-06T15:38:34.484+08:00
2026-02-07 11:58:23,2026-02-06T15:40:00+08:00,2026-02-06T15:42:03+08:00,1.509,103.5596,C,Cloud to Cloud,2026-02-06T15:38:34.485+08:00
2026-02-07 11:58:23,2026-02-06T15:40:00+08:00,2026-02-06T15:42:03+08:00,1.4896,103.5704,C,Cloud to Cloud,2026-02-06T15:38:34.485+08:00
2026-02-07 11:58:23,2026-02-06T15:40:00+08:00,2026-02-06T15:42:03+08:00,1.5111,103.5653,C,Cloud to Cloud,2026-02-06T15:38:34.486+08:00
2026-02-07 11:58:23,2026-02-06T15:40:00+08:00,2026-02-06T15:42:03+08:00,1.4393,103.6322,C,Cloud to Cloud,2026-02-06T15:38:34.555+08:00
2026-02-07 11:58:23,2026-02-06T15:40:00+08:00,2026-02-06T15:42:03+08:00,1.4747,103.6249,C,Cloud to Cloud,2026-02-06T15:38:34.565+08:00
2026-02-07 11:58:23,2026-02-06T15:40:00+08:00,2026-02-06T15:42:03+08:00,1.4772,103.6061,C,Cloud to Cloud,2026-02-06T15:38:34.565+08:00
2026-02-07 11:58:23,2026-02-06T15:40:00+08:00,2026-02-06T15:42:03+08:00,1.4741,103.6158,C,Cloud to Cloud,2026-02-06T15:38:34.577+08:00
2026-02-07 11:58:23,2026-02-06T15:40:00+08:00,2026-02-06T15:42:03+08:00,1.4757,103.6029,C,Cloud to Cloud,2026-02-06T15:38:34.577+08:00
2026-02-07 11:58:23,2026-02-06T15:40:00+08:00,2026-02-06T15:42:03+08:00,1.5099,103.5801,C,Cloud to Cloud,2026-02-06T15:39:23.373+08:00
2026-02-07 11:58:23,2026-02-06T15:40:00+08:00,2026-02-06T15:42:03+08:00,1.5303,103.5525,C,Cloud to Cloud,2026-02-06T15:39:23.373+08:00
2026-02-07 11:58:23,2026-02-06T15:40:00+08:00,2026-02-06T15:42:03+08:00,1.4871,103.5789,C,Cloud to Cloud,2026-02-06T15:39:23.374+08:00
2026-02-07 11:58:23,2026-02-06T15:40:00+08:00,2026-02-06T15:42:03+08:00,1.5131,103.5516,C,Cloud to Cloud,2026-02-06T15:39:23.374+08:00
2026-02-07 11:58:23,2026-02-06T15:40:00+08:00,2026-02-06T15:42:03+08:00,1.4441,103.6285,C,Cloud to Cloud,2026-02-06T15:39:23.375+08:00
2026-02-07 11:58:23,2026-02-06T15:40:00+08:00,2026-02-06T15:42:03+08:00,1.5218,103.5632,C,Cloud to Cloud,2026-02-06T15:39:23.497+08:00
2026-02-07 11:58:23,2026-02-06T15:40:00+08:00,2026-02-06T15:42:03+08:00,1.5246,103.5574,C,Cloud to Cloud,2026-02-06T15:39:23.498+08:00
2026-02-07 11:58:23,2026-02-06T15:40:00+08:00,2026-02-06T15:42:03+08:00,1.4882,103.5553,C,Cloud to Cloud,2026-02-06T15:39:23.606+08:00
2026-02-07 11:58:23,2026-02-06T15:40:00+08:00,2026-02-06T15:42:03+08:00,1.4441,103.5996,C,Cloud to Cloud,2026-02-06T15:39:23.607+08:00
2026-02-07 11:58:23,2026-02-06T15:40:00+08:00,2026-02-06T15:42:03+08:00,1.4861,103.5368,C,Cloud to Cloud,2026-02-06T15:39:23.608+08:00
2026-02-07 11:58:23,2026-02-06T15:40:00+08:00,2026-02-06T15:42:03+08:00,1.486,103.5447,C,Cloud to Cloud,2026-02-06T15:39:23.608+08:00
2026-02-07 11:58:23,2026-02-06T15:40:00+08:00,2026-02-06T15:42:03+08:00,1.4844,103.5959,C,Cloud to Cloud,2026-02-06T15:39:23.671+08:00
2026-02-07 11:58:23,2026-02-06T15:40:00+08:00,2026-02-06T15:42:03+08:00,1.4139,103.6605,C,Cloud to Cloud,2026-02-06T15:39:23.681+08:00
2026-02-07 11:58:23,2026-02-06T15:38:00+08:00,2026-02-06T15:40:05+08:00,1.4798,103.6177,C,Cloud to Cloud,2026-02-06T15:36:12.361+08:00
2026-02-07 11:58:23,2026-02-06T15:38:00+08:00,2026-02-06T15:40:05+08:00,1.4536,103.5918,C,Cloud to Cloud,2026-02-06T15:36:12.361+08:00
2026-02-07 11:58:23,2026-02-06T15:38:00+08:00,2026-02-06T15:40:05+08:00,1.4752,103.6127,C,Cloud to Cloud,2026-02-06T15:36:12.406+08:00
2026-02-07 11:58:23,2026-02-06T15:38:00+08:00,2026-02-06T15:40:05+08:00,1.5185,103.5518,C,Cloud to Cloud,2026-02-06T15:36:12.503+08:00
2026-02-07 11:58:23,2026-02-06T15:38:00+08:00,2026-02-06T15:40:05+08:00,1.4902,103.5967,C,Cloud to Cloud,2026-02-06T15:36:12.511+08:00
2026-02-07 11:58:23,2026-02-06T15:38:00+08:00,2026-02-06T15:40:05+08:00,1.4768,103.6281,C,Cloud to Cloud,2026-02-06T15:36:12.535+08:00
2026-02-07 11:58:23,2026-02-06T15:38:00+08:00,2026-02-06T15:40:05+08:00,1.4779,103.6205,C,Cloud to Cloud,2026-02-06T15:36:12.536+08:00
2026-02-07 11:58:23,2026-02-06T15:38:00+08:00,2026-02-06T15:40:05+08:00,1.455,103.6474,C,Cloud to Cloud,2026-02-06T15:36:12.606+08:00
2026-02-07 11:58:23,2026-02-06T15:38:00+08:00,2026-02-06T15:40:05+08:00,1.467,103.6392,C,Cloud to Cloud,2026-02-06T15:36:12.606+08:00
2026-02-07 11:58:23,2026-02-06T15:38:00+08:00,2026-02-06T15:40:05+08:00,1.4842,103.6142,C,Cloud to Cloud,2026-02-06T15:36:12.606+08:00
2026-02-07 11:58:23,2026-02-06T15:38:00+08:00,2026-02-06T15:40:05+08:00,1.4781,103.5919,C,Cloud to Cloud,2026-02-06T15:36:12.621+08:00
2026-02-07 11:58:23,2026-02-06T15:38:00+08:00,2026-02-06T15:40:05+08:00,1.4719,103.5982,C,Cloud to Cloud,2026-02-06T15:36:12.621+08:00
2026-02-07 11:58:23,2026-02-06T15:38:00+08:00,2026-02-06T15:40:05+08:00,1.5127,103.5472,C,Cloud to Cloud,2026-02-06T15:37:32.007+08:00
2026-02-07 11:58:23,2026-02-06T15:38:00+08:00,2026-02-06T15:40:05+08:00,1.465,103.6101,C,Cloud to Cloud,2026-02-06T15:37:32.007+08:00
2026-02-07 11:58:23,2026-02-06T15:38:00+08:00,2026-02-06T15:40:05+08:00,1.5067,103.5736,C,Cloud to Cloud,2026-02-06T15:37:32.009+08:00
2026-02-07 11:58:23,2026-02-06T15:38:00+08:00,2026-02-06T15:40:05+08:00,1.4815,103.6002,C,Cloud to Cloud,2026-02-06T15:37:32.07+08:00
2026-02-07 11:58:23,2026-02-06T15:38:00+08:00,2026-02-06T15:40:05+08:00,1.4871,103.6149,C,Cloud to Cloud,2026-02-06T15:37:32.075+08:00
2026-02-07 11:58:23,2026-02-06T15:38:00+08:00,2026-02-06T15:40:05+08:00,1.4815,103.5937,C,Cloud to Cloud,2026-02-06T15:37:32.134+08:00
2026-02-07 11:58:23,2026-02-06T15:38:00+08:00,2026-02-06T15:40:05+08:00,1.4773,103.5907,C,Cloud to Cloud,2026-02-06T15:37:32.297+08:00
2026-02-07 11:58:23,2026-02-06T15:38:00+08:00,2026-02-06T15:40:05+08:00,1.4713,103.596,C,Cloud to Cloud,2026-02-06T15:37:32.297+08:00
2026-02-07 11:58:23,2026-02-06T15:38:00+08:00,2026-02-06T15:40:05+08:00,1.4706,103.5966,C,Cloud to Cloud,2026-02-06T15:37:32.297+08:00
2026-02-07 11:58:23,2026-02-06T15:38:00+08:00,2026-02-06T15:40:05+08:00,1.4733,103.6053,C,Cloud to Cloud,2026-02-06T15:37:32.297+08:00
2026-02-07 11:58:23,2026-02-06T15:38:00+08:00,2026-02-06T15:40:05+08:00,1.4365,103.6434,C,Cloud to Cloud,2026-02-06T15:37:32.298+08:00
2026-02-07 11:58:23,2026-02-06T15:38:00+08:00,2026-02-06T15:40:05+08:00,1.4547,103.623,C,Cloud to Cloud,2026-02-06T15:37:32.298+08:00
2026-02-07 11:58:23,2026-02-06T15:38:00+08:00,2026-02-06T15:40:05+08:00,1.4664,103.6168,C,Cloud to Cloud,2026-02-06T15:37:32.298+08:00
2026-02-07 11:58:23,2026-02-06T15:38:00+08:00,2026-02-06T15:40:05+08:00,1.4855,103.5938,C,Cloud to Cloud,2026-02-06T15:37:32.32+08:00
2026-02-07 11:58:23,2026-02-06T15:38:00+08:00,2026-02-06T15:40:05+08:00,1.4877,103.5891,C,Cloud to Cloud,2026-02-06T15:37:32.321+08:00
2026-02-07 11:58:23,2026-02-06T15:38:00+08:00,2026-02-06T15:40:05+08:00,1.4921,103.5857,C,Cloud to Cloud,2026-02-06T15:37:32.321+08:00
2026-02-07 11:58:23,2026-02-06T15:38:00+08:00,2026-02-06T15:40:05+08:00,1.4987,103.5697,C,Cloud to Cloud,2026-02-06T15:37:32.321+08:00
2026-02-07 11:58:23,2026-02-06T15:38:00+08:00,2026-02-06T15:40:05+08:00,1.4808,103.5839,C,Cloud to Cloud,2026-02-06T15:37:32.321+08:00
2026-02-07 11:58:23,2026-02-06T15:38:00+08:00,2026-02-06T15:40:05+08:00,1.4879,103.568,C,Cloud to Cloud,2026-02-06T15:37:32.321+08:00
2026-02-07 11:58:23,2026-02-06T15:38:00+08:00,2026-02-06T15:40:05+08:00,1.458,103.5899,C,Cloud to Cloud,2026-02-06T15:37:32.321+08:00
2026-02-07 11:58:23,2026-02-06T15:38:00+08:00,2026-02-06T15:40:05+08:00,1.4888,103.587,C,Cloud to Cloud,2026-02-06T15:37:32.337+08:00
2026-02-07 11:58:23,2026-02-06T15:38:00+08:00,2026-02-06T15:40:05+08:00,1.5023,103.5768,C,Cloud to Cloud,2026-02-06T15:37:32.337+08:00
2026-02-07 11:58:23,2026-02-06T15:38:00+08:00,2026-02-06T15:40:05+08:00,1.4465,103.6165,C,Cloud to Cloud,2026-02-06T15:37:32.337+08:00
2026-02-07 11:58:23,2026-02-06T15:38:00+08:00,2026-02-06T15:40:05+08:00,1.4594,103.6105,C,Cloud to Cloud,2026-02-06T15:37:32.351+08:00
2026-02-07 11:58:23,2026-02-06T15:38:00+08:00,2026-02-06T15:40:05+08:00,1.4754,103.5941,C,Cloud to Cloud,2026-02-06T15:37:32.352+08:00
2026-02-07 11:58:23,2026-02-06T15:38:00+08:00,2026-02-06T15:40:05+08:00,1.479,103.5934,C,Cloud to Cloud,2026-02-06T15:37:32.352+08:00
2026-02-07 11:58:23,2026-02-06T15:36:00+08:00,2026-02-06T15:38:03+08:00,1.4576,103.6031,C,Cloud to Cloud,2026-02-06T15:35:05.006+08:00
2026-02-07 11:58:23,2026-02-06T15:36:00+08:00,2026-02-06T15:38:03+08:00,1.4268,103.6479,C,Cloud to Cloud,2026-02-06T15:35:05.006+08:00
2026-02-07 11:58:23,2026-02-06T15:36:00+08:00,2026-02-06T15:38:03+08:00,1.442,103.6381,C,Cloud to Cloud,2026-02-06T15:35:05.007+08:00
2026-02-07 11:58:23,2026-02-06T15:36:00+08:00,2026-02-06T15:38:03+08:00,1.4331,103.6509,C,Cloud to Cloud,2026-02-06T15:35:05.008+08:00
2026-02-07 11:58:23,2026-02-06T15:36:00+08:00,2026-02-06T15:38:03+08:00,1.4795,103.611,C,Cloud to Cloud,2026-02-06T15:35:05.009+08:00
2026-02-07 11:58:23,2026-02-06T15:36:00+08:00,2026-02-06T15:38:03+08:00,1.4165,103.619,C,Cloud to Cloud,2026-02-06T15:35:05.009+08:00
2026-02-07 11:58:23,2026-02-06T15:36:00+08:00,2026-02-06T15:38:03+08:00,1.4757,103.604,C,Cloud to Cloud,2026-02-06T15:35:05.059+08:00
2026-02-07 11:58:23,2026-02-06T15:36:00+08:00,2026-02-06T15:38:03+08:00,1.5105,103.5473,C,Cloud to Cloud,2026-02-06T15:35:05.059+08:00
2026-02-07 11:58:23,2026-02-06T15:36:00+08:00,2026-02-06T15:38:03+08:00,1.4764,103.5982,C,Cloud to Cloud,2026-02-06T15:35:05.059+08:00
2026-02-07 11:58:23,2026-02-06T15:36:00+08:00,2026-02-06T15:38:03+08:00,1.5002,103.5897,C,Cloud to Cloud,2026-02-06T15:35:05.113+08:00
2026-02-07 11:58:23,2026-02-06T15:36:00+08:00,2026-02-06T15:38:03+08:00,1.4586,103.617,C,Cloud to Cloud,2026-02-06T15:35:05.116+08:00
2026-02-07 11:58:23,2026-02-06T15:36:00+08:00,2026-02-06T15:38:03+08:00,1.4785,103.5945,C,Cloud to Cloud,2026-02-06T15:35:05.117+08:00
2026-02-07 11:58:23,2026-02-06T15:36:00+08:00,2026-02-06T15:38:03+08:00,1.4767,103.5991,C,Cloud to Cloud,2026-02-06T15:35:05.118+08:00
2026-02-07 11:58:23,2026-02-06T15:36:00+08:00,2026-02-06T15:38:03+08:00,1.4771,103.5961,C,Cloud to Cloud,2026-02-06T15:35:05.118+08:00
2026-02-07 11:58:23,2026-02-06T15:36:00+08:00,2026-02-06T15:38:03+08:00,1.4754,103.5972,C,Cloud to Cloud,2026-02-06T15:35:05.118+08:00
2026-02-07 11:58:23,2026-02-06T15:36:00+08:00,2026-02-06T15:38:03+08:00,1.4756,103.5934,C,Cloud to Cloud,2026-02-06T15:35:05.118+08:00
2026-02-07 11:58:23,2026-02-06T15:36:00+08:00,2026-02-06T15:38:03+08:00,1.4759,103.6008,C,Cloud to Cloud,2026-02-06T15:35:05.119+08:00
2026-02-07 11:58:23,2026-02-06T15:36:00+08:00,2026-02-06T15:38:03+08:00,1.4744,103.5953,C,Cloud to Cloud,2026-02-06T15:35:05.119+08:00
2026-02-07 11:58:23,2026-02-06T15:36:00+08:00,2026-02-06T15:38:03+08:00,1.4762,103.5947,C,Cloud to Cloud,2026-02-06T15:35:05.12+08:00
2026-02-07 11:58:23,2026-02-06T15:36:00+08:00,2026-02-06T15:38:03+08:00,1.4775,103.5968,C,Cloud to Cloud,2026-02-06T15:35:05.122+08:00
2026-02-07 11:58:23,2026-02-06T15:36:00+08:00,2026-02-06T15:38:03+08:00,1.4972,103.6158,C,Cloud to Cloud,2026-02-06T15:35:05.18+08:00
2026-02-07 11:58:23,2026-02-06T15:36:00+08:00,2026-02-06T15:38:03+08:00,1.4427,103.6525,C,Cloud to Cloud,2026-02-06T15:35:05.196+08:00
2026-02-07 11:58:23,2026-02-06T15:36:00+08:00,2026-02-06T15:38:03+08:00,1.5056,103.6089,C,Cloud to Cloud,2026-02-06T15:35:05.209+08:00
2026-02-07 11:58:23,2026-02-06T15:36:00+08:00,2026-02-06T15:38:03+08:00,1.4797,103.5152,C,Cloud to Cloud,2026-02-06T15:35:29.038+08:00
2026-02-07 11:58:23,2026-02-06T15:36:00+08:00,2026-02-06T15:38:03+08:00,1.5078,103.4749,C,Cloud to Cloud,2026-02-06T15:35:29.038+08:00
2026-02-07 11:58:23,2026-02-06T15:34:00+08:00,2026-02-06T15:36:02+08:00,1.4993,103.5776,C,Cloud to Cloud,2026-02-06T15:33:57.196+08:00
2026-02-07 11:58:23,2026-02-06T15:34:00+08:00,2026-02-06T15:36:02+08:00,1.4922,103.5857,C,Cloud to Cloud,2026-02-06T15:33:57.196+08:00
2026-02-07 11:58:23,2026-02-06T15:34:00+08:00,2026-02-06T15:36:02+08:00,1.489,103.5864,C,Cloud to Cloud,2026-02-06T15:33:57.196+08:00
2026-02-07 11:58:23,2026-02-06T15:34:00+08:00,2026-02-06T15:36:02+08:00,1.4841,103.5741,C,Cloud to Cloud,2026-02-06T15:33:57.196+08:00
2026-02-07 11:58:23,2026-02-06T15:34:00+08:00,2026-02-06T15:36:02+08:00,1.4959,103.5814,C,Cloud to Cloud,2026-02-06T15:33:57.196+08:00
2026-02-07 11:58:23,2026-02-06T15:34:00+08:00,2026-02-06T15:36:02+08:00,1.4982,103.5756,C,Cloud to Cloud,2026-02-06T15:33:57.196+08:00
2026-02-07 11:58:23,2026-02-06T15:34:00+08:00,2026-02-06T15:36:02+08:00,1.493,103.5849,C,Cloud to Cloud,2026-02-06T15:33:57.196+08:00
2026-02-07 11:58:23,2026-02-06T15:34:00+08:00,2026-02-06T15:36:02+08:00,1.5002,103.576,C,Cloud to Cloud,2026-02-06T15:33:57.196+08:00
2026-02-07 11:58:23,2026-02-06T15:34:00+08:00,2026-02-06T15:36:02+08:00,1.4932,103.5842,C,Cloud to Cloud,2026-02-06T15:33:57.196+08:00
2026-02-07 11:58:23,2026-02-06T15:34:00+08:00,2026-02-06T15:36:02+08:00,1.4927,103.5845,C,Cloud to Cloud,2026-02-06T15:33:57.196+08:00
2026-02-07 11:58:23,2026-02-06T15:34:00+08:00,2026-02-06T15:36:02+08:00,1.4831,103.5942,C,Cloud to Cloud,2026-02-06T15:33:57.196+08:00
2026-02-07 11:58:23,2026-02-06T15:34:00+08:00,2026-02-06T15:36:02+08:00,1.5048,103.578,C,Cloud to Cloud,2026-02-06T15:33:57.196+08:00
2026-02-07 11:58:23,2026-02-06T15:34:00+08:00,2026-02-06T15:36:02+08:00,1.4908,103.588,C,Cloud to Cloud,2026-02-06T15:33:57.197+08:00
2026-02-07 11:58:23,2026-02-06T15:34:00+08:00,2026-02-06T15:36:02+08:00,1.486,103.5931,C,Cloud to Cloud,2026-02-06T15:33:57.197+08:00
2026-02-07 11:58:23,2026-02-06T15:34:00+08:00,2026-02-06T15:36:02+08:00,1.4866,103.5434,C,Cloud to Cloud,2026-02-06T15:33:57.197+08:00
2026-02-07 11:58:23,2026-02-06T15:34:00+08:00,2026-02-06T15:36:02+08:00,1.4893,103.59,C,Cloud to Cloud,2026-02-06T15:33:57.197+08:00
2026-02-07 11:58:23,2026-02-06T15:34:00+08:00,2026-02-06T15:36:02+08:00,1.4837,103.6053,C,Cloud to Cloud,2026-02-06T15:33:57.2+08:00
2026-02-07 11:58:23,2026-02-06T15:34:00+08:00,2026-02-06T15:36:02+08:00,1.485,103.5978,C,Cloud to Cloud,2026-02-06T15:33:57.2+08:00
2026-02-07 11:58:23,2026-02-06T15:34:00+08:00,2026-02-06T15:36:02+08:00,1.4442,103.6227,C,Cloud to Cloud,2026-02-06T15:33:57.202+08:00
2026-02-07 11:58:23,2026-02-06T15:34:00+08:00,2026-02-06T15:36:02+08:00,1.4917,103.5774,C,Cloud to Cloud,2026-02-06T15:33:57.202+08:00
2026-02-07 11:58:23,2026-02-06T15:34:00+08:00,2026-02-06T15:36:02+08:00,1.4879,103.5869,C,Cloud to Cloud,2026-02-06T15:33:57.203+08:00
2026-02-07 11:58:23,2026-02-06T15:34:00+08:00,2026-02-06T15:36:02+08:00,1.4488,103.5858,C,Cloud to Cloud,2026-02-06T15:33:57.204+08:00
2026-02-07 11:58:23,2026-02-06T15:34:00+08:00,2026-02-06T15:36:02+08:00,1.4901,103.5856,C,Cloud to Cloud,2026-02-06T15:33:57.205+08:00
2026-02-07 11:58:23,2026-02-06T15:34:00+08:00,2026-02-06T15:36:02+08:00,1.4913,103.5969,C,Cloud to Cloud,2026-02-06T15:33:57.205+08:00
2026-02-07 11:58:23,2026-02-06T15:34:00+08:00,2026-02-06T15:36:02+08:00,1.4842,103.5865,C,Cloud to Cloud,2026-02-06T15:33:57.206+08:00
2026-02-07 11:58:23,2026-02-06T15:34:00+08:00,2026-02-06T15:36:02+08:00,1.4753,103.5858,C,Cloud to Cloud,2026-02-06T15:33:57.206+08:00
2026-02-07 11:58:23,2026-02-06T15:34:00+08:00,2026-02-06T15:36:02+08:00,1.4741,103.5871,C,Cloud to Cloud,2026-02-06T15:33:57.206+08:00
2026-02-07 11:58:23,2026-02-06T15:34:00+08:00,2026-02-06T15:36:02+08:00,1.4772,103.577,C,Cloud to Cloud,2026-02-06T15:33:57.206+08:00
2026-02-07 11:58:23,2026-02-06T15:34:00+08:00,2026-02-06T15:36:02+08:00,1.4787,103.6054,C,Cloud to Cloud,2026-02-06T15:33:57.206+08:00
2026-02-07 11:58:23,2026-02-06T15:34:00+08:00,2026-02-06T15:36:02+08:00,1.4443,103.6271,C,Cloud to Cloud,2026-02-06T15:33:57.207+08:00
2026-02-07 11:58:23,2026-02-06T15:34:00+08:00,2026-02-06T15:36:02+08:00,1.4897,103.5932,C,Cloud to Cloud,2026-02-06T15:33:57.208+08:00
2026-02-07 11:58:23,2026-02-06T15:34:00+08:00,2026-02-06T15:36:02+08:00,1.4862,103.5885,C,Cloud to Cloud,2026-02-06T15:33:57.208+08:00
2026-02-07 11:58:23,2026-02-06T15:34:00+08:00,2026-02-06T15:36:02+08:00,1.4489,103.6229,C,Cloud to Cloud,2026-02-06T15:33:57.208+08:00
2026-02-07 11:58:23,2026-02-06T15:34:00+08:00,2026-02-06T15:36:02+08:00,1.4412,103.6293,C,Cloud to Cloud,2026-02-06T15:33:57.208+08:00
2026-02-07 11:58:23,2026-02-06T15:34:00+08:00,2026-02-06T15:36:02+08:00,1.4846,103.587,C,Cloud to Cloud,2026-02-06T15:33:57.209+08:00
2026-02-07 11:58:23,2026-02-06T15:34:00+08:00,2026-02-06T15:36:02+08:00,1.4859,103.5935,C,Cloud to Cloud,2026-02-06T15:33:57.209+08:00
2026-02-07 11:58:23,2026-02-06T15:34:00+08:00,2026-02-06T15:36:02+08:00,1.4639,103.6096,C,Cloud to Cloud,2026-02-06T15:33:57.209+08:00
2026-02-07 11:58:23,2026-02-06T15:34:00+08:00,2026-02-06T15:36:02+08:00,1.4918,103.6042,C,Cloud to Cloud,2026-02-06T15:33:57.21+08:00
2026-02-07 11:58:23,2026-02-06T15:34:00+08:00,2026-02-06T15:36:02+08:00,1.4425,103.627,C,Cloud to Cloud,2026-02-06T15:33:57.21+08:00
2026-02-07 11:58:23,2026-02-06T15:34:00+08:00,2026-02-06T15:36:02+08:00,1.4345,103.6381,C,Cloud to Cloud,2026-02-06T15:33:57.21+08:00
2026-02-07 11:58:23,2026-02-06T15:34:00+08:00,2026-02-06T15:36:02+08:00,1.4879,103.5789,C,Cloud to Cloud,2026-02-06T15:33:57.21+08:00
2026-02-07 11:58:23,2026-02-06T15:34:00+08:00,2026-02-06T15:36:02+08:00,1.4942,103.5821,C,Cloud to Cloud,2026-02-06T15:33:57.211+08:00
2026-02-07 11:58:23,2026-02-06T15:34:00+08:00,2026-02-06T15:36:02+08:00,1.4839,103.5824,C,Cloud to Cloud,2026-02-06T15:33:57.211+08:00
2026-02-07 11:58:23,2026-02-06T15:34:00+08:00,2026-02-06T15:36:02+08:00,1.4886,103.5817,C,Cloud to Cloud,2026-02-06T15:33:57.211+08:00
2026-02-07 11:58:23,2026-02-06T15:34:00+08:00,2026-02-06T15:36:02+08:00,1.4783,103.5925,C,Cloud to Cloud,2026-02-06T15:33:57.213+08:00
2026-02-07 11:58:23,2026-02-06T15:34:00+08:00,2026-02-06T15:36:02+08:00,1.4531,103.6274,C,Cloud to Cloud,2026-02-06T15:33:57.214+08:00
2026-02-07 11:58:23,2026-02-06T15:34:00+08:00,2026-02-06T15:36:02+08:00,1.4468,103.6426,C,Cloud to Cloud,2026-02-06T15:33:57.214+08:00
2026-02-07 11:58:23,2026-02-06T15:34:00+08:00,2026-02-06T15:36:02+08:00,1.482,103.5857,C,Cloud to Cloud,2026-02-06T15:33:57.216+08:00
2026-02-07 11:58:23,2026-02-06T15:34:00+08:00,2026-02-06T15:36:02+08:00,1.4788,103.5962,C,Cloud to Cloud,2026-02-06T15:33:57.216+08:00
2026-02-07 11:58:23,2026-02-06T15:34:00+08:00,2026-02-06T15:36:02+08:00,1.5738,103.5224,C,Cloud to Cloud,2026-02-06T15:33:57.233+08:00
2026-02-07 11:58:23,2026-02-06T15:34:00+08:00,2026-02-06T15:36:02+08:00,1.4873,103.5955,C,Cloud to Cloud,2026-02-06T15:33:57.233+08:00
2026-02-07 11:58:23,2026-02-06T15:34:00+08:00,2026-02-06T15:36:02+08:00,1.501,103.5515,C,Cloud to Cloud,2026-02-06T15:33:57.237+08:00
2026-02-07 11:58:23,2026-02-06T15:34:00+08:00,2026-02-06T15:36:02+08:00,1.5067,103.636,C,Cloud to Cloud,2026-02-06T15:33:57.307+08:00
2026-02-07 11:58:23,2026-02-06T15:32:00+08:00,2026-02-06T15:34:03+08:00,1.5063,103.5808,C,Cloud to Cloud,2026-02-06T15:31:19.262+08:00
2026-02-07 11:58:23,2026-02-06T15:32:00+08:00,2026-02-06T15:34:03+08:00,1.5121,103.5718,C,Cloud to Cloud,2026-02-06T15:31:19.262+08:00
2026-02-07 11:58:23,2026-02-06T15:32:00+08:00,2026-02-06T15:34:03+08:00,1.5247,103.5455,C,Cloud to Cloud,2026-02-06T15:31:19.262+08:00
2026-02-07 11:58:23,2026-02-06T15:32:00+08:00,2026-02-06T15:34:03+08:00,1.5207,103.5486,C,Cloud to Cloud,2026-02-06T15:31:19.262+08:00
2026-02-07 11:58:23,2026-02-06T15:32:00+08:00,2026-02-06T15:34:03+08:00,1.4784,103.5866,C,Cloud to Cloud,2026-02-06T15:31:19.263+08:00
2026-02-07 11:58:23,2026-02-06T15:32:00+08:00,2026-02-06T15:34:03+08:00,1.5052,103.5809,C,Cloud to Cloud,2026-02-06T15:31:19.264+08:00
2026-02-07 11:58:23,2026-02-06T15:32:00+08:00,2026-02-06T15:34:03+08:00,1.505,103.5611,C,Cloud to Cloud,2026-02-06T15:31:19.264+08:00
2026-02-07 11:58:23,2026-02-06T15:32:00+08:00,2026-02-06T15:34:03+08:00,1.5004,103.5809,C,Cloud to Cloud,2026-02-06T15:31:19.265+08:00
2026-02-07 11:58:23,2026-02-06T15:32:00+08:00,2026-02-06T15:34:03+08:00,1.5013,103.5769,C,Cloud to Cloud,2026-02-06T15:31:19.28+08:00
2026-02-07 11:58:23,2026-02-06T15:32:00+08:00,2026-02-06T15:34:03+08:00,1.4938,103.5892,C,Cloud to Cloud,2026-02-06T15:31:19.282+08:00
2026-02-07 11:58:23,2026-02-06T15:32:00+08:00,2026-02-06T15:34:03+08:00,1.4937,103.5927,C,Cloud to Cloud,2026-02-06T15:31:19.391+08:00
2026-02-07 11:58:23,2026-02-06T15:30:00+08:00,2026-02-06T15:32:02+08:00,1.5386,103.5031,C,Cloud to Cloud,2026-02-06T15:28:46.472+08:00
2026-02-07 11:58:23,2026-02-06T15:30:00+08:00,2026-02-06T15:32:02+08:00,1.5165,103.605,C,Cloud to Cloud,2026-02-06T15:28:46.564+08:00
2026-02-07 11:58:23,2026-02-06T15:30:00+08:00,2026-02-06T15:32:02+08:00,1.4778,103.5903,C,Cloud to Cloud,2026-02-06T15:28:46.596+08:00
2026-02-07 11:58:23,2026-02-06T15:30:00+08:00,2026-02-06T15:32:02+08:00,1.4632,103.6108,C,Cloud to Cloud,2026-02-06T15:28:46.596+08:00
2026-02-07 11:58:23,2026-02-06T15:30:00+08:00,2026-02-06T15:32:02+08:00,1.5099,103.5698,C,Cloud to Cloud,2026-02-06T15:28:46.603+08:00
2026-02-07 11:58:23,2026-02-06T15:28:00+08:00,2026-02-06T15:30:02+08:00,1.5168,103.5331,C,Cloud to Cloud,2026-02-06T15:26:55.754+08:00
2026-02-07 11:58:23,2026-02-06T15:28:00+08:00,2026-02-06T15:30:02+08:00,1.5168,103.5418,C,Cloud to Cloud,2026-02-06T15:26:55.754+08:00
2026-02-07 11:58:23,2026-02-06T15:28:00+08:00,2026-02-06T15:30:02+08:00,1.4716,103.6016,C,Cloud to Cloud,2026-02-06T15:26:55.755+08:00
2026-02-07 11:58:23,2026-02-06T15:28:00+08:00,2026-02-06T15:30:02+08:00,1.5454,103.5144,C,Cloud to Cloud,2026-02-06T15:26:55.755+08:00
2026-02-07 11:58:23,2026-02-06T15:28:00+08:00,2026-02-06T15:30:02+08:00,1.4673,103.6091,C,Cloud to Cloud,2026-02-06T15:26:55.755+08:00
2026-02-07 11:58:23,2026-02-06T15:28:00+08:00,2026-02-06T15:30:02+08:00,1.4735,103.6016,C,Cloud to Cloud,2026-02-06T15:26:55.756+08:00
2026-02-07 11:58:23,2026-02-06T15:28:00+08:00,2026-02-06T15:30:02+08:00,1.5277,103.5868,C,Cloud to Cloud,2026-02-06T15:26:55.756+08:00
2026-02-07 11:58:23,2026-02-06T15:28:00+08:00,2026-02-06T15:30:02+08:00,1.4533,103.6222,C,Cloud to Cloud,2026-02-06T15:26:55.756+08:00
2026-02-07 11:58:23,2026-02-06T15:28:00+08:00,2026-02-06T15:30:02+08:00,1.5115,103.5775,C,Cloud to Cloud,2026-02-06T15:26:55.757+08:00
2026-02-07 11:58:23,2026-02-06T15:28:00+08:00,2026-02-06T15:30:02+08:00,1.5607,103.4587,C,Cloud to Cloud,2026-02-06T15:26:55.757+08:00
2026-02-07 11:58:23,2026-02-06T15:28:00+08:00,2026-02-06T15:30:02+08:00,1.5106,103.5788,C,Cloud to Cloud,2026-02-06T15:26:55.757+08:00
2026-02-07 11:58:23,2026-02-06T15:28:00+08:00,2026-02-06T15:30:02+08:00,1.4534,103.6349,C,Cloud to Cloud,2026-02-06T15:26:55.758+08:00
2026-02-07 11:58:23,2026-02-06T15:28:00+08:00,2026-02-06T15:30:02+08:00,1.5008,103.5985,C,Cloud to Cloud,2026-02-06T15:26:55.759+08:00
2026-02-07 11:58:23,2026-02-06T15:28:00+08:00,2026-02-06T15:30:02+08:00,1.5065,103.5866,C,Cloud to Cloud,2026-02-06T15:26:55.761+08:00
2026-02-07 11:58:23,2026-02-06T15:28:00+08:00,2026-02-06T15:30:02+08:00,1.51,103.6016,C,Cloud to Cloud,2026-02-06T15:26:55.771+08:00
2026-02-07 11:58:23,2026-02-06T15:28:00+08:00,2026-02-06T15:30:02+08:00,1.5216,103.5995,C,Cloud to Cloud,2026-02-06T15:26:55.773+08:00
2026-02-07 11:58:23,2026-02-06T15:28:00+08:00,2026-02-06T15:30:02+08:00,1.5028,103.5707,C,Cloud to Cloud,2026-02-06T15:26:55.774+08:00
2026-02-07 11:58:23,2026-02-06T15:28:00+08:00,2026-02-06T15:30:02+08:00,1.4368,103.6504,C,Cloud to Cloud,2026-02-06T15:26:55.9+08:00
2026-02-07 11:58:23,2026-02-06T15:28:00+08:00,2026-02-06T15:30:02+08:00,1.5175,103.6058,C,Cloud to Cloud,2026-02-06T15:26:55.912+08:00
2026-02-07 11:58:23,2026-02-06T15:28:00+08:00,2026-02-06T15:30:02+08:00,1.5185,103.6064,C,Cloud to Cloud,2026-02-06T15:26:55.913+08:00
2026-02-07 11:58:23,2026-02-06T15:26:00+08:00,2026-02-06T15:28:03+08:00,1.5232,103.3309,C,Cloud to Cloud,2026-02-06T15:24:15.886+08:00
2026-02-07 11:58:23,2026-02-06T15:24:00+08:00,2026-02-06T15:26:02+08:00,1.5282,103.5321,C,Cloud to Cloud,2026-02-06T15:23:31.583+08:00
2026-02-07 11:58:23,2026-02-06T15:24:00+08:00,2026-02-06T15:26:02+08:00,1.5178,103.5757,C,Cloud to Cloud,2026-02-06T15:23:31.584+08:00
2026-02-07 11:58:23,2026-02-06T15:24:00+08:00,2026-02-06T15:26:02+08:00,1.5339,103.5514,C,Cloud to Cloud,2026-02-06T15:23:31.585+08:00
2026-02-07 11:58:23,2026-02-06T15:24:00+08:00,2026-02-06T15:26:02+08:00,1.5182,103.5669,C,Cloud to Cloud,2026-02-06T15:23:31.585+08:00
2026-02-07 11:58:23,2026-02-06T15:24:00+08:00,2026-02-06T15:26:02+08:00,1.5393,103.5818,C,Cloud to Cloud,2026-02-06T15:23:31.585+08:00
2026-02-07 11:58:23,2026-02-06T15:24:00+08:00,2026-02-06T15:26:02+08:00,1.5061,103.4781,C,Cloud to Cloud,2026-02-06T15:23:31.586+08:00
2026-02-07 11:58:23,2026-02-06T15:24:00+08:00,2026-02-06T15:26:02+08:00,1.5199,103.5668,C,Cloud to Cloud,2026-02-06T15:23:31.586+08:00
2026-02-07 11:58:23,2026-02-06T15:24:00+08:00,2026-02-06T15:26:02+08:00,1.5179,103.5655,C,Cloud to Cloud,2026-02-06T15:23:31.587+08:00
2026-02-07 11:58:23,2026-02-06T15:24:00+08:00,2026-02-06T15:26:02+08:00,1.472,103.5258,C,Cloud to Cloud,2026-02-06T15:23:31.587+08:00
2026-02-07 11:58:23,2026-02-06T15:24:00+08:00,2026-02-06T15:26:02+08:00,1.51,103.5784,C,Cloud to Cloud,2026-02-06T15:23:31.588+08:00
2026-02-07 11:58:23,2026-02-06T15:24:00+08:00,2026-02-06T15:26:02+08:00,1.5191,103.58,C,Cloud to Cloud,2026-02-06T15:23:31.589+08:00
2026-02-07 11:58:23,2026-02-06T15:24:00+08:00,2026-02-06T15:26:02+08:00,1.5201,103.5971,C,Cloud to Cloud,2026-02-06T15:23:31.773+08:00
2026-02-07 11:58:23,2026-02-06T15:24:00+08:00,2026-02-06T15:26:02+08:00,1.5223,103.5837,C,Cloud to Cloud,2026-02-06T15:23:31.773+08:00
2026-02-07 11:58:23,2026-02-06T15:24:00+08:00,2026-02-06T15:26:02+08:00,1.5176,103.5759,C,Cloud to Cloud,2026-02-06T15:23:31.773+08:00
2026-02-07 11:58:23,2026-02-06T15:22:00+08:00,2026-02-06T15:24:02+08:00,1.5118,103.5784,C,Cloud to Cloud,2026-02-06T15:21:10.01+08:00
2026-02-07 11:58:23,2026-02-06T15:22:00+08:00,2026-02-06T15:24:02+08:00,1.511,103.5787,C,Cloud to Cloud,2026-02-06T15:21:10.01+08:00
2026-02-07 11:58:23,2026-02-06T15:22:00+08:00,2026-02-06T15:24:02+08:00,1.5179,103.55,C,Cloud to Cloud,2026-02-06T15:21:10.01+08:00
2026-02-07 11:58:23,2026-02-06T15:22:00+08:00,2026-02-06T15:24:02+08:00,1.5123,103.5798,C,Cloud to Cloud,2026-02-06T15:21:10.01+08:00
2026-02-07 11:58:23,2026-02-06T15:22:00+08:00,2026-02-06T15:24:02+08:00,1.5105,103.5787,C,Cloud to Cloud,2026-02-06T15:21:10.011+08:00
2026-02-07 11:58:23,2026-02-06T15:22:00+08:00,2026-02-06T15:24:02+08:00,1.5097,103.5783,C,Cloud to Cloud,2026-02-06T15:21:10.011+08:00
2026-02-07 11:58:23,2026-02-06T15:22:00+08:00,2026-02-06T15:24:02+08:00,1.515,103.5668,C,Cloud to Cloud,2026-02-06T15:21:10.011+08:00
2026-02-07 11:58:23,2026-02-06T15:22:00+08:00,2026-02-06T15:24:02+08:00,1.5178,103.5648,C,Cloud to Cloud,2026-02-06T15:21:10.011+08:00
2026-02-07 11:58:23,2026-02-06T15:22:00+08:00,2026-02-06T15:24:02+08:00,1.5035,103.5839,C,Cloud to Cloud,2026-02-06T15:21:10.011+08:00
2026-02-07 11:58:23,2026-02-06T15:22:00+08:00,2026-02-06T15:24:02+08:00,1.4464,103.5608,C,Cloud to Cloud,2026-02-06T15:21:10.114+08:00
2026-02-07 11:58:23,2026-02-06T14:50:00+08:00,2026-02-06T14:52:02+08:00,1.4606,103.5155,C,Cloud to Cloud,2026-02-06T14:48:34.855+08:00
