fetch_time,observation_window,data_updated,latitude,longitude,strike_type,description,strike_time
2025-07-28 11:29:39,2025-07-27T18:58:00+08:00,2025-07-27T19:00:03+08:00,1.5963,103.8848,C,Cloud to Cloud,2025-07-27T18:57:40.631+08:00
2025-07-28 11:29:39,2025-07-27T18:56:00+08:00,2025-07-27T18:58:03+08:00,1.5116,103.8282,C,Cloud to Cloud,2025-07-27T18:54:42.246+08:00
2025-07-28 11:29:39,2025-07-27T18:38:00+08:00,2025-07-27T18:40:04+08:00,1.4503,104.1905,C,Cloud to Cloud,2025-07-27T18:37:43.099+08:00
2025-07-28 11:29:39,2025-07-27T17:46:00+08:00,2025-07-27T17:48:02+08:00,1.541,104.1687,C,Cloud to Cloud,2025-07-27T17:44:43.48+08:00
2025-07-28 11:29:39,2025-07-27T17:44:00+08:00,2025-07-27T17:46:02+08:00,1.5245,104.1249,C,Cloud to Cloud,2025-07-27T17:42:59.942+08:00
2025-07-28 11:29:39,2025-07-27T17:44:00+08:00,2025-07-27T17:46:02+08:00,1.5456,104.1541,C,Cloud to Cloud,2025-07-27T17:42:59.944+08:00
2025-07-28 11:29:39,2025-07-27T17:44:00+08:00,2025-07-27T17:46:02+08:00,1.5501,104.1675,C,Cloud to Cloud,2025-07-27T17:42:59.944+08:00
2025-07-28 11:29:39,2025-07-27T17:44:00+08:00,2025-07-27T17:46:02+08:00,1.5589,104.1691,C,Cloud to Cloud,2025-07-27T17:43:00.123+08:00
2025-07-28 11:29:39,2025-07-27T17:44:00+08:00,2025-07-27T17:46:02+08:00,1.5322,104.1397,C,Cloud to Cloud,2025-07-27T17:43:00.151+08:00
2025-07-28 11:29:39,2025-07-27T17:44:00+08:00,2025-07-27T17:46:02+08:00,1.5308,104.1416,C,Cloud to Cloud,2025-07-27T17:43:00.192+08:00
2025-07-28 11:29:39,2025-07-27T17:42:00+08:00,2025-07-27T17:44:02+08:00,1.5209,104.1366,C,Cloud to Cloud,2025-07-27T17:40:08.361+08:00
2025-07-28 11:29:39,2025-07-27T17:42:00+08:00,2025-07-27T17:44:02+08:00,1.5373,104.1397,C,Cloud to Cloud,2025-07-27T17:40:08.361+08:00
2025-07-28 11:29:39,2025-07-27T17:42:00+08:00,2025-07-27T17:44:02+08:00,1.5248,104.1586,C,Cloud to Cloud,2025-07-27T17:40:08.361+08:00
2025-07-28 11:29:39,2025-07-27T17:42:00+08:00,2025-07-27T17:44:02+08:00,1.5132,104.1354,C,Cloud to Cloud,2025-07-27T17:40:08.362+08:00
2025-07-28 11:29:39,2025-07-27T17:42:00+08:00,2025-07-27T17:44:02+08:00,1.5838,104.1809,C,Cloud to Cloud,2025-07-27T17:40:08.362+08:00
2025-07-28 11:29:39,2025-07-27T17:42:00+08:00,2025-07-27T17:44:02+08:00,1.5346,104.154,C,Cloud to Cloud,2025-07-27T17:40:08.362+08:00
2025-07-28 11:29:39,2025-07-27T17:42:00+08:00,2025-07-27T17:44:02+08:00,1.5291,104.1173,C,Cloud to Cloud,2025-07-27T17:40:08.498+08:00
2025-07-28 11:29:39,2025-07-27T17:42:00+08:00,2025-07-27T17:44:02+08:00,1.5155,104.1064,C,Cloud to Cloud,2025-07-27T17:40:08.498+08:00
2025-07-28 11:29:39,2025-07-27T17:42:00+08:00,2025-07-27T17:44:02+08:00,1.5562,104.1856,C,Cloud to Cloud,2025-07-27T17:40:30.5+08:00
2025-07-28 11:29:39,2025-07-27T17:42:00+08:00,2025-07-27T17:44:02+08:00,1.4969,104.1366,C,Cloud to Cloud,2025-07-27T17:41:10.862+08:00
2025-07-28 11:29:39,2025-07-27T17:42:00+08:00,2025-07-27T17:44:02+08:00,1.5113,104.1766,C,Cloud to Cloud,2025-07-27T17:41:10.862+08:00
2025-07-28 11:29:39,2025-07-27T17:42:00+08:00,2025-07-27T17:44:02+08:00,1.5482,104.1579,C,Cloud to Cloud,2025-07-27T17:41:11.044+08:00
2025-07-28 11:29:39,2025-07-27T17:42:00+08:00,2025-07-27T17:44:02+08:00,1.5201,104.1165,C,Cloud to Cloud,2025-07-27T17:41:11.048+08:00
2025-07-28 11:29:39,2025-07-27T17:42:00+08:00,2025-07-27T17:44:02+08:00,1.5189,104.1099,C,Cloud to Cloud,2025-07-27T17:41:11.048+08:00
2025-07-28 11:29:39,2025-07-27T17:42:00+08:00,2025-07-27T17:44:02+08:00,1.524,104.116,C,Cloud to Cloud,2025-07-27T17:41:11.054+08:00
2025-07-28 11:29:39,2025-07-27T17:42:00+08:00,2025-07-27T17:44:02+08:00,1.5121,104.1036,C,Cloud to Cloud,2025-07-27T17:41:11.054+08:00
2025-07-28 11:29:39,2025-07-27T17:42:00+08:00,2025-07-27T17:44:02+08:00,1.5213,104.1224,C,Cloud to Cloud,2025-07-27T17:41:11.054+08:00
2025-07-28 11:29:39,2025-07-27T17:42:00+08:00,2025-07-27T17:44:02+08:00,1.5165,104.1162,C,Cloud to Cloud,2025-07-27T17:41:11.054+08:00
2025-07-28 11:29:39,2025-07-27T17:42:00+08:00,2025-07-27T17:44:02+08:00,1.5212,104.1194,C,Cloud to Cloud,2025-07-27T17:41:11.055+08:00
2025-07-28 11:29:39,2025-07-27T17:42:00+08:00,2025-07-27T17:44:02+08:00,1.5508,104.1779,C,Cloud to Cloud,2025-07-27T17:41:11.057+08:00
2025-07-28 11:29:39,2025-07-27T17:42:00+08:00,2025-07-27T17:44:02+08:00,1.4614,104.1664,G,Cloud to Ground,2025-07-27T17:41:11.067+08:00
2025-07-28 11:29:39,2025-07-27T17:42:00+08:00,2025-07-27T17:44:02+08:00,1.4486,104.1515,C,Cloud to Cloud,2025-07-27T17:41:11.068+08:00
2025-07-28 11:29:39,2025-07-27T17:42:00+08:00,2025-07-27T17:44:02+08:00,1.446,104.132,C,Cloud to Cloud,2025-07-27T17:41:11.068+08:00
2025-07-28 11:29:39,2025-07-27T17:42:00+08:00,2025-07-27T17:44:02+08:00,1.4489,104.1339,C,Cloud to Cloud,2025-07-27T17:41:11.068+08:00
2025-07-28 11:29:39,2025-07-27T17:42:00+08:00,2025-07-27T17:44:02+08:00,1.449,104.1272,C,Cloud to Cloud,2025-07-27T17:41:11.068+08:00
2025-07-28 11:29:39,2025-07-27T17:42:00+08:00,2025-07-27T17:44:02+08:00,1.5675,104.1967,C,Cloud to Cloud,2025-07-27T17:41:57.397+08:00
2025-07-28 11:29:39,2025-07-27T17:42:00+08:00,2025-07-27T17:44:02+08:00,1.5565,104.1867,C,Cloud to Cloud,2025-07-27T17:41:57.588+08:00
2025-07-28 11:29:39,2025-07-27T17:42:00+08:00,2025-07-27T17:44:02+08:00,1.5414,104.1649,C,Cloud to Cloud,2025-07-27T17:41:57.589+08:00
2025-07-28 11:29:39,2025-07-27T17:42:00+08:00,2025-07-27T17:44:02+08:00,1.6218,104.3025,C,Cloud to Cloud,2025-07-27T17:41:57.608+08:00
2025-07-28 11:29:39,2025-07-27T17:42:00+08:00,2025-07-27T17:44:02+08:00,1.5341,104.124,C,Cloud to Cloud,2025-07-27T17:41:57.608+08:00
2025-07-28 11:29:39,2025-07-27T17:42:00+08:00,2025-07-27T17:44:02+08:00,1.5599,104.2063,C,Cloud to Cloud,2025-07-27T17:41:57.642+08:00
2025-07-28 11:29:39,2025-07-27T17:42:00+08:00,2025-07-27T17:44:02+08:00,1.5564,104.1706,C,Cloud to Cloud,2025-07-27T17:41:57.642+08:00
2025-07-28 11:29:39,2025-07-27T17:42:00+08:00,2025-07-27T17:44:02+08:00,1.5551,104.1849,C,Cloud to Cloud,2025-07-27T17:41:57.642+08:00
2025-07-28 11:29:39,2025-07-27T17:40:00+08:00,2025-07-27T17:42:02+08:00,1.5343,104.1423,C,Cloud to Cloud,2025-07-27T17:38:20.143+08:00
2025-07-28 11:29:39,2025-07-27T17:40:00+08:00,2025-07-27T17:42:02+08:00,1.5253,104.1623,C,Cloud to Cloud,2025-07-27T17:38:20.143+08:00
2025-07-28 11:29:39,2025-07-27T17:40:00+08:00,2025-07-27T17:42:02+08:00,1.5447,104.1579,C,Cloud to Cloud,2025-07-27T17:38:20.28+08:00
2025-07-28 11:29:39,2025-07-27T17:40:00+08:00,2025-07-27T17:42:02+08:00,1.5206,104.1216,C,Cloud to Cloud,2025-07-27T17:38:20.28+08:00
2025-07-28 11:29:39,2025-07-27T17:40:00+08:00,2025-07-27T17:42:02+08:00,1.5481,104.1659,C,Cloud to Cloud,2025-07-27T17:38:20.28+08:00
2025-07-28 11:29:39,2025-07-27T17:40:00+08:00,2025-07-27T17:42:02+08:00,1.535,104.15,C,Cloud to Cloud,2025-07-27T17:38:20.28+08:00
2025-07-28 11:29:39,2025-07-27T17:40:00+08:00,2025-07-27T17:42:02+08:00,1.5199,104.1266,C,Cloud to Cloud,2025-07-27T17:38:20.28+08:00
2025-07-28 11:29:39,2025-07-27T17:40:00+08:00,2025-07-27T17:42:02+08:00,1.525,104.1251,C,Cloud to Cloud,2025-07-27T17:38:20.28+08:00
2025-07-28 11:29:39,2025-07-27T17:40:00+08:00,2025-07-27T17:42:02+08:00,1.5642,104.1664,C,Cloud to Cloud,2025-07-27T17:38:20.28+08:00
2025-07-28 11:29:39,2025-07-27T17:40:00+08:00,2025-07-27T17:42:02+08:00,1.5304,104.1274,C,Cloud to Cloud,2025-07-27T17:38:20.28+08:00
2025-07-28 11:29:39,2025-07-27T17:40:00+08:00,2025-07-27T17:42:02+08:00,1.588,104.2126,C,Cloud to Cloud,2025-07-27T17:38:20.28+08:00
2025-07-28 11:29:39,2025-07-27T17:40:00+08:00,2025-07-27T17:42:02+08:00,1.4954,104.0999,C,Cloud to Cloud,2025-07-27T17:38:20.28+08:00
2025-07-28 11:29:39,2025-07-27T17:40:00+08:00,2025-07-27T17:42:02+08:00,1.4911,104.0723,C,Cloud to Cloud,2025-07-27T17:38:20.28+08:00
2025-07-28 11:29:39,2025-07-27T17:40:00+08:00,2025-07-27T17:42:02+08:00,1.5265,104.1775,C,Cloud to Cloud,2025-07-27T17:38:37.377+08:00
2025-07-28 11:29:39,2025-07-27T17:40:00+08:00,2025-07-27T17:42:02+08:00,1.5063,104.1211,C,Cloud to Cloud,2025-07-27T17:38:37.377+08:00
2025-07-28 11:29:39,2025-07-27T17:40:00+08:00,2025-07-27T17:42:02+08:00,1.5282,104.1201,C,Cloud to Cloud,2025-07-27T17:39:12.469+08:00
2025-07-28 11:29:39,2025-07-27T17:40:00+08:00,2025-07-27T17:42:02+08:00,1.5216,104.1013,C,Cloud to Cloud,2025-07-27T17:39:12.532+08:00
2025-07-28 11:29:39,2025-07-27T17:40:00+08:00,2025-07-27T17:42:02+08:00,1.5645,104.1728,C,Cloud to Cloud,2025-07-27T17:39:12.532+08:00
2025-07-28 11:29:39,2025-07-27T17:40:00+08:00,2025-07-27T17:42:02+08:00,1.5097,104.1275,C,Cloud to Cloud,2025-07-27T17:39:12.532+08:00
2025-07-28 11:29:39,2025-07-27T17:40:00+08:00,2025-07-27T17:42:02+08:00,1.5235,104.136,C,Cloud to Cloud,2025-07-27T17:39:12.532+08:00
2025-07-28 11:29:39,2025-07-27T17:38:00+08:00,2025-07-27T17:40:04+08:00,1.541,104.1419,C,Cloud to Cloud,2025-07-27T17:36:31.448+08:00
2025-07-28 11:29:39,2025-07-27T17:38:00+08:00,2025-07-27T17:40:04+08:00,1.5128,104.1859,C,Cloud to Cloud,2025-07-27T17:36:31.448+08:00
2025-07-28 11:29:39,2025-07-27T17:38:00+08:00,2025-07-27T17:40:04+08:00,1.545,104.1499,C,Cloud to Cloud,2025-07-27T17:36:31.448+08:00
2025-07-28 11:29:39,2025-07-27T17:38:00+08:00,2025-07-27T17:40:04+08:00,1.5619,104.1552,C,Cloud to Cloud,2025-07-27T17:37:27.547+08:00
2025-07-28 11:29:39,2025-07-27T17:38:00+08:00,2025-07-27T17:40:04+08:00,1.5152,104.1139,C,Cloud to Cloud,2025-07-27T17:37:27.547+08:00
2025-07-28 11:29:39,2025-07-27T17:38:00+08:00,2025-07-27T17:40:04+08:00,1.5305,104.1313,C,Cloud to Cloud,2025-07-27T17:37:27.547+08:00
2025-07-28 11:29:39,2025-07-27T17:38:00+08:00,2025-07-27T17:40:04+08:00,1.5461,104.1987,C,Cloud to Cloud,2025-07-27T17:37:27.65+08:00
2025-07-28 11:29:39,2025-07-27T17:38:00+08:00,2025-07-27T17:40:04+08:00,1.5816,104.1929,C,Cloud to Cloud,2025-07-27T17:37:27.65+08:00
2025-07-28 11:29:39,2025-07-27T17:38:00+08:00,2025-07-27T17:40:04+08:00,1.5361,104.1388,C,Cloud to Cloud,2025-07-27T17:37:27.65+08:00
2025-07-28 11:29:39,2025-07-27T17:38:00+08:00,2025-07-27T17:40:04+08:00,1.5191,104.1204,C,Cloud to Cloud,2025-07-27T17:37:27.65+08:00
2025-07-28 11:29:39,2025-07-27T17:38:00+08:00,2025-07-27T17:40:04+08:00,1.5352,104.1716,C,Cloud to Cloud,2025-07-27T17:37:27.665+08:00
2025-07-28 11:29:39,2025-07-27T17:36:00+08:00,2025-07-27T17:38:02+08:00,1.566,104.1845,C,Cloud to Cloud,2025-07-27T17:34:40.341+08:00
2025-07-28 11:29:39,2025-07-27T17:36:00+08:00,2025-07-27T17:38:02+08:00,1.5713,104.1897,C,Cloud to Cloud,2025-07-27T17:34:40.342+08:00
2025-07-28 11:29:39,2025-07-27T17:36:00+08:00,2025-07-27T17:38:02+08:00,1.5281,104.112,C,Cloud to Cloud,2025-07-27T17:34:40.342+08:00
2025-07-28 11:29:39,2025-07-27T17:36:00+08:00,2025-07-27T17:38:02+08:00,1.5526,104.1376,C,Cloud to Cloud,2025-07-27T17:35:27.183+08:00
2025-07-28 11:29:39,2025-07-27T17:36:00+08:00,2025-07-27T17:38:02+08:00,1.5129,104.1013,C,Cloud to Cloud,2025-07-27T17:35:27.183+08:00
2025-07-28 11:29:39,2025-07-27T17:36:00+08:00,2025-07-27T17:38:02+08:00,1.5278,104.1178,C,Cloud to Cloud,2025-07-27T17:35:27.183+08:00
2025-07-28 11:29:39,2025-07-27T17:36:00+08:00,2025-07-27T17:38:02+08:00,1.5305,104.1269,C,Cloud to Cloud,2025-07-27T17:35:27.183+08:00
2025-07-28 11:29:39,2025-07-27T17:36:00+08:00,2025-07-27T17:38:02+08:00,1.565,104.1581,C,Cloud to Cloud,2025-07-27T17:35:27.184+08:00
2025-07-28 11:29:39,2025-07-27T17:36:00+08:00,2025-07-27T17:38:02+08:00,1.563,104.1484,C,Cloud to Cloud,2025-07-27T17:35:27.184+08:00
2025-07-28 11:29:39,2025-07-27T17:36:00+08:00,2025-07-27T17:38:02+08:00,1.5037,104.1603,C,Cloud to Cloud,2025-07-27T17:35:27.185+08:00
2025-07-28 11:29:39,2025-07-27T17:36:00+08:00,2025-07-27T17:38:02+08:00,1.5347,104.1183,C,Cloud to Cloud,2025-07-27T17:35:27.291+08:00
2025-07-28 11:29:39,2025-07-27T17:36:00+08:00,2025-07-27T17:38:02+08:00,1.5352,104.0943,C,Cloud to Cloud,2025-07-27T17:35:27.291+08:00
2025-07-28 11:29:39,2025-07-27T17:36:00+08:00,2025-07-27T17:38:02+08:00,1.5352,104.0943,C,Cloud to Cloud,2025-07-27T17:35:27.291+08:00
2025-07-28 11:29:39,2025-07-27T17:36:00+08:00,2025-07-27T17:38:02+08:00,1.5533,104.1565,C,Cloud to Cloud,2025-07-27T17:35:27.355+08:00
2025-07-28 11:29:39,2025-07-27T17:36:00+08:00,2025-07-27T17:38:02+08:00,1.5393,104.1271,C,Cloud to Cloud,2025-07-27T17:35:27.355+08:00
2025-07-28 11:29:39,2025-07-27T17:36:00+08:00,2025-07-27T17:38:02+08:00,1.5032,104.1413,C,Cloud to Cloud,2025-07-27T17:35:48.933+08:00
2025-07-28 11:29:39,2025-07-27T17:36:00+08:00,2025-07-27T17:38:02+08:00,1.5139,104.1726,C,Cloud to Cloud,2025-07-27T17:35:48.934+08:00
2025-07-28 11:29:39,2025-07-27T17:36:00+08:00,2025-07-27T17:38:02+08:00,1.5117,104.1281,C,Cloud to Cloud,2025-07-27T17:35:48.934+08:00
2025-07-28 11:29:39,2025-07-27T17:36:00+08:00,2025-07-27T17:38:02+08:00,1.5152,104.1697,C,Cloud to Cloud,2025-07-27T17:35:48.934+08:00
2025-07-28 11:29:39,2025-07-27T17:36:00+08:00,2025-07-27T17:38:02+08:00,1.5204,104.175,C,Cloud to Cloud,2025-07-27T17:35:48.934+08:00
2025-07-28 11:29:39,2025-07-27T17:36:00+08:00,2025-07-27T17:38:02+08:00,1.5035,104.1494,C,Cloud to Cloud,2025-07-27T17:35:48.934+08:00
2025-07-28 11:29:39,2025-07-27T17:36:00+08:00,2025-07-27T17:38:02+08:00,1.504,104.1463,C,Cloud to Cloud,2025-07-27T17:35:48.934+08:00
2025-07-28 11:29:39,2025-07-27T17:36:00+08:00,2025-07-27T17:38:02+08:00,1.5124,104.1854,C,Cloud to Cloud,2025-07-27T17:35:48.934+08:00
2025-07-28 11:29:39,2025-07-27T17:36:00+08:00,2025-07-27T17:38:02+08:00,1.5137,104.1455,C,Cloud to Cloud,2025-07-27T17:35:48.934+08:00
2025-07-28 11:29:39,2025-07-27T17:36:00+08:00,2025-07-27T17:38:02+08:00,1.5001,104.1219,C,Cloud to Cloud,2025-07-27T17:35:48.935+08:00
2025-07-28 11:29:39,2025-07-27T17:36:00+08:00,2025-07-27T17:38:02+08:00,1.5247,104.1583,C,Cloud to Cloud,2025-07-27T17:35:48.935+08:00
2025-07-28 11:29:39,2025-07-27T17:36:00+08:00,2025-07-27T17:38:02+08:00,1.5001,104.1214,C,Cloud to Cloud,2025-07-27T17:35:48.935+08:00
2025-07-28 11:29:39,2025-07-27T17:36:00+08:00,2025-07-27T17:38:02+08:00,1.5093,104.1231,C,Cloud to Cloud,2025-07-27T17:35:48.936+08:00
2025-07-28 11:29:39,2025-07-27T17:36:00+08:00,2025-07-27T17:38:02+08:00,1.5044,104.1179,C,Cloud to Cloud,2025-07-27T17:35:48.936+08:00
2025-07-28 11:29:39,2025-07-27T17:34:00+08:00,2025-07-27T17:36:02+08:00,1.4995,104.1308,C,Cloud to Cloud,2025-07-27T17:33:35.331+08:00
2025-07-28 11:29:39,2025-07-27T17:34:00+08:00,2025-07-27T17:36:02+08:00,1.5222,104.1587,C,Cloud to Cloud,2025-07-27T17:33:35.331+08:00
2025-07-28 11:29:39,2025-07-27T17:34:00+08:00,2025-07-27T17:36:02+08:00,1.5092,104.1609,C,Cloud to Cloud,2025-07-27T17:33:35.331+08:00
2025-07-28 11:29:39,2025-07-27T17:34:00+08:00,2025-07-27T17:36:02+08:00,1.4917,104.1267,C,Cloud to Cloud,2025-07-27T17:33:35.331+08:00
2025-07-28 11:29:39,2025-07-27T17:34:00+08:00,2025-07-27T17:36:02+08:00,1.5089,104.1437,C,Cloud to Cloud,2025-07-27T17:33:35.331+08:00
2025-07-28 11:29:39,2025-07-27T17:34:00+08:00,2025-07-27T17:36:02+08:00,1.5046,104.1437,C,Cloud to Cloud,2025-07-27T17:33:35.331+08:00
2025-07-28 11:29:39,2025-07-27T17:34:00+08:00,2025-07-27T17:36:02+08:00,1.5195,104.1565,C,Cloud to Cloud,2025-07-27T17:33:35.331+08:00
2025-07-28 11:29:39,2025-07-27T17:34:00+08:00,2025-07-27T17:36:02+08:00,1.517,104.1682,C,Cloud to Cloud,2025-07-27T17:33:35.331+08:00
2025-07-28 11:29:39,2025-07-27T17:34:00+08:00,2025-07-27T17:36:02+08:00,1.5061,104.1432,C,Cloud to Cloud,2025-07-27T17:33:35.331+08:00
2025-07-28 11:29:39,2025-07-27T17:34:00+08:00,2025-07-27T17:36:02+08:00,1.4995,104.1524,C,Cloud to Cloud,2025-07-27T17:33:35.331+08:00
2025-07-28 11:29:39,2025-07-27T17:34:00+08:00,2025-07-27T17:36:02+08:00,1.5033,104.1276,C,Cloud to Cloud,2025-07-27T17:33:35.331+08:00
2025-07-28 11:29:39,2025-07-27T17:34:00+08:00,2025-07-27T17:36:02+08:00,1.5016,104.1535,C,Cloud to Cloud,2025-07-27T17:33:35.331+08:00
2025-07-28 11:29:39,2025-07-27T17:34:00+08:00,2025-07-27T17:36:02+08:00,1.5055,104.1389,C,Cloud to Cloud,2025-07-27T17:33:35.332+08:00
2025-07-28 11:29:39,2025-07-27T17:34:00+08:00,2025-07-27T17:36:02+08:00,1.5026,104.1365,C,Cloud to Cloud,2025-07-27T17:33:35.332+08:00
2025-07-28 11:29:39,2025-07-27T17:34:00+08:00,2025-07-27T17:36:02+08:00,1.4931,104.1482,C,Cloud to Cloud,2025-07-27T17:33:35.332+08:00
2025-07-28 11:29:39,2025-07-27T17:34:00+08:00,2025-07-27T17:36:02+08:00,1.5072,104.1396,C,Cloud to Cloud,2025-07-27T17:33:35.332+08:00
2025-07-28 11:29:39,2025-07-27T17:34:00+08:00,2025-07-27T17:36:02+08:00,1.4989,104.1188,C,Cloud to Cloud,2025-07-27T17:33:35.332+08:00
2025-07-28 11:29:39,2025-07-27T17:34:00+08:00,2025-07-27T17:36:02+08:00,1.4823,104.0994,C,Cloud to Cloud,2025-07-27T17:33:35.332+08:00
2025-07-28 11:29:39,2025-07-27T17:34:00+08:00,2025-07-27T17:36:02+08:00,1.4941,104.1257,C,Cloud to Cloud,2025-07-27T17:33:35.333+08:00
2025-07-28 11:29:39,2025-07-27T17:34:00+08:00,2025-07-27T17:36:02+08:00,1.5213,104.1569,C,Cloud to Cloud,2025-07-27T17:33:35.339+08:00
2025-07-28 11:29:40,2025-07-27T16:44:00+08:00,2025-07-27T16:46:02+08:00,0.9501,103.4921,C,Cloud to Cloud,2025-07-27T16:43:00.371+08:00
2025-07-28 11:29:40,2025-07-27T16:32:00+08:00,2025-07-27T16:34:02+08:00,0.966,103.5117,C,Cloud to Cloud,2025-07-27T16:31:32.506+08:00
2025-07-28 11:29:40,2025-07-27T16:32:00+08:00,2025-07-27T16:34:02+08:00,0.9657,103.5185,C,Cloud to Cloud,2025-07-27T16:31:32.506+08:00
2025-07-28 11:29:41,2025-07-27T16:26:00+08:00,2025-07-27T16:28:03+08:00,0.9589,103.4801,C,Cloud to Cloud,2025-07-27T16:24:10.329+08:00
2025-07-28 11:29:41,2025-07-27T16:26:00+08:00,2025-07-27T16:28:03+08:00,0.9589,103.4801,C,Cloud to Cloud,2025-07-27T16:24:10.329+08:00
2025-07-28 11:29:41,2025-07-27T16:24:00+08:00,2025-07-27T16:26:02+08:00,0.9813,103.5213,C,Cloud to Cloud,2025-07-27T16:23:01.479+08:00
2025-07-28 11:29:41,2025-07-27T16:20:00+08:00,2025-07-27T16:22:03+08:00,0.9863,103.506,C,Cloud to Cloud,2025-07-27T16:18:34.174+08:00
2025-07-28 11:29:41,2025-07-27T16:20:00+08:00,2025-07-27T16:22:03+08:00,0.9994,103.5207,C,Cloud to Cloud,2025-07-27T16:18:34.175+08:00
2025-07-28 11:29:41,2025-07-27T16:18:00+08:00,2025-07-27T16:20:03+08:00,1.2572,104.0319,C,Cloud to Cloud,2025-07-27T16:16:33.351+08:00
2025-07-28 11:29:41,2025-07-27T16:18:00+08:00,2025-07-27T16:20:03+08:00,1.2717,103.9822,C,Cloud to Cloud,2025-07-27T16:16:33.351+08:00
2025-07-28 11:29:41,2025-07-27T16:18:00+08:00,2025-07-27T16:20:03+08:00,1.2809,104.0119,C,Cloud to Cloud,2025-07-27T16:16:33.352+08:00
2025-07-28 11:29:41,2025-07-27T16:18:00+08:00,2025-07-27T16:20:03+08:00,1.2506,104.0352,C,Cloud to Cloud,2025-07-27T16:16:33.352+08:00
2025-07-28 11:29:41,2025-07-27T16:18:00+08:00,2025-07-27T16:20:03+08:00,1.254,104.0438,C,Cloud to Cloud,2025-07-27T16:16:33.353+08:00
2025-07-28 11:29:41,2025-07-27T16:18:00+08:00,2025-07-27T16:20:03+08:00,1.2699,104.0209,C,Cloud to Cloud,2025-07-27T16:16:33.354+08:00
2025-07-28 11:29:41,2025-07-27T16:18:00+08:00,2025-07-27T16:20:03+08:00,1.2713,104.0177,C,Cloud to Cloud,2025-07-27T16:16:33.354+08:00
2025-07-28 11:29:41,2025-07-27T16:18:00+08:00,2025-07-27T16:20:03+08:00,1.2702,104.0214,C,Cloud to Cloud,2025-07-27T16:16:33.354+08:00
2025-07-28 11:29:41,2025-07-27T16:18:00+08:00,2025-07-27T16:20:03+08:00,1.2632,104.011,C,Cloud to Cloud,2025-07-27T16:16:33.356+08:00
2025-07-28 11:29:41,2025-07-27T16:14:00+08:00,2025-07-27T16:16:02+08:00,1.2823,104.0207,C,Cloud to Cloud,2025-07-27T16:13:33.206+08:00
2025-07-28 11:29:41,2025-07-27T16:14:00+08:00,2025-07-27T16:16:02+08:00,1.2565,104.0097,C,Cloud to Cloud,2025-07-27T16:13:33.206+08:00
2025-07-28 11:29:41,2025-07-27T16:14:00+08:00,2025-07-27T16:16:02+08:00,1.2832,104.0208,C,Cloud to Cloud,2025-07-27T16:13:33.206+08:00
2025-07-28 11:29:41,2025-07-27T16:14:00+08:00,2025-07-27T16:16:02+08:00,1.2818,104.0171,C,Cloud to Cloud,2025-07-27T16:13:33.207+08:00
2025-07-28 11:29:41,2025-07-27T16:14:00+08:00,2025-07-27T16:16:02+08:00,1.2821,104.0176,C,Cloud to Cloud,2025-07-27T16:13:33.207+08:00
2025-07-28 11:29:41,2025-07-27T16:14:00+08:00,2025-07-27T16:16:02+08:00,1.2799,104.016,C,Cloud to Cloud,2025-07-27T16:13:33.207+08:00
2025-07-28 11:29:41,2025-07-27T16:14:00+08:00,2025-07-27T16:16:02+08:00,1.2675,104.0209,C,Cloud to Cloud,2025-07-27T16:13:33.208+08:00
2025-07-28 11:29:41,2025-07-27T16:14:00+08:00,2025-07-27T16:16:02+08:00,1.279,103.9847,C,Cloud to Cloud,2025-07-27T16:13:33.209+08:00
2025-07-28 11:29:41,2025-07-27T16:14:00+08:00,2025-07-27T16:16:02+08:00,1.2662,104.0179,C,Cloud to Cloud,2025-07-27T16:13:33.21+08:00
2025-07-28 11:29:41,2025-07-27T16:12:00+08:00,2025-07-27T16:14:02+08:00,1.2486,104.0252,C,Cloud to Cloud,2025-07-27T16:10:30.324+08:00
2025-07-28 11:29:41,2025-07-27T16:12:00+08:00,2025-07-27T16:14:02+08:00,1.2687,104.0145,C,Cloud to Cloud,2025-07-27T16:10:30.324+08:00
2025-07-28 11:29:41,2025-07-27T16:12:00+08:00,2025-07-27T16:14:02+08:00,1.2455,104.0693,C,Cloud to Cloud,2025-07-27T16:10:30.373+08:00
2025-07-28 11:29:41,2025-07-27T16:12:00+08:00,2025-07-27T16:14:02+08:00,1.2702,103.9927,C,Cloud to Cloud,2025-07-27T16:10:30.374+08:00
2025-07-28 11:29:41,2025-07-27T16:12:00+08:00,2025-07-27T16:14:02+08:00,1.2652,104.0694,C,Cloud to Cloud,2025-07-27T16:10:30.391+08:00
2025-07-28 11:29:41,2025-07-27T16:08:00+08:00,2025-07-27T16:10:04+08:00,1.3348,103.9812,C,Cloud to Cloud,2025-07-27T16:06:31.795+08:00
2025-07-28 11:29:41,2025-07-27T16:08:00+08:00,2025-07-27T16:10:04+08:00,1.3508,104.0204,C,Cloud to Cloud,2025-07-27T16:06:31.795+08:00
2025-07-28 11:29:41,2025-07-27T16:08:00+08:00,2025-07-27T16:10:04+08:00,1.2542,104.0017,C,Cloud to Cloud,2025-07-27T16:06:39.771+08:00
2025-07-28 11:29:41,2025-07-27T16:08:00+08:00,2025-07-27T16:10:04+08:00,1.2351,104.102,C,Cloud to Cloud,2025-07-27T16:06:39.893+08:00
2025-07-28 11:29:41,2025-07-27T16:08:00+08:00,2025-07-27T16:10:04+08:00,1.2647,104.0063,C,Cloud to Cloud,2025-07-27T16:06:40.015+08:00
2025-07-28 11:29:41,2025-07-27T16:08:00+08:00,2025-07-27T16:10:04+08:00,1.3405,104.0259,C,Cloud to Cloud,2025-07-27T16:07:59.776+08:00
2025-07-28 11:29:41,2025-07-27T16:08:00+08:00,2025-07-27T16:10:04+08:00,1.3441,104.0089,C,Cloud to Cloud,2025-07-27T16:07:59.776+08:00
2025-07-28 11:29:41,2025-07-27T16:08:00+08:00,2025-07-27T16:10:04+08:00,1.3238,104.0465,C,Cloud to Cloud,2025-07-27T16:07:59.801+08:00
2025-07-28 11:29:41,2025-07-27T16:06:00+08:00,2025-07-27T16:08:02+08:00,1.2535,103.9957,C,Cloud to Cloud,2025-07-27T16:05:05.596+08:00
2025-07-28 11:29:41,2025-07-27T16:06:00+08:00,2025-07-27T16:08:02+08:00,1.3332,104.0006,C,Cloud to Cloud,2025-07-27T16:05:42.419+08:00
2025-07-28 11:29:41,2025-07-27T16:06:00+08:00,2025-07-27T16:08:02+08:00,1.3363,103.9773,C,Cloud to Cloud,2025-07-27T16:05:42.42+08:00
2025-07-28 11:29:41,2025-07-27T16:06:00+08:00,2025-07-27T16:08:02+08:00,1.3386,104.006,C,Cloud to Cloud,2025-07-27T16:05:42.42+08:00
2025-07-28 11:29:41,2025-07-27T16:06:00+08:00,2025-07-27T16:08:02+08:00,1.3423,103.9651,C,Cloud to Cloud,2025-07-27T16:05:42.42+08:00
2025-07-28 11:29:41,2025-07-27T16:06:00+08:00,2025-07-27T16:08:02+08:00,1.3491,103.9998,C,Cloud to Cloud,2025-07-27T16:05:42.42+08:00
2025-07-28 11:29:41,2025-07-27T16:06:00+08:00,2025-07-27T16:08:02+08:00,1.3103,104.0207,C,Cloud to Cloud,2025-07-27T16:05:42.42+08:00
2025-07-28 11:29:41,2025-07-27T16:06:00+08:00,2025-07-27T16:08:02+08:00,1.3377,103.9899,C,Cloud to Cloud,2025-07-27T16:05:42.421+08:00
2025-07-28 11:29:41,2025-07-27T16:06:00+08:00,2025-07-27T16:08:02+08:00,1.3498,103.9967,C,Cloud to Cloud,2025-07-27T16:05:42.421+08:00
2025-07-28 11:29:41,2025-07-27T16:06:00+08:00,2025-07-27T16:08:02+08:00,1.3969,104.0311,C,Cloud to Cloud,2025-07-27T16:05:42.426+08:00
2025-07-28 11:29:41,2025-07-27T16:04:00+08:00,2025-07-27T16:06:03+08:00,1.2474,104.0369,C,Cloud to Cloud,2025-07-27T16:03:23.638+08:00
2025-07-28 11:29:41,2025-07-27T16:04:00+08:00,2025-07-27T16:06:03+08:00,1.2814,104.0087,C,Cloud to Cloud,2025-07-27T16:03:23.638+08:00
2025-07-28 11:29:41,2025-07-27T16:04:00+08:00,2025-07-27T16:06:03+08:00,1.2488,104.0506,C,Cloud to Cloud,2025-07-27T16:03:23.639+08:00
2025-07-28 11:29:41,2025-07-27T16:04:00+08:00,2025-07-27T16:06:03+08:00,1.252,104.0506,C,Cloud to Cloud,2025-07-27T16:03:23.639+08:00
2025-07-28 11:29:41,2025-07-27T16:04:00+08:00,2025-07-27T16:06:03+08:00,1.2805,104.0321,C,Cloud to Cloud,2025-07-27T16:03:23.639+08:00
2025-07-28 11:29:41,2025-07-27T16:04:00+08:00,2025-07-27T16:06:03+08:00,1.2618,104.0078,C,Cloud to Cloud,2025-07-27T16:03:23.639+08:00
2025-07-28 11:29:41,2025-07-27T16:04:00+08:00,2025-07-27T16:06:03+08:00,1.2509,104.0492,C,Cloud to Cloud,2025-07-27T16:03:23.639+08:00
2025-07-28 11:29:41,2025-07-27T16:04:00+08:00,2025-07-27T16:06:03+08:00,1.256,104.0505,C,Cloud to Cloud,2025-07-27T16:03:23.639+08:00
2025-07-28 11:29:41,2025-07-27T16:04:00+08:00,2025-07-27T16:06:03+08:00,1.2567,104.0505,C,Cloud to Cloud,2025-07-27T16:03:23.639+08:00
2025-07-28 11:29:41,2025-07-27T16:04:00+08:00,2025-07-27T16:06:03+08:00,1.2845,104.0326,C,Cloud to Cloud,2025-07-27T16:03:23.64+08:00
2025-07-28 11:29:41,2025-07-27T16:04:00+08:00,2025-07-27T16:06:03+08:00,1.2591,104.0498,C,Cloud to Cloud,2025-07-27T16:03:23.64+08:00
2025-07-28 11:29:41,2025-07-27T16:04:00+08:00,2025-07-27T16:06:03+08:00,1.2582,104.0478,C,Cloud to Cloud,2025-07-27T16:03:23.64+08:00
2025-07-28 11:29:41,2025-07-27T16:04:00+08:00,2025-07-27T16:06:03+08:00,1.2556,104.0541,C,Cloud to Cloud,2025-07-27T16:03:23.64+08:00
2025-07-28 11:29:41,2025-07-27T16:04:00+08:00,2025-07-27T16:06:03+08:00,1.2656,103.9748,C,Cloud to Cloud,2025-07-27T16:03:23.64+08:00
2025-07-28 11:29:41,2025-07-27T16:04:00+08:00,2025-07-27T16:06:03+08:00,1.266,104.0411,C,Cloud to Cloud,2025-07-27T16:03:23.64+08:00
2025-07-28 11:29:41,2025-07-27T16:04:00+08:00,2025-07-27T16:06:03+08:00,1.2826,104.0299,C,Cloud to Cloud,2025-07-27T16:03:23.64+08:00
2025-07-28 11:29:41,2025-07-27T16:04:00+08:00,2025-07-27T16:06:03+08:00,1.2827,104.0306,C,Cloud to Cloud,2025-07-27T16:03:23.64+08:00
2025-07-28 11:29:41,2025-07-27T16:04:00+08:00,2025-07-27T16:06:03+08:00,1.2583,104.0533,C,Cloud to Cloud,2025-07-27T16:03:23.64+08:00
2025-07-28 11:29:41,2025-07-27T16:04:00+08:00,2025-07-27T16:06:03+08:00,1.2815,104.0197,C,Cloud to Cloud,2025-07-27T16:03:23.64+08:00
2025-07-28 11:29:41,2025-07-27T16:04:00+08:00,2025-07-27T16:06:03+08:00,1.2672,104.0446,C,Cloud to Cloud,2025-07-27T16:03:23.641+08:00
2025-07-28 11:29:41,2025-07-27T16:04:00+08:00,2025-07-27T16:06:03+08:00,1.2713,103.9991,C,Cloud to Cloud,2025-07-27T16:03:23.641+08:00
2025-07-28 11:29:41,2025-07-27T16:04:00+08:00,2025-07-27T16:06:03+08:00,1.2746,103.9951,C,Cloud to Cloud,2025-07-27T16:03:23.641+08:00
2025-07-28 11:29:41,2025-07-27T16:04:00+08:00,2025-07-27T16:06:03+08:00,1.2733,103.9907,C,Cloud to Cloud,2025-07-27T16:03:23.641+08:00
2025-07-28 11:29:41,2025-07-27T16:04:00+08:00,2025-07-27T16:06:03+08:00,1.2753,103.9977,C,Cloud to Cloud,2025-07-27T16:03:23.641+08:00
2025-07-28 11:29:41,2025-07-27T16:04:00+08:00,2025-07-27T16:06:03+08:00,1.2768,104.001,C,Cloud to Cloud,2025-07-27T16:03:23.641+08:00
2025-07-28 11:29:41,2025-07-27T16:04:00+08:00,2025-07-27T16:06:03+08:00,1.2754,103.9996,C,Cloud to Cloud,2025-07-27T16:03:23.642+08:00
2025-07-28 11:29:41,2025-07-27T16:04:00+08:00,2025-07-27T16:06:03+08:00,1.271,104.038,C,Cloud to Cloud,2025-07-27T16:03:23.642+08:00
2025-07-28 11:29:41,2025-07-27T16:04:00+08:00,2025-07-27T16:06:03+08:00,1.2683,104.0415,C,Cloud to Cloud,2025-07-27T16:03:23.642+08:00
2025-07-28 11:29:41,2025-07-27T16:04:00+08:00,2025-07-27T16:06:03+08:00,1.2797,104.0091,C,Cloud to Cloud,2025-07-27T16:03:23.642+08:00
2025-07-28 11:29:41,2025-07-27T16:04:00+08:00,2025-07-27T16:06:03+08:00,1.2724,104.0391,C,Cloud to Cloud,2025-07-27T16:03:23.642+08:00
2025-07-28 11:29:41,2025-07-27T16:04:00+08:00,2025-07-27T16:06:03+08:00,1.2829,104.0321,C,Cloud to Cloud,2025-07-27T16:03:23.642+08:00
2025-07-28 11:29:41,2025-07-27T16:04:00+08:00,2025-07-27T16:06:03+08:00,1.2685,104.0443,C,Cloud to Cloud,2025-07-27T16:03:23.642+08:00
2025-07-28 11:29:41,2025-07-27T16:04:00+08:00,2025-07-27T16:06:03+08:00,1.2723,104.042,C,Cloud to Cloud,2025-07-27T16:03:23.642+08:00
2025-07-28 11:29:41,2025-07-27T16:04:00+08:00,2025-07-27T16:06:03+08:00,1.2832,104.0324,C,Cloud to Cloud,2025-07-27T16:03:23.643+08:00
2025-07-28 11:29:41,2025-07-27T16:04:00+08:00,2025-07-27T16:06:03+08:00,1.2534,104.0552,C,Cloud to Cloud,2025-07-27T16:03:23.643+08:00
2025-07-28 11:29:41,2025-07-27T16:04:00+08:00,2025-07-27T16:06:03+08:00,1.261,104.0527,C,Cloud to Cloud,2025-07-27T16:03:23.643+08:00
2025-07-28 11:29:41,2025-07-27T16:04:00+08:00,2025-07-27T16:06:03+08:00,1.2854,104.0358,C,Cloud to Cloud,2025-07-27T16:03:23.643+08:00
2025-07-28 11:29:41,2025-07-27T16:04:00+08:00,2025-07-27T16:06:03+08:00,1.2688,104.0493,C,Cloud to Cloud,2025-07-27T16:03:23.643+08:00
2025-07-28 11:29:41,2025-07-27T16:04:00+08:00,2025-07-27T16:06:03+08:00,1.2749,104.0419,C,Cloud to Cloud,2025-07-27T16:03:23.643+08:00
2025-07-28 11:29:41,2025-07-27T16:04:00+08:00,2025-07-27T16:06:03+08:00,1.2839,104.0323,C,Cloud to Cloud,2025-07-27T16:03:23.643+08:00
2025-07-28 11:29:41,2025-07-27T16:04:00+08:00,2025-07-27T16:06:03+08:00,1.2666,104.0511,C,Cloud to Cloud,2025-07-27T16:03:23.643+08:00
2025-07-28 11:29:41,2025-07-27T16:04:00+08:00,2025-07-27T16:06:03+08:00,1.2781,104.0412,C,Cloud to Cloud,2025-07-27T16:03:23.643+08:00
2025-07-28 11:29:41,2025-07-27T16:04:00+08:00,2025-07-27T16:06:03+08:00,1.2876,104.0361,C,Cloud to Cloud,2025-07-27T16:03:23.643+08:00
2025-07-28 11:29:41,2025-07-27T16:04:00+08:00,2025-07-27T16:06:03+08:00,1.2877,104.0345,C,Cloud to Cloud,2025-07-27T16:03:23.644+08:00
2025-07-28 11:29:41,2025-07-27T16:04:00+08:00,2025-07-27T16:06:03+08:00,1.276,104.0445,C,Cloud to Cloud,2025-07-27T16:03:23.644+08:00
2025-07-28 11:29:41,2025-07-27T16:04:00+08:00,2025-07-27T16:06:03+08:00,1.2748,104.0461,C,Cloud to Cloud,2025-07-27T16:03:23.644+08:00
2025-07-28 11:29:41,2025-07-27T16:04:00+08:00,2025-07-27T16:06:03+08:00,1.2736,104.0483,C,Cloud to Cloud,2025-07-27T16:03:23.644+08:00
2025-07-28 11:29:41,2025-07-27T16:04:00+08:00,2025-07-27T16:06:03+08:00,1.2685,104.0547,C,Cloud to Cloud,2025-07-27T16:03:23.644+08:00
2025-07-28 11:29:41,2025-07-27T16:04:00+08:00,2025-07-27T16:06:03+08:00,1.2656,104.0519,C,Cloud to Cloud,2025-07-27T16:03:23.644+08:00
2025-07-28 11:29:41,2025-07-27T16:04:00+08:00,2025-07-27T16:06:03+08:00,1.2673,104.0562,C,Cloud to Cloud,2025-07-27T16:03:23.644+08:00
2025-07-28 11:29:41,2025-07-27T16:04:00+08:00,2025-07-27T16:06:03+08:00,1.2704,104.0474,C,Cloud to Cloud,2025-07-27T16:03:23.644+08:00
2025-07-28 11:29:41,2025-07-27T16:04:00+08:00,2025-07-27T16:06:03+08:00,1.273,104.0582,C,Cloud to Cloud,2025-07-27T16:03:23.645+08:00
2025-07-28 11:29:41,2025-07-27T16:04:00+08:00,2025-07-27T16:06:03+08:00,1.2654,104.0642,C,Cloud to Cloud,2025-07-27T16:03:23.645+08:00
2025-07-28 11:29:41,2025-07-27T16:04:00+08:00,2025-07-27T16:06:03+08:00,1.262,104.0666,C,Cloud to Cloud,2025-07-27T16:03:23.645+08:00
2025-07-28 11:29:41,2025-07-27T16:04:00+08:00,2025-07-27T16:06:03+08:00,1.2658,104.0666,C,Cloud to Cloud,2025-07-27T16:03:23.645+08:00
2025-07-28 11:29:41,2025-07-27T16:04:00+08:00,2025-07-27T16:06:03+08:00,1.2582,104.0733,C,Cloud to Cloud,2025-07-27T16:03:23.645+08:00
2025-07-28 11:29:41,2025-07-27T16:04:00+08:00,2025-07-27T16:06:03+08:00,1.2613,104.0686,C,Cloud to Cloud,2025-07-27T16:03:23.645+08:00
2025-07-28 11:29:41,2025-07-27T16:04:00+08:00,2025-07-27T16:06:03+08:00,1.268,104.0598,C,Cloud to Cloud,2025-07-27T16:03:23.645+08:00
2025-07-28 11:29:41,2025-07-27T16:04:00+08:00,2025-07-27T16:06:03+08:00,1.2612,104.0694,C,Cloud to Cloud,2025-07-27T16:03:23.646+08:00
2025-07-28 11:29:41,2025-07-27T16:04:00+08:00,2025-07-27T16:06:03+08:00,1.2624,104.0685,C,Cloud to Cloud,2025-07-27T16:03:23.646+08:00
2025-07-28 11:29:41,2025-07-27T16:04:00+08:00,2025-07-27T16:06:03+08:00,1.2694,104.0628,C,Cloud to Cloud,2025-07-27T16:03:23.646+08:00
2025-07-28 11:29:41,2025-07-27T16:04:00+08:00,2025-07-27T16:06:03+08:00,1.2688,104.0595,C,Cloud to Cloud,2025-07-27T16:03:23.646+08:00
2025-07-28 11:29:41,2025-07-27T16:04:00+08:00,2025-07-27T16:06:03+08:00,1.2592,104.0688,C,Cloud to Cloud,2025-07-27T16:03:23.646+08:00
2025-07-28 11:29:41,2025-07-27T16:04:00+08:00,2025-07-27T16:06:03+08:00,1.256,104.0757,C,Cloud to Cloud,2025-07-27T16:03:23.646+08:00
2025-07-28 11:29:41,2025-07-27T16:04:00+08:00,2025-07-27T16:06:03+08:00,1.2597,104.0726,C,Cloud to Cloud,2025-07-27T16:03:23.647+08:00
2025-07-28 11:29:41,2025-07-27T16:04:00+08:00,2025-07-27T16:06:03+08:00,1.2642,104.063,C,Cloud to Cloud,2025-07-27T16:03:23.647+08:00
2025-07-28 11:29:41,2025-07-27T16:04:00+08:00,2025-07-27T16:06:03+08:00,1.2603,104.0683,C,Cloud to Cloud,2025-07-27T16:03:23.647+08:00
2025-07-28 11:29:41,2025-07-27T16:04:00+08:00,2025-07-27T16:06:03+08:00,1.2615,104.0673,C,Cloud to Cloud,2025-07-27T16:03:23.648+08:00
2025-07-28 11:29:41,2025-07-27T16:04:00+08:00,2025-07-27T16:06:03+08:00,1.2594,104.0721,C,Cloud to Cloud,2025-07-27T16:03:23.648+08:00
2025-07-28 11:29:41,2025-07-27T16:04:00+08:00,2025-07-27T16:06:03+08:00,1.2637,104.0667,C,Cloud to Cloud,2025-07-27T16:03:23.648+08:00
2025-07-28 11:29:41,2025-07-27T16:04:00+08:00,2025-07-27T16:06:03+08:00,1.2562,104.0723,C,Cloud to Cloud,2025-07-27T16:03:23.648+08:00
2025-07-28 11:29:41,2025-07-27T16:04:00+08:00,2025-07-27T16:06:03+08:00,1.2571,104.0729,C,Cloud to Cloud,2025-07-27T16:03:23.649+08:00
2025-07-28 11:29:41,2025-07-27T16:04:00+08:00,2025-07-27T16:06:03+08:00,1.2584,104.0719,C,Cloud to Cloud,2025-07-27T16:03:23.649+08:00
2025-07-28 11:29:41,2025-07-27T16:04:00+08:00,2025-07-27T16:06:03+08:00,1.261,104.0641,C,Cloud to Cloud,2025-07-27T16:03:23.649+08:00
2025-07-28 11:29:41,2025-07-27T16:04:00+08:00,2025-07-27T16:06:03+08:00,1.2554,104.077,C,Cloud to Cloud,2025-07-27T16:03:23.649+08:00
2025-07-28 11:29:41,2025-07-27T16:04:00+08:00,2025-07-27T16:06:03+08:00,1.2506,104.0699,C,Cloud to Cloud,2025-07-27T16:03:23.65+08:00
2025-07-28 11:29:41,2025-07-27T16:04:00+08:00,2025-07-27T16:06:03+08:00,1.2671,104.1244,C,Cloud to Cloud,2025-07-27T16:03:23.65+08:00
2025-07-28 11:29:41,2025-07-27T16:04:00+08:00,2025-07-27T16:06:03+08:00,1.2629,104.0674,C,Cloud to Cloud,2025-07-27T16:03:23.65+08:00
2025-07-28 11:29:41,2025-07-27T16:04:00+08:00,2025-07-27T16:06:03+08:00,1.2607,104.0756,C,Cloud to Cloud,2025-07-27T16:03:23.651+08:00
2025-07-28 11:29:41,2025-07-27T16:04:00+08:00,2025-07-27T16:06:03+08:00,1.261,104.0751,C,Cloud to Cloud,2025-07-27T16:03:23.654+08:00
2025-07-28 11:29:41,2025-07-27T16:04:00+08:00,2025-07-27T16:06:03+08:00,1.2292,104.0738,C,Cloud to Cloud,2025-07-27T16:03:23.678+08:00
2025-07-28 11:29:41,2025-07-27T16:04:00+08:00,2025-07-27T16:06:03+08:00,1.2633,104.0563,C,Cloud to Cloud,2025-07-27T16:03:23.678+08:00
2025-07-28 11:29:41,2025-07-27T16:04:00+08:00,2025-07-27T16:06:03+08:00,1.285,104.0195,C,Cloud to Cloud,2025-07-27T16:03:23.715+08:00
2025-07-28 11:29:41,2025-07-27T16:04:00+08:00,2025-07-27T16:06:03+08:00,1.2856,104.0198,C,Cloud to Cloud,2025-07-27T16:03:23.715+08:00
2025-07-28 11:29:41,2025-07-27T16:04:00+08:00,2025-07-27T16:06:03+08:00,1.3317,104.0028,C,Cloud to Cloud,2025-07-27T16:03:53.399+08:00
2025-07-28 11:29:41,2025-07-27T16:04:00+08:00,2025-07-27T16:06:03+08:00,1.3586,104.0745,C,Cloud to Cloud,2025-07-27T16:03:53.399+08:00
2025-07-28 11:29:41,2025-07-27T16:04:00+08:00,2025-07-27T16:06:03+08:00,1.3288,103.998,C,Cloud to Cloud,2025-07-27T16:03:53.399+08:00
2025-07-28 11:29:41,2025-07-27T16:02:00+08:00,2025-07-27T16:04:02+08:00,1.3013,103.9989,C,Cloud to Cloud,2025-07-27T16:00:52.402+08:00
2025-07-28 11:29:41,2025-07-27T16:02:00+08:00,2025-07-27T16:04:02+08:00,1.3302,104.0838,C,Cloud to Cloud,2025-07-27T16:00:52.501+08:00
2025-07-28 11:29:41,2025-07-27T16:02:00+08:00,2025-07-27T16:04:02+08:00,1.3605,104.0034,C,Cloud to Cloud,2025-07-27T16:01:58.889+08:00
2025-07-28 11:29:41,2025-07-27T16:00:00+08:00,2025-07-27T16:02:03+08:00,1.3206,104.0088,C,Cloud to Cloud,2025-07-27T15:58:36.66+08:00
2025-07-28 11:29:41,2025-07-27T16:00:00+08:00,2025-07-27T16:02:03+08:00,1.3139,103.9957,C,Cloud to Cloud,2025-07-27T15:58:36.66+08:00
2025-07-28 11:29:41,2025-07-27T16:00:00+08:00,2025-07-27T16:02:03+08:00,1.3075,104.0072,C,Cloud to Cloud,2025-07-27T15:58:36.66+08:00
2025-07-28 11:29:41,2025-07-27T16:00:00+08:00,2025-07-27T16:02:03+08:00,1.3217,103.9913,C,Cloud to Cloud,2025-07-27T15:58:36.661+08:00
2025-07-28 11:29:41,2025-07-27T16:00:00+08:00,2025-07-27T16:02:03+08:00,1.3183,104.0029,C,Cloud to Cloud,2025-07-27T15:58:36.661+08:00
2025-07-28 11:29:41,2025-07-27T16:00:00+08:00,2025-07-27T16:02:03+08:00,1.3364,104.0176,C,Cloud to Cloud,2025-07-27T15:58:36.661+08:00
2025-07-28 11:29:41,2025-07-27T16:00:00+08:00,2025-07-27T16:02:03+08:00,1.3164,103.9982,C,Cloud to Cloud,2025-07-27T15:58:36.661+08:00
2025-07-28 11:29:41,2025-07-27T16:00:00+08:00,2025-07-27T16:02:03+08:00,1.3303,103.9825,C,Cloud to Cloud,2025-07-27T15:58:36.661+08:00
2025-07-28 11:29:41,2025-07-27T16:00:00+08:00,2025-07-27T16:02:03+08:00,1.3152,103.9944,C,Cloud to Cloud,2025-07-27T15:58:36.663+08:00
2025-07-28 11:29:41,2025-07-27T16:00:00+08:00,2025-07-27T16:02:03+08:00,1.3239,104.0132,C,Cloud to Cloud,2025-07-27T15:58:36.663+08:00
2025-07-28 11:29:41,2025-07-27T16:00:00+08:00,2025-07-27T16:02:03+08:00,1.3344,104.0301,C,Cloud to Cloud,2025-07-27T15:58:36.663+08:00
2025-07-28 11:29:41,2025-07-27T16:00:00+08:00,2025-07-27T16:02:03+08:00,1.3184,104.0097,C,Cloud to Cloud,2025-07-27T15:58:36.664+08:00
2025-07-28 11:29:41,2025-07-27T16:00:00+08:00,2025-07-27T16:02:03+08:00,1.2819,104.0449,C,Cloud to Cloud,2025-07-27T15:58:36.677+08:00
2025-07-28 11:29:41,2025-07-27T16:00:00+08:00,2025-07-27T16:02:03+08:00,1.3084,103.9913,C,Cloud to Cloud,2025-07-27T15:58:36.731+08:00
2025-07-28 11:29:41,2025-07-27T16:00:00+08:00,2025-07-27T16:02:03+08:00,1.3099,104.0005,C,Cloud to Cloud,2025-07-27T15:59:39.492+08:00
2025-07-28 11:29:41,2025-07-27T16:00:00+08:00,2025-07-27T16:02:03+08:00,1.324,103.9897,C,Cloud to Cloud,2025-07-27T15:59:39.492+08:00
2025-07-28 11:29:41,2025-07-27T16:00:00+08:00,2025-07-27T16:02:03+08:00,1.3125,104.0042,C,Cloud to Cloud,2025-07-27T15:59:39.492+08:00
2025-07-28 11:29:41,2025-07-27T16:00:00+08:00,2025-07-27T16:02:03+08:00,1.2844,104.0484,C,Cloud to Cloud,2025-07-27T15:59:39.494+08:00
2025-07-28 11:29:41,2025-07-27T16:00:00+08:00,2025-07-27T16:02:03+08:00,1.2954,104.0366,C,Cloud to Cloud,2025-07-27T15:59:39.556+08:00
2025-07-28 11:29:41,2025-07-27T15:58:00+08:00,2025-07-27T16:00:03+08:00,1.3175,104.0222,C,Cloud to Cloud,2025-07-27T15:56:41.168+08:00
2025-07-28 11:29:41,2025-07-27T15:58:00+08:00,2025-07-27T16:00:03+08:00,1.3415,104.0004,C,Cloud to Cloud,2025-07-27T15:56:41.169+08:00
2025-07-28 11:29:41,2025-07-27T15:58:00+08:00,2025-07-27T16:00:03+08:00,1.3021,103.9766,C,Cloud to Cloud,2025-07-27T15:56:41.208+08:00
2025-07-28 11:29:41,2025-07-27T15:58:00+08:00,2025-07-27T16:00:03+08:00,1.3131,104.0056,C,Cloud to Cloud,2025-07-27T15:56:41.208+08:00
2025-07-28 11:29:41,2025-07-27T15:58:00+08:00,2025-07-27T16:00:03+08:00,1.3536,104.0331,C,Cloud to Cloud,2025-07-27T15:56:41.208+08:00
2025-07-28 11:29:41,2025-07-27T15:58:00+08:00,2025-07-27T16:00:03+08:00,1.3152,104.0003,C,Cloud to Cloud,2025-07-27T15:56:41.208+08:00
2025-07-28 11:29:41,2025-07-27T15:56:00+08:00,2025-07-27T15:58:02+08:00,1.2655,104.0149,C,Cloud to Cloud,2025-07-27T15:54:27.634+08:00
2025-07-28 11:29:41,2025-07-27T15:56:00+08:00,2025-07-27T15:58:02+08:00,1.2672,104.0152,C,Cloud to Cloud,2025-07-27T15:54:27.634+08:00
2025-07-28 11:29:41,2025-07-27T15:56:00+08:00,2025-07-27T15:58:02+08:00,1.2853,103.9728,C,Cloud to Cloud,2025-07-27T15:54:27.636+08:00
2025-07-28 11:29:41,2025-07-27T15:56:00+08:00,2025-07-27T15:58:02+08:00,1.3162,103.9953,C,Cloud to Cloud,2025-07-27T15:55:31.355+08:00
2025-07-28 11:29:41,2025-07-27T15:56:00+08:00,2025-07-27T15:58:02+08:00,1.3164,103.9947,C,Cloud to Cloud,2025-07-27T15:55:31.355+08:00
2025-07-28 11:29:41,2025-07-27T15:56:00+08:00,2025-07-27T15:58:02+08:00,1.318,103.9939,C,Cloud to Cloud,2025-07-27T15:55:31.355+08:00
2025-07-28 11:29:41,2025-07-27T15:56:00+08:00,2025-07-27T15:58:02+08:00,1.3322,103.9937,C,Cloud to Cloud,2025-07-27T15:55:31.355+08:00
2025-07-28 11:29:41,2025-07-27T15:56:00+08:00,2025-07-27T15:58:02+08:00,1.3181,103.9918,C,Cloud to Cloud,2025-07-27T15:55:31.356+08:00
2025-07-28 11:29:41,2025-07-27T15:56:00+08:00,2025-07-27T15:58:02+08:00,1.3267,104.0076,C,Cloud to Cloud,2025-07-27T15:55:31.356+08:00
2025-07-28 11:29:41,2025-07-27T15:56:00+08:00,2025-07-27T15:58:02+08:00,1.313,104.0124,C,Cloud to Cloud,2025-07-27T15:55:31.356+08:00
2025-07-28 11:29:41,2025-07-27T15:56:00+08:00,2025-07-27T15:58:02+08:00,1.3118,104.0153,C,Cloud to Cloud,2025-07-27T15:55:31.356+08:00
2025-07-28 11:29:41,2025-07-27T15:56:00+08:00,2025-07-27T15:58:02+08:00,1.3127,104.017,C,Cloud to Cloud,2025-07-27T15:55:31.357+08:00
2025-07-28 11:29:41,2025-07-27T15:56:00+08:00,2025-07-27T15:58:02+08:00,1.3013,104.0706,C,Cloud to Cloud,2025-07-27T15:55:31.357+08:00
2025-07-28 11:29:41,2025-07-27T15:56:00+08:00,2025-07-27T15:58:02+08:00,1.3235,104.0,C,Cloud to Cloud,2025-07-27T15:55:31.357+08:00
2025-07-28 11:29:41,2025-07-27T15:56:00+08:00,2025-07-27T15:58:02+08:00,1.2988,104.0202,C,Cloud to Cloud,2025-07-27T15:55:31.36+08:00
2025-07-28 11:29:41,2025-07-27T15:56:00+08:00,2025-07-27T15:58:02+08:00,1.2905,103.9592,C,Cloud to Cloud,2025-07-27T15:55:31.368+08:00
2025-07-28 11:29:41,2025-07-27T15:56:00+08:00,2025-07-27T15:58:02+08:00,1.2944,103.9669,C,Cloud to Cloud,2025-07-27T15:55:31.368+08:00
2025-07-28 11:29:41,2025-07-27T15:56:00+08:00,2025-07-27T15:58:02+08:00,1.2676,104.0866,C,Cloud to Cloud,2025-07-27T15:55:31.383+08:00
2025-07-28 11:29:41,2025-07-27T15:56:00+08:00,2025-07-27T15:58:02+08:00,1.2785,104.036,C,Cloud to Cloud,2025-07-27T15:55:31.4+08:00
2025-07-28 11:29:41,2025-07-27T15:56:00+08:00,2025-07-27T15:58:02+08:00,1.3228,103.9967,C,Cloud to Cloud,2025-07-27T15:55:31.401+08:00
2025-07-28 11:29:41,2025-07-27T15:56:00+08:00,2025-07-27T15:58:02+08:00,1.3313,103.985,C,Cloud to Cloud,2025-07-27T15:55:31.401+08:00
2025-07-28 11:29:41,2025-07-27T15:56:00+08:00,2025-07-27T15:58:02+08:00,1.3159,104.0065,C,Cloud to Cloud,2025-07-27T15:55:31.44+08:00
2025-07-28 11:29:41,2025-07-27T15:56:00+08:00,2025-07-27T15:58:02+08:00,1.3312,104.0719,C,Cloud to Cloud,2025-07-27T15:55:31.44+08:00
2025-07-28 11:29:41,2025-07-27T15:56:00+08:00,2025-07-27T15:58:02+08:00,1.2887,104.0128,C,Cloud to Cloud,2025-07-27T15:55:31.444+08:00
2025-07-28 11:29:41,2025-07-27T15:56:00+08:00,2025-07-27T15:58:02+08:00,1.2953,104.0118,C,Cloud to Cloud,2025-07-27T15:55:31.445+08:00
2025-07-28 11:29:41,2025-07-27T15:56:00+08:00,2025-07-27T15:58:02+08:00,1.2847,104.0188,C,Cloud to Cloud,2025-07-27T15:55:31.446+08:00
2025-07-28 11:29:41,2025-07-27T15:56:00+08:00,2025-07-27T15:58:02+08:00,1.2871,104.0197,C,Cloud to Cloud,2025-07-27T15:55:31.447+08:00
2025-07-28 11:29:41,2025-07-27T15:56:00+08:00,2025-07-27T15:58:02+08:00,1.2763,104.0547,C,Cloud to Cloud,2025-07-27T15:55:31.447+08:00
2025-07-28 11:29:41,2025-07-27T15:56:00+08:00,2025-07-27T15:58:02+08:00,1.2737,104.0168,C,Cloud to Cloud,2025-07-27T15:55:31.449+08:00
2025-07-28 11:29:41,2025-07-27T15:56:00+08:00,2025-07-27T15:58:02+08:00,1.2779,104.0163,C,Cloud to Cloud,2025-07-27T15:55:31.449+08:00
2025-07-28 11:29:41,2025-07-27T15:56:00+08:00,2025-07-27T15:58:02+08:00,1.2658,104.0098,C,Cloud to Cloud,2025-07-27T15:55:31.45+08:00
2025-07-28 11:29:41,2025-07-27T15:56:00+08:00,2025-07-27T15:58:02+08:00,1.2743,104.0079,C,Cloud to Cloud,2025-07-27T15:55:31.452+08:00
2025-07-28 11:29:41,2025-07-27T15:56:00+08:00,2025-07-27T15:58:02+08:00,1.2716,104.0076,C,Cloud to Cloud,2025-07-27T15:55:31.454+08:00
2025-07-28 11:29:41,2025-07-27T15:56:00+08:00,2025-07-27T15:58:02+08:00,1.2674,104.1315,C,Cloud to Cloud,2025-07-27T15:55:31.5+08:00
2025-07-28 11:29:41,2025-07-27T15:56:00+08:00,2025-07-27T15:58:02+08:00,1.292,104.0175,C,Cloud to Cloud,2025-07-27T15:55:31.559+08:00
2025-07-28 11:29:41,2025-07-27T15:56:00+08:00,2025-07-27T15:58:02+08:00,1.2869,104.0199,C,Cloud to Cloud,2025-07-27T15:55:31.559+08:00
2025-07-28 11:29:41,2025-07-27T15:56:00+08:00,2025-07-27T15:58:02+08:00,1.2987,104.0123,C,Cloud to Cloud,2025-07-27T15:55:31.583+08:00
2025-07-28 11:29:41,2025-07-27T15:56:00+08:00,2025-07-27T15:58:02+08:00,1.3078,104.008,C,Cloud to Cloud,2025-07-27T15:55:31.583+08:00
2025-07-28 11:29:41,2025-07-27T15:56:00+08:00,2025-07-27T15:58:02+08:00,1.2903,104.0161,C,Cloud to Cloud,2025-07-27T15:55:31.611+08:00
2025-07-28 11:29:41,2025-07-27T15:56:00+08:00,2025-07-27T15:58:02+08:00,1.2917,104.0155,C,Cloud to Cloud,2025-07-27T15:55:31.611+08:00
2025-07-28 11:29:41,2025-07-27T15:56:00+08:00,2025-07-27T15:58:02+08:00,1.2914,104.0165,C,Cloud to Cloud,2025-07-27T15:55:31.611+08:00
2025-07-28 11:29:41,2025-07-27T15:54:00+08:00,2025-07-27T15:56:02+08:00,1.312,104.0076,C,Cloud to Cloud,2025-07-27T15:52:22.329+08:00
2025-07-28 11:29:41,2025-07-27T15:54:00+08:00,2025-07-27T15:56:02+08:00,1.3141,103.9838,C,Cloud to Cloud,2025-07-27T15:52:22.329+08:00
2025-07-28 11:29:41,2025-07-27T15:54:00+08:00,2025-07-27T15:56:02+08:00,1.2997,103.9807,C,Cloud to Cloud,2025-07-27T15:52:22.329+08:00
2025-07-28 11:29:41,2025-07-27T15:54:00+08:00,2025-07-27T15:56:02+08:00,1.3076,104.0167,C,Cloud to Cloud,2025-07-27T15:52:22.332+08:00
2025-07-28 11:29:41,2025-07-27T15:54:00+08:00,2025-07-27T15:56:02+08:00,1.2933,104.0138,C,Cloud to Cloud,2025-07-27T15:52:22.493+08:00
2025-07-28 11:29:41,2025-07-27T15:54:00+08:00,2025-07-27T15:56:02+08:00,1.2956,104.0136,C,Cloud to Cloud,2025-07-27T15:52:22.504+08:00
2025-07-28 11:29:41,2025-07-27T15:54:00+08:00,2025-07-27T15:56:02+08:00,1.3038,103.9928,C,Cloud to Cloud,2025-07-27T15:52:22.532+08:00
2025-07-28 11:29:41,2025-07-27T15:54:00+08:00,2025-07-27T15:56:02+08:00,1.3051,103.9758,C,Cloud to Cloud,2025-07-27T15:52:22.535+08:00
2025-07-28 11:29:41,2025-07-27T15:54:00+08:00,2025-07-27T15:56:02+08:00,1.3029,103.9687,C,Cloud to Cloud,2025-07-27T15:52:22.535+08:00
2025-07-28 11:29:41,2025-07-27T15:54:00+08:00,2025-07-27T15:56:02+08:00,1.3108,103.988,C,Cloud to Cloud,2025-07-27T15:52:22.535+08:00
2025-07-28 11:29:41,2025-07-27T15:54:00+08:00,2025-07-27T15:56:02+08:00,1.3059,103.9868,C,Cloud to Cloud,2025-07-27T15:52:22.535+08:00
2025-07-28 11:29:41,2025-07-27T15:54:00+08:00,2025-07-27T15:56:02+08:00,1.3074,103.9828,C,Cloud to Cloud,2025-07-27T15:52:22.535+08:00
2025-07-28 11:29:41,2025-07-27T15:54:00+08:00,2025-07-27T15:56:02+08:00,1.3126,103.9928,C,Cloud to Cloud,2025-07-27T15:52:22.535+08:00
2025-07-28 11:29:41,2025-07-27T15:54:00+08:00,2025-07-27T15:56:02+08:00,1.3139,103.9978,C,Cloud to Cloud,2025-07-27T15:52:22.536+08:00
2025-07-28 11:29:41,2025-07-27T15:54:00+08:00,2025-07-27T15:56:02+08:00,1.3116,103.9966,C,Cloud to Cloud,2025-07-27T15:52:22.536+08:00
2025-07-28 11:29:41,2025-07-27T15:54:00+08:00,2025-07-27T15:56:02+08:00,1.2609,104.022,C,Cloud to Cloud,2025-07-27T15:52:34.267+08:00
2025-07-28 11:29:41,2025-07-27T15:54:00+08:00,2025-07-27T15:56:02+08:00,1.2607,104.0074,C,Cloud to Cloud,2025-07-27T15:52:34.267+08:00
2025-07-28 11:29:41,2025-07-27T15:54:00+08:00,2025-07-27T15:56:02+08:00,1.2372,104.0204,C,Cloud to Cloud,2025-07-27T15:52:34.267+08:00
2025-07-28 11:29:41,2025-07-27T15:54:00+08:00,2025-07-27T15:56:02+08:00,1.2607,104.0074,C,Cloud to Cloud,2025-07-27T15:52:34.267+08:00
2025-07-28 11:29:41,2025-07-27T15:54:00+08:00,2025-07-27T15:56:02+08:00,1.2634,104.0078,C,Cloud to Cloud,2025-07-27T15:52:34.268+08:00
2025-07-28 11:29:41,2025-07-27T15:54:00+08:00,2025-07-27T15:56:02+08:00,1.2628,104.0048,C,Cloud to Cloud,2025-07-27T15:52:34.268+08:00
2025-07-28 11:29:41,2025-07-27T15:54:00+08:00,2025-07-27T15:56:02+08:00,1.2628,104.0039,C,Cloud to Cloud,2025-07-27T15:52:34.268+08:00
2025-07-28 11:29:41,2025-07-27T15:54:00+08:00,2025-07-27T15:56:02+08:00,1.2653,104.0302,C,Cloud to Cloud,2025-07-27T15:52:34.268+08:00
2025-07-28 11:29:41,2025-07-27T15:54:00+08:00,2025-07-27T15:56:02+08:00,1.2628,104.0039,C,Cloud to Cloud,2025-07-27T15:52:34.268+08:00
2025-07-28 11:29:41,2025-07-27T15:54:00+08:00,2025-07-27T15:56:02+08:00,1.2024,104.2843,C,Cloud to Cloud,2025-07-27T15:52:56.261+08:00
2025-07-28 11:29:41,2025-07-27T15:54:00+08:00,2025-07-27T15:56:02+08:00,1.3148,103.9425,C,Cloud to Cloud,2025-07-27T15:52:56.721+08:00
2025-07-28 11:29:41,2025-07-27T15:54:00+08:00,2025-07-27T15:56:02+08:00,1.2973,103.9911,C,Cloud to Cloud,2025-07-27T15:52:56.722+08:00
2025-07-28 11:29:41,2025-07-27T15:54:00+08:00,2025-07-27T15:56:02+08:00,1.315,104.0038,C,Cloud to Cloud,2025-07-27T15:52:56.725+08:00
2025-07-28 11:29:41,2025-07-27T15:54:00+08:00,2025-07-27T15:56:02+08:00,1.2702,104.0114,C,Cloud to Cloud,2025-07-27T15:52:56.729+08:00
2025-07-28 11:29:41,2025-07-27T15:54:00+08:00,2025-07-27T15:56:02+08:00,1.2842,104.0509,C,Cloud to Cloud,2025-07-27T15:52:56.755+08:00
2025-07-28 11:29:41,2025-07-27T15:54:00+08:00,2025-07-27T15:56:02+08:00,1.3043,104.0117,C,Cloud to Cloud,2025-07-27T15:52:56.805+08:00
2025-07-28 11:29:41,2025-07-27T15:54:00+08:00,2025-07-27T15:56:02+08:00,1.2779,104.0189,C,Cloud to Cloud,2025-07-27T15:52:56.805+08:00
2025-07-28 11:29:41,2025-07-27T15:54:00+08:00,2025-07-27T15:56:02+08:00,1.3042,103.9961,C,Cloud to Cloud,2025-07-27T15:52:56.853+08:00
2025-07-28 11:29:41,2025-07-27T15:54:00+08:00,2025-07-27T15:56:02+08:00,1.2874,104.016,C,Cloud to Cloud,2025-07-27T15:52:56.901+08:00
2025-07-28 11:29:41,2025-07-27T15:54:00+08:00,2025-07-27T15:56:02+08:00,1.3228,103.9918,C,Cloud to Cloud,2025-07-27T15:52:56.909+08:00
2025-07-28 11:29:41,2025-07-27T15:54:00+08:00,2025-07-27T15:56:02+08:00,1.3255,103.9931,C,Cloud to Cloud,2025-07-27T15:52:56.909+08:00
2025-07-28 11:29:41,2025-07-27T15:54:00+08:00,2025-07-27T15:56:02+08:00,1.2906,103.9891,C,Cloud to Cloud,2025-07-27T15:52:56.916+08:00
2025-07-28 11:29:41,2025-07-27T15:54:00+08:00,2025-07-27T15:56:02+08:00,1.3143,103.9659,C,Cloud to Cloud,2025-07-27T15:52:56.924+08:00
2025-07-28 11:29:41,2025-07-27T15:54:00+08:00,2025-07-27T15:56:02+08:00,1.2935,104.0034,C,Cloud to Cloud,2025-07-27T15:52:56.933+08:00
2025-07-28 11:29:41,2025-07-27T15:54:00+08:00,2025-07-27T15:56:02+08:00,1.2823,104.0067,C,Cloud to Cloud,2025-07-27T15:52:56.933+08:00
2025-07-28 11:29:41,2025-07-27T15:54:00+08:00,2025-07-27T15:56:02+08:00,1.2833,104.0142,C,Cloud to Cloud,2025-07-27T15:52:56.934+08:00
2025-07-28 11:29:41,2025-07-27T15:54:00+08:00,2025-07-27T15:56:02+08:00,1.2903,104.0101,C,Cloud to Cloud,2025-07-27T15:52:56.95+08:00
2025-07-28 11:29:41,2025-07-27T15:54:00+08:00,2025-07-27T15:56:02+08:00,1.2929,103.997,C,Cloud to Cloud,2025-07-27T15:52:56.968+08:00
2025-07-28 11:29:41,2025-07-27T15:54:00+08:00,2025-07-27T15:56:02+08:00,1.2981,104.0092,C,Cloud to Cloud,2025-07-27T15:52:56.969+08:00
2025-07-28 11:29:41,2025-07-27T15:54:00+08:00,2025-07-27T15:56:02+08:00,1.2928,103.9865,C,Cloud to Cloud,2025-07-27T15:52:56.969+08:00
2025-07-28 11:29:41,2025-07-27T15:54:00+08:00,2025-07-27T15:56:02+08:00,1.2637,104.0083,C,Cloud to Cloud,2025-07-27T15:53:38.35+08:00
2025-07-28 11:29:41,2025-07-27T15:54:00+08:00,2025-07-27T15:56:02+08:00,1.2441,104.0334,C,Cloud to Cloud,2025-07-27T15:53:38.35+08:00
2025-07-28 11:29:41,2025-07-27T15:54:00+08:00,2025-07-27T15:56:02+08:00,1.242,104.0419,C,Cloud to Cloud,2025-07-27T15:53:38.35+08:00
2025-07-28 11:29:41,2025-07-27T15:54:00+08:00,2025-07-27T15:56:02+08:00,1.258,104.028,C,Cloud to Cloud,2025-07-27T15:53:38.5+08:00
2025-07-28 11:29:41,2025-07-27T15:54:00+08:00,2025-07-27T15:56:02+08:00,1.2514,104.0217,C,Cloud to Cloud,2025-07-27T15:53:38.512+08:00
2025-07-28 11:29:41,2025-07-27T15:54:00+08:00,2025-07-27T15:56:02+08:00,1.2608,103.9727,C,Cloud to Cloud,2025-07-27T15:53:38.512+08:00
2025-07-28 11:29:41,2025-07-27T15:54:00+08:00,2025-07-27T15:56:02+08:00,1.2585,103.9685,C,Cloud to Cloud,2025-07-27T15:53:38.512+08:00
2025-07-28 11:29:41,2025-07-27T15:54:00+08:00,2025-07-27T15:56:02+08:00,1.2634,104.0019,C,Cloud to Cloud,2025-07-27T15:53:38.512+08:00
2025-07-28 11:29:41,2025-07-27T15:54:00+08:00,2025-07-27T15:56:02+08:00,1.2599,103.9891,C,Cloud to Cloud,2025-07-27T15:53:38.512+08:00
2025-07-28 11:29:41,2025-07-27T15:54:00+08:00,2025-07-27T15:56:02+08:00,1.2724,104.0755,C,Cloud to Cloud,2025-07-27T15:53:38.524+08:00
2025-07-28 11:29:41,2025-07-27T15:52:00+08:00,2025-07-27T15:54:02+08:00,1.3068,104.0041,C,Cloud to Cloud,2025-07-27T15:50:13.761+08:00
2025-07-28 11:29:41,2025-07-27T15:52:00+08:00,2025-07-27T15:54:02+08:00,1.3058,103.989,C,Cloud to Cloud,2025-07-27T15:50:13.763+08:00
2025-07-28 11:29:41,2025-07-27T15:52:00+08:00,2025-07-27T15:54:02+08:00,1.3303,103.9979,C,Cloud to Cloud,2025-07-27T15:50:13.763+08:00
2025-07-28 11:29:41,2025-07-27T15:52:00+08:00,2025-07-27T15:54:02+08:00,1.3072,103.9899,C,Cloud to Cloud,2025-07-27T15:50:13.763+08:00
2025-07-28 11:29:41,2025-07-27T15:52:00+08:00,2025-07-27T15:54:02+08:00,1.2963,103.9844,C,Cloud to Cloud,2025-07-27T15:50:13.882+08:00
2025-07-28 11:29:41,2025-07-27T15:52:00+08:00,2025-07-27T15:54:02+08:00,1.3001,103.9908,C,Cloud to Cloud,2025-07-27T15:50:13.882+08:00
2025-07-28 11:29:41,2025-07-27T15:52:00+08:00,2025-07-27T15:54:02+08:00,1.3091,103.993,C,Cloud to Cloud,2025-07-27T15:50:13.89+08:00
2025-07-28 11:29:41,2025-07-27T15:52:00+08:00,2025-07-27T15:54:02+08:00,1.3039,103.9832,C,Cloud to Cloud,2025-07-27T15:50:13.89+08:00
2025-07-28 11:29:41,2025-07-27T15:52:00+08:00,2025-07-27T15:54:02+08:00,1.3093,103.992,C,Cloud to Cloud,2025-07-27T15:50:13.923+08:00
2025-07-28 11:29:41,2025-07-27T15:52:00+08:00,2025-07-27T15:54:02+08:00,1.2668,104.0369,C,Cloud to Cloud,2025-07-27T15:50:13.935+08:00
2025-07-28 11:29:41,2025-07-27T15:52:00+08:00,2025-07-27T15:54:02+08:00,1.2872,103.9987,C,Cloud to Cloud,2025-07-27T15:50:13.936+08:00
2025-07-28 11:29:41,2025-07-27T15:52:00+08:00,2025-07-27T15:54:02+08:00,1.2881,104.0067,C,Cloud to Cloud,2025-07-27T15:50:13.94+08:00
2025-07-28 11:29:41,2025-07-27T15:52:00+08:00,2025-07-27T15:54:02+08:00,1.308,103.9856,C,Cloud to Cloud,2025-07-27T15:50:30.797+08:00
2025-07-28 11:29:41,2025-07-27T15:52:00+08:00,2025-07-27T15:54:02+08:00,1.3187,104.0042,C,Cloud to Cloud,2025-07-27T15:50:50.892+08:00
2025-07-28 11:29:41,2025-07-27T15:52:00+08:00,2025-07-27T15:54:02+08:00,1.2857,103.9819,C,Cloud to Cloud,2025-07-27T15:50:50.919+08:00
2025-07-28 11:29:41,2025-07-27T15:52:00+08:00,2025-07-27T15:54:02+08:00,1.3188,104.0083,C,Cloud to Cloud,2025-07-27T15:50:50.919+08:00
2025-07-28 11:29:41,2025-07-27T15:52:00+08:00,2025-07-27T15:54:02+08:00,1.316,103.9931,C,Cloud to Cloud,2025-07-27T15:50:51.014+08:00
2025-07-28 11:29:41,2025-07-27T15:52:00+08:00,2025-07-27T15:54:02+08:00,1.3159,103.9929,C,Cloud to Cloud,2025-07-27T15:50:51.014+08:00
2025-07-28 11:29:41,2025-07-27T15:52:00+08:00,2025-07-27T15:54:02+08:00,1.3098,103.9988,C,Cloud to Cloud,2025-07-27T15:50:51.03+08:00
2025-07-28 11:29:41,2025-07-27T15:52:00+08:00,2025-07-27T15:54:02+08:00,1.3048,103.9882,C,Cloud to Cloud,2025-07-27T15:50:51.031+08:00
2025-07-28 11:29:41,2025-07-27T15:52:00+08:00,2025-07-27T15:54:02+08:00,1.2922,104.0197,C,Cloud to Cloud,2025-07-27T15:50:51.049+08:00
2025-07-28 11:29:41,2025-07-27T15:52:00+08:00,2025-07-27T15:54:02+08:00,1.3008,103.9803,C,Cloud to Cloud,2025-07-27T15:50:51.049+08:00
2025-07-28 11:29:41,2025-07-27T15:52:00+08:00,2025-07-27T15:54:02+08:00,1.3057,103.9844,C,Cloud to Cloud,2025-07-27T15:50:51.049+08:00
2025-07-28 11:29:41,2025-07-27T15:52:00+08:00,2025-07-27T15:54:02+08:00,1.3215,103.9968,C,Cloud to Cloud,2025-07-27T15:50:51.051+08:00
2025-07-28 11:29:41,2025-07-27T15:52:00+08:00,2025-07-27T15:54:02+08:00,1.3189,103.9909,C,Cloud to Cloud,2025-07-27T15:50:51.051+08:00
2025-07-28 11:29:41,2025-07-27T15:52:00+08:00,2025-07-27T15:54:02+08:00,1.3022,104.0994,C,Cloud to Cloud,2025-07-27T15:50:51.052+08:00
2025-07-28 11:29:41,2025-07-27T15:52:00+08:00,2025-07-27T15:54:02+08:00,1.2827,103.9796,C,Cloud to Cloud,2025-07-27T15:50:51.054+08:00
2025-07-28 11:29:41,2025-07-27T15:52:00+08:00,2025-07-27T15:54:02+08:00,1.3098,103.9848,C,Cloud to Cloud,2025-07-27T15:50:51.054+08:00
2025-07-28 11:29:41,2025-07-27T15:52:00+08:00,2025-07-27T15:54:02+08:00,1.2843,103.9846,C,Cloud to Cloud,2025-07-27T15:50:51.055+08:00
2025-07-28 11:29:41,2025-07-27T15:52:00+08:00,2025-07-27T15:54:02+08:00,1.2604,103.9718,C,Cloud to Cloud,2025-07-27T15:50:51.055+08:00
2025-07-28 11:29:41,2025-07-27T15:52:00+08:00,2025-07-27T15:54:02+08:00,1.3568,104.0177,C,Cloud to Cloud,2025-07-27T15:51:14.19+08:00
2025-07-28 11:29:41,2025-07-27T15:52:00+08:00,2025-07-27T15:54:02+08:00,1.3111,104.0035,C,Cloud to Cloud,2025-07-27T15:51:14.361+08:00
2025-07-28 11:29:41,2025-07-27T15:52:00+08:00,2025-07-27T15:54:02+08:00,1.3145,104.0003,C,Cloud to Cloud,2025-07-27T15:51:14.363+08:00
2025-07-28 11:29:41,2025-07-27T15:52:00+08:00,2025-07-27T15:54:02+08:00,1.3095,103.9847,C,Cloud to Cloud,2025-07-27T15:51:14.363+08:00
2025-07-28 11:29:41,2025-07-27T15:52:00+08:00,2025-07-27T15:54:02+08:00,1.299,104.0143,C,Cloud to Cloud,2025-07-27T15:51:14.364+08:00
2025-07-28 11:29:41,2025-07-27T15:52:00+08:00,2025-07-27T15:54:02+08:00,1.2696,103.9964,C,Cloud to Cloud,2025-07-27T15:51:14.408+08:00
2025-07-28 11:29:41,2025-07-27T15:52:00+08:00,2025-07-27T15:54:02+08:00,1.2861,103.9781,C,Cloud to Cloud,2025-07-27T15:51:14.432+08:00
2025-07-28 11:29:41,2025-07-27T15:52:00+08:00,2025-07-27T15:54:02+08:00,1.312,104.0013,C,Cloud to Cloud,2025-07-27T15:51:14.444+08:00
2025-07-28 11:29:41,2025-07-27T15:52:00+08:00,2025-07-27T15:54:02+08:00,1.3088,103.995,C,Cloud to Cloud,2025-07-27T15:51:14.444+08:00
2025-07-28 11:29:41,2025-07-27T15:52:00+08:00,2025-07-27T15:54:02+08:00,1.3108,104.0008,C,Cloud to Cloud,2025-07-27T15:51:14.445+08:00
2025-07-28 11:29:41,2025-07-27T15:52:00+08:00,2025-07-27T15:54:02+08:00,1.2991,103.9773,C,Cloud to Cloud,2025-07-27T15:51:14.494+08:00
2025-07-28 11:29:41,2025-07-27T15:52:00+08:00,2025-07-27T15:54:02+08:00,1.306,103.9875,C,Cloud to Cloud,2025-07-27T15:51:14.494+08:00
2025-07-28 11:29:41,2025-07-27T15:52:00+08:00,2025-07-27T15:54:02+08:00,1.3039,103.9801,C,Cloud to Cloud,2025-07-27T15:51:14.494+08:00
2025-07-28 11:29:41,2025-07-27T15:52:00+08:00,2025-07-27T15:54:02+08:00,1.3295,103.9782,C,Cloud to Cloud,2025-07-27T15:51:14.494+08:00
2025-07-28 11:29:41,2025-07-27T15:52:00+08:00,2025-07-27T15:54:02+08:00,1.3251,103.9809,C,Cloud to Cloud,2025-07-27T15:51:14.494+08:00
2025-07-28 11:29:41,2025-07-27T15:52:00+08:00,2025-07-27T15:54:02+08:00,1.2982,104.0157,C,Cloud to Cloud,2025-07-27T15:51:14.494+08:00
2025-07-28 11:29:41,2025-07-27T15:52:00+08:00,2025-07-27T15:54:02+08:00,1.3351,104.0152,C,Cloud to Cloud,2025-07-27T15:51:14.494+08:00
2025-07-28 11:29:41,2025-07-27T15:52:00+08:00,2025-07-27T15:54:02+08:00,1.321,103.992,C,Cloud to Cloud,2025-07-27T15:51:14.494+08:00
2025-07-28 11:29:41,2025-07-27T15:52:00+08:00,2025-07-27T15:54:02+08:00,1.2912,104.0079,C,Cloud to Cloud,2025-07-27T15:51:14.495+08:00
2025-07-28 11:29:41,2025-07-27T15:52:00+08:00,2025-07-27T15:54:02+08:00,1.2812,104.0161,C,Cloud to Cloud,2025-07-27T15:51:14.533+08:00
2025-07-28 11:29:41,2025-07-27T15:52:00+08:00,2025-07-27T15:54:02+08:00,1.302,103.9998,C,Cloud to Cloud,2025-07-27T15:51:14.533+08:00
2025-07-28 11:29:41,2025-07-27T15:52:00+08:00,2025-07-27T15:54:02+08:00,1.286,104.0033,C,Cloud to Cloud,2025-07-27T15:51:14.534+08:00
2025-07-28 11:29:41,2025-07-27T15:52:00+08:00,2025-07-27T15:54:02+08:00,1.2825,103.961,C,Cloud to Cloud,2025-07-27T15:51:14.542+08:00
2025-07-28 11:29:41,2025-07-27T15:52:00+08:00,2025-07-27T15:54:02+08:00,1.2957,103.99,C,Cloud to Cloud,2025-07-27T15:51:14.542+08:00
2025-07-28 11:29:41,2025-07-27T15:52:00+08:00,2025-07-27T15:54:02+08:00,1.2865,103.9982,C,Cloud to Cloud,2025-07-27T15:51:14.547+08:00
2025-07-28 11:29:41,2025-07-27T15:52:00+08:00,2025-07-27T15:54:02+08:00,1.292,103.9889,C,Cloud to Cloud,2025-07-27T15:51:14.553+08:00
2025-07-28 11:29:41,2025-07-27T15:52:00+08:00,2025-07-27T15:54:02+08:00,1.2936,103.9918,C,Cloud to Cloud,2025-07-27T15:51:14.553+08:00
2025-07-28 11:29:41,2025-07-27T15:52:00+08:00,2025-07-27T15:54:02+08:00,1.3196,104.0012,C,Cloud to Cloud,2025-07-27T15:51:35.534+08:00
2025-07-28 11:29:41,2025-07-27T15:52:00+08:00,2025-07-27T15:54:02+08:00,1.3447,103.9601,C,Cloud to Cloud,2025-07-27T15:51:35.534+08:00
2025-07-28 11:29:41,2025-07-27T15:52:00+08:00,2025-07-27T15:54:02+08:00,1.2809,103.9763,C,Cloud to Cloud,2025-07-27T15:51:35.631+08:00
2025-07-28 11:29:41,2025-07-27T15:52:00+08:00,2025-07-27T15:54:02+08:00,1.292,103.9845,C,Cloud to Cloud,2025-07-27T15:51:35.641+08:00
2025-07-28 11:29:41,2025-07-27T15:52:00+08:00,2025-07-27T15:54:02+08:00,1.2895,103.9786,C,Cloud to Cloud,2025-07-27T15:51:35.641+08:00
2025-07-28 11:29:41,2025-07-27T15:52:00+08:00,2025-07-27T15:54:02+08:00,1.3019,103.9752,C,Cloud to Cloud,2025-07-27T15:51:35.711+08:00
2025-07-28 11:29:41,2025-07-27T15:52:00+08:00,2025-07-27T15:54:02+08:00,1.3125,103.9867,C,Cloud to Cloud,2025-07-27T15:51:35.711+08:00
2025-07-28 11:29:41,2025-07-27T15:52:00+08:00,2025-07-27T15:54:02+08:00,1.3255,103.9849,C,Cloud to Cloud,2025-07-27T15:51:57.346+08:00
2025-07-28 11:29:41,2025-07-27T15:52:00+08:00,2025-07-27T15:54:02+08:00,1.3219,103.9783,C,Cloud to Cloud,2025-07-27T15:51:57.347+08:00
2025-07-28 11:29:41,2025-07-27T15:52:00+08:00,2025-07-27T15:54:02+08:00,1.2877,103.9862,C,Cloud to Cloud,2025-07-27T15:51:57.374+08:00
2025-07-28 11:29:41,2025-07-27T15:52:00+08:00,2025-07-27T15:54:02+08:00,1.3028,104.0086,C,Cloud to Cloud,2025-07-27T15:51:57.382+08:00
2025-07-28 11:29:41,2025-07-27T15:52:00+08:00,2025-07-27T15:54:02+08:00,1.3396,103.9551,C,Cloud to Cloud,2025-07-27T15:51:57.383+08:00
2025-07-28 11:29:41,2025-07-27T15:52:00+08:00,2025-07-27T15:54:02+08:00,1.3092,103.9857,C,Cloud to Cloud,2025-07-27T15:51:57.383+08:00
2025-07-28 11:29:41,2025-07-27T15:52:00+08:00,2025-07-27T15:54:02+08:00,1.3025,104.0414,C,Cloud to Cloud,2025-07-27T15:51:57.433+08:00
2025-07-28 11:29:41,2025-07-27T15:50:00+08:00,2025-07-27T15:52:03+08:00,1.2854,103.9854,C,Cloud to Cloud,2025-07-27T15:48:29.318+08:00
2025-07-28 11:29:41,2025-07-27T15:50:00+08:00,2025-07-27T15:52:03+08:00,1.2375,104.0176,C,Cloud to Cloud,2025-07-27T15:48:29.325+08:00
2025-07-28 11:29:41,2025-07-27T15:50:00+08:00,2025-07-27T15:52:03+08:00,1.284,103.9777,C,Cloud to Cloud,2025-07-27T15:48:29.377+08:00
2025-07-28 11:29:41,2025-07-27T15:50:00+08:00,2025-07-27T15:52:03+08:00,1.2709,104.0126,C,Cloud to Cloud,2025-07-27T15:48:29.379+08:00
2025-07-28 11:29:41,2025-07-27T15:50:00+08:00,2025-07-27T15:52:03+08:00,1.2844,103.9826,C,Cloud to Cloud,2025-07-27T15:48:29.394+08:00
2025-07-28 11:29:41,2025-07-27T15:50:00+08:00,2025-07-27T15:52:03+08:00,1.2841,103.9826,C,Cloud to Cloud,2025-07-27T15:48:29.394+08:00
2025-07-28 11:29:41,2025-07-27T15:50:00+08:00,2025-07-27T15:52:03+08:00,1.3009,103.988,C,Cloud to Cloud,2025-07-27T15:48:29.395+08:00
2025-07-28 11:29:41,2025-07-27T15:50:00+08:00,2025-07-27T15:52:03+08:00,1.2963,103.9788,C,Cloud to Cloud,2025-07-27T15:48:29.395+08:00
2025-07-28 11:29:41,2025-07-27T15:50:00+08:00,2025-07-27T15:52:03+08:00,1.2934,103.972,C,Cloud to Cloud,2025-07-27T15:48:29.395+08:00
2025-07-28 11:29:41,2025-07-27T15:50:00+08:00,2025-07-27T15:52:03+08:00,1.2903,103.9696,C,Cloud to Cloud,2025-07-27T15:48:29.395+08:00
2025-07-28 11:29:41,2025-07-27T15:50:00+08:00,2025-07-27T15:52:03+08:00,1.2824,104.0169,C,Cloud to Cloud,2025-07-27T15:48:29.395+08:00
2025-07-28 11:29:41,2025-07-27T15:50:00+08:00,2025-07-27T15:52:03+08:00,1.2973,103.9771,C,Cloud to Cloud,2025-07-27T15:48:29.395+08:00
2025-07-28 11:29:41,2025-07-27T15:50:00+08:00,2025-07-27T15:52:03+08:00,1.293,103.9778,C,Cloud to Cloud,2025-07-27T15:48:29.395+08:00
2025-07-28 11:29:41,2025-07-27T15:50:00+08:00,2025-07-27T15:52:03+08:00,1.295,103.9796,C,Cloud to Cloud,2025-07-27T15:48:29.396+08:00
2025-07-28 11:29:41,2025-07-27T15:50:00+08:00,2025-07-27T15:52:03+08:00,1.2892,103.9771,C,Cloud to Cloud,2025-07-27T15:48:29.396+08:00
2025-07-28 11:29:41,2025-07-27T15:50:00+08:00,2025-07-27T15:52:03+08:00,1.2876,103.9864,C,Cloud to Cloud,2025-07-27T15:48:29.396+08:00
2025-07-28 11:29:41,2025-07-27T15:50:00+08:00,2025-07-27T15:52:03+08:00,1.2918,103.9909,C,Cloud to Cloud,2025-07-27T15:48:29.396+08:00
2025-07-28 11:29:41,2025-07-27T15:50:00+08:00,2025-07-27T15:52:03+08:00,1.2895,103.9839,C,Cloud to Cloud,2025-07-27T15:48:29.448+08:00
2025-07-28 11:29:41,2025-07-27T15:50:00+08:00,2025-07-27T15:52:03+08:00,1.2883,103.9809,C,Cloud to Cloud,2025-07-27T15:48:29.448+08:00
2025-07-28 11:29:41,2025-07-27T15:50:00+08:00,2025-07-27T15:52:03+08:00,1.2796,103.9916,C,Cloud to Cloud,2025-07-27T15:48:29.48+08:00
2025-07-28 11:29:41,2025-07-27T15:50:00+08:00,2025-07-27T15:52:03+08:00,1.2794,103.9916,C,Cloud to Cloud,2025-07-27T15:48:29.48+08:00
2025-07-28 11:29:41,2025-07-27T15:50:00+08:00,2025-07-27T15:52:03+08:00,1.2691,103.973,C,Cloud to Cloud,2025-07-27T15:48:29.483+08:00
2025-07-28 11:29:41,2025-07-27T15:50:00+08:00,2025-07-27T15:52:03+08:00,1.269,103.9836,C,Cloud to Cloud,2025-07-27T15:48:29.483+08:00
2025-07-28 11:29:41,2025-07-27T15:50:00+08:00,2025-07-27T15:52:03+08:00,1.2803,104.0027,C,Cloud to Cloud,2025-07-27T15:48:29.483+08:00
2025-07-28 11:29:41,2025-07-27T15:50:00+08:00,2025-07-27T15:52:03+08:00,1.3032,103.9784,C,Cloud to Cloud,2025-07-27T15:48:47.249+08:00
2025-07-28 11:29:41,2025-07-27T15:50:00+08:00,2025-07-27T15:52:03+08:00,1.2904,103.9923,C,Cloud to Cloud,2025-07-27T15:48:55.709+08:00
2025-07-28 11:29:41,2025-07-27T15:50:00+08:00,2025-07-27T15:52:03+08:00,1.2846,104.0301,C,Cloud to Cloud,2025-07-27T15:48:55.797+08:00
2025-07-28 11:29:41,2025-07-27T15:50:00+08:00,2025-07-27T15:52:03+08:00,1.3078,104.0206,C,Cloud to Cloud,2025-07-27T15:49:19.409+08:00
2025-07-28 11:29:41,2025-07-27T15:50:00+08:00,2025-07-27T15:52:03+08:00,1.3104,103.9985,C,Cloud to Cloud,2025-07-27T15:49:19.409+08:00
2025-07-28 11:29:41,2025-07-27T15:50:00+08:00,2025-07-27T15:52:03+08:00,1.3051,104.0192,C,Cloud to Cloud,2025-07-27T15:49:19.412+08:00
2025-07-28 11:29:41,2025-07-27T15:50:00+08:00,2025-07-27T15:52:03+08:00,1.2981,103.9837,C,Cloud to Cloud,2025-07-27T15:49:19.46+08:00
2025-07-28 11:29:41,2025-07-27T15:50:00+08:00,2025-07-27T15:52:03+08:00,1.2989,103.9844,C,Cloud to Cloud,2025-07-27T15:49:19.46+08:00
2025-07-28 11:29:41,2025-07-27T15:50:00+08:00,2025-07-27T15:52:03+08:00,1.3876,104.03,C,Cloud to Cloud,2025-07-27T15:49:19.46+08:00
2025-07-28 11:29:41,2025-07-27T15:50:00+08:00,2025-07-27T15:52:03+08:00,1.2935,103.9843,C,Cloud to Cloud,2025-07-27T15:49:19.46+08:00
2025-07-28 11:29:41,2025-07-27T15:50:00+08:00,2025-07-27T15:52:03+08:00,1.285,104.011,C,Cloud to Cloud,2025-07-27T15:49:19.562+08:00
2025-07-28 11:29:41,2025-07-27T15:50:00+08:00,2025-07-27T15:52:03+08:00,1.3035,103.9705,C,Cloud to Cloud,2025-07-27T15:49:19.594+08:00
2025-07-28 11:29:41,2025-07-27T15:50:00+08:00,2025-07-27T15:52:03+08:00,1.3068,103.9761,C,Cloud to Cloud,2025-07-27T15:49:19.594+08:00
2025-07-28 11:29:41,2025-07-27T15:50:00+08:00,2025-07-27T15:52:03+08:00,1.2921,103.9388,C,Cloud to Cloud,2025-07-27T15:49:33.542+08:00
2025-07-28 11:29:41,2025-07-27T15:50:00+08:00,2025-07-27T15:52:03+08:00,1.318,104.0016,C,Cloud to Cloud,2025-07-27T15:49:33.681+08:00
2025-07-28 11:29:41,2025-07-27T15:50:00+08:00,2025-07-27T15:52:03+08:00,1.3136,103.9917,C,Cloud to Cloud,2025-07-27T15:49:33.681+08:00
2025-07-28 11:29:41,2025-07-27T15:50:00+08:00,2025-07-27T15:52:03+08:00,1.2926,103.9732,C,Cloud to Cloud,2025-07-27T15:49:33.708+08:00
2025-07-28 11:29:41,2025-07-27T15:50:00+08:00,2025-07-27T15:52:03+08:00,1.2961,103.9805,C,Cloud to Cloud,2025-07-27T15:49:33.708+08:00
2025-07-28 11:29:41,2025-07-27T15:50:00+08:00,2025-07-27T15:52:03+08:00,1.3104,103.9875,C,Cloud to Cloud,2025-07-27T15:49:33.718+08:00
2025-07-28 11:29:41,2025-07-27T15:50:00+08:00,2025-07-27T15:52:03+08:00,1.3118,103.9863,C,Cloud to Cloud,2025-07-27T15:49:33.718+08:00
2025-07-28 11:29:41,2025-07-27T15:50:00+08:00,2025-07-27T15:52:03+08:00,1.3158,103.9944,C,Cloud to Cloud,2025-07-27T15:49:33.718+08:00
2025-07-28 11:29:41,2025-07-27T15:50:00+08:00,2025-07-27T15:52:03+08:00,1.3096,103.9835,C,Cloud to Cloud,2025-07-27T15:49:33.718+08:00
2025-07-28 11:29:41,2025-07-27T15:50:00+08:00,2025-07-27T15:52:03+08:00,1.3132,103.9902,C,Cloud to Cloud,2025-07-27T15:49:33.724+08:00
2025-07-28 11:29:41,2025-07-27T15:50:00+08:00,2025-07-27T15:52:03+08:00,1.3058,103.9772,C,Cloud to Cloud,2025-07-27T15:49:33.727+08:00
2025-07-28 11:29:41,2025-07-27T15:50:00+08:00,2025-07-27T15:52:03+08:00,1.3111,103.9856,C,Cloud to Cloud,2025-07-27T15:49:33.727+08:00
2025-07-28 11:29:41,2025-07-27T15:50:00+08:00,2025-07-27T15:52:03+08:00,1.3158,103.9863,C,Cloud to Cloud,2025-07-27T15:49:52.713+08:00
2025-07-28 11:29:41,2025-07-27T15:50:00+08:00,2025-07-27T15:52:03+08:00,1.3171,104.0076,C,Cloud to Cloud,2025-07-27T15:49:52.713+08:00
2025-07-28 11:29:41,2025-07-27T15:50:00+08:00,2025-07-27T15:52:03+08:00,1.2958,103.9981,C,Cloud to Cloud,2025-07-27T15:49:52.713+08:00
2025-07-28 11:29:41,2025-07-27T15:50:00+08:00,2025-07-27T15:52:03+08:00,1.3038,103.9526,C,Cloud to Cloud,2025-07-27T15:49:52.719+08:00
2025-07-28 11:29:41,2025-07-27T15:50:00+08:00,2025-07-27T15:52:03+08:00,1.2933,104.0166,C,Cloud to Cloud,2025-07-27T15:49:52.795+08:00
2025-07-28 11:29:41,2025-07-27T15:50:00+08:00,2025-07-27T15:52:03+08:00,1.2845,103.9942,C,Cloud to Cloud,2025-07-27T15:49:52.888+08:00
2025-07-28 11:29:41,2025-07-27T15:48:00+08:00,2025-07-27T15:50:02+08:00,1.2848,103.9551,C,Cloud to Cloud,2025-07-27T15:46:13.989+08:00
2025-07-28 11:29:41,2025-07-27T15:48:00+08:00,2025-07-27T15:50:02+08:00,1.2987,103.9854,C,Cloud to Cloud,2025-07-27T15:46:13.989+08:00
2025-07-28 11:29:41,2025-07-27T15:48:00+08:00,2025-07-27T15:50:02+08:00,1.2967,103.9703,C,Cloud to Cloud,2025-07-27T15:46:13.99+08:00
2025-07-28 11:29:41,2025-07-27T15:48:00+08:00,2025-07-27T15:50:02+08:00,1.3014,103.9778,C,Cloud to Cloud,2025-07-27T15:46:13.99+08:00
2025-07-28 11:29:41,2025-07-27T15:48:00+08:00,2025-07-27T15:50:02+08:00,1.2915,103.9695,C,Cloud to Cloud,2025-07-27T15:46:13.997+08:00
2025-07-28 11:29:41,2025-07-27T15:48:00+08:00,2025-07-27T15:50:02+08:00,1.283,103.9752,C,Cloud to Cloud,2025-07-27T15:46:13.999+08:00
2025-07-28 11:29:41,2025-07-27T15:48:00+08:00,2025-07-27T15:50:02+08:00,1.2826,103.975,C,Cloud to Cloud,2025-07-27T15:46:13.999+08:00
2025-07-28 11:29:41,2025-07-27T15:48:00+08:00,2025-07-27T15:50:02+08:00,1.2566,103.9931,C,Cloud to Cloud,2025-07-27T15:46:14.001+08:00
2025-07-28 11:29:41,2025-07-27T15:48:00+08:00,2025-07-27T15:50:02+08:00,1.2611,103.9926,C,Cloud to Cloud,2025-07-27T15:46:14.001+08:00
2025-07-28 11:29:41,2025-07-27T15:48:00+08:00,2025-07-27T15:50:02+08:00,1.2536,103.9939,C,Cloud to Cloud,2025-07-27T15:46:14.002+08:00
2025-07-28 11:29:41,2025-07-27T15:48:00+08:00,2025-07-27T15:50:02+08:00,1.2483,104.0031,C,Cloud to Cloud,2025-07-27T15:46:14.003+08:00
2025-07-28 11:29:41,2025-07-27T15:48:00+08:00,2025-07-27T15:50:02+08:00,1.2835,103.997,C,Cloud to Cloud,2025-07-27T15:46:14.003+08:00
2025-07-28 11:29:41,2025-07-27T15:48:00+08:00,2025-07-27T15:50:02+08:00,1.2471,103.9965,C,Cloud to Cloud,2025-07-27T15:46:14.007+08:00
2025-07-28 11:29:41,2025-07-27T15:48:00+08:00,2025-07-27T15:50:02+08:00,1.2472,103.9894,C,Cloud to Cloud,2025-07-27T15:46:14.007+08:00
2025-07-28 11:29:41,2025-07-27T15:48:00+08:00,2025-07-27T15:50:02+08:00,1.2865,104.0,C,Cloud to Cloud,2025-07-27T15:46:14.148+08:00
2025-07-28 11:29:41,2025-07-27T15:48:00+08:00,2025-07-27T15:50:02+08:00,1.2728,104.0029,C,Cloud to Cloud,2025-07-27T15:46:14.148+08:00
2025-07-28 11:29:41,2025-07-27T15:48:00+08:00,2025-07-27T15:50:02+08:00,1.3043,103.981,C,Cloud to Cloud,2025-07-27T15:46:14.148+08:00
2025-07-28 11:29:41,2025-07-27T15:48:00+08:00,2025-07-27T15:50:02+08:00,1.3113,103.9856,C,Cloud to Cloud,2025-07-27T15:46:14.148+08:00
2025-07-28 11:29:41,2025-07-27T15:48:00+08:00,2025-07-27T15:50:02+08:00,1.3071,103.9868,C,Cloud to Cloud,2025-07-27T15:46:14.148+08:00
2025-07-28 11:29:41,2025-07-27T15:48:00+08:00,2025-07-27T15:50:02+08:00,1.2786,103.9388,C,Cloud to Cloud,2025-07-27T15:46:14.148+08:00
2025-07-28 11:29:41,2025-07-27T15:48:00+08:00,2025-07-27T15:50:02+08:00,1.2834,103.9844,C,Cloud to Cloud,2025-07-27T15:46:14.148+08:00
2025-07-28 11:29:41,2025-07-27T15:48:00+08:00,2025-07-27T15:50:02+08:00,1.2768,103.9763,C,Cloud to Cloud,2025-07-27T15:46:14.148+08:00
2025-07-28 11:29:41,2025-07-27T15:48:00+08:00,2025-07-27T15:50:02+08:00,1.2756,103.9741,C,Cloud to Cloud,2025-07-27T15:46:14.148+08:00
2025-07-28 11:29:41,2025-07-27T15:48:00+08:00,2025-07-27T15:50:02+08:00,1.3143,104.006,C,Cloud to Cloud,2025-07-27T15:46:30.035+08:00
2025-07-28 11:29:41,2025-07-27T15:48:00+08:00,2025-07-27T15:50:02+08:00,1.2865,104.0116,C,Cloud to Cloud,2025-07-27T15:46:48.022+08:00
2025-07-28 11:29:41,2025-07-27T15:48:00+08:00,2025-07-27T15:50:02+08:00,1.2934,104.0233,C,Cloud to Cloud,2025-07-27T15:46:48.022+08:00
2025-07-28 11:29:41,2025-07-27T15:48:00+08:00,2025-07-27T15:50:02+08:00,1.2917,104.0136,C,Cloud to Cloud,2025-07-27T15:46:48.023+08:00
2025-07-28 11:29:41,2025-07-27T15:48:00+08:00,2025-07-27T15:50:02+08:00,1.2938,103.9785,C,Cloud to Cloud,2025-07-27T15:46:48.037+08:00
2025-07-28 11:29:41,2025-07-27T15:48:00+08:00,2025-07-27T15:50:02+08:00,1.3026,104.0489,C,Cloud to Cloud,2025-07-27T15:46:48.037+08:00
2025-07-28 11:29:41,2025-07-27T15:48:00+08:00,2025-07-27T15:50:02+08:00,1.3072,104.007,C,Cloud to Cloud,2025-07-27T15:46:48.037+08:00
2025-07-28 11:29:41,2025-07-27T15:48:00+08:00,2025-07-27T15:50:02+08:00,1.3012,104.0017,G,Cloud to Ground,2025-07-27T15:46:48.107+08:00
2025-07-28 11:29:41,2025-07-27T15:48:00+08:00,2025-07-27T15:50:02+08:00,1.3083,104.0189,C,Cloud to Cloud,2025-07-27T15:46:48.108+08:00
2025-07-28 11:29:41,2025-07-27T15:48:00+08:00,2025-07-27T15:50:02+08:00,1.3061,104.0131,C,Cloud to Cloud,2025-07-27T15:46:48.108+08:00
2025-07-28 11:29:41,2025-07-27T15:48:00+08:00,2025-07-27T15:50:02+08:00,1.3066,104.0134,C,Cloud to Cloud,2025-07-27T15:46:48.108+08:00
2025-07-28 11:29:41,2025-07-27T15:48:00+08:00,2025-07-27T15:50:02+08:00,1.2717,103.9772,C,Cloud to Cloud,2025-07-27T15:46:48.109+08:00
2025-07-28 11:29:41,2025-07-27T15:48:00+08:00,2025-07-27T15:50:02+08:00,1.2779,103.9779,C,Cloud to Cloud,2025-07-27T15:46:48.196+08:00
2025-07-28 11:29:41,2025-07-27T15:48:00+08:00,2025-07-27T15:50:02+08:00,1.2605,104.0351,C,Cloud to Cloud,2025-07-27T15:46:48.225+08:00
2025-07-28 11:29:41,2025-07-27T15:48:00+08:00,2025-07-27T15:50:02+08:00,1.2802,103.9895,G,Cloud to Ground,2025-07-27T15:46:48.235+08:00
2025-07-28 11:29:41,2025-07-27T15:48:00+08:00,2025-07-27T15:50:02+08:00,1.2832,103.9972,C,Cloud to Cloud,2025-07-27T15:46:48.235+08:00
2025-07-28 11:29:41,2025-07-27T15:48:00+08:00,2025-07-27T15:50:02+08:00,1.285,104.0033,C,Cloud to Cloud,2025-07-27T15:46:48.235+08:00
2025-07-28 11:29:41,2025-07-27T15:48:00+08:00,2025-07-27T15:50:02+08:00,1.2936,104.021,C,Cloud to Cloud,2025-07-27T15:46:48.235+08:00
2025-07-28 11:29:41,2025-07-27T15:48:00+08:00,2025-07-27T15:50:02+08:00,1.2939,104.0104,C,Cloud to Cloud,2025-07-27T15:46:48.235+08:00
2025-07-28 11:29:41,2025-07-27T15:48:00+08:00,2025-07-27T15:50:02+08:00,1.267,104.0217,C,Cloud to Cloud,2025-07-27T15:47:13.098+08:00
2025-07-28 11:29:41,2025-07-27T15:48:00+08:00,2025-07-27T15:50:02+08:00,1.2888,103.9999,C,Cloud to Cloud,2025-07-27T15:47:13.113+08:00
2025-07-28 11:29:41,2025-07-27T15:48:00+08:00,2025-07-27T15:50:02+08:00,1.2536,104.0287,C,Cloud to Cloud,2025-07-27T15:47:13.169+08:00
2025-07-28 11:29:41,2025-07-27T15:48:00+08:00,2025-07-27T15:50:02+08:00,1.2248,104.025,C,Cloud to Cloud,2025-07-27T15:47:13.172+08:00
2025-07-28 11:29:41,2025-07-27T15:48:00+08:00,2025-07-27T15:50:02+08:00,1.2991,103.9933,C,Cloud to Cloud,2025-07-27T15:47:13.173+08:00
2025-07-28 11:29:41,2025-07-27T15:48:00+08:00,2025-07-27T15:50:02+08:00,1.3018,103.9704,C,Cloud to Cloud,2025-07-27T15:47:13.276+08:00
2025-07-28 11:29:41,2025-07-27T15:48:00+08:00,2025-07-27T15:50:02+08:00,1.3083,103.9813,C,Cloud to Cloud,2025-07-27T15:47:13.276+08:00
2025-07-28 11:29:41,2025-07-27T15:48:00+08:00,2025-07-27T15:50:02+08:00,1.3011,103.9758,C,Cloud to Cloud,2025-07-27T15:47:13.288+08:00
2025-07-28 11:29:41,2025-07-27T15:48:00+08:00,2025-07-27T15:50:02+08:00,1.3071,103.9855,C,Cloud to Cloud,2025-07-27T15:47:13.288+08:00
2025-07-28 11:29:41,2025-07-27T15:48:00+08:00,2025-07-27T15:50:02+08:00,1.2775,104.0043,C,Cloud to Cloud,2025-07-27T15:47:13.341+08:00
2025-07-28 11:29:41,2025-07-27T15:48:00+08:00,2025-07-27T15:50:02+08:00,1.3028,104.0017,C,Cloud to Cloud,2025-07-27T15:47:13.341+08:00
2025-07-28 11:29:41,2025-07-27T15:48:00+08:00,2025-07-27T15:50:02+08:00,1.305,104.0017,C,Cloud to Cloud,2025-07-27T15:47:13.341+08:00
2025-07-28 11:29:41,2025-07-27T15:48:00+08:00,2025-07-27T15:50:02+08:00,1.2809,104.0011,C,Cloud to Cloud,2025-07-27T15:47:13.341+08:00
2025-07-28 11:29:41,2025-07-27T15:48:00+08:00,2025-07-27T15:50:02+08:00,1.3054,103.9577,C,Cloud to Cloud,2025-07-27T15:47:13.341+08:00
2025-07-28 11:29:41,2025-07-27T15:48:00+08:00,2025-07-27T15:50:02+08:00,1.291,103.9762,C,Cloud to Cloud,2025-07-27T15:47:13.341+08:00
2025-07-28 11:29:41,2025-07-27T15:48:00+08:00,2025-07-27T15:50:02+08:00,1.2966,103.9999,C,Cloud to Cloud,2025-07-27T15:47:13.342+08:00
2025-07-28 11:29:41,2025-07-27T15:48:00+08:00,2025-07-27T15:50:02+08:00,1.2612,103.986,C,Cloud to Cloud,2025-07-27T15:47:13.342+08:00
2025-07-28 11:29:41,2025-07-27T15:48:00+08:00,2025-07-27T15:50:02+08:00,1.2518,104.005,C,Cloud to Cloud,2025-07-27T15:47:13.342+08:00
2025-07-28 11:29:41,2025-07-27T15:48:00+08:00,2025-07-27T15:50:02+08:00,1.2887,104.0055,C,Cloud to Cloud,2025-07-27T15:47:13.342+08:00
2025-07-28 11:29:41,2025-07-27T15:48:00+08:00,2025-07-27T15:50:02+08:00,1.2816,103.9522,C,Cloud to Cloud,2025-07-27T15:47:13.343+08:00
2025-07-28 11:29:41,2025-07-27T15:48:00+08:00,2025-07-27T15:50:02+08:00,1.2933,103.9773,C,Cloud to Cloud,2025-07-27T15:47:13.343+08:00
2025-07-28 11:29:41,2025-07-27T15:48:00+08:00,2025-07-27T15:50:02+08:00,1.2754,103.9736,C,Cloud to Cloud,2025-07-27T15:47:13.395+08:00
2025-07-28 11:29:41,2025-07-27T15:48:00+08:00,2025-07-27T15:50:02+08:00,1.2609,103.9788,C,Cloud to Cloud,2025-07-27T15:47:13.467+08:00
2025-07-28 11:29:41,2025-07-27T15:48:00+08:00,2025-07-27T15:50:02+08:00,1.2198,104.0167,C,Cloud to Cloud,2025-07-27T15:47:38.039+08:00
2025-07-28 11:29:41,2025-07-27T15:48:00+08:00,2025-07-27T15:50:02+08:00,1.3755,104.058,C,Cloud to Cloud,2025-07-27T15:47:58.652+08:00
2025-07-28 11:29:41,2025-07-27T15:48:00+08:00,2025-07-27T15:50:02+08:00,1.2839,104.0139,C,Cloud to Cloud,2025-07-27T15:47:58.668+08:00
2025-07-28 11:29:41,2025-07-27T15:48:00+08:00,2025-07-27T15:50:02+08:00,1.2894,103.946,C,Cloud to Cloud,2025-07-27T15:47:58.725+08:00
2025-07-28 11:29:41,2025-07-27T15:48:00+08:00,2025-07-27T15:50:02+08:00,1.3002,103.9498,C,Cloud to Cloud,2025-07-27T15:47:58.796+08:00
2025-07-28 11:29:41,2025-07-27T15:48:00+08:00,2025-07-27T15:50:02+08:00,1.2541,103.9929,C,Cloud to Cloud,2025-07-27T15:47:58.804+08:00
2025-07-28 11:29:41,2025-07-27T15:48:00+08:00,2025-07-27T15:50:02+08:00,1.2508,103.9949,C,Cloud to Cloud,2025-07-27T15:47:58.804+08:00
2025-07-28 11:29:41,2025-07-27T15:48:00+08:00,2025-07-27T15:50:02+08:00,1.2584,103.9977,C,Cloud to Cloud,2025-07-27T15:47:58.806+08:00
2025-07-28 11:29:41,2025-07-27T15:48:00+08:00,2025-07-27T15:50:02+08:00,1.2652,104.0308,C,Cloud to Cloud,2025-07-27T15:47:58.81+08:00
2025-07-28 11:29:41,2025-07-27T15:48:00+08:00,2025-07-27T15:50:02+08:00,1.2937,103.9707,C,Cloud to Cloud,2025-07-27T15:47:58.873+08:00
2025-07-28 11:29:41,2025-07-27T15:48:00+08:00,2025-07-27T15:50:02+08:00,1.2639,103.9913,C,Cloud to Cloud,2025-07-27T15:47:58.873+08:00
2025-07-28 11:29:41,2025-07-27T15:48:00+08:00,2025-07-27T15:50:02+08:00,1.2807,103.9802,C,Cloud to Cloud,2025-07-27T15:47:58.886+08:00
2025-07-28 11:29:41,2025-07-27T15:48:00+08:00,2025-07-27T15:50:02+08:00,1.2931,103.9806,C,Cloud to Cloud,2025-07-27T15:47:58.886+08:00
2025-07-28 11:29:41,2025-07-27T15:48:00+08:00,2025-07-27T15:50:02+08:00,1.285,103.9815,C,Cloud to Cloud,2025-07-27T15:47:58.887+08:00
2025-07-28 11:29:41,2025-07-27T15:46:00+08:00,2025-07-27T15:48:03+08:00,1.3175,103.9784,C,Cloud to Cloud,2025-07-27T15:44:13.064+08:00
2025-07-28 11:29:41,2025-07-27T15:46:00+08:00,2025-07-27T15:48:03+08:00,1.3018,103.9611,C,Cloud to Cloud,2025-07-27T15:44:13.067+08:00
2025-07-28 11:29:41,2025-07-27T15:46:00+08:00,2025-07-27T15:48:03+08:00,1.2579,103.9817,C,Cloud to Cloud,2025-07-27T15:44:13.149+08:00
2025-07-28 11:29:41,2025-07-27T15:46:00+08:00,2025-07-27T15:48:03+08:00,1.2536,103.9923,C,Cloud to Cloud,2025-07-27T15:44:13.15+08:00
2025-07-28 11:29:41,2025-07-27T15:46:00+08:00,2025-07-27T15:48:03+08:00,1.2485,103.9997,C,Cloud to Cloud,2025-07-27T15:44:13.151+08:00
2025-07-28 11:29:41,2025-07-27T15:46:00+08:00,2025-07-27T15:48:03+08:00,1.1793,104.1722,C,Cloud to Cloud,2025-07-27T15:44:13.151+08:00
2025-07-28 11:29:41,2025-07-27T15:46:00+08:00,2025-07-27T15:48:03+08:00,1.2456,104.0001,C,Cloud to Cloud,2025-07-27T15:44:13.151+08:00
2025-07-28 11:29:41,2025-07-27T15:46:00+08:00,2025-07-27T15:48:03+08:00,1.2581,103.9915,C,Cloud to Cloud,2025-07-27T15:44:13.154+08:00
2025-07-28 11:29:41,2025-07-27T15:46:00+08:00,2025-07-27T15:48:03+08:00,1.2832,103.9894,C,Cloud to Cloud,2025-07-27T15:44:13.154+08:00
2025-07-28 11:29:41,2025-07-27T15:46:00+08:00,2025-07-27T15:48:03+08:00,1.2788,103.9881,C,Cloud to Cloud,2025-07-27T15:44:13.156+08:00
2025-07-28 11:29:41,2025-07-27T15:46:00+08:00,2025-07-27T15:48:03+08:00,1.2788,103.9881,C,Cloud to Cloud,2025-07-27T15:44:13.156+08:00
2025-07-28 11:29:41,2025-07-27T15:46:00+08:00,2025-07-27T15:48:03+08:00,1.2727,103.9765,C,Cloud to Cloud,2025-07-27T15:44:13.213+08:00
2025-07-28 11:29:41,2025-07-27T15:46:00+08:00,2025-07-27T15:48:03+08:00,1.2511,103.9865,C,Cloud to Cloud,2025-07-27T15:44:13.215+08:00
2025-07-28 11:29:41,2025-07-27T15:46:00+08:00,2025-07-27T15:48:03+08:00,1.2819,103.9899,C,Cloud to Cloud,2025-07-27T15:44:13.221+08:00
2025-07-28 11:29:41,2025-07-27T15:46:00+08:00,2025-07-27T15:48:03+08:00,1.3007,103.9892,C,Cloud to Cloud,2025-07-27T15:44:13.253+08:00
2025-07-28 11:29:41,2025-07-27T15:46:00+08:00,2025-07-27T15:48:03+08:00,1.3012,103.9484,C,Cloud to Cloud,2025-07-27T15:44:13.253+08:00
2025-07-28 11:29:41,2025-07-27T15:46:00+08:00,2025-07-27T15:48:03+08:00,1.298,103.9489,C,Cloud to Cloud,2025-07-27T15:44:13.253+08:00
2025-07-28 11:29:41,2025-07-27T15:46:00+08:00,2025-07-27T15:48:03+08:00,1.304,103.981,C,Cloud to Cloud,2025-07-27T15:44:13.256+08:00
2025-07-28 11:29:41,2025-07-27T15:46:00+08:00,2025-07-27T15:48:03+08:00,1.3038,103.9886,C,Cloud to Cloud,2025-07-27T15:44:13.256+08:00
2025-07-28 11:29:41,2025-07-27T15:46:00+08:00,2025-07-27T15:48:03+08:00,1.3059,103.9781,C,Cloud to Cloud,2025-07-27T15:44:13.256+08:00
2025-07-28 11:29:41,2025-07-27T15:46:00+08:00,2025-07-27T15:48:03+08:00,1.3075,103.9835,C,Cloud to Cloud,2025-07-27T15:44:13.256+08:00
2025-07-28 11:29:41,2025-07-27T15:46:00+08:00,2025-07-27T15:48:03+08:00,1.3066,103.9654,C,Cloud to Cloud,2025-07-27T15:44:13.256+08:00
2025-07-28 11:29:41,2025-07-27T15:46:00+08:00,2025-07-27T15:48:03+08:00,1.2916,103.9564,C,Cloud to Cloud,2025-07-27T15:44:13.275+08:00
2025-07-28 11:29:41,2025-07-27T15:46:00+08:00,2025-07-27T15:48:03+08:00,1.2523,103.9637,C,Cloud to Cloud,2025-07-27T15:44:13.278+08:00
2025-07-28 11:29:41,2025-07-27T15:46:00+08:00,2025-07-27T15:48:03+08:00,1.268,103.9925,C,Cloud to Cloud,2025-07-27T15:44:13.345+08:00
2025-07-28 11:29:41,2025-07-27T15:46:00+08:00,2025-07-27T15:48:03+08:00,1.2644,103.9928,C,Cloud to Cloud,2025-07-27T15:44:13.345+08:00
2025-07-28 11:29:41,2025-07-27T15:46:00+08:00,2025-07-27T15:48:03+08:00,1.2604,103.9837,C,Cloud to Cloud,2025-07-27T15:44:13.377+08:00
2025-07-28 11:29:41,2025-07-27T15:46:00+08:00,2025-07-27T15:48:03+08:00,1.27,103.9774,C,Cloud to Cloud,2025-07-27T15:44:13.391+08:00
2025-07-28 11:29:41,2025-07-27T15:46:00+08:00,2025-07-27T15:48:03+08:00,1.2705,103.9775,C,Cloud to Cloud,2025-07-27T15:44:13.391+08:00
2025-07-28 11:29:41,2025-07-27T15:46:00+08:00,2025-07-27T15:48:03+08:00,1.2883,103.9937,C,Cloud to Cloud,2025-07-27T15:44:13.391+08:00
2025-07-28 11:29:41,2025-07-27T15:46:00+08:00,2025-07-27T15:48:03+08:00,1.2595,103.9917,C,Cloud to Cloud,2025-07-27T15:44:13.394+08:00
2025-07-28 11:29:41,2025-07-27T15:46:00+08:00,2025-07-27T15:48:03+08:00,1.2686,103.9908,C,Cloud to Cloud,2025-07-27T15:44:13.394+08:00
2025-07-28 11:29:41,2025-07-27T15:46:00+08:00,2025-07-27T15:48:03+08:00,1.2607,103.9904,C,Cloud to Cloud,2025-07-27T15:44:13.394+08:00
2025-07-28 11:29:41,2025-07-27T15:46:00+08:00,2025-07-27T15:48:03+08:00,1.2514,104.0086,C,Cloud to Cloud,2025-07-27T15:44:13.395+08:00
2025-07-28 11:29:41,2025-07-27T15:46:00+08:00,2025-07-27T15:48:03+08:00,1.268,103.9934,C,Cloud to Cloud,2025-07-27T15:44:13.395+08:00
2025-07-28 11:29:41,2025-07-27T15:46:00+08:00,2025-07-27T15:48:03+08:00,1.256,104.0081,C,Cloud to Cloud,2025-07-27T15:44:13.395+08:00
2025-07-28 11:29:41,2025-07-27T15:46:00+08:00,2025-07-27T15:48:03+08:00,1.2563,104.0099,C,Cloud to Cloud,2025-07-27T15:44:13.395+08:00
2025-07-28 11:29:41,2025-07-27T15:46:00+08:00,2025-07-27T15:48:03+08:00,1.2456,104.0182,C,Cloud to Cloud,2025-07-27T15:44:13.395+08:00
2025-07-28 11:29:41,2025-07-27T15:46:00+08:00,2025-07-27T15:48:03+08:00,1.2644,103.9975,C,Cloud to Cloud,2025-07-27T15:44:13.395+08:00
2025-07-28 11:29:41,2025-07-27T15:46:00+08:00,2025-07-27T15:48:03+08:00,1.2317,104.0021,C,Cloud to Cloud,2025-07-27T15:44:13.395+08:00
2025-07-28 11:29:41,2025-07-27T15:46:00+08:00,2025-07-27T15:48:03+08:00,1.2541,103.9744,C,Cloud to Cloud,2025-07-27T15:44:13.395+08:00
2025-07-28 11:29:41,2025-07-27T15:46:00+08:00,2025-07-27T15:48:03+08:00,1.2295,103.9709,C,Cloud to Cloud,2025-07-27T15:44:13.395+08:00
2025-07-28 11:29:41,2025-07-27T15:46:00+08:00,2025-07-27T15:48:03+08:00,1.2537,103.9737,C,Cloud to Cloud,2025-07-27T15:44:13.395+08:00
2025-07-28 11:29:41,2025-07-27T15:46:00+08:00,2025-07-27T15:48:03+08:00,1.2537,103.9762,C,Cloud to Cloud,2025-07-27T15:44:13.395+08:00
2025-07-28 11:29:41,2025-07-27T15:46:00+08:00,2025-07-27T15:48:03+08:00,1.2681,103.9802,C,Cloud to Cloud,2025-07-27T15:44:13.412+08:00
2025-07-28 11:29:41,2025-07-27T15:46:00+08:00,2025-07-27T15:48:03+08:00,1.2666,103.9795,C,Cloud to Cloud,2025-07-27T15:44:13.412+08:00
2025-07-28 11:29:41,2025-07-27T15:46:00+08:00,2025-07-27T15:48:03+08:00,1.2744,103.9784,C,Cloud to Cloud,2025-07-27T15:44:13.412+08:00
2025-07-28 11:29:41,2025-07-27T15:46:00+08:00,2025-07-27T15:48:03+08:00,1.2491,103.9869,C,Cloud to Cloud,2025-07-27T15:44:13.433+08:00
2025-07-28 11:29:41,2025-07-27T15:46:00+08:00,2025-07-27T15:48:03+08:00,1.2694,103.9856,C,Cloud to Cloud,2025-07-27T15:44:13.433+08:00
2025-07-28 11:29:41,2025-07-27T15:46:00+08:00,2025-07-27T15:48:03+08:00,1.276,103.9832,C,Cloud to Cloud,2025-07-27T15:44:13.433+08:00
2025-07-28 11:29:41,2025-07-27T15:46:00+08:00,2025-07-27T15:48:03+08:00,1.2619,104.0024,C,Cloud to Cloud,2025-07-27T15:44:13.433+08:00
2025-07-28 11:29:41,2025-07-27T15:46:00+08:00,2025-07-27T15:48:03+08:00,1.2658,103.9843,C,Cloud to Cloud,2025-07-27T15:44:13.433+08:00
2025-07-28 11:29:41,2025-07-27T15:46:00+08:00,2025-07-27T15:48:03+08:00,1.2753,103.9851,C,Cloud to Cloud,2025-07-27T15:44:13.433+08:00
2025-07-28 11:29:41,2025-07-27T15:46:00+08:00,2025-07-27T15:48:03+08:00,1.2728,103.9773,C,Cloud to Cloud,2025-07-27T15:44:13.433+08:00
2025-07-28 11:29:41,2025-07-27T15:46:00+08:00,2025-07-27T15:48:03+08:00,1.266,103.977,C,Cloud to Cloud,2025-07-27T15:44:13.433+08:00
2025-07-28 11:29:41,2025-07-27T15:46:00+08:00,2025-07-27T15:48:03+08:00,1.2599,103.9805,C,Cloud to Cloud,2025-07-27T15:44:13.47+08:00
2025-07-28 11:29:41,2025-07-27T15:46:00+08:00,2025-07-27T15:48:03+08:00,1.282,103.9803,C,Cloud to Cloud,2025-07-27T15:44:13.47+08:00
2025-07-28 11:29:41,2025-07-27T15:46:00+08:00,2025-07-27T15:48:03+08:00,1.2632,104.0014,C,Cloud to Cloud,2025-07-27T15:44:13.471+08:00
2025-07-28 11:29:41,2025-07-27T15:46:00+08:00,2025-07-27T15:48:03+08:00,1.2903,103.974,C,Cloud to Cloud,2025-07-27T15:44:13.471+08:00
2025-07-28 11:29:41,2025-07-27T15:46:00+08:00,2025-07-27T15:48:03+08:00,1.2722,103.9896,C,Cloud to Cloud,2025-07-27T15:44:13.471+08:00
2025-07-28 11:29:41,2025-07-27T15:46:00+08:00,2025-07-27T15:48:03+08:00,1.2929,103.9878,C,Cloud to Cloud,2025-07-27T15:44:13.471+08:00
2025-07-28 11:29:41,2025-07-27T15:46:00+08:00,2025-07-27T15:48:03+08:00,1.2668,103.9808,C,Cloud to Cloud,2025-07-27T15:44:13.471+08:00
2025-07-28 11:29:41,2025-07-27T15:46:00+08:00,2025-07-27T15:48:03+08:00,1.2595,103.9542,C,Cloud to Cloud,2025-07-27T15:44:13.492+08:00
2025-07-28 11:29:41,2025-07-27T15:46:00+08:00,2025-07-27T15:48:03+08:00,1.2711,104.0001,C,Cloud to Cloud,2025-07-27T15:44:13.492+08:00
2025-07-28 11:29:41,2025-07-27T15:46:00+08:00,2025-07-27T15:48:03+08:00,1.2826,103.9788,C,Cloud to Cloud,2025-07-27T15:44:13.492+08:00
2025-07-28 11:29:41,2025-07-27T15:46:00+08:00,2025-07-27T15:48:03+08:00,1.2885,103.9738,C,Cloud to Cloud,2025-07-27T15:44:13.492+08:00
2025-07-28 11:29:41,2025-07-27T15:46:00+08:00,2025-07-27T15:48:03+08:00,1.3098,103.9917,C,Cloud to Cloud,2025-07-27T15:44:35.449+08:00
2025-07-28 11:29:41,2025-07-27T15:46:00+08:00,2025-07-27T15:48:03+08:00,1.3149,104.0035,C,Cloud to Cloud,2025-07-27T15:44:35.449+08:00
2025-07-28 11:29:41,2025-07-27T15:46:00+08:00,2025-07-27T15:48:03+08:00,1.2806,103.9774,C,Cloud to Cloud,2025-07-27T15:44:35.58+08:00
2025-07-28 11:29:41,2025-07-27T15:46:00+08:00,2025-07-27T15:48:03+08:00,1.2638,104.0021,C,Cloud to Cloud,2025-07-27T15:44:35.659+08:00
2025-07-28 11:29:41,2025-07-27T15:46:00+08:00,2025-07-27T15:48:03+08:00,1.2262,104.0106,C,Cloud to Cloud,2025-07-27T15:44:51.837+08:00
2025-07-28 11:29:41,2025-07-27T15:46:00+08:00,2025-07-27T15:48:03+08:00,1.2243,104.0182,C,Cloud to Cloud,2025-07-27T15:44:51.838+08:00
2025-07-28 11:29:41,2025-07-27T15:46:00+08:00,2025-07-27T15:48:03+08:00,1.2588,103.9894,C,Cloud to Cloud,2025-07-27T15:44:52.007+08:00
2025-07-28 11:29:41,2025-07-27T15:46:00+08:00,2025-07-27T15:48:03+08:00,1.2569,103.9885,C,Cloud to Cloud,2025-07-27T15:44:52.007+08:00
2025-07-28 11:29:41,2025-07-27T15:46:00+08:00,2025-07-27T15:48:03+08:00,1.2505,103.9871,C,Cloud to Cloud,2025-07-27T15:44:52.007+08:00
2025-07-28 11:29:41,2025-07-27T15:46:00+08:00,2025-07-27T15:48:03+08:00,1.2484,103.9977,C,Cloud to Cloud,2025-07-27T15:44:52.007+08:00
2025-07-28 11:29:41,2025-07-27T15:46:00+08:00,2025-07-27T15:48:03+08:00,1.2604,103.9929,C,Cloud to Cloud,2025-07-27T15:44:52.007+08:00
2025-07-28 11:29:41,2025-07-27T15:46:00+08:00,2025-07-27T15:48:03+08:00,1.2622,103.989,C,Cloud to Cloud,2025-07-27T15:44:52.007+08:00
2025-07-28 11:29:41,2025-07-27T15:46:00+08:00,2025-07-27T15:48:03+08:00,1.2397,104.0104,C,Cloud to Cloud,2025-07-27T15:44:52.009+08:00
2025-07-28 11:29:41,2025-07-27T15:46:00+08:00,2025-07-27T15:48:03+08:00,1.2399,104.0106,C,Cloud to Cloud,2025-07-27T15:44:52.009+08:00
2025-07-28 11:29:41,2025-07-27T15:46:00+08:00,2025-07-27T15:48:03+08:00,1.2379,104.0055,C,Cloud to Cloud,2025-07-27T15:44:52.009+08:00
2025-07-28 11:29:41,2025-07-27T15:46:00+08:00,2025-07-27T15:48:03+08:00,1.2332,104.0096,C,Cloud to Cloud,2025-07-27T15:44:52.056+08:00
2025-07-28 11:29:41,2025-07-27T15:46:00+08:00,2025-07-27T15:48:03+08:00,1.2307,104.0101,C,Cloud to Cloud,2025-07-27T15:44:52.056+08:00
2025-07-28 11:29:41,2025-07-27T15:46:00+08:00,2025-07-27T15:48:03+08:00,1.2263,104.0132,C,Cloud to Cloud,2025-07-27T15:44:52.056+08:00
2025-07-28 11:29:41,2025-07-27T15:46:00+08:00,2025-07-27T15:48:03+08:00,1.3138,103.9701,C,Cloud to Cloud,2025-07-27T15:44:52.795+08:00
2025-07-28 11:29:41,2025-07-27T15:46:00+08:00,2025-07-27T15:48:03+08:00,1.2939,104.0181,C,Cloud to Cloud,2025-07-27T15:44:52.837+08:00
2025-07-28 11:29:41,2025-07-27T15:46:00+08:00,2025-07-27T15:48:03+08:00,1.2991,103.9808,C,Cloud to Cloud,2025-07-27T15:44:52.976+08:00
2025-07-28 11:29:41,2025-07-27T15:46:00+08:00,2025-07-27T15:48:03+08:00,1.2955,103.9757,C,Cloud to Cloud,2025-07-27T15:44:52.976+08:00
2025-07-28 11:29:41,2025-07-27T15:46:00+08:00,2025-07-27T15:48:03+08:00,1.308,103.9917,C,Cloud to Cloud,2025-07-27T15:44:52.976+08:00
2025-07-28 11:29:41,2025-07-27T15:46:00+08:00,2025-07-27T15:48:03+08:00,1.3144,103.9934,C,Cloud to Cloud,2025-07-27T15:44:52.976+08:00
2025-07-28 11:29:41,2025-07-27T15:46:00+08:00,2025-07-27T15:48:03+08:00,1.2931,104.015,C,Cloud to Cloud,2025-07-27T15:44:52.976+08:00
2025-07-28 11:29:41,2025-07-27T15:46:00+08:00,2025-07-27T15:48:03+08:00,1.2945,103.9278,C,Cloud to Cloud,2025-07-27T15:44:52.977+08:00
2025-07-28 11:29:41,2025-07-27T15:46:00+08:00,2025-07-27T15:48:03+08:00,1.2678,103.976,C,Cloud to Cloud,2025-07-27T15:44:53.028+08:00
2025-07-28 11:29:41,2025-07-27T15:46:00+08:00,2025-07-27T15:48:03+08:00,1.2768,103.9515,C,Cloud to Cloud,2025-07-27T15:45:08.362+08:00
2025-07-28 11:29:41,2025-07-27T15:46:00+08:00,2025-07-27T15:48:03+08:00,1.2875,103.9638,C,Cloud to Cloud,2025-07-27T15:45:08.362+08:00
2025-07-28 11:29:41,2025-07-27T15:46:00+08:00,2025-07-27T15:48:03+08:00,1.2792,103.9531,C,Cloud to Cloud,2025-07-27T15:45:08.362+08:00
2025-07-28 11:29:41,2025-07-27T15:46:00+08:00,2025-07-27T15:48:03+08:00,1.2677,103.9596,C,Cloud to Cloud,2025-07-27T15:45:08.363+08:00
2025-07-28 11:29:41,2025-07-27T15:46:00+08:00,2025-07-27T15:48:03+08:00,1.2617,103.9518,C,Cloud to Cloud,2025-07-27T15:45:08.561+08:00
2025-07-28 11:29:41,2025-07-27T15:46:00+08:00,2025-07-27T15:48:03+08:00,1.2509,103.965,C,Cloud to Cloud,2025-07-27T15:45:08.577+08:00
2025-07-28 11:29:41,2025-07-27T15:46:00+08:00,2025-07-27T15:48:03+08:00,1.2567,103.9589,C,Cloud to Cloud,2025-07-27T15:45:08.589+08:00
2025-07-28 11:29:41,2025-07-27T15:46:00+08:00,2025-07-27T15:48:03+08:00,1.2583,103.9593,C,Cloud to Cloud,2025-07-27T15:45:08.59+08:00
2025-07-28 11:29:41,2025-07-27T15:46:00+08:00,2025-07-27T15:48:03+08:00,1.3048,104.0098,C,Cloud to Cloud,2025-07-27T15:45:13.207+08:00
2025-07-28 11:29:41,2025-07-27T15:46:00+08:00,2025-07-27T15:48:03+08:00,1.2961,104.0243,C,Cloud to Cloud,2025-07-27T15:45:29.442+08:00
2025-07-28 11:29:41,2025-07-27T15:46:00+08:00,2025-07-27T15:48:03+08:00,1.3231,103.9943,C,Cloud to Cloud,2025-07-27T15:45:29.442+08:00
2025-07-28 11:29:41,2025-07-27T15:46:00+08:00,2025-07-27T15:48:03+08:00,1.3015,103.9795,C,Cloud to Cloud,2025-07-27T15:45:29.575+08:00
2025-07-28 11:29:41,2025-07-27T15:46:00+08:00,2025-07-27T15:48:03+08:00,1.3112,103.9971,C,Cloud to Cloud,2025-07-27T15:45:29.575+08:00
2025-07-28 11:29:41,2025-07-27T15:46:00+08:00,2025-07-27T15:48:03+08:00,1.308,103.9809,C,Cloud to Cloud,2025-07-27T15:45:29.628+08:00
2025-07-28 11:29:41,2025-07-27T15:46:00+08:00,2025-07-27T15:48:03+08:00,1.3116,103.9871,C,Cloud to Cloud,2025-07-27T15:45:29.628+08:00
2025-07-28 11:29:41,2025-07-27T15:46:00+08:00,2025-07-27T15:48:03+08:00,1.3068,103.9936,C,Cloud to Cloud,2025-07-27T15:45:29.628+08:00
2025-07-28 11:29:41,2025-07-27T15:46:00+08:00,2025-07-27T15:48:03+08:00,1.3158,103.988,C,Cloud to Cloud,2025-07-27T15:45:29.628+08:00
2025-07-28 11:29:41,2025-07-27T15:46:00+08:00,2025-07-27T15:48:03+08:00,1.3176,103.9941,C,Cloud to Cloud,2025-07-27T15:45:29.628+08:00
2025-07-28 11:29:41,2025-07-27T15:46:00+08:00,2025-07-27T15:48:03+08:00,1.3088,104.0818,C,Cloud to Cloud,2025-07-27T15:45:51.335+08:00
2025-07-28 11:29:41,2025-07-27T15:46:00+08:00,2025-07-27T15:48:03+08:00,1.303,103.9981,C,Cloud to Cloud,2025-07-27T15:45:51.348+08:00
2025-07-28 11:29:41,2025-07-27T15:46:00+08:00,2025-07-27T15:48:03+08:00,1.2811,104.021,C,Cloud to Cloud,2025-07-27T15:45:51.351+08:00
2025-07-28 11:29:41,2025-07-27T15:46:00+08:00,2025-07-27T15:48:03+08:00,1.3132,103.9951,C,Cloud to Cloud,2025-07-27T15:45:51.505+08:00
2025-07-28 11:29:41,2025-07-27T15:46:00+08:00,2025-07-27T15:48:03+08:00,1.2721,104.0319,C,Cloud to Cloud,2025-07-27T15:45:51.53+08:00
2025-07-28 11:29:41,2025-07-27T15:46:00+08:00,2025-07-27T15:48:03+08:00,1.3424,103.9715,C,Cloud to Cloud,2025-07-27T15:45:51.565+08:00
2025-07-28 11:29:41,2025-07-27T15:46:00+08:00,2025-07-27T15:48:03+08:00,1.3098,103.9988,C,Cloud to Cloud,2025-07-27T15:45:51.565+08:00
2025-07-28 11:29:41,2025-07-27T15:46:00+08:00,2025-07-27T15:48:03+08:00,1.277,103.9932,C,Cloud to Cloud,2025-07-27T15:45:51.565+08:00
2025-07-28 11:29:41,2025-07-27T15:46:00+08:00,2025-07-27T15:48:03+08:00,1.2882,104.029,C,Cloud to Cloud,2025-07-27T15:45:51.573+08:00
2025-07-28 11:29:41,2025-07-27T15:46:00+08:00,2025-07-27T15:48:03+08:00,1.3205,104.0006,C,Cloud to Cloud,2025-07-27T15:45:51.586+08:00
2025-07-28 11:29:41,2025-07-27T15:46:00+08:00,2025-07-27T15:48:03+08:00,1.2827,104.0181,C,Cloud to Cloud,2025-07-27T15:45:51.597+08:00
2025-07-28 11:29:41,2025-07-27T15:46:00+08:00,2025-07-27T15:48:03+08:00,1.2832,103.9959,C,Cloud to Cloud,2025-07-27T15:45:51.639+08:00
2025-07-28 11:29:41,2025-07-27T15:44:00+08:00,2025-07-27T15:46:03+08:00,1.2674,103.9783,C,Cloud to Cloud,2025-07-27T15:42:00.073+08:00
2025-07-28 11:29:41,2025-07-27T15:44:00+08:00,2025-07-27T15:46:03+08:00,1.2552,103.9858,C,Cloud to Cloud,2025-07-27T15:42:00.073+08:00
2025-07-28 11:29:41,2025-07-27T15:44:00+08:00,2025-07-27T15:46:03+08:00,1.2739,104.053,C,Cloud to Cloud,2025-07-27T15:42:00.102+08:00
2025-07-28 11:29:41,2025-07-27T15:44:00+08:00,2025-07-27T15:46:03+08:00,1.2867,103.9451,C,Cloud to Cloud,2025-07-27T15:42:00.18+08:00
2025-07-28 11:29:41,2025-07-27T15:44:00+08:00,2025-07-27T15:46:03+08:00,1.2907,103.9477,C,Cloud to Cloud,2025-07-27T15:42:00.18+08:00
2025-07-28 11:29:41,2025-07-27T15:44:00+08:00,2025-07-27T15:46:03+08:00,1.292,103.96,C,Cloud to Cloud,2025-07-27T15:42:00.18+08:00
2025-07-28 11:29:41,2025-07-27T15:44:00+08:00,2025-07-27T15:46:03+08:00,1.2885,103.9538,C,Cloud to Cloud,2025-07-27T15:42:00.18+08:00
2025-07-28 11:29:41,2025-07-27T15:44:00+08:00,2025-07-27T15:46:03+08:00,1.3145,103.953,C,Cloud to Cloud,2025-07-27T15:42:00.18+08:00
2025-07-28 11:29:41,2025-07-27T15:44:00+08:00,2025-07-27T15:46:03+08:00,1.2887,103.9561,C,Cloud to Cloud,2025-07-27T15:42:00.19+08:00
2025-07-28 11:29:41,2025-07-27T15:44:00+08:00,2025-07-27T15:46:03+08:00,1.2887,103.9561,C,Cloud to Cloud,2025-07-27T15:42:00.19+08:00
2025-07-28 11:29:41,2025-07-27T15:44:00+08:00,2025-07-27T15:46:03+08:00,1.2958,103.9539,C,Cloud to Cloud,2025-07-27T15:42:00.215+08:00
2025-07-28 11:29:41,2025-07-27T15:44:00+08:00,2025-07-27T15:46:03+08:00,1.2894,103.9434,C,Cloud to Cloud,2025-07-27T15:42:00.215+08:00
2025-07-28 11:29:41,2025-07-27T15:44:00+08:00,2025-07-27T15:46:03+08:00,1.2208,103.8903,C,Cloud to Cloud,2025-07-27T15:42:06.91+08:00
2025-07-28 11:29:41,2025-07-27T15:44:00+08:00,2025-07-27T15:46:03+08:00,1.2206,103.8918,C,Cloud to Cloud,2025-07-27T15:42:06.91+08:00
2025-07-28 11:29:41,2025-07-27T15:44:00+08:00,2025-07-27T15:46:03+08:00,1.2203,103.8978,C,Cloud to Cloud,2025-07-27T15:42:06.948+08:00
2025-07-28 11:29:41,2025-07-27T15:44:00+08:00,2025-07-27T15:46:03+08:00,1.2203,103.8978,C,Cloud to Cloud,2025-07-27T15:42:06.948+08:00
2025-07-28 11:29:41,2025-07-27T15:44:00+08:00,2025-07-27T15:46:03+08:00,1.2015,103.9,C,Cloud to Cloud,2025-07-27T15:42:07.033+08:00
2025-07-28 11:29:41,2025-07-27T15:44:00+08:00,2025-07-27T15:46:03+08:00,1.0886,103.9402,C,Cloud to Cloud,2025-07-27T15:42:07.033+08:00
2025-07-28 11:29:41,2025-07-27T15:44:00+08:00,2025-07-27T15:46:03+08:00,1.2012,103.901,C,Cloud to Cloud,2025-07-27T15:42:07.033+08:00
2025-07-28 11:29:41,2025-07-27T15:44:00+08:00,2025-07-27T15:46:03+08:00,1.2076,103.9098,C,Cloud to Cloud,2025-07-27T15:42:07.034+08:00
2025-07-28 11:29:41,2025-07-27T15:44:00+08:00,2025-07-27T15:46:03+08:00,1.2382,103.9942,C,Cloud to Cloud,2025-07-27T15:42:07.034+08:00
2025-07-28 11:29:41,2025-07-27T15:44:00+08:00,2025-07-27T15:46:03+08:00,1.2076,103.9098,C,Cloud to Cloud,2025-07-27T15:42:07.034+08:00
2025-07-28 11:29:41,2025-07-27T15:44:00+08:00,2025-07-27T15:46:03+08:00,1.2203,103.8749,C,Cloud to Cloud,2025-07-27T15:42:07.078+08:00
2025-07-28 11:29:41,2025-07-27T15:44:00+08:00,2025-07-27T15:46:03+08:00,1.3028,104.0488,C,Cloud to Cloud,2025-07-27T15:42:07.078+08:00
2025-07-28 11:29:41,2025-07-27T15:44:00+08:00,2025-07-27T15:46:03+08:00,1.2203,103.8749,C,Cloud to Cloud,2025-07-27T15:42:07.079+08:00
2025-07-28 11:29:41,2025-07-27T15:44:00+08:00,2025-07-27T15:46:03+08:00,1.271,103.9653,C,Cloud to Cloud,2025-07-27T15:42:08.411+08:00
2025-07-28 11:29:41,2025-07-27T15:44:00+08:00,2025-07-27T15:46:03+08:00,1.2781,103.9787,C,Cloud to Cloud,2025-07-27T15:42:08.439+08:00
2025-07-28 11:29:41,2025-07-27T15:44:00+08:00,2025-07-27T15:46:03+08:00,1.2693,103.9564,C,Cloud to Cloud,2025-07-27T15:42:08.474+08:00
2025-07-28 11:29:41,2025-07-27T15:44:00+08:00,2025-07-27T15:46:03+08:00,1.2758,103.9463,C,Cloud to Cloud,2025-07-27T15:42:08.491+08:00
2025-07-28 11:29:41,2025-07-27T15:44:00+08:00,2025-07-27T15:46:03+08:00,1.2569,103.9548,C,Cloud to Cloud,2025-07-27T15:42:08.554+08:00
2025-07-28 11:29:41,2025-07-27T15:44:00+08:00,2025-07-27T15:46:03+08:00,1.28,103.9606,C,Cloud to Cloud,2025-07-27T15:42:08.554+08:00
2025-07-28 11:29:41,2025-07-27T15:44:00+08:00,2025-07-27T15:46:03+08:00,1.2864,103.9767,C,Cloud to Cloud,2025-07-27T15:42:08.554+08:00
2025-07-28 11:29:41,2025-07-27T15:44:00+08:00,2025-07-27T15:46:03+08:00,1.2839,103.976,C,Cloud to Cloud,2025-07-27T15:42:08.554+08:00
2025-07-28 11:29:41,2025-07-27T15:44:00+08:00,2025-07-27T15:46:03+08:00,1.2882,103.9895,C,Cloud to Cloud,2025-07-27T15:42:08.554+08:00
2025-07-28 11:29:41,2025-07-27T15:44:00+08:00,2025-07-27T15:46:03+08:00,1.2547,103.9435,C,Cloud to Cloud,2025-07-27T15:42:08.594+08:00
2025-07-28 11:29:41,2025-07-27T15:44:00+08:00,2025-07-27T15:46:03+08:00,1.2578,103.9465,C,Cloud to Cloud,2025-07-27T15:42:08.606+08:00
2025-07-28 11:29:41,2025-07-27T15:44:00+08:00,2025-07-27T15:46:03+08:00,1.2596,103.9481,C,Cloud to Cloud,2025-07-27T15:42:08.606+08:00
2025-07-28 11:29:41,2025-07-27T15:44:00+08:00,2025-07-27T15:46:03+08:00,1.2841,103.9702,C,Cloud to Cloud,2025-07-27T15:42:15.694+08:00
2025-07-28 11:29:41,2025-07-27T15:44:00+08:00,2025-07-27T15:46:03+08:00,1.273,103.9845,C,Cloud to Cloud,2025-07-27T15:42:15.705+08:00
2025-07-28 11:29:41,2025-07-27T15:44:00+08:00,2025-07-27T15:46:03+08:00,1.3039,103.9914,C,Cloud to Cloud,2025-07-27T15:42:15.769+08:00
2025-07-28 11:29:41,2025-07-27T15:44:00+08:00,2025-07-27T15:46:03+08:00,1.3304,104.0131,C,Cloud to Cloud,2025-07-27T15:42:25.65+08:00
2025-07-28 11:29:41,2025-07-27T15:44:00+08:00,2025-07-27T15:46:03+08:00,1.3227,103.9799,C,Cloud to Cloud,2025-07-27T15:42:25.818+08:00
2025-07-28 11:29:41,2025-07-27T15:44:00+08:00,2025-07-27T15:46:03+08:00,1.3157,103.9672,C,Cloud to Cloud,2025-07-27T15:42:25.914+08:00
2025-07-28 11:29:41,2025-07-27T15:44:00+08:00,2025-07-27T15:46:03+08:00,1.3198,104.0055,C,Cloud to Cloud,2025-07-27T15:42:25.914+08:00
2025-07-28 11:29:41,2025-07-27T15:44:00+08:00,2025-07-27T15:46:03+08:00,1.3123,103.9588,C,Cloud to Cloud,2025-07-27T15:42:25.958+08:00
2025-07-28 11:29:41,2025-07-27T15:44:00+08:00,2025-07-27T15:46:03+08:00,1.3142,103.9615,C,Cloud to Cloud,2025-07-27T15:42:25.958+08:00
2025-07-28 11:29:41,2025-07-27T15:44:00+08:00,2025-07-27T15:46:03+08:00,1.2348,103.987,C,Cloud to Cloud,2025-07-27T15:42:28.188+08:00
2025-07-28 11:29:41,2025-07-27T15:44:00+08:00,2025-07-27T15:46:03+08:00,1.254,104.0003,C,Cloud to Cloud,2025-07-27T15:42:28.188+08:00
2025-07-28 11:29:41,2025-07-27T15:44:00+08:00,2025-07-27T15:46:03+08:00,1.2474,103.9782,C,Cloud to Cloud,2025-07-27T15:42:28.189+08:00
2025-07-28 11:29:41,2025-07-27T15:44:00+08:00,2025-07-27T15:46:03+08:00,1.2476,103.979,C,Cloud to Cloud,2025-07-27T15:42:28.189+08:00
2025-07-28 11:29:41,2025-07-27T15:44:00+08:00,2025-07-27T15:46:03+08:00,1.2476,103.9789,C,Cloud to Cloud,2025-07-27T15:42:28.19+08:00
2025-07-28 11:29:41,2025-07-27T15:44:00+08:00,2025-07-27T15:46:03+08:00,1.2476,103.9789,C,Cloud to Cloud,2025-07-27T15:42:28.19+08:00
2025-07-28 11:29:41,2025-07-27T15:44:00+08:00,2025-07-27T15:46:03+08:00,1.2475,103.9723,C,Cloud to Cloud,2025-07-27T15:42:28.316+08:00
2025-07-28 11:29:41,2025-07-27T15:44:00+08:00,2025-07-27T15:46:03+08:00,1.252,103.9807,C,Cloud to Cloud,2025-07-27T15:42:28.413+08:00
2025-07-28 11:29:41,2025-07-27T15:44:00+08:00,2025-07-27T15:46:03+08:00,1.2339,103.9808,C,Cloud to Cloud,2025-07-27T15:42:28.413+08:00
2025-07-28 11:29:41,2025-07-27T15:44:00+08:00,2025-07-27T15:46:03+08:00,1.2456,103.9887,C,Cloud to Cloud,2025-07-27T15:42:28.413+08:00
2025-07-28 11:29:41,2025-07-27T15:44:00+08:00,2025-07-27T15:46:03+08:00,1.244,103.9748,C,Cloud to Cloud,2025-07-27T15:42:28.413+08:00
2025-07-28 11:29:41,2025-07-27T15:44:00+08:00,2025-07-27T15:46:03+08:00,1.2417,103.9788,C,Cloud to Cloud,2025-07-27T15:42:28.413+08:00
2025-07-28 11:29:41,2025-07-27T15:44:00+08:00,2025-07-27T15:46:03+08:00,1.2431,103.9838,C,Cloud to Cloud,2025-07-27T15:42:28.414+08:00
2025-07-28 11:29:41,2025-07-27T15:44:00+08:00,2025-07-27T15:46:03+08:00,1.2435,103.9792,C,Cloud to Cloud,2025-07-27T15:42:28.414+08:00
2025-07-28 11:29:41,2025-07-27T15:44:00+08:00,2025-07-27T15:46:03+08:00,1.2432,103.9848,C,Cloud to Cloud,2025-07-27T15:42:28.414+08:00
2025-07-28 11:29:41,2025-07-27T15:44:00+08:00,2025-07-27T15:46:03+08:00,1.2436,103.9854,C,Cloud to Cloud,2025-07-27T15:42:28.418+08:00
2025-07-28 11:29:41,2025-07-27T15:44:00+08:00,2025-07-27T15:46:03+08:00,1.2454,103.9795,C,Cloud to Cloud,2025-07-27T15:42:28.419+08:00
2025-07-28 11:29:41,2025-07-27T15:44:00+08:00,2025-07-27T15:46:03+08:00,1.2449,103.9788,C,Cloud to Cloud,2025-07-27T15:42:28.419+08:00
2025-07-28 11:29:41,2025-07-27T15:44:00+08:00,2025-07-27T15:46:03+08:00,1.2364,103.9939,C,Cloud to Cloud,2025-07-27T15:42:28.419+08:00
2025-07-28 11:29:41,2025-07-27T15:44:00+08:00,2025-07-27T15:46:03+08:00,1.2332,103.9941,C,Cloud to Cloud,2025-07-27T15:42:28.419+08:00
2025-07-28 11:29:41,2025-07-27T15:44:00+08:00,2025-07-27T15:46:03+08:00,1.2293,104.0049,C,Cloud to Cloud,2025-07-27T15:42:28.421+08:00
2025-07-28 11:29:41,2025-07-27T15:44:00+08:00,2025-07-27T15:46:03+08:00,1.2412,103.9838,C,Cloud to Cloud,2025-07-27T15:42:28.493+08:00
2025-07-28 11:29:41,2025-07-27T15:44:00+08:00,2025-07-27T15:46:03+08:00,1.2412,103.9838,C,Cloud to Cloud,2025-07-27T15:42:28.493+08:00
2025-07-28 11:29:41,2025-07-27T15:44:00+08:00,2025-07-27T15:46:03+08:00,1.2679,104.0129,C,Cloud to Cloud,2025-07-27T15:42:28.497+08:00
2025-07-28 11:29:41,2025-07-27T15:44:00+08:00,2025-07-27T15:46:03+08:00,1.2514,103.9949,C,Cloud to Cloud,2025-07-27T15:42:28.522+08:00
2025-07-28 11:29:41,2025-07-27T15:44:00+08:00,2025-07-27T15:46:03+08:00,1.2508,103.9936,C,Cloud to Cloud,2025-07-27T15:42:28.522+08:00
2025-07-28 11:29:41,2025-07-27T15:44:00+08:00,2025-07-27T15:46:03+08:00,1.2756,103.9925,C,Cloud to Cloud,2025-07-27T15:42:28.548+08:00
2025-07-28 11:29:41,2025-07-27T15:44:00+08:00,2025-07-27T15:46:03+08:00,1.2758,103.993,C,Cloud to Cloud,2025-07-27T15:42:28.548+08:00
2025-07-28 11:29:41,2025-07-27T15:44:00+08:00,2025-07-27T15:46:03+08:00,1.2833,103.9644,C,Cloud to Cloud,2025-07-27T15:42:38.891+08:00
2025-07-28 11:29:41,2025-07-27T15:44:00+08:00,2025-07-27T15:46:03+08:00,1.2716,103.9506,C,Cloud to Cloud,2025-07-27T15:42:51.615+08:00
2025-07-28 11:29:41,2025-07-27T15:44:00+08:00,2025-07-27T15:46:03+08:00,1.3052,104.0217,C,Cloud to Cloud,2025-07-27T15:42:51.626+08:00
2025-07-28 11:29:41,2025-07-27T15:44:00+08:00,2025-07-27T15:46:03+08:00,1.267,103.9481,C,Cloud to Cloud,2025-07-27T15:42:51.626+08:00
2025-07-28 11:29:41,2025-07-27T15:44:00+08:00,2025-07-27T15:46:03+08:00,1.3567,103.8886,C,Cloud to Cloud,2025-07-27T15:42:51.626+08:00
2025-07-28 11:29:41,2025-07-27T15:44:00+08:00,2025-07-27T15:46:03+08:00,1.2599,103.9442,C,Cloud to Cloud,2025-07-27T15:42:51.627+08:00
2025-07-28 11:29:41,2025-07-27T15:44:00+08:00,2025-07-27T15:46:03+08:00,1.2563,103.9824,C,Cloud to Cloud,2025-07-27T15:42:51.627+08:00
2025-07-28 11:29:41,2025-07-27T15:44:00+08:00,2025-07-27T15:46:03+08:00,1.2564,103.9641,C,Cloud to Cloud,2025-07-27T15:42:51.636+08:00
2025-07-28 11:29:41,2025-07-27T15:44:00+08:00,2025-07-27T15:46:03+08:00,1.2534,103.9517,C,Cloud to Cloud,2025-07-27T15:42:51.655+08:00
2025-07-28 11:29:41,2025-07-27T15:44:00+08:00,2025-07-27T15:46:03+08:00,1.2806,103.9433,C,Cloud to Cloud,2025-07-27T15:42:51.704+08:00
2025-07-28 11:29:41,2025-07-27T15:44:00+08:00,2025-07-27T15:46:03+08:00,1.2968,103.9759,C,Cloud to Cloud,2025-07-27T15:42:51.704+08:00
2025-07-28 11:29:41,2025-07-27T15:44:00+08:00,2025-07-27T15:46:03+08:00,1.2616,103.9441,C,Cloud to Cloud,2025-07-27T15:42:51.712+08:00
2025-07-28 11:29:41,2025-07-27T15:44:00+08:00,2025-07-27T15:46:03+08:00,1.2631,103.9469,C,Cloud to Cloud,2025-07-27T15:42:51.712+08:00
2025-07-28 11:29:41,2025-07-27T15:44:00+08:00,2025-07-27T15:46:03+08:00,1.282,103.9675,C,Cloud to Cloud,2025-07-27T15:42:51.729+08:00
2025-07-28 11:29:41,2025-07-27T15:44:00+08:00,2025-07-27T15:46:03+08:00,1.2826,103.9537,C,Cloud to Cloud,2025-07-27T15:42:51.729+08:00
2025-07-28 11:29:41,2025-07-27T15:44:00+08:00,2025-07-27T15:46:03+08:00,1.2827,103.9539,C,Cloud to Cloud,2025-07-27T15:42:51.729+08:00
2025-07-28 11:29:41,2025-07-27T15:44:00+08:00,2025-07-27T15:46:03+08:00,1.3115,103.9782,C,Cloud to Cloud,2025-07-27T15:42:51.795+08:00
2025-07-28 11:29:41,2025-07-27T15:44:00+08:00,2025-07-27T15:46:03+08:00,1.3099,103.9756,C,Cloud to Cloud,2025-07-27T15:42:51.795+08:00
2025-07-28 11:29:41,2025-07-27T15:44:00+08:00,2025-07-27T15:46:03+08:00,1.2979,103.9588,C,Cloud to Cloud,2025-07-27T15:42:51.796+08:00
2025-07-28 11:29:41,2025-07-27T15:44:00+08:00,2025-07-27T15:46:03+08:00,1.2939,103.9518,C,Cloud to Cloud,2025-07-27T15:42:51.796+08:00
2025-07-28 11:29:41,2025-07-27T15:44:00+08:00,2025-07-27T15:46:03+08:00,1.2621,103.9981,C,Cloud to Cloud,2025-07-27T15:42:53.647+08:00
2025-07-28 11:29:41,2025-07-27T15:44:00+08:00,2025-07-27T15:46:03+08:00,1.2669,104.014,C,Cloud to Cloud,2025-07-27T15:42:57.198+08:00
2025-07-28 11:29:41,2025-07-27T15:44:00+08:00,2025-07-27T15:46:03+08:00,1.2964,104.014,C,Cloud to Cloud,2025-07-27T15:42:57.198+08:00
2025-07-28 11:29:41,2025-07-27T15:44:00+08:00,2025-07-27T15:46:03+08:00,1.3057,104.0048,C,Cloud to Cloud,2025-07-27T15:42:57.199+08:00
2025-07-28 11:29:41,2025-07-27T15:44:00+08:00,2025-07-27T15:46:03+08:00,1.3053,104.0083,C,Cloud to Cloud,2025-07-27T15:42:57.199+08:00
2025-07-28 11:29:41,2025-07-27T15:44:00+08:00,2025-07-27T15:46:03+08:00,1.3064,104.0087,C,Cloud to Cloud,2025-07-27T15:42:57.199+08:00
2025-07-28 11:29:41,2025-07-27T15:44:00+08:00,2025-07-27T15:46:03+08:00,1.2805,104.0387,C,Cloud to Cloud,2025-07-27T15:42:57.249+08:00
2025-07-28 11:29:41,2025-07-27T15:44:00+08:00,2025-07-27T15:46:03+08:00,1.3047,103.9995,C,Cloud to Cloud,2025-07-27T15:42:57.249+08:00
2025-07-28 11:29:41,2025-07-27T15:44:00+08:00,2025-07-27T15:46:03+08:00,1.2739,104.0084,C,Cloud to Cloud,2025-07-27T15:42:57.275+08:00
2025-07-28 11:29:41,2025-07-27T15:44:00+08:00,2025-07-27T15:46:03+08:00,1.2955,103.9887,C,Cloud to Cloud,2025-07-27T15:42:57.389+08:00
2025-07-28 11:29:41,2025-07-27T15:44:00+08:00,2025-07-27T15:46:03+08:00,1.3137,103.9988,C,Cloud to Cloud,2025-07-27T15:42:57.389+08:00
2025-07-28 11:29:41,2025-07-27T15:44:00+08:00,2025-07-27T15:46:03+08:00,1.3018,104.0033,C,Cloud to Cloud,2025-07-27T15:42:57.39+08:00
2025-07-28 11:29:41,2025-07-27T15:44:00+08:00,2025-07-27T15:46:03+08:00,1.3051,104.009,C,Cloud to Cloud,2025-07-27T15:42:57.39+08:00
2025-07-28 11:29:41,2025-07-27T15:44:00+08:00,2025-07-27T15:46:03+08:00,1.2875,103.995,C,Cloud to Cloud,2025-07-27T15:43:12.279+08:00
2025-07-28 11:29:41,2025-07-27T15:44:00+08:00,2025-07-27T15:46:03+08:00,1.272,104.0345,C,Cloud to Cloud,2025-07-27T15:43:12.279+08:00
2025-07-28 11:29:41,2025-07-27T15:44:00+08:00,2025-07-27T15:46:03+08:00,1.299,103.9653,C,Cloud to Cloud,2025-07-27T15:43:12.294+08:00
2025-07-28 11:29:41,2025-07-27T15:44:00+08:00,2025-07-27T15:46:03+08:00,1.3137,103.9867,C,Cloud to Cloud,2025-07-27T15:43:12.355+08:00
2025-07-28 11:29:41,2025-07-27T15:44:00+08:00,2025-07-27T15:46:03+08:00,1.3238,103.9257,C,Cloud to Cloud,2025-07-27T15:43:12.39+08:00
2025-07-28 11:29:41,2025-07-27T15:44:00+08:00,2025-07-27T15:46:03+08:00,1.2612,103.9932,C,Cloud to Cloud,2025-07-27T15:43:12.446+08:00
2025-07-28 11:29:41,2025-07-27T15:44:00+08:00,2025-07-27T15:46:03+08:00,1.2991,103.9704,C,Cloud to Cloud,2025-07-27T15:43:12.459+08:00
2025-07-28 11:29:41,2025-07-27T15:44:00+08:00,2025-07-27T15:46:03+08:00,1.2611,103.992,C,Cloud to Cloud,2025-07-27T15:43:12.464+08:00
2025-07-28 11:29:41,2025-07-27T15:44:00+08:00,2025-07-27T15:46:03+08:00,1.2688,103.9604,C,Cloud to Cloud,2025-07-27T15:43:12.484+08:00
2025-07-28 11:29:41,2025-07-27T15:44:00+08:00,2025-07-27T15:46:03+08:00,1.2919,103.9653,C,Cloud to Cloud,2025-07-27T15:43:12.485+08:00
2025-07-28 11:29:41,2025-07-27T15:44:00+08:00,2025-07-27T15:46:03+08:00,1.2835,103.9412,C,Cloud to Cloud,2025-07-27T15:43:12.485+08:00
2025-07-28 11:29:41,2025-07-27T15:44:00+08:00,2025-07-27T15:46:03+08:00,1.2834,103.9411,C,Cloud to Cloud,2025-07-27T15:43:12.485+08:00
2025-07-28 11:29:41,2025-07-27T15:44:00+08:00,2025-07-27T15:46:03+08:00,1.3015,103.9507,C,Cloud to Cloud,2025-07-27T15:43:12.511+08:00
2025-07-28 11:29:41,2025-07-27T15:44:00+08:00,2025-07-27T15:46:03+08:00,1.288,103.9874,C,Cloud to Cloud,2025-07-27T15:43:12.523+08:00
2025-07-28 11:29:41,2025-07-27T15:44:00+08:00,2025-07-27T15:46:03+08:00,1.2999,103.9677,C,Cloud to Cloud,2025-07-27T15:43:12.523+08:00
2025-07-28 11:29:41,2025-07-27T15:44:00+08:00,2025-07-27T15:46:03+08:00,1.3008,103.9738,C,Cloud to Cloud,2025-07-27T15:43:12.523+08:00
2025-07-28 11:29:41,2025-07-27T15:44:00+08:00,2025-07-27T15:46:03+08:00,1.2905,103.9718,C,Cloud to Cloud,2025-07-27T15:43:12.523+08:00
2025-07-28 11:29:41,2025-07-27T15:44:00+08:00,2025-07-27T15:46:03+08:00,1.29,103.9532,C,Cloud to Cloud,2025-07-27T15:43:12.548+08:00
2025-07-28 11:29:41,2025-07-27T15:44:00+08:00,2025-07-27T15:46:03+08:00,1.2948,103.9494,C,Cloud to Cloud,2025-07-27T15:43:12.555+08:00
2025-07-28 11:29:41,2025-07-27T15:44:00+08:00,2025-07-27T15:46:03+08:00,1.2512,104.005,C,Cloud to Cloud,2025-07-27T15:43:27.234+08:00
2025-07-28 11:29:41,2025-07-27T15:44:00+08:00,2025-07-27T15:46:03+08:00,1.2706,103.9382,C,Cloud to Cloud,2025-07-27T15:43:27.276+08:00
2025-07-28 11:29:41,2025-07-27T15:44:00+08:00,2025-07-27T15:46:03+08:00,1.3008,103.9771,C,Cloud to Cloud,2025-07-27T15:43:32.867+08:00
2025-07-28 11:29:41,2025-07-27T15:44:00+08:00,2025-07-27T15:46:03+08:00,1.3047,103.9836,C,Cloud to Cloud,2025-07-27T15:43:32.924+08:00
2025-07-28 11:29:41,2025-07-27T15:44:00+08:00,2025-07-27T15:46:03+08:00,1.299,103.9725,C,Cloud to Cloud,2025-07-27T15:43:32.924+08:00
2025-07-28 11:29:41,2025-07-27T15:44:00+08:00,2025-07-27T15:46:03+08:00,1.2673,104.0215,C,Cloud to Cloud,2025-07-27T15:43:33.016+08:00
2025-07-28 11:29:41,2025-07-27T15:44:00+08:00,2025-07-27T15:46:03+08:00,1.2785,103.9433,C,Cloud to Cloud,2025-07-27T15:43:33.016+08:00
2025-07-28 11:29:41,2025-07-27T15:44:00+08:00,2025-07-27T15:46:03+08:00,1.2891,103.9547,C,Cloud to Cloud,2025-07-27T15:43:49.373+08:00
2025-07-28 11:29:41,2025-07-27T15:44:00+08:00,2025-07-27T15:46:03+08:00,1.2912,103.9555,C,Cloud to Cloud,2025-07-27T15:43:49.374+08:00
2025-07-28 11:29:41,2025-07-27T15:44:00+08:00,2025-07-27T15:46:03+08:00,1.273,103.9558,C,Cloud to Cloud,2025-07-27T15:43:49.403+08:00
2025-07-28 11:29:41,2025-07-27T15:44:00+08:00,2025-07-27T15:46:03+08:00,1.2785,104.0015,C,Cloud to Cloud,2025-07-27T15:43:49.403+08:00
2025-07-28 11:29:41,2025-07-27T15:44:00+08:00,2025-07-27T15:46:03+08:00,1.3105,103.9587,C,Cloud to Cloud,2025-07-27T15:43:49.407+08:00
2025-07-28 11:29:41,2025-07-27T15:44:00+08:00,2025-07-27T15:46:03+08:00,1.2802,103.9073,C,Cloud to Cloud,2025-07-27T15:43:49.426+08:00
2025-07-28 11:29:41,2025-07-27T15:44:00+08:00,2025-07-27T15:46:03+08:00,1.2802,103.9073,C,Cloud to Cloud,2025-07-27T15:43:49.426+08:00
2025-07-28 11:29:41,2025-07-27T15:44:00+08:00,2025-07-27T15:46:03+08:00,1.2784,103.9915,C,Cloud to Cloud,2025-07-27T15:43:49.479+08:00
2025-07-28 11:29:41,2025-07-27T15:44:00+08:00,2025-07-27T15:46:03+08:00,1.2601,104.0004,C,Cloud to Cloud,2025-07-27T15:43:49.51+08:00
2025-07-28 11:29:41,2025-07-27T15:44:00+08:00,2025-07-27T15:46:03+08:00,1.275,103.9927,C,Cloud to Cloud,2025-07-27T15:43:49.514+08:00
2025-07-28 11:29:41,2025-07-27T15:44:00+08:00,2025-07-27T15:46:03+08:00,1.2749,103.9997,C,Cloud to Cloud,2025-07-27T15:43:49.514+08:00
2025-07-28 11:29:41,2025-07-27T15:44:00+08:00,2025-07-27T15:46:03+08:00,1.2818,103.9453,C,Cloud to Cloud,2025-07-27T15:43:49.515+08:00
2025-07-28 11:29:41,2025-07-27T15:44:00+08:00,2025-07-27T15:46:03+08:00,1.275,103.9713,C,Cloud to Cloud,2025-07-27T15:43:49.516+08:00
2025-07-28 11:29:41,2025-07-27T15:44:00+08:00,2025-07-27T15:46:03+08:00,1.2734,103.949,C,Cloud to Cloud,2025-07-27T15:43:49.516+08:00
2025-07-28 11:29:41,2025-07-27T15:44:00+08:00,2025-07-27T15:46:03+08:00,1.2955,103.912,C,Cloud to Cloud,2025-07-27T15:43:49.516+08:00
2025-07-28 11:29:41,2025-07-27T15:44:00+08:00,2025-07-27T15:46:03+08:00,1.2935,103.9077,C,Cloud to Cloud,2025-07-27T15:43:49.516+08:00
2025-07-28 11:29:41,2025-07-27T15:44:00+08:00,2025-07-27T15:46:03+08:00,1.2741,103.9981,C,Cloud to Cloud,2025-07-27T15:43:49.533+08:00
2025-07-28 11:29:41,2025-07-27T15:42:00+08:00,2025-07-27T15:44:03+08:00,1.3002,103.9542,C,Cloud to Cloud,2025-07-27T15:40:02.524+08:00
2025-07-28 11:29:41,2025-07-27T15:42:00+08:00,2025-07-27T15:44:03+08:00,1.3012,103.9552,C,Cloud to Cloud,2025-07-27T15:40:02.524+08:00
2025-07-28 11:29:41,2025-07-27T15:42:00+08:00,2025-07-27T15:44:03+08:00,1.2866,103.9763,C,Cloud to Cloud,2025-07-27T15:40:02.674+08:00
2025-07-28 11:29:41,2025-07-27T15:42:00+08:00,2025-07-27T15:44:03+08:00,1.2962,103.9489,C,Cloud to Cloud,2025-07-27T15:40:02.682+08:00
2025-07-28 11:29:41,2025-07-27T15:42:00+08:00,2025-07-27T15:44:03+08:00,1.306,103.9591,C,Cloud to Cloud,2025-07-27T15:40:02.682+08:00
2025-07-28 11:29:41,2025-07-27T15:42:00+08:00,2025-07-27T15:44:03+08:00,1.3037,103.9237,C,Cloud to Cloud,2025-07-27T15:40:02.682+08:00
2025-07-28 11:29:41,2025-07-27T15:42:00+08:00,2025-07-27T15:44:03+08:00,1.3057,103.9609,C,Cloud to Cloud,2025-07-27T15:40:02.682+08:00
2025-07-28 11:29:41,2025-07-27T15:42:00+08:00,2025-07-27T15:44:03+08:00,1.2726,103.9841,C,Cloud to Cloud,2025-07-27T15:40:06.334+08:00
2025-07-28 11:29:41,2025-07-27T15:42:00+08:00,2025-07-27T15:44:03+08:00,1.2564,104.0038,C,Cloud to Cloud,2025-07-27T15:40:06.391+08:00
2025-07-28 11:29:41,2025-07-27T15:42:00+08:00,2025-07-27T15:44:03+08:00,1.272,103.9399,C,Cloud to Cloud,2025-07-27T15:40:06.434+08:00
2025-07-28 11:29:41,2025-07-27T15:42:00+08:00,2025-07-27T15:44:03+08:00,1.2912,103.9849,C,Cloud to Cloud,2025-07-27T15:40:06.434+08:00
2025-07-28 11:29:41,2025-07-27T15:42:00+08:00,2025-07-27T15:44:03+08:00,1.3207,103.9583,C,Cloud to Cloud,2025-07-27T15:40:06.434+08:00
2025-07-28 11:29:41,2025-07-27T15:42:00+08:00,2025-07-27T15:44:03+08:00,1.2608,103.9784,C,Cloud to Cloud,2025-07-27T15:40:06.439+08:00
2025-07-28 11:29:41,2025-07-27T15:42:00+08:00,2025-07-27T15:44:03+08:00,1.2854,103.9978,C,Cloud to Cloud,2025-07-27T15:40:06.514+08:00
2025-07-28 11:29:41,2025-07-27T15:42:00+08:00,2025-07-27T15:44:03+08:00,1.2877,103.9976,C,Cloud to Cloud,2025-07-27T15:40:06.514+08:00
2025-07-28 11:29:41,2025-07-27T15:42:00+08:00,2025-07-27T15:44:03+08:00,1.2657,103.9982,C,Cloud to Cloud,2025-07-27T15:40:06.536+08:00
2025-07-28 11:29:41,2025-07-27T15:42:00+08:00,2025-07-27T15:44:03+08:00,1.2668,103.998,C,Cloud to Cloud,2025-07-27T15:40:06.536+08:00
2025-07-28 11:29:41,2025-07-27T15:42:00+08:00,2025-07-27T15:44:03+08:00,1.2616,104.0075,C,Cloud to Cloud,2025-07-27T15:40:06.557+08:00
2025-07-28 11:29:41,2025-07-27T15:42:00+08:00,2025-07-27T15:44:03+08:00,1.2481,104.0106,C,Cloud to Cloud,2025-07-27T15:40:06.557+08:00
2025-07-28 11:29:41,2025-07-27T15:42:00+08:00,2025-07-27T15:44:03+08:00,1.2795,103.9705,C,Cloud to Cloud,2025-07-27T15:40:06.593+08:00
2025-07-28 11:29:41,2025-07-27T15:42:00+08:00,2025-07-27T15:44:03+08:00,1.2585,104.0051,C,Cloud to Cloud,2025-07-27T15:40:06.593+08:00
2025-07-28 11:29:41,2025-07-27T15:42:00+08:00,2025-07-27T15:44:03+08:00,1.2955,103.9972,C,Cloud to Cloud,2025-07-27T15:40:06.594+08:00
2025-07-28 11:29:41,2025-07-27T15:42:00+08:00,2025-07-27T15:44:03+08:00,1.2974,103.9813,C,Cloud to Cloud,2025-07-27T15:40:06.594+08:00
2025-07-28 11:29:41,2025-07-27T15:42:00+08:00,2025-07-27T15:44:03+08:00,1.2977,103.983,C,Cloud to Cloud,2025-07-27T15:40:06.594+08:00
2025-07-28 11:29:41,2025-07-27T15:42:00+08:00,2025-07-27T15:44:03+08:00,1.2942,103.9642,C,Cloud to Cloud,2025-07-27T15:40:06.594+08:00
2025-07-28 11:29:41,2025-07-27T15:42:00+08:00,2025-07-27T15:44:03+08:00,1.2789,103.9934,C,Cloud to Cloud,2025-07-27T15:40:06.605+08:00
2025-07-28 11:29:41,2025-07-27T15:42:00+08:00,2025-07-27T15:44:03+08:00,1.2607,103.9898,C,Cloud to Cloud,2025-07-27T15:40:06.613+08:00
2025-07-28 11:29:41,2025-07-27T15:42:00+08:00,2025-07-27T15:44:03+08:00,1.2598,103.998,C,Cloud to Cloud,2025-07-27T15:40:06.614+08:00
2025-07-28 11:29:41,2025-07-27T15:42:00+08:00,2025-07-27T15:44:03+08:00,1.2873,103.989,C,Cloud to Cloud,2025-07-27T15:40:06.614+08:00
2025-07-28 11:29:41,2025-07-27T15:42:00+08:00,2025-07-27T15:44:03+08:00,1.2841,103.9989,C,Cloud to Cloud,2025-07-27T15:40:06.614+08:00
2025-07-28 11:29:41,2025-07-27T15:42:00+08:00,2025-07-27T15:44:03+08:00,1.2647,103.984,C,Cloud to Cloud,2025-07-27T15:40:06.647+08:00
2025-07-28 11:29:41,2025-07-27T15:42:00+08:00,2025-07-27T15:44:03+08:00,1.2647,103.984,C,Cloud to Cloud,2025-07-27T15:40:06.647+08:00
2025-07-28 11:29:41,2025-07-27T15:42:00+08:00,2025-07-27T15:44:03+08:00,1.224,103.9951,C,Cloud to Cloud,2025-07-27T15:40:06.697+08:00
2025-07-28 11:29:41,2025-07-27T15:42:00+08:00,2025-07-27T15:44:03+08:00,1.2514,103.9927,C,Cloud to Cloud,2025-07-27T15:40:06.697+08:00
2025-07-28 11:29:41,2025-07-27T15:42:00+08:00,2025-07-27T15:44:03+08:00,1.2502,103.9859,C,Cloud to Cloud,2025-07-27T15:40:06.699+08:00
2025-07-28 11:29:41,2025-07-27T15:42:00+08:00,2025-07-27T15:44:03+08:00,1.2502,103.9859,C,Cloud to Cloud,2025-07-27T15:40:06.699+08:00
2025-07-28 11:29:41,2025-07-27T15:42:00+08:00,2025-07-27T15:44:03+08:00,1.2369,103.9728,C,Cloud to Cloud,2025-07-27T15:40:06.7+08:00
2025-07-28 11:29:41,2025-07-27T15:42:00+08:00,2025-07-27T15:44:03+08:00,1.2443,103.9713,C,Cloud to Cloud,2025-07-27T15:40:06.702+08:00
2025-07-28 11:29:41,2025-07-27T15:42:00+08:00,2025-07-27T15:44:03+08:00,1.2449,103.9719,C,Cloud to Cloud,2025-07-27T15:40:06.702+08:00
2025-07-28 11:29:41,2025-07-27T15:42:00+08:00,2025-07-27T15:44:03+08:00,1.2226,103.9985,C,Cloud to Cloud,2025-07-27T15:40:06.709+08:00
2025-07-28 11:29:41,2025-07-27T15:42:00+08:00,2025-07-27T15:44:03+08:00,1.2394,103.9912,C,Cloud to Cloud,2025-07-27T15:40:06.71+08:00
2025-07-28 11:29:41,2025-07-27T15:42:00+08:00,2025-07-27T15:44:03+08:00,1.2385,103.9906,C,Cloud to Cloud,2025-07-27T15:40:06.711+08:00
2025-07-28 11:29:41,2025-07-27T15:42:00+08:00,2025-07-27T15:44:03+08:00,1.2243,103.9904,C,Cloud to Cloud,2025-07-27T15:40:06.715+08:00
2025-07-28 11:29:41,2025-07-27T15:42:00+08:00,2025-07-27T15:44:03+08:00,1.2418,103.9801,C,Cloud to Cloud,2025-07-27T15:40:06.81+08:00
2025-07-28 11:29:41,2025-07-27T15:42:00+08:00,2025-07-27T15:44:03+08:00,1.2429,103.9812,C,Cloud to Cloud,2025-07-27T15:40:06.81+08:00
2025-07-28 11:29:41,2025-07-27T15:42:00+08:00,2025-07-27T15:44:03+08:00,1.3264,104.0355,C,Cloud to Cloud,2025-07-27T15:40:15.593+08:00
2025-07-28 11:29:41,2025-07-27T15:42:00+08:00,2025-07-27T15:44:03+08:00,1.297,103.9538,C,Cloud to Cloud,2025-07-27T15:40:15.655+08:00
2025-07-28 11:29:41,2025-07-27T15:42:00+08:00,2025-07-27T15:44:03+08:00,1.3062,103.9752,C,Cloud to Cloud,2025-07-27T15:40:15.655+08:00
2025-07-28 11:29:41,2025-07-27T15:42:00+08:00,2025-07-27T15:44:03+08:00,1.29,103.9883,C,Cloud to Cloud,2025-07-27T15:40:15.656+08:00
2025-07-28 11:29:41,2025-07-27T15:42:00+08:00,2025-07-27T15:44:03+08:00,1.2583,103.9714,C,Cloud to Cloud,2025-07-27T15:40:19.702+08:00
2025-07-28 11:29:41,2025-07-27T15:42:00+08:00,2025-07-27T15:44:03+08:00,1.2631,103.9915,C,Cloud to Cloud,2025-07-27T15:40:19.703+08:00
2025-07-28 11:29:41,2025-07-27T15:42:00+08:00,2025-07-27T15:44:03+08:00,1.2515,104.0001,C,Cloud to Cloud,2025-07-27T15:40:19.788+08:00
2025-07-28 11:29:41,2025-07-27T15:42:00+08:00,2025-07-27T15:44:03+08:00,1.2914,103.956,C,Cloud to Cloud,2025-07-27T15:40:22.408+08:00
2025-07-28 11:29:41,2025-07-27T15:42:00+08:00,2025-07-27T15:44:03+08:00,1.2888,103.9551,C,Cloud to Cloud,2025-07-27T15:40:22.408+08:00
2025-07-28 11:29:41,2025-07-27T15:42:00+08:00,2025-07-27T15:44:03+08:00,1.2976,103.9681,C,Cloud to Cloud,2025-07-27T15:40:22.435+08:00
2025-07-28 11:29:41,2025-07-27T15:42:00+08:00,2025-07-27T15:44:03+08:00,1.2987,103.9749,C,Cloud to Cloud,2025-07-27T15:40:22.435+08:00
2025-07-28 11:29:41,2025-07-27T15:42:00+08:00,2025-07-27T15:44:03+08:00,1.3001,103.9643,C,Cloud to Cloud,2025-07-27T15:40:22.435+08:00
2025-07-28 11:29:41,2025-07-27T15:42:00+08:00,2025-07-27T15:44:03+08:00,1.2922,103.946,C,Cloud to Cloud,2025-07-27T15:40:22.447+08:00
2025-07-28 11:29:41,2025-07-27T15:42:00+08:00,2025-07-27T15:44:03+08:00,1.2969,103.9714,C,Cloud to Cloud,2025-07-27T15:40:22.447+08:00
2025-07-28 11:29:41,2025-07-27T15:42:00+08:00,2025-07-27T15:44:03+08:00,1.2448,103.9646,C,Cloud to Cloud,2025-07-27T15:40:26.666+08:00
2025-07-28 11:29:41,2025-07-27T15:42:00+08:00,2025-07-27T15:44:03+08:00,1.2746,104.0226,C,Cloud to Cloud,2025-07-27T15:40:26.688+08:00
2025-07-28 11:29:41,2025-07-27T15:42:00+08:00,2025-07-27T15:44:03+08:00,1.3064,103.9954,C,Cloud to Cloud,2025-07-27T15:40:26.689+08:00
2025-07-28 11:29:41,2025-07-27T15:42:00+08:00,2025-07-27T15:44:03+08:00,1.3068,103.997,C,Cloud to Cloud,2025-07-27T15:40:26.689+08:00
2025-07-28 11:29:41,2025-07-27T15:42:00+08:00,2025-07-27T15:44:03+08:00,1.3104,103.9525,C,Cloud to Cloud,2025-07-27T15:40:27.006+08:00
2025-07-28 11:29:41,2025-07-27T15:42:00+08:00,2025-07-27T15:44:03+08:00,1.1926,103.8937,C,Cloud to Cloud,2025-07-27T15:40:28.261+08:00
2025-07-28 11:29:41,2025-07-27T15:42:00+08:00,2025-07-27T15:44:03+08:00,1.1971,103.8885,C,Cloud to Cloud,2025-07-27T15:40:28.261+08:00
2025-07-28 11:29:41,2025-07-27T15:42:00+08:00,2025-07-27T15:44:03+08:00,1.1861,103.9036,C,Cloud to Cloud,2025-07-27T15:40:28.261+08:00
2025-07-28 11:29:41,2025-07-27T15:42:00+08:00,2025-07-27T15:44:03+08:00,1.1965,103.8964,C,Cloud to Cloud,2025-07-27T15:40:28.306+08:00
2025-07-28 11:29:41,2025-07-27T15:42:00+08:00,2025-07-27T15:44:03+08:00,1.1856,103.8939,C,Cloud to Cloud,2025-07-27T15:40:28.465+08:00
2025-07-28 11:29:41,2025-07-27T15:42:00+08:00,2025-07-27T15:44:03+08:00,1.195,103.891,C,Cloud to Cloud,2025-07-27T15:40:28.465+08:00
2025-07-28 11:29:41,2025-07-27T15:42:00+08:00,2025-07-27T15:44:03+08:00,1.1912,103.8975,C,Cloud to Cloud,2025-07-27T15:40:28.48+08:00
2025-07-28 11:29:41,2025-07-27T15:42:00+08:00,2025-07-27T15:44:03+08:00,1.2069,103.882,C,Cloud to Cloud,2025-07-27T15:40:28.48+08:00
2025-07-28 11:29:41,2025-07-27T15:42:00+08:00,2025-07-27T15:44:03+08:00,1.3013,103.9888,C,Cloud to Cloud,2025-07-27T15:40:29.843+08:00
2025-07-28 11:29:41,2025-07-27T15:42:00+08:00,2025-07-27T15:44:03+08:00,1.2052,103.8833,C,Cloud to Cloud,2025-07-27T15:40:32.725+08:00
2025-07-28 11:29:41,2025-07-27T15:42:00+08:00,2025-07-27T15:44:03+08:00,1.2328,104.0302,C,Cloud to Cloud,2025-07-27T15:40:35.265+08:00
2025-07-28 11:29:41,2025-07-27T15:42:00+08:00,2025-07-27T15:44:03+08:00,1.2918,103.9897,C,Cloud to Cloud,2025-07-27T15:40:38.447+08:00
2025-07-28 11:29:41,2025-07-27T15:42:00+08:00,2025-07-27T15:44:03+08:00,1.2937,103.9943,C,Cloud to Cloud,2025-07-27T15:40:38.448+08:00
2025-07-28 11:29:41,2025-07-27T15:42:00+08:00,2025-07-27T15:44:03+08:00,1.2928,104.0554,C,Cloud to Cloud,2025-07-27T15:40:38.449+08:00
2025-07-28 11:29:41,2025-07-27T15:42:00+08:00,2025-07-27T15:44:03+08:00,1.3027,103.9792,C,Cloud to Cloud,2025-07-27T15:40:38.621+08:00
2025-07-28 11:29:41,2025-07-27T15:42:00+08:00,2025-07-27T15:44:03+08:00,1.301,103.9985,C,Cloud to Cloud,2025-07-27T15:40:38.622+08:00
2025-07-28 11:29:41,2025-07-27T15:42:00+08:00,2025-07-27T15:44:03+08:00,1.302,103.9982,C,Cloud to Cloud,2025-07-27T15:40:38.622+08:00
2025-07-28 11:29:41,2025-07-27T15:42:00+08:00,2025-07-27T15:44:03+08:00,1.3011,103.9988,C,Cloud to Cloud,2025-07-27T15:40:38.622+08:00
2025-07-28 11:29:41,2025-07-27T15:42:00+08:00,2025-07-27T15:44:03+08:00,1.2944,103.998,C,Cloud to Cloud,2025-07-27T15:40:38.622+08:00
2025-07-28 11:29:41,2025-07-27T15:42:00+08:00,2025-07-27T15:44:03+08:00,1.2948,103.9991,C,Cloud to Cloud,2025-07-27T15:40:38.622+08:00
2025-07-28 11:29:41,2025-07-27T15:42:00+08:00,2025-07-27T15:44:03+08:00,1.294,103.9974,C,Cloud to Cloud,2025-07-27T15:40:38.622+08:00
2025-07-28 11:29:41,2025-07-27T15:42:00+08:00,2025-07-27T15:44:03+08:00,1.2948,104.0006,C,Cloud to Cloud,2025-07-27T15:40:38.622+08:00
2025-07-28 11:29:41,2025-07-27T15:42:00+08:00,2025-07-27T15:44:03+08:00,1.2951,104.0022,C,Cloud to Cloud,2025-07-27T15:40:38.623+08:00
2025-07-28 11:29:41,2025-07-27T15:42:00+08:00,2025-07-27T15:44:03+08:00,1.296,103.9815,C,Cloud to Cloud,2025-07-27T15:40:38.646+08:00
2025-07-28 11:29:41,2025-07-27T15:42:00+08:00,2025-07-27T15:44:03+08:00,1.302,103.9942,C,Cloud to Cloud,2025-07-27T15:40:38.646+08:00
2025-07-28 11:29:41,2025-07-27T15:42:00+08:00,2025-07-27T15:44:03+08:00,1.3047,103.9981,C,Cloud to Cloud,2025-07-27T15:40:38.646+08:00
2025-07-28 11:29:41,2025-07-27T15:42:00+08:00,2025-07-27T15:44:03+08:00,1.3184,103.9869,C,Cloud to Cloud,2025-07-27T15:40:41.711+08:00
2025-07-28 11:29:41,2025-07-27T15:42:00+08:00,2025-07-27T15:44:03+08:00,1.3224,103.9922,C,Cloud to Cloud,2025-07-27T15:40:41.711+08:00
2025-07-28 11:29:41,2025-07-27T15:42:00+08:00,2025-07-27T15:44:03+08:00,1.3497,104.086,C,Cloud to Cloud,2025-07-27T15:40:41.728+08:00
2025-07-28 11:29:41,2025-07-27T15:42:00+08:00,2025-07-27T15:44:03+08:00,1.3379,103.9648,C,Cloud to Cloud,2025-07-27T15:40:46.649+08:00
2025-07-28 11:29:41,2025-07-27T15:42:00+08:00,2025-07-27T15:44:03+08:00,1.2648,103.9675,C,Cloud to Cloud,2025-07-27T15:40:46.787+08:00
2025-07-28 11:29:41,2025-07-27T15:42:00+08:00,2025-07-27T15:44:03+08:00,1.3133,103.975,C,Cloud to Cloud,2025-07-27T15:40:51.665+08:00
2025-07-28 11:29:41,2025-07-27T15:42:00+08:00,2025-07-27T15:44:03+08:00,1.29,103.9786,C,Cloud to Cloud,2025-07-27T15:40:53.376+08:00
2025-07-28 11:29:41,2025-07-27T15:42:00+08:00,2025-07-27T15:44:03+08:00,1.292,103.9792,C,Cloud to Cloud,2025-07-27T15:40:53.376+08:00
2025-07-28 11:29:41,2025-07-27T15:42:00+08:00,2025-07-27T15:44:03+08:00,1.2884,103.9701,C,Cloud to Cloud,2025-07-27T15:40:53.419+08:00
2025-07-28 11:29:41,2025-07-27T15:42:00+08:00,2025-07-27T15:44:03+08:00,1.2952,103.9863,C,Cloud to Cloud,2025-07-27T15:40:53.419+08:00
2025-07-28 11:29:41,2025-07-27T15:42:00+08:00,2025-07-27T15:44:03+08:00,1.2992,103.9769,C,Cloud to Cloud,2025-07-27T15:40:53.419+08:00
2025-07-28 11:29:41,2025-07-27T15:42:00+08:00,2025-07-27T15:44:03+08:00,1.3049,103.9664,C,Cloud to Cloud,2025-07-27T15:40:53.421+08:00
2025-07-28 11:29:41,2025-07-27T15:42:00+08:00,2025-07-27T15:44:03+08:00,1.2548,103.9673,C,Cloud to Cloud,2025-07-27T15:40:53.524+08:00
2025-07-28 11:29:41,2025-07-27T15:42:00+08:00,2025-07-27T15:44:03+08:00,1.2868,103.9713,C,Cloud to Cloud,2025-07-27T15:40:53.524+08:00
2025-07-28 11:29:41,2025-07-27T15:42:00+08:00,2025-07-27T15:44:03+08:00,1.2648,103.9555,C,Cloud to Cloud,2025-07-27T15:40:53.529+08:00
2025-07-28 11:29:41,2025-07-27T15:42:00+08:00,2025-07-27T15:44:03+08:00,1.2609,103.9658,C,Cloud to Cloud,2025-07-27T15:40:53.53+08:00
2025-07-28 11:29:41,2025-07-27T15:42:00+08:00,2025-07-27T15:44:03+08:00,1.243,104.0088,C,Cloud to Cloud,2025-07-27T15:40:57.041+08:00
2025-07-28 11:29:41,2025-07-27T15:42:00+08:00,2025-07-27T15:44:03+08:00,1.2803,104.0003,C,Cloud to Cloud,2025-07-27T15:40:57.042+08:00
2025-07-28 11:29:41,2025-07-27T15:42:00+08:00,2025-07-27T15:44:03+08:00,1.2686,103.9669,C,Cloud to Cloud,2025-07-27T15:40:57.043+08:00
2025-07-28 11:29:41,2025-07-27T15:42:00+08:00,2025-07-27T15:44:03+08:00,1.2157,104.032,C,Cloud to Cloud,2025-07-27T15:40:57.045+08:00
2025-07-28 11:29:41,2025-07-27T15:42:00+08:00,2025-07-27T15:44:03+08:00,1.2397,104.068,C,Cloud to Cloud,2025-07-27T15:40:57.138+08:00
2025-07-28 11:29:41,2025-07-27T15:42:00+08:00,2025-07-27T15:44:03+08:00,1.2373,103.9615,C,Cloud to Cloud,2025-07-27T15:40:57.161+08:00
2025-07-28 11:29:41,2025-07-27T15:42:00+08:00,2025-07-27T15:44:03+08:00,1.2303,103.9538,C,Cloud to Cloud,2025-07-27T15:40:57.176+08:00
2025-07-28 11:29:41,2025-07-27T15:42:00+08:00,2025-07-27T15:44:03+08:00,1.2453,103.9905,C,Cloud to Cloud,2025-07-27T15:40:57.241+08:00
2025-07-28 11:29:41,2025-07-27T15:42:00+08:00,2025-07-27T15:44:03+08:00,1.2453,103.9904,C,Cloud to Cloud,2025-07-27T15:40:57.242+08:00
2025-07-28 11:29:41,2025-07-27T15:42:00+08:00,2025-07-27T15:44:03+08:00,1.246,103.9854,C,Cloud to Cloud,2025-07-27T15:40:57.242+08:00
2025-07-28 11:29:41,2025-07-27T15:42:00+08:00,2025-07-27T15:44:03+08:00,1.2335,103.9877,C,Cloud to Cloud,2025-07-27T15:40:57.25+08:00
2025-07-28 11:29:41,2025-07-27T15:42:00+08:00,2025-07-27T15:44:03+08:00,1.2533,103.9866,C,Cloud to Cloud,2025-07-27T15:40:57.25+08:00
2025-07-28 11:29:41,2025-07-27T15:42:00+08:00,2025-07-27T15:44:03+08:00,1.2576,103.9901,C,Cloud to Cloud,2025-07-27T15:40:57.25+08:00
2025-07-28 11:29:41,2025-07-27T15:42:00+08:00,2025-07-27T15:44:03+08:00,1.2458,103.9658,C,Cloud to Cloud,2025-07-27T15:40:57.312+08:00
2025-07-28 11:29:41,2025-07-27T15:42:00+08:00,2025-07-27T15:44:03+08:00,1.2431,103.9672,C,Cloud to Cloud,2025-07-27T15:40:57.312+08:00
2025-07-28 11:29:41,2025-07-27T15:42:00+08:00,2025-07-27T15:44:03+08:00,1.2478,103.9663,C,Cloud to Cloud,2025-07-27T15:40:57.313+08:00
2025-07-28 11:29:41,2025-07-27T15:42:00+08:00,2025-07-27T15:44:03+08:00,1.256,103.993,C,Cloud to Cloud,2025-07-27T15:40:57.313+08:00
2025-07-28 11:29:41,2025-07-27T15:42:00+08:00,2025-07-27T15:44:03+08:00,1.231,103.9953,C,Cloud to Cloud,2025-07-27T15:40:57.313+08:00
2025-07-28 11:29:41,2025-07-27T15:42:00+08:00,2025-07-27T15:44:03+08:00,1.2445,103.9933,C,Cloud to Cloud,2025-07-27T15:40:57.313+08:00
2025-07-28 11:29:41,2025-07-27T15:42:00+08:00,2025-07-27T15:44:03+08:00,1.2445,103.9933,C,Cloud to Cloud,2025-07-27T15:40:57.313+08:00
2025-07-28 11:29:41,2025-07-27T15:42:00+08:00,2025-07-27T15:44:03+08:00,1.2266,103.9941,C,Cloud to Cloud,2025-07-27T15:40:57.314+08:00
2025-07-28 11:29:41,2025-07-27T15:42:00+08:00,2025-07-27T15:44:03+08:00,1.2271,103.9934,C,Cloud to Cloud,2025-07-27T15:40:57.314+08:00
2025-07-28 11:29:41,2025-07-27T15:42:00+08:00,2025-07-27T15:44:03+08:00,1.2321,103.9799,C,Cloud to Cloud,2025-07-27T15:40:57.314+08:00
2025-07-28 11:29:41,2025-07-27T15:42:00+08:00,2025-07-27T15:44:03+08:00,1.2454,103.9675,C,Cloud to Cloud,2025-07-27T15:40:57.349+08:00
2025-07-28 11:29:41,2025-07-27T15:42:00+08:00,2025-07-27T15:44:03+08:00,1.2453,103.9672,C,Cloud to Cloud,2025-07-27T15:40:57.349+08:00
2025-07-28 11:29:41,2025-07-27T15:42:00+08:00,2025-07-27T15:44:03+08:00,1.2391,103.9565,C,Cloud to Cloud,2025-07-27T15:40:57.426+08:00
2025-07-28 11:29:41,2025-07-27T15:42:00+08:00,2025-07-27T15:44:03+08:00,1.2392,103.9567,C,Cloud to Cloud,2025-07-27T15:40:57.426+08:00
2025-07-28 11:29:41,2025-07-27T15:42:00+08:00,2025-07-27T15:44:03+08:00,1.2401,103.9544,C,Cloud to Cloud,2025-07-27T15:40:57.426+08:00
2025-07-28 11:29:41,2025-07-27T15:42:00+08:00,2025-07-27T15:44:03+08:00,1.2951,103.9479,C,Cloud to Cloud,2025-07-27T15:41:00.434+08:00
2025-07-28 11:29:41,2025-07-27T15:42:00+08:00,2025-07-27T15:44:03+08:00,1.2985,103.9697,C,Cloud to Cloud,2025-07-27T15:41:00.621+08:00
2025-07-28 11:29:41,2025-07-27T15:42:00+08:00,2025-07-27T15:44:03+08:00,1.2984,103.9685,C,Cloud to Cloud,2025-07-27T15:41:00.621+08:00
2025-07-28 11:29:41,2025-07-27T15:42:00+08:00,2025-07-27T15:44:03+08:00,1.2926,103.944,C,Cloud to Cloud,2025-07-27T15:41:00.632+08:00
2025-07-28 11:29:41,2025-07-27T15:42:00+08:00,2025-07-27T15:44:03+08:00,1.3085,103.9738,C,Cloud to Cloud,2025-07-27T15:41:00.632+08:00
2025-07-28 11:29:41,2025-07-27T15:42:00+08:00,2025-07-27T15:44:03+08:00,1.271,103.9423,C,Cloud to Cloud,2025-07-27T15:41:01.208+08:00
2025-07-28 11:29:41,2025-07-27T15:42:00+08:00,2025-07-27T15:44:03+08:00,1.2495,103.9964,C,Cloud to Cloud,2025-07-27T15:41:01.208+08:00
2025-07-28 11:29:41,2025-07-27T15:42:00+08:00,2025-07-27T15:44:03+08:00,1.2905,103.9805,C,Cloud to Cloud,2025-07-27T15:41:01.222+08:00
2025-07-28 11:29:41,2025-07-27T15:42:00+08:00,2025-07-27T15:44:03+08:00,1.2924,103.9797,C,Cloud to Cloud,2025-07-27T15:41:01.222+08:00
2025-07-28 11:29:41,2025-07-27T15:42:00+08:00,2025-07-27T15:44:03+08:00,1.2888,103.9636,C,Cloud to Cloud,2025-07-27T15:41:01.222+08:00
2025-07-28 11:29:41,2025-07-27T15:42:00+08:00,2025-07-27T15:44:03+08:00,1.2876,103.9627,C,Cloud to Cloud,2025-07-27T15:41:01.222+08:00
2025-07-28 11:29:41,2025-07-27T15:42:00+08:00,2025-07-27T15:44:03+08:00,1.2451,104.0113,C,Cloud to Cloud,2025-07-27T15:41:01.224+08:00
2025-07-28 11:29:41,2025-07-27T15:42:00+08:00,2025-07-27T15:44:03+08:00,1.2655,104.0134,C,Cloud to Cloud,2025-07-27T15:41:01.224+08:00
2025-07-28 11:29:41,2025-07-27T15:42:00+08:00,2025-07-27T15:44:03+08:00,1.2867,103.9727,C,Cloud to Cloud,2025-07-27T15:41:01.228+08:00
2025-07-28 11:29:41,2025-07-27T15:42:00+08:00,2025-07-27T15:44:03+08:00,1.3192,103.9891,C,Cloud to Cloud,2025-07-27T15:41:03.784+08:00
2025-07-28 11:29:41,2025-07-27T15:42:00+08:00,2025-07-27T15:44:03+08:00,1.2759,103.9927,C,Cloud to Cloud,2025-07-27T15:41:10.599+08:00
2025-07-28 11:29:41,2025-07-27T15:42:00+08:00,2025-07-27T15:44:03+08:00,1.274,103.9748,C,Cloud to Cloud,2025-07-27T15:41:10.623+08:00
2025-07-28 11:29:41,2025-07-27T15:42:00+08:00,2025-07-27T15:44:03+08:00,1.2828,103.9472,C,Cloud to Cloud,2025-07-27T15:41:12.831+08:00
2025-07-28 11:29:41,2025-07-27T15:42:00+08:00,2025-07-27T15:44:03+08:00,1.2632,103.9554,C,Cloud to Cloud,2025-07-27T15:41:12.844+08:00
2025-07-28 11:29:41,2025-07-27T15:42:00+08:00,2025-07-27T15:44:03+08:00,1.2914,103.9475,C,Cloud to Cloud,2025-07-27T15:41:12.885+08:00
2025-07-28 11:29:41,2025-07-27T15:42:00+08:00,2025-07-27T15:44:03+08:00,1.2774,103.9552,C,Cloud to Cloud,2025-07-27T15:41:12.906+08:00
2025-07-28 11:29:41,2025-07-27T15:42:00+08:00,2025-07-27T15:44:03+08:00,1.2661,103.9598,C,Cloud to Cloud,2025-07-27T15:41:12.953+08:00
2025-07-28 11:29:41,2025-07-27T15:42:00+08:00,2025-07-27T15:44:03+08:00,1.2655,103.9596,C,Cloud to Cloud,2025-07-27T15:41:12.953+08:00
2025-07-28 11:29:41,2025-07-27T15:42:00+08:00,2025-07-27T15:44:03+08:00,1.2784,103.9814,C,Cloud to Cloud,2025-07-27T15:41:20.213+08:00
2025-07-28 11:29:41,2025-07-27T15:42:00+08:00,2025-07-27T15:44:03+08:00,1.3069,103.9671,C,Cloud to Cloud,2025-07-27T15:41:20.224+08:00
2025-07-28 11:29:41,2025-07-27T15:42:00+08:00,2025-07-27T15:44:03+08:00,1.2962,103.973,C,Cloud to Cloud,2025-07-27T15:41:20.274+08:00
2025-07-28 11:29:41,2025-07-27T15:42:00+08:00,2025-07-27T15:44:03+08:00,1.2956,103.9634,C,Cloud to Cloud,2025-07-27T15:41:20.335+08:00
2025-07-28 11:29:41,2025-07-27T15:42:00+08:00,2025-07-27T15:44:03+08:00,1.2978,103.9673,C,Cloud to Cloud,2025-07-27T15:41:20.335+08:00
2025-07-28 11:29:41,2025-07-27T15:42:00+08:00,2025-07-27T15:44:03+08:00,1.2473,104.02,C,Cloud to Cloud,2025-07-27T15:41:20.335+08:00
2025-07-28 11:29:41,2025-07-27T15:42:00+08:00,2025-07-27T15:44:03+08:00,1.1897,103.8888,C,Cloud to Cloud,2025-07-27T15:41:23.981+08:00
2025-07-28 11:29:41,2025-07-27T15:42:00+08:00,2025-07-27T15:44:03+08:00,1.2991,104.0067,C,Cloud to Cloud,2025-07-27T15:41:29.221+08:00
2025-07-28 11:29:41,2025-07-27T15:42:00+08:00,2025-07-27T15:44:03+08:00,1.283,103.9284,C,Cloud to Cloud,2025-07-27T15:41:33.2+08:00
2025-07-28 11:29:41,2025-07-27T15:42:00+08:00,2025-07-27T15:44:03+08:00,1.283,103.9284,C,Cloud to Cloud,2025-07-27T15:41:33.2+08:00
2025-07-28 11:29:41,2025-07-27T15:42:00+08:00,2025-07-27T15:44:03+08:00,1.2799,103.9649,C,Cloud to Cloud,2025-07-27T15:41:33.339+08:00
2025-07-28 11:29:41,2025-07-27T15:42:00+08:00,2025-07-27T15:44:03+08:00,1.2674,103.959,C,Cloud to Cloud,2025-07-27T15:41:33.356+08:00
2025-07-28 11:29:41,2025-07-27T15:42:00+08:00,2025-07-27T15:44:03+08:00,1.2958,103.9811,C,Cloud to Cloud,2025-07-27T15:41:42.228+08:00
2025-07-28 11:29:41,2025-07-27T15:42:00+08:00,2025-07-27T15:44:03+08:00,1.3185,103.9349,C,Cloud to Cloud,2025-07-27T15:41:42.243+08:00
2025-07-28 11:29:41,2025-07-27T15:42:00+08:00,2025-07-27T15:44:03+08:00,1.2847,103.9809,C,Cloud to Cloud,2025-07-27T15:41:42.31+08:00
2025-07-28 11:29:41,2025-07-27T15:42:00+08:00,2025-07-27T15:44:03+08:00,1.2722,103.9897,C,Cloud to Cloud,2025-07-27T15:41:42.353+08:00
2025-07-28 11:29:41,2025-07-27T15:42:00+08:00,2025-07-27T15:44:03+08:00,1.3152,104.0181,C,Cloud to Cloud,2025-07-27T15:41:42.383+08:00
2025-07-28 11:29:41,2025-07-27T15:42:00+08:00,2025-07-27T15:44:03+08:00,1.2442,104.0565,C,Cloud to Cloud,2025-07-27T15:41:50.307+08:00
2025-07-28 11:29:41,2025-07-27T15:42:00+08:00,2025-07-27T15:44:03+08:00,1.2335,103.9982,C,Cloud to Cloud,2025-07-27T15:41:52.059+08:00
2025-07-28 11:29:41,2025-07-27T15:42:00+08:00,2025-07-27T15:44:03+08:00,1.2362,103.9954,C,Cloud to Cloud,2025-07-27T15:41:52.06+08:00
2025-07-28 11:29:41,2025-07-27T15:42:00+08:00,2025-07-27T15:44:03+08:00,1.2274,104.0066,C,Cloud to Cloud,2025-07-27T15:41:52.06+08:00
2025-07-28 11:29:41,2025-07-27T15:42:00+08:00,2025-07-27T15:44:03+08:00,1.2368,103.9973,C,Cloud to Cloud,2025-07-27T15:41:52.06+08:00
2025-07-28 11:29:41,2025-07-27T15:42:00+08:00,2025-07-27T15:44:03+08:00,1.2403,103.9975,C,Cloud to Cloud,2025-07-27T15:41:52.06+08:00
2025-07-28 11:29:41,2025-07-27T15:42:00+08:00,2025-07-27T15:44:03+08:00,1.2412,103.9946,C,Cloud to Cloud,2025-07-27T15:41:52.06+08:00
2025-07-28 11:29:41,2025-07-27T15:42:00+08:00,2025-07-27T15:44:03+08:00,1.2512,103.9804,C,Cloud to Cloud,2025-07-27T15:41:52.061+08:00
2025-07-28 11:29:41,2025-07-27T15:42:00+08:00,2025-07-27T15:44:03+08:00,1.2181,103.9926,C,Cloud to Cloud,2025-07-27T15:41:52.076+08:00
2025-07-28 11:29:41,2025-07-27T15:40:00+08:00,2025-07-27T15:42:03+08:00,1.219,103.9616,C,Cloud to Cloud,2025-07-27T15:38:01.558+08:00
2025-07-28 11:29:41,2025-07-27T15:40:00+08:00,2025-07-27T15:42:03+08:00,1.2866,104.0171,C,Cloud to Cloud,2025-07-27T15:38:01.658+08:00
2025-07-28 11:29:41,2025-07-27T15:40:00+08:00,2025-07-27T15:42:03+08:00,1.1216,103.9562,C,Cloud to Cloud,2025-07-27T15:38:01.696+08:00
2025-07-28 11:29:41,2025-07-27T15:40:00+08:00,2025-07-27T15:42:03+08:00,1.2085,103.9149,C,Cloud to Cloud,2025-07-27T15:38:03.584+08:00
2025-07-28 11:29:41,2025-07-27T15:40:00+08:00,2025-07-27T15:42:03+08:00,1.2175,103.9171,C,Cloud to Cloud,2025-07-27T15:38:03.584+08:00
2025-07-28 11:29:41,2025-07-27T15:40:00+08:00,2025-07-27T15:42:03+08:00,1.2104,103.9226,C,Cloud to Cloud,2025-07-27T15:38:03.616+08:00
2025-07-28 11:29:41,2025-07-27T15:40:00+08:00,2025-07-27T15:42:03+08:00,1.225,103.9278,C,Cloud to Cloud,2025-07-27T15:38:03.616+08:00
2025-07-28 11:29:41,2025-07-27T15:40:00+08:00,2025-07-27T15:42:03+08:00,1.2448,103.9912,C,Cloud to Cloud,2025-07-27T15:38:07.954+08:00
2025-07-28 11:29:41,2025-07-27T15:40:00+08:00,2025-07-27T15:42:03+08:00,1.2942,104.0291,C,Cloud to Cloud,2025-07-27T15:38:07.958+08:00
2025-07-28 11:29:41,2025-07-27T15:40:00+08:00,2025-07-27T15:42:03+08:00,1.3005,103.9687,C,Cloud to Cloud,2025-07-27T15:38:07.975+08:00
2025-07-28 11:29:41,2025-07-27T15:40:00+08:00,2025-07-27T15:42:03+08:00,1.2674,104.0107,C,Cloud to Cloud,2025-07-27T15:38:08.074+08:00
2025-07-28 11:29:41,2025-07-27T15:40:00+08:00,2025-07-27T15:42:03+08:00,1.2733,103.9987,C,Cloud to Cloud,2025-07-27T15:38:08.074+08:00
2025-07-28 11:29:41,2025-07-27T15:40:00+08:00,2025-07-27T15:42:03+08:00,1.292,103.9949,C,Cloud to Cloud,2025-07-27T15:38:08.074+08:00
2025-07-28 11:29:41,2025-07-27T15:40:00+08:00,2025-07-27T15:42:03+08:00,1.2936,103.9937,C,Cloud to Cloud,2025-07-27T15:38:08.074+08:00
2025-07-28 11:29:41,2025-07-27T15:40:00+08:00,2025-07-27T15:42:03+08:00,1.26,103.9702,C,Cloud to Cloud,2025-07-27T15:38:08.153+08:00
2025-07-28 11:29:41,2025-07-27T15:40:00+08:00,2025-07-27T15:42:03+08:00,1.2277,103.9812,C,Cloud to Cloud,2025-07-27T15:38:19.599+08:00
2025-07-28 11:29:41,2025-07-27T15:40:00+08:00,2025-07-27T15:42:03+08:00,1.2123,103.9535,C,Cloud to Cloud,2025-07-27T15:38:19.599+08:00
2025-07-28 11:29:41,2025-07-27T15:40:00+08:00,2025-07-27T15:42:03+08:00,1.2366,103.9816,C,Cloud to Cloud,2025-07-27T15:38:19.599+08:00
2025-07-28 11:29:41,2025-07-27T15:40:00+08:00,2025-07-27T15:42:03+08:00,1.2413,103.9526,C,Cloud to Cloud,2025-07-27T15:38:19.612+08:00
2025-07-28 11:29:41,2025-07-27T15:40:00+08:00,2025-07-27T15:42:03+08:00,1.2385,103.9722,C,Cloud to Cloud,2025-07-27T15:38:19.625+08:00
2025-07-28 11:29:41,2025-07-27T15:40:00+08:00,2025-07-27T15:42:03+08:00,1.2387,103.9705,C,Cloud to Cloud,2025-07-27T15:38:19.625+08:00
2025-07-28 11:29:41,2025-07-27T15:40:00+08:00,2025-07-27T15:42:03+08:00,1.2367,103.9602,C,Cloud to Cloud,2025-07-27T15:38:19.823+08:00
2025-07-28 11:29:41,2025-07-27T15:40:00+08:00,2025-07-27T15:42:03+08:00,1.2437,103.9713,C,Cloud to Cloud,2025-07-27T15:38:19.823+08:00
2025-07-28 11:29:41,2025-07-27T15:40:00+08:00,2025-07-27T15:42:03+08:00,1.244,103.9727,C,Cloud to Cloud,2025-07-27T15:38:19.823+08:00
2025-07-28 11:29:41,2025-07-27T15:40:00+08:00,2025-07-27T15:42:03+08:00,1.2459,103.976,C,Cloud to Cloud,2025-07-27T15:38:19.823+08:00
2025-07-28 11:29:41,2025-07-27T15:40:00+08:00,2025-07-27T15:42:03+08:00,1.2456,103.9739,C,Cloud to Cloud,2025-07-27T15:38:19.83+08:00
2025-07-28 11:29:41,2025-07-27T15:40:00+08:00,2025-07-27T15:42:03+08:00,1.2538,103.988,C,Cloud to Cloud,2025-07-27T15:38:19.83+08:00
2025-07-28 11:29:41,2025-07-27T15:40:00+08:00,2025-07-27T15:42:03+08:00,1.2321,103.9902,C,Cloud to Cloud,2025-07-27T15:38:19.83+08:00
2025-07-28 11:29:41,2025-07-27T15:40:00+08:00,2025-07-27T15:42:03+08:00,1.2849,103.989,C,Cloud to Cloud,2025-07-27T15:38:21.342+08:00
2025-07-28 11:29:41,2025-07-27T15:40:00+08:00,2025-07-27T15:42:03+08:00,1.2949,103.9543,C,Cloud to Cloud,2025-07-27T15:38:21.342+08:00
2025-07-28 11:29:41,2025-07-27T15:40:00+08:00,2025-07-27T15:42:03+08:00,1.2958,103.9622,C,Cloud to Cloud,2025-07-27T15:38:21.439+08:00
2025-07-28 11:29:41,2025-07-27T15:40:00+08:00,2025-07-27T15:42:03+08:00,1.3093,103.9558,C,Cloud to Cloud,2025-07-27T15:38:21.439+08:00
2025-07-28 11:29:41,2025-07-27T15:40:00+08:00,2025-07-27T15:42:03+08:00,1.2885,103.9632,C,Cloud to Cloud,2025-07-27T15:38:21.483+08:00
2025-07-28 11:29:41,2025-07-27T15:40:00+08:00,2025-07-27T15:42:03+08:00,1.2705,103.9855,C,Cloud to Cloud,2025-07-27T15:38:21.546+08:00
2025-07-28 11:29:41,2025-07-27T15:40:00+08:00,2025-07-27T15:42:03+08:00,1.2981,103.9827,C,Cloud to Cloud,2025-07-27T15:38:30.758+08:00
2025-07-28 11:29:41,2025-07-27T15:40:00+08:00,2025-07-27T15:42:03+08:00,1.2979,103.9779,C,Cloud to Cloud,2025-07-27T15:38:30.776+08:00
2025-07-28 11:29:41,2025-07-27T15:40:00+08:00,2025-07-27T15:42:03+08:00,1.2796,103.9814,C,Cloud to Cloud,2025-07-27T15:38:42.764+08:00
2025-07-28 11:29:41,2025-07-27T15:40:00+08:00,2025-07-27T15:42:03+08:00,1.3035,103.9862,C,Cloud to Cloud,2025-07-27T15:38:42.764+08:00
2025-07-28 11:29:41,2025-07-27T15:40:00+08:00,2025-07-27T15:42:03+08:00,1.2981,104.0159,C,Cloud to Cloud,2025-07-27T15:38:42.767+08:00
2025-07-28 11:29:41,2025-07-27T15:40:00+08:00,2025-07-27T15:42:03+08:00,1.3075,103.9665,C,Cloud to Cloud,2025-07-27T15:38:42.778+08:00
2025-07-28 11:29:41,2025-07-27T15:40:00+08:00,2025-07-27T15:42:03+08:00,1.2976,104.0744,C,Cloud to Cloud,2025-07-27T15:38:42.824+08:00
2025-07-28 11:29:41,2025-07-27T15:40:00+08:00,2025-07-27T15:42:03+08:00,1.3038,103.9424,C,Cloud to Cloud,2025-07-27T15:38:42.828+08:00
2025-07-28 11:29:41,2025-07-27T15:40:00+08:00,2025-07-27T15:42:03+08:00,1.2585,104.0075,C,Cloud to Cloud,2025-07-27T15:38:42.971+08:00
2025-07-28 11:29:41,2025-07-27T15:40:00+08:00,2025-07-27T15:42:03+08:00,1.2922,103.9724,C,Cloud to Cloud,2025-07-27T15:38:42.971+08:00
2025-07-28 11:29:41,2025-07-27T15:40:00+08:00,2025-07-27T15:42:03+08:00,1.2304,103.9998,C,Cloud to Cloud,2025-07-27T15:38:46.898+08:00
2025-07-28 11:29:41,2025-07-27T15:40:00+08:00,2025-07-27T15:42:03+08:00,1.2557,104.0134,C,Cloud to Cloud,2025-07-27T15:38:46.898+08:00
2025-07-28 11:29:41,2025-07-27T15:40:00+08:00,2025-07-27T15:42:03+08:00,1.2196,104.0225,C,Cloud to Cloud,2025-07-27T15:38:46.898+08:00
2025-07-28 11:29:41,2025-07-27T15:40:00+08:00,2025-07-27T15:42:03+08:00,1.249,103.9829,C,Cloud to Cloud,2025-07-27T15:38:46.898+08:00
2025-07-28 11:29:41,2025-07-27T15:40:00+08:00,2025-07-27T15:42:03+08:00,1.2336,103.9897,C,Cloud to Cloud,2025-07-27T15:38:46.931+08:00
2025-07-28 11:29:41,2025-07-27T15:40:00+08:00,2025-07-27T15:42:03+08:00,1.2419,103.959,C,Cloud to Cloud,2025-07-27T15:38:46.943+08:00
2025-07-28 11:29:41,2025-07-27T15:40:00+08:00,2025-07-27T15:42:03+08:00,1.2445,103.9595,C,Cloud to Cloud,2025-07-27T15:38:46.943+08:00
2025-07-28 11:29:41,2025-07-27T15:40:00+08:00,2025-07-27T15:42:03+08:00,1.2422,103.9477,C,Cloud to Cloud,2025-07-27T15:38:46.957+08:00
2025-07-28 11:29:41,2025-07-27T15:40:00+08:00,2025-07-27T15:42:03+08:00,1.2462,103.9573,C,Cloud to Cloud,2025-07-27T15:38:47.008+08:00
2025-07-28 11:29:41,2025-07-27T15:40:00+08:00,2025-07-27T15:42:03+08:00,1.2436,103.9568,C,Cloud to Cloud,2025-07-27T15:38:47.009+08:00
2025-07-28 11:29:41,2025-07-27T15:40:00+08:00,2025-07-27T15:42:03+08:00,1.2433,104.0101,C,Cloud to Cloud,2025-07-27T15:38:47.075+08:00
2025-07-28 11:29:41,2025-07-27T15:40:00+08:00,2025-07-27T15:42:03+08:00,1.2598,104.0048,C,Cloud to Cloud,2025-07-27T15:38:47.075+08:00
2025-07-28 11:29:41,2025-07-27T15:40:00+08:00,2025-07-27T15:42:03+08:00,1.2588,104.0079,C,Cloud to Cloud,2025-07-27T15:38:47.075+08:00
2025-07-28 11:29:41,2025-07-27T15:40:00+08:00,2025-07-27T15:42:03+08:00,1.2414,104.0105,C,Cloud to Cloud,2025-07-27T15:38:47.075+08:00
2025-07-28 11:29:41,2025-07-27T15:40:00+08:00,2025-07-27T15:42:03+08:00,1.2363,104.0071,C,Cloud to Cloud,2025-07-27T15:38:47.075+08:00
2025-07-28 11:29:41,2025-07-27T15:40:00+08:00,2025-07-27T15:42:03+08:00,1.2582,104.0031,C,Cloud to Cloud,2025-07-27T15:38:47.075+08:00
2025-07-28 11:29:41,2025-07-27T15:40:00+08:00,2025-07-27T15:42:03+08:00,1.258,104.0039,C,Cloud to Cloud,2025-07-27T15:38:47.091+08:00
2025-07-28 11:29:41,2025-07-27T15:40:00+08:00,2025-07-27T15:42:03+08:00,1.2578,104.0038,C,Cloud to Cloud,2025-07-27T15:38:47.091+08:00
2025-07-28 11:29:41,2025-07-27T15:40:00+08:00,2025-07-27T15:42:03+08:00,1.187,103.9097,C,Cloud to Cloud,2025-07-27T15:38:48.254+08:00
2025-07-28 11:29:41,2025-07-27T15:40:00+08:00,2025-07-27T15:42:03+08:00,1.2086,103.929,C,Cloud to Cloud,2025-07-27T15:38:48.254+08:00
2025-07-28 11:29:41,2025-07-27T15:40:00+08:00,2025-07-27T15:42:03+08:00,1.1976,103.8849,C,Cloud to Cloud,2025-07-27T15:38:48.604+08:00
2025-07-28 11:29:41,2025-07-27T15:40:00+08:00,2025-07-27T15:42:03+08:00,1.1903,103.9335,C,Cloud to Cloud,2025-07-27T15:38:48.695+08:00
2025-07-28 11:29:41,2025-07-27T15:40:00+08:00,2025-07-27T15:42:03+08:00,1.2166,103.8997,C,Cloud to Cloud,2025-07-27T15:38:48.695+08:00
2025-07-28 11:29:41,2025-07-27T15:40:00+08:00,2025-07-27T15:42:03+08:00,1.2121,103.8978,C,Cloud to Cloud,2025-07-27T15:38:48.695+08:00
2025-07-28 11:29:41,2025-07-27T15:40:00+08:00,2025-07-27T15:42:03+08:00,1.2117,103.8903,C,Cloud to Cloud,2025-07-27T15:38:48.695+08:00
2025-07-28 11:29:41,2025-07-27T15:40:00+08:00,2025-07-27T15:42:03+08:00,1.2861,103.9974,C,Cloud to Cloud,2025-07-27T15:38:51.231+08:00
2025-07-28 11:29:41,2025-07-27T15:40:00+08:00,2025-07-27T15:42:03+08:00,1.3156,103.9981,C,Cloud to Cloud,2025-07-27T15:38:51.231+08:00
2025-07-28 11:29:41,2025-07-27T15:40:00+08:00,2025-07-27T15:42:03+08:00,1.3012,103.9681,C,Cloud to Cloud,2025-07-27T15:38:51.411+08:00
2025-07-28 11:29:41,2025-07-27T15:40:00+08:00,2025-07-27T15:42:03+08:00,1.3049,103.9733,C,Cloud to Cloud,2025-07-27T15:38:51.411+08:00
2025-07-28 11:29:41,2025-07-27T15:40:00+08:00,2025-07-27T15:42:03+08:00,1.2813,103.9825,C,Cloud to Cloud,2025-07-27T15:38:51.472+08:00
2025-07-28 11:29:41,2025-07-27T15:40:00+08:00,2025-07-27T15:42:03+08:00,1.3105,103.973,C,Cloud to Cloud,2025-07-27T15:38:51.472+08:00
2025-07-28 11:29:41,2025-07-27T15:40:00+08:00,2025-07-27T15:42:03+08:00,1.3352,103.9989,C,Cloud to Cloud,2025-07-27T15:39:01.031+08:00
2025-07-28 11:29:41,2025-07-27T15:40:00+08:00,2025-07-27T15:42:03+08:00,1.2902,103.9913,C,Cloud to Cloud,2025-07-27T15:39:01.095+08:00
2025-07-28 11:29:41,2025-07-27T15:40:00+08:00,2025-07-27T15:42:03+08:00,1.3003,103.9605,C,Cloud to Cloud,2025-07-27T15:39:01.095+08:00
2025-07-28 11:29:41,2025-07-27T15:40:00+08:00,2025-07-27T15:42:03+08:00,1.3015,103.9669,C,Cloud to Cloud,2025-07-27T15:39:01.095+08:00
2025-07-28 11:29:41,2025-07-27T15:40:00+08:00,2025-07-27T15:42:03+08:00,1.293,103.9673,C,Cloud to Cloud,2025-07-27T15:39:01.114+08:00
2025-07-28 11:29:41,2025-07-27T15:40:00+08:00,2025-07-27T15:42:03+08:00,1.2664,103.9861,C,Cloud to Cloud,2025-07-27T15:39:01.16+08:00
2025-07-28 11:29:41,2025-07-27T15:40:00+08:00,2025-07-27T15:42:03+08:00,1.2919,103.9733,C,Cloud to Cloud,2025-07-27T15:39:01.16+08:00
2025-07-28 11:29:41,2025-07-27T15:40:00+08:00,2025-07-27T15:42:03+08:00,1.2831,103.9972,C,Cloud to Cloud,2025-07-27T15:39:08.677+08:00
2025-07-28 11:29:41,2025-07-27T15:40:00+08:00,2025-07-27T15:42:03+08:00,1.3006,103.9788,C,Cloud to Cloud,2025-07-27T15:39:08.677+08:00
2025-07-28 11:29:41,2025-07-27T15:40:00+08:00,2025-07-27T15:42:03+08:00,1.3049,103.9762,C,Cloud to Cloud,2025-07-27T15:39:08.677+08:00
2025-07-28 11:29:41,2025-07-27T15:40:00+08:00,2025-07-27T15:42:03+08:00,1.2844,103.9771,C,Cloud to Cloud,2025-07-27T15:39:08.677+08:00
2025-07-28 11:29:41,2025-07-27T15:40:00+08:00,2025-07-27T15:42:03+08:00,1.2689,103.9798,C,Cloud to Cloud,2025-07-27T15:39:08.677+08:00
2025-07-28 11:29:41,2025-07-27T15:40:00+08:00,2025-07-27T15:42:03+08:00,1.2651,104.0058,C,Cloud to Cloud,2025-07-27T15:39:08.683+08:00
2025-07-28 11:29:41,2025-07-27T15:40:00+08:00,2025-07-27T15:42:03+08:00,1.2888,103.9793,C,Cloud to Cloud,2025-07-27T15:39:08.687+08:00
2025-07-28 11:29:41,2025-07-27T15:40:00+08:00,2025-07-27T15:42:03+08:00,1.2898,103.9817,C,Cloud to Cloud,2025-07-27T15:39:08.688+08:00
2025-07-28 11:29:41,2025-07-27T15:40:00+08:00,2025-07-27T15:42:03+08:00,1.2693,103.9941,C,Cloud to Cloud,2025-07-27T15:39:08.742+08:00
2025-07-28 11:29:41,2025-07-27T15:40:00+08:00,2025-07-27T15:42:03+08:00,1.2937,103.9711,C,Cloud to Cloud,2025-07-27T15:39:08.742+08:00
2025-07-28 11:29:41,2025-07-27T15:40:00+08:00,2025-07-27T15:42:03+08:00,1.295,103.9913,C,Cloud to Cloud,2025-07-27T15:39:08.786+08:00
2025-07-28 11:29:41,2025-07-27T15:40:00+08:00,2025-07-27T15:42:03+08:00,1.277,103.9939,C,Cloud to Cloud,2025-07-27T15:39:08.786+08:00
2025-07-28 11:29:41,2025-07-27T15:40:00+08:00,2025-07-27T15:42:03+08:00,1.2947,103.9797,C,Cloud to Cloud,2025-07-27T15:39:08.786+08:00
2025-07-28 11:29:41,2025-07-27T15:40:00+08:00,2025-07-27T15:42:03+08:00,1.2863,103.9566,C,Cloud to Cloud,2025-07-27T15:39:08.786+08:00
2025-07-28 11:29:41,2025-07-27T15:40:00+08:00,2025-07-27T15:42:03+08:00,1.2863,103.9566,C,Cloud to Cloud,2025-07-27T15:39:08.786+08:00
2025-07-28 11:29:41,2025-07-27T15:40:00+08:00,2025-07-27T15:42:03+08:00,1.2847,103.9819,C,Cloud to Cloud,2025-07-27T15:39:21.532+08:00
2025-07-28 11:29:41,2025-07-27T15:40:00+08:00,2025-07-27T15:42:03+08:00,1.2893,103.9726,C,Cloud to Cloud,2025-07-27T15:39:21.532+08:00
2025-07-28 11:29:41,2025-07-27T15:40:00+08:00,2025-07-27T15:42:03+08:00,1.2796,104.0005,C,Cloud to Cloud,2025-07-27T15:39:21.532+08:00
2025-07-28 11:29:41,2025-07-27T15:40:00+08:00,2025-07-27T15:42:03+08:00,1.2858,103.9831,C,Cloud to Cloud,2025-07-27T15:39:21.533+08:00
2025-07-28 11:29:41,2025-07-27T15:40:00+08:00,2025-07-27T15:42:03+08:00,1.2841,104.0033,C,Cloud to Cloud,2025-07-27T15:39:21.533+08:00
2025-07-28 11:29:41,2025-07-27T15:40:00+08:00,2025-07-27T15:42:03+08:00,1.298,104.0246,C,Cloud to Cloud,2025-07-27T15:39:21.589+08:00
2025-07-28 11:29:41,2025-07-27T15:40:00+08:00,2025-07-27T15:42:03+08:00,1.2887,104.0048,G,Cloud to Ground,2025-07-27T15:39:21.589+08:00
2025-07-28 11:29:41,2025-07-27T15:40:00+08:00,2025-07-27T15:42:03+08:00,1.2936,104.0244,C,Cloud to Cloud,2025-07-27T15:39:21.589+08:00
2025-07-28 11:29:41,2025-07-27T15:40:00+08:00,2025-07-27T15:42:03+08:00,1.2929,103.996,G,Cloud to Ground,2025-07-27T15:39:21.668+08:00
2025-07-28 11:29:41,2025-07-27T15:40:00+08:00,2025-07-27T15:42:03+08:00,1.2942,104.0072,C,Cloud to Cloud,2025-07-27T15:39:21.668+08:00
2025-07-28 11:29:41,2025-07-27T15:40:00+08:00,2025-07-27T15:42:03+08:00,1.2907,104.0016,C,Cloud to Cloud,2025-07-27T15:39:21.668+08:00
2025-07-28 11:29:41,2025-07-27T15:40:00+08:00,2025-07-27T15:42:03+08:00,1.2887,103.986,C,Cloud to Cloud,2025-07-27T15:39:21.669+08:00
2025-07-28 11:29:41,2025-07-27T15:40:00+08:00,2025-07-27T15:42:03+08:00,1.2808,103.9713,C,Cloud to Cloud,2025-07-27T15:39:21.725+08:00
2025-07-28 11:29:41,2025-07-27T15:40:00+08:00,2025-07-27T15:42:03+08:00,1.2882,103.985,C,Cloud to Cloud,2025-07-27T15:39:21.735+08:00
2025-07-28 11:29:41,2025-07-27T15:40:00+08:00,2025-07-27T15:42:03+08:00,1.2793,103.9999,C,Cloud to Cloud,2025-07-27T15:39:21.735+08:00
2025-07-28 11:29:41,2025-07-27T15:40:00+08:00,2025-07-27T15:42:03+08:00,1.2875,103.9934,C,Cloud to Cloud,2025-07-27T15:39:21.735+08:00
2025-07-28 11:29:41,2025-07-27T15:40:00+08:00,2025-07-27T15:42:03+08:00,1.2848,103.9836,C,Cloud to Cloud,2025-07-27T15:39:21.736+08:00
2025-07-28 11:29:41,2025-07-27T15:40:00+08:00,2025-07-27T15:42:03+08:00,1.2746,104.003,C,Cloud to Cloud,2025-07-27T15:39:21.736+08:00
2025-07-28 11:29:41,2025-07-27T15:40:00+08:00,2025-07-27T15:42:03+08:00,1.3006,103.9609,C,Cloud to Cloud,2025-07-27T15:39:21.736+08:00
2025-07-28 11:29:41,2025-07-27T15:40:00+08:00,2025-07-27T15:42:03+08:00,1.2705,103.9986,C,Cloud to Cloud,2025-07-27T15:39:21.736+08:00
2025-07-28 11:29:41,2025-07-27T15:40:00+08:00,2025-07-27T15:42:03+08:00,1.2765,104.0238,C,Cloud to Cloud,2025-07-27T15:39:21.736+08:00
2025-07-28 11:29:41,2025-07-27T15:40:00+08:00,2025-07-27T15:42:03+08:00,1.2908,104.0025,C,Cloud to Cloud,2025-07-27T15:39:21.736+08:00
2025-07-28 11:29:41,2025-07-27T15:40:00+08:00,2025-07-27T15:42:03+08:00,1.294,104.0087,C,Cloud to Cloud,2025-07-27T15:39:21.736+08:00
2025-07-28 11:29:41,2025-07-27T15:40:00+08:00,2025-07-27T15:42:03+08:00,1.2977,104.0143,C,Cloud to Cloud,2025-07-27T15:39:21.736+08:00
2025-07-28 11:29:41,2025-07-27T15:40:00+08:00,2025-07-27T15:42:03+08:00,1.298,104.0131,C,Cloud to Cloud,2025-07-27T15:39:21.736+08:00
2025-07-28 11:29:41,2025-07-27T15:40:00+08:00,2025-07-27T15:42:03+08:00,1.294,103.9959,G,Cloud to Ground,2025-07-27T15:39:21.738+08:00
2025-07-28 11:29:41,2025-07-27T15:40:00+08:00,2025-07-27T15:42:03+08:00,1.2691,104.0193,C,Cloud to Cloud,2025-07-27T15:39:21.74+08:00
2025-07-28 11:29:41,2025-07-27T15:40:00+08:00,2025-07-27T15:42:03+08:00,1.2945,103.992,C,Cloud to Cloud,2025-07-27T15:39:21.741+08:00
2025-07-28 11:29:41,2025-07-27T15:40:00+08:00,2025-07-27T15:42:03+08:00,1.2811,103.9491,C,Cloud to Cloud,2025-07-27T15:39:21.741+08:00
2025-07-28 11:29:41,2025-07-27T15:40:00+08:00,2025-07-27T15:42:03+08:00,1.2992,103.9749,C,Cloud to Cloud,2025-07-27T15:39:21.804+08:00
2025-07-28 11:29:41,2025-07-27T15:40:00+08:00,2025-07-27T15:42:03+08:00,1.2837,103.9827,C,Cloud to Cloud,2025-07-27T15:39:27.707+08:00
2025-07-28 11:29:41,2025-07-27T15:40:00+08:00,2025-07-27T15:42:03+08:00,1.2854,103.9834,C,Cloud to Cloud,2025-07-27T15:39:27.707+08:00
2025-07-28 11:29:41,2025-07-27T15:40:00+08:00,2025-07-27T15:42:03+08:00,1.2721,103.9855,C,Cloud to Cloud,2025-07-27T15:39:27.708+08:00
2025-07-28 11:29:41,2025-07-27T15:40:00+08:00,2025-07-27T15:42:03+08:00,1.2731,103.9904,C,Cloud to Cloud,2025-07-27T15:39:27.712+08:00
2025-07-28 11:29:41,2025-07-27T15:40:00+08:00,2025-07-27T15:42:03+08:00,1.2689,103.9924,C,Cloud to Cloud,2025-07-27T15:39:27.788+08:00
2025-07-28 11:29:41,2025-07-27T15:40:00+08:00,2025-07-27T15:42:03+08:00,1.2624,103.9932,C,Cloud to Cloud,2025-07-27T15:39:27.788+08:00
2025-07-28 11:29:41,2025-07-27T15:40:00+08:00,2025-07-27T15:42:03+08:00,1.2855,103.9629,C,Cloud to Cloud,2025-07-27T15:39:27.832+08:00
2025-07-28 11:29:41,2025-07-27T15:40:00+08:00,2025-07-27T15:42:03+08:00,1.2894,103.9529,C,Cloud to Cloud,2025-07-27T15:39:27.834+08:00
2025-07-28 11:29:41,2025-07-27T15:40:00+08:00,2025-07-27T15:42:03+08:00,1.2864,104.0047,C,Cloud to Cloud,2025-07-27T15:39:27.845+08:00
2025-07-28 11:29:41,2025-07-27T15:40:00+08:00,2025-07-27T15:42:03+08:00,1.2391,103.9846,C,Cloud to Cloud,2025-07-27T15:39:27.845+08:00
2025-07-28 11:29:41,2025-07-27T15:40:00+08:00,2025-07-27T15:42:03+08:00,1.2871,103.9814,C,Cloud to Cloud,2025-07-27T15:39:27.845+08:00
2025-07-28 11:29:41,2025-07-27T15:40:00+08:00,2025-07-27T15:42:03+08:00,1.2849,103.9582,C,Cloud to Cloud,2025-07-27T15:39:27.925+08:00
2025-07-28 11:29:41,2025-07-27T15:40:00+08:00,2025-07-27T15:42:03+08:00,1.2851,103.9584,C,Cloud to Cloud,2025-07-27T15:39:27.925+08:00
2025-07-28 11:29:41,2025-07-27T15:40:00+08:00,2025-07-27T15:42:03+08:00,1.2759,103.9888,C,Cloud to Cloud,2025-07-27T15:39:27.943+08:00
2025-07-28 11:29:41,2025-07-27T15:40:00+08:00,2025-07-27T15:42:03+08:00,1.2688,103.9893,C,Cloud to Cloud,2025-07-27T15:39:27.943+08:00
2025-07-28 11:29:41,2025-07-27T15:40:00+08:00,2025-07-27T15:42:03+08:00,1.2768,103.9598,C,Cloud to Cloud,2025-07-27T15:39:27.949+08:00
2025-07-28 11:29:41,2025-07-27T15:40:00+08:00,2025-07-27T15:42:03+08:00,1.2926,103.9546,C,Cloud to Cloud,2025-07-27T15:39:27.968+08:00
2025-07-28 11:29:41,2025-07-27T15:40:00+08:00,2025-07-27T15:42:03+08:00,1.293,103.959,C,Cloud to Cloud,2025-07-27T15:39:27.968+08:00
2025-07-28 11:29:41,2025-07-27T15:40:00+08:00,2025-07-27T15:42:03+08:00,1.2918,103.9542,C,Cloud to Cloud,2025-07-27T15:39:28.005+08:00
2025-07-28 11:29:41,2025-07-27T15:40:00+08:00,2025-07-27T15:42:03+08:00,1.3291,103.972,C,Cloud to Cloud,2025-07-27T15:39:30.934+08:00
2025-07-28 11:29:41,2025-07-27T15:40:00+08:00,2025-07-27T15:42:03+08:00,1.1937,103.896,C,Cloud to Cloud,2025-07-27T15:39:31.264+08:00
2025-07-28 11:29:41,2025-07-27T15:40:00+08:00,2025-07-27T15:42:03+08:00,1.294,103.9811,C,Cloud to Cloud,2025-07-27T15:39:38.68+08:00
2025-07-28 11:29:41,2025-07-27T15:40:00+08:00,2025-07-27T15:42:03+08:00,1.312,103.9768,C,Cloud to Cloud,2025-07-27T15:39:38.68+08:00
2025-07-28 11:29:41,2025-07-27T15:40:00+08:00,2025-07-27T15:42:03+08:00,1.2896,103.9715,C,Cloud to Cloud,2025-07-27T15:39:38.68+08:00
2025-07-28 11:29:41,2025-07-27T15:40:00+08:00,2025-07-27T15:42:03+08:00,1.2948,103.9831,C,Cloud to Cloud,2025-07-27T15:39:38.683+08:00
2025-07-28 11:29:41,2025-07-27T15:40:00+08:00,2025-07-27T15:42:03+08:00,1.283,103.963,C,Cloud to Cloud,2025-07-27T15:39:38.863+08:00
2025-07-28 11:29:41,2025-07-27T15:40:00+08:00,2025-07-27T15:42:03+08:00,1.2843,103.964,C,Cloud to Cloud,2025-07-27T15:39:38.863+08:00
2025-07-28 11:29:41,2025-07-27T15:40:00+08:00,2025-07-27T15:42:03+08:00,1.2992,104.0078,C,Cloud to Cloud,2025-07-27T15:39:38.863+08:00
2025-07-28 11:29:41,2025-07-27T15:40:00+08:00,2025-07-27T15:42:03+08:00,1.3018,103.9642,C,Cloud to Cloud,2025-07-27T15:39:38.864+08:00
2025-07-28 11:29:41,2025-07-27T15:40:00+08:00,2025-07-27T15:42:03+08:00,1.2641,103.9783,C,Cloud to Cloud,2025-07-27T15:39:38.864+08:00
2025-07-28 11:29:41,2025-07-27T15:40:00+08:00,2025-07-27T15:42:03+08:00,1.2837,103.9791,C,Cloud to Cloud,2025-07-27T15:39:38.864+08:00
2025-07-28 11:29:41,2025-07-27T15:40:00+08:00,2025-07-27T15:42:03+08:00,1.2657,103.8976,C,Cloud to Cloud,2025-07-27T15:39:41.331+08:00
2025-07-28 11:29:41,2025-07-27T15:40:00+08:00,2025-07-27T15:42:03+08:00,1.199,103.9376,C,Cloud to Cloud,2025-07-27T15:39:41.498+08:00
2025-07-28 11:29:41,2025-07-27T15:40:00+08:00,2025-07-27T15:42:03+08:00,1.2286,103.8967,C,Cloud to Cloud,2025-07-27T15:39:41.498+08:00
2025-07-28 11:29:41,2025-07-27T15:40:00+08:00,2025-07-27T15:42:03+08:00,1.2124,103.9494,C,Cloud to Cloud,2025-07-27T15:39:41.498+08:00
2025-07-28 11:29:41,2025-07-27T15:40:00+08:00,2025-07-27T15:42:03+08:00,1.2124,103.9494,C,Cloud to Cloud,2025-07-27T15:39:41.498+08:00
2025-07-28 11:29:41,2025-07-27T15:40:00+08:00,2025-07-27T15:42:03+08:00,1.1986,103.9164,C,Cloud to Cloud,2025-07-27T15:39:41.499+08:00
2025-07-28 11:29:41,2025-07-27T15:40:00+08:00,2025-07-27T15:42:03+08:00,1.2152,103.9175,C,Cloud to Cloud,2025-07-27T15:39:41.514+08:00
2025-07-28 11:29:41,2025-07-27T15:40:00+08:00,2025-07-27T15:42:03+08:00,1.0748,103.9412,C,Cloud to Cloud,2025-07-27T15:39:41.514+08:00
2025-07-28 11:29:41,2025-07-27T15:40:00+08:00,2025-07-27T15:42:03+08:00,1.2169,103.8899,C,Cloud to Cloud,2025-07-27T15:39:41.57+08:00
2025-07-28 11:29:41,2025-07-27T15:40:00+08:00,2025-07-27T15:42:03+08:00,1.2169,103.8899,C,Cloud to Cloud,2025-07-27T15:39:41.571+08:00
2025-07-28 11:29:41,2025-07-27T15:40:00+08:00,2025-07-27T15:42:03+08:00,1.1709,103.9459,C,Cloud to Cloud,2025-07-27T15:39:41.571+08:00
2025-07-28 11:29:41,2025-07-27T15:40:00+08:00,2025-07-27T15:42:03+08:00,1.2237,103.9354,C,Cloud to Cloud,2025-07-27T15:39:41.635+08:00
2025-07-28 11:29:41,2025-07-27T15:40:00+08:00,2025-07-27T15:42:03+08:00,1.2216,103.9347,C,Cloud to Cloud,2025-07-27T15:39:41.635+08:00
2025-07-28 11:29:41,2025-07-27T15:40:00+08:00,2025-07-27T15:42:03+08:00,1.217,103.9179,C,Cloud to Cloud,2025-07-27T15:39:41.637+08:00
2025-07-28 11:29:41,2025-07-27T15:40:00+08:00,2025-07-27T15:42:03+08:00,1.2785,103.9683,C,Cloud to Cloud,2025-07-27T15:39:50.713+08:00
2025-07-28 11:29:41,2025-07-27T15:40:00+08:00,2025-07-27T15:42:03+08:00,1.2799,103.9545,C,Cloud to Cloud,2025-07-27T15:39:50.713+08:00
2025-07-28 11:29:41,2025-07-27T15:40:00+08:00,2025-07-27T15:42:03+08:00,1.2921,103.9504,C,Cloud to Cloud,2025-07-27T15:39:50.714+08:00
2025-07-28 11:29:41,2025-07-27T15:40:00+08:00,2025-07-27T15:42:03+08:00,1.2923,103.9484,C,Cloud to Cloud,2025-07-27T15:39:50.714+08:00
2025-07-28 11:29:41,2025-07-27T15:40:00+08:00,2025-07-27T15:42:03+08:00,1.2952,103.9523,C,Cloud to Cloud,2025-07-27T15:39:50.714+08:00
2025-07-28 11:29:41,2025-07-27T15:40:00+08:00,2025-07-27T15:42:03+08:00,1.2627,103.9585,C,Cloud to Cloud,2025-07-27T15:39:50.868+08:00
2025-07-28 11:29:41,2025-07-27T15:40:00+08:00,2025-07-27T15:42:03+08:00,1.2568,104.0618,C,Cloud to Cloud,2025-07-27T15:39:50.892+08:00
2025-07-28 11:29:41,2025-07-27T15:40:00+08:00,2025-07-27T15:42:03+08:00,1.2967,103.9574,C,Cloud to Cloud,2025-07-27T15:39:50.984+08:00
2025-07-28 11:29:41,2025-07-27T15:40:00+08:00,2025-07-27T15:42:03+08:00,1.2997,103.9631,C,Cloud to Cloud,2025-07-27T15:39:50.984+08:00
2025-07-28 11:29:41,2025-07-27T15:40:00+08:00,2025-07-27T15:42:03+08:00,1.3079,103.9528,C,Cloud to Cloud,2025-07-27T15:39:51.017+08:00
2025-07-28 11:29:41,2025-07-27T15:40:00+08:00,2025-07-27T15:42:03+08:00,1.3013,103.9512,C,Cloud to Cloud,2025-07-27T15:39:51.065+08:00
2025-07-28 11:29:41,2025-07-27T15:40:00+08:00,2025-07-27T15:42:03+08:00,1.296,103.962,C,Cloud to Cloud,2025-07-27T15:39:51.085+08:00
2025-07-28 11:29:41,2025-07-27T15:40:00+08:00,2025-07-27T15:42:03+08:00,1.2849,103.9388,C,Cloud to Cloud,2025-07-27T15:39:51.085+08:00
2025-07-28 11:29:41,2025-07-27T15:40:00+08:00,2025-07-27T15:42:03+08:00,1.3142,103.9936,C,Cloud to Cloud,2025-07-27T15:39:51.199+08:00
2025-07-28 11:29:41,2025-07-27T15:40:00+08:00,2025-07-27T15:42:03+08:00,1.2163,103.9536,C,Cloud to Cloud,2025-07-27T15:39:58.739+08:00
2025-07-28 11:29:41,2025-07-27T15:40:00+08:00,2025-07-27T15:42:03+08:00,1.1991,103.951,C,Cloud to Cloud,2025-07-27T15:39:58.739+08:00
2025-07-28 11:29:43,2025-07-27T15:38:00+08:00,2025-07-27T15:40:04+08:00,1.2862,103.9768,C,Cloud to Cloud,2025-07-27T15:36:00.509+08:00
2025-07-28 11:29:43,2025-07-27T15:38:00+08:00,2025-07-27T15:40:04+08:00,1.2107,103.9479,C,Cloud to Cloud,2025-07-27T15:36:06.233+08:00
2025-07-28 11:29:43,2025-07-27T15:38:00+08:00,2025-07-27T15:40:04+08:00,1.2102,103.9478,C,Cloud to Cloud,2025-07-27T15:36:06.233+08:00
2025-07-28 11:29:43,2025-07-27T15:38:00+08:00,2025-07-27T15:40:04+08:00,1.2097,103.9482,C,Cloud to Cloud,2025-07-27T15:36:06.233+08:00
2025-07-28 11:29:43,2025-07-27T15:38:00+08:00,2025-07-27T15:40:04+08:00,1.2168,103.9853,C,Cloud to Cloud,2025-07-27T15:36:06.233+08:00
2025-07-28 11:29:43,2025-07-27T15:38:00+08:00,2025-07-27T15:40:04+08:00,1.2111,103.9502,C,Cloud to Cloud,2025-07-27T15:36:06.233+08:00
2025-07-28 11:29:43,2025-07-27T15:38:00+08:00,2025-07-27T15:40:04+08:00,1.2875,103.9486,C,Cloud to Cloud,2025-07-27T15:36:16.795+08:00
2025-07-28 11:29:43,2025-07-27T15:38:00+08:00,2025-07-27T15:40:04+08:00,1.3689,104.0415,C,Cloud to Cloud,2025-07-27T15:36:16.795+08:00
2025-07-28 11:29:43,2025-07-27T15:38:00+08:00,2025-07-27T15:40:04+08:00,1.2856,103.9479,C,Cloud to Cloud,2025-07-27T15:36:16.795+08:00
2025-07-28 11:29:43,2025-07-27T15:38:00+08:00,2025-07-27T15:40:04+08:00,1.2374,103.9969,C,Cloud to Cloud,2025-07-27T15:36:16.881+08:00
2025-07-28 11:29:43,2025-07-27T15:38:00+08:00,2025-07-27T15:40:04+08:00,1.2877,103.9774,C,Cloud to Cloud,2025-07-27T15:36:17.003+08:00
2025-07-28 11:29:43,2025-07-27T15:38:00+08:00,2025-07-27T15:40:04+08:00,1.2977,103.9673,C,Cloud to Cloud,2025-07-27T15:36:17.003+08:00
2025-07-28 11:29:43,2025-07-27T15:38:00+08:00,2025-07-27T15:40:04+08:00,1.1652,104.0104,C,Cloud to Cloud,2025-07-27T15:36:18.983+08:00
2025-07-28 11:29:43,2025-07-27T15:38:00+08:00,2025-07-27T15:40:04+08:00,1.2171,103.9423,C,Cloud to Cloud,2025-07-27T15:36:19.13+08:00
2025-07-28 11:29:43,2025-07-27T15:38:00+08:00,2025-07-27T15:40:04+08:00,1.2176,103.9389,C,Cloud to Cloud,2025-07-27T15:36:19.13+08:00
2025-07-28 11:29:43,2025-07-27T15:38:00+08:00,2025-07-27T15:40:04+08:00,1.2171,103.9332,C,Cloud to Cloud,2025-07-27T15:36:19.13+08:00
2025-07-28 11:29:43,2025-07-27T15:38:00+08:00,2025-07-27T15:40:04+08:00,1.2028,103.9407,C,Cloud to Cloud,2025-07-27T15:36:19.131+08:00
2025-07-28 11:29:43,2025-07-27T15:38:00+08:00,2025-07-27T15:40:04+08:00,1.2033,103.9408,C,Cloud to Cloud,2025-07-27T15:36:19.131+08:00
2025-07-28 11:29:43,2025-07-27T15:38:00+08:00,2025-07-27T15:40:04+08:00,1.2151,104.0265,C,Cloud to Cloud,2025-07-27T15:36:21.897+08:00
2025-07-28 11:29:43,2025-07-27T15:38:00+08:00,2025-07-27T15:40:04+08:00,1.2173,104.0259,C,Cloud to Cloud,2025-07-27T15:36:21.897+08:00
2025-07-28 11:29:43,2025-07-27T15:38:00+08:00,2025-07-27T15:40:04+08:00,1.2304,103.9859,C,Cloud to Cloud,2025-07-27T15:36:21.898+08:00
2025-07-28 11:29:43,2025-07-27T15:38:00+08:00,2025-07-27T15:40:04+08:00,1.2303,103.9875,C,Cloud to Cloud,2025-07-27T15:36:21.898+08:00
2025-07-28 11:29:43,2025-07-27T15:38:00+08:00,2025-07-27T15:40:04+08:00,1.2323,103.9551,C,Cloud to Cloud,2025-07-27T15:36:21.921+08:00
2025-07-28 11:29:43,2025-07-27T15:38:00+08:00,2025-07-27T15:40:04+08:00,1.2237,104.0153,C,Cloud to Cloud,2025-07-27T15:36:21.983+08:00
2025-07-28 11:29:43,2025-07-27T15:38:00+08:00,2025-07-27T15:40:04+08:00,1.2246,104.0144,C,Cloud to Cloud,2025-07-27T15:36:21.983+08:00
2025-07-28 11:29:43,2025-07-27T15:38:00+08:00,2025-07-27T15:40:04+08:00,1.2489,104.0043,C,Cloud to Cloud,2025-07-27T15:36:21.983+08:00
2025-07-28 11:29:43,2025-07-27T15:38:00+08:00,2025-07-27T15:40:04+08:00,1.3357,103.9777,C,Cloud to Cloud,2025-07-27T15:36:29.937+08:00
2025-07-28 11:29:43,2025-07-27T15:38:00+08:00,2025-07-27T15:40:04+08:00,1.2755,103.9794,C,Cloud to Cloud,2025-07-27T15:36:29.953+08:00
2025-07-28 11:29:43,2025-07-27T15:38:00+08:00,2025-07-27T15:40:04+08:00,1.3149,104.0041,C,Cloud to Cloud,2025-07-27T15:36:29.953+08:00
2025-07-28 11:29:43,2025-07-27T15:38:00+08:00,2025-07-27T15:40:04+08:00,1.2835,103.9574,C,Cloud to Cloud,2025-07-27T15:36:29.979+08:00
2025-07-28 11:29:43,2025-07-27T15:38:00+08:00,2025-07-27T15:40:04+08:00,1.2328,103.972,C,Cloud to Cloud,2025-07-27T15:36:30.707+08:00
2025-07-28 11:29:43,2025-07-27T15:38:00+08:00,2025-07-27T15:40:04+08:00,1.2328,103.972,C,Cloud to Cloud,2025-07-27T15:36:30.707+08:00
2025-07-28 11:29:43,2025-07-27T15:38:00+08:00,2025-07-27T15:40:04+08:00,1.2192,103.9841,C,Cloud to Cloud,2025-07-27T15:36:30.707+08:00
2025-07-28 11:29:43,2025-07-27T15:38:00+08:00,2025-07-27T15:40:04+08:00,1.2293,103.9684,C,Cloud to Cloud,2025-07-27T15:36:30.715+08:00
2025-07-28 11:29:43,2025-07-27T15:38:00+08:00,2025-07-27T15:40:04+08:00,1.2033,104.0023,C,Cloud to Cloud,2025-07-27T15:36:30.72+08:00
2025-07-28 11:29:43,2025-07-27T15:38:00+08:00,2025-07-27T15:40:04+08:00,1.2595,103.994,C,Cloud to Cloud,2025-07-27T15:36:35.734+08:00
2025-07-28 11:29:43,2025-07-27T15:38:00+08:00,2025-07-27T15:40:04+08:00,1.0342,104.0002,C,Cloud to Cloud,2025-07-27T15:36:39.559+08:00
2025-07-28 11:29:43,2025-07-27T15:38:00+08:00,2025-07-27T15:40:04+08:00,1.2373,104.0181,C,Cloud to Cloud,2025-07-27T15:36:42.054+08:00
2025-07-28 11:29:43,2025-07-27T15:38:00+08:00,2025-07-27T15:40:04+08:00,1.2427,103.9613,C,Cloud to Cloud,2025-07-27T15:36:42.132+08:00
2025-07-28 11:29:43,2025-07-27T15:38:00+08:00,2025-07-27T15:40:04+08:00,1.2427,103.9613,C,Cloud to Cloud,2025-07-27T15:36:42.132+08:00
2025-07-28 11:29:43,2025-07-27T15:38:00+08:00,2025-07-27T15:40:04+08:00,1.2447,103.9624,C,Cloud to Cloud,2025-07-27T15:36:42.244+08:00
2025-07-28 11:29:43,2025-07-27T15:38:00+08:00,2025-07-27T15:40:04+08:00,1.2465,104.0048,C,Cloud to Cloud,2025-07-27T15:36:42.244+08:00
2025-07-28 11:29:43,2025-07-27T15:38:00+08:00,2025-07-27T15:40:04+08:00,1.2223,104.0127,C,Cloud to Cloud,2025-07-27T15:36:42.245+08:00
2025-07-28 11:29:43,2025-07-27T15:38:00+08:00,2025-07-27T15:40:04+08:00,1.2923,103.9655,C,Cloud to Cloud,2025-07-27T15:36:46.414+08:00
2025-07-28 11:29:43,2025-07-27T15:38:00+08:00,2025-07-27T15:40:04+08:00,1.293,103.9809,C,Cloud to Cloud,2025-07-27T15:36:46.419+08:00
2025-07-28 11:29:43,2025-07-27T15:38:00+08:00,2025-07-27T15:40:04+08:00,1.2199,104.0253,C,Cloud to Cloud,2025-07-27T15:36:46.419+08:00
2025-07-28 11:29:43,2025-07-27T15:38:00+08:00,2025-07-27T15:40:04+08:00,1.3589,103.963,C,Cloud to Cloud,2025-07-27T15:36:46.42+08:00
2025-07-28 11:29:43,2025-07-27T15:38:00+08:00,2025-07-27T15:40:04+08:00,1.2892,103.9875,C,Cloud to Cloud,2025-07-27T15:36:46.42+08:00
2025-07-28 11:29:43,2025-07-27T15:38:00+08:00,2025-07-27T15:40:04+08:00,1.2859,103.9797,C,Cloud to Cloud,2025-07-27T15:36:46.43+08:00
2025-07-28 11:29:43,2025-07-27T15:38:00+08:00,2025-07-27T15:40:04+08:00,1.3003,103.9672,C,Cloud to Cloud,2025-07-27T15:36:46.473+08:00
2025-07-28 11:29:43,2025-07-27T15:38:00+08:00,2025-07-27T15:40:04+08:00,1.297,103.9718,C,Cloud to Cloud,2025-07-27T15:36:46.473+08:00
2025-07-28 11:29:43,2025-07-27T15:38:00+08:00,2025-07-27T15:40:04+08:00,1.209,103.9453,C,Cloud to Cloud,2025-07-27T15:36:47.206+08:00
2025-07-28 11:29:43,2025-07-27T15:38:00+08:00,2025-07-27T15:40:04+08:00,1.2423,103.9581,C,Cloud to Cloud,2025-07-27T15:36:47.31+08:00
2025-07-28 11:29:43,2025-07-27T15:38:00+08:00,2025-07-27T15:40:04+08:00,1.2163,103.9457,C,Cloud to Cloud,2025-07-27T15:36:47.387+08:00
2025-07-28 11:29:43,2025-07-27T15:38:00+08:00,2025-07-27T15:40:04+08:00,1.2254,103.9481,C,Cloud to Cloud,2025-07-27T15:36:47.388+08:00
2025-07-28 11:29:43,2025-07-27T15:38:00+08:00,2025-07-27T15:40:04+08:00,1.2253,103.9485,C,Cloud to Cloud,2025-07-27T15:36:47.388+08:00
2025-07-28 11:29:43,2025-07-27T15:38:00+08:00,2025-07-27T15:40:04+08:00,1.2306,103.956,C,Cloud to Cloud,2025-07-27T15:36:47.388+08:00
2025-07-28 11:29:43,2025-07-27T15:38:00+08:00,2025-07-27T15:40:04+08:00,1.2423,103.9788,C,Cloud to Cloud,2025-07-27T15:36:47.388+08:00
2025-07-28 11:29:43,2025-07-27T15:38:00+08:00,2025-07-27T15:40:04+08:00,1.2451,103.9489,C,Cloud to Cloud,2025-07-27T15:36:47.4+08:00
2025-07-28 11:29:43,2025-07-27T15:38:00+08:00,2025-07-27T15:40:04+08:00,1.0731,104.0579,C,Cloud to Cloud,2025-07-27T15:36:47.4+08:00
2025-07-28 11:29:43,2025-07-27T15:38:00+08:00,2025-07-27T15:40:04+08:00,1.2918,103.9759,C,Cloud to Cloud,2025-07-27T15:36:51.801+08:00
2025-07-28 11:29:43,2025-07-27T15:38:00+08:00,2025-07-27T15:40:04+08:00,1.2938,103.9789,C,Cloud to Cloud,2025-07-27T15:36:51.801+08:00
2025-07-28 11:29:43,2025-07-27T15:38:00+08:00,2025-07-27T15:40:04+08:00,1.2966,103.9773,C,Cloud to Cloud,2025-07-27T15:36:51.802+08:00
2025-07-28 11:29:43,2025-07-27T15:38:00+08:00,2025-07-27T15:40:04+08:00,1.2888,103.9696,C,Cloud to Cloud,2025-07-27T15:36:51.802+08:00
2025-07-28 11:29:43,2025-07-27T15:38:00+08:00,2025-07-27T15:40:04+08:00,1.2946,104.0054,C,Cloud to Cloud,2025-07-27T15:36:51.808+08:00
2025-07-28 11:29:43,2025-07-27T15:38:00+08:00,2025-07-27T15:40:04+08:00,1.2662,104.0007,C,Cloud to Cloud,2025-07-27T15:36:51.832+08:00
2025-07-28 11:29:43,2025-07-27T15:38:00+08:00,2025-07-27T15:40:04+08:00,1.2276,104.0336,C,Cloud to Cloud,2025-07-27T15:36:51.912+08:00
2025-07-28 11:29:43,2025-07-27T15:38:00+08:00,2025-07-27T15:40:04+08:00,1.2624,103.9706,C,Cloud to Cloud,2025-07-27T15:37:00.05+08:00
2025-07-28 11:29:43,2025-07-27T15:38:00+08:00,2025-07-27T15:40:04+08:00,1.2536,103.9935,C,Cloud to Cloud,2025-07-27T15:37:00.214+08:00
2025-07-28 11:29:43,2025-07-27T15:38:00+08:00,2025-07-27T15:40:04+08:00,1.2516,103.9936,C,Cloud to Cloud,2025-07-27T15:37:00.214+08:00
2025-07-28 11:29:43,2025-07-27T15:38:00+08:00,2025-07-27T15:40:04+08:00,1.2061,103.9331,C,Cloud to Cloud,2025-07-27T15:37:02.92+08:00
2025-07-28 11:29:43,2025-07-27T15:38:00+08:00,2025-07-27T15:40:04+08:00,1.2134,104.0002,C,Cloud to Cloud,2025-07-27T15:37:02.92+08:00
2025-07-28 11:29:43,2025-07-27T15:38:00+08:00,2025-07-27T15:40:04+08:00,1.2058,103.9342,C,Cloud to Cloud,2025-07-27T15:37:02.92+08:00
2025-07-28 11:29:43,2025-07-27T15:38:00+08:00,2025-07-27T15:40:04+08:00,1.0959,103.9814,C,Cloud to Cloud,2025-07-27T15:37:02.963+08:00
2025-07-28 11:29:43,2025-07-27T15:38:00+08:00,2025-07-27T15:40:04+08:00,1.2169,103.9254,C,Cloud to Cloud,2025-07-27T15:37:03.18+08:00
2025-07-28 11:29:43,2025-07-27T15:38:00+08:00,2025-07-27T15:40:04+08:00,1.2064,103.9234,C,Cloud to Cloud,2025-07-27T15:37:03.18+08:00
2025-07-28 11:29:43,2025-07-27T15:38:00+08:00,2025-07-27T15:40:04+08:00,1.2089,103.938,C,Cloud to Cloud,2025-07-27T15:37:03.293+08:00
2025-07-28 11:29:43,2025-07-27T15:38:00+08:00,2025-07-27T15:40:04+08:00,1.2092,103.9195,C,Cloud to Cloud,2025-07-27T15:37:03.318+08:00
2025-07-28 11:29:43,2025-07-27T15:38:00+08:00,2025-07-27T15:40:04+08:00,1.2102,103.9229,C,Cloud to Cloud,2025-07-27T15:37:03.318+08:00
2025-07-28 11:29:43,2025-07-27T15:38:00+08:00,2025-07-27T15:40:04+08:00,1.288,103.9929,C,Cloud to Cloud,2025-07-27T15:37:08.33+08:00
2025-07-28 11:29:43,2025-07-27T15:38:00+08:00,2025-07-27T15:40:04+08:00,1.3098,103.979,C,Cloud to Cloud,2025-07-27T15:37:08.35+08:00
2025-07-28 11:29:43,2025-07-27T15:38:00+08:00,2025-07-27T15:40:04+08:00,1.2783,103.9511,C,Cloud to Cloud,2025-07-27T15:37:08.505+08:00
2025-07-28 11:29:43,2025-07-27T15:38:00+08:00,2025-07-27T15:40:04+08:00,1.2664,103.9873,C,Cloud to Cloud,2025-07-27T15:37:08.505+08:00
2025-07-28 11:29:43,2025-07-27T15:38:00+08:00,2025-07-27T15:40:04+08:00,1.2606,104.0105,C,Cloud to Cloud,2025-07-27T15:37:09.171+08:00
2025-07-28 11:29:43,2025-07-27T15:38:00+08:00,2025-07-27T15:40:04+08:00,1.2365,103.952,C,Cloud to Cloud,2025-07-27T15:37:12.48+08:00
2025-07-28 11:29:43,2025-07-27T15:38:00+08:00,2025-07-27T15:40:04+08:00,1.2379,103.9523,C,Cloud to Cloud,2025-07-27T15:37:12.48+08:00
2025-07-28 11:29:43,2025-07-27T15:38:00+08:00,2025-07-27T15:40:04+08:00,1.2373,103.9651,C,Cloud to Cloud,2025-07-27T15:37:12.48+08:00
2025-07-28 11:29:43,2025-07-27T15:38:00+08:00,2025-07-27T15:40:04+08:00,1.242,103.9721,C,Cloud to Cloud,2025-07-27T15:37:12.506+08:00
2025-07-28 11:29:43,2025-07-27T15:38:00+08:00,2025-07-27T15:40:04+08:00,1.2243,103.995,C,Cloud to Cloud,2025-07-27T15:37:12.506+08:00
2025-07-28 11:29:43,2025-07-27T15:38:00+08:00,2025-07-27T15:40:04+08:00,1.2425,103.9734,C,Cloud to Cloud,2025-07-27T15:37:12.507+08:00
2025-07-28 11:29:43,2025-07-27T15:38:00+08:00,2025-07-27T15:40:04+08:00,1.2429,103.9708,C,Cloud to Cloud,2025-07-27T15:37:12.515+08:00
2025-07-28 11:29:43,2025-07-27T15:38:00+08:00,2025-07-27T15:40:04+08:00,1.2679,103.9837,C,Cloud to Cloud,2025-07-27T15:37:12.515+08:00
2025-07-28 11:29:43,2025-07-27T15:38:00+08:00,2025-07-27T15:40:04+08:00,1.2432,103.9711,C,Cloud to Cloud,2025-07-27T15:37:12.515+08:00
2025-07-28 11:29:43,2025-07-27T15:38:00+08:00,2025-07-27T15:40:04+08:00,1.236,103.9662,C,Cloud to Cloud,2025-07-27T15:37:12.579+08:00
2025-07-28 11:29:43,2025-07-27T15:38:00+08:00,2025-07-27T15:40:04+08:00,1.2372,103.9664,C,Cloud to Cloud,2025-07-27T15:37:12.579+08:00
2025-07-28 11:29:43,2025-07-27T15:38:00+08:00,2025-07-27T15:40:04+08:00,1.2161,104.0052,C,Cloud to Cloud,2025-07-27T15:37:12.588+08:00
2025-07-28 11:29:43,2025-07-27T15:38:00+08:00,2025-07-27T15:40:04+08:00,1.2463,103.9861,C,Cloud to Cloud,2025-07-27T15:37:12.658+08:00
2025-07-28 11:29:43,2025-07-27T15:38:00+08:00,2025-07-27T15:40:04+08:00,1.2464,103.9861,C,Cloud to Cloud,2025-07-27T15:37:12.658+08:00
2025-07-28 11:29:43,2025-07-27T15:38:00+08:00,2025-07-27T15:40:04+08:00,1.2435,103.9503,C,Cloud to Cloud,2025-07-27T15:37:12.679+08:00
2025-07-28 11:29:43,2025-07-27T15:38:00+08:00,2025-07-27T15:40:04+08:00,1.2687,103.957,C,Cloud to Cloud,2025-07-27T15:37:12.68+08:00
2025-07-28 11:29:43,2025-07-27T15:38:00+08:00,2025-07-27T15:40:04+08:00,1.2445,103.9728,C,Cloud to Cloud,2025-07-27T15:37:12.68+08:00
2025-07-28 11:29:43,2025-07-27T15:38:00+08:00,2025-07-27T15:40:04+08:00,1.2449,103.9732,C,Cloud to Cloud,2025-07-27T15:37:12.68+08:00
2025-07-28 11:29:43,2025-07-27T15:38:00+08:00,2025-07-27T15:40:04+08:00,1.2581,103.9643,C,Cloud to Cloud,2025-07-27T15:37:17.419+08:00
2025-07-28 11:29:43,2025-07-27T15:38:00+08:00,2025-07-27T15:40:04+08:00,1.2614,103.9637,C,Cloud to Cloud,2025-07-27T15:37:17.512+08:00
2025-07-28 11:29:43,2025-07-27T15:38:00+08:00,2025-07-27T15:40:04+08:00,1.247,104.0001,C,Cloud to Cloud,2025-07-27T15:37:17.612+08:00
2025-07-28 11:29:43,2025-07-27T15:38:00+08:00,2025-07-27T15:40:04+08:00,1.2984,103.9738,C,Cloud to Cloud,2025-07-27T15:37:21.868+08:00
2025-07-28 11:29:43,2025-07-27T15:38:00+08:00,2025-07-27T15:40:04+08:00,1.2339,103.9457,C,Cloud to Cloud,2025-07-27T15:37:30.698+08:00
2025-07-28 11:29:43,2025-07-27T15:38:00+08:00,2025-07-27T15:40:04+08:00,1.2339,103.9457,C,Cloud to Cloud,2025-07-27T15:37:30.698+08:00
2025-07-28 11:29:43,2025-07-27T15:38:00+08:00,2025-07-27T15:40:04+08:00,1.215,103.9679,C,Cloud to Cloud,2025-07-27T15:37:30.716+08:00
2025-07-28 11:29:43,2025-07-27T15:38:00+08:00,2025-07-27T15:40:04+08:00,1.218,103.9682,C,Cloud to Cloud,2025-07-27T15:37:30.716+08:00
2025-07-28 11:29:43,2025-07-27T15:38:00+08:00,2025-07-27T15:40:04+08:00,1.2424,103.9622,C,Cloud to Cloud,2025-07-27T15:37:30.799+08:00
2025-07-28 11:29:43,2025-07-27T15:38:00+08:00,2025-07-27T15:40:04+08:00,1.2285,104.0149,C,Cloud to Cloud,2025-07-27T15:37:30.848+08:00
2025-07-28 11:29:43,2025-07-27T15:38:00+08:00,2025-07-27T15:40:04+08:00,1.2321,104.0123,C,Cloud to Cloud,2025-07-27T15:37:30.848+08:00
2025-07-28 11:29:43,2025-07-27T15:38:00+08:00,2025-07-27T15:40:04+08:00,1.2442,104.003,C,Cloud to Cloud,2025-07-27T15:37:30.853+08:00
2025-07-28 11:29:43,2025-07-27T15:38:00+08:00,2025-07-27T15:40:04+08:00,1.2218,103.9661,C,Cloud to Cloud,2025-07-27T15:37:30.864+08:00
2025-07-28 11:29:43,2025-07-27T15:38:00+08:00,2025-07-27T15:40:04+08:00,1.236,103.9569,C,Cloud to Cloud,2025-07-27T15:37:30.887+08:00
2025-07-28 11:29:43,2025-07-27T15:38:00+08:00,2025-07-27T15:40:04+08:00,1.2235,103.964,C,Cloud to Cloud,2025-07-27T15:37:30.97+08:00
2025-07-28 11:29:43,2025-07-27T15:38:00+08:00,2025-07-27T15:40:04+08:00,1.2258,103.9643,C,Cloud to Cloud,2025-07-27T15:37:30.97+08:00
2025-07-28 11:29:43,2025-07-27T15:38:00+08:00,2025-07-27T15:40:04+08:00,1.2391,103.9567,C,Cloud to Cloud,2025-07-27T15:37:30.988+08:00
2025-07-28 11:29:43,2025-07-27T15:38:00+08:00,2025-07-27T15:40:04+08:00,1.2392,103.9568,C,Cloud to Cloud,2025-07-27T15:37:30.988+08:00
2025-07-28 11:29:43,2025-07-27T15:38:00+08:00,2025-07-27T15:40:04+08:00,1.2683,103.9704,C,Cloud to Cloud,2025-07-27T15:37:35.21+08:00
2025-07-28 11:29:43,2025-07-27T15:38:00+08:00,2025-07-27T15:40:04+08:00,1.2402,103.9933,C,Cloud to Cloud,2025-07-27T15:37:35.278+08:00
2025-07-28 11:29:43,2025-07-27T15:38:00+08:00,2025-07-27T15:40:04+08:00,1.2417,103.9974,C,Cloud to Cloud,2025-07-27T15:37:35.278+08:00
2025-07-28 11:29:43,2025-07-27T15:38:00+08:00,2025-07-27T15:40:04+08:00,1.2591,103.9917,C,Cloud to Cloud,2025-07-27T15:37:35.278+08:00
2025-07-28 11:29:43,2025-07-27T15:38:00+08:00,2025-07-27T15:40:04+08:00,1.2461,103.9915,C,Cloud to Cloud,2025-07-27T15:37:35.399+08:00
2025-07-28 11:29:43,2025-07-27T15:38:00+08:00,2025-07-27T15:40:04+08:00,1.2469,103.992,C,Cloud to Cloud,2025-07-27T15:37:35.399+08:00
2025-07-28 11:29:43,2025-07-27T15:38:00+08:00,2025-07-27T15:40:04+08:00,1.2364,103.9893,C,Cloud to Cloud,2025-07-27T15:37:35.399+08:00
2025-07-28 11:29:43,2025-07-27T15:38:00+08:00,2025-07-27T15:40:04+08:00,1.2702,104.0179,C,Cloud to Cloud,2025-07-27T15:37:35.741+08:00
2025-07-28 11:29:43,2025-07-27T15:38:00+08:00,2025-07-27T15:40:04+08:00,1.2805,103.9765,C,Cloud to Cloud,2025-07-27T15:37:35.772+08:00
2025-07-28 11:29:43,2025-07-27T15:38:00+08:00,2025-07-27T15:40:04+08:00,1.2904,104.0212,C,Cloud to Cloud,2025-07-27T15:37:35.838+08:00
2025-07-28 11:29:43,2025-07-27T15:38:00+08:00,2025-07-27T15:40:04+08:00,1.2807,103.9982,C,Cloud to Cloud,2025-07-27T15:37:35.931+08:00
2025-07-28 11:29:43,2025-07-27T15:38:00+08:00,2025-07-27T15:40:04+08:00,1.3059,103.979,C,Cloud to Cloud,2025-07-27T15:37:35.931+08:00
2025-07-28 11:29:43,2025-07-27T15:38:00+08:00,2025-07-27T15:40:04+08:00,1.2718,103.9961,C,Cloud to Cloud,2025-07-27T15:37:35.937+08:00
2025-07-28 11:29:43,2025-07-27T15:38:00+08:00,2025-07-27T15:40:04+08:00,1.2663,103.9883,C,Cloud to Cloud,2025-07-27T15:37:35.937+08:00
2025-07-28 11:29:43,2025-07-27T15:38:00+08:00,2025-07-27T15:40:04+08:00,1.2999,103.9833,C,Cloud to Cloud,2025-07-27T15:37:35.937+08:00
2025-07-28 11:29:43,2025-07-27T15:38:00+08:00,2025-07-27T15:40:04+08:00,1.2145,103.9357,C,Cloud to Cloud,2025-07-27T15:37:38.266+08:00
2025-07-28 11:29:43,2025-07-27T15:38:00+08:00,2025-07-27T15:40:04+08:00,1.2147,103.9336,C,Cloud to Cloud,2025-07-27T15:37:38.266+08:00
2025-07-28 11:29:43,2025-07-27T15:38:00+08:00,2025-07-27T15:40:04+08:00,1.2042,103.9385,C,Cloud to Cloud,2025-07-27T15:37:38.266+08:00
2025-07-28 11:29:43,2025-07-27T15:38:00+08:00,2025-07-27T15:40:04+08:00,1.2037,103.9393,C,Cloud to Cloud,2025-07-27T15:37:38.266+08:00
2025-07-28 11:29:43,2025-07-27T15:38:00+08:00,2025-07-27T15:40:04+08:00,1.2376,103.9202,C,Cloud to Cloud,2025-07-27T15:37:38.296+08:00
2025-07-28 11:29:43,2025-07-27T15:38:00+08:00,2025-07-27T15:40:04+08:00,1.2265,103.8943,C,Cloud to Cloud,2025-07-27T15:37:38.296+08:00
2025-07-28 11:29:43,2025-07-27T15:38:00+08:00,2025-07-27T15:40:04+08:00,1.1896,103.9555,C,Cloud to Cloud,2025-07-27T15:37:38.355+08:00
2025-07-28 11:29:43,2025-07-27T15:38:00+08:00,2025-07-27T15:40:04+08:00,1.2123,103.9283,C,Cloud to Cloud,2025-07-27T15:37:38.381+08:00
2025-07-28 11:29:43,2025-07-27T15:38:00+08:00,2025-07-27T15:40:04+08:00,1.2115,103.937,C,Cloud to Cloud,2025-07-27T15:37:38.398+08:00
2025-07-28 11:29:43,2025-07-27T15:38:00+08:00,2025-07-27T15:40:04+08:00,1.2117,103.9369,C,Cloud to Cloud,2025-07-27T15:37:38.398+08:00
2025-07-28 11:29:43,2025-07-27T15:38:00+08:00,2025-07-27T15:40:04+08:00,1.2123,103.9397,C,Cloud to Cloud,2025-07-27T15:37:38.399+08:00
2025-07-28 11:29:43,2025-07-27T15:38:00+08:00,2025-07-27T15:40:04+08:00,1.2119,103.9308,C,Cloud to Cloud,2025-07-27T15:37:38.455+08:00
2025-07-28 11:29:43,2025-07-27T15:38:00+08:00,2025-07-27T15:40:04+08:00,1.213,103.9314,C,Cloud to Cloud,2025-07-27T15:37:38.455+08:00
2025-07-28 11:29:43,2025-07-27T15:38:00+08:00,2025-07-27T15:40:04+08:00,1.2104,103.9224,C,Cloud to Cloud,2025-07-27T15:37:38.467+08:00
2025-07-28 11:29:43,2025-07-27T15:38:00+08:00,2025-07-27T15:40:04+08:00,1.237,103.8646,C,Cloud to Cloud,2025-07-27T15:37:38.467+08:00
2025-07-28 11:29:43,2025-07-27T15:38:00+08:00,2025-07-27T15:40:04+08:00,1.1829,103.9858,C,Cloud to Cloud,2025-07-27T15:37:38.491+08:00
2025-07-28 11:29:43,2025-07-27T15:38:00+08:00,2025-07-27T15:40:04+08:00,1.2919,103.9861,C,Cloud to Cloud,2025-07-27T15:37:49.729+08:00
2025-07-28 11:29:43,2025-07-27T15:38:00+08:00,2025-07-27T15:40:04+08:00,1.2962,103.9693,C,Cloud to Cloud,2025-07-27T15:37:49.833+08:00
2025-07-28 11:29:43,2025-07-27T15:38:00+08:00,2025-07-27T15:40:04+08:00,1.2874,103.9518,C,Cloud to Cloud,2025-07-27T15:37:49.931+08:00
2025-07-28 11:29:43,2025-07-27T15:38:00+08:00,2025-07-27T15:40:04+08:00,1.2999,103.982,C,Cloud to Cloud,2025-07-27T15:37:49.931+08:00
2025-07-28 11:29:43,2025-07-27T15:38:00+08:00,2025-07-27T15:40:04+08:00,1.2926,103.9742,C,Cloud to Cloud,2025-07-27T15:37:49.931+08:00
2025-07-28 11:29:43,2025-07-27T15:38:00+08:00,2025-07-27T15:40:04+08:00,1.2909,103.9774,C,Cloud to Cloud,2025-07-27T15:37:49.931+08:00
2025-07-28 11:29:43,2025-07-27T15:38:00+08:00,2025-07-27T15:40:04+08:00,1.3104,103.9579,C,Cloud to Cloud,2025-07-27T15:37:56.857+08:00
2025-07-28 11:29:43,2025-07-27T15:38:00+08:00,2025-07-27T15:40:04+08:00,1.3235,104.0326,C,Cloud to Cloud,2025-07-27T15:37:56.884+08:00
2025-07-28 11:29:43,2025-07-27T15:38:00+08:00,2025-07-27T15:40:04+08:00,1.3222,104.0387,C,Cloud to Cloud,2025-07-27T15:37:56.884+08:00
2025-07-28 11:29:43,2025-07-27T15:36:00+08:00,2025-07-27T15:38:02+08:00,1.2352,103.94,C,Cloud to Cloud,2025-07-27T15:34:00.002+08:00
2025-07-28 11:29:43,2025-07-27T15:36:00+08:00,2025-07-27T15:38:02+08:00,1.2284,103.9305,C,Cloud to Cloud,2025-07-27T15:34:00.024+08:00
2025-07-28 11:29:43,2025-07-27T15:36:00+08:00,2025-07-27T15:38:02+08:00,1.1708,104.0097,C,Cloud to Cloud,2025-07-27T15:34:00.024+08:00
2025-07-28 11:29:43,2025-07-27T15:36:00+08:00,2025-07-27T15:38:02+08:00,1.2075,103.9746,C,Cloud to Cloud,2025-07-27T15:34:00.1+08:00
2025-07-28 11:29:43,2025-07-27T15:36:00+08:00,2025-07-27T15:38:02+08:00,1.2349,103.9735,C,Cloud to Cloud,2025-07-27T15:34:00.1+08:00
2025-07-28 11:29:43,2025-07-27T15:36:00+08:00,2025-07-27T15:38:02+08:00,1.2332,103.9466,C,Cloud to Cloud,2025-07-27T15:34:00.1+08:00
2025-07-28 11:29:43,2025-07-27T15:36:00+08:00,2025-07-27T15:38:02+08:00,1.2478,103.9504,C,Cloud to Cloud,2025-07-27T15:34:00.1+08:00
2025-07-28 11:29:43,2025-07-27T15:36:00+08:00,2025-07-27T15:38:02+08:00,1.2345,103.9435,C,Cloud to Cloud,2025-07-27T15:34:00.101+08:00
2025-07-28 11:29:43,2025-07-27T15:36:00+08:00,2025-07-27T15:38:02+08:00,1.2345,103.9455,C,Cloud to Cloud,2025-07-27T15:34:00.101+08:00
2025-07-28 11:29:43,2025-07-27T15:36:00+08:00,2025-07-27T15:38:02+08:00,1.2615,103.9442,C,Cloud to Cloud,2025-07-27T15:34:00.101+08:00
2025-07-28 11:29:43,2025-07-27T15:36:00+08:00,2025-07-27T15:38:02+08:00,1.2171,104.0137,C,Cloud to Cloud,2025-07-27T15:34:01.457+08:00
2025-07-28 11:29:43,2025-07-27T15:36:00+08:00,2025-07-27T15:38:02+08:00,1.2377,103.9841,C,Cloud to Cloud,2025-07-27T15:34:01.575+08:00
2025-07-28 11:29:43,2025-07-27T15:36:00+08:00,2025-07-27T15:38:02+08:00,1.2366,103.9601,C,Cloud to Cloud,2025-07-27T15:34:01.596+08:00
2025-07-28 11:29:43,2025-07-27T15:36:00+08:00,2025-07-27T15:38:02+08:00,1.2173,103.9576,C,Cloud to Cloud,2025-07-27T15:34:07.847+08:00
2025-07-28 11:29:43,2025-07-27T15:36:00+08:00,2025-07-27T15:38:02+08:00,1.2271,104.0009,C,Cloud to Cloud,2025-07-27T15:34:08.999+08:00
2025-07-28 11:29:43,2025-07-27T15:36:00+08:00,2025-07-27T15:38:02+08:00,1.2183,103.9578,C,Cloud to Cloud,2025-07-27T15:34:14.102+08:00
2025-07-28 11:29:43,2025-07-27T15:36:00+08:00,2025-07-27T15:38:02+08:00,1.2289,103.9873,C,Cloud to Cloud,2025-07-27T15:34:15.967+08:00
2025-07-28 11:29:43,2025-07-27T15:36:00+08:00,2025-07-27T15:38:02+08:00,1.2455,103.9387,C,Cloud to Cloud,2025-07-27T15:34:16.052+08:00
2025-07-28 11:29:43,2025-07-27T15:36:00+08:00,2025-07-27T15:38:02+08:00,1.2255,103.9967,C,Cloud to Cloud,2025-07-27T15:34:16.063+08:00
2025-07-28 11:29:43,2025-07-27T15:36:00+08:00,2025-07-27T15:38:02+08:00,1.2224,103.9636,C,Cloud to Cloud,2025-07-27T15:34:17.584+08:00
2025-07-28 11:29:43,2025-07-27T15:36:00+08:00,2025-07-27T15:38:02+08:00,1.2251,103.9502,C,Cloud to Cloud,2025-07-27T15:34:18.636+08:00
2025-07-28 11:29:43,2025-07-27T15:36:00+08:00,2025-07-27T15:38:02+08:00,1.2252,103.9512,C,Cloud to Cloud,2025-07-27T15:34:18.637+08:00
2025-07-28 11:29:43,2025-07-27T15:36:00+08:00,2025-07-27T15:38:02+08:00,1.2232,103.9527,C,Cloud to Cloud,2025-07-27T15:34:18.691+08:00
2025-07-28 11:29:43,2025-07-27T15:36:00+08:00,2025-07-27T15:38:02+08:00,1.2231,103.9539,C,Cloud to Cloud,2025-07-27T15:34:18.691+08:00
2025-07-28 11:29:43,2025-07-27T15:36:00+08:00,2025-07-27T15:38:02+08:00,1.2899,103.9833,C,Cloud to Cloud,2025-07-27T15:34:18.847+08:00
2025-07-28 11:29:43,2025-07-27T15:36:00+08:00,2025-07-27T15:38:02+08:00,1.2249,103.972,C,Cloud to Cloud,2025-07-27T15:34:18.847+08:00
2025-07-28 11:29:43,2025-07-27T15:36:00+08:00,2025-07-27T15:38:02+08:00,1.2116,103.9113,C,Cloud to Cloud,2025-07-27T15:34:18.847+08:00
2025-07-28 11:29:43,2025-07-27T15:36:00+08:00,2025-07-27T15:38:02+08:00,1.1987,104.0639,C,Cloud to Cloud,2025-07-27T15:34:22.287+08:00
2025-07-28 11:29:43,2025-07-27T15:36:00+08:00,2025-07-27T15:38:02+08:00,1.218,103.9885,C,Cloud to Cloud,2025-07-27T15:34:22.413+08:00
2025-07-28 11:29:43,2025-07-27T15:36:00+08:00,2025-07-27T15:38:02+08:00,1.2419,103.9883,C,Cloud to Cloud,2025-07-27T15:34:22.413+08:00
2025-07-28 11:29:43,2025-07-27T15:36:00+08:00,2025-07-27T15:38:02+08:00,1.2391,103.9314,C,Cloud to Cloud,2025-07-27T15:34:22.413+08:00
2025-07-28 11:29:43,2025-07-27T15:36:00+08:00,2025-07-27T15:38:02+08:00,1.2647,103.9741,C,Cloud to Cloud,2025-07-27T15:34:22.413+08:00
2025-07-28 11:29:43,2025-07-27T15:36:00+08:00,2025-07-27T15:38:02+08:00,1.2403,103.9453,C,Cloud to Cloud,2025-07-27T15:34:22.413+08:00
2025-07-28 11:29:43,2025-07-27T15:36:00+08:00,2025-07-27T15:38:02+08:00,1.2436,103.9697,C,Cloud to Cloud,2025-07-27T15:34:22.413+08:00
2025-07-28 11:29:43,2025-07-27T15:36:00+08:00,2025-07-27T15:38:02+08:00,1.2248,103.9495,C,Cloud to Cloud,2025-07-27T15:34:25.306+08:00
2025-07-28 11:29:43,2025-07-27T15:36:00+08:00,2025-07-27T15:38:02+08:00,1.2219,103.9421,C,Cloud to Cloud,2025-07-27T15:34:27.532+08:00
2025-07-28 11:29:43,2025-07-27T15:36:00+08:00,2025-07-27T15:38:02+08:00,1.2141,103.9695,C,Cloud to Cloud,2025-07-27T15:34:29.397+08:00
2025-07-28 11:29:43,2025-07-27T15:36:00+08:00,2025-07-27T15:38:02+08:00,1.1398,103.9727,C,Cloud to Cloud,2025-07-27T15:34:29.425+08:00
2025-07-28 11:29:43,2025-07-27T15:36:00+08:00,2025-07-27T15:38:02+08:00,1.1127,103.9796,C,Cloud to Cloud,2025-07-27T15:34:29.447+08:00
2025-07-28 11:29:43,2025-07-27T15:36:00+08:00,2025-07-27T15:38:02+08:00,1.229,103.9205,C,Cloud to Cloud,2025-07-27T15:34:29.516+08:00
2025-07-28 11:29:43,2025-07-27T15:36:00+08:00,2025-07-27T15:38:02+08:00,1.2304,103.9763,C,Cloud to Cloud,2025-07-27T15:34:31.317+08:00
2025-07-28 11:29:43,2025-07-27T15:36:00+08:00,2025-07-27T15:38:02+08:00,1.2411,103.9666,C,Cloud to Cloud,2025-07-27T15:34:31.423+08:00
2025-07-28 11:29:43,2025-07-27T15:36:00+08:00,2025-07-27T15:38:02+08:00,1.219,104.0006,C,Cloud to Cloud,2025-07-27T15:34:31.509+08:00
2025-07-28 11:29:43,2025-07-27T15:36:00+08:00,2025-07-27T15:38:02+08:00,1.2404,103.9294,C,Cloud to Cloud,2025-07-27T15:34:31.524+08:00
2025-07-28 11:29:43,2025-07-27T15:36:00+08:00,2025-07-27T15:38:02+08:00,1.2117,104.0101,C,Cloud to Cloud,2025-07-27T15:34:31.524+08:00
2025-07-28 11:29:43,2025-07-27T15:36:00+08:00,2025-07-27T15:38:02+08:00,1.226,103.9509,C,Cloud to Cloud,2025-07-27T15:34:32.461+08:00
2025-07-28 11:29:43,2025-07-27T15:36:00+08:00,2025-07-27T15:38:02+08:00,1.2166,103.9539,C,Cloud to Cloud,2025-07-27T15:34:34.228+08:00
2025-07-28 11:29:43,2025-07-27T15:36:00+08:00,2025-07-27T15:38:02+08:00,1.2324,103.9435,C,Cloud to Cloud,2025-07-27T15:34:34.515+08:00
2025-07-28 11:29:43,2025-07-27T15:36:00+08:00,2025-07-27T15:38:02+08:00,1.2402,103.9442,C,Cloud to Cloud,2025-07-27T15:34:34.617+08:00
2025-07-28 11:29:43,2025-07-27T15:36:00+08:00,2025-07-27T15:38:02+08:00,1.2398,103.9389,C,Cloud to Cloud,2025-07-27T15:34:34.618+08:00
2025-07-28 11:29:43,2025-07-27T15:36:00+08:00,2025-07-27T15:38:02+08:00,1.228,103.9322,C,Cloud to Cloud,2025-07-27T15:34:34.641+08:00
2025-07-28 11:29:43,2025-07-27T15:36:00+08:00,2025-07-27T15:38:02+08:00,1.2463,103.9587,C,Cloud to Cloud,2025-07-27T15:34:35.812+08:00
2025-07-28 11:29:43,2025-07-27T15:36:00+08:00,2025-07-27T15:38:02+08:00,1.247,103.9588,C,Cloud to Cloud,2025-07-27T15:34:35.812+08:00
2025-07-28 11:29:43,2025-07-27T15:36:00+08:00,2025-07-27T15:38:02+08:00,1.2469,103.9618,C,Cloud to Cloud,2025-07-27T15:34:35.812+08:00
2025-07-28 11:29:43,2025-07-27T15:36:00+08:00,2025-07-27T15:38:02+08:00,1.2334,103.9584,C,Cloud to Cloud,2025-07-27T15:34:45.596+08:00
2025-07-28 11:29:43,2025-07-27T15:36:00+08:00,2025-07-27T15:38:02+08:00,1.2338,103.9606,C,Cloud to Cloud,2025-07-27T15:34:45.596+08:00
2025-07-28 11:29:43,2025-07-27T15:36:00+08:00,2025-07-27T15:38:02+08:00,1.2312,103.9473,C,Cloud to Cloud,2025-07-27T15:34:45.625+08:00
2025-07-28 11:29:43,2025-07-27T15:36:00+08:00,2025-07-27T15:38:02+08:00,1.2317,103.9481,C,Cloud to Cloud,2025-07-27T15:34:45.625+08:00
2025-07-28 11:29:43,2025-07-27T15:36:00+08:00,2025-07-27T15:38:02+08:00,1.2292,103.9509,C,Cloud to Cloud,2025-07-27T15:34:45.708+08:00
2025-07-28 11:29:43,2025-07-27T15:36:00+08:00,2025-07-27T15:38:02+08:00,1.2297,103.9526,C,Cloud to Cloud,2025-07-27T15:34:45.708+08:00
2025-07-28 11:29:43,2025-07-27T15:36:00+08:00,2025-07-27T15:38:02+08:00,1.2145,103.9572,C,Cloud to Cloud,2025-07-27T15:34:45.832+08:00
2025-07-28 11:29:43,2025-07-27T15:36:00+08:00,2025-07-27T15:38:02+08:00,1.2299,103.9579,C,Cloud to Cloud,2025-07-27T15:34:45.832+08:00
2025-07-28 11:29:43,2025-07-27T15:36:00+08:00,2025-07-27T15:38:02+08:00,1.218,103.967,C,Cloud to Cloud,2025-07-27T15:34:45.833+08:00
2025-07-28 11:29:43,2025-07-27T15:36:00+08:00,2025-07-27T15:38:02+08:00,1.2442,103.9725,C,Cloud to Cloud,2025-07-27T15:34:46.342+08:00
2025-07-28 11:29:43,2025-07-27T15:36:00+08:00,2025-07-27T15:38:02+08:00,1.2448,103.9735,C,Cloud to Cloud,2025-07-27T15:34:46.343+08:00
2025-07-28 11:29:43,2025-07-27T15:36:00+08:00,2025-07-27T15:38:02+08:00,1.2455,104.0022,C,Cloud to Cloud,2025-07-27T15:34:46.343+08:00
2025-07-28 11:29:43,2025-07-27T15:36:00+08:00,2025-07-27T15:38:02+08:00,1.2437,104.0001,C,Cloud to Cloud,2025-07-27T15:34:46.343+08:00
2025-07-28 11:29:43,2025-07-27T15:36:00+08:00,2025-07-27T15:38:02+08:00,1.2213,103.9987,C,Cloud to Cloud,2025-07-27T15:34:46.343+08:00
2025-07-28 11:29:43,2025-07-27T15:36:00+08:00,2025-07-27T15:38:02+08:00,1.2255,103.9882,C,Cloud to Cloud,2025-07-27T15:34:46.355+08:00
2025-07-28 11:29:43,2025-07-27T15:36:00+08:00,2025-07-27T15:38:02+08:00,1.173,104.0293,C,Cloud to Cloud,2025-07-27T15:34:46.355+08:00
2025-07-28 11:29:43,2025-07-27T15:36:00+08:00,2025-07-27T15:38:02+08:00,1.2119,103.9877,C,Cloud to Cloud,2025-07-27T15:34:53.281+08:00
2025-07-28 11:29:43,2025-07-27T15:36:00+08:00,2025-07-27T15:38:02+08:00,1.2227,103.9764,C,Cloud to Cloud,2025-07-27T15:34:53.281+08:00
2025-07-28 11:29:43,2025-07-27T15:36:00+08:00,2025-07-27T15:38:02+08:00,1.2318,104.0081,C,Cloud to Cloud,2025-07-27T15:34:55.92+08:00
2025-07-28 11:29:43,2025-07-27T15:36:00+08:00,2025-07-27T15:38:02+08:00,1.2358,103.9988,C,Cloud to Cloud,2025-07-27T15:34:55.92+08:00
2025-07-28 11:29:43,2025-07-27T15:36:00+08:00,2025-07-27T15:38:02+08:00,1.2156,104.0017,C,Cloud to Cloud,2025-07-27T15:34:55.92+08:00
2025-07-28 11:29:43,2025-07-27T15:36:00+08:00,2025-07-27T15:38:02+08:00,1.2427,103.9872,C,Cloud to Cloud,2025-07-27T15:34:55.922+08:00
2025-07-28 11:29:43,2025-07-27T15:36:00+08:00,2025-07-27T15:38:02+08:00,1.2389,103.9445,C,Cloud to Cloud,2025-07-27T15:34:58.59+08:00
2025-07-28 11:29:43,2025-07-27T15:36:00+08:00,2025-07-27T15:38:02+08:00,1.2465,103.9481,C,Cloud to Cloud,2025-07-27T15:34:58.596+08:00
2025-07-28 11:29:43,2025-07-27T15:36:00+08:00,2025-07-27T15:38:02+08:00,1.1783,103.9831,C,Cloud to Cloud,2025-07-27T15:35:02.044+08:00
2025-07-28 11:29:43,2025-07-27T15:36:00+08:00,2025-07-27T15:38:02+08:00,1.2255,103.9403,C,Cloud to Cloud,2025-07-27T15:35:05.898+08:00
2025-07-28 11:29:43,2025-07-27T15:36:00+08:00,2025-07-27T15:38:02+08:00,1.16,104.0207,C,Cloud to Cloud,2025-07-27T15:35:05.898+08:00
2025-07-28 11:29:43,2025-07-27T15:36:00+08:00,2025-07-27T15:38:02+08:00,1.2205,103.9515,C,Cloud to Cloud,2025-07-27T15:35:05.975+08:00
2025-07-28 11:29:43,2025-07-27T15:36:00+08:00,2025-07-27T15:38:02+08:00,1.2214,103.9515,C,Cloud to Cloud,2025-07-27T15:35:05.976+08:00
2025-07-28 11:29:43,2025-07-27T15:36:00+08:00,2025-07-27T15:38:02+08:00,1.2185,103.9456,C,Cloud to Cloud,2025-07-27T15:35:05.997+08:00
2025-07-28 11:29:43,2025-07-27T15:36:00+08:00,2025-07-27T15:38:02+08:00,1.1972,103.9752,C,Cloud to Cloud,2025-07-27T15:35:06.053+08:00
2025-07-28 11:29:43,2025-07-27T15:36:00+08:00,2025-07-27T15:38:02+08:00,1.2059,103.9756,C,Cloud to Cloud,2025-07-27T15:35:06.053+08:00
2025-07-28 11:29:43,2025-07-27T15:36:00+08:00,2025-07-27T15:38:02+08:00,1.237,103.9934,C,Cloud to Cloud,2025-07-27T15:35:08.859+08:00
2025-07-28 11:29:43,2025-07-27T15:36:00+08:00,2025-07-27T15:38:02+08:00,1.2818,104.004,C,Cloud to Cloud,2025-07-27T15:35:09.754+08:00
2025-07-28 11:29:43,2025-07-27T15:36:00+08:00,2025-07-27T15:38:02+08:00,1.2125,103.9557,C,Cloud to Cloud,2025-07-27T15:35:15.855+08:00
2025-07-28 11:29:43,2025-07-27T15:36:00+08:00,2025-07-27T15:38:02+08:00,1.2147,103.9551,C,Cloud to Cloud,2025-07-27T15:35:15.855+08:00
2025-07-28 11:29:43,2025-07-27T15:36:00+08:00,2025-07-27T15:38:02+08:00,1.2366,103.9135,C,Cloud to Cloud,2025-07-27T15:35:15.855+08:00
2025-07-28 11:29:43,2025-07-27T15:36:00+08:00,2025-07-27T15:38:02+08:00,1.2131,103.9561,C,Cloud to Cloud,2025-07-27T15:35:15.879+08:00
2025-07-28 11:29:43,2025-07-27T15:36:00+08:00,2025-07-27T15:38:02+08:00,1.2259,103.9587,C,Cloud to Cloud,2025-07-27T15:35:15.944+08:00
2025-07-28 11:29:43,2025-07-27T15:36:00+08:00,2025-07-27T15:38:02+08:00,1.2263,103.9586,C,Cloud to Cloud,2025-07-27T15:35:15.944+08:00
2025-07-28 11:29:43,2025-07-27T15:36:00+08:00,2025-07-27T15:38:02+08:00,1.2937,103.9645,C,Cloud to Cloud,2025-07-27T15:35:20.595+08:00
2025-07-28 11:29:43,2025-07-27T15:36:00+08:00,2025-07-27T15:38:02+08:00,1.3138,104.0378,C,Cloud to Cloud,2025-07-27T15:35:20.595+08:00
2025-07-28 11:29:43,2025-07-27T15:36:00+08:00,2025-07-27T15:38:02+08:00,1.2972,103.9722,C,Cloud to Cloud,2025-07-27T15:35:20.657+08:00
2025-07-28 11:29:43,2025-07-27T15:36:00+08:00,2025-07-27T15:38:02+08:00,1.2962,103.9703,C,Cloud to Cloud,2025-07-27T15:35:20.657+08:00
2025-07-28 11:29:43,2025-07-27T15:36:00+08:00,2025-07-27T15:38:02+08:00,1.2367,103.9535,C,Cloud to Cloud,2025-07-27T15:35:21.067+08:00
2025-07-28 11:29:43,2025-07-27T15:36:00+08:00,2025-07-27T15:38:02+08:00,1.2434,103.9555,C,Cloud to Cloud,2025-07-27T15:35:21.068+08:00
2025-07-28 11:29:43,2025-07-27T15:36:00+08:00,2025-07-27T15:38:02+08:00,1.2279,104.0065,C,Cloud to Cloud,2025-07-27T15:35:21.068+08:00
2025-07-28 11:29:43,2025-07-27T15:36:00+08:00,2025-07-27T15:38:02+08:00,1.2132,103.9651,C,Cloud to Cloud,2025-07-27T15:35:22.198+08:00
2025-07-28 11:29:43,2025-07-27T15:36:00+08:00,2025-07-27T15:38:02+08:00,1.2148,103.9355,C,Cloud to Cloud,2025-07-27T15:35:26.945+08:00
2025-07-28 11:29:43,2025-07-27T15:36:00+08:00,2025-07-27T15:38:02+08:00,1.2148,103.9361,C,Cloud to Cloud,2025-07-27T15:35:26.945+08:00
2025-07-28 11:29:43,2025-07-27T15:36:00+08:00,2025-07-27T15:38:02+08:00,1.2395,104.0003,C,Cloud to Cloud,2025-07-27T15:35:26.953+08:00
2025-07-28 11:29:43,2025-07-27T15:36:00+08:00,2025-07-27T15:38:02+08:00,1.2349,104.0179,C,Cloud to Cloud,2025-07-27T15:35:26.953+08:00
2025-07-28 11:29:43,2025-07-27T15:36:00+08:00,2025-07-27T15:38:02+08:00,1.2515,103.9836,C,Cloud to Cloud,2025-07-27T15:35:27.038+08:00
2025-07-28 11:29:43,2025-07-27T15:36:00+08:00,2025-07-27T15:38:02+08:00,1.2526,103.9843,C,Cloud to Cloud,2025-07-27T15:35:27.038+08:00
2025-07-28 11:29:43,2025-07-27T15:36:00+08:00,2025-07-27T15:38:02+08:00,1.2276,104.009,C,Cloud to Cloud,2025-07-27T15:35:27.084+08:00
2025-07-28 11:29:43,2025-07-27T15:36:00+08:00,2025-07-27T15:38:02+08:00,1.2432,104.0148,C,Cloud to Cloud,2025-07-27T15:35:30.654+08:00
2025-07-28 11:29:43,2025-07-27T15:36:00+08:00,2025-07-27T15:38:02+08:00,1.2442,104.0145,C,Cloud to Cloud,2025-07-27T15:35:30.654+08:00
2025-07-28 11:29:43,2025-07-27T15:36:00+08:00,2025-07-27T15:38:02+08:00,1.2547,104.0152,C,Cloud to Cloud,2025-07-27T15:35:30.654+08:00
2025-07-28 11:29:43,2025-07-27T15:36:00+08:00,2025-07-27T15:38:02+08:00,1.2545,104.0153,C,Cloud to Cloud,2025-07-27T15:35:30.654+08:00
2025-07-28 11:29:43,2025-07-27T15:36:00+08:00,2025-07-27T15:38:02+08:00,1.2418,104.0125,C,Cloud to Cloud,2025-07-27T15:35:30.654+08:00
2025-07-28 11:29:43,2025-07-27T15:36:00+08:00,2025-07-27T15:38:02+08:00,1.2405,104.0126,C,Cloud to Cloud,2025-07-27T15:35:30.654+08:00
2025-07-28 11:29:43,2025-07-27T15:36:00+08:00,2025-07-27T15:38:02+08:00,1.2404,104.0176,C,Cloud to Cloud,2025-07-27T15:35:30.654+08:00
2025-07-28 11:29:43,2025-07-27T15:36:00+08:00,2025-07-27T15:38:02+08:00,1.2348,104.0117,C,Cloud to Cloud,2025-07-27T15:35:30.654+08:00
2025-07-28 11:29:43,2025-07-27T15:36:00+08:00,2025-07-27T15:38:02+08:00,1.2552,104.0148,C,Cloud to Cloud,2025-07-27T15:35:30.654+08:00
2025-07-28 11:29:43,2025-07-27T15:36:00+08:00,2025-07-27T15:38:02+08:00,1.2548,104.0119,C,Cloud to Cloud,2025-07-27T15:35:30.654+08:00
2025-07-28 11:29:43,2025-07-27T15:36:00+08:00,2025-07-27T15:38:02+08:00,1.2548,104.0122,C,Cloud to Cloud,2025-07-27T15:35:30.654+08:00
2025-07-28 11:29:43,2025-07-27T15:36:00+08:00,2025-07-27T15:38:02+08:00,1.2396,104.0184,C,Cloud to Cloud,2025-07-27T15:35:30.654+08:00
2025-07-28 11:29:43,2025-07-27T15:36:00+08:00,2025-07-27T15:38:02+08:00,1.2531,104.0123,C,Cloud to Cloud,2025-07-27T15:35:30.654+08:00
2025-07-28 11:29:43,2025-07-27T15:36:00+08:00,2025-07-27T15:38:02+08:00,1.2531,104.0118,C,Cloud to Cloud,2025-07-27T15:35:30.655+08:00
2025-07-28 11:29:43,2025-07-27T15:36:00+08:00,2025-07-27T15:38:02+08:00,1.2427,104.0147,C,Cloud to Cloud,2025-07-27T15:35:30.655+08:00
2025-07-28 11:29:43,2025-07-27T15:36:00+08:00,2025-07-27T15:38:02+08:00,1.2408,104.0162,C,Cloud to Cloud,2025-07-27T15:35:30.655+08:00
2025-07-28 11:29:43,2025-07-27T15:36:00+08:00,2025-07-27T15:38:02+08:00,1.2408,104.0158,C,Cloud to Cloud,2025-07-27T15:35:30.655+08:00
2025-07-28 11:29:43,2025-07-27T15:36:00+08:00,2025-07-27T15:38:02+08:00,1.239,104.0169,C,Cloud to Cloud,2025-07-27T15:35:30.655+08:00
2025-07-28 11:29:43,2025-07-27T15:36:00+08:00,2025-07-27T15:38:02+08:00,1.2414,104.0171,C,Cloud to Cloud,2025-07-27T15:35:30.655+08:00
2025-07-28 11:29:43,2025-07-27T15:36:00+08:00,2025-07-27T15:38:02+08:00,1.2429,104.0173,C,Cloud to Cloud,2025-07-27T15:35:30.655+08:00
2025-07-28 11:29:43,2025-07-27T15:36:00+08:00,2025-07-27T15:38:02+08:00,1.2369,104.0191,C,Cloud to Cloud,2025-07-27T15:35:30.655+08:00
2025-07-28 11:29:43,2025-07-27T15:36:00+08:00,2025-07-27T15:38:02+08:00,1.2386,104.0175,C,Cloud to Cloud,2025-07-27T15:35:30.655+08:00
2025-07-28 11:29:43,2025-07-27T15:36:00+08:00,2025-07-27T15:38:02+08:00,1.2372,104.018,C,Cloud to Cloud,2025-07-27T15:35:30.655+08:00
2025-07-28 11:29:43,2025-07-27T15:36:00+08:00,2025-07-27T15:38:02+08:00,1.2386,104.0185,C,Cloud to Cloud,2025-07-27T15:35:30.656+08:00
2025-07-28 11:29:43,2025-07-27T15:36:00+08:00,2025-07-27T15:38:02+08:00,1.237,104.0188,C,Cloud to Cloud,2025-07-27T15:35:30.656+08:00
2025-07-28 11:29:43,2025-07-27T15:36:00+08:00,2025-07-27T15:38:02+08:00,1.2368,104.017,C,Cloud to Cloud,2025-07-27T15:35:30.656+08:00
2025-07-28 11:29:43,2025-07-27T15:36:00+08:00,2025-07-27T15:38:02+08:00,1.2349,104.0258,C,Cloud to Cloud,2025-07-27T15:35:30.747+08:00
2025-07-28 11:29:43,2025-07-27T15:36:00+08:00,2025-07-27T15:38:02+08:00,1.2617,104.0025,C,Cloud to Cloud,2025-07-27T15:35:30.816+08:00
2025-07-28 11:29:43,2025-07-27T15:36:00+08:00,2025-07-27T15:38:02+08:00,1.2432,104.0099,C,Cloud to Cloud,2025-07-27T15:35:30.816+08:00
2025-07-28 11:29:43,2025-07-27T15:36:00+08:00,2025-07-27T15:38:02+08:00,1.2373,104.0139,C,Cloud to Cloud,2025-07-27T15:35:30.816+08:00
2025-07-28 11:29:43,2025-07-27T15:36:00+08:00,2025-07-27T15:38:02+08:00,1.2344,104.0147,C,Cloud to Cloud,2025-07-27T15:35:30.816+08:00
2025-07-28 11:29:43,2025-07-27T15:36:00+08:00,2025-07-27T15:38:02+08:00,1.2509,104.0108,C,Cloud to Cloud,2025-07-27T15:35:30.816+08:00
2025-07-28 11:29:43,2025-07-27T15:36:00+08:00,2025-07-27T15:38:02+08:00,1.2513,104.0119,C,Cloud to Cloud,2025-07-27T15:35:30.816+08:00
2025-07-28 11:29:43,2025-07-27T15:36:00+08:00,2025-07-27T15:38:02+08:00,1.2343,104.0162,C,Cloud to Cloud,2025-07-27T15:35:30.817+08:00
2025-07-28 11:29:43,2025-07-27T15:36:00+08:00,2025-07-27T15:38:02+08:00,1.2546,104.0111,C,Cloud to Cloud,2025-07-27T15:35:30.818+08:00
2025-07-28 11:29:43,2025-07-27T15:36:00+08:00,2025-07-27T15:38:02+08:00,1.2278,104.0175,C,Cloud to Cloud,2025-07-27T15:35:30.818+08:00
2025-07-28 11:29:43,2025-07-27T15:36:00+08:00,2025-07-27T15:38:02+08:00,1.2609,104.0106,C,Cloud to Cloud,2025-07-27T15:35:30.818+08:00
2025-07-28 11:29:43,2025-07-27T15:36:00+08:00,2025-07-27T15:38:02+08:00,1.2506,104.0113,C,Cloud to Cloud,2025-07-27T15:35:30.818+08:00
2025-07-28 11:29:43,2025-07-27T15:36:00+08:00,2025-07-27T15:38:02+08:00,1.2308,104.0202,C,Cloud to Cloud,2025-07-27T15:35:30.818+08:00
2025-07-28 11:29:43,2025-07-27T15:36:00+08:00,2025-07-27T15:38:02+08:00,1.2586,104.0087,C,Cloud to Cloud,2025-07-27T15:35:30.829+08:00
2025-07-28 11:29:43,2025-07-27T15:36:00+08:00,2025-07-27T15:38:02+08:00,1.2574,104.0085,C,Cloud to Cloud,2025-07-27T15:35:30.829+08:00
2025-07-28 11:29:43,2025-07-27T15:36:00+08:00,2025-07-27T15:38:02+08:00,1.2363,104.0161,C,Cloud to Cloud,2025-07-27T15:35:30.829+08:00
2025-07-28 11:29:43,2025-07-27T15:36:00+08:00,2025-07-27T15:38:02+08:00,1.23,104.0046,C,Cloud to Cloud,2025-07-27T15:35:30.829+08:00
2025-07-28 11:29:43,2025-07-27T15:36:00+08:00,2025-07-27T15:38:02+08:00,1.2606,103.9885,C,Cloud to Cloud,2025-07-27T15:35:30.868+08:00
2025-07-28 11:29:43,2025-07-27T15:36:00+08:00,2025-07-27T15:38:02+08:00,1.2615,103.9889,C,Cloud to Cloud,2025-07-27T15:35:30.869+08:00
2025-07-28 11:29:43,2025-07-27T15:36:00+08:00,2025-07-27T15:38:02+08:00,1.2747,103.9515,C,Cloud to Cloud,2025-07-27T15:35:30.88+08:00
2025-07-28 11:29:43,2025-07-27T15:36:00+08:00,2025-07-27T15:38:02+08:00,1.2836,103.9683,C,Cloud to Cloud,2025-07-27T15:35:30.88+08:00
2025-07-28 11:29:43,2025-07-27T15:36:00+08:00,2025-07-27T15:38:02+08:00,1.2901,103.9896,C,Cloud to Cloud,2025-07-27T15:35:30.88+08:00
2025-07-28 11:29:43,2025-07-27T15:36:00+08:00,2025-07-27T15:38:02+08:00,1.2772,103.9778,C,Cloud to Cloud,2025-07-27T15:35:30.882+08:00
2025-07-28 11:29:43,2025-07-27T15:36:00+08:00,2025-07-27T15:38:02+08:00,1.2445,103.9937,C,Cloud to Cloud,2025-07-27T15:35:30.893+08:00
2025-07-28 11:29:43,2025-07-27T15:36:00+08:00,2025-07-27T15:38:02+08:00,1.2379,104.0175,C,Cloud to Cloud,2025-07-27T15:35:30.913+08:00
2025-07-28 11:29:43,2025-07-27T15:36:00+08:00,2025-07-27T15:38:02+08:00,1.2526,104.0129,C,Cloud to Cloud,2025-07-27T15:35:30.913+08:00
2025-07-28 11:29:43,2025-07-27T15:36:00+08:00,2025-07-27T15:38:02+08:00,1.2523,104.0111,C,Cloud to Cloud,2025-07-27T15:35:30.913+08:00
2025-07-28 11:29:43,2025-07-27T15:36:00+08:00,2025-07-27T15:38:02+08:00,1.2323,104.0141,C,Cloud to Cloud,2025-07-27T15:35:30.914+08:00
2025-07-28 11:29:43,2025-07-27T15:36:00+08:00,2025-07-27T15:38:02+08:00,1.2512,103.9994,C,Cloud to Cloud,2025-07-27T15:35:30.933+08:00
2025-07-28 11:29:43,2025-07-27T15:36:00+08:00,2025-07-27T15:38:02+08:00,1.2516,103.9996,C,Cloud to Cloud,2025-07-27T15:35:30.933+08:00
2025-07-28 11:29:43,2025-07-27T15:36:00+08:00,2025-07-27T15:38:02+08:00,1.2343,104.007,C,Cloud to Cloud,2025-07-27T15:35:30.953+08:00
2025-07-28 11:29:43,2025-07-27T15:36:00+08:00,2025-07-27T15:38:02+08:00,1.238,103.9741,C,Cloud to Cloud,2025-07-27T15:35:30.99+08:00
2025-07-28 11:29:43,2025-07-27T15:36:00+08:00,2025-07-27T15:38:02+08:00,1.2434,103.9796,C,Cloud to Cloud,2025-07-27T15:35:31.034+08:00
2025-07-28 11:29:43,2025-07-27T15:36:00+08:00,2025-07-27T15:38:02+08:00,1.2434,103.9802,C,Cloud to Cloud,2025-07-27T15:35:31.034+08:00
2025-07-28 11:29:43,2025-07-27T15:36:00+08:00,2025-07-27T15:38:02+08:00,1.203,103.9415,C,Cloud to Cloud,2025-07-27T15:35:33.202+08:00
2025-07-28 11:29:43,2025-07-27T15:36:00+08:00,2025-07-27T15:38:02+08:00,1.2175,103.9224,C,Cloud to Cloud,2025-07-27T15:35:33.226+08:00
2025-07-28 11:29:43,2025-07-27T15:36:00+08:00,2025-07-27T15:38:02+08:00,1.2232,103.9241,C,Cloud to Cloud,2025-07-27T15:35:33.227+08:00
2025-07-28 11:29:43,2025-07-27T15:36:00+08:00,2025-07-27T15:38:02+08:00,1.2166,103.9267,C,Cloud to Cloud,2025-07-27T15:35:33.227+08:00
2025-07-28 11:29:43,2025-07-27T15:36:00+08:00,2025-07-27T15:38:02+08:00,1.2289,103.9421,C,Cloud to Cloud,2025-07-27T15:35:33.227+08:00
2025-07-28 11:29:43,2025-07-27T15:36:00+08:00,2025-07-27T15:38:02+08:00,1.2289,103.9436,C,Cloud to Cloud,2025-07-27T15:35:33.227+08:00
2025-07-28 11:29:43,2025-07-27T15:36:00+08:00,2025-07-27T15:38:02+08:00,1.1628,104.0955,C,Cloud to Cloud,2025-07-27T15:35:33.227+08:00
2025-07-28 11:29:43,2025-07-27T15:36:00+08:00,2025-07-27T15:38:02+08:00,1.2286,103.9439,C,Cloud to Cloud,2025-07-27T15:35:33.227+08:00
2025-07-28 11:29:43,2025-07-27T15:36:00+08:00,2025-07-27T15:38:02+08:00,1.2173,103.9378,C,Cloud to Cloud,2025-07-27T15:35:33.265+08:00
2025-07-28 11:29:43,2025-07-27T15:36:00+08:00,2025-07-27T15:38:02+08:00,1.2226,103.9402,C,Cloud to Cloud,2025-07-27T15:35:33.265+08:00
2025-07-28 11:29:43,2025-07-27T15:36:00+08:00,2025-07-27T15:38:02+08:00,1.2141,103.9232,C,Cloud to Cloud,2025-07-27T15:35:33.265+08:00
2025-07-28 11:29:43,2025-07-27T15:36:00+08:00,2025-07-27T15:38:02+08:00,1.2381,103.9619,C,Cloud to Cloud,2025-07-27T15:35:40.65+08:00
2025-07-28 11:29:43,2025-07-27T15:36:00+08:00,2025-07-27T15:38:02+08:00,1.2381,103.9619,C,Cloud to Cloud,2025-07-27T15:35:40.65+08:00
2025-07-28 11:29:43,2025-07-27T15:36:00+08:00,2025-07-27T15:38:02+08:00,1.1963,103.9935,C,Cloud to Cloud,2025-07-27T15:35:40.65+08:00
2025-07-28 11:29:43,2025-07-27T15:36:00+08:00,2025-07-27T15:38:02+08:00,1.2297,103.9739,C,Cloud to Cloud,2025-07-27T15:35:40.765+08:00
2025-07-28 11:29:43,2025-07-27T15:36:00+08:00,2025-07-27T15:38:02+08:00,1.2284,103.9765,C,Cloud to Cloud,2025-07-27T15:35:40.797+08:00
2025-07-28 11:29:43,2025-07-27T15:36:00+08:00,2025-07-27T15:38:02+08:00,1.2287,103.9765,C,Cloud to Cloud,2025-07-27T15:35:40.797+08:00
2025-07-28 11:29:43,2025-07-27T15:36:00+08:00,2025-07-27T15:38:02+08:00,1.2361,103.98,C,Cloud to Cloud,2025-07-27T15:35:40.854+08:00
2025-07-28 11:29:43,2025-07-27T15:36:00+08:00,2025-07-27T15:38:02+08:00,1.236,103.9797,C,Cloud to Cloud,2025-07-27T15:35:40.855+08:00
2025-07-28 11:29:43,2025-07-27T15:36:00+08:00,2025-07-27T15:38:02+08:00,1.2447,103.9619,C,Cloud to Cloud,2025-07-27T15:35:44.031+08:00
2025-07-28 11:29:43,2025-07-27T15:36:00+08:00,2025-07-27T15:38:02+08:00,1.2375,103.9494,C,Cloud to Cloud,2025-07-27T15:35:44.17+08:00
2025-07-28 11:29:43,2025-07-27T15:36:00+08:00,2025-07-27T15:38:02+08:00,1.2451,103.9771,C,Cloud to Cloud,2025-07-27T15:35:44.216+08:00
2025-07-28 11:29:43,2025-07-27T15:36:00+08:00,2025-07-27T15:38:02+08:00,1.2451,103.9772,C,Cloud to Cloud,2025-07-27T15:35:44.216+08:00
2025-07-28 11:29:43,2025-07-27T15:36:00+08:00,2025-07-27T15:38:02+08:00,1.2459,103.9673,C,Cloud to Cloud,2025-07-27T15:35:44.216+08:00
2025-07-28 11:29:43,2025-07-27T15:36:00+08:00,2025-07-27T15:38:02+08:00,1.235,103.9717,C,Cloud to Cloud,2025-07-27T15:35:44.216+08:00
2025-07-28 11:29:43,2025-07-27T15:36:00+08:00,2025-07-27T15:38:02+08:00,1.2348,103.9634,C,Cloud to Cloud,2025-07-27T15:35:44.216+08:00
2025-07-28 11:29:43,2025-07-27T15:36:00+08:00,2025-07-27T15:38:02+08:00,1.2358,103.9628,C,Cloud to Cloud,2025-07-27T15:35:44.216+08:00
2025-07-28 11:29:43,2025-07-27T15:36:00+08:00,2025-07-27T15:38:02+08:00,1.2203,104.0253,C,Cloud to Cloud,2025-07-27T15:35:44.217+08:00
2025-07-28 11:29:43,2025-07-27T15:36:00+08:00,2025-07-27T15:38:02+08:00,1.2473,103.9897,C,Cloud to Cloud,2025-07-27T15:35:44.242+08:00
2025-07-28 11:29:43,2025-07-27T15:36:00+08:00,2025-07-27T15:38:02+08:00,1.2463,103.9883,C,Cloud to Cloud,2025-07-27T15:35:44.242+08:00
2025-07-28 11:29:43,2025-07-27T15:36:00+08:00,2025-07-27T15:38:02+08:00,1.2463,103.9935,C,Cloud to Cloud,2025-07-27T15:35:44.243+08:00
2025-07-28 11:29:43,2025-07-27T15:36:00+08:00,2025-07-27T15:38:02+08:00,1.2459,103.9933,C,Cloud to Cloud,2025-07-27T15:35:44.243+08:00
2025-07-28 11:29:43,2025-07-27T15:36:00+08:00,2025-07-27T15:38:02+08:00,1.2133,103.9337,C,Cloud to Cloud,2025-07-27T15:35:46.003+08:00
2025-07-28 11:29:43,2025-07-27T15:36:00+08:00,2025-07-27T15:38:02+08:00,1.2108,103.9774,C,Cloud to Cloud,2025-07-27T15:35:46.003+08:00
2025-07-28 11:29:43,2025-07-27T15:36:00+08:00,2025-07-27T15:38:02+08:00,1.2142,103.928,C,Cloud to Cloud,2025-07-27T15:35:46.003+08:00
2025-07-28 11:29:43,2025-07-27T15:36:00+08:00,2025-07-27T15:38:02+08:00,1.2141,103.9292,C,Cloud to Cloud,2025-07-27T15:35:46.003+08:00
2025-07-28 11:29:43,2025-07-27T15:36:00+08:00,2025-07-27T15:38:02+08:00,1.2983,103.9799,C,Cloud to Cloud,2025-07-27T15:35:47.186+08:00
2025-07-28 11:29:43,2025-07-27T15:36:00+08:00,2025-07-27T15:38:02+08:00,1.2848,104.0098,C,Cloud to Cloud,2025-07-27T15:35:47.186+08:00
2025-07-28 11:29:43,2025-07-27T15:36:00+08:00,2025-07-27T15:38:02+08:00,1.2336,103.9617,C,Cloud to Cloud,2025-07-27T15:35:48.179+08:00
2025-07-28 11:29:43,2025-07-27T15:36:00+08:00,2025-07-27T15:38:02+08:00,1.2051,103.9592,C,Cloud to Cloud,2025-07-27T15:35:49.464+08:00
2025-07-28 11:29:43,2025-07-27T15:36:00+08:00,2025-07-27T15:38:02+08:00,1.2059,103.9586,C,Cloud to Cloud,2025-07-27T15:35:49.464+08:00
2025-07-28 11:29:43,2025-07-27T15:36:00+08:00,2025-07-27T15:38:02+08:00,1.2101,103.9564,C,Cloud to Cloud,2025-07-27T15:35:49.496+08:00
2025-07-28 11:29:43,2025-07-27T15:36:00+08:00,2025-07-27T15:38:02+08:00,1.2832,103.9687,C,Cloud to Cloud,2025-07-27T15:35:51.75+08:00
2025-07-28 11:29:43,2025-07-27T15:36:00+08:00,2025-07-27T15:38:02+08:00,1.2261,104.0303,C,Cloud to Cloud,2025-07-27T15:35:57.264+08:00
2025-07-28 11:29:43,2025-07-27T15:36:00+08:00,2025-07-27T15:38:02+08:00,1.2104,103.9989,C,Cloud to Cloud,2025-07-27T15:35:57.264+08:00
2025-07-28 11:29:43,2025-07-27T15:36:00+08:00,2025-07-27T15:38:02+08:00,1.2142,103.9277,C,Cloud to Cloud,2025-07-27T15:35:58.933+08:00
2025-07-28 11:29:43,2025-07-27T15:36:00+08:00,2025-07-27T15:38:02+08:00,1.2106,103.9284,C,Cloud to Cloud,2025-07-27T15:35:58.933+08:00
2025-07-28 11:29:43,2025-07-27T15:36:00+08:00,2025-07-27T15:38:02+08:00,1.1769,103.9327,C,Cloud to Cloud,2025-07-27T15:35:58.933+08:00
2025-07-28 11:29:43,2025-07-27T15:36:00+08:00,2025-07-27T15:38:02+08:00,1.1503,103.9559,C,Cloud to Cloud,2025-07-27T15:35:58.956+08:00
2025-07-28 11:29:43,2025-07-27T15:36:00+08:00,2025-07-27T15:38:02+08:00,1.2012,103.9373,C,Cloud to Cloud,2025-07-27T15:35:58.997+08:00
2025-07-28 11:29:43,2025-07-27T15:34:00+08:00,2025-07-27T15:36:03+08:00,1.249,103.9815,C,Cloud to Cloud,2025-07-27T15:32:00.993+08:00
2025-07-28 11:29:43,2025-07-27T15:34:00+08:00,2025-07-27T15:36:03+08:00,1.2463,103.9534,C,Cloud to Cloud,2025-07-27T15:32:01.074+08:00
2025-07-28 11:29:43,2025-07-27T15:34:00+08:00,2025-07-27T15:36:03+08:00,1.2465,103.9537,C,Cloud to Cloud,2025-07-27T15:32:01.074+08:00
2025-07-28 11:29:43,2025-07-27T15:34:00+08:00,2025-07-27T15:36:03+08:00,1.2531,103.983,C,Cloud to Cloud,2025-07-27T15:32:01.112+08:00
2025-07-28 11:29:43,2025-07-27T15:34:00+08:00,2025-07-27T15:36:03+08:00,1.2337,103.9831,C,Cloud to Cloud,2025-07-27T15:32:01.112+08:00
2025-07-28 11:29:43,2025-07-27T15:34:00+08:00,2025-07-27T15:36:03+08:00,1.252,103.9839,C,Cloud to Cloud,2025-07-27T15:32:01.135+08:00
2025-07-28 11:29:43,2025-07-27T15:34:00+08:00,2025-07-27T15:36:03+08:00,1.2529,103.9844,C,Cloud to Cloud,2025-07-27T15:32:01.135+08:00
2025-07-28 11:29:43,2025-07-27T15:34:00+08:00,2025-07-27T15:36:03+08:00,1.2444,104.0032,C,Cloud to Cloud,2025-07-27T15:32:03.499+08:00
2025-07-28 11:29:43,2025-07-27T15:34:00+08:00,2025-07-27T15:36:03+08:00,1.2112,104.0098,C,Cloud to Cloud,2025-07-27T15:32:03.499+08:00
2025-07-28 11:29:43,2025-07-27T15:34:00+08:00,2025-07-27T15:36:03+08:00,1.2434,104.0066,C,Cloud to Cloud,2025-07-27T15:32:03.499+08:00
2025-07-28 11:29:43,2025-07-27T15:34:00+08:00,2025-07-27T15:36:03+08:00,1.2624,103.9754,C,Cloud to Cloud,2025-07-27T15:32:09.569+08:00
2025-07-28 11:29:43,2025-07-27T15:34:00+08:00,2025-07-27T15:36:03+08:00,1.2402,103.9345,C,Cloud to Cloud,2025-07-27T15:32:09.569+08:00
2025-07-28 11:29:43,2025-07-27T15:34:00+08:00,2025-07-27T15:36:03+08:00,1.2628,103.9754,C,Cloud to Cloud,2025-07-27T15:32:09.569+08:00
2025-07-28 11:29:43,2025-07-27T15:34:00+08:00,2025-07-27T15:36:03+08:00,1.2412,103.9448,C,Cloud to Cloud,2025-07-27T15:32:09.569+08:00
2025-07-28 11:29:43,2025-07-27T15:34:00+08:00,2025-07-27T15:36:03+08:00,1.2661,104.0095,C,Cloud to Cloud,2025-07-27T15:32:09.569+08:00
2025-07-28 11:29:43,2025-07-27T15:34:00+08:00,2025-07-27T15:36:03+08:00,1.2467,103.9909,C,Cloud to Cloud,2025-07-27T15:32:09.569+08:00
2025-07-28 11:29:43,2025-07-27T15:34:00+08:00,2025-07-27T15:36:03+08:00,1.2535,104.0394,C,Cloud to Cloud,2025-07-27T15:32:09.569+08:00
2025-07-28 11:29:43,2025-07-27T15:34:00+08:00,2025-07-27T15:36:03+08:00,1.229,104.0025,C,Cloud to Cloud,2025-07-27T15:32:09.569+08:00
2025-07-28 11:29:43,2025-07-27T15:34:00+08:00,2025-07-27T15:36:03+08:00,1.1981,104.0161,C,Cloud to Cloud,2025-07-27T15:32:16.889+08:00
2025-07-28 11:29:43,2025-07-27T15:34:00+08:00,2025-07-27T15:36:03+08:00,1.2433,103.9749,C,Cloud to Cloud,2025-07-27T15:32:16.935+08:00
2025-07-28 11:29:43,2025-07-27T15:34:00+08:00,2025-07-27T15:36:03+08:00,1.2437,103.9751,C,Cloud to Cloud,2025-07-27T15:32:16.935+08:00
2025-07-28 11:29:43,2025-07-27T15:34:00+08:00,2025-07-27T15:36:03+08:00,1.2078,104.0,C,Cloud to Cloud,2025-07-27T15:32:16.935+08:00
2025-07-28 11:29:43,2025-07-27T15:34:00+08:00,2025-07-27T15:36:03+08:00,1.306,103.9835,C,Cloud to Cloud,2025-07-27T15:32:16.938+08:00
2025-07-28 11:29:43,2025-07-27T15:34:00+08:00,2025-07-27T15:36:03+08:00,1.1502,104.0283,C,Cloud to Cloud,2025-07-27T15:32:16.95+08:00
2025-07-28 11:29:43,2025-07-27T15:34:00+08:00,2025-07-27T15:36:03+08:00,1.2429,103.9659,C,Cloud to Cloud,2025-07-27T15:32:17.008+08:00
2025-07-28 11:29:43,2025-07-27T15:34:00+08:00,2025-07-27T15:36:03+08:00,1.2434,103.9671,C,Cloud to Cloud,2025-07-27T15:32:17.008+08:00
2025-07-28 11:29:43,2025-07-27T15:34:00+08:00,2025-07-27T15:36:03+08:00,1.2277,103.9784,C,Cloud to Cloud,2025-07-27T15:32:17.026+08:00
2025-07-28 11:29:43,2025-07-27T15:34:00+08:00,2025-07-27T15:36:03+08:00,1.2312,103.9785,C,Cloud to Cloud,2025-07-27T15:32:17.027+08:00
2025-07-28 11:29:43,2025-07-27T15:34:00+08:00,2025-07-27T15:36:03+08:00,1.2384,103.9801,C,Cloud to Cloud,2025-07-27T15:32:17.041+08:00
2025-07-28 11:29:43,2025-07-27T15:34:00+08:00,2025-07-27T15:36:03+08:00,1.15,104.0742,C,Cloud to Cloud,2025-07-27T15:32:17.041+08:00
2025-07-28 11:29:43,2025-07-27T15:34:00+08:00,2025-07-27T15:36:03+08:00,1.2318,103.9762,C,Cloud to Cloud,2025-07-27T15:32:17.157+08:00
2025-07-28 11:29:43,2025-07-27T15:34:00+08:00,2025-07-27T15:36:03+08:00,1.2428,103.9846,C,Cloud to Cloud,2025-07-27T15:32:17.158+08:00
2025-07-28 11:29:43,2025-07-27T15:34:00+08:00,2025-07-27T15:36:03+08:00,1.249,104.0579,C,Cloud to Cloud,2025-07-27T15:32:17.158+08:00
2025-07-28 11:29:43,2025-07-27T15:34:00+08:00,2025-07-27T15:36:03+08:00,1.2326,104.0165,C,Cloud to Cloud,2025-07-27T15:32:23.81+08:00
2025-07-28 11:29:43,2025-07-27T15:34:00+08:00,2025-07-27T15:36:03+08:00,1.2291,104.0042,C,Cloud to Cloud,2025-07-27T15:32:23.838+08:00
2025-07-28 11:29:43,2025-07-27T15:34:00+08:00,2025-07-27T15:36:03+08:00,1.2214,104.0108,C,Cloud to Cloud,2025-07-27T15:32:32.127+08:00
2025-07-28 11:29:43,2025-07-27T15:34:00+08:00,2025-07-27T15:36:03+08:00,1.2383,104.0034,C,Cloud to Cloud,2025-07-27T15:32:32.144+08:00
2025-07-28 11:29:43,2025-07-27T15:34:00+08:00,2025-07-27T15:36:03+08:00,1.255,104.0039,C,Cloud to Cloud,2025-07-27T15:32:32.144+08:00
2025-07-28 11:29:43,2025-07-27T15:34:00+08:00,2025-07-27T15:36:03+08:00,1.2354,104.0022,C,Cloud to Cloud,2025-07-27T15:32:32.238+08:00
2025-07-28 11:29:43,2025-07-27T15:34:00+08:00,2025-07-27T15:36:03+08:00,1.2388,104.0017,C,Cloud to Cloud,2025-07-27T15:32:32.238+08:00
2025-07-28 11:29:43,2025-07-27T15:34:00+08:00,2025-07-27T15:36:03+08:00,1.2173,104.0048,C,Cloud to Cloud,2025-07-27T15:32:32.238+08:00
2025-07-28 11:29:43,2025-07-27T15:34:00+08:00,2025-07-27T15:36:03+08:00,1.2443,103.9895,C,Cloud to Cloud,2025-07-27T15:32:32.239+08:00
2025-07-28 11:29:43,2025-07-27T15:34:00+08:00,2025-07-27T15:36:03+08:00,1.1926,104.047,C,Cloud to Cloud,2025-07-27T15:32:32.239+08:00
2025-07-28 11:29:43,2025-07-27T15:34:00+08:00,2025-07-27T15:36:03+08:00,1.2493,103.9811,C,Cloud to Cloud,2025-07-27T15:32:32.265+08:00
2025-07-28 11:29:43,2025-07-27T15:34:00+08:00,2025-07-27T15:36:03+08:00,1.2493,103.9811,C,Cloud to Cloud,2025-07-27T15:32:32.265+08:00
2025-07-28 11:29:43,2025-07-27T15:34:00+08:00,2025-07-27T15:36:03+08:00,1.244,103.9815,C,Cloud to Cloud,2025-07-27T15:32:32.265+08:00
2025-07-28 11:29:43,2025-07-27T15:34:00+08:00,2025-07-27T15:36:03+08:00,1.2102,103.9798,C,Cloud to Cloud,2025-07-27T15:32:32.277+08:00
2025-07-28 11:29:43,2025-07-27T15:34:00+08:00,2025-07-27T15:36:03+08:00,1.2436,103.9802,C,Cloud to Cloud,2025-07-27T15:32:32.277+08:00
2025-07-28 11:29:43,2025-07-27T15:34:00+08:00,2025-07-27T15:36:03+08:00,1.2576,103.9804,C,Cloud to Cloud,2025-07-27T15:32:32.277+08:00
2025-07-28 11:29:43,2025-07-27T15:34:00+08:00,2025-07-27T15:36:03+08:00,1.2729,103.9916,C,Cloud to Cloud,2025-07-27T15:32:38.517+08:00
2025-07-28 11:29:43,2025-07-27T15:34:00+08:00,2025-07-27T15:36:03+08:00,1.2663,103.9585,C,Cloud to Cloud,2025-07-27T15:32:38.574+08:00
2025-07-28 11:29:43,2025-07-27T15:34:00+08:00,2025-07-27T15:36:03+08:00,1.2418,103.9479,C,Cloud to Cloud,2025-07-27T15:32:38.574+08:00
2025-07-28 11:29:43,2025-07-27T15:34:00+08:00,2025-07-27T15:36:03+08:00,1.2464,103.955,C,Cloud to Cloud,2025-07-27T15:32:38.574+08:00
2025-07-28 11:29:43,2025-07-27T15:34:00+08:00,2025-07-27T15:36:03+08:00,1.2464,103.9945,C,Cloud to Cloud,2025-07-27T15:32:38.574+08:00
2025-07-28 11:29:43,2025-07-27T15:34:00+08:00,2025-07-27T15:36:03+08:00,1.2262,103.9965,C,Cloud to Cloud,2025-07-27T15:32:38.574+08:00
2025-07-28 11:29:43,2025-07-27T15:34:00+08:00,2025-07-27T15:36:03+08:00,1.2554,103.9539,C,Cloud to Cloud,2025-07-27T15:32:38.574+08:00
2025-07-28 11:29:43,2025-07-27T15:34:00+08:00,2025-07-27T15:36:03+08:00,1.2432,103.9962,C,Cloud to Cloud,2025-07-27T15:32:38.574+08:00
2025-07-28 11:29:43,2025-07-27T15:34:00+08:00,2025-07-27T15:36:03+08:00,1.243,103.9662,C,Cloud to Cloud,2025-07-27T15:32:45.53+08:00
2025-07-28 11:29:43,2025-07-27T15:34:00+08:00,2025-07-27T15:36:03+08:00,1.2431,103.9655,C,Cloud to Cloud,2025-07-27T15:32:45.53+08:00
2025-07-28 11:29:43,2025-07-27T15:34:00+08:00,2025-07-27T15:36:03+08:00,1.2268,103.9553,C,Cloud to Cloud,2025-07-27T15:32:45.53+08:00
2025-07-28 11:29:43,2025-07-27T15:34:00+08:00,2025-07-27T15:36:03+08:00,1.2323,103.9774,C,Cloud to Cloud,2025-07-27T15:32:45.56+08:00
2025-07-28 11:29:43,2025-07-27T15:34:00+08:00,2025-07-27T15:36:03+08:00,1.2458,103.9786,C,Cloud to Cloud,2025-07-27T15:32:45.56+08:00
2025-07-28 11:29:43,2025-07-27T15:34:00+08:00,2025-07-27T15:36:03+08:00,1.2276,103.9839,C,Cloud to Cloud,2025-07-27T15:32:45.6+08:00
2025-07-28 11:29:43,2025-07-27T15:34:00+08:00,2025-07-27T15:36:03+08:00,1.2414,103.984,C,Cloud to Cloud,2025-07-27T15:32:45.6+08:00
2025-07-28 11:29:43,2025-07-27T15:34:00+08:00,2025-07-27T15:36:03+08:00,1.2332,103.9725,C,Cloud to Cloud,2025-07-27T15:32:45.644+08:00
2025-07-28 11:29:43,2025-07-27T15:34:00+08:00,2025-07-27T15:36:03+08:00,1.2358,103.966,C,Cloud to Cloud,2025-07-27T15:32:48.224+08:00
2025-07-28 11:29:43,2025-07-27T15:34:00+08:00,2025-07-27T15:36:03+08:00,1.2339,103.9689,C,Cloud to Cloud,2025-07-27T15:32:48.324+08:00
2025-07-28 11:29:43,2025-07-27T15:34:00+08:00,2025-07-27T15:36:03+08:00,1.2371,103.9716,C,Cloud to Cloud,2025-07-27T15:32:48.324+08:00
2025-07-28 11:29:43,2025-07-27T15:34:00+08:00,2025-07-27T15:36:03+08:00,1.2296,104.0054,C,Cloud to Cloud,2025-07-27T15:32:48.324+08:00
2025-07-28 11:29:43,2025-07-27T15:34:00+08:00,2025-07-27T15:36:03+08:00,1.2408,103.9935,C,Cloud to Cloud,2025-07-27T15:32:48.334+08:00
2025-07-28 11:29:43,2025-07-27T15:34:00+08:00,2025-07-27T15:36:03+08:00,1.2408,103.9932,C,Cloud to Cloud,2025-07-27T15:32:48.334+08:00
2025-07-28 11:29:43,2025-07-27T15:34:00+08:00,2025-07-27T15:36:03+08:00,1.2232,103.9784,C,Cloud to Cloud,2025-07-27T15:32:48.342+08:00
2025-07-28 11:29:43,2025-07-27T15:34:00+08:00,2025-07-27T15:36:03+08:00,1.2435,103.9793,C,Cloud to Cloud,2025-07-27T15:32:48.342+08:00
2025-07-28 11:29:43,2025-07-27T15:34:00+08:00,2025-07-27T15:36:03+08:00,1.2225,103.9796,C,Cloud to Cloud,2025-07-27T15:32:48.353+08:00
2025-07-28 11:29:43,2025-07-27T15:34:00+08:00,2025-07-27T15:36:03+08:00,1.2441,103.98,C,Cloud to Cloud,2025-07-27T15:32:48.353+08:00
2025-07-28 11:29:43,2025-07-27T15:34:00+08:00,2025-07-27T15:36:03+08:00,1.242,103.9924,C,Cloud to Cloud,2025-07-27T15:32:48.353+08:00
2025-07-28 11:29:43,2025-07-27T15:34:00+08:00,2025-07-27T15:36:03+08:00,1.2418,104.0015,C,Cloud to Cloud,2025-07-27T15:32:48.36+08:00
2025-07-28 11:29:43,2025-07-27T15:34:00+08:00,2025-07-27T15:36:03+08:00,1.212,104.0071,C,Cloud to Cloud,2025-07-27T15:32:48.361+08:00
2025-07-28 11:29:43,2025-07-27T15:34:00+08:00,2025-07-27T15:36:03+08:00,1.2379,103.9765,C,Cloud to Cloud,2025-07-27T15:32:48.372+08:00
2025-07-28 11:29:43,2025-07-27T15:34:00+08:00,2025-07-27T15:36:03+08:00,1.2275,104.0039,C,Cloud to Cloud,2025-07-27T15:32:48.453+08:00
2025-07-28 11:29:43,2025-07-27T15:34:00+08:00,2025-07-27T15:36:03+08:00,1.2521,104.0002,C,Cloud to Cloud,2025-07-27T15:32:48.453+08:00
2025-07-28 11:29:43,2025-07-27T15:34:00+08:00,2025-07-27T15:36:03+08:00,1.2159,104.0022,C,Cloud to Cloud,2025-07-27T15:32:48.453+08:00
2025-07-28 11:29:43,2025-07-27T15:34:00+08:00,2025-07-27T15:36:03+08:00,1.2496,103.994,C,Cloud to Cloud,2025-07-27T15:32:48.479+08:00
2025-07-28 11:29:43,2025-07-27T15:34:00+08:00,2025-07-27T15:36:03+08:00,1.2094,104.0035,C,Cloud to Cloud,2025-07-27T15:32:48.48+08:00
2025-07-28 11:29:43,2025-07-27T15:34:00+08:00,2025-07-27T15:36:03+08:00,1.2226,103.9575,C,Cloud to Cloud,2025-07-27T15:32:56.326+08:00
2025-07-28 11:29:43,2025-07-27T15:34:00+08:00,2025-07-27T15:36:03+08:00,1.2382,103.9947,C,Cloud to Cloud,2025-07-27T15:33:00.998+08:00
2025-07-28 11:29:43,2025-07-27T15:34:00+08:00,2025-07-27T15:36:03+08:00,1.2411,103.9946,C,Cloud to Cloud,2025-07-27T15:33:01.065+08:00
2025-07-28 11:29:43,2025-07-27T15:34:00+08:00,2025-07-27T15:36:03+08:00,1.242,103.9569,C,Cloud to Cloud,2025-07-27T15:33:01.792+08:00
2025-07-28 11:29:43,2025-07-27T15:34:00+08:00,2025-07-27T15:36:03+08:00,1.2422,103.9581,C,Cloud to Cloud,2025-07-27T15:33:01.792+08:00
2025-07-28 11:29:43,2025-07-27T15:34:00+08:00,2025-07-27T15:36:03+08:00,1.2421,104.0102,C,Cloud to Cloud,2025-07-27T15:33:07.113+08:00
2025-07-28 11:29:43,2025-07-27T15:34:00+08:00,2025-07-27T15:36:03+08:00,1.2198,103.9836,C,Cloud to Cloud,2025-07-27T15:33:09.101+08:00
2025-07-28 11:29:43,2025-07-27T15:34:00+08:00,2025-07-27T15:36:03+08:00,1.2282,104.0234,C,Cloud to Cloud,2025-07-27T15:33:11.412+08:00
2025-07-28 11:29:43,2025-07-27T15:34:00+08:00,2025-07-27T15:36:03+08:00,1.2516,103.9595,C,Cloud to Cloud,2025-07-27T15:33:15.709+08:00
2025-07-28 11:29:43,2025-07-27T15:34:00+08:00,2025-07-27T15:36:03+08:00,1.2289,103.9556,C,Cloud to Cloud,2025-07-27T15:33:15.723+08:00
2025-07-28 11:29:43,2025-07-27T15:34:00+08:00,2025-07-27T15:36:03+08:00,1.2362,103.9544,C,Cloud to Cloud,2025-07-27T15:33:15.723+08:00
2025-07-28 11:29:43,2025-07-27T15:34:00+08:00,2025-07-27T15:36:03+08:00,1.2164,103.9647,C,Cloud to Cloud,2025-07-27T15:33:15.736+08:00
2025-07-28 11:29:43,2025-07-27T15:34:00+08:00,2025-07-27T15:36:03+08:00,1.2392,103.9407,C,Cloud to Cloud,2025-07-27T15:33:15.835+08:00
2025-07-28 11:29:43,2025-07-27T15:34:00+08:00,2025-07-27T15:36:03+08:00,1.2394,103.9434,C,Cloud to Cloud,2025-07-27T15:33:15.835+08:00
2025-07-28 11:29:43,2025-07-27T15:34:00+08:00,2025-07-27T15:36:03+08:00,1.2901,103.9562,C,Cloud to Cloud,2025-07-27T15:33:17.811+08:00
2025-07-28 11:29:43,2025-07-27T15:34:00+08:00,2025-07-27T15:36:03+08:00,1.3122,104.0062,C,Cloud to Cloud,2025-07-27T15:33:17.843+08:00
2025-07-28 11:29:43,2025-07-27T15:34:00+08:00,2025-07-27T15:36:03+08:00,1.2448,103.9558,C,Cloud to Cloud,2025-07-27T15:33:18.943+08:00
2025-07-28 11:29:43,2025-07-27T15:34:00+08:00,2025-07-27T15:36:03+08:00,1.2473,103.9777,C,Cloud to Cloud,2025-07-27T15:33:18.943+08:00
2025-07-28 11:29:43,2025-07-27T15:34:00+08:00,2025-07-27T15:36:03+08:00,1.2477,103.9838,C,Cloud to Cloud,2025-07-27T15:33:18.974+08:00
2025-07-28 11:29:43,2025-07-27T15:34:00+08:00,2025-07-27T15:36:03+08:00,1.2477,103.9833,C,Cloud to Cloud,2025-07-27T15:33:18.974+08:00
2025-07-28 11:29:43,2025-07-27T15:34:00+08:00,2025-07-27T15:36:03+08:00,1.2475,104.0049,C,Cloud to Cloud,2025-07-27T15:33:18.974+08:00
2025-07-28 11:29:43,2025-07-27T15:34:00+08:00,2025-07-27T15:36:03+08:00,1.2298,104.0079,C,Cloud to Cloud,2025-07-27T15:33:18.974+08:00
2025-07-28 11:29:43,2025-07-27T15:34:00+08:00,2025-07-27T15:36:03+08:00,1.2396,104.0073,C,Cloud to Cloud,2025-07-27T15:33:20.34+08:00
2025-07-28 11:29:43,2025-07-27T15:34:00+08:00,2025-07-27T15:36:03+08:00,1.2277,104.0094,C,Cloud to Cloud,2025-07-27T15:33:20.341+08:00
2025-07-28 11:29:43,2025-07-27T15:34:00+08:00,2025-07-27T15:36:03+08:00,1.2146,103.9567,C,Cloud to Cloud,2025-07-27T15:33:22.69+08:00
2025-07-28 11:29:43,2025-07-27T15:34:00+08:00,2025-07-27T15:36:03+08:00,1.2398,103.9803,C,Cloud to Cloud,2025-07-27T15:33:25.15+08:00
2025-07-28 11:29:43,2025-07-27T15:34:00+08:00,2025-07-27T15:36:03+08:00,1.2262,103.9577,C,Cloud to Cloud,2025-07-27T15:33:25.374+08:00
2025-07-28 11:29:43,2025-07-27T15:34:00+08:00,2025-07-27T15:36:03+08:00,1.2223,103.9673,C,Cloud to Cloud,2025-07-27T15:33:25.393+08:00
2025-07-28 11:29:43,2025-07-27T15:34:00+08:00,2025-07-27T15:36:03+08:00,1.219,104.0384,C,Cloud to Cloud,2025-07-27T15:33:25.393+08:00
2025-07-28 11:29:43,2025-07-27T15:34:00+08:00,2025-07-27T15:36:03+08:00,1.2402,103.9659,C,Cloud to Cloud,2025-07-27T15:33:25.483+08:00
2025-07-28 11:29:43,2025-07-27T15:34:00+08:00,2025-07-27T15:36:03+08:00,1.2359,103.9645,C,Cloud to Cloud,2025-07-27T15:33:25.513+08:00
2025-07-28 11:29:43,2025-07-27T15:34:00+08:00,2025-07-27T15:36:03+08:00,1.2235,103.9891,C,Cloud to Cloud,2025-07-27T15:33:25.607+08:00
2025-07-28 11:29:43,2025-07-27T15:34:00+08:00,2025-07-27T15:36:03+08:00,1.2262,103.989,C,Cloud to Cloud,2025-07-27T15:33:25.607+08:00
2025-07-28 11:29:43,2025-07-27T15:34:00+08:00,2025-07-27T15:36:03+08:00,1.2387,103.965,C,Cloud to Cloud,2025-07-27T15:33:25.607+08:00
2025-07-28 11:29:43,2025-07-27T15:34:00+08:00,2025-07-27T15:36:03+08:00,1.2406,103.9671,C,Cloud to Cloud,2025-07-27T15:33:25.635+08:00
2025-07-28 11:29:43,2025-07-27T15:34:00+08:00,2025-07-27T15:36:03+08:00,1.231,103.9853,C,Cloud to Cloud,2025-07-27T15:33:25.691+08:00
2025-07-28 11:29:43,2025-07-27T15:34:00+08:00,2025-07-27T15:36:03+08:00,1.2534,103.9848,C,Cloud to Cloud,2025-07-27T15:33:25.691+08:00
2025-07-28 11:29:43,2025-07-27T15:34:00+08:00,2025-07-27T15:36:03+08:00,1.2447,103.98,C,Cloud to Cloud,2025-07-27T15:33:25.706+08:00
2025-07-28 11:29:43,2025-07-27T15:34:00+08:00,2025-07-27T15:36:03+08:00,1.2729,103.9411,C,Cloud to Cloud,2025-07-27T15:33:29.279+08:00
2025-07-28 11:29:43,2025-07-27T15:34:00+08:00,2025-07-27T15:36:03+08:00,1.2172,104.0289,C,Cloud to Cloud,2025-07-27T15:33:32.822+08:00
2025-07-28 11:29:43,2025-07-27T15:34:00+08:00,2025-07-27T15:36:03+08:00,1.2531,104.0179,C,Cloud to Cloud,2025-07-27T15:33:32.822+08:00
2025-07-28 11:29:43,2025-07-27T15:34:00+08:00,2025-07-27T15:36:03+08:00,1.2497,103.9885,C,Cloud to Cloud,2025-07-27T15:33:32.967+08:00
2025-07-28 11:29:43,2025-07-27T15:34:00+08:00,2025-07-27T15:36:03+08:00,1.2232,103.9903,C,Cloud to Cloud,2025-07-27T15:33:32.967+08:00
2025-07-28 11:29:43,2025-07-27T15:34:00+08:00,2025-07-27T15:36:03+08:00,1.232,103.9379,C,Cloud to Cloud,2025-07-27T15:33:35.048+08:00
2025-07-28 11:29:43,2025-07-27T15:34:00+08:00,2025-07-27T15:36:03+08:00,1.2329,103.9446,C,Cloud to Cloud,2025-07-27T15:33:35.079+08:00
2025-07-28 11:29:43,2025-07-27T15:34:00+08:00,2025-07-27T15:36:03+08:00,1.2,104.0125,C,Cloud to Cloud,2025-07-27T15:33:39.867+08:00
2025-07-28 11:29:43,2025-07-27T15:34:00+08:00,2025-07-27T15:36:03+08:00,1.226,103.9834,C,Cloud to Cloud,2025-07-27T15:33:44.388+08:00
2025-07-28 11:29:43,2025-07-27T15:34:00+08:00,2025-07-27T15:36:03+08:00,1.23,103.9833,C,Cloud to Cloud,2025-07-27T15:33:44.388+08:00
2025-07-28 11:29:43,2025-07-27T15:34:00+08:00,2025-07-27T15:36:03+08:00,1.2293,104.0041,C,Cloud to Cloud,2025-07-27T15:33:44.515+08:00
2025-07-28 11:29:43,2025-07-27T15:34:00+08:00,2025-07-27T15:36:03+08:00,1.2511,104.0015,C,Cloud to Cloud,2025-07-27T15:33:44.516+08:00
2025-07-28 11:29:43,2025-07-27T15:34:00+08:00,2025-07-27T15:36:03+08:00,1.2381,103.9763,C,Cloud to Cloud,2025-07-27T15:33:44.62+08:00
2025-07-28 11:29:43,2025-07-27T15:34:00+08:00,2025-07-27T15:36:03+08:00,1.2348,103.9814,C,Cloud to Cloud,2025-07-27T15:33:51.189+08:00
2025-07-28 11:29:43,2025-07-27T15:34:00+08:00,2025-07-27T15:36:03+08:00,1.226,104.0093,C,Cloud to Cloud,2025-07-27T15:33:51.189+08:00
2025-07-28 11:29:43,2025-07-27T15:34:00+08:00,2025-07-27T15:36:03+08:00,1.2158,104.0103,C,Cloud to Cloud,2025-07-27T15:33:51.333+08:00
2025-07-28 11:29:43,2025-07-27T15:34:00+08:00,2025-07-27T15:36:03+08:00,1.1893,104.0163,C,Cloud to Cloud,2025-07-27T15:33:51.333+08:00
2025-07-28 11:29:43,2025-07-27T15:34:00+08:00,2025-07-27T15:36:03+08:00,1.2401,103.9916,C,Cloud to Cloud,2025-07-27T15:33:51.385+08:00
2025-07-28 11:29:43,2025-07-27T15:34:00+08:00,2025-07-27T15:36:03+08:00,1.2403,103.9917,C,Cloud to Cloud,2025-07-27T15:33:51.385+08:00
2025-07-28 11:29:43,2025-07-27T15:34:00+08:00,2025-07-27T15:36:03+08:00,1.2347,103.971,C,Cloud to Cloud,2025-07-27T15:33:51.435+08:00
2025-07-28 11:29:43,2025-07-27T15:34:00+08:00,2025-07-27T15:36:03+08:00,1.1825,104.0313,C,Cloud to Cloud,2025-07-27T15:33:51.436+08:00
2025-07-28 11:29:43,2025-07-27T15:34:00+08:00,2025-07-27T15:36:03+08:00,1.1895,104.0291,C,Cloud to Cloud,2025-07-27T15:33:51.436+08:00
2025-07-28 11:29:43,2025-07-27T15:34:00+08:00,2025-07-27T15:36:03+08:00,1.245,104.0058,C,Cloud to Cloud,2025-07-27T15:33:51.449+08:00
2025-07-28 11:29:43,2025-07-27T15:34:00+08:00,2025-07-27T15:36:03+08:00,1.2139,104.0113,C,Cloud to Cloud,2025-07-27T15:33:51.449+08:00
2025-07-28 11:29:43,2025-07-27T15:34:00+08:00,2025-07-27T15:36:03+08:00,1.2233,104.0149,C,Cloud to Cloud,2025-07-27T15:33:51.49+08:00
2025-07-28 11:29:43,2025-07-27T15:34:00+08:00,2025-07-27T15:36:03+08:00,1.2128,104.019,C,Cloud to Cloud,2025-07-27T15:33:51.49+08:00
2025-07-28 11:29:43,2025-07-27T15:34:00+08:00,2025-07-27T15:36:03+08:00,1.2183,104.0092,C,Cloud to Cloud,2025-07-27T15:33:51.49+08:00
2025-07-28 11:29:43,2025-07-27T15:34:00+08:00,2025-07-27T15:36:03+08:00,1.2272,103.9413,C,Cloud to Cloud,2025-07-27T15:33:53.654+08:00
2025-07-28 11:29:43,2025-07-27T15:32:00+08:00,2025-07-27T15:34:02+08:00,1.238,104.016,C,Cloud to Cloud,2025-07-27T15:30:05.555+08:00
2025-07-28 11:29:43,2025-07-27T15:32:00+08:00,2025-07-27T15:34:02+08:00,1.2376,104.0161,C,Cloud to Cloud,2025-07-27T15:30:05.555+08:00
2025-07-28 11:29:43,2025-07-27T15:32:00+08:00,2025-07-27T15:34:02+08:00,1.231,104.0261,C,Cloud to Cloud,2025-07-27T15:30:05.556+08:00
2025-07-28 11:29:43,2025-07-27T15:32:00+08:00,2025-07-27T15:34:02+08:00,1.2536,104.0179,C,Cloud to Cloud,2025-07-27T15:30:05.556+08:00
2025-07-28 11:29:43,2025-07-27T15:32:00+08:00,2025-07-27T15:34:02+08:00,1.255,103.994,C,Cloud to Cloud,2025-07-27T15:30:05.588+08:00
2025-07-28 11:29:43,2025-07-27T15:32:00+08:00,2025-07-27T15:34:02+08:00,1.2659,103.9888,C,Cloud to Cloud,2025-07-27T15:30:05.588+08:00
2025-07-28 11:29:43,2025-07-27T15:32:00+08:00,2025-07-27T15:34:02+08:00,1.2363,104.0062,C,Cloud to Cloud,2025-07-27T15:30:05.588+08:00
2025-07-28 11:29:43,2025-07-27T15:32:00+08:00,2025-07-27T15:34:02+08:00,1.2547,104.0013,C,Cloud to Cloud,2025-07-27T15:30:05.588+08:00
2025-07-28 11:29:43,2025-07-27T15:32:00+08:00,2025-07-27T15:34:02+08:00,1.2311,104.0163,C,Cloud to Cloud,2025-07-27T15:30:32.482+08:00
2025-07-28 11:29:43,2025-07-27T15:32:00+08:00,2025-07-27T15:34:02+08:00,1.2331,104.0158,C,Cloud to Cloud,2025-07-27T15:30:32.482+08:00
2025-07-28 11:29:43,2025-07-27T15:32:00+08:00,2025-07-27T15:34:02+08:00,1.2255,104.0071,C,Cloud to Cloud,2025-07-27T15:30:42.914+08:00
2025-07-28 11:29:43,2025-07-27T15:32:00+08:00,2025-07-27T15:34:02+08:00,1.235,104.0049,C,Cloud to Cloud,2025-07-27T15:30:42.914+08:00
2025-07-28 11:29:43,2025-07-27T15:32:00+08:00,2025-07-27T15:34:02+08:00,1.2396,104.0061,C,Cloud to Cloud,2025-07-27T15:30:42.914+08:00
2025-07-28 11:29:43,2025-07-27T15:32:00+08:00,2025-07-27T15:34:02+08:00,1.2575,103.9887,C,Cloud to Cloud,2025-07-27T15:31:13.78+08:00
2025-07-28 11:29:43,2025-07-27T15:32:00+08:00,2025-07-27T15:34:02+08:00,1.2453,103.9775,C,Cloud to Cloud,2025-07-27T15:31:13.946+08:00
2025-07-28 11:29:43,2025-07-27T15:32:00+08:00,2025-07-27T15:34:02+08:00,1.2464,103.9785,C,Cloud to Cloud,2025-07-27T15:31:13.946+08:00
2025-07-28 11:29:43,2025-07-27T15:32:00+08:00,2025-07-27T15:34:02+08:00,1.2484,103.9719,C,Cloud to Cloud,2025-07-27T15:31:13.986+08:00
2025-07-28 11:29:43,2025-07-27T15:32:00+08:00,2025-07-27T15:34:02+08:00,1.2487,103.9724,C,Cloud to Cloud,2025-07-27T15:31:13.986+08:00
2025-07-28 11:29:43,2025-07-27T15:32:00+08:00,2025-07-27T15:34:02+08:00,1.2372,104.0006,C,Cloud to Cloud,2025-07-27T15:31:21.505+08:00
2025-07-28 11:29:43,2025-07-27T15:32:00+08:00,2025-07-27T15:34:02+08:00,1.2193,104.0638,C,Cloud to Cloud,2025-07-27T15:31:21.505+08:00
2025-07-28 11:29:43,2025-07-27T15:32:00+08:00,2025-07-27T15:34:02+08:00,1.2339,104.0017,C,Cloud to Cloud,2025-07-27T15:31:21.505+08:00
2025-07-28 11:29:43,2025-07-27T15:32:00+08:00,2025-07-27T15:34:02+08:00,1.2503,103.9767,C,Cloud to Cloud,2025-07-27T15:31:21.505+08:00
2025-07-28 11:29:43,2025-07-27T15:32:00+08:00,2025-07-27T15:34:02+08:00,1.2503,103.9767,C,Cloud to Cloud,2025-07-27T15:31:21.506+08:00
2025-07-28 11:29:43,2025-07-27T15:32:00+08:00,2025-07-27T15:34:02+08:00,1.2107,104.0118,C,Cloud to Cloud,2025-07-27T15:31:25.855+08:00
2025-07-28 11:29:43,2025-07-27T15:32:00+08:00,2025-07-27T15:34:02+08:00,1.2334,104.0245,C,Cloud to Cloud,2025-07-27T15:31:25.881+08:00
2025-07-28 11:29:43,2025-07-27T15:32:00+08:00,2025-07-27T15:34:02+08:00,1.2452,103.9575,C,Cloud to Cloud,2025-07-27T15:31:26.039+08:00
2025-07-28 11:29:43,2025-07-27T15:32:00+08:00,2025-07-27T15:34:02+08:00,1.2462,103.9628,C,Cloud to Cloud,2025-07-27T15:31:26.039+08:00
2025-07-28 11:29:43,2025-07-27T15:32:00+08:00,2025-07-27T15:34:02+08:00,1.2368,103.999,C,Cloud to Cloud,2025-07-27T15:31:26.039+08:00
2025-07-28 11:29:43,2025-07-27T15:32:00+08:00,2025-07-27T15:34:02+08:00,1.2461,103.9499,C,Cloud to Cloud,2025-07-27T15:31:26.039+08:00
2025-07-28 11:29:43,2025-07-27T15:32:00+08:00,2025-07-27T15:34:02+08:00,1.2483,103.9749,C,Cloud to Cloud,2025-07-27T15:31:26.114+08:00
2025-07-28 11:29:43,2025-07-27T15:32:00+08:00,2025-07-27T15:34:02+08:00,1.2483,103.975,C,Cloud to Cloud,2025-07-27T15:31:26.114+08:00
2025-07-28 11:29:43,2025-07-27T15:32:00+08:00,2025-07-27T15:34:02+08:00,1.2502,103.9777,C,Cloud to Cloud,2025-07-27T15:31:26.132+08:00
2025-07-28 11:29:43,2025-07-27T15:32:00+08:00,2025-07-27T15:34:02+08:00,1.2499,103.9779,C,Cloud to Cloud,2025-07-27T15:31:26.133+08:00
2025-07-28 11:29:43,2025-07-27T15:32:00+08:00,2025-07-27T15:34:02+08:00,1.2443,103.9842,C,Cloud to Cloud,2025-07-27T15:31:40.305+08:00
2025-07-28 11:29:43,2025-07-27T15:32:00+08:00,2025-07-27T15:34:02+08:00,1.2406,103.9878,C,Cloud to Cloud,2025-07-27T15:31:40.328+08:00
2025-07-28 11:29:43,2025-07-27T15:32:00+08:00,2025-07-27T15:34:02+08:00,1.2368,103.9883,C,Cloud to Cloud,2025-07-27T15:31:40.345+08:00
2025-07-28 11:29:43,2025-07-27T15:32:00+08:00,2025-07-27T15:34:02+08:00,1.2463,103.9949,C,Cloud to Cloud,2025-07-27T15:31:40.365+08:00
2025-07-28 11:29:43,2025-07-27T15:32:00+08:00,2025-07-27T15:34:02+08:00,1.2457,103.9943,C,Cloud to Cloud,2025-07-27T15:31:40.365+08:00
2025-07-28 11:29:43,2025-07-27T15:32:00+08:00,2025-07-27T15:34:02+08:00,1.2411,103.9928,C,Cloud to Cloud,2025-07-27T15:31:40.384+08:00
2025-07-28 11:29:43,2025-07-27T15:32:00+08:00,2025-07-27T15:34:02+08:00,1.2404,103.992,C,Cloud to Cloud,2025-07-27T15:31:40.384+08:00
2025-07-28 11:29:43,2025-07-27T15:32:00+08:00,2025-07-27T15:34:02+08:00,1.248,103.9532,C,Cloud to Cloud,2025-07-27T15:31:40.423+08:00
2025-07-28 11:29:43,2025-07-27T15:32:00+08:00,2025-07-27T15:34:02+08:00,1.2496,103.9677,C,Cloud to Cloud,2025-07-27T15:31:40.471+08:00
2025-07-28 11:29:43,2025-07-27T15:32:00+08:00,2025-07-27T15:34:02+08:00,1.2498,103.9679,C,Cloud to Cloud,2025-07-27T15:31:40.471+08:00
2025-07-28 11:29:43,2025-07-27T15:32:00+08:00,2025-07-27T15:34:02+08:00,1.2422,103.9315,C,Cloud to Cloud,2025-07-27T15:31:50.741+08:00
2025-07-28 11:29:43,2025-07-27T15:32:00+08:00,2025-07-27T15:34:02+08:00,1.2307,103.9684,C,Cloud to Cloud,2025-07-27T15:31:52.663+08:00
2025-07-28 11:29:43,2025-07-27T15:30:00+08:00,2025-07-27T15:32:03+08:00,1.2532,103.9943,C,Cloud to Cloud,2025-07-27T15:28:57.309+08:00
2025-07-28 11:29:43,2025-07-27T15:30:00+08:00,2025-07-27T15:32:03+08:00,1.2187,104.0198,C,Cloud to Cloud,2025-07-27T15:28:57.311+08:00
2025-07-28 11:29:43,2025-07-27T15:30:00+08:00,2025-07-27T15:32:03+08:00,1.2253,104.0193,C,Cloud to Cloud,2025-07-27T15:28:57.316+08:00
2025-07-28 11:29:43,2025-07-27T15:30:00+08:00,2025-07-27T15:32:03+08:00,1.2312,103.9996,C,Cloud to Cloud,2025-07-27T15:28:57.45+08:00
2025-07-28 11:29:43,2025-07-27T15:30:00+08:00,2025-07-27T15:32:03+08:00,1.256,103.9965,C,Cloud to Cloud,2025-07-27T15:28:57.45+08:00
2025-07-28 11:29:43,2025-07-27T15:30:00+08:00,2025-07-27T15:32:03+08:00,1.2513,103.9929,C,Cloud to Cloud,2025-07-27T15:28:57.45+08:00
