fetch_time,observation_window,data_updated,latitude,longitude,strike_type,description,strike_time
2026-07-07 13:57:21,2026-07-06T23:52:00+08:00,2026-07-06T23:54:03+08:00,0.9687,104.4912,G,Cloud to Ground,2026-07-06T23:51:24.652+08:00
2026-07-07 13:57:21,2026-07-06T23:52:00+08:00,2026-07-06T23:54:03+08:00,1.0355,104.4959,C,Cloud to Cloud,2026-07-06T23:51:24.653+08:00
2026-07-07 13:57:21,2026-07-06T23:48:00+08:00,2026-07-06T23:50:02+08:00,1.084,104.3463,C,Cloud to Cloud,2026-07-06T23:47:24.849+08:00
2026-07-07 13:57:21,2026-07-06T23:48:00+08:00,2026-07-06T23:50:02+08:00,1.0749,104.3648,C,Cloud to Cloud,2026-07-06T23:47:24.849+08:00
2026-07-07 13:57:21,2026-07-06T23:48:00+08:00,2026-07-06T23:50:02+08:00,1.0884,104.3482,C,Cloud to Cloud,2026-07-06T23:47:24.849+08:00
2026-07-07 13:57:21,2026-07-06T23:48:00+08:00,2026-07-06T23:50:02+08:00,1.0957,104.3351,C,Cloud to Cloud,2026-07-06T23:47:24.849+08:00
2026-07-07 13:57:21,2026-07-06T23:48:00+08:00,2026-07-06T23:50:02+08:00,1.0731,104.3764,C,Cloud to Cloud,2026-07-06T23:47:24.87+08:00
2026-07-07 13:57:21,2026-07-06T23:48:00+08:00,2026-07-06T23:50:02+08:00,1.0737,104.3764,C,Cloud to Cloud,2026-07-06T23:47:24.87+08:00
2026-07-07 13:57:21,2026-07-06T23:48:00+08:00,2026-07-06T23:50:02+08:00,1.0643,104.4059,C,Cloud to Cloud,2026-07-06T23:47:24.87+08:00
2026-07-07 13:57:21,2026-07-06T23:48:00+08:00,2026-07-06T23:50:02+08:00,1.0745,104.3843,C,Cloud to Cloud,2026-07-06T23:47:24.87+08:00
2026-07-07 13:57:21,2026-07-06T23:48:00+08:00,2026-07-06T23:50:02+08:00,1.0798,104.3527,C,Cloud to Cloud,2026-07-06T23:47:24.878+08:00
2026-07-07 13:57:21,2026-07-06T23:48:00+08:00,2026-07-06T23:50:02+08:00,1.0661,104.3745,C,Cloud to Cloud,2026-07-06T23:47:24.887+08:00
2026-07-07 13:57:21,2026-07-06T23:40:00+08:00,2026-07-06T23:42:02+08:00,1.3477,103.3913,C,Cloud to Cloud,2026-07-06T23:38:02.225+08:00
2026-07-07 13:57:21,2026-07-06T23:40:00+08:00,2026-07-06T23:42:02+08:00,1.3471,103.4035,C,Cloud to Cloud,2026-07-06T23:38:02.226+08:00
2026-07-07 13:57:21,2026-07-06T23:40:00+08:00,2026-07-06T23:42:02+08:00,1.3446,103.4472,C,Cloud to Cloud,2026-07-06T23:38:02.227+08:00
2026-07-07 13:57:21,2026-07-06T23:40:00+08:00,2026-07-06T23:42:02+08:00,1.3224,103.4021,C,Cloud to Cloud,2026-07-06T23:38:02.227+08:00
2026-07-07 13:57:21,2026-07-06T23:40:00+08:00,2026-07-06T23:42:02+08:00,1.3269,103.3969,C,Cloud to Cloud,2026-07-06T23:38:02.227+08:00
2026-07-07 13:57:21,2026-07-06T23:40:00+08:00,2026-07-06T23:42:02+08:00,1.3225,103.3863,C,Cloud to Cloud,2026-07-06T23:38:02.227+08:00
2026-07-07 13:57:21,2026-07-06T23:40:00+08:00,2026-07-06T23:42:02+08:00,1.3225,103.3863,C,Cloud to Cloud,2026-07-06T23:38:02.227+08:00
2026-07-07 13:57:21,2026-07-06T23:40:00+08:00,2026-07-06T23:42:02+08:00,1.3283,103.3833,C,Cloud to Cloud,2026-07-06T23:38:02.228+08:00
2026-07-07 13:57:21,2026-07-06T23:40:00+08:00,2026-07-06T23:42:02+08:00,1.3403,103.2822,C,Cloud to Cloud,2026-07-06T23:38:02.232+08:00
2026-07-07 13:57:21,2026-07-06T23:40:00+08:00,2026-07-06T23:42:02+08:00,1.331,103.3674,C,Cloud to Cloud,2026-07-06T23:38:02.236+08:00
2026-07-07 13:57:21,2026-07-06T23:34:00+08:00,2026-07-06T23:36:02+08:00,1.2914,104.4792,C,Cloud to Cloud,2026-07-06T23:32:34.15+08:00
2026-07-07 13:57:21,2026-07-06T23:34:00+08:00,2026-07-06T23:36:02+08:00,1.3162,104.2979,C,Cloud to Cloud,2026-07-06T23:32:34.2+08:00
2026-07-07 13:57:21,2026-07-06T23:34:00+08:00,2026-07-06T23:36:02+08:00,1.3412,104.1604,C,Cloud to Cloud,2026-07-06T23:32:34.2+08:00
2026-07-07 13:57:23,2026-07-06T21:38:00+08:00,2026-07-06T21:40:03+08:00,1.5084,103.5102,C,Cloud to Cloud,2026-07-06T21:36:55.67+08:00
2026-07-07 13:57:23,2026-07-06T21:24:00+08:00,2026-07-06T21:26:03+08:00,1.5255,103.264,C,Cloud to Cloud,2026-07-06T21:22:22.095+08:00
2026-07-07 13:57:24,2026-07-06T19:56:00+08:00,2026-07-06T19:58:03+08:00,1.4325,103.7079,C,Cloud to Cloud,2026-07-06T19:55:32.476+08:00
2026-07-07 13:57:24,2026-07-06T19:56:00+08:00,2026-07-06T19:58:03+08:00,1.4314,103.6981,C,Cloud to Cloud,2026-07-06T19:55:32.476+08:00
2026-07-07 13:57:24,2026-07-06T19:56:00+08:00,2026-07-06T19:58:03+08:00,1.4318,103.7099,C,Cloud to Cloud,2026-07-06T19:55:32.477+08:00
2026-07-07 13:57:24,2026-07-06T19:56:00+08:00,2026-07-06T19:58:03+08:00,1.4246,103.6892,C,Cloud to Cloud,2026-07-06T19:55:32.477+08:00
2026-07-07 13:57:24,2026-07-06T19:56:00+08:00,2026-07-06T19:58:03+08:00,1.4307,103.7081,C,Cloud to Cloud,2026-07-06T19:55:32.477+08:00
2026-07-07 13:57:24,2026-07-06T19:56:00+08:00,2026-07-06T19:58:03+08:00,1.4308,103.6794,C,Cloud to Cloud,2026-07-06T19:55:32.477+08:00
2026-07-07 13:57:24,2026-07-06T19:56:00+08:00,2026-07-06T19:58:03+08:00,1.4316,103.7115,C,Cloud to Cloud,2026-07-06T19:55:32.477+08:00
2026-07-07 13:57:24,2026-07-06T19:56:00+08:00,2026-07-06T19:58:03+08:00,1.4363,103.7282,C,Cloud to Cloud,2026-07-06T19:55:32.477+08:00
2026-07-07 13:57:24,2026-07-06T19:56:00+08:00,2026-07-06T19:58:03+08:00,1.4291,103.7095,C,Cloud to Cloud,2026-07-06T19:55:32.477+08:00
2026-07-07 13:57:24,2026-07-06T19:56:00+08:00,2026-07-06T19:58:03+08:00,1.431,103.7123,C,Cloud to Cloud,2026-07-06T19:55:32.477+08:00
2026-07-07 13:57:24,2026-07-06T19:56:00+08:00,2026-07-06T19:58:03+08:00,1.4325,103.7139,C,Cloud to Cloud,2026-07-06T19:55:32.477+08:00
2026-07-07 13:57:24,2026-07-06T19:56:00+08:00,2026-07-06T19:58:03+08:00,1.4306,103.712,C,Cloud to Cloud,2026-07-06T19:55:32.478+08:00
2026-07-07 13:57:24,2026-07-06T19:56:00+08:00,2026-07-06T19:58:03+08:00,1.4297,103.7113,C,Cloud to Cloud,2026-07-06T19:55:32.478+08:00
2026-07-07 13:57:24,2026-07-06T19:56:00+08:00,2026-07-06T19:58:03+08:00,1.4298,103.7101,C,Cloud to Cloud,2026-07-06T19:55:32.478+08:00
2026-07-07 13:57:24,2026-07-06T19:56:00+08:00,2026-07-06T19:58:03+08:00,1.4305,103.704,C,Cloud to Cloud,2026-07-06T19:55:32.478+08:00
2026-07-07 13:57:24,2026-07-06T19:56:00+08:00,2026-07-06T19:58:03+08:00,1.4184,103.6836,C,Cloud to Cloud,2026-07-06T19:55:32.478+08:00
2026-07-07 13:57:24,2026-07-06T19:56:00+08:00,2026-07-06T19:58:03+08:00,1.4272,103.7097,C,Cloud to Cloud,2026-07-06T19:55:32.478+08:00
2026-07-07 13:57:24,2026-07-06T19:56:00+08:00,2026-07-06T19:58:03+08:00,1.4235,103.6969,C,Cloud to Cloud,2026-07-06T19:55:32.478+08:00
2026-07-07 13:57:24,2026-07-06T19:56:00+08:00,2026-07-06T19:58:03+08:00,1.4319,103.711,C,Cloud to Cloud,2026-07-06T19:55:32.479+08:00
2026-07-07 13:57:24,2026-07-06T19:56:00+08:00,2026-07-06T19:58:03+08:00,1.429,103.7112,C,Cloud to Cloud,2026-07-06T19:55:32.479+08:00
2026-07-07 13:57:24,2026-07-06T19:56:00+08:00,2026-07-06T19:58:03+08:00,1.4259,103.709,C,Cloud to Cloud,2026-07-06T19:55:32.479+08:00
2026-07-07 13:57:24,2026-07-06T19:56:00+08:00,2026-07-06T19:58:03+08:00,1.4175,103.685,C,Cloud to Cloud,2026-07-06T19:55:32.479+08:00
2026-07-07 13:57:24,2026-07-06T19:56:00+08:00,2026-07-06T19:58:03+08:00,1.4298,103.7124,C,Cloud to Cloud,2026-07-06T19:55:32.479+08:00
2026-07-07 13:57:24,2026-07-06T19:56:00+08:00,2026-07-06T19:58:03+08:00,1.4334,103.7135,C,Cloud to Cloud,2026-07-06T19:55:32.48+08:00
2026-07-07 13:57:24,2026-07-06T19:56:00+08:00,2026-07-06T19:58:03+08:00,1.4207,103.6893,C,Cloud to Cloud,2026-07-06T19:55:32.48+08:00
2026-07-07 13:57:24,2026-07-06T19:56:00+08:00,2026-07-06T19:58:03+08:00,1.427,103.7136,C,Cloud to Cloud,2026-07-06T19:55:32.48+08:00
2026-07-07 13:57:24,2026-07-06T19:56:00+08:00,2026-07-06T19:58:03+08:00,1.4286,103.708,C,Cloud to Cloud,2026-07-06T19:55:32.48+08:00
2026-07-07 13:57:24,2026-07-06T19:56:00+08:00,2026-07-06T19:58:03+08:00,1.4281,103.7091,C,Cloud to Cloud,2026-07-06T19:55:32.48+08:00
2026-07-07 13:57:24,2026-07-06T19:56:00+08:00,2026-07-06T19:58:03+08:00,1.4308,103.7131,C,Cloud to Cloud,2026-07-06T19:55:32.48+08:00
2026-07-07 13:57:24,2026-07-06T19:56:00+08:00,2026-07-06T19:58:03+08:00,1.4271,103.7141,C,Cloud to Cloud,2026-07-06T19:55:32.481+08:00
2026-07-07 13:57:24,2026-07-06T19:56:00+08:00,2026-07-06T19:58:03+08:00,1.4316,103.7141,C,Cloud to Cloud,2026-07-06T19:55:32.481+08:00
2026-07-07 13:57:24,2026-07-06T19:56:00+08:00,2026-07-06T19:58:03+08:00,1.41,103.6653,C,Cloud to Cloud,2026-07-06T19:55:32.481+08:00
2026-07-07 13:57:24,2026-07-06T19:56:00+08:00,2026-07-06T19:58:03+08:00,1.4278,103.71,C,Cloud to Cloud,2026-07-06T19:55:32.481+08:00
2026-07-07 13:57:24,2026-07-06T19:56:00+08:00,2026-07-06T19:58:03+08:00,1.4304,103.7115,C,Cloud to Cloud,2026-07-06T19:55:32.481+08:00
2026-07-07 13:57:24,2026-07-06T19:56:00+08:00,2026-07-06T19:58:03+08:00,1.4233,103.7111,C,Cloud to Cloud,2026-07-06T19:55:32.481+08:00
2026-07-07 13:57:24,2026-07-06T19:56:00+08:00,2026-07-06T19:58:03+08:00,1.4291,103.7122,C,Cloud to Cloud,2026-07-06T19:55:32.481+08:00
2026-07-07 13:57:24,2026-07-06T19:56:00+08:00,2026-07-06T19:58:03+08:00,1.4273,103.711,C,Cloud to Cloud,2026-07-06T19:55:32.481+08:00
2026-07-07 13:57:24,2026-07-06T19:56:00+08:00,2026-07-06T19:58:03+08:00,1.4286,103.7096,C,Cloud to Cloud,2026-07-06T19:55:32.482+08:00
2026-07-07 13:57:24,2026-07-06T19:56:00+08:00,2026-07-06T19:58:03+08:00,1.4303,103.7111,C,Cloud to Cloud,2026-07-06T19:55:32.482+08:00
2026-07-07 13:57:24,2026-07-06T19:56:00+08:00,2026-07-06T19:58:03+08:00,1.4281,103.7106,C,Cloud to Cloud,2026-07-06T19:55:32.482+08:00
2026-07-07 13:57:24,2026-07-06T19:56:00+08:00,2026-07-06T19:58:03+08:00,1.4114,103.6723,C,Cloud to Cloud,2026-07-06T19:55:32.482+08:00
2026-07-07 13:57:24,2026-07-06T19:56:00+08:00,2026-07-06T19:58:03+08:00,1.4242,103.7061,C,Cloud to Cloud,2026-07-06T19:55:32.482+08:00
2026-07-07 13:57:24,2026-07-06T19:56:00+08:00,2026-07-06T19:58:03+08:00,1.4276,103.7131,C,Cloud to Cloud,2026-07-06T19:55:32.483+08:00
2026-07-07 13:57:24,2026-07-06T19:56:00+08:00,2026-07-06T19:58:03+08:00,1.4171,103.675,C,Cloud to Cloud,2026-07-06T19:55:32.483+08:00
2026-07-07 13:57:24,2026-07-06T19:56:00+08:00,2026-07-06T19:58:03+08:00,1.4241,103.7084,C,Cloud to Cloud,2026-07-06T19:55:32.483+08:00
2026-07-07 13:57:24,2026-07-06T19:56:00+08:00,2026-07-06T19:58:03+08:00,1.4297,103.7081,C,Cloud to Cloud,2026-07-06T19:55:32.483+08:00
2026-07-07 13:57:24,2026-07-06T19:56:00+08:00,2026-07-06T19:58:03+08:00,1.4245,103.707,C,Cloud to Cloud,2026-07-06T19:55:32.483+08:00
2026-07-07 13:57:24,2026-07-06T19:56:00+08:00,2026-07-06T19:58:03+08:00,1.426,103.7064,C,Cloud to Cloud,2026-07-06T19:55:32.483+08:00
2026-07-07 13:57:24,2026-07-06T19:56:00+08:00,2026-07-06T19:58:03+08:00,1.4273,103.7084,C,Cloud to Cloud,2026-07-06T19:55:32.483+08:00
2026-07-07 13:57:24,2026-07-06T19:56:00+08:00,2026-07-06T19:58:03+08:00,1.4237,103.7096,C,Cloud to Cloud,2026-07-06T19:55:32.483+08:00
2026-07-07 13:57:24,2026-07-06T19:56:00+08:00,2026-07-06T19:58:03+08:00,1.4252,103.7118,C,Cloud to Cloud,2026-07-06T19:55:32.484+08:00
2026-07-07 13:57:24,2026-07-06T19:56:00+08:00,2026-07-06T19:58:03+08:00,1.4275,103.7117,C,Cloud to Cloud,2026-07-06T19:55:32.484+08:00
2026-07-07 13:57:24,2026-07-06T19:56:00+08:00,2026-07-06T19:58:03+08:00,1.4242,103.712,C,Cloud to Cloud,2026-07-06T19:55:32.484+08:00
2026-07-07 13:57:24,2026-07-06T19:56:00+08:00,2026-07-06T19:58:03+08:00,1.4279,103.7127,C,Cloud to Cloud,2026-07-06T19:55:32.484+08:00
2026-07-07 13:57:24,2026-07-06T19:56:00+08:00,2026-07-06T19:58:03+08:00,1.425,103.7085,C,Cloud to Cloud,2026-07-06T19:55:32.484+08:00
2026-07-07 13:57:24,2026-07-06T19:56:00+08:00,2026-07-06T19:58:03+08:00,1.427,103.7092,C,Cloud to Cloud,2026-07-06T19:55:32.484+08:00
2026-07-07 13:57:24,2026-07-06T19:56:00+08:00,2026-07-06T19:58:03+08:00,1.4245,103.7122,C,Cloud to Cloud,2026-07-06T19:55:32.485+08:00
2026-07-07 13:57:24,2026-07-06T19:56:00+08:00,2026-07-06T19:58:03+08:00,1.4256,103.7096,C,Cloud to Cloud,2026-07-06T19:55:32.485+08:00
2026-07-07 13:57:24,2026-07-06T19:56:00+08:00,2026-07-06T19:58:03+08:00,1.4167,103.6914,C,Cloud to Cloud,2026-07-06T19:55:32.485+08:00
2026-07-07 13:57:24,2026-07-06T19:56:00+08:00,2026-07-06T19:58:03+08:00,1.4247,103.7089,C,Cloud to Cloud,2026-07-06T19:55:32.485+08:00
2026-07-07 13:57:24,2026-07-06T19:56:00+08:00,2026-07-06T19:58:03+08:00,1.4224,103.71,C,Cloud to Cloud,2026-07-06T19:55:32.485+08:00
2026-07-07 13:57:24,2026-07-06T19:56:00+08:00,2026-07-06T19:58:03+08:00,1.4268,103.7134,C,Cloud to Cloud,2026-07-06T19:55:32.485+08:00
2026-07-07 13:57:24,2026-07-06T19:56:00+08:00,2026-07-06T19:58:03+08:00,1.4247,103.7133,C,Cloud to Cloud,2026-07-06T19:55:32.485+08:00
2026-07-07 13:57:24,2026-07-06T19:56:00+08:00,2026-07-06T19:58:03+08:00,1.4255,103.7089,C,Cloud to Cloud,2026-07-06T19:55:32.486+08:00
2026-07-07 13:57:24,2026-07-06T19:56:00+08:00,2026-07-06T19:58:03+08:00,1.4265,103.7132,C,Cloud to Cloud,2026-07-06T19:55:32.486+08:00
2026-07-07 13:57:24,2026-07-06T19:56:00+08:00,2026-07-06T19:58:03+08:00,1.4254,103.7078,C,Cloud to Cloud,2026-07-06T19:55:32.486+08:00
2026-07-07 13:57:24,2026-07-06T19:56:00+08:00,2026-07-06T19:58:03+08:00,1.4258,103.7071,C,Cloud to Cloud,2026-07-06T19:55:32.486+08:00
2026-07-07 13:57:24,2026-07-06T19:56:00+08:00,2026-07-06T19:58:03+08:00,1.4237,103.7125,C,Cloud to Cloud,2026-07-06T19:55:32.486+08:00
2026-07-07 13:57:24,2026-07-06T19:56:00+08:00,2026-07-06T19:58:03+08:00,1.4237,103.7071,C,Cloud to Cloud,2026-07-06T19:55:32.486+08:00
2026-07-07 13:57:24,2026-07-06T19:56:00+08:00,2026-07-06T19:58:03+08:00,1.4178,103.6872,C,Cloud to Cloud,2026-07-06T19:55:32.487+08:00
2026-07-07 13:57:24,2026-07-06T19:56:00+08:00,2026-07-06T19:58:03+08:00,1.4271,103.7078,C,Cloud to Cloud,2026-07-06T19:55:32.487+08:00
2026-07-07 13:57:24,2026-07-06T19:56:00+08:00,2026-07-06T19:58:03+08:00,1.4268,103.7086,C,Cloud to Cloud,2026-07-06T19:55:32.487+08:00
2026-07-07 13:57:24,2026-07-06T19:56:00+08:00,2026-07-06T19:58:03+08:00,1.4266,103.7092,C,Cloud to Cloud,2026-07-06T19:55:32.487+08:00
2026-07-07 13:57:24,2026-07-06T19:56:00+08:00,2026-07-06T19:58:03+08:00,1.4249,103.7111,C,Cloud to Cloud,2026-07-06T19:55:32.487+08:00
2026-07-07 13:57:24,2026-07-06T19:56:00+08:00,2026-07-06T19:58:03+08:00,1.4223,103.7126,C,Cloud to Cloud,2026-07-06T19:55:32.487+08:00
2026-07-07 13:57:24,2026-07-06T19:56:00+08:00,2026-07-06T19:58:03+08:00,1.4232,103.7021,C,Cloud to Cloud,2026-07-06T19:55:32.487+08:00
2026-07-07 13:57:24,2026-07-06T19:56:00+08:00,2026-07-06T19:58:03+08:00,1.4255,103.7082,C,Cloud to Cloud,2026-07-06T19:55:32.489+08:00
2026-07-07 13:57:24,2026-07-06T19:56:00+08:00,2026-07-06T19:58:03+08:00,1.4252,103.7098,C,Cloud to Cloud,2026-07-06T19:55:32.489+08:00
2026-07-07 13:57:24,2026-07-06T19:56:00+08:00,2026-07-06T19:58:03+08:00,1.4208,103.709,C,Cloud to Cloud,2026-07-06T19:55:32.489+08:00
2026-07-07 13:57:24,2026-07-06T19:56:00+08:00,2026-07-06T19:58:03+08:00,1.4219,103.7129,C,Cloud to Cloud,2026-07-06T19:55:32.489+08:00
2026-07-07 13:57:24,2026-07-06T19:56:00+08:00,2026-07-06T19:58:03+08:00,1.4227,103.7116,C,Cloud to Cloud,2026-07-06T19:55:32.489+08:00
2026-07-07 13:57:24,2026-07-06T19:56:00+08:00,2026-07-06T19:58:03+08:00,1.4253,103.7096,C,Cloud to Cloud,2026-07-06T19:55:32.489+08:00
2026-07-07 13:57:24,2026-07-06T19:56:00+08:00,2026-07-06T19:58:03+08:00,1.4237,103.7143,C,Cloud to Cloud,2026-07-06T19:55:32.49+08:00
2026-07-07 13:57:24,2026-07-06T19:56:00+08:00,2026-07-06T19:58:03+08:00,1.4201,103.7103,C,Cloud to Cloud,2026-07-06T19:55:32.49+08:00
2026-07-07 13:57:24,2026-07-06T19:56:00+08:00,2026-07-06T19:58:03+08:00,1.426,103.7133,C,Cloud to Cloud,2026-07-06T19:55:32.49+08:00
2026-07-07 13:57:24,2026-07-06T19:56:00+08:00,2026-07-06T19:58:03+08:00,1.4214,103.7018,C,Cloud to Cloud,2026-07-06T19:55:32.49+08:00
2026-07-07 13:57:24,2026-07-06T19:56:00+08:00,2026-07-06T19:58:03+08:00,1.4231,103.7116,C,Cloud to Cloud,2026-07-06T19:55:32.49+08:00
2026-07-07 13:57:24,2026-07-06T19:56:00+08:00,2026-07-06T19:58:03+08:00,1.4208,103.7077,C,Cloud to Cloud,2026-07-06T19:55:32.49+08:00
2026-07-07 13:57:24,2026-07-06T19:56:00+08:00,2026-07-06T19:58:03+08:00,1.4226,103.7134,C,Cloud to Cloud,2026-07-06T19:55:32.491+08:00
2026-07-07 13:57:24,2026-07-06T19:56:00+08:00,2026-07-06T19:58:03+08:00,1.4182,103.7047,C,Cloud to Cloud,2026-07-06T19:55:32.491+08:00
2026-07-07 13:57:24,2026-07-06T19:56:00+08:00,2026-07-06T19:58:03+08:00,1.4196,103.7048,C,Cloud to Cloud,2026-07-06T19:55:32.491+08:00
2026-07-07 13:57:24,2026-07-06T19:56:00+08:00,2026-07-06T19:58:03+08:00,1.4282,103.7095,C,Cloud to Cloud,2026-07-06T19:55:32.491+08:00
2026-07-07 13:57:24,2026-07-06T19:56:00+08:00,2026-07-06T19:58:03+08:00,1.4228,103.7037,C,Cloud to Cloud,2026-07-06T19:55:32.492+08:00
2026-07-07 13:57:24,2026-07-06T19:56:00+08:00,2026-07-06T19:58:03+08:00,1.4199,103.7106,C,Cloud to Cloud,2026-07-06T19:55:32.492+08:00
2026-07-07 13:57:24,2026-07-06T19:56:00+08:00,2026-07-06T19:58:03+08:00,1.4174,103.7055,C,Cloud to Cloud,2026-07-06T19:55:32.492+08:00
2026-07-07 13:57:24,2026-07-06T19:56:00+08:00,2026-07-06T19:58:03+08:00,1.421,103.7091,C,Cloud to Cloud,2026-07-06T19:55:32.492+08:00
2026-07-07 13:57:24,2026-07-06T19:56:00+08:00,2026-07-06T19:58:03+08:00,1.422,103.71,C,Cloud to Cloud,2026-07-06T19:55:32.492+08:00
2026-07-07 13:57:24,2026-07-06T19:56:00+08:00,2026-07-06T19:58:03+08:00,1.4265,103.7072,C,Cloud to Cloud,2026-07-06T19:55:32.492+08:00
2026-07-07 13:57:24,2026-07-06T19:56:00+08:00,2026-07-06T19:58:03+08:00,1.4102,103.6956,C,Cloud to Cloud,2026-07-06T19:55:32.493+08:00
2026-07-07 13:57:24,2026-07-06T19:56:00+08:00,2026-07-06T19:58:03+08:00,1.4178,103.7031,C,Cloud to Cloud,2026-07-06T19:55:32.494+08:00
2026-07-07 13:57:24,2026-07-06T19:56:00+08:00,2026-07-06T19:58:03+08:00,1.425,103.7172,C,Cloud to Cloud,2026-07-06T19:55:32.494+08:00
2026-07-07 13:57:24,2026-07-06T19:56:00+08:00,2026-07-06T19:58:03+08:00,1.4242,103.7147,C,Cloud to Cloud,2026-07-06T19:55:32.494+08:00
2026-07-07 13:57:24,2026-07-06T19:56:00+08:00,2026-07-06T19:58:03+08:00,1.4237,103.7112,C,Cloud to Cloud,2026-07-06T19:55:32.495+08:00
2026-07-07 13:57:24,2026-07-06T19:56:00+08:00,2026-07-06T19:58:03+08:00,1.4198,103.7044,C,Cloud to Cloud,2026-07-06T19:55:32.496+08:00
2026-07-07 13:57:24,2026-07-06T19:56:00+08:00,2026-07-06T19:58:03+08:00,1.4061,103.673,C,Cloud to Cloud,2026-07-06T19:55:32.497+08:00
2026-07-07 13:57:24,2026-07-06T19:56:00+08:00,2026-07-06T19:58:03+08:00,1.4208,103.7058,C,Cloud to Cloud,2026-07-06T19:55:32.497+08:00
2026-07-07 13:57:24,2026-07-06T19:56:00+08:00,2026-07-06T19:58:03+08:00,1.4231,103.7049,C,Cloud to Cloud,2026-07-06T19:55:32.497+08:00
2026-07-07 13:57:24,2026-07-06T19:56:00+08:00,2026-07-06T19:58:03+08:00,1.4305,103.7129,C,Cloud to Cloud,2026-07-06T19:55:32.497+08:00
2026-07-07 13:57:24,2026-07-06T19:56:00+08:00,2026-07-06T19:58:03+08:00,1.4413,103.7078,C,Cloud to Cloud,2026-07-06T19:55:32.499+08:00
2026-07-07 13:57:24,2026-07-06T19:56:00+08:00,2026-07-06T19:58:03+08:00,1.422,103.6995,C,Cloud to Cloud,2026-07-06T19:55:32.501+08:00
2026-07-07 13:57:24,2026-07-06T19:56:00+08:00,2026-07-06T19:58:03+08:00,1.422,103.6995,C,Cloud to Cloud,2026-07-06T19:55:32.501+08:00
2026-07-07 13:57:24,2026-07-06T19:56:00+08:00,2026-07-06T19:58:03+08:00,1.4318,103.7126,C,Cloud to Cloud,2026-07-06T19:55:32.503+08:00
2026-07-07 13:57:24,2026-07-06T19:56:00+08:00,2026-07-06T19:58:03+08:00,1.4282,103.7131,C,Cloud to Cloud,2026-07-06T19:55:32.504+08:00
2026-07-07 13:57:24,2026-07-06T19:56:00+08:00,2026-07-06T19:58:03+08:00,1.4223,103.7152,C,Cloud to Cloud,2026-07-06T19:55:32.504+08:00
2026-07-07 13:57:24,2026-07-06T19:56:00+08:00,2026-07-06T19:58:03+08:00,1.4243,103.7205,C,Cloud to Cloud,2026-07-06T19:55:32.506+08:00
2026-07-07 13:57:24,2026-07-06T19:56:00+08:00,2026-07-06T19:58:03+08:00,1.4241,103.7151,C,Cloud to Cloud,2026-07-06T19:55:32.507+08:00
2026-07-07 13:57:24,2026-07-06T19:56:00+08:00,2026-07-06T19:58:03+08:00,1.4297,103.7212,C,Cloud to Cloud,2026-07-06T19:55:32.508+08:00
2026-07-07 13:57:24,2026-07-06T19:56:00+08:00,2026-07-06T19:58:03+08:00,1.4202,103.7239,C,Cloud to Cloud,2026-07-06T19:55:32.509+08:00
2026-07-07 13:57:24,2026-07-06T19:56:00+08:00,2026-07-06T19:58:03+08:00,1.4256,103.723,C,Cloud to Cloud,2026-07-06T19:55:32.516+08:00
2026-07-07 13:57:24,2026-07-06T19:56:00+08:00,2026-07-06T19:58:03+08:00,1.4259,103.7236,C,Cloud to Cloud,2026-07-06T19:55:32.517+08:00
2026-07-07 13:57:24,2026-07-06T19:56:00+08:00,2026-07-06T19:58:03+08:00,1.4226,103.7318,C,Cloud to Cloud,2026-07-06T19:55:32.521+08:00
2026-07-07 13:57:24,2026-07-06T19:56:00+08:00,2026-07-06T19:58:03+08:00,1.423,103.7337,C,Cloud to Cloud,2026-07-06T19:55:32.521+08:00
2026-07-07 13:57:24,2026-07-06T19:56:00+08:00,2026-07-06T19:58:03+08:00,1.4194,103.7252,C,Cloud to Cloud,2026-07-06T19:55:32.536+08:00
2026-07-07 13:57:24,2026-07-06T19:56:00+08:00,2026-07-06T19:58:03+08:00,1.5676,103.7554,C,Cloud to Cloud,2026-07-06T19:55:32.536+08:00
2026-07-07 13:57:24,2026-07-06T19:56:00+08:00,2026-07-06T19:58:03+08:00,1.43,103.7228,C,Cloud to Cloud,2026-07-06T19:55:32.536+08:00
2026-07-07 13:57:24,2026-07-06T19:56:00+08:00,2026-07-06T19:58:03+08:00,1.4316,103.7191,C,Cloud to Cloud,2026-07-06T19:55:32.536+08:00
2026-07-07 13:57:24,2026-07-06T19:56:00+08:00,2026-07-06T19:58:03+08:00,1.4237,103.6644,C,Cloud to Cloud,2026-07-06T19:55:32.537+08:00
2026-07-07 13:57:24,2026-07-06T19:56:00+08:00,2026-07-06T19:58:03+08:00,1.4186,103.6972,C,Cloud to Cloud,2026-07-06T19:55:32.563+08:00
2026-07-07 13:57:24,2026-07-06T19:56:00+08:00,2026-07-06T19:58:03+08:00,1.4357,103.7208,C,Cloud to Cloud,2026-07-06T19:55:32.598+08:00
2026-07-07 13:57:24,2026-07-06T19:56:00+08:00,2026-07-06T19:58:03+08:00,1.4209,103.7187,C,Cloud to Cloud,2026-07-06T19:55:32.598+08:00
2026-07-07 13:57:24,2026-07-06T19:56:00+08:00,2026-07-06T19:58:03+08:00,1.4189,103.7181,C,Cloud to Cloud,2026-07-06T19:55:32.602+08:00
2026-07-07 13:57:24,2026-07-06T19:56:00+08:00,2026-07-06T19:58:03+08:00,1.4351,103.708,C,Cloud to Cloud,2026-07-06T19:55:32.664+08:00
2026-07-07 13:57:24,2026-07-06T19:56:00+08:00,2026-07-06T19:58:03+08:00,1.4314,103.684,C,Cloud to Cloud,2026-07-06T19:55:32.664+08:00
2026-07-07 13:57:24,2026-07-06T19:56:00+08:00,2026-07-06T19:58:03+08:00,1.4372,103.7083,C,Cloud to Cloud,2026-07-06T19:55:32.664+08:00
2026-07-07 13:57:24,2026-07-06T19:56:00+08:00,2026-07-06T19:58:03+08:00,1.5055,103.698,C,Cloud to Cloud,2026-07-06T19:55:32.664+08:00
2026-07-07 13:57:24,2026-07-06T19:56:00+08:00,2026-07-06T19:58:03+08:00,1.4415,103.7107,C,Cloud to Cloud,2026-07-06T19:55:32.664+08:00
2026-07-07 13:57:24,2026-07-06T19:56:00+08:00,2026-07-06T19:58:03+08:00,1.4443,103.7208,C,Cloud to Cloud,2026-07-06T19:55:32.689+08:00
2026-07-07 13:57:24,2026-07-06T19:56:00+08:00,2026-07-06T19:58:03+08:00,1.4374,103.7101,C,Cloud to Cloud,2026-07-06T19:55:32.689+08:00
2026-07-07 13:57:24,2026-07-06T19:56:00+08:00,2026-07-06T19:58:03+08:00,1.4317,103.6917,C,Cloud to Cloud,2026-07-06T19:55:32.689+08:00
2026-07-07 13:57:24,2026-07-06T19:56:00+08:00,2026-07-06T19:58:03+08:00,1.4343,103.7143,C,Cloud to Cloud,2026-07-06T19:55:32.689+08:00
2026-07-07 13:57:24,2026-07-06T19:56:00+08:00,2026-07-06T19:58:03+08:00,1.4324,103.6948,C,Cloud to Cloud,2026-07-06T19:55:32.689+08:00
2026-07-07 13:57:24,2026-07-06T19:56:00+08:00,2026-07-06T19:58:03+08:00,1.4386,103.706,C,Cloud to Cloud,2026-07-06T19:55:32.69+08:00
2026-07-07 13:57:24,2026-07-06T19:56:00+08:00,2026-07-06T19:58:03+08:00,1.4557,103.7017,C,Cloud to Cloud,2026-07-06T19:55:32.69+08:00
2026-07-07 13:57:24,2026-07-06T19:56:00+08:00,2026-07-06T19:58:03+08:00,1.4402,103.7114,C,Cloud to Cloud,2026-07-06T19:55:32.69+08:00
2026-07-07 13:57:24,2026-07-06T19:56:00+08:00,2026-07-06T19:58:03+08:00,1.4434,103.7105,C,Cloud to Cloud,2026-07-06T19:55:32.69+08:00
2026-07-07 13:57:24,2026-07-06T19:56:00+08:00,2026-07-06T19:58:03+08:00,1.4454,103.7086,C,Cloud to Cloud,2026-07-06T19:55:32.696+08:00
2026-07-07 13:57:24,2026-07-06T19:56:00+08:00,2026-07-06T19:58:03+08:00,1.4421,103.7057,C,Cloud to Cloud,2026-07-06T19:55:32.696+08:00
2026-07-07 13:57:24,2026-07-06T19:56:00+08:00,2026-07-06T19:58:03+08:00,1.4477,103.7079,C,Cloud to Cloud,2026-07-06T19:55:32.697+08:00
2026-07-07 13:57:24,2026-07-06T19:56:00+08:00,2026-07-06T19:58:03+08:00,1.4525,103.705,C,Cloud to Cloud,2026-07-06T19:55:32.699+08:00
2026-07-07 13:57:24,2026-07-06T19:56:00+08:00,2026-07-06T19:58:03+08:00,1.4337,103.6987,C,Cloud to Cloud,2026-07-06T19:55:32.699+08:00
2026-07-07 13:57:24,2026-07-06T19:56:00+08:00,2026-07-06T19:58:03+08:00,1.4337,103.6987,C,Cloud to Cloud,2026-07-06T19:55:32.699+08:00
2026-07-07 13:57:24,2026-07-06T19:56:00+08:00,2026-07-06T19:58:03+08:00,1.4347,103.6985,C,Cloud to Cloud,2026-07-06T19:55:32.699+08:00
2026-07-07 13:57:24,2026-07-06T19:56:00+08:00,2026-07-06T19:58:03+08:00,1.4439,103.7002,C,Cloud to Cloud,2026-07-06T19:55:32.701+08:00
2026-07-07 13:57:24,2026-07-06T19:56:00+08:00,2026-07-06T19:58:03+08:00,1.4439,103.7002,C,Cloud to Cloud,2026-07-06T19:55:32.701+08:00
2026-07-07 13:57:24,2026-07-06T19:56:00+08:00,2026-07-06T19:58:03+08:00,1.4325,103.7072,C,Cloud to Cloud,2026-07-06T19:55:32.742+08:00
2026-07-07 13:57:24,2026-07-06T19:56:00+08:00,2026-07-06T19:58:03+08:00,1.4219,103.7012,C,Cloud to Cloud,2026-07-06T19:55:32.748+08:00
2026-07-07 13:57:24,2026-07-06T19:56:00+08:00,2026-07-06T19:58:03+08:00,1.4104,103.6721,C,Cloud to Cloud,2026-07-06T19:55:32.748+08:00
2026-07-07 13:57:24,2026-07-06T19:56:00+08:00,2026-07-06T19:58:03+08:00,1.415,103.6797,C,Cloud to Cloud,2026-07-06T19:55:32.748+08:00
2026-07-07 13:57:24,2026-07-06T19:56:00+08:00,2026-07-06T19:58:03+08:00,1.4131,103.7026,C,Cloud to Cloud,2026-07-06T19:55:32.748+08:00
2026-07-07 13:57:24,2026-07-06T19:56:00+08:00,2026-07-06T19:58:03+08:00,1.4165,103.6853,C,Cloud to Cloud,2026-07-06T19:55:32.748+08:00
2026-07-07 13:57:24,2026-07-06T19:56:00+08:00,2026-07-06T19:58:03+08:00,1.4204,103.6955,C,Cloud to Cloud,2026-07-06T19:55:32.748+08:00
2026-07-07 13:57:24,2026-07-06T19:56:00+08:00,2026-07-06T19:58:03+08:00,1.4159,103.6826,C,Cloud to Cloud,2026-07-06T19:55:32.748+08:00
2026-07-07 13:57:24,2026-07-06T19:56:00+08:00,2026-07-06T19:58:03+08:00,1.4213,103.6945,C,Cloud to Cloud,2026-07-06T19:55:32.748+08:00
2026-07-07 13:57:24,2026-07-06T19:56:00+08:00,2026-07-06T19:58:03+08:00,1.4083,103.7065,C,Cloud to Cloud,2026-07-06T19:55:32.749+08:00
2026-07-07 13:57:24,2026-07-06T19:56:00+08:00,2026-07-06T19:58:03+08:00,1.4223,103.7003,C,Cloud to Cloud,2026-07-06T19:55:32.749+08:00
2026-07-07 13:57:24,2026-07-06T19:56:00+08:00,2026-07-06T19:58:03+08:00,1.405,103.7082,C,Cloud to Cloud,2026-07-06T19:55:32.749+08:00
2026-07-07 13:57:24,2026-07-06T19:56:00+08:00,2026-07-06T19:58:03+08:00,1.4082,103.7028,C,Cloud to Cloud,2026-07-06T19:55:32.749+08:00
2026-07-07 13:57:24,2026-07-06T19:56:00+08:00,2026-07-06T19:58:03+08:00,1.4189,103.6972,C,Cloud to Cloud,2026-07-06T19:55:32.749+08:00
2026-07-07 13:57:24,2026-07-06T19:56:00+08:00,2026-07-06T19:58:03+08:00,1.4172,103.699,C,Cloud to Cloud,2026-07-06T19:55:32.749+08:00
2026-07-07 13:57:24,2026-07-06T19:56:00+08:00,2026-07-06T19:58:03+08:00,1.4173,103.699,C,Cloud to Cloud,2026-07-06T19:55:32.749+08:00
2026-07-07 13:57:24,2026-07-06T19:56:00+08:00,2026-07-06T19:58:03+08:00,1.4157,103.6982,C,Cloud to Cloud,2026-07-06T19:55:32.751+08:00
2026-07-07 13:57:24,2026-07-06T19:56:00+08:00,2026-07-06T19:58:03+08:00,1.4157,103.6982,C,Cloud to Cloud,2026-07-06T19:55:32.751+08:00
2026-07-07 13:57:24,2026-07-06T19:56:00+08:00,2026-07-06T19:58:03+08:00,1.4142,103.6978,C,Cloud to Cloud,2026-07-06T19:55:32.751+08:00
2026-07-07 13:57:24,2026-07-06T19:56:00+08:00,2026-07-06T19:58:03+08:00,1.4142,103.6978,C,Cloud to Cloud,2026-07-06T19:55:32.751+08:00
2026-07-07 13:57:24,2026-07-06T19:56:00+08:00,2026-07-06T19:58:03+08:00,1.4126,103.6987,C,Cloud to Cloud,2026-07-06T19:55:32.751+08:00
2026-07-07 13:57:24,2026-07-06T19:56:00+08:00,2026-07-06T19:58:03+08:00,1.4615,103.6654,C,Cloud to Cloud,2026-07-06T19:55:32.751+08:00
2026-07-07 13:57:24,2026-07-06T19:56:00+08:00,2026-07-06T19:58:03+08:00,1.4126,103.6987,C,Cloud to Cloud,2026-07-06T19:55:32.751+08:00
2026-07-07 13:57:24,2026-07-06T19:56:00+08:00,2026-07-06T19:58:03+08:00,1.4123,103.7024,C,Cloud to Cloud,2026-07-06T19:55:32.752+08:00
2026-07-07 13:57:24,2026-07-06T19:56:00+08:00,2026-07-06T19:58:03+08:00,1.4123,103.7024,C,Cloud to Cloud,2026-07-06T19:55:32.752+08:00
2026-07-07 13:57:24,2026-07-06T19:56:00+08:00,2026-07-06T19:58:03+08:00,1.4118,103.7019,C,Cloud to Cloud,2026-07-06T19:55:32.752+08:00
2026-07-07 13:57:24,2026-07-06T19:56:00+08:00,2026-07-06T19:58:03+08:00,1.4118,103.7019,C,Cloud to Cloud,2026-07-06T19:55:32.753+08:00
2026-07-07 13:57:24,2026-07-06T19:56:00+08:00,2026-07-06T19:58:03+08:00,1.4116,103.7,C,Cloud to Cloud,2026-07-06T19:55:32.753+08:00
2026-07-07 13:57:24,2026-07-06T19:56:00+08:00,2026-07-06T19:58:03+08:00,1.4116,103.7,C,Cloud to Cloud,2026-07-06T19:55:32.753+08:00
2026-07-07 13:57:24,2026-07-06T19:56:00+08:00,2026-07-06T19:58:03+08:00,1.4112,103.6963,C,Cloud to Cloud,2026-07-06T19:55:32.754+08:00
2026-07-07 13:57:24,2026-07-06T19:56:00+08:00,2026-07-06T19:58:03+08:00,1.4112,103.6963,C,Cloud to Cloud,2026-07-06T19:55:32.754+08:00
2026-07-07 13:57:24,2026-07-06T19:56:00+08:00,2026-07-06T19:58:03+08:00,1.4101,103.7008,C,Cloud to Cloud,2026-07-06T19:55:32.755+08:00
2026-07-07 13:57:24,2026-07-06T19:56:00+08:00,2026-07-06T19:58:03+08:00,1.4101,103.7008,C,Cloud to Cloud,2026-07-06T19:55:32.755+08:00
2026-07-07 13:57:24,2026-07-06T19:56:00+08:00,2026-07-06T19:58:03+08:00,1.4227,103.6958,C,Cloud to Cloud,2026-07-06T19:55:32.76+08:00
2026-07-07 13:57:24,2026-07-06T19:56:00+08:00,2026-07-06T19:58:03+08:00,1.4227,103.6958,C,Cloud to Cloud,2026-07-06T19:55:32.76+08:00
2026-07-07 13:57:24,2026-07-06T19:56:00+08:00,2026-07-06T19:58:03+08:00,1.4052,103.6981,C,Cloud to Cloud,2026-07-06T19:55:32.763+08:00
2026-07-07 13:57:24,2026-07-06T19:56:00+08:00,2026-07-06T19:58:03+08:00,1.4052,103.6981,C,Cloud to Cloud,2026-07-06T19:55:32.764+08:00
2026-07-07 13:57:24,2026-07-06T19:56:00+08:00,2026-07-06T19:58:03+08:00,1.4049,103.7029,C,Cloud to Cloud,2026-07-06T19:55:32.767+08:00
2026-07-07 13:57:24,2026-07-06T19:56:00+08:00,2026-07-06T19:58:03+08:00,1.4049,103.7029,C,Cloud to Cloud,2026-07-06T19:55:32.767+08:00
2026-07-07 13:57:24,2026-07-06T19:56:00+08:00,2026-07-06T19:58:03+08:00,1.4059,103.7018,C,Cloud to Cloud,2026-07-06T19:55:32.767+08:00
2026-07-07 13:57:24,2026-07-06T19:56:00+08:00,2026-07-06T19:58:03+08:00,1.4059,103.7018,C,Cloud to Cloud,2026-07-06T19:55:32.767+08:00
2026-07-07 13:57:24,2026-07-06T19:56:00+08:00,2026-07-06T19:58:03+08:00,1.3939,103.6715,C,Cloud to Cloud,2026-07-06T19:55:32.783+08:00
2026-07-07 13:57:24,2026-07-06T19:56:00+08:00,2026-07-06T19:58:03+08:00,1.3939,103.6715,C,Cloud to Cloud,2026-07-06T19:55:32.783+08:00
2026-07-07 13:57:24,2026-07-06T19:56:00+08:00,2026-07-06T19:58:03+08:00,1.3992,103.676,C,Cloud to Cloud,2026-07-06T19:55:32.784+08:00
2026-07-07 13:57:24,2026-07-06T19:56:00+08:00,2026-07-06T19:58:03+08:00,1.3992,103.676,C,Cloud to Cloud,2026-07-06T19:55:32.784+08:00
2026-07-07 13:57:24,2026-07-06T19:56:00+08:00,2026-07-06T19:58:03+08:00,1.3975,103.6747,C,Cloud to Cloud,2026-07-06T19:55:32.784+08:00
2026-07-07 13:57:24,2026-07-06T19:56:00+08:00,2026-07-06T19:58:03+08:00,1.3969,103.6745,C,Cloud to Cloud,2026-07-06T19:55:32.785+08:00
2026-07-07 13:57:24,2026-07-06T19:56:00+08:00,2026-07-06T19:58:03+08:00,1.3961,103.6725,C,Cloud to Cloud,2026-07-06T19:55:32.785+08:00
2026-07-07 13:57:24,2026-07-06T19:56:00+08:00,2026-07-06T19:58:03+08:00,1.3967,103.6736,C,Cloud to Cloud,2026-07-06T19:55:32.785+08:00
2026-07-07 13:57:24,2026-07-06T19:56:00+08:00,2026-07-06T19:58:03+08:00,1.397,103.6726,C,Cloud to Cloud,2026-07-06T19:55:32.785+08:00
2026-07-07 13:57:24,2026-07-06T19:56:00+08:00,2026-07-06T19:58:03+08:00,1.3989,103.6706,C,Cloud to Cloud,2026-07-06T19:55:32.785+08:00
2026-07-07 13:57:24,2026-07-06T19:56:00+08:00,2026-07-06T19:58:03+08:00,1.3957,103.6723,C,Cloud to Cloud,2026-07-06T19:55:32.786+08:00
2026-07-07 13:57:24,2026-07-06T19:56:00+08:00,2026-07-06T19:58:03+08:00,1.3963,103.6726,C,Cloud to Cloud,2026-07-06T19:55:32.786+08:00
2026-07-07 13:57:24,2026-07-06T19:56:00+08:00,2026-07-06T19:58:03+08:00,1.3946,103.6708,C,Cloud to Cloud,2026-07-06T19:55:32.786+08:00
2026-07-07 13:57:24,2026-07-06T19:56:00+08:00,2026-07-06T19:58:03+08:00,1.3966,103.672,C,Cloud to Cloud,2026-07-06T19:55:32.786+08:00
2026-07-07 13:57:24,2026-07-06T19:56:00+08:00,2026-07-06T19:58:03+08:00,1.398,103.6665,C,Cloud to Cloud,2026-07-06T19:55:32.786+08:00
2026-07-07 13:57:24,2026-07-06T19:56:00+08:00,2026-07-06T19:58:03+08:00,1.398,103.6665,C,Cloud to Cloud,2026-07-06T19:55:32.786+08:00
2026-07-07 13:57:24,2026-07-06T19:56:00+08:00,2026-07-06T19:58:03+08:00,1.3954,103.6678,C,Cloud to Cloud,2026-07-06T19:55:32.786+08:00
2026-07-07 13:57:24,2026-07-06T19:56:00+08:00,2026-07-06T19:58:03+08:00,1.3944,103.6664,C,Cloud to Cloud,2026-07-06T19:55:32.787+08:00
2026-07-07 13:57:24,2026-07-06T19:56:00+08:00,2026-07-06T19:58:03+08:00,1.3948,103.6679,C,Cloud to Cloud,2026-07-06T19:55:32.787+08:00
2026-07-07 13:57:24,2026-07-06T19:56:00+08:00,2026-07-06T19:58:03+08:00,1.3926,103.6699,C,Cloud to Cloud,2026-07-06T19:55:32.787+08:00
2026-07-07 13:57:24,2026-07-06T19:56:00+08:00,2026-07-06T19:58:03+08:00,1.3942,103.6651,C,Cloud to Cloud,2026-07-06T19:55:32.787+08:00
2026-07-07 13:57:24,2026-07-06T19:56:00+08:00,2026-07-06T19:58:03+08:00,1.408,103.6744,C,Cloud to Cloud,2026-07-06T19:55:32.805+08:00
2026-07-07 13:57:24,2026-07-06T19:56:00+08:00,2026-07-06T19:58:03+08:00,1.4135,103.6785,C,Cloud to Cloud,2026-07-06T19:55:32.895+08:00
2026-07-07 13:57:24,2026-07-06T19:56:00+08:00,2026-07-06T19:58:03+08:00,1.3946,103.6451,C,Cloud to Cloud,2026-07-06T19:55:32.895+08:00
2026-07-07 13:57:24,2026-07-06T19:56:00+08:00,2026-07-06T19:58:03+08:00,1.412,103.6683,C,Cloud to Cloud,2026-07-06T19:55:32.915+08:00
2026-07-07 13:57:24,2026-07-06T19:56:00+08:00,2026-07-06T19:58:03+08:00,1.4097,103.6708,C,Cloud to Cloud,2026-07-06T19:55:32.931+08:00
2026-07-07 13:57:24,2026-07-06T19:56:00+08:00,2026-07-06T19:58:03+08:00,1.414,103.6783,C,Cloud to Cloud,2026-07-06T19:55:32.931+08:00
2026-07-07 13:57:24,2026-07-06T19:56:00+08:00,2026-07-06T19:58:03+08:00,1.4153,103.6765,C,Cloud to Cloud,2026-07-06T19:55:32.945+08:00
2026-07-07 13:57:24,2026-07-06T19:56:00+08:00,2026-07-06T19:58:03+08:00,1.4264,103.6692,C,Cloud to Cloud,2026-07-06T19:55:32.946+08:00
2026-07-07 13:57:24,2026-07-06T19:56:00+08:00,2026-07-06T19:58:03+08:00,1.431,103.698,C,Cloud to Cloud,2026-07-06T19:55:32.974+08:00
2026-07-07 13:57:24,2026-07-06T19:56:00+08:00,2026-07-06T19:58:03+08:00,1.4214,103.6736,C,Cloud to Cloud,2026-07-06T19:55:32.975+08:00
2026-07-07 13:57:24,2026-07-06T19:56:00+08:00,2026-07-06T19:58:03+08:00,1.3999,103.6434,C,Cloud to Cloud,2026-07-06T19:55:32.975+08:00
2026-07-07 13:57:24,2026-07-06T19:56:00+08:00,2026-07-06T19:58:03+08:00,1.4164,103.6721,C,Cloud to Cloud,2026-07-06T19:55:32.975+08:00
2026-07-07 13:57:24,2026-07-06T19:56:00+08:00,2026-07-06T19:58:03+08:00,1.419,103.6795,C,Cloud to Cloud,2026-07-06T19:55:32.975+08:00
2026-07-07 13:57:24,2026-07-06T19:56:00+08:00,2026-07-06T19:58:03+08:00,1.4326,103.7058,C,Cloud to Cloud,2026-07-06T19:55:33.023+08:00
2026-07-07 13:57:24,2026-07-06T19:56:00+08:00,2026-07-06T19:58:03+08:00,1.4319,103.706,C,Cloud to Cloud,2026-07-06T19:55:33.024+08:00
2026-07-07 13:57:24,2026-07-06T19:56:00+08:00,2026-07-06T19:58:03+08:00,1.4292,103.7012,C,Cloud to Cloud,2026-07-06T19:55:33.024+08:00
2026-07-07 13:57:24,2026-07-06T19:56:00+08:00,2026-07-06T19:58:03+08:00,1.4293,103.704,C,Cloud to Cloud,2026-07-06T19:55:33.024+08:00
2026-07-07 13:57:24,2026-07-06T19:56:00+08:00,2026-07-06T19:58:03+08:00,1.4276,103.7073,C,Cloud to Cloud,2026-07-06T19:55:33.024+08:00
2026-07-07 13:57:24,2026-07-06T19:56:00+08:00,2026-07-06T19:58:03+08:00,1.4207,103.7044,C,Cloud to Cloud,2026-07-06T19:55:33.025+08:00
2026-07-07 13:57:24,2026-07-06T19:56:00+08:00,2026-07-06T19:58:03+08:00,1.4207,103.7044,C,Cloud to Cloud,2026-07-06T19:55:33.025+08:00
2026-07-07 13:57:24,2026-07-06T19:56:00+08:00,2026-07-06T19:58:03+08:00,1.4091,103.6556,C,Cloud to Cloud,2026-07-06T19:55:33.036+08:00
2026-07-07 13:57:24,2026-07-06T19:56:00+08:00,2026-07-06T19:58:03+08:00,1.4012,103.6675,C,Cloud to Cloud,2026-07-06T19:55:33.036+08:00
2026-07-07 13:57:24,2026-07-06T19:56:00+08:00,2026-07-06T19:58:03+08:00,1.4071,103.6526,C,Cloud to Cloud,2026-07-06T19:55:33.048+08:00
2026-07-07 13:57:24,2026-07-06T19:56:00+08:00,2026-07-06T19:58:03+08:00,1.4071,103.6487,C,Cloud to Cloud,2026-07-06T19:55:33.048+08:00
2026-07-07 13:57:24,2026-07-06T19:56:00+08:00,2026-07-06T19:58:03+08:00,1.4012,103.6582,C,Cloud to Cloud,2026-07-06T19:55:33.057+08:00
2026-07-07 13:57:24,2026-07-06T19:56:00+08:00,2026-07-06T19:58:03+08:00,1.4011,103.6495,C,Cloud to Cloud,2026-07-06T19:55:33.057+08:00
2026-07-07 13:57:24,2026-07-06T19:56:00+08:00,2026-07-06T19:58:03+08:00,1.4085,103.6539,C,Cloud to Cloud,2026-07-06T19:55:33.059+08:00
2026-07-07 13:57:24,2026-07-06T19:56:00+08:00,2026-07-06T19:58:03+08:00,1.4085,103.6539,C,Cloud to Cloud,2026-07-06T19:55:33.059+08:00
2026-07-07 13:57:24,2026-07-06T19:56:00+08:00,2026-07-06T19:58:03+08:00,1.4086,103.6535,C,Cloud to Cloud,2026-07-06T19:55:33.071+08:00
2026-07-07 13:57:24,2026-07-06T19:56:00+08:00,2026-07-06T19:58:03+08:00,1.4089,103.6474,C,Cloud to Cloud,2026-07-06T19:55:33.071+08:00
2026-07-07 13:57:24,2026-07-06T19:56:00+08:00,2026-07-06T19:58:03+08:00,1.411,103.6515,C,Cloud to Cloud,2026-07-06T19:55:33.071+08:00
2026-07-07 13:57:24,2026-07-06T19:56:00+08:00,2026-07-06T19:58:03+08:00,1.411,103.6515,C,Cloud to Cloud,2026-07-06T19:55:33.071+08:00
2026-07-07 13:57:24,2026-07-06T19:56:00+08:00,2026-07-06T19:58:03+08:00,1.4102,103.6473,C,Cloud to Cloud,2026-07-06T19:55:33.078+08:00
2026-07-07 13:57:24,2026-07-06T19:56:00+08:00,2026-07-06T19:58:03+08:00,1.41,103.6398,C,Cloud to Cloud,2026-07-06T19:55:33.078+08:00
2026-07-07 13:57:24,2026-07-06T19:56:00+08:00,2026-07-06T19:58:03+08:00,1.4128,103.6495,C,Cloud to Cloud,2026-07-06T19:55:33.078+08:00
2026-07-07 13:57:24,2026-07-06T19:56:00+08:00,2026-07-06T19:58:03+08:00,1.4128,103.6495,C,Cloud to Cloud,2026-07-06T19:55:33.078+08:00
2026-07-07 13:57:24,2026-07-06T19:56:00+08:00,2026-07-06T19:58:03+08:00,1.4117,103.6682,C,Cloud to Cloud,2026-07-06T19:55:33.089+08:00
2026-07-07 13:57:24,2026-07-06T19:56:00+08:00,2026-07-06T19:58:03+08:00,1.4217,103.692,C,Cloud to Cloud,2026-07-06T19:55:33.089+08:00
2026-07-07 13:57:24,2026-07-06T19:56:00+08:00,2026-07-06T19:58:03+08:00,1.4169,103.6788,C,Cloud to Cloud,2026-07-06T19:55:33.089+08:00
2026-07-07 13:57:24,2026-07-06T19:56:00+08:00,2026-07-06T19:58:03+08:00,1.4276,103.6944,C,Cloud to Cloud,2026-07-06T19:55:33.089+08:00
2026-07-07 13:57:24,2026-07-06T19:56:00+08:00,2026-07-06T19:58:03+08:00,1.4398,103.6696,C,Cloud to Cloud,2026-07-06T19:55:33.089+08:00
2026-07-07 13:57:24,2026-07-06T19:56:00+08:00,2026-07-06T19:58:03+08:00,1.4276,103.6944,C,Cloud to Cloud,2026-07-06T19:55:33.089+08:00
2026-07-07 13:57:24,2026-07-06T19:56:00+08:00,2026-07-06T19:58:03+08:00,1.4485,103.6991,C,Cloud to Cloud,2026-07-06T19:55:33.089+08:00
2026-07-07 13:57:24,2026-07-06T19:56:00+08:00,2026-07-06T19:58:03+08:00,1.4276,103.6963,C,Cloud to Cloud,2026-07-06T19:55:33.089+08:00
2026-07-07 13:57:24,2026-07-06T19:56:00+08:00,2026-07-06T19:58:03+08:00,1.4291,103.7089,C,Cloud to Cloud,2026-07-06T19:55:33.089+08:00
2026-07-07 13:57:24,2026-07-06T19:56:00+08:00,2026-07-06T19:58:03+08:00,1.4239,103.6989,C,Cloud to Cloud,2026-07-06T19:55:33.09+08:00
2026-07-07 13:57:24,2026-07-06T19:56:00+08:00,2026-07-06T19:58:03+08:00,1.4174,103.682,C,Cloud to Cloud,2026-07-06T19:55:33.09+08:00
2026-07-07 13:57:24,2026-07-06T19:56:00+08:00,2026-07-06T19:58:03+08:00,1.4265,103.7083,C,Cloud to Cloud,2026-07-06T19:55:33.09+08:00
2026-07-07 13:57:24,2026-07-06T19:56:00+08:00,2026-07-06T19:58:03+08:00,1.4248,103.7079,C,Cloud to Cloud,2026-07-06T19:55:33.09+08:00
2026-07-07 13:57:24,2026-07-06T19:56:00+08:00,2026-07-06T19:58:03+08:00,1.4146,103.6834,C,Cloud to Cloud,2026-07-06T19:55:33.09+08:00
2026-07-07 13:57:24,2026-07-06T19:56:00+08:00,2026-07-06T19:58:03+08:00,1.4213,103.6423,C,Cloud to Cloud,2026-07-06T19:55:33.09+08:00
2026-07-07 13:57:24,2026-07-06T19:56:00+08:00,2026-07-06T19:58:03+08:00,1.4153,103.692,C,Cloud to Cloud,2026-07-06T19:55:33.09+08:00
2026-07-07 13:57:24,2026-07-06T19:56:00+08:00,2026-07-06T19:58:03+08:00,1.4155,103.6933,C,Cloud to Cloud,2026-07-06T19:55:33.09+08:00
2026-07-07 13:57:24,2026-07-06T19:56:00+08:00,2026-07-06T19:58:03+08:00,1.4134,103.6882,C,Cloud to Cloud,2026-07-06T19:55:33.091+08:00
2026-07-07 13:57:24,2026-07-06T19:56:00+08:00,2026-07-06T19:58:03+08:00,1.4032,103.6324,C,Cloud to Cloud,2026-07-06T19:55:33.147+08:00
2026-07-07 13:57:24,2026-07-06T19:56:00+08:00,2026-07-06T19:58:03+08:00,1.4013,103.6244,C,Cloud to Cloud,2026-07-06T19:55:33.147+08:00
2026-07-07 13:57:24,2026-07-06T19:56:00+08:00,2026-07-06T19:58:03+08:00,1.4059,103.6434,C,Cloud to Cloud,2026-07-06T19:55:33.154+08:00
2026-07-07 13:57:24,2026-07-06T19:56:00+08:00,2026-07-06T19:58:03+08:00,1.4325,103.7177,C,Cloud to Cloud,2026-07-06T19:55:33.154+08:00
2026-07-07 13:57:24,2026-07-06T19:56:00+08:00,2026-07-06T19:58:03+08:00,1.4218,103.6915,C,Cloud to Cloud,2026-07-06T19:55:33.154+08:00
2026-07-07 13:57:24,2026-07-06T19:56:00+08:00,2026-07-06T19:58:03+08:00,1.4191,103.6678,C,Cloud to Cloud,2026-07-06T19:55:33.155+08:00
2026-07-07 13:57:24,2026-07-06T19:56:00+08:00,2026-07-06T19:58:03+08:00,1.4444,103.7327,C,Cloud to Cloud,2026-07-06T19:55:33.155+08:00
2026-07-07 13:57:24,2026-07-06T19:56:00+08:00,2026-07-06T19:58:03+08:00,1.446,103.6859,C,Cloud to Cloud,2026-07-06T19:55:33.155+08:00
2026-07-07 13:57:24,2026-07-06T19:56:00+08:00,2026-07-06T19:58:03+08:00,1.4478,103.6952,C,Cloud to Cloud,2026-07-06T19:55:33.155+08:00
2026-07-07 13:57:24,2026-07-06T19:56:00+08:00,2026-07-06T19:58:03+08:00,1.4487,103.7127,C,Cloud to Cloud,2026-07-06T19:55:33.155+08:00
2026-07-07 13:57:24,2026-07-06T19:56:00+08:00,2026-07-06T19:58:03+08:00,1.4336,103.6944,C,Cloud to Cloud,2026-07-06T19:55:33.155+08:00
2026-07-07 13:57:24,2026-07-06T19:56:00+08:00,2026-07-06T19:58:03+08:00,1.4439,103.7388,C,Cloud to Cloud,2026-07-06T19:55:33.155+08:00
2026-07-07 13:57:24,2026-07-06T19:56:00+08:00,2026-07-06T19:58:03+08:00,1.4343,103.7019,C,Cloud to Cloud,2026-07-06T19:55:33.155+08:00
2026-07-07 13:57:24,2026-07-06T19:56:00+08:00,2026-07-06T19:58:03+08:00,1.4335,103.7035,C,Cloud to Cloud,2026-07-06T19:55:33.155+08:00
2026-07-07 13:57:24,2026-07-06T19:56:00+08:00,2026-07-06T19:58:03+08:00,1.4317,103.7006,C,Cloud to Cloud,2026-07-06T19:55:33.155+08:00
2026-07-07 13:57:24,2026-07-06T19:56:00+08:00,2026-07-06T19:58:03+08:00,1.4321,103.7041,C,Cloud to Cloud,2026-07-06T19:55:33.155+08:00
2026-07-07 13:57:24,2026-07-06T19:56:00+08:00,2026-07-06T19:58:03+08:00,1.4302,103.7019,C,Cloud to Cloud,2026-07-06T19:55:33.156+08:00
2026-07-07 13:57:24,2026-07-06T19:56:00+08:00,2026-07-06T19:58:03+08:00,1.4302,103.7035,C,Cloud to Cloud,2026-07-06T19:55:33.156+08:00
2026-07-07 13:57:24,2026-07-06T19:56:00+08:00,2026-07-06T19:58:03+08:00,1.4259,103.7167,C,Cloud to Cloud,2026-07-06T19:55:33.156+08:00
2026-07-07 13:57:24,2026-07-06T19:56:00+08:00,2026-07-06T19:58:03+08:00,1.4228,103.7176,C,Cloud to Cloud,2026-07-06T19:55:33.156+08:00
2026-07-07 13:57:24,2026-07-06T19:56:00+08:00,2026-07-06T19:58:03+08:00,1.4088,103.66,C,Cloud to Cloud,2026-07-06T19:55:33.162+08:00
2026-07-07 13:57:24,2026-07-06T19:56:00+08:00,2026-07-06T19:58:03+08:00,1.4295,103.684,C,Cloud to Cloud,2026-07-06T19:55:33.162+08:00
2026-07-07 13:57:24,2026-07-06T19:56:00+08:00,2026-07-06T19:58:03+08:00,1.4367,103.7092,C,Cloud to Cloud,2026-07-06T19:55:33.162+08:00
2026-07-07 13:57:24,2026-07-06T19:56:00+08:00,2026-07-06T19:58:03+08:00,1.4286,103.7108,C,Cloud to Cloud,2026-07-06T19:55:33.162+08:00
2026-07-07 13:57:24,2026-07-06T19:56:00+08:00,2026-07-06T19:58:03+08:00,1.4115,103.6646,C,Cloud to Cloud,2026-07-06T19:55:33.163+08:00
2026-07-07 13:57:24,2026-07-06T19:56:00+08:00,2026-07-06T19:58:03+08:00,1.4115,103.6528,C,Cloud to Cloud,2026-07-06T19:55:33.163+08:00
2026-07-07 13:57:24,2026-07-06T19:56:00+08:00,2026-07-06T19:58:03+08:00,1.4138,103.6737,C,Cloud to Cloud,2026-07-06T19:55:33.163+08:00
2026-07-07 13:57:24,2026-07-06T19:56:00+08:00,2026-07-06T19:58:03+08:00,1.4138,103.6737,C,Cloud to Cloud,2026-07-06T19:55:33.164+08:00
2026-07-07 13:57:24,2026-07-06T19:56:00+08:00,2026-07-06T19:58:03+08:00,1.4243,103.704,C,Cloud to Cloud,2026-07-06T19:55:33.164+08:00
2026-07-07 13:57:24,2026-07-06T19:56:00+08:00,2026-07-06T19:58:03+08:00,1.4091,103.6639,C,Cloud to Cloud,2026-07-06T19:55:33.164+08:00
2026-07-07 13:57:24,2026-07-06T19:56:00+08:00,2026-07-06T19:58:03+08:00,1.4092,103.666,C,Cloud to Cloud,2026-07-06T19:55:33.164+08:00
2026-07-07 13:57:24,2026-07-06T19:56:00+08:00,2026-07-06T19:58:03+08:00,1.4108,103.6645,C,Cloud to Cloud,2026-07-06T19:55:33.164+08:00
2026-07-07 13:57:24,2026-07-06T19:56:00+08:00,2026-07-06T19:58:03+08:00,1.4143,103.6741,C,Cloud to Cloud,2026-07-06T19:55:33.164+08:00
2026-07-07 13:57:24,2026-07-06T19:56:00+08:00,2026-07-06T19:58:03+08:00,1.4066,103.6843,C,Cloud to Cloud,2026-07-06T19:55:33.165+08:00
2026-07-07 13:57:24,2026-07-06T19:56:00+08:00,2026-07-06T19:58:03+08:00,1.401,103.6749,C,Cloud to Cloud,2026-07-06T19:55:33.165+08:00
2026-07-07 13:57:24,2026-07-06T19:56:00+08:00,2026-07-06T19:58:03+08:00,1.4039,103.679,C,Cloud to Cloud,2026-07-06T19:55:33.166+08:00
2026-07-07 13:57:24,2026-07-06T19:56:00+08:00,2026-07-06T19:58:03+08:00,1.401,103.6623,C,Cloud to Cloud,2026-07-06T19:55:33.166+08:00
2026-07-07 13:57:24,2026-07-06T19:56:00+08:00,2026-07-06T19:58:03+08:00,1.3934,103.6566,C,Cloud to Cloud,2026-07-06T19:55:33.166+08:00
2026-07-07 13:57:24,2026-07-06T19:56:00+08:00,2026-07-06T19:58:03+08:00,1.3859,103.6427,C,Cloud to Cloud,2026-07-06T19:55:33.166+08:00
2026-07-07 13:57:24,2026-07-06T19:56:00+08:00,2026-07-06T19:58:03+08:00,1.3768,103.6244,C,Cloud to Cloud,2026-07-06T19:55:33.166+08:00
2026-07-07 13:57:24,2026-07-06T19:56:00+08:00,2026-07-06T19:58:03+08:00,1.373,103.6218,C,Cloud to Cloud,2026-07-06T19:55:33.166+08:00
2026-07-07 13:57:24,2026-07-06T19:56:00+08:00,2026-07-06T19:58:03+08:00,1.3767,103.6269,C,Cloud to Cloud,2026-07-06T19:55:33.166+08:00
2026-07-07 13:57:24,2026-07-06T19:56:00+08:00,2026-07-06T19:58:03+08:00,1.3817,103.629,C,Cloud to Cloud,2026-07-06T19:55:33.166+08:00
2026-07-07 13:57:24,2026-07-06T19:56:00+08:00,2026-07-06T19:58:03+08:00,1.375,103.6171,C,Cloud to Cloud,2026-07-06T19:55:33.166+08:00
2026-07-07 13:57:24,2026-07-06T19:56:00+08:00,2026-07-06T19:58:03+08:00,1.3807,103.6341,C,Cloud to Cloud,2026-07-06T19:55:33.166+08:00
2026-07-07 13:57:24,2026-07-06T19:56:00+08:00,2026-07-06T19:58:03+08:00,1.3983,103.675,C,Cloud to Cloud,2026-07-06T19:55:33.167+08:00
2026-07-07 13:57:24,2026-07-06T19:56:00+08:00,2026-07-06T19:58:03+08:00,1.3812,103.6767,C,Cloud to Cloud,2026-07-06T19:55:33.167+08:00
2026-07-07 13:57:24,2026-07-06T19:56:00+08:00,2026-07-06T19:58:03+08:00,1.3827,103.6742,C,Cloud to Cloud,2026-07-06T19:55:33.167+08:00
2026-07-07 13:57:24,2026-07-06T19:56:00+08:00,2026-07-06T19:58:03+08:00,1.4092,103.6826,C,Cloud to Cloud,2026-07-06T19:55:33.167+08:00
2026-07-07 13:57:24,2026-07-06T19:56:00+08:00,2026-07-06T19:58:03+08:00,1.4089,103.6801,C,Cloud to Cloud,2026-07-06T19:55:33.167+08:00
2026-07-07 13:57:24,2026-07-06T19:56:00+08:00,2026-07-06T19:58:03+08:00,1.4086,103.6788,C,Cloud to Cloud,2026-07-06T19:55:33.167+08:00
2026-07-07 13:57:24,2026-07-06T19:56:00+08:00,2026-07-06T19:58:03+08:00,1.393,103.6444,C,Cloud to Cloud,2026-07-06T19:55:33.167+08:00
2026-07-07 13:57:24,2026-07-06T19:56:00+08:00,2026-07-06T19:58:03+08:00,1.4054,103.6736,C,Cloud to Cloud,2026-07-06T19:55:33.167+08:00
2026-07-07 13:57:24,2026-07-06T19:56:00+08:00,2026-07-06T19:58:03+08:00,1.4058,103.6751,C,Cloud to Cloud,2026-07-06T19:55:33.167+08:00
2026-07-07 13:57:24,2026-07-06T19:56:00+08:00,2026-07-06T19:58:03+08:00,1.386,103.6459,C,Cloud to Cloud,2026-07-06T19:55:33.168+08:00
2026-07-07 13:57:24,2026-07-06T19:56:00+08:00,2026-07-06T19:58:03+08:00,1.3941,103.6271,C,Cloud to Cloud,2026-07-06T19:55:33.168+08:00
2026-07-07 13:57:24,2026-07-06T19:56:00+08:00,2026-07-06T19:58:03+08:00,1.3948,103.6487,C,Cloud to Cloud,2026-07-06T19:55:33.168+08:00
2026-07-07 13:57:24,2026-07-06T19:56:00+08:00,2026-07-06T19:58:03+08:00,1.3912,103.6401,C,Cloud to Cloud,2026-07-06T19:55:33.168+08:00
2026-07-07 13:57:24,2026-07-06T19:56:00+08:00,2026-07-06T19:58:03+08:00,1.3934,103.6435,C,Cloud to Cloud,2026-07-06T19:55:33.168+08:00
2026-07-07 13:57:24,2026-07-06T19:56:00+08:00,2026-07-06T19:58:03+08:00,1.3834,103.6193,C,Cloud to Cloud,2026-07-06T19:55:33.168+08:00
2026-07-07 13:57:24,2026-07-06T19:56:00+08:00,2026-07-06T19:58:03+08:00,1.3925,103.6393,C,Cloud to Cloud,2026-07-06T19:55:33.168+08:00
2026-07-07 13:57:24,2026-07-06T19:56:00+08:00,2026-07-06T19:58:03+08:00,1.3905,103.6335,C,Cloud to Cloud,2026-07-06T19:55:33.168+08:00
2026-07-07 13:57:24,2026-07-06T19:56:00+08:00,2026-07-06T19:58:03+08:00,1.3901,103.6332,C,Cloud to Cloud,2026-07-06T19:55:33.168+08:00
2026-07-07 13:57:24,2026-07-06T19:56:00+08:00,2026-07-06T19:58:03+08:00,1.393,103.6446,C,Cloud to Cloud,2026-07-06T19:55:33.169+08:00
2026-07-07 13:57:24,2026-07-06T19:56:00+08:00,2026-07-06T19:58:03+08:00,1.393,103.6446,C,Cloud to Cloud,2026-07-06T19:55:33.169+08:00
2026-07-07 13:57:24,2026-07-06T19:56:00+08:00,2026-07-06T19:58:03+08:00,1.3935,103.6417,C,Cloud to Cloud,2026-07-06T19:55:33.169+08:00
2026-07-07 13:57:24,2026-07-06T19:56:00+08:00,2026-07-06T19:58:03+08:00,1.3907,103.6332,C,Cloud to Cloud,2026-07-06T19:55:33.169+08:00
2026-07-07 13:57:24,2026-07-06T19:56:00+08:00,2026-07-06T19:58:03+08:00,1.4342,103.6845,C,Cloud to Cloud,2026-07-06T19:55:33.171+08:00
2026-07-07 13:57:24,2026-07-06T19:56:00+08:00,2026-07-06T19:58:03+08:00,1.3878,103.6279,C,Cloud to Cloud,2026-07-06T19:55:33.172+08:00
2026-07-07 13:57:24,2026-07-06T19:56:00+08:00,2026-07-06T19:58:03+08:00,1.3878,103.6279,C,Cloud to Cloud,2026-07-06T19:55:33.172+08:00
2026-07-07 13:57:24,2026-07-06T19:56:00+08:00,2026-07-06T19:58:03+08:00,1.3927,103.6282,C,Cloud to Cloud,2026-07-06T19:55:33.173+08:00
2026-07-07 13:57:24,2026-07-06T19:56:00+08:00,2026-07-06T19:58:03+08:00,1.3927,103.6282,C,Cloud to Cloud,2026-07-06T19:55:33.174+08:00
2026-07-07 13:57:24,2026-07-06T19:56:00+08:00,2026-07-06T19:58:03+08:00,1.3924,103.6277,C,Cloud to Cloud,2026-07-06T19:55:33.174+08:00
2026-07-07 13:57:24,2026-07-06T19:56:00+08:00,2026-07-06T19:58:03+08:00,1.391,103.6205,C,Cloud to Cloud,2026-07-06T19:55:33.174+08:00
2026-07-07 13:57:24,2026-07-06T19:56:00+08:00,2026-07-06T19:58:03+08:00,1.394,103.6283,C,Cloud to Cloud,2026-07-06T19:55:33.174+08:00
2026-07-07 13:57:24,2026-07-06T19:56:00+08:00,2026-07-06T19:58:03+08:00,1.3909,103.6268,C,Cloud to Cloud,2026-07-06T19:55:33.174+08:00
2026-07-07 13:57:24,2026-07-06T19:56:00+08:00,2026-07-06T19:58:03+08:00,1.3958,103.629,C,Cloud to Cloud,2026-07-06T19:55:33.174+08:00
2026-07-07 13:57:24,2026-07-06T19:56:00+08:00,2026-07-06T19:58:03+08:00,1.3908,103.6279,C,Cloud to Cloud,2026-07-06T19:55:33.174+08:00
2026-07-07 13:57:24,2026-07-06T19:56:00+08:00,2026-07-06T19:58:03+08:00,1.3916,103.6226,C,Cloud to Cloud,2026-07-06T19:55:33.174+08:00
2026-07-07 13:57:24,2026-07-06T19:56:00+08:00,2026-07-06T19:58:03+08:00,1.3925,103.6244,C,Cloud to Cloud,2026-07-06T19:55:33.175+08:00
2026-07-07 13:57:24,2026-07-06T19:56:00+08:00,2026-07-06T19:58:03+08:00,1.3937,103.6275,C,Cloud to Cloud,2026-07-06T19:55:33.175+08:00
2026-07-07 13:57:24,2026-07-06T19:56:00+08:00,2026-07-06T19:58:03+08:00,1.3927,103.6233,C,Cloud to Cloud,2026-07-06T19:55:33.175+08:00
2026-07-07 13:57:24,2026-07-06T19:56:00+08:00,2026-07-06T19:58:03+08:00,1.3897,103.6256,C,Cloud to Cloud,2026-07-06T19:55:33.175+08:00
2026-07-07 13:57:24,2026-07-06T19:56:00+08:00,2026-07-06T19:58:03+08:00,1.3919,103.6133,C,Cloud to Cloud,2026-07-06T19:55:33.175+08:00
2026-07-07 13:57:24,2026-07-06T19:56:00+08:00,2026-07-06T19:58:03+08:00,1.3933,103.6233,C,Cloud to Cloud,2026-07-06T19:55:33.175+08:00
2026-07-07 13:57:24,2026-07-06T19:56:00+08:00,2026-07-06T19:58:03+08:00,1.396,103.6291,C,Cloud to Cloud,2026-07-06T19:55:33.175+08:00
2026-07-07 13:57:24,2026-07-06T19:56:00+08:00,2026-07-06T19:58:03+08:00,1.3925,103.632,C,Cloud to Cloud,2026-07-06T19:55:33.176+08:00
2026-07-07 13:57:24,2026-07-06T19:56:00+08:00,2026-07-06T19:58:03+08:00,1.3946,103.6287,C,Cloud to Cloud,2026-07-06T19:55:33.176+08:00
2026-07-07 13:57:24,2026-07-06T19:56:00+08:00,2026-07-06T19:58:03+08:00,1.3932,103.6296,C,Cloud to Cloud,2026-07-06T19:55:33.176+08:00
2026-07-07 13:57:24,2026-07-06T19:56:00+08:00,2026-07-06T19:58:03+08:00,1.3917,103.6258,C,Cloud to Cloud,2026-07-06T19:55:33.177+08:00
2026-07-07 13:57:24,2026-07-06T19:56:00+08:00,2026-07-06T19:58:03+08:00,1.3898,103.6246,C,Cloud to Cloud,2026-07-06T19:55:33.177+08:00
2026-07-07 13:57:24,2026-07-06T19:56:00+08:00,2026-07-06T19:58:03+08:00,1.3979,103.6284,C,Cloud to Cloud,2026-07-06T19:55:33.177+08:00
2026-07-07 13:57:24,2026-07-06T19:56:00+08:00,2026-07-06T19:58:03+08:00,1.392,103.6276,C,Cloud to Cloud,2026-07-06T19:55:33.177+08:00
2026-07-07 13:57:24,2026-07-06T19:56:00+08:00,2026-07-06T19:58:03+08:00,1.3956,103.621,C,Cloud to Cloud,2026-07-06T19:55:33.177+08:00
2026-07-07 13:57:24,2026-07-06T19:56:00+08:00,2026-07-06T19:58:03+08:00,1.3924,103.6309,C,Cloud to Cloud,2026-07-06T19:55:33.177+08:00
2026-07-07 13:57:24,2026-07-06T19:56:00+08:00,2026-07-06T19:58:03+08:00,1.392,103.6294,C,Cloud to Cloud,2026-07-06T19:55:33.177+08:00
2026-07-07 13:57:24,2026-07-06T19:56:00+08:00,2026-07-06T19:58:03+08:00,1.392,103.6294,C,Cloud to Cloud,2026-07-06T19:55:33.177+08:00
2026-07-07 13:57:24,2026-07-06T19:56:00+08:00,2026-07-06T19:58:03+08:00,1.387,103.6226,C,Cloud to Cloud,2026-07-06T19:55:33.177+08:00
2026-07-07 13:57:24,2026-07-06T19:56:00+08:00,2026-07-06T19:58:03+08:00,1.3961,103.6272,C,Cloud to Cloud,2026-07-06T19:55:33.177+08:00
2026-07-07 13:57:24,2026-07-06T19:56:00+08:00,2026-07-06T19:58:03+08:00,1.3899,103.628,C,Cloud to Cloud,2026-07-06T19:55:33.178+08:00
2026-07-07 13:57:24,2026-07-06T19:56:00+08:00,2026-07-06T19:58:03+08:00,1.3887,103.633,C,Cloud to Cloud,2026-07-06T19:55:33.178+08:00
2026-07-07 13:57:24,2026-07-06T19:56:00+08:00,2026-07-06T19:58:03+08:00,1.3956,103.6259,C,Cloud to Cloud,2026-07-06T19:55:33.178+08:00
2026-07-07 13:57:24,2026-07-06T19:56:00+08:00,2026-07-06T19:58:03+08:00,1.3971,103.6267,C,Cloud to Cloud,2026-07-06T19:55:33.178+08:00
2026-07-07 13:57:24,2026-07-06T19:56:00+08:00,2026-07-06T19:58:03+08:00,1.3947,103.6217,C,Cloud to Cloud,2026-07-06T19:55:33.178+08:00
2026-07-07 13:57:24,2026-07-06T19:56:00+08:00,2026-07-06T19:58:03+08:00,1.3959,103.625,C,Cloud to Cloud,2026-07-06T19:55:33.178+08:00
2026-07-07 13:57:24,2026-07-06T19:56:00+08:00,2026-07-06T19:58:03+08:00,1.3931,103.6289,C,Cloud to Cloud,2026-07-06T19:55:33.178+08:00
2026-07-07 13:57:24,2026-07-06T19:56:00+08:00,2026-07-06T19:58:03+08:00,1.392,103.6262,C,Cloud to Cloud,2026-07-06T19:55:33.178+08:00
2026-07-07 13:57:24,2026-07-06T19:56:00+08:00,2026-07-06T19:58:03+08:00,1.3976,103.6308,C,Cloud to Cloud,2026-07-06T19:55:33.178+08:00
2026-07-07 13:57:24,2026-07-06T19:56:00+08:00,2026-07-06T19:58:03+08:00,1.3958,103.63,C,Cloud to Cloud,2026-07-06T19:55:33.178+08:00
2026-07-07 13:57:24,2026-07-06T19:56:00+08:00,2026-07-06T19:58:03+08:00,1.3935,103.626,C,Cloud to Cloud,2026-07-06T19:55:33.179+08:00
2026-07-07 13:57:24,2026-07-06T19:56:00+08:00,2026-07-06T19:58:03+08:00,1.3941,103.6294,C,Cloud to Cloud,2026-07-06T19:55:33.179+08:00
2026-07-07 13:57:24,2026-07-06T19:56:00+08:00,2026-07-06T19:58:03+08:00,1.3949,103.6255,C,Cloud to Cloud,2026-07-06T19:55:33.179+08:00
2026-07-07 13:57:24,2026-07-06T19:56:00+08:00,2026-07-06T19:58:03+08:00,1.3928,103.6301,C,Cloud to Cloud,2026-07-06T19:55:33.179+08:00
2026-07-07 13:57:24,2026-07-06T19:56:00+08:00,2026-07-06T19:58:03+08:00,1.3901,103.6313,C,Cloud to Cloud,2026-07-06T19:55:33.179+08:00
2026-07-07 13:57:24,2026-07-06T19:56:00+08:00,2026-07-06T19:58:03+08:00,1.3881,103.6261,C,Cloud to Cloud,2026-07-06T19:55:33.179+08:00
2026-07-07 13:57:24,2026-07-06T19:56:00+08:00,2026-07-06T19:58:03+08:00,1.3911,103.6301,C,Cloud to Cloud,2026-07-06T19:55:33.179+08:00
2026-07-07 13:57:24,2026-07-06T19:56:00+08:00,2026-07-06T19:58:03+08:00,1.3897,103.6267,C,Cloud to Cloud,2026-07-06T19:55:33.179+08:00
2026-07-07 13:57:24,2026-07-06T19:56:00+08:00,2026-07-06T19:58:03+08:00,1.3936,103.6306,C,Cloud to Cloud,2026-07-06T19:55:33.179+08:00
2026-07-07 13:57:24,2026-07-06T19:56:00+08:00,2026-07-06T19:58:03+08:00,1.3774,103.6499,C,Cloud to Cloud,2026-07-06T19:55:33.181+08:00
2026-07-07 13:57:24,2026-07-06T19:56:00+08:00,2026-07-06T19:58:03+08:00,1.3819,103.5958,C,Cloud to Cloud,2026-07-06T19:55:33.182+08:00
2026-07-07 13:57:24,2026-07-06T19:56:00+08:00,2026-07-06T19:58:03+08:00,1.3914,103.625,C,Cloud to Cloud,2026-07-06T19:55:33.182+08:00
2026-07-07 13:57:24,2026-07-06T19:56:00+08:00,2026-07-06T19:58:03+08:00,1.3914,103.625,C,Cloud to Cloud,2026-07-06T19:55:33.183+08:00
2026-07-07 13:57:24,2026-07-06T19:56:00+08:00,2026-07-06T19:58:03+08:00,1.3939,103.6239,C,Cloud to Cloud,2026-07-06T19:55:33.183+08:00
2026-07-07 13:57:24,2026-07-06T19:56:00+08:00,2026-07-06T19:58:03+08:00,1.3928,103.6211,C,Cloud to Cloud,2026-07-06T19:55:33.183+08:00
2026-07-07 13:57:24,2026-07-06T19:56:00+08:00,2026-07-06T19:58:03+08:00,1.3924,103.6226,C,Cloud to Cloud,2026-07-06T19:55:33.183+08:00
2026-07-07 13:57:24,2026-07-06T19:56:00+08:00,2026-07-06T19:58:03+08:00,1.3924,103.6226,C,Cloud to Cloud,2026-07-06T19:55:33.183+08:00
2026-07-07 13:57:24,2026-07-06T19:56:00+08:00,2026-07-06T19:58:03+08:00,1.3921,103.6343,C,Cloud to Cloud,2026-07-06T19:55:33.183+08:00
2026-07-07 13:57:24,2026-07-06T19:56:00+08:00,2026-07-06T19:58:03+08:00,1.3921,103.6343,C,Cloud to Cloud,2026-07-06T19:55:33.183+08:00
2026-07-07 13:57:24,2026-07-06T19:56:00+08:00,2026-07-06T19:58:03+08:00,1.3995,103.6189,C,Cloud to Cloud,2026-07-06T19:55:33.184+08:00
2026-07-07 13:57:24,2026-07-06T19:56:00+08:00,2026-07-06T19:58:03+08:00,1.3995,103.6189,C,Cloud to Cloud,2026-07-06T19:55:33.184+08:00
2026-07-07 13:57:24,2026-07-06T19:56:00+08:00,2026-07-06T19:58:03+08:00,1.3961,103.6178,C,Cloud to Cloud,2026-07-06T19:55:33.184+08:00
2026-07-07 13:57:24,2026-07-06T19:56:00+08:00,2026-07-06T19:58:03+08:00,1.3961,103.6178,C,Cloud to Cloud,2026-07-06T19:55:33.184+08:00
2026-07-07 13:57:24,2026-07-06T19:56:00+08:00,2026-07-06T19:58:03+08:00,1.3947,103.6243,C,Cloud to Cloud,2026-07-06T19:55:33.186+08:00
2026-07-07 13:57:24,2026-07-06T19:56:00+08:00,2026-07-06T19:58:03+08:00,1.3947,103.6243,C,Cloud to Cloud,2026-07-06T19:55:33.186+08:00
2026-07-07 13:57:24,2026-07-06T19:56:00+08:00,2026-07-06T19:58:03+08:00,1.3898,103.6211,C,Cloud to Cloud,2026-07-06T19:55:33.186+08:00
2026-07-07 13:57:24,2026-07-06T19:56:00+08:00,2026-07-06T19:58:03+08:00,1.3898,103.6211,C,Cloud to Cloud,2026-07-06T19:55:33.186+08:00
2026-07-07 13:57:24,2026-07-06T19:56:00+08:00,2026-07-06T19:58:03+08:00,1.3928,103.6147,C,Cloud to Cloud,2026-07-06T19:55:33.186+08:00
2026-07-07 13:57:24,2026-07-06T19:56:00+08:00,2026-07-06T19:58:03+08:00,1.3922,103.6166,C,Cloud to Cloud,2026-07-06T19:55:33.187+08:00
2026-07-07 13:57:24,2026-07-06T19:56:00+08:00,2026-07-06T19:58:03+08:00,1.3922,103.6166,C,Cloud to Cloud,2026-07-06T19:55:33.187+08:00
2026-07-07 13:57:24,2026-07-06T19:56:00+08:00,2026-07-06T19:58:03+08:00,1.3941,103.6219,C,Cloud to Cloud,2026-07-06T19:55:33.187+08:00
2026-07-07 13:57:24,2026-07-06T19:56:00+08:00,2026-07-06T19:58:03+08:00,1.3925,103.6176,C,Cloud to Cloud,2026-07-06T19:55:33.187+08:00
2026-07-07 13:57:24,2026-07-06T19:56:00+08:00,2026-07-06T19:58:03+08:00,1.3998,103.619,C,Cloud to Cloud,2026-07-06T19:55:33.188+08:00
2026-07-07 13:57:24,2026-07-06T19:56:00+08:00,2026-07-06T19:58:03+08:00,1.3998,103.619,C,Cloud to Cloud,2026-07-06T19:55:33.188+08:00
2026-07-07 13:57:24,2026-07-06T19:56:00+08:00,2026-07-06T19:58:03+08:00,1.4037,103.6156,C,Cloud to Cloud,2026-07-06T19:55:33.19+08:00
2026-07-07 13:57:24,2026-07-06T19:56:00+08:00,2026-07-06T19:58:03+08:00,1.4037,103.6156,C,Cloud to Cloud,2026-07-06T19:55:33.19+08:00
2026-07-07 13:57:24,2026-07-06T19:56:00+08:00,2026-07-06T19:58:03+08:00,1.3979,103.6109,C,Cloud to Cloud,2026-07-06T19:55:33.352+08:00
2026-07-07 13:57:24,2026-07-06T19:56:00+08:00,2026-07-06T19:58:03+08:00,1.3979,103.6109,C,Cloud to Cloud,2026-07-06T19:55:33.352+08:00
2026-07-07 13:57:24,2026-07-06T19:52:00+08:00,2026-07-06T19:54:03+08:00,1.4237,103.6989,C,Cloud to Cloud,2026-07-06T19:50:47.477+08:00
2026-07-07 13:57:24,2026-07-06T19:52:00+08:00,2026-07-06T19:54:03+08:00,1.4237,103.6989,C,Cloud to Cloud,2026-07-06T19:50:47.477+08:00
2026-07-07 13:57:24,2026-07-06T19:52:00+08:00,2026-07-06T19:54:03+08:00,1.4233,103.6984,C,Cloud to Cloud,2026-07-06T19:50:47.477+08:00
2026-07-07 13:57:24,2026-07-06T19:52:00+08:00,2026-07-06T19:54:03+08:00,1.4126,103.669,C,Cloud to Cloud,2026-07-06T19:50:47.477+08:00
2026-07-07 13:57:24,2026-07-06T19:52:00+08:00,2026-07-06T19:54:03+08:00,1.411,103.6596,C,Cloud to Cloud,2026-07-06T19:50:47.478+08:00
2026-07-07 13:57:24,2026-07-06T19:52:00+08:00,2026-07-06T19:54:03+08:00,1.4371,103.6906,C,Cloud to Cloud,2026-07-06T19:50:47.478+08:00
2026-07-07 13:57:24,2026-07-06T19:52:00+08:00,2026-07-06T19:54:03+08:00,1.4148,103.677,C,Cloud to Cloud,2026-07-06T19:50:47.478+08:00
2026-07-07 13:57:24,2026-07-06T19:52:00+08:00,2026-07-06T19:54:03+08:00,1.4241,103.6976,C,Cloud to Cloud,2026-07-06T19:50:47.478+08:00
2026-07-07 13:57:24,2026-07-06T19:52:00+08:00,2026-07-06T19:54:03+08:00,1.4142,103.674,C,Cloud to Cloud,2026-07-06T19:50:47.478+08:00
2026-07-07 13:57:24,2026-07-06T19:52:00+08:00,2026-07-06T19:54:03+08:00,1.4222,103.6985,C,Cloud to Cloud,2026-07-06T19:50:47.478+08:00
2026-07-07 13:57:24,2026-07-06T19:52:00+08:00,2026-07-06T19:54:03+08:00,1.4151,103.6797,C,Cloud to Cloud,2026-07-06T19:50:47.478+08:00
2026-07-07 13:57:24,2026-07-06T19:52:00+08:00,2026-07-06T19:54:03+08:00,1.422,103.699,C,Cloud to Cloud,2026-07-06T19:50:47.478+08:00
2026-07-07 13:57:24,2026-07-06T19:52:00+08:00,2026-07-06T19:54:03+08:00,1.4228,103.6997,C,Cloud to Cloud,2026-07-06T19:50:47.478+08:00
2026-07-07 13:57:24,2026-07-06T19:52:00+08:00,2026-07-06T19:54:03+08:00,1.4219,103.6997,C,Cloud to Cloud,2026-07-06T19:50:47.478+08:00
2026-07-07 13:57:24,2026-07-06T19:52:00+08:00,2026-07-06T19:54:03+08:00,1.4095,103.6661,C,Cloud to Cloud,2026-07-06T19:50:47.479+08:00
2026-07-07 13:57:24,2026-07-06T19:52:00+08:00,2026-07-06T19:54:03+08:00,1.41,103.6697,C,Cloud to Cloud,2026-07-06T19:50:47.479+08:00
2026-07-07 13:57:24,2026-07-06T19:52:00+08:00,2026-07-06T19:54:03+08:00,1.4121,103.6747,C,Cloud to Cloud,2026-07-06T19:50:47.479+08:00
2026-07-07 13:57:24,2026-07-06T19:52:00+08:00,2026-07-06T19:54:03+08:00,1.4221,103.6959,C,Cloud to Cloud,2026-07-06T19:50:47.479+08:00
2026-07-07 13:57:24,2026-07-06T19:52:00+08:00,2026-07-06T19:54:03+08:00,1.4089,103.6679,C,Cloud to Cloud,2026-07-06T19:50:47.479+08:00
2026-07-07 13:57:24,2026-07-06T19:52:00+08:00,2026-07-06T19:54:03+08:00,1.4118,103.6745,C,Cloud to Cloud,2026-07-06T19:50:47.479+08:00
2026-07-07 13:57:24,2026-07-06T19:52:00+08:00,2026-07-06T19:54:03+08:00,1.4232,103.6985,C,Cloud to Cloud,2026-07-06T19:50:47.479+08:00
2026-07-07 13:57:24,2026-07-06T19:52:00+08:00,2026-07-06T19:54:03+08:00,1.4147,103.6756,C,Cloud to Cloud,2026-07-06T19:50:47.479+08:00
2026-07-07 13:57:24,2026-07-06T19:52:00+08:00,2026-07-06T19:54:03+08:00,1.4121,103.6671,C,Cloud to Cloud,2026-07-06T19:50:47.479+08:00
2026-07-07 13:57:24,2026-07-06T19:52:00+08:00,2026-07-06T19:54:03+08:00,1.4218,103.6966,C,Cloud to Cloud,2026-07-06T19:50:47.479+08:00
2026-07-07 13:57:24,2026-07-06T19:52:00+08:00,2026-07-06T19:54:03+08:00,1.4114,103.6677,C,Cloud to Cloud,2026-07-06T19:50:47.48+08:00
2026-07-07 13:57:24,2026-07-06T19:52:00+08:00,2026-07-06T19:54:03+08:00,1.4221,103.6966,C,Cloud to Cloud,2026-07-06T19:50:47.48+08:00
2026-07-07 13:57:24,2026-07-06T19:52:00+08:00,2026-07-06T19:54:03+08:00,1.4115,103.6638,C,Cloud to Cloud,2026-07-06T19:50:47.48+08:00
2026-07-07 13:57:24,2026-07-06T19:52:00+08:00,2026-07-06T19:54:03+08:00,1.4148,103.677,C,Cloud to Cloud,2026-07-06T19:50:47.48+08:00
2026-07-07 13:57:24,2026-07-06T19:52:00+08:00,2026-07-06T19:54:03+08:00,1.422,103.6995,C,Cloud to Cloud,2026-07-06T19:50:47.48+08:00
2026-07-07 13:57:24,2026-07-06T19:52:00+08:00,2026-07-06T19:54:03+08:00,1.422,103.7028,C,Cloud to Cloud,2026-07-06T19:50:47.48+08:00
2026-07-07 13:57:24,2026-07-06T19:52:00+08:00,2026-07-06T19:54:03+08:00,1.4213,103.694,C,Cloud to Cloud,2026-07-06T19:50:47.48+08:00
2026-07-07 13:57:24,2026-07-06T19:52:00+08:00,2026-07-06T19:54:03+08:00,1.4215,103.6945,C,Cloud to Cloud,2026-07-06T19:50:47.48+08:00
2026-07-07 13:57:24,2026-07-06T19:52:00+08:00,2026-07-06T19:54:03+08:00,1.423,103.6967,C,Cloud to Cloud,2026-07-06T19:50:47.48+08:00
2026-07-07 13:57:24,2026-07-06T19:52:00+08:00,2026-07-06T19:54:03+08:00,1.4121,103.6644,C,Cloud to Cloud,2026-07-06T19:50:47.48+08:00
2026-07-07 13:57:24,2026-07-06T19:52:00+08:00,2026-07-06T19:54:03+08:00,1.4213,103.6912,C,Cloud to Cloud,2026-07-06T19:50:47.481+08:00
2026-07-07 13:57:24,2026-07-06T19:52:00+08:00,2026-07-06T19:54:03+08:00,1.4215,103.693,C,Cloud to Cloud,2026-07-06T19:50:47.481+08:00
2026-07-07 13:57:24,2026-07-06T19:52:00+08:00,2026-07-06T19:54:03+08:00,1.4134,103.673,C,Cloud to Cloud,2026-07-06T19:50:47.481+08:00
2026-07-07 13:57:24,2026-07-06T19:52:00+08:00,2026-07-06T19:54:03+08:00,1.4079,103.6617,C,Cloud to Cloud,2026-07-06T19:50:47.481+08:00
2026-07-07 13:57:24,2026-07-06T19:52:00+08:00,2026-07-06T19:54:03+08:00,1.4235,103.6952,C,Cloud to Cloud,2026-07-06T19:50:47.481+08:00
2026-07-07 13:57:24,2026-07-06T19:52:00+08:00,2026-07-06T19:54:03+08:00,1.4181,103.6927,C,Cloud to Cloud,2026-07-06T19:50:47.481+08:00
2026-07-07 13:57:24,2026-07-06T19:52:00+08:00,2026-07-06T19:54:03+08:00,1.4217,103.7018,C,Cloud to Cloud,2026-07-06T19:50:47.481+08:00
2026-07-07 13:57:24,2026-07-06T19:52:00+08:00,2026-07-06T19:54:03+08:00,1.4208,103.695,C,Cloud to Cloud,2026-07-06T19:50:47.481+08:00
2026-07-07 13:57:24,2026-07-06T19:52:00+08:00,2026-07-06T19:54:03+08:00,1.4219,103.6942,C,Cloud to Cloud,2026-07-06T19:50:47.481+08:00
2026-07-07 13:57:24,2026-07-06T19:52:00+08:00,2026-07-06T19:54:03+08:00,1.4188,103.6925,C,Cloud to Cloud,2026-07-06T19:50:47.481+08:00
2026-07-07 13:57:24,2026-07-06T19:52:00+08:00,2026-07-06T19:54:03+08:00,1.4205,103.6968,C,Cloud to Cloud,2026-07-06T19:50:47.482+08:00
2026-07-07 13:57:24,2026-07-06T19:52:00+08:00,2026-07-06T19:54:03+08:00,1.4094,103.6597,C,Cloud to Cloud,2026-07-06T19:50:47.482+08:00
2026-07-07 13:57:24,2026-07-06T19:52:00+08:00,2026-07-06T19:54:03+08:00,1.4216,103.6961,C,Cloud to Cloud,2026-07-06T19:50:47.482+08:00
2026-07-07 13:57:24,2026-07-06T19:52:00+08:00,2026-07-06T19:54:03+08:00,1.4215,103.6979,C,Cloud to Cloud,2026-07-06T19:50:47.482+08:00
2026-07-07 13:57:24,2026-07-06T19:52:00+08:00,2026-07-06T19:54:03+08:00,1.4213,103.696,C,Cloud to Cloud,2026-07-06T19:50:47.482+08:00
2026-07-07 13:57:24,2026-07-06T19:52:00+08:00,2026-07-06T19:54:03+08:00,1.417,103.6951,C,Cloud to Cloud,2026-07-06T19:50:47.483+08:00
2026-07-07 13:57:24,2026-07-06T19:52:00+08:00,2026-07-06T19:54:03+08:00,1.4125,103.674,C,Cloud to Cloud,2026-07-06T19:50:47.483+08:00
2026-07-07 13:57:24,2026-07-06T19:52:00+08:00,2026-07-06T19:54:03+08:00,1.4128,103.6719,C,Cloud to Cloud,2026-07-06T19:50:47.483+08:00
2026-07-07 13:57:24,2026-07-06T19:52:00+08:00,2026-07-06T19:54:03+08:00,1.4206,103.6948,C,Cloud to Cloud,2026-07-06T19:50:47.483+08:00
2026-07-07 13:57:24,2026-07-06T19:52:00+08:00,2026-07-06T19:54:03+08:00,1.4095,103.6709,C,Cloud to Cloud,2026-07-06T19:50:47.483+08:00
2026-07-07 13:57:24,2026-07-06T19:52:00+08:00,2026-07-06T19:54:03+08:00,1.4121,103.6696,C,Cloud to Cloud,2026-07-06T19:50:47.483+08:00
2026-07-07 13:57:24,2026-07-06T19:52:00+08:00,2026-07-06T19:54:03+08:00,1.4201,103.6963,C,Cloud to Cloud,2026-07-06T19:50:47.484+08:00
2026-07-07 13:57:24,2026-07-06T19:52:00+08:00,2026-07-06T19:54:03+08:00,1.4228,103.6883,C,Cloud to Cloud,2026-07-06T19:50:47.486+08:00
2026-07-07 13:57:24,2026-07-06T19:52:00+08:00,2026-07-06T19:54:03+08:00,1.388,103.7384,C,Cloud to Cloud,2026-07-06T19:50:47.486+08:00
2026-07-07 13:57:24,2026-07-06T19:52:00+08:00,2026-07-06T19:54:03+08:00,1.4193,103.6915,C,Cloud to Cloud,2026-07-06T19:50:47.486+08:00
2026-07-07 13:57:24,2026-07-06T19:52:00+08:00,2026-07-06T19:54:03+08:00,1.4216,103.6901,C,Cloud to Cloud,2026-07-06T19:50:47.487+08:00
2026-07-07 13:57:24,2026-07-06T19:52:00+08:00,2026-07-06T19:54:03+08:00,1.4216,103.6901,C,Cloud to Cloud,2026-07-06T19:50:47.487+08:00
2026-07-07 13:57:24,2026-07-06T19:52:00+08:00,2026-07-06T19:54:03+08:00,1.4274,103.6865,C,Cloud to Cloud,2026-07-06T19:50:47.487+08:00
2026-07-07 13:57:24,2026-07-06T19:52:00+08:00,2026-07-06T19:54:03+08:00,1.4274,103.6865,C,Cloud to Cloud,2026-07-06T19:50:47.487+08:00
2026-07-07 13:57:24,2026-07-06T19:52:00+08:00,2026-07-06T19:54:03+08:00,1.419,103.6853,C,Cloud to Cloud,2026-07-06T19:50:47.487+08:00
2026-07-07 13:57:24,2026-07-06T19:52:00+08:00,2026-07-06T19:54:03+08:00,1.419,103.6853,C,Cloud to Cloud,2026-07-06T19:50:47.487+08:00
2026-07-07 13:57:24,2026-07-06T19:52:00+08:00,2026-07-06T19:54:03+08:00,1.4222,103.6834,C,Cloud to Cloud,2026-07-06T19:50:47.488+08:00
2026-07-07 13:57:24,2026-07-06T19:52:00+08:00,2026-07-06T19:54:03+08:00,1.4222,103.6834,C,Cloud to Cloud,2026-07-06T19:50:47.488+08:00
2026-07-07 13:57:24,2026-07-06T19:52:00+08:00,2026-07-06T19:54:03+08:00,1.4243,103.6867,C,Cloud to Cloud,2026-07-06T19:50:47.488+08:00
2026-07-07 13:57:24,2026-07-06T19:52:00+08:00,2026-07-06T19:54:03+08:00,1.4172,103.6874,C,Cloud to Cloud,2026-07-06T19:50:47.488+08:00
2026-07-07 13:57:24,2026-07-06T19:52:00+08:00,2026-07-06T19:54:03+08:00,1.4172,103.6874,C,Cloud to Cloud,2026-07-06T19:50:47.488+08:00
2026-07-07 13:57:24,2026-07-06T19:52:00+08:00,2026-07-06T19:54:03+08:00,1.4218,103.6867,C,Cloud to Cloud,2026-07-06T19:50:47.49+08:00
2026-07-07 13:57:24,2026-07-06T19:52:00+08:00,2026-07-06T19:54:03+08:00,1.4218,103.6867,C,Cloud to Cloud,2026-07-06T19:50:47.49+08:00
2026-07-07 13:57:24,2026-07-06T19:52:00+08:00,2026-07-06T19:54:03+08:00,1.4252,103.6817,C,Cloud to Cloud,2026-07-06T19:50:47.491+08:00
2026-07-07 13:57:24,2026-07-06T19:52:00+08:00,2026-07-06T19:54:03+08:00,1.4252,103.6817,C,Cloud to Cloud,2026-07-06T19:50:47.491+08:00
2026-07-07 13:57:24,2026-07-06T19:52:00+08:00,2026-07-06T19:54:03+08:00,1.4306,103.6846,C,Cloud to Cloud,2026-07-06T19:50:47.491+08:00
2026-07-07 13:57:24,2026-07-06T19:52:00+08:00,2026-07-06T19:54:03+08:00,1.43,103.6819,C,Cloud to Cloud,2026-07-06T19:50:47.491+08:00
2026-07-07 13:57:24,2026-07-06T19:52:00+08:00,2026-07-06T19:54:03+08:00,1.4225,103.68,C,Cloud to Cloud,2026-07-06T19:50:47.492+08:00
2026-07-07 13:57:24,2026-07-06T19:52:00+08:00,2026-07-06T19:54:03+08:00,1.4233,103.6864,C,Cloud to Cloud,2026-07-06T19:50:47.492+08:00
2026-07-07 13:57:24,2026-07-06T19:52:00+08:00,2026-07-06T19:54:03+08:00,1.4079,103.6924,C,Cloud to Cloud,2026-07-06T19:50:47.492+08:00
2026-07-07 13:57:24,2026-07-06T19:52:00+08:00,2026-07-06T19:54:03+08:00,1.4253,103.6909,C,Cloud to Cloud,2026-07-06T19:50:47.492+08:00
2026-07-07 13:57:24,2026-07-06T19:52:00+08:00,2026-07-06T19:54:03+08:00,1.4253,103.6909,C,Cloud to Cloud,2026-07-06T19:50:47.493+08:00
2026-07-07 13:57:24,2026-07-06T19:52:00+08:00,2026-07-06T19:54:03+08:00,1.4184,103.6884,C,Cloud to Cloud,2026-07-06T19:50:47.494+08:00
2026-07-07 13:57:24,2026-07-06T19:52:00+08:00,2026-07-06T19:54:03+08:00,1.4184,103.6884,C,Cloud to Cloud,2026-07-06T19:50:47.494+08:00
2026-07-07 13:57:24,2026-07-06T19:52:00+08:00,2026-07-06T19:54:03+08:00,1.4239,103.6946,C,Cloud to Cloud,2026-07-06T19:50:47.494+08:00
2026-07-07 13:57:24,2026-07-06T19:52:00+08:00,2026-07-06T19:54:03+08:00,1.4248,103.6941,C,Cloud to Cloud,2026-07-06T19:50:47.495+08:00
2026-07-07 13:57:24,2026-07-06T19:52:00+08:00,2026-07-06T19:54:03+08:00,1.4263,103.6906,C,Cloud to Cloud,2026-07-06T19:50:47.495+08:00
2026-07-07 13:57:24,2026-07-06T19:52:00+08:00,2026-07-06T19:54:03+08:00,1.4206,103.6718,C,Cloud to Cloud,2026-07-06T19:50:47.495+08:00
2026-07-07 13:57:24,2026-07-06T19:52:00+08:00,2026-07-06T19:54:03+08:00,1.4264,103.6944,C,Cloud to Cloud,2026-07-06T19:50:47.495+08:00
2026-07-07 13:57:24,2026-07-06T19:52:00+08:00,2026-07-06T19:54:03+08:00,1.4235,103.6949,C,Cloud to Cloud,2026-07-06T19:50:47.495+08:00
2026-07-07 13:57:24,2026-07-06T19:52:00+08:00,2026-07-06T19:54:03+08:00,1.4248,103.6972,C,Cloud to Cloud,2026-07-06T19:50:47.495+08:00
2026-07-07 13:57:24,2026-07-06T19:52:00+08:00,2026-07-06T19:54:03+08:00,1.4123,103.6275,C,Cloud to Cloud,2026-07-06T19:50:47.495+08:00
2026-07-07 13:57:24,2026-07-06T19:52:00+08:00,2026-07-06T19:54:03+08:00,1.4229,103.6989,C,Cloud to Cloud,2026-07-06T19:50:47.495+08:00
2026-07-07 13:57:24,2026-07-06T19:52:00+08:00,2026-07-06T19:54:03+08:00,1.4274,103.687,C,Cloud to Cloud,2026-07-06T19:50:47.495+08:00
2026-07-07 13:57:24,2026-07-06T19:52:00+08:00,2026-07-06T19:54:03+08:00,1.4235,103.6952,C,Cloud to Cloud,2026-07-06T19:50:47.496+08:00
2026-07-07 13:57:24,2026-07-06T19:52:00+08:00,2026-07-06T19:54:03+08:00,1.4235,103.6952,C,Cloud to Cloud,2026-07-06T19:50:47.496+08:00
2026-07-07 13:57:24,2026-07-06T19:52:00+08:00,2026-07-06T19:54:03+08:00,1.4246,103.6985,C,Cloud to Cloud,2026-07-06T19:50:47.496+08:00
2026-07-07 13:57:24,2026-07-06T19:52:00+08:00,2026-07-06T19:54:03+08:00,1.4175,103.6782,C,Cloud to Cloud,2026-07-06T19:50:47.496+08:00
2026-07-07 13:57:24,2026-07-06T19:52:00+08:00,2026-07-06T19:54:03+08:00,1.4223,103.6971,C,Cloud to Cloud,2026-07-06T19:50:47.497+08:00
2026-07-07 13:57:24,2026-07-06T19:52:00+08:00,2026-07-06T19:54:03+08:00,1.4223,103.6971,C,Cloud to Cloud,2026-07-06T19:50:47.497+08:00
2026-07-07 13:57:24,2026-07-06T19:52:00+08:00,2026-07-06T19:54:03+08:00,1.4265,103.7021,C,Cloud to Cloud,2026-07-06T19:50:47.501+08:00
2026-07-07 13:57:24,2026-07-06T19:52:00+08:00,2026-07-06T19:54:03+08:00,1.4198,103.6828,C,Cloud to Cloud,2026-07-06T19:50:47.501+08:00
2026-07-07 13:57:24,2026-07-06T19:52:00+08:00,2026-07-06T19:54:03+08:00,1.4126,103.6802,C,Cloud to Cloud,2026-07-06T19:50:47.501+08:00
2026-07-07 13:57:24,2026-07-06T19:52:00+08:00,2026-07-06T19:54:03+08:00,1.4247,103.6981,C,Cloud to Cloud,2026-07-06T19:50:47.501+08:00
2026-07-07 13:57:24,2026-07-06T19:52:00+08:00,2026-07-06T19:54:03+08:00,1.4291,103.6996,C,Cloud to Cloud,2026-07-06T19:50:47.501+08:00
2026-07-07 13:57:24,2026-07-06T19:52:00+08:00,2026-07-06T19:54:03+08:00,1.4297,103.7014,C,Cloud to Cloud,2026-07-06T19:50:47.501+08:00
2026-07-07 13:57:24,2026-07-06T19:52:00+08:00,2026-07-06T19:54:03+08:00,1.4246,103.7041,C,Cloud to Cloud,2026-07-06T19:50:47.503+08:00
2026-07-07 13:57:24,2026-07-06T19:52:00+08:00,2026-07-06T19:54:03+08:00,1.4246,103.7041,C,Cloud to Cloud,2026-07-06T19:50:47.503+08:00
2026-07-07 13:57:24,2026-07-06T19:52:00+08:00,2026-07-06T19:54:03+08:00,1.4197,103.6733,C,Cloud to Cloud,2026-07-06T19:50:47.503+08:00
2026-07-07 13:57:24,2026-07-06T19:52:00+08:00,2026-07-06T19:54:03+08:00,1.4281,103.6999,C,Cloud to Cloud,2026-07-06T19:50:47.503+08:00
2026-07-07 13:57:24,2026-07-06T19:52:00+08:00,2026-07-06T19:54:03+08:00,1.4108,103.6782,C,Cloud to Cloud,2026-07-06T19:50:47.505+08:00
2026-07-07 13:57:24,2026-07-06T19:52:00+08:00,2026-07-06T19:54:03+08:00,1.4175,103.7099,C,Cloud to Cloud,2026-07-06T19:50:47.506+08:00
2026-07-07 13:57:24,2026-07-06T19:52:00+08:00,2026-07-06T19:54:03+08:00,1.4142,103.7077,C,Cloud to Cloud,2026-07-06T19:50:47.51+08:00
2026-07-07 13:57:24,2026-07-06T19:52:00+08:00,2026-07-06T19:54:03+08:00,1.4142,103.7077,C,Cloud to Cloud,2026-07-06T19:50:47.51+08:00
2026-07-07 13:57:24,2026-07-06T19:52:00+08:00,2026-07-06T19:54:03+08:00,1.4176,103.7021,C,Cloud to Cloud,2026-07-06T19:50:47.511+08:00
2026-07-07 13:57:24,2026-07-06T19:52:00+08:00,2026-07-06T19:54:03+08:00,1.431,103.6967,C,Cloud to Cloud,2026-07-06T19:50:47.513+08:00
2026-07-07 13:57:24,2026-07-06T19:52:00+08:00,2026-07-06T19:54:03+08:00,1.431,103.6967,C,Cloud to Cloud,2026-07-06T19:50:47.513+08:00
2026-07-07 13:57:24,2026-07-06T19:52:00+08:00,2026-07-06T19:54:03+08:00,1.4146,103.7159,C,Cloud to Cloud,2026-07-06T19:50:47.521+08:00
2026-07-07 13:57:24,2026-07-06T19:52:00+08:00,2026-07-06T19:54:03+08:00,1.4181,103.7162,C,Cloud to Cloud,2026-07-06T19:50:47.522+08:00
2026-07-07 13:57:24,2026-07-06T19:52:00+08:00,2026-07-06T19:54:03+08:00,1.4156,103.7153,C,Cloud to Cloud,2026-07-06T19:50:47.523+08:00
2026-07-07 13:57:24,2026-07-06T19:52:00+08:00,2026-07-06T19:54:03+08:00,1.4141,103.7144,C,Cloud to Cloud,2026-07-06T19:50:47.527+08:00
2026-07-07 13:57:24,2026-07-06T19:52:00+08:00,2026-07-06T19:54:03+08:00,1.4243,103.7055,C,Cloud to Cloud,2026-07-06T19:50:47.535+08:00
2026-07-07 13:57:24,2026-07-06T19:52:00+08:00,2026-07-06T19:54:03+08:00,1.4246,103.7054,C,Cloud to Cloud,2026-07-06T19:50:47.535+08:00
2026-07-07 13:57:24,2026-07-06T19:52:00+08:00,2026-07-06T19:54:03+08:00,1.4178,103.7246,C,Cloud to Cloud,2026-07-06T19:50:47.55+08:00
2026-07-07 13:57:24,2026-07-06T19:52:00+08:00,2026-07-06T19:54:03+08:00,1.4277,103.6787,C,Cloud to Cloud,2026-07-06T19:50:47.552+08:00
2026-07-07 13:57:24,2026-07-06T19:52:00+08:00,2026-07-06T19:54:03+08:00,1.4277,103.6787,C,Cloud to Cloud,2026-07-06T19:50:47.552+08:00
2026-07-07 13:57:24,2026-07-06T19:52:00+08:00,2026-07-06T19:54:03+08:00,1.4289,103.6902,C,Cloud to Cloud,2026-07-06T19:50:47.553+08:00
2026-07-07 13:57:24,2026-07-06T19:52:00+08:00,2026-07-06T19:54:03+08:00,1.4289,103.6902,C,Cloud to Cloud,2026-07-06T19:50:47.553+08:00
2026-07-07 13:57:24,2026-07-06T19:52:00+08:00,2026-07-06T19:54:03+08:00,1.4325,103.6924,C,Cloud to Cloud,2026-07-06T19:50:47.553+08:00
2026-07-07 13:57:24,2026-07-06T19:52:00+08:00,2026-07-06T19:54:03+08:00,1.4361,103.6916,C,Cloud to Cloud,2026-07-06T19:50:47.553+08:00
2026-07-07 13:57:24,2026-07-06T19:52:00+08:00,2026-07-06T19:54:03+08:00,1.4374,103.6854,C,Cloud to Cloud,2026-07-06T19:50:47.554+08:00
2026-07-07 13:57:24,2026-07-06T19:52:00+08:00,2026-07-06T19:54:03+08:00,1.4262,103.7116,C,Cloud to Cloud,2026-07-06T19:50:47.594+08:00
2026-07-07 13:57:24,2026-07-06T19:52:00+08:00,2026-07-06T19:54:03+08:00,1.4249,103.7167,C,Cloud to Cloud,2026-07-06T19:50:47.604+08:00
2026-07-07 13:57:24,2026-07-06T19:52:00+08:00,2026-07-06T19:54:03+08:00,1.4114,103.6906,C,Cloud to Cloud,2026-07-06T19:50:47.608+08:00
2026-07-07 13:57:24,2026-07-06T19:52:00+08:00,2026-07-06T19:54:03+08:00,1.4145,103.6945,C,Cloud to Cloud,2026-07-06T19:50:47.608+08:00
2026-07-07 13:57:24,2026-07-06T19:52:00+08:00,2026-07-06T19:54:03+08:00,1.4126,103.6892,C,Cloud to Cloud,2026-07-06T19:50:47.608+08:00
2026-07-07 13:57:24,2026-07-06T19:52:00+08:00,2026-07-06T19:54:03+08:00,1.3825,103.6501,C,Cloud to Cloud,2026-07-06T19:50:47.608+08:00
2026-07-07 13:57:24,2026-07-06T19:52:00+08:00,2026-07-06T19:54:03+08:00,1.4108,103.6838,C,Cloud to Cloud,2026-07-06T19:50:47.608+08:00
2026-07-07 13:57:24,2026-07-06T19:52:00+08:00,2026-07-06T19:54:03+08:00,1.4093,103.6821,C,Cloud to Cloud,2026-07-06T19:50:47.609+08:00
2026-07-07 13:57:24,2026-07-06T19:52:00+08:00,2026-07-06T19:54:03+08:00,1.4093,103.6821,C,Cloud to Cloud,2026-07-06T19:50:47.609+08:00
2026-07-07 13:57:24,2026-07-06T19:52:00+08:00,2026-07-06T19:54:03+08:00,1.4114,103.6819,C,Cloud to Cloud,2026-07-06T19:50:47.609+08:00
2026-07-07 13:57:24,2026-07-06T19:52:00+08:00,2026-07-06T19:54:03+08:00,1.4114,103.6819,C,Cloud to Cloud,2026-07-06T19:50:47.609+08:00
2026-07-07 13:57:24,2026-07-06T19:52:00+08:00,2026-07-06T19:54:03+08:00,1.4135,103.6813,C,Cloud to Cloud,2026-07-06T19:50:47.61+08:00
2026-07-07 13:57:24,2026-07-06T19:52:00+08:00,2026-07-06T19:54:03+08:00,1.414,103.6827,C,Cloud to Cloud,2026-07-06T19:50:47.61+08:00
2026-07-07 13:57:24,2026-07-06T19:52:00+08:00,2026-07-06T19:54:03+08:00,1.4111,103.6837,C,Cloud to Cloud,2026-07-06T19:50:47.612+08:00
2026-07-07 13:57:24,2026-07-06T19:52:00+08:00,2026-07-06T19:54:03+08:00,1.4111,103.6837,C,Cloud to Cloud,2026-07-06T19:50:47.612+08:00
2026-07-07 13:57:24,2026-07-06T19:52:00+08:00,2026-07-06T19:54:03+08:00,1.4119,103.6847,C,Cloud to Cloud,2026-07-06T19:50:47.616+08:00
2026-07-07 13:57:24,2026-07-06T19:52:00+08:00,2026-07-06T19:54:03+08:00,1.4119,103.6847,C,Cloud to Cloud,2026-07-06T19:50:47.616+08:00
2026-07-07 13:57:24,2026-07-06T19:52:00+08:00,2026-07-06T19:54:03+08:00,1.4136,103.6813,C,Cloud to Cloud,2026-07-06T19:50:47.616+08:00
2026-07-07 13:57:24,2026-07-06T19:52:00+08:00,2026-07-06T19:54:03+08:00,1.4221,103.7111,C,Cloud to Cloud,2026-07-06T19:50:47.637+08:00
2026-07-07 13:57:24,2026-07-06T19:52:00+08:00,2026-07-06T19:54:03+08:00,1.415,103.6893,C,Cloud to Cloud,2026-07-06T19:50:47.637+08:00
2026-07-07 13:57:24,2026-07-06T19:52:00+08:00,2026-07-06T19:54:03+08:00,1.4162,103.7068,C,Cloud to Cloud,2026-07-06T19:50:47.638+08:00
2026-07-07 13:57:24,2026-07-06T19:52:00+08:00,2026-07-06T19:54:03+08:00,1.4259,103.7078,C,Cloud to Cloud,2026-07-06T19:50:47.641+08:00
2026-07-07 13:57:24,2026-07-06T19:52:00+08:00,2026-07-06T19:54:03+08:00,1.4129,103.6865,C,Cloud to Cloud,2026-07-06T19:50:47.647+08:00
2026-07-07 13:57:24,2026-07-06T19:52:00+08:00,2026-07-06T19:54:03+08:00,1.3974,103.6646,C,Cloud to Cloud,2026-07-06T19:50:47.647+08:00
2026-07-07 13:57:24,2026-07-06T19:52:00+08:00,2026-07-06T19:54:03+08:00,1.4145,103.6904,C,Cloud to Cloud,2026-07-06T19:50:47.647+08:00
2026-07-07 13:57:24,2026-07-06T19:52:00+08:00,2026-07-06T19:54:03+08:00,1.4001,103.7036,C,Cloud to Cloud,2026-07-06T19:50:47.647+08:00
2026-07-07 13:57:24,2026-07-06T19:52:00+08:00,2026-07-06T19:54:03+08:00,1.409,103.6827,C,Cloud to Cloud,2026-07-06T19:50:47.648+08:00
2026-07-07 13:57:24,2026-07-06T19:52:00+08:00,2026-07-06T19:54:03+08:00,1.4031,103.6834,C,Cloud to Cloud,2026-07-06T19:50:47.648+08:00
2026-07-07 13:57:24,2026-07-06T19:52:00+08:00,2026-07-06T19:54:03+08:00,1.4031,103.6834,C,Cloud to Cloud,2026-07-06T19:50:47.648+08:00
2026-07-07 13:57:24,2026-07-06T19:52:00+08:00,2026-07-06T19:54:03+08:00,1.4108,103.6861,C,Cloud to Cloud,2026-07-06T19:50:47.651+08:00
2026-07-07 13:57:24,2026-07-06T19:52:00+08:00,2026-07-06T19:54:03+08:00,1.4108,103.6861,C,Cloud to Cloud,2026-07-06T19:50:47.652+08:00
2026-07-07 13:57:24,2026-07-06T19:52:00+08:00,2026-07-06T19:54:03+08:00,1.3994,103.6729,C,Cloud to Cloud,2026-07-06T19:50:47.652+08:00
2026-07-07 13:57:24,2026-07-06T19:52:00+08:00,2026-07-06T19:54:03+08:00,1.4075,103.6891,C,Cloud to Cloud,2026-07-06T19:50:47.652+08:00
2026-07-07 13:57:24,2026-07-06T19:52:00+08:00,2026-07-06T19:54:03+08:00,1.3994,103.693,C,Cloud to Cloud,2026-07-06T19:50:47.652+08:00
2026-07-07 13:57:24,2026-07-06T19:52:00+08:00,2026-07-06T19:54:03+08:00,1.416,103.7233,C,Cloud to Cloud,2026-07-06T19:50:47.661+08:00
2026-07-07 13:57:24,2026-07-06T19:52:00+08:00,2026-07-06T19:54:03+08:00,1.4157,103.7009,C,Cloud to Cloud,2026-07-06T19:50:47.661+08:00
2026-07-07 13:57:24,2026-07-06T19:52:00+08:00,2026-07-06T19:54:03+08:00,1.423,103.713,C,Cloud to Cloud,2026-07-06T19:50:47.661+08:00
2026-07-07 13:57:24,2026-07-06T19:52:00+08:00,2026-07-06T19:54:03+08:00,1.4184,103.718,C,Cloud to Cloud,2026-07-06T19:50:47.671+08:00
2026-07-07 13:57:24,2026-07-06T19:52:00+08:00,2026-07-06T19:54:03+08:00,1.4055,103.6922,C,Cloud to Cloud,2026-07-06T19:50:47.671+08:00
2026-07-07 13:57:24,2026-07-06T19:52:00+08:00,2026-07-06T19:54:03+08:00,1.4089,103.6984,C,Cloud to Cloud,2026-07-06T19:50:47.671+08:00
2026-07-07 13:57:24,2026-07-06T19:52:00+08:00,2026-07-06T19:54:03+08:00,1.4013,103.7009,C,Cloud to Cloud,2026-07-06T19:50:47.671+08:00
2026-07-07 13:57:24,2026-07-06T19:52:00+08:00,2026-07-06T19:54:03+08:00,1.3984,103.6966,C,Cloud to Cloud,2026-07-06T19:50:47.671+08:00
2026-07-07 13:57:24,2026-07-06T19:52:00+08:00,2026-07-06T19:54:03+08:00,1.389,103.7127,C,Cloud to Cloud,2026-07-06T19:50:47.678+08:00
2026-07-07 13:57:24,2026-07-06T19:52:00+08:00,2026-07-06T19:54:03+08:00,1.389,103.7127,C,Cloud to Cloud,2026-07-06T19:50:47.678+08:00
2026-07-07 13:57:24,2026-07-06T19:52:00+08:00,2026-07-06T19:54:03+08:00,1.3872,103.7139,C,Cloud to Cloud,2026-07-06T19:50:47.679+08:00
2026-07-07 13:57:24,2026-07-06T19:52:00+08:00,2026-07-06T19:54:03+08:00,1.3872,103.7139,C,Cloud to Cloud,2026-07-06T19:50:47.679+08:00
2026-07-07 13:57:24,2026-07-06T19:52:00+08:00,2026-07-06T19:54:03+08:00,1.3907,103.7182,C,Cloud to Cloud,2026-07-06T19:50:47.68+08:00
2026-07-07 13:57:24,2026-07-06T19:52:00+08:00,2026-07-06T19:54:03+08:00,1.3901,103.7173,C,Cloud to Cloud,2026-07-06T19:50:47.68+08:00
2026-07-07 13:57:24,2026-07-06T19:52:00+08:00,2026-07-06T19:54:03+08:00,1.3948,103.711,C,Cloud to Cloud,2026-07-06T19:50:47.68+08:00
2026-07-07 13:57:24,2026-07-06T19:52:00+08:00,2026-07-06T19:54:03+08:00,1.3895,103.7134,C,Cloud to Cloud,2026-07-06T19:50:47.68+08:00
2026-07-07 13:57:24,2026-07-06T19:52:00+08:00,2026-07-06T19:54:03+08:00,1.3886,103.7124,C,Cloud to Cloud,2026-07-06T19:50:47.68+08:00
2026-07-07 13:57:24,2026-07-06T19:52:00+08:00,2026-07-06T19:54:03+08:00,1.3896,103.7152,C,Cloud to Cloud,2026-07-06T19:50:47.68+08:00
2026-07-07 13:57:24,2026-07-06T19:52:00+08:00,2026-07-06T19:54:03+08:00,1.3882,103.7155,C,Cloud to Cloud,2026-07-06T19:50:47.68+08:00
2026-07-07 13:57:24,2026-07-06T19:52:00+08:00,2026-07-06T19:54:03+08:00,1.3923,103.7171,C,Cloud to Cloud,2026-07-06T19:50:47.681+08:00
2026-07-07 13:57:24,2026-07-06T19:52:00+08:00,2026-07-06T19:54:03+08:00,1.3918,103.7169,C,Cloud to Cloud,2026-07-06T19:50:47.681+08:00
2026-07-07 13:57:24,2026-07-06T19:52:00+08:00,2026-07-06T19:54:03+08:00,1.3918,103.7169,C,Cloud to Cloud,2026-07-06T19:50:47.681+08:00
2026-07-07 13:57:24,2026-07-06T19:52:00+08:00,2026-07-06T19:54:03+08:00,1.3889,103.7168,C,Cloud to Cloud,2026-07-06T19:50:47.681+08:00
2026-07-07 13:57:24,2026-07-06T19:52:00+08:00,2026-07-06T19:54:03+08:00,1.3895,103.7166,C,Cloud to Cloud,2026-07-06T19:50:47.681+08:00
2026-07-07 13:57:24,2026-07-06T19:52:00+08:00,2026-07-06T19:54:03+08:00,1.3866,103.7164,C,Cloud to Cloud,2026-07-06T19:50:47.681+08:00
2026-07-07 13:57:24,2026-07-06T19:52:00+08:00,2026-07-06T19:54:03+08:00,1.3876,103.7159,C,Cloud to Cloud,2026-07-06T19:50:47.682+08:00
2026-07-07 13:57:24,2026-07-06T19:52:00+08:00,2026-07-06T19:54:03+08:00,1.3873,103.7153,C,Cloud to Cloud,2026-07-06T19:50:47.682+08:00
2026-07-07 13:57:24,2026-07-06T19:52:00+08:00,2026-07-06T19:54:03+08:00,1.3887,103.7167,C,Cloud to Cloud,2026-07-06T19:50:47.682+08:00
2026-07-07 13:57:24,2026-07-06T19:52:00+08:00,2026-07-06T19:54:03+08:00,1.3884,103.7168,C,Cloud to Cloud,2026-07-06T19:50:47.682+08:00
2026-07-07 13:57:24,2026-07-06T19:52:00+08:00,2026-07-06T19:54:03+08:00,1.3884,103.7168,C,Cloud to Cloud,2026-07-06T19:50:47.682+08:00
2026-07-07 13:57:24,2026-07-06T19:52:00+08:00,2026-07-06T19:54:03+08:00,1.389,103.7174,C,Cloud to Cloud,2026-07-06T19:50:47.682+08:00
2026-07-07 13:57:24,2026-07-06T19:52:00+08:00,2026-07-06T19:54:03+08:00,1.3887,103.7171,C,Cloud to Cloud,2026-07-06T19:50:47.682+08:00
2026-07-07 13:57:24,2026-07-06T19:52:00+08:00,2026-07-06T19:54:03+08:00,1.3892,103.7148,C,Cloud to Cloud,2026-07-06T19:50:47.683+08:00
2026-07-07 13:57:24,2026-07-06T19:52:00+08:00,2026-07-06T19:54:03+08:00,1.3885,103.7146,C,Cloud to Cloud,2026-07-06T19:50:47.683+08:00
2026-07-07 13:57:24,2026-07-06T19:52:00+08:00,2026-07-06T19:54:03+08:00,1.3882,103.7169,C,Cloud to Cloud,2026-07-06T19:50:47.683+08:00
2026-07-07 13:57:24,2026-07-06T19:52:00+08:00,2026-07-06T19:54:03+08:00,1.3885,103.7155,C,Cloud to Cloud,2026-07-06T19:50:47.684+08:00
2026-07-07 13:57:24,2026-07-06T19:52:00+08:00,2026-07-06T19:54:03+08:00,1.3885,103.7155,C,Cloud to Cloud,2026-07-06T19:50:47.684+08:00
2026-07-07 13:57:24,2026-07-06T19:52:00+08:00,2026-07-06T19:54:03+08:00,1.3867,103.714,C,Cloud to Cloud,2026-07-06T19:50:47.685+08:00
2026-07-07 13:57:24,2026-07-06T19:52:00+08:00,2026-07-06T19:54:03+08:00,1.3691,103.6968,C,Cloud to Cloud,2026-07-06T19:50:47.685+08:00
2026-07-07 13:57:24,2026-07-06T19:52:00+08:00,2026-07-06T19:54:03+08:00,1.3865,103.7115,C,Cloud to Cloud,2026-07-06T19:50:47.686+08:00
2026-07-07 13:57:24,2026-07-06T19:52:00+08:00,2026-07-06T19:54:03+08:00,1.3865,103.7115,C,Cloud to Cloud,2026-07-06T19:50:47.686+08:00
2026-07-07 13:57:24,2026-07-06T19:52:00+08:00,2026-07-06T19:54:03+08:00,1.3867,103.7114,C,Cloud to Cloud,2026-07-06T19:50:47.686+08:00
2026-07-07 13:57:24,2026-07-06T19:52:00+08:00,2026-07-06T19:54:03+08:00,1.3867,103.7114,C,Cloud to Cloud,2026-07-06T19:50:47.686+08:00
2026-07-07 13:57:24,2026-07-06T19:52:00+08:00,2026-07-06T19:54:03+08:00,1.3742,103.7088,C,Cloud to Cloud,2026-07-06T19:50:47.69+08:00
2026-07-07 13:57:24,2026-07-06T19:52:00+08:00,2026-07-06T19:54:03+08:00,1.3775,103.7059,C,Cloud to Cloud,2026-07-06T19:50:47.691+08:00
2026-07-07 13:57:24,2026-07-06T19:52:00+08:00,2026-07-06T19:54:03+08:00,1.3775,103.7059,C,Cloud to Cloud,2026-07-06T19:50:47.691+08:00
2026-07-07 13:57:24,2026-07-06T19:52:00+08:00,2026-07-06T19:54:03+08:00,1.3765,103.702,C,Cloud to Cloud,2026-07-06T19:50:47.694+08:00
2026-07-07 13:57:24,2026-07-06T19:52:00+08:00,2026-07-06T19:54:03+08:00,1.369,103.6926,C,Cloud to Cloud,2026-07-06T19:50:47.697+08:00
2026-07-07 13:57:24,2026-07-06T19:52:00+08:00,2026-07-06T19:54:03+08:00,1.3709,103.6966,C,Cloud to Cloud,2026-07-06T19:50:47.697+08:00
2026-07-07 13:57:24,2026-07-06T19:52:00+08:00,2026-07-06T19:54:03+08:00,1.3665,103.6907,C,Cloud to Cloud,2026-07-06T19:50:47.697+08:00
2026-07-07 13:57:24,2026-07-06T19:52:00+08:00,2026-07-06T19:54:03+08:00,1.3652,103.684,C,Cloud to Cloud,2026-07-06T19:50:47.701+08:00
2026-07-07 13:57:24,2026-07-06T19:52:00+08:00,2026-07-06T19:54:03+08:00,1.3655,103.685,C,Cloud to Cloud,2026-07-06T19:50:47.701+08:00
2026-07-07 13:57:24,2026-07-06T19:52:00+08:00,2026-07-06T19:54:03+08:00,1.3549,103.6664,C,Cloud to Cloud,2026-07-06T19:50:47.704+08:00
2026-07-07 13:57:24,2026-07-06T19:52:00+08:00,2026-07-06T19:54:03+08:00,1.3507,103.6586,C,Cloud to Cloud,2026-07-06T19:50:47.704+08:00
2026-07-07 13:57:24,2026-07-06T19:52:00+08:00,2026-07-06T19:54:03+08:00,1.357,103.6682,C,Cloud to Cloud,2026-07-06T19:50:47.704+08:00
2026-07-07 13:57:24,2026-07-06T19:52:00+08:00,2026-07-06T19:54:03+08:00,1.3485,103.6639,C,Cloud to Cloud,2026-07-06T19:50:47.704+08:00
2026-07-07 13:57:24,2026-07-06T19:52:00+08:00,2026-07-06T19:54:03+08:00,1.3634,103.6715,C,Cloud to Cloud,2026-07-06T19:50:47.704+08:00
2026-07-07 13:57:24,2026-07-06T19:52:00+08:00,2026-07-06T19:54:03+08:00,1.3491,103.6577,C,Cloud to Cloud,2026-07-06T19:50:47.704+08:00
2026-07-07 13:57:24,2026-07-06T19:52:00+08:00,2026-07-06T19:54:03+08:00,1.3523,103.6648,C,Cloud to Cloud,2026-07-06T19:50:47.705+08:00
2026-07-07 13:57:24,2026-07-06T19:52:00+08:00,2026-07-06T19:54:03+08:00,1.3513,103.6575,C,Cloud to Cloud,2026-07-06T19:50:47.705+08:00
2026-07-07 13:57:24,2026-07-06T19:52:00+08:00,2026-07-06T19:54:03+08:00,1.3464,103.6468,C,Cloud to Cloud,2026-07-06T19:50:47.705+08:00
2026-07-07 13:57:24,2026-07-06T19:52:00+08:00,2026-07-06T19:54:03+08:00,1.3577,103.6677,C,Cloud to Cloud,2026-07-06T19:50:47.705+08:00
2026-07-07 13:57:24,2026-07-06T19:52:00+08:00,2026-07-06T19:54:03+08:00,1.3569,103.6666,C,Cloud to Cloud,2026-07-06T19:50:47.705+08:00
2026-07-07 13:57:24,2026-07-06T19:52:00+08:00,2026-07-06T19:54:03+08:00,1.3552,103.6669,C,Cloud to Cloud,2026-07-06T19:50:47.705+08:00
2026-07-07 13:57:24,2026-07-06T19:52:00+08:00,2026-07-06T19:54:03+08:00,1.3477,103.6568,C,Cloud to Cloud,2026-07-06T19:50:47.706+08:00
2026-07-07 13:57:24,2026-07-06T19:52:00+08:00,2026-07-06T19:54:03+08:00,1.3523,103.6637,C,Cloud to Cloud,2026-07-06T19:50:47.706+08:00
2026-07-07 13:57:24,2026-07-06T19:52:00+08:00,2026-07-06T19:54:03+08:00,1.3492,103.6509,C,Cloud to Cloud,2026-07-06T19:50:47.706+08:00
2026-07-07 13:57:24,2026-07-06T19:52:00+08:00,2026-07-06T19:54:03+08:00,1.3539,103.667,C,Cloud to Cloud,2026-07-06T19:50:47.706+08:00
2026-07-07 13:57:24,2026-07-06T19:52:00+08:00,2026-07-06T19:54:03+08:00,1.3575,103.6637,C,Cloud to Cloud,2026-07-06T19:50:47.707+08:00
2026-07-07 13:57:24,2026-07-06T19:52:00+08:00,2026-07-06T19:54:03+08:00,1.3527,103.6579,C,Cloud to Cloud,2026-07-06T19:50:47.707+08:00
2026-07-07 13:57:24,2026-07-06T19:52:00+08:00,2026-07-06T19:54:03+08:00,1.3495,103.6567,C,Cloud to Cloud,2026-07-06T19:50:47.707+08:00
2026-07-07 13:57:24,2026-07-06T19:52:00+08:00,2026-07-06T19:54:03+08:00,1.3592,103.6635,C,Cloud to Cloud,2026-07-06T19:50:47.707+08:00
2026-07-07 13:57:24,2026-07-06T19:52:00+08:00,2026-07-06T19:54:03+08:00,1.3566,103.6664,C,Cloud to Cloud,2026-07-06T19:50:47.707+08:00
2026-07-07 13:57:24,2026-07-06T19:52:00+08:00,2026-07-06T19:54:03+08:00,1.3576,103.6653,C,Cloud to Cloud,2026-07-06T19:50:47.707+08:00
2026-07-07 13:57:24,2026-07-06T19:52:00+08:00,2026-07-06T19:54:03+08:00,1.3577,103.6609,C,Cloud to Cloud,2026-07-06T19:50:47.708+08:00
2026-07-07 13:57:24,2026-07-06T19:52:00+08:00,2026-07-06T19:54:03+08:00,1.352,103.6606,C,Cloud to Cloud,2026-07-06T19:50:47.708+08:00
2026-07-07 13:57:24,2026-07-06T19:52:00+08:00,2026-07-06T19:54:03+08:00,1.352,103.6581,C,Cloud to Cloud,2026-07-06T19:50:47.708+08:00
2026-07-07 13:57:24,2026-07-06T19:52:00+08:00,2026-07-06T19:54:03+08:00,1.3572,103.6638,C,Cloud to Cloud,2026-07-06T19:50:47.708+08:00
2026-07-07 13:57:24,2026-07-06T19:52:00+08:00,2026-07-06T19:54:03+08:00,1.355,103.6612,C,Cloud to Cloud,2026-07-06T19:50:47.708+08:00
2026-07-07 13:57:24,2026-07-06T19:52:00+08:00,2026-07-06T19:54:03+08:00,1.3511,103.6596,C,Cloud to Cloud,2026-07-06T19:50:47.709+08:00
2026-07-07 13:57:24,2026-07-06T19:52:00+08:00,2026-07-06T19:54:03+08:00,1.3433,103.6451,C,Cloud to Cloud,2026-07-06T19:50:47.709+08:00
2026-07-07 13:57:24,2026-07-06T19:52:00+08:00,2026-07-06T19:54:03+08:00,1.3544,103.6628,C,Cloud to Cloud,2026-07-06T19:50:47.709+08:00
2026-07-07 13:57:24,2026-07-06T19:52:00+08:00,2026-07-06T19:54:03+08:00,1.3503,103.6459,C,Cloud to Cloud,2026-07-06T19:50:47.709+08:00
2026-07-07 13:57:24,2026-07-06T19:52:00+08:00,2026-07-06T19:54:03+08:00,1.3551,103.6615,C,Cloud to Cloud,2026-07-06T19:50:47.71+08:00
2026-07-07 13:57:24,2026-07-06T19:52:00+08:00,2026-07-06T19:54:03+08:00,1.3539,103.6609,C,Cloud to Cloud,2026-07-06T19:50:47.71+08:00
2026-07-07 13:57:24,2026-07-06T19:52:00+08:00,2026-07-06T19:54:03+08:00,1.3545,103.6647,C,Cloud to Cloud,2026-07-06T19:50:47.71+08:00
2026-07-07 13:57:24,2026-07-06T19:52:00+08:00,2026-07-06T19:54:03+08:00,1.3572,103.6652,C,Cloud to Cloud,2026-07-06T19:50:47.71+08:00
2026-07-07 13:57:24,2026-07-06T19:52:00+08:00,2026-07-06T19:54:03+08:00,1.3582,103.6622,C,Cloud to Cloud,2026-07-06T19:50:47.71+08:00
2026-07-07 13:57:24,2026-07-06T19:52:00+08:00,2026-07-06T19:54:03+08:00,1.3531,103.6524,C,Cloud to Cloud,2026-07-06T19:50:47.71+08:00
2026-07-07 13:57:24,2026-07-06T19:52:00+08:00,2026-07-06T19:54:03+08:00,1.3575,103.6626,C,Cloud to Cloud,2026-07-06T19:50:47.71+08:00
2026-07-07 13:57:24,2026-07-06T19:52:00+08:00,2026-07-06T19:54:03+08:00,1.3577,103.6578,C,Cloud to Cloud,2026-07-06T19:50:47.711+08:00
2026-07-07 13:57:24,2026-07-06T19:52:00+08:00,2026-07-06T19:54:03+08:00,1.3612,103.6668,C,Cloud to Cloud,2026-07-06T19:50:47.711+08:00
2026-07-07 13:57:24,2026-07-06T19:52:00+08:00,2026-07-06T19:54:03+08:00,1.3556,103.6581,C,Cloud to Cloud,2026-07-06T19:50:47.711+08:00
2026-07-07 13:57:24,2026-07-06T19:52:00+08:00,2026-07-06T19:54:03+08:00,1.3547,103.6473,C,Cloud to Cloud,2026-07-06T19:50:47.711+08:00
2026-07-07 13:57:24,2026-07-06T19:52:00+08:00,2026-07-06T19:54:03+08:00,1.3621,103.6569,C,Cloud to Cloud,2026-07-06T19:50:47.712+08:00
2026-07-07 13:57:24,2026-07-06T19:52:00+08:00,2026-07-06T19:54:03+08:00,1.3617,103.6552,C,Cloud to Cloud,2026-07-06T19:50:47.712+08:00
2026-07-07 13:57:24,2026-07-06T19:52:00+08:00,2026-07-06T19:54:03+08:00,1.3664,103.6662,C,Cloud to Cloud,2026-07-06T19:50:47.712+08:00
2026-07-07 13:57:24,2026-07-06T19:52:00+08:00,2026-07-06T19:54:03+08:00,1.3587,103.647,C,Cloud to Cloud,2026-07-06T19:50:47.712+08:00
2026-07-07 13:57:24,2026-07-06T19:52:00+08:00,2026-07-06T19:54:03+08:00,1.3678,103.6632,C,Cloud to Cloud,2026-07-06T19:50:47.712+08:00
2026-07-07 13:57:24,2026-07-06T19:52:00+08:00,2026-07-06T19:54:03+08:00,1.3624,103.6553,C,Cloud to Cloud,2026-07-06T19:50:47.712+08:00
2026-07-07 13:57:24,2026-07-06T19:52:00+08:00,2026-07-06T19:54:03+08:00,1.3514,103.6407,C,Cloud to Cloud,2026-07-06T19:50:47.713+08:00
2026-07-07 13:57:24,2026-07-06T19:52:00+08:00,2026-07-06T19:54:03+08:00,1.3517,103.639,C,Cloud to Cloud,2026-07-06T19:50:47.713+08:00
2026-07-07 13:57:24,2026-07-06T19:52:00+08:00,2026-07-06T19:54:03+08:00,1.3617,103.6529,C,Cloud to Cloud,2026-07-06T19:50:47.713+08:00
2026-07-07 13:57:24,2026-07-06T19:52:00+08:00,2026-07-06T19:54:03+08:00,1.3562,103.6504,C,Cloud to Cloud,2026-07-06T19:50:47.713+08:00
2026-07-07 13:57:24,2026-07-06T19:52:00+08:00,2026-07-06T19:54:03+08:00,1.3771,103.661,C,Cloud to Cloud,2026-07-06T19:50:47.718+08:00
2026-07-07 13:57:24,2026-07-06T19:52:00+08:00,2026-07-06T19:54:03+08:00,1.3782,103.6631,C,Cloud to Cloud,2026-07-06T19:50:47.719+08:00
2026-07-07 13:57:24,2026-07-06T19:52:00+08:00,2026-07-06T19:54:03+08:00,1.389,103.7084,C,Cloud to Cloud,2026-07-06T19:50:47.732+08:00
2026-07-07 13:57:24,2026-07-06T19:52:00+08:00,2026-07-06T19:54:03+08:00,1.3814,103.6689,C,Cloud to Cloud,2026-07-06T19:50:47.867+08:00
2026-07-07 13:57:24,2026-07-06T19:52:00+08:00,2026-07-06T19:54:03+08:00,1.3796,103.7129,C,Cloud to Cloud,2026-07-06T19:50:47.867+08:00
2026-07-07 13:57:24,2026-07-06T19:52:00+08:00,2026-07-06T19:54:03+08:00,1.3754,103.7249,C,Cloud to Cloud,2026-07-06T19:50:47.867+08:00
2026-07-07 13:57:24,2026-07-06T19:52:00+08:00,2026-07-06T19:54:03+08:00,1.378,103.6644,C,Cloud to Cloud,2026-07-06T19:50:47.92+08:00
2026-07-07 13:57:24,2026-07-06T19:52:00+08:00,2026-07-06T19:54:03+08:00,1.384,103.6705,C,Cloud to Cloud,2026-07-06T19:50:47.92+08:00
2026-07-07 13:57:24,2026-07-06T19:52:00+08:00,2026-07-06T19:54:03+08:00,1.4024,103.6702,C,Cloud to Cloud,2026-07-06T19:50:47.92+08:00
2026-07-07 13:57:24,2026-07-06T19:52:00+08:00,2026-07-06T19:54:03+08:00,1.3871,103.6822,C,Cloud to Cloud,2026-07-06T19:50:47.92+08:00
2026-07-07 13:57:24,2026-07-06T19:52:00+08:00,2026-07-06T19:54:03+08:00,1.388,103.662,C,Cloud to Cloud,2026-07-06T19:50:47.933+08:00
2026-07-07 13:57:24,2026-07-06T19:52:00+08:00,2026-07-06T19:54:03+08:00,1.3724,103.7096,C,Cloud to Cloud,2026-07-06T19:50:47.933+08:00
2026-07-07 13:57:24,2026-07-06T19:52:00+08:00,2026-07-06T19:54:03+08:00,1.3628,103.6562,C,Cloud to Cloud,2026-07-06T19:50:47.933+08:00
2026-07-07 13:57:24,2026-07-06T19:52:00+08:00,2026-07-06T19:54:03+08:00,1.4107,103.7258,C,Cloud to Cloud,2026-07-06T19:50:47.944+08:00
2026-07-07 13:57:24,2026-07-06T19:52:00+08:00,2026-07-06T19:54:03+08:00,1.4085,103.6696,C,Cloud to Cloud,2026-07-06T19:50:47.948+08:00
2026-07-07 13:57:24,2026-07-06T19:52:00+08:00,2026-07-06T19:54:03+08:00,1.3987,103.6501,C,Cloud to Cloud,2026-07-06T19:50:47.948+08:00
2026-07-07 13:57:24,2026-07-06T19:50:00+08:00,2026-07-06T19:52:02+08:00,1.4369,103.8326,C,Cloud to Cloud,2026-07-06T19:48:57.79+08:00
2026-07-07 13:57:24,2026-07-06T19:50:00+08:00,2026-07-06T19:52:02+08:00,1.4439,103.8455,C,Cloud to Cloud,2026-07-06T19:48:57.79+08:00
2026-07-07 13:57:24,2026-07-06T19:50:00+08:00,2026-07-06T19:52:02+08:00,1.4341,103.83,C,Cloud to Cloud,2026-07-06T19:48:57.79+08:00
2026-07-07 13:57:24,2026-07-06T19:50:00+08:00,2026-07-06T19:52:02+08:00,1.4392,103.8346,C,Cloud to Cloud,2026-07-06T19:48:57.791+08:00
2026-07-07 13:57:24,2026-07-06T19:50:00+08:00,2026-07-06T19:52:02+08:00,1.4344,103.8288,C,Cloud to Cloud,2026-07-06T19:48:57.791+08:00
2026-07-07 13:57:24,2026-07-06T19:50:00+08:00,2026-07-06T19:52:02+08:00,1.4346,103.8294,C,Cloud to Cloud,2026-07-06T19:48:57.791+08:00
2026-07-07 13:57:24,2026-07-06T19:50:00+08:00,2026-07-06T19:52:02+08:00,1.4365,103.8327,C,Cloud to Cloud,2026-07-06T19:48:57.791+08:00
2026-07-07 13:57:24,2026-07-06T19:50:00+08:00,2026-07-06T19:52:02+08:00,1.4419,103.8378,C,Cloud to Cloud,2026-07-06T19:48:57.791+08:00
2026-07-07 13:57:24,2026-07-06T19:50:00+08:00,2026-07-06T19:52:02+08:00,1.4316,103.8287,C,Cloud to Cloud,2026-07-06T19:48:57.791+08:00
2026-07-07 13:57:24,2026-07-06T19:50:00+08:00,2026-07-06T19:52:02+08:00,1.4298,103.8275,C,Cloud to Cloud,2026-07-06T19:48:57.791+08:00
2026-07-07 13:57:24,2026-07-06T19:50:00+08:00,2026-07-06T19:52:02+08:00,1.4293,103.8226,C,Cloud to Cloud,2026-07-06T19:48:57.792+08:00
2026-07-07 13:57:24,2026-07-06T19:50:00+08:00,2026-07-06T19:52:02+08:00,1.4271,103.826,C,Cloud to Cloud,2026-07-06T19:48:57.792+08:00
2026-07-07 13:57:24,2026-07-06T19:50:00+08:00,2026-07-06T19:52:02+08:00,1.4287,103.8238,C,Cloud to Cloud,2026-07-06T19:48:57.792+08:00
2026-07-07 13:57:24,2026-07-06T19:50:00+08:00,2026-07-06T19:52:02+08:00,1.4267,103.8234,C,Cloud to Cloud,2026-07-06T19:48:57.792+08:00
2026-07-07 13:57:24,2026-07-06T19:50:00+08:00,2026-07-06T19:52:02+08:00,1.4274,103.8241,C,Cloud to Cloud,2026-07-06T19:48:57.792+08:00
2026-07-07 13:57:24,2026-07-06T19:50:00+08:00,2026-07-06T19:52:02+08:00,1.3107,103.8314,C,Cloud to Cloud,2026-07-06T19:48:57.792+08:00
2026-07-07 13:57:24,2026-07-06T19:50:00+08:00,2026-07-06T19:52:02+08:00,1.4339,103.8127,C,Cloud to Cloud,2026-07-06T19:48:57.792+08:00
2026-07-07 13:57:24,2026-07-06T19:50:00+08:00,2026-07-06T19:52:02+08:00,1.4292,103.8161,C,Cloud to Cloud,2026-07-06T19:48:57.793+08:00
2026-07-07 13:57:24,2026-07-06T19:50:00+08:00,2026-07-06T19:52:02+08:00,1.4266,103.821,C,Cloud to Cloud,2026-07-06T19:48:57.793+08:00
2026-07-07 13:57:24,2026-07-06T19:50:00+08:00,2026-07-06T19:52:02+08:00,1.4266,103.821,C,Cloud to Cloud,2026-07-06T19:48:57.793+08:00
2026-07-07 13:57:24,2026-07-06T19:50:00+08:00,2026-07-06T19:52:02+08:00,1.4236,103.8173,C,Cloud to Cloud,2026-07-06T19:48:57.793+08:00
2026-07-07 13:57:24,2026-07-06T19:50:00+08:00,2026-07-06T19:52:02+08:00,1.4284,103.8152,C,Cloud to Cloud,2026-07-06T19:48:57.793+08:00
2026-07-07 13:57:24,2026-07-06T19:50:00+08:00,2026-07-06T19:52:02+08:00,1.427,103.8213,C,Cloud to Cloud,2026-07-06T19:48:57.793+08:00
2026-07-07 13:57:24,2026-07-06T19:50:00+08:00,2026-07-06T19:52:02+08:00,1.4294,103.8155,C,Cloud to Cloud,2026-07-06T19:48:57.794+08:00
2026-07-07 13:57:24,2026-07-06T19:50:00+08:00,2026-07-06T19:52:02+08:00,1.4208,103.8189,C,Cloud to Cloud,2026-07-06T19:48:57.794+08:00
2026-07-07 13:57:24,2026-07-06T19:50:00+08:00,2026-07-06T19:52:02+08:00,1.4211,103.8188,C,Cloud to Cloud,2026-07-06T19:48:57.794+08:00
2026-07-07 13:57:24,2026-07-06T19:50:00+08:00,2026-07-06T19:52:02+08:00,1.4251,103.8155,C,Cloud to Cloud,2026-07-06T19:48:57.795+08:00
2026-07-07 13:57:24,2026-07-06T19:50:00+08:00,2026-07-06T19:52:02+08:00,1.4267,103.8178,C,Cloud to Cloud,2026-07-06T19:48:57.795+08:00
2026-07-07 13:57:24,2026-07-06T19:50:00+08:00,2026-07-06T19:52:02+08:00,1.4248,103.8148,C,Cloud to Cloud,2026-07-06T19:48:57.796+08:00
2026-07-07 13:57:24,2026-07-06T19:50:00+08:00,2026-07-06T19:52:02+08:00,1.4261,103.8153,C,Cloud to Cloud,2026-07-06T19:48:57.797+08:00
2026-07-07 13:57:24,2026-07-06T19:50:00+08:00,2026-07-06T19:52:02+08:00,1.4327,103.8236,C,Cloud to Cloud,2026-07-06T19:48:57.798+08:00
2026-07-07 13:57:24,2026-07-06T19:50:00+08:00,2026-07-06T19:52:02+08:00,1.4273,103.8361,C,Cloud to Cloud,2026-07-06T19:48:57.798+08:00
2026-07-07 13:57:24,2026-07-06T19:50:00+08:00,2026-07-06T19:52:02+08:00,1.4288,103.8156,C,Cloud to Cloud,2026-07-06T19:48:57.798+08:00
2026-07-07 13:57:25,2026-07-06T19:34:00+08:00,2026-07-06T19:36:03+08:00,1.4221,103.6236,C,Cloud to Cloud,2026-07-06T19:32:55.458+08:00
2026-07-07 13:57:25,2026-07-06T19:34:00+08:00,2026-07-06T19:36:03+08:00,1.4149,103.6304,C,Cloud to Cloud,2026-07-06T19:32:55.458+08:00
2026-07-07 13:57:25,2026-07-06T19:34:00+08:00,2026-07-06T19:36:03+08:00,1.389,103.6462,C,Cloud to Cloud,2026-07-06T19:32:55.46+08:00
2026-07-07 13:57:25,2026-07-06T19:34:00+08:00,2026-07-06T19:36:03+08:00,1.391,103.6241,C,Cloud to Cloud,2026-07-06T19:32:55.461+08:00
2026-07-07 13:57:25,2026-07-06T19:34:00+08:00,2026-07-06T19:36:03+08:00,1.4079,103.6047,C,Cloud to Cloud,2026-07-06T19:32:55.461+08:00
2026-07-07 13:57:25,2026-07-06T19:34:00+08:00,2026-07-06T19:36:03+08:00,1.4033,103.6287,C,Cloud to Cloud,2026-07-06T19:32:55.462+08:00
2026-07-07 13:57:25,2026-07-06T19:34:00+08:00,2026-07-06T19:36:03+08:00,1.388,103.6033,C,Cloud to Cloud,2026-07-06T19:32:55.463+08:00
2026-07-07 13:57:25,2026-07-06T19:34:00+08:00,2026-07-06T19:36:03+08:00,1.3909,103.602,C,Cloud to Cloud,2026-07-06T19:32:55.463+08:00
2026-07-07 13:57:25,2026-07-06T19:34:00+08:00,2026-07-06T19:36:03+08:00,1.4673,103.5804,C,Cloud to Cloud,2026-07-06T19:32:55.465+08:00
2026-07-07 13:57:25,2026-07-06T19:34:00+08:00,2026-07-06T19:36:03+08:00,1.4438,103.5785,C,Cloud to Cloud,2026-07-06T19:32:55.473+08:00
2026-07-07 13:57:25,2026-07-06T19:34:00+08:00,2026-07-06T19:36:03+08:00,1.4498,103.6655,C,Cloud to Cloud,2026-07-06T19:32:55.484+08:00
2026-07-07 13:57:25,2026-07-06T19:34:00+08:00,2026-07-06T19:36:03+08:00,1.4497,103.6638,C,Cloud to Cloud,2026-07-06T19:32:55.51+08:00
2026-07-07 13:57:25,2026-07-06T19:34:00+08:00,2026-07-06T19:36:03+08:00,1.4497,103.6638,C,Cloud to Cloud,2026-07-06T19:32:55.51+08:00
2026-07-07 13:57:25,2026-07-06T19:34:00+08:00,2026-07-06T19:36:03+08:00,1.4505,103.6637,C,Cloud to Cloud,2026-07-06T19:32:55.51+08:00
2026-07-07 13:57:25,2026-07-06T19:34:00+08:00,2026-07-06T19:36:03+08:00,1.4505,103.6637,C,Cloud to Cloud,2026-07-06T19:32:55.511+08:00
2026-07-07 13:57:25,2026-07-06T19:34:00+08:00,2026-07-06T19:36:03+08:00,1.4326,103.661,C,Cloud to Cloud,2026-07-06T19:32:55.652+08:00
2026-07-07 13:57:25,2026-07-06T19:34:00+08:00,2026-07-06T19:36:03+08:00,1.4326,103.661,C,Cloud to Cloud,2026-07-06T19:32:55.652+08:00
2026-07-07 13:57:25,2026-07-06T19:34:00+08:00,2026-07-06T19:36:03+08:00,1.4297,103.76,C,Cloud to Cloud,2026-07-06T19:32:55.659+08:00
2026-07-07 13:57:25,2026-07-06T19:28:00+08:00,2026-07-06T19:30:03+08:00,1.4105,103.5978,C,Cloud to Cloud,2026-07-06T19:27:37.547+08:00
2026-07-07 13:57:25,2026-07-06T19:28:00+08:00,2026-07-06T19:30:03+08:00,1.4108,103.6099,C,Cloud to Cloud,2026-07-06T19:27:37.548+08:00
2026-07-07 13:57:25,2026-07-06T19:28:00+08:00,2026-07-06T19:30:03+08:00,1.4108,103.6099,C,Cloud to Cloud,2026-07-06T19:27:37.548+08:00
2026-07-07 13:57:25,2026-07-06T19:28:00+08:00,2026-07-06T19:30:03+08:00,1.4172,103.6318,C,Cloud to Cloud,2026-07-06T19:27:37.548+08:00
2026-07-07 13:57:25,2026-07-06T19:28:00+08:00,2026-07-06T19:30:03+08:00,1.4132,103.6417,C,Cloud to Cloud,2026-07-06T19:27:37.548+08:00
2026-07-07 13:57:25,2026-07-06T19:28:00+08:00,2026-07-06T19:30:03+08:00,1.42,103.6464,C,Cloud to Cloud,2026-07-06T19:27:37.548+08:00
2026-07-07 13:57:25,2026-07-06T19:28:00+08:00,2026-07-06T19:30:03+08:00,1.4329,103.6611,C,Cloud to Cloud,2026-07-06T19:27:37.548+08:00
2026-07-07 13:57:25,2026-07-06T19:28:00+08:00,2026-07-06T19:30:03+08:00,1.41,103.606,C,Cloud to Cloud,2026-07-06T19:27:37.548+08:00
2026-07-07 13:57:25,2026-07-06T19:28:00+08:00,2026-07-06T19:30:03+08:00,1.4212,103.643,C,Cloud to Cloud,2026-07-06T19:27:37.548+08:00
2026-07-07 13:57:25,2026-07-06T19:28:00+08:00,2026-07-06T19:30:03+08:00,1.4221,103.6429,C,Cloud to Cloud,2026-07-06T19:27:37.549+08:00
2026-07-07 13:57:25,2026-07-06T19:28:00+08:00,2026-07-06T19:30:03+08:00,1.4311,103.6829,C,Cloud to Cloud,2026-07-06T19:27:37.549+08:00
2026-07-07 13:57:25,2026-07-06T19:28:00+08:00,2026-07-06T19:30:03+08:00,1.4238,103.6461,C,Cloud to Cloud,2026-07-06T19:27:37.549+08:00
2026-07-07 13:57:25,2026-07-06T19:28:00+08:00,2026-07-06T19:30:03+08:00,1.4318,103.6831,C,Cloud to Cloud,2026-07-06T19:27:37.549+08:00
2026-07-07 13:57:25,2026-07-06T19:28:00+08:00,2026-07-06T19:30:03+08:00,1.4308,103.6816,C,Cloud to Cloud,2026-07-06T19:27:37.549+08:00
2026-07-07 13:57:25,2026-07-06T19:28:00+08:00,2026-07-06T19:30:03+08:00,1.4224,103.6421,C,Cloud to Cloud,2026-07-06T19:27:37.549+08:00
2026-07-07 13:57:25,2026-07-06T19:28:00+08:00,2026-07-06T19:30:03+08:00,1.4252,103.6532,C,Cloud to Cloud,2026-07-06T19:27:37.55+08:00
2026-07-07 13:57:25,2026-07-06T19:28:00+08:00,2026-07-06T19:30:03+08:00,1.4279,103.6661,C,Cloud to Cloud,2026-07-06T19:27:37.55+08:00
2026-07-07 13:57:25,2026-07-06T19:28:00+08:00,2026-07-06T19:30:03+08:00,1.422,103.6439,C,Cloud to Cloud,2026-07-06T19:27:37.55+08:00
2026-07-07 13:57:25,2026-07-06T19:28:00+08:00,2026-07-06T19:30:03+08:00,1.4225,103.6331,C,Cloud to Cloud,2026-07-06T19:27:37.55+08:00
2026-07-07 13:57:25,2026-07-06T19:28:00+08:00,2026-07-06T19:30:03+08:00,1.4275,103.6665,C,Cloud to Cloud,2026-07-06T19:27:37.55+08:00
2026-07-07 13:57:25,2026-07-06T19:28:00+08:00,2026-07-06T19:30:03+08:00,1.4222,103.6449,C,Cloud to Cloud,2026-07-06T19:27:37.55+08:00
2026-07-07 13:57:25,2026-07-06T19:28:00+08:00,2026-07-06T19:30:03+08:00,1.422,103.6412,C,Cloud to Cloud,2026-07-06T19:27:37.55+08:00
2026-07-07 13:57:25,2026-07-06T19:28:00+08:00,2026-07-06T19:30:03+08:00,1.4226,103.6447,C,Cloud to Cloud,2026-07-06T19:27:37.55+08:00
2026-07-07 13:57:25,2026-07-06T19:28:00+08:00,2026-07-06T19:30:03+08:00,1.4274,103.6628,C,Cloud to Cloud,2026-07-06T19:27:37.551+08:00
2026-07-07 13:57:25,2026-07-06T19:28:00+08:00,2026-07-06T19:30:03+08:00,1.422,103.6451,C,Cloud to Cloud,2026-07-06T19:27:37.551+08:00
2026-07-07 13:57:25,2026-07-06T19:28:00+08:00,2026-07-06T19:30:03+08:00,1.4283,103.6678,C,Cloud to Cloud,2026-07-06T19:27:37.551+08:00
2026-07-07 13:57:25,2026-07-06T19:28:00+08:00,2026-07-06T19:30:03+08:00,1.4224,103.6462,C,Cloud to Cloud,2026-07-06T19:27:37.551+08:00
2026-07-07 13:57:25,2026-07-06T19:28:00+08:00,2026-07-06T19:30:03+08:00,1.4237,103.6442,C,Cloud to Cloud,2026-07-06T19:27:37.551+08:00
2026-07-07 13:57:25,2026-07-06T19:28:00+08:00,2026-07-06T19:30:03+08:00,1.4235,103.6439,C,Cloud to Cloud,2026-07-06T19:27:37.551+08:00
2026-07-07 13:57:25,2026-07-06T19:28:00+08:00,2026-07-06T19:30:03+08:00,1.4193,103.6378,C,Cloud to Cloud,2026-07-06T19:27:37.551+08:00
2026-07-07 13:57:25,2026-07-06T19:28:00+08:00,2026-07-06T19:30:03+08:00,1.4257,103.6337,C,Cloud to Cloud,2026-07-06T19:27:37.551+08:00
2026-07-07 13:57:25,2026-07-06T19:28:00+08:00,2026-07-06T19:30:03+08:00,1.4245,103.6337,C,Cloud to Cloud,2026-07-06T19:27:37.551+08:00
2026-07-07 13:57:25,2026-07-06T19:28:00+08:00,2026-07-06T19:30:03+08:00,1.424,103.6514,C,Cloud to Cloud,2026-07-06T19:27:37.552+08:00
2026-07-07 13:57:25,2026-07-06T19:28:00+08:00,2026-07-06T19:30:03+08:00,1.4239,103.6467,C,Cloud to Cloud,2026-07-06T19:27:37.552+08:00
2026-07-07 13:57:25,2026-07-06T19:28:00+08:00,2026-07-06T19:30:03+08:00,1.4232,103.6462,C,Cloud to Cloud,2026-07-06T19:27:37.552+08:00
2026-07-07 13:57:25,2026-07-06T19:28:00+08:00,2026-07-06T19:30:03+08:00,1.4206,103.6358,C,Cloud to Cloud,2026-07-06T19:27:37.552+08:00
2026-07-07 13:57:25,2026-07-06T19:28:00+08:00,2026-07-06T19:30:03+08:00,1.4244,103.6337,C,Cloud to Cloud,2026-07-06T19:27:37.552+08:00
2026-07-07 13:57:25,2026-07-06T19:28:00+08:00,2026-07-06T19:30:03+08:00,1.4235,103.6354,C,Cloud to Cloud,2026-07-06T19:27:37.552+08:00
2026-07-07 13:57:25,2026-07-06T19:28:00+08:00,2026-07-06T19:30:03+08:00,1.424,103.6381,C,Cloud to Cloud,2026-07-06T19:27:37.552+08:00
2026-07-07 13:57:25,2026-07-06T19:28:00+08:00,2026-07-06T19:30:03+08:00,1.4229,103.6437,C,Cloud to Cloud,2026-07-06T19:27:37.552+08:00
2026-07-07 13:57:25,2026-07-06T19:28:00+08:00,2026-07-06T19:30:03+08:00,1.4241,103.6472,C,Cloud to Cloud,2026-07-06T19:27:37.552+08:00
2026-07-07 13:57:25,2026-07-06T19:28:00+08:00,2026-07-06T19:30:03+08:00,1.4233,103.6461,C,Cloud to Cloud,2026-07-06T19:27:37.553+08:00
2026-07-07 13:57:25,2026-07-06T19:28:00+08:00,2026-07-06T19:30:03+08:00,1.4211,103.6386,C,Cloud to Cloud,2026-07-06T19:27:37.553+08:00
2026-07-07 13:57:25,2026-07-06T19:28:00+08:00,2026-07-06T19:30:03+08:00,1.4231,103.6451,C,Cloud to Cloud,2026-07-06T19:27:37.553+08:00
2026-07-07 13:57:25,2026-07-06T19:28:00+08:00,2026-07-06T19:30:03+08:00,1.4222,103.6415,C,Cloud to Cloud,2026-07-06T19:27:37.553+08:00
2026-07-07 13:57:25,2026-07-06T19:28:00+08:00,2026-07-06T19:30:03+08:00,1.424,103.6409,C,Cloud to Cloud,2026-07-06T19:27:37.553+08:00
2026-07-07 13:57:25,2026-07-06T19:28:00+08:00,2026-07-06T19:30:03+08:00,1.4232,103.6484,C,Cloud to Cloud,2026-07-06T19:27:37.554+08:00
2026-07-07 13:57:25,2026-07-06T19:28:00+08:00,2026-07-06T19:30:03+08:00,1.4232,103.6482,C,Cloud to Cloud,2026-07-06T19:27:37.554+08:00
2026-07-07 13:57:25,2026-07-06T19:28:00+08:00,2026-07-06T19:30:03+08:00,1.4245,103.6471,C,Cloud to Cloud,2026-07-06T19:27:37.554+08:00
2026-07-07 13:57:25,2026-07-06T19:28:00+08:00,2026-07-06T19:30:03+08:00,1.425,103.6473,C,Cloud to Cloud,2026-07-06T19:27:37.554+08:00
2026-07-07 13:57:25,2026-07-06T19:28:00+08:00,2026-07-06T19:30:03+08:00,1.4251,103.6477,C,Cloud to Cloud,2026-07-06T19:27:37.554+08:00
2026-07-07 13:57:25,2026-07-06T19:28:00+08:00,2026-07-06T19:30:03+08:00,1.4251,103.6439,C,Cloud to Cloud,2026-07-06T19:27:37.554+08:00
2026-07-07 13:57:25,2026-07-06T19:28:00+08:00,2026-07-06T19:30:03+08:00,1.4244,103.6445,C,Cloud to Cloud,2026-07-06T19:27:37.554+08:00
2026-07-07 13:57:25,2026-07-06T19:28:00+08:00,2026-07-06T19:30:03+08:00,1.4203,103.6216,C,Cloud to Cloud,2026-07-06T19:27:37.555+08:00
2026-07-07 13:57:25,2026-07-06T19:28:00+08:00,2026-07-06T19:30:03+08:00,1.4261,103.6442,C,Cloud to Cloud,2026-07-06T19:27:37.558+08:00
2026-07-07 13:57:25,2026-07-06T19:28:00+08:00,2026-07-06T19:30:03+08:00,1.4261,103.6448,C,Cloud to Cloud,2026-07-06T19:27:37.558+08:00
2026-07-07 13:57:25,2026-07-06T19:28:00+08:00,2026-07-06T19:30:03+08:00,1.4259,103.644,C,Cloud to Cloud,2026-07-06T19:27:37.558+08:00
2026-07-07 13:57:25,2026-07-06T19:28:00+08:00,2026-07-06T19:30:03+08:00,1.4255,103.6433,C,Cloud to Cloud,2026-07-06T19:27:37.558+08:00
2026-07-07 13:57:25,2026-07-06T19:28:00+08:00,2026-07-06T19:30:03+08:00,1.4257,103.6437,C,Cloud to Cloud,2026-07-06T19:27:37.558+08:00
2026-07-07 13:57:25,2026-07-06T19:28:00+08:00,2026-07-06T19:30:03+08:00,1.426,103.6439,C,Cloud to Cloud,2026-07-06T19:27:37.558+08:00
2026-07-07 13:57:25,2026-07-06T19:28:00+08:00,2026-07-06T19:30:03+08:00,1.4269,103.6432,C,Cloud to Cloud,2026-07-06T19:27:37.558+08:00
2026-07-07 13:57:25,2026-07-06T19:28:00+08:00,2026-07-06T19:30:03+08:00,1.427,103.6436,C,Cloud to Cloud,2026-07-06T19:27:37.559+08:00
2026-07-07 13:57:25,2026-07-06T19:28:00+08:00,2026-07-06T19:30:03+08:00,1.4275,103.6429,C,Cloud to Cloud,2026-07-06T19:27:37.559+08:00
2026-07-07 13:57:25,2026-07-06T19:28:00+08:00,2026-07-06T19:30:03+08:00,1.4255,103.644,C,Cloud to Cloud,2026-07-06T19:27:37.559+08:00
2026-07-07 13:57:25,2026-07-06T19:28:00+08:00,2026-07-06T19:30:03+08:00,1.4267,103.643,C,Cloud to Cloud,2026-07-06T19:27:37.559+08:00
2026-07-07 13:57:25,2026-07-06T19:28:00+08:00,2026-07-06T19:30:03+08:00,1.4277,103.6419,C,Cloud to Cloud,2026-07-06T19:27:37.559+08:00
2026-07-07 13:57:25,2026-07-06T19:28:00+08:00,2026-07-06T19:30:03+08:00,1.427,103.6428,C,Cloud to Cloud,2026-07-06T19:27:37.559+08:00
2026-07-07 13:57:25,2026-07-06T19:28:00+08:00,2026-07-06T19:30:03+08:00,1.4259,103.6437,C,Cloud to Cloud,2026-07-06T19:27:37.559+08:00
2026-07-07 13:57:25,2026-07-06T19:28:00+08:00,2026-07-06T19:30:03+08:00,1.426,103.6441,C,Cloud to Cloud,2026-07-06T19:27:37.559+08:00
2026-07-07 13:57:25,2026-07-06T19:28:00+08:00,2026-07-06T19:30:03+08:00,1.4269,103.643,C,Cloud to Cloud,2026-07-06T19:27:37.559+08:00
2026-07-07 13:57:25,2026-07-06T19:28:00+08:00,2026-07-06T19:30:03+08:00,1.4262,103.6536,C,Cloud to Cloud,2026-07-06T19:27:37.559+08:00
2026-07-07 13:57:25,2026-07-06T19:28:00+08:00,2026-07-06T19:30:03+08:00,1.4301,103.6409,C,Cloud to Cloud,2026-07-06T19:27:37.559+08:00
2026-07-07 13:57:25,2026-07-06T19:28:00+08:00,2026-07-06T19:30:03+08:00,1.4269,103.6432,C,Cloud to Cloud,2026-07-06T19:27:37.56+08:00
2026-07-07 13:57:25,2026-07-06T19:28:00+08:00,2026-07-06T19:30:03+08:00,1.4275,103.641,C,Cloud to Cloud,2026-07-06T19:27:37.56+08:00
2026-07-07 13:57:25,2026-07-06T19:28:00+08:00,2026-07-06T19:30:03+08:00,1.4282,103.6406,C,Cloud to Cloud,2026-07-06T19:27:37.56+08:00
2026-07-07 13:57:25,2026-07-06T19:28:00+08:00,2026-07-06T19:30:03+08:00,1.4264,103.6416,C,Cloud to Cloud,2026-07-06T19:27:37.56+08:00
2026-07-07 13:57:25,2026-07-06T19:28:00+08:00,2026-07-06T19:30:03+08:00,1.4284,103.6412,C,Cloud to Cloud,2026-07-06T19:27:37.56+08:00
2026-07-07 13:57:25,2026-07-06T19:28:00+08:00,2026-07-06T19:30:03+08:00,1.4271,103.6414,C,Cloud to Cloud,2026-07-06T19:27:37.56+08:00
2026-07-07 13:57:25,2026-07-06T19:28:00+08:00,2026-07-06T19:30:03+08:00,1.4264,103.6423,C,Cloud to Cloud,2026-07-06T19:27:37.56+08:00
2026-07-07 13:57:25,2026-07-06T19:28:00+08:00,2026-07-06T19:30:03+08:00,1.4276,103.6407,C,Cloud to Cloud,2026-07-06T19:27:37.561+08:00
2026-07-07 13:57:25,2026-07-06T19:28:00+08:00,2026-07-06T19:30:03+08:00,1.4277,103.6412,C,Cloud to Cloud,2026-07-06T19:27:37.561+08:00
2026-07-07 13:57:25,2026-07-06T19:28:00+08:00,2026-07-06T19:30:03+08:00,1.4267,103.6418,C,Cloud to Cloud,2026-07-06T19:27:37.561+08:00
2026-07-07 13:57:25,2026-07-06T19:28:00+08:00,2026-07-06T19:30:03+08:00,1.4276,103.6413,C,Cloud to Cloud,2026-07-06T19:27:37.561+08:00
2026-07-07 13:57:25,2026-07-06T19:28:00+08:00,2026-07-06T19:30:03+08:00,1.4277,103.6411,C,Cloud to Cloud,2026-07-06T19:27:37.561+08:00
2026-07-07 13:57:25,2026-07-06T19:28:00+08:00,2026-07-06T19:30:03+08:00,1.427,103.6411,C,Cloud to Cloud,2026-07-06T19:27:37.561+08:00
2026-07-07 13:57:25,2026-07-06T19:28:00+08:00,2026-07-06T19:30:03+08:00,1.4271,103.6412,C,Cloud to Cloud,2026-07-06T19:27:37.561+08:00
2026-07-07 13:57:25,2026-07-06T19:28:00+08:00,2026-07-06T19:30:03+08:00,1.4278,103.6401,C,Cloud to Cloud,2026-07-06T19:27:37.561+08:00
2026-07-07 13:57:25,2026-07-06T19:28:00+08:00,2026-07-06T19:30:03+08:00,1.4287,103.6401,C,Cloud to Cloud,2026-07-06T19:27:37.562+08:00
2026-07-07 13:57:25,2026-07-06T19:28:00+08:00,2026-07-06T19:30:03+08:00,1.4269,103.6414,C,Cloud to Cloud,2026-07-06T19:27:37.562+08:00
2026-07-07 13:57:25,2026-07-06T19:28:00+08:00,2026-07-06T19:30:03+08:00,1.4264,103.6424,C,Cloud to Cloud,2026-07-06T19:27:37.562+08:00
2026-07-07 13:57:25,2026-07-06T19:28:00+08:00,2026-07-06T19:30:03+08:00,1.428,103.6411,C,Cloud to Cloud,2026-07-06T19:27:37.562+08:00
2026-07-07 13:57:25,2026-07-06T19:28:00+08:00,2026-07-06T19:30:03+08:00,1.4262,103.6416,C,Cloud to Cloud,2026-07-06T19:27:37.563+08:00
2026-07-07 13:57:25,2026-07-06T19:28:00+08:00,2026-07-06T19:30:03+08:00,1.4267,103.6403,C,Cloud to Cloud,2026-07-06T19:27:37.563+08:00
2026-07-07 13:57:25,2026-07-06T19:28:00+08:00,2026-07-06T19:30:03+08:00,1.4256,103.6415,C,Cloud to Cloud,2026-07-06T19:27:37.564+08:00
2026-07-07 13:57:25,2026-07-06T19:28:00+08:00,2026-07-06T19:30:03+08:00,1.4348,103.6923,C,Cloud to Cloud,2026-07-06T19:27:37.564+08:00
2026-07-07 13:57:25,2026-07-06T19:28:00+08:00,2026-07-06T19:30:03+08:00,1.4345,103.6911,C,Cloud to Cloud,2026-07-06T19:27:37.564+08:00
2026-07-07 13:57:25,2026-07-06T19:28:00+08:00,2026-07-06T19:30:03+08:00,1.4262,103.6412,C,Cloud to Cloud,2026-07-06T19:27:37.564+08:00
2026-07-07 13:57:25,2026-07-06T19:28:00+08:00,2026-07-06T19:30:03+08:00,1.4261,103.6418,C,Cloud to Cloud,2026-07-06T19:27:37.565+08:00
2026-07-07 13:57:25,2026-07-06T19:28:00+08:00,2026-07-06T19:30:03+08:00,1.4257,103.6414,C,Cloud to Cloud,2026-07-06T19:27:37.565+08:00
2026-07-07 13:57:25,2026-07-06T19:28:00+08:00,2026-07-06T19:30:03+08:00,1.4264,103.642,C,Cloud to Cloud,2026-07-06T19:27:37.565+08:00
2026-07-07 13:57:25,2026-07-06T19:28:00+08:00,2026-07-06T19:30:03+08:00,1.4263,103.6438,C,Cloud to Cloud,2026-07-06T19:27:37.565+08:00
2026-07-07 13:57:25,2026-07-06T19:28:00+08:00,2026-07-06T19:30:03+08:00,1.4276,103.6417,C,Cloud to Cloud,2026-07-06T19:27:37.565+08:00
2026-07-07 13:57:25,2026-07-06T19:28:00+08:00,2026-07-06T19:30:03+08:00,1.427,103.6429,C,Cloud to Cloud,2026-07-06T19:27:37.565+08:00
2026-07-07 13:57:25,2026-07-06T19:28:00+08:00,2026-07-06T19:30:03+08:00,1.4277,103.6412,C,Cloud to Cloud,2026-07-06T19:27:37.566+08:00
2026-07-07 13:57:25,2026-07-06T19:28:00+08:00,2026-07-06T19:30:03+08:00,1.428,103.6412,C,Cloud to Cloud,2026-07-06T19:27:37.566+08:00
2026-07-07 13:57:25,2026-07-06T19:28:00+08:00,2026-07-06T19:30:03+08:00,1.426,103.6371,G,Cloud to Ground,2026-07-06T19:27:37.566+08:00
2026-07-07 13:57:25,2026-07-06T19:28:00+08:00,2026-07-06T19:30:03+08:00,1.4269,103.6377,C,Cloud to Cloud,2026-07-06T19:27:37.566+08:00
2026-07-07 13:57:25,2026-07-06T19:28:00+08:00,2026-07-06T19:30:03+08:00,1.4229,103.6572,C,Cloud to Cloud,2026-07-06T19:27:37.566+08:00
2026-07-07 13:57:25,2026-07-06T19:28:00+08:00,2026-07-06T19:30:03+08:00,1.4314,103.6913,C,Cloud to Cloud,2026-07-06T19:27:37.567+08:00
2026-07-07 13:57:25,2026-07-06T19:28:00+08:00,2026-07-06T19:30:03+08:00,1.4217,103.659,C,Cloud to Cloud,2026-07-06T19:27:37.567+08:00
2026-07-07 13:57:25,2026-07-06T19:28:00+08:00,2026-07-06T19:30:03+08:00,1.4217,103.659,C,Cloud to Cloud,2026-07-06T19:27:37.567+08:00
2026-07-07 13:57:25,2026-07-06T19:26:00+08:00,2026-07-06T19:28:03+08:00,1.392,103.6603,C,Cloud to Cloud,2026-07-06T19:24:35.889+08:00
2026-07-07 13:57:25,2026-07-06T19:26:00+08:00,2026-07-06T19:28:03+08:00,1.392,103.6603,C,Cloud to Cloud,2026-07-06T19:24:35.889+08:00
2026-07-07 13:57:25,2026-07-06T19:26:00+08:00,2026-07-06T19:28:03+08:00,1.3927,103.6617,C,Cloud to Cloud,2026-07-06T19:24:35.889+08:00
2026-07-07 13:57:25,2026-07-06T19:26:00+08:00,2026-07-06T19:28:03+08:00,1.3927,103.6617,C,Cloud to Cloud,2026-07-06T19:24:35.889+08:00
2026-07-07 13:57:25,2026-07-06T19:26:00+08:00,2026-07-06T19:28:03+08:00,1.3896,103.6601,C,Cloud to Cloud,2026-07-06T19:24:35.89+08:00
2026-07-07 13:57:25,2026-07-06T19:26:00+08:00,2026-07-06T19:28:03+08:00,1.3896,103.6601,C,Cloud to Cloud,2026-07-06T19:24:35.89+08:00
2026-07-07 13:57:25,2026-07-06T19:26:00+08:00,2026-07-06T19:28:03+08:00,1.3813,103.6651,C,Cloud to Cloud,2026-07-06T19:24:35.89+08:00
2026-07-07 13:57:25,2026-07-06T19:26:00+08:00,2026-07-06T19:28:03+08:00,1.3906,103.6524,C,Cloud to Cloud,2026-07-06T19:24:35.89+08:00
2026-07-07 13:57:25,2026-07-06T19:26:00+08:00,2026-07-06T19:28:03+08:00,1.3815,103.6621,C,Cloud to Cloud,2026-07-06T19:24:35.89+08:00
2026-07-07 13:57:25,2026-07-06T19:26:00+08:00,2026-07-06T19:28:03+08:00,1.3811,103.6641,C,Cloud to Cloud,2026-07-06T19:24:35.89+08:00
2026-07-07 13:57:25,2026-07-06T19:26:00+08:00,2026-07-06T19:28:03+08:00,1.3917,103.6625,C,Cloud to Cloud,2026-07-06T19:24:35.89+08:00
2026-07-07 13:57:25,2026-07-06T19:26:00+08:00,2026-07-06T19:28:03+08:00,1.3834,103.6592,C,Cloud to Cloud,2026-07-06T19:24:35.892+08:00
2026-07-07 13:57:25,2026-07-06T19:26:00+08:00,2026-07-06T19:28:03+08:00,1.3834,103.6592,C,Cloud to Cloud,2026-07-06T19:24:35.892+08:00
2026-07-07 13:57:25,2026-07-06T19:26:00+08:00,2026-07-06T19:28:03+08:00,1.4316,103.6355,C,Cloud to Cloud,2026-07-06T19:24:35.892+08:00
2026-07-07 13:57:25,2026-07-06T19:26:00+08:00,2026-07-06T19:28:03+08:00,1.3747,103.6526,C,Cloud to Cloud,2026-07-06T19:24:35.892+08:00
2026-07-07 13:57:25,2026-07-06T19:26:00+08:00,2026-07-06T19:28:03+08:00,1.3737,103.6552,C,Cloud to Cloud,2026-07-06T19:24:35.894+08:00
2026-07-07 13:57:25,2026-07-06T19:26:00+08:00,2026-07-06T19:28:03+08:00,1.3952,103.6244,C,Cloud to Cloud,2026-07-06T19:24:35.894+08:00
2026-07-07 13:57:25,2026-07-06T19:26:00+08:00,2026-07-06T19:28:03+08:00,1.3737,103.6552,C,Cloud to Cloud,2026-07-06T19:24:35.894+08:00
2026-07-07 13:57:25,2026-07-06T19:26:00+08:00,2026-07-06T19:28:03+08:00,1.3808,103.6674,C,Cloud to Cloud,2026-07-06T19:24:35.896+08:00
2026-07-07 13:57:25,2026-07-06T19:26:00+08:00,2026-07-06T19:28:03+08:00,1.3967,103.6924,C,Cloud to Cloud,2026-07-06T19:24:35.896+08:00
2026-07-07 13:57:25,2026-07-06T19:26:00+08:00,2026-07-06T19:28:03+08:00,1.3899,103.6803,C,Cloud to Cloud,2026-07-06T19:24:35.896+08:00
2026-07-07 13:57:25,2026-07-06T19:26:00+08:00,2026-07-06T19:28:03+08:00,1.3824,103.6648,C,Cloud to Cloud,2026-07-06T19:24:35.896+08:00
2026-07-07 13:57:25,2026-07-06T19:26:00+08:00,2026-07-06T19:28:03+08:00,1.3131,103.5657,C,Cloud to Cloud,2026-07-06T19:24:35.903+08:00
2026-07-07 13:57:25,2026-07-06T19:26:00+08:00,2026-07-06T19:28:03+08:00,1.4004,103.6569,C,Cloud to Cloud,2026-07-06T19:24:35.911+08:00
2026-07-07 13:57:25,2026-07-06T19:26:00+08:00,2026-07-06T19:28:03+08:00,1.4004,103.6569,C,Cloud to Cloud,2026-07-06T19:24:35.911+08:00
2026-07-07 13:57:25,2026-07-06T19:26:00+08:00,2026-07-06T19:28:03+08:00,1.3812,103.6591,C,Cloud to Cloud,2026-07-06T19:24:35.93+08:00
2026-07-07 13:57:25,2026-07-06T19:26:00+08:00,2026-07-06T19:28:03+08:00,1.3671,103.6353,C,Cloud to Cloud,2026-07-06T19:24:35.93+08:00
2026-07-07 13:57:25,2026-07-06T19:26:00+08:00,2026-07-06T19:28:03+08:00,1.3667,103.6336,C,Cloud to Cloud,2026-07-06T19:24:35.931+08:00
2026-07-07 13:57:25,2026-07-06T19:26:00+08:00,2026-07-06T19:28:03+08:00,1.3636,103.6275,C,Cloud to Cloud,2026-07-06T19:24:35.931+08:00
2026-07-07 13:57:25,2026-07-06T19:26:00+08:00,2026-07-06T19:28:03+08:00,1.3875,103.6695,C,Cloud to Cloud,2026-07-06T19:24:35.957+08:00
2026-07-07 13:57:25,2026-07-06T19:26:00+08:00,2026-07-06T19:28:03+08:00,1.3902,103.6641,C,Cloud to Cloud,2026-07-06T19:24:35.958+08:00
2026-07-07 13:57:25,2026-07-06T19:26:00+08:00,2026-07-06T19:28:03+08:00,1.3883,103.666,C,Cloud to Cloud,2026-07-06T19:24:35.985+08:00
2026-07-07 13:57:25,2026-07-06T19:26:00+08:00,2026-07-06T19:28:03+08:00,1.3883,103.666,C,Cloud to Cloud,2026-07-06T19:24:35.985+08:00
2026-07-07 13:57:25,2026-07-06T19:26:00+08:00,2026-07-06T19:28:03+08:00,1.403,103.6707,C,Cloud to Cloud,2026-07-06T19:24:35.996+08:00
2026-07-07 13:57:25,2026-07-06T19:26:00+08:00,2026-07-06T19:28:03+08:00,1.403,103.6707,C,Cloud to Cloud,2026-07-06T19:24:35.996+08:00
2026-07-07 13:57:25,2026-07-06T19:26:00+08:00,2026-07-06T19:28:03+08:00,1.408,103.6824,C,Cloud to Cloud,2026-07-06T19:24:36+08:00
2026-07-07 13:57:25,2026-07-06T19:26:00+08:00,2026-07-06T19:28:03+08:00,1.408,103.6824,C,Cloud to Cloud,2026-07-06T19:24:36+08:00
2026-07-07 13:57:25,2026-07-06T19:26:00+08:00,2026-07-06T19:28:03+08:00,1.4032,103.6786,C,Cloud to Cloud,2026-07-06T19:24:36.003+08:00
2026-07-07 13:57:25,2026-07-06T19:26:00+08:00,2026-07-06T19:28:03+08:00,1.3804,103.6743,C,Cloud to Cloud,2026-07-06T19:24:36.008+08:00
2026-07-07 13:57:25,2026-07-06T19:26:00+08:00,2026-07-06T19:28:03+08:00,1.4256,103.6851,C,Cloud to Cloud,2026-07-06T19:24:36.075+08:00
2026-07-07 13:57:25,2026-07-06T19:26:00+08:00,2026-07-06T19:28:03+08:00,1.4255,103.6852,C,Cloud to Cloud,2026-07-06T19:24:36.075+08:00
2026-07-07 13:57:25,2026-07-06T19:26:00+08:00,2026-07-06T19:28:03+08:00,1.4244,103.6835,C,Cloud to Cloud,2026-07-06T19:24:36.075+08:00
2026-07-07 13:57:25,2026-07-06T19:26:00+08:00,2026-07-06T19:28:03+08:00,1.3664,103.6498,C,Cloud to Cloud,2026-07-06T19:24:36.079+08:00
2026-07-07 13:57:25,2026-07-06T19:26:00+08:00,2026-07-06T19:28:03+08:00,1.3764,103.6473,C,Cloud to Cloud,2026-07-06T19:24:36.079+08:00
2026-07-07 13:57:25,2026-07-06T19:26:00+08:00,2026-07-06T19:28:03+08:00,1.4295,103.6843,C,Cloud to Cloud,2026-07-06T19:24:36.08+08:00
2026-07-07 13:57:25,2026-07-06T19:26:00+08:00,2026-07-06T19:28:03+08:00,1.4204,103.6478,C,Cloud to Cloud,2026-07-06T19:24:36.08+08:00
2026-07-07 13:57:25,2026-07-06T19:26:00+08:00,2026-07-06T19:28:03+08:00,1.4208,103.6528,C,Cloud to Cloud,2026-07-06T19:24:36.08+08:00
2026-07-07 13:57:25,2026-07-06T19:26:00+08:00,2026-07-06T19:28:03+08:00,1.43,103.6859,C,Cloud to Cloud,2026-07-06T19:24:36.08+08:00
2026-07-07 13:57:25,2026-07-06T19:26:00+08:00,2026-07-06T19:28:03+08:00,1.4004,103.6542,C,Cloud to Cloud,2026-07-06T19:24:36.084+08:00
2026-07-07 13:57:25,2026-07-06T19:26:00+08:00,2026-07-06T19:28:03+08:00,1.4004,103.6542,C,Cloud to Cloud,2026-07-06T19:24:36.084+08:00
2026-07-07 13:57:25,2026-07-06T19:26:00+08:00,2026-07-06T19:28:03+08:00,1.384,103.6445,C,Cloud to Cloud,2026-07-06T19:24:36.109+08:00
2026-07-07 13:57:25,2026-07-06T19:26:00+08:00,2026-07-06T19:28:03+08:00,1.384,103.6445,C,Cloud to Cloud,2026-07-06T19:24:36.109+08:00
2026-07-07 13:57:25,2026-07-06T19:26:00+08:00,2026-07-06T19:28:03+08:00,1.378,103.7247,C,Cloud to Cloud,2026-07-06T19:24:36.148+08:00
2026-07-07 13:57:25,2026-07-06T19:26:00+08:00,2026-07-06T19:28:03+08:00,1.3515,103.596,C,Cloud to Cloud,2026-07-06T19:24:36.148+08:00
2026-07-07 13:57:25,2026-07-06T19:26:00+08:00,2026-07-06T19:28:03+08:00,1.3809,103.6494,C,Cloud to Cloud,2026-07-06T19:24:36.148+08:00
2026-07-07 13:57:25,2026-07-06T19:26:00+08:00,2026-07-06T19:28:03+08:00,1.3848,103.6635,C,Cloud to Cloud,2026-07-06T19:24:36.148+08:00
2026-07-07 13:57:25,2026-07-06T19:26:00+08:00,2026-07-06T19:28:03+08:00,1.3715,103.6491,C,Cloud to Cloud,2026-07-06T19:24:36.148+08:00
2026-07-07 13:57:25,2026-07-06T19:26:00+08:00,2026-07-06T19:28:03+08:00,1.3774,103.6697,C,Cloud to Cloud,2026-07-06T19:24:36.148+08:00
2026-07-07 13:57:25,2026-07-06T19:26:00+08:00,2026-07-06T19:28:03+08:00,1.4134,103.6618,C,Cloud to Cloud,2026-07-06T19:24:36.189+08:00
2026-07-07 13:57:25,2026-07-06T19:26:00+08:00,2026-07-06T19:28:03+08:00,1.4026,103.6578,C,Cloud to Cloud,2026-07-06T19:24:36.189+08:00
2026-07-07 13:57:25,2026-07-06T19:26:00+08:00,2026-07-06T19:28:03+08:00,1.4026,103.6578,C,Cloud to Cloud,2026-07-06T19:24:36.19+08:00
2026-07-07 13:57:25,2026-07-06T19:26:00+08:00,2026-07-06T19:28:03+08:00,1.3762,103.5772,C,Cloud to Cloud,2026-07-06T19:24:36.196+08:00
2026-07-07 13:57:25,2026-07-06T19:26:00+08:00,2026-07-06T19:28:03+08:00,1.3928,103.6343,C,Cloud to Cloud,2026-07-06T19:24:36.196+08:00
2026-07-07 13:57:25,2026-07-06T19:26:00+08:00,2026-07-06T19:28:03+08:00,1.3926,103.6342,C,Cloud to Cloud,2026-07-06T19:24:36.196+08:00
2026-07-07 13:57:25,2026-07-06T19:26:00+08:00,2026-07-06T19:28:03+08:00,1.3961,103.6492,C,Cloud to Cloud,2026-07-06T19:24:36.196+08:00
2026-07-07 13:57:25,2026-07-06T19:26:00+08:00,2026-07-06T19:28:03+08:00,1.3851,103.6618,C,Cloud to Cloud,2026-07-06T19:24:36.2+08:00
2026-07-07 13:57:25,2026-07-06T19:26:00+08:00,2026-07-06T19:28:03+08:00,1.404,103.6947,C,Cloud to Cloud,2026-07-06T19:24:36.2+08:00
2026-07-07 13:57:25,2026-07-06T19:26:00+08:00,2026-07-06T19:28:03+08:00,1.3912,103.6308,C,Cloud to Cloud,2026-07-06T19:24:36.22+08:00
2026-07-07 13:57:25,2026-07-06T19:26:00+08:00,2026-07-06T19:28:03+08:00,1.3839,103.6951,C,Cloud to Cloud,2026-07-06T19:25:30.585+08:00
2026-07-07 13:57:25,2026-07-06T19:26:00+08:00,2026-07-06T19:28:03+08:00,1.3839,103.6951,C,Cloud to Cloud,2026-07-06T19:25:30.585+08:00
2026-07-07 13:57:25,2026-07-06T19:26:00+08:00,2026-07-06T19:28:03+08:00,1.3831,103.6966,C,Cloud to Cloud,2026-07-06T19:25:30.585+08:00
2026-07-07 13:57:25,2026-07-06T19:26:00+08:00,2026-07-06T19:28:03+08:00,1.384,103.6983,C,Cloud to Cloud,2026-07-06T19:25:30.585+08:00
2026-07-07 13:57:25,2026-07-06T19:26:00+08:00,2026-07-06T19:28:03+08:00,1.384,103.6979,C,Cloud to Cloud,2026-07-06T19:25:30.586+08:00
2026-07-07 13:57:25,2026-07-06T19:26:00+08:00,2026-07-06T19:28:03+08:00,1.3831,103.6973,C,Cloud to Cloud,2026-07-06T19:25:30.586+08:00
2026-07-07 13:57:25,2026-07-06T19:26:00+08:00,2026-07-06T19:28:03+08:00,1.3831,103.6973,C,Cloud to Cloud,2026-07-06T19:25:30.586+08:00
2026-07-07 13:57:25,2026-07-06T19:26:00+08:00,2026-07-06T19:28:03+08:00,1.382,103.6998,C,Cloud to Cloud,2026-07-06T19:25:30.586+08:00
2026-07-07 13:57:25,2026-07-06T19:26:00+08:00,2026-07-06T19:28:03+08:00,1.3981,103.7188,C,Cloud to Cloud,2026-07-06T19:25:30.586+08:00
2026-07-07 13:57:25,2026-07-06T19:26:00+08:00,2026-07-06T19:28:03+08:00,1.3825,103.7012,C,Cloud to Cloud,2026-07-06T19:25:30.586+08:00
2026-07-07 13:57:25,2026-07-06T19:26:00+08:00,2026-07-06T19:28:03+08:00,1.3795,103.6998,C,Cloud to Cloud,2026-07-06T19:25:30.586+08:00
2026-07-07 13:57:25,2026-07-06T19:26:00+08:00,2026-07-06T19:28:03+08:00,1.3761,103.6512,C,Cloud to Cloud,2026-07-06T19:25:30.586+08:00
2026-07-07 13:57:25,2026-07-06T19:26:00+08:00,2026-07-06T19:28:03+08:00,1.3657,103.6278,G,Cloud to Ground,2026-07-06T19:25:30.586+08:00
2026-07-07 13:57:25,2026-07-06T19:26:00+08:00,2026-07-06T19:28:03+08:00,1.3795,103.6998,C,Cloud to Cloud,2026-07-06T19:25:30.587+08:00
2026-07-07 13:57:25,2026-07-06T19:26:00+08:00,2026-07-06T19:28:03+08:00,1.3788,103.6996,C,Cloud to Cloud,2026-07-06T19:25:30.587+08:00
2026-07-07 13:57:25,2026-07-06T19:26:00+08:00,2026-07-06T19:28:03+08:00,1.3784,103.7012,C,Cloud to Cloud,2026-07-06T19:25:30.587+08:00
2026-07-07 13:57:25,2026-07-06T19:26:00+08:00,2026-07-06T19:28:03+08:00,1.3784,103.7012,C,Cloud to Cloud,2026-07-06T19:25:30.587+08:00
2026-07-07 13:57:25,2026-07-06T19:26:00+08:00,2026-07-06T19:28:03+08:00,1.3769,103.7005,C,Cloud to Cloud,2026-07-06T19:25:30.587+08:00
2026-07-07 13:57:25,2026-07-06T19:26:00+08:00,2026-07-06T19:28:03+08:00,1.3768,103.701,C,Cloud to Cloud,2026-07-06T19:25:30.587+08:00
2026-07-07 13:57:25,2026-07-06T19:26:00+08:00,2026-07-06T19:28:03+08:00,1.3759,103.6985,C,Cloud to Cloud,2026-07-06T19:25:30.587+08:00
2026-07-07 13:57:25,2026-07-06T19:26:00+08:00,2026-07-06T19:28:03+08:00,1.3757,103.6999,C,Cloud to Cloud,2026-07-06T19:25:30.587+08:00
2026-07-07 13:57:25,2026-07-06T19:26:00+08:00,2026-07-06T19:28:03+08:00,1.3845,103.7092,C,Cloud to Cloud,2026-07-06T19:25:30.587+08:00
2026-07-07 13:57:25,2026-07-06T19:26:00+08:00,2026-07-06T19:28:03+08:00,1.3765,103.7002,C,Cloud to Cloud,2026-07-06T19:25:30.588+08:00
2026-07-07 13:57:25,2026-07-06T19:26:00+08:00,2026-07-06T19:28:03+08:00,1.3766,103.6997,C,Cloud to Cloud,2026-07-06T19:25:30.588+08:00
2026-07-07 13:57:25,2026-07-06T19:26:00+08:00,2026-07-06T19:28:03+08:00,1.3776,103.7013,C,Cloud to Cloud,2026-07-06T19:25:30.588+08:00
2026-07-07 13:57:25,2026-07-06T19:26:00+08:00,2026-07-06T19:28:03+08:00,1.3773,103.7002,C,Cloud to Cloud,2026-07-06T19:25:30.588+08:00
2026-07-07 13:57:25,2026-07-06T19:26:00+08:00,2026-07-06T19:28:03+08:00,1.3772,103.7007,C,Cloud to Cloud,2026-07-06T19:25:30.588+08:00
2026-07-07 13:57:25,2026-07-06T19:26:00+08:00,2026-07-06T19:28:03+08:00,1.376,103.6992,C,Cloud to Cloud,2026-07-06T19:25:30.588+08:00
2026-07-07 13:57:25,2026-07-06T19:26:00+08:00,2026-07-06T19:28:03+08:00,1.382,103.7055,C,Cloud to Cloud,2026-07-06T19:25:30.588+08:00
2026-07-07 13:57:25,2026-07-06T19:26:00+08:00,2026-07-06T19:28:03+08:00,1.3868,103.7107,C,Cloud to Cloud,2026-07-06T19:25:30.588+08:00
2026-07-07 13:57:25,2026-07-06T19:26:00+08:00,2026-07-06T19:28:03+08:00,1.3845,103.6597,C,Cloud to Cloud,2026-07-06T19:25:30.588+08:00
2026-07-07 13:57:25,2026-07-06T19:26:00+08:00,2026-07-06T19:28:03+08:00,1.376,103.6996,C,Cloud to Cloud,2026-07-06T19:25:30.588+08:00
2026-07-07 13:57:25,2026-07-06T19:26:00+08:00,2026-07-06T19:28:03+08:00,1.3802,103.7004,C,Cloud to Cloud,2026-07-06T19:25:30.589+08:00
2026-07-07 13:57:25,2026-07-06T19:26:00+08:00,2026-07-06T19:28:03+08:00,1.3802,103.7004,C,Cloud to Cloud,2026-07-06T19:25:30.589+08:00
2026-07-07 13:57:25,2026-07-06T19:26:00+08:00,2026-07-06T19:28:03+08:00,1.3743,103.6074,C,Cloud to Cloud,2026-07-06T19:25:30.589+08:00
2026-07-07 13:57:25,2026-07-06T19:26:00+08:00,2026-07-06T19:28:03+08:00,1.3797,103.7012,C,Cloud to Cloud,2026-07-06T19:25:30.589+08:00
2026-07-07 13:57:25,2026-07-06T19:26:00+08:00,2026-07-06T19:28:03+08:00,1.3769,103.6991,C,Cloud to Cloud,2026-07-06T19:25:30.589+08:00
2026-07-07 13:57:25,2026-07-06T19:26:00+08:00,2026-07-06T19:28:03+08:00,1.3779,103.7007,C,Cloud to Cloud,2026-07-06T19:25:30.589+08:00
2026-07-07 13:57:25,2026-07-06T19:26:00+08:00,2026-07-06T19:28:03+08:00,1.3777,103.701,C,Cloud to Cloud,2026-07-06T19:25:30.589+08:00
2026-07-07 13:57:25,2026-07-06T19:26:00+08:00,2026-07-06T19:28:03+08:00,1.3765,103.7002,C,Cloud to Cloud,2026-07-06T19:25:30.589+08:00
2026-07-07 13:57:25,2026-07-06T19:26:00+08:00,2026-07-06T19:28:03+08:00,1.3763,103.7002,C,Cloud to Cloud,2026-07-06T19:25:30.589+08:00
2026-07-07 13:57:25,2026-07-06T19:26:00+08:00,2026-07-06T19:28:03+08:00,1.367,103.689,C,Cloud to Cloud,2026-07-06T19:25:30.59+08:00
2026-07-07 13:57:25,2026-07-06T19:26:00+08:00,2026-07-06T19:28:03+08:00,1.376,103.6997,C,Cloud to Cloud,2026-07-06T19:25:30.59+08:00
2026-07-07 13:57:25,2026-07-06T19:26:00+08:00,2026-07-06T19:28:03+08:00,1.3615,103.6844,C,Cloud to Cloud,2026-07-06T19:25:30.59+08:00
2026-07-07 13:57:25,2026-07-06T19:26:00+08:00,2026-07-06T19:28:03+08:00,1.3769,103.7016,C,Cloud to Cloud,2026-07-06T19:25:30.59+08:00
2026-07-07 13:57:25,2026-07-06T19:26:00+08:00,2026-07-06T19:28:03+08:00,1.3775,103.7005,C,Cloud to Cloud,2026-07-06T19:25:30.59+08:00
2026-07-07 13:57:25,2026-07-06T19:26:00+08:00,2026-07-06T19:28:03+08:00,1.3693,103.6922,C,Cloud to Cloud,2026-07-06T19:25:30.59+08:00
2026-07-07 13:57:25,2026-07-06T19:26:00+08:00,2026-07-06T19:28:03+08:00,1.3775,103.703,C,Cloud to Cloud,2026-07-06T19:25:30.59+08:00
2026-07-07 13:57:25,2026-07-06T19:26:00+08:00,2026-07-06T19:28:03+08:00,1.3765,103.6994,C,Cloud to Cloud,2026-07-06T19:25:30.591+08:00
2026-07-07 13:57:25,2026-07-06T19:26:00+08:00,2026-07-06T19:28:03+08:00,1.3793,103.7023,C,Cloud to Cloud,2026-07-06T19:25:30.591+08:00
2026-07-07 13:57:25,2026-07-06T19:26:00+08:00,2026-07-06T19:28:03+08:00,1.3794,103.7031,C,Cloud to Cloud,2026-07-06T19:25:30.591+08:00
2026-07-07 13:57:25,2026-07-06T19:26:00+08:00,2026-07-06T19:28:03+08:00,1.3786,103.7013,C,Cloud to Cloud,2026-07-06T19:25:30.591+08:00
2026-07-07 13:57:25,2026-07-06T19:26:00+08:00,2026-07-06T19:28:03+08:00,1.3786,103.7013,C,Cloud to Cloud,2026-07-06T19:25:30.591+08:00
2026-07-07 13:57:25,2026-07-06T19:26:00+08:00,2026-07-06T19:28:03+08:00,1.3948,103.6858,C,Cloud to Cloud,2026-07-06T19:25:30.591+08:00
2026-07-07 13:57:25,2026-07-06T19:26:00+08:00,2026-07-06T19:28:03+08:00,1.3779,103.7022,C,Cloud to Cloud,2026-07-06T19:25:30.591+08:00
2026-07-07 13:57:25,2026-07-06T19:26:00+08:00,2026-07-06T19:28:03+08:00,1.3827,103.691,C,Cloud to Cloud,2026-07-06T19:25:30.593+08:00
2026-07-07 13:57:25,2026-07-06T19:26:00+08:00,2026-07-06T19:28:03+08:00,1.3691,103.7128,C,Cloud to Cloud,2026-07-06T19:25:30.593+08:00
2026-07-07 13:57:25,2026-07-06T19:26:00+08:00,2026-07-06T19:28:03+08:00,1.386,103.6963,C,Cloud to Cloud,2026-07-06T19:25:30.594+08:00
2026-07-07 13:57:25,2026-07-06T19:26:00+08:00,2026-07-06T19:28:03+08:00,1.386,103.6963,C,Cloud to Cloud,2026-07-06T19:25:30.595+08:00
2026-07-07 13:57:25,2026-07-06T19:26:00+08:00,2026-07-06T19:28:03+08:00,1.3835,103.6897,C,Cloud to Cloud,2026-07-06T19:25:30.596+08:00
2026-07-07 13:57:25,2026-07-06T19:26:00+08:00,2026-07-06T19:28:03+08:00,1.3836,103.6897,C,Cloud to Cloud,2026-07-06T19:25:30.596+08:00
2026-07-07 13:57:25,2026-07-06T19:26:00+08:00,2026-07-06T19:28:03+08:00,1.3838,103.6908,C,Cloud to Cloud,2026-07-06T19:25:30.596+08:00
2026-07-07 13:57:25,2026-07-06T19:26:00+08:00,2026-07-06T19:28:03+08:00,1.3842,103.691,C,Cloud to Cloud,2026-07-06T19:25:30.596+08:00
2026-07-07 13:57:25,2026-07-06T19:26:00+08:00,2026-07-06T19:28:03+08:00,1.3813,103.7018,C,Cloud to Cloud,2026-07-06T19:25:30.598+08:00
2026-07-07 13:57:25,2026-07-06T19:26:00+08:00,2026-07-06T19:28:03+08:00,1.3813,103.7018,C,Cloud to Cloud,2026-07-06T19:25:30.598+08:00
2026-07-07 13:57:25,2026-07-06T19:26:00+08:00,2026-07-06T19:28:03+08:00,1.3752,103.6791,C,Cloud to Cloud,2026-07-06T19:25:30.598+08:00
2026-07-07 13:57:25,2026-07-06T19:26:00+08:00,2026-07-06T19:28:03+08:00,1.3843,103.6909,C,Cloud to Cloud,2026-07-06T19:25:30.599+08:00
2026-07-07 13:57:25,2026-07-06T19:26:00+08:00,2026-07-06T19:28:03+08:00,1.3744,103.6723,C,Cloud to Cloud,2026-07-06T19:25:30.599+08:00
2026-07-07 13:57:25,2026-07-06T19:26:00+08:00,2026-07-06T19:28:03+08:00,1.3721,103.6977,C,Cloud to Cloud,2026-07-06T19:25:30.604+08:00
2026-07-07 13:57:25,2026-07-06T19:26:00+08:00,2026-07-06T19:28:03+08:00,1.3721,103.6977,C,Cloud to Cloud,2026-07-06T19:25:30.604+08:00
2026-07-07 13:57:25,2026-07-06T19:26:00+08:00,2026-07-06T19:28:03+08:00,1.3772,103.695,C,Cloud to Cloud,2026-07-06T19:25:30.605+08:00
2026-07-07 13:57:25,2026-07-06T19:26:00+08:00,2026-07-06T19:28:03+08:00,1.3772,103.695,C,Cloud to Cloud,2026-07-06T19:25:30.605+08:00
2026-07-07 13:57:25,2026-07-06T19:26:00+08:00,2026-07-06T19:28:03+08:00,1.3706,103.6951,C,Cloud to Cloud,2026-07-06T19:25:30.605+08:00
2026-07-07 13:57:25,2026-07-06T19:26:00+08:00,2026-07-06T19:28:03+08:00,1.3712,103.6952,C,Cloud to Cloud,2026-07-06T19:25:30.605+08:00
2026-07-07 13:57:25,2026-07-06T19:26:00+08:00,2026-07-06T19:28:03+08:00,1.3716,103.6891,C,Cloud to Cloud,2026-07-06T19:25:30.606+08:00
2026-07-07 13:57:25,2026-07-06T19:26:00+08:00,2026-07-06T19:28:03+08:00,1.3716,103.6891,C,Cloud to Cloud,2026-07-06T19:25:30.606+08:00
2026-07-07 13:57:25,2026-07-06T19:26:00+08:00,2026-07-06T19:28:03+08:00,1.3685,103.6871,C,Cloud to Cloud,2026-07-06T19:25:30.607+08:00
2026-07-07 13:57:25,2026-07-06T19:26:00+08:00,2026-07-06T19:28:03+08:00,1.3685,103.6871,C,Cloud to Cloud,2026-07-06T19:25:30.607+08:00
2026-07-07 13:57:25,2026-07-06T19:26:00+08:00,2026-07-06T19:28:03+08:00,1.3697,103.6885,C,Cloud to Cloud,2026-07-06T19:25:30.607+08:00
2026-07-07 13:57:25,2026-07-06T19:26:00+08:00,2026-07-06T19:28:03+08:00,1.3697,103.6885,C,Cloud to Cloud,2026-07-06T19:25:30.607+08:00
2026-07-07 13:57:25,2026-07-06T19:26:00+08:00,2026-07-06T19:28:03+08:00,1.3676,103.6826,C,Cloud to Cloud,2026-07-06T19:25:30.608+08:00
2026-07-07 13:57:25,2026-07-06T19:26:00+08:00,2026-07-06T19:28:03+08:00,1.3677,103.6836,C,Cloud to Cloud,2026-07-06T19:25:30.608+08:00
2026-07-07 13:57:25,2026-07-06T19:26:00+08:00,2026-07-06T19:28:03+08:00,1.3688,103.6897,C,Cloud to Cloud,2026-07-06T19:25:30.608+08:00
2026-07-07 13:57:25,2026-07-06T19:26:00+08:00,2026-07-06T19:28:03+08:00,1.3688,103.6897,C,Cloud to Cloud,2026-07-06T19:25:30.608+08:00
2026-07-07 13:57:25,2026-07-06T19:26:00+08:00,2026-07-06T19:28:03+08:00,1.3642,103.679,C,Cloud to Cloud,2026-07-06T19:25:30.609+08:00
2026-07-07 13:57:25,2026-07-06T19:26:00+08:00,2026-07-06T19:28:03+08:00,1.3665,103.6818,C,Cloud to Cloud,2026-07-06T19:25:30.609+08:00
2026-07-07 13:57:25,2026-07-06T19:26:00+08:00,2026-07-06T19:28:03+08:00,1.3655,103.6742,C,Cloud to Cloud,2026-07-06T19:25:30.611+08:00
2026-07-07 13:57:25,2026-07-06T19:26:00+08:00,2026-07-06T19:28:03+08:00,1.3655,103.6742,C,Cloud to Cloud,2026-07-06T19:25:30.611+08:00
2026-07-07 13:57:25,2026-07-06T19:26:00+08:00,2026-07-06T19:28:03+08:00,1.3646,103.6698,C,Cloud to Cloud,2026-07-06T19:25:30.612+08:00
2026-07-07 13:57:25,2026-07-06T19:26:00+08:00,2026-07-06T19:28:03+08:00,1.3646,103.6698,C,Cloud to Cloud,2026-07-06T19:25:30.612+08:00
2026-07-07 13:57:25,2026-07-06T19:26:00+08:00,2026-07-06T19:28:03+08:00,1.3625,103.6727,C,Cloud to Cloud,2026-07-06T19:25:30.612+08:00
2026-07-07 13:57:25,2026-07-06T19:26:00+08:00,2026-07-06T19:28:03+08:00,1.361,103.6763,C,Cloud to Cloud,2026-07-06T19:25:30.612+08:00
2026-07-07 13:57:25,2026-07-06T19:26:00+08:00,2026-07-06T19:28:03+08:00,1.361,103.6763,C,Cloud to Cloud,2026-07-06T19:25:30.612+08:00
2026-07-07 13:57:25,2026-07-06T19:26:00+08:00,2026-07-06T19:28:03+08:00,1.3615,103.6699,C,Cloud to Cloud,2026-07-06T19:25:30.612+08:00
2026-07-07 13:57:25,2026-07-06T19:26:00+08:00,2026-07-06T19:28:03+08:00,1.3661,103.676,C,Cloud to Cloud,2026-07-06T19:25:30.613+08:00
2026-07-07 13:57:25,2026-07-06T19:26:00+08:00,2026-07-06T19:28:03+08:00,1.3744,103.686,C,Cloud to Cloud,2026-07-06T19:25:30.613+08:00
2026-07-07 13:57:25,2026-07-06T19:26:00+08:00,2026-07-06T19:28:03+08:00,1.365,103.6717,C,Cloud to Cloud,2026-07-06T19:25:30.613+08:00
2026-07-07 13:57:25,2026-07-06T19:26:00+08:00,2026-07-06T19:28:03+08:00,1.3625,103.6711,C,Cloud to Cloud,2026-07-06T19:25:30.613+08:00
2026-07-07 13:57:25,2026-07-06T19:26:00+08:00,2026-07-06T19:28:03+08:00,1.364,103.6733,C,Cloud to Cloud,2026-07-06T19:25:30.613+08:00
2026-07-07 13:57:25,2026-07-06T19:26:00+08:00,2026-07-06T19:28:03+08:00,1.3664,103.6744,C,Cloud to Cloud,2026-07-06T19:25:30.613+08:00
2026-07-07 13:57:25,2026-07-06T19:26:00+08:00,2026-07-06T19:28:03+08:00,1.3598,103.669,C,Cloud to Cloud,2026-07-06T19:25:30.614+08:00
2026-07-07 13:57:25,2026-07-06T19:26:00+08:00,2026-07-06T19:28:03+08:00,1.3598,103.669,C,Cloud to Cloud,2026-07-06T19:25:30.614+08:00
2026-07-07 13:57:25,2026-07-06T19:26:00+08:00,2026-07-06T19:28:03+08:00,1.3596,103.6706,C,Cloud to Cloud,2026-07-06T19:25:30.614+08:00
2026-07-07 13:57:25,2026-07-06T19:26:00+08:00,2026-07-06T19:28:03+08:00,1.3624,103.6693,C,Cloud to Cloud,2026-07-06T19:25:30.614+08:00
2026-07-07 13:57:25,2026-07-06T19:26:00+08:00,2026-07-06T19:28:03+08:00,1.3646,103.6763,C,Cloud to Cloud,2026-07-06T19:25:30.615+08:00
2026-07-07 13:57:25,2026-07-06T19:26:00+08:00,2026-07-06T19:28:03+08:00,1.3597,103.6704,C,Cloud to Cloud,2026-07-06T19:25:30.615+08:00
2026-07-07 13:57:25,2026-07-06T19:26:00+08:00,2026-07-06T19:28:03+08:00,1.3527,103.6602,C,Cloud to Cloud,2026-07-06T19:25:30.616+08:00
2026-07-07 13:57:25,2026-07-06T19:26:00+08:00,2026-07-06T19:28:03+08:00,1.3631,103.6702,C,Cloud to Cloud,2026-07-06T19:25:30.617+08:00
2026-07-07 13:57:25,2026-07-06T19:26:00+08:00,2026-07-06T19:28:03+08:00,1.3631,103.6702,C,Cloud to Cloud,2026-07-06T19:25:30.617+08:00
2026-07-07 13:57:25,2026-07-06T19:26:00+08:00,2026-07-06T19:28:03+08:00,1.3627,103.6687,C,Cloud to Cloud,2026-07-06T19:25:30.619+08:00
2026-07-07 13:57:25,2026-07-06T19:26:00+08:00,2026-07-06T19:28:03+08:00,1.3627,103.6687,C,Cloud to Cloud,2026-07-06T19:25:30.619+08:00
2026-07-07 13:57:25,2026-07-06T19:26:00+08:00,2026-07-06T19:28:03+08:00,1.3081,103.6044,C,Cloud to Cloud,2026-07-06T19:25:30.62+08:00
2026-07-07 13:57:25,2026-07-06T19:26:00+08:00,2026-07-06T19:28:03+08:00,1.3758,103.6832,C,Cloud to Cloud,2026-07-06T19:25:30.635+08:00
2026-07-07 13:57:25,2026-07-06T19:26:00+08:00,2026-07-06T19:28:03+08:00,1.3758,103.6832,C,Cloud to Cloud,2026-07-06T19:25:30.635+08:00
2026-07-07 13:57:25,2026-07-06T19:26:00+08:00,2026-07-06T19:28:03+08:00,1.3776,103.7004,C,Cloud to Cloud,2026-07-06T19:25:30.636+08:00
2026-07-07 13:57:25,2026-07-06T19:26:00+08:00,2026-07-06T19:28:03+08:00,1.3776,103.7004,C,Cloud to Cloud,2026-07-06T19:25:30.636+08:00
2026-07-07 13:57:25,2026-07-06T19:26:00+08:00,2026-07-06T19:28:03+08:00,1.379,103.7007,C,Cloud to Cloud,2026-07-06T19:25:30.665+08:00
2026-07-07 13:57:25,2026-07-06T19:26:00+08:00,2026-07-06T19:28:03+08:00,1.379,103.7007,C,Cloud to Cloud,2026-07-06T19:25:30.665+08:00
2026-07-07 13:57:25,2026-07-06T19:26:00+08:00,2026-07-06T19:28:03+08:00,1.3937,103.7211,C,Cloud to Cloud,2026-07-06T19:25:30.675+08:00
2026-07-07 13:57:25,2026-07-06T19:26:00+08:00,2026-07-06T19:28:03+08:00,1.3937,103.7211,C,Cloud to Cloud,2026-07-06T19:25:30.675+08:00
2026-07-07 13:57:25,2026-07-06T19:26:00+08:00,2026-07-06T19:28:03+08:00,1.3896,103.7258,C,Cloud to Cloud,2026-07-06T19:25:30.699+08:00
2026-07-07 13:57:25,2026-07-06T19:26:00+08:00,2026-07-06T19:28:03+08:00,1.4061,103.695,C,Cloud to Cloud,2026-07-06T19:25:30.708+08:00
2026-07-07 13:57:25,2026-07-06T19:26:00+08:00,2026-07-06T19:28:03+08:00,1.3888,103.722,C,Cloud to Cloud,2026-07-06T19:25:30.708+08:00
2026-07-07 13:57:25,2026-07-06T19:26:00+08:00,2026-07-06T19:28:03+08:00,1.413,103.7459,C,Cloud to Cloud,2026-07-06T19:25:30.709+08:00
2026-07-07 13:57:25,2026-07-06T19:26:00+08:00,2026-07-06T19:28:03+08:00,1.4145,103.7458,C,Cloud to Cloud,2026-07-06T19:25:30.709+08:00
2026-07-07 13:57:25,2026-07-06T19:26:00+08:00,2026-07-06T19:28:03+08:00,1.416,103.7459,C,Cloud to Cloud,2026-07-06T19:25:30.709+08:00
2026-07-07 13:57:25,2026-07-06T19:26:00+08:00,2026-07-06T19:28:03+08:00,1.4153,103.7443,C,Cloud to Cloud,2026-07-06T19:25:30.709+08:00
2026-07-07 13:57:25,2026-07-06T19:26:00+08:00,2026-07-06T19:28:03+08:00,1.4144,103.7471,C,Cloud to Cloud,2026-07-06T19:25:30.709+08:00
2026-07-07 13:57:25,2026-07-06T19:26:00+08:00,2026-07-06T19:28:03+08:00,1.414,103.7456,C,Cloud to Cloud,2026-07-06T19:25:30.71+08:00
2026-07-07 13:57:25,2026-07-06T19:26:00+08:00,2026-07-06T19:28:03+08:00,1.414,103.746,C,Cloud to Cloud,2026-07-06T19:25:30.71+08:00
2026-07-07 13:57:25,2026-07-06T19:26:00+08:00,2026-07-06T19:28:03+08:00,1.4147,103.7445,C,Cloud to Cloud,2026-07-06T19:25:30.71+08:00
2026-07-07 13:57:25,2026-07-06T19:26:00+08:00,2026-07-06T19:28:03+08:00,1.3935,103.7284,C,Cloud to Cloud,2026-07-06T19:25:30.71+08:00
2026-07-07 13:57:25,2026-07-06T19:26:00+08:00,2026-07-06T19:28:03+08:00,1.4174,103.7473,C,Cloud to Cloud,2026-07-06T19:25:30.71+08:00
2026-07-07 13:57:25,2026-07-06T19:26:00+08:00,2026-07-06T19:28:03+08:00,1.4158,103.7478,C,Cloud to Cloud,2026-07-06T19:25:30.71+08:00
2026-07-07 13:57:25,2026-07-06T19:26:00+08:00,2026-07-06T19:28:03+08:00,1.4159,103.7472,C,Cloud to Cloud,2026-07-06T19:25:30.71+08:00
2026-07-07 13:57:25,2026-07-06T19:26:00+08:00,2026-07-06T19:28:03+08:00,1.4181,103.7472,C,Cloud to Cloud,2026-07-06T19:25:30.71+08:00
2026-07-07 13:57:25,2026-07-06T19:26:00+08:00,2026-07-06T19:28:03+08:00,1.4152,103.7447,C,Cloud to Cloud,2026-07-06T19:25:30.71+08:00
2026-07-07 13:57:25,2026-07-06T19:26:00+08:00,2026-07-06T19:28:03+08:00,1.4151,103.7471,C,Cloud to Cloud,2026-07-06T19:25:30.71+08:00
2026-07-07 13:57:25,2026-07-06T19:26:00+08:00,2026-07-06T19:28:03+08:00,1.4136,103.745,C,Cloud to Cloud,2026-07-06T19:25:30.711+08:00
2026-07-07 13:57:25,2026-07-06T19:26:00+08:00,2026-07-06T19:28:03+08:00,1.4182,103.7487,C,Cloud to Cloud,2026-07-06T19:25:30.711+08:00
2026-07-07 13:57:25,2026-07-06T19:26:00+08:00,2026-07-06T19:28:03+08:00,1.4161,103.7469,C,Cloud to Cloud,2026-07-06T19:25:30.711+08:00
2026-07-07 13:57:25,2026-07-06T19:26:00+08:00,2026-07-06T19:28:03+08:00,1.4073,103.7392,C,Cloud to Cloud,2026-07-06T19:25:30.711+08:00
2026-07-07 13:57:25,2026-07-06T19:26:00+08:00,2026-07-06T19:28:03+08:00,1.415,103.7477,C,Cloud to Cloud,2026-07-06T19:25:30.711+08:00
2026-07-07 13:57:25,2026-07-06T19:26:00+08:00,2026-07-06T19:28:03+08:00,1.4155,103.7458,C,Cloud to Cloud,2026-07-06T19:25:30.711+08:00
2026-07-07 13:57:25,2026-07-06T19:26:00+08:00,2026-07-06T19:28:03+08:00,1.4158,103.7451,C,Cloud to Cloud,2026-07-06T19:25:30.711+08:00
2026-07-07 13:57:25,2026-07-06T19:26:00+08:00,2026-07-06T19:28:03+08:00,1.4116,103.7432,C,Cloud to Cloud,2026-07-06T19:25:30.711+08:00
2026-07-07 13:57:25,2026-07-06T19:26:00+08:00,2026-07-06T19:28:03+08:00,1.4163,103.7461,C,Cloud to Cloud,2026-07-06T19:25:30.711+08:00
2026-07-07 13:57:25,2026-07-06T19:26:00+08:00,2026-07-06T19:28:03+08:00,1.415,103.7452,C,Cloud to Cloud,2026-07-06T19:25:30.711+08:00
2026-07-07 13:57:25,2026-07-06T19:26:00+08:00,2026-07-06T19:28:03+08:00,1.3984,103.73,C,Cloud to Cloud,2026-07-06T19:25:30.712+08:00
2026-07-07 13:57:25,2026-07-06T19:26:00+08:00,2026-07-06T19:28:03+08:00,1.4164,103.7469,C,Cloud to Cloud,2026-07-06T19:25:30.712+08:00
2026-07-07 13:57:25,2026-07-06T19:26:00+08:00,2026-07-06T19:28:03+08:00,1.4181,103.747,C,Cloud to Cloud,2026-07-06T19:25:30.712+08:00
2026-07-07 13:57:25,2026-07-06T19:26:00+08:00,2026-07-06T19:28:03+08:00,1.4166,103.7464,C,Cloud to Cloud,2026-07-06T19:25:30.712+08:00
2026-07-07 13:57:25,2026-07-06T19:26:00+08:00,2026-07-06T19:28:03+08:00,1.4106,103.7427,C,Cloud to Cloud,2026-07-06T19:25:30.712+08:00
2026-07-07 13:57:25,2026-07-06T19:26:00+08:00,2026-07-06T19:28:03+08:00,1.4163,103.7455,C,Cloud to Cloud,2026-07-06T19:25:30.712+08:00
2026-07-07 13:57:25,2026-07-06T19:26:00+08:00,2026-07-06T19:28:03+08:00,1.4154,103.7471,C,Cloud to Cloud,2026-07-06T19:25:30.712+08:00
2026-07-07 13:57:25,2026-07-06T19:26:00+08:00,2026-07-06T19:28:03+08:00,1.3994,103.7316,C,Cloud to Cloud,2026-07-06T19:25:30.712+08:00
2026-07-07 13:57:25,2026-07-06T19:26:00+08:00,2026-07-06T19:28:03+08:00,1.4092,103.7382,C,Cloud to Cloud,2026-07-06T19:25:30.712+08:00
2026-07-07 13:57:25,2026-07-06T19:26:00+08:00,2026-07-06T19:28:03+08:00,1.4079,103.7384,C,Cloud to Cloud,2026-07-06T19:25:30.712+08:00
2026-07-07 13:57:25,2026-07-06T19:26:00+08:00,2026-07-06T19:28:03+08:00,1.4142,103.7435,C,Cloud to Cloud,2026-07-06T19:25:30.713+08:00
2026-07-07 13:57:25,2026-07-06T19:26:00+08:00,2026-07-06T19:28:03+08:00,1.414,103.7459,C,Cloud to Cloud,2026-07-06T19:25:30.713+08:00
2026-07-07 13:57:25,2026-07-06T19:26:00+08:00,2026-07-06T19:28:03+08:00,1.419,103.7484,C,Cloud to Cloud,2026-07-06T19:25:30.713+08:00
2026-07-07 13:57:25,2026-07-06T19:26:00+08:00,2026-07-06T19:28:03+08:00,1.4157,103.7462,C,Cloud to Cloud,2026-07-06T19:25:30.713+08:00
2026-07-07 13:57:25,2026-07-06T19:26:00+08:00,2026-07-06T19:28:03+08:00,1.4182,103.7469,C,Cloud to Cloud,2026-07-06T19:25:30.713+08:00
2026-07-07 13:57:25,2026-07-06T19:26:00+08:00,2026-07-06T19:28:03+08:00,1.4148,103.7461,C,Cloud to Cloud,2026-07-06T19:25:30.713+08:00
2026-07-07 13:57:25,2026-07-06T19:26:00+08:00,2026-07-06T19:28:03+08:00,1.4146,103.744,C,Cloud to Cloud,2026-07-06T19:25:30.713+08:00
2026-07-07 13:57:25,2026-07-06T19:26:00+08:00,2026-07-06T19:28:03+08:00,1.4161,103.7458,C,Cloud to Cloud,2026-07-06T19:25:30.713+08:00
2026-07-07 13:57:25,2026-07-06T19:26:00+08:00,2026-07-06T19:28:03+08:00,1.416,103.7472,C,Cloud to Cloud,2026-07-06T19:25:30.713+08:00
2026-07-07 13:57:25,2026-07-06T19:26:00+08:00,2026-07-06T19:28:03+08:00,1.4184,103.748,C,Cloud to Cloud,2026-07-06T19:25:30.713+08:00
2026-07-07 13:57:25,2026-07-06T19:26:00+08:00,2026-07-06T19:28:03+08:00,1.4186,103.7489,C,Cloud to Cloud,2026-07-06T19:25:30.714+08:00
2026-07-07 13:57:25,2026-07-06T19:26:00+08:00,2026-07-06T19:28:03+08:00,1.4177,103.7481,C,Cloud to Cloud,2026-07-06T19:25:30.714+08:00
2026-07-07 13:57:25,2026-07-06T19:26:00+08:00,2026-07-06T19:28:03+08:00,1.4162,103.7462,C,Cloud to Cloud,2026-07-06T19:25:30.714+08:00
2026-07-07 13:57:25,2026-07-06T19:26:00+08:00,2026-07-06T19:28:03+08:00,1.4177,103.747,C,Cloud to Cloud,2026-07-06T19:25:30.714+08:00
2026-07-07 13:57:25,2026-07-06T19:26:00+08:00,2026-07-06T19:28:03+08:00,1.4175,103.7471,C,Cloud to Cloud,2026-07-06T19:25:30.714+08:00
2026-07-07 13:57:25,2026-07-06T19:26:00+08:00,2026-07-06T19:28:03+08:00,1.4145,103.7455,C,Cloud to Cloud,2026-07-06T19:25:30.714+08:00
2026-07-07 13:57:25,2026-07-06T19:26:00+08:00,2026-07-06T19:28:03+08:00,1.4149,103.7481,C,Cloud to Cloud,2026-07-06T19:25:30.714+08:00
2026-07-07 13:57:25,2026-07-06T19:26:00+08:00,2026-07-06T19:28:03+08:00,1.4162,103.7472,C,Cloud to Cloud,2026-07-06T19:25:30.714+08:00
2026-07-07 13:57:25,2026-07-06T19:26:00+08:00,2026-07-06T19:28:03+08:00,1.4153,103.7449,C,Cloud to Cloud,2026-07-06T19:25:30.714+08:00
2026-07-07 13:57:25,2026-07-06T19:26:00+08:00,2026-07-06T19:28:03+08:00,1.389,103.7179,C,Cloud to Cloud,2026-07-06T19:25:30.715+08:00
2026-07-07 13:57:25,2026-07-06T19:26:00+08:00,2026-07-06T19:28:03+08:00,1.4166,103.7443,C,Cloud to Cloud,2026-07-06T19:25:30.717+08:00
2026-07-07 13:57:25,2026-07-06T19:26:00+08:00,2026-07-06T19:28:03+08:00,1.4137,103.7416,C,Cloud to Cloud,2026-07-06T19:25:30.717+08:00
2026-07-07 13:57:25,2026-07-06T19:26:00+08:00,2026-07-06T19:28:03+08:00,1.4149,103.742,C,Cloud to Cloud,2026-07-06T19:25:30.717+08:00
2026-07-07 13:57:25,2026-07-06T19:26:00+08:00,2026-07-06T19:28:03+08:00,1.421,103.749,C,Cloud to Cloud,2026-07-06T19:25:30.717+08:00
2026-07-07 13:57:25,2026-07-06T19:26:00+08:00,2026-07-06T19:28:03+08:00,1.4189,103.7475,C,Cloud to Cloud,2026-07-06T19:25:30.717+08:00
2026-07-07 13:57:25,2026-07-06T19:26:00+08:00,2026-07-06T19:28:03+08:00,1.4181,103.7462,C,Cloud to Cloud,2026-07-06T19:25:30.718+08:00
2026-07-07 13:57:25,2026-07-06T19:26:00+08:00,2026-07-06T19:28:03+08:00,1.4187,103.7471,C,Cloud to Cloud,2026-07-06T19:25:30.718+08:00
2026-07-07 13:57:25,2026-07-06T19:26:00+08:00,2026-07-06T19:28:03+08:00,1.4216,103.7504,C,Cloud to Cloud,2026-07-06T19:25:30.718+08:00
2026-07-07 13:57:25,2026-07-06T19:26:00+08:00,2026-07-06T19:28:03+08:00,1.4182,103.7489,C,Cloud to Cloud,2026-07-06T19:25:30.718+08:00
2026-07-07 13:57:25,2026-07-06T19:26:00+08:00,2026-07-06T19:28:03+08:00,1.4155,103.7432,C,Cloud to Cloud,2026-07-06T19:25:30.718+08:00
2026-07-07 13:57:25,2026-07-06T19:26:00+08:00,2026-07-06T19:28:03+08:00,1.4135,103.741,C,Cloud to Cloud,2026-07-06T19:25:30.718+08:00
2026-07-07 13:57:25,2026-07-06T19:26:00+08:00,2026-07-06T19:28:03+08:00,1.4378,103.7661,C,Cloud to Cloud,2026-07-06T19:25:30.725+08:00
2026-07-07 13:57:25,2026-07-06T19:26:00+08:00,2026-07-06T19:28:03+08:00,1.4154,103.7485,G,Cloud to Ground,2026-07-06T19:25:30.725+08:00
2026-07-07 13:57:25,2026-07-06T19:26:00+08:00,2026-07-06T19:28:03+08:00,1.4382,103.7644,C,Cloud to Cloud,2026-07-06T19:25:30.725+08:00
2026-07-07 13:57:25,2026-07-06T19:26:00+08:00,2026-07-06T19:28:03+08:00,1.4877,103.7441,C,Cloud to Cloud,2026-07-06T19:25:30.725+08:00
2026-07-07 13:57:25,2026-07-06T19:26:00+08:00,2026-07-06T19:28:03+08:00,1.4294,103.7597,C,Cloud to Cloud,2026-07-06T19:25:30.725+08:00
2026-07-07 13:57:25,2026-07-06T19:26:00+08:00,2026-07-06T19:28:03+08:00,1.3843,103.7274,C,Cloud to Cloud,2026-07-06T19:25:30.725+08:00
2026-07-07 13:57:25,2026-07-06T19:26:00+08:00,2026-07-06T19:28:03+08:00,1.394,103.7381,C,Cloud to Cloud,2026-07-06T19:25:30.725+08:00
2026-07-07 13:57:25,2026-07-06T19:26:00+08:00,2026-07-06T19:28:03+08:00,1.3913,103.7387,C,Cloud to Cloud,2026-07-06T19:25:30.725+08:00
2026-07-07 13:57:25,2026-07-06T19:26:00+08:00,2026-07-06T19:28:03+08:00,1.384,103.7398,C,Cloud to Cloud,2026-07-06T19:25:30.725+08:00
2026-07-07 13:57:25,2026-07-06T19:26:00+08:00,2026-07-06T19:28:03+08:00,1.3719,103.6979,C,Cloud to Cloud,2026-07-06T19:25:30.726+08:00
2026-07-07 13:57:25,2026-07-06T19:26:00+08:00,2026-07-06T19:28:03+08:00,1.3523,103.6521,C,Cloud to Cloud,2026-07-06T19:25:30.763+08:00
2026-07-07 13:57:25,2026-07-06T19:26:00+08:00,2026-07-06T19:28:03+08:00,1.3611,103.6688,C,Cloud to Cloud,2026-07-06T19:25:30.823+08:00
2026-07-07 13:57:25,2026-07-06T19:26:00+08:00,2026-07-06T19:28:03+08:00,1.3631,103.6601,C,Cloud to Cloud,2026-07-06T19:25:30.823+08:00
2026-07-07 13:57:25,2026-07-06T19:26:00+08:00,2026-07-06T19:28:03+08:00,1.3696,103.6377,C,Cloud to Cloud,2026-07-06T19:25:30.823+08:00
2026-07-07 13:57:25,2026-07-06T19:26:00+08:00,2026-07-06T19:28:03+08:00,1.3639,103.6279,C,Cloud to Cloud,2026-07-06T19:25:30.824+08:00
2026-07-07 13:57:25,2026-07-06T19:26:00+08:00,2026-07-06T19:28:03+08:00,1.3829,103.6593,C,Cloud to Cloud,2026-07-06T19:25:30.85+08:00
2026-07-07 13:57:25,2026-07-06T19:26:00+08:00,2026-07-06T19:28:03+08:00,1.3819,103.6576,C,Cloud to Cloud,2026-07-06T19:25:30.85+08:00
2026-07-07 13:57:25,2026-07-06T19:26:00+08:00,2026-07-06T19:28:03+08:00,1.3867,103.7117,C,Cloud to Cloud,2026-07-06T19:25:30.856+08:00
2026-07-07 13:57:25,2026-07-06T19:26:00+08:00,2026-07-06T19:28:03+08:00,1.3917,103.7183,C,Cloud to Cloud,2026-07-06T19:25:30.856+08:00
2026-07-07 13:57:25,2026-07-06T19:26:00+08:00,2026-07-06T19:28:03+08:00,1.3947,103.7226,C,Cloud to Cloud,2026-07-06T19:25:30.856+08:00
2026-07-07 13:57:25,2026-07-06T19:26:00+08:00,2026-07-06T19:28:03+08:00,1.4051,103.7333,C,Cloud to Cloud,2026-07-06T19:25:30.857+08:00
2026-07-07 13:57:25,2026-07-06T19:26:00+08:00,2026-07-06T19:28:03+08:00,1.4041,103.7346,C,Cloud to Cloud,2026-07-06T19:25:30.857+08:00
2026-07-07 13:57:25,2026-07-06T19:26:00+08:00,2026-07-06T19:28:03+08:00,1.4005,103.729,C,Cloud to Cloud,2026-07-06T19:25:30.857+08:00
2026-07-07 13:57:25,2026-07-06T19:26:00+08:00,2026-07-06T19:28:03+08:00,1.3984,103.7257,C,Cloud to Cloud,2026-07-06T19:25:30.857+08:00
2026-07-07 13:57:25,2026-07-06T19:26:00+08:00,2026-07-06T19:28:03+08:00,1.4064,103.7342,C,Cloud to Cloud,2026-07-06T19:25:30.857+08:00
2026-07-07 13:57:25,2026-07-06T19:26:00+08:00,2026-07-06T19:28:03+08:00,1.4093,103.7384,C,Cloud to Cloud,2026-07-06T19:25:30.857+08:00
2026-07-07 13:57:25,2026-07-06T19:26:00+08:00,2026-07-06T19:28:03+08:00,1.3947,103.777,C,Cloud to Cloud,2026-07-06T19:25:30.857+08:00
2026-07-07 13:57:25,2026-07-06T19:26:00+08:00,2026-07-06T19:28:03+08:00,1.3926,103.7719,C,Cloud to Cloud,2026-07-06T19:25:30.857+08:00
2026-07-07 13:57:25,2026-07-06T19:26:00+08:00,2026-07-06T19:28:03+08:00,1.4167,103.7491,G,Cloud to Ground,2026-07-06T19:25:30.858+08:00
2026-07-07 13:57:25,2026-07-06T19:26:00+08:00,2026-07-06T19:28:03+08:00,1.3742,103.7081,C,Cloud to Cloud,2026-07-06T19:25:30.859+08:00
2026-07-07 13:57:25,2026-07-06T19:26:00+08:00,2026-07-06T19:28:03+08:00,1.39,103.6616,C,Cloud to Cloud,2026-07-06T19:25:30.9+08:00
2026-07-07 13:57:25,2026-07-06T19:26:00+08:00,2026-07-06T19:28:03+08:00,1.3801,103.7274,C,Cloud to Cloud,2026-07-06T19:25:30.902+08:00
2026-07-07 13:57:25,2026-07-06T19:26:00+08:00,2026-07-06T19:28:03+08:00,1.3914,103.7205,C,Cloud to Cloud,2026-07-06T19:25:30.954+08:00
2026-07-07 13:57:25,2026-07-06T19:26:00+08:00,2026-07-06T19:28:03+08:00,1.4004,103.7266,C,Cloud to Cloud,2026-07-06T19:25:30.954+08:00
2026-07-07 13:57:25,2026-07-06T19:26:00+08:00,2026-07-06T19:28:03+08:00,1.4043,103.7305,C,Cloud to Cloud,2026-07-06T19:25:30.954+08:00
2026-07-07 13:57:25,2026-07-06T19:26:00+08:00,2026-07-06T19:28:03+08:00,1.409,103.7396,C,Cloud to Cloud,2026-07-06T19:25:30.954+08:00
2026-07-07 13:57:25,2026-07-06T19:26:00+08:00,2026-07-06T19:28:03+08:00,1.3959,103.7242,C,Cloud to Cloud,2026-07-06T19:25:30.954+08:00
2026-07-07 13:57:25,2026-07-06T19:26:00+08:00,2026-07-06T19:28:03+08:00,1.4288,103.7571,C,Cloud to Cloud,2026-07-06T19:25:30.954+08:00
2026-07-07 13:57:25,2026-07-06T19:26:00+08:00,2026-07-06T19:28:03+08:00,1.4156,103.7487,G,Cloud to Ground,2026-07-06T19:25:30.955+08:00
2026-07-07 13:57:25,2026-07-06T19:26:00+08:00,2026-07-06T19:28:03+08:00,1.4749,103.6534,C,Cloud to Cloud,2026-07-06T19:25:30.96+08:00
2026-07-07 13:57:25,2026-07-06T19:26:00+08:00,2026-07-06T19:28:03+08:00,1.3919,103.6442,C,Cloud to Cloud,2026-07-06T19:25:30.969+08:00
2026-07-07 13:57:25,2026-07-06T19:26:00+08:00,2026-07-06T19:28:03+08:00,1.4052,103.6409,C,Cloud to Cloud,2026-07-06T19:25:31.012+08:00
2026-07-07 13:57:25,2026-07-06T19:26:00+08:00,2026-07-06T19:28:03+08:00,1.4052,103.6409,C,Cloud to Cloud,2026-07-06T19:25:31.012+08:00
2026-07-07 13:57:25,2026-07-06T19:26:00+08:00,2026-07-06T19:28:03+08:00,1.4006,103.6587,C,Cloud to Cloud,2026-07-06T19:25:31.012+08:00
2026-07-07 13:57:25,2026-07-06T19:26:00+08:00,2026-07-06T19:28:03+08:00,1.4052,103.6686,C,Cloud to Cloud,2026-07-06T19:25:31.02+08:00
2026-07-07 13:57:25,2026-07-06T19:26:00+08:00,2026-07-06T19:28:03+08:00,1.4167,103.6693,C,Cloud to Cloud,2026-07-06T19:25:31.028+08:00
2026-07-07 13:57:25,2026-07-06T19:26:00+08:00,2026-07-06T19:28:03+08:00,1.4167,103.6693,C,Cloud to Cloud,2026-07-06T19:25:31.029+08:00
2026-07-07 13:57:25,2026-07-06T19:26:00+08:00,2026-07-06T19:28:03+08:00,1.4009,103.6273,C,Cloud to Cloud,2026-07-06T19:25:31.05+08:00
2026-07-07 13:57:25,2026-07-06T19:26:00+08:00,2026-07-06T19:28:03+08:00,1.4009,103.6273,C,Cloud to Cloud,2026-07-06T19:25:31.05+08:00
2026-07-07 13:57:25,2026-07-06T19:26:00+08:00,2026-07-06T19:28:03+08:00,1.4195,103.6482,C,Cloud to Cloud,2026-07-06T19:25:31.051+08:00
2026-07-07 13:57:25,2026-07-06T19:26:00+08:00,2026-07-06T19:28:03+08:00,1.4195,103.6482,C,Cloud to Cloud,2026-07-06T19:25:31.051+08:00
2026-07-07 13:57:25,2026-07-06T19:26:00+08:00,2026-07-06T19:28:03+08:00,1.3886,103.6917,C,Cloud to Cloud,2026-07-06T19:25:31.068+08:00
2026-07-07 13:57:25,2026-07-06T19:26:00+08:00,2026-07-06T19:28:03+08:00,1.3886,103.6917,C,Cloud to Cloud,2026-07-06T19:25:31.068+08:00
2026-07-07 13:57:25,2026-07-06T19:26:00+08:00,2026-07-06T19:28:03+08:00,1.3871,103.6966,C,Cloud to Cloud,2026-07-06T19:25:31.068+08:00
2026-07-07 13:57:25,2026-07-06T19:26:00+08:00,2026-07-06T19:28:03+08:00,1.3853,103.6946,C,Cloud to Cloud,2026-07-06T19:25:31.068+08:00
2026-07-07 13:57:25,2026-07-06T19:26:00+08:00,2026-07-06T19:28:03+08:00,1.3826,103.6948,C,Cloud to Cloud,2026-07-06T19:25:31.068+08:00
2026-07-07 13:57:25,2026-07-06T19:26:00+08:00,2026-07-06T19:28:03+08:00,1.3793,103.6947,C,Cloud to Cloud,2026-07-06T19:25:31.068+08:00
2026-07-07 13:57:25,2026-07-06T19:26:00+08:00,2026-07-06T19:28:03+08:00,1.3992,103.6198,C,Cloud to Cloud,2026-07-06T19:25:31.11+08:00
2026-07-07 13:57:25,2026-07-06T19:26:00+08:00,2026-07-06T19:28:03+08:00,1.3992,103.6198,C,Cloud to Cloud,2026-07-06T19:25:31.11+08:00
2026-07-07 13:57:25,2026-07-06T19:26:00+08:00,2026-07-06T19:28:03+08:00,1.4011,103.6237,C,Cloud to Cloud,2026-07-06T19:25:31.176+08:00
2026-07-07 13:57:25,2026-07-06T19:26:00+08:00,2026-07-06T19:28:03+08:00,1.4038,103.6492,C,Cloud to Cloud,2026-07-06T19:25:31.176+08:00
2026-07-07 13:57:25,2026-07-06T19:26:00+08:00,2026-07-06T19:28:03+08:00,1.4038,103.6492,C,Cloud to Cloud,2026-07-06T19:25:31.176+08:00
2026-07-07 13:57:25,2026-07-06T19:26:00+08:00,2026-07-06T19:28:03+08:00,1.4023,103.6557,C,Cloud to Cloud,2026-07-06T19:25:31.223+08:00
2026-07-07 13:57:25,2026-07-06T19:26:00+08:00,2026-07-06T19:28:03+08:00,1.4023,103.6557,C,Cloud to Cloud,2026-07-06T19:25:31.223+08:00
2026-07-07 13:57:25,2026-07-06T19:26:00+08:00,2026-07-06T19:28:03+08:00,1.3954,103.6679,C,Cloud to Cloud,2026-07-06T19:25:31.223+08:00
2026-07-07 13:57:25,2026-07-06T19:26:00+08:00,2026-07-06T19:28:03+08:00,1.3944,103.666,C,Cloud to Cloud,2026-07-06T19:25:31.223+08:00
2026-07-07 13:57:25,2026-07-06T19:26:00+08:00,2026-07-06T19:28:03+08:00,1.3918,103.6696,C,Cloud to Cloud,2026-07-06T19:25:31.223+08:00
2026-07-07 13:57:25,2026-07-06T19:26:00+08:00,2026-07-06T19:28:03+08:00,1.3878,103.6739,C,Cloud to Cloud,2026-07-06T19:25:31.224+08:00
2026-07-07 13:57:25,2026-07-06T19:26:00+08:00,2026-07-06T19:28:03+08:00,1.3884,103.6751,C,Cloud to Cloud,2026-07-06T19:25:31.224+08:00
2026-07-07 13:57:25,2026-07-06T19:26:00+08:00,2026-07-06T19:28:03+08:00,1.3893,103.6745,C,Cloud to Cloud,2026-07-06T19:25:31.239+08:00
2026-07-07 13:57:25,2026-07-06T19:26:00+08:00,2026-07-06T19:28:03+08:00,1.3905,103.6764,C,Cloud to Cloud,2026-07-06T19:25:31.239+08:00
2026-07-07 13:57:25,2026-07-06T19:26:00+08:00,2026-07-06T19:28:03+08:00,1.3896,103.6823,C,Cloud to Cloud,2026-07-06T19:25:31.24+08:00
2026-07-07 13:57:25,2026-07-06T19:26:00+08:00,2026-07-06T19:28:03+08:00,1.3824,103.6768,C,Cloud to Cloud,2026-07-06T19:25:31.24+08:00
2026-07-07 13:57:25,2026-07-06T19:26:00+08:00,2026-07-06T19:28:03+08:00,1.3901,103.6877,C,Cloud to Cloud,2026-07-06T19:25:31.24+08:00
2026-07-07 13:57:25,2026-07-06T19:26:00+08:00,2026-07-06T19:28:03+08:00,1.3802,103.7032,C,Cloud to Cloud,2026-07-06T19:25:31.241+08:00
2026-07-07 13:57:25,2026-07-06T19:26:00+08:00,2026-07-06T19:28:03+08:00,1.3802,103.7032,C,Cloud to Cloud,2026-07-06T19:25:31.241+08:00
2026-07-07 13:57:25,2026-07-06T19:26:00+08:00,2026-07-06T19:28:03+08:00,1.4153,103.7276,C,Cloud to Cloud,2026-07-06T19:25:31.246+08:00
2026-07-07 13:57:25,2026-07-06T19:26:00+08:00,2026-07-06T19:28:03+08:00,1.4077,103.7289,C,Cloud to Cloud,2026-07-06T19:25:31.247+08:00
2026-07-07 13:57:25,2026-07-06T19:26:00+08:00,2026-07-06T19:28:03+08:00,1.4051,103.7276,C,Cloud to Cloud,2026-07-06T19:25:31.247+08:00
2026-07-07 13:57:25,2026-07-06T19:26:00+08:00,2026-07-06T19:28:03+08:00,1.4024,103.7293,C,Cloud to Cloud,2026-07-06T19:25:31.247+08:00
2026-07-07 13:57:25,2026-07-06T19:26:00+08:00,2026-07-06T19:28:03+08:00,1.4032,103.7322,C,Cloud to Cloud,2026-07-06T19:25:31.247+08:00
2026-07-07 13:57:25,2026-07-06T19:26:00+08:00,2026-07-06T19:28:03+08:00,1.4067,103.7369,C,Cloud to Cloud,2026-07-06T19:25:31.247+08:00
2026-07-07 13:57:25,2026-07-06T19:26:00+08:00,2026-07-06T19:28:03+08:00,1.3929,103.6738,C,Cloud to Cloud,2026-07-06T19:25:31.249+08:00
2026-07-07 13:57:25,2026-07-06T19:26:00+08:00,2026-07-06T19:28:03+08:00,1.3968,103.6747,C,Cloud to Cloud,2026-07-06T19:25:31.251+08:00
2026-07-07 13:57:25,2026-07-06T19:26:00+08:00,2026-07-06T19:28:03+08:00,1.3782,103.6396,C,Cloud to Cloud,2026-07-06T19:25:31.251+08:00
2026-07-07 13:57:25,2026-07-06T19:26:00+08:00,2026-07-06T19:28:03+08:00,1.4167,103.7487,G,Cloud to Ground,2026-07-06T19:25:31.255+08:00
2026-07-07 13:57:25,2026-07-06T19:26:00+08:00,2026-07-06T19:28:03+08:00,1.4007,103.6383,C,Cloud to Cloud,2026-07-06T19:25:31.259+08:00
2026-07-07 13:57:25,2026-07-06T19:26:00+08:00,2026-07-06T19:28:03+08:00,1.4007,103.6383,C,Cloud to Cloud,2026-07-06T19:25:31.259+08:00
2026-07-07 13:57:25,2026-07-06T19:26:00+08:00,2026-07-06T19:28:03+08:00,1.4153,103.7484,G,Cloud to Ground,2026-07-06T19:25:31.262+08:00
2026-07-07 13:57:25,2026-07-06T19:26:00+08:00,2026-07-06T19:28:03+08:00,1.3742,103.6534,C,Cloud to Cloud,2026-07-06T19:25:31.271+08:00
2026-07-07 13:57:25,2026-07-06T19:26:00+08:00,2026-07-06T19:28:03+08:00,1.3859,103.6724,C,Cloud to Cloud,2026-07-06T19:25:31.271+08:00
2026-07-07 13:57:25,2026-07-06T19:26:00+08:00,2026-07-06T19:28:03+08:00,1.3862,103.6918,C,Cloud to Cloud,2026-07-06T19:25:31.271+08:00
2026-07-07 13:57:25,2026-07-06T19:26:00+08:00,2026-07-06T19:28:03+08:00,1.4157,103.7484,C,Cloud to Cloud,2026-07-06T19:25:31.276+08:00
2026-07-07 13:57:25,2026-07-06T19:26:00+08:00,2026-07-06T19:28:03+08:00,1.3815,103.7052,C,Cloud to Cloud,2026-07-06T19:25:31.287+08:00
2026-07-07 13:57:25,2026-07-06T19:26:00+08:00,2026-07-06T19:28:03+08:00,1.3951,103.7197,C,Cloud to Cloud,2026-07-06T19:25:31.287+08:00
2026-07-07 13:57:25,2026-07-06T19:26:00+08:00,2026-07-06T19:28:03+08:00,1.416,103.7485,G,Cloud to Ground,2026-07-06T19:25:31.289+08:00
2026-07-07 13:57:25,2026-07-06T19:26:00+08:00,2026-07-06T19:28:03+08:00,1.399,103.5975,C,Cloud to Cloud,2026-07-06T19:25:31.311+08:00
2026-07-07 13:57:25,2026-07-06T19:26:00+08:00,2026-07-06T19:28:03+08:00,1.3995,103.6206,C,Cloud to Cloud,2026-07-06T19:25:31.311+08:00
2026-07-07 13:57:25,2026-07-06T19:26:00+08:00,2026-07-06T19:28:03+08:00,1.3995,103.6206,C,Cloud to Cloud,2026-07-06T19:25:31.312+08:00
2026-07-07 13:57:25,2026-07-06T19:26:00+08:00,2026-07-06T19:28:03+08:00,1.4024,103.6001,C,Cloud to Cloud,2026-07-06T19:25:31.339+08:00
2026-07-07 13:57:25,2026-07-06T19:26:00+08:00,2026-07-06T19:28:03+08:00,1.402,103.5976,C,Cloud to Cloud,2026-07-06T19:25:31.34+08:00
2026-07-07 13:57:25,2026-07-06T19:26:00+08:00,2026-07-06T19:28:03+08:00,1.4035,103.6359,C,Cloud to Cloud,2026-07-06T19:25:31.347+08:00
2026-07-07 13:57:25,2026-07-06T19:26:00+08:00,2026-07-06T19:28:03+08:00,1.403,103.6551,C,Cloud to Cloud,2026-07-06T19:25:31.348+08:00
2026-07-07 13:57:25,2026-07-06T19:26:00+08:00,2026-07-06T19:28:03+08:00,1.392,103.6015,C,Cloud to Cloud,2026-07-06T19:25:31.364+08:00
2026-07-07 13:57:25,2026-07-06T19:26:00+08:00,2026-07-06T19:28:03+08:00,1.3965,103.6103,C,Cloud to Cloud,2026-07-06T19:25:31.364+08:00
2026-07-07 13:57:25,2026-07-06T19:26:00+08:00,2026-07-06T19:28:03+08:00,1.3986,103.6171,C,Cloud to Cloud,2026-07-06T19:25:31.364+08:00
2026-07-07 13:57:25,2026-07-06T19:26:00+08:00,2026-07-06T19:28:03+08:00,1.3992,103.6153,C,Cloud to Cloud,2026-07-06T19:25:31.364+08:00
2026-07-07 13:57:25,2026-07-06T19:24:00+08:00,2026-07-06T19:26:02+08:00,1.3764,103.6552,C,Cloud to Cloud,2026-07-06T19:22:57.218+08:00
2026-07-07 13:57:25,2026-07-06T19:24:00+08:00,2026-07-06T19:26:02+08:00,1.3764,103.6552,C,Cloud to Cloud,2026-07-06T19:22:57.218+08:00
2026-07-07 13:57:25,2026-07-06T19:24:00+08:00,2026-07-06T19:26:02+08:00,1.3753,103.6592,C,Cloud to Cloud,2026-07-06T19:22:57.219+08:00
2026-07-07 13:57:25,2026-07-06T19:24:00+08:00,2026-07-06T19:26:02+08:00,1.3752,103.6592,C,Cloud to Cloud,2026-07-06T19:22:57.219+08:00
2026-07-07 13:57:25,2026-07-06T19:24:00+08:00,2026-07-06T19:26:02+08:00,1.3755,103.659,C,Cloud to Cloud,2026-07-06T19:22:57.219+08:00
2026-07-07 13:57:25,2026-07-06T19:24:00+08:00,2026-07-06T19:26:02+08:00,1.3933,103.6658,C,Cloud to Cloud,2026-07-06T19:22:57.219+08:00
2026-07-07 13:57:25,2026-07-06T19:24:00+08:00,2026-07-06T19:26:02+08:00,1.3746,103.6575,C,Cloud to Cloud,2026-07-06T19:22:57.219+08:00
2026-07-07 13:57:25,2026-07-06T19:24:00+08:00,2026-07-06T19:26:02+08:00,1.3767,103.6656,C,Cloud to Cloud,2026-07-06T19:22:57.221+08:00
2026-07-07 13:57:25,2026-07-06T19:24:00+08:00,2026-07-06T19:26:02+08:00,1.3768,103.6656,C,Cloud to Cloud,2026-07-06T19:22:57.221+08:00
2026-07-07 13:57:25,2026-07-06T19:24:00+08:00,2026-07-06T19:26:02+08:00,1.3758,103.6627,C,Cloud to Cloud,2026-07-06T19:22:57.222+08:00
2026-07-07 13:57:25,2026-07-06T19:24:00+08:00,2026-07-06T19:26:02+08:00,1.3758,103.6627,C,Cloud to Cloud,2026-07-06T19:22:57.222+08:00
2026-07-07 13:57:25,2026-07-06T19:24:00+08:00,2026-07-06T19:26:02+08:00,1.3489,103.6908,C,Cloud to Cloud,2026-07-06T19:22:57.222+08:00
2026-07-07 13:57:25,2026-07-06T19:24:00+08:00,2026-07-06T19:26:02+08:00,1.3757,103.6675,C,Cloud to Cloud,2026-07-06T19:22:57.223+08:00
2026-07-07 13:57:25,2026-07-06T19:24:00+08:00,2026-07-06T19:26:02+08:00,1.3915,103.687,C,Cloud to Cloud,2026-07-06T19:22:57.226+08:00
2026-07-07 13:57:25,2026-07-06T19:24:00+08:00,2026-07-06T19:26:02+08:00,1.3645,103.6687,C,Cloud to Cloud,2026-07-06T19:22:57.232+08:00
2026-07-07 13:57:25,2026-07-06T19:24:00+08:00,2026-07-06T19:26:02+08:00,1.3645,103.6687,C,Cloud to Cloud,2026-07-06T19:22:57.232+08:00
2026-07-07 13:57:25,2026-07-06T19:24:00+08:00,2026-07-06T19:26:02+08:00,1.3631,103.6723,C,Cloud to Cloud,2026-07-06T19:22:57.233+08:00
2026-07-07 13:57:25,2026-07-06T19:24:00+08:00,2026-07-06T19:26:02+08:00,1.3631,103.6723,C,Cloud to Cloud,2026-07-06T19:22:57.233+08:00
2026-07-07 13:57:25,2026-07-06T19:24:00+08:00,2026-07-06T19:26:02+08:00,1.3608,103.6709,C,Cloud to Cloud,2026-07-06T19:22:57.234+08:00
2026-07-07 13:57:25,2026-07-06T19:24:00+08:00,2026-07-06T19:26:02+08:00,1.3608,103.6709,C,Cloud to Cloud,2026-07-06T19:22:57.234+08:00
2026-07-07 13:57:25,2026-07-06T19:24:00+08:00,2026-07-06T19:26:02+08:00,1.3597,103.6699,C,Cloud to Cloud,2026-07-06T19:22:57.235+08:00
2026-07-07 13:57:25,2026-07-06T19:24:00+08:00,2026-07-06T19:26:02+08:00,1.3597,103.6699,C,Cloud to Cloud,2026-07-06T19:22:57.235+08:00
2026-07-07 13:57:25,2026-07-06T19:24:00+08:00,2026-07-06T19:26:02+08:00,1.3563,103.6689,C,Cloud to Cloud,2026-07-06T19:22:57.235+08:00
2026-07-07 13:57:25,2026-07-06T19:24:00+08:00,2026-07-06T19:26:02+08:00,1.3579,103.6688,C,Cloud to Cloud,2026-07-06T19:22:57.235+08:00
2026-07-07 13:57:25,2026-07-06T19:24:00+08:00,2026-07-06T19:26:02+08:00,1.3618,103.6689,C,Cloud to Cloud,2026-07-06T19:22:57.236+08:00
2026-07-07 13:57:25,2026-07-06T19:24:00+08:00,2026-07-06T19:26:02+08:00,1.3618,103.6689,C,Cloud to Cloud,2026-07-06T19:22:57.236+08:00
2026-07-07 13:57:25,2026-07-06T19:24:00+08:00,2026-07-06T19:26:02+08:00,1.3635,103.6688,C,Cloud to Cloud,2026-07-06T19:22:57.236+08:00
2026-07-07 13:57:25,2026-07-06T19:24:00+08:00,2026-07-06T19:26:02+08:00,1.3558,103.6693,C,Cloud to Cloud,2026-07-06T19:22:57.237+08:00
2026-07-07 13:57:25,2026-07-06T19:24:00+08:00,2026-07-06T19:26:02+08:00,1.3558,103.6693,C,Cloud to Cloud,2026-07-06T19:22:57.237+08:00
2026-07-07 13:57:25,2026-07-06T19:24:00+08:00,2026-07-06T19:26:02+08:00,1.3719,103.6959,C,Cloud to Cloud,2026-07-06T19:22:57.254+08:00
2026-07-07 13:57:25,2026-07-06T19:24:00+08:00,2026-07-06T19:26:02+08:00,1.3719,103.6959,C,Cloud to Cloud,2026-07-06T19:22:57.254+08:00
2026-07-07 13:57:25,2026-07-06T19:24:00+08:00,2026-07-06T19:26:02+08:00,1.3598,103.6801,C,Cloud to Cloud,2026-07-06T19:22:57.258+08:00
2026-07-07 13:57:25,2026-07-06T19:24:00+08:00,2026-07-06T19:26:02+08:00,1.3643,103.6893,C,Cloud to Cloud,2026-07-06T19:22:57.259+08:00
2026-07-07 13:57:25,2026-07-06T19:24:00+08:00,2026-07-06T19:26:02+08:00,1.3423,103.6665,C,Cloud to Cloud,2026-07-06T19:22:57.259+08:00
2026-07-07 13:57:25,2026-07-06T19:24:00+08:00,2026-07-06T19:26:02+08:00,1.3769,103.6922,C,Cloud to Cloud,2026-07-06T19:22:57.261+08:00
2026-07-07 13:57:25,2026-07-06T19:24:00+08:00,2026-07-06T19:26:02+08:00,1.3535,103.6648,C,Cloud to Cloud,2026-07-06T19:22:57.261+08:00
2026-07-07 13:57:25,2026-07-06T19:24:00+08:00,2026-07-06T19:26:02+08:00,1.3716,103.6915,C,Cloud to Cloud,2026-07-06T19:22:57.261+08:00
2026-07-07 13:57:25,2026-07-06T19:24:00+08:00,2026-07-06T19:26:02+08:00,1.3312,103.698,C,Cloud to Cloud,2026-07-06T19:22:57.292+08:00
2026-07-07 13:57:25,2026-07-06T19:24:00+08:00,2026-07-06T19:26:02+08:00,1.3435,103.6925,C,Cloud to Cloud,2026-07-06T19:22:57.294+08:00
2026-07-07 13:57:25,2026-07-06T19:24:00+08:00,2026-07-06T19:26:02+08:00,1.3376,103.698,C,Cloud to Cloud,2026-07-06T19:22:57.294+08:00
2026-07-07 13:57:25,2026-07-06T19:24:00+08:00,2026-07-06T19:26:02+08:00,1.3364,103.6972,C,Cloud to Cloud,2026-07-06T19:22:57.295+08:00
2026-07-07 13:57:25,2026-07-06T19:24:00+08:00,2026-07-06T19:26:02+08:00,1.3271,103.6823,C,Cloud to Cloud,2026-07-06T19:22:57.295+08:00
2026-07-07 13:57:25,2026-07-06T19:24:00+08:00,2026-07-06T19:26:02+08:00,1.3387,103.695,C,Cloud to Cloud,2026-07-06T19:22:57.295+08:00
2026-07-07 13:57:25,2026-07-06T19:24:00+08:00,2026-07-06T19:26:02+08:00,1.3394,103.6909,C,Cloud to Cloud,2026-07-06T19:22:57.296+08:00
2026-07-07 13:57:25,2026-07-06T19:24:00+08:00,2026-07-06T19:26:02+08:00,1.3426,103.6934,C,Cloud to Cloud,2026-07-06T19:22:57.296+08:00
2026-07-07 13:57:25,2026-07-06T19:24:00+08:00,2026-07-06T19:26:02+08:00,1.3412,103.6927,C,Cloud to Cloud,2026-07-06T19:22:57.296+08:00
2026-07-07 13:57:25,2026-07-06T19:24:00+08:00,2026-07-06T19:26:02+08:00,1.339,103.6936,C,Cloud to Cloud,2026-07-06T19:22:57.296+08:00
2026-07-07 13:57:25,2026-07-06T19:24:00+08:00,2026-07-06T19:26:02+08:00,1.3366,103.6916,C,Cloud to Cloud,2026-07-06T19:22:57.296+08:00
2026-07-07 13:57:25,2026-07-06T19:24:00+08:00,2026-07-06T19:26:02+08:00,1.3359,103.6915,C,Cloud to Cloud,2026-07-06T19:22:57.296+08:00
2026-07-07 13:57:25,2026-07-06T19:24:00+08:00,2026-07-06T19:26:02+08:00,1.3388,103.6938,C,Cloud to Cloud,2026-07-06T19:22:57.296+08:00
2026-07-07 13:57:25,2026-07-06T19:24:00+08:00,2026-07-06T19:26:02+08:00,1.3407,103.6903,C,Cloud to Cloud,2026-07-06T19:22:57.296+08:00
2026-07-07 13:57:25,2026-07-06T19:24:00+08:00,2026-07-06T19:26:02+08:00,1.3263,103.6786,C,Cloud to Cloud,2026-07-06T19:22:57.297+08:00
2026-07-07 13:57:25,2026-07-06T19:24:00+08:00,2026-07-06T19:26:02+08:00,1.3336,103.694,C,Cloud to Cloud,2026-07-06T19:22:57.297+08:00
2026-07-07 13:57:25,2026-07-06T19:24:00+08:00,2026-07-06T19:26:02+08:00,1.3216,103.6852,C,Cloud to Cloud,2026-07-06T19:22:57.297+08:00
2026-07-07 13:57:25,2026-07-06T19:24:00+08:00,2026-07-06T19:26:02+08:00,1.3371,103.6919,C,Cloud to Cloud,2026-07-06T19:22:57.297+08:00
2026-07-07 13:57:25,2026-07-06T19:24:00+08:00,2026-07-06T19:26:02+08:00,1.3375,103.6922,C,Cloud to Cloud,2026-07-06T19:22:57.297+08:00
2026-07-07 13:57:25,2026-07-06T19:24:00+08:00,2026-07-06T19:26:02+08:00,1.338,103.6936,C,Cloud to Cloud,2026-07-06T19:22:57.298+08:00
2026-07-07 13:57:25,2026-07-06T19:24:00+08:00,2026-07-06T19:26:02+08:00,1.3389,103.6943,C,Cloud to Cloud,2026-07-06T19:22:57.298+08:00
2026-07-07 13:57:25,2026-07-06T19:24:00+08:00,2026-07-06T19:26:02+08:00,1.3394,103.7029,C,Cloud to Cloud,2026-07-06T19:22:57.302+08:00
2026-07-07 13:57:25,2026-07-06T19:24:00+08:00,2026-07-06T19:26:02+08:00,1.3244,103.694,C,Cloud to Cloud,2026-07-06T19:22:57.302+08:00
2026-07-07 13:57:25,2026-07-06T19:24:00+08:00,2026-07-06T19:26:02+08:00,1.3578,103.6294,C,Cloud to Cloud,2026-07-06T19:22:57.303+08:00
2026-07-07 13:57:25,2026-07-06T19:24:00+08:00,2026-07-06T19:26:02+08:00,1.3794,103.6637,C,Cloud to Cloud,2026-07-06T19:22:57.303+08:00
2026-07-07 13:57:25,2026-07-06T19:24:00+08:00,2026-07-06T19:26:02+08:00,1.3527,103.6416,C,Cloud to Cloud,2026-07-06T19:22:57.303+08:00
2026-07-07 13:57:25,2026-07-06T19:24:00+08:00,2026-07-06T19:26:02+08:00,1.3716,103.6679,C,Cloud to Cloud,2026-07-06T19:22:57.303+08:00
2026-07-07 13:57:25,2026-07-06T19:24:00+08:00,2026-07-06T19:26:02+08:00,1.3807,103.6773,C,Cloud to Cloud,2026-07-06T19:22:57.319+08:00
2026-07-07 13:57:25,2026-07-06T19:24:00+08:00,2026-07-06T19:26:02+08:00,1.3807,103.6773,C,Cloud to Cloud,2026-07-06T19:22:57.319+08:00
2026-07-07 13:57:25,2026-07-06T19:24:00+08:00,2026-07-06T19:26:02+08:00,1.3001,103.6774,C,Cloud to Cloud,2026-07-06T19:22:57.319+08:00
2026-07-07 13:57:25,2026-07-06T19:24:00+08:00,2026-07-06T19:26:02+08:00,1.3865,103.6911,C,Cloud to Cloud,2026-07-06T19:22:57.322+08:00
2026-07-07 13:57:25,2026-07-06T19:24:00+08:00,2026-07-06T19:26:02+08:00,1.3865,103.6911,C,Cloud to Cloud,2026-07-06T19:22:57.322+08:00
2026-07-07 13:57:25,2026-07-06T19:24:00+08:00,2026-07-06T19:26:02+08:00,1.4092,103.7113,C,Cloud to Cloud,2026-07-06T19:22:57.325+08:00
2026-07-07 13:57:25,2026-07-06T19:24:00+08:00,2026-07-06T19:26:02+08:00,1.3895,103.6845,C,Cloud to Cloud,2026-07-06T19:22:57.327+08:00
2026-07-07 13:57:25,2026-07-06T19:24:00+08:00,2026-07-06T19:26:02+08:00,1.3895,103.6845,C,Cloud to Cloud,2026-07-06T19:22:57.328+08:00
2026-07-07 13:57:25,2026-07-06T19:24:00+08:00,2026-07-06T19:26:02+08:00,1.3856,103.6795,C,Cloud to Cloud,2026-07-06T19:22:57.328+08:00
2026-07-07 13:57:25,2026-07-06T19:24:00+08:00,2026-07-06T19:26:02+08:00,1.3613,103.7104,C,Cloud to Cloud,2026-07-06T19:22:57.333+08:00
2026-07-07 13:57:25,2026-07-06T19:24:00+08:00,2026-07-06T19:26:02+08:00,1.3977,103.7299,C,Cloud to Cloud,2026-07-06T19:22:57.334+08:00
2026-07-07 13:57:25,2026-07-06T19:24:00+08:00,2026-07-06T19:26:02+08:00,1.4336,103.7743,C,Cloud to Cloud,2026-07-06T19:22:57.334+08:00
2026-07-07 13:57:25,2026-07-06T19:24:00+08:00,2026-07-06T19:26:02+08:00,1.3725,103.6595,C,Cloud to Cloud,2026-07-06T19:22:57.334+08:00
2026-07-07 13:57:25,2026-07-06T19:24:00+08:00,2026-07-06T19:26:02+08:00,1.3959,103.6955,C,Cloud to Cloud,2026-07-06T19:22:57.352+08:00
2026-07-07 13:57:25,2026-07-06T19:24:00+08:00,2026-07-06T19:26:02+08:00,1.3959,103.6955,C,Cloud to Cloud,2026-07-06T19:22:57.353+08:00
2026-07-07 13:57:25,2026-07-06T19:24:00+08:00,2026-07-06T19:26:02+08:00,1.3988,103.6731,C,Cloud to Cloud,2026-07-06T19:22:57.356+08:00
2026-07-07 13:57:25,2026-07-06T19:24:00+08:00,2026-07-06T19:26:02+08:00,1.3988,103.6732,C,Cloud to Cloud,2026-07-06T19:22:57.356+08:00
2026-07-07 13:57:25,2026-07-06T19:24:00+08:00,2026-07-06T19:26:02+08:00,1.3979,103.6689,C,Cloud to Cloud,2026-07-06T19:22:57.356+08:00
2026-07-07 13:57:25,2026-07-06T19:24:00+08:00,2026-07-06T19:26:02+08:00,1.4028,103.6791,C,Cloud to Cloud,2026-07-06T19:22:57.421+08:00
2026-07-07 13:57:25,2026-07-06T19:24:00+08:00,2026-07-06T19:26:02+08:00,1.372,103.6172,C,Cloud to Cloud,2026-07-06T19:22:57.421+08:00
2026-07-07 13:57:25,2026-07-06T19:24:00+08:00,2026-07-06T19:26:02+08:00,1.4672,103.4474,C,Cloud to Cloud,2026-07-06T19:22:57.426+08:00
2026-07-07 13:57:25,2026-07-06T19:24:00+08:00,2026-07-06T19:26:02+08:00,1.4257,103.673,C,Cloud to Cloud,2026-07-06T19:22:57.426+08:00
2026-07-07 13:57:25,2026-07-06T19:24:00+08:00,2026-07-06T19:26:02+08:00,1.4138,103.6799,C,Cloud to Cloud,2026-07-06T19:22:57.449+08:00
2026-07-07 13:57:25,2026-07-06T19:24:00+08:00,2026-07-06T19:26:02+08:00,1.4138,103.6799,C,Cloud to Cloud,2026-07-06T19:22:57.449+08:00
2026-07-07 13:57:25,2026-07-06T19:24:00+08:00,2026-07-06T19:26:02+08:00,1.3759,103.6456,C,Cloud to Cloud,2026-07-06T19:22:57.456+08:00
2026-07-07 13:57:25,2026-07-06T19:24:00+08:00,2026-07-06T19:26:02+08:00,1.3737,103.6502,C,Cloud to Cloud,2026-07-06T19:22:57.456+08:00
2026-07-07 13:57:25,2026-07-06T19:24:00+08:00,2026-07-06T19:26:02+08:00,1.4129,103.6533,C,Cloud to Cloud,2026-07-06T19:22:57.476+08:00
2026-07-07 13:57:25,2026-07-06T19:24:00+08:00,2026-07-06T19:26:02+08:00,1.4127,103.6536,C,Cloud to Cloud,2026-07-06T19:22:57.477+08:00
2026-07-07 13:57:25,2026-07-06T19:24:00+08:00,2026-07-06T19:26:02+08:00,1.417,103.6788,C,Cloud to Cloud,2026-07-06T19:22:57.482+08:00
2026-07-07 13:57:25,2026-07-06T19:24:00+08:00,2026-07-06T19:26:02+08:00,1.404,103.6425,C,Cloud to Cloud,2026-07-06T19:22:57.482+08:00
2026-07-07 13:57:25,2026-07-06T19:24:00+08:00,2026-07-06T19:26:02+08:00,1.37,103.6275,C,Cloud to Cloud,2026-07-06T19:22:57.493+08:00
2026-07-07 13:57:25,2026-07-06T19:24:00+08:00,2026-07-06T19:26:02+08:00,1.3713,103.6277,C,Cloud to Cloud,2026-07-06T19:22:57.493+08:00
2026-07-07 13:57:25,2026-07-06T19:24:00+08:00,2026-07-06T19:26:02+08:00,1.3728,103.6356,C,Cloud to Cloud,2026-07-06T19:22:57.493+08:00
2026-07-07 13:57:25,2026-07-06T19:24:00+08:00,2026-07-06T19:26:02+08:00,1.3728,103.6356,C,Cloud to Cloud,2026-07-06T19:22:57.493+08:00
2026-07-07 13:57:25,2026-07-06T19:24:00+08:00,2026-07-06T19:26:02+08:00,1.4171,103.6645,C,Cloud to Cloud,2026-07-06T19:22:57.501+08:00
2026-07-07 13:57:25,2026-07-06T19:24:00+08:00,2026-07-06T19:26:02+08:00,1.417,103.6643,C,Cloud to Cloud,2026-07-06T19:22:57.501+08:00
2026-07-07 13:57:25,2026-07-06T19:24:00+08:00,2026-07-06T19:26:02+08:00,1.3668,103.623,C,Cloud to Cloud,2026-07-06T19:22:57.508+08:00
2026-07-07 13:57:25,2026-07-06T19:24:00+08:00,2026-07-06T19:26:02+08:00,1.3668,103.623,C,Cloud to Cloud,2026-07-06T19:22:57.508+08:00
2026-07-07 13:57:25,2026-07-06T19:24:00+08:00,2026-07-06T19:26:02+08:00,1.3731,103.642,C,Cloud to Cloud,2026-07-06T19:22:57.531+08:00
2026-07-07 13:57:25,2026-07-06T19:24:00+08:00,2026-07-06T19:26:02+08:00,1.3959,103.679,C,Cloud to Cloud,2026-07-06T19:22:57.531+08:00
2026-07-07 13:57:25,2026-07-06T19:24:00+08:00,2026-07-06T19:26:02+08:00,1.4193,103.665,C,Cloud to Cloud,2026-07-06T19:22:57.545+08:00
2026-07-07 13:57:25,2026-07-06T19:24:00+08:00,2026-07-06T19:26:02+08:00,1.377,103.6358,C,Cloud to Cloud,2026-07-06T19:22:57.545+08:00
2026-07-07 13:57:25,2026-07-06T19:24:00+08:00,2026-07-06T19:26:02+08:00,1.3779,103.6373,C,Cloud to Cloud,2026-07-06T19:22:57.546+08:00
2026-07-07 13:57:25,2026-07-06T19:24:00+08:00,2026-07-06T19:26:02+08:00,1.3791,103.6475,C,Cloud to Cloud,2026-07-06T19:22:57.546+08:00
2026-07-07 13:57:25,2026-07-06T19:24:00+08:00,2026-07-06T19:26:02+08:00,1.3791,103.6475,C,Cloud to Cloud,2026-07-06T19:22:57.546+08:00
2026-07-07 13:57:25,2026-07-06T19:24:00+08:00,2026-07-06T19:26:02+08:00,1.377,103.6526,C,Cloud to Cloud,2026-07-06T19:22:57.546+08:00
2026-07-07 13:57:25,2026-07-06T19:24:00+08:00,2026-07-06T19:26:02+08:00,1.3719,103.6831,C,Cloud to Cloud,2026-07-06T19:22:57.559+08:00
2026-07-07 13:57:25,2026-07-06T19:24:00+08:00,2026-07-06T19:26:02+08:00,1.3683,103.6802,C,Cloud to Cloud,2026-07-06T19:22:57.56+08:00
2026-07-07 13:57:25,2026-07-06T19:24:00+08:00,2026-07-06T19:26:02+08:00,1.3978,103.6973,C,Cloud to Cloud,2026-07-06T19:22:57.56+08:00
2026-07-07 13:57:25,2026-07-06T19:24:00+08:00,2026-07-06T19:26:02+08:00,1.3683,103.6715,C,Cloud to Cloud,2026-07-06T19:22:57.56+08:00
2026-07-07 13:57:25,2026-07-06T19:24:00+08:00,2026-07-06T19:26:02+08:00,1.3514,103.6388,C,Cloud to Cloud,2026-07-06T19:22:57.56+08:00
2026-07-07 13:57:25,2026-07-06T19:24:00+08:00,2026-07-06T19:26:02+08:00,1.3602,103.6844,C,Cloud to Cloud,2026-07-06T19:22:57.56+08:00
2026-07-07 13:57:25,2026-07-06T19:24:00+08:00,2026-07-06T19:26:02+08:00,1.3629,103.66,C,Cloud to Cloud,2026-07-06T19:22:57.56+08:00
2026-07-07 13:57:25,2026-07-06T19:24:00+08:00,2026-07-06T19:26:02+08:00,1.3647,103.6788,C,Cloud to Cloud,2026-07-06T19:22:57.56+08:00
2026-07-07 13:57:25,2026-07-06T19:24:00+08:00,2026-07-06T19:26:02+08:00,1.3508,103.6489,C,Cloud to Cloud,2026-07-06T19:22:57.56+08:00
2026-07-07 13:57:25,2026-07-06T19:24:00+08:00,2026-07-06T19:26:02+08:00,1.3616,103.6752,C,Cloud to Cloud,2026-07-06T19:22:57.56+08:00
2026-07-07 13:57:25,2026-07-06T19:24:00+08:00,2026-07-06T19:26:02+08:00,1.3621,103.6791,C,Cloud to Cloud,2026-07-06T19:22:57.56+08:00
2026-07-07 13:57:25,2026-07-06T19:24:00+08:00,2026-07-06T19:26:02+08:00,1.3482,103.6728,C,Cloud to Cloud,2026-07-06T19:22:57.56+08:00
2026-07-07 13:57:25,2026-07-06T19:24:00+08:00,2026-07-06T19:26:02+08:00,1.3615,103.6886,C,Cloud to Cloud,2026-07-06T19:22:57.56+08:00
2026-07-07 13:57:25,2026-07-06T19:24:00+08:00,2026-07-06T19:26:02+08:00,1.3607,103.6898,C,Cloud to Cloud,2026-07-06T19:22:57.56+08:00
2026-07-07 13:57:25,2026-07-06T19:24:00+08:00,2026-07-06T19:26:02+08:00,1.3682,103.6226,C,Cloud to Cloud,2026-07-06T19:22:57.57+08:00
2026-07-07 13:57:25,2026-07-06T19:24:00+08:00,2026-07-06T19:26:02+08:00,1.3682,103.6226,C,Cloud to Cloud,2026-07-06T19:22:57.57+08:00
2026-07-07 13:57:25,2026-07-06T19:24:00+08:00,2026-07-06T19:26:02+08:00,1.374,103.6359,C,Cloud to Cloud,2026-07-06T19:22:57.605+08:00
2026-07-07 13:57:25,2026-07-06T19:24:00+08:00,2026-07-06T19:26:02+08:00,1.374,103.6359,C,Cloud to Cloud,2026-07-06T19:22:57.606+08:00
2026-07-07 13:57:25,2026-07-06T19:24:00+08:00,2026-07-06T19:26:02+08:00,1.3768,103.6433,C,Cloud to Cloud,2026-07-06T19:22:57.606+08:00
2026-07-07 13:57:25,2026-07-06T19:24:00+08:00,2026-07-06T19:26:02+08:00,1.3747,103.6427,C,Cloud to Cloud,2026-07-06T19:22:57.606+08:00
2026-07-07 13:57:25,2026-07-06T19:24:00+08:00,2026-07-06T19:26:02+08:00,1.3745,103.6563,C,Cloud to Cloud,2026-07-06T19:22:57.606+08:00
2026-07-07 13:57:25,2026-07-06T19:24:00+08:00,2026-07-06T19:26:02+08:00,1.3684,103.6202,C,Cloud to Cloud,2026-07-06T19:22:57.606+08:00
2026-07-07 13:57:25,2026-07-06T19:24:00+08:00,2026-07-06T19:26:02+08:00,1.3684,103.6202,C,Cloud to Cloud,2026-07-06T19:22:57.606+08:00
2026-07-07 13:57:25,2026-07-06T19:24:00+08:00,2026-07-06T19:26:02+08:00,1.3745,103.6152,C,Cloud to Cloud,2026-07-06T19:22:57.674+08:00
2026-07-07 13:57:25,2026-07-06T19:24:00+08:00,2026-07-06T19:26:02+08:00,1.3712,103.6241,C,Cloud to Cloud,2026-07-06T19:22:57.674+08:00
2026-07-07 13:57:25,2026-07-06T19:24:00+08:00,2026-07-06T19:26:02+08:00,1.3643,103.6107,C,Cloud to Cloud,2026-07-06T19:22:57.674+08:00
2026-07-07 13:57:25,2026-07-06T19:24:00+08:00,2026-07-06T19:26:02+08:00,1.3705,103.6254,C,Cloud to Cloud,2026-07-06T19:22:57.674+08:00
2026-07-07 13:57:25,2026-07-06T19:24:00+08:00,2026-07-06T19:26:02+08:00,1.375,103.6062,C,Cloud to Cloud,2026-07-06T19:22:57.678+08:00
2026-07-07 13:57:25,2026-07-06T19:24:00+08:00,2026-07-06T19:26:02+08:00,1.3676,103.6225,C,Cloud to Cloud,2026-07-06T19:22:57.678+08:00
2026-07-07 13:57:25,2026-07-06T19:24:00+08:00,2026-07-06T19:26:02+08:00,1.3753,103.6147,C,Cloud to Cloud,2026-07-06T19:22:57.723+08:00
2026-07-07 13:57:25,2026-07-06T19:24:00+08:00,2026-07-06T19:26:02+08:00,1.3753,103.6147,C,Cloud to Cloud,2026-07-06T19:22:57.723+08:00
2026-07-07 13:57:25,2026-07-06T19:24:00+08:00,2026-07-06T19:26:02+08:00,1.377,103.6123,C,Cloud to Cloud,2026-07-06T19:22:57.758+08:00
2026-07-07 13:57:25,2026-07-06T19:24:00+08:00,2026-07-06T19:26:02+08:00,1.377,103.6123,C,Cloud to Cloud,2026-07-06T19:22:57.758+08:00
2026-07-07 13:57:25,2026-07-06T19:24:00+08:00,2026-07-06T19:26:02+08:00,1.372,103.6253,C,Cloud to Cloud,2026-07-06T19:22:57.758+08:00
2026-07-07 13:57:25,2026-07-06T19:24:00+08:00,2026-07-06T19:26:02+08:00,1.3768,103.6447,C,Cloud to Cloud,2026-07-06T19:22:57.758+08:00
2026-07-07 13:57:25,2026-07-06T19:24:00+08:00,2026-07-06T19:26:02+08:00,1.3764,103.6399,C,Cloud to Cloud,2026-07-06T19:22:57.758+08:00
2026-07-07 13:57:25,2026-07-06T19:24:00+08:00,2026-07-06T19:26:02+08:00,1.3878,103.6735,C,Cloud to Cloud,2026-07-06T19:22:57.763+08:00
2026-07-07 13:57:25,2026-07-06T19:24:00+08:00,2026-07-06T19:26:02+08:00,1.3886,103.6728,C,Cloud to Cloud,2026-07-06T19:22:57.763+08:00
2026-07-07 13:57:25,2026-07-06T19:24:00+08:00,2026-07-06T19:26:02+08:00,1.3916,103.6713,C,Cloud to Cloud,2026-07-06T19:22:57.763+08:00
2026-07-07 13:57:25,2026-07-06T19:24:00+08:00,2026-07-06T19:26:02+08:00,1.3947,103.6766,C,Cloud to Cloud,2026-07-06T19:22:57.763+08:00
2026-07-07 13:57:25,2026-07-06T19:24:00+08:00,2026-07-06T19:26:02+08:00,1.369,103.6953,C,Cloud to Cloud,2026-07-06T19:22:57.763+08:00
2026-07-07 13:57:25,2026-07-06T19:24:00+08:00,2026-07-06T19:26:02+08:00,1.3706,103.6594,C,Cloud to Cloud,2026-07-06T19:22:57.764+08:00
2026-07-07 13:57:25,2026-07-06T19:24:00+08:00,2026-07-06T19:26:02+08:00,1.3692,103.6573,C,Cloud to Cloud,2026-07-06T19:22:57.764+08:00
2026-07-07 13:57:25,2026-07-06T19:24:00+08:00,2026-07-06T19:26:02+08:00,1.3833,103.6722,C,Cloud to Cloud,2026-07-06T19:22:57.764+08:00
2026-07-07 13:57:25,2026-07-06T19:24:00+08:00,2026-07-06T19:26:02+08:00,1.3984,103.6785,C,Cloud to Cloud,2026-07-06T19:22:57.766+08:00
2026-07-07 13:57:25,2026-07-06T19:24:00+08:00,2026-07-06T19:26:02+08:00,1.3984,103.6785,C,Cloud to Cloud,2026-07-06T19:22:57.766+08:00
2026-07-07 13:57:25,2026-07-06T19:24:00+08:00,2026-07-06T19:26:02+08:00,1.3811,103.6581,C,Cloud to Cloud,2026-07-06T19:22:57.766+08:00
2026-07-07 13:57:25,2026-07-06T19:24:00+08:00,2026-07-06T19:26:02+08:00,1.3662,103.6327,C,Cloud to Cloud,2026-07-06T19:22:57.766+08:00
2026-07-07 13:57:25,2026-07-06T19:24:00+08:00,2026-07-06T19:26:02+08:00,1.4038,103.6867,C,Cloud to Cloud,2026-07-06T19:22:57.766+08:00
2026-07-07 13:57:25,2026-07-06T19:24:00+08:00,2026-07-06T19:26:02+08:00,1.4038,103.6867,C,Cloud to Cloud,2026-07-06T19:22:57.766+08:00
2026-07-07 13:57:25,2026-07-06T19:24:00+08:00,2026-07-06T19:26:02+08:00,1.3759,103.665,C,Cloud to Cloud,2026-07-06T19:22:57.818+08:00
2026-07-07 13:57:25,2026-07-06T19:24:00+08:00,2026-07-06T19:26:02+08:00,1.3759,103.665,C,Cloud to Cloud,2026-07-06T19:22:57.818+08:00
2026-07-07 13:57:25,2026-07-06T19:24:00+08:00,2026-07-06T19:26:02+08:00,1.373,103.6696,C,Cloud to Cloud,2026-07-06T19:22:57.818+08:00
2026-07-07 13:57:25,2026-07-06T19:24:00+08:00,2026-07-06T19:26:02+08:00,1.3934,103.6998,C,Cloud to Cloud,2026-07-06T19:22:57.818+08:00
2026-07-07 13:57:25,2026-07-06T19:24:00+08:00,2026-07-06T19:26:02+08:00,1.3891,103.6868,C,Cloud to Cloud,2026-07-06T19:22:57.818+08:00
2026-07-07 13:57:25,2026-07-06T19:24:00+08:00,2026-07-06T19:26:02+08:00,1.3838,103.6704,C,Cloud to Cloud,2026-07-06T19:22:57.818+08:00
2026-07-07 13:57:25,2026-07-06T19:24:00+08:00,2026-07-06T19:26:02+08:00,1.373,103.6125,C,Cloud to Cloud,2026-07-06T19:22:57.842+08:00
2026-07-07 13:57:25,2026-07-06T19:24:00+08:00,2026-07-06T19:26:02+08:00,1.3702,103.6277,C,Cloud to Cloud,2026-07-06T19:22:57.842+08:00
2026-07-07 13:57:25,2026-07-06T19:24:00+08:00,2026-07-06T19:26:02+08:00,1.377,103.645,C,Cloud to Cloud,2026-07-06T19:22:57.842+08:00
2026-07-07 13:57:25,2026-07-06T19:24:00+08:00,2026-07-06T19:26:02+08:00,1.377,103.6449,C,Cloud to Cloud,2026-07-06T19:22:57.842+08:00
2026-07-07 13:57:25,2026-07-06T19:24:00+08:00,2026-07-06T19:26:02+08:00,1.3771,103.6575,C,Cloud to Cloud,2026-07-06T19:22:57.842+08:00
2026-07-07 13:57:25,2026-07-06T19:24:00+08:00,2026-07-06T19:26:02+08:00,1.3939,103.6393,C,Cloud to Cloud,2026-07-06T19:22:57.842+08:00
2026-07-07 13:57:25,2026-07-06T19:24:00+08:00,2026-07-06T19:26:02+08:00,1.3783,103.6596,C,Cloud to Cloud,2026-07-06T19:22:57.842+08:00
2026-07-07 13:57:25,2026-07-06T19:24:00+08:00,2026-07-06T19:26:02+08:00,1.3877,103.6762,C,Cloud to Cloud,2026-07-06T19:22:57.842+08:00
2026-07-07 13:57:25,2026-07-06T19:24:00+08:00,2026-07-06T19:26:02+08:00,1.3923,103.6734,C,Cloud to Cloud,2026-07-06T19:22:57.842+08:00
2026-07-07 13:57:25,2026-07-06T19:24:00+08:00,2026-07-06T19:26:02+08:00,1.3708,103.6246,C,Cloud to Cloud,2026-07-06T19:22:57.861+08:00
2026-07-07 13:57:25,2026-07-06T19:24:00+08:00,2026-07-06T19:26:02+08:00,1.3708,103.6246,C,Cloud to Cloud,2026-07-06T19:22:57.861+08:00
2026-07-07 13:57:25,2026-07-06T19:24:00+08:00,2026-07-06T19:26:02+08:00,1.3837,103.5887,C,Cloud to Cloud,2026-07-06T19:22:57.899+08:00
2026-07-07 13:57:25,2026-07-06T19:22:00+08:00,2026-07-06T19:24:03+08:00,1.3883,103.6677,C,Cloud to Cloud,2026-07-06T19:20:40.842+08:00
2026-07-07 13:57:25,2026-07-06T19:22:00+08:00,2026-07-06T19:24:03+08:00,1.3782,103.6502,C,Cloud to Cloud,2026-07-06T19:20:40.842+08:00
2026-07-07 13:57:25,2026-07-06T19:22:00+08:00,2026-07-06T19:24:03+08:00,1.3865,103.6564,C,Cloud to Cloud,2026-07-06T19:20:40.842+08:00
2026-07-07 13:57:25,2026-07-06T19:22:00+08:00,2026-07-06T19:24:03+08:00,1.3794,103.6567,C,Cloud to Cloud,2026-07-06T19:20:40.842+08:00
2026-07-07 13:57:25,2026-07-06T19:22:00+08:00,2026-07-06T19:24:03+08:00,1.3949,103.6906,C,Cloud to Cloud,2026-07-06T19:20:40.844+08:00
2026-07-07 13:57:25,2026-07-06T19:22:00+08:00,2026-07-06T19:24:03+08:00,1.3949,103.6906,C,Cloud to Cloud,2026-07-06T19:20:40.844+08:00
2026-07-07 13:57:25,2026-07-06T19:22:00+08:00,2026-07-06T19:24:03+08:00,1.3904,103.6782,C,Cloud to Cloud,2026-07-06T19:20:40.844+08:00
2026-07-07 13:57:25,2026-07-06T19:22:00+08:00,2026-07-06T19:24:03+08:00,1.4061,103.6582,C,Cloud to Cloud,2026-07-06T19:20:40.844+08:00
2026-07-07 13:57:25,2026-07-06T19:22:00+08:00,2026-07-06T19:24:03+08:00,1.3904,103.6782,C,Cloud to Cloud,2026-07-06T19:20:40.844+08:00
2026-07-07 13:57:25,2026-07-06T19:22:00+08:00,2026-07-06T19:24:03+08:00,1.3903,103.6797,C,Cloud to Cloud,2026-07-06T19:20:40.845+08:00
2026-07-07 13:57:25,2026-07-06T19:22:00+08:00,2026-07-06T19:24:03+08:00,1.3907,103.6804,C,Cloud to Cloud,2026-07-06T19:20:40.845+08:00
2026-07-07 13:57:25,2026-07-06T19:22:00+08:00,2026-07-06T19:24:03+08:00,1.3911,103.6811,C,Cloud to Cloud,2026-07-06T19:20:40.845+08:00
2026-07-07 13:57:25,2026-07-06T19:22:00+08:00,2026-07-06T19:24:03+08:00,1.4026,103.6985,C,Cloud to Cloud,2026-07-06T19:20:40.845+08:00
2026-07-07 13:57:25,2026-07-06T19:22:00+08:00,2026-07-06T19:24:03+08:00,1.3906,103.6798,C,Cloud to Cloud,2026-07-06T19:20:40.845+08:00
2026-07-07 13:57:25,2026-07-06T19:22:00+08:00,2026-07-06T19:24:03+08:00,1.3909,103.6785,C,Cloud to Cloud,2026-07-06T19:20:40.845+08:00
2026-07-07 13:57:25,2026-07-06T19:22:00+08:00,2026-07-06T19:24:03+08:00,1.39,103.6788,C,Cloud to Cloud,2026-07-06T19:20:40.845+08:00
2026-07-07 13:57:25,2026-07-06T19:22:00+08:00,2026-07-06T19:24:03+08:00,1.3895,103.6777,C,Cloud to Cloud,2026-07-06T19:20:40.845+08:00
2026-07-07 13:57:25,2026-07-06T19:22:00+08:00,2026-07-06T19:24:03+08:00,1.3945,103.69,C,Cloud to Cloud,2026-07-06T19:20:40.848+08:00
2026-07-07 13:57:25,2026-07-06T19:22:00+08:00,2026-07-06T19:24:03+08:00,1.3957,103.692,C,Cloud to Cloud,2026-07-06T19:20:40.849+08:00
2026-07-07 13:57:25,2026-07-06T19:22:00+08:00,2026-07-06T19:24:03+08:00,1.3931,103.688,C,Cloud to Cloud,2026-07-06T19:20:40.849+08:00
2026-07-07 13:57:25,2026-07-06T19:22:00+08:00,2026-07-06T19:24:03+08:00,1.3793,103.665,C,Cloud to Cloud,2026-07-06T19:20:40.849+08:00
2026-07-07 13:57:25,2026-07-06T19:22:00+08:00,2026-07-06T19:24:03+08:00,1.3783,103.6608,C,Cloud to Cloud,2026-07-06T19:20:40.855+08:00
2026-07-07 13:57:25,2026-07-06T19:22:00+08:00,2026-07-06T19:24:03+08:00,1.3783,103.6608,C,Cloud to Cloud,2026-07-06T19:20:40.855+08:00
2026-07-07 13:57:25,2026-07-06T19:22:00+08:00,2026-07-06T19:24:03+08:00,1.3661,103.6523,C,Cloud to Cloud,2026-07-06T19:20:40.913+08:00
2026-07-07 13:57:25,2026-07-06T19:22:00+08:00,2026-07-06T19:24:03+08:00,1.3661,103.6523,C,Cloud to Cloud,2026-07-06T19:20:40.913+08:00
2026-07-07 13:57:25,2026-07-06T19:22:00+08:00,2026-07-06T19:24:03+08:00,1.3654,103.6538,C,Cloud to Cloud,2026-07-06T19:20:40.915+08:00
2026-07-07 13:57:25,2026-07-06T19:22:00+08:00,2026-07-06T19:24:03+08:00,1.3654,103.6538,C,Cloud to Cloud,2026-07-06T19:20:40.915+08:00
2026-07-07 13:57:25,2026-07-06T19:22:00+08:00,2026-07-06T19:24:03+08:00,1.3673,103.6598,C,Cloud to Cloud,2026-07-06T19:20:40.917+08:00
2026-07-07 13:57:25,2026-07-06T19:22:00+08:00,2026-07-06T19:24:03+08:00,1.3673,103.6598,C,Cloud to Cloud,2026-07-06T19:20:40.917+08:00
2026-07-07 13:57:25,2026-07-06T19:22:00+08:00,2026-07-06T19:24:03+08:00,1.3666,103.6651,C,Cloud to Cloud,2026-07-06T19:20:40.92+08:00
2026-07-07 13:57:25,2026-07-06T19:22:00+08:00,2026-07-06T19:24:03+08:00,1.3666,103.6651,C,Cloud to Cloud,2026-07-06T19:20:40.92+08:00
2026-07-07 13:57:25,2026-07-06T19:22:00+08:00,2026-07-06T19:24:03+08:00,1.3669,103.6723,C,Cloud to Cloud,2026-07-06T19:20:40.921+08:00
2026-07-07 13:57:25,2026-07-06T19:22:00+08:00,2026-07-06T19:24:03+08:00,1.3669,103.6723,C,Cloud to Cloud,2026-07-06T19:20:40.921+08:00
2026-07-07 13:57:25,2026-07-06T19:22:00+08:00,2026-07-06T19:24:03+08:00,1.3658,103.6688,C,Cloud to Cloud,2026-07-06T19:20:40.922+08:00
2026-07-07 13:57:25,2026-07-06T19:22:00+08:00,2026-07-06T19:24:03+08:00,1.3658,103.6688,C,Cloud to Cloud,2026-07-06T19:20:40.922+08:00
2026-07-07 13:57:25,2026-07-06T19:22:00+08:00,2026-07-06T19:24:03+08:00,1.3654,103.6715,C,Cloud to Cloud,2026-07-06T19:20:40.922+08:00
2026-07-07 13:57:25,2026-07-06T19:22:00+08:00,2026-07-06T19:24:03+08:00,1.3632,103.6687,C,Cloud to Cloud,2026-07-06T19:20:40.922+08:00
2026-07-07 13:57:25,2026-07-06T19:22:00+08:00,2026-07-06T19:24:03+08:00,1.3642,103.6649,C,Cloud to Cloud,2026-07-06T19:20:40.923+08:00
2026-07-07 13:57:25,2026-07-06T19:22:00+08:00,2026-07-06T19:24:03+08:00,1.3642,103.6649,C,Cloud to Cloud,2026-07-06T19:20:40.923+08:00
2026-07-07 13:57:25,2026-07-06T19:22:00+08:00,2026-07-06T19:24:03+08:00,1.3636,103.6713,C,Cloud to Cloud,2026-07-06T19:20:40.924+08:00
2026-07-07 13:57:25,2026-07-06T19:22:00+08:00,2026-07-06T19:24:03+08:00,1.3635,103.6713,C,Cloud to Cloud,2026-07-06T19:20:40.924+08:00
2026-07-07 13:57:25,2026-07-06T19:22:00+08:00,2026-07-06T19:24:03+08:00,1.3631,103.6705,C,Cloud to Cloud,2026-07-06T19:20:40.925+08:00
2026-07-07 13:57:25,2026-07-06T19:22:00+08:00,2026-07-06T19:24:03+08:00,1.3631,103.6705,C,Cloud to Cloud,2026-07-06T19:20:40.925+08:00
2026-07-07 13:57:25,2026-07-06T19:22:00+08:00,2026-07-06T19:24:03+08:00,1.3636,103.6693,C,Cloud to Cloud,2026-07-06T19:20:40.925+08:00
2026-07-07 13:57:25,2026-07-06T19:22:00+08:00,2026-07-06T19:24:03+08:00,1.3655,103.6715,C,Cloud to Cloud,2026-07-06T19:20:40.925+08:00
2026-07-07 13:57:25,2026-07-06T19:22:00+08:00,2026-07-06T19:24:03+08:00,1.3655,103.6715,C,Cloud to Cloud,2026-07-06T19:20:40.925+08:00
2026-07-07 13:57:25,2026-07-06T19:22:00+08:00,2026-07-06T19:24:03+08:00,1.3624,103.6719,C,Cloud to Cloud,2026-07-06T19:20:40.925+08:00
2026-07-07 13:57:25,2026-07-06T19:22:00+08:00,2026-07-06T19:24:03+08:00,1.3635,103.6732,C,Cloud to Cloud,2026-07-06T19:20:40.925+08:00
2026-07-07 13:57:25,2026-07-06T19:22:00+08:00,2026-07-06T19:24:03+08:00,1.3612,103.6709,C,Cloud to Cloud,2026-07-06T19:20:40.926+08:00
2026-07-07 13:57:25,2026-07-06T19:22:00+08:00,2026-07-06T19:24:03+08:00,1.3612,103.6709,C,Cloud to Cloud,2026-07-06T19:20:40.926+08:00
2026-07-07 13:57:25,2026-07-06T19:22:00+08:00,2026-07-06T19:24:03+08:00,1.3628,103.6766,C,Cloud to Cloud,2026-07-06T19:20:40.926+08:00
2026-07-07 13:57:25,2026-07-06T19:22:00+08:00,2026-07-06T19:24:03+08:00,1.3617,103.676,C,Cloud to Cloud,2026-07-06T19:20:40.926+08:00
2026-07-07 13:57:25,2026-07-06T19:22:00+08:00,2026-07-06T19:24:03+08:00,1.3577,103.6698,C,Cloud to Cloud,2026-07-06T19:20:40.927+08:00
2026-07-07 13:57:25,2026-07-06T19:22:00+08:00,2026-07-06T19:24:03+08:00,1.3577,103.6698,C,Cloud to Cloud,2026-07-06T19:20:40.927+08:00
2026-07-07 13:57:25,2026-07-06T19:22:00+08:00,2026-07-06T19:24:03+08:00,1.3722,103.6651,C,Cloud to Cloud,2026-07-06T19:20:41.05+08:00
2026-07-07 13:57:25,2026-07-06T19:22:00+08:00,2026-07-06T19:24:03+08:00,1.3722,103.6651,C,Cloud to Cloud,2026-07-06T19:20:41.05+08:00
2026-07-07 13:57:25,2026-07-06T19:22:00+08:00,2026-07-06T19:24:03+08:00,1.3728,103.666,C,Cloud to Cloud,2026-07-06T19:20:41.069+08:00
2026-07-07 13:57:25,2026-07-06T19:22:00+08:00,2026-07-06T19:24:03+08:00,1.3728,103.666,C,Cloud to Cloud,2026-07-06T19:20:41.07+08:00
2026-07-07 13:57:25,2026-07-06T19:22:00+08:00,2026-07-06T19:24:03+08:00,1.382,103.675,C,Cloud to Cloud,2026-07-06T19:20:41.082+08:00
2026-07-07 13:57:25,2026-07-06T19:22:00+08:00,2026-07-06T19:24:03+08:00,1.3659,103.6509,C,Cloud to Cloud,2026-07-06T19:20:41.082+08:00
2026-07-07 13:57:25,2026-07-06T19:22:00+08:00,2026-07-06T19:24:03+08:00,1.3674,103.6543,C,Cloud to Cloud,2026-07-06T19:20:41.082+08:00
2026-07-07 13:57:25,2026-07-06T19:22:00+08:00,2026-07-06T19:24:03+08:00,1.3766,103.6606,C,Cloud to Cloud,2026-07-06T19:20:41.113+08:00
2026-07-07 13:57:25,2026-07-06T19:22:00+08:00,2026-07-06T19:24:03+08:00,1.3766,103.6606,C,Cloud to Cloud,2026-07-06T19:20:41.113+08:00
2026-07-07 13:57:25,2026-07-06T19:22:00+08:00,2026-07-06T19:24:03+08:00,1.3738,103.6564,C,Cloud to Cloud,2026-07-06T19:20:41.113+08:00
2026-07-07 13:57:25,2026-07-06T19:22:00+08:00,2026-07-06T19:24:03+08:00,1.3775,103.6321,C,Cloud to Cloud,2026-07-06T19:20:41.118+08:00
2026-07-07 13:57:25,2026-07-06T19:22:00+08:00,2026-07-06T19:24:03+08:00,1.3797,103.6422,C,Cloud to Cloud,2026-07-06T19:20:41.119+08:00
2026-07-07 13:57:25,2026-07-06T19:22:00+08:00,2026-07-06T19:24:03+08:00,1.3914,103.6546,C,Cloud to Cloud,2026-07-06T19:20:41.119+08:00
2026-07-07 13:57:25,2026-07-06T19:22:00+08:00,2026-07-06T19:24:03+08:00,1.3917,103.6551,C,Cloud to Cloud,2026-07-06T19:20:41.119+08:00
2026-07-07 13:57:25,2026-07-06T19:22:00+08:00,2026-07-06T19:24:03+08:00,1.3973,103.6672,C,Cloud to Cloud,2026-07-06T19:20:41.13+08:00
2026-07-07 13:57:25,2026-07-06T19:22:00+08:00,2026-07-06T19:24:03+08:00,1.3831,103.6385,C,Cloud to Cloud,2026-07-06T19:20:41.13+08:00
2026-07-07 13:57:25,2026-07-06T19:22:00+08:00,2026-07-06T19:24:03+08:00,1.4044,103.6909,C,Cloud to Cloud,2026-07-06T19:20:41.13+08:00
2026-07-07 13:57:25,2026-07-06T19:22:00+08:00,2026-07-06T19:24:03+08:00,1.3931,103.6703,C,Cloud to Cloud,2026-07-06T19:20:41.131+08:00
2026-07-07 13:57:25,2026-07-06T19:22:00+08:00,2026-07-06T19:24:03+08:00,1.4109,103.6543,C,Cloud to Cloud,2026-07-06T19:20:41.173+08:00
2026-07-07 13:57:25,2026-07-06T19:22:00+08:00,2026-07-06T19:24:03+08:00,1.4103,103.6665,C,Cloud to Cloud,2026-07-06T19:20:41.173+08:00
2026-07-07 13:57:25,2026-07-06T19:22:00+08:00,2026-07-06T19:24:03+08:00,1.4119,103.6702,C,Cloud to Cloud,2026-07-06T19:20:41.174+08:00
2026-07-07 13:57:25,2026-07-06T19:22:00+08:00,2026-07-06T19:24:03+08:00,1.4097,103.6718,C,Cloud to Cloud,2026-07-06T19:20:41.174+08:00
2026-07-07 13:57:25,2026-07-06T19:22:00+08:00,2026-07-06T19:24:03+08:00,1.3956,103.6682,C,Cloud to Cloud,2026-07-06T19:20:41.174+08:00
2026-07-07 13:57:25,2026-07-06T19:22:00+08:00,2026-07-06T19:24:03+08:00,1.3956,103.6682,C,Cloud to Cloud,2026-07-06T19:20:41.174+08:00
2026-07-07 13:57:25,2026-07-06T19:22:00+08:00,2026-07-06T19:24:03+08:00,1.4108,103.6541,C,Cloud to Cloud,2026-07-06T19:20:41.217+08:00
2026-07-07 13:57:25,2026-07-06T19:22:00+08:00,2026-07-06T19:24:03+08:00,1.4013,103.6492,C,Cloud to Cloud,2026-07-06T19:20:41.217+08:00
2026-07-07 13:57:25,2026-07-06T19:22:00+08:00,2026-07-06T19:24:03+08:00,1.4117,103.6684,C,Cloud to Cloud,2026-07-06T19:20:41.217+08:00
2026-07-07 13:57:25,2026-07-06T19:22:00+08:00,2026-07-06T19:24:03+08:00,1.4127,103.6711,C,Cloud to Cloud,2026-07-06T19:20:41.217+08:00
2026-07-07 13:57:25,2026-07-06T19:22:00+08:00,2026-07-06T19:24:03+08:00,1.413,103.6757,C,Cloud to Cloud,2026-07-06T19:20:41.217+08:00
2026-07-07 13:57:25,2026-07-06T19:22:00+08:00,2026-07-06T19:24:03+08:00,1.4089,103.6738,C,Cloud to Cloud,2026-07-06T19:20:41.217+08:00
2026-07-07 13:57:25,2026-07-06T19:22:00+08:00,2026-07-06T19:24:03+08:00,1.3857,103.7017,C,Cloud to Cloud,2026-07-06T19:21:49.564+08:00
2026-07-07 13:57:25,2026-07-06T19:22:00+08:00,2026-07-06T19:24:03+08:00,1.3647,103.6778,C,Cloud to Cloud,2026-07-06T19:21:49.564+08:00
2026-07-07 13:57:25,2026-07-06T19:22:00+08:00,2026-07-06T19:24:03+08:00,1.3629,103.6765,C,Cloud to Cloud,2026-07-06T19:21:49.564+08:00
2026-07-07 13:57:25,2026-07-06T19:22:00+08:00,2026-07-06T19:24:03+08:00,1.3623,103.6748,C,Cloud to Cloud,2026-07-06T19:21:49.564+08:00
2026-07-07 13:57:25,2026-07-06T19:22:00+08:00,2026-07-06T19:24:03+08:00,1.364,103.6767,C,Cloud to Cloud,2026-07-06T19:21:49.564+08:00
2026-07-07 13:57:25,2026-07-06T19:22:00+08:00,2026-07-06T19:24:03+08:00,1.3633,103.6757,C,Cloud to Cloud,2026-07-06T19:21:49.564+08:00
2026-07-07 13:57:25,2026-07-06T19:22:00+08:00,2026-07-06T19:24:03+08:00,1.3768,103.6933,C,Cloud to Cloud,2026-07-06T19:21:49.565+08:00
2026-07-07 13:57:25,2026-07-06T19:22:00+08:00,2026-07-06T19:24:03+08:00,1.3891,103.6722,C,Cloud to Cloud,2026-07-06T19:21:49.565+08:00
2026-07-07 13:57:25,2026-07-06T19:22:00+08:00,2026-07-06T19:24:03+08:00,1.39,103.7085,C,Cloud to Cloud,2026-07-06T19:21:49.565+08:00
2026-07-07 13:57:25,2026-07-06T19:22:00+08:00,2026-07-06T19:24:03+08:00,1.3619,103.6806,C,Cloud to Cloud,2026-07-06T19:21:49.565+08:00
2026-07-07 13:57:25,2026-07-06T19:22:00+08:00,2026-07-06T19:24:03+08:00,1.3619,103.6806,C,Cloud to Cloud,2026-07-06T19:21:49.565+08:00
2026-07-07 13:57:25,2026-07-06T19:22:00+08:00,2026-07-06T19:24:03+08:00,1.3623,103.6803,C,Cloud to Cloud,2026-07-06T19:21:49.565+08:00
2026-07-07 13:57:25,2026-07-06T19:22:00+08:00,2026-07-06T19:24:03+08:00,1.3619,103.6798,C,Cloud to Cloud,2026-07-06T19:21:49.565+08:00
2026-07-07 13:57:25,2026-07-06T19:22:00+08:00,2026-07-06T19:24:03+08:00,1.3785,103.6832,C,Cloud to Cloud,2026-07-06T19:21:49.565+08:00
2026-07-07 13:57:25,2026-07-06T19:22:00+08:00,2026-07-06T19:24:03+08:00,1.3619,103.6818,C,Cloud to Cloud,2026-07-06T19:21:49.565+08:00
2026-07-07 13:57:25,2026-07-06T19:22:00+08:00,2026-07-06T19:24:03+08:00,1.3599,103.6805,C,Cloud to Cloud,2026-07-06T19:21:49.565+08:00
2026-07-07 13:57:25,2026-07-06T19:22:00+08:00,2026-07-06T19:24:03+08:00,1.3592,103.6802,C,Cloud to Cloud,2026-07-06T19:21:49.565+08:00
2026-07-07 13:57:25,2026-07-06T19:22:00+08:00,2026-07-06T19:24:03+08:00,1.3567,103.6775,C,Cloud to Cloud,2026-07-06T19:21:49.565+08:00
2026-07-07 13:57:25,2026-07-06T19:22:00+08:00,2026-07-06T19:24:03+08:00,1.3581,103.6779,C,Cloud to Cloud,2026-07-06T19:21:49.566+08:00
2026-07-07 13:57:25,2026-07-06T19:22:00+08:00,2026-07-06T19:24:03+08:00,1.3487,103.668,C,Cloud to Cloud,2026-07-06T19:21:49.566+08:00
2026-07-07 13:57:25,2026-07-06T19:22:00+08:00,2026-07-06T19:24:03+08:00,1.3569,103.6763,C,Cloud to Cloud,2026-07-06T19:21:49.566+08:00
2026-07-07 13:57:25,2026-07-06T19:22:00+08:00,2026-07-06T19:24:03+08:00,1.3646,103.6804,C,Cloud to Cloud,2026-07-06T19:21:49.566+08:00
2026-07-07 13:57:25,2026-07-06T19:22:00+08:00,2026-07-06T19:24:03+08:00,1.3646,103.6804,C,Cloud to Cloud,2026-07-06T19:21:49.567+08:00
2026-07-07 13:57:25,2026-07-06T19:22:00+08:00,2026-07-06T19:24:03+08:00,1.3523,103.6735,C,Cloud to Cloud,2026-07-06T19:21:49.567+08:00
2026-07-07 13:57:25,2026-07-06T19:22:00+08:00,2026-07-06T19:24:03+08:00,1.3502,103.672,C,Cloud to Cloud,2026-07-06T19:21:49.567+08:00
2026-07-07 13:57:25,2026-07-06T19:22:00+08:00,2026-07-06T19:24:03+08:00,1.35,103.6695,C,Cloud to Cloud,2026-07-06T19:21:49.568+08:00
2026-07-07 13:57:25,2026-07-06T19:22:00+08:00,2026-07-06T19:24:03+08:00,1.3669,103.6878,C,Cloud to Cloud,2026-07-06T19:21:49.568+08:00
2026-07-07 13:57:25,2026-07-06T19:22:00+08:00,2026-07-06T19:24:03+08:00,1.3509,103.6693,C,Cloud to Cloud,2026-07-06T19:21:49.568+08:00
2026-07-07 13:57:25,2026-07-06T19:22:00+08:00,2026-07-06T19:24:03+08:00,1.3561,103.6719,C,Cloud to Cloud,2026-07-06T19:21:49.569+08:00
2026-07-07 13:57:25,2026-07-06T19:22:00+08:00,2026-07-06T19:24:03+08:00,1.3561,103.6719,C,Cloud to Cloud,2026-07-06T19:21:49.569+08:00
2026-07-07 13:57:25,2026-07-06T19:22:00+08:00,2026-07-06T19:24:03+08:00,1.3531,103.6729,C,Cloud to Cloud,2026-07-06T19:21:49.569+08:00
2026-07-07 13:57:25,2026-07-06T19:22:00+08:00,2026-07-06T19:24:03+08:00,1.3507,103.6704,C,Cloud to Cloud,2026-07-06T19:21:49.569+08:00
2026-07-07 13:57:25,2026-07-06T19:22:00+08:00,2026-07-06T19:24:03+08:00,1.3565,103.6699,C,Cloud to Cloud,2026-07-06T19:21:49.569+08:00
2026-07-07 13:57:25,2026-07-06T19:22:00+08:00,2026-07-06T19:24:03+08:00,1.3565,103.6699,C,Cloud to Cloud,2026-07-06T19:21:49.57+08:00
2026-07-07 13:57:25,2026-07-06T19:22:00+08:00,2026-07-06T19:24:03+08:00,1.362,103.6696,C,Cloud to Cloud,2026-07-06T19:21:49.571+08:00
2026-07-07 13:57:25,2026-07-06T19:22:00+08:00,2026-07-06T19:24:03+08:00,1.362,103.6696,C,Cloud to Cloud,2026-07-06T19:21:49.571+08:00
2026-07-07 13:57:25,2026-07-06T19:22:00+08:00,2026-07-06T19:24:03+08:00,1.3648,103.6671,C,Cloud to Cloud,2026-07-06T19:21:49.577+08:00
2026-07-07 13:57:25,2026-07-06T19:22:00+08:00,2026-07-06T19:24:03+08:00,1.3648,103.6671,C,Cloud to Cloud,2026-07-06T19:21:49.577+08:00
2026-07-07 13:57:25,2026-07-06T19:22:00+08:00,2026-07-06T19:24:03+08:00,1.3595,103.6763,C,Cloud to Cloud,2026-07-06T19:21:49.578+08:00
2026-07-07 13:57:25,2026-07-06T19:22:00+08:00,2026-07-06T19:24:03+08:00,1.3595,103.6762,C,Cloud to Cloud,2026-07-06T19:21:49.578+08:00
2026-07-07 13:57:25,2026-07-06T19:22:00+08:00,2026-07-06T19:24:03+08:00,1.3627,103.6724,C,Cloud to Cloud,2026-07-06T19:21:49.579+08:00
2026-07-07 13:57:25,2026-07-06T19:22:00+08:00,2026-07-06T19:24:03+08:00,1.3664,103.6713,C,Cloud to Cloud,2026-07-06T19:21:49.579+08:00
2026-07-07 13:57:25,2026-07-06T19:22:00+08:00,2026-07-06T19:24:03+08:00,1.3471,103.663,C,Cloud to Cloud,2026-07-06T19:21:49.587+08:00
2026-07-07 13:57:25,2026-07-06T19:22:00+08:00,2026-07-06T19:24:03+08:00,1.3471,103.663,C,Cloud to Cloud,2026-07-06T19:21:49.588+08:00
2026-07-07 13:57:25,2026-07-06T19:22:00+08:00,2026-07-06T19:24:03+08:00,1.3475,103.662,C,Cloud to Cloud,2026-07-06T19:21:49.593+08:00
2026-07-07 13:57:25,2026-07-06T19:22:00+08:00,2026-07-06T19:24:03+08:00,1.3475,103.662,C,Cloud to Cloud,2026-07-06T19:21:49.593+08:00
2026-07-07 13:57:25,2026-07-06T19:22:00+08:00,2026-07-06T19:24:03+08:00,1.382,103.6714,C,Cloud to Cloud,2026-07-06T19:21:49.598+08:00
2026-07-07 13:57:25,2026-07-06T19:22:00+08:00,2026-07-06T19:24:03+08:00,1.382,103.6714,C,Cloud to Cloud,2026-07-06T19:21:49.598+08:00
2026-07-07 13:57:25,2026-07-06T19:22:00+08:00,2026-07-06T19:24:03+08:00,1.3872,103.6783,C,Cloud to Cloud,2026-07-06T19:21:49.6+08:00
2026-07-07 13:57:25,2026-07-06T19:22:00+08:00,2026-07-06T19:24:03+08:00,1.3961,103.6921,C,Cloud to Cloud,2026-07-06T19:21:49.6+08:00
2026-07-07 13:57:25,2026-07-06T19:22:00+08:00,2026-07-06T19:24:03+08:00,1.3885,103.6781,C,Cloud to Cloud,2026-07-06T19:21:49.6+08:00
2026-07-07 13:57:25,2026-07-06T19:22:00+08:00,2026-07-06T19:24:03+08:00,1.3889,103.6803,C,Cloud to Cloud,2026-07-06T19:21:49.6+08:00
2026-07-07 13:57:25,2026-07-06T19:22:00+08:00,2026-07-06T19:24:03+08:00,1.3825,103.6619,C,Cloud to Cloud,2026-07-06T19:21:49.605+08:00
2026-07-07 13:57:25,2026-07-06T19:22:00+08:00,2026-07-06T19:24:03+08:00,1.3825,103.6619,C,Cloud to Cloud,2026-07-06T19:21:49.605+08:00
2026-07-07 13:57:25,2026-07-06T19:22:00+08:00,2026-07-06T19:24:03+08:00,1.3776,103.6491,C,Cloud to Cloud,2026-07-06T19:21:49.606+08:00
2026-07-07 13:57:25,2026-07-06T19:22:00+08:00,2026-07-06T19:24:03+08:00,1.3649,103.6366,C,Cloud to Cloud,2026-07-06T19:21:49.606+08:00
2026-07-07 13:57:25,2026-07-06T19:22:00+08:00,2026-07-06T19:24:03+08:00,1.3703,103.6434,C,Cloud to Cloud,2026-07-06T19:21:49.617+08:00
2026-07-07 13:57:25,2026-07-06T19:22:00+08:00,2026-07-06T19:24:03+08:00,1.3703,103.6434,C,Cloud to Cloud,2026-07-06T19:21:49.617+08:00
2026-07-07 13:57:25,2026-07-06T19:22:00+08:00,2026-07-06T19:24:03+08:00,1.3723,103.6534,C,Cloud to Cloud,2026-07-06T19:21:49.623+08:00
2026-07-07 13:57:25,2026-07-06T19:22:00+08:00,2026-07-06T19:24:03+08:00,1.3934,103.6867,C,Cloud to Cloud,2026-07-06T19:21:49.623+08:00
2026-07-07 13:57:25,2026-07-06T19:22:00+08:00,2026-07-06T19:24:03+08:00,1.3738,103.6439,C,Cloud to Cloud,2026-07-06T19:21:49.629+08:00
2026-07-07 13:57:25,2026-07-06T19:22:00+08:00,2026-07-06T19:24:03+08:00,1.3738,103.6439,C,Cloud to Cloud,2026-07-06T19:21:49.629+08:00
2026-07-07 13:57:25,2026-07-06T19:22:00+08:00,2026-07-06T19:24:03+08:00,1.4066,103.6909,C,Cloud to Cloud,2026-07-06T19:21:49.662+08:00
2026-07-07 13:57:25,2026-07-06T19:22:00+08:00,2026-07-06T19:24:03+08:00,1.3788,103.6371,C,Cloud to Cloud,2026-07-06T19:21:49.662+08:00
2026-07-07 13:57:25,2026-07-06T19:22:00+08:00,2026-07-06T19:24:03+08:00,1.4014,103.6769,C,Cloud to Cloud,2026-07-06T19:21:49.663+08:00
2026-07-07 13:57:25,2026-07-06T19:22:00+08:00,2026-07-06T19:24:03+08:00,1.3821,103.638,C,Cloud to Cloud,2026-07-06T19:21:49.663+08:00
2026-07-07 13:57:25,2026-07-06T19:22:00+08:00,2026-07-06T19:24:03+08:00,1.3821,103.638,C,Cloud to Cloud,2026-07-06T19:21:49.663+08:00
2026-07-07 13:57:25,2026-07-06T19:22:00+08:00,2026-07-06T19:24:03+08:00,1.389,103.6328,C,Cloud to Cloud,2026-07-06T19:21:49.854+08:00
2026-07-07 13:57:25,2026-07-06T19:22:00+08:00,2026-07-06T19:24:03+08:00,1.3811,103.6744,C,Cloud to Cloud,2026-07-06T19:21:49.854+08:00
2026-07-07 13:57:25,2026-07-06T19:22:00+08:00,2026-07-06T19:24:03+08:00,1.3724,103.6615,C,Cloud to Cloud,2026-07-06T19:21:49.854+08:00
2026-07-07 13:57:25,2026-07-06T19:22:00+08:00,2026-07-06T19:24:03+08:00,1.3847,103.6556,C,Cloud to Cloud,2026-07-06T19:21:49.854+08:00
2026-07-07 13:57:25,2026-07-06T19:22:00+08:00,2026-07-06T19:24:03+08:00,1.3648,103.674,C,Cloud to Cloud,2026-07-06T19:21:49.854+08:00
2026-07-07 13:57:25,2026-07-06T19:22:00+08:00,2026-07-06T19:24:03+08:00,1.3375,103.7399,C,Cloud to Cloud,2026-07-06T19:21:49.854+08:00
2026-07-07 13:57:25,2026-07-06T19:22:00+08:00,2026-07-06T19:24:03+08:00,1.425,103.6629,C,Cloud to Cloud,2026-07-06T19:21:49.854+08:00
2026-07-07 13:57:25,2026-07-06T19:22:00+08:00,2026-07-06T19:24:03+08:00,1.3871,103.6869,C,Cloud to Cloud,2026-07-06T19:21:49.854+08:00
2026-07-07 13:57:25,2026-07-06T19:22:00+08:00,2026-07-06T19:24:03+08:00,1.3478,103.6343,C,Cloud to Cloud,2026-07-06T19:21:49.854+08:00
2026-07-07 13:57:25,2026-07-06T19:22:00+08:00,2026-07-06T19:24:03+08:00,1.3325,103.643,C,Cloud to Cloud,2026-07-06T19:21:49.855+08:00
2026-07-07 13:57:25,2026-07-06T19:22:00+08:00,2026-07-06T19:24:03+08:00,1.3479,103.6523,C,Cloud to Cloud,2026-07-06T19:21:49.855+08:00
2026-07-07 13:57:25,2026-07-06T19:22:00+08:00,2026-07-06T19:24:03+08:00,1.338,103.6624,C,Cloud to Cloud,2026-07-06T19:21:49.855+08:00
2026-07-07 13:57:25,2026-07-06T19:22:00+08:00,2026-07-06T19:24:03+08:00,1.3664,103.6025,C,Cloud to Cloud,2026-07-06T19:21:49.871+08:00
2026-07-07 13:57:25,2026-07-06T19:22:00+08:00,2026-07-06T19:24:03+08:00,1.3627,103.6749,C,Cloud to Cloud,2026-07-06T19:21:49.871+08:00
2026-07-07 13:57:25,2026-07-06T19:22:00+08:00,2026-07-06T19:24:03+08:00,1.3721,103.657,C,Cloud to Cloud,2026-07-06T19:21:49.871+08:00
2026-07-07 13:57:25,2026-07-06T19:22:00+08:00,2026-07-06T19:24:03+08:00,1.3729,103.6205,C,Cloud to Cloud,2026-07-06T19:21:49.871+08:00
2026-07-07 13:57:25,2026-07-06T19:22:00+08:00,2026-07-06T19:24:03+08:00,1.3402,103.6484,C,Cloud to Cloud,2026-07-06T19:21:49.871+08:00
2026-07-07 13:57:25,2026-07-06T19:22:00+08:00,2026-07-06T19:24:03+08:00,1.3283,103.6556,C,Cloud to Cloud,2026-07-06T19:21:49.871+08:00
2026-07-07 13:57:25,2026-07-06T19:22:00+08:00,2026-07-06T19:24:03+08:00,1.3283,103.6556,C,Cloud to Cloud,2026-07-06T19:21:49.871+08:00
2026-07-07 13:57:25,2026-07-06T19:22:00+08:00,2026-07-06T19:24:03+08:00,1.3229,103.6697,C,Cloud to Cloud,2026-07-06T19:21:49.873+08:00
2026-07-07 13:57:25,2026-07-06T19:22:00+08:00,2026-07-06T19:24:03+08:00,1.2846,103.6123,C,Cloud to Cloud,2026-07-06T19:21:49.873+08:00
2026-07-07 13:57:25,2026-07-06T19:22:00+08:00,2026-07-06T19:24:03+08:00,1.3229,103.6697,C,Cloud to Cloud,2026-07-06T19:21:49.874+08:00
2026-07-07 13:57:25,2026-07-06T19:22:00+08:00,2026-07-06T19:24:03+08:00,1.3153,103.6586,C,Cloud to Cloud,2026-07-06T19:21:49.886+08:00
2026-07-07 13:57:25,2026-07-06T19:22:00+08:00,2026-07-06T19:24:03+08:00,1.3153,103.6586,C,Cloud to Cloud,2026-07-06T19:21:49.886+08:00
2026-07-07 13:57:25,2026-07-06T19:22:00+08:00,2026-07-06T19:24:03+08:00,1.3848,103.5657,C,Cloud to Cloud,2026-07-06T19:21:49.894+08:00
2026-07-07 13:57:25,2026-07-06T19:22:00+08:00,2026-07-06T19:24:03+08:00,1.3691,103.65,C,Cloud to Cloud,2026-07-06T19:21:49.907+08:00
2026-07-07 13:57:25,2026-07-06T19:22:00+08:00,2026-07-06T19:24:03+08:00,1.3691,103.65,C,Cloud to Cloud,2026-07-06T19:21:49.907+08:00
2026-07-07 13:57:25,2026-07-06T19:22:00+08:00,2026-07-06T19:24:03+08:00,1.3726,103.6628,C,Cloud to Cloud,2026-07-06T19:21:49.908+08:00
2026-07-07 13:57:25,2026-07-06T19:22:00+08:00,2026-07-06T19:24:03+08:00,1.376,103.6863,C,Cloud to Cloud,2026-07-06T19:21:49.908+08:00
2026-07-07 13:57:25,2026-07-06T19:22:00+08:00,2026-07-06T19:24:03+08:00,1.3675,103.7116,C,Cloud to Cloud,2026-07-06T19:21:49.908+08:00
2026-07-07 13:57:25,2026-07-06T19:22:00+08:00,2026-07-06T19:24:03+08:00,1.3553,103.661,C,Cloud to Cloud,2026-07-06T19:21:49.908+08:00
2026-07-07 13:57:25,2026-07-06T19:22:00+08:00,2026-07-06T19:24:03+08:00,1.331,103.6578,C,Cloud to Cloud,2026-07-06T19:21:49.908+08:00
2026-07-07 13:57:25,2026-07-06T19:22:00+08:00,2026-07-06T19:24:03+08:00,1.3439,103.646,C,Cloud to Cloud,2026-07-06T19:21:49.921+08:00
2026-07-07 13:57:25,2026-07-06T19:22:00+08:00,2026-07-06T19:24:03+08:00,1.3439,103.646,C,Cloud to Cloud,2026-07-06T19:21:49.921+08:00
2026-07-07 13:57:25,2026-07-06T19:22:00+08:00,2026-07-06T19:24:03+08:00,1.3426,103.6589,C,Cloud to Cloud,2026-07-06T19:21:49.921+08:00
2026-07-07 13:57:25,2026-07-06T19:22:00+08:00,2026-07-06T19:24:03+08:00,1.3415,103.6799,C,Cloud to Cloud,2026-07-06T19:21:49.938+08:00
2026-07-07 13:57:25,2026-07-06T19:22:00+08:00,2026-07-06T19:24:03+08:00,1.3249,103.6707,C,Cloud to Cloud,2026-07-06T19:21:49.938+08:00
2026-07-07 13:57:25,2026-07-06T19:22:00+08:00,2026-07-06T19:24:03+08:00,1.2852,103.6485,G,Cloud to Ground,2026-07-06T19:21:49.938+08:00
2026-07-07 13:57:25,2026-07-06T19:22:00+08:00,2026-07-06T19:24:03+08:00,1.3361,103.6759,C,Cloud to Cloud,2026-07-06T19:21:49.938+08:00
2026-07-07 13:57:25,2026-07-06T19:22:00+08:00,2026-07-06T19:24:03+08:00,1.3383,103.6772,C,Cloud to Cloud,2026-07-06T19:21:49.938+08:00
2026-07-07 13:57:25,2026-07-06T19:22:00+08:00,2026-07-06T19:24:03+08:00,1.3165,103.6557,C,Cloud to Cloud,2026-07-06T19:21:49.938+08:00
2026-07-07 13:57:25,2026-07-06T19:22:00+08:00,2026-07-06T19:24:03+08:00,1.3466,103.6765,C,Cloud to Cloud,2026-07-06T19:21:49.938+08:00
2026-07-07 13:57:25,2026-07-06T19:22:00+08:00,2026-07-06T19:24:03+08:00,1.3214,103.6573,C,Cloud to Cloud,2026-07-06T19:21:49.939+08:00
2026-07-07 13:57:25,2026-07-06T19:22:00+08:00,2026-07-06T19:24:03+08:00,1.378,103.6973,C,Cloud to Cloud,2026-07-06T19:21:49.939+08:00
2026-07-07 13:57:25,2026-07-06T19:22:00+08:00,2026-07-06T19:24:03+08:00,1.3564,103.6732,C,Cloud to Cloud,2026-07-06T19:21:49.939+08:00
2026-07-07 13:57:25,2026-07-06T19:22:00+08:00,2026-07-06T19:24:03+08:00,1.393,103.6983,C,Cloud to Cloud,2026-07-06T19:21:49.939+08:00
2026-07-07 13:57:25,2026-07-06T19:22:00+08:00,2026-07-06T19:24:03+08:00,1.3131,103.6556,C,Cloud to Cloud,2026-07-06T19:21:49.971+08:00
2026-07-07 13:57:25,2026-07-06T19:22:00+08:00,2026-07-06T19:24:03+08:00,1.3415,103.6903,C,Cloud to Cloud,2026-07-06T19:21:49.987+08:00
2026-07-07 13:57:25,2026-07-06T19:22:00+08:00,2026-07-06T19:24:03+08:00,1.3324,103.6763,C,Cloud to Cloud,2026-07-06T19:21:49.988+08:00
2026-07-07 13:57:25,2026-07-06T19:22:00+08:00,2026-07-06T19:24:03+08:00,1.3301,103.6743,C,Cloud to Cloud,2026-07-06T19:21:49.988+08:00
2026-07-07 13:57:25,2026-07-06T19:22:00+08:00,2026-07-06T19:24:03+08:00,1.3256,103.677,C,Cloud to Cloud,2026-07-06T19:21:49.989+08:00
2026-07-07 13:57:25,2026-07-06T19:22:00+08:00,2026-07-06T19:24:03+08:00,1.2971,103.6348,C,Cloud to Cloud,2026-07-06T19:21:50.001+08:00
2026-07-07 13:57:25,2026-07-06T19:22:00+08:00,2026-07-06T19:24:03+08:00,1.3235,103.6712,C,Cloud to Cloud,2026-07-06T19:21:50.001+08:00
2026-07-07 13:57:25,2026-07-06T19:22:00+08:00,2026-07-06T19:24:03+08:00,1.3614,103.6724,C,Cloud to Cloud,2026-07-06T19:21:50.013+08:00
2026-07-07 13:57:25,2026-07-06T19:22:00+08:00,2026-07-06T19:24:03+08:00,1.3614,103.6724,C,Cloud to Cloud,2026-07-06T19:21:50.013+08:00
2026-07-07 13:57:25,2026-07-06T19:22:00+08:00,2026-07-06T19:24:03+08:00,1.3649,103.6723,C,Cloud to Cloud,2026-07-06T19:21:50.014+08:00
2026-07-07 13:57:25,2026-07-06T19:22:00+08:00,2026-07-06T19:24:03+08:00,1.3988,103.6672,C,Cloud to Cloud,2026-07-06T19:21:50.034+08:00
2026-07-07 13:57:25,2026-07-06T19:22:00+08:00,2026-07-06T19:24:03+08:00,1.3825,103.6335,C,Cloud to Cloud,2026-07-06T19:21:50.034+08:00
2026-07-07 13:57:25,2026-07-06T19:22:00+08:00,2026-07-06T19:24:03+08:00,1.3991,103.6717,C,Cloud to Cloud,2026-07-06T19:21:50.034+08:00
2026-07-07 13:57:25,2026-07-06T19:22:00+08:00,2026-07-06T19:24:03+08:00,1.3991,103.6717,C,Cloud to Cloud,2026-07-06T19:21:50.034+08:00
2026-07-07 13:57:25,2026-07-06T19:22:00+08:00,2026-07-06T19:24:03+08:00,1.3675,103.6039,C,Cloud to Cloud,2026-07-06T19:21:50.038+08:00
2026-07-07 13:57:25,2026-07-06T19:22:00+08:00,2026-07-06T19:24:03+08:00,1.4134,103.6666,C,Cloud to Cloud,2026-07-06T19:21:50.04+08:00
2026-07-07 13:57:25,2026-07-06T19:22:00+08:00,2026-07-06T19:24:03+08:00,1.4134,103.6666,C,Cloud to Cloud,2026-07-06T19:21:50.04+08:00
2026-07-07 13:57:25,2026-07-06T19:22:00+08:00,2026-07-06T19:24:03+08:00,1.3692,103.6826,C,Cloud to Cloud,2026-07-06T19:21:50.041+08:00
2026-07-07 13:57:25,2026-07-06T19:22:00+08:00,2026-07-06T19:24:03+08:00,1.3692,103.6826,C,Cloud to Cloud,2026-07-06T19:21:50.042+08:00
2026-07-07 13:57:25,2026-07-06T19:22:00+08:00,2026-07-06T19:24:03+08:00,1.3695,103.6868,C,Cloud to Cloud,2026-07-06T19:21:50.042+08:00
2026-07-07 13:57:25,2026-07-06T19:22:00+08:00,2026-07-06T19:24:03+08:00,1.3695,103.6868,C,Cloud to Cloud,2026-07-06T19:21:50.042+08:00
2026-07-07 13:57:25,2026-07-06T19:22:00+08:00,2026-07-06T19:24:03+08:00,1.3753,103.6974,C,Cloud to Cloud,2026-07-06T19:21:50.043+08:00
2026-07-07 13:57:25,2026-07-06T19:22:00+08:00,2026-07-06T19:24:03+08:00,1.3507,103.675,C,Cloud to Cloud,2026-07-06T19:21:50.043+08:00
2026-07-07 13:57:25,2026-07-06T19:22:00+08:00,2026-07-06T19:24:03+08:00,1.3169,103.6586,C,Cloud to Cloud,2026-07-06T19:21:50.043+08:00
2026-07-07 13:57:25,2026-07-06T19:22:00+08:00,2026-07-06T19:24:03+08:00,1.3165,103.6616,C,Cloud to Cloud,2026-07-06T19:21:50.043+08:00
2026-07-07 13:57:25,2026-07-06T19:22:00+08:00,2026-07-06T19:24:03+08:00,1.314,103.6591,C,Cloud to Cloud,2026-07-06T19:21:50.044+08:00
2026-07-07 13:57:25,2026-07-06T19:22:00+08:00,2026-07-06T19:24:03+08:00,1.3334,103.6742,C,Cloud to Cloud,2026-07-06T19:21:50.044+08:00
2026-07-07 13:57:25,2026-07-06T19:22:00+08:00,2026-07-06T19:24:03+08:00,1.3445,103.6874,C,Cloud to Cloud,2026-07-06T19:21:50.044+08:00
2026-07-07 13:57:25,2026-07-06T19:22:00+08:00,2026-07-06T19:24:03+08:00,1.2811,103.6457,C,Cloud to Cloud,2026-07-06T19:21:50.044+08:00
2026-07-07 13:57:25,2026-07-06T19:22:00+08:00,2026-07-06T19:24:03+08:00,1.3327,103.6742,C,Cloud to Cloud,2026-07-06T19:21:50.044+08:00
2026-07-07 13:57:25,2026-07-06T19:22:00+08:00,2026-07-06T19:24:03+08:00,1.389,103.7222,C,Cloud to Cloud,2026-07-06T19:21:50.044+08:00
2026-07-07 13:57:25,2026-07-06T19:22:00+08:00,2026-07-06T19:24:03+08:00,1.2915,103.6529,C,Cloud to Cloud,2026-07-06T19:21:50.044+08:00
2026-07-07 13:57:25,2026-07-06T19:22:00+08:00,2026-07-06T19:24:03+08:00,1.2864,103.6484,G,Cloud to Ground,2026-07-06T19:21:50.045+08:00
2026-07-07 13:57:25,2026-07-06T19:22:00+08:00,2026-07-06T19:24:03+08:00,1.3329,103.6716,C,Cloud to Cloud,2026-07-06T19:21:50.045+08:00
2026-07-07 13:57:25,2026-07-06T19:22:00+08:00,2026-07-06T19:24:03+08:00,1.3324,103.67,C,Cloud to Cloud,2026-07-06T19:21:50.045+08:00
2026-07-07 13:57:25,2026-07-06T19:22:00+08:00,2026-07-06T19:24:03+08:00,1.362,103.688,C,Cloud to Cloud,2026-07-06T19:21:50.045+08:00
2026-07-07 13:57:25,2026-07-06T19:22:00+08:00,2026-07-06T19:24:03+08:00,1.3899,103.6761,C,Cloud to Cloud,2026-07-06T19:21:50.045+08:00
2026-07-07 13:57:25,2026-07-06T19:22:00+08:00,2026-07-06T19:24:03+08:00,1.3899,103.6761,C,Cloud to Cloud,2026-07-06T19:21:50.045+08:00
2026-07-07 13:57:25,2026-07-06T19:22:00+08:00,2026-07-06T19:24:03+08:00,1.368,103.6303,C,Cloud to Cloud,2026-07-06T19:21:50.045+08:00
2026-07-07 13:57:25,2026-07-06T19:22:00+08:00,2026-07-06T19:24:03+08:00,1.3775,103.628,C,Cloud to Cloud,2026-07-06T19:21:50.046+08:00
2026-07-07 13:57:25,2026-07-06T19:22:00+08:00,2026-07-06T19:24:03+08:00,1.4076,103.4859,C,Cloud to Cloud,2026-07-06T19:21:50.046+08:00
2026-07-07 13:57:25,2026-07-06T19:22:00+08:00,2026-07-06T19:24:03+08:00,1.3782,103.6175,C,Cloud to Cloud,2026-07-06T19:21:50.046+08:00
2026-07-07 13:57:25,2026-07-06T19:22:00+08:00,2026-07-06T19:24:03+08:00,1.3819,103.6683,C,Cloud to Cloud,2026-07-06T19:21:50.046+08:00
2026-07-07 13:57:25,2026-07-06T19:22:00+08:00,2026-07-06T19:24:03+08:00,1.4097,103.6397,C,Cloud to Cloud,2026-07-06T19:21:50.046+08:00
2026-07-07 13:57:25,2026-07-06T19:22:00+08:00,2026-07-06T19:24:03+08:00,1.4029,103.6798,C,Cloud to Cloud,2026-07-06T19:21:50.046+08:00
2026-07-07 13:57:25,2026-07-06T19:22:00+08:00,2026-07-06T19:24:03+08:00,1.4019,103.6776,C,Cloud to Cloud,2026-07-06T19:21:50.046+08:00
2026-07-07 13:57:25,2026-07-06T19:22:00+08:00,2026-07-06T19:24:03+08:00,1.373,103.6354,C,Cloud to Cloud,2026-07-06T19:21:50.046+08:00
2026-07-07 13:57:25,2026-07-06T19:22:00+08:00,2026-07-06T19:24:03+08:00,1.3761,103.6417,C,Cloud to Cloud,2026-07-06T19:21:50.051+08:00
2026-07-07 13:57:25,2026-07-06T19:22:00+08:00,2026-07-06T19:24:03+08:00,1.3748,103.6413,C,Cloud to Cloud,2026-07-06T19:21:50.051+08:00
2026-07-07 13:57:25,2026-07-06T19:22:00+08:00,2026-07-06T19:24:03+08:00,1.3841,103.6458,C,Cloud to Cloud,2026-07-06T19:21:50.051+08:00
2026-07-07 13:57:25,2026-07-06T19:22:00+08:00,2026-07-06T19:24:03+08:00,1.3841,103.6458,C,Cloud to Cloud,2026-07-06T19:21:50.051+08:00
2026-07-07 13:57:25,2026-07-06T19:22:00+08:00,2026-07-06T19:24:03+08:00,1.3753,103.6389,C,Cloud to Cloud,2026-07-06T19:21:50.067+08:00
2026-07-07 13:57:25,2026-07-06T19:22:00+08:00,2026-07-06T19:24:03+08:00,1.3763,103.6395,C,Cloud to Cloud,2026-07-06T19:21:50.067+08:00
2026-07-07 13:57:25,2026-07-06T19:22:00+08:00,2026-07-06T19:24:03+08:00,1.3874,103.6857,C,Cloud to Cloud,2026-07-06T19:21:50.076+08:00
2026-07-07 13:57:25,2026-07-06T19:22:00+08:00,2026-07-06T19:24:03+08:00,1.3874,103.6857,C,Cloud to Cloud,2026-07-06T19:21:50.076+08:00
2026-07-07 13:57:25,2026-07-06T19:22:00+08:00,2026-07-06T19:24:03+08:00,1.3957,103.6823,C,Cloud to Cloud,2026-07-06T19:21:50.094+08:00
2026-07-07 13:57:25,2026-07-06T19:22:00+08:00,2026-07-06T19:24:03+08:00,1.3957,103.6823,C,Cloud to Cloud,2026-07-06T19:21:50.094+08:00
2026-07-07 13:57:25,2026-07-06T19:22:00+08:00,2026-07-06T19:24:03+08:00,1.3799,103.6414,C,Cloud to Cloud,2026-07-06T19:21:50.097+08:00
2026-07-07 13:57:25,2026-07-06T19:22:00+08:00,2026-07-06T19:24:03+08:00,1.38,103.6414,C,Cloud to Cloud,2026-07-06T19:21:50.097+08:00
2026-07-07 13:57:25,2026-07-06T19:22:00+08:00,2026-07-06T19:24:03+08:00,1.3837,103.6422,C,Cloud to Cloud,2026-07-06T19:21:50.097+08:00
2026-07-07 13:57:25,2026-07-06T19:22:00+08:00,2026-07-06T19:24:03+08:00,1.4009,103.6723,C,Cloud to Cloud,2026-07-06T19:21:50.104+08:00
2026-07-07 13:57:25,2026-07-06T19:22:00+08:00,2026-07-06T19:24:03+08:00,1.4009,103.6723,C,Cloud to Cloud,2026-07-06T19:21:50.104+08:00
2026-07-07 13:57:25,2026-07-06T19:22:00+08:00,2026-07-06T19:24:03+08:00,1.4001,103.6689,C,Cloud to Cloud,2026-07-06T19:21:50.104+08:00
2026-07-07 13:57:25,2026-07-06T19:22:00+08:00,2026-07-06T19:24:03+08:00,1.377,103.6204,C,Cloud to Cloud,2026-07-06T19:21:50.104+08:00
2026-07-07 13:57:25,2026-07-06T19:22:00+08:00,2026-07-06T19:24:03+08:00,1.3882,103.6726,C,Cloud to Cloud,2026-07-06T19:21:50.112+08:00
2026-07-07 13:57:25,2026-07-06T19:22:00+08:00,2026-07-06T19:24:03+08:00,1.3882,103.6726,C,Cloud to Cloud,2026-07-06T19:21:50.112+08:00
2026-07-07 13:57:25,2026-07-06T19:22:00+08:00,2026-07-06T19:24:03+08:00,1.3674,103.6936,C,Cloud to Cloud,2026-07-06T19:21:50.128+08:00
2026-07-07 13:57:25,2026-07-06T19:22:00+08:00,2026-07-06T19:24:03+08:00,1.3674,103.6936,C,Cloud to Cloud,2026-07-06T19:21:50.129+08:00
2026-07-07 13:57:25,2026-07-06T19:22:00+08:00,2026-07-06T19:24:03+08:00,1.4083,103.6813,C,Cloud to Cloud,2026-07-06T19:21:50.135+08:00
2026-07-07 13:57:25,2026-07-06T19:22:00+08:00,2026-07-06T19:24:03+08:00,1.4083,103.6813,C,Cloud to Cloud,2026-07-06T19:21:50.135+08:00
2026-07-07 13:57:25,2026-07-06T19:22:00+08:00,2026-07-06T19:24:03+08:00,1.4031,103.6243,C,Cloud to Cloud,2026-07-06T19:21:50.141+08:00
2026-07-07 13:57:25,2026-07-06T19:22:00+08:00,2026-07-06T19:24:03+08:00,1.4031,103.6243,C,Cloud to Cloud,2026-07-06T19:21:50.141+08:00
2026-07-07 13:57:25,2026-07-06T19:22:00+08:00,2026-07-06T19:24:03+08:00,1.3687,103.6235,C,Cloud to Cloud,2026-07-06T19:21:50.147+08:00
2026-07-07 13:57:25,2026-07-06T19:22:00+08:00,2026-07-06T19:24:03+08:00,1.3947,103.6738,C,Cloud to Cloud,2026-07-06T19:21:50.147+08:00
2026-07-07 13:57:25,2026-07-06T19:22:00+08:00,2026-07-06T19:24:03+08:00,1.3732,103.6344,C,Cloud to Cloud,2026-07-06T19:21:50.147+08:00
2026-07-07 13:57:25,2026-07-06T19:22:00+08:00,2026-07-06T19:24:03+08:00,1.4038,103.6815,C,Cloud to Cloud,2026-07-06T19:21:50.147+08:00
2026-07-07 13:57:25,2026-07-06T19:22:00+08:00,2026-07-06T19:24:03+08:00,1.3882,103.6259,C,Cloud to Cloud,2026-07-06T19:21:50.148+08:00
2026-07-07 13:57:25,2026-07-06T19:22:00+08:00,2026-07-06T19:24:03+08:00,1.4061,103.686,C,Cloud to Cloud,2026-07-06T19:21:50.148+08:00
2026-07-07 13:57:25,2026-07-06T19:22:00+08:00,2026-07-06T19:24:03+08:00,1.3758,103.646,C,Cloud to Cloud,2026-07-06T19:21:50.148+08:00
2026-07-07 13:57:25,2026-07-06T19:22:00+08:00,2026-07-06T19:24:03+08:00,1.3879,103.6489,C,Cloud to Cloud,2026-07-06T19:21:50.148+08:00
2026-07-07 13:57:25,2026-07-06T19:22:00+08:00,2026-07-06T19:24:03+08:00,1.4103,103.6927,C,Cloud to Cloud,2026-07-06T19:21:50.148+08:00
2026-07-07 13:57:25,2026-07-06T19:22:00+08:00,2026-07-06T19:24:03+08:00,1.3848,103.6721,C,Cloud to Cloud,2026-07-06T19:21:50.148+08:00
2026-07-07 13:57:25,2026-07-06T19:22:00+08:00,2026-07-06T19:24:03+08:00,1.3786,103.6621,C,Cloud to Cloud,2026-07-06T19:21:50.148+08:00
2026-07-07 13:57:25,2026-07-06T19:22:00+08:00,2026-07-06T19:24:03+08:00,1.3816,103.6735,C,Cloud to Cloud,2026-07-06T19:21:50.148+08:00
2026-07-07 13:57:25,2026-07-06T19:22:00+08:00,2026-07-06T19:24:03+08:00,1.3759,103.6924,C,Cloud to Cloud,2026-07-06T19:21:50.148+08:00
2026-07-07 13:57:25,2026-07-06T19:22:00+08:00,2026-07-06T19:24:03+08:00,1.3769,103.6916,C,Cloud to Cloud,2026-07-06T19:21:50.149+08:00
2026-07-07 13:57:25,2026-07-06T19:22:00+08:00,2026-07-06T19:24:03+08:00,1.3709,103.6931,C,Cloud to Cloud,2026-07-06T19:21:50.149+08:00
2026-07-07 13:57:25,2026-07-06T19:22:00+08:00,2026-07-06T19:24:03+08:00,1.3716,103.6342,C,Cloud to Cloud,2026-07-06T19:21:50.167+08:00
2026-07-07 13:57:25,2026-07-06T19:22:00+08:00,2026-07-06T19:24:03+08:00,1.3753,103.6333,C,Cloud to Cloud,2026-07-06T19:21:50.167+08:00
2026-07-07 13:57:25,2026-07-06T19:22:00+08:00,2026-07-06T19:24:03+08:00,1.3766,103.6391,C,Cloud to Cloud,2026-07-06T19:21:50.167+08:00
2026-07-07 13:57:25,2026-07-06T19:22:00+08:00,2026-07-06T19:24:03+08:00,1.4096,103.6158,C,Cloud to Cloud,2026-07-06T19:21:50.223+08:00
2026-07-07 13:57:25,2026-07-06T19:22:00+08:00,2026-07-06T19:24:03+08:00,1.4096,103.6158,C,Cloud to Cloud,2026-07-06T19:21:50.223+08:00
2026-07-07 13:57:25,2026-07-06T19:20:00+08:00,2026-07-06T19:22:02+08:00,1.3778,103.6706,C,Cloud to Cloud,2026-07-06T19:18:02.002+08:00
2026-07-07 13:57:25,2026-07-06T19:20:00+08:00,2026-07-06T19:22:02+08:00,1.3778,103.6706,C,Cloud to Cloud,2026-07-06T19:18:02.002+08:00
2026-07-07 13:57:25,2026-07-06T19:20:00+08:00,2026-07-06T19:22:02+08:00,1.3761,103.6699,C,Cloud to Cloud,2026-07-06T19:18:02.002+08:00
2026-07-07 13:57:25,2026-07-06T19:20:00+08:00,2026-07-06T19:22:02+08:00,1.376,103.675,C,Cloud to Cloud,2026-07-06T19:18:02.003+08:00
2026-07-07 13:57:25,2026-07-06T19:20:00+08:00,2026-07-06T19:22:02+08:00,1.3998,103.6654,C,Cloud to Cloud,2026-07-06T19:18:02.003+08:00
2026-07-07 13:57:25,2026-07-06T19:20:00+08:00,2026-07-06T19:22:02+08:00,1.3771,103.6749,C,Cloud to Cloud,2026-07-06T19:18:02.003+08:00
2026-07-07 13:57:25,2026-07-06T19:20:00+08:00,2026-07-06T19:22:02+08:00,1.3703,103.6663,C,Cloud to Cloud,2026-07-06T19:18:02.004+08:00
2026-07-07 13:57:25,2026-07-06T19:20:00+08:00,2026-07-06T19:22:02+08:00,1.3703,103.6663,C,Cloud to Cloud,2026-07-06T19:18:02.004+08:00
2026-07-07 13:57:25,2026-07-06T19:20:00+08:00,2026-07-06T19:22:02+08:00,1.3667,103.6585,C,Cloud to Cloud,2026-07-06T19:18:02.007+08:00
2026-07-07 13:57:25,2026-07-06T19:20:00+08:00,2026-07-06T19:22:02+08:00,1.3667,103.6585,C,Cloud to Cloud,2026-07-06T19:18:02.007+08:00
2026-07-07 13:57:25,2026-07-06T19:20:00+08:00,2026-07-06T19:22:02+08:00,1.3675,103.6573,C,Cloud to Cloud,2026-07-06T19:18:02.008+08:00
2026-07-07 13:57:25,2026-07-06T19:20:00+08:00,2026-07-06T19:22:02+08:00,1.3808,103.719,C,Cloud to Cloud,2026-07-06T19:18:02.008+08:00
2026-07-07 13:57:25,2026-07-06T19:20:00+08:00,2026-07-06T19:22:02+08:00,1.382,103.6718,C,Cloud to Cloud,2026-07-06T19:18:02.01+08:00
2026-07-07 13:57:25,2026-07-06T19:20:00+08:00,2026-07-06T19:22:02+08:00,1.3814,103.6698,C,Cloud to Cloud,2026-07-06T19:18:02.01+08:00
2026-07-07 13:57:25,2026-07-06T19:20:00+08:00,2026-07-06T19:22:02+08:00,1.3845,103.6759,C,Cloud to Cloud,2026-07-06T19:18:02.055+08:00
2026-07-07 13:57:25,2026-07-06T19:20:00+08:00,2026-07-06T19:22:02+08:00,1.3845,103.6759,C,Cloud to Cloud,2026-07-06T19:18:02.056+08:00
2026-07-07 13:57:25,2026-07-06T19:20:00+08:00,2026-07-06T19:22:02+08:00,1.3814,103.6755,C,Cloud to Cloud,2026-07-06T19:18:02.144+08:00
2026-07-07 13:57:25,2026-07-06T19:20:00+08:00,2026-07-06T19:22:02+08:00,1.3814,103.6755,C,Cloud to Cloud,2026-07-06T19:18:02.144+08:00
2026-07-07 13:57:25,2026-07-06T19:20:00+08:00,2026-07-06T19:22:02+08:00,1.393,103.6811,C,Cloud to Cloud,2026-07-06T19:18:02.209+08:00
2026-07-07 13:57:25,2026-07-06T19:20:00+08:00,2026-07-06T19:22:02+08:00,1.3986,103.6765,C,Cloud to Cloud,2026-07-06T19:18:02.21+08:00
2026-07-07 13:57:25,2026-07-06T19:20:00+08:00,2026-07-06T19:22:02+08:00,1.3983,103.6773,C,Cloud to Cloud,2026-07-06T19:18:02.21+08:00
2026-07-07 13:57:25,2026-07-06T19:20:00+08:00,2026-07-06T19:22:02+08:00,1.3916,103.6726,C,Cloud to Cloud,2026-07-06T19:18:02.21+08:00
2026-07-07 13:57:25,2026-07-06T19:20:00+08:00,2026-07-06T19:22:02+08:00,1.3916,103.6726,C,Cloud to Cloud,2026-07-06T19:18:02.21+08:00
2026-07-07 13:57:25,2026-07-06T19:20:00+08:00,2026-07-06T19:22:02+08:00,1.3773,103.6604,C,Cloud to Cloud,2026-07-06T19:18:02.286+08:00
2026-07-07 13:57:25,2026-07-06T19:20:00+08:00,2026-07-06T19:22:02+08:00,1.3873,103.6763,C,Cloud to Cloud,2026-07-06T19:18:02.287+08:00
2026-07-07 13:57:25,2026-07-06T19:20:00+08:00,2026-07-06T19:22:02+08:00,1.3838,103.6743,C,Cloud to Cloud,2026-07-06T19:18:02.287+08:00
2026-07-07 13:57:25,2026-07-06T19:20:00+08:00,2026-07-06T19:22:02+08:00,1.3972,103.695,C,Cloud to Cloud,2026-07-06T19:18:02.287+08:00
2026-07-07 13:57:25,2026-07-06T19:20:00+08:00,2026-07-06T19:22:02+08:00,1.3993,103.6959,C,Cloud to Cloud,2026-07-06T19:18:02.287+08:00
2026-07-07 13:57:25,2026-07-06T19:20:00+08:00,2026-07-06T19:22:02+08:00,1.3793,103.6709,C,Cloud to Cloud,2026-07-06T19:18:02.287+08:00
2026-07-07 13:57:25,2026-07-06T19:20:00+08:00,2026-07-06T19:22:02+08:00,1.3789,103.6687,C,Cloud to Cloud,2026-07-06T19:18:02.287+08:00
2026-07-07 13:57:25,2026-07-06T19:20:00+08:00,2026-07-06T19:22:02+08:00,1.383,103.6636,C,Cloud to Cloud,2026-07-06T19:18:02.292+08:00
2026-07-07 13:57:25,2026-07-06T19:20:00+08:00,2026-07-06T19:22:02+08:00,1.383,103.6636,C,Cloud to Cloud,2026-07-06T19:18:02.292+08:00
2026-07-07 13:57:25,2026-07-06T19:20:00+08:00,2026-07-06T19:22:02+08:00,1.3968,103.663,C,Cloud to Cloud,2026-07-06T19:18:02.299+08:00
2026-07-07 13:57:25,2026-07-06T19:20:00+08:00,2026-07-06T19:22:02+08:00,1.3727,103.6127,C,Cloud to Cloud,2026-07-06T19:18:02.3+08:00
2026-07-07 13:57:25,2026-07-06T19:20:00+08:00,2026-07-06T19:22:02+08:00,1.3984,103.6688,C,Cloud to Cloud,2026-07-06T19:18:02.3+08:00
2026-07-07 13:57:25,2026-07-06T19:20:00+08:00,2026-07-06T19:22:02+08:00,1.383,103.6748,C,Cloud to Cloud,2026-07-06T19:18:02.309+08:00
2026-07-07 13:57:25,2026-07-06T19:20:00+08:00,2026-07-06T19:22:02+08:00,1.3911,103.687,C,Cloud to Cloud,2026-07-06T19:18:02.309+08:00
2026-07-07 13:57:25,2026-07-06T19:20:00+08:00,2026-07-06T19:22:02+08:00,1.3821,103.6738,C,Cloud to Cloud,2026-07-06T19:18:02.309+08:00
2026-07-07 13:57:25,2026-07-06T19:20:00+08:00,2026-07-06T19:22:02+08:00,1.3882,103.6575,C,Cloud to Cloud,2026-07-06T19:18:02.318+08:00
2026-07-07 13:57:25,2026-07-06T19:20:00+08:00,2026-07-06T19:22:02+08:00,1.3862,103.656,C,Cloud to Cloud,2026-07-06T19:18:02.318+08:00
2026-07-07 13:57:25,2026-07-06T19:20:00+08:00,2026-07-06T19:22:02+08:00,1.3921,103.6398,C,Cloud to Cloud,2026-07-06T19:18:02.34+08:00
2026-07-07 13:57:25,2026-07-06T19:20:00+08:00,2026-07-06T19:22:02+08:00,1.3919,103.6327,C,Cloud to Cloud,2026-07-06T19:18:02.34+08:00
2026-07-07 13:57:25,2026-07-06T19:20:00+08:00,2026-07-06T19:22:02+08:00,1.4048,103.7007,C,Cloud to Cloud,2026-07-06T19:18:02.341+08:00
2026-07-07 13:57:25,2026-07-06T19:20:00+08:00,2026-07-06T19:22:02+08:00,1.3892,103.6642,C,Cloud to Cloud,2026-07-06T19:18:02.341+08:00
2026-07-07 13:57:25,2026-07-06T19:20:00+08:00,2026-07-06T19:22:02+08:00,1.3762,103.6529,C,Cloud to Cloud,2026-07-06T19:18:02.341+08:00
2026-07-07 13:57:25,2026-07-06T19:20:00+08:00,2026-07-06T19:22:02+08:00,1.3818,103.6595,C,Cloud to Cloud,2026-07-06T19:18:02.341+08:00
2026-07-07 13:57:25,2026-07-06T19:20:00+08:00,2026-07-06T19:22:02+08:00,1.3818,103.6595,C,Cloud to Cloud,2026-07-06T19:18:02.341+08:00
2026-07-07 13:57:25,2026-07-06T19:20:00+08:00,2026-07-06T19:22:02+08:00,1.3763,103.661,C,Cloud to Cloud,2026-07-06T19:18:02.396+08:00
2026-07-07 13:57:25,2026-07-06T19:20:00+08:00,2026-07-06T19:22:02+08:00,1.3988,103.6972,C,Cloud to Cloud,2026-07-06T19:18:02.396+08:00
2026-07-07 13:57:25,2026-07-06T19:20:00+08:00,2026-07-06T19:22:02+08:00,1.3858,103.6474,C,Cloud to Cloud,2026-07-06T19:18:02.396+08:00
2026-07-07 13:57:25,2026-07-06T19:20:00+08:00,2026-07-06T19:22:02+08:00,1.3794,103.6558,C,Cloud to Cloud,2026-07-06T19:18:02.396+08:00
2026-07-07 13:57:25,2026-07-06T19:20:00+08:00,2026-07-06T19:22:02+08:00,1.3656,103.6432,C,Cloud to Cloud,2026-07-06T19:19:03.62+08:00
2026-07-07 13:57:25,2026-07-06T19:20:00+08:00,2026-07-06T19:22:02+08:00,1.3657,103.6431,C,Cloud to Cloud,2026-07-06T19:19:03.62+08:00
2026-07-07 13:57:25,2026-07-06T19:20:00+08:00,2026-07-06T19:22:02+08:00,1.3648,103.6419,C,Cloud to Cloud,2026-07-06T19:19:03.62+08:00
2026-07-07 13:57:25,2026-07-06T19:20:00+08:00,2026-07-06T19:22:02+08:00,1.3651,103.6417,C,Cloud to Cloud,2026-07-06T19:19:03.621+08:00
2026-07-07 13:57:25,2026-07-06T19:20:00+08:00,2026-07-06T19:22:02+08:00,1.3652,103.6416,C,Cloud to Cloud,2026-07-06T19:19:03.621+08:00
2026-07-07 13:57:25,2026-07-06T19:20:00+08:00,2026-07-06T19:22:02+08:00,1.3651,103.6434,C,Cloud to Cloud,2026-07-06T19:19:03.621+08:00
2026-07-07 13:57:25,2026-07-06T19:20:00+08:00,2026-07-06T19:22:02+08:00,1.3716,103.6536,C,Cloud to Cloud,2026-07-06T19:19:03.621+08:00
2026-07-07 13:57:25,2026-07-06T19:20:00+08:00,2026-07-06T19:22:02+08:00,1.364,103.6426,C,Cloud to Cloud,2026-07-06T19:19:03.621+08:00
2026-07-07 13:57:25,2026-07-06T19:20:00+08:00,2026-07-06T19:22:02+08:00,1.365,103.6429,C,Cloud to Cloud,2026-07-06T19:19:03.621+08:00
2026-07-07 13:57:25,2026-07-06T19:20:00+08:00,2026-07-06T19:22:02+08:00,1.3796,103.6657,C,Cloud to Cloud,2026-07-06T19:19:03.621+08:00
2026-07-07 13:57:25,2026-07-06T19:20:00+08:00,2026-07-06T19:22:02+08:00,1.363,103.6411,C,Cloud to Cloud,2026-07-06T19:19:03.622+08:00
2026-07-07 13:57:25,2026-07-06T19:20:00+08:00,2026-07-06T19:22:02+08:00,1.3786,103.6652,C,Cloud to Cloud,2026-07-06T19:19:03.622+08:00
2026-07-07 13:57:25,2026-07-06T19:20:00+08:00,2026-07-06T19:22:02+08:00,1.3607,103.6414,C,Cloud to Cloud,2026-07-06T19:19:03.622+08:00
2026-07-07 13:57:25,2026-07-06T19:20:00+08:00,2026-07-06T19:22:02+08:00,1.361,103.6401,C,Cloud to Cloud,2026-07-06T19:19:03.622+08:00
2026-07-07 13:57:25,2026-07-06T19:20:00+08:00,2026-07-06T19:22:02+08:00,1.3593,103.638,C,Cloud to Cloud,2026-07-06T19:19:03.623+08:00
2026-07-07 13:57:25,2026-07-06T19:20:00+08:00,2026-07-06T19:22:02+08:00,1.3594,103.6379,C,Cloud to Cloud,2026-07-06T19:19:03.623+08:00
2026-07-07 13:57:25,2026-07-06T19:20:00+08:00,2026-07-06T19:22:02+08:00,1.3559,103.6356,C,Cloud to Cloud,2026-07-06T19:19:03.623+08:00
2026-07-07 13:57:25,2026-07-06T19:20:00+08:00,2026-07-06T19:22:02+08:00,1.3759,103.6302,C,Cloud to Cloud,2026-07-06T19:19:03.623+08:00
2026-07-07 13:57:25,2026-07-06T19:20:00+08:00,2026-07-06T19:22:02+08:00,1.3553,103.6351,C,Cloud to Cloud,2026-07-06T19:19:03.623+08:00
2026-07-07 13:57:25,2026-07-06T19:20:00+08:00,2026-07-06T19:22:02+08:00,1.3487,103.6525,C,Cloud to Cloud,2026-07-06T19:19:03.625+08:00
2026-07-07 13:57:25,2026-07-06T19:20:00+08:00,2026-07-06T19:22:02+08:00,1.3525,103.6462,C,Cloud to Cloud,2026-07-06T19:19:03.625+08:00
2026-07-07 13:57:25,2026-07-06T19:20:00+08:00,2026-07-06T19:22:02+08:00,1.3381,103.62,C,Cloud to Cloud,2026-07-06T19:19:03.626+08:00
2026-07-07 13:57:25,2026-07-06T19:20:00+08:00,2026-07-06T19:22:02+08:00,1.3547,103.6433,C,Cloud to Cloud,2026-07-06T19:19:03.626+08:00
2026-07-07 13:57:25,2026-07-06T19:20:00+08:00,2026-07-06T19:22:02+08:00,1.3435,103.6681,C,Cloud to Cloud,2026-07-06T19:19:03.626+08:00
2026-07-07 13:57:25,2026-07-06T19:20:00+08:00,2026-07-06T19:22:02+08:00,1.345,103.6661,C,Cloud to Cloud,2026-07-06T19:19:03.626+08:00
2026-07-07 13:57:25,2026-07-06T19:20:00+08:00,2026-07-06T19:22:02+08:00,1.3413,103.6743,C,Cloud to Cloud,2026-07-06T19:19:03.627+08:00
2026-07-07 13:57:25,2026-07-06T19:20:00+08:00,2026-07-06T19:22:02+08:00,1.3454,103.6667,C,Cloud to Cloud,2026-07-06T19:19:03.627+08:00
2026-07-07 13:57:25,2026-07-06T19:20:00+08:00,2026-07-06T19:22:02+08:00,1.3326,103.6239,C,Cloud to Cloud,2026-07-06T19:19:03.632+08:00
2026-07-07 13:57:25,2026-07-06T19:20:00+08:00,2026-07-06T19:22:02+08:00,1.3463,103.6572,C,Cloud to Cloud,2026-07-06T19:19:03.633+08:00
2026-07-07 13:57:25,2026-07-06T19:20:00+08:00,2026-07-06T19:22:02+08:00,1.3463,103.6572,C,Cloud to Cloud,2026-07-06T19:19:03.633+08:00
2026-07-07 13:57:25,2026-07-06T19:20:00+08:00,2026-07-06T19:22:02+08:00,1.3663,103.6425,C,Cloud to Cloud,2026-07-06T19:19:03.646+08:00
2026-07-07 13:57:25,2026-07-06T19:20:00+08:00,2026-07-06T19:22:02+08:00,1.3572,103.6279,C,Cloud to Cloud,2026-07-06T19:19:03.646+08:00
2026-07-07 13:57:25,2026-07-06T19:20:00+08:00,2026-07-06T19:22:02+08:00,1.3722,103.7163,C,Cloud to Cloud,2026-07-06T19:19:03.646+08:00
2026-07-07 13:57:25,2026-07-06T19:20:00+08:00,2026-07-06T19:22:02+08:00,1.3384,103.6819,C,Cloud to Cloud,2026-07-06T19:19:03.657+08:00
2026-07-07 13:57:25,2026-07-06T19:20:00+08:00,2026-07-06T19:22:02+08:00,1.3371,103.687,C,Cloud to Cloud,2026-07-06T19:19:03.658+08:00
2026-07-07 13:57:25,2026-07-06T19:20:00+08:00,2026-07-06T19:22:02+08:00,1.3376,103.6808,C,Cloud to Cloud,2026-07-06T19:19:03.658+08:00
2026-07-07 13:57:25,2026-07-06T19:20:00+08:00,2026-07-06T19:22:02+08:00,1.3385,103.6816,C,Cloud to Cloud,2026-07-06T19:19:03.658+08:00
2026-07-07 13:57:25,2026-07-06T19:20:00+08:00,2026-07-06T19:22:02+08:00,1.3393,103.6806,C,Cloud to Cloud,2026-07-06T19:19:03.659+08:00
2026-07-07 13:57:25,2026-07-06T19:20:00+08:00,2026-07-06T19:22:02+08:00,1.3402,103.6848,C,Cloud to Cloud,2026-07-06T19:19:03.66+08:00
2026-07-07 13:57:25,2026-07-06T19:20:00+08:00,2026-07-06T19:22:02+08:00,1.3412,103.6825,C,Cloud to Cloud,2026-07-06T19:19:03.661+08:00
2026-07-07 13:57:25,2026-07-06T19:20:00+08:00,2026-07-06T19:22:02+08:00,1.343,103.6815,C,Cloud to Cloud,2026-07-06T19:19:03.661+08:00
2026-07-07 13:57:25,2026-07-06T19:20:00+08:00,2026-07-06T19:22:02+08:00,1.323,103.6634,C,Cloud to Cloud,2026-07-06T19:19:03.661+08:00
2026-07-07 13:57:25,2026-07-06T19:20:00+08:00,2026-07-06T19:22:02+08:00,1.3412,103.6838,C,Cloud to Cloud,2026-07-06T19:19:03.661+08:00
2026-07-07 13:57:25,2026-07-06T19:20:00+08:00,2026-07-06T19:22:02+08:00,1.3425,103.6864,C,Cloud to Cloud,2026-07-06T19:19:03.661+08:00
2026-07-07 13:57:25,2026-07-06T19:20:00+08:00,2026-07-06T19:22:02+08:00,1.3415,103.6851,C,Cloud to Cloud,2026-07-06T19:19:03.661+08:00
2026-07-07 13:57:25,2026-07-06T19:20:00+08:00,2026-07-06T19:22:02+08:00,1.3447,103.6774,C,Cloud to Cloud,2026-07-06T19:19:03.662+08:00
2026-07-07 13:57:25,2026-07-06T19:20:00+08:00,2026-07-06T19:22:02+08:00,1.3448,103.6775,C,Cloud to Cloud,2026-07-06T19:19:03.662+08:00
2026-07-07 13:57:25,2026-07-06T19:20:00+08:00,2026-07-06T19:22:02+08:00,1.3434,103.6867,C,Cloud to Cloud,2026-07-06T19:19:03.662+08:00
2026-07-07 13:57:25,2026-07-06T19:20:00+08:00,2026-07-06T19:22:02+08:00,1.3447,103.6882,C,Cloud to Cloud,2026-07-06T19:19:03.662+08:00
2026-07-07 13:57:25,2026-07-06T19:20:00+08:00,2026-07-06T19:22:02+08:00,1.3317,103.677,C,Cloud to Cloud,2026-07-06T19:19:03.662+08:00
2026-07-07 13:57:25,2026-07-06T19:20:00+08:00,2026-07-06T19:22:02+08:00,1.3455,103.6885,C,Cloud to Cloud,2026-07-06T19:19:03.662+08:00
2026-07-07 13:57:25,2026-07-06T19:20:00+08:00,2026-07-06T19:22:02+08:00,1.3417,103.6859,C,Cloud to Cloud,2026-07-06T19:19:03.663+08:00
2026-07-07 13:57:25,2026-07-06T19:20:00+08:00,2026-07-06T19:22:02+08:00,1.323,103.6699,C,Cloud to Cloud,2026-07-06T19:19:03.663+08:00
2026-07-07 13:57:25,2026-07-06T19:20:00+08:00,2026-07-06T19:22:02+08:00,1.3272,103.6698,C,Cloud to Cloud,2026-07-06T19:19:03.663+08:00
2026-07-07 13:57:25,2026-07-06T19:20:00+08:00,2026-07-06T19:22:02+08:00,1.3451,103.6857,C,Cloud to Cloud,2026-07-06T19:19:03.663+08:00
2026-07-07 13:57:25,2026-07-06T19:20:00+08:00,2026-07-06T19:22:02+08:00,1.3475,103.6869,C,Cloud to Cloud,2026-07-06T19:19:03.663+08:00
2026-07-07 13:57:25,2026-07-06T19:20:00+08:00,2026-07-06T19:22:02+08:00,1.3463,103.6852,C,Cloud to Cloud,2026-07-06T19:19:03.663+08:00
2026-07-07 13:57:25,2026-07-06T19:20:00+08:00,2026-07-06T19:22:02+08:00,1.3492,103.6879,C,Cloud to Cloud,2026-07-06T19:19:03.663+08:00
2026-07-07 13:57:25,2026-07-06T19:20:00+08:00,2026-07-06T19:22:02+08:00,1.3262,103.6745,C,Cloud to Cloud,2026-07-06T19:19:03.664+08:00
2026-07-07 13:57:25,2026-07-06T19:20:00+08:00,2026-07-06T19:22:02+08:00,1.3452,103.6904,C,Cloud to Cloud,2026-07-06T19:19:03.664+08:00
2026-07-07 13:57:25,2026-07-06T19:20:00+08:00,2026-07-06T19:22:02+08:00,1.3467,103.6913,C,Cloud to Cloud,2026-07-06T19:19:03.664+08:00
2026-07-07 13:57:25,2026-07-06T19:20:00+08:00,2026-07-06T19:22:02+08:00,1.3344,103.6809,C,Cloud to Cloud,2026-07-06T19:19:03.664+08:00
2026-07-07 13:57:25,2026-07-06T19:20:00+08:00,2026-07-06T19:22:02+08:00,1.3453,103.6875,C,Cloud to Cloud,2026-07-06T19:19:03.665+08:00
2026-07-07 13:57:25,2026-07-06T19:20:00+08:00,2026-07-06T19:22:02+08:00,1.3283,103.6779,C,Cloud to Cloud,2026-07-06T19:19:03.666+08:00
2026-07-07 13:57:25,2026-07-06T19:20:00+08:00,2026-07-06T19:22:02+08:00,1.3439,103.6776,C,Cloud to Cloud,2026-07-06T19:19:03.668+08:00
2026-07-07 13:57:25,2026-07-06T19:20:00+08:00,2026-07-06T19:22:02+08:00,1.3431,103.6855,C,Cloud to Cloud,2026-07-06T19:19:03.668+08:00
2026-07-07 13:57:25,2026-07-06T19:20:00+08:00,2026-07-06T19:22:02+08:00,1.3329,103.6753,C,Cloud to Cloud,2026-07-06T19:19:03.67+08:00
2026-07-07 13:57:25,2026-07-06T19:20:00+08:00,2026-07-06T19:22:02+08:00,1.333,103.6696,C,Cloud to Cloud,2026-07-06T19:19:03.671+08:00
2026-07-07 13:57:25,2026-07-06T19:20:00+08:00,2026-07-06T19:22:02+08:00,1.333,103.6696,C,Cloud to Cloud,2026-07-06T19:19:03.671+08:00
2026-07-07 13:57:25,2026-07-06T19:20:00+08:00,2026-07-06T19:22:02+08:00,1.3296,103.6871,C,Cloud to Cloud,2026-07-06T19:19:03.672+08:00
2026-07-07 13:57:25,2026-07-06T19:20:00+08:00,2026-07-06T19:22:02+08:00,1.3319,103.6741,C,Cloud to Cloud,2026-07-06T19:19:03.674+08:00
2026-07-07 13:57:25,2026-07-06T19:20:00+08:00,2026-07-06T19:22:02+08:00,1.3332,103.6821,C,Cloud to Cloud,2026-07-06T19:19:03.675+08:00
2026-07-07 13:57:25,2026-07-06T19:20:00+08:00,2026-07-06T19:22:02+08:00,1.3345,103.6832,C,Cloud to Cloud,2026-07-06T19:19:03.675+08:00
2026-07-07 13:57:25,2026-07-06T19:20:00+08:00,2026-07-06T19:22:02+08:00,1.3375,103.6742,C,Cloud to Cloud,2026-07-06T19:19:03.675+08:00
2026-07-07 13:57:25,2026-07-06T19:20:00+08:00,2026-07-06T19:22:02+08:00,1.3264,103.6639,C,Cloud to Cloud,2026-07-06T19:19:03.676+08:00
2026-07-07 13:57:25,2026-07-06T19:20:00+08:00,2026-07-06T19:22:02+08:00,1.3323,103.6906,C,Cloud to Cloud,2026-07-06T19:19:03.676+08:00
2026-07-07 13:57:25,2026-07-06T19:20:00+08:00,2026-07-06T19:22:02+08:00,1.3192,103.6629,C,Cloud to Cloud,2026-07-06T19:19:03.697+08:00
2026-07-07 13:57:25,2026-07-06T19:20:00+08:00,2026-07-06T19:22:02+08:00,1.3192,103.6629,C,Cloud to Cloud,2026-07-06T19:19:03.697+08:00
2026-07-07 13:57:25,2026-07-06T19:20:00+08:00,2026-07-06T19:22:02+08:00,1.3196,103.7021,C,Cloud to Cloud,2026-07-06T19:19:03.699+08:00
2026-07-07 13:57:25,2026-07-06T19:20:00+08:00,2026-07-06T19:22:02+08:00,1.3,103.6828,C,Cloud to Cloud,2026-07-06T19:19:03.716+08:00
2026-07-07 13:57:25,2026-07-06T19:20:00+08:00,2026-07-06T19:22:02+08:00,1.3347,103.6929,C,Cloud to Cloud,2026-07-06T19:19:03.734+08:00
2026-07-07 13:57:25,2026-07-06T19:20:00+08:00,2026-07-06T19:22:02+08:00,1.338,103.6963,C,Cloud to Cloud,2026-07-06T19:19:03.735+08:00
2026-07-07 13:57:25,2026-07-06T19:20:00+08:00,2026-07-06T19:22:02+08:00,1.3038,103.6684,C,Cloud to Cloud,2026-07-06T19:19:03.736+08:00
2026-07-07 13:57:25,2026-07-06T19:20:00+08:00,2026-07-06T19:22:02+08:00,1.3351,103.6965,C,Cloud to Cloud,2026-07-06T19:19:03.736+08:00
2026-07-07 13:57:25,2026-07-06T19:20:00+08:00,2026-07-06T19:22:02+08:00,1.3348,103.6881,C,Cloud to Cloud,2026-07-06T19:19:03.738+08:00
2026-07-07 13:57:25,2026-07-06T19:20:00+08:00,2026-07-06T19:22:02+08:00,1.3184,103.7209,C,Cloud to Cloud,2026-07-06T19:19:03.738+08:00
2026-07-07 13:57:25,2026-07-06T19:20:00+08:00,2026-07-06T19:22:02+08:00,1.329,103.6945,C,Cloud to Cloud,2026-07-06T19:19:03.74+08:00
2026-07-07 13:57:25,2026-07-06T19:20:00+08:00,2026-07-06T19:22:02+08:00,1.3285,103.6925,C,Cloud to Cloud,2026-07-06T19:19:03.74+08:00
2026-07-07 13:57:25,2026-07-06T19:20:00+08:00,2026-07-06T19:22:02+08:00,1.326,103.6965,C,Cloud to Cloud,2026-07-06T19:19:03.74+08:00
2026-07-07 13:57:25,2026-07-06T19:20:00+08:00,2026-07-06T19:22:02+08:00,1.3278,103.6975,C,Cloud to Cloud,2026-07-06T19:19:03.74+08:00
2026-07-07 13:57:25,2026-07-06T19:20:00+08:00,2026-07-06T19:22:02+08:00,1.329,103.6939,C,Cloud to Cloud,2026-07-06T19:19:03.741+08:00
2026-07-07 13:57:25,2026-07-06T19:20:00+08:00,2026-07-06T19:22:02+08:00,1.321,103.6999,C,Cloud to Cloud,2026-07-06T19:19:03.741+08:00
2026-07-07 13:57:25,2026-07-06T19:20:00+08:00,2026-07-06T19:22:02+08:00,1.3234,103.6976,C,Cloud to Cloud,2026-07-06T19:19:03.741+08:00
2026-07-07 13:57:25,2026-07-06T19:20:00+08:00,2026-07-06T19:22:02+08:00,1.3277,103.6949,C,Cloud to Cloud,2026-07-06T19:19:03.741+08:00
2026-07-07 13:57:25,2026-07-06T19:20:00+08:00,2026-07-06T19:22:02+08:00,1.3268,103.6981,C,Cloud to Cloud,2026-07-06T19:19:03.742+08:00
2026-07-07 13:57:25,2026-07-06T19:20:00+08:00,2026-07-06T19:22:02+08:00,1.3296,103.693,C,Cloud to Cloud,2026-07-06T19:19:03.742+08:00
2026-07-07 13:57:25,2026-07-06T19:20:00+08:00,2026-07-06T19:22:02+08:00,1.328,103.6948,C,Cloud to Cloud,2026-07-06T19:19:03.742+08:00
2026-07-07 13:57:25,2026-07-06T19:20:00+08:00,2026-07-06T19:22:02+08:00,1.3254,103.6924,C,Cloud to Cloud,2026-07-06T19:19:03.742+08:00
2026-07-07 13:57:25,2026-07-06T19:20:00+08:00,2026-07-06T19:22:02+08:00,1.3286,103.6985,C,Cloud to Cloud,2026-07-06T19:19:03.742+08:00
2026-07-07 13:57:25,2026-07-06T19:20:00+08:00,2026-07-06T19:22:02+08:00,1.3277,103.6989,C,Cloud to Cloud,2026-07-06T19:19:03.742+08:00
2026-07-07 13:57:25,2026-07-06T19:20:00+08:00,2026-07-06T19:22:02+08:00,1.3288,103.6968,C,Cloud to Cloud,2026-07-06T19:19:03.742+08:00
2026-07-07 13:57:25,2026-07-06T19:20:00+08:00,2026-07-06T19:22:02+08:00,1.3266,103.7002,C,Cloud to Cloud,2026-07-06T19:19:03.742+08:00
2026-07-07 13:57:25,2026-07-06T19:20:00+08:00,2026-07-06T19:22:02+08:00,1.3329,103.6897,C,Cloud to Cloud,2026-07-06T19:19:03.743+08:00
2026-07-07 13:57:25,2026-07-06T19:20:00+08:00,2026-07-06T19:22:02+08:00,1.3269,103.7003,C,Cloud to Cloud,2026-07-06T19:19:03.743+08:00
2026-07-07 13:57:25,2026-07-06T19:20:00+08:00,2026-07-06T19:22:02+08:00,1.3268,103.6989,C,Cloud to Cloud,2026-07-06T19:19:03.743+08:00
2026-07-07 13:57:25,2026-07-06T19:20:00+08:00,2026-07-06T19:22:02+08:00,1.3264,103.6995,C,Cloud to Cloud,2026-07-06T19:19:03.743+08:00
2026-07-07 13:57:25,2026-07-06T19:20:00+08:00,2026-07-06T19:22:02+08:00,1.332,103.6892,C,Cloud to Cloud,2026-07-06T19:19:03.743+08:00
2026-07-07 13:57:25,2026-07-06T19:20:00+08:00,2026-07-06T19:22:02+08:00,1.3311,103.6975,C,Cloud to Cloud,2026-07-06T19:19:03.744+08:00
2026-07-07 13:57:25,2026-07-06T19:20:00+08:00,2026-07-06T19:22:02+08:00,1.3296,103.6984,C,Cloud to Cloud,2026-07-06T19:19:03.744+08:00
2026-07-07 13:57:25,2026-07-06T19:20:00+08:00,2026-07-06T19:22:02+08:00,1.3296,103.6992,C,Cloud to Cloud,2026-07-06T19:19:03.744+08:00
2026-07-07 13:57:25,2026-07-06T19:20:00+08:00,2026-07-06T19:22:02+08:00,1.3298,103.6978,C,Cloud to Cloud,2026-07-06T19:19:03.744+08:00
2026-07-07 13:57:25,2026-07-06T19:20:00+08:00,2026-07-06T19:22:02+08:00,1.3289,103.698,C,Cloud to Cloud,2026-07-06T19:19:03.744+08:00
2026-07-07 13:57:25,2026-07-06T19:20:00+08:00,2026-07-06T19:22:02+08:00,1.3283,103.6989,C,Cloud to Cloud,2026-07-06T19:19:03.744+08:00
2026-07-07 13:57:25,2026-07-06T19:20:00+08:00,2026-07-06T19:22:02+08:00,1.3311,103.6933,C,Cloud to Cloud,2026-07-06T19:19:03.744+08:00
2026-07-07 13:57:25,2026-07-06T19:20:00+08:00,2026-07-06T19:22:02+08:00,1.3313,103.6951,C,Cloud to Cloud,2026-07-06T19:19:03.745+08:00
2026-07-07 13:57:25,2026-07-06T19:20:00+08:00,2026-07-06T19:22:02+08:00,1.3298,103.6963,C,Cloud to Cloud,2026-07-06T19:19:03.745+08:00
2026-07-07 13:57:25,2026-07-06T19:20:00+08:00,2026-07-06T19:22:02+08:00,1.3332,103.6938,C,Cloud to Cloud,2026-07-06T19:19:03.745+08:00
2026-07-07 13:57:25,2026-07-06T19:20:00+08:00,2026-07-06T19:22:02+08:00,1.3317,103.6973,C,Cloud to Cloud,2026-07-06T19:19:03.745+08:00
2026-07-07 13:57:25,2026-07-06T19:20:00+08:00,2026-07-06T19:22:02+08:00,1.3322,103.6948,C,Cloud to Cloud,2026-07-06T19:19:03.745+08:00
2026-07-07 13:57:25,2026-07-06T19:20:00+08:00,2026-07-06T19:22:02+08:00,1.3327,103.6931,C,Cloud to Cloud,2026-07-06T19:19:03.745+08:00
2026-07-07 13:57:25,2026-07-06T19:20:00+08:00,2026-07-06T19:22:02+08:00,1.331,103.6946,C,Cloud to Cloud,2026-07-06T19:19:03.745+08:00
2026-07-07 13:57:25,2026-07-06T19:20:00+08:00,2026-07-06T19:22:02+08:00,1.3306,103.694,C,Cloud to Cloud,2026-07-06T19:19:03.746+08:00
2026-07-07 13:57:25,2026-07-06T19:20:00+08:00,2026-07-06T19:22:02+08:00,1.3306,103.6925,C,Cloud to Cloud,2026-07-06T19:19:03.746+08:00
2026-07-07 13:57:25,2026-07-06T19:20:00+08:00,2026-07-06T19:22:02+08:00,1.3346,103.6893,C,Cloud to Cloud,2026-07-06T19:19:03.746+08:00
2026-07-07 13:57:25,2026-07-06T19:20:00+08:00,2026-07-06T19:22:02+08:00,1.3359,103.6903,C,Cloud to Cloud,2026-07-06T19:19:03.746+08:00
2026-07-07 13:57:25,2026-07-06T19:20:00+08:00,2026-07-06T19:22:02+08:00,1.2875,103.7179,G,Cloud to Ground,2026-07-06T19:19:03.749+08:00
2026-07-07 13:57:25,2026-07-06T19:20:00+08:00,2026-07-06T19:22:02+08:00,1.3204,103.7206,C,Cloud to Cloud,2026-07-06T19:19:03.749+08:00
2026-07-07 13:57:25,2026-07-06T19:20:00+08:00,2026-07-06T19:22:02+08:00,1.3197,103.7176,C,Cloud to Cloud,2026-07-06T19:19:03.749+08:00
2026-07-07 13:57:25,2026-07-06T19:20:00+08:00,2026-07-06T19:22:02+08:00,1.306,103.6211,G,Cloud to Ground,2026-07-06T19:19:03.752+08:00
2026-07-07 13:57:25,2026-07-06T19:20:00+08:00,2026-07-06T19:22:02+08:00,1.3348,103.6519,C,Cloud to Cloud,2026-07-06T19:19:03.752+08:00
2026-07-07 13:57:25,2026-07-06T19:20:00+08:00,2026-07-06T19:22:02+08:00,1.3229,103.6338,C,Cloud to Cloud,2026-07-06T19:19:03.753+08:00
2026-07-07 13:57:25,2026-07-06T19:20:00+08:00,2026-07-06T19:22:02+08:00,1.3746,103.6636,C,Cloud to Cloud,2026-07-06T19:19:03.863+08:00
2026-07-07 13:57:25,2026-07-06T19:20:00+08:00,2026-07-06T19:22:02+08:00,1.3242,103.6292,C,Cloud to Cloud,2026-07-06T19:19:03.867+08:00
2026-07-07 13:57:25,2026-07-06T19:20:00+08:00,2026-07-06T19:22:02+08:00,1.3208,103.6304,C,Cloud to Cloud,2026-07-06T19:19:03.867+08:00
2026-07-07 13:57:25,2026-07-06T19:20:00+08:00,2026-07-06T19:22:02+08:00,1.349,103.6646,C,Cloud to Cloud,2026-07-06T19:19:03.867+08:00
2026-07-07 13:57:25,2026-07-06T19:20:00+08:00,2026-07-06T19:22:02+08:00,1.3438,103.6616,C,Cloud to Cloud,2026-07-06T19:19:03.867+08:00
2026-07-07 13:57:25,2026-07-06T19:20:00+08:00,2026-07-06T19:22:02+08:00,1.3066,103.6176,C,Cloud to Cloud,2026-07-06T19:19:03.867+08:00
2026-07-07 13:57:25,2026-07-06T19:20:00+08:00,2026-07-06T19:22:02+08:00,1.34,103.6583,C,Cloud to Cloud,2026-07-06T19:19:03.867+08:00
2026-07-07 13:57:25,2026-07-06T19:20:00+08:00,2026-07-06T19:22:02+08:00,1.305,103.6266,C,Cloud to Cloud,2026-07-06T19:19:03.867+08:00
2026-07-07 13:57:25,2026-07-06T19:20:00+08:00,2026-07-06T19:22:02+08:00,1.3352,103.6541,C,Cloud to Cloud,2026-07-06T19:19:03.867+08:00
2026-07-07 13:57:25,2026-07-06T19:20:00+08:00,2026-07-06T19:22:02+08:00,1.3369,103.6621,C,Cloud to Cloud,2026-07-06T19:19:03.867+08:00
2026-07-07 13:57:25,2026-07-06T19:20:00+08:00,2026-07-06T19:22:02+08:00,1.3089,103.6312,C,Cloud to Cloud,2026-07-06T19:19:03.867+08:00
2026-07-07 13:57:25,2026-07-06T19:20:00+08:00,2026-07-06T19:22:02+08:00,1.3349,103.6595,C,Cloud to Cloud,2026-07-06T19:19:03.867+08:00
2026-07-07 13:57:25,2026-07-06T19:20:00+08:00,2026-07-06T19:22:02+08:00,1.3234,103.6411,C,Cloud to Cloud,2026-07-06T19:19:03.868+08:00
2026-07-07 13:57:25,2026-07-06T19:20:00+08:00,2026-07-06T19:22:02+08:00,1.337,103.6541,C,Cloud to Cloud,2026-07-06T19:19:03.868+08:00
2026-07-07 13:57:25,2026-07-06T19:20:00+08:00,2026-07-06T19:22:02+08:00,1.3063,103.6198,G,Cloud to Ground,2026-07-06T19:19:03.874+08:00
2026-07-07 13:57:25,2026-07-06T19:20:00+08:00,2026-07-06T19:22:02+08:00,1.3662,103.6547,C,Cloud to Cloud,2026-07-06T19:19:03.875+08:00
2026-07-07 13:57:25,2026-07-06T19:20:00+08:00,2026-07-06T19:22:02+08:00,1.3982,103.7078,C,Cloud to Cloud,2026-07-06T19:19:03.875+08:00
2026-07-07 13:57:25,2026-07-06T19:20:00+08:00,2026-07-06T19:22:02+08:00,1.3747,103.6764,C,Cloud to Cloud,2026-07-06T19:19:03.875+08:00
2026-07-07 13:57:25,2026-07-06T19:20:00+08:00,2026-07-06T19:22:02+08:00,1.3442,103.6587,C,Cloud to Cloud,2026-07-06T19:19:03.875+08:00
2026-07-07 13:57:25,2026-07-06T19:20:00+08:00,2026-07-06T19:22:02+08:00,1.384,103.7034,C,Cloud to Cloud,2026-07-06T19:19:03.876+08:00
2026-07-07 13:57:25,2026-07-06T19:20:00+08:00,2026-07-06T19:22:02+08:00,1.3539,103.6651,C,Cloud to Cloud,2026-07-06T19:19:03.876+08:00
2026-07-07 13:57:25,2026-07-06T19:20:00+08:00,2026-07-06T19:22:02+08:00,1.3754,103.7201,C,Cloud to Cloud,2026-07-06T19:19:03.876+08:00
2026-07-07 13:57:25,2026-07-06T19:20:00+08:00,2026-07-06T19:22:02+08:00,1.3627,103.681,C,Cloud to Cloud,2026-07-06T19:19:03.879+08:00
2026-07-07 13:57:25,2026-07-06T19:20:00+08:00,2026-07-06T19:22:02+08:00,1.3376,103.7271,C,Cloud to Cloud,2026-07-06T19:19:03.957+08:00
2026-07-07 13:57:25,2026-07-06T19:20:00+08:00,2026-07-06T19:22:02+08:00,1.3329,103.6662,C,Cloud to Cloud,2026-07-06T19:19:03.957+08:00
2026-07-07 13:57:25,2026-07-06T19:20:00+08:00,2026-07-06T19:22:02+08:00,1.3337,103.6764,C,Cloud to Cloud,2026-07-06T19:19:03.957+08:00
2026-07-07 13:57:25,2026-07-06T19:20:00+08:00,2026-07-06T19:22:02+08:00,1.3271,103.6862,C,Cloud to Cloud,2026-07-06T19:19:03.957+08:00
2026-07-07 13:57:25,2026-07-06T19:20:00+08:00,2026-07-06T19:22:02+08:00,1.334,103.6916,C,Cloud to Cloud,2026-07-06T19:19:03.957+08:00
2026-07-07 13:57:25,2026-07-06T19:20:00+08:00,2026-07-06T19:22:02+08:00,1.3242,103.6846,C,Cloud to Cloud,2026-07-06T19:19:03.957+08:00
2026-07-07 13:57:25,2026-07-06T19:20:00+08:00,2026-07-06T19:22:02+08:00,1.3285,103.6876,C,Cloud to Cloud,2026-07-06T19:19:03.957+08:00
2026-07-07 13:57:25,2026-07-06T19:20:00+08:00,2026-07-06T19:22:02+08:00,1.3255,103.6892,C,Cloud to Cloud,2026-07-06T19:19:03.957+08:00
2026-07-07 13:57:25,2026-07-06T19:20:00+08:00,2026-07-06T19:22:02+08:00,1.3214,103.6904,C,Cloud to Cloud,2026-07-06T19:19:03.958+08:00
2026-07-07 13:57:25,2026-07-06T19:20:00+08:00,2026-07-06T19:22:02+08:00,1.3527,103.5927,C,Cloud to Cloud,2026-07-06T19:19:03.96+08:00
2026-07-07 13:57:25,2026-07-06T19:20:00+08:00,2026-07-06T19:22:02+08:00,1.3691,103.6444,C,Cloud to Cloud,2026-07-06T19:19:04.011+08:00
2026-07-07 13:57:25,2026-07-06T19:20:00+08:00,2026-07-06T19:22:02+08:00,1.3931,103.681,C,Cloud to Cloud,2026-07-06T19:19:04.011+08:00
2026-07-07 13:57:25,2026-07-06T19:20:00+08:00,2026-07-06T19:22:02+08:00,1.3936,103.673,C,Cloud to Cloud,2026-07-06T19:19:04.011+08:00
2026-07-07 13:57:25,2026-07-06T19:20:00+08:00,2026-07-06T19:22:02+08:00,1.3939,103.6687,C,Cloud to Cloud,2026-07-06T19:19:04.012+08:00
2026-07-07 13:57:25,2026-07-06T19:20:00+08:00,2026-07-06T19:22:02+08:00,1.3772,103.6416,C,Cloud to Cloud,2026-07-06T19:19:04.012+08:00
2026-07-07 13:57:25,2026-07-06T19:20:00+08:00,2026-07-06T19:22:02+08:00,1.373,103.6405,C,Cloud to Cloud,2026-07-06T19:19:04.012+08:00
2026-07-07 13:57:25,2026-07-06T19:20:00+08:00,2026-07-06T19:22:02+08:00,1.373,103.6405,C,Cloud to Cloud,2026-07-06T19:19:04.012+08:00
2026-07-07 13:57:25,2026-07-06T19:20:00+08:00,2026-07-06T19:22:02+08:00,1.3697,103.6441,C,Cloud to Cloud,2026-07-06T19:19:04.012+08:00
2026-07-07 13:57:25,2026-07-06T19:20:00+08:00,2026-07-06T19:22:02+08:00,1.3694,103.6453,C,Cloud to Cloud,2026-07-06T19:19:04.012+08:00
2026-07-07 13:57:25,2026-07-06T19:20:00+08:00,2026-07-06T19:22:02+08:00,1.3694,103.6453,C,Cloud to Cloud,2026-07-06T19:19:04.012+08:00
2026-07-07 13:57:25,2026-07-06T19:20:00+08:00,2026-07-06T19:22:02+08:00,1.3677,103.6451,C,Cloud to Cloud,2026-07-06T19:19:04.012+08:00
2026-07-07 13:57:25,2026-07-06T19:20:00+08:00,2026-07-06T19:22:02+08:00,1.4098,103.6802,C,Cloud to Cloud,2026-07-06T19:19:04.027+08:00
2026-07-07 13:57:25,2026-07-06T19:20:00+08:00,2026-07-06T19:22:02+08:00,1.4098,103.6803,C,Cloud to Cloud,2026-07-06T19:19:04.028+08:00
2026-07-07 13:57:25,2026-07-06T19:20:00+08:00,2026-07-06T19:22:02+08:00,1.3885,103.6609,C,Cloud to Cloud,2026-07-06T19:19:04.047+08:00
2026-07-07 13:57:25,2026-07-06T19:20:00+08:00,2026-07-06T19:22:02+08:00,1.3829,103.6391,C,Cloud to Cloud,2026-07-06T19:19:04.047+08:00
2026-07-07 13:57:25,2026-07-06T19:20:00+08:00,2026-07-06T19:22:02+08:00,1.3845,103.6418,C,Cloud to Cloud,2026-07-06T19:19:04.047+08:00
2026-07-07 13:57:25,2026-07-06T19:20:00+08:00,2026-07-06T19:22:02+08:00,1.345,103.6516,C,Cloud to Cloud,2026-07-06T19:19:04.048+08:00
2026-07-07 13:57:25,2026-07-06T19:20:00+08:00,2026-07-06T19:22:02+08:00,1.3338,103.6356,C,Cloud to Cloud,2026-07-06T19:19:04.048+08:00
2026-07-07 13:57:25,2026-07-06T19:20:00+08:00,2026-07-06T19:22:02+08:00,1.3385,103.6499,C,Cloud to Cloud,2026-07-06T19:19:04.048+08:00
2026-07-07 13:57:25,2026-07-06T19:20:00+08:00,2026-07-06T19:22:02+08:00,1.3173,103.6203,C,Cloud to Cloud,2026-07-06T19:19:04.048+08:00
2026-07-07 13:57:25,2026-07-06T19:20:00+08:00,2026-07-06T19:22:02+08:00,1.3568,103.6669,C,Cloud to Cloud,2026-07-06T19:19:04.048+08:00
2026-07-07 13:57:25,2026-07-06T19:20:00+08:00,2026-07-06T19:22:02+08:00,1.3176,103.6221,C,Cloud to Cloud,2026-07-06T19:19:04.048+08:00
2026-07-07 13:57:25,2026-07-06T19:20:00+08:00,2026-07-06T19:22:02+08:00,1.3229,103.6416,C,Cloud to Cloud,2026-07-06T19:19:04.048+08:00
2026-07-07 13:57:25,2026-07-06T19:20:00+08:00,2026-07-06T19:22:02+08:00,1.3326,103.6521,C,Cloud to Cloud,2026-07-06T19:19:04.048+08:00
2026-07-07 13:57:25,2026-07-06T19:20:00+08:00,2026-07-06T19:22:02+08:00,1.3057,103.7161,C,Cloud to Cloud,2026-07-06T19:19:04.048+08:00
2026-07-07 13:57:25,2026-07-06T19:20:00+08:00,2026-07-06T19:22:02+08:00,1.3004,103.5911,C,Cloud to Cloud,2026-07-06T19:19:04.048+08:00
2026-07-07 13:57:25,2026-07-06T19:20:00+08:00,2026-07-06T19:22:02+08:00,1.4052,103.7215,C,Cloud to Cloud,2026-07-06T19:19:04.049+08:00
2026-07-07 13:57:25,2026-07-06T19:20:00+08:00,2026-07-06T19:22:02+08:00,1.3056,103.608,C,Cloud to Cloud,2026-07-06T19:19:04.049+08:00
2026-07-07 13:57:25,2026-07-06T19:20:00+08:00,2026-07-06T19:22:02+08:00,1.3041,103.6156,G,Cloud to Ground,2026-07-06T19:19:04.049+08:00
2026-07-07 13:57:25,2026-07-06T19:20:00+08:00,2026-07-06T19:22:02+08:00,1.3978,103.614,C,Cloud to Cloud,2026-07-06T19:19:04.158+08:00
2026-07-07 13:57:25,2026-07-06T19:20:00+08:00,2026-07-06T19:22:02+08:00,1.3981,103.615,C,Cloud to Cloud,2026-07-06T19:19:04.159+08:00
2026-07-07 13:57:25,2026-07-06T19:20:00+08:00,2026-07-06T19:22:02+08:00,1.4095,103.6691,C,Cloud to Cloud,2026-07-06T19:19:04.159+08:00
2026-07-07 13:57:25,2026-07-06T19:20:00+08:00,2026-07-06T19:22:02+08:00,1.4102,103.6743,C,Cloud to Cloud,2026-07-06T19:19:04.159+08:00
2026-07-07 13:57:25,2026-07-06T19:20:00+08:00,2026-07-06T19:22:02+08:00,1.3815,103.6433,C,Cloud to Cloud,2026-07-06T19:19:04.16+08:00
2026-07-07 13:57:25,2026-07-06T19:20:00+08:00,2026-07-06T19:22:02+08:00,1.3406,103.6293,C,Cloud to Cloud,2026-07-06T19:19:04.16+08:00
2026-07-07 13:57:25,2026-07-06T19:20:00+08:00,2026-07-06T19:22:02+08:00,1.3898,103.6531,C,Cloud to Cloud,2026-07-06T19:19:04.16+08:00
2026-07-07 13:57:25,2026-07-06T19:20:00+08:00,2026-07-06T19:22:02+08:00,1.3796,103.6356,C,Cloud to Cloud,2026-07-06T19:19:04.16+08:00
2026-07-07 13:57:25,2026-07-06T19:20:00+08:00,2026-07-06T19:22:02+08:00,1.3804,103.6355,C,Cloud to Cloud,2026-07-06T19:19:04.16+08:00
2026-07-07 13:57:25,2026-07-06T19:20:00+08:00,2026-07-06T19:22:02+08:00,1.4139,103.6563,C,Cloud to Cloud,2026-07-06T19:19:04.184+08:00
2026-07-07 13:57:25,2026-07-06T19:20:00+08:00,2026-07-06T19:22:02+08:00,1.4139,103.6563,C,Cloud to Cloud,2026-07-06T19:19:04.184+08:00
2026-07-07 13:57:25,2026-07-06T19:20:00+08:00,2026-07-06T19:22:02+08:00,1.4137,103.6635,C,Cloud to Cloud,2026-07-06T19:19:04.23+08:00
2026-07-07 13:57:25,2026-07-06T19:20:00+08:00,2026-07-06T19:22:02+08:00,1.4238,103.6279,C,Cloud to Cloud,2026-07-06T19:19:04.23+08:00
2026-07-07 13:57:25,2026-07-06T19:20:00+08:00,2026-07-06T19:22:02+08:00,1.4126,103.6564,C,Cloud to Cloud,2026-07-06T19:19:04.271+08:00
2026-07-07 13:57:25,2026-07-06T19:20:00+08:00,2026-07-06T19:22:02+08:00,1.4126,103.6563,C,Cloud to Cloud,2026-07-06T19:19:04.271+08:00
2026-07-07 13:57:25,2026-07-06T19:20:00+08:00,2026-07-06T19:22:02+08:00,1.4049,103.6482,C,Cloud to Cloud,2026-07-06T19:19:04.283+08:00
2026-07-07 13:57:25,2026-07-06T19:20:00+08:00,2026-07-06T19:22:02+08:00,1.3796,103.5626,C,Cloud to Cloud,2026-07-06T19:19:04.283+08:00
2026-07-07 13:57:25,2026-07-06T19:20:00+08:00,2026-07-06T19:22:02+08:00,1.4235,103.6947,C,Cloud to Cloud,2026-07-06T19:19:04.284+08:00
2026-07-07 13:57:25,2026-07-06T19:20:00+08:00,2026-07-06T19:22:02+08:00,1.3228,103.6322,C,Cloud to Cloud,2026-07-06T19:19:04.284+08:00
2026-07-07 13:57:25,2026-07-06T19:20:00+08:00,2026-07-06T19:22:02+08:00,1.3218,103.6852,C,Cloud to Cloud,2026-07-06T19:19:04.285+08:00
2026-07-07 13:57:25,2026-07-06T19:20:00+08:00,2026-07-06T19:22:02+08:00,1.3295,103.6435,C,Cloud to Cloud,2026-07-06T19:19:04.285+08:00
2026-07-07 13:57:25,2026-07-06T19:20:00+08:00,2026-07-06T19:22:02+08:00,1.4047,103.6334,C,Cloud to Cloud,2026-07-06T19:19:04.333+08:00
2026-07-07 13:57:25,2026-07-06T19:20:00+08:00,2026-07-06T19:22:02+08:00,1.4136,103.662,C,Cloud to Cloud,2026-07-06T19:19:04.333+08:00
2026-07-07 13:57:25,2026-07-06T19:20:00+08:00,2026-07-06T19:22:02+08:00,1.4137,103.6725,C,Cloud to Cloud,2026-07-06T19:19:04.333+08:00
2026-07-07 13:57:25,2026-07-06T19:20:00+08:00,2026-07-06T19:22:02+08:00,1.3642,103.6917,C,Cloud to Cloud,2026-07-06T19:19:04.351+08:00
2026-07-07 13:57:25,2026-07-06T19:20:00+08:00,2026-07-06T19:22:02+08:00,1.4119,103.6586,C,Cloud to Cloud,2026-07-06T19:19:04.351+08:00
2026-07-07 13:57:25,2026-07-06T19:20:00+08:00,2026-07-06T19:22:02+08:00,1.4119,103.6586,C,Cloud to Cloud,2026-07-06T19:19:04.351+08:00
2026-07-07 13:57:25,2026-07-06T19:20:00+08:00,2026-07-06T19:22:02+08:00,1.4017,103.6217,C,Cloud to Cloud,2026-07-06T19:19:04.403+08:00
2026-07-07 13:57:25,2026-07-06T19:20:00+08:00,2026-07-06T19:22:02+08:00,1.4017,103.6217,C,Cloud to Cloud,2026-07-06T19:19:04.403+08:00
2026-07-07 13:57:25,2026-07-06T19:20:00+08:00,2026-07-06T19:22:02+08:00,1.4104,103.6509,C,Cloud to Cloud,2026-07-06T19:19:04.403+08:00
2026-07-07 13:57:25,2026-07-06T19:20:00+08:00,2026-07-06T19:22:02+08:00,1.4136,103.6563,C,Cloud to Cloud,2026-07-06T19:19:04.403+08:00
2026-07-07 13:57:25,2026-07-06T19:20:00+08:00,2026-07-06T19:22:02+08:00,1.4008,103.6786,C,Cloud to Cloud,2026-07-06T19:19:04.412+08:00
2026-07-07 13:57:25,2026-07-06T19:20:00+08:00,2026-07-06T19:22:02+08:00,1.4093,103.6806,C,Cloud to Cloud,2026-07-06T19:19:04.419+08:00
2026-07-07 13:57:25,2026-07-06T19:20:00+08:00,2026-07-06T19:22:02+08:00,1.4093,103.6806,C,Cloud to Cloud,2026-07-06T19:19:04.419+08:00
2026-07-07 13:57:25,2026-07-06T19:20:00+08:00,2026-07-06T19:22:02+08:00,1.3735,103.7163,C,Cloud to Cloud,2026-07-06T19:19:04.443+08:00
2026-07-07 13:57:25,2026-07-06T19:20:00+08:00,2026-07-06T19:22:02+08:00,1.4115,103.6663,C,Cloud to Cloud,2026-07-06T19:19:04.443+08:00
2026-07-07 13:57:25,2026-07-06T19:20:00+08:00,2026-07-06T19:22:02+08:00,1.4169,103.6778,C,Cloud to Cloud,2026-07-06T19:19:04.443+08:00
2026-07-07 13:57:25,2026-07-06T19:20:00+08:00,2026-07-06T19:22:02+08:00,1.4049,103.6752,C,Cloud to Cloud,2026-07-06T19:19:04.443+08:00
2026-07-07 13:57:25,2026-07-06T19:20:00+08:00,2026-07-06T19:22:02+08:00,1.4131,103.6804,C,Cloud to Cloud,2026-07-06T19:19:04.443+08:00
2026-07-07 13:57:25,2026-07-06T19:20:00+08:00,2026-07-06T19:22:02+08:00,1.4132,103.6949,C,Cloud to Cloud,2026-07-06T19:19:04.443+08:00
2026-07-07 13:57:25,2026-07-06T19:20:00+08:00,2026-07-06T19:22:02+08:00,1.3628,103.6172,C,Cloud to Cloud,2026-07-06T19:19:04.443+08:00
2026-07-07 13:57:25,2026-07-06T19:20:00+08:00,2026-07-06T19:22:02+08:00,1.3938,103.6733,C,Cloud to Cloud,2026-07-06T19:19:04.443+08:00
2026-07-07 13:57:25,2026-07-06T19:20:00+08:00,2026-07-06T19:22:02+08:00,1.3914,103.6716,C,Cloud to Cloud,2026-07-06T19:19:42.272+08:00
2026-07-07 13:57:25,2026-07-06T19:20:00+08:00,2026-07-06T19:22:02+08:00,1.3886,103.6736,C,Cloud to Cloud,2026-07-06T19:19:42.272+08:00
2026-07-07 13:57:25,2026-07-06T19:20:00+08:00,2026-07-06T19:22:02+08:00,1.3886,103.6736,C,Cloud to Cloud,2026-07-06T19:19:42.272+08:00
2026-07-07 13:57:25,2026-07-06T19:20:00+08:00,2026-07-06T19:22:02+08:00,1.3897,103.6766,C,Cloud to Cloud,2026-07-06T19:19:42.274+08:00
2026-07-07 13:57:25,2026-07-06T19:20:00+08:00,2026-07-06T19:22:02+08:00,1.4029,103.6032,C,Cloud to Cloud,2026-07-06T19:19:42.274+08:00
2026-07-07 13:57:25,2026-07-06T19:20:00+08:00,2026-07-06T19:22:02+08:00,1.4055,103.704,C,Cloud to Cloud,2026-07-06T19:19:42.274+08:00
2026-07-07 13:57:25,2026-07-06T19:20:00+08:00,2026-07-06T19:22:02+08:00,1.3921,103.6627,C,Cloud to Cloud,2026-07-06T19:19:42.274+08:00
2026-07-07 13:57:25,2026-07-06T19:20:00+08:00,2026-07-06T19:22:02+08:00,1.3975,103.6909,C,Cloud to Cloud,2026-07-06T19:19:42.274+08:00
2026-07-07 13:57:25,2026-07-06T19:20:00+08:00,2026-07-06T19:22:02+08:00,1.3903,103.6777,C,Cloud to Cloud,2026-07-06T19:19:42.274+08:00
2026-07-07 13:57:25,2026-07-06T19:20:00+08:00,2026-07-06T19:22:02+08:00,1.3896,103.6764,C,Cloud to Cloud,2026-07-06T19:19:42.274+08:00
2026-07-07 13:57:25,2026-07-06T19:20:00+08:00,2026-07-06T19:22:02+08:00,1.4201,103.6534,C,Cloud to Cloud,2026-07-06T19:19:42.275+08:00
2026-07-07 13:57:25,2026-07-06T19:20:00+08:00,2026-07-06T19:22:02+08:00,1.3773,103.6976,C,Cloud to Cloud,2026-07-06T19:19:42.276+08:00
2026-07-07 13:57:25,2026-07-06T19:20:00+08:00,2026-07-06T19:22:02+08:00,1.3886,103.6783,C,Cloud to Cloud,2026-07-06T19:19:42.276+08:00
2026-07-07 13:57:25,2026-07-06T19:20:00+08:00,2026-07-06T19:22:02+08:00,1.3898,103.6795,C,Cloud to Cloud,2026-07-06T19:19:42.276+08:00
2026-07-07 13:57:25,2026-07-06T19:20:00+08:00,2026-07-06T19:22:02+08:00,1.3885,103.6742,C,Cloud to Cloud,2026-07-06T19:19:42.278+08:00
2026-07-07 13:57:25,2026-07-06T19:20:00+08:00,2026-07-06T19:22:02+08:00,1.3975,103.6872,C,Cloud to Cloud,2026-07-06T19:19:42.278+08:00
2026-07-07 13:57:25,2026-07-06T19:20:00+08:00,2026-07-06T19:22:02+08:00,1.3887,103.6716,C,Cloud to Cloud,2026-07-06T19:19:42.278+08:00
2026-07-07 13:57:25,2026-07-06T19:20:00+08:00,2026-07-06T19:22:02+08:00,1.3881,103.6723,C,Cloud to Cloud,2026-07-06T19:19:42.278+08:00
2026-07-07 13:57:25,2026-07-06T19:20:00+08:00,2026-07-06T19:22:02+08:00,1.3886,103.673,C,Cloud to Cloud,2026-07-06T19:19:42.278+08:00
2026-07-07 13:57:25,2026-07-06T19:20:00+08:00,2026-07-06T19:22:02+08:00,1.4126,103.7652,C,Cloud to Cloud,2026-07-06T19:19:42.278+08:00
2026-07-07 13:57:25,2026-07-06T19:20:00+08:00,2026-07-06T19:22:02+08:00,1.3971,103.6916,C,Cloud to Cloud,2026-07-06T19:19:42.28+08:00
2026-07-07 13:57:25,2026-07-06T19:20:00+08:00,2026-07-06T19:22:02+08:00,1.397,103.6917,C,Cloud to Cloud,2026-07-06T19:19:42.281+08:00
2026-07-07 13:57:25,2026-07-06T19:20:00+08:00,2026-07-06T19:22:02+08:00,1.376,103.6575,C,Cloud to Cloud,2026-07-06T19:19:42.281+08:00
2026-07-07 13:57:25,2026-07-06T19:20:00+08:00,2026-07-06T19:22:02+08:00,1.376,103.6575,C,Cloud to Cloud,2026-07-06T19:19:42.281+08:00
2026-07-07 13:57:25,2026-07-06T19:20:00+08:00,2026-07-06T19:22:02+08:00,1.3788,103.6506,C,Cloud to Cloud,2026-07-06T19:19:42.289+08:00
2026-07-07 13:57:25,2026-07-06T19:20:00+08:00,2026-07-06T19:22:02+08:00,1.3788,103.6506,C,Cloud to Cloud,2026-07-06T19:19:42.29+08:00
2026-07-07 13:57:25,2026-07-06T19:20:00+08:00,2026-07-06T19:22:02+08:00,1.3788,103.6487,C,Cloud to Cloud,2026-07-06T19:19:42.29+08:00
2026-07-07 13:57:25,2026-07-06T19:20:00+08:00,2026-07-06T19:22:02+08:00,1.3962,103.6593,C,Cloud to Cloud,2026-07-06T19:19:42.299+08:00
2026-07-07 13:57:25,2026-07-06T19:20:00+08:00,2026-07-06T19:22:02+08:00,1.4054,103.6789,C,Cloud to Cloud,2026-07-06T19:19:42.299+08:00
2026-07-07 13:57:25,2026-07-06T19:20:00+08:00,2026-07-06T19:22:02+08:00,1.3952,103.655,C,Cloud to Cloud,2026-07-06T19:19:42.299+08:00
2026-07-07 13:57:25,2026-07-06T19:20:00+08:00,2026-07-06T19:22:02+08:00,1.3677,103.6687,C,Cloud to Cloud,2026-07-06T19:19:42.33+08:00
2026-07-07 13:57:25,2026-07-06T19:20:00+08:00,2026-07-06T19:22:02+08:00,1.3565,103.6539,C,Cloud to Cloud,2026-07-06T19:19:42.33+08:00
2026-07-07 13:57:25,2026-07-06T19:20:00+08:00,2026-07-06T19:22:02+08:00,1.3693,103.6756,C,Cloud to Cloud,2026-07-06T19:19:42.334+08:00
2026-07-07 13:57:25,2026-07-06T19:20:00+08:00,2026-07-06T19:22:02+08:00,1.3503,103.6516,C,Cloud to Cloud,2026-07-06T19:19:42.334+08:00
2026-07-07 13:57:25,2026-07-06T19:20:00+08:00,2026-07-06T19:22:02+08:00,1.3626,103.6755,C,Cloud to Cloud,2026-07-06T19:19:42.336+08:00
2026-07-07 13:57:25,2026-07-06T19:20:00+08:00,2026-07-06T19:22:02+08:00,1.3627,103.6754,C,Cloud to Cloud,2026-07-06T19:19:42.336+08:00
2026-07-07 13:57:25,2026-07-06T19:20:00+08:00,2026-07-06T19:22:02+08:00,1.3623,103.6773,C,Cloud to Cloud,2026-07-06T19:19:42.336+08:00
2026-07-07 13:57:25,2026-07-06T19:20:00+08:00,2026-07-06T19:22:02+08:00,1.364,103.6732,C,Cloud to Cloud,2026-07-06T19:19:42.339+08:00
2026-07-07 13:57:25,2026-07-06T19:20:00+08:00,2026-07-06T19:22:02+08:00,1.3638,103.6733,C,Cloud to Cloud,2026-07-06T19:19:42.339+08:00
2026-07-07 13:57:25,2026-07-06T19:20:00+08:00,2026-07-06T19:22:02+08:00,1.3626,103.6837,C,Cloud to Cloud,2026-07-06T19:19:42.339+08:00
2026-07-07 13:57:25,2026-07-06T19:20:00+08:00,2026-07-06T19:22:02+08:00,1.3846,103.6518,C,Cloud to Cloud,2026-07-06T19:19:42.364+08:00
2026-07-07 13:57:25,2026-07-06T19:20:00+08:00,2026-07-06T19:22:02+08:00,1.3846,103.6518,C,Cloud to Cloud,2026-07-06T19:19:42.364+08:00
2026-07-07 13:57:25,2026-07-06T19:20:00+08:00,2026-07-06T19:22:02+08:00,1.3937,103.6572,C,Cloud to Cloud,2026-07-06T19:19:42.365+08:00
2026-07-07 13:57:25,2026-07-06T19:20:00+08:00,2026-07-06T19:22:02+08:00,1.371,103.6847,C,Cloud to Cloud,2026-07-06T19:19:42.4+08:00
2026-07-07 13:57:25,2026-07-06T19:20:00+08:00,2026-07-06T19:22:02+08:00,1.371,103.6846,C,Cloud to Cloud,2026-07-06T19:19:42.4+08:00
2026-07-07 13:57:25,2026-07-06T19:20:00+08:00,2026-07-06T19:22:02+08:00,1.3608,103.6699,C,Cloud to Cloud,2026-07-06T19:19:42.419+08:00
2026-07-07 13:57:25,2026-07-06T19:20:00+08:00,2026-07-06T19:22:02+08:00,1.3608,103.6699,C,Cloud to Cloud,2026-07-06T19:19:42.419+08:00
2026-07-07 13:57:25,2026-07-06T19:20:00+08:00,2026-07-06T19:22:02+08:00,1.3602,103.6685,C,Cloud to Cloud,2026-07-06T19:19:42.435+08:00
2026-07-07 13:57:25,2026-07-06T19:20:00+08:00,2026-07-06T19:22:02+08:00,1.3602,103.6685,C,Cloud to Cloud,2026-07-06T19:19:42.436+08:00
2026-07-07 13:57:25,2026-07-06T19:20:00+08:00,2026-07-06T19:22:02+08:00,1.3833,103.6505,C,Cloud to Cloud,2026-07-06T19:19:42.441+08:00
2026-07-07 13:57:25,2026-07-06T19:20:00+08:00,2026-07-06T19:22:02+08:00,1.3833,103.6505,C,Cloud to Cloud,2026-07-06T19:19:42.441+08:00
2026-07-07 13:57:25,2026-07-06T19:20:00+08:00,2026-07-06T19:22:02+08:00,1.3715,103.6493,C,Cloud to Cloud,2026-07-06T19:19:42.441+08:00
2026-07-07 13:57:25,2026-07-06T19:20:00+08:00,2026-07-06T19:22:02+08:00,1.3627,103.6646,C,Cloud to Cloud,2026-07-06T19:19:42.453+08:00
2026-07-07 13:57:25,2026-07-06T19:20:00+08:00,2026-07-06T19:22:02+08:00,1.3475,103.6834,C,Cloud to Cloud,2026-07-06T19:19:42.454+08:00
2026-07-07 13:57:25,2026-07-06T19:20:00+08:00,2026-07-06T19:22:02+08:00,1.3524,103.6816,C,Cloud to Cloud,2026-07-06T19:19:42.454+08:00
2026-07-07 13:57:25,2026-07-06T19:20:00+08:00,2026-07-06T19:22:02+08:00,1.358,103.6846,C,Cloud to Cloud,2026-07-06T19:19:42.455+08:00
2026-07-07 13:57:25,2026-07-06T19:20:00+08:00,2026-07-06T19:22:02+08:00,1.358,103.6847,C,Cloud to Cloud,2026-07-06T19:19:42.455+08:00
2026-07-07 13:57:25,2026-07-06T19:20:00+08:00,2026-07-06T19:22:02+08:00,1.338,103.6752,C,Cloud to Cloud,2026-07-06T19:19:42.455+08:00
2026-07-07 13:57:25,2026-07-06T19:20:00+08:00,2026-07-06T19:22:02+08:00,1.3363,103.7067,C,Cloud to Cloud,2026-07-06T19:19:42.455+08:00
2026-07-07 13:57:25,2026-07-06T19:20:00+08:00,2026-07-06T19:22:02+08:00,1.3493,103.6842,C,Cloud to Cloud,2026-07-06T19:19:42.455+08:00
2026-07-07 13:57:25,2026-07-06T19:20:00+08:00,2026-07-06T19:22:02+08:00,1.3203,103.624,C,Cloud to Cloud,2026-07-06T19:19:42.455+08:00
2026-07-07 13:57:25,2026-07-06T19:20:00+08:00,2026-07-06T19:22:02+08:00,1.3335,103.7105,C,Cloud to Cloud,2026-07-06T19:19:42.456+08:00
2026-07-07 13:57:25,2026-07-06T19:20:00+08:00,2026-07-06T19:22:02+08:00,1.335,103.6714,C,Cloud to Cloud,2026-07-06T19:19:42.456+08:00
2026-07-07 13:57:25,2026-07-06T19:20:00+08:00,2026-07-06T19:22:02+08:00,1.3497,103.6852,C,Cloud to Cloud,2026-07-06T19:19:42.456+08:00
2026-07-07 13:57:25,2026-07-06T19:20:00+08:00,2026-07-06T19:22:02+08:00,1.3406,103.6776,C,Cloud to Cloud,2026-07-06T19:19:42.456+08:00
2026-07-07 13:57:25,2026-07-06T19:20:00+08:00,2026-07-06T19:22:02+08:00,1.3483,103.6876,C,Cloud to Cloud,2026-07-06T19:19:42.456+08:00
2026-07-07 13:57:25,2026-07-06T19:20:00+08:00,2026-07-06T19:22:02+08:00,1.3477,103.6871,C,Cloud to Cloud,2026-07-06T19:19:42.456+08:00
2026-07-07 13:57:25,2026-07-06T19:20:00+08:00,2026-07-06T19:22:02+08:00,1.3474,103.6861,C,Cloud to Cloud,2026-07-06T19:19:42.457+08:00
2026-07-07 13:57:25,2026-07-06T19:20:00+08:00,2026-07-06T19:22:02+08:00,1.3338,103.6753,C,Cloud to Cloud,2026-07-06T19:19:42.457+08:00
2026-07-07 13:57:25,2026-07-06T19:20:00+08:00,2026-07-06T19:22:02+08:00,1.3542,103.6931,C,Cloud to Cloud,2026-07-06T19:19:42.457+08:00
2026-07-07 13:57:25,2026-07-06T19:20:00+08:00,2026-07-06T19:22:02+08:00,1.351,103.692,C,Cloud to Cloud,2026-07-06T19:19:42.458+08:00
2026-07-07 13:57:25,2026-07-06T19:20:00+08:00,2026-07-06T19:22:02+08:00,1.3363,103.6796,C,Cloud to Cloud,2026-07-06T19:19:42.458+08:00
2026-07-07 13:57:25,2026-07-06T19:20:00+08:00,2026-07-06T19:22:02+08:00,1.3507,103.6894,C,Cloud to Cloud,2026-07-06T19:19:42.458+08:00
2026-07-07 13:57:25,2026-07-06T19:20:00+08:00,2026-07-06T19:22:02+08:00,1.3518,103.6922,C,Cloud to Cloud,2026-07-06T19:19:42.458+08:00
2026-07-07 13:57:25,2026-07-06T19:20:00+08:00,2026-07-06T19:22:02+08:00,1.3324,103.675,C,Cloud to Cloud,2026-07-06T19:19:42.458+08:00
2026-07-07 13:57:25,2026-07-06T19:20:00+08:00,2026-07-06T19:22:02+08:00,1.3523,103.6926,C,Cloud to Cloud,2026-07-06T19:19:42.458+08:00
2026-07-07 13:57:25,2026-07-06T19:20:00+08:00,2026-07-06T19:22:02+08:00,1.3514,103.6918,C,Cloud to Cloud,2026-07-06T19:19:42.458+08:00
2026-07-07 13:57:25,2026-07-06T19:20:00+08:00,2026-07-06T19:22:02+08:00,1.3547,103.6914,C,Cloud to Cloud,2026-07-06T19:19:42.459+08:00
2026-07-07 13:57:25,2026-07-06T19:20:00+08:00,2026-07-06T19:22:02+08:00,1.353,103.6899,C,Cloud to Cloud,2026-07-06T19:19:42.459+08:00
2026-07-07 13:57:25,2026-07-06T19:20:00+08:00,2026-07-06T19:22:02+08:00,1.3377,103.6777,C,Cloud to Cloud,2026-07-06T19:19:42.459+08:00
2026-07-07 13:57:25,2026-07-06T19:20:00+08:00,2026-07-06T19:22:02+08:00,1.3336,103.674,C,Cloud to Cloud,2026-07-06T19:19:42.459+08:00
2026-07-07 13:57:25,2026-07-06T19:20:00+08:00,2026-07-06T19:22:02+08:00,1.3402,103.6759,C,Cloud to Cloud,2026-07-06T19:19:42.459+08:00
2026-07-07 13:57:25,2026-07-06T19:20:00+08:00,2026-07-06T19:22:02+08:00,1.3517,103.691,C,Cloud to Cloud,2026-07-06T19:19:42.46+08:00
2026-07-07 13:57:25,2026-07-06T19:20:00+08:00,2026-07-06T19:22:02+08:00,1.4071,103.6821,C,Cloud to Cloud,2026-07-06T19:19:42.478+08:00
2026-07-07 13:57:25,2026-07-06T19:20:00+08:00,2026-07-06T19:22:02+08:00,1.4071,103.6821,C,Cloud to Cloud,2026-07-06T19:19:42.478+08:00
2026-07-07 13:57:25,2026-07-06T19:20:00+08:00,2026-07-06T19:22:02+08:00,1.4012,103.6559,C,Cloud to Cloud,2026-07-06T19:19:42.482+08:00
2026-07-07 13:57:25,2026-07-06T19:20:00+08:00,2026-07-06T19:22:02+08:00,1.3994,103.6657,C,Cloud to Cloud,2026-07-06T19:19:42.482+08:00
2026-07-07 13:57:25,2026-07-06T19:20:00+08:00,2026-07-06T19:22:02+08:00,1.4162,103.6807,C,Cloud to Cloud,2026-07-06T19:19:42.497+08:00
2026-07-07 13:57:25,2026-07-06T19:20:00+08:00,2026-07-06T19:22:02+08:00,1.4162,103.6807,C,Cloud to Cloud,2026-07-06T19:19:42.498+08:00
2026-07-07 13:57:25,2026-07-06T19:20:00+08:00,2026-07-06T19:22:02+08:00,1.3723,103.6642,C,Cloud to Cloud,2026-07-06T19:19:42.505+08:00
2026-07-07 13:57:25,2026-07-06T19:20:00+08:00,2026-07-06T19:22:02+08:00,1.3574,103.6423,C,Cloud to Cloud,2026-07-06T19:19:42.505+08:00
2026-07-07 13:57:25,2026-07-06T19:20:00+08:00,2026-07-06T19:22:02+08:00,1.369,103.6618,C,Cloud to Cloud,2026-07-06T19:19:42.508+08:00
2026-07-07 13:57:25,2026-07-06T19:20:00+08:00,2026-07-06T19:22:02+08:00,1.3731,103.6665,C,Cloud to Cloud,2026-07-06T19:19:42.509+08:00
2026-07-07 13:57:25,2026-07-06T19:20:00+08:00,2026-07-06T19:22:02+08:00,1.4136,103.6813,C,Cloud to Cloud,2026-07-06T19:19:42.511+08:00
2026-07-07 13:57:25,2026-07-06T19:20:00+08:00,2026-07-06T19:22:02+08:00,1.4136,103.6813,C,Cloud to Cloud,2026-07-06T19:19:42.511+08:00
2026-07-07 13:57:25,2026-07-06T19:20:00+08:00,2026-07-06T19:22:02+08:00,1.4058,103.6797,C,Cloud to Cloud,2026-07-06T19:19:42.511+08:00
2026-07-07 13:57:25,2026-07-06T19:20:00+08:00,2026-07-06T19:22:02+08:00,1.4031,103.6404,C,Cloud to Cloud,2026-07-06T19:19:42.531+08:00
2026-07-07 13:57:25,2026-07-06T19:20:00+08:00,2026-07-06T19:22:02+08:00,1.4031,103.6404,C,Cloud to Cloud,2026-07-06T19:19:42.531+08:00
2026-07-07 13:57:25,2026-07-06T19:20:00+08:00,2026-07-06T19:22:02+08:00,1.4069,103.653,C,Cloud to Cloud,2026-07-06T19:19:42.531+08:00
2026-07-07 13:57:25,2026-07-06T19:20:00+08:00,2026-07-06T19:22:02+08:00,1.4113,103.6791,C,Cloud to Cloud,2026-07-06T19:19:42.546+08:00
2026-07-07 13:57:25,2026-07-06T19:20:00+08:00,2026-07-06T19:22:02+08:00,1.3921,103.6573,C,Cloud to Cloud,2026-07-06T19:19:42.546+08:00
2026-07-07 13:57:25,2026-07-06T19:20:00+08:00,2026-07-06T19:22:02+08:00,1.3987,103.6686,C,Cloud to Cloud,2026-07-06T19:19:42.546+08:00
2026-07-07 13:57:25,2026-07-06T19:18:00+08:00,2026-07-06T19:20:04+08:00,1.3817,103.6774,C,Cloud to Cloud,2026-07-06T19:16:29.682+08:00
2026-07-07 13:57:25,2026-07-06T19:18:00+08:00,2026-07-06T19:20:04+08:00,1.3815,103.6774,C,Cloud to Cloud,2026-07-06T19:16:29.682+08:00
2026-07-07 13:57:25,2026-07-06T19:18:00+08:00,2026-07-06T19:20:04+08:00,1.3788,103.6795,C,Cloud to Cloud,2026-07-06T19:16:29.683+08:00
2026-07-07 13:57:25,2026-07-06T19:18:00+08:00,2026-07-06T19:20:04+08:00,1.3986,103.6765,C,Cloud to Cloud,2026-07-06T19:16:29.683+08:00
2026-07-07 13:57:25,2026-07-06T19:18:00+08:00,2026-07-06T19:20:04+08:00,1.3788,103.6796,C,Cloud to Cloud,2026-07-06T19:16:29.683+08:00
2026-07-07 13:57:25,2026-07-06T19:18:00+08:00,2026-07-06T19:20:04+08:00,1.3803,103.6811,C,Cloud to Cloud,2026-07-06T19:16:29.683+08:00
2026-07-07 13:57:25,2026-07-06T19:18:00+08:00,2026-07-06T19:20:04+08:00,1.3808,103.6791,C,Cloud to Cloud,2026-07-06T19:16:29.683+08:00
2026-07-07 13:57:25,2026-07-06T19:18:00+08:00,2026-07-06T19:20:04+08:00,1.4075,103.6692,C,Cloud to Cloud,2026-07-06T19:16:29.683+08:00
2026-07-07 13:57:25,2026-07-06T19:18:00+08:00,2026-07-06T19:20:04+08:00,1.3791,103.6755,C,Cloud to Cloud,2026-07-06T19:16:29.685+08:00
2026-07-07 13:57:25,2026-07-06T19:18:00+08:00,2026-07-06T19:20:04+08:00,1.4064,103.6858,C,Cloud to Cloud,2026-07-06T19:16:29.685+08:00
2026-07-07 13:57:25,2026-07-06T19:18:00+08:00,2026-07-06T19:20:04+08:00,1.3729,103.6709,C,Cloud to Cloud,2026-07-06T19:16:29.686+08:00
2026-07-07 13:57:25,2026-07-06T19:18:00+08:00,2026-07-06T19:20:04+08:00,1.3726,103.6711,C,Cloud to Cloud,2026-07-06T19:16:29.686+08:00
2026-07-07 13:57:25,2026-07-06T19:18:00+08:00,2026-07-06T19:20:04+08:00,1.3836,103.6823,C,Cloud to Cloud,2026-07-06T19:16:29.687+08:00
2026-07-07 13:57:25,2026-07-06T19:18:00+08:00,2026-07-06T19:20:04+08:00,1.3836,103.6826,C,Cloud to Cloud,2026-07-06T19:16:29.687+08:00
2026-07-07 13:57:25,2026-07-06T19:18:00+08:00,2026-07-06T19:20:04+08:00,1.3892,103.6778,C,Cloud to Cloud,2026-07-06T19:16:29.691+08:00
2026-07-07 13:57:25,2026-07-06T19:18:00+08:00,2026-07-06T19:20:04+08:00,1.3892,103.6778,C,Cloud to Cloud,2026-07-06T19:16:29.691+08:00
2026-07-07 13:57:25,2026-07-06T19:18:00+08:00,2026-07-06T19:20:04+08:00,1.3886,103.6781,C,Cloud to Cloud,2026-07-06T19:16:29.691+08:00
2026-07-07 13:57:25,2026-07-06T19:18:00+08:00,2026-07-06T19:20:04+08:00,1.3894,103.6781,C,Cloud to Cloud,2026-07-06T19:16:29.691+08:00
2026-07-07 13:57:25,2026-07-06T19:18:00+08:00,2026-07-06T19:20:04+08:00,1.3943,103.6793,C,Cloud to Cloud,2026-07-06T19:16:29.694+08:00
2026-07-07 13:57:25,2026-07-06T19:18:00+08:00,2026-07-06T19:20:04+08:00,1.3943,103.6793,C,Cloud to Cloud,2026-07-06T19:16:29.695+08:00
2026-07-07 13:57:25,2026-07-06T19:18:00+08:00,2026-07-06T19:20:04+08:00,1.3721,103.6635,C,Cloud to Cloud,2026-07-06T19:16:29.786+08:00
2026-07-07 13:57:25,2026-07-06T19:18:00+08:00,2026-07-06T19:20:04+08:00,1.3721,103.6635,C,Cloud to Cloud,2026-07-06T19:16:29.786+08:00
2026-07-07 13:57:25,2026-07-06T19:18:00+08:00,2026-07-06T19:20:04+08:00,1.3601,103.6378,C,Cloud to Cloud,2026-07-06T19:16:29.788+08:00
2026-07-07 13:57:25,2026-07-06T19:18:00+08:00,2026-07-06T19:20:04+08:00,1.3819,103.6686,C,Cloud to Cloud,2026-07-06T19:16:29.792+08:00
2026-07-07 13:57:25,2026-07-06T19:18:00+08:00,2026-07-06T19:20:04+08:00,1.3819,103.6686,C,Cloud to Cloud,2026-07-06T19:16:29.792+08:00
2026-07-07 13:57:25,2026-07-06T19:18:00+08:00,2026-07-06T19:20:04+08:00,1.3819,103.6757,C,Cloud to Cloud,2026-07-06T19:16:29.861+08:00
2026-07-07 13:57:25,2026-07-06T19:18:00+08:00,2026-07-06T19:20:04+08:00,1.3772,103.6741,C,Cloud to Cloud,2026-07-06T19:16:29.861+08:00
2026-07-07 13:57:25,2026-07-06T19:18:00+08:00,2026-07-06T19:20:04+08:00,1.3938,103.6902,C,Cloud to Cloud,2026-07-06T19:16:29.868+08:00
2026-07-07 13:57:25,2026-07-06T19:18:00+08:00,2026-07-06T19:20:04+08:00,1.3938,103.6902,C,Cloud to Cloud,2026-07-06T19:16:29.869+08:00
2026-07-07 13:57:25,2026-07-06T19:18:00+08:00,2026-07-06T19:20:04+08:00,1.3784,103.6606,C,Cloud to Cloud,2026-07-06T19:16:29.899+08:00
2026-07-07 13:57:25,2026-07-06T19:18:00+08:00,2026-07-06T19:20:04+08:00,1.3923,103.683,C,Cloud to Cloud,2026-07-06T19:16:29.9+08:00
2026-07-07 13:57:25,2026-07-06T19:18:00+08:00,2026-07-06T19:20:04+08:00,1.3799,103.6669,C,Cloud to Cloud,2026-07-06T19:16:29.9+08:00
2026-07-07 13:57:25,2026-07-06T19:18:00+08:00,2026-07-06T19:20:04+08:00,1.4044,103.6164,C,Cloud to Cloud,2026-07-06T19:16:29.998+08:00
2026-07-07 13:57:25,2026-07-06T19:18:00+08:00,2026-07-06T19:20:04+08:00,1.3736,103.6628,C,Cloud to Cloud,2026-07-06T19:16:29.998+08:00
2026-07-07 13:57:25,2026-07-06T19:18:00+08:00,2026-07-06T19:20:04+08:00,1.3751,103.6612,C,Cloud to Cloud,2026-07-06T19:16:29.998+08:00
2026-07-07 13:57:25,2026-07-06T19:18:00+08:00,2026-07-06T19:20:04+08:00,1.3743,103.6625,C,Cloud to Cloud,2026-07-06T19:16:29.999+08:00
2026-07-07 13:57:25,2026-07-06T19:18:00+08:00,2026-07-06T19:20:04+08:00,1.3749,103.6588,C,Cloud to Cloud,2026-07-06T19:16:29.999+08:00
2026-07-07 13:57:25,2026-07-06T19:18:00+08:00,2026-07-06T19:20:04+08:00,1.2863,103.664,C,Cloud to Cloud,2026-07-06T19:16:30.005+08:00
2026-07-07 13:57:25,2026-07-06T19:18:00+08:00,2026-07-06T19:20:04+08:00,1.2801,103.6754,G,Cloud to Ground,2026-07-06T19:16:30.005+08:00
2026-07-07 13:57:25,2026-07-06T19:18:00+08:00,2026-07-06T19:20:04+08:00,1.2863,103.664,C,Cloud to Cloud,2026-07-06T19:16:30.006+08:00
2026-07-07 13:57:25,2026-07-06T19:18:00+08:00,2026-07-06T19:20:04+08:00,1.33,103.6597,C,Cloud to Cloud,2026-07-06T19:16:30.006+08:00
2026-07-07 13:57:25,2026-07-06T19:18:00+08:00,2026-07-06T19:20:04+08:00,1.2863,103.6651,C,Cloud to Cloud,2026-07-06T19:16:30.006+08:00
2026-07-07 13:57:25,2026-07-06T19:18:00+08:00,2026-07-06T19:20:04+08:00,1.2994,103.6806,G,Cloud to Ground,2026-07-06T19:16:30.007+08:00
2026-07-07 13:57:25,2026-07-06T19:18:00+08:00,2026-07-06T19:20:04+08:00,1.3882,103.6529,C,Cloud to Cloud,2026-07-06T19:16:30.009+08:00
2026-07-07 13:57:25,2026-07-06T19:18:00+08:00,2026-07-06T19:20:04+08:00,1.3748,103.6404,C,Cloud to Cloud,2026-07-06T19:16:30.009+08:00
2026-07-07 13:57:25,2026-07-06T19:18:00+08:00,2026-07-06T19:20:04+08:00,1.3771,103.6406,C,Cloud to Cloud,2026-07-06T19:16:30.009+08:00
2026-07-07 13:57:25,2026-07-06T19:18:00+08:00,2026-07-06T19:20:04+08:00,1.3868,103.6584,C,Cloud to Cloud,2026-07-06T19:16:30.01+08:00
2026-07-07 13:57:25,2026-07-06T19:18:00+08:00,2026-07-06T19:20:04+08:00,1.3917,103.6646,C,Cloud to Cloud,2026-07-06T19:16:30.01+08:00
2026-07-07 13:57:25,2026-07-06T19:18:00+08:00,2026-07-06T19:20:04+08:00,1.371,103.6416,C,Cloud to Cloud,2026-07-06T19:16:30.048+08:00
2026-07-07 13:57:25,2026-07-06T19:18:00+08:00,2026-07-06T19:20:04+08:00,1.371,103.6416,C,Cloud to Cloud,2026-07-06T19:16:30.048+08:00
2026-07-07 13:57:25,2026-07-06T19:18:00+08:00,2026-07-06T19:20:04+08:00,1.3681,103.6396,C,Cloud to Cloud,2026-07-06T19:16:30.054+08:00
2026-07-07 13:57:25,2026-07-06T19:18:00+08:00,2026-07-06T19:20:04+08:00,1.3681,103.6396,C,Cloud to Cloud,2026-07-06T19:16:30.054+08:00
2026-07-07 13:57:25,2026-07-06T19:18:00+08:00,2026-07-06T19:20:04+08:00,1.3732,103.6319,C,Cloud to Cloud,2026-07-06T19:16:30.07+08:00
2026-07-07 13:57:25,2026-07-06T19:18:00+08:00,2026-07-06T19:20:04+08:00,1.3732,103.6319,C,Cloud to Cloud,2026-07-06T19:16:30.07+08:00
2026-07-07 13:57:25,2026-07-06T19:18:00+08:00,2026-07-06T19:20:04+08:00,1.3688,103.6392,C,Cloud to Cloud,2026-07-06T19:16:30.078+08:00
2026-07-07 13:57:25,2026-07-06T19:18:00+08:00,2026-07-06T19:20:04+08:00,1.3688,103.6391,C,Cloud to Cloud,2026-07-06T19:16:30.078+08:00
2026-07-07 13:57:25,2026-07-06T19:18:00+08:00,2026-07-06T19:20:04+08:00,1.3677,103.6394,C,Cloud to Cloud,2026-07-06T19:16:30.113+08:00
2026-07-07 13:57:25,2026-07-06T19:18:00+08:00,2026-07-06T19:20:04+08:00,1.3677,103.6394,C,Cloud to Cloud,2026-07-06T19:16:30.113+08:00
2026-07-07 13:57:25,2026-07-06T19:18:00+08:00,2026-07-06T19:20:04+08:00,1.3708,103.632,C,Cloud to Cloud,2026-07-06T19:16:30.122+08:00
2026-07-07 13:57:25,2026-07-06T19:18:00+08:00,2026-07-06T19:20:04+08:00,1.3708,103.632,C,Cloud to Cloud,2026-07-06T19:16:30.122+08:00
2026-07-07 13:57:25,2026-07-06T19:18:00+08:00,2026-07-06T19:20:04+08:00,1.3733,103.6372,C,Cloud to Cloud,2026-07-06T19:16:30.132+08:00
2026-07-07 13:57:25,2026-07-06T19:18:00+08:00,2026-07-06T19:20:04+08:00,1.3739,103.6325,C,Cloud to Cloud,2026-07-06T19:16:30.142+08:00
2026-07-07 13:57:25,2026-07-06T19:18:00+08:00,2026-07-06T19:20:04+08:00,1.3696,103.6298,C,Cloud to Cloud,2026-07-06T19:16:30.154+08:00
2026-07-07 13:57:25,2026-07-06T19:18:00+08:00,2026-07-06T19:20:04+08:00,1.3696,103.6298,C,Cloud to Cloud,2026-07-06T19:16:30.154+08:00
2026-07-07 13:57:25,2026-07-06T19:18:00+08:00,2026-07-06T19:20:04+08:00,1.3721,103.6608,C,Cloud to Cloud,2026-07-06T19:16:30.155+08:00
2026-07-07 13:57:25,2026-07-06T19:18:00+08:00,2026-07-06T19:20:04+08:00,1.3731,103.6356,C,Cloud to Cloud,2026-07-06T19:16:30.228+08:00
2026-07-07 13:57:25,2026-07-06T19:18:00+08:00,2026-07-06T19:20:04+08:00,1.3731,103.6356,C,Cloud to Cloud,2026-07-06T19:16:30.228+08:00
2026-07-07 13:57:25,2026-07-06T19:18:00+08:00,2026-07-06T19:20:04+08:00,1.371,103.6379,C,Cloud to Cloud,2026-07-06T19:16:30.228+08:00
2026-07-07 13:57:25,2026-07-06T19:18:00+08:00,2026-07-06T19:20:04+08:00,1.3729,103.6169,C,Cloud to Cloud,2026-07-06T19:16:30.251+08:00
2026-07-07 13:57:25,2026-07-06T19:18:00+08:00,2026-07-06T19:20:04+08:00,1.3689,103.6251,C,Cloud to Cloud,2026-07-06T19:16:30.251+08:00
2026-07-07 13:57:25,2026-07-06T19:18:00+08:00,2026-07-06T19:20:04+08:00,1.3701,103.6307,C,Cloud to Cloud,2026-07-06T19:16:30.251+08:00
2026-07-07 13:57:25,2026-07-06T19:18:00+08:00,2026-07-06T19:20:04+08:00,1.3701,103.6307,C,Cloud to Cloud,2026-07-06T19:16:30.251+08:00
2026-07-07 13:57:25,2026-07-06T19:18:00+08:00,2026-07-06T19:20:04+08:00,1.3766,103.6823,C,Cloud to Cloud,2026-07-06T19:17:03.882+08:00
2026-07-07 13:57:25,2026-07-06T19:18:00+08:00,2026-07-06T19:20:04+08:00,1.3766,103.6823,C,Cloud to Cloud,2026-07-06T19:17:03.882+08:00
2026-07-07 13:57:25,2026-07-06T19:18:00+08:00,2026-07-06T19:20:04+08:00,1.3656,103.6663,C,Cloud to Cloud,2026-07-06T19:17:03.887+08:00
2026-07-07 13:57:25,2026-07-06T19:18:00+08:00,2026-07-06T19:20:04+08:00,1.3448,103.6389,C,Cloud to Cloud,2026-07-06T19:17:03.887+08:00
2026-07-07 13:57:25,2026-07-06T19:18:00+08:00,2026-07-06T19:20:04+08:00,1.3805,103.6778,C,Cloud to Cloud,2026-07-06T19:17:03.926+08:00
2026-07-07 13:57:25,2026-07-06T19:18:00+08:00,2026-07-06T19:20:04+08:00,1.3805,103.6778,C,Cloud to Cloud,2026-07-06T19:17:03.927+08:00
2026-07-07 13:57:25,2026-07-06T19:18:00+08:00,2026-07-06T19:20:04+08:00,1.3855,103.6842,C,Cloud to Cloud,2026-07-06T19:17:03.937+08:00
2026-07-07 13:57:25,2026-07-06T19:18:00+08:00,2026-07-06T19:20:04+08:00,1.3855,103.6842,C,Cloud to Cloud,2026-07-06T19:17:03.937+08:00
2026-07-07 13:57:25,2026-07-06T19:18:00+08:00,2026-07-06T19:20:04+08:00,1.3968,103.6758,C,Cloud to Cloud,2026-07-06T19:17:03.95+08:00
2026-07-07 13:57:25,2026-07-06T19:18:00+08:00,2026-07-06T19:20:04+08:00,1.3968,103.6758,C,Cloud to Cloud,2026-07-06T19:17:03.95+08:00
2026-07-07 13:57:25,2026-07-06T19:18:00+08:00,2026-07-06T19:20:04+08:00,1.3909,103.679,C,Cloud to Cloud,2026-07-06T19:17:03.96+08:00
2026-07-07 13:57:25,2026-07-06T19:18:00+08:00,2026-07-06T19:20:04+08:00,1.3909,103.679,C,Cloud to Cloud,2026-07-06T19:17:03.96+08:00
2026-07-07 13:57:25,2026-07-06T19:18:00+08:00,2026-07-06T19:20:04+08:00,1.3931,103.6798,C,Cloud to Cloud,2026-07-06T19:17:03.962+08:00
2026-07-07 13:57:25,2026-07-06T19:18:00+08:00,2026-07-06T19:20:04+08:00,1.3931,103.6798,C,Cloud to Cloud,2026-07-06T19:17:03.962+08:00
2026-07-07 13:57:25,2026-07-06T19:18:00+08:00,2026-07-06T19:20:04+08:00,1.3922,103.6745,C,Cloud to Cloud,2026-07-06T19:17:03.966+08:00
2026-07-07 13:57:25,2026-07-06T19:18:00+08:00,2026-07-06T19:20:04+08:00,1.3922,103.6745,C,Cloud to Cloud,2026-07-06T19:17:03.966+08:00
2026-07-07 13:57:25,2026-07-06T19:18:00+08:00,2026-07-06T19:20:04+08:00,1.3872,103.658,C,Cloud to Cloud,2026-07-06T19:17:03.988+08:00
2026-07-07 13:57:25,2026-07-06T19:18:00+08:00,2026-07-06T19:20:04+08:00,1.3872,103.658,C,Cloud to Cloud,2026-07-06T19:17:03.988+08:00
2026-07-07 13:57:25,2026-07-06T19:18:00+08:00,2026-07-06T19:20:04+08:00,1.3904,103.6511,C,Cloud to Cloud,2026-07-06T19:17:03.994+08:00
2026-07-07 13:57:25,2026-07-06T19:18:00+08:00,2026-07-06T19:20:04+08:00,1.4009,103.6333,C,Cloud to Cloud,2026-07-06T19:17:04.027+08:00
2026-07-07 13:57:25,2026-07-06T19:18:00+08:00,2026-07-06T19:20:04+08:00,1.4009,103.6333,C,Cloud to Cloud,2026-07-06T19:17:04.027+08:00
2026-07-07 13:57:25,2026-07-06T19:18:00+08:00,2026-07-06T19:20:04+08:00,1.3626,103.6683,C,Cloud to Cloud,2026-07-06T19:17:04.047+08:00
2026-07-07 13:57:25,2026-07-06T19:18:00+08:00,2026-07-06T19:20:04+08:00,1.3626,103.6683,C,Cloud to Cloud,2026-07-06T19:17:04.047+08:00
2026-07-07 13:57:25,2026-07-06T19:18:00+08:00,2026-07-06T19:20:04+08:00,1.3674,103.6664,C,Cloud to Cloud,2026-07-06T19:17:04.047+08:00
2026-07-07 13:57:25,2026-07-06T19:18:00+08:00,2026-07-06T19:20:04+08:00,1.3444,103.5805,C,Cloud to Cloud,2026-07-06T19:17:04.085+08:00
2026-07-07 13:57:25,2026-07-06T19:18:00+08:00,2026-07-06T19:20:04+08:00,1.3706,103.6759,C,Cloud to Cloud,2026-07-06T19:17:04.086+08:00
2026-07-07 13:57:25,2026-07-06T19:18:00+08:00,2026-07-06T19:20:04+08:00,1.3851,103.6846,C,Cloud to Cloud,2026-07-06T19:17:04.088+08:00
2026-07-07 13:57:25,2026-07-06T19:18:00+08:00,2026-07-06T19:20:04+08:00,1.3851,103.6846,C,Cloud to Cloud,2026-07-06T19:17:04.088+08:00
2026-07-07 13:57:25,2026-07-06T19:18:00+08:00,2026-07-06T19:20:04+08:00,1.3811,103.6893,C,Cloud to Cloud,2026-07-06T19:17:04.088+08:00
2026-07-07 13:57:25,2026-07-06T19:18:00+08:00,2026-07-06T19:20:04+08:00,1.3811,103.6893,C,Cloud to Cloud,2026-07-06T19:17:04.089+08:00
2026-07-07 13:57:25,2026-07-06T19:18:00+08:00,2026-07-06T19:20:04+08:00,1.3926,103.7013,C,Cloud to Cloud,2026-07-06T19:17:04.09+08:00
2026-07-07 13:57:25,2026-07-06T19:18:00+08:00,2026-07-06T19:20:04+08:00,1.3826,103.6875,C,Cloud to Cloud,2026-07-06T19:17:04.091+08:00
2026-07-07 13:57:25,2026-07-06T19:18:00+08:00,2026-07-06T19:20:04+08:00,1.3826,103.6875,C,Cloud to Cloud,2026-07-06T19:17:04.091+08:00
2026-07-07 13:57:25,2026-07-06T19:18:00+08:00,2026-07-06T19:20:04+08:00,1.3673,103.6455,C,Cloud to Cloud,2026-07-06T19:17:04.091+08:00
2026-07-07 13:57:25,2026-07-06T19:18:00+08:00,2026-07-06T19:20:04+08:00,1.3741,103.6908,C,Cloud to Cloud,2026-07-06T19:17:04.091+08:00
2026-07-07 13:57:25,2026-07-06T19:18:00+08:00,2026-07-06T19:20:04+08:00,1.3659,103.6814,C,Cloud to Cloud,2026-07-06T19:17:04.092+08:00
2026-07-07 13:57:25,2026-07-06T19:18:00+08:00,2026-07-06T19:20:04+08:00,1.3729,103.691,C,Cloud to Cloud,2026-07-06T19:17:04.092+08:00
2026-07-07 13:57:25,2026-07-06T19:18:00+08:00,2026-07-06T19:20:04+08:00,1.3729,103.691,C,Cloud to Cloud,2026-07-06T19:17:04.092+08:00
2026-07-07 13:57:25,2026-07-06T19:18:00+08:00,2026-07-06T19:20:04+08:00,1.3649,103.68,C,Cloud to Cloud,2026-07-06T19:17:04.092+08:00
2026-07-07 13:57:25,2026-07-06T19:18:00+08:00,2026-07-06T19:20:04+08:00,1.3649,103.68,C,Cloud to Cloud,2026-07-06T19:17:04.093+08:00
2026-07-07 13:57:25,2026-07-06T19:18:00+08:00,2026-07-06T19:20:04+08:00,1.3685,103.6837,C,Cloud to Cloud,2026-07-06T19:17:04.093+08:00
2026-07-07 13:57:25,2026-07-06T19:18:00+08:00,2026-07-06T19:20:04+08:00,1.3638,103.6783,C,Cloud to Cloud,2026-07-06T19:17:04.093+08:00
2026-07-07 13:57:25,2026-07-06T19:18:00+08:00,2026-07-06T19:20:04+08:00,1.3713,103.6897,C,Cloud to Cloud,2026-07-06T19:17:04.093+08:00
2026-07-07 13:57:25,2026-07-06T19:18:00+08:00,2026-07-06T19:20:04+08:00,1.3855,103.689,C,Cloud to Cloud,2026-07-06T19:17:04.094+08:00
2026-07-07 13:57:25,2026-07-06T19:18:00+08:00,2026-07-06T19:20:04+08:00,1.3855,103.689,C,Cloud to Cloud,2026-07-06T19:17:04.094+08:00
2026-07-07 13:57:25,2026-07-06T19:18:00+08:00,2026-07-06T19:20:04+08:00,1.3788,103.6961,C,Cloud to Cloud,2026-07-06T19:17:04.094+08:00
2026-07-07 13:57:25,2026-07-06T19:18:00+08:00,2026-07-06T19:20:04+08:00,1.3752,103.692,C,Cloud to Cloud,2026-07-06T19:17:04.094+08:00
2026-07-07 13:57:25,2026-07-06T19:18:00+08:00,2026-07-06T19:20:04+08:00,1.3815,103.6821,C,Cloud to Cloud,2026-07-06T19:17:04.095+08:00
2026-07-07 13:57:25,2026-07-06T19:18:00+08:00,2026-07-06T19:20:04+08:00,1.3681,103.6636,C,Cloud to Cloud,2026-07-06T19:17:04.095+08:00
2026-07-07 13:57:25,2026-07-06T19:18:00+08:00,2026-07-06T19:20:04+08:00,1.3827,103.6886,C,Cloud to Cloud,2026-07-06T19:17:04.095+08:00
2026-07-07 13:57:25,2026-07-06T19:18:00+08:00,2026-07-06T19:20:04+08:00,1.3801,103.6823,C,Cloud to Cloud,2026-07-06T19:17:04.095+08:00
2026-07-07 13:57:25,2026-07-06T19:18:00+08:00,2026-07-06T19:20:04+08:00,1.3801,103.6823,C,Cloud to Cloud,2026-07-06T19:17:04.095+08:00
2026-07-07 13:57:25,2026-07-06T19:18:00+08:00,2026-07-06T19:20:04+08:00,1.3843,103.6888,C,Cloud to Cloud,2026-07-06T19:17:04.096+08:00
2026-07-07 13:57:25,2026-07-06T19:18:00+08:00,2026-07-06T19:20:04+08:00,1.3843,103.6888,C,Cloud to Cloud,2026-07-06T19:17:04.096+08:00
2026-07-07 13:57:25,2026-07-06T19:18:00+08:00,2026-07-06T19:20:04+08:00,1.3642,103.6857,C,Cloud to Cloud,2026-07-06T19:17:04.097+08:00
2026-07-07 13:57:25,2026-07-06T19:18:00+08:00,2026-07-06T19:20:04+08:00,1.3642,103.6857,C,Cloud to Cloud,2026-07-06T19:17:04.097+08:00
2026-07-07 13:57:25,2026-07-06T19:18:00+08:00,2026-07-06T19:20:04+08:00,1.3728,103.6986,C,Cloud to Cloud,2026-07-06T19:17:04.098+08:00
2026-07-07 13:57:25,2026-07-06T19:18:00+08:00,2026-07-06T19:20:04+08:00,1.3728,103.6986,C,Cloud to Cloud,2026-07-06T19:17:04.098+08:00
2026-07-07 13:57:25,2026-07-06T19:18:00+08:00,2026-07-06T19:20:04+08:00,1.3732,103.6917,C,Cloud to Cloud,2026-07-06T19:17:04.101+08:00
2026-07-07 13:57:25,2026-07-06T19:18:00+08:00,2026-07-06T19:20:04+08:00,1.3732,103.6917,C,Cloud to Cloud,2026-07-06T19:17:04.101+08:00
2026-07-07 13:57:25,2026-07-06T19:18:00+08:00,2026-07-06T19:20:04+08:00,1.3705,103.6988,C,Cloud to Cloud,2026-07-06T19:17:04.102+08:00
2026-07-07 13:57:25,2026-07-06T19:18:00+08:00,2026-07-06T19:20:04+08:00,1.3695,103.6993,C,Cloud to Cloud,2026-07-06T19:17:04.102+08:00
2026-07-07 13:57:25,2026-07-06T19:18:00+08:00,2026-07-06T19:20:04+08:00,1.3586,103.6002,C,Cloud to Cloud,2026-07-06T19:17:04.103+08:00
2026-07-07 13:57:25,2026-07-06T19:18:00+08:00,2026-07-06T19:20:04+08:00,1.3732,103.6907,C,Cloud to Cloud,2026-07-06T19:17:04.104+08:00
2026-07-07 13:57:25,2026-07-06T19:18:00+08:00,2026-07-06T19:20:04+08:00,1.3708,103.6945,C,Cloud to Cloud,2026-07-06T19:17:04.104+08:00
2026-07-07 13:57:25,2026-07-06T19:18:00+08:00,2026-07-06T19:20:04+08:00,1.3695,103.6962,C,Cloud to Cloud,2026-07-06T19:17:04.104+08:00
2026-07-07 13:57:25,2026-07-06T19:18:00+08:00,2026-07-06T19:20:04+08:00,1.3692,103.698,C,Cloud to Cloud,2026-07-06T19:17:04.104+08:00
2026-07-07 13:57:25,2026-07-06T19:18:00+08:00,2026-07-06T19:20:04+08:00,1.3688,103.6939,C,Cloud to Cloud,2026-07-06T19:17:04.104+08:00
2026-07-07 13:57:25,2026-07-06T19:18:00+08:00,2026-07-06T19:20:04+08:00,1.3698,103.6949,C,Cloud to Cloud,2026-07-06T19:17:04.104+08:00
2026-07-07 13:57:25,2026-07-06T19:18:00+08:00,2026-07-06T19:20:04+08:00,1.3625,103.6834,C,Cloud to Cloud,2026-07-06T19:17:04.105+08:00
2026-07-07 13:57:25,2026-07-06T19:18:00+08:00,2026-07-06T19:20:04+08:00,1.3736,103.6915,C,Cloud to Cloud,2026-07-06T19:17:04.105+08:00
2026-07-07 13:57:25,2026-07-06T19:18:00+08:00,2026-07-06T19:20:04+08:00,1.3505,103.6847,C,Cloud to Cloud,2026-07-06T19:17:04.105+08:00
2026-07-07 13:57:25,2026-07-06T19:18:00+08:00,2026-07-06T19:20:04+08:00,1.3529,103.6869,C,Cloud to Cloud,2026-07-06T19:17:04.105+08:00
2026-07-07 13:57:25,2026-07-06T19:18:00+08:00,2026-07-06T19:20:04+08:00,1.3508,103.6828,C,Cloud to Cloud,2026-07-06T19:17:04.106+08:00
2026-07-07 13:57:25,2026-07-06T19:18:00+08:00,2026-07-06T19:20:04+08:00,1.3518,103.6838,C,Cloud to Cloud,2026-07-06T19:17:04.106+08:00
2026-07-07 13:57:25,2026-07-06T19:18:00+08:00,2026-07-06T19:20:04+08:00,1.3544,103.6901,C,Cloud to Cloud,2026-07-06T19:17:04.106+08:00
2026-07-07 13:57:25,2026-07-06T19:18:00+08:00,2026-07-06T19:20:04+08:00,1.3526,103.6865,C,Cloud to Cloud,2026-07-06T19:17:04.106+08:00
2026-07-07 13:57:25,2026-07-06T19:18:00+08:00,2026-07-06T19:20:04+08:00,1.3509,103.6849,C,Cloud to Cloud,2026-07-06T19:17:04.106+08:00
2026-07-07 13:57:25,2026-07-06T19:18:00+08:00,2026-07-06T19:20:04+08:00,1.3671,103.6979,C,Cloud to Cloud,2026-07-06T19:17:04.106+08:00
2026-07-07 13:57:25,2026-07-06T19:18:00+08:00,2026-07-06T19:20:04+08:00,1.364,103.6949,C,Cloud to Cloud,2026-07-06T19:17:04.106+08:00
2026-07-07 13:57:25,2026-07-06T19:18:00+08:00,2026-07-06T19:20:04+08:00,1.3586,103.7019,C,Cloud to Cloud,2026-07-06T19:17:04.107+08:00
2026-07-07 13:57:25,2026-07-06T19:18:00+08:00,2026-07-06T19:20:04+08:00,1.3615,103.6962,C,Cloud to Cloud,2026-07-06T19:17:04.107+08:00
2026-07-07 13:57:25,2026-07-06T19:18:00+08:00,2026-07-06T19:20:04+08:00,1.3603,103.6951,C,Cloud to Cloud,2026-07-06T19:17:04.107+08:00
2026-07-07 13:57:25,2026-07-06T19:18:00+08:00,2026-07-06T19:20:04+08:00,1.3634,103.6964,C,Cloud to Cloud,2026-07-06T19:17:04.107+08:00
2026-07-07 13:57:25,2026-07-06T19:18:00+08:00,2026-07-06T19:20:04+08:00,1.3405,103.6773,C,Cloud to Cloud,2026-07-06T19:17:04.107+08:00
2026-07-07 13:57:25,2026-07-06T19:18:00+08:00,2026-07-06T19:20:04+08:00,1.3372,103.7168,C,Cloud to Cloud,2026-07-06T19:17:04.108+08:00
2026-07-07 13:57:25,2026-07-06T19:18:00+08:00,2026-07-06T19:20:04+08:00,1.325,103.6741,C,Cloud to Cloud,2026-07-06T19:17:04.108+08:00
2026-07-07 13:57:25,2026-07-06T19:18:00+08:00,2026-07-06T19:20:04+08:00,1.3513,103.6956,C,Cloud to Cloud,2026-07-06T19:17:04.109+08:00
2026-07-07 13:57:25,2026-07-06T19:18:00+08:00,2026-07-06T19:20:04+08:00,1.3523,103.7012,C,Cloud to Cloud,2026-07-06T19:17:04.109+08:00
2026-07-07 13:57:25,2026-07-06T19:18:00+08:00,2026-07-06T19:20:04+08:00,1.3269,103.6804,C,Cloud to Cloud,2026-07-06T19:17:04.109+08:00
2026-07-07 13:57:25,2026-07-06T19:18:00+08:00,2026-07-06T19:20:04+08:00,1.3504,103.6966,C,Cloud to Cloud,2026-07-06T19:17:04.109+08:00
2026-07-07 13:57:25,2026-07-06T19:18:00+08:00,2026-07-06T19:20:04+08:00,1.3557,103.6994,C,Cloud to Cloud,2026-07-06T19:17:04.11+08:00
2026-07-07 13:57:25,2026-07-06T19:18:00+08:00,2026-07-06T19:20:04+08:00,1.3398,103.6869,C,Cloud to Cloud,2026-07-06T19:17:04.11+08:00
2026-07-07 13:57:25,2026-07-06T19:18:00+08:00,2026-07-06T19:20:04+08:00,1.3495,103.6922,C,Cloud to Cloud,2026-07-06T19:17:04.11+08:00
2026-07-07 13:57:25,2026-07-06T19:18:00+08:00,2026-07-06T19:20:04+08:00,1.3337,103.6818,C,Cloud to Cloud,2026-07-06T19:17:04.111+08:00
2026-07-07 13:57:25,2026-07-06T19:18:00+08:00,2026-07-06T19:20:04+08:00,1.3618,103.5957,C,Cloud to Cloud,2026-07-06T19:17:04.111+08:00
2026-07-07 13:57:25,2026-07-06T19:18:00+08:00,2026-07-06T19:20:04+08:00,1.3495,103.692,C,Cloud to Cloud,2026-07-06T19:17:04.111+08:00
2026-07-07 13:57:25,2026-07-06T19:18:00+08:00,2026-07-06T19:20:04+08:00,1.3369,103.6843,C,Cloud to Cloud,2026-07-06T19:17:04.111+08:00
2026-07-07 13:57:25,2026-07-06T19:18:00+08:00,2026-07-06T19:20:04+08:00,1.3372,103.6744,C,Cloud to Cloud,2026-07-06T19:17:04.111+08:00
2026-07-07 13:57:25,2026-07-06T19:18:00+08:00,2026-07-06T19:20:04+08:00,1.3481,103.695,C,Cloud to Cloud,2026-07-06T19:17:04.111+08:00
2026-07-07 13:57:25,2026-07-06T19:18:00+08:00,2026-07-06T19:20:04+08:00,1.3471,103.6942,C,Cloud to Cloud,2026-07-06T19:17:04.111+08:00
2026-07-07 13:57:25,2026-07-06T19:18:00+08:00,2026-07-06T19:20:04+08:00,1.3513,103.697,C,Cloud to Cloud,2026-07-06T19:17:04.111+08:00
2026-07-07 13:57:25,2026-07-06T19:18:00+08:00,2026-07-06T19:20:04+08:00,1.3485,103.6947,C,Cloud to Cloud,2026-07-06T19:17:04.111+08:00
2026-07-07 13:57:25,2026-07-06T19:18:00+08:00,2026-07-06T19:20:04+08:00,1.3453,103.6982,C,Cloud to Cloud,2026-07-06T19:17:04.111+08:00
2026-07-07 13:57:25,2026-07-06T19:18:00+08:00,2026-07-06T19:20:04+08:00,1.3513,103.7028,C,Cloud to Cloud,2026-07-06T19:17:04.111+08:00
2026-07-07 13:57:25,2026-07-06T19:18:00+08:00,2026-07-06T19:20:04+08:00,1.3464,103.6957,C,Cloud to Cloud,2026-07-06T19:17:04.112+08:00
2026-07-07 13:57:25,2026-07-06T19:18:00+08:00,2026-07-06T19:20:04+08:00,1.3608,103.6907,C,Cloud to Cloud,2026-07-06T19:17:04.112+08:00
2026-07-07 13:57:25,2026-07-06T19:18:00+08:00,2026-07-06T19:20:04+08:00,1.3765,103.7159,C,Cloud to Cloud,2026-07-06T19:17:04.112+08:00
2026-07-07 13:57:25,2026-07-06T19:18:00+08:00,2026-07-06T19:20:04+08:00,1.3334,103.6792,C,Cloud to Cloud,2026-07-06T19:17:04.112+08:00
2026-07-07 13:57:25,2026-07-06T19:18:00+08:00,2026-07-06T19:20:04+08:00,1.3328,103.69,C,Cloud to Cloud,2026-07-06T19:17:04.112+08:00
2026-07-07 13:57:25,2026-07-06T19:18:00+08:00,2026-07-06T19:20:04+08:00,1.3475,103.6979,C,Cloud to Cloud,2026-07-06T19:17:04.112+08:00
2026-07-07 13:57:25,2026-07-06T19:18:00+08:00,2026-07-06T19:20:04+08:00,1.3446,103.701,C,Cloud to Cloud,2026-07-06T19:17:04.113+08:00
2026-07-07 13:57:25,2026-07-06T19:18:00+08:00,2026-07-06T19:20:04+08:00,1.3332,103.6882,C,Cloud to Cloud,2026-07-06T19:17:04.113+08:00
2026-07-07 13:57:25,2026-07-06T19:18:00+08:00,2026-07-06T19:20:04+08:00,1.347,103.6969,C,Cloud to Cloud,2026-07-06T19:17:04.113+08:00
2026-07-07 13:57:25,2026-07-06T19:18:00+08:00,2026-07-06T19:20:04+08:00,1.3476,103.6974,C,Cloud to Cloud,2026-07-06T19:17:04.113+08:00
2026-07-07 13:57:25,2026-07-06T19:18:00+08:00,2026-07-06T19:20:04+08:00,1.3446,103.6978,C,Cloud to Cloud,2026-07-06T19:17:04.113+08:00
2026-07-07 13:57:25,2026-07-06T19:18:00+08:00,2026-07-06T19:20:04+08:00,1.3465,103.6993,C,Cloud to Cloud,2026-07-06T19:17:04.113+08:00
2026-07-07 13:57:25,2026-07-06T19:18:00+08:00,2026-07-06T19:20:04+08:00,1.3474,103.703,C,Cloud to Cloud,2026-07-06T19:17:04.113+08:00
2026-07-07 13:57:25,2026-07-06T19:18:00+08:00,2026-07-06T19:20:04+08:00,1.3446,103.7004,C,Cloud to Cloud,2026-07-06T19:17:04.113+08:00
2026-07-07 13:57:25,2026-07-06T19:18:00+08:00,2026-07-06T19:20:04+08:00,1.3367,103.6937,C,Cloud to Cloud,2026-07-06T19:17:04.113+08:00
2026-07-07 13:57:25,2026-07-06T19:18:00+08:00,2026-07-06T19:20:04+08:00,1.347,103.6982,C,Cloud to Cloud,2026-07-06T19:17:04.114+08:00
2026-07-07 13:57:25,2026-07-06T19:18:00+08:00,2026-07-06T19:20:04+08:00,1.3442,103.7036,C,Cloud to Cloud,2026-07-06T19:17:04.114+08:00
2026-07-07 13:57:25,2026-07-06T19:18:00+08:00,2026-07-06T19:20:04+08:00,1.3376,103.6958,C,Cloud to Cloud,2026-07-06T19:17:04.114+08:00
2026-07-07 13:57:25,2026-07-06T19:18:00+08:00,2026-07-06T19:20:04+08:00,1.3463,103.7008,C,Cloud to Cloud,2026-07-06T19:17:04.114+08:00
2026-07-07 13:57:25,2026-07-06T19:18:00+08:00,2026-07-06T19:20:04+08:00,1.3444,103.7031,C,Cloud to Cloud,2026-07-06T19:17:04.114+08:00
2026-07-07 13:57:25,2026-07-06T19:18:00+08:00,2026-07-06T19:20:04+08:00,1.333,103.6965,C,Cloud to Cloud,2026-07-06T19:17:04.114+08:00
2026-07-07 13:57:25,2026-07-06T19:18:00+08:00,2026-07-06T19:20:04+08:00,1.3391,103.6968,C,Cloud to Cloud,2026-07-06T19:17:04.114+08:00
2026-07-07 13:57:25,2026-07-06T19:18:00+08:00,2026-07-06T19:20:04+08:00,1.3489,103.7028,C,Cloud to Cloud,2026-07-06T19:17:04.115+08:00
2026-07-07 13:57:25,2026-07-06T19:18:00+08:00,2026-07-06T19:20:04+08:00,1.3393,103.697,C,Cloud to Cloud,2026-07-06T19:17:04.115+08:00
2026-07-07 13:57:25,2026-07-06T19:18:00+08:00,2026-07-06T19:20:04+08:00,1.3362,103.6943,C,Cloud to Cloud,2026-07-06T19:17:04.115+08:00
2026-07-07 13:57:25,2026-07-06T19:18:00+08:00,2026-07-06T19:20:04+08:00,1.3479,103.7027,C,Cloud to Cloud,2026-07-06T19:17:04.115+08:00
2026-07-07 13:57:25,2026-07-06T19:18:00+08:00,2026-07-06T19:20:04+08:00,1.3488,103.7022,C,Cloud to Cloud,2026-07-06T19:17:04.115+08:00
2026-07-07 13:57:25,2026-07-06T19:18:00+08:00,2026-07-06T19:20:04+08:00,1.3475,103.7047,C,Cloud to Cloud,2026-07-06T19:17:04.115+08:00
2026-07-07 13:57:25,2026-07-06T19:18:00+08:00,2026-07-06T19:20:04+08:00,1.3355,103.6961,C,Cloud to Cloud,2026-07-06T19:17:04.116+08:00
2026-07-07 13:57:25,2026-07-06T19:18:00+08:00,2026-07-06T19:20:04+08:00,1.3492,103.7065,C,Cloud to Cloud,2026-07-06T19:17:04.116+08:00
2026-07-07 13:57:25,2026-07-06T19:18:00+08:00,2026-07-06T19:20:04+08:00,1.3475,103.7061,C,Cloud to Cloud,2026-07-06T19:17:04.116+08:00
2026-07-07 13:57:25,2026-07-06T19:18:00+08:00,2026-07-06T19:20:04+08:00,1.3482,103.7047,C,Cloud to Cloud,2026-07-06T19:17:04.116+08:00
2026-07-07 13:57:25,2026-07-06T19:18:00+08:00,2026-07-06T19:20:04+08:00,1.3398,103.7086,C,Cloud to Cloud,2026-07-06T19:17:04.117+08:00
2026-07-07 13:57:25,2026-07-06T19:18:00+08:00,2026-07-06T19:20:04+08:00,1.3308,103.7046,C,Cloud to Cloud,2026-07-06T19:17:04.117+08:00
2026-07-07 13:57:25,2026-07-06T19:18:00+08:00,2026-07-06T19:20:04+08:00,1.3431,103.7124,C,Cloud to Cloud,2026-07-06T19:17:04.117+08:00
2026-07-07 13:57:25,2026-07-06T19:18:00+08:00,2026-07-06T19:20:04+08:00,1.337,103.7083,C,Cloud to Cloud,2026-07-06T19:17:04.117+08:00
2026-07-07 13:57:25,2026-07-06T19:18:00+08:00,2026-07-06T19:20:04+08:00,1.342,103.7104,C,Cloud to Cloud,2026-07-06T19:17:04.117+08:00
2026-07-07 13:57:25,2026-07-06T19:18:00+08:00,2026-07-06T19:20:04+08:00,1.3488,103.7068,C,Cloud to Cloud,2026-07-06T19:17:04.118+08:00
2026-07-07 13:57:25,2026-07-06T19:18:00+08:00,2026-07-06T19:20:04+08:00,1.353,103.7098,C,Cloud to Cloud,2026-07-06T19:17:04.118+08:00
2026-07-07 13:57:25,2026-07-06T19:18:00+08:00,2026-07-06T19:20:04+08:00,1.3376,103.7088,C,Cloud to Cloud,2026-07-06T19:17:04.118+08:00
2026-07-07 13:57:25,2026-07-06T19:18:00+08:00,2026-07-06T19:20:04+08:00,1.3236,103.7287,C,Cloud to Cloud,2026-07-06T19:17:04.118+08:00
2026-07-07 13:57:25,2026-07-06T19:18:00+08:00,2026-07-06T19:20:04+08:00,1.3249,103.6989,C,Cloud to Cloud,2026-07-06T19:17:04.118+08:00
2026-07-07 13:57:25,2026-07-06T19:18:00+08:00,2026-07-06T19:20:04+08:00,1.3513,103.7159,C,Cloud to Cloud,2026-07-06T19:17:04.118+08:00
2026-07-07 13:57:25,2026-07-06T19:18:00+08:00,2026-07-06T19:20:04+08:00,1.3788,103.6763,C,Cloud to Cloud,2026-07-06T19:17:04.121+08:00
2026-07-07 13:57:25,2026-07-06T19:18:00+08:00,2026-07-06T19:20:04+08:00,1.3547,103.7141,C,Cloud to Cloud,2026-07-06T19:17:04.123+08:00
2026-07-07 13:57:25,2026-07-06T19:18:00+08:00,2026-07-06T19:20:04+08:00,1.3587,103.6753,C,Cloud to Cloud,2026-07-06T19:17:04.124+08:00
2026-07-07 13:57:25,2026-07-06T19:18:00+08:00,2026-07-06T19:20:04+08:00,1.3717,103.7063,C,Cloud to Cloud,2026-07-06T19:17:04.127+08:00
2026-07-07 13:57:25,2026-07-06T19:18:00+08:00,2026-07-06T19:20:04+08:00,1.3639,103.6551,C,Cloud to Cloud,2026-07-06T19:17:04.128+08:00
2026-07-07 13:57:25,2026-07-06T19:18:00+08:00,2026-07-06T19:20:04+08:00,1.3791,103.6804,C,Cloud to Cloud,2026-07-06T19:17:04.128+08:00
2026-07-07 13:57:25,2026-07-06T19:18:00+08:00,2026-07-06T19:20:04+08:00,1.3984,103.6713,C,Cloud to Cloud,2026-07-06T19:17:04.164+08:00
2026-07-07 13:57:25,2026-07-06T19:18:00+08:00,2026-07-06T19:20:04+08:00,1.3955,103.6679,C,Cloud to Cloud,2026-07-06T19:17:04.165+08:00
2026-07-07 13:57:25,2026-07-06T19:18:00+08:00,2026-07-06T19:20:04+08:00,1.2327,103.6774,C,Cloud to Cloud,2026-07-06T19:17:04.172+08:00
2026-07-07 13:57:25,2026-07-06T19:18:00+08:00,2026-07-06T19:20:04+08:00,1.389,103.7497,C,Cloud to Cloud,2026-07-06T19:17:04.173+08:00
2026-07-07 13:57:25,2026-07-06T19:18:00+08:00,2026-07-06T19:20:04+08:00,1.3812,103.6381,C,Cloud to Cloud,2026-07-06T19:17:04.183+08:00
2026-07-07 13:57:25,2026-07-06T19:18:00+08:00,2026-07-06T19:20:04+08:00,1.3793,103.669,C,Cloud to Cloud,2026-07-06T19:17:04.183+08:00
2026-07-07 13:57:25,2026-07-06T19:18:00+08:00,2026-07-06T19:20:04+08:00,1.3796,103.6685,C,Cloud to Cloud,2026-07-06T19:17:04.184+08:00
2026-07-07 13:57:25,2026-07-06T19:18:00+08:00,2026-07-06T19:20:04+08:00,1.3839,103.6735,C,Cloud to Cloud,2026-07-06T19:17:04.184+08:00
2026-07-07 13:57:25,2026-07-06T19:18:00+08:00,2026-07-06T19:20:04+08:00,1.3785,103.7038,C,Cloud to Cloud,2026-07-06T19:17:04.184+08:00
2026-07-07 13:57:25,2026-07-06T19:18:00+08:00,2026-07-06T19:20:04+08:00,1.3785,103.7038,C,Cloud to Cloud,2026-07-06T19:17:04.184+08:00
2026-07-07 13:57:25,2026-07-06T19:18:00+08:00,2026-07-06T19:20:04+08:00,1.3902,103.6763,C,Cloud to Cloud,2026-07-06T19:17:04.185+08:00
2026-07-07 13:57:25,2026-07-06T19:18:00+08:00,2026-07-06T19:20:04+08:00,1.3681,103.699,C,Cloud to Cloud,2026-07-06T19:17:04.189+08:00
2026-07-07 13:57:25,2026-07-06T19:18:00+08:00,2026-07-06T19:20:04+08:00,1.3709,103.7005,C,Cloud to Cloud,2026-07-06T19:17:04.198+08:00
2026-07-07 13:57:25,2026-07-06T19:18:00+08:00,2026-07-06T19:20:04+08:00,1.3574,103.7067,C,Cloud to Cloud,2026-07-06T19:17:04.217+08:00
2026-07-07 13:57:25,2026-07-06T19:18:00+08:00,2026-07-06T19:20:04+08:00,1.4065,103.7097,C,Cloud to Cloud,2026-07-06T19:17:04.219+08:00
2026-07-07 13:57:25,2026-07-06T19:18:00+08:00,2026-07-06T19:20:04+08:00,1.3944,103.6913,C,Cloud to Cloud,2026-07-06T19:17:04.219+08:00
2026-07-07 13:57:25,2026-07-06T19:18:00+08:00,2026-07-06T19:20:04+08:00,1.3794,103.6582,C,Cloud to Cloud,2026-07-06T19:17:04.22+08:00
2026-07-07 13:57:25,2026-07-06T19:18:00+08:00,2026-07-06T19:20:04+08:00,1.383,103.6708,C,Cloud to Cloud,2026-07-06T19:17:04.22+08:00
2026-07-07 13:57:25,2026-07-06T19:18:00+08:00,2026-07-06T19:20:04+08:00,1.3481,103.7399,C,Cloud to Cloud,2026-07-06T19:17:04.22+08:00
2026-07-07 13:57:25,2026-07-06T19:18:00+08:00,2026-07-06T19:20:04+08:00,1.3666,103.7095,C,Cloud to Cloud,2026-07-06T19:17:04.22+08:00
2026-07-07 13:57:25,2026-07-06T19:18:00+08:00,2026-07-06T19:20:04+08:00,1.386,103.7637,C,Cloud to Cloud,2026-07-06T19:17:04.222+08:00
2026-07-07 13:57:25,2026-07-06T19:18:00+08:00,2026-07-06T19:20:04+08:00,1.3864,103.7662,C,Cloud to Cloud,2026-07-06T19:17:04.222+08:00
2026-07-07 13:57:25,2026-07-06T19:18:00+08:00,2026-07-06T19:20:04+08:00,1.3837,103.7665,C,Cloud to Cloud,2026-07-06T19:17:04.226+08:00
2026-07-07 13:57:25,2026-07-06T19:18:00+08:00,2026-07-06T19:20:04+08:00,1.3804,103.7637,C,Cloud to Cloud,2026-07-06T19:17:04.227+08:00
2026-07-07 13:57:25,2026-07-06T19:18:00+08:00,2026-07-06T19:20:04+08:00,1.3751,103.7291,C,Cloud to Cloud,2026-07-06T19:17:04.227+08:00
2026-07-07 13:57:25,2026-07-06T19:18:00+08:00,2026-07-06T19:20:04+08:00,1.3879,103.7233,C,Cloud to Cloud,2026-07-06T19:17:04.227+08:00
2026-07-07 13:57:25,2026-07-06T19:18:00+08:00,2026-07-06T19:20:04+08:00,1.3842,103.8108,C,Cloud to Cloud,2026-07-06T19:17:04.228+08:00
2026-07-07 13:57:25,2026-07-06T19:18:00+08:00,2026-07-06T19:20:04+08:00,1.3765,103.7608,C,Cloud to Cloud,2026-07-06T19:17:04.228+08:00
2026-07-07 13:57:25,2026-07-06T19:18:00+08:00,2026-07-06T19:20:04+08:00,1.3851,103.7645,C,Cloud to Cloud,2026-07-06T19:17:04.228+08:00
2026-07-07 13:57:25,2026-07-06T19:18:00+08:00,2026-07-06T19:20:04+08:00,1.3838,103.7642,C,Cloud to Cloud,2026-07-06T19:17:04.228+08:00
2026-07-07 13:57:25,2026-07-06T19:18:00+08:00,2026-07-06T19:20:04+08:00,1.3836,103.765,C,Cloud to Cloud,2026-07-06T19:17:04.228+08:00
2026-07-07 13:57:25,2026-07-06T19:18:00+08:00,2026-07-06T19:20:04+08:00,1.3865,103.7658,C,Cloud to Cloud,2026-07-06T19:17:04.229+08:00
2026-07-07 13:57:25,2026-07-06T19:18:00+08:00,2026-07-06T19:20:04+08:00,1.4143,103.7722,C,Cloud to Cloud,2026-07-06T19:17:04.232+08:00
2026-07-07 13:57:25,2026-07-06T19:18:00+08:00,2026-07-06T19:20:04+08:00,1.3833,103.7501,C,Cloud to Cloud,2026-07-06T19:17:04.232+08:00
2026-07-07 13:57:25,2026-07-06T19:18:00+08:00,2026-07-06T19:20:04+08:00,1.387,103.766,C,Cloud to Cloud,2026-07-06T19:17:04.232+08:00
2026-07-07 13:57:25,2026-07-06T19:18:00+08:00,2026-07-06T19:20:04+08:00,1.3853,103.7658,C,Cloud to Cloud,2026-07-06T19:17:04.232+08:00
2026-07-07 13:57:25,2026-07-06T19:18:00+08:00,2026-07-06T19:20:04+08:00,1.3863,103.7655,C,Cloud to Cloud,2026-07-06T19:17:04.232+08:00
2026-07-07 13:57:25,2026-07-06T19:18:00+08:00,2026-07-06T19:20:04+08:00,1.3787,103.7631,C,Cloud to Cloud,2026-07-06T19:17:04.233+08:00
2026-07-07 13:57:25,2026-07-06T19:18:00+08:00,2026-07-06T19:20:04+08:00,1.3868,103.7681,C,Cloud to Cloud,2026-07-06T19:17:04.233+08:00
2026-07-07 13:57:25,2026-07-06T19:18:00+08:00,2026-07-06T19:20:04+08:00,1.3847,103.7655,C,Cloud to Cloud,2026-07-06T19:17:04.233+08:00
2026-07-07 13:57:25,2026-07-06T19:18:00+08:00,2026-07-06T19:20:04+08:00,1.3844,103.7663,C,Cloud to Cloud,2026-07-06T19:17:04.234+08:00
2026-07-07 13:57:25,2026-07-06T19:18:00+08:00,2026-07-06T19:20:04+08:00,1.3847,103.7662,C,Cloud to Cloud,2026-07-06T19:17:04.234+08:00
2026-07-07 13:57:25,2026-07-06T19:18:00+08:00,2026-07-06T19:20:04+08:00,1.3839,103.766,C,Cloud to Cloud,2026-07-06T19:17:04.234+08:00
2026-07-07 13:57:25,2026-07-06T19:18:00+08:00,2026-07-06T19:20:04+08:00,1.3848,103.766,C,Cloud to Cloud,2026-07-06T19:17:04.234+08:00
2026-07-07 13:57:25,2026-07-06T19:18:00+08:00,2026-07-06T19:20:04+08:00,1.3837,103.7664,C,Cloud to Cloud,2026-07-06T19:17:04.234+08:00
2026-07-07 13:57:25,2026-07-06T19:18:00+08:00,2026-07-06T19:20:04+08:00,1.4166,103.7734,C,Cloud to Cloud,2026-07-06T19:17:04.234+08:00
2026-07-07 13:57:25,2026-07-06T19:18:00+08:00,2026-07-06T19:20:04+08:00,1.3853,103.767,C,Cloud to Cloud,2026-07-06T19:17:04.235+08:00
2026-07-07 13:57:25,2026-07-06T19:18:00+08:00,2026-07-06T19:20:04+08:00,1.3856,103.7678,C,Cloud to Cloud,2026-07-06T19:17:04.235+08:00
2026-07-07 13:57:25,2026-07-06T19:18:00+08:00,2026-07-06T19:20:04+08:00,1.3854,103.7671,C,Cloud to Cloud,2026-07-06T19:17:04.235+08:00
2026-07-07 13:57:25,2026-07-06T19:18:00+08:00,2026-07-06T19:20:04+08:00,1.3862,103.7686,C,Cloud to Cloud,2026-07-06T19:17:04.235+08:00
2026-07-07 13:57:25,2026-07-06T19:18:00+08:00,2026-07-06T19:20:04+08:00,1.3862,103.7686,C,Cloud to Cloud,2026-07-06T19:17:04.235+08:00
2026-07-07 13:57:25,2026-07-06T19:18:00+08:00,2026-07-06T19:20:04+08:00,1.3847,103.7683,C,Cloud to Cloud,2026-07-06T19:17:04.235+08:00
2026-07-07 13:57:25,2026-07-06T19:18:00+08:00,2026-07-06T19:20:04+08:00,1.3857,103.7673,C,Cloud to Cloud,2026-07-06T19:17:04.235+08:00
2026-07-07 13:57:25,2026-07-06T19:18:00+08:00,2026-07-06T19:20:04+08:00,1.3858,103.7691,C,Cloud to Cloud,2026-07-06T19:17:04.236+08:00
2026-07-07 13:57:25,2026-07-06T19:18:00+08:00,2026-07-06T19:20:04+08:00,1.3863,103.7685,C,Cloud to Cloud,2026-07-06T19:17:04.236+08:00
2026-07-07 13:57:25,2026-07-06T19:18:00+08:00,2026-07-06T19:20:04+08:00,1.3857,103.767,C,Cloud to Cloud,2026-07-06T19:17:04.236+08:00
2026-07-07 13:57:25,2026-07-06T19:18:00+08:00,2026-07-06T19:20:04+08:00,1.387,103.7707,C,Cloud to Cloud,2026-07-06T19:17:04.236+08:00
2026-07-07 13:57:25,2026-07-06T19:18:00+08:00,2026-07-06T19:20:04+08:00,1.3821,103.752,C,Cloud to Cloud,2026-07-06T19:17:04.236+08:00
2026-07-07 13:57:25,2026-07-06T19:18:00+08:00,2026-07-06T19:20:04+08:00,1.386,103.7683,C,Cloud to Cloud,2026-07-06T19:17:04.236+08:00
2026-07-07 13:57:25,2026-07-06T19:18:00+08:00,2026-07-06T19:20:04+08:00,1.3864,103.7709,C,Cloud to Cloud,2026-07-06T19:17:04.237+08:00
2026-07-07 13:57:25,2026-07-06T19:18:00+08:00,2026-07-06T19:20:04+08:00,1.3865,103.7712,C,Cloud to Cloud,2026-07-06T19:17:04.237+08:00
2026-07-07 13:57:25,2026-07-06T19:18:00+08:00,2026-07-06T19:20:04+08:00,1.3839,103.7622,C,Cloud to Cloud,2026-07-06T19:17:04.237+08:00
2026-07-07 13:57:25,2026-07-06T19:18:00+08:00,2026-07-06T19:20:04+08:00,1.3822,103.7646,G,Cloud to Ground,2026-07-06T19:17:04.237+08:00
2026-07-07 13:57:25,2026-07-06T19:18:00+08:00,2026-07-06T19:20:04+08:00,1.3823,103.758,C,Cloud to Cloud,2026-07-06T19:17:04.237+08:00
2026-07-07 13:57:25,2026-07-06T19:18:00+08:00,2026-07-06T19:20:04+08:00,1.3854,103.7615,C,Cloud to Cloud,2026-07-06T19:17:04.237+08:00
2026-07-07 13:57:25,2026-07-06T19:18:00+08:00,2026-07-06T19:20:04+08:00,1.3853,103.7655,C,Cloud to Cloud,2026-07-06T19:17:04.237+08:00
2026-07-07 13:57:25,2026-07-06T19:18:00+08:00,2026-07-06T19:20:04+08:00,1.3251,103.7069,C,Cloud to Cloud,2026-07-06T19:17:04.238+08:00
2026-07-07 13:57:25,2026-07-06T19:18:00+08:00,2026-07-06T19:20:04+08:00,1.3204,103.7102,C,Cloud to Cloud,2026-07-06T19:17:04.238+08:00
2026-07-07 13:57:25,2026-07-06T19:18:00+08:00,2026-07-06T19:20:04+08:00,1.3442,103.7277,C,Cloud to Cloud,2026-07-06T19:17:04.238+08:00
2026-07-07 13:57:25,2026-07-06T19:18:00+08:00,2026-07-06T19:20:04+08:00,1.3442,103.7277,C,Cloud to Cloud,2026-07-06T19:17:04.238+08:00
2026-07-07 13:57:25,2026-07-06T19:18:00+08:00,2026-07-06T19:20:04+08:00,1.3783,103.7429,C,Cloud to Cloud,2026-07-06T19:17:04.239+08:00
2026-07-07 13:57:25,2026-07-06T19:18:00+08:00,2026-07-06T19:20:04+08:00,1.3698,103.7484,C,Cloud to Cloud,2026-07-06T19:17:04.239+08:00
2026-07-07 13:57:25,2026-07-06T19:18:00+08:00,2026-07-06T19:20:04+08:00,1.4042,103.6804,C,Cloud to Cloud,2026-07-06T19:17:04.239+08:00
2026-07-07 13:57:25,2026-07-06T19:18:00+08:00,2026-07-06T19:20:04+08:00,1.4059,103.6176,C,Cloud to Cloud,2026-07-06T19:17:04.241+08:00
2026-07-07 13:57:25,2026-07-06T19:18:00+08:00,2026-07-06T19:20:04+08:00,1.3985,103.696,C,Cloud to Cloud,2026-07-06T19:17:04.253+08:00
2026-07-07 13:57:25,2026-07-06T19:18:00+08:00,2026-07-06T19:20:04+08:00,1.3579,103.657,C,Cloud to Cloud,2026-07-06T19:17:04.292+08:00
2026-07-07 13:57:25,2026-07-06T19:18:00+08:00,2026-07-06T19:20:04+08:00,1.3615,103.6617,C,Cloud to Cloud,2026-07-06T19:17:04.292+08:00
2026-07-07 13:57:25,2026-07-06T19:18:00+08:00,2026-07-06T19:20:04+08:00,1.3634,103.6149,C,Cloud to Cloud,2026-07-06T19:17:04.342+08:00
2026-07-07 13:57:25,2026-07-06T19:18:00+08:00,2026-07-06T19:20:04+08:00,1.3497,103.7378,C,Cloud to Cloud,2026-07-06T19:17:04.368+08:00
2026-07-07 13:57:25,2026-07-06T19:18:00+08:00,2026-07-06T19:20:04+08:00,1.3277,103.6899,C,Cloud to Cloud,2026-07-06T19:17:04.369+08:00
2026-07-07 13:57:25,2026-07-06T19:18:00+08:00,2026-07-06T19:20:04+08:00,1.3315,103.6968,C,Cloud to Cloud,2026-07-06T19:17:04.369+08:00
2026-07-07 13:57:25,2026-07-06T19:18:00+08:00,2026-07-06T19:20:04+08:00,1.3647,103.6255,C,Cloud to Cloud,2026-07-06T19:17:04.389+08:00
2026-07-07 13:57:25,2026-07-06T19:18:00+08:00,2026-07-06T19:20:04+08:00,1.3771,103.6608,C,Cloud to Cloud,2026-07-06T19:17:04.426+08:00
2026-07-07 13:57:25,2026-07-06T19:18:00+08:00,2026-07-06T19:20:04+08:00,1.3722,103.626,C,Cloud to Cloud,2026-07-06T19:17:04.456+08:00
2026-07-07 13:57:25,2026-07-06T19:18:00+08:00,2026-07-06T19:20:04+08:00,1.3747,103.6375,C,Cloud to Cloud,2026-07-06T19:17:04.456+08:00
2026-07-07 13:57:25,2026-07-06T19:18:00+08:00,2026-07-06T19:20:04+08:00,1.382,103.6511,C,Cloud to Cloud,2026-07-06T19:17:04.456+08:00
2026-07-07 13:57:25,2026-07-06T19:18:00+08:00,2026-07-06T19:20:04+08:00,1.3718,103.6216,C,Cloud to Cloud,2026-07-06T19:17:04.514+08:00
2026-07-07 13:57:25,2026-07-06T19:18:00+08:00,2026-07-06T19:20:04+08:00,1.3749,103.6763,C,Cloud to Cloud,2026-07-06T19:17:04.514+08:00
2026-07-07 13:57:25,2026-07-06T19:18:00+08:00,2026-07-06T19:20:04+08:00,1.3853,103.6903,C,Cloud to Cloud,2026-07-06T19:17:04.514+08:00
2026-07-07 13:57:25,2026-07-06T19:18:00+08:00,2026-07-06T19:20:04+08:00,1.3518,103.6859,C,Cloud to Cloud,2026-07-06T19:17:04.516+08:00
2026-07-07 13:57:25,2026-07-06T19:18:00+08:00,2026-07-06T19:20:04+08:00,1.3494,103.6837,C,Cloud to Cloud,2026-07-06T19:17:04.516+08:00
2026-07-07 13:57:25,2026-07-06T19:18:00+08:00,2026-07-06T19:20:04+08:00,1.3659,103.6325,C,Cloud to Cloud,2026-07-06T19:17:04.552+08:00
2026-07-07 13:57:25,2026-07-06T19:18:00+08:00,2026-07-06T19:20:04+08:00,1.3805,103.6682,C,Cloud to Cloud,2026-07-06T19:17:04.552+08:00
2026-07-07 13:57:25,2026-07-06T19:18:00+08:00,2026-07-06T19:20:04+08:00,1.3962,103.7046,C,Cloud to Cloud,2026-07-06T19:17:04.552+08:00
2026-07-07 13:57:25,2026-07-06T19:18:00+08:00,2026-07-06T19:20:04+08:00,1.3789,103.6748,C,Cloud to Cloud,2026-07-06T19:17:04.552+08:00
2026-07-07 13:57:25,2026-07-06T19:18:00+08:00,2026-07-06T19:20:04+08:00,1.3879,103.6127,C,Cloud to Cloud,2026-07-06T19:17:04.658+08:00
2026-07-07 13:57:25,2026-07-06T19:18:00+08:00,2026-07-06T19:20:04+08:00,1.3943,103.6297,C,Cloud to Cloud,2026-07-06T19:17:04.658+08:00
2026-07-07 13:57:25,2026-07-06T19:16:00+08:00,2026-07-06T19:18:03+08:00,1.3933,103.6904,C,Cloud to Cloud,2026-07-06T19:14:35.154+08:00
2026-07-07 13:57:25,2026-07-06T19:16:00+08:00,2026-07-06T19:18:03+08:00,1.394,103.6912,C,Cloud to Cloud,2026-07-06T19:14:35.154+08:00
2026-07-07 13:57:25,2026-07-06T19:16:00+08:00,2026-07-06T19:18:03+08:00,1.3882,103.6837,C,Cloud to Cloud,2026-07-06T19:14:35.154+08:00
2026-07-07 13:57:25,2026-07-06T19:16:00+08:00,2026-07-06T19:18:03+08:00,1.3939,103.6911,C,Cloud to Cloud,2026-07-06T19:14:35.154+08:00
2026-07-07 13:57:25,2026-07-06T19:16:00+08:00,2026-07-06T19:18:03+08:00,1.3939,103.6911,C,Cloud to Cloud,2026-07-06T19:14:35.154+08:00
2026-07-07 13:57:25,2026-07-06T19:16:00+08:00,2026-07-06T19:18:03+08:00,1.3951,103.6915,C,Cloud to Cloud,2026-07-06T19:14:35.155+08:00
2026-07-07 13:57:25,2026-07-06T19:16:00+08:00,2026-07-06T19:18:03+08:00,1.4109,103.6968,C,Cloud to Cloud,2026-07-06T19:14:35.155+08:00
2026-07-07 13:57:25,2026-07-06T19:16:00+08:00,2026-07-06T19:18:03+08:00,1.3952,103.6917,C,Cloud to Cloud,2026-07-06T19:14:35.155+08:00
2026-07-07 13:57:25,2026-07-06T19:16:00+08:00,2026-07-06T19:18:03+08:00,1.3951,103.693,C,Cloud to Cloud,2026-07-06T19:14:35.155+08:00
2026-07-07 13:57:25,2026-07-06T19:16:00+08:00,2026-07-06T19:18:03+08:00,1.395,103.693,C,Cloud to Cloud,2026-07-06T19:14:35.155+08:00
2026-07-07 13:57:25,2026-07-06T19:16:00+08:00,2026-07-06T19:18:03+08:00,1.3951,103.6941,C,Cloud to Cloud,2026-07-06T19:14:35.155+08:00
2026-07-07 13:57:25,2026-07-06T19:16:00+08:00,2026-07-06T19:18:03+08:00,1.394,103.6922,C,Cloud to Cloud,2026-07-06T19:14:35.155+08:00
2026-07-07 13:57:25,2026-07-06T19:16:00+08:00,2026-07-06T19:18:03+08:00,1.395,103.6927,C,Cloud to Cloud,2026-07-06T19:14:35.155+08:00
2026-07-07 13:57:25,2026-07-06T19:16:00+08:00,2026-07-06T19:18:03+08:00,1.3949,103.6924,C,Cloud to Cloud,2026-07-06T19:14:35.155+08:00
2026-07-07 13:57:25,2026-07-06T19:16:00+08:00,2026-07-06T19:18:03+08:00,1.3955,103.6918,C,Cloud to Cloud,2026-07-06T19:14:35.155+08:00
2026-07-07 13:57:25,2026-07-06T19:16:00+08:00,2026-07-06T19:18:03+08:00,1.3949,103.6923,C,Cloud to Cloud,2026-07-06T19:14:35.155+08:00
2026-07-07 13:57:25,2026-07-06T19:16:00+08:00,2026-07-06T19:18:03+08:00,1.3869,103.6809,C,Cloud to Cloud,2026-07-06T19:14:35.156+08:00
2026-07-07 13:57:25,2026-07-06T19:16:00+08:00,2026-07-06T19:18:03+08:00,1.4036,103.7355,C,Cloud to Cloud,2026-07-06T19:14:35.156+08:00
2026-07-07 13:57:25,2026-07-06T19:16:00+08:00,2026-07-06T19:18:03+08:00,1.383,103.6739,C,Cloud to Cloud,2026-07-06T19:14:35.156+08:00
2026-07-07 13:57:25,2026-07-06T19:16:00+08:00,2026-07-06T19:18:03+08:00,1.3952,103.6928,C,Cloud to Cloud,2026-07-06T19:14:35.156+08:00
2026-07-07 13:57:25,2026-07-06T19:16:00+08:00,2026-07-06T19:18:03+08:00,1.3839,103.6742,C,Cloud to Cloud,2026-07-06T19:14:35.156+08:00
2026-07-07 13:57:25,2026-07-06T19:16:00+08:00,2026-07-06T19:18:03+08:00,1.3845,103.6756,C,Cloud to Cloud,2026-07-06T19:14:35.156+08:00
2026-07-07 13:57:25,2026-07-06T19:16:00+08:00,2026-07-06T19:18:03+08:00,1.3811,103.6708,C,Cloud to Cloud,2026-07-06T19:14:35.156+08:00
2026-07-07 13:57:25,2026-07-06T19:16:00+08:00,2026-07-06T19:18:03+08:00,1.3954,103.6933,C,Cloud to Cloud,2026-07-06T19:14:35.156+08:00
2026-07-07 13:57:25,2026-07-06T19:16:00+08:00,2026-07-06T19:18:03+08:00,1.3772,103.6624,C,Cloud to Cloud,2026-07-06T19:14:35.156+08:00
2026-07-07 13:57:25,2026-07-06T19:16:00+08:00,2026-07-06T19:18:03+08:00,1.3697,103.6509,C,Cloud to Cloud,2026-07-06T19:14:35.156+08:00
2026-07-07 13:57:25,2026-07-06T19:16:00+08:00,2026-07-06T19:18:03+08:00,1.3818,103.6705,C,Cloud to Cloud,2026-07-06T19:14:35.156+08:00
2026-07-07 13:57:25,2026-07-06T19:16:00+08:00,2026-07-06T19:18:03+08:00,1.3801,103.6701,C,Cloud to Cloud,2026-07-06T19:14:35.157+08:00
2026-07-07 13:57:25,2026-07-06T19:16:00+08:00,2026-07-06T19:18:03+08:00,1.3752,103.6615,C,Cloud to Cloud,2026-07-06T19:14:35.157+08:00
2026-07-07 13:57:25,2026-07-06T19:16:00+08:00,2026-07-06T19:18:03+08:00,1.3785,103.6653,C,Cloud to Cloud,2026-07-06T19:14:35.157+08:00
2026-07-07 13:57:25,2026-07-06T19:16:00+08:00,2026-07-06T19:18:03+08:00,1.397,103.6936,C,Cloud to Cloud,2026-07-06T19:14:35.157+08:00
2026-07-07 13:57:25,2026-07-06T19:16:00+08:00,2026-07-06T19:18:03+08:00,1.3969,103.6935,C,Cloud to Cloud,2026-07-06T19:14:35.157+08:00
2026-07-07 13:57:25,2026-07-06T19:16:00+08:00,2026-07-06T19:18:03+08:00,1.3968,103.6929,C,Cloud to Cloud,2026-07-06T19:14:35.157+08:00
2026-07-07 13:57:25,2026-07-06T19:16:00+08:00,2026-07-06T19:18:03+08:00,1.3964,103.6928,C,Cloud to Cloud,2026-07-06T19:14:35.157+08:00
2026-07-07 13:57:25,2026-07-06T19:16:00+08:00,2026-07-06T19:18:03+08:00,1.3973,103.6923,C,Cloud to Cloud,2026-07-06T19:14:35.157+08:00
2026-07-07 13:57:25,2026-07-06T19:16:00+08:00,2026-07-06T19:18:03+08:00,1.397,103.6932,C,Cloud to Cloud,2026-07-06T19:14:35.157+08:00
2026-07-07 13:57:25,2026-07-06T19:16:00+08:00,2026-07-06T19:18:03+08:00,1.3981,103.6939,C,Cloud to Cloud,2026-07-06T19:14:35.157+08:00
2026-07-07 13:57:25,2026-07-06T19:16:00+08:00,2026-07-06T19:18:03+08:00,1.3978,103.6934,C,Cloud to Cloud,2026-07-06T19:14:35.158+08:00
2026-07-07 13:57:25,2026-07-06T19:16:00+08:00,2026-07-06T19:18:03+08:00,1.3986,103.6933,C,Cloud to Cloud,2026-07-06T19:14:35.158+08:00
2026-07-07 13:57:25,2026-07-06T19:16:00+08:00,2026-07-06T19:18:03+08:00,1.3986,103.6933,C,Cloud to Cloud,2026-07-06T19:14:35.158+08:00
2026-07-07 13:57:25,2026-07-06T19:16:00+08:00,2026-07-06T19:18:03+08:00,1.4002,103.6922,C,Cloud to Cloud,2026-07-06T19:14:35.158+08:00
2026-07-07 13:57:25,2026-07-06T19:16:00+08:00,2026-07-06T19:18:03+08:00,1.4002,103.6935,C,Cloud to Cloud,2026-07-06T19:14:35.159+08:00
2026-07-07 13:57:25,2026-07-06T19:16:00+08:00,2026-07-06T19:18:03+08:00,1.4006,103.693,C,Cloud to Cloud,2026-07-06T19:14:35.159+08:00
2026-07-07 13:57:25,2026-07-06T19:16:00+08:00,2026-07-06T19:18:03+08:00,1.4,103.6936,C,Cloud to Cloud,2026-07-06T19:14:35.159+08:00
2026-07-07 13:57:25,2026-07-06T19:16:00+08:00,2026-07-06T19:18:03+08:00,1.3993,103.6924,C,Cloud to Cloud,2026-07-06T19:14:35.159+08:00
2026-07-07 13:57:25,2026-07-06T19:16:00+08:00,2026-07-06T19:18:03+08:00,1.4012,103.6907,C,Cloud to Cloud,2026-07-06T19:14:35.159+08:00
2026-07-07 13:57:25,2026-07-06T19:16:00+08:00,2026-07-06T19:18:03+08:00,1.4008,103.6899,C,Cloud to Cloud,2026-07-06T19:14:35.159+08:00
2026-07-07 13:57:25,2026-07-06T19:16:00+08:00,2026-07-06T19:18:03+08:00,1.3753,103.6522,C,Cloud to Cloud,2026-07-06T19:14:35.159+08:00
2026-07-07 13:57:25,2026-07-06T19:16:00+08:00,2026-07-06T19:18:03+08:00,1.4004,103.6937,C,Cloud to Cloud,2026-07-06T19:14:35.159+08:00
2026-07-07 13:57:25,2026-07-06T19:16:00+08:00,2026-07-06T19:18:03+08:00,1.4008,103.6923,C,Cloud to Cloud,2026-07-06T19:14:35.159+08:00
2026-07-07 13:57:25,2026-07-06T19:16:00+08:00,2026-07-06T19:18:03+08:00,1.4002,103.6943,C,Cloud to Cloud,2026-07-06T19:14:35.159+08:00
2026-07-07 13:57:25,2026-07-06T19:16:00+08:00,2026-07-06T19:18:03+08:00,1.3993,103.6931,C,Cloud to Cloud,2026-07-06T19:14:35.16+08:00
2026-07-07 13:57:25,2026-07-06T19:16:00+08:00,2026-07-06T19:18:03+08:00,1.4009,103.693,C,Cloud to Cloud,2026-07-06T19:14:35.16+08:00
2026-07-07 13:57:25,2026-07-06T19:16:00+08:00,2026-07-06T19:18:03+08:00,1.4002,103.6923,C,Cloud to Cloud,2026-07-06T19:14:35.16+08:00
2026-07-07 13:57:25,2026-07-06T19:16:00+08:00,2026-07-06T19:18:03+08:00,1.4012,103.6919,C,Cloud to Cloud,2026-07-06T19:14:35.16+08:00
2026-07-07 13:57:25,2026-07-06T19:16:00+08:00,2026-07-06T19:18:03+08:00,1.4015,103.693,C,Cloud to Cloud,2026-07-06T19:14:35.16+08:00
2026-07-07 13:57:25,2026-07-06T19:16:00+08:00,2026-07-06T19:18:03+08:00,1.4011,103.6924,C,Cloud to Cloud,2026-07-06T19:14:35.16+08:00
2026-07-07 13:57:25,2026-07-06T19:16:00+08:00,2026-07-06T19:18:03+08:00,1.3996,103.6936,C,Cloud to Cloud,2026-07-06T19:14:35.16+08:00
2026-07-07 13:57:25,2026-07-06T19:16:00+08:00,2026-07-06T19:18:03+08:00,1.4016,103.6932,C,Cloud to Cloud,2026-07-06T19:14:35.16+08:00
2026-07-07 13:57:25,2026-07-06T19:16:00+08:00,2026-07-06T19:18:03+08:00,1.4012,103.6932,C,Cloud to Cloud,2026-07-06T19:14:35.16+08:00
2026-07-07 13:57:25,2026-07-06T19:16:00+08:00,2026-07-06T19:18:03+08:00,1.4015,103.6926,C,Cloud to Cloud,2026-07-06T19:14:35.16+08:00
2026-07-07 13:57:25,2026-07-06T19:16:00+08:00,2026-07-06T19:18:03+08:00,1.4019,103.6934,C,Cloud to Cloud,2026-07-06T19:14:35.161+08:00
2026-07-07 13:57:25,2026-07-06T19:16:00+08:00,2026-07-06T19:18:03+08:00,1.4004,103.6927,C,Cloud to Cloud,2026-07-06T19:14:35.161+08:00
2026-07-07 13:57:25,2026-07-06T19:16:00+08:00,2026-07-06T19:18:03+08:00,1.4028,103.6909,C,Cloud to Cloud,2026-07-06T19:14:35.161+08:00
2026-07-07 13:57:25,2026-07-06T19:16:00+08:00,2026-07-06T19:18:03+08:00,1.4005,103.6932,C,Cloud to Cloud,2026-07-06T19:14:35.161+08:00
2026-07-07 13:57:25,2026-07-06T19:16:00+08:00,2026-07-06T19:18:03+08:00,1.4012,103.6926,C,Cloud to Cloud,2026-07-06T19:14:35.161+08:00
2026-07-07 13:57:25,2026-07-06T19:16:00+08:00,2026-07-06T19:18:03+08:00,1.4014,103.6932,C,Cloud to Cloud,2026-07-06T19:14:35.161+08:00
2026-07-07 13:57:25,2026-07-06T19:16:00+08:00,2026-07-06T19:18:03+08:00,1.403,103.6921,C,Cloud to Cloud,2026-07-06T19:14:35.161+08:00
2026-07-07 13:57:25,2026-07-06T19:16:00+08:00,2026-07-06T19:18:03+08:00,1.4026,103.6937,C,Cloud to Cloud,2026-07-06T19:14:35.161+08:00
2026-07-07 13:57:25,2026-07-06T19:16:00+08:00,2026-07-06T19:18:03+08:00,1.4011,103.6923,C,Cloud to Cloud,2026-07-06T19:14:35.161+08:00
2026-07-07 13:57:25,2026-07-06T19:16:00+08:00,2026-07-06T19:18:03+08:00,1.4021,103.6929,C,Cloud to Cloud,2026-07-06T19:14:35.161+08:00
2026-07-07 13:57:25,2026-07-06T19:16:00+08:00,2026-07-06T19:18:03+08:00,1.4016,103.6926,C,Cloud to Cloud,2026-07-06T19:14:35.162+08:00
2026-07-07 13:57:25,2026-07-06T19:16:00+08:00,2026-07-06T19:18:03+08:00,1.4015,103.694,C,Cloud to Cloud,2026-07-06T19:14:35.162+08:00
2026-07-07 13:57:25,2026-07-06T19:16:00+08:00,2026-07-06T19:18:03+08:00,1.4015,103.693,C,Cloud to Cloud,2026-07-06T19:14:35.162+08:00
2026-07-07 13:57:25,2026-07-06T19:16:00+08:00,2026-07-06T19:18:03+08:00,1.4026,103.6932,C,Cloud to Cloud,2026-07-06T19:14:35.162+08:00
2026-07-07 13:57:25,2026-07-06T19:16:00+08:00,2026-07-06T19:18:03+08:00,1.4003,103.6933,C,Cloud to Cloud,2026-07-06T19:14:35.162+08:00
2026-07-07 13:57:25,2026-07-06T19:16:00+08:00,2026-07-06T19:18:03+08:00,1.4016,103.6939,C,Cloud to Cloud,2026-07-06T19:14:35.162+08:00
2026-07-07 13:57:25,2026-07-06T19:16:00+08:00,2026-07-06T19:18:03+08:00,1.3665,103.6349,C,Cloud to Cloud,2026-07-06T19:14:35.162+08:00
2026-07-07 13:57:25,2026-07-06T19:16:00+08:00,2026-07-06T19:18:03+08:00,1.4014,103.6928,C,Cloud to Cloud,2026-07-06T19:14:35.162+08:00
2026-07-07 13:57:25,2026-07-06T19:16:00+08:00,2026-07-06T19:18:03+08:00,1.401,103.6941,C,Cloud to Cloud,2026-07-06T19:14:35.162+08:00
2026-07-07 13:57:25,2026-07-06T19:16:00+08:00,2026-07-06T19:18:03+08:00,1.401,103.6937,C,Cloud to Cloud,2026-07-06T19:14:35.162+08:00
2026-07-07 13:57:25,2026-07-06T19:16:00+08:00,2026-07-06T19:18:03+08:00,1.4014,103.6944,C,Cloud to Cloud,2026-07-06T19:14:35.163+08:00
2026-07-07 13:57:25,2026-07-06T19:16:00+08:00,2026-07-06T19:18:03+08:00,1.4011,103.6955,C,Cloud to Cloud,2026-07-06T19:14:35.163+08:00
2026-07-07 13:57:25,2026-07-06T19:16:00+08:00,2026-07-06T19:18:03+08:00,1.4016,103.6944,C,Cloud to Cloud,2026-07-06T19:14:35.163+08:00
2026-07-07 13:57:25,2026-07-06T19:16:00+08:00,2026-07-06T19:18:03+08:00,1.4019,103.6938,C,Cloud to Cloud,2026-07-06T19:14:35.163+08:00
2026-07-07 13:57:25,2026-07-06T19:16:00+08:00,2026-07-06T19:18:03+08:00,1.4013,103.6933,C,Cloud to Cloud,2026-07-06T19:14:35.163+08:00
2026-07-07 13:57:25,2026-07-06T19:16:00+08:00,2026-07-06T19:18:03+08:00,1.4015,103.6938,C,Cloud to Cloud,2026-07-06T19:14:35.163+08:00
2026-07-07 13:57:25,2026-07-06T19:16:00+08:00,2026-07-06T19:18:03+08:00,1.4013,103.6937,C,Cloud to Cloud,2026-07-06T19:14:35.163+08:00
2026-07-07 13:57:25,2026-07-06T19:16:00+08:00,2026-07-06T19:18:03+08:00,1.401,103.6938,C,Cloud to Cloud,2026-07-06T19:14:35.163+08:00
2026-07-07 13:57:25,2026-07-06T19:16:00+08:00,2026-07-06T19:18:03+08:00,1.4011,103.6947,C,Cloud to Cloud,2026-07-06T19:14:35.163+08:00
2026-07-07 13:57:25,2026-07-06T19:16:00+08:00,2026-07-06T19:18:03+08:00,1.4004,103.6937,C,Cloud to Cloud,2026-07-06T19:14:35.163+08:00
2026-07-07 13:57:25,2026-07-06T19:16:00+08:00,2026-07-06T19:18:03+08:00,1.4008,103.695,C,Cloud to Cloud,2026-07-06T19:14:35.164+08:00
2026-07-07 13:57:25,2026-07-06T19:16:00+08:00,2026-07-06T19:18:03+08:00,1.4004,103.694,C,Cloud to Cloud,2026-07-06T19:14:35.164+08:00
2026-07-07 13:57:25,2026-07-06T19:16:00+08:00,2026-07-06T19:18:03+08:00,1.4003,103.6938,C,Cloud to Cloud,2026-07-06T19:14:35.164+08:00
2026-07-07 13:57:25,2026-07-06T19:16:00+08:00,2026-07-06T19:18:03+08:00,1.4004,103.694,C,Cloud to Cloud,2026-07-06T19:14:35.164+08:00
2026-07-07 13:57:25,2026-07-06T19:16:00+08:00,2026-07-06T19:18:03+08:00,1.4006,103.6943,C,Cloud to Cloud,2026-07-06T19:14:35.164+08:00
2026-07-07 13:57:25,2026-07-06T19:16:00+08:00,2026-07-06T19:18:03+08:00,1.4013,103.6942,C,Cloud to Cloud,2026-07-06T19:14:35.164+08:00
2026-07-07 13:57:25,2026-07-06T19:16:00+08:00,2026-07-06T19:18:03+08:00,1.3826,103.6605,C,Cloud to Cloud,2026-07-06T19:14:35.168+08:00
2026-07-07 13:57:25,2026-07-06T19:16:00+08:00,2026-07-06T19:18:03+08:00,1.3992,103.6918,C,Cloud to Cloud,2026-07-06T19:14:35.174+08:00
2026-07-07 13:57:25,2026-07-06T19:16:00+08:00,2026-07-06T19:18:03+08:00,1.3989,103.6928,C,Cloud to Cloud,2026-07-06T19:14:35.175+08:00
2026-07-07 13:57:25,2026-07-06T19:16:00+08:00,2026-07-06T19:18:03+08:00,1.3993,103.6929,C,Cloud to Cloud,2026-07-06T19:14:35.175+08:00
2026-07-07 13:57:25,2026-07-06T19:16:00+08:00,2026-07-06T19:18:03+08:00,1.3988,103.6928,C,Cloud to Cloud,2026-07-06T19:14:35.175+08:00
2026-07-07 13:57:25,2026-07-06T19:16:00+08:00,2026-07-06T19:18:03+08:00,1.3981,103.6927,C,Cloud to Cloud,2026-07-06T19:14:35.175+08:00
2026-07-07 13:57:25,2026-07-06T19:16:00+08:00,2026-07-06T19:18:03+08:00,1.399,103.6936,C,Cloud to Cloud,2026-07-06T19:14:35.175+08:00
2026-07-07 13:57:25,2026-07-06T19:16:00+08:00,2026-07-06T19:18:03+08:00,1.4009,103.6929,C,Cloud to Cloud,2026-07-06T19:14:35.176+08:00
2026-07-07 13:57:25,2026-07-06T19:16:00+08:00,2026-07-06T19:18:03+08:00,1.4006,103.6932,C,Cloud to Cloud,2026-07-06T19:14:35.176+08:00
2026-07-07 13:57:25,2026-07-06T19:16:00+08:00,2026-07-06T19:18:03+08:00,1.3998,103.6934,C,Cloud to Cloud,2026-07-06T19:14:35.176+08:00
2026-07-07 13:57:25,2026-07-06T19:16:00+08:00,2026-07-06T19:18:03+08:00,1.4129,103.7147,C,Cloud to Cloud,2026-07-06T19:14:35.176+08:00
2026-07-07 13:57:25,2026-07-06T19:16:00+08:00,2026-07-06T19:18:03+08:00,1.3901,103.6971,G,Cloud to Ground,2026-07-06T19:14:35.176+08:00
2026-07-07 13:57:25,2026-07-06T19:16:00+08:00,2026-07-06T19:18:03+08:00,1.3824,103.7107,C,Cloud to Cloud,2026-07-06T19:14:35.176+08:00
2026-07-07 13:57:25,2026-07-06T19:16:00+08:00,2026-07-06T19:18:03+08:00,1.415,103.7213,C,Cloud to Cloud,2026-07-06T19:14:35.176+08:00
2026-07-07 13:57:25,2026-07-06T19:16:00+08:00,2026-07-06T19:18:03+08:00,1.3825,103.6864,C,Cloud to Cloud,2026-07-06T19:14:35.176+08:00
2026-07-07 13:57:25,2026-07-06T19:16:00+08:00,2026-07-06T19:18:03+08:00,1.3759,103.7112,C,Cloud to Cloud,2026-07-06T19:14:35.176+08:00
2026-07-07 13:57:25,2026-07-06T19:16:00+08:00,2026-07-06T19:18:03+08:00,1.3958,103.6826,C,Cloud to Cloud,2026-07-06T19:14:35.176+08:00
2026-07-07 13:57:25,2026-07-06T19:16:00+08:00,2026-07-06T19:18:03+08:00,1.4294,103.6789,C,Cloud to Cloud,2026-07-06T19:14:35.176+08:00
2026-07-07 13:57:25,2026-07-06T19:16:00+08:00,2026-07-06T19:18:03+08:00,1.4003,103.6991,C,Cloud to Cloud,2026-07-06T19:14:35.176+08:00
2026-07-07 13:57:25,2026-07-06T19:16:00+08:00,2026-07-06T19:18:03+08:00,1.3897,103.6775,C,Cloud to Cloud,2026-07-06T19:14:35.219+08:00
2026-07-07 13:57:25,2026-07-06T19:16:00+08:00,2026-07-06T19:18:03+08:00,1.4064,103.6866,C,Cloud to Cloud,2026-07-06T19:14:35.219+08:00
2026-07-07 13:57:25,2026-07-06T19:16:00+08:00,2026-07-06T19:18:03+08:00,1.3756,103.6546,C,Cloud to Cloud,2026-07-06T19:14:35.219+08:00
2026-07-07 13:57:25,2026-07-06T19:16:00+08:00,2026-07-06T19:18:03+08:00,1.4219,103.6787,C,Cloud to Cloud,2026-07-06T19:14:35.219+08:00
2026-07-07 13:57:25,2026-07-06T19:16:00+08:00,2026-07-06T19:18:03+08:00,1.3826,103.6657,C,Cloud to Cloud,2026-07-06T19:14:35.219+08:00
2026-07-07 13:57:25,2026-07-06T19:16:00+08:00,2026-07-06T19:18:03+08:00,1.4235,103.6842,C,Cloud to Cloud,2026-07-06T19:14:35.219+08:00
2026-07-07 13:57:25,2026-07-06T19:16:00+08:00,2026-07-06T19:18:03+08:00,1.3887,103.6722,C,Cloud to Cloud,2026-07-06T19:14:35.219+08:00
2026-07-07 13:57:25,2026-07-06T19:16:00+08:00,2026-07-06T19:18:03+08:00,1.4011,103.691,C,Cloud to Cloud,2026-07-06T19:14:35.219+08:00
2026-07-07 13:57:25,2026-07-06T19:16:00+08:00,2026-07-06T19:18:03+08:00,1.4058,103.697,C,Cloud to Cloud,2026-07-06T19:14:35.219+08:00
2026-07-07 13:57:25,2026-07-06T19:16:00+08:00,2026-07-06T19:18:03+08:00,1.4038,103.6909,C,Cloud to Cloud,2026-07-06T19:14:35.22+08:00
2026-07-07 13:57:25,2026-07-06T19:16:00+08:00,2026-07-06T19:18:03+08:00,1.4047,103.7027,C,Cloud to Cloud,2026-07-06T19:14:35.22+08:00
2026-07-07 13:57:25,2026-07-06T19:16:00+08:00,2026-07-06T19:18:03+08:00,1.4047,103.7027,C,Cloud to Cloud,2026-07-06T19:14:35.22+08:00
2026-07-07 13:57:25,2026-07-06T19:16:00+08:00,2026-07-06T19:18:03+08:00,1.394,103.6918,C,Cloud to Cloud,2026-07-06T19:14:35.233+08:00
2026-07-07 13:57:25,2026-07-06T19:16:00+08:00,2026-07-06T19:18:03+08:00,1.3737,103.6597,C,Cloud to Cloud,2026-07-06T19:14:35.234+08:00
2026-07-07 13:57:25,2026-07-06T19:16:00+08:00,2026-07-06T19:18:03+08:00,1.3613,103.6332,C,Cloud to Cloud,2026-07-06T19:14:35.234+08:00
2026-07-07 13:57:25,2026-07-06T19:16:00+08:00,2026-07-06T19:18:03+08:00,1.3688,103.6453,C,Cloud to Cloud,2026-07-06T19:14:35.234+08:00
2026-07-07 13:57:25,2026-07-06T19:16:00+08:00,2026-07-06T19:18:03+08:00,1.3822,103.6659,C,Cloud to Cloud,2026-07-06T19:14:35.234+08:00
2026-07-07 13:57:25,2026-07-06T19:16:00+08:00,2026-07-06T19:18:03+08:00,1.4205,103.6845,C,Cloud to Cloud,2026-07-06T19:14:35.234+08:00
2026-07-07 13:57:25,2026-07-06T19:16:00+08:00,2026-07-06T19:18:03+08:00,1.3737,103.6594,C,Cloud to Cloud,2026-07-06T19:14:35.234+08:00
2026-07-07 13:57:25,2026-07-06T19:16:00+08:00,2026-07-06T19:18:03+08:00,1.3893,103.6964,G,Cloud to Ground,2026-07-06T19:14:35.234+08:00
2026-07-07 13:57:25,2026-07-06T19:16:00+08:00,2026-07-06T19:18:03+08:00,1.3487,103.6904,C,Cloud to Cloud,2026-07-06T19:14:35.236+08:00
2026-07-07 13:57:25,2026-07-06T19:16:00+08:00,2026-07-06T19:18:03+08:00,1.4023,103.6953,C,Cloud to Cloud,2026-07-06T19:14:35.251+08:00
2026-07-07 13:57:25,2026-07-06T19:16:00+08:00,2026-07-06T19:18:03+08:00,1.4036,103.6869,C,Cloud to Cloud,2026-07-06T19:14:35.251+08:00
2026-07-07 13:57:25,2026-07-06T19:16:00+08:00,2026-07-06T19:18:03+08:00,1.4008,103.7001,C,Cloud to Cloud,2026-07-06T19:14:35.251+08:00
2026-07-07 13:57:25,2026-07-06T19:16:00+08:00,2026-07-06T19:18:03+08:00,1.4014,103.6933,C,Cloud to Cloud,2026-07-06T19:14:35.251+08:00
2026-07-07 13:57:25,2026-07-06T19:16:00+08:00,2026-07-06T19:18:03+08:00,1.3902,103.694,G,Cloud to Ground,2026-07-06T19:14:35.252+08:00
2026-07-07 13:57:25,2026-07-06T19:16:00+08:00,2026-07-06T19:18:03+08:00,1.4021,103.6939,C,Cloud to Cloud,2026-07-06T19:14:35.265+08:00
2026-07-07 13:57:25,2026-07-06T19:16:00+08:00,2026-07-06T19:18:03+08:00,1.4222,103.7167,C,Cloud to Cloud,2026-07-06T19:14:35.265+08:00
2026-07-07 13:57:25,2026-07-06T19:16:00+08:00,2026-07-06T19:18:03+08:00,1.3978,103.694,C,Cloud to Cloud,2026-07-06T19:14:35.266+08:00
2026-07-07 13:57:25,2026-07-06T19:16:00+08:00,2026-07-06T19:18:03+08:00,1.39,103.6944,G,Cloud to Ground,2026-07-06T19:14:35.266+08:00
2026-07-07 13:57:25,2026-07-06T19:16:00+08:00,2026-07-06T19:18:03+08:00,1.3953,103.6906,C,Cloud to Cloud,2026-07-06T19:14:35.267+08:00
2026-07-07 13:57:25,2026-07-06T19:16:00+08:00,2026-07-06T19:18:03+08:00,1.384,103.673,C,Cloud to Cloud,2026-07-06T19:14:35.267+08:00
2026-07-07 13:57:25,2026-07-06T19:16:00+08:00,2026-07-06T19:18:03+08:00,1.3699,103.6487,C,Cloud to Cloud,2026-07-06T19:14:35.267+08:00
2026-07-07 13:57:25,2026-07-06T19:16:00+08:00,2026-07-06T19:18:03+08:00,1.402,103.6899,C,Cloud to Cloud,2026-07-06T19:14:35.267+08:00
2026-07-07 13:57:25,2026-07-06T19:16:00+08:00,2026-07-06T19:18:03+08:00,1.4028,103.6962,C,Cloud to Cloud,2026-07-06T19:14:35.267+08:00
2026-07-07 13:57:25,2026-07-06T19:16:00+08:00,2026-07-06T19:18:03+08:00,1.4004,103.6953,C,Cloud to Cloud,2026-07-06T19:14:35.368+08:00
2026-07-07 13:57:25,2026-07-06T19:16:00+08:00,2026-07-06T19:18:03+08:00,1.3968,103.6895,C,Cloud to Cloud,2026-07-06T19:14:35.368+08:00
2026-07-07 13:57:25,2026-07-06T19:16:00+08:00,2026-07-06T19:18:03+08:00,1.3736,103.6591,C,Cloud to Cloud,2026-07-06T19:14:35.368+08:00
2026-07-07 13:57:25,2026-07-06T19:16:00+08:00,2026-07-06T19:18:03+08:00,1.3937,103.6457,C,Cloud to Cloud,2026-07-06T19:14:35.368+08:00
2026-07-07 13:57:25,2026-07-06T19:16:00+08:00,2026-07-06T19:18:03+08:00,1.3767,103.7214,C,Cloud to Cloud,2026-07-06T19:14:35.368+08:00
2026-07-07 13:57:25,2026-07-06T19:16:00+08:00,2026-07-06T19:18:03+08:00,1.3746,103.6607,C,Cloud to Cloud,2026-07-06T19:14:35.368+08:00
2026-07-07 13:57:25,2026-07-06T19:16:00+08:00,2026-07-06T19:18:03+08:00,1.4236,103.6918,C,Cloud to Cloud,2026-07-06T19:14:35.368+08:00
2026-07-07 13:57:25,2026-07-06T19:16:00+08:00,2026-07-06T19:18:03+08:00,1.3898,103.6937,G,Cloud to Ground,2026-07-06T19:14:35.368+08:00
2026-07-07 13:57:25,2026-07-06T19:16:00+08:00,2026-07-06T19:18:03+08:00,1.384,103.681,C,Cloud to Cloud,2026-07-06T19:14:35.369+08:00
2026-07-07 13:57:25,2026-07-06T19:16:00+08:00,2026-07-06T19:18:03+08:00,1.3818,103.6715,C,Cloud to Cloud,2026-07-06T19:14:35.369+08:00
2026-07-07 13:57:25,2026-07-06T19:16:00+08:00,2026-07-06T19:18:03+08:00,1.3944,103.693,C,Cloud to Cloud,2026-07-06T19:14:35.394+08:00
2026-07-07 13:57:25,2026-07-06T19:16:00+08:00,2026-07-06T19:18:03+08:00,1.3806,103.6705,C,Cloud to Cloud,2026-07-06T19:14:35.395+08:00
2026-07-07 13:57:25,2026-07-06T19:16:00+08:00,2026-07-06T19:18:03+08:00,1.3767,103.6526,C,Cloud to Cloud,2026-07-06T19:14:35.395+08:00
2026-07-07 13:57:25,2026-07-06T19:16:00+08:00,2026-07-06T19:18:03+08:00,1.3977,103.6948,C,Cloud to Cloud,2026-07-06T19:14:35.395+08:00
2026-07-07 13:57:25,2026-07-06T19:16:00+08:00,2026-07-06T19:18:03+08:00,1.4001,103.6955,C,Cloud to Cloud,2026-07-06T19:14:35.395+08:00
2026-07-07 13:57:25,2026-07-06T19:16:00+08:00,2026-07-06T19:18:03+08:00,1.383,103.6776,C,Cloud to Cloud,2026-07-06T19:14:35.407+08:00
2026-07-07 13:57:25,2026-07-06T19:16:00+08:00,2026-07-06T19:18:03+08:00,1.383,103.6776,C,Cloud to Cloud,2026-07-06T19:14:35.407+08:00
2026-07-07 13:57:25,2026-07-06T19:16:00+08:00,2026-07-06T19:18:03+08:00,1.3741,103.6556,C,Cloud to Cloud,2026-07-06T19:14:35.407+08:00
2026-07-07 13:57:25,2026-07-06T19:16:00+08:00,2026-07-06T19:18:03+08:00,1.4012,103.6929,C,Cloud to Cloud,2026-07-06T19:14:35.407+08:00
2026-07-07 13:57:25,2026-07-06T19:16:00+08:00,2026-07-06T19:18:03+08:00,1.4011,103.6891,C,Cloud to Cloud,2026-07-06T19:14:35.407+08:00
2026-07-07 13:57:25,2026-07-06T19:16:00+08:00,2026-07-06T19:18:03+08:00,1.4006,103.6953,C,Cloud to Cloud,2026-07-06T19:14:35.407+08:00
2026-07-07 13:57:25,2026-07-06T19:16:00+08:00,2026-07-06T19:18:03+08:00,1.3899,103.6941,G,Cloud to Ground,2026-07-06T19:14:35.409+08:00
2026-07-07 13:57:25,2026-07-06T19:16:00+08:00,2026-07-06T19:18:03+08:00,1.3885,103.6806,C,Cloud to Cloud,2026-07-06T19:14:35.46+08:00
2026-07-07 13:57:25,2026-07-06T19:16:00+08:00,2026-07-06T19:18:03+08:00,1.4002,103.6948,C,Cloud to Cloud,2026-07-06T19:14:35.46+08:00
2026-07-07 13:57:25,2026-07-06T19:16:00+08:00,2026-07-06T19:18:03+08:00,1.4009,103.6987,C,Cloud to Cloud,2026-07-06T19:14:35.461+08:00
2026-07-07 13:57:25,2026-07-06T19:16:00+08:00,2026-07-06T19:18:03+08:00,1.397,103.6926,C,Cloud to Cloud,2026-07-06T19:14:35.461+08:00
2026-07-07 13:57:25,2026-07-06T19:16:00+08:00,2026-07-06T19:18:03+08:00,1.3996,103.6983,C,Cloud to Cloud,2026-07-06T19:14:35.461+08:00
2026-07-07 13:57:25,2026-07-06T19:16:00+08:00,2026-07-06T19:18:03+08:00,1.386,103.6773,C,Cloud to Cloud,2026-07-06T19:14:35.461+08:00
2026-07-07 13:57:25,2026-07-06T19:16:00+08:00,2026-07-06T19:18:03+08:00,1.3906,103.6941,G,Cloud to Ground,2026-07-06T19:14:35.461+08:00
2026-07-07 13:57:25,2026-07-06T19:16:00+08:00,2026-07-06T19:18:03+08:00,1.3884,103.6657,C,Cloud to Cloud,2026-07-06T19:14:35.461+08:00
2026-07-07 13:57:25,2026-07-06T19:16:00+08:00,2026-07-06T19:18:03+08:00,1.4024,103.7046,C,Cloud to Cloud,2026-07-06T19:14:35.486+08:00
2026-07-07 13:57:25,2026-07-06T19:16:00+08:00,2026-07-06T19:18:03+08:00,1.3957,103.6944,C,Cloud to Cloud,2026-07-06T19:14:35.486+08:00
2026-07-07 13:57:25,2026-07-06T19:16:00+08:00,2026-07-06T19:18:03+08:00,1.4014,103.6962,C,Cloud to Cloud,2026-07-06T19:14:35.486+08:00
2026-07-07 13:57:25,2026-07-06T19:16:00+08:00,2026-07-06T19:18:03+08:00,1.4014,103.6962,C,Cloud to Cloud,2026-07-06T19:14:35.486+08:00
2026-07-07 13:57:25,2026-07-06T19:16:00+08:00,2026-07-06T19:18:03+08:00,1.3913,103.6947,G,Cloud to Ground,2026-07-06T19:14:35.486+08:00
2026-07-07 13:57:25,2026-07-06T19:16:00+08:00,2026-07-06T19:18:03+08:00,1.3881,103.6484,C,Cloud to Cloud,2026-07-06T19:14:35.574+08:00
2026-07-07 13:57:25,2026-07-06T19:16:00+08:00,2026-07-06T19:18:03+08:00,1.3881,103.6484,C,Cloud to Cloud,2026-07-06T19:14:35.574+08:00
2026-07-07 13:57:25,2026-07-06T19:16:00+08:00,2026-07-06T19:18:03+08:00,1.3894,103.6952,G,Cloud to Ground,2026-07-06T19:14:35.575+08:00
2026-07-07 13:57:25,2026-07-06T19:16:00+08:00,2026-07-06T19:18:03+08:00,1.3866,103.6366,C,Cloud to Cloud,2026-07-06T19:14:35.579+08:00
2026-07-07 13:57:25,2026-07-06T19:16:00+08:00,2026-07-06T19:18:03+08:00,1.4056,103.6775,C,Cloud to Cloud,2026-07-06T19:14:35.579+08:00
2026-07-07 13:57:25,2026-07-06T19:16:00+08:00,2026-07-06T19:18:03+08:00,1.4053,103.6544,C,Cloud to Cloud,2026-07-06T19:14:35.586+08:00
2026-07-07 13:57:25,2026-07-06T19:16:00+08:00,2026-07-06T19:18:03+08:00,1.4005,103.701,C,Cloud to Cloud,2026-07-06T19:14:35.627+08:00
2026-07-07 13:57:25,2026-07-06T19:16:00+08:00,2026-07-06T19:18:03+08:00,1.3855,103.682,C,Cloud to Cloud,2026-07-06T19:14:35.627+08:00
2026-07-07 13:57:25,2026-07-06T19:16:00+08:00,2026-07-06T19:18:03+08:00,1.3895,103.6867,C,Cloud to Cloud,2026-07-06T19:14:35.627+08:00
2026-07-07 13:57:25,2026-07-06T19:16:00+08:00,2026-07-06T19:18:03+08:00,1.4004,103.6903,C,Cloud to Cloud,2026-07-06T19:14:35.628+08:00
2026-07-07 13:57:25,2026-07-06T19:16:00+08:00,2026-07-06T19:18:03+08:00,1.4004,103.6903,C,Cloud to Cloud,2026-07-06T19:14:35.628+08:00
2026-07-07 13:57:25,2026-07-06T19:16:00+08:00,2026-07-06T19:18:03+08:00,1.4011,103.6913,C,Cloud to Cloud,2026-07-06T19:14:35.628+08:00
2026-07-07 13:57:25,2026-07-06T19:16:00+08:00,2026-07-06T19:18:03+08:00,1.3992,103.6939,C,Cloud to Cloud,2026-07-06T19:14:35.628+08:00
2026-07-07 13:57:25,2026-07-06T19:16:00+08:00,2026-07-06T19:18:03+08:00,1.3898,103.694,G,Cloud to Ground,2026-07-06T19:14:35.629+08:00
2026-07-07 13:57:25,2026-07-06T19:16:00+08:00,2026-07-06T19:18:03+08:00,1.3931,103.6587,C,Cloud to Cloud,2026-07-06T19:14:35.63+08:00
2026-07-07 13:57:25,2026-07-06T19:16:00+08:00,2026-07-06T19:18:03+08:00,1.3926,103.651,C,Cloud to Cloud,2026-07-06T19:14:35.63+08:00
2026-07-07 13:57:25,2026-07-06T19:16:00+08:00,2026-07-06T19:18:03+08:00,1.39,103.6507,C,Cloud to Cloud,2026-07-06T19:14:35.63+08:00
2026-07-07 13:57:25,2026-07-06T19:16:00+08:00,2026-07-06T19:18:03+08:00,1.4144,103.682,C,Cloud to Cloud,2026-07-06T19:14:57.109+08:00
2026-07-07 13:57:25,2026-07-06T19:16:00+08:00,2026-07-06T19:18:03+08:00,1.4144,103.6821,C,Cloud to Cloud,2026-07-06T19:14:57.109+08:00
2026-07-07 13:57:25,2026-07-06T19:16:00+08:00,2026-07-06T19:18:03+08:00,1.4085,103.691,C,Cloud to Cloud,2026-07-06T19:14:57.173+08:00
2026-07-07 13:57:25,2026-07-06T19:16:00+08:00,2026-07-06T19:18:03+08:00,1.3998,103.6783,C,Cloud to Cloud,2026-07-06T19:14:57.225+08:00
2026-07-07 13:57:25,2026-07-06T19:16:00+08:00,2026-07-06T19:18:03+08:00,1.3946,103.66,C,Cloud to Cloud,2026-07-06T19:14:57.225+08:00
2026-07-07 13:57:25,2026-07-06T19:16:00+08:00,2026-07-06T19:18:03+08:00,1.3988,103.6785,C,Cloud to Cloud,2026-07-06T19:14:57.277+08:00
2026-07-07 13:57:25,2026-07-06T19:16:00+08:00,2026-07-06T19:18:03+08:00,1.4001,103.6798,C,Cloud to Cloud,2026-07-06T19:14:57.277+08:00
2026-07-07 13:57:25,2026-07-06T19:16:00+08:00,2026-07-06T19:18:03+08:00,1.4087,103.6416,C,Cloud to Cloud,2026-07-06T19:14:57.285+08:00
2026-07-07 13:57:25,2026-07-06T19:16:00+08:00,2026-07-06T19:18:03+08:00,1.3929,103.7351,C,Cloud to Cloud,2026-07-06T19:14:57.286+08:00
2026-07-07 13:57:25,2026-07-06T19:16:00+08:00,2026-07-06T19:18:03+08:00,1.4009,103.6974,C,Cloud to Cloud,2026-07-06T19:14:57.3+08:00
2026-07-07 13:57:25,2026-07-06T19:16:00+08:00,2026-07-06T19:18:03+08:00,1.4009,103.6974,C,Cloud to Cloud,2026-07-06T19:14:57.3+08:00
2026-07-07 13:57:25,2026-07-06T19:16:00+08:00,2026-07-06T19:18:03+08:00,1.416,103.6751,C,Cloud to Cloud,2026-07-06T19:14:57.342+08:00
2026-07-07 13:57:25,2026-07-06T19:16:00+08:00,2026-07-06T19:18:03+08:00,1.416,103.6751,C,Cloud to Cloud,2026-07-06T19:14:57.342+08:00
2026-07-07 13:57:25,2026-07-06T19:16:00+08:00,2026-07-06T19:18:03+08:00,1.4022,103.6986,C,Cloud to Cloud,2026-07-06T19:14:57.349+08:00
2026-07-07 13:57:25,2026-07-06T19:16:00+08:00,2026-07-06T19:18:03+08:00,1.405,103.7012,C,Cloud to Cloud,2026-07-06T19:14:57.35+08:00
2026-07-07 13:57:25,2026-07-06T19:16:00+08:00,2026-07-06T19:18:03+08:00,1.4014,103.6981,C,Cloud to Cloud,2026-07-06T19:14:57.35+08:00
2026-07-07 13:57:25,2026-07-06T19:16:00+08:00,2026-07-06T19:18:03+08:00,1.4058,103.6929,C,Cloud to Cloud,2026-07-06T19:14:57.35+08:00
2026-07-07 13:57:25,2026-07-06T19:16:00+08:00,2026-07-06T19:18:03+08:00,1.4078,103.6636,C,Cloud to Cloud,2026-07-06T19:14:57.388+08:00
2026-07-07 13:57:25,2026-07-06T19:16:00+08:00,2026-07-06T19:18:03+08:00,1.4081,103.666,C,Cloud to Cloud,2026-07-06T19:14:57.388+08:00
2026-07-07 13:57:25,2026-07-06T19:16:00+08:00,2026-07-06T19:18:03+08:00,1.4162,103.683,C,Cloud to Cloud,2026-07-06T19:14:57.41+08:00
2026-07-07 13:57:25,2026-07-06T19:16:00+08:00,2026-07-06T19:18:03+08:00,1.4162,103.683,C,Cloud to Cloud,2026-07-06T19:14:57.41+08:00
2026-07-07 13:57:25,2026-07-06T19:16:00+08:00,2026-07-06T19:18:03+08:00,1.3864,103.6854,C,Cloud to Cloud,2026-07-06T19:15:17.568+08:00
2026-07-07 13:57:25,2026-07-06T19:16:00+08:00,2026-07-06T19:18:03+08:00,1.3864,103.6854,C,Cloud to Cloud,2026-07-06T19:15:17.568+08:00
2026-07-07 13:57:25,2026-07-06T19:16:00+08:00,2026-07-06T19:18:03+08:00,1.3891,103.6853,C,Cloud to Cloud,2026-07-06T19:15:17.568+08:00
2026-07-07 13:57:25,2026-07-06T19:16:00+08:00,2026-07-06T19:18:03+08:00,1.3867,103.6848,C,Cloud to Cloud,2026-07-06T19:15:17.569+08:00
2026-07-07 13:57:25,2026-07-06T19:16:00+08:00,2026-07-06T19:18:03+08:00,1.3802,103.6971,C,Cloud to Cloud,2026-07-06T19:15:17.569+08:00
2026-07-07 13:57:25,2026-07-06T19:16:00+08:00,2026-07-06T19:18:03+08:00,1.3844,103.6937,C,Cloud to Cloud,2026-07-06T19:15:17.569+08:00
2026-07-07 13:57:25,2026-07-06T19:16:00+08:00,2026-07-06T19:18:03+08:00,1.3883,103.6859,C,Cloud to Cloud,2026-07-06T19:15:17.569+08:00
2026-07-07 13:57:25,2026-07-06T19:16:00+08:00,2026-07-06T19:18:03+08:00,1.387,103.6881,C,Cloud to Cloud,2026-07-06T19:15:17.573+08:00
2026-07-07 13:57:25,2026-07-06T19:16:00+08:00,2026-07-06T19:18:03+08:00,1.387,103.6881,C,Cloud to Cloud,2026-07-06T19:15:17.573+08:00
2026-07-07 13:57:25,2026-07-06T19:16:00+08:00,2026-07-06T19:18:03+08:00,1.378,103.671,C,Cloud to Cloud,2026-07-06T19:15:17.578+08:00
2026-07-07 13:57:25,2026-07-06T19:16:00+08:00,2026-07-06T19:18:03+08:00,1.378,103.671,C,Cloud to Cloud,2026-07-06T19:15:17.578+08:00
2026-07-07 13:57:25,2026-07-06T19:16:00+08:00,2026-07-06T19:18:03+08:00,1.3878,103.6853,C,Cloud to Cloud,2026-07-06T19:15:17.592+08:00
2026-07-07 13:57:25,2026-07-06T19:16:00+08:00,2026-07-06T19:18:03+08:00,1.3875,103.6843,C,Cloud to Cloud,2026-07-06T19:15:17.592+08:00
2026-07-07 13:57:25,2026-07-06T19:16:00+08:00,2026-07-06T19:18:03+08:00,1.3729,103.6619,C,Cloud to Cloud,2026-07-06T19:15:17.592+08:00
2026-07-07 13:57:25,2026-07-06T19:16:00+08:00,2026-07-06T19:18:03+08:00,1.3942,103.6623,C,Cloud to Cloud,2026-07-06T19:15:17.647+08:00
2026-07-07 13:57:25,2026-07-06T19:16:00+08:00,2026-07-06T19:18:03+08:00,1.3942,103.6623,C,Cloud to Cloud,2026-07-06T19:15:17.647+08:00
2026-07-07 13:57:25,2026-07-06T19:16:00+08:00,2026-07-06T19:18:03+08:00,1.3943,103.6707,C,Cloud to Cloud,2026-07-06T19:15:17.655+08:00
2026-07-07 13:57:25,2026-07-06T19:16:00+08:00,2026-07-06T19:18:03+08:00,1.3943,103.6707,C,Cloud to Cloud,2026-07-06T19:15:17.656+08:00
2026-07-07 13:57:25,2026-07-06T19:16:00+08:00,2026-07-06T19:18:03+08:00,1.3549,103.6494,C,Cloud to Cloud,2026-07-06T19:15:17.709+08:00
2026-07-07 13:57:25,2026-07-06T19:16:00+08:00,2026-07-06T19:18:03+08:00,1.3549,103.6494,C,Cloud to Cloud,2026-07-06T19:15:17.709+08:00
2026-07-07 13:57:25,2026-07-06T19:16:00+08:00,2026-07-06T19:18:03+08:00,1.3545,103.6426,C,Cloud to Cloud,2026-07-06T19:15:17.71+08:00
2026-07-07 13:57:25,2026-07-06T19:16:00+08:00,2026-07-06T19:18:03+08:00,1.3545,103.6426,C,Cloud to Cloud,2026-07-06T19:15:17.71+08:00
2026-07-07 13:57:25,2026-07-06T19:16:00+08:00,2026-07-06T19:18:03+08:00,1.3573,103.6443,C,Cloud to Cloud,2026-07-06T19:15:17.712+08:00
2026-07-07 13:57:25,2026-07-06T19:16:00+08:00,2026-07-06T19:18:03+08:00,1.3573,103.6443,C,Cloud to Cloud,2026-07-06T19:15:17.712+08:00
2026-07-07 13:57:25,2026-07-06T19:16:00+08:00,2026-07-06T19:18:03+08:00,1.355,103.6485,C,Cloud to Cloud,2026-07-06T19:15:17.712+08:00
2026-07-07 13:57:25,2026-07-06T19:16:00+08:00,2026-07-06T19:18:03+08:00,1.355,103.6485,C,Cloud to Cloud,2026-07-06T19:15:17.712+08:00
2026-07-07 13:57:25,2026-07-06T19:16:00+08:00,2026-07-06T19:18:03+08:00,1.3548,103.6454,C,Cloud to Cloud,2026-07-06T19:15:17.713+08:00
2026-07-07 13:57:25,2026-07-06T19:16:00+08:00,2026-07-06T19:18:03+08:00,1.3471,103.6585,C,Cloud to Cloud,2026-07-06T19:15:17.714+08:00
2026-07-07 13:57:25,2026-07-06T19:16:00+08:00,2026-07-06T19:18:03+08:00,1.3471,103.6585,C,Cloud to Cloud,2026-07-06T19:15:17.715+08:00
2026-07-07 13:57:25,2026-07-06T19:16:00+08:00,2026-07-06T19:18:03+08:00,1.3484,103.6626,C,Cloud to Cloud,2026-07-06T19:15:17.715+08:00
2026-07-07 13:57:25,2026-07-06T19:16:00+08:00,2026-07-06T19:18:03+08:00,1.3478,103.6628,C,Cloud to Cloud,2026-07-06T19:15:17.715+08:00
2026-07-07 13:57:25,2026-07-06T19:16:00+08:00,2026-07-06T19:18:03+08:00,1.3462,103.6675,C,Cloud to Cloud,2026-07-06T19:15:17.716+08:00
2026-07-07 13:57:25,2026-07-06T19:16:00+08:00,2026-07-06T19:18:03+08:00,1.3462,103.6675,C,Cloud to Cloud,2026-07-06T19:15:17.716+08:00
2026-07-07 13:57:25,2026-07-06T19:16:00+08:00,2026-07-06T19:18:03+08:00,1.3471,103.6688,C,Cloud to Cloud,2026-07-06T19:15:17.716+08:00
2026-07-07 13:57:25,2026-07-06T19:16:00+08:00,2026-07-06T19:18:03+08:00,1.3471,103.6688,C,Cloud to Cloud,2026-07-06T19:15:17.717+08:00
2026-07-07 13:57:25,2026-07-06T19:16:00+08:00,2026-07-06T19:18:03+08:00,1.3459,103.6733,C,Cloud to Cloud,2026-07-06T19:15:17.718+08:00
2026-07-07 13:57:25,2026-07-06T19:16:00+08:00,2026-07-06T19:18:03+08:00,1.3459,103.6733,C,Cloud to Cloud,2026-07-06T19:15:17.718+08:00
2026-07-07 13:57:25,2026-07-06T19:16:00+08:00,2026-07-06T19:18:03+08:00,1.3996,103.6836,C,Cloud to Cloud,2026-07-06T19:15:17.754+08:00
2026-07-07 13:57:25,2026-07-06T19:16:00+08:00,2026-07-06T19:18:03+08:00,1.3996,103.6836,C,Cloud to Cloud,2026-07-06T19:15:17.754+08:00
2026-07-07 13:57:25,2026-07-06T19:16:00+08:00,2026-07-06T19:18:03+08:00,1.3994,103.6668,C,Cloud to Cloud,2026-07-06T19:15:17.789+08:00
2026-07-07 13:57:25,2026-07-06T19:16:00+08:00,2026-07-06T19:18:03+08:00,1.3994,103.6668,C,Cloud to Cloud,2026-07-06T19:15:17.789+08:00
2026-07-07 13:57:25,2026-07-06T19:16:00+08:00,2026-07-06T19:18:03+08:00,1.3887,103.6695,C,Cloud to Cloud,2026-07-06T19:15:17.789+08:00
2026-07-07 13:57:25,2026-07-06T19:16:00+08:00,2026-07-06T19:18:03+08:00,1.3887,103.6695,C,Cloud to Cloud,2026-07-06T19:15:17.789+08:00
2026-07-07 13:57:25,2026-07-06T19:16:00+08:00,2026-07-06T19:18:03+08:00,1.3915,103.671,C,Cloud to Cloud,2026-07-06T19:15:17.789+08:00
2026-07-07 13:57:25,2026-07-06T19:16:00+08:00,2026-07-06T19:18:03+08:00,1.3941,103.6513,C,Cloud to Cloud,2026-07-06T19:15:17.79+08:00
2026-07-07 13:57:25,2026-07-06T19:16:00+08:00,2026-07-06T19:18:03+08:00,1.3941,103.6513,C,Cloud to Cloud,2026-07-06T19:15:17.79+08:00
2026-07-07 13:57:25,2026-07-06T19:16:00+08:00,2026-07-06T19:18:03+08:00,1.3978,103.6603,C,Cloud to Cloud,2026-07-06T19:15:17.796+08:00
2026-07-07 13:57:25,2026-07-06T19:16:00+08:00,2026-07-06T19:18:03+08:00,1.3978,103.6603,C,Cloud to Cloud,2026-07-06T19:15:17.796+08:00
2026-07-07 13:57:25,2026-07-06T19:16:00+08:00,2026-07-06T19:18:03+08:00,1.3988,103.6666,C,Cloud to Cloud,2026-07-06T19:15:17.827+08:00
2026-07-07 13:57:25,2026-07-06T19:16:00+08:00,2026-07-06T19:18:03+08:00,1.3988,103.6666,C,Cloud to Cloud,2026-07-06T19:15:17.827+08:00
2026-07-07 13:57:25,2026-07-06T19:16:00+08:00,2026-07-06T19:18:03+08:00,1.3968,103.6669,C,Cloud to Cloud,2026-07-06T19:15:17.827+08:00
2026-07-07 13:57:25,2026-07-06T19:16:00+08:00,2026-07-06T19:18:03+08:00,1.3933,103.6753,C,Cloud to Cloud,2026-07-06T19:15:17.827+08:00
2026-07-07 13:57:25,2026-07-06T19:16:00+08:00,2026-07-06T19:18:03+08:00,1.3702,103.6469,C,Cloud to Cloud,2026-07-06T19:15:17.87+08:00
2026-07-07 13:57:25,2026-07-06T19:16:00+08:00,2026-07-06T19:18:03+08:00,1.3702,103.6469,C,Cloud to Cloud,2026-07-06T19:15:17.87+08:00
2026-07-07 13:57:25,2026-07-06T19:16:00+08:00,2026-07-06T19:18:03+08:00,1.3694,103.6332,C,Cloud to Cloud,2026-07-06T19:15:17.891+08:00
2026-07-07 13:57:25,2026-07-06T19:16:00+08:00,2026-07-06T19:18:03+08:00,1.3694,103.6332,C,Cloud to Cloud,2026-07-06T19:15:17.891+08:00
2026-07-07 13:57:25,2026-07-06T19:16:00+08:00,2026-07-06T19:18:03+08:00,1.379,103.6644,C,Cloud to Cloud,2026-07-06T19:15:17.894+08:00
2026-07-07 13:57:25,2026-07-06T19:16:00+08:00,2026-07-06T19:18:03+08:00,1.379,103.6644,C,Cloud to Cloud,2026-07-06T19:15:17.894+08:00
2026-07-07 13:57:25,2026-07-06T19:16:00+08:00,2026-07-06T19:18:03+08:00,1.3792,103.6373,C,Cloud to Cloud,2026-07-06T19:15:17.902+08:00
2026-07-07 13:57:25,2026-07-06T19:16:00+08:00,2026-07-06T19:18:03+08:00,1.3792,103.6373,C,Cloud to Cloud,2026-07-06T19:15:17.902+08:00
2026-07-07 13:57:25,2026-07-06T19:16:00+08:00,2026-07-06T19:18:03+08:00,1.3718,103.6288,C,Cloud to Cloud,2026-07-06T19:15:17.922+08:00
2026-07-07 13:57:25,2026-07-06T19:16:00+08:00,2026-07-06T19:18:03+08:00,1.3718,103.6288,C,Cloud to Cloud,2026-07-06T19:15:17.922+08:00
2026-07-07 13:57:25,2026-07-06T19:16:00+08:00,2026-07-06T19:18:03+08:00,1.3717,103.6357,C,Cloud to Cloud,2026-07-06T19:15:17.938+08:00
2026-07-07 13:57:25,2026-07-06T19:16:00+08:00,2026-07-06T19:18:03+08:00,1.371,103.6359,C,Cloud to Cloud,2026-07-06T19:15:17.938+08:00
2026-07-07 13:57:25,2026-07-06T19:16:00+08:00,2026-07-06T19:18:03+08:00,1.3677,103.6443,C,Cloud to Cloud,2026-07-06T19:15:17.938+08:00
2026-07-07 13:57:25,2026-07-06T19:16:00+08:00,2026-07-06T19:18:03+08:00,1.384,103.6327,C,Cloud to Cloud,2026-07-06T19:15:17.956+08:00
2026-07-07 13:57:25,2026-07-06T19:16:00+08:00,2026-07-06T19:18:03+08:00,1.383,103.6462,C,Cloud to Cloud,2026-07-06T19:15:17.956+08:00
2026-07-07 13:57:25,2026-07-06T19:16:00+08:00,2026-07-06T19:18:03+08:00,1.3708,103.6313,C,Cloud to Cloud,2026-07-06T19:15:17.976+08:00
2026-07-07 13:57:25,2026-07-06T19:16:00+08:00,2026-07-06T19:18:03+08:00,1.3708,103.6313,C,Cloud to Cloud,2026-07-06T19:15:17.976+08:00
2026-07-07 13:57:25,2026-07-06T19:16:00+08:00,2026-07-06T19:18:03+08:00,1.3781,103.6909,C,Cloud to Cloud,2026-07-06T19:15:49.238+08:00
2026-07-07 13:57:25,2026-07-06T19:16:00+08:00,2026-07-06T19:18:03+08:00,1.3781,103.6909,C,Cloud to Cloud,2026-07-06T19:15:49.238+08:00
2026-07-07 13:57:25,2026-07-06T19:16:00+08:00,2026-07-06T19:18:03+08:00,1.3787,103.692,C,Cloud to Cloud,2026-07-06T19:15:49.238+08:00
2026-07-07 13:57:25,2026-07-06T19:16:00+08:00,2026-07-06T19:18:03+08:00,1.3773,103.6905,C,Cloud to Cloud,2026-07-06T19:15:49.239+08:00
2026-07-07 13:57:25,2026-07-06T19:16:00+08:00,2026-07-06T19:18:03+08:00,1.3446,103.6514,C,Cloud to Cloud,2026-07-06T19:15:49.239+08:00
2026-07-07 13:57:25,2026-07-06T19:16:00+08:00,2026-07-06T19:18:03+08:00,1.3779,103.6912,C,Cloud to Cloud,2026-07-06T19:15:49.239+08:00
2026-07-07 13:57:25,2026-07-06T19:16:00+08:00,2026-07-06T19:18:03+08:00,1.3785,103.6926,C,Cloud to Cloud,2026-07-06T19:15:49.24+08:00
2026-07-07 13:57:25,2026-07-06T19:16:00+08:00,2026-07-06T19:18:03+08:00,1.3785,103.6926,C,Cloud to Cloud,2026-07-06T19:15:49.24+08:00
2026-07-07 13:57:25,2026-07-06T19:16:00+08:00,2026-07-06T19:18:03+08:00,1.3746,103.6889,C,Cloud to Cloud,2026-07-06T19:15:49.242+08:00
2026-07-07 13:57:25,2026-07-06T19:16:00+08:00,2026-07-06T19:18:03+08:00,1.3746,103.6889,C,Cloud to Cloud,2026-07-06T19:15:49.242+08:00
2026-07-07 13:57:25,2026-07-06T19:16:00+08:00,2026-07-06T19:18:03+08:00,1.3547,103.6487,C,Cloud to Cloud,2026-07-06T19:15:49.246+08:00
2026-07-07 13:57:25,2026-07-06T19:16:00+08:00,2026-07-06T19:18:03+08:00,1.3589,103.6501,C,Cloud to Cloud,2026-07-06T19:15:49.248+08:00
2026-07-07 13:57:25,2026-07-06T19:16:00+08:00,2026-07-06T19:18:03+08:00,1.3829,103.6822,C,Cloud to Cloud,2026-07-06T19:15:49.248+08:00
2026-07-07 13:57:25,2026-07-06T19:16:00+08:00,2026-07-06T19:18:03+08:00,1.3711,103.6655,C,Cloud to Cloud,2026-07-06T19:15:49.248+08:00
2026-07-07 13:57:25,2026-07-06T19:16:00+08:00,2026-07-06T19:18:03+08:00,1.3541,103.6756,C,Cloud to Cloud,2026-07-06T19:15:49.32+08:00
2026-07-07 13:57:25,2026-07-06T19:16:00+08:00,2026-07-06T19:18:03+08:00,1.3541,103.6756,C,Cloud to Cloud,2026-07-06T19:15:49.32+08:00
2026-07-07 13:57:25,2026-07-06T19:16:00+08:00,2026-07-06T19:18:03+08:00,1.2993,103.6122,C,Cloud to Cloud,2026-07-06T19:15:49.327+08:00
2026-07-07 13:57:25,2026-07-06T19:16:00+08:00,2026-07-06T19:18:03+08:00,1.3442,103.6788,C,Cloud to Cloud,2026-07-06T19:15:49.328+08:00
2026-07-07 13:57:25,2026-07-06T19:16:00+08:00,2026-07-06T19:18:03+08:00,1.3598,103.6701,C,Cloud to Cloud,2026-07-06T19:15:49.329+08:00
2026-07-07 13:57:25,2026-07-06T19:16:00+08:00,2026-07-06T19:18:03+08:00,1.3598,103.6701,C,Cloud to Cloud,2026-07-06T19:15:49.329+08:00
2026-07-07 13:57:25,2026-07-06T19:16:00+08:00,2026-07-06T19:18:03+08:00,1.3655,103.6685,C,Cloud to Cloud,2026-07-06T19:15:49.333+08:00
2026-07-07 13:57:25,2026-07-06T19:16:00+08:00,2026-07-06T19:18:03+08:00,1.3655,103.6685,C,Cloud to Cloud,2026-07-06T19:15:49.333+08:00
2026-07-07 13:57:25,2026-07-06T19:16:00+08:00,2026-07-06T19:18:03+08:00,1.3611,103.6768,C,Cloud to Cloud,2026-07-06T19:15:49.333+08:00
2026-07-07 13:57:25,2026-07-06T19:16:00+08:00,2026-07-06T19:18:03+08:00,1.3573,103.6884,C,Cloud to Cloud,2026-07-06T19:15:49.334+08:00
2026-07-07 13:57:25,2026-07-06T19:16:00+08:00,2026-07-06T19:18:03+08:00,1.3604,103.6914,C,Cloud to Cloud,2026-07-06T19:15:49.336+08:00
2026-07-07 13:57:25,2026-07-06T19:16:00+08:00,2026-07-06T19:18:03+08:00,1.3645,103.6934,C,Cloud to Cloud,2026-07-06T19:15:49.336+08:00
2026-07-07 13:57:25,2026-07-06T19:16:00+08:00,2026-07-06T19:18:03+08:00,1.3641,103.693,C,Cloud to Cloud,2026-07-06T19:15:49.336+08:00
2026-07-07 13:57:25,2026-07-06T19:16:00+08:00,2026-07-06T19:18:03+08:00,1.3688,103.6953,C,Cloud to Cloud,2026-07-06T19:15:49.336+08:00
2026-07-07 13:57:25,2026-07-06T19:16:00+08:00,2026-07-06T19:18:03+08:00,1.3508,103.6777,C,Cloud to Cloud,2026-07-06T19:15:49.336+08:00
2026-07-07 13:57:25,2026-07-06T19:16:00+08:00,2026-07-06T19:18:03+08:00,1.3217,103.6894,C,Cloud to Cloud,2026-07-06T19:15:49.371+08:00
2026-07-07 13:57:25,2026-07-06T19:16:00+08:00,2026-07-06T19:18:03+08:00,1.3708,103.6933,C,Cloud to Cloud,2026-07-06T19:15:49.386+08:00
2026-07-07 13:57:25,2026-07-06T19:16:00+08:00,2026-07-06T19:18:03+08:00,1.3708,103.6933,C,Cloud to Cloud,2026-07-06T19:15:49.387+08:00
2026-07-07 13:57:25,2026-07-06T19:16:00+08:00,2026-07-06T19:18:03+08:00,1.3784,103.6786,C,Cloud to Cloud,2026-07-06T19:15:49.396+08:00
2026-07-07 13:57:25,2026-07-06T19:16:00+08:00,2026-07-06T19:18:03+08:00,1.3781,103.6786,C,Cloud to Cloud,2026-07-06T19:15:49.396+08:00
2026-07-07 13:57:25,2026-07-06T19:16:00+08:00,2026-07-06T19:18:03+08:00,1.3804,103.6774,C,Cloud to Cloud,2026-07-06T19:15:49.396+08:00
2026-07-07 13:57:25,2026-07-06T19:16:00+08:00,2026-07-06T19:18:03+08:00,1.3968,103.8467,C,Cloud to Cloud,2026-07-06T19:15:49.405+08:00
2026-07-07 13:57:25,2026-07-06T19:16:00+08:00,2026-07-06T19:18:03+08:00,1.3811,103.6466,C,Cloud to Cloud,2026-07-06T19:15:49.407+08:00
2026-07-07 13:57:25,2026-07-06T19:16:00+08:00,2026-07-06T19:18:03+08:00,1.3811,103.6466,C,Cloud to Cloud,2026-07-06T19:15:49.407+08:00
2026-07-07 13:57:25,2026-07-06T19:16:00+08:00,2026-07-06T19:18:03+08:00,1.3629,103.7012,C,Cloud to Cloud,2026-07-06T19:15:49.432+08:00
2026-07-07 13:57:25,2026-07-06T19:16:00+08:00,2026-07-06T19:18:03+08:00,1.3712,103.6683,C,Cloud to Cloud,2026-07-06T19:15:49.433+08:00
2026-07-07 13:57:25,2026-07-06T19:16:00+08:00,2026-07-06T19:18:03+08:00,1.3708,103.6685,C,Cloud to Cloud,2026-07-06T19:15:49.433+08:00
2026-07-07 13:57:25,2026-07-06T19:16:00+08:00,2026-07-06T19:18:03+08:00,1.3547,103.6817,C,Cloud to Cloud,2026-07-06T19:15:49.442+08:00
2026-07-07 13:57:25,2026-07-06T19:16:00+08:00,2026-07-06T19:18:03+08:00,1.369,103.7047,C,Cloud to Cloud,2026-07-06T19:15:49.442+08:00
2026-07-07 13:57:25,2026-07-06T19:16:00+08:00,2026-07-06T19:18:03+08:00,1.3652,103.7099,C,Cloud to Cloud,2026-07-06T19:15:49.446+08:00
2026-07-07 13:57:25,2026-07-06T19:16:00+08:00,2026-07-06T19:18:03+08:00,1.363,103.6766,C,Cloud to Cloud,2026-07-06T19:15:49.448+08:00
2026-07-07 13:57:25,2026-07-06T19:16:00+08:00,2026-07-06T19:18:03+08:00,1.3631,103.6765,C,Cloud to Cloud,2026-07-06T19:15:49.448+08:00
2026-07-07 13:57:25,2026-07-06T19:16:00+08:00,2026-07-06T19:18:03+08:00,1.3638,103.6828,C,Cloud to Cloud,2026-07-06T19:15:49.461+08:00
2026-07-07 13:57:25,2026-07-06T19:16:00+08:00,2026-07-06T19:18:03+08:00,1.3579,103.7812,C,Cloud to Cloud,2026-07-06T19:15:49.464+08:00
2026-07-07 13:57:25,2026-07-06T19:16:00+08:00,2026-07-06T19:18:03+08:00,1.3548,103.7745,C,Cloud to Cloud,2026-07-06T19:15:49.464+08:00
2026-07-07 13:57:25,2026-07-06T19:16:00+08:00,2026-07-06T19:18:03+08:00,1.3561,103.7753,C,Cloud to Cloud,2026-07-06T19:15:49.464+08:00
2026-07-07 13:57:25,2026-07-06T19:16:00+08:00,2026-07-06T19:18:03+08:00,1.3436,103.7772,C,Cloud to Cloud,2026-07-06T19:15:49.464+08:00
2026-07-07 13:57:25,2026-07-06T19:16:00+08:00,2026-07-06T19:18:03+08:00,1.3501,103.7598,C,Cloud to Cloud,2026-07-06T19:15:49.465+08:00
2026-07-07 13:57:25,2026-07-06T19:16:00+08:00,2026-07-06T19:18:03+08:00,1.3521,103.7445,C,Cloud to Cloud,2026-07-06T19:15:49.465+08:00
2026-07-07 13:57:25,2026-07-06T19:16:00+08:00,2026-07-06T19:18:03+08:00,1.3508,103.7441,C,Cloud to Cloud,2026-07-06T19:15:49.465+08:00
2026-07-07 13:57:25,2026-07-06T19:16:00+08:00,2026-07-06T19:18:03+08:00,1.3408,103.766,C,Cloud to Cloud,2026-07-06T19:15:49.465+08:00
2026-07-07 13:57:25,2026-07-06T19:16:00+08:00,2026-07-06T19:18:03+08:00,1.3501,103.7542,C,Cloud to Cloud,2026-07-06T19:15:49.465+08:00
2026-07-07 13:57:25,2026-07-06T19:16:00+08:00,2026-07-06T19:18:03+08:00,1.3472,103.7528,C,Cloud to Cloud,2026-07-06T19:15:49.465+08:00
2026-07-07 13:57:25,2026-07-06T19:16:00+08:00,2026-07-06T19:18:03+08:00,1.3567,103.773,C,Cloud to Cloud,2026-07-06T19:15:49.465+08:00
2026-07-07 13:57:25,2026-07-06T19:16:00+08:00,2026-07-06T19:18:03+08:00,1.358,103.7731,C,Cloud to Cloud,2026-07-06T19:15:49.466+08:00
2026-07-07 13:57:25,2026-07-06T19:16:00+08:00,2026-07-06T19:18:03+08:00,1.3511,103.7748,C,Cloud to Cloud,2026-07-06T19:15:49.466+08:00
2026-07-07 13:57:25,2026-07-06T19:16:00+08:00,2026-07-06T19:18:03+08:00,1.3501,103.7527,C,Cloud to Cloud,2026-07-06T19:15:49.466+08:00
2026-07-07 13:57:25,2026-07-06T19:16:00+08:00,2026-07-06T19:18:03+08:00,1.356,103.7707,C,Cloud to Cloud,2026-07-06T19:15:49.466+08:00
2026-07-07 13:57:25,2026-07-06T19:16:00+08:00,2026-07-06T19:18:03+08:00,1.343,103.7692,C,Cloud to Cloud,2026-07-06T19:15:49.466+08:00
2026-07-07 13:57:25,2026-07-06T19:16:00+08:00,2026-07-06T19:18:03+08:00,1.3591,103.7769,C,Cloud to Cloud,2026-07-06T19:15:49.466+08:00
2026-07-07 13:57:25,2026-07-06T19:16:00+08:00,2026-07-06T19:18:03+08:00,1.3726,103.7776,C,Cloud to Cloud,2026-07-06T19:15:49.466+08:00
2026-07-07 13:57:25,2026-07-06T19:16:00+08:00,2026-07-06T19:18:03+08:00,1.3526,103.7649,C,Cloud to Cloud,2026-07-06T19:15:49.467+08:00
2026-07-07 13:57:25,2026-07-06T19:16:00+08:00,2026-07-06T19:18:03+08:00,1.3672,103.7664,C,Cloud to Cloud,2026-07-06T19:15:49.467+08:00
2026-07-07 13:57:25,2026-07-06T19:16:00+08:00,2026-07-06T19:18:03+08:00,1.3515,103.7746,C,Cloud to Cloud,2026-07-06T19:15:49.467+08:00
2026-07-07 13:57:25,2026-07-06T19:16:00+08:00,2026-07-06T19:18:03+08:00,1.3667,103.7687,C,Cloud to Cloud,2026-07-06T19:15:49.467+08:00
2026-07-07 13:57:25,2026-07-06T19:16:00+08:00,2026-07-06T19:18:03+08:00,1.3491,103.766,C,Cloud to Cloud,2026-07-06T19:15:49.467+08:00
2026-07-07 13:57:25,2026-07-06T19:16:00+08:00,2026-07-06T19:18:03+08:00,1.3496,103.7725,C,Cloud to Cloud,2026-07-06T19:15:49.468+08:00
2026-07-07 13:57:25,2026-07-06T19:16:00+08:00,2026-07-06T19:18:03+08:00,1.3606,103.7753,C,Cloud to Cloud,2026-07-06T19:15:49.468+08:00
2026-07-07 13:57:25,2026-07-06T19:16:00+08:00,2026-07-06T19:18:03+08:00,1.3536,103.7754,C,Cloud to Cloud,2026-07-06T19:15:49.468+08:00
2026-07-07 13:57:25,2026-07-06T19:16:00+08:00,2026-07-06T19:18:03+08:00,1.3499,103.7654,C,Cloud to Cloud,2026-07-06T19:15:49.468+08:00
2026-07-07 13:57:25,2026-07-06T19:16:00+08:00,2026-07-06T19:18:03+08:00,1.3486,103.7673,C,Cloud to Cloud,2026-07-06T19:15:49.468+08:00
2026-07-07 13:57:25,2026-07-06T19:16:00+08:00,2026-07-06T19:18:03+08:00,1.361,103.7824,C,Cloud to Cloud,2026-07-06T19:15:49.468+08:00
2026-07-07 13:57:25,2026-07-06T19:16:00+08:00,2026-07-06T19:18:03+08:00,1.3659,103.7688,C,Cloud to Cloud,2026-07-06T19:15:49.468+08:00
2026-07-07 13:57:25,2026-07-06T19:16:00+08:00,2026-07-06T19:18:03+08:00,1.3484,103.7601,C,Cloud to Cloud,2026-07-06T19:15:49.469+08:00
2026-07-07 13:57:25,2026-07-06T19:16:00+08:00,2026-07-06T19:18:03+08:00,1.3452,103.7594,C,Cloud to Cloud,2026-07-06T19:15:49.469+08:00
2026-07-07 13:57:25,2026-07-06T19:16:00+08:00,2026-07-06T19:18:03+08:00,1.3644,103.7692,C,Cloud to Cloud,2026-07-06T19:15:49.469+08:00
2026-07-07 13:57:25,2026-07-06T19:16:00+08:00,2026-07-06T19:18:03+08:00,1.3634,103.7663,C,Cloud to Cloud,2026-07-06T19:15:49.469+08:00
2026-07-07 13:57:25,2026-07-06T19:16:00+08:00,2026-07-06T19:18:03+08:00,1.349,103.7634,C,Cloud to Cloud,2026-07-06T19:15:49.47+08:00
2026-07-07 13:57:25,2026-07-06T19:16:00+08:00,2026-07-06T19:18:03+08:00,1.3563,103.7614,C,Cloud to Cloud,2026-07-06T19:15:49.47+08:00
2026-07-07 13:57:25,2026-07-06T19:16:00+08:00,2026-07-06T19:18:03+08:00,1.3519,103.7738,C,Cloud to Cloud,2026-07-06T19:15:49.47+08:00
2026-07-07 13:57:25,2026-07-06T19:16:00+08:00,2026-07-06T19:18:03+08:00,1.3426,103.7638,C,Cloud to Cloud,2026-07-06T19:15:49.47+08:00
2026-07-07 13:57:25,2026-07-06T19:16:00+08:00,2026-07-06T19:18:03+08:00,1.3525,103.7734,C,Cloud to Cloud,2026-07-06T19:15:49.471+08:00
2026-07-07 13:57:25,2026-07-06T19:16:00+08:00,2026-07-06T19:18:03+08:00,1.3468,103.7651,C,Cloud to Cloud,2026-07-06T19:15:49.471+08:00
2026-07-07 13:57:25,2026-07-06T19:16:00+08:00,2026-07-06T19:18:03+08:00,1.3487,103.7656,C,Cloud to Cloud,2026-07-06T19:15:49.471+08:00
2026-07-07 13:57:25,2026-07-06T19:16:00+08:00,2026-07-06T19:18:03+08:00,1.3503,103.7687,C,Cloud to Cloud,2026-07-06T19:15:49.472+08:00
2026-07-07 13:57:25,2026-07-06T19:16:00+08:00,2026-07-06T19:18:03+08:00,1.3458,103.7689,C,Cloud to Cloud,2026-07-06T19:15:49.472+08:00
2026-07-07 13:57:25,2026-07-06T19:16:00+08:00,2026-07-06T19:18:03+08:00,1.3461,103.7685,C,Cloud to Cloud,2026-07-06T19:15:49.472+08:00
2026-07-07 13:57:25,2026-07-06T19:16:00+08:00,2026-07-06T19:18:03+08:00,1.3404,103.7613,C,Cloud to Cloud,2026-07-06T19:15:49.472+08:00
2026-07-07 13:57:25,2026-07-06T19:16:00+08:00,2026-07-06T19:18:03+08:00,1.3416,103.7759,C,Cloud to Cloud,2026-07-06T19:15:49.473+08:00
2026-07-07 13:57:25,2026-07-06T19:16:00+08:00,2026-07-06T19:18:03+08:00,1.3508,103.7774,C,Cloud to Cloud,2026-07-06T19:15:49.473+08:00
2026-07-07 13:57:25,2026-07-06T19:16:00+08:00,2026-07-06T19:18:03+08:00,1.346,103.7763,C,Cloud to Cloud,2026-07-06T19:15:49.473+08:00
2026-07-07 13:57:25,2026-07-06T19:16:00+08:00,2026-07-06T19:18:03+08:00,1.3338,103.7751,C,Cloud to Cloud,2026-07-06T19:15:49.474+08:00
2026-07-07 13:57:25,2026-07-06T19:16:00+08:00,2026-07-06T19:18:03+08:00,1.356,103.7712,C,Cloud to Cloud,2026-07-06T19:15:49.474+08:00
2026-07-07 13:57:25,2026-07-06T19:16:00+08:00,2026-07-06T19:18:03+08:00,1.3449,103.7712,C,Cloud to Cloud,2026-07-06T19:15:49.474+08:00
2026-07-07 13:57:25,2026-07-06T19:16:00+08:00,2026-07-06T19:18:03+08:00,1.3548,103.7752,C,Cloud to Cloud,2026-07-06T19:15:49.475+08:00
2026-07-07 13:57:25,2026-07-06T19:16:00+08:00,2026-07-06T19:18:03+08:00,1.3519,103.7512,C,Cloud to Cloud,2026-07-06T19:15:49.475+08:00
2026-07-07 13:57:25,2026-07-06T19:16:00+08:00,2026-07-06T19:18:03+08:00,1.352,103.7738,C,Cloud to Cloud,2026-07-06T19:15:49.476+08:00
2026-07-07 13:57:25,2026-07-06T19:16:00+08:00,2026-07-06T19:18:03+08:00,1.3509,103.7717,C,Cloud to Cloud,2026-07-06T19:15:49.476+08:00
2026-07-07 13:57:25,2026-07-06T19:16:00+08:00,2026-07-06T19:18:03+08:00,1.3518,103.7774,C,Cloud to Cloud,2026-07-06T19:15:49.476+08:00
2026-07-07 13:57:25,2026-07-06T19:16:00+08:00,2026-07-06T19:18:03+08:00,1.3486,103.7745,C,Cloud to Cloud,2026-07-06T19:15:49.476+08:00
2026-07-07 13:57:25,2026-07-06T19:16:00+08:00,2026-07-06T19:18:03+08:00,1.3521,103.7786,C,Cloud to Cloud,2026-07-06T19:15:49.476+08:00
2026-07-07 13:57:25,2026-07-06T19:16:00+08:00,2026-07-06T19:18:03+08:00,1.3565,103.7824,C,Cloud to Cloud,2026-07-06T19:15:49.477+08:00
2026-07-07 13:57:25,2026-07-06T19:16:00+08:00,2026-07-06T19:18:03+08:00,1.349,103.7779,C,Cloud to Cloud,2026-07-06T19:15:49.477+08:00
2026-07-07 13:57:25,2026-07-06T19:16:00+08:00,2026-07-06T19:18:03+08:00,1.3558,103.7773,C,Cloud to Cloud,2026-07-06T19:15:49.477+08:00
2026-07-07 13:57:25,2026-07-06T19:16:00+08:00,2026-07-06T19:18:03+08:00,1.3566,103.7801,C,Cloud to Cloud,2026-07-06T19:15:49.477+08:00
2026-07-07 13:57:25,2026-07-06T19:16:00+08:00,2026-07-06T19:18:03+08:00,1.3541,103.7806,C,Cloud to Cloud,2026-07-06T19:15:49.478+08:00
2026-07-07 13:57:25,2026-07-06T19:16:00+08:00,2026-07-06T19:18:03+08:00,1.3518,103.7834,C,Cloud to Cloud,2026-07-06T19:15:49.478+08:00
2026-07-07 13:57:25,2026-07-06T19:16:00+08:00,2026-07-06T19:18:03+08:00,1.3511,103.7691,C,Cloud to Cloud,2026-07-06T19:15:49.478+08:00
2026-07-07 13:57:25,2026-07-06T19:16:00+08:00,2026-07-06T19:18:03+08:00,1.353,103.7796,C,Cloud to Cloud,2026-07-06T19:15:49.479+08:00
2026-07-07 13:57:25,2026-07-06T19:16:00+08:00,2026-07-06T19:18:03+08:00,1.353,103.7762,C,Cloud to Cloud,2026-07-06T19:15:49.48+08:00
2026-07-07 13:57:25,2026-07-06T19:16:00+08:00,2026-07-06T19:18:03+08:00,1.3555,103.785,C,Cloud to Cloud,2026-07-06T19:15:49.48+08:00
2026-07-07 13:57:25,2026-07-06T19:16:00+08:00,2026-07-06T19:18:03+08:00,1.3579,103.7759,C,Cloud to Cloud,2026-07-06T19:15:49.48+08:00
2026-07-07 13:57:25,2026-07-06T19:16:00+08:00,2026-07-06T19:18:03+08:00,1.3655,103.7774,C,Cloud to Cloud,2026-07-06T19:15:49.48+08:00
2026-07-07 13:57:25,2026-07-06T19:16:00+08:00,2026-07-06T19:18:03+08:00,1.362,103.7839,C,Cloud to Cloud,2026-07-06T19:15:49.48+08:00
2026-07-07 13:57:25,2026-07-06T19:16:00+08:00,2026-07-06T19:18:03+08:00,1.3581,103.7713,C,Cloud to Cloud,2026-07-06T19:15:49.48+08:00
2026-07-07 13:57:25,2026-07-06T19:16:00+08:00,2026-07-06T19:18:03+08:00,1.3553,103.7782,C,Cloud to Cloud,2026-07-06T19:15:49.481+08:00
2026-07-07 13:57:25,2026-07-06T19:16:00+08:00,2026-07-06T19:18:03+08:00,1.3457,103.7788,C,Cloud to Cloud,2026-07-06T19:15:49.481+08:00
2026-07-07 13:57:25,2026-07-06T19:16:00+08:00,2026-07-06T19:18:03+08:00,1.3466,103.7787,C,Cloud to Cloud,2026-07-06T19:15:49.481+08:00
2026-07-07 13:57:25,2026-07-06T19:16:00+08:00,2026-07-06T19:18:03+08:00,1.3528,103.7791,C,Cloud to Cloud,2026-07-06T19:15:49.481+08:00
2026-07-07 13:57:25,2026-07-06T19:16:00+08:00,2026-07-06T19:18:03+08:00,1.3541,103.7836,C,Cloud to Cloud,2026-07-06T19:15:49.481+08:00
2026-07-07 13:57:25,2026-07-06T19:16:00+08:00,2026-07-06T19:18:03+08:00,1.3608,103.7782,C,Cloud to Cloud,2026-07-06T19:15:49.481+08:00
2026-07-07 13:57:25,2026-07-06T19:16:00+08:00,2026-07-06T19:18:03+08:00,1.3599,103.7754,C,Cloud to Cloud,2026-07-06T19:15:49.481+08:00
2026-07-07 13:57:25,2026-07-06T19:16:00+08:00,2026-07-06T19:18:03+08:00,1.3584,103.7835,C,Cloud to Cloud,2026-07-06T19:15:49.482+08:00
2026-07-07 13:57:25,2026-07-06T19:16:00+08:00,2026-07-06T19:18:03+08:00,1.3622,103.7841,C,Cloud to Cloud,2026-07-06T19:15:49.482+08:00
2026-07-07 13:57:25,2026-07-06T19:16:00+08:00,2026-07-06T19:18:03+08:00,1.3684,103.779,C,Cloud to Cloud,2026-07-06T19:15:49.482+08:00
2026-07-07 13:57:25,2026-07-06T19:16:00+08:00,2026-07-06T19:18:03+08:00,1.3607,103.7853,C,Cloud to Cloud,2026-07-06T19:15:49.482+08:00
2026-07-07 13:57:25,2026-07-06T19:16:00+08:00,2026-07-06T19:18:03+08:00,1.3786,103.7763,C,Cloud to Cloud,2026-07-06T19:15:49.482+08:00
2026-07-07 13:57:25,2026-07-06T19:16:00+08:00,2026-07-06T19:18:03+08:00,1.3615,103.7832,C,Cloud to Cloud,2026-07-06T19:15:49.482+08:00
2026-07-07 13:57:25,2026-07-06T19:16:00+08:00,2026-07-06T19:18:03+08:00,1.3676,103.7783,C,Cloud to Cloud,2026-07-06T19:15:49.482+08:00
2026-07-07 13:57:25,2026-07-06T19:16:00+08:00,2026-07-06T19:18:03+08:00,1.3639,103.7829,C,Cloud to Cloud,2026-07-06T19:15:49.482+08:00
2026-07-07 13:57:25,2026-07-06T19:16:00+08:00,2026-07-06T19:18:03+08:00,1.372,103.7651,C,Cloud to Cloud,2026-07-06T19:15:49.482+08:00
2026-07-07 13:57:25,2026-07-06T19:16:00+08:00,2026-07-06T19:18:03+08:00,1.3579,103.7798,C,Cloud to Cloud,2026-07-06T19:15:49.482+08:00
2026-07-07 13:57:25,2026-07-06T19:16:00+08:00,2026-07-06T19:18:03+08:00,1.3585,103.7558,C,Cloud to Cloud,2026-07-06T19:15:49.483+08:00
2026-07-07 13:57:25,2026-07-06T19:16:00+08:00,2026-07-06T19:18:03+08:00,1.3548,103.7802,C,Cloud to Cloud,2026-07-06T19:15:49.483+08:00
2026-07-07 13:57:25,2026-07-06T19:16:00+08:00,2026-07-06T19:18:03+08:00,1.352,103.782,C,Cloud to Cloud,2026-07-06T19:15:49.483+08:00
2026-07-07 13:57:25,2026-07-06T19:16:00+08:00,2026-07-06T19:18:03+08:00,1.3696,103.7793,C,Cloud to Cloud,2026-07-06T19:15:49.483+08:00
2026-07-07 13:57:25,2026-07-06T19:16:00+08:00,2026-07-06T19:18:03+08:00,1.3551,103.7828,C,Cloud to Cloud,2026-07-06T19:15:49.483+08:00
2026-07-07 13:57:25,2026-07-06T19:16:00+08:00,2026-07-06T19:18:03+08:00,1.372,103.775,C,Cloud to Cloud,2026-07-06T19:15:49.483+08:00
2026-07-07 13:57:25,2026-07-06T19:16:00+08:00,2026-07-06T19:18:03+08:00,1.3742,103.7754,C,Cloud to Cloud,2026-07-06T19:15:49.483+08:00
2026-07-07 13:57:25,2026-07-06T19:16:00+08:00,2026-07-06T19:18:03+08:00,1.3652,103.7793,C,Cloud to Cloud,2026-07-06T19:15:49.483+08:00
2026-07-07 13:57:25,2026-07-06T19:16:00+08:00,2026-07-06T19:18:03+08:00,1.3665,103.7782,C,Cloud to Cloud,2026-07-06T19:15:49.484+08:00
2026-07-07 13:57:25,2026-07-06T19:16:00+08:00,2026-07-06T19:18:03+08:00,1.3648,103.7797,C,Cloud to Cloud,2026-07-06T19:15:49.484+08:00
2026-07-07 13:57:25,2026-07-06T19:16:00+08:00,2026-07-06T19:18:03+08:00,1.3651,103.774,C,Cloud to Cloud,2026-07-06T19:15:49.484+08:00
2026-07-07 13:57:25,2026-07-06T19:16:00+08:00,2026-07-06T19:18:03+08:00,1.373,103.7775,C,Cloud to Cloud,2026-07-06T19:15:49.484+08:00
2026-07-07 13:57:25,2026-07-06T19:16:00+08:00,2026-07-06T19:18:03+08:00,1.3709,103.7796,C,Cloud to Cloud,2026-07-06T19:15:49.484+08:00
2026-07-07 13:57:25,2026-07-06T19:16:00+08:00,2026-07-06T19:18:03+08:00,1.3675,103.7853,C,Cloud to Cloud,2026-07-06T19:15:49.484+08:00
2026-07-07 13:57:25,2026-07-06T19:16:00+08:00,2026-07-06T19:18:03+08:00,1.3574,103.7783,C,Cloud to Cloud,2026-07-06T19:15:49.484+08:00
2026-07-07 13:57:25,2026-07-06T19:16:00+08:00,2026-07-06T19:18:03+08:00,1.3661,103.7754,C,Cloud to Cloud,2026-07-06T19:15:49.484+08:00
2026-07-07 13:57:25,2026-07-06T19:16:00+08:00,2026-07-06T19:18:03+08:00,1.3687,103.7776,C,Cloud to Cloud,2026-07-06T19:15:49.484+08:00
2026-07-07 13:57:25,2026-07-06T19:16:00+08:00,2026-07-06T19:18:03+08:00,1.3563,103.7866,C,Cloud to Cloud,2026-07-06T19:15:49.485+08:00
2026-07-07 13:57:25,2026-07-06T19:16:00+08:00,2026-07-06T19:18:03+08:00,1.3561,103.7866,C,Cloud to Cloud,2026-07-06T19:15:49.485+08:00
2026-07-07 13:57:25,2026-07-06T19:16:00+08:00,2026-07-06T19:18:03+08:00,1.3707,103.7838,C,Cloud to Cloud,2026-07-06T19:15:49.485+08:00
2026-07-07 13:57:25,2026-07-06T19:16:00+08:00,2026-07-06T19:18:03+08:00,1.3702,103.7832,C,Cloud to Cloud,2026-07-06T19:15:49.485+08:00
2026-07-07 13:57:25,2026-07-06T19:16:00+08:00,2026-07-06T19:18:03+08:00,1.3522,103.7863,C,Cloud to Cloud,2026-07-06T19:15:49.485+08:00
2026-07-07 13:57:25,2026-07-06T19:16:00+08:00,2026-07-06T19:18:03+08:00,1.3681,103.7836,C,Cloud to Cloud,2026-07-06T19:15:49.485+08:00
2026-07-07 13:57:25,2026-07-06T19:16:00+08:00,2026-07-06T19:18:03+08:00,1.3477,103.7878,C,Cloud to Cloud,2026-07-06T19:15:49.485+08:00
2026-07-07 13:57:25,2026-07-06T19:16:00+08:00,2026-07-06T19:18:03+08:00,1.3723,103.7846,C,Cloud to Cloud,2026-07-06T19:15:49.485+08:00
2026-07-07 13:57:25,2026-07-06T19:16:00+08:00,2026-07-06T19:18:03+08:00,1.3651,103.7861,C,Cloud to Cloud,2026-07-06T19:15:49.485+08:00
2026-07-07 13:57:25,2026-07-06T19:16:00+08:00,2026-07-06T19:18:03+08:00,1.3675,103.781,C,Cloud to Cloud,2026-07-06T19:15:49.485+08:00
2026-07-07 13:57:25,2026-07-06T19:16:00+08:00,2026-07-06T19:18:03+08:00,1.3455,103.7878,C,Cloud to Cloud,2026-07-06T19:15:49.486+08:00
2026-07-07 13:57:25,2026-07-06T19:16:00+08:00,2026-07-06T19:18:03+08:00,1.3558,103.7862,C,Cloud to Cloud,2026-07-06T19:15:49.486+08:00
2026-07-07 13:57:25,2026-07-06T19:16:00+08:00,2026-07-06T19:18:03+08:00,1.3655,103.7858,C,Cloud to Cloud,2026-07-06T19:15:49.486+08:00
2026-07-07 13:57:25,2026-07-06T19:16:00+08:00,2026-07-06T19:18:03+08:00,1.3523,103.7871,C,Cloud to Cloud,2026-07-06T19:15:49.486+08:00
2026-07-07 13:57:25,2026-07-06T19:16:00+08:00,2026-07-06T19:18:03+08:00,1.368,103.7821,C,Cloud to Cloud,2026-07-06T19:15:49.486+08:00
2026-07-07 13:57:25,2026-07-06T19:16:00+08:00,2026-07-06T19:18:03+08:00,1.3523,103.7871,C,Cloud to Cloud,2026-07-06T19:15:49.486+08:00
2026-07-07 13:57:25,2026-07-06T19:16:00+08:00,2026-07-06T19:18:03+08:00,1.371,103.7794,C,Cloud to Cloud,2026-07-06T19:15:49.486+08:00
2026-07-07 13:57:25,2026-07-06T19:16:00+08:00,2026-07-06T19:18:03+08:00,1.3549,103.7848,C,Cloud to Cloud,2026-07-06T19:15:49.486+08:00
2026-07-07 13:57:25,2026-07-06T19:16:00+08:00,2026-07-06T19:18:03+08:00,1.3528,103.7919,C,Cloud to Cloud,2026-07-06T19:15:49.486+08:00
2026-07-07 13:57:25,2026-07-06T19:16:00+08:00,2026-07-06T19:18:03+08:00,1.3747,103.7802,C,Cloud to Cloud,2026-07-06T19:15:49.486+08:00
2026-07-07 13:57:25,2026-07-06T19:16:00+08:00,2026-07-06T19:18:03+08:00,1.3616,103.7884,C,Cloud to Cloud,2026-07-06T19:15:49.486+08:00
2026-07-07 13:57:25,2026-07-06T19:16:00+08:00,2026-07-06T19:18:03+08:00,1.3526,103.7896,C,Cloud to Cloud,2026-07-06T19:15:49.487+08:00
2026-07-07 13:57:25,2026-07-06T19:16:00+08:00,2026-07-06T19:18:03+08:00,1.3536,103.7908,C,Cloud to Cloud,2026-07-06T19:15:49.487+08:00
2026-07-07 13:57:25,2026-07-06T19:16:00+08:00,2026-07-06T19:18:03+08:00,1.3487,103.7913,C,Cloud to Cloud,2026-07-06T19:15:49.487+08:00
2026-07-07 13:57:25,2026-07-06T19:16:00+08:00,2026-07-06T19:18:03+08:00,1.3488,103.789,C,Cloud to Cloud,2026-07-06T19:15:49.487+08:00
2026-07-07 13:57:25,2026-07-06T19:16:00+08:00,2026-07-06T19:18:03+08:00,1.3608,103.7876,C,Cloud to Cloud,2026-07-06T19:15:49.487+08:00
2026-07-07 13:57:25,2026-07-06T19:16:00+08:00,2026-07-06T19:18:03+08:00,1.3585,103.7348,C,Cloud to Cloud,2026-07-06T19:15:49.488+08:00
2026-07-07 13:57:25,2026-07-06T19:16:00+08:00,2026-07-06T19:18:03+08:00,1.3279,103.7933,C,Cloud to Cloud,2026-07-06T19:15:49.488+08:00
2026-07-07 13:57:25,2026-07-06T19:16:00+08:00,2026-07-06T19:18:03+08:00,1.3313,103.7946,C,Cloud to Cloud,2026-07-06T19:15:49.488+08:00
2026-07-07 13:57:25,2026-07-06T19:16:00+08:00,2026-07-06T19:18:03+08:00,1.332,103.7957,C,Cloud to Cloud,2026-07-06T19:15:49.488+08:00
2026-07-07 13:57:25,2026-07-06T19:16:00+08:00,2026-07-06T19:18:03+08:00,1.3306,103.7965,C,Cloud to Cloud,2026-07-06T19:15:49.488+08:00
2026-07-07 13:57:25,2026-07-06T19:16:00+08:00,2026-07-06T19:18:03+08:00,1.3205,103.7986,C,Cloud to Cloud,2026-07-06T19:15:49.488+08:00
2026-07-07 13:57:25,2026-07-06T19:16:00+08:00,2026-07-06T19:18:03+08:00,1.3901,103.7899,C,Cloud to Cloud,2026-07-06T19:15:49.489+08:00
2026-07-07 13:57:25,2026-07-06T19:16:00+08:00,2026-07-06T19:18:03+08:00,1.3201,103.7984,C,Cloud to Cloud,2026-07-06T19:15:49.489+08:00
2026-07-07 13:57:25,2026-07-06T19:16:00+08:00,2026-07-06T19:18:03+08:00,1.3588,103.797,C,Cloud to Cloud,2026-07-06T19:15:49.489+08:00
2026-07-07 13:57:25,2026-07-06T19:16:00+08:00,2026-07-06T19:18:03+08:00,1.3761,103.7936,C,Cloud to Cloud,2026-07-06T19:15:49.489+08:00
2026-07-07 13:57:25,2026-07-06T19:16:00+08:00,2026-07-06T19:18:03+08:00,1.3592,103.7972,C,Cloud to Cloud,2026-07-06T19:15:49.49+08:00
2026-07-07 13:57:25,2026-07-06T19:16:00+08:00,2026-07-06T19:18:03+08:00,1.3539,103.7986,C,Cloud to Cloud,2026-07-06T19:15:49.49+08:00
2026-07-07 13:57:25,2026-07-06T19:16:00+08:00,2026-07-06T19:18:03+08:00,1.357,103.7989,C,Cloud to Cloud,2026-07-06T19:15:49.49+08:00
2026-07-07 13:57:25,2026-07-06T19:16:00+08:00,2026-07-06T19:18:03+08:00,1.3546,103.8005,C,Cloud to Cloud,2026-07-06T19:15:49.49+08:00
2026-07-07 13:57:25,2026-07-06T19:16:00+08:00,2026-07-06T19:18:03+08:00,1.3548,103.7985,C,Cloud to Cloud,2026-07-06T19:15:49.49+08:00
2026-07-07 13:57:25,2026-07-06T19:16:00+08:00,2026-07-06T19:18:03+08:00,1.3561,103.7987,C,Cloud to Cloud,2026-07-06T19:15:49.49+08:00
2026-07-07 13:57:25,2026-07-06T19:16:00+08:00,2026-07-06T19:18:03+08:00,1.3574,103.7976,C,Cloud to Cloud,2026-07-06T19:15:49.49+08:00
2026-07-07 13:57:25,2026-07-06T19:16:00+08:00,2026-07-06T19:18:03+08:00,1.3746,103.7962,C,Cloud to Cloud,2026-07-06T19:15:49.49+08:00
2026-07-07 13:57:25,2026-07-06T19:16:00+08:00,2026-07-06T19:18:03+08:00,1.3768,103.7907,G,Cloud to Ground,2026-07-06T19:15:49.49+08:00
2026-07-07 13:57:25,2026-07-06T19:16:00+08:00,2026-07-06T19:18:03+08:00,1.3632,103.8272,C,Cloud to Cloud,2026-07-06T19:15:49.49+08:00
2026-07-07 13:57:25,2026-07-06T19:16:00+08:00,2026-07-06T19:18:03+08:00,1.3749,103.7772,C,Cloud to Cloud,2026-07-06T19:15:49.49+08:00
2026-07-07 13:57:25,2026-07-06T19:16:00+08:00,2026-07-06T19:18:03+08:00,1.3737,103.78,C,Cloud to Cloud,2026-07-06T19:15:49.491+08:00
2026-07-07 13:57:25,2026-07-06T19:16:00+08:00,2026-07-06T19:18:03+08:00,1.3219,103.7892,C,Cloud to Cloud,2026-07-06T19:15:49.491+08:00
2026-07-07 13:57:25,2026-07-06T19:16:00+08:00,2026-07-06T19:18:03+08:00,1.3219,103.7892,C,Cloud to Cloud,2026-07-06T19:15:49.491+08:00
2026-07-07 13:57:25,2026-07-06T19:16:00+08:00,2026-07-06T19:18:03+08:00,1.3596,103.7628,C,Cloud to Cloud,2026-07-06T19:15:49.491+08:00
2026-07-07 13:57:25,2026-07-06T19:16:00+08:00,2026-07-06T19:18:03+08:00,1.3596,103.7628,C,Cloud to Cloud,2026-07-06T19:15:49.491+08:00
2026-07-07 13:57:25,2026-07-06T19:16:00+08:00,2026-07-06T19:18:03+08:00,1.3548,103.7531,C,Cloud to Cloud,2026-07-06T19:15:49.491+08:00
2026-07-07 13:57:25,2026-07-06T19:16:00+08:00,2026-07-06T19:18:03+08:00,1.3548,103.7531,C,Cloud to Cloud,2026-07-06T19:15:49.492+08:00
2026-07-07 13:57:25,2026-07-06T19:16:00+08:00,2026-07-06T19:18:03+08:00,1.3287,103.7679,C,Cloud to Cloud,2026-07-06T19:15:49.492+08:00
2026-07-07 13:57:25,2026-07-06T19:16:00+08:00,2026-07-06T19:18:03+08:00,1.3306,103.7873,C,Cloud to Cloud,2026-07-06T19:15:49.493+08:00
2026-07-07 13:57:25,2026-07-06T19:16:00+08:00,2026-07-06T19:18:03+08:00,1.336,103.7732,C,Cloud to Cloud,2026-07-06T19:15:49.493+08:00
2026-07-07 13:57:25,2026-07-06T19:16:00+08:00,2026-07-06T19:18:03+08:00,1.3182,103.7757,C,Cloud to Cloud,2026-07-06T19:15:49.493+08:00
2026-07-07 13:57:25,2026-07-06T19:16:00+08:00,2026-07-06T19:18:03+08:00,1.3476,103.7695,C,Cloud to Cloud,2026-07-06T19:15:49.493+08:00
2026-07-07 13:57:25,2026-07-06T19:16:00+08:00,2026-07-06T19:18:03+08:00,1.3134,103.7642,G,Cloud to Ground,2026-07-06T19:15:49.493+08:00
2026-07-07 13:57:25,2026-07-06T19:16:00+08:00,2026-07-06T19:18:03+08:00,1.3357,103.7477,C,Cloud to Cloud,2026-07-06T19:15:49.493+08:00
2026-07-07 13:57:25,2026-07-06T19:16:00+08:00,2026-07-06T19:18:03+08:00,1.3833,103.6657,C,Cloud to Cloud,2026-07-06T19:15:49.556+08:00
2026-07-07 13:57:25,2026-07-06T19:16:00+08:00,2026-07-06T19:18:03+08:00,1.397,103.6882,C,Cloud to Cloud,2026-07-06T19:15:49.556+08:00
2026-07-07 13:57:25,2026-07-06T19:16:00+08:00,2026-07-06T19:18:03+08:00,1.4028,103.6922,C,Cloud to Cloud,2026-07-06T19:15:49.556+08:00
2026-07-07 13:57:25,2026-07-06T19:16:00+08:00,2026-07-06T19:18:03+08:00,1.3752,103.6592,C,Cloud to Cloud,2026-07-06T19:15:49.566+08:00
2026-07-07 13:57:25,2026-07-06T19:16:00+08:00,2026-07-06T19:18:03+08:00,1.4065,103.6214,C,Cloud to Cloud,2026-07-06T19:15:49.567+08:00
2026-07-07 13:57:25,2026-07-06T19:16:00+08:00,2026-07-06T19:18:03+08:00,1.3998,103.7031,C,Cloud to Cloud,2026-07-06T19:15:49.567+08:00
2026-07-07 13:57:25,2026-07-06T19:16:00+08:00,2026-07-06T19:18:03+08:00,1.3952,103.6965,C,Cloud to Cloud,2026-07-06T19:15:49.567+08:00
2026-07-07 13:57:25,2026-07-06T19:16:00+08:00,2026-07-06T19:18:03+08:00,1.3713,103.6366,C,Cloud to Cloud,2026-07-06T19:15:49.594+08:00
2026-07-07 13:57:25,2026-07-06T19:16:00+08:00,2026-07-06T19:18:03+08:00,1.3713,103.6366,C,Cloud to Cloud,2026-07-06T19:15:49.594+08:00
2026-07-07 13:57:25,2026-07-06T19:16:00+08:00,2026-07-06T19:18:03+08:00,1.3759,103.6357,C,Cloud to Cloud,2026-07-06T19:15:49.615+08:00
2026-07-07 13:57:25,2026-07-06T19:16:00+08:00,2026-07-06T19:18:03+08:00,1.3815,103.6728,C,Cloud to Cloud,2026-07-06T19:15:49.617+08:00
2026-07-07 13:57:25,2026-07-06T19:16:00+08:00,2026-07-06T19:18:03+08:00,1.389,103.6704,C,Cloud to Cloud,2026-07-06T19:15:49.618+08:00
2026-07-07 13:57:25,2026-07-06T19:14:00+08:00,2026-07-06T19:16:03+08:00,1.3785,103.678,C,Cloud to Cloud,2026-07-06T19:12:17.726+08:00
2026-07-07 13:57:25,2026-07-06T19:14:00+08:00,2026-07-06T19:16:03+08:00,1.3785,103.678,C,Cloud to Cloud,2026-07-06T19:12:17.726+08:00
2026-07-07 13:57:25,2026-07-06T19:14:00+08:00,2026-07-06T19:16:03+08:00,1.3794,103.6802,C,Cloud to Cloud,2026-07-06T19:12:17.726+08:00
2026-07-07 13:57:25,2026-07-06T19:14:00+08:00,2026-07-06T19:16:03+08:00,1.3804,103.6816,C,Cloud to Cloud,2026-07-06T19:12:17.726+08:00
2026-07-07 13:57:25,2026-07-06T19:14:00+08:00,2026-07-06T19:16:03+08:00,1.3796,103.6802,C,Cloud to Cloud,2026-07-06T19:12:17.726+08:00
2026-07-07 13:57:25,2026-07-06T19:14:00+08:00,2026-07-06T19:16:03+08:00,1.3905,103.6685,C,Cloud to Cloud,2026-07-06T19:12:17.726+08:00
2026-07-07 13:57:25,2026-07-06T19:14:00+08:00,2026-07-06T19:16:03+08:00,1.379,103.6796,C,Cloud to Cloud,2026-07-06T19:12:17.726+08:00
2026-07-07 13:57:25,2026-07-06T19:14:00+08:00,2026-07-06T19:16:03+08:00,1.3795,103.6803,C,Cloud to Cloud,2026-07-06T19:12:17.726+08:00
2026-07-07 13:57:25,2026-07-06T19:14:00+08:00,2026-07-06T19:16:03+08:00,1.378,103.6799,C,Cloud to Cloud,2026-07-06T19:12:17.726+08:00
2026-07-07 13:57:25,2026-07-06T19:14:00+08:00,2026-07-06T19:16:03+08:00,1.3798,103.681,C,Cloud to Cloud,2026-07-06T19:12:17.726+08:00
2026-07-07 13:57:25,2026-07-06T19:14:00+08:00,2026-07-06T19:16:03+08:00,1.3788,103.678,C,Cloud to Cloud,2026-07-06T19:12:17.727+08:00
2026-07-07 13:57:25,2026-07-06T19:14:00+08:00,2026-07-06T19:16:03+08:00,1.3795,103.6799,C,Cloud to Cloud,2026-07-06T19:12:17.727+08:00
2026-07-07 13:57:25,2026-07-06T19:14:00+08:00,2026-07-06T19:16:03+08:00,1.3771,103.6771,C,Cloud to Cloud,2026-07-06T19:12:17.727+08:00
2026-07-07 13:57:25,2026-07-06T19:14:00+08:00,2026-07-06T19:16:03+08:00,1.3789,103.677,C,Cloud to Cloud,2026-07-06T19:12:17.727+08:00
2026-07-07 13:57:25,2026-07-06T19:14:00+08:00,2026-07-06T19:16:03+08:00,1.3789,103.679,C,Cloud to Cloud,2026-07-06T19:12:17.727+08:00
2026-07-07 13:57:25,2026-07-06T19:14:00+08:00,2026-07-06T19:16:03+08:00,1.3804,103.6777,C,Cloud to Cloud,2026-07-06T19:12:17.727+08:00
2026-07-07 13:57:25,2026-07-06T19:14:00+08:00,2026-07-06T19:16:03+08:00,1.3792,103.6771,C,Cloud to Cloud,2026-07-06T19:12:17.727+08:00
2026-07-07 13:57:25,2026-07-06T19:14:00+08:00,2026-07-06T19:16:03+08:00,1.3789,103.678,C,Cloud to Cloud,2026-07-06T19:12:17.728+08:00
2026-07-07 13:57:25,2026-07-06T19:14:00+08:00,2026-07-06T19:16:03+08:00,1.3808,103.68,C,Cloud to Cloud,2026-07-06T19:12:17.728+08:00
2026-07-07 13:57:25,2026-07-06T19:14:00+08:00,2026-07-06T19:16:03+08:00,1.38,103.68,C,Cloud to Cloud,2026-07-06T19:12:17.728+08:00
2026-07-07 13:57:25,2026-07-06T19:14:00+08:00,2026-07-06T19:16:03+08:00,1.381,103.681,C,Cloud to Cloud,2026-07-06T19:12:17.728+08:00
2026-07-07 13:57:25,2026-07-06T19:14:00+08:00,2026-07-06T19:16:03+08:00,1.3821,103.6813,C,Cloud to Cloud,2026-07-06T19:12:17.728+08:00
2026-07-07 13:57:25,2026-07-06T19:14:00+08:00,2026-07-06T19:16:03+08:00,1.3805,103.6794,C,Cloud to Cloud,2026-07-06T19:12:17.728+08:00
2026-07-07 13:57:25,2026-07-06T19:14:00+08:00,2026-07-06T19:16:03+08:00,1.3816,103.6813,C,Cloud to Cloud,2026-07-06T19:12:17.728+08:00
2026-07-07 13:57:25,2026-07-06T19:14:00+08:00,2026-07-06T19:16:03+08:00,1.372,103.6662,C,Cloud to Cloud,2026-07-06T19:12:17.728+08:00
2026-07-07 13:57:25,2026-07-06T19:14:00+08:00,2026-07-06T19:16:03+08:00,1.3807,103.6797,C,Cloud to Cloud,2026-07-06T19:12:17.728+08:00
2026-07-07 13:57:25,2026-07-06T19:14:00+08:00,2026-07-06T19:16:03+08:00,1.3807,103.6801,C,Cloud to Cloud,2026-07-06T19:12:17.729+08:00
2026-07-07 13:57:25,2026-07-06T19:14:00+08:00,2026-07-06T19:16:03+08:00,1.3807,103.6783,C,Cloud to Cloud,2026-07-06T19:12:17.729+08:00
2026-07-07 13:57:25,2026-07-06T19:14:00+08:00,2026-07-06T19:16:03+08:00,1.3813,103.6805,C,Cloud to Cloud,2026-07-06T19:12:17.729+08:00
2026-07-07 13:57:25,2026-07-06T19:14:00+08:00,2026-07-06T19:16:03+08:00,1.3828,103.6808,C,Cloud to Cloud,2026-07-06T19:12:17.729+08:00
2026-07-07 13:57:25,2026-07-06T19:14:00+08:00,2026-07-06T19:16:03+08:00,1.3786,103.6782,C,Cloud to Cloud,2026-07-06T19:12:17.729+08:00
2026-07-07 13:57:25,2026-07-06T19:14:00+08:00,2026-07-06T19:16:03+08:00,1.3819,103.6814,C,Cloud to Cloud,2026-07-06T19:12:17.729+08:00
2026-07-07 13:57:25,2026-07-06T19:14:00+08:00,2026-07-06T19:16:03+08:00,1.3809,103.6804,C,Cloud to Cloud,2026-07-06T19:12:17.729+08:00
2026-07-07 13:57:25,2026-07-06T19:14:00+08:00,2026-07-06T19:16:03+08:00,1.3817,103.6829,C,Cloud to Cloud,2026-07-06T19:12:17.729+08:00
2026-07-07 13:57:25,2026-07-06T19:14:00+08:00,2026-07-06T19:16:03+08:00,1.3808,103.6779,C,Cloud to Cloud,2026-07-06T19:12:17.729+08:00
2026-07-07 13:57:25,2026-07-06T19:14:00+08:00,2026-07-06T19:16:03+08:00,1.3794,103.6793,C,Cloud to Cloud,2026-07-06T19:12:17.73+08:00
2026-07-07 13:57:25,2026-07-06T19:14:00+08:00,2026-07-06T19:16:03+08:00,1.38,103.6794,C,Cloud to Cloud,2026-07-06T19:12:17.73+08:00
2026-07-07 13:57:25,2026-07-06T19:14:00+08:00,2026-07-06T19:16:03+08:00,1.3817,103.6792,C,Cloud to Cloud,2026-07-06T19:12:17.73+08:00
2026-07-07 13:57:25,2026-07-06T19:14:00+08:00,2026-07-06T19:16:03+08:00,1.3817,103.6793,C,Cloud to Cloud,2026-07-06T19:12:17.73+08:00
2026-07-07 13:57:25,2026-07-06T19:14:00+08:00,2026-07-06T19:16:03+08:00,1.3816,103.6819,C,Cloud to Cloud,2026-07-06T19:12:17.73+08:00
2026-07-07 13:57:25,2026-07-06T19:14:00+08:00,2026-07-06T19:16:03+08:00,1.3807,103.6806,C,Cloud to Cloud,2026-07-06T19:12:17.73+08:00
2026-07-07 13:57:25,2026-07-06T19:14:00+08:00,2026-07-06T19:16:03+08:00,1.3919,103.6649,C,Cloud to Cloud,2026-07-06T19:12:17.762+08:00
2026-07-07 13:57:25,2026-07-06T19:14:00+08:00,2026-07-06T19:16:03+08:00,1.3902,103.6586,C,Cloud to Cloud,2026-07-06T19:12:17.762+08:00
2026-07-07 13:57:25,2026-07-06T19:14:00+08:00,2026-07-06T19:16:03+08:00,1.3856,103.6655,C,Cloud to Cloud,2026-07-06T19:12:17.762+08:00
2026-07-07 13:57:25,2026-07-06T19:14:00+08:00,2026-07-06T19:16:03+08:00,1.3941,103.6603,C,Cloud to Cloud,2026-07-06T19:12:17.763+08:00
2026-07-07 13:57:25,2026-07-06T19:14:00+08:00,2026-07-06T19:16:03+08:00,1.3941,103.6603,C,Cloud to Cloud,2026-07-06T19:12:17.763+08:00
2026-07-07 13:57:25,2026-07-06T19:14:00+08:00,2026-07-06T19:16:03+08:00,1.3938,103.6547,C,Cloud to Cloud,2026-07-06T19:12:17.763+08:00
2026-07-07 13:57:25,2026-07-06T19:14:00+08:00,2026-07-06T19:16:03+08:00,1.3901,103.6579,C,Cloud to Cloud,2026-07-06T19:12:17.764+08:00
2026-07-07 13:57:25,2026-07-06T19:14:00+08:00,2026-07-06T19:16:03+08:00,1.3901,103.6579,C,Cloud to Cloud,2026-07-06T19:12:17.764+08:00
2026-07-07 13:57:25,2026-07-06T19:14:00+08:00,2026-07-06T19:16:03+08:00,1.3856,103.6687,C,Cloud to Cloud,2026-07-06T19:12:17.764+08:00
2026-07-07 13:57:25,2026-07-06T19:14:00+08:00,2026-07-06T19:16:03+08:00,1.3936,103.663,C,Cloud to Cloud,2026-07-06T19:12:17.765+08:00
2026-07-07 13:57:25,2026-07-06T19:14:00+08:00,2026-07-06T19:16:03+08:00,1.3941,103.6639,C,Cloud to Cloud,2026-07-06T19:12:17.765+08:00
2026-07-07 13:57:25,2026-07-06T19:14:00+08:00,2026-07-06T19:16:03+08:00,1.3824,103.6742,C,Cloud to Cloud,2026-07-06T19:12:17.766+08:00
2026-07-07 13:57:25,2026-07-06T19:14:00+08:00,2026-07-06T19:16:03+08:00,1.3931,103.6672,C,Cloud to Cloud,2026-07-06T19:12:17.766+08:00
2026-07-07 13:57:25,2026-07-06T19:14:00+08:00,2026-07-06T19:16:03+08:00,1.3936,103.6674,C,Cloud to Cloud,2026-07-06T19:12:17.766+08:00
2026-07-07 13:57:25,2026-07-06T19:14:00+08:00,2026-07-06T19:16:03+08:00,1.3842,103.6719,C,Cloud to Cloud,2026-07-06T19:12:17.766+08:00
2026-07-07 13:57:25,2026-07-06T19:14:00+08:00,2026-07-06T19:16:03+08:00,1.3955,103.6661,C,Cloud to Cloud,2026-07-06T19:12:17.766+08:00
2026-07-07 13:57:25,2026-07-06T19:14:00+08:00,2026-07-06T19:16:03+08:00,1.3955,103.6661,C,Cloud to Cloud,2026-07-06T19:12:17.767+08:00
2026-07-07 13:57:25,2026-07-06T19:14:00+08:00,2026-07-06T19:16:03+08:00,1.3967,103.6657,C,Cloud to Cloud,2026-07-06T19:12:17.767+08:00
2026-07-07 13:57:25,2026-07-06T19:14:00+08:00,2026-07-06T19:16:03+08:00,1.397,103.6679,C,Cloud to Cloud,2026-07-06T19:12:17.767+08:00
2026-07-07 13:57:25,2026-07-06T19:14:00+08:00,2026-07-06T19:16:03+08:00,1.3953,103.6573,C,Cloud to Cloud,2026-07-06T19:12:17.767+08:00
2026-07-07 13:57:25,2026-07-06T19:14:00+08:00,2026-07-06T19:16:03+08:00,1.3969,103.6705,C,Cloud to Cloud,2026-07-06T19:12:17.767+08:00
2026-07-07 13:57:25,2026-07-06T19:14:00+08:00,2026-07-06T19:16:03+08:00,1.3967,103.6701,C,Cloud to Cloud,2026-07-06T19:12:17.767+08:00
2026-07-07 13:57:25,2026-07-06T19:14:00+08:00,2026-07-06T19:16:03+08:00,1.3987,103.6668,C,Cloud to Cloud,2026-07-06T19:12:17.767+08:00
2026-07-07 13:57:25,2026-07-06T19:14:00+08:00,2026-07-06T19:16:03+08:00,1.395,103.6689,C,Cloud to Cloud,2026-07-06T19:12:17.767+08:00
2026-07-07 13:57:25,2026-07-06T19:14:00+08:00,2026-07-06T19:16:03+08:00,1.3984,103.668,C,Cloud to Cloud,2026-07-06T19:12:17.767+08:00
2026-07-07 13:57:25,2026-07-06T19:14:00+08:00,2026-07-06T19:16:03+08:00,1.3927,103.6681,C,Cloud to Cloud,2026-07-06T19:12:17.768+08:00
2026-07-07 13:57:25,2026-07-06T19:14:00+08:00,2026-07-06T19:16:03+08:00,1.3992,103.6702,C,Cloud to Cloud,2026-07-06T19:12:17.768+08:00
2026-07-07 13:57:25,2026-07-06T19:14:00+08:00,2026-07-06T19:16:03+08:00,1.3964,103.6685,C,Cloud to Cloud,2026-07-06T19:12:17.768+08:00
2026-07-07 13:57:25,2026-07-06T19:14:00+08:00,2026-07-06T19:16:03+08:00,1.3935,103.6663,C,Cloud to Cloud,2026-07-06T19:12:17.768+08:00
2026-07-07 13:57:25,2026-07-06T19:14:00+08:00,2026-07-06T19:16:03+08:00,1.392,103.6694,C,Cloud to Cloud,2026-07-06T19:12:17.768+08:00
2026-07-07 13:57:25,2026-07-06T19:14:00+08:00,2026-07-06T19:16:03+08:00,1.3979,103.6701,C,Cloud to Cloud,2026-07-06T19:12:17.768+08:00
2026-07-07 13:57:25,2026-07-06T19:14:00+08:00,2026-07-06T19:16:03+08:00,1.395,103.6653,C,Cloud to Cloud,2026-07-06T19:12:17.768+08:00
2026-07-07 13:57:25,2026-07-06T19:14:00+08:00,2026-07-06T19:16:03+08:00,1.3955,103.6681,C,Cloud to Cloud,2026-07-06T19:12:17.768+08:00
2026-07-07 13:57:25,2026-07-06T19:14:00+08:00,2026-07-06T19:16:03+08:00,1.3956,103.6683,C,Cloud to Cloud,2026-07-06T19:12:17.768+08:00
2026-07-07 13:57:25,2026-07-06T19:14:00+08:00,2026-07-06T19:16:03+08:00,1.3942,103.6712,C,Cloud to Cloud,2026-07-06T19:12:17.769+08:00
2026-07-07 13:57:25,2026-07-06T19:14:00+08:00,2026-07-06T19:16:03+08:00,1.3985,103.6711,C,Cloud to Cloud,2026-07-06T19:12:17.769+08:00
2026-07-07 13:57:25,2026-07-06T19:14:00+08:00,2026-07-06T19:16:03+08:00,1.3946,103.6696,C,Cloud to Cloud,2026-07-06T19:12:17.769+08:00
2026-07-07 13:57:25,2026-07-06T19:14:00+08:00,2026-07-06T19:16:03+08:00,1.4,103.6704,C,Cloud to Cloud,2026-07-06T19:12:17.769+08:00
2026-07-07 13:57:25,2026-07-06T19:14:00+08:00,2026-07-06T19:16:03+08:00,1.3965,103.6717,C,Cloud to Cloud,2026-07-06T19:12:17.769+08:00
2026-07-07 13:57:25,2026-07-06T19:14:00+08:00,2026-07-06T19:16:03+08:00,1.3945,103.667,C,Cloud to Cloud,2026-07-06T19:12:17.769+08:00
2026-07-07 13:57:25,2026-07-06T19:14:00+08:00,2026-07-06T19:16:03+08:00,1.3969,103.6659,C,Cloud to Cloud,2026-07-06T19:12:17.769+08:00
2026-07-07 13:57:25,2026-07-06T19:14:00+08:00,2026-07-06T19:16:03+08:00,1.3955,103.6631,C,Cloud to Cloud,2026-07-06T19:12:17.769+08:00
2026-07-07 13:57:25,2026-07-06T19:14:00+08:00,2026-07-06T19:16:03+08:00,1.3954,103.6685,C,Cloud to Cloud,2026-07-06T19:12:17.769+08:00
2026-07-07 13:57:25,2026-07-06T19:14:00+08:00,2026-07-06T19:16:03+08:00,1.4013,103.669,C,Cloud to Cloud,2026-07-06T19:12:17.769+08:00
2026-07-07 13:57:25,2026-07-06T19:14:00+08:00,2026-07-06T19:16:03+08:00,1.4023,103.6692,C,Cloud to Cloud,2026-07-06T19:12:17.77+08:00
2026-07-07 13:57:25,2026-07-06T19:14:00+08:00,2026-07-06T19:16:03+08:00,1.3977,103.6653,C,Cloud to Cloud,2026-07-06T19:12:17.77+08:00
2026-07-07 13:57:25,2026-07-06T19:14:00+08:00,2026-07-06T19:16:03+08:00,1.4016,103.6717,C,Cloud to Cloud,2026-07-06T19:12:17.77+08:00
2026-07-07 13:57:25,2026-07-06T19:14:00+08:00,2026-07-06T19:16:03+08:00,1.3873,103.669,G,Cloud to Ground,2026-07-06T19:12:17.77+08:00
2026-07-07 13:57:25,2026-07-06T19:14:00+08:00,2026-07-06T19:16:03+08:00,1.3798,103.6822,C,Cloud to Cloud,2026-07-06T19:12:17.792+08:00
2026-07-07 13:57:25,2026-07-06T19:14:00+08:00,2026-07-06T19:16:03+08:00,1.3798,103.6791,C,Cloud to Cloud,2026-07-06T19:12:17.792+08:00
2026-07-07 13:57:25,2026-07-06T19:14:00+08:00,2026-07-06T19:16:03+08:00,1.3798,103.6791,C,Cloud to Cloud,2026-07-06T19:12:17.792+08:00
2026-07-07 13:57:25,2026-07-06T19:14:00+08:00,2026-07-06T19:16:03+08:00,1.3838,103.6886,C,Cloud to Cloud,2026-07-06T19:12:17.804+08:00
2026-07-07 13:57:25,2026-07-06T19:14:00+08:00,2026-07-06T19:16:03+08:00,1.3647,103.6632,C,Cloud to Cloud,2026-07-06T19:12:17.804+08:00
2026-07-07 13:57:25,2026-07-06T19:14:00+08:00,2026-07-06T19:16:03+08:00,1.3582,103.6729,C,Cloud to Cloud,2026-07-06T19:12:17.809+08:00
2026-07-07 13:57:25,2026-07-06T19:14:00+08:00,2026-07-06T19:16:03+08:00,1.3598,103.6625,C,Cloud to Cloud,2026-07-06T19:12:17.817+08:00
2026-07-07 13:57:25,2026-07-06T19:14:00+08:00,2026-07-06T19:16:03+08:00,1.3831,103.6847,C,Cloud to Cloud,2026-07-06T19:12:17.823+08:00
2026-07-07 13:57:25,2026-07-06T19:14:00+08:00,2026-07-06T19:16:03+08:00,1.3831,103.6847,C,Cloud to Cloud,2026-07-06T19:12:17.823+08:00
2026-07-07 13:57:25,2026-07-06T19:14:00+08:00,2026-07-06T19:16:03+08:00,1.3698,103.6673,C,Cloud to Cloud,2026-07-06T19:12:17.828+08:00
2026-07-07 13:57:25,2026-07-06T19:14:00+08:00,2026-07-06T19:16:03+08:00,1.3767,103.6743,C,Cloud to Cloud,2026-07-06T19:12:17.828+08:00
2026-07-07 13:57:25,2026-07-06T19:14:00+08:00,2026-07-06T19:16:03+08:00,1.3613,103.7022,C,Cloud to Cloud,2026-07-06T19:12:17.828+08:00
2026-07-07 13:57:25,2026-07-06T19:14:00+08:00,2026-07-06T19:16:03+08:00,1.3829,103.6863,C,Cloud to Cloud,2026-07-06T19:12:17.828+08:00
2026-07-07 13:57:25,2026-07-06T19:14:00+08:00,2026-07-06T19:16:03+08:00,1.3815,103.6852,C,Cloud to Cloud,2026-07-06T19:12:17.828+08:00
2026-07-07 13:57:25,2026-07-06T19:14:00+08:00,2026-07-06T19:16:03+08:00,1.3826,103.686,C,Cloud to Cloud,2026-07-06T19:12:17.828+08:00
2026-07-07 13:57:25,2026-07-06T19:14:00+08:00,2026-07-06T19:16:03+08:00,1.3843,103.6833,C,Cloud to Cloud,2026-07-06T19:12:17.829+08:00
2026-07-07 13:57:25,2026-07-06T19:14:00+08:00,2026-07-06T19:16:03+08:00,1.3838,103.6867,C,Cloud to Cloud,2026-07-06T19:12:17.829+08:00
2026-07-07 13:57:25,2026-07-06T19:14:00+08:00,2026-07-06T19:16:03+08:00,1.3828,103.6854,C,Cloud to Cloud,2026-07-06T19:12:17.829+08:00
2026-07-07 13:57:25,2026-07-06T19:14:00+08:00,2026-07-06T19:16:03+08:00,1.3848,103.6847,C,Cloud to Cloud,2026-07-06T19:12:17.829+08:00
2026-07-07 13:57:25,2026-07-06T19:14:00+08:00,2026-07-06T19:16:03+08:00,1.3836,103.6834,C,Cloud to Cloud,2026-07-06T19:12:17.829+08:00
2026-07-07 13:57:25,2026-07-06T19:14:00+08:00,2026-07-06T19:16:03+08:00,1.3848,103.6836,C,Cloud to Cloud,2026-07-06T19:12:17.829+08:00
2026-07-07 13:57:25,2026-07-06T19:14:00+08:00,2026-07-06T19:16:03+08:00,1.3846,103.6841,C,Cloud to Cloud,2026-07-06T19:12:17.829+08:00
2026-07-07 13:57:25,2026-07-06T19:14:00+08:00,2026-07-06T19:16:03+08:00,1.3825,103.6815,C,Cloud to Cloud,2026-07-06T19:12:17.829+08:00
2026-07-07 13:57:25,2026-07-06T19:14:00+08:00,2026-07-06T19:16:03+08:00,1.3858,103.6834,C,Cloud to Cloud,2026-07-06T19:12:17.829+08:00
2026-07-07 13:57:25,2026-07-06T19:14:00+08:00,2026-07-06T19:16:03+08:00,1.3852,103.6825,C,Cloud to Cloud,2026-07-06T19:12:17.83+08:00
2026-07-07 13:57:25,2026-07-06T19:14:00+08:00,2026-07-06T19:16:03+08:00,1.3863,103.6841,C,Cloud to Cloud,2026-07-06T19:12:17.83+08:00
2026-07-07 13:57:25,2026-07-06T19:14:00+08:00,2026-07-06T19:16:03+08:00,1.3636,103.6973,C,Cloud to Cloud,2026-07-06T19:12:17.83+08:00
2026-07-07 13:57:25,2026-07-06T19:14:00+08:00,2026-07-06T19:16:03+08:00,1.3858,103.6815,C,Cloud to Cloud,2026-07-06T19:12:17.83+08:00
2026-07-07 13:57:25,2026-07-06T19:14:00+08:00,2026-07-06T19:16:03+08:00,1.3673,103.6964,C,Cloud to Cloud,2026-07-06T19:12:17.83+08:00
2026-07-07 13:57:25,2026-07-06T19:14:00+08:00,2026-07-06T19:16:03+08:00,1.3704,103.6897,C,Cloud to Cloud,2026-07-06T19:12:17.83+08:00
2026-07-07 13:57:25,2026-07-06T19:14:00+08:00,2026-07-06T19:16:03+08:00,1.3836,103.6809,C,Cloud to Cloud,2026-07-06T19:12:17.83+08:00
2026-07-07 13:57:25,2026-07-06T19:14:00+08:00,2026-07-06T19:16:03+08:00,1.3837,103.6806,C,Cloud to Cloud,2026-07-06T19:12:17.831+08:00
2026-07-07 13:57:25,2026-07-06T19:14:00+08:00,2026-07-06T19:16:03+08:00,1.3841,103.681,C,Cloud to Cloud,2026-07-06T19:12:17.831+08:00
2026-07-07 13:57:25,2026-07-06T19:14:00+08:00,2026-07-06T19:16:03+08:00,1.3823,103.681,C,Cloud to Cloud,2026-07-06T19:12:17.831+08:00
2026-07-07 13:57:25,2026-07-06T19:14:00+08:00,2026-07-06T19:16:03+08:00,1.3676,103.6897,C,Cloud to Cloud,2026-07-06T19:12:17.831+08:00
2026-07-07 13:57:25,2026-07-06T19:14:00+08:00,2026-07-06T19:16:03+08:00,1.361,103.7016,C,Cloud to Cloud,2026-07-06T19:12:17.831+08:00
2026-07-07 13:57:25,2026-07-06T19:14:00+08:00,2026-07-06T19:16:03+08:00,1.3835,103.6782,C,Cloud to Cloud,2026-07-06T19:12:17.831+08:00
2026-07-07 13:57:25,2026-07-06T19:14:00+08:00,2026-07-06T19:16:03+08:00,1.3827,103.6785,C,Cloud to Cloud,2026-07-06T19:12:17.831+08:00
2026-07-07 13:57:25,2026-07-06T19:14:00+08:00,2026-07-06T19:16:03+08:00,1.3804,103.6805,C,Cloud to Cloud,2026-07-06T19:12:17.831+08:00
2026-07-07 13:57:25,2026-07-06T19:14:00+08:00,2026-07-06T19:16:03+08:00,1.3854,103.6797,C,Cloud to Cloud,2026-07-06T19:12:17.831+08:00
2026-07-07 13:57:25,2026-07-06T19:14:00+08:00,2026-07-06T19:16:03+08:00,1.3813,103.6824,C,Cloud to Cloud,2026-07-06T19:12:17.832+08:00
2026-07-07 13:57:25,2026-07-06T19:14:00+08:00,2026-07-06T19:16:03+08:00,1.3794,103.6797,C,Cloud to Cloud,2026-07-06T19:12:17.832+08:00
2026-07-07 13:57:25,2026-07-06T19:14:00+08:00,2026-07-06T19:16:03+08:00,1.3799,103.6802,C,Cloud to Cloud,2026-07-06T19:12:17.832+08:00
2026-07-07 13:57:25,2026-07-06T19:14:00+08:00,2026-07-06T19:16:03+08:00,1.384,103.6786,C,Cloud to Cloud,2026-07-06T19:12:17.832+08:00
2026-07-07 13:57:25,2026-07-06T19:14:00+08:00,2026-07-06T19:16:03+08:00,1.3835,103.6766,C,Cloud to Cloud,2026-07-06T19:12:17.832+08:00
2026-07-07 13:57:25,2026-07-06T19:14:00+08:00,2026-07-06T19:16:03+08:00,1.3823,103.6798,C,Cloud to Cloud,2026-07-06T19:12:17.832+08:00
2026-07-07 13:57:25,2026-07-06T19:14:00+08:00,2026-07-06T19:16:03+08:00,1.3852,103.6798,C,Cloud to Cloud,2026-07-06T19:12:17.832+08:00
2026-07-07 13:57:25,2026-07-06T19:14:00+08:00,2026-07-06T19:16:03+08:00,1.3834,103.6783,C,Cloud to Cloud,2026-07-06T19:12:17.832+08:00
2026-07-07 13:57:25,2026-07-06T19:14:00+08:00,2026-07-06T19:16:03+08:00,1.3705,103.69,C,Cloud to Cloud,2026-07-06T19:12:17.832+08:00
2026-07-07 13:57:25,2026-07-06T19:14:00+08:00,2026-07-06T19:16:03+08:00,1.3837,103.6764,C,Cloud to Cloud,2026-07-06T19:12:17.832+08:00
2026-07-07 13:57:25,2026-07-06T19:14:00+08:00,2026-07-06T19:16:03+08:00,1.3871,103.6777,C,Cloud to Cloud,2026-07-06T19:12:17.833+08:00
2026-07-07 13:57:25,2026-07-06T19:14:00+08:00,2026-07-06T19:16:03+08:00,1.3869,103.6774,C,Cloud to Cloud,2026-07-06T19:12:17.833+08:00
2026-07-07 13:57:25,2026-07-06T19:14:00+08:00,2026-07-06T19:16:03+08:00,1.3864,103.6789,C,Cloud to Cloud,2026-07-06T19:12:17.833+08:00
2026-07-07 13:57:25,2026-07-06T19:14:00+08:00,2026-07-06T19:16:03+08:00,1.3859,103.6794,C,Cloud to Cloud,2026-07-06T19:12:17.833+08:00
2026-07-07 13:57:25,2026-07-06T19:14:00+08:00,2026-07-06T19:16:03+08:00,1.3868,103.6779,C,Cloud to Cloud,2026-07-06T19:12:17.834+08:00
2026-07-07 13:57:25,2026-07-06T19:14:00+08:00,2026-07-06T19:16:03+08:00,1.3864,103.6772,C,Cloud to Cloud,2026-07-06T19:12:17.834+08:00
2026-07-07 13:57:25,2026-07-06T19:14:00+08:00,2026-07-06T19:16:03+08:00,1.3856,103.672,C,Cloud to Cloud,2026-07-06T19:12:17.834+08:00
2026-07-07 13:57:25,2026-07-06T19:14:00+08:00,2026-07-06T19:16:03+08:00,1.3852,103.672,C,Cloud to Cloud,2026-07-06T19:12:17.834+08:00
2026-07-07 13:57:25,2026-07-06T19:14:00+08:00,2026-07-06T19:16:03+08:00,1.3828,103.6718,C,Cloud to Cloud,2026-07-06T19:12:17.84+08:00
2026-07-07 13:57:25,2026-07-06T19:14:00+08:00,2026-07-06T19:16:03+08:00,1.3832,103.6727,C,Cloud to Cloud,2026-07-06T19:12:17.84+08:00
2026-07-07 13:57:25,2026-07-06T19:14:00+08:00,2026-07-06T19:16:03+08:00,1.386,103.6745,C,Cloud to Cloud,2026-07-06T19:12:17.84+08:00
2026-07-07 13:57:25,2026-07-06T19:14:00+08:00,2026-07-06T19:16:03+08:00,1.3853,103.6712,C,Cloud to Cloud,2026-07-06T19:12:17.84+08:00
2026-07-07 13:57:25,2026-07-06T19:14:00+08:00,2026-07-06T19:16:03+08:00,1.3846,103.6714,C,Cloud to Cloud,2026-07-06T19:12:17.84+08:00
2026-07-07 13:57:25,2026-07-06T19:14:00+08:00,2026-07-06T19:16:03+08:00,1.3826,103.6706,C,Cloud to Cloud,2026-07-06T19:12:17.84+08:00
2026-07-07 13:57:25,2026-07-06T19:14:00+08:00,2026-07-06T19:16:03+08:00,1.3835,103.6715,C,Cloud to Cloud,2026-07-06T19:12:17.84+08:00
2026-07-07 13:57:25,2026-07-06T19:14:00+08:00,2026-07-06T19:16:03+08:00,1.384,103.6727,C,Cloud to Cloud,2026-07-06T19:12:17.84+08:00
2026-07-07 13:57:25,2026-07-06T19:14:00+08:00,2026-07-06T19:16:03+08:00,1.3839,103.6702,C,Cloud to Cloud,2026-07-06T19:12:17.84+08:00
2026-07-07 13:57:25,2026-07-06T19:14:00+08:00,2026-07-06T19:16:03+08:00,1.3836,103.6707,C,Cloud to Cloud,2026-07-06T19:12:17.841+08:00
2026-07-07 13:57:25,2026-07-06T19:14:00+08:00,2026-07-06T19:16:03+08:00,1.3839,103.6728,C,Cloud to Cloud,2026-07-06T19:12:17.841+08:00
2026-07-07 13:57:25,2026-07-06T19:14:00+08:00,2026-07-06T19:16:03+08:00,1.3842,103.6732,C,Cloud to Cloud,2026-07-06T19:12:17.841+08:00
2026-07-07 13:57:25,2026-07-06T19:14:00+08:00,2026-07-06T19:16:03+08:00,1.3866,103.6712,C,Cloud to Cloud,2026-07-06T19:12:17.841+08:00
2026-07-07 13:57:25,2026-07-06T19:14:00+08:00,2026-07-06T19:16:03+08:00,1.3833,103.6713,C,Cloud to Cloud,2026-07-06T19:12:17.841+08:00
2026-07-07 13:57:25,2026-07-06T19:14:00+08:00,2026-07-06T19:16:03+08:00,1.3843,103.6718,C,Cloud to Cloud,2026-07-06T19:12:17.841+08:00
2026-07-07 13:57:25,2026-07-06T19:14:00+08:00,2026-07-06T19:16:03+08:00,1.3842,103.6707,C,Cloud to Cloud,2026-07-06T19:12:17.841+08:00
2026-07-07 13:57:25,2026-07-06T19:14:00+08:00,2026-07-06T19:16:03+08:00,1.3828,103.6717,C,Cloud to Cloud,2026-07-06T19:12:17.841+08:00
2026-07-07 13:57:25,2026-07-06T19:14:00+08:00,2026-07-06T19:16:03+08:00,1.3843,103.6713,C,Cloud to Cloud,2026-07-06T19:12:17.841+08:00
2026-07-07 13:57:25,2026-07-06T19:14:00+08:00,2026-07-06T19:16:03+08:00,1.3836,103.6684,C,Cloud to Cloud,2026-07-06T19:12:17.841+08:00
2026-07-07 13:57:25,2026-07-06T19:14:00+08:00,2026-07-06T19:16:03+08:00,1.3849,103.6701,C,Cloud to Cloud,2026-07-06T19:12:17.842+08:00
2026-07-07 13:57:25,2026-07-06T19:14:00+08:00,2026-07-06T19:16:03+08:00,1.3847,103.6708,C,Cloud to Cloud,2026-07-06T19:12:17.842+08:00
2026-07-07 13:57:25,2026-07-06T19:14:00+08:00,2026-07-06T19:16:03+08:00,1.3832,103.6724,C,Cloud to Cloud,2026-07-06T19:12:17.842+08:00
2026-07-07 13:57:25,2026-07-06T19:14:00+08:00,2026-07-06T19:16:03+08:00,1.3842,103.6711,C,Cloud to Cloud,2026-07-06T19:12:17.842+08:00
2026-07-07 13:57:25,2026-07-06T19:14:00+08:00,2026-07-06T19:16:03+08:00,1.3847,103.6712,C,Cloud to Cloud,2026-07-06T19:12:17.842+08:00
2026-07-07 13:57:25,2026-07-06T19:14:00+08:00,2026-07-06T19:16:03+08:00,1.3842,103.6722,C,Cloud to Cloud,2026-07-06T19:12:17.842+08:00
2026-07-07 13:57:25,2026-07-06T19:14:00+08:00,2026-07-06T19:16:03+08:00,1.3801,103.6759,C,Cloud to Cloud,2026-07-06T19:12:17.842+08:00
2026-07-07 13:57:25,2026-07-06T19:14:00+08:00,2026-07-06T19:16:03+08:00,1.383,103.6725,C,Cloud to Cloud,2026-07-06T19:12:17.842+08:00
2026-07-07 13:57:25,2026-07-06T19:14:00+08:00,2026-07-06T19:16:03+08:00,1.3823,103.6707,C,Cloud to Cloud,2026-07-06T19:12:17.842+08:00
2026-07-07 13:57:25,2026-07-06T19:14:00+08:00,2026-07-06T19:16:03+08:00,1.3845,103.6695,C,Cloud to Cloud,2026-07-06T19:12:17.842+08:00
2026-07-07 13:57:25,2026-07-06T19:14:00+08:00,2026-07-06T19:16:03+08:00,1.3834,103.6728,C,Cloud to Cloud,2026-07-06T19:12:17.843+08:00
2026-07-07 13:57:25,2026-07-06T19:14:00+08:00,2026-07-06T19:16:03+08:00,1.362,103.6459,C,Cloud to Cloud,2026-07-06T19:12:17.843+08:00
2026-07-07 13:57:25,2026-07-06T19:14:00+08:00,2026-07-06T19:16:03+08:00,1.3803,103.674,C,Cloud to Cloud,2026-07-06T19:12:17.843+08:00
2026-07-07 13:57:25,2026-07-06T19:14:00+08:00,2026-07-06T19:16:03+08:00,1.3817,103.6737,C,Cloud to Cloud,2026-07-06T19:12:17.843+08:00
2026-07-07 13:57:25,2026-07-06T19:14:00+08:00,2026-07-06T19:16:03+08:00,1.3837,103.6718,C,Cloud to Cloud,2026-07-06T19:12:17.843+08:00
2026-07-07 13:57:25,2026-07-06T19:14:00+08:00,2026-07-06T19:16:03+08:00,1.3941,103.6527,C,Cloud to Cloud,2026-07-06T19:12:17.843+08:00
2026-07-07 13:57:25,2026-07-06T19:14:00+08:00,2026-07-06T19:16:03+08:00,1.3814,103.6738,C,Cloud to Cloud,2026-07-06T19:12:17.844+08:00
2026-07-07 13:57:25,2026-07-06T19:14:00+08:00,2026-07-06T19:16:03+08:00,1.3636,103.6554,C,Cloud to Cloud,2026-07-06T19:12:17.844+08:00
2026-07-07 13:57:25,2026-07-06T19:14:00+08:00,2026-07-06T19:16:03+08:00,1.3802,103.6674,C,Cloud to Cloud,2026-07-06T19:12:17.844+08:00
2026-07-07 13:57:25,2026-07-06T19:14:00+08:00,2026-07-06T19:16:03+08:00,1.3838,103.6706,C,Cloud to Cloud,2026-07-06T19:12:17.844+08:00
2026-07-07 13:57:25,2026-07-06T19:14:00+08:00,2026-07-06T19:16:03+08:00,1.3824,103.6713,C,Cloud to Cloud,2026-07-06T19:12:17.844+08:00
2026-07-07 13:57:25,2026-07-06T19:14:00+08:00,2026-07-06T19:16:03+08:00,1.3831,103.6708,C,Cloud to Cloud,2026-07-06T19:12:17.845+08:00
2026-07-07 13:57:25,2026-07-06T19:14:00+08:00,2026-07-06T19:16:03+08:00,1.3831,103.6721,C,Cloud to Cloud,2026-07-06T19:12:17.845+08:00
2026-07-07 13:57:25,2026-07-06T19:14:00+08:00,2026-07-06T19:16:03+08:00,1.3834,103.6713,C,Cloud to Cloud,2026-07-06T19:12:17.845+08:00
2026-07-07 13:57:25,2026-07-06T19:14:00+08:00,2026-07-06T19:16:03+08:00,1.3845,103.6718,C,Cloud to Cloud,2026-07-06T19:12:17.845+08:00
2026-07-07 13:57:25,2026-07-06T19:14:00+08:00,2026-07-06T19:16:03+08:00,1.4,103.6958,C,Cloud to Cloud,2026-07-06T19:12:17.846+08:00
2026-07-07 13:57:25,2026-07-06T19:14:00+08:00,2026-07-06T19:16:03+08:00,1.3982,103.693,C,Cloud to Cloud,2026-07-06T19:12:17.846+08:00
2026-07-07 13:57:25,2026-07-06T19:14:00+08:00,2026-07-06T19:16:03+08:00,1.3856,103.6698,C,Cloud to Cloud,2026-07-06T19:12:17.846+08:00
2026-07-07 13:57:25,2026-07-06T19:14:00+08:00,2026-07-06T19:16:03+08:00,1.3851,103.6671,C,Cloud to Cloud,2026-07-06T19:12:17.847+08:00
2026-07-07 13:57:25,2026-07-06T19:14:00+08:00,2026-07-06T19:16:03+08:00,1.3835,103.6686,C,Cloud to Cloud,2026-07-06T19:12:17.847+08:00
2026-07-07 13:57:25,2026-07-06T19:14:00+08:00,2026-07-06T19:16:03+08:00,1.3832,103.6696,C,Cloud to Cloud,2026-07-06T19:12:17.847+08:00
2026-07-07 13:57:25,2026-07-06T19:14:00+08:00,2026-07-06T19:16:03+08:00,1.3838,103.6677,C,Cloud to Cloud,2026-07-06T19:12:17.847+08:00
2026-07-07 13:57:25,2026-07-06T19:14:00+08:00,2026-07-06T19:16:03+08:00,1.3825,103.6678,C,Cloud to Cloud,2026-07-06T19:12:17.847+08:00
2026-07-07 13:57:25,2026-07-06T19:14:00+08:00,2026-07-06T19:16:03+08:00,1.3817,103.6724,C,Cloud to Cloud,2026-07-06T19:12:17.847+08:00
2026-07-07 13:57:25,2026-07-06T19:14:00+08:00,2026-07-06T19:16:03+08:00,1.3828,103.6699,C,Cloud to Cloud,2026-07-06T19:12:17.848+08:00
2026-07-07 13:57:25,2026-07-06T19:14:00+08:00,2026-07-06T19:16:03+08:00,1.3842,103.6684,C,Cloud to Cloud,2026-07-06T19:12:17.848+08:00
2026-07-07 13:57:25,2026-07-06T19:14:00+08:00,2026-07-06T19:16:03+08:00,1.3832,103.6701,C,Cloud to Cloud,2026-07-06T19:12:17.848+08:00
2026-07-07 13:57:25,2026-07-06T19:14:00+08:00,2026-07-06T19:16:03+08:00,1.3833,103.6689,C,Cloud to Cloud,2026-07-06T19:12:17.848+08:00
2026-07-07 13:57:25,2026-07-06T19:14:00+08:00,2026-07-06T19:16:03+08:00,1.3824,103.6707,C,Cloud to Cloud,2026-07-06T19:12:17.848+08:00
2026-07-07 13:57:25,2026-07-06T19:14:00+08:00,2026-07-06T19:16:03+08:00,1.3832,103.669,C,Cloud to Cloud,2026-07-06T19:12:17.848+08:00
2026-07-07 13:57:25,2026-07-06T19:14:00+08:00,2026-07-06T19:16:03+08:00,1.3823,103.6705,C,Cloud to Cloud,2026-07-06T19:12:17.848+08:00
2026-07-07 13:57:25,2026-07-06T19:14:00+08:00,2026-07-06T19:16:03+08:00,1.3835,103.6695,C,Cloud to Cloud,2026-07-06T19:12:17.848+08:00
2026-07-07 13:57:25,2026-07-06T19:14:00+08:00,2026-07-06T19:16:03+08:00,1.3854,103.6736,C,Cloud to Cloud,2026-07-06T19:12:17.851+08:00
2026-07-07 13:57:25,2026-07-06T19:14:00+08:00,2026-07-06T19:16:03+08:00,1.3781,103.6792,G,Cloud to Ground,2026-07-06T19:12:17.851+08:00
2026-07-07 13:57:25,2026-07-06T19:14:00+08:00,2026-07-06T19:16:03+08:00,1.3766,103.6648,C,Cloud to Cloud,2026-07-06T19:12:17.852+08:00
2026-07-07 13:57:25,2026-07-06T19:14:00+08:00,2026-07-06T19:16:03+08:00,1.3928,103.7057,C,Cloud to Cloud,2026-07-06T19:12:17.852+08:00
2026-07-07 13:57:25,2026-07-06T19:14:00+08:00,2026-07-06T19:16:03+08:00,1.3831,103.6643,C,Cloud to Cloud,2026-07-06T19:12:17.852+08:00
2026-07-07 13:57:25,2026-07-06T19:14:00+08:00,2026-07-06T19:16:03+08:00,1.3848,103.674,C,Cloud to Cloud,2026-07-06T19:12:17.852+08:00
2026-07-07 13:57:25,2026-07-06T19:14:00+08:00,2026-07-06T19:16:03+08:00,1.385,103.6742,C,Cloud to Cloud,2026-07-06T19:12:17.852+08:00
2026-07-07 13:57:25,2026-07-06T19:14:00+08:00,2026-07-06T19:16:03+08:00,1.3898,103.6678,C,Cloud to Cloud,2026-07-06T19:12:17.852+08:00
2026-07-07 13:57:25,2026-07-06T19:14:00+08:00,2026-07-06T19:16:03+08:00,1.3557,103.6716,C,Cloud to Cloud,2026-07-06T19:12:17.852+08:00
2026-07-07 13:57:25,2026-07-06T19:14:00+08:00,2026-07-06T19:16:03+08:00,1.3964,103.7011,C,Cloud to Cloud,2026-07-06T19:12:17.875+08:00
2026-07-07 13:57:25,2026-07-06T19:14:00+08:00,2026-07-06T19:16:03+08:00,1.376,103.6833,C,Cloud to Cloud,2026-07-06T19:12:17.894+08:00
2026-07-07 13:57:25,2026-07-06T19:14:00+08:00,2026-07-06T19:16:03+08:00,1.3712,103.6772,C,Cloud to Cloud,2026-07-06T19:12:17.894+08:00
2026-07-07 13:57:25,2026-07-06T19:14:00+08:00,2026-07-06T19:16:03+08:00,1.393,103.6955,C,Cloud to Cloud,2026-07-06T19:12:17.894+08:00
2026-07-07 13:57:25,2026-07-06T19:14:00+08:00,2026-07-06T19:16:03+08:00,1.3783,103.6583,C,Cloud to Cloud,2026-07-06T19:12:17.895+08:00
2026-07-07 13:57:25,2026-07-06T19:14:00+08:00,2026-07-06T19:16:03+08:00,1.3717,103.6475,C,Cloud to Cloud,2026-07-06T19:12:17.895+08:00
2026-07-07 13:57:25,2026-07-06T19:14:00+08:00,2026-07-06T19:16:03+08:00,1.3831,103.676,C,Cloud to Cloud,2026-07-06T19:12:17.905+08:00
2026-07-07 13:57:25,2026-07-06T19:14:00+08:00,2026-07-06T19:16:03+08:00,1.4065,103.7045,C,Cloud to Cloud,2026-07-06T19:12:17.905+08:00
2026-07-07 13:57:25,2026-07-06T19:14:00+08:00,2026-07-06T19:16:03+08:00,1.4112,103.6469,C,Cloud to Cloud,2026-07-06T19:12:17.905+08:00
2026-07-07 13:57:25,2026-07-06T19:14:00+08:00,2026-07-06T19:16:03+08:00,1.4073,103.7057,C,Cloud to Cloud,2026-07-06T19:12:17.905+08:00
2026-07-07 13:57:25,2026-07-06T19:14:00+08:00,2026-07-06T19:16:03+08:00,1.3881,103.6706,C,Cloud to Cloud,2026-07-06T19:12:17.905+08:00
2026-07-07 13:57:25,2026-07-06T19:14:00+08:00,2026-07-06T19:16:03+08:00,1.3835,103.6742,C,Cloud to Cloud,2026-07-06T19:12:17.905+08:00
2026-07-07 13:57:25,2026-07-06T19:14:00+08:00,2026-07-06T19:16:03+08:00,1.3802,103.6746,C,Cloud to Cloud,2026-07-06T19:12:17.906+08:00
2026-07-07 13:57:25,2026-07-06T19:14:00+08:00,2026-07-06T19:16:03+08:00,1.3996,103.7014,C,Cloud to Cloud,2026-07-06T19:12:17.906+08:00
2026-07-07 13:57:25,2026-07-06T19:14:00+08:00,2026-07-06T19:16:03+08:00,1.3784,103.6793,G,Cloud to Ground,2026-07-06T19:12:17.906+08:00
2026-07-07 13:57:25,2026-07-06T19:14:00+08:00,2026-07-06T19:16:03+08:00,1.3544,103.6368,C,Cloud to Cloud,2026-07-06T19:12:17.907+08:00
2026-07-07 13:57:25,2026-07-06T19:14:00+08:00,2026-07-06T19:16:03+08:00,1.357,103.6511,C,Cloud to Cloud,2026-07-06T19:12:17.907+08:00
2026-07-07 13:57:25,2026-07-06T19:14:00+08:00,2026-07-06T19:16:03+08:00,1.3151,103.6407,C,Cloud to Cloud,2026-07-06T19:12:17.907+08:00
2026-07-07 13:57:25,2026-07-06T19:14:00+08:00,2026-07-06T19:16:03+08:00,1.3697,103.6546,C,Cloud to Cloud,2026-07-06T19:12:17.941+08:00
2026-07-07 13:57:25,2026-07-06T19:14:00+08:00,2026-07-06T19:16:03+08:00,1.3725,103.6589,C,Cloud to Cloud,2026-07-06T19:12:17.941+08:00
2026-07-07 13:57:25,2026-07-06T19:14:00+08:00,2026-07-06T19:16:03+08:00,1.3771,103.6685,C,Cloud to Cloud,2026-07-06T19:12:17.941+08:00
2026-07-07 13:57:25,2026-07-06T19:14:00+08:00,2026-07-06T19:16:03+08:00,1.3891,103.6518,C,Cloud to Cloud,2026-07-06T19:12:17.953+08:00
2026-07-07 13:57:25,2026-07-06T19:14:00+08:00,2026-07-06T19:16:03+08:00,1.3574,103.6477,C,Cloud to Cloud,2026-07-06T19:12:17.996+08:00
2026-07-07 13:57:25,2026-07-06T19:14:00+08:00,2026-07-06T19:16:03+08:00,1.3582,103.6779,G,Cloud to Ground,2026-07-06T19:12:17.996+08:00
2026-07-07 13:57:25,2026-07-06T19:14:00+08:00,2026-07-06T19:16:03+08:00,1.3633,103.6719,C,Cloud to Cloud,2026-07-06T19:12:17.997+08:00
2026-07-07 13:57:25,2026-07-06T19:14:00+08:00,2026-07-06T19:16:03+08:00,1.3729,103.6424,C,Cloud to Cloud,2026-07-06T19:12:18.035+08:00
2026-07-07 13:57:25,2026-07-06T19:14:00+08:00,2026-07-06T19:16:03+08:00,1.3961,103.6904,C,Cloud to Cloud,2026-07-06T19:12:18.037+08:00
2026-07-07 13:57:25,2026-07-06T19:14:00+08:00,2026-07-06T19:16:03+08:00,1.3778,103.661,C,Cloud to Cloud,2026-07-06T19:12:18.037+08:00
2026-07-07 13:57:25,2026-07-06T19:14:00+08:00,2026-07-06T19:16:03+08:00,1.3742,103.6745,C,Cloud to Cloud,2026-07-06T19:12:18.037+08:00
2026-07-07 13:57:25,2026-07-06T19:14:00+08:00,2026-07-06T19:16:03+08:00,1.3679,103.6583,C,Cloud to Cloud,2026-07-06T19:12:18.037+08:00
2026-07-07 13:57:25,2026-07-06T19:14:00+08:00,2026-07-06T19:16:03+08:00,1.3738,103.6652,C,Cloud to Cloud,2026-07-06T19:12:18.037+08:00
2026-07-07 13:57:25,2026-07-06T19:14:00+08:00,2026-07-06T19:16:03+08:00,1.3738,103.6652,C,Cloud to Cloud,2026-07-06T19:12:18.037+08:00
2026-07-07 13:57:25,2026-07-06T19:14:00+08:00,2026-07-06T19:16:03+08:00,1.3729,103.6641,C,Cloud to Cloud,2026-07-06T19:12:18.037+08:00
2026-07-07 13:57:25,2026-07-06T19:14:00+08:00,2026-07-06T19:16:03+08:00,1.3717,103.6615,C,Cloud to Cloud,2026-07-06T19:12:18.037+08:00
2026-07-07 13:57:25,2026-07-06T19:14:00+08:00,2026-07-06T19:16:03+08:00,1.3792,103.6456,C,Cloud to Cloud,2026-07-06T19:12:18.044+08:00
2026-07-07 13:57:25,2026-07-06T19:14:00+08:00,2026-07-06T19:16:03+08:00,1.3731,103.6402,C,Cloud to Cloud,2026-07-06T19:12:18.083+08:00
2026-07-07 13:57:25,2026-07-06T19:14:00+08:00,2026-07-06T19:16:03+08:00,1.373,103.6402,C,Cloud to Cloud,2026-07-06T19:12:18.083+08:00
2026-07-07 13:57:25,2026-07-06T19:14:00+08:00,2026-07-06T19:16:03+08:00,1.3734,103.6498,C,Cloud to Cloud,2026-07-06T19:12:18.084+08:00
2026-07-07 13:57:25,2026-07-06T19:14:00+08:00,2026-07-06T19:16:03+08:00,1.3743,103.6386,C,Cloud to Cloud,2026-07-06T19:12:18.097+08:00
2026-07-07 13:57:25,2026-07-06T19:14:00+08:00,2026-07-06T19:16:03+08:00,1.3743,103.6386,C,Cloud to Cloud,2026-07-06T19:12:18.097+08:00
2026-07-07 13:57:25,2026-07-06T19:14:00+08:00,2026-07-06T19:16:03+08:00,1.3744,103.6345,C,Cloud to Cloud,2026-07-06T19:12:18.109+08:00
2026-07-07 13:57:25,2026-07-06T19:14:00+08:00,2026-07-06T19:16:03+08:00,1.3641,103.6154,C,Cloud to Cloud,2026-07-06T19:12:18.109+08:00
2026-07-07 13:57:25,2026-07-06T19:14:00+08:00,2026-07-06T19:16:03+08:00,1.3729,103.6333,C,Cloud to Cloud,2026-07-06T19:12:18.11+08:00
2026-07-07 13:57:25,2026-07-06T19:14:00+08:00,2026-07-06T19:16:03+08:00,1.3725,103.6412,C,Cloud to Cloud,2026-07-06T19:12:18.156+08:00
2026-07-07 13:57:25,2026-07-06T19:14:00+08:00,2026-07-06T19:16:03+08:00,1.3729,103.648,C,Cloud to Cloud,2026-07-06T19:12:18.156+08:00
2026-07-07 13:57:25,2026-07-06T19:14:00+08:00,2026-07-06T19:16:03+08:00,1.371,103.6548,C,Cloud to Cloud,2026-07-06T19:12:18.156+08:00
2026-07-07 13:57:25,2026-07-06T19:14:00+08:00,2026-07-06T19:16:03+08:00,1.3798,103.6763,C,Cloud to Cloud,2026-07-06T19:12:18.156+08:00
2026-07-07 13:57:25,2026-07-06T19:14:00+08:00,2026-07-06T19:16:03+08:00,1.3798,103.6771,C,Cloud to Cloud,2026-07-06T19:12:18.156+08:00
2026-07-07 13:57:25,2026-07-06T19:14:00+08:00,2026-07-06T19:16:03+08:00,1.3808,103.6805,C,Cloud to Cloud,2026-07-06T19:12:18.156+08:00
2026-07-07 13:57:25,2026-07-06T19:14:00+08:00,2026-07-06T19:16:03+08:00,1.3821,103.6827,C,Cloud to Cloud,2026-07-06T19:12:18.157+08:00
2026-07-07 13:57:25,2026-07-06T19:14:00+08:00,2026-07-06T19:16:03+08:00,1.3676,103.6984,C,Cloud to Cloud,2026-07-06T19:12:18.157+08:00
2026-07-07 13:57:25,2026-07-06T19:14:00+08:00,2026-07-06T19:16:03+08:00,1.3643,103.7038,C,Cloud to Cloud,2026-07-06T19:12:18.157+08:00
2026-07-07 13:57:25,2026-07-06T19:14:00+08:00,2026-07-06T19:16:03+08:00,1.3847,103.6788,C,Cloud to Cloud,2026-07-06T19:12:18.157+08:00
2026-07-07 13:57:25,2026-07-06T19:14:00+08:00,2026-07-06T19:16:03+08:00,1.3748,103.6874,C,Cloud to Cloud,2026-07-06T19:12:18.157+08:00
2026-07-07 13:57:25,2026-07-06T19:14:00+08:00,2026-07-06T19:16:03+08:00,1.3761,103.6887,C,Cloud to Cloud,2026-07-06T19:12:18.157+08:00
2026-07-07 13:57:25,2026-07-06T19:14:00+08:00,2026-07-06T19:16:03+08:00,1.3697,103.6967,C,Cloud to Cloud,2026-07-06T19:12:18.157+08:00
2026-07-07 13:57:25,2026-07-06T19:14:00+08:00,2026-07-06T19:16:03+08:00,1.3751,103.6887,C,Cloud to Cloud,2026-07-06T19:12:18.158+08:00
2026-07-07 13:57:25,2026-07-06T19:14:00+08:00,2026-07-06T19:16:03+08:00,1.3758,103.6895,C,Cloud to Cloud,2026-07-06T19:12:18.158+08:00
2026-07-07 13:57:25,2026-07-06T19:14:00+08:00,2026-07-06T19:16:03+08:00,1.3855,103.6826,C,Cloud to Cloud,2026-07-06T19:12:18.158+08:00
2026-07-07 13:57:25,2026-07-06T19:14:00+08:00,2026-07-06T19:16:03+08:00,1.3878,103.6867,C,Cloud to Cloud,2026-07-06T19:12:18.158+08:00
2026-07-07 13:57:25,2026-07-06T19:14:00+08:00,2026-07-06T19:16:03+08:00,1.3898,103.6836,C,Cloud to Cloud,2026-07-06T19:12:18.158+08:00
2026-07-07 13:57:25,2026-07-06T19:14:00+08:00,2026-07-06T19:16:03+08:00,1.389,103.6824,C,Cloud to Cloud,2026-07-06T19:12:18.158+08:00
2026-07-07 13:57:25,2026-07-06T19:14:00+08:00,2026-07-06T19:16:03+08:00,1.3895,103.6838,C,Cloud to Cloud,2026-07-06T19:12:18.158+08:00
2026-07-07 13:57:25,2026-07-06T19:14:00+08:00,2026-07-06T19:16:03+08:00,1.389,103.6842,C,Cloud to Cloud,2026-07-06T19:12:18.158+08:00
2026-07-07 13:57:25,2026-07-06T19:14:00+08:00,2026-07-06T19:16:03+08:00,1.3917,103.6836,C,Cloud to Cloud,2026-07-06T19:12:18.159+08:00
2026-07-07 13:57:25,2026-07-06T19:14:00+08:00,2026-07-06T19:16:03+08:00,1.3787,103.6795,G,Cloud to Ground,2026-07-06T19:12:18.159+08:00
2026-07-07 13:57:25,2026-07-06T19:14:00+08:00,2026-07-06T19:16:03+08:00,1.3742,103.6863,C,Cloud to Cloud,2026-07-06T19:12:18.159+08:00
2026-07-07 13:57:25,2026-07-06T19:14:00+08:00,2026-07-06T19:16:03+08:00,1.3805,103.6826,C,Cloud to Cloud,2026-07-06T19:12:18.201+08:00
2026-07-07 13:57:25,2026-07-06T19:14:00+08:00,2026-07-06T19:16:03+08:00,1.3721,103.6712,C,Cloud to Cloud,2026-07-06T19:12:18.201+08:00
2026-07-07 13:57:25,2026-07-06T19:14:00+08:00,2026-07-06T19:16:03+08:00,1.3694,103.6606,C,Cloud to Cloud,2026-07-06T19:12:18.201+08:00
2026-07-07 13:57:25,2026-07-06T19:14:00+08:00,2026-07-06T19:16:03+08:00,1.3684,103.6551,C,Cloud to Cloud,2026-07-06T19:12:18.201+08:00
2026-07-07 13:57:25,2026-07-06T19:14:00+08:00,2026-07-06T19:16:03+08:00,1.3827,103.6783,C,Cloud to Cloud,2026-07-06T19:12:18.201+08:00
2026-07-07 13:57:25,2026-07-06T19:14:00+08:00,2026-07-06T19:16:03+08:00,1.3819,103.6792,C,Cloud to Cloud,2026-07-06T19:12:18.202+08:00
2026-07-07 13:57:25,2026-07-06T19:14:00+08:00,2026-07-06T19:16:03+08:00,1.3763,103.6799,G,Cloud to Ground,2026-07-06T19:12:18.203+08:00
2026-07-07 13:57:25,2026-07-06T19:14:00+08:00,2026-07-06T19:16:03+08:00,1.3672,103.6226,C,Cloud to Cloud,2026-07-06T19:12:18.257+08:00
2026-07-07 13:57:25,2026-07-06T19:14:00+08:00,2026-07-06T19:16:03+08:00,1.3725,103.6384,C,Cloud to Cloud,2026-07-06T19:12:18.257+08:00
2026-07-07 13:57:25,2026-07-06T19:14:00+08:00,2026-07-06T19:16:03+08:00,1.3698,103.6491,C,Cloud to Cloud,2026-07-06T19:12:18.257+08:00
2026-07-07 13:57:25,2026-07-06T19:14:00+08:00,2026-07-06T19:16:03+08:00,1.3775,103.6722,C,Cloud to Cloud,2026-07-06T19:12:18.257+08:00
2026-07-07 13:57:25,2026-07-06T19:14:00+08:00,2026-07-06T19:16:03+08:00,1.3702,103.6926,C,Cloud to Cloud,2026-07-06T19:12:18.257+08:00
2026-07-07 13:57:25,2026-07-06T19:14:00+08:00,2026-07-06T19:16:03+08:00,1.3803,103.6709,C,Cloud to Cloud,2026-07-06T19:12:18.257+08:00
2026-07-07 13:57:25,2026-07-06T19:14:00+08:00,2026-07-06T19:16:03+08:00,1.3718,103.6876,C,Cloud to Cloud,2026-07-06T19:12:18.257+08:00
2026-07-07 13:57:25,2026-07-06T19:14:00+08:00,2026-07-06T19:16:03+08:00,1.4011,103.7022,C,Cloud to Cloud,2026-07-06T19:12:18.257+08:00
2026-07-07 13:57:25,2026-07-06T19:14:00+08:00,2026-07-06T19:16:03+08:00,1.3785,103.6864,C,Cloud to Cloud,2026-07-06T19:12:18.257+08:00
2026-07-07 13:57:25,2026-07-06T19:14:00+08:00,2026-07-06T19:16:03+08:00,1.3816,103.6733,C,Cloud to Cloud,2026-07-06T19:12:18.257+08:00
2026-07-07 13:57:25,2026-07-06T19:14:00+08:00,2026-07-06T19:16:03+08:00,1.3874,103.6703,C,Cloud to Cloud,2026-07-06T19:12:18.258+08:00
2026-07-07 13:57:25,2026-07-06T19:14:00+08:00,2026-07-06T19:16:03+08:00,1.3723,103.6322,C,Cloud to Cloud,2026-07-06T19:12:18.278+08:00
2026-07-07 13:57:25,2026-07-06T19:14:00+08:00,2026-07-06T19:16:03+08:00,1.3711,103.6341,C,Cloud to Cloud,2026-07-06T19:12:18.278+08:00
2026-07-07 13:57:25,2026-07-06T19:14:00+08:00,2026-07-06T19:16:03+08:00,1.3737,103.6381,C,Cloud to Cloud,2026-07-06T19:12:18.278+08:00
2026-07-07 13:57:25,2026-07-06T19:14:00+08:00,2026-07-06T19:16:03+08:00,1.3777,103.679,G,Cloud to Ground,2026-07-06T19:12:18.28+08:00
2026-07-07 13:57:25,2026-07-06T19:14:00+08:00,2026-07-06T19:16:03+08:00,1.4078,103.6839,C,Cloud to Cloud,2026-07-06T19:12:40.326+08:00
2026-07-07 13:57:25,2026-07-06T19:14:00+08:00,2026-07-06T19:16:03+08:00,1.397,103.661,C,Cloud to Cloud,2026-07-06T19:12:40.326+08:00
2026-07-07 13:57:25,2026-07-06T19:14:00+08:00,2026-07-06T19:16:03+08:00,1.4168,103.6934,C,Cloud to Cloud,2026-07-06T19:12:40.398+08:00
2026-07-07 13:57:25,2026-07-06T19:14:00+08:00,2026-07-06T19:16:03+08:00,1.4181,103.6947,C,Cloud to Cloud,2026-07-06T19:12:40.436+08:00
2026-07-07 13:57:25,2026-07-06T19:14:00+08:00,2026-07-06T19:16:03+08:00,1.4113,103.6779,C,Cloud to Cloud,2026-07-06T19:12:40.436+08:00
2026-07-07 13:57:25,2026-07-06T19:14:00+08:00,2026-07-06T19:16:03+08:00,1.3863,103.6465,C,Cloud to Cloud,2026-07-06T19:12:40.458+08:00
2026-07-07 13:57:25,2026-07-06T19:14:00+08:00,2026-07-06T19:16:03+08:00,1.4116,103.6937,C,Cloud to Cloud,2026-07-06T19:12:40.477+08:00
2026-07-07 13:57:25,2026-07-06T19:14:00+08:00,2026-07-06T19:16:03+08:00,1.4099,103.6768,C,Cloud to Cloud,2026-07-06T19:12:40.477+08:00
2026-07-07 13:57:25,2026-07-06T19:14:00+08:00,2026-07-06T19:16:03+08:00,1.4024,103.6832,C,Cloud to Cloud,2026-07-06T19:12:40.49+08:00
2026-07-07 13:57:25,2026-07-06T19:14:00+08:00,2026-07-06T19:16:03+08:00,1.3945,103.6681,C,Cloud to Cloud,2026-07-06T19:12:40.49+08:00
2026-07-07 13:57:25,2026-07-06T19:14:00+08:00,2026-07-06T19:16:03+08:00,1.4044,103.6819,C,Cloud to Cloud,2026-07-06T19:12:40.49+08:00
2026-07-07 13:57:25,2026-07-06T19:14:00+08:00,2026-07-06T19:16:03+08:00,1.4133,103.6896,C,Cloud to Cloud,2026-07-06T19:12:40.49+08:00
2026-07-07 13:57:25,2026-07-06T19:14:00+08:00,2026-07-06T19:16:03+08:00,1.4016,103.6802,C,Cloud to Cloud,2026-07-06T19:12:40.494+08:00
2026-07-07 13:57:25,2026-07-06T19:14:00+08:00,2026-07-06T19:16:03+08:00,1.3893,103.6564,C,Cloud to Cloud,2026-07-06T19:12:40.494+08:00
2026-07-07 13:57:25,2026-07-06T19:14:00+08:00,2026-07-06T19:16:03+08:00,1.4248,103.4317,C,Cloud to Cloud,2026-07-06T19:12:40.502+08:00
2026-07-07 13:57:25,2026-07-06T19:14:00+08:00,2026-07-06T19:16:03+08:00,1.4022,103.6894,C,Cloud to Cloud,2026-07-06T19:12:40.506+08:00
2026-07-07 13:57:25,2026-07-06T19:14:00+08:00,2026-07-06T19:16:03+08:00,1.4667,103.4588,G,Cloud to Ground,2026-07-06T19:12:40.506+08:00
2026-07-07 13:57:25,2026-07-06T19:14:00+08:00,2026-07-06T19:16:03+08:00,1.507,103.6606,C,Cloud to Cloud,2026-07-06T19:12:40.506+08:00
2026-07-07 13:57:25,2026-07-06T19:14:00+08:00,2026-07-06T19:16:03+08:00,1.3925,103.672,C,Cloud to Cloud,2026-07-06T19:12:40.506+08:00
2026-07-07 13:57:25,2026-07-06T19:14:00+08:00,2026-07-06T19:16:03+08:00,1.3847,103.6717,C,Cloud to Cloud,2026-07-06T19:12:40.506+08:00
2026-07-07 13:57:25,2026-07-06T19:14:00+08:00,2026-07-06T19:16:03+08:00,1.3961,103.6899,C,Cloud to Cloud,2026-07-06T19:12:40.506+08:00
2026-07-07 13:57:25,2026-07-06T19:14:00+08:00,2026-07-06T19:16:03+08:00,1.4072,103.6718,C,Cloud to Cloud,2026-07-06T19:12:40.586+08:00
2026-07-07 13:57:25,2026-07-06T19:14:00+08:00,2026-07-06T19:16:03+08:00,1.4146,103.689,C,Cloud to Cloud,2026-07-06T19:12:40.587+08:00
2026-07-07 13:57:25,2026-07-06T19:14:00+08:00,2026-07-06T19:16:03+08:00,1.3993,103.6673,C,Cloud to Cloud,2026-07-06T19:12:40.621+08:00
2026-07-07 13:57:25,2026-07-06T19:14:00+08:00,2026-07-06T19:16:03+08:00,1.3993,103.6673,C,Cloud to Cloud,2026-07-06T19:12:40.621+08:00
2026-07-07 13:57:25,2026-07-06T19:14:00+08:00,2026-07-06T19:16:03+08:00,1.4086,103.6908,C,Cloud to Cloud,2026-07-06T19:12:40.624+08:00
2026-07-07 13:57:25,2026-07-06T19:14:00+08:00,2026-07-06T19:16:03+08:00,1.4086,103.6908,C,Cloud to Cloud,2026-07-06T19:12:40.624+08:00
2026-07-07 13:57:25,2026-07-06T19:14:00+08:00,2026-07-06T19:16:03+08:00,1.4084,103.6915,C,Cloud to Cloud,2026-07-06T19:12:40.624+08:00
2026-07-07 13:57:25,2026-07-06T19:14:00+08:00,2026-07-06T19:16:03+08:00,1.3762,103.621,C,Cloud to Cloud,2026-07-06T19:12:40.624+08:00
2026-07-07 13:57:25,2026-07-06T19:14:00+08:00,2026-07-06T19:16:03+08:00,1.4015,103.68,C,Cloud to Cloud,2026-07-06T19:12:40.625+08:00
2026-07-07 13:57:25,2026-07-06T19:14:00+08:00,2026-07-06T19:16:03+08:00,1.3887,103.655,C,Cloud to Cloud,2026-07-06T19:12:40.625+08:00
2026-07-07 13:57:25,2026-07-06T19:14:00+08:00,2026-07-06T19:16:03+08:00,1.5815,103.3298,G,Cloud to Ground,2026-07-06T19:12:40.625+08:00
2026-07-07 13:57:25,2026-07-06T19:14:00+08:00,2026-07-06T19:16:03+08:00,1.3973,103.674,C,Cloud to Cloud,2026-07-06T19:12:40.625+08:00
2026-07-07 13:57:25,2026-07-06T19:14:00+08:00,2026-07-06T19:16:03+08:00,1.3995,103.6932,C,Cloud to Cloud,2026-07-06T19:12:40.625+08:00
2026-07-07 13:57:25,2026-07-06T19:14:00+08:00,2026-07-06T19:16:03+08:00,1.3794,103.7056,C,Cloud to Cloud,2026-07-06T19:12:40.625+08:00
2026-07-07 13:57:25,2026-07-06T19:14:00+08:00,2026-07-06T19:16:03+08:00,1.4016,103.693,C,Cloud to Cloud,2026-07-06T19:12:40.626+08:00
2026-07-07 13:57:25,2026-07-06T19:14:00+08:00,2026-07-06T19:16:03+08:00,1.3995,103.671,C,Cloud to Cloud,2026-07-06T19:12:40.654+08:00
2026-07-07 13:57:25,2026-07-06T19:14:00+08:00,2026-07-06T19:16:03+08:00,1.4038,103.681,C,Cloud to Cloud,2026-07-06T19:12:40.654+08:00
2026-07-07 13:57:25,2026-07-06T19:14:00+08:00,2026-07-06T19:16:03+08:00,1.388,103.6244,C,Cloud to Cloud,2026-07-06T19:12:52.488+08:00
2026-07-07 13:57:25,2026-07-06T19:14:00+08:00,2026-07-06T19:16:03+08:00,1.388,103.6244,C,Cloud to Cloud,2026-07-06T19:12:52.488+08:00
2026-07-07 13:57:25,2026-07-06T19:14:00+08:00,2026-07-06T19:16:03+08:00,1.4088,103.6687,C,Cloud to Cloud,2026-07-06T19:12:52.488+08:00
2026-07-07 13:57:25,2026-07-06T19:14:00+08:00,2026-07-06T19:16:03+08:00,1.4025,103.6298,C,Cloud to Cloud,2026-07-06T19:12:52.488+08:00
2026-07-07 13:57:25,2026-07-06T19:14:00+08:00,2026-07-06T19:16:03+08:00,1.4049,103.664,C,Cloud to Cloud,2026-07-06T19:12:52.488+08:00
2026-07-07 13:57:25,2026-07-06T19:14:00+08:00,2026-07-06T19:16:03+08:00,1.3984,103.6537,C,Cloud to Cloud,2026-07-06T19:12:52.491+08:00
2026-07-07 13:57:25,2026-07-06T19:14:00+08:00,2026-07-06T19:16:03+08:00,1.3984,103.6537,C,Cloud to Cloud,2026-07-06T19:12:52.491+08:00
2026-07-07 13:57:25,2026-07-06T19:14:00+08:00,2026-07-06T19:16:03+08:00,1.415,103.639,C,Cloud to Cloud,2026-07-06T19:12:52.491+08:00
2026-07-07 13:57:25,2026-07-06T19:14:00+08:00,2026-07-06T19:16:03+08:00,1.3974,103.6297,C,Cloud to Cloud,2026-07-06T19:12:52.493+08:00
2026-07-07 13:57:25,2026-07-06T19:14:00+08:00,2026-07-06T19:16:03+08:00,1.4187,103.6621,C,Cloud to Cloud,2026-07-06T19:12:52.493+08:00
2026-07-07 13:57:25,2026-07-06T19:14:00+08:00,2026-07-06T19:16:03+08:00,1.3938,103.6488,C,Cloud to Cloud,2026-07-06T19:12:52.522+08:00
2026-07-07 13:57:25,2026-07-06T19:14:00+08:00,2026-07-06T19:16:03+08:00,1.3938,103.6488,C,Cloud to Cloud,2026-07-06T19:12:52.522+08:00
2026-07-07 13:57:25,2026-07-06T19:14:00+08:00,2026-07-06T19:16:03+08:00,1.4008,103.6896,C,Cloud to Cloud,2026-07-06T19:12:52.522+08:00
2026-07-07 13:57:25,2026-07-06T19:14:00+08:00,2026-07-06T19:16:03+08:00,1.4009,103.6631,C,Cloud to Cloud,2026-07-06T19:12:52.546+08:00
2026-07-07 13:57:25,2026-07-06T19:14:00+08:00,2026-07-06T19:16:03+08:00,1.4009,103.663,C,Cloud to Cloud,2026-07-06T19:12:52.546+08:00
2026-07-07 13:57:25,2026-07-06T19:14:00+08:00,2026-07-06T19:16:03+08:00,1.4017,103.6641,C,Cloud to Cloud,2026-07-06T19:12:52.589+08:00
2026-07-07 13:57:25,2026-07-06T19:14:00+08:00,2026-07-06T19:16:03+08:00,1.4017,103.6641,C,Cloud to Cloud,2026-07-06T19:12:52.589+08:00
2026-07-07 13:57:25,2026-07-06T19:14:00+08:00,2026-07-06T19:16:03+08:00,1.4003,103.6636,C,Cloud to Cloud,2026-07-06T19:12:52.59+08:00
2026-07-07 13:57:25,2026-07-06T19:14:00+08:00,2026-07-06T19:16:03+08:00,1.4003,103.6636,C,Cloud to Cloud,2026-07-06T19:12:52.59+08:00
2026-07-07 13:57:25,2026-07-06T19:14:00+08:00,2026-07-06T19:16:03+08:00,1.3791,103.6545,C,Cloud to Cloud,2026-07-06T19:12:52.608+08:00
2026-07-07 13:57:25,2026-07-06T19:14:00+08:00,2026-07-06T19:16:03+08:00,1.388,103.6696,C,Cloud to Cloud,2026-07-06T19:12:52.608+08:00
2026-07-07 13:57:25,2026-07-06T19:14:00+08:00,2026-07-06T19:16:03+08:00,1.3766,103.6537,C,Cloud to Cloud,2026-07-06T19:12:52.611+08:00
2026-07-07 13:57:25,2026-07-06T19:14:00+08:00,2026-07-06T19:16:03+08:00,1.3764,103.6538,C,Cloud to Cloud,2026-07-06T19:12:52.611+08:00
2026-07-07 13:57:25,2026-07-06T19:14:00+08:00,2026-07-06T19:16:03+08:00,1.371,103.6579,C,Cloud to Cloud,2026-07-06T19:12:52.612+08:00
2026-07-07 13:57:25,2026-07-06T19:14:00+08:00,2026-07-06T19:16:03+08:00,1.371,103.6578,C,Cloud to Cloud,2026-07-06T19:12:52.612+08:00
2026-07-07 13:57:25,2026-07-06T19:14:00+08:00,2026-07-06T19:16:03+08:00,1.373,103.6609,C,Cloud to Cloud,2026-07-06T19:12:52.613+08:00
2026-07-07 13:57:25,2026-07-06T19:14:00+08:00,2026-07-06T19:16:03+08:00,1.3962,103.6956,C,Cloud to Cloud,2026-07-06T19:12:52.613+08:00
2026-07-07 13:57:25,2026-07-06T19:14:00+08:00,2026-07-06T19:16:03+08:00,1.3756,103.6655,C,Cloud to Cloud,2026-07-06T19:12:52.614+08:00
2026-07-07 13:57:25,2026-07-06T19:14:00+08:00,2026-07-06T19:16:03+08:00,1.3756,103.6655,C,Cloud to Cloud,2026-07-06T19:12:52.615+08:00
2026-07-07 13:57:25,2026-07-06T19:14:00+08:00,2026-07-06T19:16:03+08:00,1.4065,103.6575,C,Cloud to Cloud,2026-07-06T19:12:52.703+08:00
2026-07-07 13:57:25,2026-07-06T19:14:00+08:00,2026-07-06T19:16:03+08:00,1.4065,103.6575,C,Cloud to Cloud,2026-07-06T19:12:52.703+08:00
2026-07-07 13:57:25,2026-07-06T19:14:00+08:00,2026-07-06T19:16:03+08:00,1.4019,103.664,C,Cloud to Cloud,2026-07-06T19:12:52.721+08:00
2026-07-07 13:57:25,2026-07-06T19:14:00+08:00,2026-07-06T19:16:03+08:00,1.3855,103.5289,C,Cloud to Cloud,2026-07-06T19:12:52.721+08:00
2026-07-07 13:57:25,2026-07-06T19:14:00+08:00,2026-07-06T19:16:03+08:00,1.4019,103.664,C,Cloud to Cloud,2026-07-06T19:12:52.722+08:00
2026-07-07 13:57:25,2026-07-06T19:14:00+08:00,2026-07-06T19:16:03+08:00,1.3725,103.6475,C,Cloud to Cloud,2026-07-06T19:12:52.727+08:00
2026-07-07 13:57:25,2026-07-06T19:14:00+08:00,2026-07-06T19:16:03+08:00,1.3725,103.6475,C,Cloud to Cloud,2026-07-06T19:12:52.728+08:00
2026-07-07 13:57:25,2026-07-06T19:14:00+08:00,2026-07-06T19:16:03+08:00,1.3769,103.6487,C,Cloud to Cloud,2026-07-06T19:12:52.728+08:00
2026-07-07 13:57:25,2026-07-06T19:14:00+08:00,2026-07-06T19:16:03+08:00,1.3994,103.6633,C,Cloud to Cloud,2026-07-06T19:12:52.75+08:00
2026-07-07 13:57:25,2026-07-06T19:14:00+08:00,2026-07-06T19:16:03+08:00,1.3994,103.6633,C,Cloud to Cloud,2026-07-06T19:12:52.75+08:00
2026-07-07 13:57:25,2026-07-06T19:14:00+08:00,2026-07-06T19:16:03+08:00,1.3939,103.6756,C,Cloud to Cloud,2026-07-06T19:12:52.762+08:00
2026-07-07 13:57:25,2026-07-06T19:14:00+08:00,2026-07-06T19:16:03+08:00,1.3939,103.6756,C,Cloud to Cloud,2026-07-06T19:12:52.762+08:00
2026-07-07 13:57:25,2026-07-06T19:14:00+08:00,2026-07-06T19:16:03+08:00,1.3972,103.618,C,Cloud to Cloud,2026-07-06T19:12:52.779+08:00
2026-07-07 13:57:25,2026-07-06T19:14:00+08:00,2026-07-06T19:16:03+08:00,1.3911,103.6687,C,Cloud to Cloud,2026-07-06T19:12:52.78+08:00
2026-07-07 13:57:25,2026-07-06T19:14:00+08:00,2026-07-06T19:16:03+08:00,1.3803,103.6492,C,Cloud to Cloud,2026-07-06T19:12:52.78+08:00
2026-07-07 13:57:25,2026-07-06T19:14:00+08:00,2026-07-06T19:16:03+08:00,1.3936,103.6648,C,Cloud to Cloud,2026-07-06T19:12:52.78+08:00
2026-07-07 13:57:25,2026-07-06T19:14:00+08:00,2026-07-06T19:16:03+08:00,1.3936,103.6648,C,Cloud to Cloud,2026-07-06T19:12:52.78+08:00
2026-07-07 13:57:25,2026-07-06T19:14:00+08:00,2026-07-06T19:16:03+08:00,1.4012,103.6792,C,Cloud to Cloud,2026-07-06T19:12:52.792+08:00
2026-07-07 13:57:25,2026-07-06T19:14:00+08:00,2026-07-06T19:16:03+08:00,1.3993,103.6764,C,Cloud to Cloud,2026-07-06T19:12:52.792+08:00
2026-07-07 13:57:25,2026-07-06T19:14:00+08:00,2026-07-06T19:16:03+08:00,1.3939,103.6826,C,Cloud to Cloud,2026-07-06T19:12:59.125+08:00
2026-07-07 13:57:25,2026-07-06T19:14:00+08:00,2026-07-06T19:16:03+08:00,1.3646,103.6322,C,Cloud to Cloud,2026-07-06T19:12:59.125+08:00
2026-07-07 13:57:25,2026-07-06T19:14:00+08:00,2026-07-06T19:16:03+08:00,1.405,103.7009,C,Cloud to Cloud,2026-07-06T19:12:59.125+08:00
2026-07-07 13:57:25,2026-07-06T19:14:00+08:00,2026-07-06T19:16:03+08:00,1.4382,103.7208,C,Cloud to Cloud,2026-07-06T19:12:59.221+08:00
2026-07-07 13:57:25,2026-07-06T19:14:00+08:00,2026-07-06T19:16:03+08:00,1.3909,103.6932,C,Cloud to Cloud,2026-07-06T19:12:59.273+08:00
2026-07-07 13:57:25,2026-07-06T19:14:00+08:00,2026-07-06T19:16:03+08:00,1.3909,103.6932,C,Cloud to Cloud,2026-07-06T19:12:59.273+08:00
2026-07-07 13:57:25,2026-07-06T19:14:00+08:00,2026-07-06T19:16:03+08:00,1.3522,103.6951,C,Cloud to Cloud,2026-07-06T19:13:24.885+08:00
2026-07-07 13:57:25,2026-07-06T19:14:00+08:00,2026-07-06T19:16:03+08:00,1.3628,103.7051,C,Cloud to Cloud,2026-07-06T19:13:24.886+08:00
2026-07-07 13:57:25,2026-07-06T19:14:00+08:00,2026-07-06T19:16:03+08:00,1.3816,103.7052,C,Cloud to Cloud,2026-07-06T19:13:24.886+08:00
2026-07-07 13:57:25,2026-07-06T19:14:00+08:00,2026-07-06T19:16:03+08:00,1.3639,103.7041,C,Cloud to Cloud,2026-07-06T19:13:24.886+08:00
2026-07-07 13:57:25,2026-07-06T19:14:00+08:00,2026-07-06T19:16:03+08:00,1.3628,103.7057,C,Cloud to Cloud,2026-07-06T19:13:24.886+08:00
2026-07-07 13:57:25,2026-07-06T19:14:00+08:00,2026-07-06T19:16:03+08:00,1.3629,103.7059,C,Cloud to Cloud,2026-07-06T19:13:24.886+08:00
2026-07-07 13:57:25,2026-07-06T19:14:00+08:00,2026-07-06T19:16:03+08:00,1.3625,103.7077,C,Cloud to Cloud,2026-07-06T19:13:24.886+08:00
2026-07-07 13:57:25,2026-07-06T19:14:00+08:00,2026-07-06T19:16:03+08:00,1.3613,103.7067,C,Cloud to Cloud,2026-07-06T19:13:24.889+08:00
2026-07-07 13:57:25,2026-07-06T19:14:00+08:00,2026-07-06T19:16:03+08:00,1.3518,103.7039,C,Cloud to Cloud,2026-07-06T19:13:24.889+08:00
2026-07-07 13:57:25,2026-07-06T19:14:00+08:00,2026-07-06T19:16:03+08:00,1.3579,103.7085,C,Cloud to Cloud,2026-07-06T19:13:24.889+08:00
2026-07-07 13:57:25,2026-07-06T19:14:00+08:00,2026-07-06T19:16:03+08:00,1.3616,103.7093,C,Cloud to Cloud,2026-07-06T19:13:24.889+08:00
2026-07-07 13:57:25,2026-07-06T19:14:00+08:00,2026-07-06T19:16:03+08:00,1.357,103.711,C,Cloud to Cloud,2026-07-06T19:13:24.893+08:00
2026-07-07 13:57:25,2026-07-06T19:14:00+08:00,2026-07-06T19:16:03+08:00,1.362,103.7104,C,Cloud to Cloud,2026-07-06T19:13:24.893+08:00
2026-07-07 13:57:25,2026-07-06T19:14:00+08:00,2026-07-06T19:16:03+08:00,1.3526,103.7062,C,Cloud to Cloud,2026-07-06T19:13:24.894+08:00
2026-07-07 13:57:25,2026-07-06T19:14:00+08:00,2026-07-06T19:16:03+08:00,1.363,103.7562,C,Cloud to Cloud,2026-07-06T19:13:24.925+08:00
2026-07-07 13:57:25,2026-07-06T19:14:00+08:00,2026-07-06T19:16:03+08:00,1.3657,103.7079,C,Cloud to Cloud,2026-07-06T19:13:24.94+08:00
2026-07-07 13:57:25,2026-07-06T19:14:00+08:00,2026-07-06T19:16:03+08:00,1.3655,103.7052,C,Cloud to Cloud,2026-07-06T19:13:24.94+08:00
2026-07-07 13:57:25,2026-07-06T19:14:00+08:00,2026-07-06T19:16:03+08:00,1.3667,103.7067,C,Cloud to Cloud,2026-07-06T19:13:24.94+08:00
2026-07-07 13:57:25,2026-07-06T19:14:00+08:00,2026-07-06T19:16:03+08:00,1.368,103.7016,C,Cloud to Cloud,2026-07-06T19:13:24.94+08:00
2026-07-07 13:57:25,2026-07-06T19:14:00+08:00,2026-07-06T19:16:03+08:00,1.3622,103.7177,C,Cloud to Cloud,2026-07-06T19:13:24.979+08:00
2026-07-07 13:57:25,2026-07-06T19:14:00+08:00,2026-07-06T19:16:03+08:00,1.3641,103.7177,C,Cloud to Cloud,2026-07-06T19:13:24.979+08:00
2026-07-07 13:57:25,2026-07-06T19:14:00+08:00,2026-07-06T19:16:03+08:00,1.3543,103.7067,C,Cloud to Cloud,2026-07-06T19:13:24.98+08:00
2026-07-07 13:57:25,2026-07-06T19:14:00+08:00,2026-07-06T19:16:03+08:00,1.3923,103.6754,C,Cloud to Cloud,2026-07-06T19:13:35.303+08:00
2026-07-07 13:57:25,2026-07-06T19:14:00+08:00,2026-07-06T19:16:03+08:00,1.3923,103.6754,C,Cloud to Cloud,2026-07-06T19:13:35.303+08:00
2026-07-07 13:57:25,2026-07-06T19:14:00+08:00,2026-07-06T19:16:03+08:00,1.3844,103.6707,C,Cloud to Cloud,2026-07-06T19:13:35.305+08:00
2026-07-07 13:57:25,2026-07-06T19:14:00+08:00,2026-07-06T19:16:03+08:00,1.3844,103.6707,C,Cloud to Cloud,2026-07-06T19:13:35.305+08:00
2026-07-07 13:57:25,2026-07-06T19:14:00+08:00,2026-07-06T19:16:03+08:00,1.3821,103.672,C,Cloud to Cloud,2026-07-06T19:13:35.308+08:00
2026-07-07 13:57:25,2026-07-06T19:14:00+08:00,2026-07-06T19:16:03+08:00,1.3821,103.672,C,Cloud to Cloud,2026-07-06T19:13:35.308+08:00
2026-07-07 13:57:25,2026-07-06T19:14:00+08:00,2026-07-06T19:16:03+08:00,1.3805,103.6737,C,Cloud to Cloud,2026-07-06T19:13:35.308+08:00
2026-07-07 13:57:25,2026-07-06T19:14:00+08:00,2026-07-06T19:16:03+08:00,1.3781,103.6669,C,Cloud to Cloud,2026-07-06T19:13:35.309+08:00
2026-07-07 13:57:25,2026-07-06T19:14:00+08:00,2026-07-06T19:16:03+08:00,1.3781,103.6669,C,Cloud to Cloud,2026-07-06T19:13:35.309+08:00
2026-07-07 13:57:25,2026-07-06T19:14:00+08:00,2026-07-06T19:16:03+08:00,1.3737,103.6591,C,Cloud to Cloud,2026-07-06T19:13:35.311+08:00
2026-07-07 13:57:25,2026-07-06T19:14:00+08:00,2026-07-06T19:16:03+08:00,1.3737,103.6591,C,Cloud to Cloud,2026-07-06T19:13:35.311+08:00
2026-07-07 13:57:25,2026-07-06T19:14:00+08:00,2026-07-06T19:16:03+08:00,1.3688,103.665,C,Cloud to Cloud,2026-07-06T19:13:35.312+08:00
2026-07-07 13:57:25,2026-07-06T19:14:00+08:00,2026-07-06T19:16:03+08:00,1.3688,103.665,C,Cloud to Cloud,2026-07-06T19:13:35.312+08:00
2026-07-07 13:57:25,2026-07-06T19:14:00+08:00,2026-07-06T19:16:03+08:00,1.3697,103.6678,C,Cloud to Cloud,2026-07-06T19:13:35.314+08:00
2026-07-07 13:57:25,2026-07-06T19:14:00+08:00,2026-07-06T19:16:03+08:00,1.3727,103.6644,C,Cloud to Cloud,2026-07-06T19:13:35.322+08:00
2026-07-07 13:57:25,2026-07-06T19:14:00+08:00,2026-07-06T19:16:03+08:00,1.3727,103.6644,C,Cloud to Cloud,2026-07-06T19:13:35.322+08:00
2026-07-07 13:57:25,2026-07-06T19:14:00+08:00,2026-07-06T19:16:03+08:00,1.3728,103.6745,C,Cloud to Cloud,2026-07-06T19:13:35.35+08:00
2026-07-07 13:57:25,2026-07-06T19:14:00+08:00,2026-07-06T19:16:03+08:00,1.3728,103.6745,C,Cloud to Cloud,2026-07-06T19:13:35.35+08:00
2026-07-07 13:57:25,2026-07-06T19:14:00+08:00,2026-07-06T19:16:03+08:00,1.3665,103.6891,C,Cloud to Cloud,2026-07-06T19:13:35.35+08:00
2026-07-07 13:57:25,2026-07-06T19:14:00+08:00,2026-07-06T19:16:03+08:00,1.3637,103.662,C,Cloud to Cloud,2026-07-06T19:13:35.35+08:00
2026-07-07 13:57:25,2026-07-06T19:14:00+08:00,2026-07-06T19:16:03+08:00,1.3861,103.6872,C,Cloud to Cloud,2026-07-06T19:13:35.358+08:00
2026-07-07 13:57:25,2026-07-06T19:14:00+08:00,2026-07-06T19:16:03+08:00,1.4066,103.7159,C,Cloud to Cloud,2026-07-06T19:13:35.358+08:00
2026-07-07 13:57:25,2026-07-06T19:14:00+08:00,2026-07-06T19:16:03+08:00,1.3864,103.6876,C,Cloud to Cloud,2026-07-06T19:13:35.358+08:00
2026-07-07 13:57:25,2026-07-06T19:14:00+08:00,2026-07-06T19:16:03+08:00,1.4064,103.7169,C,Cloud to Cloud,2026-07-06T19:13:35.358+08:00
2026-07-07 13:57:25,2026-07-06T19:14:00+08:00,2026-07-06T19:16:03+08:00,1.3898,103.6937,C,Cloud to Cloud,2026-07-06T19:13:35.358+08:00
2026-07-07 13:57:25,2026-07-06T19:14:00+08:00,2026-07-06T19:16:03+08:00,1.3907,103.6944,C,Cloud to Cloud,2026-07-06T19:13:35.358+08:00
2026-07-07 13:57:25,2026-07-06T19:14:00+08:00,2026-07-06T19:16:03+08:00,1.3872,103.6574,C,Cloud to Cloud,2026-07-06T19:13:35.398+08:00
2026-07-07 13:57:25,2026-07-06T19:14:00+08:00,2026-07-06T19:16:03+08:00,1.3751,103.6349,C,Cloud to Cloud,2026-07-06T19:13:35.398+08:00
2026-07-07 13:57:25,2026-07-06T19:14:00+08:00,2026-07-06T19:16:03+08:00,1.3868,103.651,C,Cloud to Cloud,2026-07-06T19:13:35.4+08:00
2026-07-07 13:57:25,2026-07-06T19:14:00+08:00,2026-07-06T19:16:03+08:00,1.3868,103.651,C,Cloud to Cloud,2026-07-06T19:13:35.4+08:00
2026-07-07 13:57:25,2026-07-06T19:14:00+08:00,2026-07-06T19:16:03+08:00,1.3962,103.6625,C,Cloud to Cloud,2026-07-06T19:13:35.407+08:00
2026-07-07 13:57:25,2026-07-06T19:14:00+08:00,2026-07-06T19:16:03+08:00,1.3962,103.6625,C,Cloud to Cloud,2026-07-06T19:13:35.407+08:00
2026-07-07 13:57:25,2026-07-06T19:14:00+08:00,2026-07-06T19:16:03+08:00,1.3941,103.6611,C,Cloud to Cloud,2026-07-06T19:13:35.41+08:00
2026-07-07 13:57:25,2026-07-06T19:14:00+08:00,2026-07-06T19:16:03+08:00,1.3941,103.6611,C,Cloud to Cloud,2026-07-06T19:13:35.41+08:00
2026-07-07 13:57:25,2026-07-06T19:14:00+08:00,2026-07-06T19:16:03+08:00,1.3918,103.6599,C,Cloud to Cloud,2026-07-06T19:13:35.412+08:00
2026-07-07 13:57:25,2026-07-06T19:14:00+08:00,2026-07-06T19:16:03+08:00,1.3918,103.6599,C,Cloud to Cloud,2026-07-06T19:13:35.412+08:00
2026-07-07 13:57:25,2026-07-06T19:14:00+08:00,2026-07-06T19:16:03+08:00,1.387,103.6513,C,Cloud to Cloud,2026-07-06T19:13:35.414+08:00
2026-07-07 13:57:25,2026-07-06T19:14:00+08:00,2026-07-06T19:16:03+08:00,1.387,103.6513,C,Cloud to Cloud,2026-07-06T19:13:35.414+08:00
2026-07-07 13:57:25,2026-07-06T19:14:00+08:00,2026-07-06T19:16:03+08:00,1.4044,103.6438,C,Cloud to Cloud,2026-07-06T19:13:35.455+08:00
2026-07-07 13:57:25,2026-07-06T19:14:00+08:00,2026-07-06T19:16:03+08:00,1.413,103.6677,C,Cloud to Cloud,2026-07-06T19:13:35.455+08:00
2026-07-07 13:57:25,2026-07-06T19:14:00+08:00,2026-07-06T19:16:03+08:00,1.4019,103.6372,C,Cloud to Cloud,2026-07-06T19:13:35.455+08:00
2026-07-07 13:57:25,2026-07-06T19:14:00+08:00,2026-07-06T19:16:03+08:00,1.4025,103.6424,C,Cloud to Cloud,2026-07-06T19:13:35.455+08:00
2026-07-07 13:57:25,2026-07-06T19:14:00+08:00,2026-07-06T19:16:03+08:00,1.4034,103.6419,C,Cloud to Cloud,2026-07-06T19:13:35.456+08:00
2026-07-07 13:57:25,2026-07-06T19:14:00+08:00,2026-07-06T19:16:03+08:00,1.375,103.6543,C,Cloud to Cloud,2026-07-06T19:13:35.504+08:00
2026-07-07 13:57:25,2026-07-06T19:14:00+08:00,2026-07-06T19:16:03+08:00,1.3873,103.6741,C,Cloud to Cloud,2026-07-06T19:13:35.504+08:00
2026-07-07 13:57:25,2026-07-06T19:14:00+08:00,2026-07-06T19:16:03+08:00,1.362,103.6523,C,Cloud to Cloud,2026-07-06T19:13:35.519+08:00
2026-07-07 13:57:25,2026-07-06T19:14:00+08:00,2026-07-06T19:16:03+08:00,1.3793,103.6769,C,Cloud to Cloud,2026-07-06T19:13:35.519+08:00
2026-07-07 13:57:25,2026-07-06T19:14:00+08:00,2026-07-06T19:16:03+08:00,1.4034,103.6919,C,Cloud to Cloud,2026-07-06T19:13:35.524+08:00
2026-07-07 13:57:25,2026-07-06T19:14:00+08:00,2026-07-06T19:16:03+08:00,1.4034,103.6919,C,Cloud to Cloud,2026-07-06T19:13:35.524+08:00
2026-07-07 13:57:25,2026-07-06T19:14:00+08:00,2026-07-06T19:16:03+08:00,1.4019,103.6955,C,Cloud to Cloud,2026-07-06T19:13:35.524+08:00
2026-07-07 13:57:25,2026-07-06T19:14:00+08:00,2026-07-06T19:16:03+08:00,1.3978,103.6697,C,Cloud to Cloud,2026-07-06T19:13:35.524+08:00
2026-07-07 13:57:25,2026-07-06T19:14:00+08:00,2026-07-06T19:16:03+08:00,1.3978,103.6697,C,Cloud to Cloud,2026-07-06T19:13:35.525+08:00
2026-07-07 13:57:25,2026-07-06T19:14:00+08:00,2026-07-06T19:16:03+08:00,1.408,103.6609,C,Cloud to Cloud,2026-07-06T19:13:35.532+08:00
2026-07-07 13:57:25,2026-07-06T19:14:00+08:00,2026-07-06T19:16:03+08:00,1.408,103.6609,C,Cloud to Cloud,2026-07-06T19:13:35.532+08:00
2026-07-07 13:57:25,2026-07-06T19:14:00+08:00,2026-07-06T19:16:03+08:00,1.3973,103.6476,C,Cloud to Cloud,2026-07-06T19:13:35.534+08:00
2026-07-07 13:57:25,2026-07-06T19:14:00+08:00,2026-07-06T19:16:03+08:00,1.3619,103.6838,C,Cloud to Cloud,2026-07-06T19:13:35.534+08:00
2026-07-07 13:57:25,2026-07-06T19:14:00+08:00,2026-07-06T19:16:03+08:00,1.3938,103.6436,C,Cloud to Cloud,2026-07-06T19:13:35.534+08:00
2026-07-07 13:57:25,2026-07-06T19:14:00+08:00,2026-07-06T19:16:03+08:00,1.3837,103.6535,C,Cloud to Cloud,2026-07-06T19:13:35.546+08:00
2026-07-07 13:57:25,2026-07-06T19:14:00+08:00,2026-07-06T19:16:03+08:00,1.4067,103.6918,C,Cloud to Cloud,2026-07-06T19:13:35.546+08:00
2026-07-07 13:57:25,2026-07-06T19:14:00+08:00,2026-07-06T19:16:03+08:00,1.3701,103.6217,C,Cloud to Cloud,2026-07-06T19:13:35.546+08:00
2026-07-07 13:57:25,2026-07-06T19:14:00+08:00,2026-07-06T19:16:03+08:00,1.3708,103.6322,C,Cloud to Cloud,2026-07-06T19:13:35.546+08:00
2026-07-07 13:57:25,2026-07-06T19:14:00+08:00,2026-07-06T19:16:03+08:00,1.3635,103.6279,C,Cloud to Cloud,2026-07-06T19:13:35.546+08:00
2026-07-07 13:57:25,2026-07-06T19:14:00+08:00,2026-07-06T19:16:03+08:00,1.3954,103.6924,C,Cloud to Cloud,2026-07-06T19:13:35.546+08:00
2026-07-07 13:57:25,2026-07-06T19:14:00+08:00,2026-07-06T19:16:03+08:00,1.4041,103.6811,C,Cloud to Cloud,2026-07-06T19:13:35.555+08:00
2026-07-07 13:57:25,2026-07-06T19:14:00+08:00,2026-07-06T19:16:03+08:00,1.4041,103.6811,C,Cloud to Cloud,2026-07-06T19:13:35.555+08:00
2026-07-07 13:57:25,2026-07-06T19:14:00+08:00,2026-07-06T19:16:03+08:00,1.3833,103.6707,C,Cloud to Cloud,2026-07-06T19:13:35.555+08:00
2026-07-07 13:57:25,2026-07-06T19:14:00+08:00,2026-07-06T19:16:03+08:00,1.3835,103.6352,C,Cloud to Cloud,2026-07-06T19:13:35.557+08:00
2026-07-07 13:57:25,2026-07-06T19:14:00+08:00,2026-07-06T19:16:03+08:00,1.4015,103.6728,C,Cloud to Cloud,2026-07-06T19:13:35.558+08:00
2026-07-07 13:57:25,2026-07-06T19:14:00+08:00,2026-07-06T19:16:03+08:00,1.3759,103.633,C,Cloud to Cloud,2026-07-06T19:13:35.598+08:00
2026-07-07 13:57:25,2026-07-06T19:14:00+08:00,2026-07-06T19:16:03+08:00,1.376,103.633,C,Cloud to Cloud,2026-07-06T19:13:35.598+08:00
2026-07-07 13:57:25,2026-07-06T19:14:00+08:00,2026-07-06T19:16:03+08:00,1.3957,103.6706,C,Cloud to Cloud,2026-07-06T19:13:35.598+08:00
2026-07-07 13:57:25,2026-07-06T19:14:00+08:00,2026-07-06T19:16:03+08:00,1.3808,103.6838,C,Cloud to Cloud,2026-07-06T19:13:50.515+08:00
2026-07-07 13:57:25,2026-07-06T19:14:00+08:00,2026-07-06T19:16:03+08:00,1.3808,103.6838,C,Cloud to Cloud,2026-07-06T19:13:50.516+08:00
2026-07-07 13:57:25,2026-07-06T19:14:00+08:00,2026-07-06T19:16:03+08:00,1.3832,103.6853,C,Cloud to Cloud,2026-07-06T19:13:50.516+08:00
2026-07-07 13:57:25,2026-07-06T19:14:00+08:00,2026-07-06T19:16:03+08:00,1.3704,103.6606,C,Cloud to Cloud,2026-07-06T19:13:50.516+08:00
2026-07-07 13:57:25,2026-07-06T19:14:00+08:00,2026-07-06T19:16:03+08:00,1.3822,103.6851,C,Cloud to Cloud,2026-07-06T19:13:50.516+08:00
2026-07-07 13:57:25,2026-07-06T19:14:00+08:00,2026-07-06T19:16:03+08:00,1.3826,103.6825,C,Cloud to Cloud,2026-07-06T19:13:50.516+08:00
2026-07-07 13:57:25,2026-07-06T19:14:00+08:00,2026-07-06T19:16:03+08:00,1.3836,103.6859,C,Cloud to Cloud,2026-07-06T19:13:50.516+08:00
2026-07-07 13:57:25,2026-07-06T19:14:00+08:00,2026-07-06T19:16:03+08:00,1.3835,103.6848,C,Cloud to Cloud,2026-07-06T19:13:50.516+08:00
2026-07-07 13:57:25,2026-07-06T19:14:00+08:00,2026-07-06T19:16:03+08:00,1.3844,103.6845,C,Cloud to Cloud,2026-07-06T19:13:50.517+08:00
2026-07-07 13:57:25,2026-07-06T19:14:00+08:00,2026-07-06T19:16:03+08:00,1.3849,103.6848,C,Cloud to Cloud,2026-07-06T19:13:50.517+08:00
2026-07-07 13:57:25,2026-07-06T19:14:00+08:00,2026-07-06T19:16:03+08:00,1.3834,103.6849,C,Cloud to Cloud,2026-07-06T19:13:50.517+08:00
2026-07-07 13:57:25,2026-07-06T19:14:00+08:00,2026-07-06T19:16:03+08:00,1.3625,103.6509,C,Cloud to Cloud,2026-07-06T19:13:50.517+08:00
2026-07-07 13:57:25,2026-07-06T19:14:00+08:00,2026-07-06T19:16:03+08:00,1.3843,103.685,C,Cloud to Cloud,2026-07-06T19:13:50.517+08:00
2026-07-07 13:57:25,2026-07-06T19:14:00+08:00,2026-07-06T19:16:03+08:00,1.3846,103.6855,C,Cloud to Cloud,2026-07-06T19:13:50.517+08:00
2026-07-07 13:57:25,2026-07-06T19:14:00+08:00,2026-07-06T19:16:03+08:00,1.386,103.6851,C,Cloud to Cloud,2026-07-06T19:13:50.517+08:00
2026-07-07 13:57:25,2026-07-06T19:14:00+08:00,2026-07-06T19:16:03+08:00,1.3857,103.6832,C,Cloud to Cloud,2026-07-06T19:13:50.517+08:00
2026-07-07 13:57:25,2026-07-06T19:14:00+08:00,2026-07-06T19:16:03+08:00,1.3857,103.6852,C,Cloud to Cloud,2026-07-06T19:13:50.517+08:00
2026-07-07 13:57:25,2026-07-06T19:14:00+08:00,2026-07-06T19:16:03+08:00,1.3855,103.6839,C,Cloud to Cloud,2026-07-06T19:13:50.517+08:00
2026-07-07 13:57:25,2026-07-06T19:14:00+08:00,2026-07-06T19:16:03+08:00,1.386,103.6846,C,Cloud to Cloud,2026-07-06T19:13:50.518+08:00
2026-07-07 13:57:25,2026-07-06T19:14:00+08:00,2026-07-06T19:16:03+08:00,1.3879,103.6844,C,Cloud to Cloud,2026-07-06T19:13:50.518+08:00
2026-07-07 13:57:25,2026-07-06T19:14:00+08:00,2026-07-06T19:16:03+08:00,1.3879,103.6844,C,Cloud to Cloud,2026-07-06T19:13:50.518+08:00
2026-07-07 13:57:25,2026-07-06T19:14:00+08:00,2026-07-06T19:16:03+08:00,1.3795,103.6746,C,Cloud to Cloud,2026-07-06T19:13:50.563+08:00
2026-07-07 13:57:25,2026-07-06T19:14:00+08:00,2026-07-06T19:16:03+08:00,1.3768,103.6704,C,Cloud to Cloud,2026-07-06T19:13:50.563+08:00
2026-07-07 13:57:25,2026-07-06T19:14:00+08:00,2026-07-06T19:16:03+08:00,1.3756,103.6706,C,Cloud to Cloud,2026-07-06T19:13:50.563+08:00
2026-07-07 13:57:25,2026-07-06T19:14:00+08:00,2026-07-06T19:16:03+08:00,1.3782,103.6745,C,Cloud to Cloud,2026-07-06T19:13:50.563+08:00
2026-07-07 13:57:25,2026-07-06T19:14:00+08:00,2026-07-06T19:16:03+08:00,1.3766,103.6697,C,Cloud to Cloud,2026-07-06T19:13:50.563+08:00
2026-07-07 13:57:25,2026-07-06T19:14:00+08:00,2026-07-06T19:16:03+08:00,1.3782,103.6698,C,Cloud to Cloud,2026-07-06T19:13:50.566+08:00
2026-07-07 13:57:25,2026-07-06T19:14:00+08:00,2026-07-06T19:16:03+08:00,1.379,103.6718,C,Cloud to Cloud,2026-07-06T19:13:50.566+08:00
2026-07-07 13:57:25,2026-07-06T19:14:00+08:00,2026-07-06T19:16:03+08:00,1.3766,103.6735,C,Cloud to Cloud,2026-07-06T19:13:50.566+08:00
2026-07-07 13:57:25,2026-07-06T19:14:00+08:00,2026-07-06T19:16:03+08:00,1.3746,103.6714,C,Cloud to Cloud,2026-07-06T19:13:50.566+08:00
2026-07-07 13:57:25,2026-07-06T19:14:00+08:00,2026-07-06T19:16:03+08:00,1.3773,103.6695,C,Cloud to Cloud,2026-07-06T19:13:50.567+08:00
2026-07-07 13:57:25,2026-07-06T19:14:00+08:00,2026-07-06T19:16:03+08:00,1.3737,103.6721,C,Cloud to Cloud,2026-07-06T19:13:50.567+08:00
2026-07-07 13:57:25,2026-07-06T19:14:00+08:00,2026-07-06T19:16:03+08:00,1.3746,103.6709,C,Cloud to Cloud,2026-07-06T19:13:50.568+08:00
2026-07-07 13:57:25,2026-07-06T19:14:00+08:00,2026-07-06T19:16:03+08:00,1.3759,103.6725,C,Cloud to Cloud,2026-07-06T19:13:50.568+08:00
2026-07-07 13:57:25,2026-07-06T19:14:00+08:00,2026-07-06T19:16:03+08:00,1.3752,103.6727,C,Cloud to Cloud,2026-07-06T19:13:50.568+08:00
2026-07-07 13:57:25,2026-07-06T19:14:00+08:00,2026-07-06T19:16:03+08:00,1.3762,103.6719,C,Cloud to Cloud,2026-07-06T19:13:50.568+08:00
2026-07-07 13:57:25,2026-07-06T19:14:00+08:00,2026-07-06T19:16:03+08:00,1.3763,103.6702,C,Cloud to Cloud,2026-07-06T19:13:50.568+08:00
2026-07-07 13:57:25,2026-07-06T19:14:00+08:00,2026-07-06T19:16:03+08:00,1.3751,103.6694,C,Cloud to Cloud,2026-07-06T19:13:50.568+08:00
2026-07-07 13:57:25,2026-07-06T19:14:00+08:00,2026-07-06T19:16:03+08:00,1.3761,103.6713,C,Cloud to Cloud,2026-07-06T19:13:50.569+08:00
2026-07-07 13:57:25,2026-07-06T19:14:00+08:00,2026-07-06T19:16:03+08:00,1.376,103.6712,C,Cloud to Cloud,2026-07-06T19:13:50.569+08:00
2026-07-07 13:57:25,2026-07-06T19:14:00+08:00,2026-07-06T19:16:03+08:00,1.3757,103.6711,C,Cloud to Cloud,2026-07-06T19:13:50.569+08:00
2026-07-07 13:57:25,2026-07-06T19:14:00+08:00,2026-07-06T19:16:03+08:00,1.3755,103.6715,C,Cloud to Cloud,2026-07-06T19:13:50.569+08:00
2026-07-07 13:57:25,2026-07-06T19:14:00+08:00,2026-07-06T19:16:03+08:00,1.3763,103.6716,C,Cloud to Cloud,2026-07-06T19:13:50.569+08:00
2026-07-07 13:57:25,2026-07-06T19:14:00+08:00,2026-07-06T19:16:03+08:00,1.3753,103.6701,C,Cloud to Cloud,2026-07-06T19:13:50.569+08:00
2026-07-07 13:57:25,2026-07-06T19:14:00+08:00,2026-07-06T19:16:03+08:00,1.3751,103.6729,C,Cloud to Cloud,2026-07-06T19:13:50.569+08:00
2026-07-07 13:57:25,2026-07-06T19:14:00+08:00,2026-07-06T19:16:03+08:00,1.3748,103.6723,C,Cloud to Cloud,2026-07-06T19:13:50.569+08:00
2026-07-07 13:57:25,2026-07-06T19:14:00+08:00,2026-07-06T19:16:03+08:00,1.3747,103.6721,C,Cloud to Cloud,2026-07-06T19:13:50.569+08:00
2026-07-07 13:57:25,2026-07-06T19:14:00+08:00,2026-07-06T19:16:03+08:00,1.3753,103.6731,C,Cloud to Cloud,2026-07-06T19:13:50.57+08:00
2026-07-07 13:57:25,2026-07-06T19:14:00+08:00,2026-07-06T19:16:03+08:00,1.3757,103.6697,C,Cloud to Cloud,2026-07-06T19:13:50.57+08:00
2026-07-07 13:57:25,2026-07-06T19:14:00+08:00,2026-07-06T19:16:03+08:00,1.3745,103.668,C,Cloud to Cloud,2026-07-06T19:13:50.57+08:00
2026-07-07 13:57:25,2026-07-06T19:14:00+08:00,2026-07-06T19:16:03+08:00,1.3762,103.6697,C,Cloud to Cloud,2026-07-06T19:13:50.57+08:00
2026-07-07 13:57:25,2026-07-06T19:14:00+08:00,2026-07-06T19:16:03+08:00,1.3746,103.6733,C,Cloud to Cloud,2026-07-06T19:13:50.57+08:00
2026-07-07 13:57:25,2026-07-06T19:14:00+08:00,2026-07-06T19:16:03+08:00,1.3743,103.6726,C,Cloud to Cloud,2026-07-06T19:13:50.57+08:00
2026-07-07 13:57:25,2026-07-06T19:14:00+08:00,2026-07-06T19:16:03+08:00,1.3747,103.6701,C,Cloud to Cloud,2026-07-06T19:13:50.57+08:00
2026-07-07 13:57:25,2026-07-06T19:14:00+08:00,2026-07-06T19:16:03+08:00,1.3749,103.67,C,Cloud to Cloud,2026-07-06T19:13:50.57+08:00
2026-07-07 13:57:25,2026-07-06T19:14:00+08:00,2026-07-06T19:16:03+08:00,1.373,103.6707,C,Cloud to Cloud,2026-07-06T19:13:50.571+08:00
2026-07-07 13:57:25,2026-07-06T19:14:00+08:00,2026-07-06T19:16:03+08:00,1.3743,103.6714,C,Cloud to Cloud,2026-07-06T19:13:50.571+08:00
2026-07-07 13:57:25,2026-07-06T19:14:00+08:00,2026-07-06T19:16:03+08:00,1.374,103.6691,C,Cloud to Cloud,2026-07-06T19:13:50.571+08:00
2026-07-07 13:57:25,2026-07-06T19:14:00+08:00,2026-07-06T19:16:03+08:00,1.3751,103.6681,C,Cloud to Cloud,2026-07-06T19:13:50.571+08:00
2026-07-07 13:57:25,2026-07-06T19:14:00+08:00,2026-07-06T19:16:03+08:00,1.3753,103.6689,C,Cloud to Cloud,2026-07-06T19:13:50.571+08:00
2026-07-07 13:57:25,2026-07-06T19:14:00+08:00,2026-07-06T19:16:03+08:00,1.375,103.6692,C,Cloud to Cloud,2026-07-06T19:13:50.571+08:00
2026-07-07 13:57:25,2026-07-06T19:14:00+08:00,2026-07-06T19:16:03+08:00,1.3761,103.669,C,Cloud to Cloud,2026-07-06T19:13:50.571+08:00
2026-07-07 13:57:25,2026-07-06T19:14:00+08:00,2026-07-06T19:16:03+08:00,1.376,103.6699,C,Cloud to Cloud,2026-07-06T19:13:50.571+08:00
2026-07-07 13:57:25,2026-07-06T19:14:00+08:00,2026-07-06T19:16:03+08:00,1.3751,103.6681,C,Cloud to Cloud,2026-07-06T19:13:50.571+08:00
2026-07-07 13:57:25,2026-07-06T19:14:00+08:00,2026-07-06T19:16:03+08:00,1.374,103.6696,C,Cloud to Cloud,2026-07-06T19:13:50.571+08:00
2026-07-07 13:57:25,2026-07-06T19:14:00+08:00,2026-07-06T19:16:03+08:00,1.3743,103.6727,C,Cloud to Cloud,2026-07-06T19:13:50.572+08:00
2026-07-07 13:57:25,2026-07-06T19:14:00+08:00,2026-07-06T19:16:03+08:00,1.3688,103.6556,C,Cloud to Cloud,2026-07-06T19:13:50.572+08:00
2026-07-07 13:57:25,2026-07-06T19:14:00+08:00,2026-07-06T19:16:03+08:00,1.3688,103.6556,C,Cloud to Cloud,2026-07-06T19:13:50.572+08:00
2026-07-07 13:57:25,2026-07-06T19:14:00+08:00,2026-07-06T19:16:03+08:00,1.3746,103.6642,C,Cloud to Cloud,2026-07-06T19:13:50.573+08:00
2026-07-07 13:57:25,2026-07-06T19:14:00+08:00,2026-07-06T19:16:03+08:00,1.3655,103.6498,C,Cloud to Cloud,2026-07-06T19:13:50.573+08:00
2026-07-07 13:57:25,2026-07-06T19:14:00+08:00,2026-07-06T19:16:03+08:00,1.3743,103.6629,C,Cloud to Cloud,2026-07-06T19:13:50.573+08:00
2026-07-07 13:57:25,2026-07-06T19:14:00+08:00,2026-07-06T19:16:03+08:00,1.3794,103.6393,C,Cloud to Cloud,2026-07-06T19:13:50.573+08:00
2026-07-07 13:57:25,2026-07-06T19:14:00+08:00,2026-07-06T19:16:03+08:00,1.3657,103.674,G,Cloud to Ground,2026-07-06T19:13:50.574+08:00
2026-07-07 13:57:25,2026-07-06T19:14:00+08:00,2026-07-06T19:16:03+08:00,1.3774,103.6688,C,Cloud to Cloud,2026-07-06T19:13:50.574+08:00
2026-07-07 13:57:25,2026-07-06T19:14:00+08:00,2026-07-06T19:16:03+08:00,1.3798,103.6746,C,Cloud to Cloud,2026-07-06T19:13:50.574+08:00
2026-07-07 13:57:25,2026-07-06T19:14:00+08:00,2026-07-06T19:16:03+08:00,1.382,103.673,C,Cloud to Cloud,2026-07-06T19:13:50.574+08:00
2026-07-07 13:57:25,2026-07-06T19:14:00+08:00,2026-07-06T19:16:03+08:00,1.3802,103.6736,C,Cloud to Cloud,2026-07-06T19:13:50.575+08:00
2026-07-07 13:57:25,2026-07-06T19:14:00+08:00,2026-07-06T19:16:03+08:00,1.3809,103.6741,C,Cloud to Cloud,2026-07-06T19:13:50.575+08:00
2026-07-07 13:57:25,2026-07-06T19:14:00+08:00,2026-07-06T19:16:03+08:00,1.3847,103.6815,C,Cloud to Cloud,2026-07-06T19:13:50.585+08:00
2026-07-07 13:57:25,2026-07-06T19:14:00+08:00,2026-07-06T19:16:03+08:00,1.3847,103.6815,C,Cloud to Cloud,2026-07-06T19:13:50.585+08:00
2026-07-07 13:57:25,2026-07-06T19:14:00+08:00,2026-07-06T19:16:03+08:00,1.3838,103.6819,C,Cloud to Cloud,2026-07-06T19:13:50.585+08:00
2026-07-07 13:57:25,2026-07-06T19:14:00+08:00,2026-07-06T19:16:03+08:00,1.3813,103.6739,C,Cloud to Cloud,2026-07-06T19:13:50.585+08:00
2026-07-07 13:57:25,2026-07-06T19:14:00+08:00,2026-07-06T19:16:03+08:00,1.3817,103.6822,C,Cloud to Cloud,2026-07-06T19:13:50.585+08:00
2026-07-07 13:57:25,2026-07-06T19:14:00+08:00,2026-07-06T19:16:03+08:00,1.3825,103.6825,C,Cloud to Cloud,2026-07-06T19:13:50.602+08:00
2026-07-07 13:57:25,2026-07-06T19:14:00+08:00,2026-07-06T19:16:03+08:00,1.3825,103.6825,C,Cloud to Cloud,2026-07-06T19:13:50.602+08:00
2026-07-07 13:57:25,2026-07-06T19:14:00+08:00,2026-07-06T19:16:03+08:00,1.383,103.6813,C,Cloud to Cloud,2026-07-06T19:13:50.602+08:00
2026-07-07 13:57:25,2026-07-06T19:14:00+08:00,2026-07-06T19:16:03+08:00,1.383,103.6813,C,Cloud to Cloud,2026-07-06T19:13:50.602+08:00
2026-07-07 13:57:25,2026-07-06T19:14:00+08:00,2026-07-06T19:16:03+08:00,1.3831,103.6837,C,Cloud to Cloud,2026-07-06T19:13:50.613+08:00
2026-07-07 13:57:25,2026-07-06T19:14:00+08:00,2026-07-06T19:16:03+08:00,1.3831,103.6837,C,Cloud to Cloud,2026-07-06T19:13:50.613+08:00
2026-07-07 13:57:25,2026-07-06T19:14:00+08:00,2026-07-06T19:16:03+08:00,1.3851,103.6813,C,Cloud to Cloud,2026-07-06T19:13:50.617+08:00
2026-07-07 13:57:25,2026-07-06T19:14:00+08:00,2026-07-06T19:16:03+08:00,1.3851,103.6813,C,Cloud to Cloud,2026-07-06T19:13:50.617+08:00
2026-07-07 13:57:25,2026-07-06T19:14:00+08:00,2026-07-06T19:16:03+08:00,1.3868,103.6835,C,Cloud to Cloud,2026-07-06T19:13:50.617+08:00
2026-07-07 13:57:25,2026-07-06T19:14:00+08:00,2026-07-06T19:16:03+08:00,1.3838,103.6786,C,Cloud to Cloud,2026-07-06T19:13:50.617+08:00
2026-07-07 13:57:25,2026-07-06T19:14:00+08:00,2026-07-06T19:16:03+08:00,1.3842,103.6774,C,Cloud to Cloud,2026-07-06T19:13:50.617+08:00
2026-07-07 13:57:25,2026-07-06T19:14:00+08:00,2026-07-06T19:16:03+08:00,1.384,103.6767,C,Cloud to Cloud,2026-07-06T19:13:50.618+08:00
2026-07-07 13:57:25,2026-07-06T19:14:00+08:00,2026-07-06T19:16:03+08:00,1.3851,103.6764,C,Cloud to Cloud,2026-07-06T19:13:50.618+08:00
2026-07-07 13:57:25,2026-07-06T19:14:00+08:00,2026-07-06T19:16:03+08:00,1.385,103.6757,C,Cloud to Cloud,2026-07-06T19:13:50.618+08:00
2026-07-07 13:57:25,2026-07-06T19:14:00+08:00,2026-07-06T19:16:03+08:00,1.384,103.6772,C,Cloud to Cloud,2026-07-06T19:13:50.618+08:00
2026-07-07 13:57:25,2026-07-06T19:14:00+08:00,2026-07-06T19:16:03+08:00,1.3834,103.6777,C,Cloud to Cloud,2026-07-06T19:13:50.619+08:00
2026-07-07 13:57:25,2026-07-06T19:14:00+08:00,2026-07-06T19:16:03+08:00,1.3838,103.6778,C,Cloud to Cloud,2026-07-06T19:13:50.619+08:00
2026-07-07 13:57:25,2026-07-06T19:14:00+08:00,2026-07-06T19:16:03+08:00,1.3843,103.6837,C,Cloud to Cloud,2026-07-06T19:13:50.619+08:00
2026-07-07 13:57:25,2026-07-06T19:14:00+08:00,2026-07-06T19:16:03+08:00,1.3842,103.6765,C,Cloud to Cloud,2026-07-06T19:13:50.619+08:00
2026-07-07 13:57:25,2026-07-06T19:14:00+08:00,2026-07-06T19:16:03+08:00,1.3841,103.6768,C,Cloud to Cloud,2026-07-06T19:13:50.619+08:00
2026-07-07 13:57:25,2026-07-06T19:14:00+08:00,2026-07-06T19:16:03+08:00,1.3848,103.6765,C,Cloud to Cloud,2026-07-06T19:13:50.619+08:00
2026-07-07 13:57:25,2026-07-06T19:14:00+08:00,2026-07-06T19:16:03+08:00,1.3839,103.677,C,Cloud to Cloud,2026-07-06T19:13:50.619+08:00
2026-07-07 13:57:25,2026-07-06T19:14:00+08:00,2026-07-06T19:16:03+08:00,1.3843,103.6818,C,Cloud to Cloud,2026-07-06T19:13:50.619+08:00
2026-07-07 13:57:25,2026-07-06T19:14:00+08:00,2026-07-06T19:16:03+08:00,1.3851,103.6829,C,Cloud to Cloud,2026-07-06T19:13:50.62+08:00
2026-07-07 13:57:25,2026-07-06T19:14:00+08:00,2026-07-06T19:16:03+08:00,1.3824,103.6778,C,Cloud to Cloud,2026-07-06T19:13:50.62+08:00
2026-07-07 13:57:25,2026-07-06T19:14:00+08:00,2026-07-06T19:16:03+08:00,1.3848,103.6765,C,Cloud to Cloud,2026-07-06T19:13:50.62+08:00
2026-07-07 13:57:25,2026-07-06T19:14:00+08:00,2026-07-06T19:16:03+08:00,1.3853,103.683,C,Cloud to Cloud,2026-07-06T19:13:50.62+08:00
2026-07-07 13:57:25,2026-07-06T19:14:00+08:00,2026-07-06T19:16:03+08:00,1.3834,103.6826,C,Cloud to Cloud,2026-07-06T19:13:50.62+08:00
2026-07-07 13:57:25,2026-07-06T19:14:00+08:00,2026-07-06T19:16:03+08:00,1.3856,103.6754,C,Cloud to Cloud,2026-07-06T19:13:50.62+08:00
2026-07-07 13:57:25,2026-07-06T19:14:00+08:00,2026-07-06T19:16:03+08:00,1.3853,103.6834,C,Cloud to Cloud,2026-07-06T19:13:50.62+08:00
2026-07-07 13:57:25,2026-07-06T19:14:00+08:00,2026-07-06T19:16:03+08:00,1.3837,103.6776,C,Cloud to Cloud,2026-07-06T19:13:50.621+08:00
2026-07-07 13:57:25,2026-07-06T19:14:00+08:00,2026-07-06T19:16:03+08:00,1.3842,103.6832,C,Cloud to Cloud,2026-07-06T19:13:50.621+08:00
2026-07-07 13:57:25,2026-07-06T19:14:00+08:00,2026-07-06T19:16:03+08:00,1.3855,103.683,C,Cloud to Cloud,2026-07-06T19:13:50.621+08:00
2026-07-07 13:57:25,2026-07-06T19:14:00+08:00,2026-07-06T19:16:03+08:00,1.3842,103.682,C,Cloud to Cloud,2026-07-06T19:13:50.621+08:00
2026-07-07 13:57:25,2026-07-06T19:14:00+08:00,2026-07-06T19:16:03+08:00,1.3845,103.6831,C,Cloud to Cloud,2026-07-06T19:13:50.621+08:00
2026-07-07 13:57:25,2026-07-06T19:14:00+08:00,2026-07-06T19:16:03+08:00,1.3838,103.6775,C,Cloud to Cloud,2026-07-06T19:13:50.621+08:00
2026-07-07 13:57:25,2026-07-06T19:14:00+08:00,2026-07-06T19:16:03+08:00,1.3869,103.6857,C,Cloud to Cloud,2026-07-06T19:13:50.622+08:00
2026-07-07 13:57:25,2026-07-06T19:14:00+08:00,2026-07-06T19:16:03+08:00,1.3865,103.6845,C,Cloud to Cloud,2026-07-06T19:13:50.622+08:00
2026-07-07 13:57:25,2026-07-06T19:14:00+08:00,2026-07-06T19:16:03+08:00,1.3848,103.6753,C,Cloud to Cloud,2026-07-06T19:13:50.622+08:00
2026-07-07 13:57:25,2026-07-06T19:14:00+08:00,2026-07-06T19:16:03+08:00,1.3876,103.6859,C,Cloud to Cloud,2026-07-06T19:13:50.622+08:00
2026-07-07 13:57:25,2026-07-06T19:14:00+08:00,2026-07-06T19:16:03+08:00,1.3877,103.6877,C,Cloud to Cloud,2026-07-06T19:13:50.623+08:00
2026-07-07 13:57:25,2026-07-06T19:14:00+08:00,2026-07-06T19:16:03+08:00,1.3827,103.6773,C,Cloud to Cloud,2026-07-06T19:13:50.623+08:00
2026-07-07 13:57:25,2026-07-06T19:14:00+08:00,2026-07-06T19:16:03+08:00,1.3835,103.678,C,Cloud to Cloud,2026-07-06T19:13:50.623+08:00
2026-07-07 13:57:25,2026-07-06T19:14:00+08:00,2026-07-06T19:16:03+08:00,1.3806,103.6833,G,Cloud to Ground,2026-07-06T19:13:50.624+08:00
2026-07-07 13:57:25,2026-07-06T19:14:00+08:00,2026-07-06T19:16:03+08:00,1.3808,103.6865,C,Cloud to Cloud,2026-07-06T19:13:50.625+08:00
2026-07-07 13:57:25,2026-07-06T19:14:00+08:00,2026-07-06T19:16:03+08:00,1.3646,103.6739,C,Cloud to Cloud,2026-07-06T19:13:50.636+08:00
2026-07-07 13:57:25,2026-07-06T19:14:00+08:00,2026-07-06T19:16:03+08:00,1.3456,103.6508,C,Cloud to Cloud,2026-07-06T19:13:50.636+08:00
2026-07-07 13:57:25,2026-07-06T19:14:00+08:00,2026-07-06T19:16:03+08:00,1.3873,103.6832,C,Cloud to Cloud,2026-07-06T19:13:50.637+08:00
2026-07-07 13:57:25,2026-07-06T19:14:00+08:00,2026-07-06T19:16:03+08:00,1.3873,103.6832,C,Cloud to Cloud,2026-07-06T19:13:50.637+08:00
2026-07-07 13:57:25,2026-07-06T19:14:00+08:00,2026-07-06T19:16:03+08:00,1.3758,103.6726,C,Cloud to Cloud,2026-07-06T19:13:50.643+08:00
2026-07-07 13:57:25,2026-07-06T19:14:00+08:00,2026-07-06T19:16:03+08:00,1.3758,103.6726,C,Cloud to Cloud,2026-07-06T19:13:50.643+08:00
2026-07-07 13:57:25,2026-07-06T19:14:00+08:00,2026-07-06T19:16:03+08:00,1.3972,103.7011,C,Cloud to Cloud,2026-07-06T19:13:50.643+08:00
2026-07-07 13:57:25,2026-07-06T19:14:00+08:00,2026-07-06T19:16:03+08:00,1.3972,103.7021,C,Cloud to Cloud,2026-07-06T19:13:50.643+08:00
2026-07-07 13:57:25,2026-07-06T19:14:00+08:00,2026-07-06T19:16:03+08:00,1.3771,103.6734,C,Cloud to Cloud,2026-07-06T19:13:50.643+08:00
2026-07-07 13:57:25,2026-07-06T19:14:00+08:00,2026-07-06T19:16:03+08:00,1.3767,103.6704,C,Cloud to Cloud,2026-07-06T19:13:50.644+08:00
2026-07-07 13:57:25,2026-07-06T19:14:00+08:00,2026-07-06T19:16:03+08:00,1.3726,103.6691,C,Cloud to Cloud,2026-07-06T19:13:50.644+08:00
2026-07-07 13:57:25,2026-07-06T19:14:00+08:00,2026-07-06T19:16:03+08:00,1.3708,103.6696,C,Cloud to Cloud,2026-07-06T19:13:50.644+08:00
2026-07-07 13:57:25,2026-07-06T19:14:00+08:00,2026-07-06T19:16:03+08:00,1.3757,103.6728,C,Cloud to Cloud,2026-07-06T19:13:50.644+08:00
2026-07-07 13:57:25,2026-07-06T19:14:00+08:00,2026-07-06T19:16:03+08:00,1.3695,103.6644,C,Cloud to Cloud,2026-07-06T19:13:50.653+08:00
2026-07-07 13:57:25,2026-07-06T19:14:00+08:00,2026-07-06T19:16:03+08:00,1.3702,103.6627,C,Cloud to Cloud,2026-07-06T19:13:50.669+08:00
2026-07-07 13:57:25,2026-07-06T19:14:00+08:00,2026-07-06T19:16:03+08:00,1.3736,103.6675,C,Cloud to Cloud,2026-07-06T19:13:50.67+08:00
2026-07-07 13:57:25,2026-07-06T19:14:00+08:00,2026-07-06T19:16:03+08:00,1.38,103.6788,C,Cloud to Cloud,2026-07-06T19:13:50.67+08:00
2026-07-07 13:57:25,2026-07-06T19:14:00+08:00,2026-07-06T19:16:03+08:00,1.3849,103.6775,C,Cloud to Cloud,2026-07-06T19:13:50.67+08:00
2026-07-07 13:57:25,2026-07-06T19:14:00+08:00,2026-07-06T19:16:03+08:00,1.3646,103.655,C,Cloud to Cloud,2026-07-06T19:13:50.67+08:00
2026-07-07 13:57:25,2026-07-06T19:14:00+08:00,2026-07-06T19:16:03+08:00,1.3812,103.6807,C,Cloud to Cloud,2026-07-06T19:13:50.67+08:00
2026-07-07 13:57:25,2026-07-06T19:14:00+08:00,2026-07-06T19:16:03+08:00,1.3676,103.6734,C,Cloud to Cloud,2026-07-06T19:13:50.67+08:00
2026-07-07 13:57:25,2026-07-06T19:14:00+08:00,2026-07-06T19:16:03+08:00,1.3626,103.6545,C,Cloud to Cloud,2026-07-06T19:13:50.671+08:00
2026-07-07 13:57:25,2026-07-06T19:14:00+08:00,2026-07-06T19:16:03+08:00,1.3372,103.659,C,Cloud to Cloud,2026-07-06T19:13:50.672+08:00
2026-07-07 13:57:25,2026-07-06T19:14:00+08:00,2026-07-06T19:16:03+08:00,1.3376,103.6594,C,Cloud to Cloud,2026-07-06T19:13:50.672+08:00
2026-07-07 13:57:25,2026-07-06T19:14:00+08:00,2026-07-06T19:16:03+08:00,1.3549,103.6549,C,Cloud to Cloud,2026-07-06T19:13:50.706+08:00
2026-07-07 13:57:25,2026-07-06T19:14:00+08:00,2026-07-06T19:16:03+08:00,1.3614,103.6633,C,Cloud to Cloud,2026-07-06T19:13:50.706+08:00
2026-07-07 13:57:25,2026-07-06T19:14:00+08:00,2026-07-06T19:16:03+08:00,1.3506,103.6562,C,Cloud to Cloud,2026-07-06T19:13:50.712+08:00
2026-07-07 13:57:25,2026-07-06T19:14:00+08:00,2026-07-06T19:16:03+08:00,1.3959,103.7033,C,Cloud to Cloud,2026-07-06T19:13:50.718+08:00
2026-07-07 13:57:25,2026-07-06T19:14:00+08:00,2026-07-06T19:16:03+08:00,1.3928,103.6311,C,Cloud to Cloud,2026-07-06T19:13:50.718+08:00
2026-07-07 13:57:25,2026-07-06T19:14:00+08:00,2026-07-06T19:16:03+08:00,1.3957,103.7035,C,Cloud to Cloud,2026-07-06T19:13:50.718+08:00
2026-07-07 13:57:25,2026-07-06T19:14:00+08:00,2026-07-06T19:16:03+08:00,1.388,103.6406,C,Cloud to Cloud,2026-07-06T19:13:50.718+08:00
2026-07-07 13:57:25,2026-07-06T19:14:00+08:00,2026-07-06T19:16:03+08:00,1.3916,103.6979,C,Cloud to Cloud,2026-07-06T19:13:50.718+08:00
2026-07-07 13:57:25,2026-07-06T19:14:00+08:00,2026-07-06T19:16:03+08:00,1.3394,103.6564,C,Cloud to Cloud,2026-07-06T19:13:50.719+08:00
2026-07-07 13:57:25,2026-07-06T19:14:00+08:00,2026-07-06T19:16:03+08:00,1.3712,103.6504,C,Cloud to Cloud,2026-07-06T19:13:50.733+08:00
2026-07-07 13:57:25,2026-07-06T19:14:00+08:00,2026-07-06T19:16:03+08:00,1.3778,103.6598,C,Cloud to Cloud,2026-07-06T19:13:50.733+08:00
2026-07-07 13:57:25,2026-07-06T19:14:00+08:00,2026-07-06T19:16:03+08:00,1.3702,103.6468,C,Cloud to Cloud,2026-07-06T19:13:50.733+08:00
2026-07-07 13:57:25,2026-07-06T19:14:00+08:00,2026-07-06T19:16:03+08:00,1.3707,103.6562,C,Cloud to Cloud,2026-07-06T19:13:50.735+08:00
2026-07-07 13:57:25,2026-07-06T19:14:00+08:00,2026-07-06T19:16:03+08:00,1.3573,103.6469,C,Cloud to Cloud,2026-07-06T19:13:50.739+08:00
2026-07-07 13:57:25,2026-07-06T19:14:00+08:00,2026-07-06T19:16:03+08:00,1.3946,103.6653,C,Cloud to Cloud,2026-07-06T19:13:50.756+08:00
2026-07-07 13:57:25,2026-07-06T19:14:00+08:00,2026-07-06T19:16:03+08:00,1.3663,103.5331,C,Cloud to Cloud,2026-07-06T19:13:50.756+08:00
2026-07-07 13:57:25,2026-07-06T19:14:00+08:00,2026-07-06T19:16:03+08:00,1.3727,103.6223,C,Cloud to Cloud,2026-07-06T19:13:50.756+08:00
2026-07-07 13:57:25,2026-07-06T19:14:00+08:00,2026-07-06T19:16:03+08:00,1.3718,103.6195,C,Cloud to Cloud,2026-07-06T19:13:50.757+08:00
2026-07-07 13:57:25,2026-07-06T19:14:00+08:00,2026-07-06T19:16:03+08:00,1.3716,103.6185,C,Cloud to Cloud,2026-07-06T19:13:50.757+08:00
2026-07-07 13:57:25,2026-07-06T19:14:00+08:00,2026-07-06T19:16:03+08:00,1.3731,103.6221,C,Cloud to Cloud,2026-07-06T19:13:50.757+08:00
2026-07-07 13:57:25,2026-07-06T19:14:00+08:00,2026-07-06T19:16:03+08:00,1.3719,103.6208,C,Cloud to Cloud,2026-07-06T19:13:50.757+08:00
2026-07-07 13:57:25,2026-07-06T19:14:00+08:00,2026-07-06T19:16:03+08:00,1.372,103.6203,C,Cloud to Cloud,2026-07-06T19:13:50.757+08:00
2026-07-07 13:57:25,2026-07-06T19:14:00+08:00,2026-07-06T19:16:03+08:00,1.3723,103.6262,C,Cloud to Cloud,2026-07-06T19:13:50.757+08:00
2026-07-07 13:57:25,2026-07-06T19:14:00+08:00,2026-07-06T19:16:03+08:00,1.3647,103.6194,C,Cloud to Cloud,2026-07-06T19:13:50.757+08:00
2026-07-07 13:57:25,2026-07-06T19:14:00+08:00,2026-07-06T19:16:03+08:00,1.37,103.6226,C,Cloud to Cloud,2026-07-06T19:13:50.757+08:00
2026-07-07 13:57:25,2026-07-06T19:14:00+08:00,2026-07-06T19:16:03+08:00,1.371,103.621,C,Cloud to Cloud,2026-07-06T19:13:50.757+08:00
2026-07-07 13:57:25,2026-07-06T19:14:00+08:00,2026-07-06T19:16:03+08:00,1.3684,103.6261,C,Cloud to Cloud,2026-07-06T19:13:50.757+08:00
2026-07-07 13:57:25,2026-07-06T19:14:00+08:00,2026-07-06T19:16:03+08:00,1.3701,103.6193,C,Cloud to Cloud,2026-07-06T19:13:50.758+08:00
2026-07-07 13:57:25,2026-07-06T19:14:00+08:00,2026-07-06T19:16:03+08:00,1.3678,103.6148,C,Cloud to Cloud,2026-07-06T19:13:50.758+08:00
2026-07-07 13:57:25,2026-07-06T19:14:00+08:00,2026-07-06T19:16:03+08:00,1.3787,103.6376,C,Cloud to Cloud,2026-07-06T19:13:50.758+08:00
2026-07-07 13:57:25,2026-07-06T19:14:00+08:00,2026-07-06T19:16:03+08:00,1.3703,103.621,C,Cloud to Cloud,2026-07-06T19:13:50.758+08:00
2026-07-07 13:57:25,2026-07-06T19:14:00+08:00,2026-07-06T19:16:03+08:00,1.3701,103.6193,C,Cloud to Cloud,2026-07-06T19:13:50.758+08:00
2026-07-07 13:57:25,2026-07-06T19:14:00+08:00,2026-07-06T19:16:03+08:00,1.3693,103.6203,C,Cloud to Cloud,2026-07-06T19:13:50.758+08:00
2026-07-07 13:57:25,2026-07-06T19:14:00+08:00,2026-07-06T19:16:03+08:00,1.3696,103.6161,C,Cloud to Cloud,2026-07-06T19:13:50.758+08:00
2026-07-07 13:57:25,2026-07-06T19:14:00+08:00,2026-07-06T19:16:03+08:00,1.3696,103.6144,C,Cloud to Cloud,2026-07-06T19:13:50.758+08:00
2026-07-07 13:57:25,2026-07-06T19:14:00+08:00,2026-07-06T19:16:03+08:00,1.3688,103.6185,C,Cloud to Cloud,2026-07-06T19:13:50.758+08:00
2026-07-07 13:57:25,2026-07-06T19:14:00+08:00,2026-07-06T19:16:03+08:00,1.3929,103.6609,C,Cloud to Cloud,2026-07-06T19:13:50.759+08:00
2026-07-07 13:57:25,2026-07-06T19:14:00+08:00,2026-07-06T19:16:03+08:00,1.3692,103.6144,C,Cloud to Cloud,2026-07-06T19:13:50.759+08:00
2026-07-07 13:57:25,2026-07-06T19:14:00+08:00,2026-07-06T19:16:03+08:00,1.3671,103.6115,C,Cloud to Cloud,2026-07-06T19:13:50.759+08:00
2026-07-07 13:57:25,2026-07-06T19:14:00+08:00,2026-07-06T19:16:03+08:00,1.3685,103.6158,C,Cloud to Cloud,2026-07-06T19:13:50.759+08:00
2026-07-07 13:57:25,2026-07-06T19:14:00+08:00,2026-07-06T19:16:03+08:00,1.366,103.6053,C,Cloud to Cloud,2026-07-06T19:13:50.759+08:00
2026-07-07 13:57:25,2026-07-06T19:14:00+08:00,2026-07-06T19:16:03+08:00,1.3417,103.6376,C,Cloud to Cloud,2026-07-06T19:13:50.781+08:00
2026-07-07 13:57:25,2026-07-06T19:14:00+08:00,2026-07-06T19:16:03+08:00,1.3486,103.6465,C,Cloud to Cloud,2026-07-06T19:13:50.781+08:00
2026-07-07 13:57:25,2026-07-06T19:14:00+08:00,2026-07-06T19:16:03+08:00,1.3807,103.6806,G,Cloud to Ground,2026-07-06T19:13:50.827+08:00
2026-07-07 13:57:25,2026-07-06T19:14:00+08:00,2026-07-06T19:16:03+08:00,1.3627,103.7118,C,Cloud to Cloud,2026-07-06T19:13:50.827+08:00
2026-07-07 13:57:25,2026-07-06T19:14:00+08:00,2026-07-06T19:16:03+08:00,1.3632,103.6436,C,Cloud to Cloud,2026-07-06T19:13:50.828+08:00
2026-07-07 13:57:25,2026-07-06T19:14:00+08:00,2026-07-06T19:16:03+08:00,1.3756,103.6626,C,Cloud to Cloud,2026-07-06T19:13:50.828+08:00
2026-07-07 13:57:25,2026-07-06T19:14:00+08:00,2026-07-06T19:16:03+08:00,1.364,103.6474,C,Cloud to Cloud,2026-07-06T19:13:50.828+08:00
2026-07-07 13:57:25,2026-07-06T19:14:00+08:00,2026-07-06T19:16:03+08:00,1.362,103.6384,C,Cloud to Cloud,2026-07-06T19:13:50.828+08:00
2026-07-07 13:57:25,2026-07-06T19:14:00+08:00,2026-07-06T19:16:03+08:00,1.3625,103.6487,C,Cloud to Cloud,2026-07-06T19:13:50.835+08:00
2026-07-07 13:57:25,2026-07-06T19:14:00+08:00,2026-07-06T19:16:03+08:00,1.3672,103.6556,C,Cloud to Cloud,2026-07-06T19:13:50.835+08:00
2026-07-07 13:57:25,2026-07-06T19:14:00+08:00,2026-07-06T19:16:03+08:00,1.3576,103.6504,C,Cloud to Cloud,2026-07-06T19:13:50.875+08:00
2026-07-07 13:57:25,2026-07-06T19:14:00+08:00,2026-07-06T19:16:03+08:00,1.3809,103.6822,C,Cloud to Cloud,2026-07-06T19:13:50.875+08:00
2026-07-07 13:57:25,2026-07-06T19:14:00+08:00,2026-07-06T19:16:03+08:00,1.3626,103.6573,C,Cloud to Cloud,2026-07-06T19:13:50.875+08:00
2026-07-07 13:57:25,2026-07-06T19:14:00+08:00,2026-07-06T19:16:03+08:00,1.3749,103.678,C,Cloud to Cloud,2026-07-06T19:13:50.91+08:00
2026-07-07 13:57:25,2026-07-06T19:14:00+08:00,2026-07-06T19:16:03+08:00,1.403,103.7069,C,Cloud to Cloud,2026-07-06T19:13:50.91+08:00
2026-07-07 13:57:25,2026-07-06T19:14:00+08:00,2026-07-06T19:16:03+08:00,1.388,103.674,C,Cloud to Cloud,2026-07-06T19:13:50.911+08:00
2026-07-07 13:57:25,2026-07-06T19:14:00+08:00,2026-07-06T19:16:03+08:00,1.4036,103.7077,C,Cloud to Cloud,2026-07-06T19:13:50.911+08:00
2026-07-07 13:57:25,2026-07-06T19:14:00+08:00,2026-07-06T19:16:03+08:00,1.3945,103.6679,C,Cloud to Cloud,2026-07-06T19:13:50.911+08:00
2026-07-07 13:57:25,2026-07-06T19:14:00+08:00,2026-07-06T19:16:03+08:00,1.3807,103.6805,G,Cloud to Ground,2026-07-06T19:13:50.911+08:00
2026-07-07 13:57:25,2026-07-06T19:14:00+08:00,2026-07-06T19:16:03+08:00,1.3814,103.6786,C,Cloud to Cloud,2026-07-06T19:13:50.911+08:00
2026-07-07 13:57:25,2026-07-06T19:14:00+08:00,2026-07-06T19:16:03+08:00,1.3732,103.6535,C,Cloud to Cloud,2026-07-06T19:13:50.911+08:00
2026-07-07 13:57:25,2026-07-06T19:14:00+08:00,2026-07-06T19:16:03+08:00,1.3966,103.6713,C,Cloud to Cloud,2026-07-06T19:13:50.925+08:00
2026-07-07 13:57:25,2026-07-06T19:14:00+08:00,2026-07-06T19:16:03+08:00,1.412,103.7095,C,Cloud to Cloud,2026-07-06T19:13:50.925+08:00
2026-07-07 13:57:25,2026-07-06T19:14:00+08:00,2026-07-06T19:16:03+08:00,1.3532,103.6297,C,Cloud to Cloud,2026-07-06T19:13:50.931+08:00
2026-07-07 13:57:25,2026-07-06T19:14:00+08:00,2026-07-06T19:16:03+08:00,1.3641,103.6541,C,Cloud to Cloud,2026-07-06T19:13:50.959+08:00
2026-07-07 13:57:25,2026-07-06T19:14:00+08:00,2026-07-06T19:16:03+08:00,1.3721,103.6682,C,Cloud to Cloud,2026-07-06T19:13:50.959+08:00
2026-07-07 13:57:25,2026-07-06T19:14:00+08:00,2026-07-06T19:16:03+08:00,1.4071,103.7058,C,Cloud to Cloud,2026-07-06T19:13:50.959+08:00
2026-07-07 13:57:25,2026-07-06T19:14:00+08:00,2026-07-06T19:16:03+08:00,1.3882,103.6749,C,Cloud to Cloud,2026-07-06T19:13:50.96+08:00
2026-07-07 13:57:25,2026-07-06T19:14:00+08:00,2026-07-06T19:16:03+08:00,1.3809,103.6804,G,Cloud to Ground,2026-07-06T19:13:50.96+08:00
2026-07-07 13:57:25,2026-07-06T19:14:00+08:00,2026-07-06T19:16:03+08:00,1.3486,103.589,C,Cloud to Cloud,2026-07-06T19:13:51.025+08:00
2026-07-07 13:57:25,2026-07-06T19:14:00+08:00,2026-07-06T19:16:03+08:00,1.3517,103.6492,C,Cloud to Cloud,2026-07-06T19:13:51.025+08:00
2026-07-07 13:57:25,2026-07-06T19:14:00+08:00,2026-07-06T19:16:03+08:00,1.3741,103.6291,C,Cloud to Cloud,2026-07-06T19:13:51.031+08:00
2026-07-07 13:57:25,2026-07-06T19:14:00+08:00,2026-07-06T19:16:03+08:00,1.37,103.6392,C,Cloud to Cloud,2026-07-06T19:13:51.031+08:00
2026-07-07 13:57:25,2026-07-06T19:14:00+08:00,2026-07-06T19:16:03+08:00,1.3699,103.6393,C,Cloud to Cloud,2026-07-06T19:13:51.031+08:00
2026-07-07 13:57:25,2026-07-06T19:14:00+08:00,2026-07-06T19:16:03+08:00,1.3619,103.6531,C,Cloud to Cloud,2026-07-06T19:13:51.031+08:00
2026-07-07 13:57:25,2026-07-06T19:14:00+08:00,2026-07-06T19:16:03+08:00,1.3619,103.6531,C,Cloud to Cloud,2026-07-06T19:13:51.031+08:00
2026-07-07 13:57:25,2026-07-06T19:14:00+08:00,2026-07-06T19:16:03+08:00,1.3602,103.6506,C,Cloud to Cloud,2026-07-06T19:13:51.031+08:00
2026-07-07 13:57:25,2026-07-06T19:14:00+08:00,2026-07-06T19:16:03+08:00,1.3681,103.6937,C,Cloud to Cloud,2026-07-06T19:13:51.031+08:00
2026-07-07 13:57:25,2026-07-06T19:14:00+08:00,2026-07-06T19:16:03+08:00,1.3752,103.6689,C,Cloud to Cloud,2026-07-06T19:13:51.032+08:00
2026-07-07 13:57:25,2026-07-06T19:14:00+08:00,2026-07-06T19:16:03+08:00,1.3742,103.6675,C,Cloud to Cloud,2026-07-06T19:13:51.032+08:00
2026-07-07 13:57:25,2026-07-06T19:14:00+08:00,2026-07-06T19:16:03+08:00,1.3759,103.6691,C,Cloud to Cloud,2026-07-06T19:13:51.032+08:00
2026-07-07 13:57:25,2026-07-06T19:14:00+08:00,2026-07-06T19:16:03+08:00,1.3833,103.6779,G,Cloud to Ground,2026-07-06T19:13:51.032+08:00
2026-07-07 13:57:25,2026-07-06T19:14:00+08:00,2026-07-06T19:16:03+08:00,1.3629,103.6211,C,Cloud to Cloud,2026-07-06T19:13:51.032+08:00
2026-07-07 13:57:25,2026-07-06T19:14:00+08:00,2026-07-06T19:16:03+08:00,1.3623,103.6227,C,Cloud to Cloud,2026-07-06T19:13:51.032+08:00
2026-07-07 13:57:25,2026-07-06T19:14:00+08:00,2026-07-06T19:16:03+08:00,1.3589,103.62,C,Cloud to Cloud,2026-07-06T19:13:51.032+08:00
2026-07-07 13:57:25,2026-07-06T19:14:00+08:00,2026-07-06T19:16:03+08:00,1.3906,103.6236,C,Cloud to Cloud,2026-07-06T19:13:51.091+08:00
2026-07-07 13:57:25,2026-07-06T19:14:00+08:00,2026-07-06T19:16:03+08:00,1.3811,103.6827,C,Cloud to Cloud,2026-07-06T19:13:51.122+08:00
2026-07-07 13:57:25,2026-07-06T19:14:00+08:00,2026-07-06T19:16:03+08:00,1.3689,103.6661,C,Cloud to Cloud,2026-07-06T19:13:51.122+08:00
2026-07-07 13:57:25,2026-07-06T19:14:00+08:00,2026-07-06T19:16:03+08:00,1.3746,103.6724,C,Cloud to Cloud,2026-07-06T19:13:51.122+08:00
2026-07-07 13:57:25,2026-07-06T19:14:00+08:00,2026-07-06T19:16:03+08:00,1.3861,103.6719,C,Cloud to Cloud,2026-07-06T19:13:51.122+08:00
2026-07-07 13:57:25,2026-07-06T19:14:00+08:00,2026-07-06T19:16:03+08:00,1.3856,103.6758,C,Cloud to Cloud,2026-07-06T19:13:51.122+08:00
2026-07-07 13:57:25,2026-07-06T19:14:00+08:00,2026-07-06T19:16:03+08:00,1.3805,103.6811,C,Cloud to Cloud,2026-07-06T19:13:51.123+08:00
2026-07-07 13:57:25,2026-07-06T19:12:00+08:00,2026-07-06T19:14:03+08:00,1.3786,103.6761,C,Cloud to Cloud,2026-07-06T19:10:02.561+08:00
2026-07-07 13:57:25,2026-07-06T19:12:00+08:00,2026-07-06T19:14:03+08:00,1.3788,103.6759,C,Cloud to Cloud,2026-07-06T19:10:02.561+08:00
2026-07-07 13:57:25,2026-07-06T19:12:00+08:00,2026-07-06T19:14:03+08:00,1.3771,103.6736,C,Cloud to Cloud,2026-07-06T19:10:02.561+08:00
2026-07-07 13:57:25,2026-07-06T19:12:00+08:00,2026-07-06T19:14:03+08:00,1.3762,103.671,C,Cloud to Cloud,2026-07-06T19:10:02.561+08:00
2026-07-07 13:57:25,2026-07-06T19:12:00+08:00,2026-07-06T19:14:03+08:00,1.3754,103.6701,C,Cloud to Cloud,2026-07-06T19:10:02.561+08:00
2026-07-07 13:57:25,2026-07-06T19:12:00+08:00,2026-07-06T19:14:03+08:00,1.3747,103.659,C,Cloud to Cloud,2026-07-06T19:10:02.561+08:00
2026-07-07 13:57:25,2026-07-06T19:12:00+08:00,2026-07-06T19:14:03+08:00,1.3745,103.6662,C,Cloud to Cloud,2026-07-06T19:10:02.561+08:00
2026-07-07 13:57:25,2026-07-06T19:12:00+08:00,2026-07-06T19:14:03+08:00,1.3745,103.66,C,Cloud to Cloud,2026-07-06T19:10:02.561+08:00
2026-07-07 13:57:25,2026-07-06T19:12:00+08:00,2026-07-06T19:14:03+08:00,1.3741,103.6654,C,Cloud to Cloud,2026-07-06T19:10:02.561+08:00
2026-07-07 13:57:25,2026-07-06T19:12:00+08:00,2026-07-06T19:14:03+08:00,1.3733,103.6644,C,Cloud to Cloud,2026-07-06T19:10:02.561+08:00
2026-07-07 13:57:25,2026-07-06T19:12:00+08:00,2026-07-06T19:14:03+08:00,1.3745,103.6599,C,Cloud to Cloud,2026-07-06T19:10:02.561+08:00
2026-07-07 13:57:25,2026-07-06T19:12:00+08:00,2026-07-06T19:14:03+08:00,1.3954,103.696,C,Cloud to Cloud,2026-07-06T19:10:02.562+08:00
2026-07-07 13:57:25,2026-07-06T19:12:00+08:00,2026-07-06T19:14:03+08:00,1.3743,103.6663,C,Cloud to Cloud,2026-07-06T19:10:02.562+08:00
2026-07-07 13:57:25,2026-07-06T19:12:00+08:00,2026-07-06T19:14:03+08:00,1.3736,103.6657,C,Cloud to Cloud,2026-07-06T19:10:02.562+08:00
2026-07-07 13:57:25,2026-07-06T19:12:00+08:00,2026-07-06T19:14:03+08:00,1.3733,103.6647,C,Cloud to Cloud,2026-07-06T19:10:02.562+08:00
2026-07-07 13:57:25,2026-07-06T19:12:00+08:00,2026-07-06T19:14:03+08:00,1.3733,103.663,C,Cloud to Cloud,2026-07-06T19:10:02.562+08:00
2026-07-07 13:57:25,2026-07-06T19:12:00+08:00,2026-07-06T19:14:03+08:00,1.3739,103.6651,C,Cloud to Cloud,2026-07-06T19:10:02.562+08:00
2026-07-07 13:57:25,2026-07-06T19:12:00+08:00,2026-07-06T19:14:03+08:00,1.3737,103.6643,C,Cloud to Cloud,2026-07-06T19:10:02.562+08:00
2026-07-07 13:57:25,2026-07-06T19:12:00+08:00,2026-07-06T19:14:03+08:00,1.3739,103.6636,C,Cloud to Cloud,2026-07-06T19:10:02.562+08:00
2026-07-07 13:57:25,2026-07-06T19:12:00+08:00,2026-07-06T19:14:03+08:00,1.3733,103.6648,C,Cloud to Cloud,2026-07-06T19:10:02.563+08:00
2026-07-07 13:57:25,2026-07-06T19:12:00+08:00,2026-07-06T19:14:03+08:00,1.3748,103.6639,C,Cloud to Cloud,2026-07-06T19:10:02.563+08:00
2026-07-07 13:57:25,2026-07-06T19:12:00+08:00,2026-07-06T19:14:03+08:00,1.3745,103.6637,C,Cloud to Cloud,2026-07-06T19:10:02.563+08:00
2026-07-07 13:57:25,2026-07-06T19:12:00+08:00,2026-07-06T19:14:03+08:00,1.374,103.6649,C,Cloud to Cloud,2026-07-06T19:10:02.563+08:00
2026-07-07 13:57:25,2026-07-06T19:12:00+08:00,2026-07-06T19:14:03+08:00,1.3738,103.6646,C,Cloud to Cloud,2026-07-06T19:10:02.563+08:00
2026-07-07 13:57:25,2026-07-06T19:12:00+08:00,2026-07-06T19:14:03+08:00,1.3756,103.6661,C,Cloud to Cloud,2026-07-06T19:10:02.563+08:00
2026-07-07 13:57:25,2026-07-06T19:12:00+08:00,2026-07-06T19:14:03+08:00,1.3733,103.6653,C,Cloud to Cloud,2026-07-06T19:10:02.563+08:00
2026-07-07 13:57:25,2026-07-06T19:12:00+08:00,2026-07-06T19:14:03+08:00,1.3736,103.6632,C,Cloud to Cloud,2026-07-06T19:10:02.563+08:00
2026-07-07 13:57:25,2026-07-06T19:12:00+08:00,2026-07-06T19:14:03+08:00,1.3741,103.665,C,Cloud to Cloud,2026-07-06T19:10:02.563+08:00
2026-07-07 13:57:25,2026-07-06T19:12:00+08:00,2026-07-06T19:14:03+08:00,1.3747,103.6675,C,Cloud to Cloud,2026-07-06T19:10:02.564+08:00
2026-07-07 13:57:25,2026-07-06T19:12:00+08:00,2026-07-06T19:14:03+08:00,1.3738,103.6665,C,Cloud to Cloud,2026-07-06T19:10:02.564+08:00
2026-07-07 13:57:25,2026-07-06T19:12:00+08:00,2026-07-06T19:14:03+08:00,1.3754,103.6682,C,Cloud to Cloud,2026-07-06T19:10:02.564+08:00
2026-07-07 13:57:25,2026-07-06T19:12:00+08:00,2026-07-06T19:14:03+08:00,1.3726,103.6642,C,Cloud to Cloud,2026-07-06T19:10:02.564+08:00
2026-07-07 13:57:25,2026-07-06T19:12:00+08:00,2026-07-06T19:14:03+08:00,1.3738,103.6624,C,Cloud to Cloud,2026-07-06T19:10:02.564+08:00
2026-07-07 13:57:25,2026-07-06T19:12:00+08:00,2026-07-06T19:14:03+08:00,1.3736,103.6625,C,Cloud to Cloud,2026-07-06T19:10:02.564+08:00
2026-07-07 13:57:25,2026-07-06T19:12:00+08:00,2026-07-06T19:14:03+08:00,1.3741,103.6639,C,Cloud to Cloud,2026-07-06T19:10:02.564+08:00
2026-07-07 13:57:25,2026-07-06T19:12:00+08:00,2026-07-06T19:14:03+08:00,1.3734,103.6664,C,Cloud to Cloud,2026-07-06T19:10:02.615+08:00
2026-07-07 13:57:25,2026-07-06T19:12:00+08:00,2026-07-06T19:14:03+08:00,1.3734,103.6664,C,Cloud to Cloud,2026-07-06T19:10:02.615+08:00
2026-07-07 13:57:25,2026-07-06T19:12:00+08:00,2026-07-06T19:14:03+08:00,1.3842,103.6571,C,Cloud to Cloud,2026-07-06T19:10:02.65+08:00
2026-07-07 13:57:25,2026-07-06T19:12:00+08:00,2026-07-06T19:14:03+08:00,1.3842,103.6571,C,Cloud to Cloud,2026-07-06T19:10:02.65+08:00
2026-07-07 13:57:25,2026-07-06T19:12:00+08:00,2026-07-06T19:14:03+08:00,1.3823,103.6568,C,Cloud to Cloud,2026-07-06T19:10:02.65+08:00
2026-07-07 13:57:25,2026-07-06T19:12:00+08:00,2026-07-06T19:14:03+08:00,1.3702,103.6334,C,Cloud to Cloud,2026-07-06T19:10:02.651+08:00
2026-07-07 13:57:25,2026-07-06T19:12:00+08:00,2026-07-06T19:14:03+08:00,1.3848,103.6535,C,Cloud to Cloud,2026-07-06T19:10:02.651+08:00
2026-07-07 13:57:25,2026-07-06T19:12:00+08:00,2026-07-06T19:14:03+08:00,1.3652,103.6192,C,Cloud to Cloud,2026-07-06T19:10:02.651+08:00
2026-07-07 13:57:25,2026-07-06T19:12:00+08:00,2026-07-06T19:14:03+08:00,1.388,103.656,C,Cloud to Cloud,2026-07-06T19:10:02.651+08:00
2026-07-07 13:57:25,2026-07-06T19:12:00+08:00,2026-07-06T19:14:03+08:00,1.3878,103.6606,C,Cloud to Cloud,2026-07-06T19:10:02.651+08:00
2026-07-07 13:57:25,2026-07-06T19:12:00+08:00,2026-07-06T19:14:03+08:00,1.387,103.657,C,Cloud to Cloud,2026-07-06T19:10:02.652+08:00
2026-07-07 13:57:25,2026-07-06T19:12:00+08:00,2026-07-06T19:14:03+08:00,1.3857,103.6545,C,Cloud to Cloud,2026-07-06T19:10:02.652+08:00
2026-07-07 13:57:25,2026-07-06T19:12:00+08:00,2026-07-06T19:14:03+08:00,1.3891,103.656,C,Cloud to Cloud,2026-07-06T19:10:02.652+08:00
2026-07-07 13:57:25,2026-07-06T19:12:00+08:00,2026-07-06T19:14:03+08:00,1.3881,103.6539,C,Cloud to Cloud,2026-07-06T19:10:02.652+08:00
2026-07-07 13:57:25,2026-07-06T19:12:00+08:00,2026-07-06T19:14:03+08:00,1.3864,103.6599,C,Cloud to Cloud,2026-07-06T19:10:02.652+08:00
2026-07-07 13:57:25,2026-07-06T19:12:00+08:00,2026-07-06T19:14:03+08:00,1.3847,103.6568,C,Cloud to Cloud,2026-07-06T19:10:02.652+08:00
2026-07-07 13:57:25,2026-07-06T19:12:00+08:00,2026-07-06T19:14:03+08:00,1.3852,103.6587,C,Cloud to Cloud,2026-07-06T19:10:02.652+08:00
2026-07-07 13:57:25,2026-07-06T19:12:00+08:00,2026-07-06T19:14:03+08:00,1.3852,103.6587,C,Cloud to Cloud,2026-07-06T19:10:02.652+08:00
2026-07-07 13:57:25,2026-07-06T19:12:00+08:00,2026-07-06T19:14:03+08:00,1.3725,103.6609,C,Cloud to Cloud,2026-07-06T19:10:02.689+08:00
2026-07-07 13:57:25,2026-07-06T19:12:00+08:00,2026-07-06T19:14:03+08:00,1.3725,103.6609,C,Cloud to Cloud,2026-07-06T19:10:02.689+08:00
2026-07-07 13:57:25,2026-07-06T19:12:00+08:00,2026-07-06T19:14:03+08:00,1.3723,103.6629,C,Cloud to Cloud,2026-07-06T19:10:02.689+08:00
2026-07-07 13:57:25,2026-07-06T19:12:00+08:00,2026-07-06T19:14:03+08:00,1.3648,103.6582,C,Cloud to Cloud,2026-07-06T19:10:02.69+08:00
2026-07-07 13:57:25,2026-07-06T19:12:00+08:00,2026-07-06T19:14:03+08:00,1.3769,103.6805,C,Cloud to Cloud,2026-07-06T19:10:02.69+08:00
2026-07-07 13:57:25,2026-07-06T19:12:00+08:00,2026-07-06T19:14:03+08:00,1.3679,103.6653,C,Cloud to Cloud,2026-07-06T19:10:02.69+08:00
2026-07-07 13:57:25,2026-07-06T19:12:00+08:00,2026-07-06T19:14:03+08:00,1.3678,103.668,C,Cloud to Cloud,2026-07-06T19:10:02.69+08:00
2026-07-07 13:57:25,2026-07-06T19:12:00+08:00,2026-07-06T19:14:03+08:00,1.3756,103.6808,C,Cloud to Cloud,2026-07-06T19:10:02.69+08:00
2026-07-07 13:57:25,2026-07-06T19:12:00+08:00,2026-07-06T19:14:03+08:00,1.3861,103.6943,C,Cloud to Cloud,2026-07-06T19:10:02.69+08:00
2026-07-07 13:57:25,2026-07-06T19:12:00+08:00,2026-07-06T19:14:03+08:00,1.3773,103.683,C,Cloud to Cloud,2026-07-06T19:10:02.69+08:00
2026-07-07 13:57:25,2026-07-06T19:12:00+08:00,2026-07-06T19:14:03+08:00,1.3788,103.684,C,Cloud to Cloud,2026-07-06T19:10:02.691+08:00
2026-07-07 13:57:25,2026-07-06T19:12:00+08:00,2026-07-06T19:14:03+08:00,1.3788,103.684,C,Cloud to Cloud,2026-07-06T19:10:02.691+08:00
2026-07-07 13:57:25,2026-07-06T19:12:00+08:00,2026-07-06T19:14:03+08:00,1.3782,103.6825,C,Cloud to Cloud,2026-07-06T19:10:02.691+08:00
2026-07-07 13:57:25,2026-07-06T19:12:00+08:00,2026-07-06T19:14:03+08:00,1.3769,103.6824,C,Cloud to Cloud,2026-07-06T19:10:02.691+08:00
2026-07-07 13:57:25,2026-07-06T19:12:00+08:00,2026-07-06T19:14:03+08:00,1.3779,103.6831,C,Cloud to Cloud,2026-07-06T19:10:02.691+08:00
2026-07-07 13:57:25,2026-07-06T19:12:00+08:00,2026-07-06T19:14:03+08:00,1.3771,103.6833,C,Cloud to Cloud,2026-07-06T19:10:02.691+08:00
2026-07-07 13:57:25,2026-07-06T19:12:00+08:00,2026-07-06T19:14:03+08:00,1.3771,103.6833,C,Cloud to Cloud,2026-07-06T19:10:02.691+08:00
2026-07-07 13:57:25,2026-07-06T19:12:00+08:00,2026-07-06T19:14:03+08:00,1.3772,103.6537,C,Cloud to Cloud,2026-07-06T19:10:02.735+08:00
2026-07-07 13:57:25,2026-07-06T19:12:00+08:00,2026-07-06T19:14:03+08:00,1.3635,103.6308,C,Cloud to Cloud,2026-07-06T19:10:02.735+08:00
2026-07-07 13:57:25,2026-07-06T19:12:00+08:00,2026-07-06T19:14:03+08:00,1.3773,103.656,C,Cloud to Cloud,2026-07-06T19:10:02.735+08:00
2026-07-07 13:57:25,2026-07-06T19:12:00+08:00,2026-07-06T19:14:03+08:00,1.3681,103.6482,C,Cloud to Cloud,2026-07-06T19:10:02.735+08:00
2026-07-07 13:57:25,2026-07-06T19:12:00+08:00,2026-07-06T19:14:03+08:00,1.3706,103.6393,C,Cloud to Cloud,2026-07-06T19:10:02.735+08:00
2026-07-07 13:57:25,2026-07-06T19:12:00+08:00,2026-07-06T19:14:03+08:00,1.368,103.6384,C,Cloud to Cloud,2026-07-06T19:10:02.735+08:00
2026-07-07 13:57:25,2026-07-06T19:12:00+08:00,2026-07-06T19:14:03+08:00,1.3611,103.6264,C,Cloud to Cloud,2026-07-06T19:10:02.735+08:00
2026-07-07 13:57:25,2026-07-06T19:12:00+08:00,2026-07-06T19:14:03+08:00,1.3856,103.6512,C,Cloud to Cloud,2026-07-06T19:10:02.736+08:00
2026-07-07 13:57:25,2026-07-06T19:12:00+08:00,2026-07-06T19:14:03+08:00,1.3813,103.656,C,Cloud to Cloud,2026-07-06T19:10:02.736+08:00
2026-07-07 13:57:25,2026-07-06T19:12:00+08:00,2026-07-06T19:14:03+08:00,1.3798,103.6534,C,Cloud to Cloud,2026-07-06T19:10:02.736+08:00
2026-07-07 13:57:25,2026-07-06T19:12:00+08:00,2026-07-06T19:14:03+08:00,1.3764,103.6524,C,Cloud to Cloud,2026-07-06T19:10:02.736+08:00
2026-07-07 13:57:25,2026-07-06T19:12:00+08:00,2026-07-06T19:14:03+08:00,1.3813,103.6534,C,Cloud to Cloud,2026-07-06T19:10:02.736+08:00
2026-07-07 13:57:25,2026-07-06T19:12:00+08:00,2026-07-06T19:14:03+08:00,1.3809,103.6539,C,Cloud to Cloud,2026-07-06T19:10:02.736+08:00
2026-07-07 13:57:25,2026-07-06T19:12:00+08:00,2026-07-06T19:14:03+08:00,1.3816,103.6489,C,Cloud to Cloud,2026-07-06T19:10:02.736+08:00
2026-07-07 13:57:25,2026-07-06T19:12:00+08:00,2026-07-06T19:14:03+08:00,1.382,103.654,C,Cloud to Cloud,2026-07-06T19:10:02.736+08:00
2026-07-07 13:57:25,2026-07-06T19:12:00+08:00,2026-07-06T19:14:03+08:00,1.3796,103.6543,C,Cloud to Cloud,2026-07-06T19:10:02.737+08:00
2026-07-07 13:57:25,2026-07-06T19:12:00+08:00,2026-07-06T19:14:03+08:00,1.3795,103.6553,C,Cloud to Cloud,2026-07-06T19:10:02.737+08:00
2026-07-07 13:57:25,2026-07-06T19:12:00+08:00,2026-07-06T19:14:03+08:00,1.379,103.6547,C,Cloud to Cloud,2026-07-06T19:10:02.737+08:00
2026-07-07 13:57:25,2026-07-06T19:12:00+08:00,2026-07-06T19:14:03+08:00,1.3802,103.6569,C,Cloud to Cloud,2026-07-06T19:10:02.737+08:00
2026-07-07 13:57:25,2026-07-06T19:12:00+08:00,2026-07-06T19:14:03+08:00,1.3803,103.6522,C,Cloud to Cloud,2026-07-06T19:10:02.737+08:00
2026-07-07 13:57:25,2026-07-06T19:12:00+08:00,2026-07-06T19:14:03+08:00,1.3677,103.6234,C,Cloud to Cloud,2026-07-06T19:10:02.737+08:00
2026-07-07 13:57:25,2026-07-06T19:12:00+08:00,2026-07-06T19:14:03+08:00,1.3795,103.6508,C,Cloud to Cloud,2026-07-06T19:10:02.737+08:00
2026-07-07 13:57:25,2026-07-06T19:12:00+08:00,2026-07-06T19:14:03+08:00,1.382,103.6537,C,Cloud to Cloud,2026-07-06T19:10:02.737+08:00
2026-07-07 13:57:25,2026-07-06T19:12:00+08:00,2026-07-06T19:14:03+08:00,1.382,103.6537,C,Cloud to Cloud,2026-07-06T19:10:02.737+08:00
2026-07-07 13:57:25,2026-07-06T19:12:00+08:00,2026-07-06T19:14:03+08:00,1.3803,103.6547,C,Cloud to Cloud,2026-07-06T19:10:02.738+08:00
2026-07-07 13:57:25,2026-07-06T19:12:00+08:00,2026-07-06T19:14:03+08:00,1.3772,103.6498,C,Cloud to Cloud,2026-07-06T19:10:02.738+08:00
2026-07-07 13:57:25,2026-07-06T19:12:00+08:00,2026-07-06T19:14:03+08:00,1.3788,103.6524,C,Cloud to Cloud,2026-07-06T19:10:02.738+08:00
2026-07-07 13:57:25,2026-07-06T19:12:00+08:00,2026-07-06T19:14:03+08:00,1.3752,103.6463,C,Cloud to Cloud,2026-07-06T19:10:02.738+08:00
2026-07-07 13:57:25,2026-07-06T19:12:00+08:00,2026-07-06T19:14:03+08:00,1.3752,103.6463,C,Cloud to Cloud,2026-07-06T19:10:02.738+08:00
2026-07-07 13:57:25,2026-07-06T19:12:00+08:00,2026-07-06T19:14:03+08:00,1.375,103.646,C,Cloud to Cloud,2026-07-06T19:10:02.739+08:00
2026-07-07 13:57:25,2026-07-06T19:12:00+08:00,2026-07-06T19:14:03+08:00,1.375,103.646,C,Cloud to Cloud,2026-07-06T19:10:02.739+08:00
2026-07-07 13:57:25,2026-07-06T19:12:00+08:00,2026-07-06T19:14:03+08:00,1.3681,103.6428,C,Cloud to Cloud,2026-07-06T19:10:02.822+08:00
2026-07-07 13:57:25,2026-07-06T19:12:00+08:00,2026-07-06T19:14:03+08:00,1.3689,103.6652,C,Cloud to Cloud,2026-07-06T19:10:02.822+08:00
2026-07-07 13:57:25,2026-07-06T19:12:00+08:00,2026-07-06T19:14:03+08:00,1.3647,103.6404,C,Cloud to Cloud,2026-07-06T19:10:02.822+08:00
2026-07-07 13:57:25,2026-07-06T19:12:00+08:00,2026-07-06T19:14:03+08:00,1.3839,103.6509,C,Cloud to Cloud,2026-07-06T19:10:02.822+08:00
2026-07-07 13:57:25,2026-07-06T19:12:00+08:00,2026-07-06T19:14:03+08:00,1.3735,103.6506,C,Cloud to Cloud,2026-07-06T19:10:02.822+08:00
2026-07-07 13:57:25,2026-07-06T19:12:00+08:00,2026-07-06T19:14:03+08:00,1.3668,103.6396,C,Cloud to Cloud,2026-07-06T19:10:02.822+08:00
2026-07-07 13:57:25,2026-07-06T19:12:00+08:00,2026-07-06T19:14:03+08:00,1.3704,103.6556,C,Cloud to Cloud,2026-07-06T19:10:02.822+08:00
2026-07-07 13:57:25,2026-07-06T19:12:00+08:00,2026-07-06T19:14:03+08:00,1.3704,103.6556,C,Cloud to Cloud,2026-07-06T19:10:02.822+08:00
2026-07-07 13:57:25,2026-07-06T19:12:00+08:00,2026-07-06T19:14:03+08:00,1.3726,103.6554,C,Cloud to Cloud,2026-07-06T19:10:02.842+08:00
2026-07-07 13:57:25,2026-07-06T19:12:00+08:00,2026-07-06T19:14:03+08:00,1.3726,103.6508,C,Cloud to Cloud,2026-07-06T19:10:02.842+08:00
2026-07-07 13:57:25,2026-07-06T19:12:00+08:00,2026-07-06T19:14:03+08:00,1.3779,103.6696,C,Cloud to Cloud,2026-07-06T19:10:02.842+08:00
2026-07-07 13:57:25,2026-07-06T19:12:00+08:00,2026-07-06T19:14:03+08:00,1.3737,103.6664,C,Cloud to Cloud,2026-07-06T19:10:02.843+08:00
2026-07-07 13:57:25,2026-07-06T19:12:00+08:00,2026-07-06T19:14:03+08:00,1.3728,103.6681,C,Cloud to Cloud,2026-07-06T19:10:02.843+08:00
2026-07-07 13:57:25,2026-07-06T19:12:00+08:00,2026-07-06T19:14:03+08:00,1.3944,103.7022,C,Cloud to Cloud,2026-07-06T19:10:02.843+08:00
2026-07-07 13:57:25,2026-07-06T19:12:00+08:00,2026-07-06T19:14:03+08:00,1.3758,103.6727,C,Cloud to Cloud,2026-07-06T19:10:02.843+08:00
2026-07-07 13:57:25,2026-07-06T19:12:00+08:00,2026-07-06T19:14:03+08:00,1.3859,103.6644,C,Cloud to Cloud,2026-07-06T19:10:24.595+08:00
2026-07-07 13:57:25,2026-07-06T19:12:00+08:00,2026-07-06T19:14:03+08:00,1.384,103.6611,C,Cloud to Cloud,2026-07-06T19:10:24.595+08:00
2026-07-07 13:57:25,2026-07-06T19:12:00+08:00,2026-07-06T19:14:03+08:00,1.4011,103.6881,C,Cloud to Cloud,2026-07-06T19:10:24.638+08:00
2026-07-07 13:57:25,2026-07-06T19:12:00+08:00,2026-07-06T19:14:03+08:00,1.4011,103.6881,C,Cloud to Cloud,2026-07-06T19:10:24.638+08:00
2026-07-07 13:57:25,2026-07-06T19:12:00+08:00,2026-07-06T19:14:03+08:00,1.3954,103.6869,C,Cloud to Cloud,2026-07-06T19:10:24.648+08:00
2026-07-07 13:57:25,2026-07-06T19:12:00+08:00,2026-07-06T19:14:03+08:00,1.3954,103.6869,C,Cloud to Cloud,2026-07-06T19:10:24.648+08:00
2026-07-07 13:57:25,2026-07-06T19:12:00+08:00,2026-07-06T19:14:03+08:00,1.3973,103.692,C,Cloud to Cloud,2026-07-06T19:10:24.692+08:00
2026-07-07 13:57:25,2026-07-06T19:12:00+08:00,2026-07-06T19:14:03+08:00,1.3973,103.692,C,Cloud to Cloud,2026-07-06T19:10:24.692+08:00
2026-07-07 13:57:25,2026-07-06T19:12:00+08:00,2026-07-06T19:14:03+08:00,1.3988,103.687,C,Cloud to Cloud,2026-07-06T19:10:24.778+08:00
2026-07-07 13:57:25,2026-07-06T19:12:00+08:00,2026-07-06T19:14:03+08:00,1.3885,103.6693,C,Cloud to Cloud,2026-07-06T19:10:24.778+08:00
2026-07-07 13:57:25,2026-07-06T19:12:00+08:00,2026-07-06T19:14:03+08:00,1.4003,103.6848,C,Cloud to Cloud,2026-07-06T19:10:24.778+08:00
2026-07-07 13:57:25,2026-07-06T19:12:00+08:00,2026-07-06T19:14:03+08:00,1.4039,103.6838,C,Cloud to Cloud,2026-07-06T19:10:24.778+08:00
2026-07-07 13:57:25,2026-07-06T19:12:00+08:00,2026-07-06T19:14:03+08:00,1.3927,103.6888,C,Cloud to Cloud,2026-07-06T19:10:24.782+08:00
2026-07-07 13:57:25,2026-07-06T19:12:00+08:00,2026-07-06T19:14:03+08:00,1.3927,103.6888,C,Cloud to Cloud,2026-07-06T19:10:24.782+08:00
2026-07-07 13:57:25,2026-07-06T19:12:00+08:00,2026-07-06T19:14:03+08:00,1.4053,103.6907,C,Cloud to Cloud,2026-07-06T19:10:24.819+08:00
2026-07-07 13:57:25,2026-07-06T19:12:00+08:00,2026-07-06T19:14:03+08:00,1.3669,103.5853,C,Cloud to Cloud,2026-07-06T19:10:24.819+08:00
2026-07-07 13:57:25,2026-07-06T19:12:00+08:00,2026-07-06T19:14:03+08:00,1.4064,103.6905,C,Cloud to Cloud,2026-07-06T19:10:24.819+08:00
2026-07-07 13:57:25,2026-07-06T19:12:00+08:00,2026-07-06T19:14:03+08:00,1.4062,103.6906,C,Cloud to Cloud,2026-07-06T19:10:24.82+08:00
2026-07-07 13:57:25,2026-07-06T19:12:00+08:00,2026-07-06T19:14:03+08:00,1.4038,103.6835,C,Cloud to Cloud,2026-07-06T19:10:24.82+08:00
2026-07-07 13:57:25,2026-07-06T19:12:00+08:00,2026-07-06T19:14:03+08:00,1.3991,103.6874,C,Cloud to Cloud,2026-07-06T19:10:24.82+08:00
2026-07-07 13:57:25,2026-07-06T19:12:00+08:00,2026-07-06T19:14:03+08:00,1.4012,103.6864,C,Cloud to Cloud,2026-07-06T19:10:24.82+08:00
2026-07-07 13:57:25,2026-07-06T19:12:00+08:00,2026-07-06T19:14:03+08:00,1.3929,103.6629,C,Cloud to Cloud,2026-07-06T19:10:24.82+08:00
2026-07-07 13:57:25,2026-07-06T19:12:00+08:00,2026-07-06T19:14:03+08:00,1.3929,103.6629,C,Cloud to Cloud,2026-07-06T19:10:24.821+08:00
2026-07-07 13:57:25,2026-07-06T19:12:00+08:00,2026-07-06T19:14:03+08:00,1.3958,103.672,C,Cloud to Cloud,2026-07-06T19:10:24.825+08:00
2026-07-07 13:57:25,2026-07-06T19:12:00+08:00,2026-07-06T19:14:03+08:00,1.3958,103.672,C,Cloud to Cloud,2026-07-06T19:10:24.825+08:00
2026-07-07 13:57:25,2026-07-06T19:12:00+08:00,2026-07-06T19:14:03+08:00,1.376,103.704,C,Cloud to Cloud,2026-07-06T19:10:24.846+08:00
2026-07-07 13:57:25,2026-07-06T19:12:00+08:00,2026-07-06T19:14:03+08:00,1.4004,103.6635,C,Cloud to Cloud,2026-07-06T19:10:24.896+08:00
2026-07-07 13:57:25,2026-07-06T19:12:00+08:00,2026-07-06T19:14:03+08:00,1.4004,103.6635,C,Cloud to Cloud,2026-07-06T19:10:24.896+08:00
2026-07-07 13:57:25,2026-07-06T19:12:00+08:00,2026-07-06T19:14:03+08:00,1.4018,103.6879,C,Cloud to Cloud,2026-07-06T19:10:48.582+08:00
2026-07-07 13:57:25,2026-07-06T19:12:00+08:00,2026-07-06T19:14:03+08:00,1.4018,103.6879,C,Cloud to Cloud,2026-07-06T19:10:48.582+08:00
2026-07-07 13:57:25,2026-07-06T19:12:00+08:00,2026-07-06T19:14:03+08:00,1.4161,103.6997,C,Cloud to Cloud,2026-07-06T19:10:48.582+08:00
2026-07-07 13:57:25,2026-07-06T19:12:00+08:00,2026-07-06T19:14:03+08:00,1.4031,103.6913,C,Cloud to Cloud,2026-07-06T19:10:48.585+08:00
2026-07-07 13:57:25,2026-07-06T19:12:00+08:00,2026-07-06T19:14:03+08:00,1.4075,103.597,C,Cloud to Cloud,2026-07-06T19:10:48.585+08:00
2026-07-07 13:57:25,2026-07-06T19:12:00+08:00,2026-07-06T19:14:03+08:00,1.3861,103.6608,C,Cloud to Cloud,2026-07-06T19:10:48.585+08:00
2026-07-07 13:57:25,2026-07-06T19:12:00+08:00,2026-07-06T19:14:03+08:00,1.3944,103.6806,C,Cloud to Cloud,2026-07-06T19:10:48.702+08:00
2026-07-07 13:57:25,2026-07-06T19:12:00+08:00,2026-07-06T19:14:03+08:00,1.4013,103.6978,C,Cloud to Cloud,2026-07-06T19:10:48.702+08:00
2026-07-07 13:57:25,2026-07-06T19:12:00+08:00,2026-07-06T19:14:03+08:00,1.4013,103.6978,C,Cloud to Cloud,2026-07-06T19:10:48.703+08:00
2026-07-07 13:57:25,2026-07-06T19:12:00+08:00,2026-07-06T19:14:03+08:00,1.4028,103.6969,C,Cloud to Cloud,2026-07-06T19:10:48.733+08:00
2026-07-07 13:57:25,2026-07-06T19:12:00+08:00,2026-07-06T19:14:03+08:00,1.3839,103.6654,C,Cloud to Cloud,2026-07-06T19:10:48.733+08:00
2026-07-07 13:57:25,2026-07-06T19:12:00+08:00,2026-07-06T19:14:03+08:00,1.3937,103.6919,C,Cloud to Cloud,2026-07-06T19:10:48.739+08:00
2026-07-07 13:57:25,2026-07-06T19:12:00+08:00,2026-07-06T19:14:03+08:00,1.3619,103.6442,C,Cloud to Cloud,2026-07-06T19:10:48.739+08:00
2026-07-07 13:57:25,2026-07-06T19:12:00+08:00,2026-07-06T19:14:03+08:00,1.3584,103.632,C,Cloud to Cloud,2026-07-06T19:10:48.773+08:00
2026-07-07 13:57:25,2026-07-06T19:12:00+08:00,2026-07-06T19:14:03+08:00,1.3892,103.693,C,Cloud to Cloud,2026-07-06T19:10:48.775+08:00
2026-07-07 13:57:25,2026-07-06T19:12:00+08:00,2026-07-06T19:14:03+08:00,1.3892,103.693,C,Cloud to Cloud,2026-07-06T19:10:48.775+08:00
2026-07-07 13:57:25,2026-07-06T19:12:00+08:00,2026-07-06T19:14:03+08:00,1.4035,103.682,C,Cloud to Cloud,2026-07-06T19:10:48.787+08:00
2026-07-07 13:57:25,2026-07-06T19:12:00+08:00,2026-07-06T19:14:03+08:00,1.4035,103.682,C,Cloud to Cloud,2026-07-06T19:10:48.787+08:00
2026-07-07 13:57:25,2026-07-06T19:12:00+08:00,2026-07-06T19:14:03+08:00,1.3819,103.6446,C,Cloud to Cloud,2026-07-06T19:10:48.789+08:00
2026-07-07 13:57:25,2026-07-06T19:12:00+08:00,2026-07-06T19:14:03+08:00,1.3816,103.644,C,Cloud to Cloud,2026-07-06T19:10:48.789+08:00
2026-07-07 13:57:25,2026-07-06T19:12:00+08:00,2026-07-06T19:14:03+08:00,1.3692,103.633,C,Cloud to Cloud,2026-07-06T19:10:48.789+08:00
2026-07-07 13:57:25,2026-07-06T19:12:00+08:00,2026-07-06T19:14:03+08:00,1.3928,103.6675,C,Cloud to Cloud,2026-07-06T19:10:48.789+08:00
2026-07-07 13:57:25,2026-07-06T19:12:00+08:00,2026-07-06T19:14:03+08:00,1.4016,103.6715,C,Cloud to Cloud,2026-07-06T19:10:48.791+08:00
2026-07-07 13:57:25,2026-07-06T19:12:00+08:00,2026-07-06T19:14:03+08:00,1.3839,103.6341,C,Cloud to Cloud,2026-07-06T19:10:48.791+08:00
2026-07-07 13:57:25,2026-07-06T19:12:00+08:00,2026-07-06T19:14:03+08:00,1.3871,103.6376,C,Cloud to Cloud,2026-07-06T19:10:48.791+08:00
2026-07-07 13:57:25,2026-07-06T19:12:00+08:00,2026-07-06T19:14:03+08:00,1.4028,103.678,C,Cloud to Cloud,2026-07-06T19:10:48.791+08:00
2026-07-07 13:57:25,2026-07-06T19:12:00+08:00,2026-07-06T19:14:03+08:00,1.4084,103.6905,C,Cloud to Cloud,2026-07-06T19:10:48.794+08:00
2026-07-07 13:57:25,2026-07-06T19:12:00+08:00,2026-07-06T19:14:03+08:00,1.3984,103.6662,C,Cloud to Cloud,2026-07-06T19:10:48.794+08:00
2026-07-07 13:57:25,2026-07-06T19:12:00+08:00,2026-07-06T19:14:03+08:00,1.3984,103.6662,C,Cloud to Cloud,2026-07-06T19:10:48.794+08:00
2026-07-07 13:57:25,2026-07-06T19:12:00+08:00,2026-07-06T19:14:03+08:00,1.4011,103.6653,C,Cloud to Cloud,2026-07-06T19:10:48.797+08:00
2026-07-07 13:57:25,2026-07-06T19:12:00+08:00,2026-07-06T19:14:03+08:00,1.3891,103.6387,C,Cloud to Cloud,2026-07-06T19:10:48.798+08:00
2026-07-07 13:57:25,2026-07-06T19:12:00+08:00,2026-07-06T19:14:03+08:00,1.3982,103.6624,C,Cloud to Cloud,2026-07-06T19:10:48.798+08:00
2026-07-07 13:57:25,2026-07-06T19:12:00+08:00,2026-07-06T19:14:03+08:00,1.3933,103.6659,C,Cloud to Cloud,2026-07-06T19:10:48.799+08:00
2026-07-07 13:57:25,2026-07-06T19:12:00+08:00,2026-07-06T19:14:03+08:00,1.3933,103.6659,C,Cloud to Cloud,2026-07-06T19:10:48.799+08:00
2026-07-07 13:57:25,2026-07-06T19:12:00+08:00,2026-07-06T19:14:03+08:00,1.4065,103.6598,C,Cloud to Cloud,2026-07-06T19:10:48.805+08:00
2026-07-07 13:57:25,2026-07-06T19:12:00+08:00,2026-07-06T19:14:03+08:00,1.4065,103.6598,C,Cloud to Cloud,2026-07-06T19:10:48.805+08:00
2026-07-07 13:57:25,2026-07-06T19:12:00+08:00,2026-07-06T19:14:03+08:00,1.3766,103.6585,C,Cloud to Cloud,2026-07-06T19:10:48.87+08:00
2026-07-07 13:57:25,2026-07-06T19:12:00+08:00,2026-07-06T19:14:03+08:00,1.384,103.6664,C,Cloud to Cloud,2026-07-06T19:10:48.87+08:00
2026-07-07 13:57:25,2026-07-06T19:12:00+08:00,2026-07-06T19:14:03+08:00,1.3826,103.6734,C,Cloud to Cloud,2026-07-06T19:10:48.87+08:00
2026-07-07 13:57:25,2026-07-06T19:12:00+08:00,2026-07-06T19:14:03+08:00,1.385,103.6659,C,Cloud to Cloud,2026-07-06T19:10:48.87+08:00
2026-07-07 13:57:25,2026-07-06T19:12:00+08:00,2026-07-06T19:14:03+08:00,1.4071,103.7015,C,Cloud to Cloud,2026-07-06T19:10:48.871+08:00
2026-07-07 13:57:25,2026-07-06T19:12:00+08:00,2026-07-06T19:14:03+08:00,1.393,103.6934,C,Cloud to Cloud,2026-07-06T19:10:48.871+08:00
2026-07-07 13:57:25,2026-07-06T19:12:00+08:00,2026-07-06T19:14:03+08:00,1.4084,103.7177,C,Cloud to Cloud,2026-07-06T19:10:48.871+08:00
2026-07-07 13:57:25,2026-07-06T19:12:00+08:00,2026-07-06T19:14:03+08:00,1.3895,103.6926,C,Cloud to Cloud,2026-07-06T19:10:48.871+08:00
2026-07-07 13:57:25,2026-07-06T19:12:00+08:00,2026-07-06T19:14:03+08:00,1.401,103.6789,C,Cloud to Cloud,2026-07-06T19:10:48.895+08:00
2026-07-07 13:57:25,2026-07-06T19:12:00+08:00,2026-07-06T19:14:03+08:00,1.401,103.6789,C,Cloud to Cloud,2026-07-06T19:10:48.895+08:00
2026-07-07 13:57:25,2026-07-06T19:12:00+08:00,2026-07-06T19:14:03+08:00,1.4007,103.6897,C,Cloud to Cloud,2026-07-06T19:10:48.895+08:00
2026-07-07 13:57:25,2026-07-06T19:12:00+08:00,2026-07-06T19:14:03+08:00,1.3867,103.6626,C,Cloud to Cloud,2026-07-06T19:10:48.895+08:00
2026-07-07 13:57:25,2026-07-06T19:12:00+08:00,2026-07-06T19:14:03+08:00,1.3897,103.6697,C,Cloud to Cloud,2026-07-06T19:10:48.895+08:00
2026-07-07 13:57:25,2026-07-06T19:12:00+08:00,2026-07-06T19:14:03+08:00,1.4055,103.6918,C,Cloud to Cloud,2026-07-06T19:10:48.895+08:00
2026-07-07 13:57:25,2026-07-06T19:12:00+08:00,2026-07-06T19:14:03+08:00,1.3755,103.63,C,Cloud to Cloud,2026-07-06T19:10:48.895+08:00
2026-07-07 13:57:25,2026-07-06T19:12:00+08:00,2026-07-06T19:14:03+08:00,1.3885,103.6765,C,Cloud to Cloud,2026-07-06T19:10:48.908+08:00
2026-07-07 13:57:25,2026-07-06T19:12:00+08:00,2026-07-06T19:14:03+08:00,1.3998,103.663,C,Cloud to Cloud,2026-07-06T19:10:48.919+08:00
2026-07-07 13:57:25,2026-07-06T19:12:00+08:00,2026-07-06T19:14:03+08:00,1.383,103.6703,C,Cloud to Cloud,2026-07-06T19:10:48.939+08:00
2026-07-07 13:57:25,2026-07-06T19:12:00+08:00,2026-07-06T19:14:03+08:00,1.383,103.6703,C,Cloud to Cloud,2026-07-06T19:10:48.939+08:00
2026-07-07 13:57:25,2026-07-06T19:12:00+08:00,2026-07-06T19:14:03+08:00,1.3589,103.7095,C,Cloud to Cloud,2026-07-06T19:11:00.424+08:00
2026-07-07 13:57:25,2026-07-06T19:12:00+08:00,2026-07-06T19:14:03+08:00,1.3608,103.7096,C,Cloud to Cloud,2026-07-06T19:11:00.424+08:00
2026-07-07 13:57:25,2026-07-06T19:12:00+08:00,2026-07-06T19:14:03+08:00,1.36,103.7096,C,Cloud to Cloud,2026-07-06T19:11:00.424+08:00
2026-07-07 13:57:25,2026-07-06T19:12:00+08:00,2026-07-06T19:14:03+08:00,1.3591,103.7104,C,Cloud to Cloud,2026-07-06T19:11:00.424+08:00
2026-07-07 13:57:25,2026-07-06T19:12:00+08:00,2026-07-06T19:14:03+08:00,1.3601,103.7119,C,Cloud to Cloud,2026-07-06T19:11:00.424+08:00
2026-07-07 13:57:25,2026-07-06T19:12:00+08:00,2026-07-06T19:14:03+08:00,1.3781,103.7261,C,Cloud to Cloud,2026-07-06T19:11:00.424+08:00
2026-07-07 13:57:25,2026-07-06T19:12:00+08:00,2026-07-06T19:14:03+08:00,1.3561,103.6911,C,Cloud to Cloud,2026-07-06T19:11:00.424+08:00
2026-07-07 13:57:25,2026-07-06T19:12:00+08:00,2026-07-06T19:14:03+08:00,1.3783,103.7263,C,Cloud to Cloud,2026-07-06T19:11:00.425+08:00
2026-07-07 13:57:25,2026-07-06T19:12:00+08:00,2026-07-06T19:14:03+08:00,1.3788,103.7277,C,Cloud to Cloud,2026-07-06T19:11:00.425+08:00
2026-07-07 13:57:25,2026-07-06T19:12:00+08:00,2026-07-06T19:14:03+08:00,1.3629,103.7071,C,Cloud to Cloud,2026-07-06T19:11:00.425+08:00
2026-07-07 13:57:25,2026-07-06T19:12:00+08:00,2026-07-06T19:14:03+08:00,1.3579,103.7127,C,Cloud to Cloud,2026-07-06T19:11:00.426+08:00
2026-07-07 13:57:25,2026-07-06T19:12:00+08:00,2026-07-06T19:14:03+08:00,1.3596,103.7139,C,Cloud to Cloud,2026-07-06T19:11:00.426+08:00
2026-07-07 13:57:25,2026-07-06T19:12:00+08:00,2026-07-06T19:14:03+08:00,1.3608,103.714,C,Cloud to Cloud,2026-07-06T19:11:00.426+08:00
2026-07-07 13:57:25,2026-07-06T19:12:00+08:00,2026-07-06T19:14:03+08:00,1.3591,103.7128,C,Cloud to Cloud,2026-07-06T19:11:00.426+08:00
2026-07-07 13:57:25,2026-07-06T19:12:00+08:00,2026-07-06T19:14:03+08:00,1.3558,103.7121,C,Cloud to Cloud,2026-07-06T19:11:00.427+08:00
2026-07-07 13:57:25,2026-07-06T19:12:00+08:00,2026-07-06T19:14:03+08:00,1.356,103.712,C,Cloud to Cloud,2026-07-06T19:11:00.427+08:00
2026-07-07 13:57:25,2026-07-06T19:12:00+08:00,2026-07-06T19:14:03+08:00,1.3556,103.7118,C,Cloud to Cloud,2026-07-06T19:11:00.427+08:00
2026-07-07 13:57:25,2026-07-06T19:12:00+08:00,2026-07-06T19:14:03+08:00,1.3577,103.7142,C,Cloud to Cloud,2026-07-06T19:11:00.428+08:00
2026-07-07 13:57:25,2026-07-06T19:12:00+08:00,2026-07-06T19:14:03+08:00,1.325,103.6425,C,Cloud to Cloud,2026-07-06T19:11:00.429+08:00
2026-07-07 13:57:25,2026-07-06T19:12:00+08:00,2026-07-06T19:14:03+08:00,1.3887,103.7282,C,Cloud to Cloud,2026-07-06T19:11:00.492+08:00
2026-07-07 13:57:25,2026-07-06T19:12:00+08:00,2026-07-06T19:14:03+08:00,1.3547,103.7001,C,Cloud to Cloud,2026-07-06T19:11:00.493+08:00
2026-07-07 13:57:25,2026-07-06T19:12:00+08:00,2026-07-06T19:14:03+08:00,1.3813,103.6834,C,Cloud to Cloud,2026-07-06T19:11:02.163+08:00
2026-07-07 13:57:25,2026-07-06T19:12:00+08:00,2026-07-06T19:14:03+08:00,1.3813,103.6834,C,Cloud to Cloud,2026-07-06T19:11:02.163+08:00
2026-07-07 13:57:25,2026-07-06T19:12:00+08:00,2026-07-06T19:14:03+08:00,1.3816,103.6844,C,Cloud to Cloud,2026-07-06T19:11:02.165+08:00
2026-07-07 13:57:25,2026-07-06T19:12:00+08:00,2026-07-06T19:14:03+08:00,1.3816,103.6844,C,Cloud to Cloud,2026-07-06T19:11:02.165+08:00
2026-07-07 13:57:25,2026-07-06T19:12:00+08:00,2026-07-06T19:14:03+08:00,1.3815,103.6841,C,Cloud to Cloud,2026-07-06T19:11:02.194+08:00
2026-07-07 13:57:25,2026-07-06T19:12:00+08:00,2026-07-06T19:14:03+08:00,1.3815,103.6841,C,Cloud to Cloud,2026-07-06T19:11:02.194+08:00
2026-07-07 13:57:25,2026-07-06T19:12:00+08:00,2026-07-06T19:14:03+08:00,1.3833,103.6855,C,Cloud to Cloud,2026-07-06T19:11:02.195+08:00
2026-07-07 13:57:25,2026-07-06T19:12:00+08:00,2026-07-06T19:14:03+08:00,1.3825,103.6843,C,Cloud to Cloud,2026-07-06T19:11:02.195+08:00
2026-07-07 13:57:25,2026-07-06T19:12:00+08:00,2026-07-06T19:14:03+08:00,1.3827,103.6853,C,Cloud to Cloud,2026-07-06T19:11:02.195+08:00
2026-07-07 13:57:25,2026-07-06T19:12:00+08:00,2026-07-06T19:14:03+08:00,1.3827,103.6853,C,Cloud to Cloud,2026-07-06T19:11:02.195+08:00
2026-07-07 13:57:25,2026-07-06T19:12:00+08:00,2026-07-06T19:14:03+08:00,1.3845,103.6846,C,Cloud to Cloud,2026-07-06T19:11:02.196+08:00
2026-07-07 13:57:25,2026-07-06T19:12:00+08:00,2026-07-06T19:14:03+08:00,1.3845,103.6846,C,Cloud to Cloud,2026-07-06T19:11:02.196+08:00
2026-07-07 13:57:25,2026-07-06T19:12:00+08:00,2026-07-06T19:14:03+08:00,1.3853,103.6867,C,Cloud to Cloud,2026-07-06T19:11:02.197+08:00
2026-07-07 13:57:25,2026-07-06T19:12:00+08:00,2026-07-06T19:14:03+08:00,1.3834,103.6841,C,Cloud to Cloud,2026-07-06T19:11:02.197+08:00
2026-07-07 13:57:25,2026-07-06T19:12:00+08:00,2026-07-06T19:14:03+08:00,1.3852,103.6891,C,Cloud to Cloud,2026-07-06T19:11:02.197+08:00
2026-07-07 13:57:25,2026-07-06T19:12:00+08:00,2026-07-06T19:14:03+08:00,1.3824,103.6854,C,Cloud to Cloud,2026-07-06T19:11:02.197+08:00
2026-07-07 13:57:25,2026-07-06T19:12:00+08:00,2026-07-06T19:14:03+08:00,1.3852,103.6891,C,Cloud to Cloud,2026-07-06T19:11:02.198+08:00
2026-07-07 13:57:25,2026-07-06T19:12:00+08:00,2026-07-06T19:14:03+08:00,1.3852,103.6891,C,Cloud to Cloud,2026-07-06T19:11:02.199+08:00
2026-07-07 13:57:25,2026-07-06T19:12:00+08:00,2026-07-06T19:14:03+08:00,1.384,103.6886,C,Cloud to Cloud,2026-07-06T19:11:02.199+08:00
2026-07-07 13:57:25,2026-07-06T19:12:00+08:00,2026-07-06T19:14:03+08:00,1.3837,103.6883,C,Cloud to Cloud,2026-07-06T19:11:02.199+08:00
2026-07-07 13:57:25,2026-07-06T19:12:00+08:00,2026-07-06T19:14:03+08:00,1.3839,103.6856,C,Cloud to Cloud,2026-07-06T19:11:02.199+08:00
2026-07-07 13:57:25,2026-07-06T19:12:00+08:00,2026-07-06T19:14:03+08:00,1.385,103.6871,C,Cloud to Cloud,2026-07-06T19:11:02.199+08:00
2026-07-07 13:57:25,2026-07-06T19:12:00+08:00,2026-07-06T19:14:03+08:00,1.384,103.6868,C,Cloud to Cloud,2026-07-06T19:11:02.199+08:00
2026-07-07 13:57:25,2026-07-06T19:12:00+08:00,2026-07-06T19:14:03+08:00,1.3853,103.6888,C,Cloud to Cloud,2026-07-06T19:11:02.2+08:00
2026-07-07 13:57:25,2026-07-06T19:12:00+08:00,2026-07-06T19:14:03+08:00,1.3838,103.6865,C,Cloud to Cloud,2026-07-06T19:11:02.2+08:00
2026-07-07 13:57:25,2026-07-06T19:12:00+08:00,2026-07-06T19:14:03+08:00,1.384,103.6868,C,Cloud to Cloud,2026-07-06T19:11:02.2+08:00
2026-07-07 13:57:25,2026-07-06T19:12:00+08:00,2026-07-06T19:14:03+08:00,1.3855,103.6874,C,Cloud to Cloud,2026-07-06T19:11:02.2+08:00
2026-07-07 13:57:25,2026-07-06T19:12:00+08:00,2026-07-06T19:14:03+08:00,1.3844,103.6871,C,Cloud to Cloud,2026-07-06T19:11:02.2+08:00
2026-07-07 13:57:25,2026-07-06T19:12:00+08:00,2026-07-06T19:14:03+08:00,1.3845,103.6862,C,Cloud to Cloud,2026-07-06T19:11:02.2+08:00
2026-07-07 13:57:25,2026-07-06T19:12:00+08:00,2026-07-06T19:14:03+08:00,1.385,103.6853,C,Cloud to Cloud,2026-07-06T19:11:02.2+08:00
2026-07-07 13:57:25,2026-07-06T19:12:00+08:00,2026-07-06T19:14:03+08:00,1.3861,103.6871,C,Cloud to Cloud,2026-07-06T19:11:02.2+08:00
2026-07-07 13:57:25,2026-07-06T19:12:00+08:00,2026-07-06T19:14:03+08:00,1.3849,103.687,C,Cloud to Cloud,2026-07-06T19:11:02.2+08:00
2026-07-07 13:57:25,2026-07-06T19:12:00+08:00,2026-07-06T19:14:03+08:00,1.3841,103.6859,C,Cloud to Cloud,2026-07-06T19:11:02.201+08:00
2026-07-07 13:57:25,2026-07-06T19:12:00+08:00,2026-07-06T19:14:03+08:00,1.3839,103.6852,C,Cloud to Cloud,2026-07-06T19:11:02.201+08:00
2026-07-07 13:57:25,2026-07-06T19:12:00+08:00,2026-07-06T19:14:03+08:00,1.3842,103.6847,C,Cloud to Cloud,2026-07-06T19:11:02.201+08:00
2026-07-07 13:57:25,2026-07-06T19:12:00+08:00,2026-07-06T19:14:03+08:00,1.3845,103.6865,C,Cloud to Cloud,2026-07-06T19:11:02.201+08:00
2026-07-07 13:57:25,2026-07-06T19:12:00+08:00,2026-07-06T19:14:03+08:00,1.3849,103.6862,C,Cloud to Cloud,2026-07-06T19:11:02.201+08:00
2026-07-07 13:57:25,2026-07-06T19:12:00+08:00,2026-07-06T19:14:03+08:00,1.3844,103.687,C,Cloud to Cloud,2026-07-06T19:11:02.201+08:00
2026-07-07 13:57:25,2026-07-06T19:12:00+08:00,2026-07-06T19:14:03+08:00,1.3848,103.6875,C,Cloud to Cloud,2026-07-06T19:11:02.201+08:00
2026-07-07 13:57:25,2026-07-06T19:12:00+08:00,2026-07-06T19:14:03+08:00,1.384,103.6868,C,Cloud to Cloud,2026-07-06T19:11:02.201+08:00
2026-07-07 13:57:25,2026-07-06T19:12:00+08:00,2026-07-06T19:14:03+08:00,1.384,103.6868,C,Cloud to Cloud,2026-07-06T19:11:02.201+08:00
2026-07-07 13:57:25,2026-07-06T19:12:00+08:00,2026-07-06T19:14:03+08:00,1.3855,103.6888,C,Cloud to Cloud,2026-07-06T19:11:02.202+08:00
2026-07-07 13:57:25,2026-07-06T19:12:00+08:00,2026-07-06T19:14:03+08:00,1.3847,103.6877,C,Cloud to Cloud,2026-07-06T19:11:02.202+08:00
2026-07-07 13:57:25,2026-07-06T19:12:00+08:00,2026-07-06T19:14:03+08:00,1.3842,103.686,C,Cloud to Cloud,2026-07-06T19:11:02.202+08:00
2026-07-07 13:57:25,2026-07-06T19:12:00+08:00,2026-07-06T19:14:03+08:00,1.3837,103.6845,C,Cloud to Cloud,2026-07-06T19:11:02.202+08:00
2026-07-07 13:57:25,2026-07-06T19:12:00+08:00,2026-07-06T19:14:03+08:00,1.3854,103.6859,C,Cloud to Cloud,2026-07-06T19:11:02.202+08:00
2026-07-07 13:57:25,2026-07-06T19:12:00+08:00,2026-07-06T19:14:03+08:00,1.386,103.6868,C,Cloud to Cloud,2026-07-06T19:11:02.202+08:00
2026-07-07 13:57:25,2026-07-06T19:12:00+08:00,2026-07-06T19:14:03+08:00,1.3865,103.689,C,Cloud to Cloud,2026-07-06T19:11:02.202+08:00
2026-07-07 13:57:25,2026-07-06T19:12:00+08:00,2026-07-06T19:14:03+08:00,1.385,103.686,C,Cloud to Cloud,2026-07-06T19:11:02.202+08:00
2026-07-07 13:57:25,2026-07-06T19:12:00+08:00,2026-07-06T19:14:03+08:00,1.3845,103.6865,C,Cloud to Cloud,2026-07-06T19:11:02.202+08:00
2026-07-07 13:57:25,2026-07-06T19:12:00+08:00,2026-07-06T19:14:03+08:00,1.384,103.6879,C,Cloud to Cloud,2026-07-06T19:11:02.202+08:00
2026-07-07 13:57:25,2026-07-06T19:12:00+08:00,2026-07-06T19:14:03+08:00,1.3846,103.6866,C,Cloud to Cloud,2026-07-06T19:11:02.203+08:00
2026-07-07 13:57:25,2026-07-06T19:12:00+08:00,2026-07-06T19:14:03+08:00,1.3859,103.6866,C,Cloud to Cloud,2026-07-06T19:11:02.203+08:00
2026-07-07 13:57:25,2026-07-06T19:12:00+08:00,2026-07-06T19:14:03+08:00,1.3837,103.6853,C,Cloud to Cloud,2026-07-06T19:11:02.203+08:00
2026-07-07 13:57:25,2026-07-06T19:12:00+08:00,2026-07-06T19:14:03+08:00,1.3859,103.686,C,Cloud to Cloud,2026-07-06T19:11:02.203+08:00
2026-07-07 13:57:25,2026-07-06T19:12:00+08:00,2026-07-06T19:14:03+08:00,1.3854,103.687,C,Cloud to Cloud,2026-07-06T19:11:02.203+08:00
2026-07-07 13:57:25,2026-07-06T19:12:00+08:00,2026-07-06T19:14:03+08:00,1.3857,103.6859,C,Cloud to Cloud,2026-07-06T19:11:02.203+08:00
2026-07-07 13:57:25,2026-07-06T19:12:00+08:00,2026-07-06T19:14:03+08:00,1.3849,103.6874,C,Cloud to Cloud,2026-07-06T19:11:02.203+08:00
2026-07-07 13:57:25,2026-07-06T19:12:00+08:00,2026-07-06T19:14:03+08:00,1.3838,103.6856,C,Cloud to Cloud,2026-07-06T19:11:02.203+08:00
2026-07-07 13:57:25,2026-07-06T19:12:00+08:00,2026-07-06T19:14:03+08:00,1.3853,103.6877,C,Cloud to Cloud,2026-07-06T19:11:02.203+08:00
2026-07-07 13:57:25,2026-07-06T19:12:00+08:00,2026-07-06T19:14:03+08:00,1.3835,103.6855,C,Cloud to Cloud,2026-07-06T19:11:02.203+08:00
2026-07-07 13:57:25,2026-07-06T19:12:00+08:00,2026-07-06T19:14:03+08:00,1.3837,103.6873,C,Cloud to Cloud,2026-07-06T19:11:02.204+08:00
2026-07-07 13:57:25,2026-07-06T19:12:00+08:00,2026-07-06T19:14:03+08:00,1.3845,103.6866,C,Cloud to Cloud,2026-07-06T19:11:02.204+08:00
2026-07-07 13:57:25,2026-07-06T19:12:00+08:00,2026-07-06T19:14:03+08:00,1.3838,103.6876,C,Cloud to Cloud,2026-07-06T19:11:02.204+08:00
2026-07-07 13:57:25,2026-07-06T19:12:00+08:00,2026-07-06T19:14:03+08:00,1.3853,103.6879,C,Cloud to Cloud,2026-07-06T19:11:02.204+08:00
2026-07-07 13:57:25,2026-07-06T19:12:00+08:00,2026-07-06T19:14:03+08:00,1.3854,103.6859,C,Cloud to Cloud,2026-07-06T19:11:02.204+08:00
2026-07-07 13:57:25,2026-07-06T19:12:00+08:00,2026-07-06T19:14:03+08:00,1.3848,103.6875,C,Cloud to Cloud,2026-07-06T19:11:02.204+08:00
2026-07-07 13:57:25,2026-07-06T19:12:00+08:00,2026-07-06T19:14:03+08:00,1.3845,103.6865,C,Cloud to Cloud,2026-07-06T19:11:02.204+08:00
2026-07-07 13:57:25,2026-07-06T19:12:00+08:00,2026-07-06T19:14:03+08:00,1.3851,103.6874,C,Cloud to Cloud,2026-07-06T19:11:02.204+08:00
2026-07-07 13:57:25,2026-07-06T19:12:00+08:00,2026-07-06T19:14:03+08:00,1.3855,103.6884,C,Cloud to Cloud,2026-07-06T19:11:02.204+08:00
2026-07-07 13:57:25,2026-07-06T19:12:00+08:00,2026-07-06T19:14:03+08:00,1.3853,103.6851,C,Cloud to Cloud,2026-07-06T19:11:02.204+08:00
2026-07-07 13:57:25,2026-07-06T19:12:00+08:00,2026-07-06T19:14:03+08:00,1.3854,103.6859,C,Cloud to Cloud,2026-07-06T19:11:02.205+08:00
2026-07-07 13:57:25,2026-07-06T19:12:00+08:00,2026-07-06T19:14:03+08:00,1.384,103.685,C,Cloud to Cloud,2026-07-06T19:11:02.205+08:00
2026-07-07 13:57:25,2026-07-06T19:12:00+08:00,2026-07-06T19:14:03+08:00,1.384,103.685,C,Cloud to Cloud,2026-07-06T19:11:02.205+08:00
2026-07-07 13:57:25,2026-07-06T19:12:00+08:00,2026-07-06T19:14:03+08:00,1.3859,103.6862,C,Cloud to Cloud,2026-07-06T19:11:02.205+08:00
2026-07-07 13:57:25,2026-07-06T19:12:00+08:00,2026-07-06T19:14:03+08:00,1.3866,103.6859,C,Cloud to Cloud,2026-07-06T19:11:02.205+08:00
2026-07-07 13:57:25,2026-07-06T19:12:00+08:00,2026-07-06T19:14:03+08:00,1.3866,103.6859,C,Cloud to Cloud,2026-07-06T19:11:02.206+08:00
2026-07-07 13:57:25,2026-07-06T19:12:00+08:00,2026-07-06T19:14:03+08:00,1.3865,103.6855,C,Cloud to Cloud,2026-07-06T19:11:02.206+08:00
2026-07-07 13:57:25,2026-07-06T19:12:00+08:00,2026-07-06T19:14:03+08:00,1.3872,103.6863,C,Cloud to Cloud,2026-07-06T19:11:02.206+08:00
2026-07-07 13:57:25,2026-07-06T19:12:00+08:00,2026-07-06T19:14:03+08:00,1.3862,103.6868,C,Cloud to Cloud,2026-07-06T19:11:02.206+08:00
2026-07-07 13:57:25,2026-07-06T19:12:00+08:00,2026-07-06T19:14:03+08:00,1.3847,103.6847,C,Cloud to Cloud,2026-07-06T19:11:02.206+08:00
2026-07-07 13:57:25,2026-07-06T19:12:00+08:00,2026-07-06T19:14:03+08:00,1.3846,103.6846,C,Cloud to Cloud,2026-07-06T19:11:02.206+08:00
2026-07-07 13:57:25,2026-07-06T19:12:00+08:00,2026-07-06T19:14:03+08:00,1.3881,103.6875,C,Cloud to Cloud,2026-07-06T19:11:02.206+08:00
2026-07-07 13:57:25,2026-07-06T19:12:00+08:00,2026-07-06T19:14:03+08:00,1.3875,103.6846,C,Cloud to Cloud,2026-07-06T19:11:02.206+08:00
2026-07-07 13:57:25,2026-07-06T19:12:00+08:00,2026-07-06T19:14:03+08:00,1.3888,103.6864,C,Cloud to Cloud,2026-07-06T19:11:02.206+08:00
2026-07-07 13:57:25,2026-07-06T19:12:00+08:00,2026-07-06T19:14:03+08:00,1.389,103.6855,C,Cloud to Cloud,2026-07-06T19:11:02.206+08:00
2026-07-07 13:57:25,2026-07-06T19:12:00+08:00,2026-07-06T19:14:03+08:00,1.3862,103.6868,C,Cloud to Cloud,2026-07-06T19:11:02.207+08:00
2026-07-07 13:57:25,2026-07-06T19:12:00+08:00,2026-07-06T19:14:03+08:00,1.3862,103.6868,C,Cloud to Cloud,2026-07-06T19:11:02.207+08:00
2026-07-07 13:57:25,2026-07-06T19:12:00+08:00,2026-07-06T19:14:03+08:00,1.3889,103.6857,C,Cloud to Cloud,2026-07-06T19:11:02.207+08:00
2026-07-07 13:57:25,2026-07-06T19:12:00+08:00,2026-07-06T19:14:03+08:00,1.3889,103.6857,C,Cloud to Cloud,2026-07-06T19:11:02.207+08:00
2026-07-07 13:57:25,2026-07-06T19:12:00+08:00,2026-07-06T19:14:03+08:00,1.3818,103.6712,C,Cloud to Cloud,2026-07-06T19:11:02.207+08:00
2026-07-07 13:57:25,2026-07-06T19:12:00+08:00,2026-07-06T19:14:03+08:00,1.3814,103.673,C,Cloud to Cloud,2026-07-06T19:11:02.207+08:00
2026-07-07 13:57:25,2026-07-06T19:12:00+08:00,2026-07-06T19:14:03+08:00,1.3808,103.6737,C,Cloud to Cloud,2026-07-06T19:11:02.207+08:00
2026-07-07 13:57:25,2026-07-06T19:12:00+08:00,2026-07-06T19:14:03+08:00,1.3829,103.6691,C,Cloud to Cloud,2026-07-06T19:11:02.207+08:00
2026-07-07 13:57:25,2026-07-06T19:12:00+08:00,2026-07-06T19:14:03+08:00,1.3827,103.6706,C,Cloud to Cloud,2026-07-06T19:11:02.208+08:00
2026-07-07 13:57:25,2026-07-06T19:12:00+08:00,2026-07-06T19:14:03+08:00,1.37,103.6876,G,Cloud to Ground,2026-07-06T19:11:02.208+08:00
2026-07-07 13:57:25,2026-07-06T19:12:00+08:00,2026-07-06T19:14:03+08:00,1.3884,103.6911,C,Cloud to Cloud,2026-07-06T19:11:02.208+08:00
2026-07-07 13:57:25,2026-07-06T19:12:00+08:00,2026-07-06T19:14:03+08:00,1.3845,103.6822,C,Cloud to Cloud,2026-07-06T19:11:02.208+08:00
2026-07-07 13:57:25,2026-07-06T19:12:00+08:00,2026-07-06T19:14:03+08:00,1.383,103.6721,C,Cloud to Cloud,2026-07-06T19:11:02.208+08:00
2026-07-07 13:57:25,2026-07-06T19:12:00+08:00,2026-07-06T19:14:03+08:00,1.3837,103.6626,C,Cloud to Cloud,2026-07-06T19:11:02.208+08:00
2026-07-07 13:57:25,2026-07-06T19:12:00+08:00,2026-07-06T19:14:03+08:00,1.3837,103.6626,C,Cloud to Cloud,2026-07-06T19:11:02.208+08:00
2026-07-07 13:57:25,2026-07-06T19:12:00+08:00,2026-07-06T19:14:03+08:00,1.3728,103.6666,C,Cloud to Cloud,2026-07-06T19:11:02.219+08:00
2026-07-07 13:57:25,2026-07-06T19:12:00+08:00,2026-07-06T19:14:03+08:00,1.3728,103.6666,C,Cloud to Cloud,2026-07-06T19:11:02.219+08:00
2026-07-07 13:57:25,2026-07-06T19:12:00+08:00,2026-07-06T19:14:03+08:00,1.375,103.6638,C,Cloud to Cloud,2026-07-06T19:11:02.219+08:00
2026-07-07 13:57:25,2026-07-06T19:12:00+08:00,2026-07-06T19:14:03+08:00,1.3759,103.6594,C,Cloud to Cloud,2026-07-06T19:11:02.219+08:00
2026-07-07 13:57:25,2026-07-06T19:12:00+08:00,2026-07-06T19:14:03+08:00,1.3675,103.6585,C,Cloud to Cloud,2026-07-06T19:11:02.226+08:00
2026-07-07 13:57:25,2026-07-06T19:12:00+08:00,2026-07-06T19:14:03+08:00,1.3675,103.6585,C,Cloud to Cloud,2026-07-06T19:11:02.226+08:00
2026-07-07 13:57:25,2026-07-06T19:12:00+08:00,2026-07-06T19:14:03+08:00,1.3831,103.6603,C,Cloud to Cloud,2026-07-06T19:11:02.239+08:00
2026-07-07 13:57:25,2026-07-06T19:12:00+08:00,2026-07-06T19:14:03+08:00,1.3817,103.6573,C,Cloud to Cloud,2026-07-06T19:11:02.239+08:00
2026-07-07 13:57:25,2026-07-06T19:12:00+08:00,2026-07-06T19:14:03+08:00,1.3623,103.6173,C,Cloud to Cloud,2026-07-06T19:11:02.239+08:00
2026-07-07 13:57:25,2026-07-06T19:12:00+08:00,2026-07-06T19:14:03+08:00,1.3825,103.6857,C,Cloud to Cloud,2026-07-06T19:11:02.254+08:00
2026-07-07 13:57:25,2026-07-06T19:12:00+08:00,2026-07-06T19:14:03+08:00,1.3825,103.6857,C,Cloud to Cloud,2026-07-06T19:11:02.254+08:00
2026-07-07 13:57:25,2026-07-06T19:12:00+08:00,2026-07-06T19:14:03+08:00,1.3827,103.6842,C,Cloud to Cloud,2026-07-06T19:11:02.254+08:00
2026-07-07 13:57:25,2026-07-06T19:12:00+08:00,2026-07-06T19:14:03+08:00,1.3833,103.6822,C,Cloud to Cloud,2026-07-06T19:11:02.254+08:00
2026-07-07 13:57:25,2026-07-06T19:12:00+08:00,2026-07-06T19:14:03+08:00,1.3843,103.6851,C,Cloud to Cloud,2026-07-06T19:11:02.254+08:00
2026-07-07 13:57:25,2026-07-06T19:12:00+08:00,2026-07-06T19:14:03+08:00,1.3813,103.6745,C,Cloud to Cloud,2026-07-06T19:11:02.255+08:00
2026-07-07 13:57:25,2026-07-06T19:12:00+08:00,2026-07-06T19:14:03+08:00,1.3704,103.6881,G,Cloud to Ground,2026-07-06T19:11:02.255+08:00
2026-07-07 13:57:25,2026-07-06T19:12:00+08:00,2026-07-06T19:14:03+08:00,1.3606,103.6639,C,Cloud to Cloud,2026-07-06T19:11:02.255+08:00
2026-07-07 13:57:25,2026-07-06T19:12:00+08:00,2026-07-06T19:14:03+08:00,1.3783,103.6859,C,Cloud to Cloud,2026-07-06T19:11:02.272+08:00
2026-07-07 13:57:25,2026-07-06T19:12:00+08:00,2026-07-06T19:14:03+08:00,1.3684,103.6733,C,Cloud to Cloud,2026-07-06T19:11:02.273+08:00
2026-07-07 13:57:25,2026-07-06T19:12:00+08:00,2026-07-06T19:14:03+08:00,1.3633,103.6665,C,Cloud to Cloud,2026-07-06T19:11:02.273+08:00
2026-07-07 13:57:25,2026-07-06T19:12:00+08:00,2026-07-06T19:14:03+08:00,1.3796,103.6869,C,Cloud to Cloud,2026-07-06T19:11:02.273+08:00
2026-07-07 13:57:25,2026-07-06T19:12:00+08:00,2026-07-06T19:14:03+08:00,1.3966,103.7087,C,Cloud to Cloud,2026-07-06T19:11:02.273+08:00
2026-07-07 13:57:25,2026-07-06T19:12:00+08:00,2026-07-06T19:14:03+08:00,1.3706,103.6703,C,Cloud to Cloud,2026-07-06T19:11:02.273+08:00
2026-07-07 13:57:25,2026-07-06T19:12:00+08:00,2026-07-06T19:14:03+08:00,1.3855,103.6457,C,Cloud to Cloud,2026-07-06T19:11:02.273+08:00
2026-07-07 13:57:25,2026-07-06T19:12:00+08:00,2026-07-06T19:14:03+08:00,1.3837,103.6878,C,Cloud to Cloud,2026-07-06T19:11:02.273+08:00
2026-07-07 13:57:25,2026-07-06T19:12:00+08:00,2026-07-06T19:14:03+08:00,1.3826,103.6858,C,Cloud to Cloud,2026-07-06T19:11:02.273+08:00
2026-07-07 13:57:25,2026-07-06T19:12:00+08:00,2026-07-06T19:14:03+08:00,1.3807,103.6862,C,Cloud to Cloud,2026-07-06T19:11:02.273+08:00
2026-07-07 13:57:25,2026-07-06T19:12:00+08:00,2026-07-06T19:14:03+08:00,1.3846,103.6854,C,Cloud to Cloud,2026-07-06T19:11:02.273+08:00
2026-07-07 13:57:25,2026-07-06T19:12:00+08:00,2026-07-06T19:14:03+08:00,1.3702,103.6872,G,Cloud to Ground,2026-07-06T19:11:02.273+08:00
2026-07-07 13:57:25,2026-07-06T19:12:00+08:00,2026-07-06T19:14:03+08:00,1.3842,103.6797,C,Cloud to Cloud,2026-07-06T19:11:02.297+08:00
2026-07-07 13:57:25,2026-07-06T19:12:00+08:00,2026-07-06T19:14:03+08:00,1.3842,103.6797,C,Cloud to Cloud,2026-07-06T19:11:02.297+08:00
2026-07-07 13:57:25,2026-07-06T19:12:00+08:00,2026-07-06T19:14:03+08:00,1.3859,103.6799,C,Cloud to Cloud,2026-07-06T19:11:02.297+08:00
2026-07-07 13:57:25,2026-07-06T19:12:00+08:00,2026-07-06T19:14:03+08:00,1.3815,103.681,C,Cloud to Cloud,2026-07-06T19:11:02.298+08:00
2026-07-07 13:57:25,2026-07-06T19:12:00+08:00,2026-07-06T19:14:03+08:00,1.3797,103.6785,C,Cloud to Cloud,2026-07-06T19:11:02.298+08:00
2026-07-07 13:57:25,2026-07-06T19:12:00+08:00,2026-07-06T19:14:03+08:00,1.3825,103.6782,C,Cloud to Cloud,2026-07-06T19:11:02.298+08:00
2026-07-07 13:57:25,2026-07-06T19:12:00+08:00,2026-07-06T19:14:03+08:00,1.3781,103.6677,C,Cloud to Cloud,2026-07-06T19:11:02.3+08:00
2026-07-07 13:57:25,2026-07-06T19:12:00+08:00,2026-07-06T19:14:03+08:00,1.3687,103.6535,C,Cloud to Cloud,2026-07-06T19:11:02.3+08:00
2026-07-07 13:57:25,2026-07-06T19:12:00+08:00,2026-07-06T19:14:03+08:00,1.3706,103.6574,C,Cloud to Cloud,2026-07-06T19:11:02.301+08:00
2026-07-07 13:57:25,2026-07-06T19:12:00+08:00,2026-07-06T19:14:03+08:00,1.38,103.671,C,Cloud to Cloud,2026-07-06T19:11:02.301+08:00
2026-07-07 13:57:25,2026-07-06T19:12:00+08:00,2026-07-06T19:14:03+08:00,1.3696,103.6609,C,Cloud to Cloud,2026-07-06T19:11:02.301+08:00
2026-07-07 13:57:25,2026-07-06T19:12:00+08:00,2026-07-06T19:14:03+08:00,1.3702,103.653,C,Cloud to Cloud,2026-07-06T19:11:02.301+08:00
2026-07-07 13:57:25,2026-07-06T19:12:00+08:00,2026-07-06T19:14:03+08:00,1.3702,103.653,C,Cloud to Cloud,2026-07-06T19:11:02.301+08:00
2026-07-07 13:57:25,2026-07-06T19:12:00+08:00,2026-07-06T19:14:03+08:00,1.3833,103.6813,C,Cloud to Cloud,2026-07-06T19:11:02.323+08:00
2026-07-07 13:57:25,2026-07-06T19:12:00+08:00,2026-07-06T19:14:03+08:00,1.3833,103.6813,C,Cloud to Cloud,2026-07-06T19:11:02.323+08:00
2026-07-07 13:57:25,2026-07-06T19:12:00+08:00,2026-07-06T19:14:03+08:00,1.3838,103.6831,C,Cloud to Cloud,2026-07-06T19:11:02.323+08:00
2026-07-07 13:57:25,2026-07-06T19:12:00+08:00,2026-07-06T19:14:03+08:00,1.3621,103.6772,C,Cloud to Cloud,2026-07-06T19:11:02.357+08:00
2026-07-07 13:57:25,2026-07-06T19:12:00+08:00,2026-07-06T19:14:03+08:00,1.3466,103.6594,C,Cloud to Cloud,2026-07-06T19:11:02.357+08:00
2026-07-07 13:57:25,2026-07-06T19:12:00+08:00,2026-07-06T19:14:03+08:00,1.3437,103.6667,C,Cloud to Cloud,2026-07-06T19:11:02.357+08:00
2026-07-07 13:57:25,2026-07-06T19:12:00+08:00,2026-07-06T19:14:03+08:00,1.3582,103.6853,C,Cloud to Cloud,2026-07-06T19:11:02.357+08:00
2026-07-07 13:57:25,2026-07-06T19:12:00+08:00,2026-07-06T19:14:03+08:00,1.3433,103.6702,C,Cloud to Cloud,2026-07-06T19:11:02.357+08:00
2026-07-07 13:57:25,2026-07-06T19:12:00+08:00,2026-07-06T19:14:03+08:00,1.3394,103.6603,C,Cloud to Cloud,2026-07-06T19:11:02.358+08:00
2026-07-07 13:57:25,2026-07-06T19:12:00+08:00,2026-07-06T19:14:03+08:00,1.3589,103.6811,C,Cloud to Cloud,2026-07-06T19:11:02.358+08:00
2026-07-07 13:57:25,2026-07-06T19:12:00+08:00,2026-07-06T19:14:03+08:00,1.3555,103.6745,C,Cloud to Cloud,2026-07-06T19:11:02.358+08:00
2026-07-07 13:57:25,2026-07-06T19:12:00+08:00,2026-07-06T19:14:03+08:00,1.3444,103.6526,C,Cloud to Cloud,2026-07-06T19:11:02.358+08:00
2026-07-07 13:57:25,2026-07-06T19:12:00+08:00,2026-07-06T19:14:03+08:00,1.34,103.6468,C,Cloud to Cloud,2026-07-06T19:11:02.358+08:00
2026-07-07 13:57:25,2026-07-06T19:12:00+08:00,2026-07-06T19:14:03+08:00,1.3447,103.6515,C,Cloud to Cloud,2026-07-06T19:11:02.358+08:00
2026-07-07 13:57:25,2026-07-06T19:12:00+08:00,2026-07-06T19:14:03+08:00,1.3624,103.666,C,Cloud to Cloud,2026-07-06T19:11:02.395+08:00
2026-07-07 13:57:25,2026-07-06T19:12:00+08:00,2026-07-06T19:14:03+08:00,1.3463,103.642,C,Cloud to Cloud,2026-07-06T19:11:02.395+08:00
2026-07-07 13:57:25,2026-07-06T19:12:00+08:00,2026-07-06T19:14:03+08:00,1.3478,103.6841,C,Cloud to Cloud,2026-07-06T19:11:02.395+08:00
2026-07-07 13:57:25,2026-07-06T19:12:00+08:00,2026-07-06T19:14:03+08:00,1.3628,103.6724,C,Cloud to Cloud,2026-07-06T19:11:02.395+08:00
2026-07-07 13:57:25,2026-07-06T19:12:00+08:00,2026-07-06T19:14:03+08:00,1.3504,103.6574,C,Cloud to Cloud,2026-07-06T19:11:02.395+08:00
2026-07-07 13:57:25,2026-07-06T19:12:00+08:00,2026-07-06T19:14:03+08:00,1.3472,103.6625,C,Cloud to Cloud,2026-07-06T19:11:02.396+08:00
2026-07-07 13:57:25,2026-07-06T19:12:00+08:00,2026-07-06T19:14:03+08:00,1.376,103.6646,C,Cloud to Cloud,2026-07-06T19:11:02.396+08:00
2026-07-07 13:57:25,2026-07-06T19:12:00+08:00,2026-07-06T19:14:03+08:00,1.3716,103.6435,C,Cloud to Cloud,2026-07-06T19:11:02.412+08:00
2026-07-07 13:57:25,2026-07-06T19:12:00+08:00,2026-07-06T19:14:03+08:00,1.3655,103.6619,C,Cloud to Cloud,2026-07-06T19:11:02.418+08:00
2026-07-07 13:57:25,2026-07-06T19:12:00+08:00,2026-07-06T19:14:03+08:00,1.3881,103.6957,C,Cloud to Cloud,2026-07-06T19:11:02.419+08:00
2026-07-07 13:57:25,2026-07-06T19:12:00+08:00,2026-07-06T19:14:03+08:00,1.3837,103.6868,C,Cloud to Cloud,2026-07-06T19:11:02.419+08:00
2026-07-07 13:57:25,2026-07-06T19:12:00+08:00,2026-07-06T19:14:03+08:00,1.3783,103.6824,C,Cloud to Cloud,2026-07-06T19:11:02.419+08:00
2026-07-07 13:57:25,2026-07-06T19:12:00+08:00,2026-07-06T19:14:03+08:00,1.3807,103.686,C,Cloud to Cloud,2026-07-06T19:11:02.419+08:00
2026-07-07 13:57:25,2026-07-06T19:12:00+08:00,2026-07-06T19:14:03+08:00,1.3856,103.6819,C,Cloud to Cloud,2026-07-06T19:11:02.419+08:00
2026-07-07 13:57:25,2026-07-06T19:12:00+08:00,2026-07-06T19:14:03+08:00,1.3694,103.6883,G,Cloud to Ground,2026-07-06T19:11:02.419+08:00
2026-07-07 13:57:25,2026-07-06T19:12:00+08:00,2026-07-06T19:14:03+08:00,1.3681,103.668,C,Cloud to Cloud,2026-07-06T19:11:02.419+08:00
2026-07-07 13:57:25,2026-07-06T19:12:00+08:00,2026-07-06T19:14:03+08:00,1.3742,103.6516,C,Cloud to Cloud,2026-07-06T19:11:02.419+08:00
2026-07-07 13:57:25,2026-07-06T19:12:00+08:00,2026-07-06T19:14:03+08:00,1.3869,103.6724,C,Cloud to Cloud,2026-07-06T19:11:02.419+08:00
2026-07-07 13:57:25,2026-07-06T19:12:00+08:00,2026-07-06T19:14:03+08:00,1.4476,103.6522,C,Cloud to Cloud,2026-07-06T19:11:04.953+08:00
2026-07-07 13:57:25,2026-07-06T19:12:00+08:00,2026-07-06T19:14:03+08:00,1.4152,103.6644,C,Cloud to Cloud,2026-07-06T19:11:04.953+08:00
2026-07-07 13:57:25,2026-07-06T19:12:00+08:00,2026-07-06T19:14:03+08:00,1.4009,103.6759,C,Cloud to Cloud,2026-07-06T19:11:05.01+08:00
2026-07-07 13:57:25,2026-07-06T19:12:00+08:00,2026-07-06T19:14:03+08:00,1.4008,103.6758,C,Cloud to Cloud,2026-07-06T19:11:05.01+08:00
2026-07-07 13:57:25,2026-07-06T19:12:00+08:00,2026-07-06T19:14:03+08:00,1.3996,103.6754,C,Cloud to Cloud,2026-07-06T19:11:05.01+08:00
2026-07-07 13:57:25,2026-07-06T19:12:00+08:00,2026-07-06T19:14:03+08:00,1.394,103.6634,C,Cloud to Cloud,2026-07-06T19:11:05.112+08:00
2026-07-07 13:57:25,2026-07-06T19:12:00+08:00,2026-07-06T19:14:03+08:00,1.3928,103.6613,C,Cloud to Cloud,2026-07-06T19:11:05.112+08:00
2026-07-07 13:57:25,2026-07-06T19:12:00+08:00,2026-07-06T19:14:03+08:00,1.4038,103.6941,C,Cloud to Cloud,2026-07-06T19:11:27.644+08:00
2026-07-07 13:57:25,2026-07-06T19:12:00+08:00,2026-07-06T19:14:03+08:00,1.4038,103.6941,C,Cloud to Cloud,2026-07-06T19:11:27.644+08:00
2026-07-07 13:57:25,2026-07-06T19:12:00+08:00,2026-07-06T19:14:03+08:00,1.4099,103.688,C,Cloud to Cloud,2026-07-06T19:11:27.689+08:00
2026-07-07 13:57:25,2026-07-06T19:12:00+08:00,2026-07-06T19:14:03+08:00,1.4018,103.6707,C,Cloud to Cloud,2026-07-06T19:11:27.689+08:00
2026-07-07 13:57:25,2026-07-06T19:12:00+08:00,2026-07-06T19:14:03+08:00,1.3984,103.6587,C,Cloud to Cloud,2026-07-06T19:11:27.689+08:00
2026-07-07 13:57:25,2026-07-06T19:12:00+08:00,2026-07-06T19:14:03+08:00,1.3922,103.6518,C,Cloud to Cloud,2026-07-06T19:11:27.689+08:00
2026-07-07 13:57:25,2026-07-06T19:12:00+08:00,2026-07-06T19:14:03+08:00,1.4067,103.6901,C,Cloud to Cloud,2026-07-06T19:11:27.696+08:00
2026-07-07 13:57:25,2026-07-06T19:12:00+08:00,2026-07-06T19:14:03+08:00,1.4067,103.6901,C,Cloud to Cloud,2026-07-06T19:11:27.696+08:00
2026-07-07 13:57:25,2026-07-06T19:12:00+08:00,2026-07-06T19:14:03+08:00,1.3988,103.6763,C,Cloud to Cloud,2026-07-06T19:11:27.719+08:00
2026-07-07 13:57:25,2026-07-06T19:12:00+08:00,2026-07-06T19:14:03+08:00,1.4084,103.6946,C,Cloud to Cloud,2026-07-06T19:11:27.719+08:00
2026-07-07 13:57:25,2026-07-06T19:12:00+08:00,2026-07-06T19:14:03+08:00,1.4086,103.6905,C,Cloud to Cloud,2026-07-06T19:11:27.719+08:00
2026-07-07 13:57:25,2026-07-06T19:12:00+08:00,2026-07-06T19:14:03+08:00,1.4089,103.6863,C,Cloud to Cloud,2026-07-06T19:11:27.719+08:00
2026-07-07 13:57:25,2026-07-06T19:12:00+08:00,2026-07-06T19:14:03+08:00,1.4132,103.6775,C,Cloud to Cloud,2026-07-06T19:11:27.719+08:00
2026-07-07 13:57:25,2026-07-06T19:12:00+08:00,2026-07-06T19:14:03+08:00,1.4132,103.6775,C,Cloud to Cloud,2026-07-06T19:11:27.719+08:00
2026-07-07 13:57:25,2026-07-06T19:12:00+08:00,2026-07-06T19:14:03+08:00,1.3816,103.6525,C,Cloud to Cloud,2026-07-06T19:11:27.735+08:00
2026-07-07 13:57:25,2026-07-06T19:12:00+08:00,2026-07-06T19:14:03+08:00,1.3908,103.669,C,Cloud to Cloud,2026-07-06T19:11:27.735+08:00
2026-07-07 13:57:25,2026-07-06T19:12:00+08:00,2026-07-06T19:14:03+08:00,1.4075,103.6961,C,Cloud to Cloud,2026-07-06T19:11:27.735+08:00
2026-07-07 13:57:25,2026-07-06T19:12:00+08:00,2026-07-06T19:14:03+08:00,1.4075,103.6961,C,Cloud to Cloud,2026-07-06T19:11:27.735+08:00
2026-07-07 13:57:25,2026-07-06T19:12:00+08:00,2026-07-06T19:14:03+08:00,1.4012,103.6868,C,Cloud to Cloud,2026-07-06T19:11:27.752+08:00
2026-07-07 13:57:25,2026-07-06T19:12:00+08:00,2026-07-06T19:14:03+08:00,1.3791,103.6468,C,Cloud to Cloud,2026-07-06T19:11:27.752+08:00
2026-07-07 13:57:25,2026-07-06T19:12:00+08:00,2026-07-06T19:14:03+08:00,1.3923,103.6703,C,Cloud to Cloud,2026-07-06T19:11:27.752+08:00
2026-07-07 13:57:25,2026-07-06T19:12:00+08:00,2026-07-06T19:14:03+08:00,1.4014,103.6897,C,Cloud to Cloud,2026-07-06T19:11:27.765+08:00
2026-07-07 13:57:25,2026-07-06T19:12:00+08:00,2026-07-06T19:14:03+08:00,1.3765,103.6459,C,Cloud to Cloud,2026-07-06T19:11:27.765+08:00
2026-07-07 13:57:25,2026-07-06T19:12:00+08:00,2026-07-06T19:14:03+08:00,1.4064,103.6964,C,Cloud to Cloud,2026-07-06T19:11:27.765+08:00
2026-07-07 13:57:25,2026-07-06T19:12:00+08:00,2026-07-06T19:14:03+08:00,1.365,103.6185,C,Cloud to Cloud,2026-07-06T19:11:27.778+08:00
2026-07-07 13:57:25,2026-07-06T19:12:00+08:00,2026-07-06T19:14:03+08:00,1.3689,103.6257,C,Cloud to Cloud,2026-07-06T19:11:27.778+08:00
2026-07-07 13:57:25,2026-07-06T19:12:00+08:00,2026-07-06T19:14:03+08:00,1.4041,103.6958,C,Cloud to Cloud,2026-07-06T19:11:27.778+08:00
2026-07-07 13:57:25,2026-07-06T19:12:00+08:00,2026-07-06T19:14:03+08:00,1.4041,103.6958,C,Cloud to Cloud,2026-07-06T19:11:27.778+08:00
2026-07-07 13:57:25,2026-07-06T19:12:00+08:00,2026-07-06T19:14:03+08:00,1.3993,103.6758,C,Cloud to Cloud,2026-07-06T19:11:27.791+08:00
2026-07-07 13:57:25,2026-07-06T19:12:00+08:00,2026-07-06T19:14:03+08:00,1.3687,103.6268,C,Cloud to Cloud,2026-07-06T19:11:27.791+08:00
2026-07-07 13:57:25,2026-07-06T19:12:00+08:00,2026-07-06T19:14:03+08:00,1.3994,103.6747,C,Cloud to Cloud,2026-07-06T19:11:27.803+08:00
2026-07-07 13:57:25,2026-07-06T19:12:00+08:00,2026-07-06T19:14:03+08:00,1.3994,103.6747,C,Cloud to Cloud,2026-07-06T19:11:27.803+08:00
2026-07-07 13:57:25,2026-07-06T19:12:00+08:00,2026-07-06T19:14:03+08:00,1.3998,103.684,C,Cloud to Cloud,2026-07-06T19:11:27.803+08:00
2026-07-07 13:57:25,2026-07-06T19:12:00+08:00,2026-07-06T19:14:03+08:00,1.3997,103.6767,C,Cloud to Cloud,2026-07-06T19:11:27.845+08:00
2026-07-07 13:57:25,2026-07-06T19:12:00+08:00,2026-07-06T19:14:03+08:00,1.3789,103.6361,C,Cloud to Cloud,2026-07-06T19:11:27.845+08:00
2026-07-07 13:57:25,2026-07-06T19:12:00+08:00,2026-07-06T19:14:03+08:00,1.3953,103.6763,C,Cloud to Cloud,2026-07-06T19:11:27.846+08:00
2026-07-07 13:57:25,2026-07-06T19:12:00+08:00,2026-07-06T19:14:03+08:00,1.4072,103.6938,C,Cloud to Cloud,2026-07-06T19:11:27.846+08:00
2026-07-07 13:57:25,2026-07-06T19:12:00+08:00,2026-07-06T19:14:03+08:00,1.3703,103.6364,C,Cloud to Cloud,2026-07-06T19:11:27.881+08:00
2026-07-07 13:57:25,2026-07-06T19:12:00+08:00,2026-07-06T19:14:03+08:00,1.379,103.6777,C,Cloud to Cloud,2026-07-06T19:11:40.383+08:00
2026-07-07 13:57:25,2026-07-06T19:12:00+08:00,2026-07-06T19:14:03+08:00,1.3906,103.6899,C,Cloud to Cloud,2026-07-06T19:11:40.452+08:00
2026-07-07 13:57:25,2026-07-06T19:12:00+08:00,2026-07-06T19:14:03+08:00,1.3979,103.7009,C,Cloud to Cloud,2026-07-06T19:11:40.452+08:00
2026-07-07 13:57:25,2026-07-06T19:12:00+08:00,2026-07-06T19:14:03+08:00,1.4008,103.6939,C,Cloud to Cloud,2026-07-06T19:11:40.453+08:00
2026-07-07 13:57:25,2026-07-06T19:12:00+08:00,2026-07-06T19:14:03+08:00,1.4008,103.6939,C,Cloud to Cloud,2026-07-06T19:11:40.453+08:00
2026-07-07 13:57:25,2026-07-06T19:12:00+08:00,2026-07-06T19:14:03+08:00,1.4006,103.6969,C,Cloud to Cloud,2026-07-06T19:11:40.489+08:00
2026-07-07 13:57:25,2026-07-06T19:12:00+08:00,2026-07-06T19:14:03+08:00,1.3869,103.6751,C,Cloud to Cloud,2026-07-06T19:11:40.489+08:00
2026-07-07 13:57:25,2026-07-06T19:12:00+08:00,2026-07-06T19:14:03+08:00,1.3853,103.6796,C,Cloud to Cloud,2026-07-06T19:11:40.489+08:00
2026-07-07 13:57:25,2026-07-06T19:12:00+08:00,2026-07-06T19:14:03+08:00,1.4016,103.6924,C,Cloud to Cloud,2026-07-06T19:11:40.494+08:00
2026-07-07 13:57:25,2026-07-06T19:12:00+08:00,2026-07-06T19:14:03+08:00,1.4014,103.6925,C,Cloud to Cloud,2026-07-06T19:11:40.494+08:00
2026-07-07 13:57:25,2026-07-06T19:12:00+08:00,2026-07-06T19:14:03+08:00,1.4486,103.5802,C,Cloud to Cloud,2026-07-06T19:11:40.494+08:00
2026-07-07 13:57:25,2026-07-06T19:12:00+08:00,2026-07-06T19:14:03+08:00,1.4024,103.6933,C,Cloud to Cloud,2026-07-06T19:11:40.502+08:00
2026-07-07 13:57:25,2026-07-06T19:12:00+08:00,2026-07-06T19:14:03+08:00,1.3831,103.66,C,Cloud to Cloud,2026-07-06T19:11:40.502+08:00
2026-07-07 13:57:25,2026-07-06T19:12:00+08:00,2026-07-06T19:14:03+08:00,1.3701,103.6727,C,Cloud to Cloud,2026-07-06T19:11:44.971+08:00
2026-07-07 13:57:25,2026-07-06T19:12:00+08:00,2026-07-06T19:14:03+08:00,1.3701,103.6727,C,Cloud to Cloud,2026-07-06T19:11:44.971+08:00
2026-07-07 13:57:25,2026-07-06T19:12:00+08:00,2026-07-06T19:14:03+08:00,1.3663,103.6716,C,Cloud to Cloud,2026-07-06T19:11:44.972+08:00
2026-07-07 13:57:25,2026-07-06T19:12:00+08:00,2026-07-06T19:14:03+08:00,1.3659,103.6711,C,Cloud to Cloud,2026-07-06T19:11:44.972+08:00
2026-07-07 13:57:25,2026-07-06T19:12:00+08:00,2026-07-06T19:14:03+08:00,1.3613,103.6698,C,Cloud to Cloud,2026-07-06T19:11:44.972+08:00
2026-07-07 13:57:25,2026-07-06T19:12:00+08:00,2026-07-06T19:14:03+08:00,1.3613,103.6698,C,Cloud to Cloud,2026-07-06T19:11:44.972+08:00
2026-07-07 13:57:25,2026-07-06T19:12:00+08:00,2026-07-06T19:14:03+08:00,1.3635,103.6772,C,Cloud to Cloud,2026-07-06T19:11:44.973+08:00
2026-07-07 13:57:25,2026-07-06T19:12:00+08:00,2026-07-06T19:14:03+08:00,1.3635,103.6772,C,Cloud to Cloud,2026-07-06T19:11:44.973+08:00
2026-07-07 13:57:25,2026-07-06T19:12:00+08:00,2026-07-06T19:14:03+08:00,1.3648,103.6772,C,Cloud to Cloud,2026-07-06T19:11:44.974+08:00
2026-07-07 13:57:25,2026-07-06T19:12:00+08:00,2026-07-06T19:14:03+08:00,1.3768,103.6913,C,Cloud to Cloud,2026-07-06T19:11:44.974+08:00
2026-07-07 13:57:25,2026-07-06T19:12:00+08:00,2026-07-06T19:14:03+08:00,1.363,103.6755,C,Cloud to Cloud,2026-07-06T19:11:44.974+08:00
2026-07-07 13:57:25,2026-07-06T19:12:00+08:00,2026-07-06T19:14:03+08:00,1.3573,103.6733,C,Cloud to Cloud,2026-07-06T19:11:44.975+08:00
2026-07-07 13:57:25,2026-07-06T19:12:00+08:00,2026-07-06T19:14:03+08:00,1.3573,103.6733,C,Cloud to Cloud,2026-07-06T19:11:44.975+08:00
2026-07-07 13:57:25,2026-07-06T19:12:00+08:00,2026-07-06T19:14:03+08:00,1.357,103.6742,C,Cloud to Cloud,2026-07-06T19:11:44.975+08:00
2026-07-07 13:57:25,2026-07-06T19:12:00+08:00,2026-07-06T19:14:03+08:00,1.3548,103.6721,C,Cloud to Cloud,2026-07-06T19:11:44.976+08:00
2026-07-07 13:57:25,2026-07-06T19:12:00+08:00,2026-07-06T19:14:03+08:00,1.3548,103.6721,C,Cloud to Cloud,2026-07-06T19:11:44.976+08:00
2026-07-07 13:57:25,2026-07-06T19:12:00+08:00,2026-07-06T19:14:03+08:00,1.353,103.6718,C,Cloud to Cloud,2026-07-06T19:11:44.976+08:00
2026-07-07 13:57:25,2026-07-06T19:12:00+08:00,2026-07-06T19:14:03+08:00,1.3555,103.6709,C,Cloud to Cloud,2026-07-06T19:11:44.977+08:00
2026-07-07 13:57:25,2026-07-06T19:12:00+08:00,2026-07-06T19:14:03+08:00,1.3555,103.6709,C,Cloud to Cloud,2026-07-06T19:11:44.977+08:00
2026-07-07 13:57:25,2026-07-06T19:12:00+08:00,2026-07-06T19:14:03+08:00,1.3546,103.6699,C,Cloud to Cloud,2026-07-06T19:11:44.977+08:00
2026-07-07 13:57:25,2026-07-06T19:12:00+08:00,2026-07-06T19:14:03+08:00,1.3546,103.6731,C,Cloud to Cloud,2026-07-06T19:11:44.977+08:00
2026-07-07 13:57:25,2026-07-06T19:12:00+08:00,2026-07-06T19:14:03+08:00,1.3535,103.674,C,Cloud to Cloud,2026-07-06T19:11:44.977+08:00
2026-07-07 13:57:25,2026-07-06T19:12:00+08:00,2026-07-06T19:14:03+08:00,1.3551,103.6708,C,Cloud to Cloud,2026-07-06T19:11:44.977+08:00
2026-07-07 13:57:25,2026-07-06T19:12:00+08:00,2026-07-06T19:14:03+08:00,1.3551,103.6708,C,Cloud to Cloud,2026-07-06T19:11:44.977+08:00
2026-07-07 13:57:25,2026-07-06T19:12:00+08:00,2026-07-06T19:14:03+08:00,1.354,103.6755,C,Cloud to Cloud,2026-07-06T19:11:44.977+08:00
2026-07-07 13:57:25,2026-07-06T19:12:00+08:00,2026-07-06T19:14:03+08:00,1.3528,103.6742,C,Cloud to Cloud,2026-07-06T19:11:44.978+08:00
2026-07-07 13:57:25,2026-07-06T19:12:00+08:00,2026-07-06T19:14:03+08:00,1.3518,103.6764,C,Cloud to Cloud,2026-07-06T19:11:44.978+08:00
2026-07-07 13:57:25,2026-07-06T19:12:00+08:00,2026-07-06T19:14:03+08:00,1.3527,103.6751,C,Cloud to Cloud,2026-07-06T19:11:44.978+08:00
2026-07-07 13:57:25,2026-07-06T19:12:00+08:00,2026-07-06T19:14:03+08:00,1.3498,103.6773,C,Cloud to Cloud,2026-07-06T19:11:44.978+08:00
2026-07-07 13:57:25,2026-07-06T19:12:00+08:00,2026-07-06T19:14:03+08:00,1.3509,103.6812,C,Cloud to Cloud,2026-07-06T19:11:44.979+08:00
2026-07-07 13:57:25,2026-07-06T19:12:00+08:00,2026-07-06T19:14:03+08:00,1.3277,103.6832,C,Cloud to Cloud,2026-07-06T19:11:44.98+08:00
2026-07-07 13:57:25,2026-07-06T19:12:00+08:00,2026-07-06T19:14:03+08:00,1.3467,103.6802,C,Cloud to Cloud,2026-07-06T19:11:44.981+08:00
2026-07-07 13:57:25,2026-07-06T19:12:00+08:00,2026-07-06T19:14:03+08:00,1.3595,103.6555,C,Cloud to Cloud,2026-07-06T19:11:45.052+08:00
2026-07-07 13:57:25,2026-07-06T19:12:00+08:00,2026-07-06T19:14:03+08:00,1.3595,103.6555,C,Cloud to Cloud,2026-07-06T19:11:45.052+08:00
2026-07-07 13:57:25,2026-07-06T19:12:00+08:00,2026-07-06T19:14:03+08:00,1.3556,103.6636,C,Cloud to Cloud,2026-07-06T19:11:45.052+08:00
2026-07-07 13:57:25,2026-07-06T19:12:00+08:00,2026-07-06T19:14:03+08:00,1.3444,103.6501,C,Cloud to Cloud,2026-07-06T19:11:45.053+08:00
2026-07-07 13:57:25,2026-07-06T19:12:00+08:00,2026-07-06T19:14:03+08:00,1.3642,103.661,C,Cloud to Cloud,2026-07-06T19:11:45.053+08:00
2026-07-07 13:57:25,2026-07-06T19:12:00+08:00,2026-07-06T19:14:03+08:00,1.3642,103.661,C,Cloud to Cloud,2026-07-06T19:11:45.053+08:00
2026-07-07 13:57:25,2026-07-06T19:12:00+08:00,2026-07-06T19:14:03+08:00,1.3626,103.6604,C,Cloud to Cloud,2026-07-06T19:11:45.053+08:00
2026-07-07 13:57:25,2026-07-06T19:12:00+08:00,2026-07-06T19:14:03+08:00,1.3678,103.6613,C,Cloud to Cloud,2026-07-06T19:11:45.054+08:00
2026-07-07 13:57:25,2026-07-06T19:12:00+08:00,2026-07-06T19:14:03+08:00,1.3678,103.6613,C,Cloud to Cloud,2026-07-06T19:11:45.054+08:00
2026-07-07 13:57:25,2026-07-06T19:12:00+08:00,2026-07-06T19:14:03+08:00,1.3681,103.658,C,Cloud to Cloud,2026-07-06T19:11:45.054+08:00
2026-07-07 13:57:25,2026-07-06T19:12:00+08:00,2026-07-06T19:14:03+08:00,1.3645,103.6662,C,Cloud to Cloud,2026-07-06T19:11:45.054+08:00
2026-07-07 13:57:25,2026-07-06T19:12:00+08:00,2026-07-06T19:14:03+08:00,1.3529,103.6534,C,Cloud to Cloud,2026-07-06T19:11:45.054+08:00
2026-07-07 13:57:25,2026-07-06T19:12:00+08:00,2026-07-06T19:14:03+08:00,1.3855,103.6845,C,Cloud to Cloud,2026-07-06T19:11:45.055+08:00
2026-07-07 13:57:25,2026-07-06T19:12:00+08:00,2026-07-06T19:14:03+08:00,1.3615,103.6619,C,Cloud to Cloud,2026-07-06T19:11:45.055+08:00
2026-07-07 13:57:25,2026-07-06T19:12:00+08:00,2026-07-06T19:14:03+08:00,1.3618,103.6618,C,Cloud to Cloud,2026-07-06T19:11:45.055+08:00
2026-07-07 13:57:25,2026-07-06T19:12:00+08:00,2026-07-06T19:14:03+08:00,1.3672,103.6581,C,Cloud to Cloud,2026-07-06T19:11:45.055+08:00
2026-07-07 13:57:25,2026-07-06T19:12:00+08:00,2026-07-06T19:14:03+08:00,1.3844,103.6827,C,Cloud to Cloud,2026-07-06T19:11:45.055+08:00
2026-07-07 13:57:25,2026-07-06T19:12:00+08:00,2026-07-06T19:14:03+08:00,1.3644,103.6562,C,Cloud to Cloud,2026-07-06T19:11:45.056+08:00
2026-07-07 13:57:25,2026-07-06T19:12:00+08:00,2026-07-06T19:14:03+08:00,1.3597,103.6593,C,Cloud to Cloud,2026-07-06T19:11:45.056+08:00
2026-07-07 13:57:25,2026-07-06T19:12:00+08:00,2026-07-06T19:14:03+08:00,1.3633,103.6642,C,Cloud to Cloud,2026-07-06T19:11:45.056+08:00
2026-07-07 13:57:25,2026-07-06T19:12:00+08:00,2026-07-06T19:14:03+08:00,1.3629,103.6648,C,Cloud to Cloud,2026-07-06T19:11:45.056+08:00
2026-07-07 13:57:25,2026-07-06T19:12:00+08:00,2026-07-06T19:14:03+08:00,1.3659,103.6608,C,Cloud to Cloud,2026-07-06T19:11:45.056+08:00
2026-07-07 13:57:25,2026-07-06T19:12:00+08:00,2026-07-06T19:14:03+08:00,1.3776,103.669,C,Cloud to Cloud,2026-07-06T19:11:45.056+08:00
2026-07-07 13:57:25,2026-07-06T19:12:00+08:00,2026-07-06T19:14:03+08:00,1.3785,103.6721,C,Cloud to Cloud,2026-07-06T19:11:45.057+08:00
2026-07-07 13:57:25,2026-07-06T19:12:00+08:00,2026-07-06T19:14:03+08:00,1.3653,103.6558,C,Cloud to Cloud,2026-07-06T19:11:45.057+08:00
2026-07-07 13:57:25,2026-07-06T19:12:00+08:00,2026-07-06T19:14:03+08:00,1.3659,103.6527,C,Cloud to Cloud,2026-07-06T19:11:45.058+08:00
2026-07-07 13:57:25,2026-07-06T19:12:00+08:00,2026-07-06T19:14:03+08:00,1.3653,103.6527,C,Cloud to Cloud,2026-07-06T19:11:45.058+08:00
2026-07-07 13:57:25,2026-07-06T19:12:00+08:00,2026-07-06T19:14:03+08:00,1.3703,103.6586,C,Cloud to Cloud,2026-07-06T19:11:45.058+08:00
2026-07-07 13:57:25,2026-07-06T19:12:00+08:00,2026-07-06T19:14:03+08:00,1.3692,103.6628,C,Cloud to Cloud,2026-07-06T19:11:45.059+08:00
2026-07-07 13:57:25,2026-07-06T19:12:00+08:00,2026-07-06T19:14:03+08:00,1.3723,103.6872,C,Cloud to Cloud,2026-07-06T19:11:45.059+08:00
2026-07-07 13:57:25,2026-07-06T19:12:00+08:00,2026-07-06T19:14:03+08:00,1.3693,103.6628,C,Cloud to Cloud,2026-07-06T19:11:45.059+08:00
2026-07-07 13:57:25,2026-07-06T19:12:00+08:00,2026-07-06T19:14:03+08:00,1.3621,103.6654,C,Cloud to Cloud,2026-07-06T19:11:45.059+08:00
2026-07-07 13:57:25,2026-07-06T19:12:00+08:00,2026-07-06T19:14:03+08:00,1.3621,103.6654,C,Cloud to Cloud,2026-07-06T19:11:45.059+08:00
2026-07-07 13:57:25,2026-07-06T19:12:00+08:00,2026-07-06T19:14:03+08:00,1.3553,103.6523,C,Cloud to Cloud,2026-07-06T19:11:45.061+08:00
2026-07-07 13:57:25,2026-07-06T19:12:00+08:00,2026-07-06T19:14:03+08:00,1.3553,103.6523,C,Cloud to Cloud,2026-07-06T19:11:45.061+08:00
2026-07-07 13:57:25,2026-07-06T19:12:00+08:00,2026-07-06T19:14:03+08:00,1.3559,103.6451,C,Cloud to Cloud,2026-07-06T19:11:45.062+08:00
2026-07-07 13:57:25,2026-07-06T19:12:00+08:00,2026-07-06T19:14:03+08:00,1.3559,103.6451,C,Cloud to Cloud,2026-07-06T19:11:45.062+08:00
2026-07-07 13:57:25,2026-07-06T19:12:00+08:00,2026-07-06T19:14:03+08:00,1.3709,103.6609,C,Cloud to Cloud,2026-07-06T19:11:45.063+08:00
2026-07-07 13:57:25,2026-07-06T19:12:00+08:00,2026-07-06T19:14:03+08:00,1.3678,103.6564,C,Cloud to Cloud,2026-07-06T19:11:45.063+08:00
2026-07-07 13:57:25,2026-07-06T19:12:00+08:00,2026-07-06T19:14:03+08:00,1.3675,103.656,C,Cloud to Cloud,2026-07-06T19:11:45.063+08:00
2026-07-07 13:57:25,2026-07-06T19:12:00+08:00,2026-07-06T19:14:03+08:00,1.3669,103.6562,C,Cloud to Cloud,2026-07-06T19:11:45.063+08:00
2026-07-07 13:57:25,2026-07-06T19:12:00+08:00,2026-07-06T19:14:03+08:00,1.367,103.6586,C,Cloud to Cloud,2026-07-06T19:11:45.063+08:00
2026-07-07 13:57:25,2026-07-06T19:12:00+08:00,2026-07-06T19:14:03+08:00,1.3661,103.6573,C,Cloud to Cloud,2026-07-06T19:11:45.063+08:00
2026-07-07 13:57:25,2026-07-06T19:12:00+08:00,2026-07-06T19:14:03+08:00,1.3607,103.6501,C,Cloud to Cloud,2026-07-06T19:11:45.064+08:00
2026-07-07 13:57:25,2026-07-06T19:12:00+08:00,2026-07-06T19:14:03+08:00,1.3607,103.6501,C,Cloud to Cloud,2026-07-06T19:11:45.064+08:00
2026-07-07 13:57:25,2026-07-06T19:12:00+08:00,2026-07-06T19:14:03+08:00,1.3844,103.6546,C,Cloud to Cloud,2026-07-06T19:11:45.072+08:00
2026-07-07 13:57:25,2026-07-06T19:12:00+08:00,2026-07-06T19:14:03+08:00,1.3844,103.6546,C,Cloud to Cloud,2026-07-06T19:11:45.072+08:00
2026-07-07 13:57:25,2026-07-06T19:12:00+08:00,2026-07-06T19:14:03+08:00,1.3723,103.6746,C,Cloud to Cloud,2026-07-06T19:11:45.113+08:00
2026-07-07 13:57:25,2026-07-06T19:12:00+08:00,2026-07-06T19:14:03+08:00,1.3642,103.664,C,Cloud to Cloud,2026-07-06T19:11:45.113+08:00
2026-07-07 13:57:25,2026-07-06T19:12:00+08:00,2026-07-06T19:14:03+08:00,1.3769,103.6723,C,Cloud to Cloud,2026-07-06T19:11:45.113+08:00
2026-07-07 13:57:25,2026-07-06T19:12:00+08:00,2026-07-06T19:14:03+08:00,1.3609,103.6443,C,Cloud to Cloud,2026-07-06T19:11:45.167+08:00
2026-07-07 13:57:25,2026-07-06T19:12:00+08:00,2026-07-06T19:14:03+08:00,1.3609,103.6443,C,Cloud to Cloud,2026-07-06T19:11:45.167+08:00
2026-07-07 13:57:25,2026-07-06T19:12:00+08:00,2026-07-06T19:14:03+08:00,1.3596,103.6763,C,Cloud to Cloud,2026-07-06T19:11:45.167+08:00
2026-07-07 13:57:25,2026-07-06T19:12:00+08:00,2026-07-06T19:14:03+08:00,1.3593,103.6752,C,Cloud to Cloud,2026-07-06T19:11:45.167+08:00
2026-07-07 13:57:25,2026-07-06T19:12:00+08:00,2026-07-06T19:14:03+08:00,1.379,103.6757,C,Cloud to Cloud,2026-07-06T19:11:45.167+08:00
2026-07-07 13:57:25,2026-07-06T19:12:00+08:00,2026-07-06T19:14:03+08:00,1.3654,103.6563,C,Cloud to Cloud,2026-07-06T19:11:45.167+08:00
2026-07-07 13:57:25,2026-07-06T19:12:00+08:00,2026-07-06T19:14:03+08:00,1.3624,103.6494,C,Cloud to Cloud,2026-07-06T19:11:45.168+08:00
2026-07-07 13:57:25,2026-07-06T19:12:00+08:00,2026-07-06T19:14:03+08:00,1.3721,103.6572,C,Cloud to Cloud,2026-07-06T19:11:45.168+08:00
2026-07-07 13:57:25,2026-07-06T19:12:00+08:00,2026-07-06T19:14:03+08:00,1.3836,103.6763,C,Cloud to Cloud,2026-07-06T19:11:45.168+08:00
2026-07-07 13:57:25,2026-07-06T19:12:00+08:00,2026-07-06T19:14:03+08:00,1.3824,103.6745,C,Cloud to Cloud,2026-07-06T19:11:45.168+08:00
2026-07-07 13:57:25,2026-07-06T19:12:00+08:00,2026-07-06T19:14:03+08:00,1.3907,103.6658,C,Cloud to Cloud,2026-07-06T19:11:45.187+08:00
2026-07-07 13:57:25,2026-07-06T19:12:00+08:00,2026-07-06T19:14:03+08:00,1.3677,103.643,C,Cloud to Cloud,2026-07-06T19:11:45.195+08:00
2026-07-07 13:57:25,2026-07-06T19:12:00+08:00,2026-07-06T19:14:03+08:00,1.3676,103.6431,C,Cloud to Cloud,2026-07-06T19:11:45.196+08:00
2026-07-07 13:57:25,2026-07-06T19:12:00+08:00,2026-07-06T19:14:03+08:00,1.3687,103.6595,C,Cloud to Cloud,2026-07-06T19:11:45.207+08:00
2026-07-07 13:57:25,2026-07-06T19:12:00+08:00,2026-07-06T19:14:03+08:00,1.3776,103.6706,C,Cloud to Cloud,2026-07-06T19:11:45.207+08:00
2026-07-07 13:57:25,2026-07-06T19:12:00+08:00,2026-07-06T19:14:03+08:00,1.3577,103.6956,C,Cloud to Cloud,2026-07-06T19:11:45.207+08:00
2026-07-07 13:57:25,2026-07-06T19:12:00+08:00,2026-07-06T19:14:03+08:00,1.3781,103.6756,C,Cloud to Cloud,2026-07-06T19:11:45.208+08:00
2026-07-07 13:57:25,2026-07-06T19:12:00+08:00,2026-07-06T19:14:03+08:00,1.3765,103.6504,C,Cloud to Cloud,2026-07-06T19:11:45.218+08:00
2026-07-07 13:57:25,2026-07-06T19:12:00+08:00,2026-07-06T19:14:03+08:00,1.3701,103.6516,C,Cloud to Cloud,2026-07-06T19:11:45.218+08:00
2026-07-07 13:57:25,2026-07-06T19:12:00+08:00,2026-07-06T19:14:03+08:00,1.3701,103.6516,C,Cloud to Cloud,2026-07-06T19:11:45.218+08:00
2026-07-07 13:57:25,2026-07-06T19:12:00+08:00,2026-07-06T19:14:03+08:00,1.3763,103.6718,C,Cloud to Cloud,2026-07-06T19:11:45.218+08:00
2026-07-07 13:57:25,2026-07-06T19:12:00+08:00,2026-07-06T19:14:03+08:00,1.39,103.6658,C,Cloud to Cloud,2026-07-06T19:11:45.234+08:00
2026-07-07 13:57:25,2026-07-06T19:12:00+08:00,2026-07-06T19:14:03+08:00,1.39,103.6658,C,Cloud to Cloud,2026-07-06T19:11:45.234+08:00
2026-07-07 13:57:25,2026-07-06T19:12:00+08:00,2026-07-06T19:14:03+08:00,1.3671,103.653,C,Cloud to Cloud,2026-07-06T19:11:45.287+08:00
2026-07-07 13:57:25,2026-07-06T19:12:00+08:00,2026-07-06T19:14:03+08:00,1.3671,103.653,C,Cloud to Cloud,2026-07-06T19:11:45.287+08:00
2026-07-07 13:57:25,2026-07-06T19:12:00+08:00,2026-07-06T19:14:03+08:00,1.3873,103.696,C,Cloud to Cloud,2026-07-06T19:11:45.287+08:00
2026-07-07 13:57:25,2026-07-06T19:12:00+08:00,2026-07-06T19:14:03+08:00,1.3439,103.6398,C,Cloud to Cloud,2026-07-06T19:11:45.288+08:00
2026-07-07 13:57:25,2026-07-06T19:12:00+08:00,2026-07-06T19:14:03+08:00,1.3615,103.6575,C,Cloud to Cloud,2026-07-06T19:11:45.288+08:00
2026-07-07 13:57:25,2026-07-06T19:12:00+08:00,2026-07-06T19:14:03+08:00,1.3892,103.6182,C,Cloud to Cloud,2026-07-06T19:11:45.288+08:00
2026-07-07 13:57:25,2026-07-06T19:12:00+08:00,2026-07-06T19:14:03+08:00,1.362,103.6469,C,Cloud to Cloud,2026-07-06T19:11:45.288+08:00
2026-07-07 13:57:25,2026-07-06T19:12:00+08:00,2026-07-06T19:14:03+08:00,1.3645,103.6604,C,Cloud to Cloud,2026-07-06T19:11:45.288+08:00
2026-07-07 13:57:25,2026-07-06T19:12:00+08:00,2026-07-06T19:14:03+08:00,1.3601,103.666,C,Cloud to Cloud,2026-07-06T19:11:45.288+08:00
2026-07-07 13:57:25,2026-07-06T19:12:00+08:00,2026-07-06T19:14:03+08:00,1.3601,103.6668,C,Cloud to Cloud,2026-07-06T19:11:45.288+08:00
2026-07-07 13:57:25,2026-07-06T19:12:00+08:00,2026-07-06T19:14:03+08:00,1.3212,103.6266,C,Cloud to Cloud,2026-07-06T19:11:45.288+08:00
2026-07-07 13:57:25,2026-07-06T19:12:00+08:00,2026-07-06T19:14:03+08:00,1.3277,103.666,C,Cloud to Cloud,2026-07-06T19:11:45.288+08:00
2026-07-07 13:57:25,2026-07-06T19:12:00+08:00,2026-07-06T19:14:03+08:00,1.3795,103.6953,C,Cloud to Cloud,2026-07-06T19:11:45.288+08:00
2026-07-07 13:57:25,2026-07-06T19:12:00+08:00,2026-07-06T19:14:03+08:00,1.3572,103.6753,C,Cloud to Cloud,2026-07-06T19:11:45.288+08:00
2026-07-07 13:57:25,2026-07-06T19:12:00+08:00,2026-07-06T19:14:03+08:00,1.3579,103.6781,C,Cloud to Cloud,2026-07-06T19:11:45.288+08:00
2026-07-07 13:57:25,2026-07-06T19:12:00+08:00,2026-07-06T19:14:03+08:00,1.3593,103.6782,C,Cloud to Cloud,2026-07-06T19:11:45.288+08:00
2026-07-07 13:57:25,2026-07-06T19:12:00+08:00,2026-07-06T19:14:03+08:00,1.3482,103.6659,C,Cloud to Cloud,2026-07-06T19:11:45.289+08:00
2026-07-07 13:57:25,2026-07-06T19:12:00+08:00,2026-07-06T19:14:03+08:00,1.3444,103.6938,C,Cloud to Cloud,2026-07-06T19:11:45.289+08:00
2026-07-07 13:57:25,2026-07-06T19:12:00+08:00,2026-07-06T19:14:03+08:00,1.3487,103.6832,C,Cloud to Cloud,2026-07-06T19:11:45.289+08:00
2026-07-07 13:57:25,2026-07-06T19:12:00+08:00,2026-07-06T19:14:03+08:00,1.3601,103.6634,C,Cloud to Cloud,2026-07-06T19:11:45.289+08:00
2026-07-07 13:57:25,2026-07-06T19:12:00+08:00,2026-07-06T19:14:03+08:00,1.3756,103.6781,C,Cloud to Cloud,2026-07-06T19:11:45.289+08:00
2026-07-07 13:57:25,2026-07-06T19:12:00+08:00,2026-07-06T19:14:03+08:00,1.3648,103.6638,C,Cloud to Cloud,2026-07-06T19:11:45.289+08:00
2026-07-07 13:57:25,2026-07-06T19:12:00+08:00,2026-07-06T19:14:03+08:00,1.3927,103.647,C,Cloud to Cloud,2026-07-06T19:11:45.299+08:00
2026-07-07 13:57:25,2026-07-06T19:12:00+08:00,2026-07-06T19:14:03+08:00,1.3863,103.6731,C,Cloud to Cloud,2026-07-06T19:11:45.301+08:00
2026-07-07 13:57:25,2026-07-06T19:12:00+08:00,2026-07-06T19:14:03+08:00,1.3895,103.6353,C,Cloud to Cloud,2026-07-06T19:11:45.302+08:00
2026-07-07 13:57:25,2026-07-06T19:12:00+08:00,2026-07-06T19:14:03+08:00,1.3803,103.672,C,Cloud to Cloud,2026-07-06T19:11:45.302+08:00
2026-07-07 13:57:25,2026-07-06T19:12:00+08:00,2026-07-06T19:14:03+08:00,1.3694,103.6603,C,Cloud to Cloud,2026-07-06T19:11:45.302+08:00
2026-07-07 13:57:25,2026-07-06T19:12:00+08:00,2026-07-06T19:14:03+08:00,1.3704,103.6617,C,Cloud to Cloud,2026-07-06T19:11:45.302+08:00
2026-07-07 13:57:25,2026-07-06T19:12:00+08:00,2026-07-06T19:14:03+08:00,1.3957,103.693,C,Cloud to Cloud,2026-07-06T19:11:45.302+08:00
2026-07-07 13:57:25,2026-07-06T19:12:00+08:00,2026-07-06T19:14:03+08:00,1.385,103.6619,C,Cloud to Cloud,2026-07-06T19:11:45.302+08:00
2026-07-07 13:57:25,2026-07-06T19:12:00+08:00,2026-07-06T19:14:03+08:00,1.3944,103.633,C,Cloud to Cloud,2026-07-06T19:11:45.323+08:00
2026-07-07 13:57:25,2026-07-06T19:12:00+08:00,2026-07-06T19:14:03+08:00,1.3943,103.6433,C,Cloud to Cloud,2026-07-06T19:11:45.323+08:00
2026-07-07 13:57:25,2026-07-06T19:12:00+08:00,2026-07-06T19:14:03+08:00,1.3778,103.6421,C,Cloud to Cloud,2026-07-06T19:11:45.362+08:00
2026-07-07 13:57:25,2026-07-06T19:12:00+08:00,2026-07-06T19:14:03+08:00,1.3793,103.6232,C,Cloud to Cloud,2026-07-06T19:11:45.362+08:00
2026-07-07 13:57:25,2026-07-06T19:12:00+08:00,2026-07-06T19:14:03+08:00,1.3975,103.6694,C,Cloud to Cloud,2026-07-06T19:11:45.362+08:00
2026-07-07 13:57:25,2026-07-06T19:12:00+08:00,2026-07-06T19:14:03+08:00,1.2643,103.6581,C,Cloud to Cloud,2026-07-06T19:11:45.363+08:00
2026-07-07 13:57:25,2026-07-06T19:12:00+08:00,2026-07-06T19:14:03+08:00,1.3674,103.6609,C,Cloud to Cloud,2026-07-06T19:11:45.363+08:00
2026-07-07 13:57:25,2026-07-06T19:12:00+08:00,2026-07-06T19:14:03+08:00,1.3642,103.6673,C,Cloud to Cloud,2026-07-06T19:11:45.363+08:00
2026-07-07 13:57:25,2026-07-06T19:12:00+08:00,2026-07-06T19:14:03+08:00,1.3883,103.6911,C,Cloud to Cloud,2026-07-06T19:11:45.363+08:00
2026-07-07 13:57:25,2026-07-06T19:12:00+08:00,2026-07-06T19:14:03+08:00,1.3617,103.6641,C,Cloud to Cloud,2026-07-06T19:11:45.363+08:00
2026-07-07 13:57:25,2026-07-06T19:12:00+08:00,2026-07-06T19:14:03+08:00,1.3519,103.6699,C,Cloud to Cloud,2026-07-06T19:11:45.363+08:00
2026-07-07 13:57:25,2026-07-06T19:12:00+08:00,2026-07-06T19:14:03+08:00,1.3506,103.665,C,Cloud to Cloud,2026-07-06T19:11:45.363+08:00
2026-07-07 13:57:25,2026-07-06T19:12:00+08:00,2026-07-06T19:14:03+08:00,1.3313,103.7149,C,Cloud to Cloud,2026-07-06T19:11:45.363+08:00
2026-07-07 13:57:25,2026-07-06T19:12:00+08:00,2026-07-06T19:14:03+08:00,1.4029,103.6807,C,Cloud to Cloud,2026-07-06T19:11:55.065+08:00
2026-07-07 13:57:25,2026-07-06T19:12:00+08:00,2026-07-06T19:14:03+08:00,1.3867,103.6485,C,Cloud to Cloud,2026-07-06T19:11:55.065+08:00
2026-07-07 13:57:25,2026-07-06T19:12:00+08:00,2026-07-06T19:14:03+08:00,1.4255,103.6969,C,Cloud to Cloud,2026-07-06T19:11:55.065+08:00
2026-07-07 13:57:25,2026-07-06T19:12:00+08:00,2026-07-06T19:14:03+08:00,1.403,103.6797,C,Cloud to Cloud,2026-07-06T19:11:55.065+08:00
2026-07-07 13:57:25,2026-07-06T19:12:00+08:00,2026-07-06T19:14:03+08:00,1.4044,103.665,C,Cloud to Cloud,2026-07-06T19:11:55.104+08:00
2026-07-07 13:57:25,2026-07-06T19:12:00+08:00,2026-07-06T19:14:03+08:00,1.4044,103.665,C,Cloud to Cloud,2026-07-06T19:11:55.104+08:00
2026-07-07 13:57:25,2026-07-06T19:12:00+08:00,2026-07-06T19:14:03+08:00,1.4054,103.6658,C,Cloud to Cloud,2026-07-06T19:11:55.104+08:00
2026-07-07 13:57:25,2026-07-06T19:12:00+08:00,2026-07-06T19:14:03+08:00,1.4032,103.6353,C,Cloud to Cloud,2026-07-06T19:11:55.142+08:00
2026-07-07 13:57:25,2026-07-06T19:12:00+08:00,2026-07-06T19:14:03+08:00,1.4032,103.6353,C,Cloud to Cloud,2026-07-06T19:11:55.142+08:00
2026-07-07 13:57:25,2026-07-06T19:12:00+08:00,2026-07-06T19:14:03+08:00,1.4115,103.6881,C,Cloud to Cloud,2026-07-06T19:11:55.198+08:00
2026-07-07 13:57:25,2026-07-06T19:12:00+08:00,2026-07-06T19:14:03+08:00,1.4115,103.6881,C,Cloud to Cloud,2026-07-06T19:11:55.198+08:00
2026-07-07 13:57:25,2026-07-06T19:12:00+08:00,2026-07-06T19:14:03+08:00,1.4109,103.6941,C,Cloud to Cloud,2026-07-06T19:11:55.21+08:00
2026-07-07 13:57:25,2026-07-06T19:12:00+08:00,2026-07-06T19:14:03+08:00,1.4109,103.6941,C,Cloud to Cloud,2026-07-06T19:11:55.21+08:00
2026-07-07 13:57:25,2026-07-06T19:12:00+08:00,2026-07-06T19:14:03+08:00,1.4154,103.6846,C,Cloud to Cloud,2026-07-06T19:11:55.217+08:00
2026-07-07 13:57:25,2026-07-06T19:12:00+08:00,2026-07-06T19:14:03+08:00,1.4154,103.6846,C,Cloud to Cloud,2026-07-06T19:11:55.217+08:00
2026-07-07 13:57:25,2026-07-06T19:12:00+08:00,2026-07-06T19:14:03+08:00,1.4064,103.6866,C,Cloud to Cloud,2026-07-06T19:11:55.24+08:00
2026-07-07 13:57:25,2026-07-06T19:12:00+08:00,2026-07-06T19:14:03+08:00,1.4114,103.656,C,Cloud to Cloud,2026-07-06T19:11:55.24+08:00
2026-07-07 13:57:25,2026-07-06T19:12:00+08:00,2026-07-06T19:14:03+08:00,1.4073,103.6893,C,Cloud to Cloud,2026-07-06T19:11:55.247+08:00
2026-07-07 13:57:25,2026-07-06T19:12:00+08:00,2026-07-06T19:14:03+08:00,1.4073,103.6893,C,Cloud to Cloud,2026-07-06T19:11:55.247+08:00
2026-07-07 13:57:25,2026-07-06T19:12:00+08:00,2026-07-06T19:14:03+08:00,1.4154,103.6832,C,Cloud to Cloud,2026-07-06T19:11:55.248+08:00
2026-07-07 13:57:25,2026-07-06T19:12:00+08:00,2026-07-06T19:14:03+08:00,1.4155,103.6831,C,Cloud to Cloud,2026-07-06T19:11:55.248+08:00
2026-07-07 13:57:25,2026-07-06T19:12:00+08:00,2026-07-06T19:14:03+08:00,1.4372,103.6275,G,Cloud to Ground,2026-07-06T19:11:55.248+08:00
2026-07-07 13:57:25,2026-07-06T19:12:00+08:00,2026-07-06T19:14:03+08:00,1.4116,103.6928,C,Cloud to Cloud,2026-07-06T19:11:55.249+08:00
2026-07-07 13:57:25,2026-07-06T19:12:00+08:00,2026-07-06T19:14:03+08:00,1.4116,103.6928,C,Cloud to Cloud,2026-07-06T19:11:55.249+08:00
2026-07-07 13:57:25,2026-07-06T19:12:00+08:00,2026-07-06T19:14:03+08:00,1.401,103.692,C,Cloud to Cloud,2026-07-06T19:11:55.25+08:00
2026-07-07 13:57:25,2026-07-06T19:12:00+08:00,2026-07-06T19:14:03+08:00,1.4341,103.4615,C,Cloud to Cloud,2026-07-06T19:11:55.25+08:00
2026-07-07 13:57:25,2026-07-06T19:12:00+08:00,2026-07-06T19:14:03+08:00,1.3919,103.6766,C,Cloud to Cloud,2026-07-06T19:11:55.25+08:00
2026-07-07 13:57:25,2026-07-06T19:12:00+08:00,2026-07-06T19:14:03+08:00,1.4096,103.6815,C,Cloud to Cloud,2026-07-06T19:11:55.257+08:00
2026-07-07 13:57:25,2026-07-06T19:12:00+08:00,2026-07-06T19:14:03+08:00,1.4173,103.6989,C,Cloud to Cloud,2026-07-06T19:11:55.258+08:00
2026-07-07 13:57:25,2026-07-06T19:12:00+08:00,2026-07-06T19:14:03+08:00,1.416,103.6734,C,Cloud to Cloud,2026-07-06T19:11:55.259+08:00
2026-07-07 13:57:25,2026-07-06T19:12:00+08:00,2026-07-06T19:14:03+08:00,1.416,103.6734,C,Cloud to Cloud,2026-07-06T19:11:55.259+08:00
2026-07-07 13:57:25,2026-07-06T19:12:00+08:00,2026-07-06T19:14:03+08:00,1.406,103.6791,C,Cloud to Cloud,2026-07-06T19:11:55.276+08:00
2026-07-07 13:57:25,2026-07-06T19:12:00+08:00,2026-07-06T19:14:03+08:00,1.406,103.6791,C,Cloud to Cloud,2026-07-06T19:11:55.276+08:00
2026-07-07 13:57:25,2026-07-06T19:12:00+08:00,2026-07-06T19:14:03+08:00,1.4117,103.6838,C,Cloud to Cloud,2026-07-06T19:11:55.276+08:00
2026-07-07 13:57:25,2026-07-06T19:12:00+08:00,2026-07-06T19:14:03+08:00,1.4219,103.7004,C,Cloud to Cloud,2026-07-06T19:11:55.329+08:00
2026-07-07 13:57:25,2026-07-06T19:12:00+08:00,2026-07-06T19:14:03+08:00,1.4114,103.6863,C,Cloud to Cloud,2026-07-06T19:11:55.33+08:00
2026-07-07 13:57:25,2026-07-06T19:12:00+08:00,2026-07-06T19:14:03+08:00,1.4044,103.6707,C,Cloud to Cloud,2026-07-06T19:11:55.33+08:00
2026-07-07 13:57:25,2026-07-06T19:12:00+08:00,2026-07-06T19:14:03+08:00,1.4436,103.6488,C,Cloud to Cloud,2026-07-06T19:11:55.345+08:00
2026-07-07 13:57:25,2026-07-06T19:12:00+08:00,2026-07-06T19:14:03+08:00,1.4046,103.6509,C,Cloud to Cloud,2026-07-06T19:11:55.365+08:00
2026-07-07 13:57:25,2026-07-06T19:12:00+08:00,2026-07-06T19:14:03+08:00,1.4166,103.6762,C,Cloud to Cloud,2026-07-06T19:11:55.365+08:00
2026-07-07 13:57:25,2026-07-06T19:12:00+08:00,2026-07-06T19:14:03+08:00,1.4005,103.6773,C,Cloud to Cloud,2026-07-06T19:11:55.37+08:00
2026-07-07 13:57:25,2026-07-06T19:12:00+08:00,2026-07-06T19:14:03+08:00,1.3907,103.6582,C,Cloud to Cloud,2026-07-06T19:11:55.37+08:00
2026-07-07 13:57:25,2026-07-06T19:10:00+08:00,2026-07-06T19:12:03+08:00,1.3778,103.68,C,Cloud to Cloud,2026-07-06T19:08:06.104+08:00
2026-07-07 13:57:25,2026-07-06T19:10:00+08:00,2026-07-06T19:12:03+08:00,1.3778,103.68,C,Cloud to Cloud,2026-07-06T19:08:06.105+08:00
2026-07-07 13:57:25,2026-07-06T19:10:00+08:00,2026-07-06T19:12:03+08:00,1.3738,103.6701,C,Cloud to Cloud,2026-07-06T19:08:06.121+08:00
2026-07-07 13:57:25,2026-07-06T19:10:00+08:00,2026-07-06T19:12:03+08:00,1.3738,103.6701,C,Cloud to Cloud,2026-07-06T19:08:06.121+08:00
2026-07-07 13:57:25,2026-07-06T19:10:00+08:00,2026-07-06T19:12:03+08:00,1.3694,103.6661,C,Cloud to Cloud,2026-07-06T19:08:06.121+08:00
2026-07-07 13:57:25,2026-07-06T19:10:00+08:00,2026-07-06T19:12:03+08:00,1.3714,103.6642,C,Cloud to Cloud,2026-07-06T19:08:06.121+08:00
2026-07-07 13:57:25,2026-07-06T19:10:00+08:00,2026-07-06T19:12:03+08:00,1.3705,103.6629,C,Cloud to Cloud,2026-07-06T19:08:06.122+08:00
2026-07-07 13:57:25,2026-07-06T19:10:00+08:00,2026-07-06T19:12:03+08:00,1.3699,103.6609,C,Cloud to Cloud,2026-07-06T19:08:06.122+08:00
2026-07-07 13:57:25,2026-07-06T19:10:00+08:00,2026-07-06T19:12:03+08:00,1.374,103.6668,C,Cloud to Cloud,2026-07-06T19:08:06.122+08:00
2026-07-07 13:57:25,2026-07-06T19:10:00+08:00,2026-07-06T19:12:03+08:00,1.3713,103.6618,C,Cloud to Cloud,2026-07-06T19:08:06.122+08:00
2026-07-07 13:57:25,2026-07-06T19:10:00+08:00,2026-07-06T19:12:03+08:00,1.3713,103.6618,C,Cloud to Cloud,2026-07-06T19:08:06.122+08:00
2026-07-07 13:57:25,2026-07-06T19:10:00+08:00,2026-07-06T19:12:03+08:00,1.3735,103.6808,C,Cloud to Cloud,2026-07-06T19:08:06.143+08:00
2026-07-07 13:57:25,2026-07-06T19:10:00+08:00,2026-07-06T19:12:03+08:00,1.3735,103.6808,C,Cloud to Cloud,2026-07-06T19:08:06.143+08:00
2026-07-07 13:57:25,2026-07-06T19:10:00+08:00,2026-07-06T19:12:03+08:00,1.3844,103.6763,C,Cloud to Cloud,2026-07-06T19:08:06.17+08:00
2026-07-07 13:57:25,2026-07-06T19:10:00+08:00,2026-07-06T19:12:03+08:00,1.3847,103.6763,C,Cloud to Cloud,2026-07-06T19:08:06.17+08:00
2026-07-07 13:57:25,2026-07-06T19:10:00+08:00,2026-07-06T19:12:03+08:00,1.384,103.6768,C,Cloud to Cloud,2026-07-06T19:08:06.17+08:00
2026-07-07 13:57:25,2026-07-06T19:10:00+08:00,2026-07-06T19:12:03+08:00,1.3853,103.6761,C,Cloud to Cloud,2026-07-06T19:08:06.17+08:00
2026-07-07 13:57:25,2026-07-06T19:10:00+08:00,2026-07-06T19:12:03+08:00,1.3841,103.6777,C,Cloud to Cloud,2026-07-06T19:08:06.17+08:00
2026-07-07 13:57:25,2026-07-06T19:10:00+08:00,2026-07-06T19:12:03+08:00,1.3841,103.6761,C,Cloud to Cloud,2026-07-06T19:08:06.17+08:00
2026-07-07 13:57:25,2026-07-06T19:10:00+08:00,2026-07-06T19:12:03+08:00,1.3839,103.6772,C,Cloud to Cloud,2026-07-06T19:08:06.17+08:00
2026-07-07 13:57:25,2026-07-06T19:10:00+08:00,2026-07-06T19:12:03+08:00,1.3841,103.6769,C,Cloud to Cloud,2026-07-06T19:08:06.17+08:00
2026-07-07 13:57:25,2026-07-06T19:10:00+08:00,2026-07-06T19:12:03+08:00,1.3839,103.6761,C,Cloud to Cloud,2026-07-06T19:08:06.17+08:00
2026-07-07 13:57:25,2026-07-06T19:10:00+08:00,2026-07-06T19:12:03+08:00,1.3828,103.6775,C,Cloud to Cloud,2026-07-06T19:08:06.171+08:00
2026-07-07 13:57:25,2026-07-06T19:10:00+08:00,2026-07-06T19:12:03+08:00,1.3835,103.6771,C,Cloud to Cloud,2026-07-06T19:08:06.171+08:00
2026-07-07 13:57:25,2026-07-06T19:10:00+08:00,2026-07-06T19:12:03+08:00,1.3842,103.6764,C,Cloud to Cloud,2026-07-06T19:08:06.171+08:00
2026-07-07 13:57:25,2026-07-06T19:10:00+08:00,2026-07-06T19:12:03+08:00,1.3837,103.6763,C,Cloud to Cloud,2026-07-06T19:08:06.171+08:00
2026-07-07 13:57:25,2026-07-06T19:10:00+08:00,2026-07-06T19:12:03+08:00,1.3867,103.6823,C,Cloud to Cloud,2026-07-06T19:08:06.171+08:00
2026-07-07 13:57:25,2026-07-06T19:10:00+08:00,2026-07-06T19:12:03+08:00,1.3897,103.6833,C,Cloud to Cloud,2026-07-06T19:08:06.171+08:00
2026-07-07 13:57:25,2026-07-06T19:10:00+08:00,2026-07-06T19:12:03+08:00,1.3873,103.6825,C,Cloud to Cloud,2026-07-06T19:08:06.171+08:00
2026-07-07 13:57:25,2026-07-06T19:10:00+08:00,2026-07-06T19:12:03+08:00,1.3884,103.6843,C,Cloud to Cloud,2026-07-06T19:08:06.171+08:00
2026-07-07 13:57:25,2026-07-06T19:10:00+08:00,2026-07-06T19:12:03+08:00,1.3882,103.6817,C,Cloud to Cloud,2026-07-06T19:08:06.172+08:00
2026-07-07 13:57:25,2026-07-06T19:10:00+08:00,2026-07-06T19:12:03+08:00,1.3885,103.6836,C,Cloud to Cloud,2026-07-06T19:08:06.172+08:00
2026-07-07 13:57:25,2026-07-06T19:10:00+08:00,2026-07-06T19:12:03+08:00,1.3881,103.6816,C,Cloud to Cloud,2026-07-06T19:08:06.172+08:00
2026-07-07 13:57:25,2026-07-06T19:10:00+08:00,2026-07-06T19:12:03+08:00,1.3883,103.6825,C,Cloud to Cloud,2026-07-06T19:08:06.172+08:00
2026-07-07 13:57:25,2026-07-06T19:10:00+08:00,2026-07-06T19:12:03+08:00,1.3893,103.6833,C,Cloud to Cloud,2026-07-06T19:08:06.172+08:00
2026-07-07 13:57:25,2026-07-06T19:10:00+08:00,2026-07-06T19:12:03+08:00,1.3893,103.6848,C,Cloud to Cloud,2026-07-06T19:08:06.172+08:00
2026-07-07 13:57:25,2026-07-06T19:10:00+08:00,2026-07-06T19:12:03+08:00,1.3895,103.6843,C,Cloud to Cloud,2026-07-06T19:08:06.172+08:00
2026-07-07 13:57:25,2026-07-06T19:10:00+08:00,2026-07-06T19:12:03+08:00,1.39,103.6826,C,Cloud to Cloud,2026-07-06T19:08:06.173+08:00
2026-07-07 13:57:25,2026-07-06T19:10:00+08:00,2026-07-06T19:12:03+08:00,1.3894,103.6829,C,Cloud to Cloud,2026-07-06T19:08:06.173+08:00
2026-07-07 13:57:25,2026-07-06T19:10:00+08:00,2026-07-06T19:12:03+08:00,1.3893,103.6839,C,Cloud to Cloud,2026-07-06T19:08:06.173+08:00
2026-07-07 13:57:25,2026-07-06T19:10:00+08:00,2026-07-06T19:12:03+08:00,1.3917,103.6847,C,Cloud to Cloud,2026-07-06T19:08:06.173+08:00
2026-07-07 13:57:25,2026-07-06T19:10:00+08:00,2026-07-06T19:12:03+08:00,1.3874,103.68,C,Cloud to Cloud,2026-07-06T19:08:06.173+08:00
2026-07-07 13:57:25,2026-07-06T19:10:00+08:00,2026-07-06T19:12:03+08:00,1.3894,103.6812,C,Cloud to Cloud,2026-07-06T19:08:06.173+08:00
2026-07-07 13:57:25,2026-07-06T19:10:00+08:00,2026-07-06T19:12:03+08:00,1.3886,103.6856,C,Cloud to Cloud,2026-07-06T19:08:06.173+08:00
2026-07-07 13:57:25,2026-07-06T19:10:00+08:00,2026-07-06T19:12:03+08:00,1.3913,103.6855,C,Cloud to Cloud,2026-07-06T19:08:06.173+08:00
2026-07-07 13:57:25,2026-07-06T19:10:00+08:00,2026-07-06T19:12:03+08:00,1.3926,103.6825,C,Cloud to Cloud,2026-07-06T19:08:06.173+08:00
2026-07-07 13:57:25,2026-07-06T19:10:00+08:00,2026-07-06T19:12:03+08:00,1.3924,103.6827,C,Cloud to Cloud,2026-07-06T19:08:06.173+08:00
2026-07-07 13:57:25,2026-07-06T19:10:00+08:00,2026-07-06T19:12:03+08:00,1.3923,103.6857,C,Cloud to Cloud,2026-07-06T19:08:06.174+08:00
2026-07-07 13:57:25,2026-07-06T19:10:00+08:00,2026-07-06T19:12:03+08:00,1.3915,103.6832,C,Cloud to Cloud,2026-07-06T19:08:06.174+08:00
2026-07-07 13:57:25,2026-07-06T19:10:00+08:00,2026-07-06T19:12:03+08:00,1.3768,103.6866,G,Cloud to Ground,2026-07-06T19:08:06.174+08:00
2026-07-07 13:57:25,2026-07-06T19:10:00+08:00,2026-07-06T19:12:03+08:00,1.3812,103.681,C,Cloud to Cloud,2026-07-06T19:08:06.174+08:00
2026-07-07 13:57:25,2026-07-06T19:10:00+08:00,2026-07-06T19:12:03+08:00,1.385,103.6793,C,Cloud to Cloud,2026-07-06T19:08:06.174+08:00
2026-07-07 13:57:25,2026-07-06T19:10:00+08:00,2026-07-06T19:12:03+08:00,1.3782,103.6775,C,Cloud to Cloud,2026-07-06T19:08:06.186+08:00
2026-07-07 13:57:25,2026-07-06T19:10:00+08:00,2026-07-06T19:12:03+08:00,1.3784,103.6773,C,Cloud to Cloud,2026-07-06T19:08:06.186+08:00
2026-07-07 13:57:25,2026-07-06T19:10:00+08:00,2026-07-06T19:12:03+08:00,1.3552,103.6553,C,Cloud to Cloud,2026-07-06T19:08:06.186+08:00
2026-07-07 13:57:25,2026-07-06T19:10:00+08:00,2026-07-06T19:12:03+08:00,1.373,103.6737,C,Cloud to Cloud,2026-07-06T19:08:06.194+08:00
2026-07-07 13:57:25,2026-07-06T19:10:00+08:00,2026-07-06T19:12:03+08:00,1.373,103.6737,C,Cloud to Cloud,2026-07-06T19:08:06.194+08:00
2026-07-07 13:57:25,2026-07-06T19:10:00+08:00,2026-07-06T19:12:03+08:00,1.3703,103.6712,C,Cloud to Cloud,2026-07-06T19:08:06.194+08:00
2026-07-07 13:57:25,2026-07-06T19:10:00+08:00,2026-07-06T19:12:03+08:00,1.3759,103.6539,C,Cloud to Cloud,2026-07-06T19:08:06.199+08:00
2026-07-07 13:57:25,2026-07-06T19:10:00+08:00,2026-07-06T19:12:03+08:00,1.3759,103.6539,C,Cloud to Cloud,2026-07-06T19:08:06.199+08:00
2026-07-07 13:57:25,2026-07-06T19:10:00+08:00,2026-07-06T19:12:03+08:00,1.3673,103.6787,C,Cloud to Cloud,2026-07-06T19:08:06.253+08:00
2026-07-07 13:57:25,2026-07-06T19:10:00+08:00,2026-07-06T19:12:03+08:00,1.3469,103.6543,C,Cloud to Cloud,2026-07-06T19:08:06.253+08:00
2026-07-07 13:57:25,2026-07-06T19:10:00+08:00,2026-07-06T19:12:03+08:00,1.3781,103.6854,C,Cloud to Cloud,2026-07-06T19:08:06.27+08:00
2026-07-07 13:57:25,2026-07-06T19:10:00+08:00,2026-07-06T19:12:03+08:00,1.3781,103.6854,C,Cloud to Cloud,2026-07-06T19:08:06.27+08:00
2026-07-07 13:57:25,2026-07-06T19:10:00+08:00,2026-07-06T19:12:03+08:00,1.3805,103.6817,C,Cloud to Cloud,2026-07-06T19:08:06.28+08:00
2026-07-07 13:57:25,2026-07-06T19:10:00+08:00,2026-07-06T19:12:03+08:00,1.3805,103.6817,C,Cloud to Cloud,2026-07-06T19:08:06.28+08:00
2026-07-07 13:57:25,2026-07-06T19:10:00+08:00,2026-07-06T19:12:03+08:00,1.3805,103.6798,C,Cloud to Cloud,2026-07-06T19:08:06.281+08:00
2026-07-07 13:57:25,2026-07-06T19:10:00+08:00,2026-07-06T19:12:03+08:00,1.3805,103.6798,C,Cloud to Cloud,2026-07-06T19:08:06.281+08:00
2026-07-07 13:57:25,2026-07-06T19:10:00+08:00,2026-07-06T19:12:03+08:00,1.3799,103.6792,C,Cloud to Cloud,2026-07-06T19:08:06.281+08:00
2026-07-07 13:57:25,2026-07-06T19:10:00+08:00,2026-07-06T19:12:03+08:00,1.3804,103.6799,C,Cloud to Cloud,2026-07-06T19:08:06.281+08:00
2026-07-07 13:57:25,2026-07-06T19:10:00+08:00,2026-07-06T19:12:03+08:00,1.3793,103.6833,C,Cloud to Cloud,2026-07-06T19:08:06.281+08:00
2026-07-07 13:57:25,2026-07-06T19:10:00+08:00,2026-07-06T19:12:03+08:00,1.381,103.6829,C,Cloud to Cloud,2026-07-06T19:08:06.281+08:00
2026-07-07 13:57:25,2026-07-06T19:10:00+08:00,2026-07-06T19:12:03+08:00,1.3803,103.6812,C,Cloud to Cloud,2026-07-06T19:08:06.281+08:00
2026-07-07 13:57:25,2026-07-06T19:10:00+08:00,2026-07-06T19:12:03+08:00,1.3807,103.6818,C,Cloud to Cloud,2026-07-06T19:08:06.282+08:00
2026-07-07 13:57:25,2026-07-06T19:10:00+08:00,2026-07-06T19:12:03+08:00,1.3807,103.6823,C,Cloud to Cloud,2026-07-06T19:08:06.282+08:00
2026-07-07 13:57:25,2026-07-06T19:10:00+08:00,2026-07-06T19:12:03+08:00,1.3802,103.6816,C,Cloud to Cloud,2026-07-06T19:08:06.282+08:00
2026-07-07 13:57:25,2026-07-06T19:10:00+08:00,2026-07-06T19:12:03+08:00,1.3817,103.6825,C,Cloud to Cloud,2026-07-06T19:08:06.282+08:00
2026-07-07 13:57:25,2026-07-06T19:10:00+08:00,2026-07-06T19:12:03+08:00,1.3792,103.6788,C,Cloud to Cloud,2026-07-06T19:08:06.282+08:00
2026-07-07 13:57:25,2026-07-06T19:10:00+08:00,2026-07-06T19:12:03+08:00,1.3804,103.6805,C,Cloud to Cloud,2026-07-06T19:08:06.282+08:00
2026-07-07 13:57:25,2026-07-06T19:10:00+08:00,2026-07-06T19:12:03+08:00,1.3809,103.6811,C,Cloud to Cloud,2026-07-06T19:08:06.282+08:00
2026-07-07 13:57:25,2026-07-06T19:10:00+08:00,2026-07-06T19:12:03+08:00,1.3808,103.681,C,Cloud to Cloud,2026-07-06T19:08:06.282+08:00
2026-07-07 13:57:25,2026-07-06T19:10:00+08:00,2026-07-06T19:12:03+08:00,1.3806,103.6831,C,Cloud to Cloud,2026-07-06T19:08:06.282+08:00
2026-07-07 13:57:25,2026-07-06T19:10:00+08:00,2026-07-06T19:12:03+08:00,1.3767,103.6725,C,Cloud to Cloud,2026-07-06T19:08:06.283+08:00
2026-07-07 13:57:25,2026-07-06T19:10:00+08:00,2026-07-06T19:12:03+08:00,1.3836,103.6835,C,Cloud to Cloud,2026-07-06T19:08:06.283+08:00
2026-07-07 13:57:25,2026-07-06T19:10:00+08:00,2026-07-06T19:12:03+08:00,1.3836,103.6836,C,Cloud to Cloud,2026-07-06T19:08:06.283+08:00
2026-07-07 13:57:25,2026-07-06T19:10:00+08:00,2026-07-06T19:12:03+08:00,1.3845,103.6826,C,Cloud to Cloud,2026-07-06T19:08:06.283+08:00
2026-07-07 13:57:25,2026-07-06T19:10:00+08:00,2026-07-06T19:12:03+08:00,1.3853,103.6813,C,Cloud to Cloud,2026-07-06T19:08:06.283+08:00
2026-07-07 13:57:25,2026-07-06T19:10:00+08:00,2026-07-06T19:12:03+08:00,1.3824,103.6819,C,Cloud to Cloud,2026-07-06T19:08:06.283+08:00
2026-07-07 13:57:25,2026-07-06T19:10:00+08:00,2026-07-06T19:12:03+08:00,1.3825,103.6764,C,Cloud to Cloud,2026-07-06T19:08:06.283+08:00
2026-07-07 13:57:25,2026-07-06T19:10:00+08:00,2026-07-06T19:12:03+08:00,1.3823,103.677,C,Cloud to Cloud,2026-07-06T19:08:06.283+08:00
2026-07-07 13:57:25,2026-07-06T19:10:00+08:00,2026-07-06T19:12:03+08:00,1.3825,103.6771,C,Cloud to Cloud,2026-07-06T19:08:06.283+08:00
2026-07-07 13:57:25,2026-07-06T19:10:00+08:00,2026-07-06T19:12:03+08:00,1.3833,103.6765,C,Cloud to Cloud,2026-07-06T19:08:06.284+08:00
2026-07-07 13:57:25,2026-07-06T19:10:00+08:00,2026-07-06T19:12:03+08:00,1.3827,103.6754,C,Cloud to Cloud,2026-07-06T19:08:06.284+08:00
2026-07-07 13:57:25,2026-07-06T19:10:00+08:00,2026-07-06T19:12:03+08:00,1.3828,103.6745,C,Cloud to Cloud,2026-07-06T19:08:06.285+08:00
2026-07-07 13:57:25,2026-07-06T19:10:00+08:00,2026-07-06T19:12:03+08:00,1.3826,103.675,C,Cloud to Cloud,2026-07-06T19:08:06.285+08:00
2026-07-07 13:57:25,2026-07-06T19:10:00+08:00,2026-07-06T19:12:03+08:00,1.3818,103.6756,C,Cloud to Cloud,2026-07-06T19:08:06.286+08:00
2026-07-07 13:57:25,2026-07-06T19:10:00+08:00,2026-07-06T19:12:03+08:00,1.3827,103.6739,C,Cloud to Cloud,2026-07-06T19:08:06.286+08:00
2026-07-07 13:57:25,2026-07-06T19:10:00+08:00,2026-07-06T19:12:03+08:00,1.3818,103.675,C,Cloud to Cloud,2026-07-06T19:08:06.286+08:00
2026-07-07 13:57:25,2026-07-06T19:10:00+08:00,2026-07-06T19:12:03+08:00,1.3834,103.6729,C,Cloud to Cloud,2026-07-06T19:08:06.286+08:00
2026-07-07 13:57:25,2026-07-06T19:10:00+08:00,2026-07-06T19:12:03+08:00,1.3828,103.6741,C,Cloud to Cloud,2026-07-06T19:08:06.286+08:00
2026-07-07 13:57:25,2026-07-06T19:10:00+08:00,2026-07-06T19:12:03+08:00,1.3824,103.6745,C,Cloud to Cloud,2026-07-06T19:08:06.286+08:00
2026-07-07 13:57:25,2026-07-06T19:10:00+08:00,2026-07-06T19:12:03+08:00,1.3891,103.6788,C,Cloud to Cloud,2026-07-06T19:08:06.286+08:00
2026-07-07 13:57:25,2026-07-06T19:10:00+08:00,2026-07-06T19:12:03+08:00,1.3788,103.6792,G,Cloud to Ground,2026-07-06T19:08:06.286+08:00
2026-07-07 13:57:25,2026-07-06T19:10:00+08:00,2026-07-06T19:12:03+08:00,1.3774,103.6735,C,Cloud to Cloud,2026-07-06T19:08:06.286+08:00
2026-07-07 13:57:25,2026-07-06T19:10:00+08:00,2026-07-06T19:12:03+08:00,1.3754,103.6784,C,Cloud to Cloud,2026-07-06T19:08:06.286+08:00
2026-07-07 13:57:25,2026-07-06T19:10:00+08:00,2026-07-06T19:12:03+08:00,1.3637,103.6528,C,Cloud to Cloud,2026-07-06T19:08:06.311+08:00
2026-07-07 13:57:25,2026-07-06T19:10:00+08:00,2026-07-06T19:12:03+08:00,1.3638,103.6527,C,Cloud to Cloud,2026-07-06T19:08:06.311+08:00
2026-07-07 13:57:25,2026-07-06T19:10:00+08:00,2026-07-06T19:12:03+08:00,1.3817,103.6834,C,Cloud to Cloud,2026-07-06T19:08:06.312+08:00
2026-07-07 13:57:25,2026-07-06T19:10:00+08:00,2026-07-06T19:12:03+08:00,1.3817,103.6834,C,Cloud to Cloud,2026-07-06T19:08:06.312+08:00
2026-07-07 13:57:25,2026-07-06T19:10:00+08:00,2026-07-06T19:12:03+08:00,1.3801,103.6812,C,Cloud to Cloud,2026-07-06T19:08:06.312+08:00
2026-07-07 13:57:25,2026-07-06T19:10:00+08:00,2026-07-06T19:12:03+08:00,1.3805,103.6802,C,Cloud to Cloud,2026-07-06T19:08:06.312+08:00
2026-07-07 13:57:25,2026-07-06T19:10:00+08:00,2026-07-06T19:12:03+08:00,1.3809,103.6806,C,Cloud to Cloud,2026-07-06T19:08:06.312+08:00
2026-07-07 13:57:25,2026-07-06T19:10:00+08:00,2026-07-06T19:12:03+08:00,1.3804,103.6814,C,Cloud to Cloud,2026-07-06T19:08:06.345+08:00
2026-07-07 13:57:25,2026-07-06T19:10:00+08:00,2026-07-06T19:12:03+08:00,1.3836,103.6838,C,Cloud to Cloud,2026-07-06T19:08:06.346+08:00
2026-07-07 13:57:25,2026-07-06T19:10:00+08:00,2026-07-06T19:12:03+08:00,1.3812,103.6807,C,Cloud to Cloud,2026-07-06T19:08:06.346+08:00
2026-07-07 13:57:25,2026-07-06T19:10:00+08:00,2026-07-06T19:12:03+08:00,1.3813,103.6771,C,Cloud to Cloud,2026-07-06T19:08:06.346+08:00
2026-07-07 13:57:25,2026-07-06T19:10:00+08:00,2026-07-06T19:12:03+08:00,1.3816,103.6789,C,Cloud to Cloud,2026-07-06T19:08:06.346+08:00
2026-07-07 13:57:25,2026-07-06T19:10:00+08:00,2026-07-06T19:12:03+08:00,1.3816,103.6789,C,Cloud to Cloud,2026-07-06T19:08:06.347+08:00
2026-07-07 13:57:25,2026-07-06T19:10:00+08:00,2026-07-06T19:12:03+08:00,1.3828,103.6807,C,Cloud to Cloud,2026-07-06T19:08:06.347+08:00
2026-07-07 13:57:25,2026-07-06T19:10:00+08:00,2026-07-06T19:12:03+08:00,1.3826,103.68,C,Cloud to Cloud,2026-07-06T19:08:06.347+08:00
2026-07-07 13:57:25,2026-07-06T19:10:00+08:00,2026-07-06T19:12:03+08:00,1.3845,103.6754,C,Cloud to Cloud,2026-07-06T19:08:06.347+08:00
2026-07-07 13:57:25,2026-07-06T19:10:00+08:00,2026-07-06T19:12:03+08:00,1.384,103.6738,C,Cloud to Cloud,2026-07-06T19:08:06.347+08:00
2026-07-07 13:57:25,2026-07-06T19:10:00+08:00,2026-07-06T19:12:03+08:00,1.3785,103.6799,G,Cloud to Ground,2026-07-06T19:08:06.348+08:00
2026-07-07 13:57:25,2026-07-06T19:10:00+08:00,2026-07-06T19:12:03+08:00,1.3824,103.6827,C,Cloud to Cloud,2026-07-06T19:08:06.348+08:00
2026-07-07 13:57:25,2026-07-06T19:10:00+08:00,2026-07-06T19:12:03+08:00,1.3824,103.6827,C,Cloud to Cloud,2026-07-06T19:08:06.348+08:00
2026-07-07 13:57:25,2026-07-06T19:10:00+08:00,2026-07-06T19:12:03+08:00,1.3655,103.6485,C,Cloud to Cloud,2026-07-06T19:08:06.348+08:00
2026-07-07 13:57:25,2026-07-06T19:10:00+08:00,2026-07-06T19:12:03+08:00,1.3769,103.6659,C,Cloud to Cloud,2026-07-06T19:08:06.348+08:00
2026-07-07 13:57:25,2026-07-06T19:10:00+08:00,2026-07-06T19:12:03+08:00,1.3727,103.6487,C,Cloud to Cloud,2026-07-06T19:08:06.349+08:00
2026-07-07 13:57:25,2026-07-06T19:10:00+08:00,2026-07-06T19:12:03+08:00,1.3833,103.6685,C,Cloud to Cloud,2026-07-06T19:08:06.349+08:00
2026-07-07 13:57:25,2026-07-06T19:10:00+08:00,2026-07-06T19:12:03+08:00,1.3749,103.658,C,Cloud to Cloud,2026-07-06T19:08:06.349+08:00
2026-07-07 13:57:25,2026-07-06T19:10:00+08:00,2026-07-06T19:12:03+08:00,1.3725,103.6579,C,Cloud to Cloud,2026-07-06T19:08:06.349+08:00
2026-07-07 13:57:25,2026-07-06T19:10:00+08:00,2026-07-06T19:12:03+08:00,1.3746,103.6769,C,Cloud to Cloud,2026-07-06T19:08:06.388+08:00
2026-07-07 13:57:25,2026-07-06T19:10:00+08:00,2026-07-06T19:12:03+08:00,1.3922,103.7001,C,Cloud to Cloud,2026-07-06T19:08:06.388+08:00
2026-07-07 13:57:25,2026-07-06T19:10:00+08:00,2026-07-06T19:12:03+08:00,1.3736,103.6767,C,Cloud to Cloud,2026-07-06T19:08:06.389+08:00
2026-07-07 13:57:25,2026-07-06T19:10:00+08:00,2026-07-06T19:12:03+08:00,1.3786,103.6822,C,Cloud to Cloud,2026-07-06T19:08:06.389+08:00
2026-07-07 13:57:25,2026-07-06T19:10:00+08:00,2026-07-06T19:12:03+08:00,1.3837,103.673,C,Cloud to Cloud,2026-07-06T19:08:06.389+08:00
2026-07-07 13:57:25,2026-07-06T19:10:00+08:00,2026-07-06T19:12:03+08:00,1.3782,103.6781,G,Cloud to Ground,2026-07-06T19:08:06.389+08:00
2026-07-07 13:57:25,2026-07-06T19:10:00+08:00,2026-07-06T19:12:03+08:00,1.3786,103.6575,C,Cloud to Cloud,2026-07-06T19:08:06.407+08:00
2026-07-07 13:57:25,2026-07-06T19:10:00+08:00,2026-07-06T19:12:03+08:00,1.3786,103.6575,C,Cloud to Cloud,2026-07-06T19:08:06.407+08:00
2026-07-07 13:57:25,2026-07-06T19:10:00+08:00,2026-07-06T19:12:03+08:00,1.3633,103.6435,C,Cloud to Cloud,2026-07-06T19:08:06.415+08:00
2026-07-07 13:57:25,2026-07-06T19:10:00+08:00,2026-07-06T19:12:03+08:00,1.3635,103.6434,C,Cloud to Cloud,2026-07-06T19:08:06.415+08:00
2026-07-07 13:57:25,2026-07-06T19:10:00+08:00,2026-07-06T19:12:03+08:00,1.3917,103.6628,C,Cloud to Cloud,2026-07-06T19:08:15.233+08:00
2026-07-07 13:57:25,2026-07-06T19:10:00+08:00,2026-07-06T19:12:03+08:00,1.4077,103.6935,C,Cloud to Cloud,2026-07-06T19:08:15.233+08:00
2026-07-07 13:57:25,2026-07-06T19:10:00+08:00,2026-07-06T19:12:03+08:00,1.342,103.6464,C,Cloud to Cloud,2026-07-06T19:08:15.395+08:00
2026-07-07 13:57:25,2026-07-06T19:10:00+08:00,2026-07-06T19:12:03+08:00,1.3843,103.6681,C,Cloud to Cloud,2026-07-06T19:08:15.395+08:00
2026-07-07 13:57:25,2026-07-06T19:10:00+08:00,2026-07-06T19:12:03+08:00,1.3841,103.6678,C,Cloud to Cloud,2026-07-06T19:08:15.395+08:00
2026-07-07 13:57:25,2026-07-06T19:10:00+08:00,2026-07-06T19:12:03+08:00,1.4026,103.6846,C,Cloud to Cloud,2026-07-06T19:08:15.478+08:00
2026-07-07 13:57:25,2026-07-06T19:10:00+08:00,2026-07-06T19:12:03+08:00,1.388,103.6569,C,Cloud to Cloud,2026-07-06T19:08:15.479+08:00
2026-07-07 13:57:25,2026-07-06T19:10:00+08:00,2026-07-06T19:12:03+08:00,1.3879,103.6569,C,Cloud to Cloud,2026-07-06T19:08:15.479+08:00
2026-07-07 13:57:25,2026-07-06T19:10:00+08:00,2026-07-06T19:12:03+08:00,1.3786,103.6319,C,Cloud to Cloud,2026-07-06T19:08:15.479+08:00
2026-07-07 13:57:25,2026-07-06T19:10:00+08:00,2026-07-06T19:12:03+08:00,1.3786,103.6319,C,Cloud to Cloud,2026-07-06T19:08:15.479+08:00
2026-07-07 13:57:25,2026-07-06T19:10:00+08:00,2026-07-06T19:12:03+08:00,1.3646,103.681,C,Cloud to Cloud,2026-07-06T19:08:15.483+08:00
2026-07-07 13:57:25,2026-07-06T19:10:00+08:00,2026-07-06T19:12:03+08:00,1.3646,103.681,C,Cloud to Cloud,2026-07-06T19:08:15.483+08:00
2026-07-07 13:57:25,2026-07-06T19:10:00+08:00,2026-07-06T19:12:03+08:00,1.3539,103.6699,C,Cloud to Cloud,2026-07-06T19:08:15.487+08:00
2026-07-07 13:57:25,2026-07-06T19:10:00+08:00,2026-07-06T19:12:03+08:00,1.3539,103.6699,C,Cloud to Cloud,2026-07-06T19:08:15.487+08:00
2026-07-07 13:57:25,2026-07-06T19:10:00+08:00,2026-07-06T19:12:03+08:00,1.3798,103.6794,C,Cloud to Cloud,2026-07-06T19:08:15.49+08:00
2026-07-07 13:57:25,2026-07-06T19:10:00+08:00,2026-07-06T19:12:03+08:00,1.3798,103.6794,C,Cloud to Cloud,2026-07-06T19:08:15.49+08:00
2026-07-07 13:57:25,2026-07-06T19:10:00+08:00,2026-07-06T19:12:03+08:00,1.3837,103.6625,C,Cloud to Cloud,2026-07-06T19:08:15.496+08:00
2026-07-07 13:57:25,2026-07-06T19:10:00+08:00,2026-07-06T19:12:03+08:00,1.4232,103.4337,C,Cloud to Cloud,2026-07-06T19:08:15.496+08:00
2026-07-07 13:57:25,2026-07-06T19:10:00+08:00,2026-07-06T19:12:03+08:00,1.3841,103.6625,C,Cloud to Cloud,2026-07-06T19:08:15.496+08:00
2026-07-07 13:57:25,2026-07-06T19:10:00+08:00,2026-07-06T19:12:03+08:00,1.3828,103.672,C,Cloud to Cloud,2026-07-06T19:08:15.496+08:00
2026-07-07 13:57:25,2026-07-06T19:10:00+08:00,2026-07-06T19:12:03+08:00,1.3601,103.677,C,Cloud to Cloud,2026-07-06T19:08:15.496+08:00
2026-07-07 13:57:25,2026-07-06T19:10:00+08:00,2026-07-06T19:12:03+08:00,1.3601,103.677,C,Cloud to Cloud,2026-07-06T19:08:15.496+08:00
2026-07-07 13:57:25,2026-07-06T19:10:00+08:00,2026-07-06T19:12:03+08:00,1.3606,103.6797,C,Cloud to Cloud,2026-07-06T19:08:15.496+08:00
2026-07-07 13:57:25,2026-07-06T19:10:00+08:00,2026-07-06T19:12:03+08:00,1.3606,103.6797,C,Cloud to Cloud,2026-07-06T19:08:15.497+08:00
2026-07-07 13:57:25,2026-07-06T19:10:00+08:00,2026-07-06T19:12:03+08:00,1.3884,103.6706,C,Cloud to Cloud,2026-07-06T19:08:15.524+08:00
2026-07-07 13:57:25,2026-07-06T19:10:00+08:00,2026-07-06T19:12:03+08:00,1.389,103.6796,C,Cloud to Cloud,2026-07-06T19:08:15.524+08:00
2026-07-07 13:57:25,2026-07-06T19:10:00+08:00,2026-07-06T19:12:03+08:00,1.3805,103.6411,C,Cloud to Cloud,2026-07-06T19:08:15.549+08:00
2026-07-07 13:57:25,2026-07-06T19:10:00+08:00,2026-07-06T19:12:03+08:00,1.3865,103.6526,C,Cloud to Cloud,2026-07-06T19:08:15.549+08:00
2026-07-07 13:57:25,2026-07-06T19:10:00+08:00,2026-07-06T19:12:03+08:00,1.3806,103.6507,C,Cloud to Cloud,2026-07-06T19:08:15.549+08:00
2026-07-07 13:57:25,2026-07-06T19:10:00+08:00,2026-07-06T19:12:03+08:00,1.4077,103.699,C,Cloud to Cloud,2026-07-06T19:08:15.549+08:00
2026-07-07 13:57:25,2026-07-06T19:10:00+08:00,2026-07-06T19:12:03+08:00,1.4063,103.7006,C,Cloud to Cloud,2026-07-06T19:08:15.549+08:00
2026-07-07 13:57:25,2026-07-06T19:10:00+08:00,2026-07-06T19:12:03+08:00,1.3911,103.6813,C,Cloud to Cloud,2026-07-06T19:08:15.549+08:00
2026-07-07 13:57:25,2026-07-06T19:10:00+08:00,2026-07-06T19:12:03+08:00,1.3852,103.6444,C,Cloud to Cloud,2026-07-06T19:08:15.563+08:00
2026-07-07 13:57:25,2026-07-06T19:10:00+08:00,2026-07-06T19:12:03+08:00,1.3877,103.6409,C,Cloud to Cloud,2026-07-06T19:08:15.563+08:00
2026-07-07 13:57:25,2026-07-06T19:10:00+08:00,2026-07-06T19:12:03+08:00,1.3898,103.6564,C,Cloud to Cloud,2026-07-06T19:08:15.563+08:00
2026-07-07 13:57:25,2026-07-06T19:10:00+08:00,2026-07-06T19:12:03+08:00,1.3856,103.638,C,Cloud to Cloud,2026-07-06T19:08:15.603+08:00
2026-07-07 13:57:25,2026-07-06T19:10:00+08:00,2026-07-06T19:12:03+08:00,1.3856,103.6381,C,Cloud to Cloud,2026-07-06T19:08:15.603+08:00
2026-07-07 13:57:25,2026-07-06T19:10:00+08:00,2026-07-06T19:12:03+08:00,1.376,103.6227,C,Cloud to Cloud,2026-07-06T19:08:15.603+08:00
2026-07-07 13:57:25,2026-07-06T19:10:00+08:00,2026-07-06T19:12:03+08:00,1.3903,103.6594,C,Cloud to Cloud,2026-07-06T19:08:15.604+08:00
2026-07-07 13:57:25,2026-07-06T19:10:00+08:00,2026-07-06T19:12:03+08:00,1.3715,103.6273,C,Cloud to Cloud,2026-07-06T19:08:15.61+08:00
2026-07-07 13:57:25,2026-07-06T19:10:00+08:00,2026-07-06T19:12:03+08:00,1.3731,103.6275,C,Cloud to Cloud,2026-07-06T19:08:15.61+08:00
2026-07-07 13:57:25,2026-07-06T19:10:00+08:00,2026-07-06T19:12:03+08:00,1.3779,103.6301,C,Cloud to Cloud,2026-07-06T19:08:15.61+08:00
2026-07-07 13:57:25,2026-07-06T19:10:00+08:00,2026-07-06T19:12:03+08:00,1.3779,103.6301,C,Cloud to Cloud,2026-07-06T19:08:15.61+08:00
2026-07-07 13:57:25,2026-07-06T19:10:00+08:00,2026-07-06T19:12:03+08:00,1.3527,103.6635,C,Cloud to Cloud,2026-07-06T19:08:15.613+08:00
2026-07-07 13:57:25,2026-07-06T19:10:00+08:00,2026-07-06T19:12:03+08:00,1.3549,103.6661,C,Cloud to Cloud,2026-07-06T19:08:15.613+08:00
2026-07-07 13:57:25,2026-07-06T19:10:00+08:00,2026-07-06T19:12:03+08:00,1.3553,103.6743,C,Cloud to Cloud,2026-07-06T19:08:15.613+08:00
2026-07-07 13:57:25,2026-07-06T19:10:00+08:00,2026-07-06T19:12:03+08:00,1.3579,103.6767,C,Cloud to Cloud,2026-07-06T19:08:15.613+08:00
2026-07-07 13:57:25,2026-07-06T19:10:00+08:00,2026-07-06T19:12:03+08:00,1.3574,103.6814,C,Cloud to Cloud,2026-07-06T19:08:15.613+08:00
2026-07-07 13:57:25,2026-07-06T19:10:00+08:00,2026-07-06T19:12:03+08:00,1.3556,103.5985,C,Cloud to Cloud,2026-07-06T19:08:15.637+08:00
2026-07-07 13:57:25,2026-07-06T19:10:00+08:00,2026-07-06T19:12:03+08:00,1.3684,103.6228,C,Cloud to Cloud,2026-07-06T19:08:15.637+08:00
2026-07-07 13:57:25,2026-07-06T19:10:00+08:00,2026-07-06T19:12:03+08:00,1.3639,103.6194,C,Cloud to Cloud,2026-07-06T19:08:15.649+08:00
2026-07-07 13:57:25,2026-07-06T19:10:00+08:00,2026-07-06T19:12:03+08:00,1.3639,103.6194,C,Cloud to Cloud,2026-07-06T19:08:15.649+08:00
2026-07-07 13:57:25,2026-07-06T19:10:00+08:00,2026-07-06T19:12:03+08:00,1.3592,103.6219,C,Cloud to Cloud,2026-07-06T19:08:15.66+08:00
2026-07-07 13:57:25,2026-07-06T19:10:00+08:00,2026-07-06T19:12:03+08:00,1.3621,103.6152,C,Cloud to Cloud,2026-07-06T19:08:15.66+08:00
2026-07-07 13:57:25,2026-07-06T19:10:00+08:00,2026-07-06T19:12:03+08:00,1.405,103.6549,C,Cloud to Cloud,2026-07-06T19:08:34.63+08:00
2026-07-07 13:57:25,2026-07-06T19:10:00+08:00,2026-07-06T19:12:03+08:00,1.3907,103.6177,C,Cloud to Cloud,2026-07-06T19:08:34.63+08:00
2026-07-07 13:57:25,2026-07-06T19:10:00+08:00,2026-07-06T19:12:03+08:00,1.4221,103.6359,C,Cloud to Cloud,2026-07-06T19:08:34.63+08:00
2026-07-07 13:57:25,2026-07-06T19:10:00+08:00,2026-07-06T19:12:03+08:00,1.407,103.6557,C,Cloud to Cloud,2026-07-06T19:08:34.63+08:00
2026-07-07 13:57:25,2026-07-06T19:10:00+08:00,2026-07-06T19:12:03+08:00,1.4012,103.6542,C,Cloud to Cloud,2026-07-06T19:08:34.634+08:00
2026-07-07 13:57:25,2026-07-06T19:10:00+08:00,2026-07-06T19:12:03+08:00,1.4012,103.6542,C,Cloud to Cloud,2026-07-06T19:08:34.634+08:00
2026-07-07 13:57:25,2026-07-06T19:10:00+08:00,2026-07-06T19:12:03+08:00,1.4024,103.6564,C,Cloud to Cloud,2026-07-06T19:08:34.634+08:00
2026-07-07 13:57:25,2026-07-06T19:10:00+08:00,2026-07-06T19:12:03+08:00,1.4049,103.6601,C,Cloud to Cloud,2026-07-06T19:08:34.703+08:00
2026-07-07 13:57:25,2026-07-06T19:10:00+08:00,2026-07-06T19:12:03+08:00,1.4049,103.6601,C,Cloud to Cloud,2026-07-06T19:08:34.703+08:00
2026-07-07 13:57:25,2026-07-06T19:10:00+08:00,2026-07-06T19:12:03+08:00,1.4048,103.6781,C,Cloud to Cloud,2026-07-06T19:08:34.711+08:00
2026-07-07 13:57:25,2026-07-06T19:10:00+08:00,2026-07-06T19:12:03+08:00,1.4004,103.5972,C,Cloud to Cloud,2026-07-06T19:08:34.711+08:00
2026-07-07 13:57:25,2026-07-06T19:10:00+08:00,2026-07-06T19:12:03+08:00,1.4034,103.5941,C,Cloud to Cloud,2026-07-06T19:08:34.711+08:00
2026-07-07 13:57:25,2026-07-06T19:10:00+08:00,2026-07-06T19:12:03+08:00,1.4048,103.6781,C,Cloud to Cloud,2026-07-06T19:08:34.711+08:00
2026-07-07 13:57:25,2026-07-06T19:10:00+08:00,2026-07-06T19:12:03+08:00,1.3871,103.5997,C,Cloud to Cloud,2026-07-06T19:08:34.711+08:00
2026-07-07 13:57:25,2026-07-06T19:10:00+08:00,2026-07-06T19:12:03+08:00,1.3673,103.5514,C,Cloud to Cloud,2026-07-06T19:08:34.746+08:00
2026-07-07 13:57:25,2026-07-06T19:10:00+08:00,2026-07-06T19:12:03+08:00,1.4114,103.6672,C,Cloud to Cloud,2026-07-06T19:08:34.812+08:00
2026-07-07 13:57:25,2026-07-06T19:10:00+08:00,2026-07-06T19:12:03+08:00,1.4114,103.6672,C,Cloud to Cloud,2026-07-06T19:08:34.812+08:00
2026-07-07 13:57:25,2026-07-06T19:10:00+08:00,2026-07-06T19:12:03+08:00,1.3944,103.6646,C,Cloud to Cloud,2026-07-06T19:08:34.843+08:00
2026-07-07 13:57:25,2026-07-06T19:10:00+08:00,2026-07-06T19:12:03+08:00,1.4004,103.6783,C,Cloud to Cloud,2026-07-06T19:08:34.844+08:00
2026-07-07 13:57:25,2026-07-06T19:10:00+08:00,2026-07-06T19:12:03+08:00,1.4004,103.6783,C,Cloud to Cloud,2026-07-06T19:08:34.844+08:00
2026-07-07 13:57:25,2026-07-06T19:10:00+08:00,2026-07-06T19:12:03+08:00,1.4039,103.6575,C,Cloud to Cloud,2026-07-06T19:08:34.879+08:00
2026-07-07 13:57:25,2026-07-06T19:10:00+08:00,2026-07-06T19:12:03+08:00,1.4039,103.6575,C,Cloud to Cloud,2026-07-06T19:08:34.879+08:00
2026-07-07 13:57:25,2026-07-06T19:10:00+08:00,2026-07-06T19:12:03+08:00,1.3763,103.6106,C,Cloud to Cloud,2026-07-06T19:08:34.879+08:00
2026-07-07 13:57:25,2026-07-06T19:10:00+08:00,2026-07-06T19:12:03+08:00,1.4012,103.6655,C,Cloud to Cloud,2026-07-06T19:08:34.88+08:00
2026-07-07 13:57:25,2026-07-06T19:10:00+08:00,2026-07-06T19:12:03+08:00,1.3974,103.6646,C,Cloud to Cloud,2026-07-06T19:08:34.88+08:00
2026-07-07 13:57:25,2026-07-06T19:10:00+08:00,2026-07-06T19:12:03+08:00,1.3934,103.6594,C,Cloud to Cloud,2026-07-06T19:08:34.88+08:00
2026-07-07 13:57:25,2026-07-06T19:10:00+08:00,2026-07-06T19:12:03+08:00,1.3897,103.682,C,Cloud to Cloud,2026-07-06T19:08:57.722+08:00
2026-07-07 13:57:25,2026-07-06T19:10:00+08:00,2026-07-06T19:12:03+08:00,1.3898,103.682,C,Cloud to Cloud,2026-07-06T19:08:57.722+08:00
2026-07-07 13:57:25,2026-07-06T19:10:00+08:00,2026-07-06T19:12:03+08:00,1.3913,103.68,C,Cloud to Cloud,2026-07-06T19:08:57.723+08:00
2026-07-07 13:57:25,2026-07-06T19:10:00+08:00,2026-07-06T19:12:03+08:00,1.3815,103.6639,C,Cloud to Cloud,2026-07-06T19:08:57.723+08:00
2026-07-07 13:57:25,2026-07-06T19:10:00+08:00,2026-07-06T19:12:03+08:00,1.3887,103.6754,C,Cloud to Cloud,2026-07-06T19:08:57.723+08:00
2026-07-07 13:57:25,2026-07-06T19:10:00+08:00,2026-07-06T19:12:03+08:00,1.3901,103.6782,C,Cloud to Cloud,2026-07-06T19:08:57.723+08:00
2026-07-07 13:57:25,2026-07-06T19:10:00+08:00,2026-07-06T19:12:03+08:00,1.3901,103.6782,C,Cloud to Cloud,2026-07-06T19:08:57.723+08:00
2026-07-07 13:57:25,2026-07-06T19:10:00+08:00,2026-07-06T19:12:03+08:00,1.3983,103.6714,C,Cloud to Cloud,2026-07-06T19:08:57.749+08:00
2026-07-07 13:57:25,2026-07-06T19:10:00+08:00,2026-07-06T19:12:03+08:00,1.3983,103.6714,C,Cloud to Cloud,2026-07-06T19:08:57.75+08:00
2026-07-07 13:57:25,2026-07-06T19:10:00+08:00,2026-07-06T19:12:03+08:00,1.3939,103.6816,C,Cloud to Cloud,2026-07-06T19:08:57.833+08:00
2026-07-07 13:57:25,2026-07-06T19:10:00+08:00,2026-07-06T19:12:03+08:00,1.3939,103.6816,C,Cloud to Cloud,2026-07-06T19:08:57.833+08:00
2026-07-07 13:57:25,2026-07-06T19:10:00+08:00,2026-07-06T19:12:03+08:00,1.3945,103.6834,C,Cloud to Cloud,2026-07-06T19:08:57.833+08:00
2026-07-07 13:57:25,2026-07-06T19:10:00+08:00,2026-07-06T19:12:03+08:00,1.3958,103.6801,C,Cloud to Cloud,2026-07-06T19:08:57.834+08:00
2026-07-07 13:57:25,2026-07-06T19:10:00+08:00,2026-07-06T19:12:03+08:00,1.3953,103.6799,C,Cloud to Cloud,2026-07-06T19:08:57.834+08:00
2026-07-07 13:57:25,2026-07-06T19:10:00+08:00,2026-07-06T19:12:03+08:00,1.4038,103.6867,C,Cloud to Cloud,2026-07-06T19:08:57.845+08:00
2026-07-07 13:57:25,2026-07-06T19:10:00+08:00,2026-07-06T19:12:03+08:00,1.4038,103.6867,C,Cloud to Cloud,2026-07-06T19:08:57.845+08:00
2026-07-07 13:57:25,2026-07-06T19:10:00+08:00,2026-07-06T19:12:03+08:00,1.3922,103.6763,C,Cloud to Cloud,2026-07-06T19:08:57.85+08:00
2026-07-07 13:57:25,2026-07-06T19:10:00+08:00,2026-07-06T19:12:03+08:00,1.3901,103.6727,C,Cloud to Cloud,2026-07-06T19:08:57.85+08:00
2026-07-07 13:57:25,2026-07-06T19:10:00+08:00,2026-07-06T19:12:03+08:00,1.374,103.5717,C,Cloud to Cloud,2026-07-06T19:08:57.85+08:00
2026-07-07 13:57:25,2026-07-06T19:10:00+08:00,2026-07-06T19:12:03+08:00,1.3868,103.6717,C,Cloud to Cloud,2026-07-06T19:08:57.851+08:00
2026-07-07 13:57:25,2026-07-06T19:10:00+08:00,2026-07-06T19:12:03+08:00,1.4,103.695,C,Cloud to Cloud,2026-07-06T19:08:57.851+08:00
2026-07-07 13:57:25,2026-07-06T19:10:00+08:00,2026-07-06T19:12:03+08:00,1.3982,103.6921,C,Cloud to Cloud,2026-07-06T19:08:57.851+08:00
2026-07-07 13:57:25,2026-07-06T19:10:00+08:00,2026-07-06T19:12:03+08:00,1.4028,103.6866,C,Cloud to Cloud,2026-07-06T19:08:57.874+08:00
2026-07-07 13:57:25,2026-07-06T19:10:00+08:00,2026-07-06T19:12:03+08:00,1.4096,103.6993,C,Cloud to Cloud,2026-07-06T19:08:57.874+08:00
2026-07-07 13:57:25,2026-07-06T19:10:00+08:00,2026-07-06T19:12:03+08:00,1.3844,103.5833,C,Cloud to Cloud,2026-07-06T19:08:57.874+08:00
2026-07-07 13:57:25,2026-07-06T19:10:00+08:00,2026-07-06T19:12:03+08:00,1.3723,103.6626,C,Cloud to Cloud,2026-07-06T19:08:57.992+08:00
2026-07-07 13:57:25,2026-07-06T19:10:00+08:00,2026-07-06T19:12:03+08:00,1.3701,103.6596,C,Cloud to Cloud,2026-07-06T19:08:58.007+08:00
2026-07-07 13:57:25,2026-07-06T19:10:00+08:00,2026-07-06T19:12:03+08:00,1.3809,103.6762,C,Cloud to Cloud,2026-07-06T19:08:58.007+08:00
2026-07-07 13:57:25,2026-07-06T19:10:00+08:00,2026-07-06T19:12:03+08:00,1.3811,103.6727,C,Cloud to Cloud,2026-07-06T19:08:58.007+08:00
2026-07-07 13:57:25,2026-07-06T19:10:00+08:00,2026-07-06T19:12:03+08:00,1.3984,103.6926,C,Cloud to Cloud,2026-07-06T19:08:58.007+08:00
2026-07-07 13:57:25,2026-07-06T19:10:00+08:00,2026-07-06T19:12:03+08:00,1.3823,103.6623,C,Cloud to Cloud,2026-07-06T19:08:58.007+08:00
2026-07-07 13:57:25,2026-07-06T19:10:00+08:00,2026-07-06T19:12:03+08:00,1.3926,103.6729,C,Cloud to Cloud,2026-07-06T19:08:58.008+08:00
2026-07-07 13:57:25,2026-07-06T19:10:00+08:00,2026-07-06T19:12:03+08:00,1.3921,103.6733,C,Cloud to Cloud,2026-07-06T19:08:58.008+08:00
2026-07-07 13:57:25,2026-07-06T19:10:00+08:00,2026-07-06T19:12:03+08:00,1.3945,103.6802,C,Cloud to Cloud,2026-07-06T19:08:58.008+08:00
2026-07-07 13:57:25,2026-07-06T19:10:00+08:00,2026-07-06T19:12:03+08:00,1.3974,103.6841,C,Cloud to Cloud,2026-07-06T19:08:58.008+08:00
2026-07-07 13:57:25,2026-07-06T19:10:00+08:00,2026-07-06T19:12:03+08:00,1.3917,103.6842,C,Cloud to Cloud,2026-07-06T19:08:58.008+08:00
2026-07-07 13:57:25,2026-07-06T19:10:00+08:00,2026-07-06T19:12:03+08:00,1.4003,103.6863,C,Cloud to Cloud,2026-07-06T19:08:58.008+08:00
2026-07-07 13:57:25,2026-07-06T19:10:00+08:00,2026-07-06T19:12:03+08:00,1.3606,103.6464,C,Cloud to Cloud,2026-07-06T19:08:58.019+08:00
2026-07-07 13:57:25,2026-07-06T19:10:00+08:00,2026-07-06T19:12:03+08:00,1.3757,103.6668,C,Cloud to Cloud,2026-07-06T19:08:58.019+08:00
2026-07-07 13:57:25,2026-07-06T19:10:00+08:00,2026-07-06T19:12:03+08:00,1.3757,103.6668,C,Cloud to Cloud,2026-07-06T19:08:58.019+08:00
2026-07-07 13:57:25,2026-07-06T19:10:00+08:00,2026-07-06T19:12:03+08:00,1.3653,103.7181,C,Cloud to Cloud,2026-07-06T19:09:03.685+08:00
2026-07-07 13:57:25,2026-07-06T19:10:00+08:00,2026-07-06T19:12:03+08:00,1.3649,103.7188,C,Cloud to Cloud,2026-07-06T19:09:03.685+08:00
2026-07-07 13:57:25,2026-07-06T19:10:00+08:00,2026-07-06T19:12:03+08:00,1.3678,103.7195,C,Cloud to Cloud,2026-07-06T19:09:03.685+08:00
2026-07-07 13:57:25,2026-07-06T19:10:00+08:00,2026-07-06T19:12:03+08:00,1.3716,103.72,C,Cloud to Cloud,2026-07-06T19:09:03.685+08:00
2026-07-07 13:57:25,2026-07-06T19:10:00+08:00,2026-07-06T19:12:03+08:00,1.3582,103.7131,C,Cloud to Cloud,2026-07-06T19:09:03.685+08:00
2026-07-07 13:57:25,2026-07-06T19:10:00+08:00,2026-07-06T19:12:03+08:00,1.3674,103.7196,C,Cloud to Cloud,2026-07-06T19:09:03.685+08:00
2026-07-07 13:57:25,2026-07-06T19:10:00+08:00,2026-07-06T19:12:03+08:00,1.367,103.7189,C,Cloud to Cloud,2026-07-06T19:09:03.685+08:00
2026-07-07 13:57:25,2026-07-06T19:10:00+08:00,2026-07-06T19:12:03+08:00,1.3734,103.7207,C,Cloud to Cloud,2026-07-06T19:09:03.686+08:00
2026-07-07 13:57:25,2026-07-06T19:10:00+08:00,2026-07-06T19:12:03+08:00,1.3426,103.7018,C,Cloud to Cloud,2026-07-06T19:09:03.686+08:00
2026-07-07 13:57:25,2026-07-06T19:10:00+08:00,2026-07-06T19:12:03+08:00,1.3704,103.724,C,Cloud to Cloud,2026-07-06T19:09:03.686+08:00
2026-07-07 13:57:25,2026-07-06T19:10:00+08:00,2026-07-06T19:12:03+08:00,1.3728,103.7257,C,Cloud to Cloud,2026-07-06T19:09:03.686+08:00
2026-07-07 13:57:25,2026-07-06T19:10:00+08:00,2026-07-06T19:12:03+08:00,1.3453,103.7045,C,Cloud to Cloud,2026-07-06T19:09:03.687+08:00
2026-07-07 13:57:25,2026-07-06T19:10:00+08:00,2026-07-06T19:12:03+08:00,1.3453,103.7046,C,Cloud to Cloud,2026-07-06T19:09:03.687+08:00
2026-07-07 13:57:25,2026-07-06T19:10:00+08:00,2026-07-06T19:12:03+08:00,1.341,103.7039,C,Cloud to Cloud,2026-07-06T19:09:03.687+08:00
2026-07-07 13:57:25,2026-07-06T19:10:00+08:00,2026-07-06T19:12:03+08:00,1.37,103.7191,C,Cloud to Cloud,2026-07-06T19:09:03.688+08:00
2026-07-07 13:57:25,2026-07-06T19:10:00+08:00,2026-07-06T19:12:03+08:00,1.3793,103.7291,C,Cloud to Cloud,2026-07-06T19:09:03.688+08:00
2026-07-07 13:57:25,2026-07-06T19:10:00+08:00,2026-07-06T19:12:03+08:00,1.3537,103.7083,C,Cloud to Cloud,2026-07-06T19:09:03.688+08:00
2026-07-07 13:57:25,2026-07-06T19:10:00+08:00,2026-07-06T19:12:03+08:00,1.3734,103.7229,C,Cloud to Cloud,2026-07-06T19:09:03.688+08:00
2026-07-07 13:57:25,2026-07-06T19:10:00+08:00,2026-07-06T19:12:03+08:00,1.3662,103.7216,C,Cloud to Cloud,2026-07-06T19:09:03.689+08:00
2026-07-07 13:57:25,2026-07-06T19:10:00+08:00,2026-07-06T19:12:03+08:00,1.3713,103.7254,C,Cloud to Cloud,2026-07-06T19:09:03.689+08:00
2026-07-07 13:57:25,2026-07-06T19:10:00+08:00,2026-07-06T19:12:03+08:00,1.372,103.7247,C,Cloud to Cloud,2026-07-06T19:09:03.689+08:00
2026-07-07 13:57:25,2026-07-06T19:10:00+08:00,2026-07-06T19:12:03+08:00,1.3657,103.7227,C,Cloud to Cloud,2026-07-06T19:09:03.689+08:00
2026-07-07 13:57:25,2026-07-06T19:10:00+08:00,2026-07-06T19:12:03+08:00,1.3525,103.7106,C,Cloud to Cloud,2026-07-06T19:09:03.689+08:00
2026-07-07 13:57:25,2026-07-06T19:10:00+08:00,2026-07-06T19:12:03+08:00,1.3624,103.7183,C,Cloud to Cloud,2026-07-06T19:09:03.689+08:00
2026-07-07 13:57:25,2026-07-06T19:10:00+08:00,2026-07-06T19:12:03+08:00,1.3461,103.7035,C,Cloud to Cloud,2026-07-06T19:09:03.69+08:00
2026-07-07 13:57:25,2026-07-06T19:10:00+08:00,2026-07-06T19:12:03+08:00,1.3645,103.7171,C,Cloud to Cloud,2026-07-06T19:09:03.69+08:00
2026-07-07 13:57:25,2026-07-06T19:10:00+08:00,2026-07-06T19:12:03+08:00,1.3739,103.7243,C,Cloud to Cloud,2026-07-06T19:09:03.69+08:00
2026-07-07 13:57:25,2026-07-06T19:10:00+08:00,2026-07-06T19:12:03+08:00,1.3625,103.7129,C,Cloud to Cloud,2026-07-06T19:09:03.69+08:00
2026-07-07 13:57:25,2026-07-06T19:10:00+08:00,2026-07-06T19:12:03+08:00,1.3585,103.7096,C,Cloud to Cloud,2026-07-06T19:09:03.69+08:00
2026-07-07 13:57:25,2026-07-06T19:10:00+08:00,2026-07-06T19:12:03+08:00,1.3575,103.7135,C,Cloud to Cloud,2026-07-06T19:09:03.691+08:00
2026-07-07 13:57:25,2026-07-06T19:10:00+08:00,2026-07-06T19:12:03+08:00,1.3489,103.7044,C,Cloud to Cloud,2026-07-06T19:09:03.692+08:00
2026-07-07 13:57:25,2026-07-06T19:10:00+08:00,2026-07-06T19:12:03+08:00,1.373,103.7173,C,Cloud to Cloud,2026-07-06T19:09:03.692+08:00
2026-07-07 13:57:25,2026-07-06T19:10:00+08:00,2026-07-06T19:12:03+08:00,1.3652,103.7114,C,Cloud to Cloud,2026-07-06T19:09:03.692+08:00
2026-07-07 13:57:25,2026-07-06T19:10:00+08:00,2026-07-06T19:12:03+08:00,1.3567,103.7053,C,Cloud to Cloud,2026-07-06T19:09:03.692+08:00
2026-07-07 13:57:25,2026-07-06T19:10:00+08:00,2026-07-06T19:12:03+08:00,1.3763,103.7252,C,Cloud to Cloud,2026-07-06T19:09:03.692+08:00
2026-07-07 13:57:25,2026-07-06T19:10:00+08:00,2026-07-06T19:12:03+08:00,1.3554,103.7104,C,Cloud to Cloud,2026-07-06T19:09:03.692+08:00
2026-07-07 13:57:25,2026-07-06T19:10:00+08:00,2026-07-06T19:12:03+08:00,1.3655,103.7181,C,Cloud to Cloud,2026-07-06T19:09:03.693+08:00
2026-07-07 13:57:25,2026-07-06T19:10:00+08:00,2026-07-06T19:12:03+08:00,1.3714,103.7193,C,Cloud to Cloud,2026-07-06T19:09:03.693+08:00
2026-07-07 13:57:25,2026-07-06T19:10:00+08:00,2026-07-06T19:12:03+08:00,1.3581,103.7093,C,Cloud to Cloud,2026-07-06T19:09:03.693+08:00
2026-07-07 13:57:25,2026-07-06T19:10:00+08:00,2026-07-06T19:12:03+08:00,1.3718,103.7197,C,Cloud to Cloud,2026-07-06T19:09:03.693+08:00
2026-07-07 13:57:25,2026-07-06T19:10:00+08:00,2026-07-06T19:12:03+08:00,1.3569,103.7117,C,Cloud to Cloud,2026-07-06T19:09:03.693+08:00
2026-07-07 13:57:25,2026-07-06T19:10:00+08:00,2026-07-06T19:12:03+08:00,1.3751,103.7249,C,Cloud to Cloud,2026-07-06T19:09:03.693+08:00
2026-07-07 13:57:25,2026-07-06T19:10:00+08:00,2026-07-06T19:12:03+08:00,1.3717,103.7232,C,Cloud to Cloud,2026-07-06T19:09:03.693+08:00
2026-07-07 13:57:25,2026-07-06T19:10:00+08:00,2026-07-06T19:12:03+08:00,1.3739,103.7255,C,Cloud to Cloud,2026-07-06T19:09:03.694+08:00
2026-07-07 13:57:25,2026-07-06T19:10:00+08:00,2026-07-06T19:12:03+08:00,1.3767,103.7207,C,Cloud to Cloud,2026-07-06T19:09:03.695+08:00
2026-07-07 13:57:25,2026-07-06T19:10:00+08:00,2026-07-06T19:12:03+08:00,1.3631,103.711,C,Cloud to Cloud,2026-07-06T19:09:03.695+08:00
2026-07-07 13:57:25,2026-07-06T19:10:00+08:00,2026-07-06T19:12:03+08:00,1.3554,103.7058,C,Cloud to Cloud,2026-07-06T19:09:03.695+08:00
2026-07-07 13:57:25,2026-07-06T19:10:00+08:00,2026-07-06T19:12:03+08:00,1.3564,103.7126,C,Cloud to Cloud,2026-07-06T19:09:03.696+08:00
2026-07-07 13:57:25,2026-07-06T19:10:00+08:00,2026-07-06T19:12:03+08:00,1.3838,103.7256,C,Cloud to Cloud,2026-07-06T19:09:03.696+08:00
2026-07-07 13:57:25,2026-07-06T19:10:00+08:00,2026-07-06T19:12:03+08:00,1.3793,103.7234,C,Cloud to Cloud,2026-07-06T19:09:03.696+08:00
2026-07-07 13:57:25,2026-07-06T19:10:00+08:00,2026-07-06T19:12:03+08:00,1.375,103.7202,C,Cloud to Cloud,2026-07-06T19:09:03.697+08:00
2026-07-07 13:57:25,2026-07-06T19:10:00+08:00,2026-07-06T19:12:03+08:00,1.3676,103.7103,C,Cloud to Cloud,2026-07-06T19:09:03.697+08:00
2026-07-07 13:57:25,2026-07-06T19:10:00+08:00,2026-07-06T19:12:03+08:00,1.3793,103.72,C,Cloud to Cloud,2026-07-06T19:09:03.697+08:00
2026-07-07 13:57:25,2026-07-06T19:10:00+08:00,2026-07-06T19:12:03+08:00,1.3571,103.7164,C,Cloud to Cloud,2026-07-06T19:09:03.702+08:00
2026-07-07 13:57:25,2026-07-06T19:10:00+08:00,2026-07-06T19:12:03+08:00,1.3628,103.7102,C,Cloud to Cloud,2026-07-06T19:09:03.704+08:00
2026-07-07 13:57:25,2026-07-06T19:10:00+08:00,2026-07-06T19:12:03+08:00,1.3579,103.7148,C,Cloud to Cloud,2026-07-06T19:09:03.705+08:00
2026-07-07 13:57:25,2026-07-06T19:10:00+08:00,2026-07-06T19:12:03+08:00,1.3595,103.7122,C,Cloud to Cloud,2026-07-06T19:09:03.707+08:00
2026-07-07 13:57:25,2026-07-06T19:10:00+08:00,2026-07-06T19:12:03+08:00,1.3788,103.7064,C,Cloud to Cloud,2026-07-06T19:09:03.708+08:00
2026-07-07 13:57:25,2026-07-06T19:10:00+08:00,2026-07-06T19:12:03+08:00,1.3788,103.7064,C,Cloud to Cloud,2026-07-06T19:09:03.708+08:00
2026-07-07 13:57:25,2026-07-06T19:10:00+08:00,2026-07-06T19:12:03+08:00,1.3688,103.7063,C,Cloud to Cloud,2026-07-06T19:09:03.71+08:00
2026-07-07 13:57:25,2026-07-06T19:10:00+08:00,2026-07-06T19:12:03+08:00,1.3553,103.7093,C,Cloud to Cloud,2026-07-06T19:09:03.714+08:00
2026-07-07 13:57:25,2026-07-06T19:10:00+08:00,2026-07-06T19:12:03+08:00,1.3717,103.7151,C,Cloud to Cloud,2026-07-06T19:09:03.714+08:00
2026-07-07 13:57:25,2026-07-06T19:10:00+08:00,2026-07-06T19:12:03+08:00,1.3717,103.7151,C,Cloud to Cloud,2026-07-06T19:09:03.714+08:00
2026-07-07 13:57:25,2026-07-06T19:10:00+08:00,2026-07-06T19:12:03+08:00,1.3666,103.7128,C,Cloud to Cloud,2026-07-06T19:09:03.717+08:00
2026-07-07 13:57:25,2026-07-06T19:10:00+08:00,2026-07-06T19:12:03+08:00,1.4009,103.7521,C,Cloud to Cloud,2026-07-06T19:09:03.717+08:00
2026-07-07 13:57:25,2026-07-06T19:10:00+08:00,2026-07-06T19:12:03+08:00,1.3699,103.7154,C,Cloud to Cloud,2026-07-06T19:09:03.717+08:00
2026-07-07 13:57:25,2026-07-06T19:10:00+08:00,2026-07-06T19:12:03+08:00,1.3555,103.7217,C,Cloud to Cloud,2026-07-06T19:09:03.737+08:00
2026-07-07 13:57:25,2026-07-06T19:10:00+08:00,2026-07-06T19:12:03+08:00,1.2972,103.7249,G,Cloud to Ground,2026-07-06T19:09:03.778+08:00
2026-07-07 13:57:25,2026-07-06T19:10:00+08:00,2026-07-06T19:12:03+08:00,1.3286,103.741,C,Cloud to Cloud,2026-07-06T19:09:03.778+08:00
2026-07-07 13:57:25,2026-07-06T19:10:00+08:00,2026-07-06T19:12:03+08:00,1.3286,103.741,C,Cloud to Cloud,2026-07-06T19:09:03.778+08:00
2026-07-07 13:57:25,2026-07-06T19:10:00+08:00,2026-07-06T19:12:03+08:00,1.3207,103.7205,C,Cloud to Cloud,2026-07-06T19:09:03.778+08:00
2026-07-07 13:57:25,2026-07-06T19:10:00+08:00,2026-07-06T19:12:03+08:00,1.3339,103.7415,C,Cloud to Cloud,2026-07-06T19:09:03.778+08:00
2026-07-07 13:57:25,2026-07-06T19:10:00+08:00,2026-07-06T19:12:03+08:00,1.3572,103.7188,C,Cloud to Cloud,2026-07-06T19:09:03.778+08:00
2026-07-07 13:57:25,2026-07-06T19:10:00+08:00,2026-07-06T19:12:03+08:00,1.3572,103.7188,C,Cloud to Cloud,2026-07-06T19:09:03.778+08:00
2026-07-07 13:57:25,2026-07-06T19:10:00+08:00,2026-07-06T19:12:03+08:00,1.3444,103.7116,C,Cloud to Cloud,2026-07-06T19:09:03.858+08:00
2026-07-07 13:57:25,2026-07-06T19:10:00+08:00,2026-07-06T19:12:03+08:00,1.3713,103.7191,C,Cloud to Cloud,2026-07-06T19:09:03.887+08:00
2026-07-07 13:57:25,2026-07-06T19:10:00+08:00,2026-07-06T19:12:03+08:00,1.3654,103.7106,C,Cloud to Cloud,2026-07-06T19:09:03.887+08:00
2026-07-07 13:57:25,2026-07-06T19:10:00+08:00,2026-07-06T19:12:03+08:00,1.3619,103.7114,C,Cloud to Cloud,2026-07-06T19:09:03.887+08:00
2026-07-07 13:57:25,2026-07-06T19:10:00+08:00,2026-07-06T19:12:03+08:00,1.3625,103.7142,C,Cloud to Cloud,2026-07-06T19:09:03.887+08:00
2026-07-07 13:57:25,2026-07-06T19:10:00+08:00,2026-07-06T19:12:03+08:00,1.36,103.7094,C,Cloud to Cloud,2026-07-06T19:09:03.887+08:00
2026-07-07 13:57:25,2026-07-06T19:10:00+08:00,2026-07-06T19:12:03+08:00,1.3958,103.7335,C,Cloud to Cloud,2026-07-06T19:09:03.887+08:00
2026-07-07 13:57:25,2026-07-06T19:10:00+08:00,2026-07-06T19:12:03+08:00,1.385,103.7205,C,Cloud to Cloud,2026-07-06T19:09:03.887+08:00
2026-07-07 13:57:25,2026-07-06T19:10:00+08:00,2026-07-06T19:12:03+08:00,1.3682,103.7282,C,Cloud to Cloud,2026-07-06T19:09:03.895+08:00
2026-07-07 13:57:25,2026-07-06T19:10:00+08:00,2026-07-06T19:12:03+08:00,1.3363,103.7067,C,Cloud to Cloud,2026-07-06T19:09:03.896+08:00
2026-07-07 13:57:25,2026-07-06T19:10:00+08:00,2026-07-06T19:12:03+08:00,1.3435,103.7199,C,Cloud to Cloud,2026-07-06T19:09:03.896+08:00
2026-07-07 13:57:25,2026-07-06T19:10:00+08:00,2026-07-06T19:12:03+08:00,1.3956,103.7388,C,Cloud to Cloud,2026-07-06T19:09:03.908+08:00
2026-07-07 13:57:25,2026-07-06T19:10:00+08:00,2026-07-06T19:12:03+08:00,1.3809,103.7525,C,Cloud to Cloud,2026-07-06T19:09:03.908+08:00
2026-07-07 13:57:25,2026-07-06T19:10:00+08:00,2026-07-06T19:12:03+08:00,1.355,103.705,C,Cloud to Cloud,2026-07-06T19:09:03.913+08:00
2026-07-07 13:57:25,2026-07-06T19:10:00+08:00,2026-07-06T19:12:03+08:00,1.4024,103.6883,C,Cloud to Cloud,2026-07-06T19:09:24.661+08:00
2026-07-07 13:57:25,2026-07-06T19:10:00+08:00,2026-07-06T19:12:03+08:00,1.4024,103.6883,C,Cloud to Cloud,2026-07-06T19:09:24.662+08:00
2026-07-07 13:57:25,2026-07-06T19:10:00+08:00,2026-07-06T19:12:03+08:00,1.4007,103.6869,C,Cloud to Cloud,2026-07-06T19:09:24.662+08:00
2026-07-07 13:57:25,2026-07-06T19:10:00+08:00,2026-07-06T19:12:03+08:00,1.4023,103.6856,C,Cloud to Cloud,2026-07-06T19:09:24.663+08:00
2026-07-07 13:57:25,2026-07-06T19:10:00+08:00,2026-07-06T19:12:03+08:00,1.4023,103.6856,C,Cloud to Cloud,2026-07-06T19:09:24.663+08:00
2026-07-07 13:57:25,2026-07-06T19:10:00+08:00,2026-07-06T19:12:03+08:00,1.3986,103.6806,C,Cloud to Cloud,2026-07-06T19:09:24.674+08:00
2026-07-07 13:57:25,2026-07-06T19:10:00+08:00,2026-07-06T19:12:03+08:00,1.3978,103.6887,C,Cloud to Cloud,2026-07-06T19:09:24.724+08:00
2026-07-07 13:57:25,2026-07-06T19:10:00+08:00,2026-07-06T19:12:03+08:00,1.3978,103.6887,C,Cloud to Cloud,2026-07-06T19:09:24.724+08:00
2026-07-07 13:57:25,2026-07-06T19:10:00+08:00,2026-07-06T19:12:03+08:00,1.412,103.6809,C,Cloud to Cloud,2026-07-06T19:09:24.781+08:00
2026-07-07 13:57:25,2026-07-06T19:10:00+08:00,2026-07-06T19:12:03+08:00,1.412,103.6808,C,Cloud to Cloud,2026-07-06T19:09:24.781+08:00
2026-07-07 13:57:25,2026-07-06T19:10:00+08:00,2026-07-06T19:12:03+08:00,1.3882,103.6884,C,Cloud to Cloud,2026-07-06T19:09:24.866+08:00
2026-07-07 13:57:25,2026-07-06T19:10:00+08:00,2026-07-06T19:12:03+08:00,1.4026,103.709,C,Cloud to Cloud,2026-07-06T19:09:24.866+08:00
2026-07-07 13:57:25,2026-07-06T19:10:00+08:00,2026-07-06T19:12:03+08:00,1.3902,103.6837,C,Cloud to Cloud,2026-07-06T19:09:24.874+08:00
2026-07-07 13:57:25,2026-07-06T19:10:00+08:00,2026-07-06T19:12:03+08:00,1.3902,103.6837,C,Cloud to Cloud,2026-07-06T19:09:24.874+08:00
2026-07-07 13:57:25,2026-07-06T19:10:00+08:00,2026-07-06T19:12:03+08:00,1.3863,103.6798,C,Cloud to Cloud,2026-07-06T19:09:24.879+08:00
2026-07-07 13:57:25,2026-07-06T19:10:00+08:00,2026-07-06T19:12:03+08:00,1.3863,103.6798,C,Cloud to Cloud,2026-07-06T19:09:24.879+08:00
2026-07-07 13:57:25,2026-07-06T19:10:00+08:00,2026-07-06T19:12:03+08:00,1.378,103.6672,C,Cloud to Cloud,2026-07-06T19:09:24.882+08:00
2026-07-07 13:57:25,2026-07-06T19:10:00+08:00,2026-07-06T19:12:03+08:00,1.386,103.6793,C,Cloud to Cloud,2026-07-06T19:09:24.882+08:00
2026-07-07 13:57:25,2026-07-06T19:10:00+08:00,2026-07-06T19:12:03+08:00,1.4107,103.7124,C,Cloud to Cloud,2026-07-06T19:09:24.884+08:00
2026-07-07 13:57:25,2026-07-06T19:10:00+08:00,2026-07-06T19:12:03+08:00,1.3692,103.6652,C,Cloud to Cloud,2026-07-06T19:09:24.885+08:00
2026-07-07 13:57:25,2026-07-06T19:10:00+08:00,2026-07-06T19:12:03+08:00,1.3694,103.6651,C,Cloud to Cloud,2026-07-06T19:09:24.886+08:00
2026-07-07 13:57:25,2026-07-06T19:10:00+08:00,2026-07-06T19:12:03+08:00,1.3899,103.6766,C,Cloud to Cloud,2026-07-06T19:09:24.888+08:00
2026-07-07 13:57:25,2026-07-06T19:10:00+08:00,2026-07-06T19:12:03+08:00,1.3899,103.6766,C,Cloud to Cloud,2026-07-06T19:09:24.888+08:00
2026-07-07 13:57:25,2026-07-06T19:10:00+08:00,2026-07-06T19:12:03+08:00,1.3688,103.6644,C,Cloud to Cloud,2026-07-06T19:09:24.889+08:00
2026-07-07 13:57:25,2026-07-06T19:10:00+08:00,2026-07-06T19:12:03+08:00,1.3584,103.65,C,Cloud to Cloud,2026-07-06T19:09:24.889+08:00
2026-07-07 13:57:25,2026-07-06T19:10:00+08:00,2026-07-06T19:12:03+08:00,1.3694,103.6694,C,Cloud to Cloud,2026-07-06T19:09:24.889+08:00
2026-07-07 13:57:25,2026-07-06T19:10:00+08:00,2026-07-06T19:12:03+08:00,1.3852,103.6597,C,Cloud to Cloud,2026-07-06T19:09:24.892+08:00
2026-07-07 13:57:25,2026-07-06T19:10:00+08:00,2026-07-06T19:12:03+08:00,1.3852,103.6597,C,Cloud to Cloud,2026-07-06T19:09:24.892+08:00
2026-07-07 13:57:25,2026-07-06T19:10:00+08:00,2026-07-06T19:12:03+08:00,1.3633,103.6662,C,Cloud to Cloud,2026-07-06T19:09:24.893+08:00
2026-07-07 13:57:25,2026-07-06T19:10:00+08:00,2026-07-06T19:12:03+08:00,1.3743,103.6803,C,Cloud to Cloud,2026-07-06T19:09:24.893+08:00
2026-07-07 13:57:25,2026-07-06T19:10:00+08:00,2026-07-06T19:12:03+08:00,1.3516,103.635,C,Cloud to Cloud,2026-07-06T19:09:24.906+08:00
2026-07-07 13:57:25,2026-07-06T19:10:00+08:00,2026-07-06T19:12:03+08:00,1.3784,103.6739,C,Cloud to Cloud,2026-07-06T19:09:24.962+08:00
2026-07-07 13:57:25,2026-07-06T19:10:00+08:00,2026-07-06T19:12:03+08:00,1.3703,103.683,C,Cloud to Cloud,2026-07-06T19:09:24.962+08:00
2026-07-07 13:57:25,2026-07-06T19:10:00+08:00,2026-07-06T19:12:03+08:00,1.3883,103.6671,C,Cloud to Cloud,2026-07-06T19:09:25.003+08:00
2026-07-07 13:57:25,2026-07-06T19:10:00+08:00,2026-07-06T19:12:03+08:00,1.4025,103.692,C,Cloud to Cloud,2026-07-06T19:09:25.003+08:00
2026-07-07 13:57:25,2026-07-06T19:10:00+08:00,2026-07-06T19:12:03+08:00,1.3942,103.6695,C,Cloud to Cloud,2026-07-06T19:09:25.003+08:00
2026-07-07 13:57:25,2026-07-06T19:10:00+08:00,2026-07-06T19:12:03+08:00,1.4006,103.6872,C,Cloud to Cloud,2026-07-06T19:09:25.003+08:00
2026-07-07 13:57:25,2026-07-06T19:10:00+08:00,2026-07-06T19:12:03+08:00,1.4006,103.6872,C,Cloud to Cloud,2026-07-06T19:09:25.003+08:00
2026-07-07 13:57:25,2026-07-06T19:10:00+08:00,2026-07-06T19:12:03+08:00,1.3972,103.6922,C,Cloud to Cloud,2026-07-06T19:09:25.046+08:00
2026-07-07 13:57:25,2026-07-06T19:10:00+08:00,2026-07-06T19:12:03+08:00,1.3975,103.692,C,Cloud to Cloud,2026-07-06T19:09:25.046+08:00
2026-07-07 13:57:25,2026-07-06T19:10:00+08:00,2026-07-06T19:12:03+08:00,1.3964,103.6903,C,Cloud to Cloud,2026-07-06T19:09:25.046+08:00
2026-07-07 13:57:25,2026-07-06T19:10:00+08:00,2026-07-06T19:12:03+08:00,1.3841,103.6732,C,Cloud to Cloud,2026-07-06T19:09:25.046+08:00
2026-07-07 13:57:25,2026-07-06T19:10:00+08:00,2026-07-06T19:12:03+08:00,1.3756,103.6628,C,Cloud to Cloud,2026-07-06T19:09:25.046+08:00
2026-07-07 13:57:25,2026-07-06T19:10:00+08:00,2026-07-06T19:12:03+08:00,1.3637,103.6538,C,Cloud to Cloud,2026-07-06T19:09:25.047+08:00
2026-07-07 13:57:25,2026-07-06T19:10:00+08:00,2026-07-06T19:12:03+08:00,1.3642,103.6557,C,Cloud to Cloud,2026-07-06T19:09:25.047+08:00
2026-07-07 13:57:25,2026-07-06T19:10:00+08:00,2026-07-06T19:12:03+08:00,1.3606,103.657,C,Cloud to Cloud,2026-07-06T19:09:25.047+08:00
2026-07-07 13:57:25,2026-07-06T19:10:00+08:00,2026-07-06T19:12:03+08:00,1.365,103.6614,C,Cloud to Cloud,2026-07-06T19:09:25.047+08:00
2026-07-07 13:57:25,2026-07-06T19:10:00+08:00,2026-07-06T19:12:03+08:00,1.382,103.6568,C,Cloud to Cloud,2026-07-06T19:09:25.102+08:00
2026-07-07 13:57:25,2026-07-06T19:10:00+08:00,2026-07-06T19:12:03+08:00,1.3955,103.6745,C,Cloud to Cloud,2026-07-06T19:09:25.102+08:00
2026-07-07 13:57:25,2026-07-06T19:10:00+08:00,2026-07-06T19:12:03+08:00,1.3844,103.6644,C,Cloud to Cloud,2026-07-06T19:09:25.102+08:00
2026-07-07 13:57:25,2026-07-06T19:10:00+08:00,2026-07-06T19:12:03+08:00,1.3686,103.6373,C,Cloud to Cloud,2026-07-06T19:09:25.102+08:00
2026-07-07 13:57:25,2026-07-06T19:10:00+08:00,2026-07-06T19:12:03+08:00,1.3761,103.6547,C,Cloud to Cloud,2026-07-06T19:09:25.102+08:00
2026-07-07 13:57:25,2026-07-06T19:10:00+08:00,2026-07-06T19:12:03+08:00,1.3912,103.6819,C,Cloud to Cloud,2026-07-06T19:09:25.102+08:00
2026-07-07 13:57:25,2026-07-06T19:10:00+08:00,2026-07-06T19:12:03+08:00,1.39,103.6749,C,Cloud to Cloud,2026-07-06T19:09:25.103+08:00
2026-07-07 13:57:25,2026-07-06T19:10:00+08:00,2026-07-06T19:12:03+08:00,1.3902,103.6731,C,Cloud to Cloud,2026-07-06T19:09:25.103+08:00
2026-07-07 13:57:25,2026-07-06T19:10:00+08:00,2026-07-06T19:12:03+08:00,1.4123,103.7017,C,Cloud to Cloud,2026-07-06T19:09:25.103+08:00
2026-07-07 13:57:25,2026-07-06T19:10:00+08:00,2026-07-06T19:12:03+08:00,1.3819,103.6821,C,Cloud to Cloud,2026-07-06T19:09:25.103+08:00
2026-07-07 13:57:25,2026-07-06T19:10:00+08:00,2026-07-06T19:12:03+08:00,1.3928,103.6661,C,Cloud to Cloud,2026-07-06T19:09:25.103+08:00
2026-07-07 13:57:25,2026-07-06T19:10:00+08:00,2026-07-06T19:12:03+08:00,1.3871,103.7412,C,Cloud to Cloud,2026-07-06T19:09:25.103+08:00
2026-07-07 13:57:25,2026-07-06T19:10:00+08:00,2026-07-06T19:12:03+08:00,1.3905,103.5707,C,Cloud to Cloud,2026-07-06T19:09:41.752+08:00
2026-07-07 13:57:25,2026-07-06T19:10:00+08:00,2026-07-06T19:12:03+08:00,1.3994,103.6269,C,Cloud to Cloud,2026-07-06T19:09:41.878+08:00
2026-07-07 13:57:25,2026-07-06T19:10:00+08:00,2026-07-06T19:12:03+08:00,1.3994,103.6269,C,Cloud to Cloud,2026-07-06T19:09:41.878+08:00
2026-07-07 13:57:25,2026-07-06T19:10:00+08:00,2026-07-06T19:12:03+08:00,1.4001,103.623,C,Cloud to Cloud,2026-07-06T19:09:41.914+08:00
2026-07-07 13:57:25,2026-07-06T19:10:00+08:00,2026-07-06T19:12:03+08:00,1.4102,103.6823,C,Cloud to Cloud,2026-07-06T19:09:41.971+08:00
2026-07-07 13:57:25,2026-07-06T19:10:00+08:00,2026-07-06T19:12:03+08:00,1.4,103.6597,C,Cloud to Cloud,2026-07-06T19:09:41.972+08:00
2026-07-07 13:57:25,2026-07-06T19:10:00+08:00,2026-07-06T19:12:03+08:00,1.3899,103.6345,C,Cloud to Cloud,2026-07-06T19:09:42.016+08:00
2026-07-07 13:57:25,2026-07-06T19:10:00+08:00,2026-07-06T19:12:03+08:00,1.3925,103.6414,C,Cloud to Cloud,2026-07-06T19:09:42.016+08:00
2026-07-07 13:57:25,2026-07-06T19:10:00+08:00,2026-07-06T19:12:03+08:00,1.3992,103.6508,C,Cloud to Cloud,2026-07-06T19:09:42.016+08:00
2026-07-07 13:57:25,2026-07-06T19:10:00+08:00,2026-07-06T19:12:03+08:00,1.3589,103.6339,C,Cloud to Cloud,2026-07-06T19:09:42.016+08:00
2026-07-07 13:57:25,2026-07-06T19:10:00+08:00,2026-07-06T19:12:03+08:00,1.3885,103.6252,C,Cloud to Cloud,2026-07-06T19:09:42.016+08:00
2026-07-07 13:57:25,2026-07-06T19:10:00+08:00,2026-07-06T19:12:03+08:00,1.3998,103.635,C,Cloud to Cloud,2026-07-06T19:09:42.016+08:00
2026-07-07 13:57:25,2026-07-06T19:10:00+08:00,2026-07-06T19:12:03+08:00,1.383,103.697,C,Cloud to Cloud,2026-07-06T19:09:58.849+08:00
2026-07-07 13:57:25,2026-07-06T19:10:00+08:00,2026-07-06T19:12:03+08:00,1.3914,103.6225,C,Cloud to Cloud,2026-07-06T19:09:58.857+08:00
2026-07-07 13:57:25,2026-07-06T19:10:00+08:00,2026-07-06T19:12:03+08:00,1.3936,103.6651,C,Cloud to Cloud,2026-07-06T19:09:59.006+08:00
2026-07-07 13:57:25,2026-07-06T19:10:00+08:00,2026-07-06T19:12:03+08:00,1.3936,103.6651,C,Cloud to Cloud,2026-07-06T19:09:59.006+08:00
2026-07-07 13:57:25,2026-07-06T19:10:00+08:00,2026-07-06T19:12:03+08:00,1.3922,103.6718,C,Cloud to Cloud,2026-07-06T19:09:59.007+08:00
2026-07-07 13:57:25,2026-07-06T19:10:00+08:00,2026-07-06T19:12:03+08:00,1.3956,103.6782,C,Cloud to Cloud,2026-07-06T19:09:59.011+08:00
2026-07-07 13:57:25,2026-07-06T19:10:00+08:00,2026-07-06T19:12:03+08:00,1.3956,103.6782,C,Cloud to Cloud,2026-07-06T19:09:59.011+08:00
2026-07-07 13:57:25,2026-07-06T19:10:00+08:00,2026-07-06T19:12:03+08:00,1.4174,103.6772,C,Cloud to Cloud,2026-07-06T19:09:59.011+08:00
2026-07-07 13:57:25,2026-07-06T19:10:00+08:00,2026-07-06T19:12:03+08:00,1.3999,103.6594,C,Cloud to Cloud,2026-07-06T19:09:59.127+08:00
2026-07-07 13:57:25,2026-07-06T19:10:00+08:00,2026-07-06T19:12:03+08:00,1.3946,103.6725,C,Cloud to Cloud,2026-07-06T19:09:59.128+08:00
2026-07-07 13:57:25,2026-07-06T19:10:00+08:00,2026-07-06T19:12:03+08:00,1.3803,103.646,C,Cloud to Cloud,2026-07-06T19:09:59.128+08:00
2026-07-07 13:57:25,2026-07-06T19:10:00+08:00,2026-07-06T19:12:03+08:00,1.4002,103.6808,C,Cloud to Cloud,2026-07-06T19:09:59.128+08:00
2026-07-07 13:57:25,2026-07-06T19:10:00+08:00,2026-07-06T19:12:03+08:00,1.3888,103.6706,C,Cloud to Cloud,2026-07-06T19:09:59.157+08:00
2026-07-07 13:57:25,2026-07-06T19:10:00+08:00,2026-07-06T19:12:03+08:00,1.3708,103.6325,C,Cloud to Cloud,2026-07-06T19:09:59.157+08:00
2026-07-07 13:57:25,2026-07-06T19:10:00+08:00,2026-07-06T19:12:03+08:00,1.3859,103.6669,C,Cloud to Cloud,2026-07-06T19:09:59.158+08:00
2026-07-07 13:57:25,2026-07-06T19:10:00+08:00,2026-07-06T19:12:03+08:00,1.3837,103.6626,C,Cloud to Cloud,2026-07-06T19:09:59.158+08:00
2026-07-07 13:57:25,2026-07-06T19:10:00+08:00,2026-07-06T19:12:03+08:00,1.3793,103.6499,C,Cloud to Cloud,2026-07-06T19:09:59.158+08:00
2026-07-07 13:57:25,2026-07-06T19:10:00+08:00,2026-07-06T19:12:03+08:00,1.3907,103.6669,C,Cloud to Cloud,2026-07-06T19:09:59.158+08:00
2026-07-07 13:57:25,2026-07-06T19:10:00+08:00,2026-07-06T19:12:03+08:00,1.3898,103.668,C,Cloud to Cloud,2026-07-06T19:09:59.158+08:00
2026-07-07 13:57:25,2026-07-06T19:10:00+08:00,2026-07-06T19:12:03+08:00,1.3835,103.6637,C,Cloud to Cloud,2026-07-06T19:09:59.158+08:00
2026-07-07 13:57:25,2026-07-06T19:10:00+08:00,2026-07-06T19:12:03+08:00,1.3335,103.6585,C,Cloud to Cloud,2026-07-06T19:09:59.158+08:00
2026-07-07 13:57:25,2026-07-06T19:10:00+08:00,2026-07-06T19:12:03+08:00,1.3906,103.6656,C,Cloud to Cloud,2026-07-06T19:09:59.158+08:00
2026-07-07 13:57:25,2026-07-06T19:10:00+08:00,2026-07-06T19:12:03+08:00,1.4027,103.6947,C,Cloud to Cloud,2026-07-06T19:09:59.158+08:00
2026-07-07 13:57:25,2026-07-06T19:10:00+08:00,2026-07-06T19:12:03+08:00,1.3824,103.6643,C,Cloud to Cloud,2026-07-06T19:09:59.168+08:00
2026-07-07 13:57:25,2026-07-06T19:10:00+08:00,2026-07-06T19:12:03+08:00,1.3824,103.6643,C,Cloud to Cloud,2026-07-06T19:09:59.168+08:00
2026-07-07 13:57:25,2026-07-06T19:10:00+08:00,2026-07-06T19:12:03+08:00,1.3799,103.6659,C,Cloud to Cloud,2026-07-06T19:09:59.179+08:00
2026-07-07 13:57:25,2026-07-06T19:10:00+08:00,2026-07-06T19:12:03+08:00,1.38,103.6659,C,Cloud to Cloud,2026-07-06T19:09:59.179+08:00
2026-07-07 13:57:25,2026-07-06T19:10:00+08:00,2026-07-06T19:12:03+08:00,1.374,103.6579,C,Cloud to Cloud,2026-07-06T19:09:59.192+08:00
2026-07-07 13:57:25,2026-07-06T19:10:00+08:00,2026-07-06T19:12:03+08:00,1.3902,103.6733,C,Cloud to Cloud,2026-07-06T19:09:59.192+08:00
2026-07-07 13:57:25,2026-07-06T19:10:00+08:00,2026-07-06T19:12:03+08:00,1.3705,103.6464,C,Cloud to Cloud,2026-07-06T19:09:59.214+08:00
2026-07-07 13:57:25,2026-07-06T19:10:00+08:00,2026-07-06T19:12:03+08:00,1.3902,103.6449,C,Cloud to Cloud,2026-07-06T19:09:59.214+08:00
2026-07-07 13:57:25,2026-07-06T19:10:00+08:00,2026-07-06T19:12:03+08:00,1.3652,103.6244,C,Cloud to Cloud,2026-07-06T19:09:59.214+08:00
2026-07-07 13:57:25,2026-07-06T19:10:00+08:00,2026-07-06T19:12:03+08:00,1.3775,103.6577,C,Cloud to Cloud,2026-07-06T19:09:59.215+08:00
2026-07-07 13:57:25,2026-07-06T19:10:00+08:00,2026-07-06T19:12:03+08:00,1.4035,103.7015,C,Cloud to Cloud,2026-07-06T19:09:59.215+08:00
2026-07-07 13:57:25,2026-07-06T19:10:00+08:00,2026-07-06T19:12:03+08:00,1.4772,103.5796,C,Cloud to Cloud,2026-07-06T19:09:59.215+08:00
2026-07-07 13:57:25,2026-07-06T19:10:00+08:00,2026-07-06T19:12:03+08:00,1.3831,103.6705,C,Cloud to Cloud,2026-07-06T19:09:59.215+08:00
2026-07-07 13:57:25,2026-07-06T19:10:00+08:00,2026-07-06T19:12:03+08:00,1.3687,103.6371,C,Cloud to Cloud,2026-07-06T19:09:59.226+08:00
2026-07-07 13:57:25,2026-07-06T19:10:00+08:00,2026-07-06T19:12:03+08:00,1.3675,103.7137,C,Cloud to Cloud,2026-07-06T19:09:59.226+08:00
2026-07-07 13:57:25,2026-07-06T19:10:00+08:00,2026-07-06T19:12:03+08:00,1.417,103.7179,C,Cloud to Cloud,2026-07-06T19:09:59.242+08:00
2026-07-07 13:57:25,2026-07-06T19:10:00+08:00,2026-07-06T19:12:03+08:00,1.3629,103.6635,C,Cloud to Cloud,2026-07-06T19:09:59.255+08:00
2026-07-07 13:57:25,2026-07-06T19:10:00+08:00,2026-07-06T19:12:03+08:00,1.3629,103.6635,C,Cloud to Cloud,2026-07-06T19:09:59.255+08:00
2026-07-07 13:57:25,2026-07-06T19:10:00+08:00,2026-07-06T19:12:03+08:00,1.4101,103.5839,C,Cloud to Cloud,2026-07-06T19:09:59.279+08:00
2026-07-07 13:57:25,2026-07-06T19:10:00+08:00,2026-07-06T19:12:03+08:00,1.3938,103.698,C,Cloud to Cloud,2026-07-06T19:09:59.279+08:00
2026-07-07 13:57:25,2026-07-06T19:08:00+08:00,2026-07-06T19:10:03+08:00,1.3829,103.6647,C,Cloud to Cloud,2026-07-06T19:06:12.888+08:00
2026-07-07 13:57:25,2026-07-06T19:08:00+08:00,2026-07-06T19:10:03+08:00,1.4057,103.7021,C,Cloud to Cloud,2026-07-06T19:06:12.888+08:00
2026-07-07 13:57:25,2026-07-06T19:08:00+08:00,2026-07-06T19:10:03+08:00,1.3865,103.6696,C,Cloud to Cloud,2026-07-06T19:06:12.888+08:00
2026-07-07 13:57:25,2026-07-06T19:08:00+08:00,2026-07-06T19:10:03+08:00,1.4216,103.6243,C,Cloud to Cloud,2026-07-06T19:06:12.888+08:00
2026-07-07 13:57:25,2026-07-06T19:08:00+08:00,2026-07-06T19:10:03+08:00,1.391,103.6747,C,Cloud to Cloud,2026-07-06T19:06:12.889+08:00
2026-07-07 13:57:25,2026-07-06T19:08:00+08:00,2026-07-06T19:10:03+08:00,1.391,103.6747,C,Cloud to Cloud,2026-07-06T19:06:12.889+08:00
2026-07-07 13:57:25,2026-07-06T19:08:00+08:00,2026-07-06T19:10:03+08:00,1.3891,103.6757,C,Cloud to Cloud,2026-07-06T19:06:12.955+08:00
2026-07-07 13:57:25,2026-07-06T19:08:00+08:00,2026-07-06T19:10:03+08:00,1.3891,103.6757,C,Cloud to Cloud,2026-07-06T19:06:12.955+08:00
2026-07-07 13:57:25,2026-07-06T19:08:00+08:00,2026-07-06T19:10:03+08:00,1.3988,103.6765,C,Cloud to Cloud,2026-07-06T19:06:12.956+08:00
2026-07-07 13:57:25,2026-07-06T19:08:00+08:00,2026-07-06T19:10:03+08:00,1.3988,103.6765,C,Cloud to Cloud,2026-07-06T19:06:12.956+08:00
2026-07-07 13:57:25,2026-07-06T19:08:00+08:00,2026-07-06T19:10:03+08:00,1.3979,103.6747,C,Cloud to Cloud,2026-07-06T19:06:12.956+08:00
2026-07-07 13:57:25,2026-07-06T19:08:00+08:00,2026-07-06T19:10:03+08:00,1.4057,103.6774,C,Cloud to Cloud,2026-07-06T19:06:12.958+08:00
2026-07-07 13:57:25,2026-07-06T19:08:00+08:00,2026-07-06T19:10:03+08:00,1.3868,103.6364,C,Cloud to Cloud,2026-07-06T19:06:12.958+08:00
2026-07-07 13:57:25,2026-07-06T19:08:00+08:00,2026-07-06T19:10:03+08:00,1.4064,103.679,C,Cloud to Cloud,2026-07-06T19:06:12.959+08:00
2026-07-07 13:57:25,2026-07-06T19:08:00+08:00,2026-07-06T19:10:03+08:00,1.3652,103.6672,C,Cloud to Cloud,2026-07-06T19:06:13.002+08:00
2026-07-07 13:57:25,2026-07-06T19:08:00+08:00,2026-07-06T19:10:03+08:00,1.3652,103.6672,C,Cloud to Cloud,2026-07-06T19:06:13.002+08:00
2026-07-07 13:57:25,2026-07-06T19:08:00+08:00,2026-07-06T19:10:03+08:00,1.3628,103.673,C,Cloud to Cloud,2026-07-06T19:06:13.003+08:00
2026-07-07 13:57:25,2026-07-06T19:08:00+08:00,2026-07-06T19:10:03+08:00,1.3628,103.673,C,Cloud to Cloud,2026-07-06T19:06:13.003+08:00
2026-07-07 13:57:25,2026-07-06T19:08:00+08:00,2026-07-06T19:10:03+08:00,1.3632,103.6758,C,Cloud to Cloud,2026-07-06T19:06:13.004+08:00
2026-07-07 13:57:25,2026-07-06T19:08:00+08:00,2026-07-06T19:10:03+08:00,1.3904,103.7076,C,Cloud to Cloud,2026-07-06T19:06:13.004+08:00
2026-07-07 13:57:25,2026-07-06T19:08:00+08:00,2026-07-06T19:10:03+08:00,1.3625,103.6733,C,Cloud to Cloud,2026-07-06T19:06:13.004+08:00
2026-07-07 13:57:25,2026-07-06T19:08:00+08:00,2026-07-06T19:10:03+08:00,1.3625,103.6692,C,Cloud to Cloud,2026-07-06T19:06:13.005+08:00
2026-07-07 13:57:25,2026-07-06T19:08:00+08:00,2026-07-06T19:10:03+08:00,1.3625,103.6692,C,Cloud to Cloud,2026-07-06T19:06:13.005+08:00
2026-07-07 13:57:25,2026-07-06T19:08:00+08:00,2026-07-06T19:10:03+08:00,1.3743,103.7079,C,Cloud to Cloud,2026-07-06T19:06:13.005+08:00
2026-07-07 13:57:25,2026-07-06T19:08:00+08:00,2026-07-06T19:10:03+08:00,1.3642,103.6748,C,Cloud to Cloud,2026-07-06T19:06:13.006+08:00
2026-07-07 13:57:25,2026-07-06T19:08:00+08:00,2026-07-06T19:10:03+08:00,1.3642,103.6748,C,Cloud to Cloud,2026-07-06T19:06:13.006+08:00
2026-07-07 13:57:25,2026-07-06T19:08:00+08:00,2026-07-06T19:10:03+08:00,1.3629,103.6734,C,Cloud to Cloud,2026-07-06T19:06:13.006+08:00
2026-07-07 13:57:25,2026-07-06T19:08:00+08:00,2026-07-06T19:10:03+08:00,1.3651,103.6738,C,Cloud to Cloud,2026-07-06T19:06:13.007+08:00
2026-07-07 13:57:25,2026-07-06T19:08:00+08:00,2026-07-06T19:10:03+08:00,1.3651,103.6738,C,Cloud to Cloud,2026-07-06T19:06:13.007+08:00
2026-07-07 13:57:25,2026-07-06T19:08:00+08:00,2026-07-06T19:10:03+08:00,1.3914,103.6595,C,Cloud to Cloud,2026-07-06T19:06:13.085+08:00
2026-07-07 13:57:25,2026-07-06T19:08:00+08:00,2026-07-06T19:10:03+08:00,1.3914,103.6595,C,Cloud to Cloud,2026-07-06T19:06:13.085+08:00
2026-07-07 13:57:25,2026-07-06T19:08:00+08:00,2026-07-06T19:10:03+08:00,1.3997,103.6734,C,Cloud to Cloud,2026-07-06T19:06:13.123+08:00
2026-07-07 13:57:25,2026-07-06T19:08:00+08:00,2026-07-06T19:10:03+08:00,1.3873,103.6485,C,Cloud to Cloud,2026-07-06T19:06:13.123+08:00
2026-07-07 13:57:25,2026-07-06T19:08:00+08:00,2026-07-06T19:10:03+08:00,1.3928,103.6564,C,Cloud to Cloud,2026-07-06T19:06:13.123+08:00
2026-07-07 13:57:25,2026-07-06T19:08:00+08:00,2026-07-06T19:10:03+08:00,1.3824,103.6359,C,Cloud to Cloud,2026-07-06T19:06:13.123+08:00
2026-07-07 13:57:25,2026-07-06T19:08:00+08:00,2026-07-06T19:10:03+08:00,1.3907,103.6645,C,Cloud to Cloud,2026-07-06T19:06:13.123+08:00
2026-07-07 13:57:25,2026-07-06T19:08:00+08:00,2026-07-06T19:10:03+08:00,1.3885,103.6603,C,Cloud to Cloud,2026-07-06T19:06:13.123+08:00
2026-07-07 13:57:25,2026-07-06T19:08:00+08:00,2026-07-06T19:10:03+08:00,1.3949,103.6707,C,Cloud to Cloud,2026-07-06T19:06:29.787+08:00
2026-07-07 13:57:25,2026-07-06T19:08:00+08:00,2026-07-06T19:10:03+08:00,1.3949,103.6707,C,Cloud to Cloud,2026-07-06T19:06:29.787+08:00
2026-07-07 13:57:25,2026-07-06T19:08:00+08:00,2026-07-06T19:10:03+08:00,1.3929,103.6727,C,Cloud to Cloud,2026-07-06T19:06:29.79+08:00
2026-07-07 13:57:25,2026-07-06T19:08:00+08:00,2026-07-06T19:10:03+08:00,1.3927,103.6722,C,Cloud to Cloud,2026-07-06T19:06:29.791+08:00
2026-07-07 13:57:25,2026-07-06T19:08:00+08:00,2026-07-06T19:10:03+08:00,1.3914,103.6742,C,Cloud to Cloud,2026-07-06T19:06:29.791+08:00
2026-07-07 13:57:25,2026-07-06T19:08:00+08:00,2026-07-06T19:10:03+08:00,1.3913,103.6739,C,Cloud to Cloud,2026-07-06T19:06:29.791+08:00
2026-07-07 13:57:25,2026-07-06T19:08:00+08:00,2026-07-06T19:10:03+08:00,1.3918,103.6732,C,Cloud to Cloud,2026-07-06T19:06:29.791+08:00
2026-07-07 13:57:25,2026-07-06T19:08:00+08:00,2026-07-06T19:10:03+08:00,1.3919,103.6733,C,Cloud to Cloud,2026-07-06T19:06:29.791+08:00
2026-07-07 13:57:25,2026-07-06T19:08:00+08:00,2026-07-06T19:10:03+08:00,1.3928,103.6731,C,Cloud to Cloud,2026-07-06T19:06:29.791+08:00
2026-07-07 13:57:25,2026-07-06T19:08:00+08:00,2026-07-06T19:10:03+08:00,1.3919,103.6737,C,Cloud to Cloud,2026-07-06T19:06:29.791+08:00
2026-07-07 13:57:25,2026-07-06T19:08:00+08:00,2026-07-06T19:10:03+08:00,1.3923,103.6737,C,Cloud to Cloud,2026-07-06T19:06:29.791+08:00
2026-07-07 13:57:25,2026-07-06T19:08:00+08:00,2026-07-06T19:10:03+08:00,1.3924,103.674,C,Cloud to Cloud,2026-07-06T19:06:29.791+08:00
2026-07-07 13:57:25,2026-07-06T19:08:00+08:00,2026-07-06T19:10:03+08:00,1.3924,103.674,C,Cloud to Cloud,2026-07-06T19:06:29.791+08:00
2026-07-07 13:57:25,2026-07-06T19:08:00+08:00,2026-07-06T19:10:03+08:00,1.3936,103.6795,C,Cloud to Cloud,2026-07-06T19:06:29.792+08:00
2026-07-07 13:57:25,2026-07-06T19:08:00+08:00,2026-07-06T19:10:03+08:00,1.392,103.6743,C,Cloud to Cloud,2026-07-06T19:06:29.792+08:00
2026-07-07 13:57:25,2026-07-06T19:08:00+08:00,2026-07-06T19:10:03+08:00,1.3916,103.6749,C,Cloud to Cloud,2026-07-06T19:06:29.792+08:00
2026-07-07 13:57:25,2026-07-06T19:08:00+08:00,2026-07-06T19:10:03+08:00,1.3905,103.6762,C,Cloud to Cloud,2026-07-06T19:06:29.792+08:00
2026-07-07 13:57:25,2026-07-06T19:08:00+08:00,2026-07-06T19:10:03+08:00,1.3952,103.6721,C,Cloud to Cloud,2026-07-06T19:06:29.792+08:00
2026-07-07 13:57:25,2026-07-06T19:08:00+08:00,2026-07-06T19:10:03+08:00,1.395,103.6726,C,Cloud to Cloud,2026-07-06T19:06:29.792+08:00
2026-07-07 13:57:25,2026-07-06T19:08:00+08:00,2026-07-06T19:10:03+08:00,1.3942,103.6735,C,Cloud to Cloud,2026-07-06T19:06:29.793+08:00
2026-07-07 13:57:25,2026-07-06T19:08:00+08:00,2026-07-06T19:10:03+08:00,1.3946,103.6735,C,Cloud to Cloud,2026-07-06T19:06:29.793+08:00
2026-07-07 13:57:25,2026-07-06T19:08:00+08:00,2026-07-06T19:10:03+08:00,1.3944,103.6733,C,Cloud to Cloud,2026-07-06T19:06:29.793+08:00
2026-07-07 13:57:25,2026-07-06T19:08:00+08:00,2026-07-06T19:10:03+08:00,1.3945,103.6736,C,Cloud to Cloud,2026-07-06T19:06:29.793+08:00
2026-07-07 13:57:25,2026-07-06T19:08:00+08:00,2026-07-06T19:10:03+08:00,1.3951,103.6731,C,Cloud to Cloud,2026-07-06T19:06:29.793+08:00
2026-07-07 13:57:25,2026-07-06T19:08:00+08:00,2026-07-06T19:10:03+08:00,1.3953,103.6726,C,Cloud to Cloud,2026-07-06T19:06:29.793+08:00
2026-07-07 13:57:25,2026-07-06T19:08:00+08:00,2026-07-06T19:10:03+08:00,1.3952,103.672,C,Cloud to Cloud,2026-07-06T19:06:29.793+08:00
2026-07-07 13:57:25,2026-07-06T19:08:00+08:00,2026-07-06T19:10:03+08:00,1.3955,103.6728,C,Cloud to Cloud,2026-07-06T19:06:29.793+08:00
2026-07-07 13:57:25,2026-07-06T19:08:00+08:00,2026-07-06T19:10:03+08:00,1.3955,103.6726,C,Cloud to Cloud,2026-07-06T19:06:29.793+08:00
2026-07-07 13:57:25,2026-07-06T19:08:00+08:00,2026-07-06T19:10:03+08:00,1.3953,103.673,C,Cloud to Cloud,2026-07-06T19:06:29.794+08:00
2026-07-07 13:57:25,2026-07-06T19:08:00+08:00,2026-07-06T19:10:03+08:00,1.3955,103.6731,C,Cloud to Cloud,2026-07-06T19:06:29.794+08:00
2026-07-07 13:57:25,2026-07-06T19:08:00+08:00,2026-07-06T19:10:03+08:00,1.3955,103.6728,C,Cloud to Cloud,2026-07-06T19:06:29.794+08:00
2026-07-07 13:57:25,2026-07-06T19:08:00+08:00,2026-07-06T19:10:03+08:00,1.3947,103.673,C,Cloud to Cloud,2026-07-06T19:06:29.794+08:00
2026-07-07 13:57:25,2026-07-06T19:08:00+08:00,2026-07-06T19:10:03+08:00,1.3946,103.6729,C,Cloud to Cloud,2026-07-06T19:06:29.794+08:00
2026-07-07 13:57:25,2026-07-06T19:08:00+08:00,2026-07-06T19:10:03+08:00,1.3953,103.6726,C,Cloud to Cloud,2026-07-06T19:06:29.794+08:00
2026-07-07 13:57:25,2026-07-06T19:08:00+08:00,2026-07-06T19:10:03+08:00,1.3935,103.6745,C,Cloud to Cloud,2026-07-06T19:06:29.794+08:00
2026-07-07 13:57:25,2026-07-06T19:08:00+08:00,2026-07-06T19:10:03+08:00,1.3954,103.6735,C,Cloud to Cloud,2026-07-06T19:06:29.794+08:00
2026-07-07 13:57:25,2026-07-06T19:08:00+08:00,2026-07-06T19:10:03+08:00,1.3957,103.6726,C,Cloud to Cloud,2026-07-06T19:06:29.794+08:00
2026-07-07 13:57:25,2026-07-06T19:08:00+08:00,2026-07-06T19:10:03+08:00,1.3946,103.6732,C,Cloud to Cloud,2026-07-06T19:06:29.795+08:00
2026-07-07 13:57:25,2026-07-06T19:08:00+08:00,2026-07-06T19:10:03+08:00,1.3958,103.6722,C,Cloud to Cloud,2026-07-06T19:06:29.795+08:00
2026-07-07 13:57:25,2026-07-06T19:08:00+08:00,2026-07-06T19:10:03+08:00,1.3929,103.6744,C,Cloud to Cloud,2026-07-06T19:06:29.795+08:00
2026-07-07 13:57:25,2026-07-06T19:08:00+08:00,2026-07-06T19:10:03+08:00,1.3954,103.6725,C,Cloud to Cloud,2026-07-06T19:06:29.795+08:00
2026-07-07 13:57:25,2026-07-06T19:08:00+08:00,2026-07-06T19:10:03+08:00,1.3938,103.6742,C,Cloud to Cloud,2026-07-06T19:06:29.795+08:00
2026-07-07 13:57:25,2026-07-06T19:08:00+08:00,2026-07-06T19:10:03+08:00,1.3937,103.6741,C,Cloud to Cloud,2026-07-06T19:06:29.795+08:00
2026-07-07 13:57:25,2026-07-06T19:08:00+08:00,2026-07-06T19:10:03+08:00,1.395,103.6726,C,Cloud to Cloud,2026-07-06T19:06:29.795+08:00
2026-07-07 13:57:25,2026-07-06T19:08:00+08:00,2026-07-06T19:10:03+08:00,1.3946,103.6734,C,Cloud to Cloud,2026-07-06T19:06:29.796+08:00
2026-07-07 13:57:25,2026-07-06T19:08:00+08:00,2026-07-06T19:10:03+08:00,1.3947,103.6731,C,Cloud to Cloud,2026-07-06T19:06:29.796+08:00
2026-07-07 13:57:25,2026-07-06T19:08:00+08:00,2026-07-06T19:10:03+08:00,1.4018,103.6817,C,Cloud to Cloud,2026-07-06T19:06:29.796+08:00
2026-07-07 13:57:25,2026-07-06T19:08:00+08:00,2026-07-06T19:10:03+08:00,1.4018,103.6817,C,Cloud to Cloud,2026-07-06T19:06:29.796+08:00
2026-07-07 13:57:25,2026-07-06T19:08:00+08:00,2026-07-06T19:10:03+08:00,1.3941,103.6727,C,Cloud to Cloud,2026-07-06T19:06:29.797+08:00
2026-07-07 13:57:25,2026-07-06T19:08:00+08:00,2026-07-06T19:10:03+08:00,1.3941,103.6729,C,Cloud to Cloud,2026-07-06T19:06:29.797+08:00
2026-07-07 13:57:25,2026-07-06T19:08:00+08:00,2026-07-06T19:10:03+08:00,1.3945,103.6726,C,Cloud to Cloud,2026-07-06T19:06:29.797+08:00
2026-07-07 13:57:25,2026-07-06T19:08:00+08:00,2026-07-06T19:10:03+08:00,1.3944,103.6726,C,Cloud to Cloud,2026-07-06T19:06:29.797+08:00
2026-07-07 13:57:25,2026-07-06T19:08:00+08:00,2026-07-06T19:10:03+08:00,1.3948,103.6723,C,Cloud to Cloud,2026-07-06T19:06:29.797+08:00
2026-07-07 13:57:25,2026-07-06T19:08:00+08:00,2026-07-06T19:10:03+08:00,1.3952,103.6715,C,Cloud to Cloud,2026-07-06T19:06:29.797+08:00
2026-07-07 13:57:25,2026-07-06T19:08:00+08:00,2026-07-06T19:10:03+08:00,1.3963,103.6708,C,Cloud to Cloud,2026-07-06T19:06:29.797+08:00
2026-07-07 13:57:25,2026-07-06T19:08:00+08:00,2026-07-06T19:10:03+08:00,1.3929,103.6729,C,Cloud to Cloud,2026-07-06T19:06:29.797+08:00
2026-07-07 13:57:25,2026-07-06T19:08:00+08:00,2026-07-06T19:10:03+08:00,1.3872,103.679,G,Cloud to Ground,2026-07-06T19:06:29.797+08:00
2026-07-07 13:57:25,2026-07-06T19:08:00+08:00,2026-07-06T19:10:03+08:00,1.3917,103.6712,C,Cloud to Cloud,2026-07-06T19:06:29.798+08:00
2026-07-07 13:57:25,2026-07-06T19:08:00+08:00,2026-07-06T19:10:03+08:00,1.3728,103.6606,C,Cloud to Cloud,2026-07-06T19:06:29.798+08:00
2026-07-07 13:57:25,2026-07-06T19:08:00+08:00,2026-07-06T19:10:03+08:00,1.3701,103.6602,C,Cloud to Cloud,2026-07-06T19:06:29.798+08:00
2026-07-07 13:57:25,2026-07-06T19:08:00+08:00,2026-07-06T19:10:03+08:00,1.3753,103.6503,C,Cloud to Cloud,2026-07-06T19:06:29.798+08:00
2026-07-07 13:57:25,2026-07-06T19:08:00+08:00,2026-07-06T19:10:03+08:00,1.3701,103.6544,C,Cloud to Cloud,2026-07-06T19:06:29.812+08:00
2026-07-07 13:57:25,2026-07-06T19:08:00+08:00,2026-07-06T19:10:03+08:00,1.3701,103.6544,C,Cloud to Cloud,2026-07-06T19:06:29.812+08:00
2026-07-07 13:57:25,2026-07-06T19:08:00+08:00,2026-07-06T19:10:03+08:00,1.3683,103.6537,C,Cloud to Cloud,2026-07-06T19:06:29.813+08:00
2026-07-07 13:57:25,2026-07-06T19:08:00+08:00,2026-07-06T19:10:03+08:00,1.3609,103.6311,C,Cloud to Cloud,2026-07-06T19:06:29.834+08:00
2026-07-07 13:57:25,2026-07-06T19:08:00+08:00,2026-07-06T19:10:03+08:00,1.36,103.6411,C,Cloud to Cloud,2026-07-06T19:06:29.834+08:00
2026-07-07 13:57:25,2026-07-06T19:08:00+08:00,2026-07-06T19:10:03+08:00,1.3548,103.6393,C,Cloud to Cloud,2026-07-06T19:06:29.835+08:00
2026-07-07 13:57:25,2026-07-06T19:08:00+08:00,2026-07-06T19:10:03+08:00,1.3783,103.6726,C,Cloud to Cloud,2026-07-06T19:06:29.835+08:00
2026-07-07 13:57:25,2026-07-06T19:08:00+08:00,2026-07-06T19:10:03+08:00,1.3786,103.6703,C,Cloud to Cloud,2026-07-06T19:06:29.835+08:00
2026-07-07 13:57:25,2026-07-06T19:08:00+08:00,2026-07-06T19:10:03+08:00,1.3833,103.6746,C,Cloud to Cloud,2026-07-06T19:06:29.835+08:00
2026-07-07 13:57:25,2026-07-06T19:08:00+08:00,2026-07-06T19:10:03+08:00,1.3819,103.6725,C,Cloud to Cloud,2026-07-06T19:06:29.835+08:00
2026-07-07 13:57:25,2026-07-06T19:08:00+08:00,2026-07-06T19:10:03+08:00,1.3884,103.6767,C,Cloud to Cloud,2026-07-06T19:06:29.835+08:00
2026-07-07 13:57:25,2026-07-06T19:08:00+08:00,2026-07-06T19:10:03+08:00,1.3888,103.672,C,Cloud to Cloud,2026-07-06T19:06:29.835+08:00
2026-07-07 13:57:25,2026-07-06T19:08:00+08:00,2026-07-06T19:10:03+08:00,1.3906,103.6751,C,Cloud to Cloud,2026-07-06T19:06:29.835+08:00
2026-07-07 13:57:25,2026-07-06T19:08:00+08:00,2026-07-06T19:10:03+08:00,1.3687,103.6537,C,Cloud to Cloud,2026-07-06T19:06:29.868+08:00
2026-07-07 13:57:25,2026-07-06T19:08:00+08:00,2026-07-06T19:10:03+08:00,1.3706,103.6577,C,Cloud to Cloud,2026-07-06T19:06:29.868+08:00
2026-07-07 13:57:25,2026-07-06T19:08:00+08:00,2026-07-06T19:10:03+08:00,1.369,103.66,C,Cloud to Cloud,2026-07-06T19:06:29.868+08:00
2026-07-07 13:57:25,2026-07-06T19:08:00+08:00,2026-07-06T19:10:03+08:00,1.3728,103.6596,C,Cloud to Cloud,2026-07-06T19:06:29.868+08:00
2026-07-07 13:57:25,2026-07-06T19:08:00+08:00,2026-07-06T19:10:03+08:00,1.3742,103.6618,C,Cloud to Cloud,2026-07-06T19:06:29.868+08:00
2026-07-07 13:57:25,2026-07-06T19:08:00+08:00,2026-07-06T19:10:03+08:00,1.3837,103.6772,C,Cloud to Cloud,2026-07-06T19:06:29.869+08:00
2026-07-07 13:57:25,2026-07-06T19:08:00+08:00,2026-07-06T19:10:03+08:00,1.3821,103.6784,C,Cloud to Cloud,2026-07-06T19:06:29.869+08:00
2026-07-07 13:57:25,2026-07-06T19:08:00+08:00,2026-07-06T19:10:03+08:00,1.3837,103.6732,C,Cloud to Cloud,2026-07-06T19:06:29.869+08:00
2026-07-07 13:57:25,2026-07-06T19:08:00+08:00,2026-07-06T19:10:03+08:00,1.3857,103.6733,C,Cloud to Cloud,2026-07-06T19:06:29.869+08:00
2026-07-07 13:57:25,2026-07-06T19:08:00+08:00,2026-07-06T19:10:03+08:00,1.3633,103.6281,C,Cloud to Cloud,2026-07-06T19:06:29.886+08:00
2026-07-07 13:57:25,2026-07-06T19:08:00+08:00,2026-07-06T19:10:03+08:00,1.3633,103.6281,C,Cloud to Cloud,2026-07-06T19:06:29.886+08:00
2026-07-07 13:57:25,2026-07-06T19:08:00+08:00,2026-07-06T19:10:03+08:00,1.3722,103.6505,C,Cloud to Cloud,2026-07-06T19:06:29.905+08:00
2026-07-07 13:57:25,2026-07-06T19:08:00+08:00,2026-07-06T19:10:03+08:00,1.3602,103.6311,C,Cloud to Cloud,2026-07-06T19:06:29.905+08:00
2026-07-07 13:57:25,2026-07-06T19:08:00+08:00,2026-07-06T19:10:03+08:00,1.3515,103.6252,C,Cloud to Cloud,2026-07-06T19:06:29.905+08:00
2026-07-07 13:57:25,2026-07-06T19:08:00+08:00,2026-07-06T19:10:03+08:00,1.3858,103.6363,C,Cloud to Cloud,2026-07-06T19:06:29.905+08:00
2026-07-07 13:57:25,2026-07-06T19:08:00+08:00,2026-07-06T19:10:03+08:00,1.3555,103.6392,C,Cloud to Cloud,2026-07-06T19:06:29.905+08:00
2026-07-07 13:57:25,2026-07-06T19:08:00+08:00,2026-07-06T19:10:03+08:00,1.3656,103.6669,C,Cloud to Cloud,2026-07-06T19:06:29.905+08:00
2026-07-07 13:57:25,2026-07-06T19:08:00+08:00,2026-07-06T19:10:03+08:00,1.3664,103.6559,C,Cloud to Cloud,2026-07-06T19:06:29.905+08:00
2026-07-07 13:57:25,2026-07-06T19:08:00+08:00,2026-07-06T19:10:03+08:00,1.357,103.639,C,Cloud to Cloud,2026-07-06T19:06:29.905+08:00
2026-07-07 13:57:25,2026-07-06T19:08:00+08:00,2026-07-06T19:10:03+08:00,1.3833,103.6773,C,Cloud to Cloud,2026-07-06T19:06:29.905+08:00
2026-07-07 13:57:25,2026-07-06T19:08:00+08:00,2026-07-06T19:10:03+08:00,1.3869,103.675,C,Cloud to Cloud,2026-07-06T19:06:29.905+08:00
2026-07-07 13:57:25,2026-07-06T19:08:00+08:00,2026-07-06T19:10:03+08:00,1.3896,103.6751,C,Cloud to Cloud,2026-07-06T19:06:29.905+08:00
2026-07-07 13:57:25,2026-07-06T19:08:00+08:00,2026-07-06T19:10:03+08:00,1.3901,103.6742,C,Cloud to Cloud,2026-07-06T19:06:29.905+08:00
2026-07-07 13:57:25,2026-07-06T19:08:00+08:00,2026-07-06T19:10:03+08:00,1.3928,103.6753,C,Cloud to Cloud,2026-07-06T19:06:29.906+08:00
2026-07-07 13:57:25,2026-07-06T19:08:00+08:00,2026-07-06T19:10:03+08:00,1.3293,103.5917,C,Cloud to Cloud,2026-07-06T19:06:29.949+08:00
2026-07-07 13:57:25,2026-07-06T19:08:00+08:00,2026-07-06T19:10:03+08:00,1.3556,103.6296,C,Cloud to Cloud,2026-07-06T19:06:29.949+08:00
2026-07-07 13:57:25,2026-07-06T19:08:00+08:00,2026-07-06T19:10:03+08:00,1.3705,103.6483,C,Cloud to Cloud,2026-07-06T19:06:29.949+08:00
2026-07-07 13:57:25,2026-07-06T19:08:00+08:00,2026-07-06T19:10:03+08:00,1.3708,103.6483,C,Cloud to Cloud,2026-07-06T19:06:29.95+08:00
2026-07-07 13:57:25,2026-07-06T19:08:00+08:00,2026-07-06T19:10:03+08:00,1.3517,103.6256,C,Cloud to Cloud,2026-07-06T19:06:29.95+08:00
2026-07-07 13:57:25,2026-07-06T19:08:00+08:00,2026-07-06T19:10:03+08:00,1.3697,103.6592,C,Cloud to Cloud,2026-07-06T19:06:29.95+08:00
2026-07-07 13:57:25,2026-07-06T19:08:00+08:00,2026-07-06T19:10:03+08:00,1.3697,103.6592,C,Cloud to Cloud,2026-07-06T19:06:29.95+08:00
2026-07-07 13:57:25,2026-07-06T19:08:00+08:00,2026-07-06T19:10:03+08:00,1.3705,103.6611,C,Cloud to Cloud,2026-07-06T19:06:29.95+08:00
2026-07-07 13:57:25,2026-07-06T19:08:00+08:00,2026-07-06T19:10:03+08:00,1.3691,103.6604,C,Cloud to Cloud,2026-07-06T19:06:29.95+08:00
2026-07-07 13:57:25,2026-07-06T19:08:00+08:00,2026-07-06T19:10:03+08:00,1.3229,103.5947,C,Cloud to Cloud,2026-07-06T19:06:29.982+08:00
2026-07-07 13:57:25,2026-07-06T19:08:00+08:00,2026-07-06T19:10:03+08:00,1.3319,103.6709,C,Cloud to Cloud,2026-07-06T19:06:29.982+08:00
2026-07-07 13:57:25,2026-07-06T19:08:00+08:00,2026-07-06T19:10:03+08:00,1.349,103.6187,C,Cloud to Cloud,2026-07-06T19:06:30.003+08:00
2026-07-07 13:57:25,2026-07-06T19:08:00+08:00,2026-07-06T19:10:03+08:00,1.3663,103.6375,C,Cloud to Cloud,2026-07-06T19:06:30.003+08:00
2026-07-07 13:57:25,2026-07-06T19:08:00+08:00,2026-07-06T19:10:03+08:00,1.3562,103.6324,C,Cloud to Cloud,2026-07-06T19:06:30.003+08:00
2026-07-07 13:57:25,2026-07-06T19:08:00+08:00,2026-07-06T19:10:03+08:00,1.3663,103.6375,C,Cloud to Cloud,2026-07-06T19:06:30.003+08:00
2026-07-07 13:57:25,2026-07-06T19:08:00+08:00,2026-07-06T19:10:03+08:00,1.3773,103.6621,C,Cloud to Cloud,2026-07-06T19:06:30.737+08:00
2026-07-07 13:57:25,2026-07-06T19:08:00+08:00,2026-07-06T19:10:03+08:00,1.3773,103.6621,C,Cloud to Cloud,2026-07-06T19:06:30.737+08:00
2026-07-07 13:57:25,2026-07-06T19:08:00+08:00,2026-07-06T19:10:03+08:00,1.382,103.6686,C,Cloud to Cloud,2026-07-06T19:06:30.863+08:00
2026-07-07 13:57:25,2026-07-06T19:08:00+08:00,2026-07-06T19:10:03+08:00,1.382,103.6686,C,Cloud to Cloud,2026-07-06T19:06:30.863+08:00
2026-07-07 13:57:25,2026-07-06T19:08:00+08:00,2026-07-06T19:10:03+08:00,1.3829,103.6731,C,Cloud to Cloud,2026-07-06T19:06:30.863+08:00
2026-07-07 13:57:25,2026-07-06T19:08:00+08:00,2026-07-06T19:10:03+08:00,1.3827,103.6723,C,Cloud to Cloud,2026-07-06T19:06:30.864+08:00
2026-07-07 13:57:25,2026-07-06T19:08:00+08:00,2026-07-06T19:10:03+08:00,1.3741,103.6561,C,Cloud to Cloud,2026-07-06T19:06:30.881+08:00
2026-07-07 13:57:25,2026-07-06T19:08:00+08:00,2026-07-06T19:10:03+08:00,1.3848,103.6694,C,Cloud to Cloud,2026-07-06T19:06:30.881+08:00
2026-07-07 13:57:25,2026-07-06T19:08:00+08:00,2026-07-06T19:10:03+08:00,1.3875,103.6642,C,Cloud to Cloud,2026-07-06T19:06:30.881+08:00
2026-07-07 13:57:25,2026-07-06T19:08:00+08:00,2026-07-06T19:10:03+08:00,1.3816,103.6667,C,Cloud to Cloud,2026-07-06T19:06:30.882+08:00
2026-07-07 13:57:25,2026-07-06T19:08:00+08:00,2026-07-06T19:10:03+08:00,1.3816,103.6667,C,Cloud to Cloud,2026-07-06T19:06:30.882+08:00
2026-07-07 13:57:25,2026-07-06T19:08:00+08:00,2026-07-06T19:10:03+08:00,1.3801,103.67,C,Cloud to Cloud,2026-07-06T19:06:30.882+08:00
2026-07-07 13:57:25,2026-07-06T19:08:00+08:00,2026-07-06T19:10:03+08:00,1.3898,103.6688,C,Cloud to Cloud,2026-07-06T19:06:30.884+08:00
2026-07-07 13:57:25,2026-07-06T19:08:00+08:00,2026-07-06T19:10:03+08:00,1.3898,103.6688,C,Cloud to Cloud,2026-07-06T19:06:30.884+08:00
2026-07-07 13:57:25,2026-07-06T19:08:00+08:00,2026-07-06T19:10:03+08:00,1.3814,103.6566,C,Cloud to Cloud,2026-07-06T19:06:30.89+08:00
2026-07-07 13:57:25,2026-07-06T19:08:00+08:00,2026-07-06T19:10:03+08:00,1.3814,103.6566,C,Cloud to Cloud,2026-07-06T19:06:30.89+08:00
2026-07-07 13:57:25,2026-07-06T19:08:00+08:00,2026-07-06T19:10:03+08:00,1.4018,103.6935,C,Cloud to Cloud,2026-07-06T19:06:30.89+08:00
2026-07-07 13:57:25,2026-07-06T19:08:00+08:00,2026-07-06T19:10:03+08:00,1.3994,103.667,C,Cloud to Cloud,2026-07-06T19:06:47.119+08:00
2026-07-07 13:57:25,2026-07-06T19:08:00+08:00,2026-07-06T19:10:03+08:00,1.3994,103.667,C,Cloud to Cloud,2026-07-06T19:06:47.119+08:00
2026-07-07 13:57:25,2026-07-06T19:08:00+08:00,2026-07-06T19:10:03+08:00,1.4161,103.6302,C,Cloud to Cloud,2026-07-06T19:06:47.119+08:00
2026-07-07 13:57:25,2026-07-06T19:08:00+08:00,2026-07-06T19:10:03+08:00,1.3991,103.6669,C,Cloud to Cloud,2026-07-06T19:06:47.267+08:00
2026-07-07 13:57:25,2026-07-06T19:08:00+08:00,2026-07-06T19:10:03+08:00,1.3871,103.6418,C,Cloud to Cloud,2026-07-06T19:06:47.267+08:00
2026-07-07 13:57:25,2026-07-06T19:08:00+08:00,2026-07-06T19:10:03+08:00,1.405,103.6814,C,Cloud to Cloud,2026-07-06T19:06:47.267+08:00
2026-07-07 13:57:25,2026-07-06T19:08:00+08:00,2026-07-06T19:10:03+08:00,1.3999,103.6651,C,Cloud to Cloud,2026-07-06T19:06:47.267+08:00
2026-07-07 13:57:25,2026-07-06T19:08:00+08:00,2026-07-06T19:10:03+08:00,1.4078,103.6675,C,Cloud to Cloud,2026-07-06T19:06:47.286+08:00
2026-07-07 13:57:25,2026-07-06T19:08:00+08:00,2026-07-06T19:10:03+08:00,1.4497,103.6861,C,Cloud to Cloud,2026-07-06T19:06:47.286+08:00
2026-07-07 13:57:25,2026-07-06T19:08:00+08:00,2026-07-06T19:10:03+08:00,1.3977,103.629,C,Cloud to Cloud,2026-07-06T19:06:47.286+08:00
2026-07-07 13:57:25,2026-07-06T19:08:00+08:00,2026-07-06T19:10:03+08:00,1.3995,103.663,C,Cloud to Cloud,2026-07-06T19:06:47.286+08:00
2026-07-07 13:57:25,2026-07-06T19:08:00+08:00,2026-07-06T19:10:03+08:00,1.3995,103.663,C,Cloud to Cloud,2026-07-06T19:06:47.286+08:00
2026-07-07 13:57:25,2026-07-06T19:08:00+08:00,2026-07-06T19:10:03+08:00,1.385,103.6455,C,Cloud to Cloud,2026-07-06T19:06:47.287+08:00
2026-07-07 13:57:25,2026-07-06T19:08:00+08:00,2026-07-06T19:10:03+08:00,1.3718,103.6192,C,Cloud to Cloud,2026-07-06T19:06:47.287+08:00
2026-07-07 13:57:25,2026-07-06T19:08:00+08:00,2026-07-06T19:10:03+08:00,1.3951,103.6664,C,Cloud to Cloud,2026-07-06T19:06:47.361+08:00
2026-07-07 13:57:25,2026-07-06T19:08:00+08:00,2026-07-06T19:10:03+08:00,1.3738,103.6243,C,Cloud to Cloud,2026-07-06T19:06:47.361+08:00
2026-07-07 13:57:25,2026-07-06T19:08:00+08:00,2026-07-06T19:10:03+08:00,1.3917,103.6674,C,Cloud to Cloud,2026-07-06T19:06:47.361+08:00
2026-07-07 13:57:25,2026-07-06T19:08:00+08:00,2026-07-06T19:10:03+08:00,1.3917,103.6673,C,Cloud to Cloud,2026-07-06T19:06:47.361+08:00
2026-07-07 13:57:25,2026-07-06T19:08:00+08:00,2026-07-06T19:10:03+08:00,1.3904,103.6761,C,Cloud to Cloud,2026-07-06T19:06:47.361+08:00
2026-07-07 13:57:25,2026-07-06T19:08:00+08:00,2026-07-06T19:10:03+08:00,1.3671,103.666,C,Cloud to Cloud,2026-07-06T19:06:52.751+08:00
2026-07-07 13:57:25,2026-07-06T19:08:00+08:00,2026-07-06T19:10:03+08:00,1.3671,103.666,C,Cloud to Cloud,2026-07-06T19:06:52.751+08:00
2026-07-07 13:57:25,2026-07-06T19:08:00+08:00,2026-07-06T19:10:03+08:00,1.367,103.6671,C,Cloud to Cloud,2026-07-06T19:06:52.751+08:00
2026-07-07 13:57:25,2026-07-06T19:08:00+08:00,2026-07-06T19:10:03+08:00,1.3648,103.664,C,Cloud to Cloud,2026-07-06T19:06:52.752+08:00
2026-07-07 13:57:25,2026-07-06T19:08:00+08:00,2026-07-06T19:10:03+08:00,1.3648,103.664,C,Cloud to Cloud,2026-07-06T19:06:52.752+08:00
2026-07-07 13:57:25,2026-07-06T19:08:00+08:00,2026-07-06T19:10:03+08:00,1.3646,103.6638,C,Cloud to Cloud,2026-07-06T19:06:52.752+08:00
2026-07-07 13:57:25,2026-07-06T19:08:00+08:00,2026-07-06T19:10:03+08:00,1.3655,103.6649,C,Cloud to Cloud,2026-07-06T19:06:52.752+08:00
2026-07-07 13:57:25,2026-07-06T19:08:00+08:00,2026-07-06T19:10:03+08:00,1.3647,103.6631,C,Cloud to Cloud,2026-07-06T19:06:52.752+08:00
2026-07-07 13:57:25,2026-07-06T19:08:00+08:00,2026-07-06T19:10:03+08:00,1.3647,103.6631,C,Cloud to Cloud,2026-07-06T19:06:52.752+08:00
2026-07-07 13:57:25,2026-07-06T19:08:00+08:00,2026-07-06T19:10:03+08:00,1.3642,103.6613,C,Cloud to Cloud,2026-07-06T19:06:52.752+08:00
2026-07-07 13:57:25,2026-07-06T19:08:00+08:00,2026-07-06T19:10:03+08:00,1.3644,103.6656,C,Cloud to Cloud,2026-07-06T19:06:52.752+08:00
2026-07-07 13:57:25,2026-07-06T19:08:00+08:00,2026-07-06T19:10:03+08:00,1.3653,103.6617,C,Cloud to Cloud,2026-07-06T19:06:52.836+08:00
2026-07-07 13:57:25,2026-07-06T19:08:00+08:00,2026-07-06T19:10:03+08:00,1.3654,103.6617,C,Cloud to Cloud,2026-07-06T19:06:52.836+08:00
2026-07-07 13:57:25,2026-07-06T19:08:00+08:00,2026-07-06T19:10:03+08:00,1.3639,103.6579,C,Cloud to Cloud,2026-07-06T19:06:52.837+08:00
2026-07-07 13:57:25,2026-07-06T19:08:00+08:00,2026-07-06T19:10:03+08:00,1.0764,103.338,C,Cloud to Cloud,2026-07-06T19:07:03.618+08:00
2026-07-07 13:57:25,2026-07-06T19:08:00+08:00,2026-07-06T19:10:03+08:00,1.3825,103.664,C,Cloud to Cloud,2026-07-06T19:07:21.499+08:00
2026-07-07 13:57:25,2026-07-06T19:08:00+08:00,2026-07-06T19:10:03+08:00,1.3825,103.664,C,Cloud to Cloud,2026-07-06T19:07:21.499+08:00
2026-07-07 13:57:25,2026-07-06T19:08:00+08:00,2026-07-06T19:10:03+08:00,1.3713,103.6108,C,Cloud to Cloud,2026-07-06T19:07:21.499+08:00
2026-07-07 13:57:25,2026-07-06T19:08:00+08:00,2026-07-06T19:10:03+08:00,1.3771,103.6757,C,Cloud to Cloud,2026-07-06T19:07:21.585+08:00
2026-07-07 13:57:25,2026-07-06T19:08:00+08:00,2026-07-06T19:10:03+08:00,1.3772,103.6757,C,Cloud to Cloud,2026-07-06T19:07:21.585+08:00
2026-07-07 13:57:25,2026-07-06T19:08:00+08:00,2026-07-06T19:10:03+08:00,1.3904,103.6537,C,Cloud to Cloud,2026-07-06T19:07:21.616+08:00
2026-07-07 13:57:25,2026-07-06T19:08:00+08:00,2026-07-06T19:10:03+08:00,1.3986,103.6703,C,Cloud to Cloud,2026-07-06T19:07:21.616+08:00
2026-07-07 13:57:25,2026-07-06T19:08:00+08:00,2026-07-06T19:10:03+08:00,1.3569,103.674,C,Cloud to Cloud,2026-07-06T19:07:21.654+08:00
2026-07-07 13:57:25,2026-07-06T19:08:00+08:00,2026-07-06T19:10:03+08:00,1.3569,103.674,C,Cloud to Cloud,2026-07-06T19:07:21.654+08:00
2026-07-07 13:57:25,2026-07-06T19:08:00+08:00,2026-07-06T19:10:03+08:00,1.4035,103.6703,C,Cloud to Cloud,2026-07-06T19:07:21.659+08:00
2026-07-07 13:57:25,2026-07-06T19:08:00+08:00,2026-07-06T19:10:03+08:00,1.3845,103.6283,C,Cloud to Cloud,2026-07-06T19:07:21.659+08:00
2026-07-07 13:57:25,2026-07-06T19:08:00+08:00,2026-07-06T19:10:03+08:00,1.4068,103.669,C,Cloud to Cloud,2026-07-06T19:07:21.659+08:00
2026-07-07 13:57:25,2026-07-06T19:08:00+08:00,2026-07-06T19:10:03+08:00,1.3909,103.6454,C,Cloud to Cloud,2026-07-06T19:07:21.722+08:00
2026-07-07 13:57:25,2026-07-06T19:08:00+08:00,2026-07-06T19:10:03+08:00,1.3909,103.6454,C,Cloud to Cloud,2026-07-06T19:07:21.722+08:00
2026-07-07 13:57:25,2026-07-06T19:08:00+08:00,2026-07-06T19:10:03+08:00,1.3898,103.6414,C,Cloud to Cloud,2026-07-06T19:07:21.722+08:00
2026-07-07 13:57:25,2026-07-06T19:08:00+08:00,2026-07-06T19:10:03+08:00,1.3856,103.6642,C,Cloud to Cloud,2026-07-06T19:07:21.751+08:00
2026-07-07 13:57:25,2026-07-06T19:08:00+08:00,2026-07-06T19:10:03+08:00,1.4075,103.702,C,Cloud to Cloud,2026-07-06T19:07:21.751+08:00
2026-07-07 13:57:25,2026-07-06T19:08:00+08:00,2026-07-06T19:10:03+08:00,1.4017,103.6917,C,Cloud to Cloud,2026-07-06T19:07:21.758+08:00
2026-07-07 13:57:25,2026-07-06T19:08:00+08:00,2026-07-06T19:10:03+08:00,1.3944,103.6663,C,Cloud to Cloud,2026-07-06T19:07:21.758+08:00
2026-07-07 13:57:25,2026-07-06T19:08:00+08:00,2026-07-06T19:10:03+08:00,1.0747,103.3579,C,Cloud to Cloud,2026-07-06T19:07:32.391+08:00
2026-07-07 13:57:25,2026-07-06T19:08:00+08:00,2026-07-06T19:10:03+08:00,1.4302,103.5554,C,Cloud to Cloud,2026-07-06T19:07:46.785+08:00
2026-07-07 13:57:25,2026-07-06T19:08:00+08:00,2026-07-06T19:10:03+08:00,1.3874,103.6564,C,Cloud to Cloud,2026-07-06T19:07:46.885+08:00
2026-07-07 13:57:25,2026-07-06T19:08:00+08:00,2026-07-06T19:10:03+08:00,1.3842,103.5932,C,Cloud to Cloud,2026-07-06T19:07:46.885+08:00
2026-07-07 13:57:25,2026-07-06T19:08:00+08:00,2026-07-06T19:10:03+08:00,1.4024,103.6847,C,Cloud to Cloud,2026-07-06T19:07:46.885+08:00
2026-07-07 13:57:25,2026-07-06T19:08:00+08:00,2026-07-06T19:10:03+08:00,1.3946,103.6597,C,Cloud to Cloud,2026-07-06T19:07:46.907+08:00
2026-07-07 13:57:25,2026-07-06T19:08:00+08:00,2026-07-06T19:10:03+08:00,1.4122,103.6953,C,Cloud to Cloud,2026-07-06T19:07:46.907+08:00
2026-07-07 13:57:25,2026-07-06T19:08:00+08:00,2026-07-06T19:10:03+08:00,1.3941,103.6575,C,Cloud to Cloud,2026-07-06T19:07:46.907+08:00
2026-07-07 13:57:25,2026-07-06T19:08:00+08:00,2026-07-06T19:10:03+08:00,1.401,103.6658,C,Cloud to Cloud,2026-07-06T19:07:46.921+08:00
2026-07-07 13:57:25,2026-07-06T19:08:00+08:00,2026-07-06T19:10:03+08:00,1.401,103.6658,C,Cloud to Cloud,2026-07-06T19:07:46.921+08:00
2026-07-07 13:57:25,2026-07-06T19:08:00+08:00,2026-07-06T19:10:03+08:00,1.3871,103.6712,C,Cloud to Cloud,2026-07-06T19:07:46.949+08:00
2026-07-07 13:57:25,2026-07-06T19:08:00+08:00,2026-07-06T19:10:03+08:00,1.3871,103.6712,C,Cloud to Cloud,2026-07-06T19:07:46.949+08:00
2026-07-07 13:57:25,2026-07-06T19:08:00+08:00,2026-07-06T19:10:03+08:00,1.3709,103.691,C,Cloud to Cloud,2026-07-06T19:07:47.035+08:00
2026-07-07 13:57:25,2026-07-06T19:08:00+08:00,2026-07-06T19:10:03+08:00,1.3741,103.6362,C,Cloud to Cloud,2026-07-06T19:07:47.038+08:00
2026-07-07 13:57:25,2026-07-06T19:08:00+08:00,2026-07-06T19:10:03+08:00,1.3741,103.6362,C,Cloud to Cloud,2026-07-06T19:07:47.038+08:00
2026-07-07 13:57:25,2026-07-06T19:08:00+08:00,2026-07-06T19:10:03+08:00,1.3939,103.6599,C,Cloud to Cloud,2026-07-06T19:07:47.072+08:00
2026-07-07 13:57:25,2026-07-06T19:08:00+08:00,2026-07-06T19:10:03+08:00,1.3963,103.6652,C,Cloud to Cloud,2026-07-06T19:07:47.072+08:00
2026-07-07 13:57:25,2026-07-06T19:08:00+08:00,2026-07-06T19:10:03+08:00,1.3806,103.6607,C,Cloud to Cloud,2026-07-06T19:07:47.102+08:00
2026-07-07 13:57:25,2026-07-06T19:08:00+08:00,2026-07-06T19:10:03+08:00,1.398,103.6896,C,Cloud to Cloud,2026-07-06T19:07:47.102+08:00
2026-07-07 13:57:25,2026-07-06T19:08:00+08:00,2026-07-06T19:10:03+08:00,1.3851,103.6536,C,Cloud to Cloud,2026-07-06T19:07:47.102+08:00
2026-07-07 13:57:25,2026-07-06T19:08:00+08:00,2026-07-06T19:10:03+08:00,1.3696,103.6497,C,Cloud to Cloud,2026-07-06T19:07:47.104+08:00
2026-07-07 13:57:25,2026-07-06T19:08:00+08:00,2026-07-06T19:10:03+08:00,1.3696,103.6497,C,Cloud to Cloud,2026-07-06T19:07:47.104+08:00
2026-07-07 13:57:25,2026-07-06T19:06:00+08:00,2026-07-06T19:08:02+08:00,1.3515,103.6697,C,Cloud to Cloud,2026-07-06T19:04:26.364+08:00
2026-07-07 13:57:25,2026-07-06T19:06:00+08:00,2026-07-06T19:08:02+08:00,1.3515,103.6697,C,Cloud to Cloud,2026-07-06T19:04:26.364+08:00
2026-07-07 13:57:25,2026-07-06T19:06:00+08:00,2026-07-06T19:08:02+08:00,1.3783,103.675,C,Cloud to Cloud,2026-07-06T19:04:26.4+08:00
2026-07-07 13:57:25,2026-07-06T19:06:00+08:00,2026-07-06T19:08:02+08:00,1.3783,103.675,C,Cloud to Cloud,2026-07-06T19:04:26.4+08:00
2026-07-07 13:57:25,2026-07-06T19:06:00+08:00,2026-07-06T19:08:02+08:00,1.3751,103.6739,C,Cloud to Cloud,2026-07-06T19:04:26.402+08:00
2026-07-07 13:57:25,2026-07-06T19:06:00+08:00,2026-07-06T19:08:02+08:00,1.3751,103.6739,C,Cloud to Cloud,2026-07-06T19:04:26.402+08:00
2026-07-07 13:57:25,2026-07-06T19:06:00+08:00,2026-07-06T19:08:02+08:00,1.3744,103.6701,C,Cloud to Cloud,2026-07-06T19:04:26.403+08:00
2026-07-07 13:57:25,2026-07-06T19:06:00+08:00,2026-07-06T19:08:02+08:00,1.3744,103.6701,C,Cloud to Cloud,2026-07-06T19:04:26.403+08:00
2026-07-07 13:57:25,2026-07-06T19:06:00+08:00,2026-07-06T19:08:02+08:00,1.3343,103.6582,C,Cloud to Cloud,2026-07-06T19:04:26.415+08:00
2026-07-07 13:57:25,2026-07-06T19:06:00+08:00,2026-07-06T19:08:02+08:00,1.3343,103.6582,C,Cloud to Cloud,2026-07-06T19:04:26.415+08:00
2026-07-07 13:57:25,2026-07-06T19:06:00+08:00,2026-07-06T19:08:02+08:00,1.3251,103.6471,C,Cloud to Cloud,2026-07-06T19:04:26.43+08:00
2026-07-07 13:57:25,2026-07-06T19:06:00+08:00,2026-07-06T19:08:02+08:00,1.3436,103.5227,C,Cloud to Cloud,2026-07-06T19:04:26.43+08:00
2026-07-07 13:57:25,2026-07-06T19:06:00+08:00,2026-07-06T19:08:02+08:00,1.3251,103.6471,C,Cloud to Cloud,2026-07-06T19:04:26.43+08:00
2026-07-07 13:57:25,2026-07-06T19:06:00+08:00,2026-07-06T19:08:02+08:00,1.3679,103.6616,C,Cloud to Cloud,2026-07-06T19:04:37.38+08:00
2026-07-07 13:57:25,2026-07-06T19:06:00+08:00,2026-07-06T19:08:02+08:00,1.3679,103.6616,C,Cloud to Cloud,2026-07-06T19:04:37.38+08:00
2026-07-07 13:57:25,2026-07-06T19:06:00+08:00,2026-07-06T19:08:02+08:00,1.3683,103.6617,C,Cloud to Cloud,2026-07-06T19:04:37.38+08:00
2026-07-07 13:57:25,2026-07-06T19:06:00+08:00,2026-07-06T19:08:02+08:00,1.3681,103.6614,C,Cloud to Cloud,2026-07-06T19:04:37.38+08:00
2026-07-07 13:57:25,2026-07-06T19:06:00+08:00,2026-07-06T19:08:02+08:00,1.3926,103.642,C,Cloud to Cloud,2026-07-06T19:04:37.38+08:00
2026-07-07 13:57:25,2026-07-06T19:06:00+08:00,2026-07-06T19:08:02+08:00,1.3831,103.6517,C,Cloud to Cloud,2026-07-06T19:04:37.462+08:00
2026-07-07 13:57:25,2026-07-06T19:06:00+08:00,2026-07-06T19:08:02+08:00,1.3928,103.6696,C,Cloud to Cloud,2026-07-06T19:04:37.463+08:00
2026-07-07 13:57:25,2026-07-06T19:06:00+08:00,2026-07-06T19:08:02+08:00,1.3912,103.6732,C,Cloud to Cloud,2026-07-06T19:04:37.463+08:00
2026-07-07 13:57:25,2026-07-06T19:06:00+08:00,2026-07-06T19:08:02+08:00,1.3961,103.6675,C,Cloud to Cloud,2026-07-06T19:04:37.466+08:00
2026-07-07 13:57:25,2026-07-06T19:06:00+08:00,2026-07-06T19:08:02+08:00,1.396,103.6672,C,Cloud to Cloud,2026-07-06T19:04:37.466+08:00
2026-07-07 13:57:25,2026-07-06T19:06:00+08:00,2026-07-06T19:08:02+08:00,1.4003,103.6636,C,Cloud to Cloud,2026-07-06T19:04:37.466+08:00
2026-07-07 13:57:25,2026-07-06T19:06:00+08:00,2026-07-06T19:08:02+08:00,1.3971,103.6663,C,Cloud to Cloud,2026-07-06T19:04:37.466+08:00
2026-07-07 13:57:25,2026-07-06T19:06:00+08:00,2026-07-06T19:08:02+08:00,1.3951,103.6677,C,Cloud to Cloud,2026-07-06T19:04:37.466+08:00
2026-07-07 13:57:25,2026-07-06T19:06:00+08:00,2026-07-06T19:08:02+08:00,1.3964,103.6668,C,Cloud to Cloud,2026-07-06T19:04:37.466+08:00
2026-07-07 13:57:25,2026-07-06T19:06:00+08:00,2026-07-06T19:08:02+08:00,1.3968,103.666,C,Cloud to Cloud,2026-07-06T19:04:37.466+08:00
2026-07-07 13:57:25,2026-07-06T19:06:00+08:00,2026-07-06T19:08:02+08:00,1.4021,103.6772,C,Cloud to Cloud,2026-07-06T19:04:37.467+08:00
2026-07-07 13:57:25,2026-07-06T19:06:00+08:00,2026-07-06T19:08:02+08:00,1.3972,103.6726,C,Cloud to Cloud,2026-07-06T19:04:37.467+08:00
2026-07-07 13:57:25,2026-07-06T19:06:00+08:00,2026-07-06T19:08:02+08:00,1.3992,103.6684,C,Cloud to Cloud,2026-07-06T19:04:37.467+08:00
2026-07-07 13:57:25,2026-07-06T19:06:00+08:00,2026-07-06T19:08:02+08:00,1.4008,103.6717,C,Cloud to Cloud,2026-07-06T19:04:37.467+08:00
2026-07-07 13:57:25,2026-07-06T19:06:00+08:00,2026-07-06T19:08:02+08:00,1.4038,103.6749,C,Cloud to Cloud,2026-07-06T19:04:37.467+08:00
2026-07-07 13:57:25,2026-07-06T19:06:00+08:00,2026-07-06T19:08:02+08:00,1.4016,103.6694,C,Cloud to Cloud,2026-07-06T19:04:37.467+08:00
2026-07-07 13:57:25,2026-07-06T19:06:00+08:00,2026-07-06T19:08:02+08:00,1.4003,103.6686,C,Cloud to Cloud,2026-07-06T19:04:37.467+08:00
2026-07-07 13:57:25,2026-07-06T19:06:00+08:00,2026-07-06T19:08:02+08:00,1.3982,103.6682,C,Cloud to Cloud,2026-07-06T19:04:37.467+08:00
2026-07-07 13:57:25,2026-07-06T19:06:00+08:00,2026-07-06T19:08:02+08:00,1.4041,103.6748,C,Cloud to Cloud,2026-07-06T19:04:37.467+08:00
2026-07-07 13:57:25,2026-07-06T19:06:00+08:00,2026-07-06T19:08:02+08:00,1.4033,103.6748,C,Cloud to Cloud,2026-07-06T19:04:37.467+08:00
2026-07-07 13:57:25,2026-07-06T19:06:00+08:00,2026-07-06T19:08:02+08:00,1.4008,103.6696,C,Cloud to Cloud,2026-07-06T19:04:37.468+08:00
2026-07-07 13:57:25,2026-07-06T19:06:00+08:00,2026-07-06T19:08:02+08:00,1.4018,103.6745,C,Cloud to Cloud,2026-07-06T19:04:37.468+08:00
2026-07-07 13:57:25,2026-07-06T19:06:00+08:00,2026-07-06T19:08:02+08:00,1.4019,103.6747,C,Cloud to Cloud,2026-07-06T19:04:37.468+08:00
2026-07-07 13:57:25,2026-07-06T19:06:00+08:00,2026-07-06T19:08:02+08:00,1.3982,103.6624,C,Cloud to Cloud,2026-07-06T19:04:37.468+08:00
2026-07-07 13:57:25,2026-07-06T19:06:00+08:00,2026-07-06T19:08:02+08:00,1.3987,103.6626,C,Cloud to Cloud,2026-07-06T19:04:37.468+08:00
2026-07-07 13:57:25,2026-07-06T19:06:00+08:00,2026-07-06T19:08:02+08:00,1.3972,103.6738,C,Cloud to Cloud,2026-07-06T19:04:37.469+08:00
2026-07-07 13:57:25,2026-07-06T19:06:00+08:00,2026-07-06T19:08:02+08:00,1.3877,103.666,G,Cloud to Ground,2026-07-06T19:04:37.469+08:00
2026-07-07 13:57:25,2026-07-06T19:06:00+08:00,2026-07-06T19:08:02+08:00,1.3821,103.6452,C,Cloud to Cloud,2026-07-06T19:04:37.469+08:00
2026-07-07 13:57:25,2026-07-06T19:06:00+08:00,2026-07-06T19:08:02+08:00,1.3775,103.6552,C,Cloud to Cloud,2026-07-06T19:04:37.469+08:00
2026-07-07 13:57:25,2026-07-06T19:06:00+08:00,2026-07-06T19:08:02+08:00,1.3867,103.675,C,Cloud to Cloud,2026-07-06T19:04:37.469+08:00
2026-07-07 13:57:25,2026-07-06T19:06:00+08:00,2026-07-06T19:08:02+08:00,1.3932,103.6735,C,Cloud to Cloud,2026-07-06T19:04:37.47+08:00
2026-07-07 13:57:25,2026-07-06T19:06:00+08:00,2026-07-06T19:08:02+08:00,1.3709,103.6598,C,Cloud to Cloud,2026-07-06T19:04:37.47+08:00
2026-07-07 13:57:25,2026-07-06T19:06:00+08:00,2026-07-06T19:08:02+08:00,1.3619,103.6465,C,Cloud to Cloud,2026-07-06T19:04:37.47+08:00
2026-07-07 13:57:25,2026-07-06T19:06:00+08:00,2026-07-06T19:08:02+08:00,1.3723,103.6638,C,Cloud to Cloud,2026-07-06T19:04:37.508+08:00
2026-07-07 13:57:25,2026-07-06T19:06:00+08:00,2026-07-06T19:08:02+08:00,1.3832,103.6715,C,Cloud to Cloud,2026-07-06T19:04:37.508+08:00
2026-07-07 13:57:25,2026-07-06T19:06:00+08:00,2026-07-06T19:08:02+08:00,1.3816,103.6681,C,Cloud to Cloud,2026-07-06T19:04:37.508+08:00
2026-07-07 13:57:25,2026-07-06T19:06:00+08:00,2026-07-06T19:08:02+08:00,1.3871,103.6748,C,Cloud to Cloud,2026-07-06T19:04:37.508+08:00
2026-07-07 13:57:25,2026-07-06T19:06:00+08:00,2026-07-06T19:08:02+08:00,1.3856,103.6706,C,Cloud to Cloud,2026-07-06T19:04:37.508+08:00
2026-07-07 13:57:25,2026-07-06T19:06:00+08:00,2026-07-06T19:08:02+08:00,1.3878,103.6677,C,Cloud to Cloud,2026-07-06T19:04:37.508+08:00
2026-07-07 13:57:25,2026-07-06T19:06:00+08:00,2026-07-06T19:08:02+08:00,1.3884,103.6646,C,Cloud to Cloud,2026-07-06T19:04:37.508+08:00
2026-07-07 13:57:25,2026-07-06T19:06:00+08:00,2026-07-06T19:08:02+08:00,1.3884,103.6646,C,Cloud to Cloud,2026-07-06T19:04:37.508+08:00
2026-07-07 13:57:25,2026-07-06T19:06:00+08:00,2026-07-06T19:08:02+08:00,1.3655,103.6492,C,Cloud to Cloud,2026-07-06T19:04:37.517+08:00
2026-07-07 13:57:25,2026-07-06T19:06:00+08:00,2026-07-06T19:08:02+08:00,1.3655,103.6492,C,Cloud to Cloud,2026-07-06T19:04:37.517+08:00
2026-07-07 13:57:25,2026-07-06T19:06:00+08:00,2026-07-06T19:08:02+08:00,1.3645,103.6517,C,Cloud to Cloud,2026-07-06T19:04:37.539+08:00
2026-07-07 13:57:25,2026-07-06T19:06:00+08:00,2026-07-06T19:08:02+08:00,1.3645,103.6517,C,Cloud to Cloud,2026-07-06T19:04:37.539+08:00
2026-07-07 13:57:25,2026-07-06T19:06:00+08:00,2026-07-06T19:08:02+08:00,1.3603,103.6443,C,Cloud to Cloud,2026-07-06T19:04:37.539+08:00
2026-07-07 13:57:25,2026-07-06T19:06:00+08:00,2026-07-06T19:08:02+08:00,1.3665,103.6631,C,Cloud to Cloud,2026-07-06T19:04:37.54+08:00
2026-07-07 13:57:25,2026-07-06T19:06:00+08:00,2026-07-06T19:08:02+08:00,1.3449,103.6338,C,Cloud to Cloud,2026-07-06T19:04:37.54+08:00
2026-07-07 13:57:25,2026-07-06T19:06:00+08:00,2026-07-06T19:08:02+08:00,1.3728,103.6661,C,Cloud to Cloud,2026-07-06T19:04:37.543+08:00
2026-07-07 13:57:25,2026-07-06T19:06:00+08:00,2026-07-06T19:08:02+08:00,1.3726,103.6662,C,Cloud to Cloud,2026-07-06T19:04:37.543+08:00
2026-07-07 13:57:25,2026-07-06T19:06:00+08:00,2026-07-06T19:08:02+08:00,1.376,103.662,C,Cloud to Cloud,2026-07-06T19:04:37.543+08:00
2026-07-07 13:57:25,2026-07-06T19:06:00+08:00,2026-07-06T19:08:02+08:00,1.3735,103.6553,C,Cloud to Cloud,2026-07-06T19:04:37.543+08:00
2026-07-07 13:57:25,2026-07-06T19:06:00+08:00,2026-07-06T19:08:02+08:00,1.3813,103.6455,C,Cloud to Cloud,2026-07-06T19:04:37.543+08:00
2026-07-07 13:57:25,2026-07-06T19:06:00+08:00,2026-07-06T19:08:02+08:00,1.378,103.6324,C,Cloud to Cloud,2026-07-06T19:04:37.544+08:00
2026-07-07 13:57:25,2026-07-06T19:06:00+08:00,2026-07-06T19:08:02+08:00,1.3998,103.6724,C,Cloud to Cloud,2026-07-06T19:04:37.544+08:00
2026-07-07 13:57:25,2026-07-06T19:06:00+08:00,2026-07-06T19:08:02+08:00,1.3932,103.6679,C,Cloud to Cloud,2026-07-06T19:04:37.544+08:00
2026-07-07 13:57:25,2026-07-06T19:06:00+08:00,2026-07-06T19:08:02+08:00,1.3897,103.6717,C,Cloud to Cloud,2026-07-06T19:04:37.544+08:00
2026-07-07 13:57:25,2026-07-06T19:06:00+08:00,2026-07-06T19:08:02+08:00,1.3892,103.6716,C,Cloud to Cloud,2026-07-06T19:04:37.544+08:00
2026-07-07 13:57:25,2026-07-06T19:06:00+08:00,2026-07-06T19:08:02+08:00,1.3955,103.6657,C,Cloud to Cloud,2026-07-06T19:04:37.544+08:00
2026-07-07 13:57:25,2026-07-06T19:06:00+08:00,2026-07-06T19:08:02+08:00,1.3983,103.6607,C,Cloud to Cloud,2026-07-06T19:04:37.544+08:00
2026-07-07 13:57:25,2026-07-06T19:06:00+08:00,2026-07-06T19:08:02+08:00,1.3883,103.6701,C,Cloud to Cloud,2026-07-06T19:04:37.544+08:00
2026-07-07 13:57:25,2026-07-06T19:06:00+08:00,2026-07-06T19:08:02+08:00,1.38,103.6539,C,Cloud to Cloud,2026-07-06T19:04:37.545+08:00
2026-07-07 13:57:25,2026-07-06T19:06:00+08:00,2026-07-06T19:08:02+08:00,1.39,103.6619,G,Cloud to Ground,2026-07-06T19:04:37.551+08:00
2026-07-07 13:57:25,2026-07-06T19:06:00+08:00,2026-07-06T19:08:02+08:00,1.3735,103.6368,C,Cloud to Cloud,2026-07-06T19:04:37.567+08:00
2026-07-07 13:57:25,2026-07-06T19:06:00+08:00,2026-07-06T19:08:02+08:00,1.3735,103.6368,C,Cloud to Cloud,2026-07-06T19:04:37.567+08:00
2026-07-07 13:57:25,2026-07-06T19:06:00+08:00,2026-07-06T19:08:02+08:00,1.3673,103.6523,C,Cloud to Cloud,2026-07-06T19:04:37.569+08:00
2026-07-07 13:57:25,2026-07-06T19:06:00+08:00,2026-07-06T19:08:02+08:00,1.3673,103.6523,C,Cloud to Cloud,2026-07-06T19:04:37.569+08:00
2026-07-07 13:57:25,2026-07-06T19:06:00+08:00,2026-07-06T19:08:02+08:00,1.3669,103.653,C,Cloud to Cloud,2026-07-06T19:04:37.572+08:00
2026-07-07 13:57:25,2026-07-06T19:06:00+08:00,2026-07-06T19:08:02+08:00,1.3536,103.6332,C,Cloud to Cloud,2026-07-06T19:04:37.572+08:00
2026-07-07 13:57:25,2026-07-06T19:06:00+08:00,2026-07-06T19:08:02+08:00,1.3578,103.6419,C,Cloud to Cloud,2026-07-06T19:04:37.62+08:00
2026-07-07 13:57:25,2026-07-06T19:06:00+08:00,2026-07-06T19:08:02+08:00,1.3754,103.6781,C,Cloud to Cloud,2026-07-06T19:04:37.621+08:00
2026-07-07 13:57:25,2026-07-06T19:06:00+08:00,2026-07-06T19:08:02+08:00,1.3982,103.6986,C,Cloud to Cloud,2026-07-06T19:04:37.621+08:00
2026-07-07 13:57:25,2026-07-06T19:06:00+08:00,2026-07-06T19:08:02+08:00,1.3762,103.6861,C,Cloud to Cloud,2026-07-06T19:04:37.621+08:00
2026-07-07 13:57:25,2026-07-06T19:06:00+08:00,2026-07-06T19:08:02+08:00,1.4021,103.7044,C,Cloud to Cloud,2026-07-06T19:04:37.621+08:00
2026-07-07 13:57:25,2026-07-06T19:06:00+08:00,2026-07-06T19:08:02+08:00,1.3821,103.6644,C,Cloud to Cloud,2026-07-06T19:04:37.621+08:00
2026-07-07 13:57:25,2026-07-06T19:06:00+08:00,2026-07-06T19:08:02+08:00,1.4051,103.7025,C,Cloud to Cloud,2026-07-06T19:04:37.622+08:00
2026-07-07 13:57:25,2026-07-06T19:06:00+08:00,2026-07-06T19:08:02+08:00,1.3961,103.6571,C,Cloud to Cloud,2026-07-06T19:04:37.622+08:00
2026-07-07 13:57:25,2026-07-06T19:06:00+08:00,2026-07-06T19:08:02+08:00,1.3927,103.6627,G,Cloud to Ground,2026-07-06T19:04:37.622+08:00
2026-07-07 13:57:25,2026-07-06T19:06:00+08:00,2026-07-06T19:08:02+08:00,1.3533,103.6432,C,Cloud to Cloud,2026-07-06T19:04:37.623+08:00
2026-07-07 13:57:25,2026-07-06T19:06:00+08:00,2026-07-06T19:08:02+08:00,1.3444,103.6389,C,Cloud to Cloud,2026-07-06T19:04:37.623+08:00
2026-07-07 13:57:25,2026-07-06T19:06:00+08:00,2026-07-06T19:08:02+08:00,1.3444,103.6389,C,Cloud to Cloud,2026-07-06T19:04:37.623+08:00
2026-07-07 13:57:25,2026-07-06T19:06:00+08:00,2026-07-06T19:08:02+08:00,1.3642,103.6181,C,Cloud to Cloud,2026-07-06T19:04:37.623+08:00
2026-07-07 13:57:25,2026-07-06T19:06:00+08:00,2026-07-06T19:08:02+08:00,1.3711,103.6296,C,Cloud to Cloud,2026-07-06T19:04:37.623+08:00
2026-07-07 13:57:25,2026-07-06T19:06:00+08:00,2026-07-06T19:08:02+08:00,1.3578,103.6367,C,Cloud to Cloud,2026-07-06T19:04:37.673+08:00
2026-07-07 13:57:25,2026-07-06T19:06:00+08:00,2026-07-06T19:08:02+08:00,1.3578,103.6367,C,Cloud to Cloud,2026-07-06T19:04:37.673+08:00
2026-07-07 13:57:25,2026-07-06T19:06:00+08:00,2026-07-06T19:08:02+08:00,1.3606,103.6453,C,Cloud to Cloud,2026-07-06T19:04:37.685+08:00
2026-07-07 13:57:25,2026-07-06T19:06:00+08:00,2026-07-06T19:08:02+08:00,1.3634,103.6517,C,Cloud to Cloud,2026-07-06T19:04:37.685+08:00
2026-07-07 13:57:25,2026-07-06T19:06:00+08:00,2026-07-06T19:08:02+08:00,1.3597,103.6466,C,Cloud to Cloud,2026-07-06T19:04:37.686+08:00
2026-07-07 13:57:25,2026-07-06T19:06:00+08:00,2026-07-06T19:08:02+08:00,1.3794,103.67,C,Cloud to Cloud,2026-07-06T19:04:37.686+08:00
2026-07-07 13:57:25,2026-07-06T19:06:00+08:00,2026-07-06T19:08:02+08:00,1.3795,103.6699,C,Cloud to Cloud,2026-07-06T19:04:37.686+08:00
2026-07-07 13:57:25,2026-07-06T19:06:00+08:00,2026-07-06T19:08:02+08:00,1.3749,103.6613,C,Cloud to Cloud,2026-07-06T19:04:37.686+08:00
2026-07-07 13:57:25,2026-07-06T19:06:00+08:00,2026-07-06T19:08:02+08:00,1.3685,103.6899,C,Cloud to Cloud,2026-07-06T19:04:37.686+08:00
2026-07-07 13:57:25,2026-07-06T19:06:00+08:00,2026-07-06T19:08:02+08:00,1.3832,103.6715,C,Cloud to Cloud,2026-07-06T19:04:37.686+08:00
2026-07-07 13:57:25,2026-07-06T19:06:00+08:00,2026-07-06T19:08:02+08:00,1.3939,103.6706,C,Cloud to Cloud,2026-07-06T19:04:37.686+08:00
2026-07-07 13:57:25,2026-07-06T19:06:00+08:00,2026-07-06T19:08:02+08:00,1.3762,103.6451,C,Cloud to Cloud,2026-07-06T19:04:37.686+08:00
2026-07-07 13:57:25,2026-07-06T19:06:00+08:00,2026-07-06T19:08:02+08:00,1.3474,103.6893,C,Cloud to Cloud,2026-07-06T19:04:37.686+08:00
2026-07-07 13:57:25,2026-07-06T19:06:00+08:00,2026-07-06T19:08:02+08:00,1.3708,103.646,C,Cloud to Cloud,2026-07-06T19:04:37.686+08:00
2026-07-07 13:57:25,2026-07-06T19:06:00+08:00,2026-07-06T19:08:02+08:00,1.3907,103.6602,G,Cloud to Ground,2026-07-06T19:04:37.687+08:00
2026-07-07 13:57:25,2026-07-06T19:06:00+08:00,2026-07-06T19:08:02+08:00,1.3502,103.6346,C,Cloud to Cloud,2026-07-06T19:04:37.69+08:00
2026-07-07 13:57:25,2026-07-06T19:06:00+08:00,2026-07-06T19:08:02+08:00,1.3502,103.6346,C,Cloud to Cloud,2026-07-06T19:04:37.69+08:00
2026-07-07 13:57:25,2026-07-06T19:06:00+08:00,2026-07-06T19:08:02+08:00,1.3556,103.6301,C,Cloud to Cloud,2026-07-06T19:04:37.717+08:00
2026-07-07 13:57:25,2026-07-06T19:06:00+08:00,2026-07-06T19:08:02+08:00,1.3636,103.646,C,Cloud to Cloud,2026-07-06T19:04:37.774+08:00
2026-07-07 13:57:25,2026-07-06T19:06:00+08:00,2026-07-06T19:08:02+08:00,1.3636,103.646,C,Cloud to Cloud,2026-07-06T19:04:37.774+08:00
2026-07-07 13:57:25,2026-07-06T19:06:00+08:00,2026-07-06T19:08:02+08:00,1.366,103.6526,C,Cloud to Cloud,2026-07-06T19:04:37.774+08:00
2026-07-07 13:57:25,2026-07-06T19:06:00+08:00,2026-07-06T19:08:02+08:00,1.3659,103.6563,C,Cloud to Cloud,2026-07-06T19:04:37.774+08:00
2026-07-07 13:57:25,2026-07-06T19:06:00+08:00,2026-07-06T19:08:02+08:00,1.3552,103.6305,C,Cloud to Cloud,2026-07-06T19:04:37.789+08:00
2026-07-07 13:57:25,2026-07-06T19:06:00+08:00,2026-07-06T19:08:02+08:00,1.3641,103.6509,C,Cloud to Cloud,2026-07-06T19:04:37.79+08:00
2026-07-07 13:57:25,2026-07-06T19:06:00+08:00,2026-07-06T19:08:02+08:00,1.366,103.6538,C,Cloud to Cloud,2026-07-06T19:04:37.79+08:00
2026-07-07 13:57:25,2026-07-06T19:06:00+08:00,2026-07-06T19:08:02+08:00,1.3555,103.6261,C,Cloud to Cloud,2026-07-06T19:04:37.803+08:00
2026-07-07 13:57:25,2026-07-06T19:06:00+08:00,2026-07-06T19:08:02+08:00,1.3578,103.6316,C,Cloud to Cloud,2026-07-06T19:04:37.803+08:00
2026-07-07 13:57:25,2026-07-06T19:06:00+08:00,2026-07-06T19:08:02+08:00,1.3412,103.6164,C,Cloud to Cloud,2026-07-06T19:04:37.803+08:00
2026-07-07 13:57:25,2026-07-06T19:06:00+08:00,2026-07-06T19:08:02+08:00,1.3623,103.654,C,Cloud to Cloud,2026-07-06T19:04:37.803+08:00
2026-07-07 13:57:25,2026-07-06T19:06:00+08:00,2026-07-06T19:08:02+08:00,1.3641,103.6544,C,Cloud to Cloud,2026-07-06T19:04:37.804+08:00
2026-07-07 13:57:25,2026-07-06T19:06:00+08:00,2026-07-06T19:08:02+08:00,1.358,103.6333,C,Cloud to Cloud,2026-07-06T19:04:37.804+08:00
2026-07-07 13:57:25,2026-07-06T19:06:00+08:00,2026-07-06T19:08:02+08:00,1.361,103.6422,C,Cloud to Cloud,2026-07-06T19:04:37.83+08:00
2026-07-07 13:57:25,2026-07-06T19:06:00+08:00,2026-07-06T19:08:02+08:00,1.3617,103.6407,C,Cloud to Cloud,2026-07-06T19:04:37.83+08:00
2026-07-07 13:57:25,2026-07-06T19:06:00+08:00,2026-07-06T19:08:02+08:00,1.3663,103.6495,C,Cloud to Cloud,2026-07-06T19:04:37.83+08:00
2026-07-07 13:57:25,2026-07-06T19:06:00+08:00,2026-07-06T19:08:02+08:00,1.3645,103.6527,C,Cloud to Cloud,2026-07-06T19:04:37.83+08:00
2026-07-07 13:57:25,2026-07-06T19:06:00+08:00,2026-07-06T19:08:02+08:00,1.3666,103.6528,C,Cloud to Cloud,2026-07-06T19:04:37.83+08:00
2026-07-07 13:57:25,2026-07-06T19:06:00+08:00,2026-07-06T19:08:02+08:00,1.3661,103.656,C,Cloud to Cloud,2026-07-06T19:04:37.83+08:00
2026-07-07 13:57:25,2026-07-06T19:06:00+08:00,2026-07-06T19:08:02+08:00,1.3646,103.6561,C,Cloud to Cloud,2026-07-06T19:04:37.83+08:00
2026-07-07 13:57:25,2026-07-06T19:06:00+08:00,2026-07-06T19:08:02+08:00,1.3643,103.6557,C,Cloud to Cloud,2026-07-06T19:04:37.831+08:00
2026-07-07 13:57:25,2026-07-06T19:06:00+08:00,2026-07-06T19:08:02+08:00,1.3649,103.6539,C,Cloud to Cloud,2026-07-06T19:04:37.831+08:00
2026-07-07 13:57:25,2026-07-06T19:06:00+08:00,2026-07-06T19:08:02+08:00,1.3675,103.6444,C,Cloud to Cloud,2026-07-06T19:04:37.831+08:00
2026-07-07 13:57:25,2026-07-06T19:06:00+08:00,2026-07-06T19:08:02+08:00,1.3672,103.6525,C,Cloud to Cloud,2026-07-06T19:04:37.844+08:00
2026-07-07 13:57:25,2026-07-06T19:06:00+08:00,2026-07-06T19:08:02+08:00,1.3672,103.6525,C,Cloud to Cloud,2026-07-06T19:04:37.844+08:00
2026-07-07 13:57:25,2026-07-06T19:06:00+08:00,2026-07-06T19:08:02+08:00,1.3656,103.6562,C,Cloud to Cloud,2026-07-06T19:04:37.844+08:00
2026-07-07 13:57:25,2026-07-06T19:06:00+08:00,2026-07-06T19:08:02+08:00,1.3497,103.615,C,Cloud to Cloud,2026-07-06T19:04:37.856+08:00
2026-07-07 13:57:25,2026-07-06T19:06:00+08:00,2026-07-06T19:08:02+08:00,1.3522,103.6211,C,Cloud to Cloud,2026-07-06T19:04:37.902+08:00
2026-07-07 13:57:25,2026-07-06T19:06:00+08:00,2026-07-06T19:08:02+08:00,1.3782,103.6622,C,Cloud to Cloud,2026-07-06T19:04:37.902+08:00
2026-07-07 13:57:25,2026-07-06T19:06:00+08:00,2026-07-06T19:08:02+08:00,1.3593,103.634,C,Cloud to Cloud,2026-07-06T19:04:37.902+08:00
2026-07-07 13:57:25,2026-07-06T19:06:00+08:00,2026-07-06T19:08:02+08:00,1.3412,103.6053,C,Cloud to Cloud,2026-07-06T19:04:37.902+08:00
2026-07-07 13:57:25,2026-07-06T19:06:00+08:00,2026-07-06T19:08:02+08:00,1.3597,103.6332,C,Cloud to Cloud,2026-07-06T19:04:37.902+08:00
2026-07-07 13:57:25,2026-07-06T19:06:00+08:00,2026-07-06T19:08:02+08:00,1.3406,103.6026,C,Cloud to Cloud,2026-07-06T19:04:37.902+08:00
2026-07-07 13:57:25,2026-07-06T19:06:00+08:00,2026-07-06T19:08:02+08:00,1.3598,103.6389,C,Cloud to Cloud,2026-07-06T19:04:37.902+08:00
2026-07-07 13:57:25,2026-07-06T19:06:00+08:00,2026-07-06T19:08:02+08:00,1.3491,103.6222,C,Cloud to Cloud,2026-07-06T19:04:37.902+08:00
2026-07-07 13:57:25,2026-07-06T19:06:00+08:00,2026-07-06T19:08:02+08:00,1.3595,103.6395,C,Cloud to Cloud,2026-07-06T19:04:37.902+08:00
2026-07-07 13:57:25,2026-07-06T19:06:00+08:00,2026-07-06T19:08:02+08:00,1.3483,103.6529,C,Cloud to Cloud,2026-07-06T19:04:37.912+08:00
2026-07-07 13:57:25,2026-07-06T19:06:00+08:00,2026-07-06T19:08:02+08:00,1.39,103.6628,G,Cloud to Ground,2026-07-06T19:04:37.912+08:00
2026-07-07 13:57:25,2026-07-06T19:06:00+08:00,2026-07-06T19:08:02+08:00,1.3594,103.6234,C,Cloud to Cloud,2026-07-06T19:04:37.953+08:00
2026-07-07 13:57:25,2026-07-06T19:06:00+08:00,2026-07-06T19:08:02+08:00,1.3582,103.6345,C,Cloud to Cloud,2026-07-06T19:04:37.953+08:00
2026-07-07 13:57:25,2026-07-06T19:06:00+08:00,2026-07-06T19:08:02+08:00,1.3583,103.6312,C,Cloud to Cloud,2026-07-06T19:04:37.953+08:00
2026-07-07 13:57:25,2026-07-06T19:06:00+08:00,2026-07-06T19:08:02+08:00,1.3627,103.6458,C,Cloud to Cloud,2026-07-06T19:04:37.953+08:00
2026-07-07 13:57:25,2026-07-06T19:06:00+08:00,2026-07-06T19:08:02+08:00,1.3633,103.6478,C,Cloud to Cloud,2026-07-06T19:04:37.953+08:00
2026-07-07 13:57:25,2026-07-06T19:06:00+08:00,2026-07-06T19:08:02+08:00,1.3763,103.6728,C,Cloud to Cloud,2026-07-06T19:04:37.953+08:00
2026-07-07 13:57:25,2026-07-06T19:06:00+08:00,2026-07-06T19:08:02+08:00,1.3572,103.646,C,Cloud to Cloud,2026-07-06T19:04:37.953+08:00
2026-07-07 13:57:25,2026-07-06T19:06:00+08:00,2026-07-06T19:08:02+08:00,1.3802,103.6735,C,Cloud to Cloud,2026-07-06T19:04:37.954+08:00
2026-07-07 13:57:25,2026-07-06T19:06:00+08:00,2026-07-06T19:08:02+08:00,1.3705,103.6072,C,Cloud to Cloud,2026-07-06T19:04:37.988+08:00
2026-07-07 13:57:25,2026-07-06T19:06:00+08:00,2026-07-06T19:08:02+08:00,1.361,103.6534,C,Cloud to Cloud,2026-07-06T19:04:51.7+08:00
2026-07-07 13:57:25,2026-07-06T19:06:00+08:00,2026-07-06T19:08:02+08:00,1.361,103.6534,C,Cloud to Cloud,2026-07-06T19:04:51.7+08:00
2026-07-07 13:57:25,2026-07-06T19:06:00+08:00,2026-07-06T19:08:02+08:00,1.364,103.6543,C,Cloud to Cloud,2026-07-06T19:04:51.701+08:00
2026-07-07 13:57:25,2026-07-06T19:06:00+08:00,2026-07-06T19:08:02+08:00,1.3744,103.585,C,Cloud to Cloud,2026-07-06T19:04:51.701+08:00
2026-07-07 13:57:25,2026-07-06T19:06:00+08:00,2026-07-06T19:08:02+08:00,1.364,103.6543,C,Cloud to Cloud,2026-07-06T19:04:51.701+08:00
2026-07-07 13:57:25,2026-07-06T19:06:00+08:00,2026-07-06T19:08:02+08:00,1.336,103.6182,C,Cloud to Cloud,2026-07-06T19:04:51.757+08:00
2026-07-07 13:57:25,2026-07-06T19:06:00+08:00,2026-07-06T19:08:02+08:00,1.3837,103.6327,C,Cloud to Cloud,2026-07-06T19:04:51.777+08:00
2026-07-07 13:57:25,2026-07-06T19:06:00+08:00,2026-07-06T19:08:02+08:00,1.3837,103.6327,C,Cloud to Cloud,2026-07-06T19:04:51.777+08:00
2026-07-07 13:57:25,2026-07-06T19:06:00+08:00,2026-07-06T19:08:02+08:00,1.3784,103.6105,C,Cloud to Cloud,2026-07-06T19:04:51.778+08:00
2026-07-07 13:57:25,2026-07-06T19:06:00+08:00,2026-07-06T19:08:02+08:00,1.3784,103.6105,C,Cloud to Cloud,2026-07-06T19:04:51.778+08:00
2026-07-07 13:57:25,2026-07-06T19:06:00+08:00,2026-07-06T19:08:02+08:00,1.3913,103.6399,C,Cloud to Cloud,2026-07-06T19:04:51.778+08:00
2026-07-07 13:57:25,2026-07-06T19:06:00+08:00,2026-07-06T19:08:02+08:00,1.3885,103.6336,C,Cloud to Cloud,2026-07-06T19:04:51.778+08:00
2026-07-07 13:57:25,2026-07-06T19:06:00+08:00,2026-07-06T19:08:02+08:00,1.389,103.6354,C,Cloud to Cloud,2026-07-06T19:04:51.778+08:00
2026-07-07 13:57:25,2026-07-06T19:06:00+08:00,2026-07-06T19:08:02+08:00,1.389,103.6354,C,Cloud to Cloud,2026-07-06T19:04:51.778+08:00
2026-07-07 13:57:25,2026-07-06T19:06:00+08:00,2026-07-06T19:08:02+08:00,1.3881,103.6346,C,Cloud to Cloud,2026-07-06T19:04:51.778+08:00
2026-07-07 13:57:25,2026-07-06T19:06:00+08:00,2026-07-06T19:08:02+08:00,1.3881,103.6346,C,Cloud to Cloud,2026-07-06T19:04:51.778+08:00
2026-07-07 13:57:25,2026-07-06T19:06:00+08:00,2026-07-06T19:08:02+08:00,1.3921,103.6345,C,Cloud to Cloud,2026-07-06T19:04:51.779+08:00
2026-07-07 13:57:25,2026-07-06T19:06:00+08:00,2026-07-06T19:08:02+08:00,1.3919,103.6356,C,Cloud to Cloud,2026-07-06T19:04:51.779+08:00
2026-07-07 13:57:25,2026-07-06T19:06:00+08:00,2026-07-06T19:08:02+08:00,1.3913,103.6308,C,Cloud to Cloud,2026-07-06T19:04:51.779+08:00
2026-07-07 13:57:25,2026-07-06T19:06:00+08:00,2026-07-06T19:08:02+08:00,1.3905,103.6311,C,Cloud to Cloud,2026-07-06T19:04:51.78+08:00
2026-07-07 13:57:25,2026-07-06T19:06:00+08:00,2026-07-06T19:08:02+08:00,1.3895,103.6226,C,Cloud to Cloud,2026-07-06T19:04:51.78+08:00
2026-07-07 13:57:25,2026-07-06T19:06:00+08:00,2026-07-06T19:08:02+08:00,1.3946,103.6351,C,Cloud to Cloud,2026-07-06T19:04:51.78+08:00
2026-07-07 13:57:25,2026-07-06T19:06:00+08:00,2026-07-06T19:08:02+08:00,1.3951,103.6403,C,Cloud to Cloud,2026-07-06T19:04:51.78+08:00
2026-07-07 13:57:25,2026-07-06T19:06:00+08:00,2026-07-06T19:08:02+08:00,1.3961,103.6301,C,Cloud to Cloud,2026-07-06T19:04:51.78+08:00
2026-07-07 13:57:25,2026-07-06T19:06:00+08:00,2026-07-06T19:08:02+08:00,1.3809,103.6487,C,Cloud to Cloud,2026-07-06T19:04:51.78+08:00
2026-07-07 13:57:25,2026-07-06T19:06:00+08:00,2026-07-06T19:08:02+08:00,1.397,103.6267,C,Cloud to Cloud,2026-07-06T19:04:51.78+08:00
2026-07-07 13:57:25,2026-07-06T19:06:00+08:00,2026-07-06T19:08:02+08:00,1.384,103.598,C,Cloud to Cloud,2026-07-06T19:04:51.781+08:00
2026-07-07 13:57:25,2026-07-06T19:06:00+08:00,2026-07-06T19:08:02+08:00,1.3959,103.6268,C,Cloud to Cloud,2026-07-06T19:04:51.781+08:00
2026-07-07 13:57:25,2026-07-06T19:06:00+08:00,2026-07-06T19:08:02+08:00,1.3939,103.615,C,Cloud to Cloud,2026-07-06T19:04:51.781+08:00
2026-07-07 13:57:25,2026-07-06T19:06:00+08:00,2026-07-06T19:08:02+08:00,1.3551,103.6805,C,Cloud to Cloud,2026-07-06T19:04:51.781+08:00
2026-07-07 13:57:25,2026-07-06T19:06:00+08:00,2026-07-06T19:08:02+08:00,1.3931,103.6305,C,Cloud to Cloud,2026-07-06T19:04:51.782+08:00
2026-07-07 13:57:25,2026-07-06T19:06:00+08:00,2026-07-06T19:08:02+08:00,1.3947,103.6226,C,Cloud to Cloud,2026-07-06T19:04:51.782+08:00
2026-07-07 13:57:25,2026-07-06T19:06:00+08:00,2026-07-06T19:08:02+08:00,1.3875,103.5956,C,Cloud to Cloud,2026-07-06T19:04:51.782+08:00
2026-07-07 13:57:25,2026-07-06T19:06:00+08:00,2026-07-06T19:08:02+08:00,1.3984,103.6295,C,Cloud to Cloud,2026-07-06T19:04:51.782+08:00
2026-07-07 13:57:25,2026-07-06T19:06:00+08:00,2026-07-06T19:08:02+08:00,1.3983,103.6277,C,Cloud to Cloud,2026-07-06T19:04:51.783+08:00
2026-07-07 13:57:25,2026-07-06T19:06:00+08:00,2026-07-06T19:08:02+08:00,1.3988,103.627,C,Cloud to Cloud,2026-07-06T19:04:51.783+08:00
2026-07-07 13:57:25,2026-07-06T19:06:00+08:00,2026-07-06T19:08:02+08:00,1.4023,103.6247,C,Cloud to Cloud,2026-07-06T19:04:51.783+08:00
2026-07-07 13:57:25,2026-07-06T19:06:00+08:00,2026-07-06T19:08:02+08:00,1.4032,103.6296,C,Cloud to Cloud,2026-07-06T19:04:51.783+08:00
2026-07-07 13:57:25,2026-07-06T19:06:00+08:00,2026-07-06T19:08:02+08:00,1.4032,103.6296,C,Cloud to Cloud,2026-07-06T19:04:51.783+08:00
2026-07-07 13:57:25,2026-07-06T19:06:00+08:00,2026-07-06T19:08:02+08:00,1.4033,103.6243,C,Cloud to Cloud,2026-07-06T19:04:51.784+08:00
2026-07-07 13:57:25,2026-07-06T19:06:00+08:00,2026-07-06T19:08:02+08:00,1.4033,103.6243,C,Cloud to Cloud,2026-07-06T19:04:51.784+08:00
2026-07-07 13:57:25,2026-07-06T19:06:00+08:00,2026-07-06T19:08:02+08:00,1.4031,103.6243,C,Cloud to Cloud,2026-07-06T19:04:51.784+08:00
2026-07-07 13:57:25,2026-07-06T19:06:00+08:00,2026-07-06T19:08:02+08:00,1.4031,103.6243,C,Cloud to Cloud,2026-07-06T19:04:51.784+08:00
2026-07-07 13:57:25,2026-07-06T19:06:00+08:00,2026-07-06T19:08:02+08:00,1.4033,103.6167,C,Cloud to Cloud,2026-07-06T19:04:51.784+08:00
2026-07-07 13:57:25,2026-07-06T19:06:00+08:00,2026-07-06T19:08:02+08:00,1.4048,103.6217,C,Cloud to Cloud,2026-07-06T19:04:51.784+08:00
2026-07-07 13:57:25,2026-07-06T19:06:00+08:00,2026-07-06T19:08:02+08:00,1.4026,103.6174,C,Cloud to Cloud,2026-07-06T19:04:51.784+08:00
2026-07-07 13:57:25,2026-07-06T19:06:00+08:00,2026-07-06T19:08:02+08:00,1.4044,103.6229,C,Cloud to Cloud,2026-07-06T19:04:51.784+08:00
2026-07-07 13:57:25,2026-07-06T19:06:00+08:00,2026-07-06T19:08:02+08:00,1.4045,103.6214,C,Cloud to Cloud,2026-07-06T19:04:51.784+08:00
2026-07-07 13:57:25,2026-07-06T19:06:00+08:00,2026-07-06T19:08:02+08:00,1.4045,103.6214,C,Cloud to Cloud,2026-07-06T19:04:51.785+08:00
2026-07-07 13:57:25,2026-07-06T19:06:00+08:00,2026-07-06T19:08:02+08:00,1.4161,103.6192,C,Cloud to Cloud,2026-07-06T19:04:51.787+08:00
2026-07-07 13:57:25,2026-07-06T19:06:00+08:00,2026-07-06T19:08:02+08:00,1.4161,103.6192,C,Cloud to Cloud,2026-07-06T19:04:51.787+08:00
2026-07-07 13:57:25,2026-07-06T19:06:00+08:00,2026-07-06T19:08:02+08:00,1.4163,103.6186,C,Cloud to Cloud,2026-07-06T19:04:51.788+08:00
2026-07-07 13:57:25,2026-07-06T19:06:00+08:00,2026-07-06T19:08:02+08:00,1.4163,103.6186,C,Cloud to Cloud,2026-07-06T19:04:51.788+08:00
2026-07-07 13:57:25,2026-07-06T19:06:00+08:00,2026-07-06T19:08:02+08:00,1.4149,103.6174,C,Cloud to Cloud,2026-07-06T19:04:51.788+08:00
2026-07-07 13:57:25,2026-07-06T19:06:00+08:00,2026-07-06T19:08:02+08:00,1.4149,103.6174,C,Cloud to Cloud,2026-07-06T19:04:51.788+08:00
2026-07-07 13:57:25,2026-07-06T19:06:00+08:00,2026-07-06T19:08:02+08:00,1.3511,103.5915,C,Cloud to Cloud,2026-07-06T19:04:51.829+08:00
2026-07-07 13:57:25,2026-07-06T19:06:00+08:00,2026-07-06T19:08:02+08:00,1.3654,103.679,C,Cloud to Cloud,2026-07-06T19:04:51.829+08:00
2026-07-07 13:57:25,2026-07-06T19:06:00+08:00,2026-07-06T19:08:02+08:00,1.3869,103.6292,C,Cloud to Cloud,2026-07-06T19:04:51.841+08:00
2026-07-07 13:57:25,2026-07-06T19:06:00+08:00,2026-07-06T19:08:02+08:00,1.3869,103.6292,C,Cloud to Cloud,2026-07-06T19:04:51.841+08:00
2026-07-07 13:57:25,2026-07-06T19:06:00+08:00,2026-07-06T19:08:02+08:00,1.3887,103.6334,C,Cloud to Cloud,2026-07-06T19:04:51.844+08:00
2026-07-07 13:57:25,2026-07-06T19:06:00+08:00,2026-07-06T19:08:02+08:00,1.3803,103.6412,C,Cloud to Cloud,2026-07-06T19:04:51.855+08:00
2026-07-07 13:57:25,2026-07-06T19:06:00+08:00,2026-07-06T19:08:02+08:00,1.3761,103.633,C,Cloud to Cloud,2026-07-06T19:04:51.856+08:00
2026-07-07 13:57:25,2026-07-06T19:06:00+08:00,2026-07-06T19:08:02+08:00,1.3784,103.6313,C,Cloud to Cloud,2026-07-06T19:04:51.856+08:00
2026-07-07 13:57:25,2026-07-06T19:06:00+08:00,2026-07-06T19:08:02+08:00,1.371,103.63,C,Cloud to Cloud,2026-07-06T19:04:51.862+08:00
2026-07-07 13:57:25,2026-07-06T19:06:00+08:00,2026-07-06T19:08:02+08:00,1.3947,103.6463,C,Cloud to Cloud,2026-07-06T19:04:51.866+08:00
2026-07-07 13:57:25,2026-07-06T19:06:00+08:00,2026-07-06T19:08:02+08:00,1.3933,103.625,C,Cloud to Cloud,2026-07-06T19:04:51.866+08:00
2026-07-07 13:57:25,2026-07-06T19:06:00+08:00,2026-07-06T19:08:02+08:00,1.3621,103.6497,C,Cloud to Cloud,2026-07-06T19:04:51.903+08:00
2026-07-07 13:57:25,2026-07-06T19:06:00+08:00,2026-07-06T19:08:02+08:00,1.3635,103.6553,C,Cloud to Cloud,2026-07-06T19:04:51.903+08:00
2026-07-07 13:57:25,2026-07-06T19:06:00+08:00,2026-07-06T19:08:02+08:00,1.3597,103.6835,C,Cloud to Cloud,2026-07-06T19:04:51.903+08:00
2026-07-07 13:57:25,2026-07-06T19:06:00+08:00,2026-07-06T19:08:02+08:00,1.3713,103.6727,C,Cloud to Cloud,2026-07-06T19:04:51.903+08:00
2026-07-07 13:57:25,2026-07-06T19:06:00+08:00,2026-07-06T19:08:02+08:00,1.3726,103.6663,C,Cloud to Cloud,2026-07-06T19:04:51.903+08:00
2026-07-07 13:57:25,2026-07-06T19:06:00+08:00,2026-07-06T19:08:02+08:00,1.3945,103.6556,C,Cloud to Cloud,2026-07-06T19:04:51.933+08:00
2026-07-07 13:57:25,2026-07-06T19:06:00+08:00,2026-07-06T19:08:02+08:00,1.3945,103.6556,C,Cloud to Cloud,2026-07-06T19:04:51.933+08:00
2026-07-07 13:57:25,2026-07-06T19:06:00+08:00,2026-07-06T19:08:02+08:00,1.369,103.6351,C,Cloud to Cloud,2026-07-06T19:04:51.963+08:00
2026-07-07 13:57:25,2026-07-06T19:06:00+08:00,2026-07-06T19:08:02+08:00,1.3772,103.6343,C,Cloud to Cloud,2026-07-06T19:04:51.982+08:00
2026-07-07 13:57:25,2026-07-06T19:06:00+08:00,2026-07-06T19:08:02+08:00,1.3771,103.6343,C,Cloud to Cloud,2026-07-06T19:04:51.983+08:00
2026-07-07 13:57:25,2026-07-06T19:06:00+08:00,2026-07-06T19:08:02+08:00,1.3681,103.6695,C,Cloud to Cloud,2026-07-06T19:05:14.394+08:00
2026-07-07 13:57:25,2026-07-06T19:06:00+08:00,2026-07-06T19:08:02+08:00,1.3681,103.6695,C,Cloud to Cloud,2026-07-06T19:05:14.394+08:00
2026-07-07 13:57:25,2026-07-06T19:06:00+08:00,2026-07-06T19:08:02+08:00,1.3685,103.6635,C,Cloud to Cloud,2026-07-06T19:05:14.394+08:00
2026-07-07 13:57:25,2026-07-06T19:06:00+08:00,2026-07-06T19:08:02+08:00,1.3667,103.667,C,Cloud to Cloud,2026-07-06T19:05:14.394+08:00
2026-07-07 13:57:25,2026-07-06T19:06:00+08:00,2026-07-06T19:08:02+08:00,1.3482,103.6424,C,Cloud to Cloud,2026-07-06T19:05:14.394+08:00
2026-07-07 13:57:25,2026-07-06T19:06:00+08:00,2026-07-06T19:08:02+08:00,1.3682,103.6388,C,Cloud to Cloud,2026-07-06T19:05:14.394+08:00
2026-07-07 13:57:25,2026-07-06T19:06:00+08:00,2026-07-06T19:08:02+08:00,1.3676,103.6656,C,Cloud to Cloud,2026-07-06T19:05:14.395+08:00
2026-07-07 13:57:25,2026-07-06T19:06:00+08:00,2026-07-06T19:08:02+08:00,1.3664,103.6639,C,Cloud to Cloud,2026-07-06T19:05:14.395+08:00
2026-07-07 13:57:25,2026-07-06T19:06:00+08:00,2026-07-06T19:08:02+08:00,1.3688,103.6622,C,Cloud to Cloud,2026-07-06T19:05:14.395+08:00
2026-07-07 13:57:25,2026-07-06T19:06:00+08:00,2026-07-06T19:08:02+08:00,1.3683,103.6634,C,Cloud to Cloud,2026-07-06T19:05:14.395+08:00
2026-07-07 13:57:25,2026-07-06T19:06:00+08:00,2026-07-06T19:08:02+08:00,1.3666,103.6599,C,Cloud to Cloud,2026-07-06T19:05:14.443+08:00
2026-07-07 13:57:25,2026-07-06T19:06:00+08:00,2026-07-06T19:08:02+08:00,1.3666,103.6599,C,Cloud to Cloud,2026-07-06T19:05:14.443+08:00
2026-07-07 13:57:25,2026-07-06T19:06:00+08:00,2026-07-06T19:08:02+08:00,1.3583,103.6651,C,Cloud to Cloud,2026-07-06T19:05:14.461+08:00
2026-07-07 13:57:25,2026-07-06T19:06:00+08:00,2026-07-06T19:08:02+08:00,1.3455,103.6494,C,Cloud to Cloud,2026-07-06T19:05:14.461+08:00
2026-07-07 13:57:25,2026-07-06T19:06:00+08:00,2026-07-06T19:08:02+08:00,1.3698,103.6676,C,Cloud to Cloud,2026-07-06T19:05:14.511+08:00
2026-07-07 13:57:25,2026-07-06T19:06:00+08:00,2026-07-06T19:08:02+08:00,1.3563,103.6493,C,Cloud to Cloud,2026-07-06T19:05:14.512+08:00
2026-07-07 13:57:25,2026-07-06T19:06:00+08:00,2026-07-06T19:08:02+08:00,1.3738,103.6705,C,Cloud to Cloud,2026-07-06T19:05:14.512+08:00
2026-07-07 13:57:25,2026-07-06T19:06:00+08:00,2026-07-06T19:08:02+08:00,1.3749,103.6833,C,Cloud to Cloud,2026-07-06T19:05:14.549+08:00
2026-07-07 13:57:25,2026-07-06T19:06:00+08:00,2026-07-06T19:08:02+08:00,1.3749,103.6833,C,Cloud to Cloud,2026-07-06T19:05:14.549+08:00
2026-07-07 13:57:25,2026-07-06T19:06:00+08:00,2026-07-06T19:08:02+08:00,1.3597,103.6586,C,Cloud to Cloud,2026-07-06T19:05:14.56+08:00
2026-07-07 13:57:25,2026-07-06T19:06:00+08:00,2026-07-06T19:08:02+08:00,1.3598,103.6585,C,Cloud to Cloud,2026-07-06T19:05:14.56+08:00
2026-07-07 13:57:25,2026-07-06T19:06:00+08:00,2026-07-06T19:08:02+08:00,1.3972,103.6734,C,Cloud to Cloud,2026-07-06T19:05:14.595+08:00
2026-07-07 13:57:25,2026-07-06T19:06:00+08:00,2026-07-06T19:08:02+08:00,1.3972,103.6734,C,Cloud to Cloud,2026-07-06T19:05:14.595+08:00
2026-07-07 13:57:25,2026-07-06T19:06:00+08:00,2026-07-06T19:08:02+08:00,1.356,103.627,C,Cloud to Cloud,2026-07-06T19:05:14.599+08:00
2026-07-07 13:57:25,2026-07-06T19:06:00+08:00,2026-07-06T19:08:02+08:00,1.3664,103.6436,C,Cloud to Cloud,2026-07-06T19:05:14.6+08:00
2026-07-07 13:57:25,2026-07-06T19:06:00+08:00,2026-07-06T19:08:02+08:00,1.3879,103.6762,C,Cloud to Cloud,2026-07-06T19:05:14.6+08:00
2026-07-07 13:57:25,2026-07-06T19:06:00+08:00,2026-07-06T19:08:02+08:00,1.396,103.6734,C,Cloud to Cloud,2026-07-06T19:05:14.6+08:00
2026-07-07 13:57:25,2026-07-06T19:06:00+08:00,2026-07-06T19:08:02+08:00,1.3917,103.6814,G,Cloud to Ground,2026-07-06T19:05:14.6+08:00
2026-07-07 13:57:25,2026-07-06T19:06:00+08:00,2026-07-06T19:08:02+08:00,1.3959,103.6723,C,Cloud to Cloud,2026-07-06T19:05:14.6+08:00
2026-07-07 13:57:25,2026-07-06T19:06:00+08:00,2026-07-06T19:08:02+08:00,1.41,103.7048,C,Cloud to Cloud,2026-07-06T19:05:14.6+08:00
2026-07-07 13:57:25,2026-07-06T19:06:00+08:00,2026-07-06T19:08:02+08:00,1.3976,103.6552,C,Cloud to Cloud,2026-07-06T19:05:14.601+08:00
2026-07-07 13:57:25,2026-07-06T19:06:00+08:00,2026-07-06T19:08:02+08:00,1.3872,103.6652,C,Cloud to Cloud,2026-07-06T19:05:14.601+08:00
2026-07-07 13:57:25,2026-07-06T19:06:00+08:00,2026-07-06T19:08:02+08:00,1.3876,103.6665,C,Cloud to Cloud,2026-07-06T19:05:14.601+08:00
2026-07-07 13:57:25,2026-07-06T19:06:00+08:00,2026-07-06T19:08:02+08:00,1.3829,103.6682,C,Cloud to Cloud,2026-07-06T19:05:14.601+08:00
2026-07-07 13:57:25,2026-07-06T19:06:00+08:00,2026-07-06T19:08:02+08:00,1.3703,103.6601,C,Cloud to Cloud,2026-07-06T19:05:14.637+08:00
2026-07-07 13:57:25,2026-07-06T19:06:00+08:00,2026-07-06T19:08:02+08:00,1.3701,103.6603,C,Cloud to Cloud,2026-07-06T19:05:14.637+08:00
2026-07-07 13:57:25,2026-07-06T19:06:00+08:00,2026-07-06T19:08:02+08:00,1.3698,103.658,C,Cloud to Cloud,2026-07-06T19:05:14.637+08:00
2026-07-07 13:57:25,2026-07-06T19:06:00+08:00,2026-07-06T19:08:02+08:00,1.3921,103.6746,C,Cloud to Cloud,2026-07-06T19:05:14.637+08:00
2026-07-07 13:57:25,2026-07-06T19:06:00+08:00,2026-07-06T19:08:02+08:00,1.3877,103.6639,C,Cloud to Cloud,2026-07-06T19:05:14.638+08:00
2026-07-07 13:57:25,2026-07-06T19:06:00+08:00,2026-07-06T19:08:02+08:00,1.3787,103.6422,C,Cloud to Cloud,2026-07-06T19:05:14.638+08:00
2026-07-07 13:57:25,2026-07-06T19:06:00+08:00,2026-07-06T19:08:02+08:00,1.3974,103.6733,C,Cloud to Cloud,2026-07-06T19:05:14.638+08:00
2026-07-07 13:57:25,2026-07-06T19:06:00+08:00,2026-07-06T19:08:02+08:00,1.3986,103.6756,C,Cloud to Cloud,2026-07-06T19:05:14.638+08:00
2026-07-07 13:57:25,2026-07-06T19:06:00+08:00,2026-07-06T19:08:02+08:00,1.3986,103.6759,C,Cloud to Cloud,2026-07-06T19:05:14.638+08:00
2026-07-07 13:57:25,2026-07-06T19:06:00+08:00,2026-07-06T19:08:02+08:00,1.3741,103.6555,C,Cloud to Cloud,2026-07-06T19:05:14.648+08:00
2026-07-07 13:57:25,2026-07-06T19:06:00+08:00,2026-07-06T19:08:02+08:00,1.3741,103.6555,C,Cloud to Cloud,2026-07-06T19:05:14.648+08:00
2026-07-07 13:57:25,2026-07-06T19:06:00+08:00,2026-07-06T19:08:02+08:00,1.389,103.6782,C,Cloud to Cloud,2026-07-06T19:05:14.649+08:00
2026-07-07 13:57:25,2026-07-06T19:06:00+08:00,2026-07-06T19:08:02+08:00,1.3939,103.6739,C,Cloud to Cloud,2026-07-06T19:05:14.65+08:00
2026-07-07 13:57:25,2026-07-06T19:06:00+08:00,2026-07-06T19:08:02+08:00,1.3936,103.6742,C,Cloud to Cloud,2026-07-06T19:05:14.65+08:00
2026-07-07 13:57:25,2026-07-06T19:06:00+08:00,2026-07-06T19:08:02+08:00,1.3944,103.6677,C,Cloud to Cloud,2026-07-06T19:05:14.65+08:00
2026-07-07 13:57:25,2026-07-06T19:06:00+08:00,2026-07-06T19:08:02+08:00,1.3979,103.6721,C,Cloud to Cloud,2026-07-06T19:05:14.65+08:00
2026-07-07 13:57:25,2026-07-06T19:06:00+08:00,2026-07-06T19:08:02+08:00,1.3987,103.6785,C,Cloud to Cloud,2026-07-06T19:05:14.65+08:00
2026-07-07 13:57:25,2026-07-06T19:06:00+08:00,2026-07-06T19:08:02+08:00,1.3903,103.681,G,Cloud to Ground,2026-07-06T19:05:14.65+08:00
2026-07-07 13:57:25,2026-07-06T19:06:00+08:00,2026-07-06T19:08:02+08:00,1.3785,103.6641,C,Cloud to Cloud,2026-07-06T19:05:14.666+08:00
2026-07-07 13:57:25,2026-07-06T19:06:00+08:00,2026-07-06T19:08:02+08:00,1.3785,103.6641,C,Cloud to Cloud,2026-07-06T19:05:14.666+08:00
2026-07-07 13:57:25,2026-07-06T19:06:00+08:00,2026-07-06T19:08:02+08:00,1.3698,103.6534,C,Cloud to Cloud,2026-07-06T19:05:14.688+08:00
2026-07-07 13:57:25,2026-07-06T19:06:00+08:00,2026-07-06T19:08:02+08:00,1.3698,103.6534,C,Cloud to Cloud,2026-07-06T19:05:14.688+08:00
2026-07-07 13:57:25,2026-07-06T19:06:00+08:00,2026-07-06T19:08:02+08:00,1.3828,103.6623,C,Cloud to Cloud,2026-07-06T19:05:14.726+08:00
2026-07-07 13:57:25,2026-07-06T19:06:00+08:00,2026-07-06T19:08:02+08:00,1.3828,103.6623,C,Cloud to Cloud,2026-07-06T19:05:14.726+08:00
2026-07-07 13:57:25,2026-07-06T19:06:00+08:00,2026-07-06T19:08:02+08:00,1.3655,103.6596,C,Cloud to Cloud,2026-07-06T19:05:52.585+08:00
2026-07-07 13:57:25,2026-07-06T19:06:00+08:00,2026-07-06T19:08:02+08:00,1.3549,103.6449,C,Cloud to Cloud,2026-07-06T19:05:52.585+08:00
2026-07-07 13:57:25,2026-07-06T19:06:00+08:00,2026-07-06T19:08:02+08:00,1.3616,103.6668,C,Cloud to Cloud,2026-07-06T19:05:52.585+08:00
2026-07-07 13:57:25,2026-07-06T19:06:00+08:00,2026-07-06T19:08:02+08:00,1.3794,103.6473,C,Cloud to Cloud,2026-07-06T19:05:52.585+08:00
2026-07-07 13:57:25,2026-07-06T19:06:00+08:00,2026-07-06T19:08:02+08:00,1.3654,103.6617,C,Cloud to Cloud,2026-07-06T19:05:52.585+08:00
2026-07-07 13:57:25,2026-07-06T19:06:00+08:00,2026-07-06T19:08:02+08:00,1.3654,103.6617,C,Cloud to Cloud,2026-07-06T19:05:52.586+08:00
2026-07-07 13:57:25,2026-07-06T19:06:00+08:00,2026-07-06T19:08:02+08:00,1.3661,103.6644,C,Cloud to Cloud,2026-07-06T19:05:52.586+08:00
2026-07-07 13:57:25,2026-07-06T19:06:00+08:00,2026-07-06T19:08:02+08:00,1.3661,103.6644,C,Cloud to Cloud,2026-07-06T19:05:52.586+08:00
2026-07-07 13:57:25,2026-07-06T19:06:00+08:00,2026-07-06T19:08:02+08:00,1.3676,103.6639,C,Cloud to Cloud,2026-07-06T19:05:52.586+08:00
2026-07-07 13:57:25,2026-07-06T19:06:00+08:00,2026-07-06T19:08:02+08:00,1.3676,103.6639,C,Cloud to Cloud,2026-07-06T19:05:52.587+08:00
2026-07-07 13:57:25,2026-07-06T19:06:00+08:00,2026-07-06T19:08:02+08:00,1.3666,103.6654,C,Cloud to Cloud,2026-07-06T19:05:52.587+08:00
2026-07-07 13:57:25,2026-07-06T19:06:00+08:00,2026-07-06T19:08:02+08:00,1.3666,103.6654,C,Cloud to Cloud,2026-07-06T19:05:52.587+08:00
2026-07-07 13:57:25,2026-07-06T19:06:00+08:00,2026-07-06T19:08:02+08:00,1.3675,103.665,C,Cloud to Cloud,2026-07-06T19:05:52.587+08:00
2026-07-07 13:57:25,2026-07-06T19:06:00+08:00,2026-07-06T19:08:02+08:00,1.3679,103.6629,C,Cloud to Cloud,2026-07-06T19:05:52.587+08:00
2026-07-07 13:57:25,2026-07-06T19:06:00+08:00,2026-07-06T19:08:02+08:00,1.3679,103.6629,C,Cloud to Cloud,2026-07-06T19:05:52.587+08:00
2026-07-07 13:57:25,2026-07-06T19:06:00+08:00,2026-07-06T19:08:02+08:00,1.3662,103.6603,C,Cloud to Cloud,2026-07-06T19:05:52.587+08:00
2026-07-07 13:57:25,2026-07-06T19:06:00+08:00,2026-07-06T19:08:02+08:00,1.3671,103.6615,C,Cloud to Cloud,2026-07-06T19:05:52.587+08:00
2026-07-07 13:57:25,2026-07-06T19:06:00+08:00,2026-07-06T19:08:02+08:00,1.3753,103.6793,C,Cloud to Cloud,2026-07-06T19:05:52.628+08:00
2026-07-07 13:57:25,2026-07-06T19:06:00+08:00,2026-07-06T19:08:02+08:00,1.3753,103.6793,C,Cloud to Cloud,2026-07-06T19:05:52.628+08:00
2026-07-07 13:57:25,2026-07-06T19:06:00+08:00,2026-07-06T19:08:02+08:00,1.3762,103.6772,C,Cloud to Cloud,2026-07-06T19:05:52.628+08:00
2026-07-07 13:57:25,2026-07-06T19:06:00+08:00,2026-07-06T19:08:02+08:00,1.3762,103.6772,C,Cloud to Cloud,2026-07-06T19:05:52.629+08:00
2026-07-07 13:57:25,2026-07-06T19:06:00+08:00,2026-07-06T19:08:02+08:00,1.3771,103.6804,C,Cloud to Cloud,2026-07-06T19:05:52.63+08:00
2026-07-07 13:57:25,2026-07-06T19:06:00+08:00,2026-07-06T19:08:02+08:00,1.3771,103.6804,C,Cloud to Cloud,2026-07-06T19:05:52.63+08:00
2026-07-07 13:57:25,2026-07-06T19:06:00+08:00,2026-07-06T19:08:02+08:00,1.3773,103.6783,C,Cloud to Cloud,2026-07-06T19:05:52.632+08:00
2026-07-07 13:57:25,2026-07-06T19:06:00+08:00,2026-07-06T19:08:02+08:00,1.3758,103.6717,C,Cloud to Cloud,2026-07-06T19:05:52.632+08:00
2026-07-07 13:57:25,2026-07-06T19:06:00+08:00,2026-07-06T19:08:02+08:00,1.3764,103.6717,C,Cloud to Cloud,2026-07-06T19:05:52.633+08:00
2026-07-07 13:57:25,2026-07-06T19:06:00+08:00,2026-07-06T19:08:02+08:00,1.3786,103.6802,C,Cloud to Cloud,2026-07-06T19:05:52.633+08:00
2026-07-07 13:57:25,2026-07-06T19:06:00+08:00,2026-07-06T19:08:02+08:00,1.3774,103.6786,C,Cloud to Cloud,2026-07-06T19:05:52.633+08:00
2026-07-07 13:57:25,2026-07-06T19:06:00+08:00,2026-07-06T19:08:02+08:00,1.376,103.672,C,Cloud to Cloud,2026-07-06T19:05:52.633+08:00
2026-07-07 13:57:25,2026-07-06T19:06:00+08:00,2026-07-06T19:08:02+08:00,1.3761,103.6723,C,Cloud to Cloud,2026-07-06T19:05:52.633+08:00
2026-07-07 13:57:25,2026-07-06T19:06:00+08:00,2026-07-06T19:08:02+08:00,1.3775,103.6794,C,Cloud to Cloud,2026-07-06T19:05:52.633+08:00
2026-07-07 13:57:25,2026-07-06T19:06:00+08:00,2026-07-06T19:08:02+08:00,1.3787,103.6796,C,Cloud to Cloud,2026-07-06T19:05:52.633+08:00
2026-07-07 13:57:25,2026-07-06T19:06:00+08:00,2026-07-06T19:08:02+08:00,1.3766,103.6713,C,Cloud to Cloud,2026-07-06T19:05:52.634+08:00
2026-07-07 13:57:25,2026-07-06T19:06:00+08:00,2026-07-06T19:08:02+08:00,1.3763,103.6736,C,Cloud to Cloud,2026-07-06T19:05:52.634+08:00
2026-07-07 13:57:25,2026-07-06T19:06:00+08:00,2026-07-06T19:08:02+08:00,1.3783,103.6791,C,Cloud to Cloud,2026-07-06T19:05:52.634+08:00
2026-07-07 13:57:25,2026-07-06T19:06:00+08:00,2026-07-06T19:08:02+08:00,1.3777,103.6778,C,Cloud to Cloud,2026-07-06T19:05:52.634+08:00
2026-07-07 13:57:25,2026-07-06T19:06:00+08:00,2026-07-06T19:08:02+08:00,1.3767,103.6725,C,Cloud to Cloud,2026-07-06T19:05:52.634+08:00
2026-07-07 13:57:25,2026-07-06T19:06:00+08:00,2026-07-06T19:08:02+08:00,1.3762,103.6731,C,Cloud to Cloud,2026-07-06T19:05:52.634+08:00
2026-07-07 13:57:25,2026-07-06T19:06:00+08:00,2026-07-06T19:08:02+08:00,1.3767,103.6736,C,Cloud to Cloud,2026-07-06T19:05:52.634+08:00
2026-07-07 13:57:25,2026-07-06T19:06:00+08:00,2026-07-06T19:08:02+08:00,1.378,103.6786,C,Cloud to Cloud,2026-07-06T19:05:52.635+08:00
2026-07-07 13:57:25,2026-07-06T19:06:00+08:00,2026-07-06T19:08:02+08:00,1.3769,103.6717,C,Cloud to Cloud,2026-07-06T19:05:52.635+08:00
2026-07-07 13:57:25,2026-07-06T19:06:00+08:00,2026-07-06T19:08:02+08:00,1.3777,103.6784,C,Cloud to Cloud,2026-07-06T19:05:52.635+08:00
2026-07-07 13:57:25,2026-07-06T19:06:00+08:00,2026-07-06T19:08:02+08:00,1.376,103.6736,C,Cloud to Cloud,2026-07-06T19:05:52.635+08:00
2026-07-07 13:57:25,2026-07-06T19:06:00+08:00,2026-07-06T19:08:02+08:00,1.3763,103.6735,C,Cloud to Cloud,2026-07-06T19:05:52.635+08:00
2026-07-07 13:57:25,2026-07-06T19:06:00+08:00,2026-07-06T19:08:02+08:00,1.3764,103.6718,C,Cloud to Cloud,2026-07-06T19:05:52.635+08:00
2026-07-07 13:57:25,2026-07-06T19:06:00+08:00,2026-07-06T19:08:02+08:00,1.376,103.6734,C,Cloud to Cloud,2026-07-06T19:05:52.635+08:00
2026-07-07 13:57:25,2026-07-06T19:06:00+08:00,2026-07-06T19:08:02+08:00,1.3761,103.674,C,Cloud to Cloud,2026-07-06T19:05:52.635+08:00
2026-07-07 13:57:25,2026-07-06T19:06:00+08:00,2026-07-06T19:08:02+08:00,1.3759,103.6736,C,Cloud to Cloud,2026-07-06T19:05:52.635+08:00
2026-07-07 13:57:25,2026-07-06T19:06:00+08:00,2026-07-06T19:08:02+08:00,1.3772,103.6771,C,Cloud to Cloud,2026-07-06T19:05:52.636+08:00
2026-07-07 13:57:25,2026-07-06T19:06:00+08:00,2026-07-06T19:08:02+08:00,1.3769,103.6716,C,Cloud to Cloud,2026-07-06T19:05:52.636+08:00
2026-07-07 13:57:25,2026-07-06T19:06:00+08:00,2026-07-06T19:08:02+08:00,1.3757,103.673,C,Cloud to Cloud,2026-07-06T19:05:52.636+08:00
2026-07-07 13:57:25,2026-07-06T19:06:00+08:00,2026-07-06T19:08:02+08:00,1.3753,103.6737,C,Cloud to Cloud,2026-07-06T19:05:52.636+08:00
2026-07-07 13:57:25,2026-07-06T19:06:00+08:00,2026-07-06T19:08:02+08:00,1.3748,103.6728,C,Cloud to Cloud,2026-07-06T19:05:52.636+08:00
2026-07-07 13:57:25,2026-07-06T19:06:00+08:00,2026-07-06T19:08:02+08:00,1.375,103.673,C,Cloud to Cloud,2026-07-06T19:05:52.636+08:00
2026-07-07 13:57:25,2026-07-06T19:06:00+08:00,2026-07-06T19:08:02+08:00,1.3755,103.6716,C,Cloud to Cloud,2026-07-06T19:05:52.636+08:00
2026-07-07 13:57:25,2026-07-06T19:06:00+08:00,2026-07-06T19:08:02+08:00,1.377,103.6776,C,Cloud to Cloud,2026-07-06T19:05:52.636+08:00
2026-07-07 13:57:25,2026-07-06T19:06:00+08:00,2026-07-06T19:08:02+08:00,1.3754,103.6722,C,Cloud to Cloud,2026-07-06T19:05:52.636+08:00
2026-07-07 13:57:25,2026-07-06T19:06:00+08:00,2026-07-06T19:08:02+08:00,1.3755,103.6727,C,Cloud to Cloud,2026-07-06T19:05:52.637+08:00
2026-07-07 13:57:25,2026-07-06T19:06:00+08:00,2026-07-06T19:08:02+08:00,1.3762,103.6679,C,Cloud to Cloud,2026-07-06T19:05:52.638+08:00
2026-07-07 13:57:25,2026-07-06T19:06:00+08:00,2026-07-06T19:08:02+08:00,1.376,103.6676,C,Cloud to Cloud,2026-07-06T19:05:52.638+08:00
2026-07-07 13:57:25,2026-07-06T19:06:00+08:00,2026-07-06T19:08:02+08:00,1.3763,103.6689,C,Cloud to Cloud,2026-07-06T19:05:52.638+08:00
2026-07-07 13:57:25,2026-07-06T19:06:00+08:00,2026-07-06T19:08:02+08:00,1.3765,103.6697,C,Cloud to Cloud,2026-07-06T19:05:52.638+08:00
2026-07-07 13:57:25,2026-07-06T19:06:00+08:00,2026-07-06T19:08:02+08:00,1.378,103.6631,C,Cloud to Cloud,2026-07-06T19:05:52.638+08:00
2026-07-07 13:57:25,2026-07-06T19:06:00+08:00,2026-07-06T19:08:02+08:00,1.3776,103.666,C,Cloud to Cloud,2026-07-06T19:05:52.639+08:00
2026-07-07 13:57:25,2026-07-06T19:06:00+08:00,2026-07-06T19:08:02+08:00,1.3771,103.6814,C,Cloud to Cloud,2026-07-06T19:05:52.639+08:00
2026-07-07 13:57:25,2026-07-06T19:06:00+08:00,2026-07-06T19:08:02+08:00,1.3703,103.6815,G,Cloud to Ground,2026-07-06T19:05:52.639+08:00
2026-07-07 13:57:25,2026-07-06T19:06:00+08:00,2026-07-06T19:08:02+08:00,1.3771,103.6814,C,Cloud to Cloud,2026-07-06T19:05:52.639+08:00
2026-07-07 13:57:25,2026-07-06T19:06:00+08:00,2026-07-06T19:08:02+08:00,1.3718,103.6704,C,Cloud to Cloud,2026-07-06T19:05:52.639+08:00
2026-07-07 13:57:25,2026-07-06T19:06:00+08:00,2026-07-06T19:08:02+08:00,1.3759,103.6669,C,Cloud to Cloud,2026-07-06T19:05:52.639+08:00
2026-07-07 13:57:25,2026-07-06T19:06:00+08:00,2026-07-06T19:08:02+08:00,1.351,103.6464,C,Cloud to Cloud,2026-07-06T19:05:52.654+08:00
2026-07-07 13:57:25,2026-07-06T19:06:00+08:00,2026-07-06T19:08:02+08:00,1.3657,103.6658,C,Cloud to Cloud,2026-07-06T19:05:52.654+08:00
2026-07-07 13:57:25,2026-07-06T19:06:00+08:00,2026-07-06T19:08:02+08:00,1.3732,103.6787,C,Cloud to Cloud,2026-07-06T19:05:52.654+08:00
2026-07-07 13:57:25,2026-07-06T19:06:00+08:00,2026-07-06T19:08:02+08:00,1.3768,103.6831,C,Cloud to Cloud,2026-07-06T19:05:52.654+08:00
2026-07-07 13:57:25,2026-07-06T19:06:00+08:00,2026-07-06T19:08:02+08:00,1.3768,103.6831,C,Cloud to Cloud,2026-07-06T19:05:52.654+08:00
2026-07-07 13:57:25,2026-07-06T19:06:00+08:00,2026-07-06T19:08:02+08:00,1.3627,103.6612,C,Cloud to Cloud,2026-07-06T19:05:52.685+08:00
2026-07-07 13:57:25,2026-07-06T19:06:00+08:00,2026-07-06T19:08:02+08:00,1.3755,103.6795,C,Cloud to Cloud,2026-07-06T19:05:52.685+08:00
2026-07-07 13:57:25,2026-07-06T19:06:00+08:00,2026-07-06T19:08:02+08:00,1.3748,103.6784,C,Cloud to Cloud,2026-07-06T19:05:52.685+08:00
2026-07-07 13:57:25,2026-07-06T19:06:00+08:00,2026-07-06T19:08:02+08:00,1.3345,103.7271,C,Cloud to Cloud,2026-07-06T19:05:52.685+08:00
2026-07-07 13:57:25,2026-07-06T19:06:00+08:00,2026-07-06T19:08:02+08:00,1.3773,103.6767,C,Cloud to Cloud,2026-07-06T19:05:52.685+08:00
2026-07-07 13:57:25,2026-07-06T19:06:00+08:00,2026-07-06T19:08:02+08:00,1.3778,103.6785,C,Cloud to Cloud,2026-07-06T19:05:52.685+08:00
2026-07-07 13:57:25,2026-07-06T19:06:00+08:00,2026-07-06T19:08:02+08:00,1.3765,103.6766,C,Cloud to Cloud,2026-07-06T19:05:52.685+08:00
2026-07-07 13:57:25,2026-07-06T19:06:00+08:00,2026-07-06T19:08:02+08:00,1.3767,103.68,C,Cloud to Cloud,2026-07-06T19:05:52.685+08:00
2026-07-07 13:57:25,2026-07-06T19:06:00+08:00,2026-07-06T19:08:02+08:00,1.3768,103.6794,C,Cloud to Cloud,2026-07-06T19:05:52.685+08:00
2026-07-07 13:57:25,2026-07-06T19:06:00+08:00,2026-07-06T19:08:02+08:00,1.3754,103.6743,C,Cloud to Cloud,2026-07-06T19:05:52.686+08:00
2026-07-07 13:57:25,2026-07-06T19:06:00+08:00,2026-07-06T19:08:02+08:00,1.3751,103.6736,C,Cloud to Cloud,2026-07-06T19:05:52.686+08:00
2026-07-07 13:57:25,2026-07-06T19:06:00+08:00,2026-07-06T19:08:02+08:00,1.373,103.68,C,Cloud to Cloud,2026-07-06T19:05:52.687+08:00
2026-07-07 13:57:25,2026-07-06T19:06:00+08:00,2026-07-06T19:08:02+08:00,1.3672,103.6522,C,Cloud to Cloud,2026-07-06T19:05:52.848+08:00
2026-07-07 13:57:25,2026-07-06T19:06:00+08:00,2026-07-06T19:08:02+08:00,1.3631,103.6579,C,Cloud to Cloud,2026-07-06T19:05:52.848+08:00
2026-07-07 13:57:25,2026-07-06T19:06:00+08:00,2026-07-06T19:08:02+08:00,1.3869,103.6821,C,Cloud to Cloud,2026-07-06T19:05:52.873+08:00
2026-07-07 13:57:25,2026-07-06T19:06:00+08:00,2026-07-06T19:08:02+08:00,1.3621,103.6507,C,Cloud to Cloud,2026-07-06T19:05:52.873+08:00
2026-07-07 13:57:25,2026-07-06T19:06:00+08:00,2026-07-06T19:08:02+08:00,1.3723,103.6158,C,Cloud to Cloud,2026-07-06T19:05:52.9+08:00
2026-07-07 13:57:25,2026-07-06T19:06:00+08:00,2026-07-06T19:08:02+08:00,1.389,103.6631,C,Cloud to Cloud,2026-07-06T19:05:52.9+08:00
2026-07-07 13:57:25,2026-07-06T19:06:00+08:00,2026-07-06T19:08:02+08:00,1.389,103.6631,C,Cloud to Cloud,2026-07-06T19:05:52.9+08:00
2026-07-07 13:57:25,2026-07-06T19:06:00+08:00,2026-07-06T19:08:02+08:00,1.3606,103.6549,C,Cloud to Cloud,2026-07-06T19:05:52.929+08:00
2026-07-07 13:57:25,2026-07-06T19:06:00+08:00,2026-07-06T19:08:02+08:00,1.3606,103.6549,C,Cloud to Cloud,2026-07-06T19:05:52.93+08:00
2026-07-07 13:57:25,2026-07-06T19:06:00+08:00,2026-07-06T19:08:02+08:00,1.3687,103.6687,C,Cloud to Cloud,2026-07-06T19:05:52.948+08:00
2026-07-07 13:57:25,2026-07-06T19:06:00+08:00,2026-07-06T19:08:02+08:00,1.3687,103.6687,C,Cloud to Cloud,2026-07-06T19:05:52.949+08:00
2026-07-07 13:57:25,2026-07-06T19:06:00+08:00,2026-07-06T19:08:02+08:00,1.3767,103.6712,C,Cloud to Cloud,2026-07-06T19:05:52.949+08:00
2026-07-07 13:57:25,2026-07-06T19:06:00+08:00,2026-07-06T19:08:02+08:00,1.364,103.6465,C,Cloud to Cloud,2026-07-06T19:05:52.971+08:00
2026-07-07 13:57:25,2026-07-06T19:06:00+08:00,2026-07-06T19:08:02+08:00,1.364,103.6465,C,Cloud to Cloud,2026-07-06T19:05:52.971+08:00
2026-07-07 13:57:25,2026-07-06T19:04:00+08:00,2026-07-06T19:06:03+08:00,1.3427,103.6091,C,Cloud to Cloud,2026-07-06T19:02:15.18+08:00
2026-07-07 13:57:25,2026-07-06T19:04:00+08:00,2026-07-06T19:06:03+08:00,1.3358,103.6103,C,Cloud to Cloud,2026-07-06T19:02:24.494+08:00
2026-07-07 13:57:25,2026-07-06T19:04:00+08:00,2026-07-06T19:06:03+08:00,1.3112,103.6526,C,Cloud to Cloud,2026-07-06T19:02:24.558+08:00
2026-07-07 13:57:25,2026-07-06T19:04:00+08:00,2026-07-06T19:06:03+08:00,1.2713,103.6265,G,Cloud to Ground,2026-07-06T19:02:24.558+08:00
2026-07-07 13:57:25,2026-07-06T19:04:00+08:00,2026-07-06T19:06:03+08:00,1.3253,103.6571,C,Cloud to Cloud,2026-07-06T19:02:24.558+08:00
2026-07-07 13:57:25,2026-07-06T19:04:00+08:00,2026-07-06T19:06:03+08:00,1.2984,103.6397,C,Cloud to Cloud,2026-07-06T19:02:24.558+08:00
2026-07-07 13:57:25,2026-07-06T19:04:00+08:00,2026-07-06T19:06:03+08:00,1.3231,103.624,C,Cloud to Cloud,2026-07-06T19:02:24.558+08:00
2026-07-07 13:57:25,2026-07-06T19:04:00+08:00,2026-07-06T19:06:03+08:00,1.3416,103.6402,C,Cloud to Cloud,2026-07-06T19:02:24.559+08:00
2026-07-07 13:57:25,2026-07-06T19:04:00+08:00,2026-07-06T19:06:03+08:00,1.3641,103.6784,C,Cloud to Cloud,2026-07-06T19:02:24.56+08:00
2026-07-07 13:57:25,2026-07-06T19:04:00+08:00,2026-07-06T19:06:03+08:00,1.3392,103.6108,C,Cloud to Cloud,2026-07-06T19:02:24.61+08:00
2026-07-07 13:57:25,2026-07-06T19:04:00+08:00,2026-07-06T19:06:03+08:00,1.3515,103.6366,C,Cloud to Cloud,2026-07-06T19:02:24.61+08:00
2026-07-07 13:57:25,2026-07-06T19:04:00+08:00,2026-07-06T19:06:03+08:00,1.3339,103.6144,C,Cloud to Cloud,2026-07-06T19:02:24.61+08:00
2026-07-07 13:57:25,2026-07-06T19:04:00+08:00,2026-07-06T19:06:03+08:00,1.3268,103.5975,C,Cloud to Cloud,2026-07-06T19:02:24.61+08:00
2026-07-07 13:57:25,2026-07-06T19:04:00+08:00,2026-07-06T19:06:03+08:00,1.3317,103.6673,C,Cloud to Cloud,2026-07-06T19:02:24.611+08:00
2026-07-07 13:57:25,2026-07-06T19:04:00+08:00,2026-07-06T19:06:03+08:00,1.3319,103.591,C,Cloud to Cloud,2026-07-06T19:02:24.65+08:00
2026-07-07 13:57:25,2026-07-06T19:04:00+08:00,2026-07-06T19:06:03+08:00,1.3358,103.6657,C,Cloud to Cloud,2026-07-06T19:02:24.65+08:00
2026-07-07 13:57:25,2026-07-06T19:04:00+08:00,2026-07-06T19:06:03+08:00,1.3484,103.6024,C,Cloud to Cloud,2026-07-06T19:02:24.663+08:00
2026-07-07 13:57:25,2026-07-06T19:04:00+08:00,2026-07-06T19:06:03+08:00,1.3554,103.6314,C,Cloud to Cloud,2026-07-06T19:02:24.663+08:00
2026-07-07 13:57:25,2026-07-06T19:04:00+08:00,2026-07-06T19:06:03+08:00,1.3554,103.6314,C,Cloud to Cloud,2026-07-06T19:02:24.663+08:00
2026-07-07 13:57:25,2026-07-06T19:04:00+08:00,2026-07-06T19:06:03+08:00,1.3621,103.6407,C,Cloud to Cloud,2026-07-06T19:02:24.719+08:00
2026-07-07 13:57:25,2026-07-06T19:04:00+08:00,2026-07-06T19:06:03+08:00,1.3621,103.6407,C,Cloud to Cloud,2026-07-06T19:02:24.72+08:00
2026-07-07 13:57:25,2026-07-06T19:04:00+08:00,2026-07-06T19:06:03+08:00,1.3573,103.6363,C,Cloud to Cloud,2026-07-06T19:02:24.72+08:00
2026-07-07 13:57:25,2026-07-06T19:04:00+08:00,2026-07-06T19:06:03+08:00,1.332,103.6021,C,Cloud to Cloud,2026-07-06T19:02:24.72+08:00
2026-07-07 13:57:25,2026-07-06T19:04:00+08:00,2026-07-06T19:06:03+08:00,1.3526,103.6337,C,Cloud to Cloud,2026-07-06T19:02:24.72+08:00
2026-07-07 13:57:25,2026-07-06T19:04:00+08:00,2026-07-06T19:06:03+08:00,1.3225,103.5921,C,Cloud to Cloud,2026-07-06T19:02:24.72+08:00
2026-07-07 13:57:25,2026-07-06T19:04:00+08:00,2026-07-06T19:06:03+08:00,1.3471,103.6289,C,Cloud to Cloud,2026-07-06T19:02:24.72+08:00
2026-07-07 13:57:25,2026-07-06T19:04:00+08:00,2026-07-06T19:06:03+08:00,1.3774,103.6623,C,Cloud to Cloud,2026-07-06T19:02:24.72+08:00
2026-07-07 13:57:25,2026-07-06T19:04:00+08:00,2026-07-06T19:06:03+08:00,1.379,103.6648,C,Cloud to Cloud,2026-07-06T19:02:24.72+08:00
2026-07-07 13:57:25,2026-07-06T19:04:00+08:00,2026-07-06T19:06:03+08:00,1.3562,103.6225,C,Cloud to Cloud,2026-07-06T19:02:24.72+08:00
2026-07-07 13:57:25,2026-07-06T19:04:00+08:00,2026-07-06T19:06:03+08:00,1.3576,103.6396,C,Cloud to Cloud,2026-07-06T19:02:24.739+08:00
2026-07-07 13:57:25,2026-07-06T19:04:00+08:00,2026-07-06T19:06:03+08:00,1.3576,103.6396,C,Cloud to Cloud,2026-07-06T19:02:24.739+08:00
2026-07-07 13:57:25,2026-07-06T19:04:00+08:00,2026-07-06T19:06:03+08:00,1.3639,103.6485,C,Cloud to Cloud,2026-07-06T19:02:24.74+08:00
2026-07-07 13:57:25,2026-07-06T19:04:00+08:00,2026-07-06T19:06:03+08:00,1.3623,103.6534,C,Cloud to Cloud,2026-07-06T19:02:31.944+08:00
2026-07-07 13:57:25,2026-07-06T19:04:00+08:00,2026-07-06T19:06:03+08:00,1.3624,103.6533,C,Cloud to Cloud,2026-07-06T19:02:31.944+08:00
2026-07-07 13:57:25,2026-07-06T19:04:00+08:00,2026-07-06T19:06:03+08:00,1.3615,103.6571,C,Cloud to Cloud,2026-07-06T19:02:31.944+08:00
2026-07-07 13:57:25,2026-07-06T19:04:00+08:00,2026-07-06T19:06:03+08:00,1.3689,103.6538,C,Cloud to Cloud,2026-07-06T19:02:50.089+08:00
2026-07-07 13:57:25,2026-07-06T19:04:00+08:00,2026-07-06T19:06:03+08:00,1.366,103.6577,C,Cloud to Cloud,2026-07-06T19:02:50.089+08:00
2026-07-07 13:57:25,2026-07-06T19:04:00+08:00,2026-07-06T19:06:03+08:00,1.4039,103.7619,C,Cloud to Cloud,2026-07-06T19:02:50.206+08:00
2026-07-07 13:57:25,2026-07-06T19:04:00+08:00,2026-07-06T19:06:03+08:00,1.3574,103.5825,C,Cloud to Cloud,2026-07-06T19:03:17.597+08:00
2026-07-07 13:57:25,2026-07-06T19:04:00+08:00,2026-07-06T19:06:03+08:00,1.3925,103.6833,C,Cloud to Cloud,2026-07-06T19:03:17.728+08:00
2026-07-07 13:57:25,2026-07-06T19:04:00+08:00,2026-07-06T19:06:03+08:00,1.3728,103.6323,C,Cloud to Cloud,2026-07-06T19:03:17.728+08:00
2026-07-07 13:57:25,2026-07-06T19:04:00+08:00,2026-07-06T19:06:03+08:00,1.3405,103.6385,C,Cloud to Cloud,2026-07-06T19:03:17.742+08:00
2026-07-07 13:57:25,2026-07-06T19:04:00+08:00,2026-07-06T19:06:03+08:00,1.3716,103.6501,C,Cloud to Cloud,2026-07-06T19:03:17.805+08:00
2026-07-07 13:57:25,2026-07-06T19:04:00+08:00,2026-07-06T19:06:03+08:00,1.3604,103.6323,C,Cloud to Cloud,2026-07-06T19:03:17.805+08:00
2026-07-07 13:57:25,2026-07-06T19:04:00+08:00,2026-07-06T19:06:03+08:00,1.3622,103.638,C,Cloud to Cloud,2026-07-06T19:03:17.805+08:00
2026-07-07 13:57:25,2026-07-06T19:04:00+08:00,2026-07-06T19:06:03+08:00,1.3622,103.638,C,Cloud to Cloud,2026-07-06T19:03:17.805+08:00
2026-07-07 13:57:25,2026-07-06T19:04:00+08:00,2026-07-06T19:06:03+08:00,1.3736,103.6518,C,Cloud to Cloud,2026-07-06T19:03:17.848+08:00
2026-07-07 13:57:25,2026-07-06T19:04:00+08:00,2026-07-06T19:06:03+08:00,1.3697,103.6467,C,Cloud to Cloud,2026-07-06T19:03:17.848+08:00
2026-07-07 13:57:25,2026-07-06T19:04:00+08:00,2026-07-06T19:06:03+08:00,1.3707,103.649,C,Cloud to Cloud,2026-07-06T19:03:17.869+08:00
2026-07-07 13:57:25,2026-07-06T19:04:00+08:00,2026-07-06T19:06:03+08:00,1.3599,103.6296,C,Cloud to Cloud,2026-07-06T19:03:17.869+08:00
2026-07-07 13:57:25,2026-07-06T19:04:00+08:00,2026-07-06T19:06:03+08:00,1.3707,103.6548,C,Cloud to Cloud,2026-07-06T19:03:17.869+08:00
2026-07-07 13:57:25,2026-07-06T19:04:00+08:00,2026-07-06T19:06:03+08:00,1.367,103.6492,C,Cloud to Cloud,2026-07-06T19:03:17.869+08:00
2026-07-07 13:57:25,2026-07-06T19:04:00+08:00,2026-07-06T19:06:03+08:00,1.3739,103.6023,C,Cloud to Cloud,2026-07-06T19:03:17.869+08:00
2026-07-07 13:57:25,2026-07-06T19:04:00+08:00,2026-07-06T19:06:03+08:00,1.3656,103.6425,C,Cloud to Cloud,2026-07-06T19:03:17.879+08:00
2026-07-07 13:57:25,2026-07-06T19:04:00+08:00,2026-07-06T19:06:03+08:00,1.3752,103.6576,C,Cloud to Cloud,2026-07-06T19:03:17.879+08:00
2026-07-07 13:57:25,2026-07-06T19:04:00+08:00,2026-07-06T19:06:03+08:00,1.373,103.6501,C,Cloud to Cloud,2026-07-06T19:03:17.879+08:00
2026-07-07 13:57:25,2026-07-06T19:04:00+08:00,2026-07-06T19:06:03+08:00,1.3726,103.6507,C,Cloud to Cloud,2026-07-06T19:03:17.899+08:00
2026-07-07 13:57:25,2026-07-06T19:04:00+08:00,2026-07-06T19:06:03+08:00,1.3724,103.652,C,Cloud to Cloud,2026-07-06T19:03:17.9+08:00
2026-07-07 13:57:25,2026-07-06T19:04:00+08:00,2026-07-06T19:06:03+08:00,1.3691,103.6475,C,Cloud to Cloud,2026-07-06T19:03:17.935+08:00
2026-07-07 13:57:25,2026-07-06T19:04:00+08:00,2026-07-06T19:06:03+08:00,1.378,103.6616,C,Cloud to Cloud,2026-07-06T19:03:17.935+08:00
2026-07-07 13:57:25,2026-07-06T19:04:00+08:00,2026-07-06T19:06:03+08:00,1.3684,103.6452,C,Cloud to Cloud,2026-07-06T19:03:17.935+08:00
2026-07-07 13:57:25,2026-07-06T19:04:00+08:00,2026-07-06T19:06:03+08:00,1.3684,103.6452,C,Cloud to Cloud,2026-07-06T19:03:17.936+08:00
2026-07-07 13:57:25,2026-07-06T19:04:00+08:00,2026-07-06T19:06:03+08:00,1.3713,103.6485,C,Cloud to Cloud,2026-07-06T19:03:17.936+08:00
2026-07-07 13:57:25,2026-07-06T19:04:00+08:00,2026-07-06T19:06:03+08:00,1.3819,103.715,C,Cloud to Cloud,2026-07-06T19:03:27.082+08:00
2026-07-07 13:57:25,2026-07-06T19:04:00+08:00,2026-07-06T19:06:03+08:00,1.3761,103.7099,C,Cloud to Cloud,2026-07-06T19:03:27.082+08:00
2026-07-07 13:57:25,2026-07-06T19:04:00+08:00,2026-07-06T19:06:03+08:00,1.3897,103.7228,C,Cloud to Cloud,2026-07-06T19:03:27.082+08:00
2026-07-07 13:57:25,2026-07-06T19:04:00+08:00,2026-07-06T19:06:03+08:00,1.3774,103.7096,C,Cloud to Cloud,2026-07-06T19:03:27.082+08:00
2026-07-07 13:57:25,2026-07-06T19:04:00+08:00,2026-07-06T19:06:03+08:00,1.376,103.707,C,Cloud to Cloud,2026-07-06T19:03:27.082+08:00
2026-07-07 13:57:25,2026-07-06T19:04:00+08:00,2026-07-06T19:06:03+08:00,1.3789,103.7098,C,Cloud to Cloud,2026-07-06T19:03:27.083+08:00
2026-07-07 13:57:25,2026-07-06T19:04:00+08:00,2026-07-06T19:06:03+08:00,1.3783,103.7101,C,Cloud to Cloud,2026-07-06T19:03:27.083+08:00
2026-07-07 13:57:25,2026-07-06T19:04:00+08:00,2026-07-06T19:06:03+08:00,1.3947,103.7263,C,Cloud to Cloud,2026-07-06T19:03:27.083+08:00
2026-07-07 13:57:25,2026-07-06T19:04:00+08:00,2026-07-06T19:06:03+08:00,1.3925,103.724,C,Cloud to Cloud,2026-07-06T19:03:27.084+08:00
2026-07-07 13:57:25,2026-07-06T19:04:00+08:00,2026-07-06T19:06:03+08:00,1.4817,103.7935,C,Cloud to Cloud,2026-07-06T19:03:27.084+08:00
2026-07-07 13:57:25,2026-07-06T19:04:00+08:00,2026-07-06T19:06:03+08:00,1.3936,103.7244,C,Cloud to Cloud,2026-07-06T19:03:27.084+08:00
2026-07-07 13:57:25,2026-07-06T19:04:00+08:00,2026-07-06T19:06:03+08:00,1.3946,103.7249,C,Cloud to Cloud,2026-07-06T19:03:27.084+08:00
2026-07-07 13:57:25,2026-07-06T19:04:00+08:00,2026-07-06T19:06:03+08:00,1.3883,103.7672,C,Cloud to Cloud,2026-07-06T19:03:27.084+08:00
2026-07-07 13:57:25,2026-07-06T19:04:00+08:00,2026-07-06T19:06:03+08:00,1.3671,103.6961,C,Cloud to Cloud,2026-07-06T19:03:27.085+08:00
2026-07-07 13:57:25,2026-07-06T19:04:00+08:00,2026-07-06T19:06:03+08:00,1.3683,103.6972,C,Cloud to Cloud,2026-07-06T19:03:27.085+08:00
2026-07-07 13:57:25,2026-07-06T19:04:00+08:00,2026-07-06T19:06:03+08:00,1.3946,103.7212,C,Cloud to Cloud,2026-07-06T19:03:27.085+08:00
2026-07-07 13:57:25,2026-07-06T19:04:00+08:00,2026-07-06T19:06:03+08:00,1.3929,103.721,C,Cloud to Cloud,2026-07-06T19:03:27.088+08:00
2026-07-07 13:57:25,2026-07-06T19:04:00+08:00,2026-07-06T19:06:03+08:00,1.3935,103.7212,C,Cloud to Cloud,2026-07-06T19:03:27.088+08:00
2026-07-07 13:57:25,2026-07-06T19:04:00+08:00,2026-07-06T19:06:03+08:00,1.3842,103.7099,C,Cloud to Cloud,2026-07-06T19:03:27.113+08:00
2026-07-07 13:57:25,2026-07-06T19:04:00+08:00,2026-07-06T19:06:03+08:00,1.3875,103.7133,C,Cloud to Cloud,2026-07-06T19:03:27.113+08:00
2026-07-07 13:57:25,2026-07-06T19:04:00+08:00,2026-07-06T19:06:03+08:00,1.3759,103.6886,C,Cloud to Cloud,2026-07-06T19:03:27.113+08:00
2026-07-07 13:57:25,2026-07-06T19:04:00+08:00,2026-07-06T19:06:03+08:00,1.3675,103.6617,C,Cloud to Cloud,2026-07-06T19:03:49.491+08:00
2026-07-07 13:57:25,2026-07-06T19:04:00+08:00,2026-07-06T19:06:03+08:00,1.3675,103.6617,C,Cloud to Cloud,2026-07-06T19:03:49.491+08:00
2026-07-07 13:57:25,2026-07-06T19:04:00+08:00,2026-07-06T19:06:03+08:00,1.3665,103.6682,C,Cloud to Cloud,2026-07-06T19:03:49.538+08:00
2026-07-07 13:57:25,2026-07-06T19:04:00+08:00,2026-07-06T19:06:03+08:00,1.3665,103.6682,C,Cloud to Cloud,2026-07-06T19:03:49.538+08:00
2026-07-07 13:57:25,2026-07-06T19:04:00+08:00,2026-07-06T19:06:03+08:00,1.3621,103.6778,C,Cloud to Cloud,2026-07-06T19:03:49.542+08:00
2026-07-07 13:57:25,2026-07-06T19:04:00+08:00,2026-07-06T19:06:03+08:00,1.3621,103.6778,C,Cloud to Cloud,2026-07-06T19:03:49.543+08:00
2026-07-07 13:57:25,2026-07-06T19:04:00+08:00,2026-07-06T19:06:03+08:00,1.3621,103.6787,C,Cloud to Cloud,2026-07-06T19:03:49.543+08:00
2026-07-07 13:57:25,2026-07-06T19:04:00+08:00,2026-07-06T19:06:03+08:00,1.3625,103.6785,C,Cloud to Cloud,2026-07-06T19:03:49.543+08:00
2026-07-07 13:57:25,2026-07-06T19:04:00+08:00,2026-07-06T19:06:03+08:00,1.3632,103.6798,C,Cloud to Cloud,2026-07-06T19:03:49.543+08:00
2026-07-07 13:57:25,2026-07-06T19:04:00+08:00,2026-07-06T19:06:03+08:00,1.3632,103.6798,C,Cloud to Cloud,2026-07-06T19:03:49.543+08:00
2026-07-07 13:57:25,2026-07-06T19:04:00+08:00,2026-07-06T19:06:03+08:00,1.3638,103.681,C,Cloud to Cloud,2026-07-06T19:03:49.543+08:00
2026-07-07 13:57:25,2026-07-06T19:04:00+08:00,2026-07-06T19:06:03+08:00,1.3633,103.6805,C,Cloud to Cloud,2026-07-06T19:03:49.543+08:00
2026-07-07 13:57:25,2026-07-06T19:04:00+08:00,2026-07-06T19:06:03+08:00,1.3473,103.6599,C,Cloud to Cloud,2026-07-06T19:03:49.543+08:00
2026-07-07 13:57:25,2026-07-06T19:04:00+08:00,2026-07-06T19:06:03+08:00,1.3617,103.6777,C,Cloud to Cloud,2026-07-06T19:03:49.544+08:00
2026-07-07 13:57:25,2026-07-06T19:04:00+08:00,2026-07-06T19:06:03+08:00,1.3648,103.6697,C,Cloud to Cloud,2026-07-06T19:03:49.544+08:00
2026-07-07 13:57:25,2026-07-06T19:04:00+08:00,2026-07-06T19:06:03+08:00,1.3647,103.6784,C,Cloud to Cloud,2026-07-06T19:03:49.544+08:00
2026-07-07 13:57:25,2026-07-06T19:04:00+08:00,2026-07-06T19:06:03+08:00,1.3635,103.6791,C,Cloud to Cloud,2026-07-06T19:03:49.544+08:00
2026-07-07 13:57:25,2026-07-06T19:04:00+08:00,2026-07-06T19:06:03+08:00,1.3476,103.6586,C,Cloud to Cloud,2026-07-06T19:03:49.544+08:00
2026-07-07 13:57:25,2026-07-06T19:04:00+08:00,2026-07-06T19:06:03+08:00,1.3637,103.6786,C,Cloud to Cloud,2026-07-06T19:03:49.544+08:00
2026-07-07 13:57:25,2026-07-06T19:04:00+08:00,2026-07-06T19:06:03+08:00,1.3623,103.677,C,Cloud to Cloud,2026-07-06T19:03:49.544+08:00
2026-07-07 13:57:25,2026-07-06T19:04:00+08:00,2026-07-06T19:06:03+08:00,1.3642,103.6804,C,Cloud to Cloud,2026-07-06T19:03:49.544+08:00
2026-07-07 13:57:25,2026-07-06T19:04:00+08:00,2026-07-06T19:06:03+08:00,1.3645,103.6794,C,Cloud to Cloud,2026-07-06T19:03:49.544+08:00
2026-07-07 13:57:25,2026-07-06T19:04:00+08:00,2026-07-06T19:06:03+08:00,1.3635,103.68,C,Cloud to Cloud,2026-07-06T19:03:49.544+08:00
2026-07-07 13:57:25,2026-07-06T19:04:00+08:00,2026-07-06T19:06:03+08:00,1.3616,103.6801,C,Cloud to Cloud,2026-07-06T19:03:49.545+08:00
2026-07-07 13:57:25,2026-07-06T19:04:00+08:00,2026-07-06T19:06:03+08:00,1.3638,103.6825,C,Cloud to Cloud,2026-07-06T19:03:49.545+08:00
2026-07-07 13:57:25,2026-07-06T19:04:00+08:00,2026-07-06T19:06:03+08:00,1.3617,103.6805,C,Cloud to Cloud,2026-07-06T19:03:49.545+08:00
2026-07-07 13:57:25,2026-07-06T19:04:00+08:00,2026-07-06T19:06:03+08:00,1.3642,103.677,C,Cloud to Cloud,2026-07-06T19:03:49.545+08:00
2026-07-07 13:57:25,2026-07-06T19:04:00+08:00,2026-07-06T19:06:03+08:00,1.3644,103.6799,C,Cloud to Cloud,2026-07-06T19:03:49.545+08:00
2026-07-07 13:57:25,2026-07-06T19:04:00+08:00,2026-07-06T19:06:03+08:00,1.3632,103.6799,C,Cloud to Cloud,2026-07-06T19:03:49.545+08:00
2026-07-07 13:57:25,2026-07-06T19:04:00+08:00,2026-07-06T19:06:03+08:00,1.3642,103.6801,C,Cloud to Cloud,2026-07-06T19:03:49.545+08:00
2026-07-07 13:57:25,2026-07-06T19:04:00+08:00,2026-07-06T19:06:03+08:00,1.3639,103.6769,C,Cloud to Cloud,2026-07-06T19:03:49.545+08:00
2026-07-07 13:57:25,2026-07-06T19:04:00+08:00,2026-07-06T19:06:03+08:00,1.3637,103.6786,C,Cloud to Cloud,2026-07-06T19:03:49.545+08:00
2026-07-07 13:57:25,2026-07-06T19:04:00+08:00,2026-07-06T19:06:03+08:00,1.3657,103.6774,C,Cloud to Cloud,2026-07-06T19:03:49.545+08:00
2026-07-07 13:57:25,2026-07-06T19:04:00+08:00,2026-07-06T19:06:03+08:00,1.3643,103.6767,C,Cloud to Cloud,2026-07-06T19:03:49.546+08:00
2026-07-07 13:57:25,2026-07-06T19:04:00+08:00,2026-07-06T19:06:03+08:00,1.3632,103.6781,C,Cloud to Cloud,2026-07-06T19:03:49.546+08:00
2026-07-07 13:57:25,2026-07-06T19:04:00+08:00,2026-07-06T19:06:03+08:00,1.3487,103.6676,C,Cloud to Cloud,2026-07-06T19:03:49.546+08:00
2026-07-07 13:57:25,2026-07-06T19:04:00+08:00,2026-07-06T19:06:03+08:00,1.3659,103.6803,C,Cloud to Cloud,2026-07-06T19:03:49.546+08:00
2026-07-07 13:57:25,2026-07-06T19:04:00+08:00,2026-07-06T19:06:03+08:00,1.3642,103.6783,C,Cloud to Cloud,2026-07-06T19:03:49.546+08:00
2026-07-07 13:57:25,2026-07-06T19:04:00+08:00,2026-07-06T19:06:03+08:00,1.3659,103.6792,C,Cloud to Cloud,2026-07-06T19:03:49.546+08:00
2026-07-07 13:57:25,2026-07-06T19:04:00+08:00,2026-07-06T19:06:03+08:00,1.3661,103.6795,C,Cloud to Cloud,2026-07-06T19:03:49.546+08:00
2026-07-07 13:57:25,2026-07-06T19:04:00+08:00,2026-07-06T19:06:03+08:00,1.3677,103.6777,C,Cloud to Cloud,2026-07-06T19:03:49.546+08:00
2026-07-07 13:57:25,2026-07-06T19:04:00+08:00,2026-07-06T19:06:03+08:00,1.3624,103.6714,C,Cloud to Cloud,2026-07-06T19:03:49.546+08:00
2026-07-07 13:57:25,2026-07-06T19:04:00+08:00,2026-07-06T19:06:03+08:00,1.3653,103.6791,C,Cloud to Cloud,2026-07-06T19:03:49.546+08:00
2026-07-07 13:57:25,2026-07-06T19:04:00+08:00,2026-07-06T19:06:03+08:00,1.3668,103.6789,C,Cloud to Cloud,2026-07-06T19:03:49.547+08:00
2026-07-07 13:57:25,2026-07-06T19:04:00+08:00,2026-07-06T19:06:03+08:00,1.3683,103.6807,C,Cloud to Cloud,2026-07-06T19:03:49.547+08:00
2026-07-07 13:57:25,2026-07-06T19:04:00+08:00,2026-07-06T19:06:03+08:00,1.3687,103.6785,C,Cloud to Cloud,2026-07-06T19:03:49.547+08:00
2026-07-07 13:57:25,2026-07-06T19:04:00+08:00,2026-07-06T19:06:03+08:00,1.3664,103.6797,C,Cloud to Cloud,2026-07-06T19:03:49.547+08:00
2026-07-07 13:57:25,2026-07-06T19:04:00+08:00,2026-07-06T19:06:03+08:00,1.3664,103.6797,C,Cloud to Cloud,2026-07-06T19:03:49.547+08:00
2026-07-07 13:57:25,2026-07-06T19:04:00+08:00,2026-07-06T19:06:03+08:00,1.3678,103.6786,C,Cloud to Cloud,2026-07-06T19:03:49.547+08:00
2026-07-07 13:57:25,2026-07-06T19:04:00+08:00,2026-07-06T19:06:03+08:00,1.3687,103.6797,C,Cloud to Cloud,2026-07-06T19:03:49.547+08:00
2026-07-07 13:57:25,2026-07-06T19:04:00+08:00,2026-07-06T19:06:03+08:00,1.367,103.6774,C,Cloud to Cloud,2026-07-06T19:03:49.547+08:00
2026-07-07 13:57:25,2026-07-06T19:04:00+08:00,2026-07-06T19:06:03+08:00,1.3673,103.6777,C,Cloud to Cloud,2026-07-06T19:03:49.547+08:00
2026-07-07 13:57:25,2026-07-06T19:04:00+08:00,2026-07-06T19:06:03+08:00,1.3711,103.6782,C,Cloud to Cloud,2026-07-06T19:03:49.548+08:00
2026-07-07 13:57:25,2026-07-06T19:04:00+08:00,2026-07-06T19:06:03+08:00,1.3711,103.6783,C,Cloud to Cloud,2026-07-06T19:03:49.548+08:00
2026-07-07 13:57:25,2026-07-06T19:04:00+08:00,2026-07-06T19:06:03+08:00,1.3656,103.6822,C,Cloud to Cloud,2026-07-06T19:03:49.548+08:00
2026-07-07 13:57:25,2026-07-06T19:04:00+08:00,2026-07-06T19:06:03+08:00,1.3656,103.6822,C,Cloud to Cloud,2026-07-06T19:03:49.548+08:00
2026-07-07 13:57:25,2026-07-06T19:04:00+08:00,2026-07-06T19:06:03+08:00,1.3748,103.677,C,Cloud to Cloud,2026-07-06T19:03:49.566+08:00
2026-07-07 13:57:25,2026-07-06T19:04:00+08:00,2026-07-06T19:06:03+08:00,1.3748,103.677,C,Cloud to Cloud,2026-07-06T19:03:49.566+08:00
2026-07-07 13:57:25,2026-07-06T19:04:00+08:00,2026-07-06T19:06:03+08:00,1.3713,103.6806,C,Cloud to Cloud,2026-07-06T19:03:49.567+08:00
2026-07-07 13:57:25,2026-07-06T19:04:00+08:00,2026-07-06T19:06:03+08:00,1.3714,103.6807,C,Cloud to Cloud,2026-07-06T19:03:49.567+08:00
2026-07-07 13:57:25,2026-07-06T19:04:00+08:00,2026-07-06T19:06:03+08:00,1.3755,103.6771,C,Cloud to Cloud,2026-07-06T19:03:49.567+08:00
2026-07-07 13:57:25,2026-07-06T19:04:00+08:00,2026-07-06T19:06:03+08:00,1.3759,103.6777,C,Cloud to Cloud,2026-07-06T19:03:49.567+08:00
2026-07-07 13:57:25,2026-07-06T19:04:00+08:00,2026-07-06T19:06:03+08:00,1.3769,103.6766,C,Cloud to Cloud,2026-07-06T19:03:49.567+08:00
2026-07-07 13:57:25,2026-07-06T19:04:00+08:00,2026-07-06T19:06:03+08:00,1.3748,103.6738,C,Cloud to Cloud,2026-07-06T19:03:49.567+08:00
2026-07-07 13:57:25,2026-07-06T19:04:00+08:00,2026-07-06T19:06:03+08:00,1.3742,103.6763,C,Cloud to Cloud,2026-07-06T19:03:49.568+08:00
2026-07-07 13:57:25,2026-07-06T19:04:00+08:00,2026-07-06T19:06:03+08:00,1.3742,103.6763,C,Cloud to Cloud,2026-07-06T19:03:49.568+08:00
2026-07-07 13:57:25,2026-07-06T19:04:00+08:00,2026-07-06T19:06:03+08:00,1.374,103.6727,C,Cloud to Cloud,2026-07-06T19:03:49.568+08:00
2026-07-07 13:57:25,2026-07-06T19:04:00+08:00,2026-07-06T19:06:03+08:00,1.3726,103.6764,C,Cloud to Cloud,2026-07-06T19:03:49.568+08:00
2026-07-07 13:57:25,2026-07-06T19:04:00+08:00,2026-07-06T19:06:03+08:00,1.373,103.6778,C,Cloud to Cloud,2026-07-06T19:03:49.568+08:00
2026-07-07 13:57:25,2026-07-06T19:04:00+08:00,2026-07-06T19:06:03+08:00,1.3713,103.6756,C,Cloud to Cloud,2026-07-06T19:03:49.568+08:00
2026-07-07 13:57:25,2026-07-06T19:04:00+08:00,2026-07-06T19:06:03+08:00,1.3769,103.6755,C,Cloud to Cloud,2026-07-06T19:03:49.569+08:00
2026-07-07 13:57:25,2026-07-06T19:04:00+08:00,2026-07-06T19:06:03+08:00,1.3758,103.6739,C,Cloud to Cloud,2026-07-06T19:03:49.569+08:00
2026-07-07 13:57:25,2026-07-06T19:04:00+08:00,2026-07-06T19:06:03+08:00,1.3752,103.6746,C,Cloud to Cloud,2026-07-06T19:03:49.569+08:00
2026-07-07 13:57:25,2026-07-06T19:04:00+08:00,2026-07-06T19:06:03+08:00,1.3519,103.6435,C,Cloud to Cloud,2026-07-06T19:03:49.569+08:00
2026-07-07 13:57:25,2026-07-06T19:04:00+08:00,2026-07-06T19:06:03+08:00,1.3751,103.6767,C,Cloud to Cloud,2026-07-06T19:03:49.569+08:00
2026-07-07 13:57:25,2026-07-06T19:04:00+08:00,2026-07-06T19:06:03+08:00,1.3753,103.6728,C,Cloud to Cloud,2026-07-06T19:03:49.569+08:00
2026-07-07 13:57:25,2026-07-06T19:04:00+08:00,2026-07-06T19:06:03+08:00,1.3731,103.6746,C,Cloud to Cloud,2026-07-06T19:03:49.569+08:00
2026-07-07 13:57:25,2026-07-06T19:04:00+08:00,2026-07-06T19:06:03+08:00,1.3739,103.675,C,Cloud to Cloud,2026-07-06T19:03:49.569+08:00
2026-07-07 13:57:25,2026-07-06T19:04:00+08:00,2026-07-06T19:06:03+08:00,1.3744,103.6757,C,Cloud to Cloud,2026-07-06T19:03:49.569+08:00
2026-07-07 13:57:25,2026-07-06T19:04:00+08:00,2026-07-06T19:06:03+08:00,1.3726,103.6775,C,Cloud to Cloud,2026-07-06T19:03:49.57+08:00
2026-07-07 13:57:25,2026-07-06T19:04:00+08:00,2026-07-06T19:06:03+08:00,1.3749,103.6732,C,Cloud to Cloud,2026-07-06T19:03:49.57+08:00
2026-07-07 13:57:25,2026-07-06T19:04:00+08:00,2026-07-06T19:06:03+08:00,1.3729,103.6723,C,Cloud to Cloud,2026-07-06T19:03:49.57+08:00
2026-07-07 13:57:25,2026-07-06T19:04:00+08:00,2026-07-06T19:06:03+08:00,1.3755,103.6758,C,Cloud to Cloud,2026-07-06T19:03:49.57+08:00
2026-07-07 13:57:25,2026-07-06T19:04:00+08:00,2026-07-06T19:06:03+08:00,1.3728,103.6738,C,Cloud to Cloud,2026-07-06T19:03:49.57+08:00
2026-07-07 13:57:25,2026-07-06T19:04:00+08:00,2026-07-06T19:06:03+08:00,1.3737,103.6758,C,Cloud to Cloud,2026-07-06T19:03:49.57+08:00
2026-07-07 13:57:25,2026-07-06T19:04:00+08:00,2026-07-06T19:06:03+08:00,1.3716,103.6703,C,Cloud to Cloud,2026-07-06T19:03:49.57+08:00
2026-07-07 13:57:25,2026-07-06T19:04:00+08:00,2026-07-06T19:06:03+08:00,1.372,103.6701,C,Cloud to Cloud,2026-07-06T19:03:49.571+08:00
2026-07-07 13:57:25,2026-07-06T19:04:00+08:00,2026-07-06T19:06:03+08:00,1.3702,103.6755,C,Cloud to Cloud,2026-07-06T19:03:49.571+08:00
2026-07-07 13:57:25,2026-07-06T19:04:00+08:00,2026-07-06T19:06:03+08:00,1.3739,103.6748,C,Cloud to Cloud,2026-07-06T19:03:49.571+08:00
2026-07-07 13:57:25,2026-07-06T19:04:00+08:00,2026-07-06T19:06:03+08:00,1.3713,103.6736,C,Cloud to Cloud,2026-07-06T19:03:49.571+08:00
2026-07-07 13:57:25,2026-07-06T19:04:00+08:00,2026-07-06T19:06:03+08:00,1.3698,103.6717,C,Cloud to Cloud,2026-07-06T19:03:49.571+08:00
2026-07-07 13:57:25,2026-07-06T19:04:00+08:00,2026-07-06T19:06:03+08:00,1.3698,103.6728,C,Cloud to Cloud,2026-07-06T19:03:49.571+08:00
2026-07-07 13:57:25,2026-07-06T19:04:00+08:00,2026-07-06T19:06:03+08:00,1.3705,103.6742,C,Cloud to Cloud,2026-07-06T19:03:49.571+08:00
2026-07-07 13:57:25,2026-07-06T19:04:00+08:00,2026-07-06T19:06:03+08:00,1.3701,103.6723,C,Cloud to Cloud,2026-07-06T19:03:49.571+08:00
2026-07-07 13:57:25,2026-07-06T19:04:00+08:00,2026-07-06T19:06:03+08:00,1.3697,103.6718,C,Cloud to Cloud,2026-07-06T19:03:49.571+08:00
2026-07-07 13:57:25,2026-07-06T19:04:00+08:00,2026-07-06T19:06:03+08:00,1.3709,103.6699,C,Cloud to Cloud,2026-07-06T19:03:49.572+08:00
2026-07-07 13:57:25,2026-07-06T19:04:00+08:00,2026-07-06T19:06:03+08:00,1.3712,103.6699,C,Cloud to Cloud,2026-07-06T19:03:49.572+08:00
2026-07-07 13:57:25,2026-07-06T19:04:00+08:00,2026-07-06T19:06:03+08:00,1.3706,103.6699,C,Cloud to Cloud,2026-07-06T19:03:49.572+08:00
2026-07-07 13:57:25,2026-07-06T19:04:00+08:00,2026-07-06T19:06:03+08:00,1.3708,103.6742,C,Cloud to Cloud,2026-07-06T19:03:49.572+08:00
2026-07-07 13:57:25,2026-07-06T19:04:00+08:00,2026-07-06T19:06:03+08:00,1.3685,103.6753,C,Cloud to Cloud,2026-07-06T19:03:49.572+08:00
2026-07-07 13:57:25,2026-07-06T19:04:00+08:00,2026-07-06T19:06:03+08:00,1.3689,103.673,C,Cloud to Cloud,2026-07-06T19:03:49.572+08:00
2026-07-07 13:57:25,2026-07-06T19:04:00+08:00,2026-07-06T19:06:03+08:00,1.3704,103.6743,C,Cloud to Cloud,2026-07-06T19:03:49.573+08:00
2026-07-07 13:57:25,2026-07-06T19:04:00+08:00,2026-07-06T19:06:03+08:00,1.3682,103.6715,C,Cloud to Cloud,2026-07-06T19:03:49.573+08:00
2026-07-07 13:57:25,2026-07-06T19:04:00+08:00,2026-07-06T19:06:03+08:00,1.3723,103.67,C,Cloud to Cloud,2026-07-06T19:03:49.573+08:00
2026-07-07 13:57:25,2026-07-06T19:04:00+08:00,2026-07-06T19:06:03+08:00,1.3703,103.6695,C,Cloud to Cloud,2026-07-06T19:03:49.573+08:00
2026-07-07 13:57:25,2026-07-06T19:04:00+08:00,2026-07-06T19:06:03+08:00,1.369,103.6685,C,Cloud to Cloud,2026-07-06T19:03:49.573+08:00
2026-07-07 13:57:25,2026-07-06T19:04:00+08:00,2026-07-06T19:06:03+08:00,1.3705,103.6727,C,Cloud to Cloud,2026-07-06T19:03:49.573+08:00
2026-07-07 13:57:25,2026-07-06T19:04:00+08:00,2026-07-06T19:06:03+08:00,1.3711,103.6728,C,Cloud to Cloud,2026-07-06T19:03:49.573+08:00
2026-07-07 13:57:25,2026-07-06T19:04:00+08:00,2026-07-06T19:06:03+08:00,1.3699,103.6679,C,Cloud to Cloud,2026-07-06T19:03:49.573+08:00
2026-07-07 13:57:25,2026-07-06T19:04:00+08:00,2026-07-06T19:06:03+08:00,1.3696,103.669,C,Cloud to Cloud,2026-07-06T19:03:49.573+08:00
2026-07-07 13:57:25,2026-07-06T19:04:00+08:00,2026-07-06T19:06:03+08:00,1.3693,103.6717,C,Cloud to Cloud,2026-07-06T19:03:49.573+08:00
2026-07-07 13:57:25,2026-07-06T19:04:00+08:00,2026-07-06T19:06:03+08:00,1.3708,103.6732,C,Cloud to Cloud,2026-07-06T19:03:49.574+08:00
2026-07-07 13:57:25,2026-07-06T19:04:00+08:00,2026-07-06T19:06:03+08:00,1.3672,103.6703,C,Cloud to Cloud,2026-07-06T19:03:49.574+08:00
2026-07-07 13:57:25,2026-07-06T19:04:00+08:00,2026-07-06T19:06:03+08:00,1.3693,103.6693,C,Cloud to Cloud,2026-07-06T19:03:49.574+08:00
2026-07-07 13:57:25,2026-07-06T19:04:00+08:00,2026-07-06T19:06:03+08:00,1.3718,103.6711,C,Cloud to Cloud,2026-07-06T19:03:49.574+08:00
2026-07-07 13:57:25,2026-07-06T19:04:00+08:00,2026-07-06T19:06:03+08:00,1.3684,103.6731,C,Cloud to Cloud,2026-07-06T19:03:49.575+08:00
2026-07-07 13:57:25,2026-07-06T19:04:00+08:00,2026-07-06T19:06:03+08:00,1.3685,103.6705,C,Cloud to Cloud,2026-07-06T19:03:49.575+08:00
2026-07-07 13:57:25,2026-07-06T19:04:00+08:00,2026-07-06T19:06:03+08:00,1.3687,103.672,C,Cloud to Cloud,2026-07-06T19:03:49.575+08:00
2026-07-07 13:57:25,2026-07-06T19:04:00+08:00,2026-07-06T19:06:03+08:00,1.369,103.6706,C,Cloud to Cloud,2026-07-06T19:03:49.575+08:00
2026-07-07 13:57:25,2026-07-06T19:04:00+08:00,2026-07-06T19:06:03+08:00,1.3682,103.67,C,Cloud to Cloud,2026-07-06T19:03:49.575+08:00
2026-07-07 13:57:25,2026-07-06T19:04:00+08:00,2026-07-06T19:06:03+08:00,1.3688,103.6719,C,Cloud to Cloud,2026-07-06T19:03:49.575+08:00
2026-07-07 13:57:25,2026-07-06T19:04:00+08:00,2026-07-06T19:06:03+08:00,1.3672,103.671,C,Cloud to Cloud,2026-07-06T19:03:49.577+08:00
2026-07-07 13:57:25,2026-07-06T19:04:00+08:00,2026-07-06T19:06:03+08:00,1.3648,103.6774,C,Cloud to Cloud,2026-07-06T19:03:49.578+08:00
2026-07-07 13:57:25,2026-07-06T19:04:00+08:00,2026-07-06T19:06:03+08:00,1.3648,103.6774,C,Cloud to Cloud,2026-07-06T19:03:49.578+08:00
2026-07-07 13:57:25,2026-07-06T19:04:00+08:00,2026-07-06T19:06:03+08:00,1.366,103.677,C,Cloud to Cloud,2026-07-06T19:03:49.578+08:00
2026-07-07 13:57:25,2026-07-06T19:04:00+08:00,2026-07-06T19:06:03+08:00,1.3667,103.6779,C,Cloud to Cloud,2026-07-06T19:03:49.578+08:00
2026-07-07 13:57:25,2026-07-06T19:04:00+08:00,2026-07-06T19:06:03+08:00,1.3678,103.6725,C,Cloud to Cloud,2026-07-06T19:03:49.579+08:00
2026-07-07 13:57:25,2026-07-06T19:04:00+08:00,2026-07-06T19:06:03+08:00,1.3683,103.6737,C,Cloud to Cloud,2026-07-06T19:03:49.579+08:00
2026-07-07 13:57:25,2026-07-06T19:04:00+08:00,2026-07-06T19:06:03+08:00,1.3685,103.6731,C,Cloud to Cloud,2026-07-06T19:03:49.579+08:00
2026-07-07 13:57:25,2026-07-06T19:04:00+08:00,2026-07-06T19:06:03+08:00,1.368,103.674,C,Cloud to Cloud,2026-07-06T19:03:49.579+08:00
2026-07-07 13:57:25,2026-07-06T19:04:00+08:00,2026-07-06T19:06:03+08:00,1.3682,103.6679,C,Cloud to Cloud,2026-07-06T19:03:49.579+08:00
2026-07-07 13:57:25,2026-07-06T19:04:00+08:00,2026-07-06T19:06:03+08:00,1.368,103.6744,C,Cloud to Cloud,2026-07-06T19:03:49.579+08:00
2026-07-07 13:57:25,2026-07-06T19:04:00+08:00,2026-07-06T19:06:03+08:00,1.366,103.6753,C,Cloud to Cloud,2026-07-06T19:03:49.579+08:00
2026-07-07 13:57:25,2026-07-06T19:04:00+08:00,2026-07-06T19:06:03+08:00,1.3654,103.6757,C,Cloud to Cloud,2026-07-06T19:03:49.58+08:00
2026-07-07 13:57:25,2026-07-06T19:04:00+08:00,2026-07-06T19:06:03+08:00,1.3644,103.6744,C,Cloud to Cloud,2026-07-06T19:03:49.58+08:00
2026-07-07 13:57:25,2026-07-06T19:04:00+08:00,2026-07-06T19:06:03+08:00,1.3669,103.6716,C,Cloud to Cloud,2026-07-06T19:03:49.58+08:00
2026-07-07 13:57:25,2026-07-06T19:04:00+08:00,2026-07-06T19:06:03+08:00,1.3686,103.6664,C,Cloud to Cloud,2026-07-06T19:03:49.581+08:00
2026-07-07 13:57:25,2026-07-06T19:04:00+08:00,2026-07-06T19:06:03+08:00,1.364,103.6778,C,Cloud to Cloud,2026-07-06T19:03:49.581+08:00
2026-07-07 13:57:25,2026-07-06T19:04:00+08:00,2026-07-06T19:06:03+08:00,1.3681,103.6729,C,Cloud to Cloud,2026-07-06T19:03:49.581+08:00
2026-07-07 13:57:25,2026-07-06T19:04:00+08:00,2026-07-06T19:06:03+08:00,1.3652,103.6758,C,Cloud to Cloud,2026-07-06T19:03:49.581+08:00
2026-07-07 13:57:25,2026-07-06T19:04:00+08:00,2026-07-06T19:06:03+08:00,1.3682,103.6723,C,Cloud to Cloud,2026-07-06T19:03:49.581+08:00
2026-07-07 13:57:25,2026-07-06T19:04:00+08:00,2026-07-06T19:06:03+08:00,1.3698,103.669,C,Cloud to Cloud,2026-07-06T19:03:49.581+08:00
2026-07-07 13:57:25,2026-07-06T19:04:00+08:00,2026-07-06T19:06:03+08:00,1.369,103.6673,C,Cloud to Cloud,2026-07-06T19:03:49.582+08:00
2026-07-07 13:57:25,2026-07-06T19:04:00+08:00,2026-07-06T19:06:03+08:00,1.3692,103.6721,C,Cloud to Cloud,2026-07-06T19:03:49.582+08:00
2026-07-07 13:57:25,2026-07-06T19:04:00+08:00,2026-07-06T19:06:03+08:00,1.3684,103.6727,C,Cloud to Cloud,2026-07-06T19:03:49.582+08:00
2026-07-07 13:57:25,2026-07-06T19:04:00+08:00,2026-07-06T19:06:03+08:00,1.3708,103.6713,C,Cloud to Cloud,2026-07-06T19:03:49.582+08:00
2026-07-07 13:57:25,2026-07-06T19:04:00+08:00,2026-07-06T19:06:03+08:00,1.3709,103.6693,C,Cloud to Cloud,2026-07-06T19:03:49.582+08:00
2026-07-07 13:57:25,2026-07-06T19:04:00+08:00,2026-07-06T19:06:03+08:00,1.37,103.6725,C,Cloud to Cloud,2026-07-06T19:03:49.583+08:00
2026-07-07 13:57:25,2026-07-06T19:04:00+08:00,2026-07-06T19:06:03+08:00,1.3699,103.6667,C,Cloud to Cloud,2026-07-06T19:03:49.583+08:00
2026-07-07 13:57:25,2026-07-06T19:04:00+08:00,2026-07-06T19:06:03+08:00,1.3693,103.6697,C,Cloud to Cloud,2026-07-06T19:03:49.583+08:00
2026-07-07 13:57:25,2026-07-06T19:04:00+08:00,2026-07-06T19:06:03+08:00,1.3695,103.6618,C,Cloud to Cloud,2026-07-06T19:03:49.583+08:00
2026-07-07 13:57:25,2026-07-06T19:04:00+08:00,2026-07-06T19:06:03+08:00,1.3691,103.6719,C,Cloud to Cloud,2026-07-06T19:03:49.583+08:00
2026-07-07 13:57:25,2026-07-06T19:04:00+08:00,2026-07-06T19:06:03+08:00,1.3714,103.66,C,Cloud to Cloud,2026-07-06T19:03:49.583+08:00
2026-07-07 13:57:25,2026-07-06T19:04:00+08:00,2026-07-06T19:06:03+08:00,1.3679,103.658,G,Cloud to Ground,2026-07-06T19:03:49.583+08:00
2026-07-07 13:57:25,2026-07-06T19:04:00+08:00,2026-07-06T19:06:03+08:00,1.3695,103.6715,C,Cloud to Cloud,2026-07-06T19:03:49.583+08:00
2026-07-07 13:57:25,2026-07-06T19:04:00+08:00,2026-07-06T19:06:03+08:00,1.354,103.6625,C,Cloud to Cloud,2026-07-06T19:03:49.584+08:00
2026-07-07 13:57:25,2026-07-06T19:04:00+08:00,2026-07-06T19:06:03+08:00,1.3594,103.6687,C,Cloud to Cloud,2026-07-06T19:03:49.584+08:00
2026-07-07 13:57:25,2026-07-06T19:04:00+08:00,2026-07-06T19:06:03+08:00,1.3722,103.6478,C,Cloud to Cloud,2026-07-06T19:03:49.584+08:00
2026-07-07 13:57:25,2026-07-06T19:04:00+08:00,2026-07-06T19:06:03+08:00,1.364,103.68,C,Cloud to Cloud,2026-07-06T19:03:49.584+08:00
2026-07-07 13:57:25,2026-07-06T19:04:00+08:00,2026-07-06T19:06:03+08:00,1.3661,103.6617,C,Cloud to Cloud,2026-07-06T19:03:49.584+08:00
2026-07-07 13:57:25,2026-07-06T19:04:00+08:00,2026-07-06T19:06:03+08:00,1.3661,103.6617,C,Cloud to Cloud,2026-07-06T19:03:49.584+08:00
2026-07-07 13:57:25,2026-07-06T19:04:00+08:00,2026-07-06T19:06:03+08:00,1.3624,103.6716,C,Cloud to Cloud,2026-07-06T19:03:49.584+08:00
2026-07-07 13:57:25,2026-07-06T19:04:00+08:00,2026-07-06T19:06:03+08:00,1.3598,103.6757,C,Cloud to Cloud,2026-07-06T19:03:49.584+08:00
2026-07-07 13:57:25,2026-07-06T19:04:00+08:00,2026-07-06T19:06:03+08:00,1.3463,103.6593,C,Cloud to Cloud,2026-07-06T19:03:49.584+08:00
2026-07-07 13:57:25,2026-07-06T19:04:00+08:00,2026-07-06T19:06:03+08:00,1.3564,103.6885,C,Cloud to Cloud,2026-07-06T19:03:49.584+08:00
2026-07-07 13:57:25,2026-07-06T19:04:00+08:00,2026-07-06T19:06:03+08:00,1.3666,103.6548,C,Cloud to Cloud,2026-07-06T19:03:49.604+08:00
2026-07-07 13:57:25,2026-07-06T19:04:00+08:00,2026-07-06T19:06:03+08:00,1.3621,103.6576,C,Cloud to Cloud,2026-07-06T19:03:49.617+08:00
2026-07-07 13:57:25,2026-07-06T19:04:00+08:00,2026-07-06T19:06:03+08:00,1.3941,103.6986,C,Cloud to Cloud,2026-07-06T19:03:49.617+08:00
2026-07-07 13:57:25,2026-07-06T19:04:00+08:00,2026-07-06T19:06:03+08:00,1.3717,103.6673,C,Cloud to Cloud,2026-07-06T19:03:49.617+08:00
2026-07-07 13:57:25,2026-07-06T19:04:00+08:00,2026-07-06T19:06:03+08:00,1.375,103.6664,C,Cloud to Cloud,2026-07-06T19:03:49.618+08:00
2026-07-07 13:57:25,2026-07-06T19:04:00+08:00,2026-07-06T19:06:03+08:00,1.3584,103.6492,C,Cloud to Cloud,2026-07-06T19:03:49.73+08:00
2026-07-07 13:57:25,2026-07-06T19:02:00+08:00,2026-07-06T19:04:03+08:00,1.362,103.6567,C,Cloud to Cloud,2026-07-06T19:00:30.235+08:00
2026-07-07 13:57:25,2026-07-06T19:02:00+08:00,2026-07-06T19:04:03+08:00,1.3621,103.6566,C,Cloud to Cloud,2026-07-06T19:00:30.235+08:00
2026-07-07 13:57:25,2026-07-06T19:02:00+08:00,2026-07-06T19:04:03+08:00,1.3633,103.6532,C,Cloud to Cloud,2026-07-06T19:00:30.235+08:00
2026-07-07 13:57:25,2026-07-06T19:02:00+08:00,2026-07-06T19:04:03+08:00,1.3608,103.6561,C,Cloud to Cloud,2026-07-06T19:00:30.235+08:00
2026-07-07 13:57:25,2026-07-06T19:02:00+08:00,2026-07-06T19:04:03+08:00,1.3676,103.6653,C,Cloud to Cloud,2026-07-06T19:00:30.272+08:00
2026-07-07 13:57:25,2026-07-06T19:02:00+08:00,2026-07-06T19:04:03+08:00,1.3676,103.6653,C,Cloud to Cloud,2026-07-06T19:00:30.272+08:00
2026-07-07 13:57:25,2026-07-06T19:02:00+08:00,2026-07-06T19:04:03+08:00,1.3672,103.6639,C,Cloud to Cloud,2026-07-06T19:00:30.272+08:00
2026-07-07 13:57:25,2026-07-06T19:02:00+08:00,2026-07-06T19:04:03+08:00,1.3667,103.6632,C,Cloud to Cloud,2026-07-06T19:00:30.272+08:00
2026-07-07 13:57:25,2026-07-06T19:02:00+08:00,2026-07-06T19:04:03+08:00,1.3655,103.6606,C,Cloud to Cloud,2026-07-06T19:00:30.273+08:00
2026-07-07 13:57:25,2026-07-06T19:02:00+08:00,2026-07-06T19:04:03+08:00,1.3673,103.6632,C,Cloud to Cloud,2026-07-06T19:00:30.273+08:00
2026-07-07 13:57:25,2026-07-06T19:02:00+08:00,2026-07-06T19:04:03+08:00,1.3662,103.6603,C,Cloud to Cloud,2026-07-06T19:00:30.273+08:00
2026-07-07 13:57:25,2026-07-06T19:02:00+08:00,2026-07-06T19:04:03+08:00,1.3652,103.66,C,Cloud to Cloud,2026-07-06T19:00:30.273+08:00
2026-07-07 13:57:25,2026-07-06T19:02:00+08:00,2026-07-06T19:04:03+08:00,1.3674,103.663,C,Cloud to Cloud,2026-07-06T19:00:30.273+08:00
2026-07-07 13:57:25,2026-07-06T19:02:00+08:00,2026-07-06T19:04:03+08:00,1.3664,103.6611,C,Cloud to Cloud,2026-07-06T19:00:30.273+08:00
2026-07-07 13:57:25,2026-07-06T19:02:00+08:00,2026-07-06T19:04:03+08:00,1.3671,103.6609,C,Cloud to Cloud,2026-07-06T19:00:30.273+08:00
2026-07-07 13:57:25,2026-07-06T19:02:00+08:00,2026-07-06T19:04:03+08:00,1.3664,103.6592,C,Cloud to Cloud,2026-07-06T19:00:30.274+08:00
2026-07-07 13:57:25,2026-07-06T19:02:00+08:00,2026-07-06T19:04:03+08:00,1.3661,103.6588,C,Cloud to Cloud,2026-07-06T19:00:30.274+08:00
2026-07-07 13:57:25,2026-07-06T19:02:00+08:00,2026-07-06T19:04:03+08:00,1.3679,103.6594,C,Cloud to Cloud,2026-07-06T19:00:30.274+08:00
2026-07-07 13:57:25,2026-07-06T19:02:00+08:00,2026-07-06T19:04:03+08:00,1.3667,103.6563,C,Cloud to Cloud,2026-07-06T19:00:30.274+08:00
2026-07-07 13:57:25,2026-07-06T19:02:00+08:00,2026-07-06T19:04:03+08:00,1.3662,103.6582,C,Cloud to Cloud,2026-07-06T19:00:30.274+08:00
2026-07-07 13:57:25,2026-07-06T19:02:00+08:00,2026-07-06T19:04:03+08:00,1.3657,103.6566,C,Cloud to Cloud,2026-07-06T19:00:30.274+08:00
2026-07-07 13:57:25,2026-07-06T19:02:00+08:00,2026-07-06T19:04:03+08:00,1.3673,103.6569,C,Cloud to Cloud,2026-07-06T19:00:30.274+08:00
2026-07-07 13:57:25,2026-07-06T19:02:00+08:00,2026-07-06T19:04:03+08:00,1.367,103.6579,C,Cloud to Cloud,2026-07-06T19:00:30.274+08:00
2026-07-07 13:57:25,2026-07-06T19:02:00+08:00,2026-07-06T19:04:03+08:00,1.3674,103.6586,C,Cloud to Cloud,2026-07-06T19:00:30.274+08:00
2026-07-07 13:57:25,2026-07-06T19:02:00+08:00,2026-07-06T19:04:03+08:00,1.3671,103.6563,C,Cloud to Cloud,2026-07-06T19:00:30.275+08:00
2026-07-07 13:57:25,2026-07-06T19:02:00+08:00,2026-07-06T19:04:03+08:00,1.3678,103.659,C,Cloud to Cloud,2026-07-06T19:00:30.275+08:00
2026-07-07 13:57:25,2026-07-06T19:02:00+08:00,2026-07-06T19:04:03+08:00,1.3681,103.6571,C,Cloud to Cloud,2026-07-06T19:00:30.275+08:00
2026-07-07 13:57:25,2026-07-06T19:02:00+08:00,2026-07-06T19:04:03+08:00,1.3679,103.6586,C,Cloud to Cloud,2026-07-06T19:00:30.275+08:00
2026-07-07 13:57:25,2026-07-06T19:02:00+08:00,2026-07-06T19:04:03+08:00,1.3658,103.6569,C,Cloud to Cloud,2026-07-06T19:00:30.275+08:00
2026-07-07 13:57:25,2026-07-06T19:02:00+08:00,2026-07-06T19:04:03+08:00,1.365,103.6629,C,Cloud to Cloud,2026-07-06T19:00:30.275+08:00
2026-07-07 13:57:25,2026-07-06T19:02:00+08:00,2026-07-06T19:04:03+08:00,1.3668,103.657,C,Cloud to Cloud,2026-07-06T19:00:30.275+08:00
2026-07-07 13:57:25,2026-07-06T19:02:00+08:00,2026-07-06T19:04:03+08:00,1.3652,103.6562,C,Cloud to Cloud,2026-07-06T19:00:30.275+08:00
2026-07-07 13:57:25,2026-07-06T19:02:00+08:00,2026-07-06T19:04:03+08:00,1.3685,103.6555,C,Cloud to Cloud,2026-07-06T19:00:30.275+08:00
2026-07-07 13:57:25,2026-07-06T19:02:00+08:00,2026-07-06T19:04:03+08:00,1.3667,103.6572,C,Cloud to Cloud,2026-07-06T19:00:30.276+08:00
2026-07-07 13:57:25,2026-07-06T19:02:00+08:00,2026-07-06T19:04:03+08:00,1.3655,103.6615,C,Cloud to Cloud,2026-07-06T19:00:30.276+08:00
2026-07-07 13:57:25,2026-07-06T19:02:00+08:00,2026-07-06T19:04:03+08:00,1.3671,103.6554,C,Cloud to Cloud,2026-07-06T19:00:30.276+08:00
2026-07-07 13:57:25,2026-07-06T19:02:00+08:00,2026-07-06T19:04:03+08:00,1.3662,103.6529,C,Cloud to Cloud,2026-07-06T19:00:30.276+08:00
2026-07-07 13:57:25,2026-07-06T19:02:00+08:00,2026-07-06T19:04:03+08:00,1.3671,103.6538,C,Cloud to Cloud,2026-07-06T19:00:30.276+08:00
2026-07-07 13:57:25,2026-07-06T19:02:00+08:00,2026-07-06T19:04:03+08:00,1.3671,103.6552,C,Cloud to Cloud,2026-07-06T19:00:30.277+08:00
2026-07-07 13:57:25,2026-07-06T19:02:00+08:00,2026-07-06T19:04:03+08:00,1.3668,103.6559,C,Cloud to Cloud,2026-07-06T19:00:30.277+08:00
2026-07-07 13:57:25,2026-07-06T19:02:00+08:00,2026-07-06T19:04:03+08:00,1.3673,103.6524,C,Cloud to Cloud,2026-07-06T19:00:30.277+08:00
2026-07-07 13:57:25,2026-07-06T19:02:00+08:00,2026-07-06T19:04:03+08:00,1.3673,103.6519,C,Cloud to Cloud,2026-07-06T19:00:30.277+08:00
2026-07-07 13:57:25,2026-07-06T19:02:00+08:00,2026-07-06T19:04:03+08:00,1.3675,103.6521,C,Cloud to Cloud,2026-07-06T19:00:30.277+08:00
2026-07-07 13:57:25,2026-07-06T19:02:00+08:00,2026-07-06T19:04:03+08:00,1.3693,103.654,C,Cloud to Cloud,2026-07-06T19:00:30.277+08:00
2026-07-07 13:57:25,2026-07-06T19:02:00+08:00,2026-07-06T19:04:03+08:00,1.3671,103.6521,C,Cloud to Cloud,2026-07-06T19:00:30.278+08:00
2026-07-07 13:57:25,2026-07-06T19:02:00+08:00,2026-07-06T19:04:03+08:00,1.3655,103.6528,C,Cloud to Cloud,2026-07-06T19:00:30.278+08:00
2026-07-07 13:57:25,2026-07-06T19:02:00+08:00,2026-07-06T19:04:03+08:00,1.3653,103.6524,C,Cloud to Cloud,2026-07-06T19:00:30.278+08:00
2026-07-07 13:57:25,2026-07-06T19:02:00+08:00,2026-07-06T19:04:03+08:00,1.3674,103.6524,C,Cloud to Cloud,2026-07-06T19:00:30.278+08:00
2026-07-07 13:57:25,2026-07-06T19:02:00+08:00,2026-07-06T19:04:03+08:00,1.3674,103.6524,C,Cloud to Cloud,2026-07-06T19:00:30.278+08:00
2026-07-07 13:57:25,2026-07-06T19:02:00+08:00,2026-07-06T19:04:03+08:00,1.3691,103.6597,C,Cloud to Cloud,2026-07-06T19:00:30.334+08:00
2026-07-07 13:57:25,2026-07-06T19:02:00+08:00,2026-07-06T19:04:03+08:00,1.3691,103.6597,C,Cloud to Cloud,2026-07-06T19:00:30.334+08:00
2026-07-07 13:57:25,2026-07-06T19:02:00+08:00,2026-07-06T19:04:03+08:00,1.3734,103.6633,C,Cloud to Cloud,2026-07-06T19:00:30.334+08:00
2026-07-07 13:57:25,2026-07-06T19:02:00+08:00,2026-07-06T19:04:03+08:00,1.3783,103.6691,C,Cloud to Cloud,2026-07-06T19:00:30.334+08:00
2026-07-07 13:57:25,2026-07-06T19:02:00+08:00,2026-07-06T19:04:03+08:00,1.3783,103.6691,C,Cloud to Cloud,2026-07-06T19:00:30.334+08:00
2026-07-07 13:57:25,2026-07-06T19:02:00+08:00,2026-07-06T19:04:03+08:00,1.3825,103.675,C,Cloud to Cloud,2026-07-06T19:00:30.335+08:00
2026-07-07 13:57:25,2026-07-06T19:02:00+08:00,2026-07-06T19:04:03+08:00,1.3662,103.6581,C,Cloud to Cloud,2026-07-06T19:00:30.365+08:00
2026-07-07 13:57:25,2026-07-06T19:02:00+08:00,2026-07-06T19:04:03+08:00,1.3662,103.6581,C,Cloud to Cloud,2026-07-06T19:00:30.365+08:00
2026-07-07 13:57:25,2026-07-06T19:02:00+08:00,2026-07-06T19:04:03+08:00,1.3663,103.6539,C,Cloud to Cloud,2026-07-06T19:00:30.365+08:00
2026-07-07 13:57:25,2026-07-06T19:02:00+08:00,2026-07-06T19:04:03+08:00,1.3581,103.6522,C,Cloud to Cloud,2026-07-06T19:00:30.375+08:00
2026-07-07 13:57:25,2026-07-06T19:02:00+08:00,2026-07-06T19:04:03+08:00,1.3581,103.6522,C,Cloud to Cloud,2026-07-06T19:00:30.375+08:00
2026-07-07 13:57:25,2026-07-06T19:02:00+08:00,2026-07-06T19:04:03+08:00,1.3602,103.6549,C,Cloud to Cloud,2026-07-06T19:00:30.375+08:00
2026-07-07 13:57:25,2026-07-06T19:02:00+08:00,2026-07-06T19:04:03+08:00,1.3597,103.6545,C,Cloud to Cloud,2026-07-06T19:00:30.375+08:00
2026-07-07 13:57:25,2026-07-06T19:02:00+08:00,2026-07-06T19:04:03+08:00,1.3583,103.6521,C,Cloud to Cloud,2026-07-06T19:00:30.375+08:00
2026-07-07 13:57:25,2026-07-06T19:02:00+08:00,2026-07-06T19:04:03+08:00,1.3596,103.6549,C,Cloud to Cloud,2026-07-06T19:00:30.375+08:00
2026-07-07 13:57:25,2026-07-06T19:02:00+08:00,2026-07-06T19:04:03+08:00,1.3592,103.654,C,Cloud to Cloud,2026-07-06T19:00:30.375+08:00
2026-07-07 13:57:25,2026-07-06T19:02:00+08:00,2026-07-06T19:04:03+08:00,1.3568,103.649,C,Cloud to Cloud,2026-07-06T19:00:30.375+08:00
2026-07-07 13:57:25,2026-07-06T19:02:00+08:00,2026-07-06T19:04:03+08:00,1.3575,103.6498,C,Cloud to Cloud,2026-07-06T19:00:30.375+08:00
2026-07-07 13:57:25,2026-07-06T19:02:00+08:00,2026-07-06T19:04:03+08:00,1.3584,103.6503,C,Cloud to Cloud,2026-07-06T19:00:30.375+08:00
2026-07-07 13:57:25,2026-07-06T19:02:00+08:00,2026-07-06T19:04:03+08:00,1.3597,103.6546,C,Cloud to Cloud,2026-07-06T19:00:30.376+08:00
2026-07-07 13:57:25,2026-07-06T19:02:00+08:00,2026-07-06T19:04:03+08:00,1.3585,103.6499,C,Cloud to Cloud,2026-07-06T19:00:30.376+08:00
2026-07-07 13:57:25,2026-07-06T19:02:00+08:00,2026-07-06T19:04:03+08:00,1.3552,103.6425,C,Cloud to Cloud,2026-07-06T19:00:30.376+08:00
2026-07-07 13:57:25,2026-07-06T19:02:00+08:00,2026-07-06T19:04:03+08:00,1.3582,103.6494,C,Cloud to Cloud,2026-07-06T19:00:30.376+08:00
2026-07-07 13:57:25,2026-07-06T19:02:00+08:00,2026-07-06T19:04:03+08:00,1.3607,103.6558,C,Cloud to Cloud,2026-07-06T19:00:30.376+08:00
2026-07-07 13:57:25,2026-07-06T19:02:00+08:00,2026-07-06T19:04:03+08:00,1.3583,103.6481,C,Cloud to Cloud,2026-07-06T19:00:30.376+08:00
2026-07-07 13:57:25,2026-07-06T19:02:00+08:00,2026-07-06T19:04:03+08:00,1.3591,103.6539,C,Cloud to Cloud,2026-07-06T19:00:30.376+08:00
2026-07-07 13:57:25,2026-07-06T19:02:00+08:00,2026-07-06T19:04:03+08:00,1.3586,103.6511,C,Cloud to Cloud,2026-07-06T19:00:30.376+08:00
2026-07-07 13:57:25,2026-07-06T19:02:00+08:00,2026-07-06T19:04:03+08:00,1.3576,103.6509,C,Cloud to Cloud,2026-07-06T19:00:30.376+08:00
2026-07-07 13:57:25,2026-07-06T19:02:00+08:00,2026-07-06T19:04:03+08:00,1.3588,103.6532,C,Cloud to Cloud,2026-07-06T19:00:30.376+08:00
2026-07-07 13:57:25,2026-07-06T19:02:00+08:00,2026-07-06T19:04:03+08:00,1.3584,103.6525,C,Cloud to Cloud,2026-07-06T19:00:30.377+08:00
2026-07-07 13:57:25,2026-07-06T19:02:00+08:00,2026-07-06T19:04:03+08:00,1.3596,103.6559,C,Cloud to Cloud,2026-07-06T19:00:30.377+08:00
2026-07-07 13:57:25,2026-07-06T19:02:00+08:00,2026-07-06T19:04:03+08:00,1.3586,103.6535,C,Cloud to Cloud,2026-07-06T19:00:30.377+08:00
2026-07-07 13:57:25,2026-07-06T19:02:00+08:00,2026-07-06T19:04:03+08:00,1.3567,103.6486,C,Cloud to Cloud,2026-07-06T19:00:30.377+08:00
2026-07-07 13:57:25,2026-07-06T19:02:00+08:00,2026-07-06T19:04:03+08:00,1.3588,103.6535,C,Cloud to Cloud,2026-07-06T19:00:30.377+08:00
2026-07-07 13:57:25,2026-07-06T19:02:00+08:00,2026-07-06T19:04:03+08:00,1.3586,103.6514,C,Cloud to Cloud,2026-07-06T19:00:30.377+08:00
2026-07-07 13:57:25,2026-07-06T19:02:00+08:00,2026-07-06T19:04:03+08:00,1.3578,103.6499,C,Cloud to Cloud,2026-07-06T19:00:30.377+08:00
2026-07-07 13:57:25,2026-07-06T19:02:00+08:00,2026-07-06T19:04:03+08:00,1.3579,103.6478,C,Cloud to Cloud,2026-07-06T19:00:30.377+08:00
2026-07-07 13:57:25,2026-07-06T19:02:00+08:00,2026-07-06T19:04:03+08:00,1.3588,103.6524,C,Cloud to Cloud,2026-07-06T19:00:30.377+08:00
2026-07-07 13:57:25,2026-07-06T19:02:00+08:00,2026-07-06T19:04:03+08:00,1.3581,103.6489,C,Cloud to Cloud,2026-07-06T19:00:30.377+08:00
2026-07-07 13:57:25,2026-07-06T19:02:00+08:00,2026-07-06T19:04:03+08:00,1.3569,103.6469,C,Cloud to Cloud,2026-07-06T19:00:30.378+08:00
2026-07-07 13:57:25,2026-07-06T19:02:00+08:00,2026-07-06T19:04:03+08:00,1.3553,103.647,C,Cloud to Cloud,2026-07-06T19:00:30.379+08:00
2026-07-07 13:57:25,2026-07-06T19:02:00+08:00,2026-07-06T19:04:03+08:00,1.3537,103.6621,G,Cloud to Ground,2026-07-06T19:00:30.379+08:00
2026-07-07 13:57:25,2026-07-06T19:02:00+08:00,2026-07-06T19:04:03+08:00,1.3591,103.6542,C,Cloud to Cloud,2026-07-06T19:00:30.38+08:00
2026-07-07 13:57:25,2026-07-06T19:02:00+08:00,2026-07-06T19:04:03+08:00,1.3628,103.6545,C,Cloud to Cloud,2026-07-06T19:00:30.38+08:00
2026-07-07 13:57:25,2026-07-06T19:02:00+08:00,2026-07-06T19:04:03+08:00,1.3686,103.6588,C,Cloud to Cloud,2026-07-06T19:00:30.38+08:00
2026-07-07 13:57:25,2026-07-06T19:02:00+08:00,2026-07-06T19:04:03+08:00,1.3585,103.6441,C,Cloud to Cloud,2026-07-06T19:00:30.38+08:00
2026-07-07 13:57:25,2026-07-06T19:02:00+08:00,2026-07-06T19:04:03+08:00,1.3639,103.6501,C,Cloud to Cloud,2026-07-06T19:00:30.38+08:00
2026-07-07 13:57:25,2026-07-06T19:02:00+08:00,2026-07-06T19:04:03+08:00,1.3955,103.6799,C,Cloud to Cloud,2026-07-06T19:00:30.38+08:00
2026-07-07 13:57:25,2026-07-06T19:02:00+08:00,2026-07-06T19:04:03+08:00,1.3602,103.6528,C,Cloud to Cloud,2026-07-06T19:00:30.38+08:00
2026-07-07 13:57:25,2026-07-06T19:02:00+08:00,2026-07-06T19:04:03+08:00,1.3543,103.6435,C,Cloud to Cloud,2026-07-06T19:00:30.38+08:00
2026-07-07 13:57:25,2026-07-06T19:02:00+08:00,2026-07-06T19:04:03+08:00,1.3526,103.6539,C,Cloud to Cloud,2026-07-06T19:00:30.38+08:00
2026-07-07 13:57:25,2026-07-06T19:02:00+08:00,2026-07-06T19:04:03+08:00,1.3358,103.681,C,Cloud to Cloud,2026-07-06T19:00:30.38+08:00
2026-07-07 13:57:25,2026-07-06T19:02:00+08:00,2026-07-06T19:04:03+08:00,1.3493,103.648,C,Cloud to Cloud,2026-07-06T19:00:30.38+08:00
2026-07-07 13:57:25,2026-07-06T19:02:00+08:00,2026-07-06T19:04:03+08:00,1.34,103.677,C,Cloud to Cloud,2026-07-06T19:00:30.381+08:00
2026-07-07 13:57:25,2026-07-06T19:02:00+08:00,2026-07-06T19:04:03+08:00,1.3619,103.6514,C,Cloud to Cloud,2026-07-06T19:00:30.433+08:00
2026-07-07 13:57:25,2026-07-06T19:02:00+08:00,2026-07-06T19:04:03+08:00,1.3559,103.6432,C,Cloud to Cloud,2026-07-06T19:00:30.433+08:00
2026-07-07 13:57:25,2026-07-06T19:02:00+08:00,2026-07-06T19:04:03+08:00,1.3624,103.6593,C,Cloud to Cloud,2026-07-06T19:00:30.433+08:00
2026-07-07 13:57:25,2026-07-06T19:02:00+08:00,2026-07-06T19:04:03+08:00,1.3596,103.6552,C,Cloud to Cloud,2026-07-06T19:00:30.433+08:00
2026-07-07 13:57:25,2026-07-06T19:02:00+08:00,2026-07-06T19:04:03+08:00,1.3668,103.667,C,Cloud to Cloud,2026-07-06T19:00:30.433+08:00
2026-07-07 13:57:25,2026-07-06T19:02:00+08:00,2026-07-06T19:04:03+08:00,1.3633,103.6637,C,Cloud to Cloud,2026-07-06T19:00:30.434+08:00
2026-07-07 13:57:25,2026-07-06T19:02:00+08:00,2026-07-06T19:04:03+08:00,1.3381,103.6169,C,Cloud to Cloud,2026-07-06T19:00:30.434+08:00
2026-07-07 13:57:25,2026-07-06T19:02:00+08:00,2026-07-06T19:04:03+08:00,1.3438,103.6085,C,Cloud to Cloud,2026-07-06T19:00:30.436+08:00
2026-07-07 13:57:25,2026-07-06T19:02:00+08:00,2026-07-06T19:04:03+08:00,1.3592,103.6366,C,Cloud to Cloud,2026-07-06T19:00:30.46+08:00
2026-07-07 13:57:25,2026-07-06T19:02:00+08:00,2026-07-06T19:04:03+08:00,1.3581,103.6435,C,Cloud to Cloud,2026-07-06T19:00:30.46+08:00
2026-07-07 13:57:25,2026-07-06T19:02:00+08:00,2026-07-06T19:04:03+08:00,1.3645,103.6495,C,Cloud to Cloud,2026-07-06T19:00:30.461+08:00
2026-07-07 13:57:25,2026-07-06T19:02:00+08:00,2026-07-06T19:04:03+08:00,1.3645,103.6495,C,Cloud to Cloud,2026-07-06T19:00:30.461+08:00
2026-07-07 13:57:25,2026-07-06T19:02:00+08:00,2026-07-06T19:04:03+08:00,1.3265,103.5991,C,Cloud to Cloud,2026-07-06T19:00:30.47+08:00
2026-07-07 13:57:25,2026-07-06T19:02:00+08:00,2026-07-06T19:04:03+08:00,1.3337,103.665,C,Cloud to Cloud,2026-07-06T19:00:30.47+08:00
2026-07-07 13:57:25,2026-07-06T19:02:00+08:00,2026-07-06T19:04:03+08:00,1.3579,103.6252,C,Cloud to Cloud,2026-07-06T19:00:30.477+08:00
2026-07-07 13:57:25,2026-07-06T19:02:00+08:00,2026-07-06T19:04:03+08:00,1.3561,103.6363,C,Cloud to Cloud,2026-07-06T19:00:30.477+08:00
2026-07-07 13:57:25,2026-07-06T19:02:00+08:00,2026-07-06T19:04:03+08:00,1.357,103.6416,C,Cloud to Cloud,2026-07-06T19:00:30.478+08:00
2026-07-07 13:57:25,2026-07-06T19:02:00+08:00,2026-07-06T19:04:03+08:00,1.3605,103.6453,C,Cloud to Cloud,2026-07-06T19:00:30.478+08:00
2026-07-07 13:57:25,2026-07-06T19:02:00+08:00,2026-07-06T19:04:03+08:00,1.3361,103.593,C,Cloud to Cloud,2026-07-06T19:00:30.492+08:00
2026-07-07 13:57:25,2026-07-06T19:02:00+08:00,2026-07-06T19:04:03+08:00,1.356,103.628,C,Cloud to Cloud,2026-07-06T19:00:30.492+08:00
2026-07-07 13:57:25,2026-07-06T19:02:00+08:00,2026-07-06T19:04:03+08:00,1.3583,103.6334,C,Cloud to Cloud,2026-07-06T19:00:30.492+08:00
2026-07-07 13:57:25,2026-07-06T19:02:00+08:00,2026-07-06T19:04:03+08:00,1.3583,103.6334,C,Cloud to Cloud,2026-07-06T19:00:30.492+08:00
2026-07-07 13:57:25,2026-07-06T19:02:00+08:00,2026-07-06T19:04:03+08:00,1.3678,103.663,C,Cloud to Cloud,2026-07-06T19:00:30.515+08:00
2026-07-07 13:57:25,2026-07-06T19:02:00+08:00,2026-07-06T19:04:03+08:00,1.3678,103.663,C,Cloud to Cloud,2026-07-06T19:00:30.515+08:00
2026-07-07 13:57:25,2026-07-06T19:02:00+08:00,2026-07-06T19:04:03+08:00,1.3654,103.6637,C,Cloud to Cloud,2026-07-06T19:00:30.515+08:00
2026-07-07 13:57:25,2026-07-06T19:02:00+08:00,2026-07-06T19:04:03+08:00,1.3665,103.6633,C,Cloud to Cloud,2026-07-06T19:00:30.515+08:00
2026-07-07 13:57:25,2026-07-06T19:02:00+08:00,2026-07-06T19:04:03+08:00,1.3665,103.6633,C,Cloud to Cloud,2026-07-06T19:00:30.515+08:00
2026-07-07 13:57:25,2026-07-06T19:02:00+08:00,2026-07-06T19:04:03+08:00,1.3659,103.6559,C,Cloud to Cloud,2026-07-06T19:00:30.518+08:00
2026-07-07 13:57:25,2026-07-06T19:02:00+08:00,2026-07-06T19:04:03+08:00,1.3615,103.6533,C,Cloud to Cloud,2026-07-06T19:00:30.519+08:00
2026-07-07 13:57:25,2026-07-06T19:02:00+08:00,2026-07-06T19:04:03+08:00,1.3446,103.5936,C,Cloud to Cloud,2026-07-06T19:00:30.601+08:00
2026-07-07 13:57:25,2026-07-06T19:02:00+08:00,2026-07-06T19:04:03+08:00,1.3953,103.7399,C,Cloud to Cloud,2026-07-06T19:00:35.164+08:00
2026-07-07 13:57:25,2026-07-06T19:02:00+08:00,2026-07-06T19:04:03+08:00,1.415,103.7217,C,Cloud to Cloud,2026-07-06T19:00:35.164+08:00
2026-07-07 13:57:25,2026-07-06T19:02:00+08:00,2026-07-06T19:04:03+08:00,1.3883,103.7359,C,Cloud to Cloud,2026-07-06T19:00:35.165+08:00
2026-07-07 13:57:25,2026-07-06T19:02:00+08:00,2026-07-06T19:04:03+08:00,1.4044,103.7238,C,Cloud to Cloud,2026-07-06T19:00:35.165+08:00
2026-07-07 13:57:25,2026-07-06T19:02:00+08:00,2026-07-06T19:04:03+08:00,1.3881,103.7362,C,Cloud to Cloud,2026-07-06T19:00:35.165+08:00
2026-07-07 13:57:25,2026-07-06T19:02:00+08:00,2026-07-06T19:04:03+08:00,1.3809,103.7368,C,Cloud to Cloud,2026-07-06T19:00:35.167+08:00
2026-07-07 13:57:25,2026-07-06T19:02:00+08:00,2026-07-06T19:04:03+08:00,1.4136,103.7163,C,Cloud to Cloud,2026-07-06T19:00:35.167+08:00
2026-07-07 13:57:25,2026-07-06T19:02:00+08:00,2026-07-06T19:04:03+08:00,1.379,103.7363,C,Cloud to Cloud,2026-07-06T19:00:35.167+08:00
2026-07-07 13:57:25,2026-07-06T19:02:00+08:00,2026-07-06T19:04:03+08:00,1.3895,103.7222,C,Cloud to Cloud,2026-07-06T19:00:35.335+08:00
2026-07-07 13:57:25,2026-07-06T19:02:00+08:00,2026-07-06T19:04:03+08:00,1.3895,103.7222,C,Cloud to Cloud,2026-07-06T19:00:35.335+08:00
2026-07-07 13:57:25,2026-07-06T19:02:00+08:00,2026-07-06T19:04:03+08:00,1.3915,103.7241,C,Cloud to Cloud,2026-07-06T19:00:35.353+08:00
2026-07-07 13:57:25,2026-07-06T19:02:00+08:00,2026-07-06T19:04:03+08:00,1.3915,103.7241,C,Cloud to Cloud,2026-07-06T19:00:35.353+08:00
2026-07-07 13:57:25,2026-07-06T19:02:00+08:00,2026-07-06T19:04:03+08:00,1.4059,103.738,C,Cloud to Cloud,2026-07-06T19:00:35.353+08:00
2026-07-07 13:57:25,2026-07-06T19:02:00+08:00,2026-07-06T19:04:03+08:00,1.3917,103.7267,C,Cloud to Cloud,2026-07-06T19:00:35.354+08:00
2026-07-07 13:57:25,2026-07-06T19:02:00+08:00,2026-07-06T19:04:03+08:00,1.3925,103.7209,C,Cloud to Cloud,2026-07-06T19:00:35.394+08:00
2026-07-07 13:57:25,2026-07-06T19:02:00+08:00,2026-07-06T19:04:03+08:00,1.3829,103.7114,C,Cloud to Cloud,2026-07-06T19:00:35.395+08:00
2026-07-07 13:57:25,2026-07-06T19:02:00+08:00,2026-07-06T19:04:03+08:00,1.3926,103.7239,C,Cloud to Cloud,2026-07-06T19:00:35.395+08:00
2026-07-07 13:57:25,2026-07-06T19:02:00+08:00,2026-07-06T19:04:03+08:00,1.3912,103.7232,C,Cloud to Cloud,2026-07-06T19:00:35.395+08:00
2026-07-07 13:57:25,2026-07-06T19:02:00+08:00,2026-07-06T19:04:03+08:00,1.3545,103.7117,C,Cloud to Cloud,2026-07-06T19:00:35.405+08:00
2026-07-07 13:57:25,2026-07-06T19:02:00+08:00,2026-07-06T19:04:03+08:00,1.3775,103.728,C,Cloud to Cloud,2026-07-06T19:00:35.406+08:00
2026-07-07 13:57:25,2026-07-06T19:02:00+08:00,2026-07-06T19:04:03+08:00,1.3756,103.7272,C,Cloud to Cloud,2026-07-06T19:00:35.409+08:00
2026-07-07 13:57:25,2026-07-06T19:02:00+08:00,2026-07-06T19:04:03+08:00,1.3568,103.7169,C,Cloud to Cloud,2026-07-06T19:00:35.41+08:00
2026-07-07 13:57:25,2026-07-06T19:02:00+08:00,2026-07-06T19:04:03+08:00,1.375,103.7291,C,Cloud to Cloud,2026-07-06T19:00:35.41+08:00
2026-07-07 13:57:25,2026-07-06T19:02:00+08:00,2026-07-06T19:04:03+08:00,1.3746,103.7249,C,Cloud to Cloud,2026-07-06T19:00:35.411+08:00
2026-07-07 13:57:25,2026-07-06T19:02:00+08:00,2026-07-06T19:04:03+08:00,1.3501,103.6965,C,Cloud to Cloud,2026-07-06T19:00:35.416+08:00
2026-07-07 13:57:25,2026-07-06T19:02:00+08:00,2026-07-06T19:04:03+08:00,1.3634,103.6556,C,Cloud to Cloud,2026-07-06T19:00:59.919+08:00
2026-07-07 13:57:25,2026-07-06T19:02:00+08:00,2026-07-06T19:04:03+08:00,1.3631,103.6558,C,Cloud to Cloud,2026-07-06T19:00:59.919+08:00
2026-07-07 13:57:25,2026-07-06T19:02:00+08:00,2026-07-06T19:04:03+08:00,1.3612,103.6565,C,Cloud to Cloud,2026-07-06T19:00:59.919+08:00
2026-07-07 13:57:25,2026-07-06T19:02:00+08:00,2026-07-06T19:04:03+08:00,1.3611,103.6439,C,Cloud to Cloud,2026-07-06T19:00:59.941+08:00
2026-07-07 13:57:25,2026-07-06T19:02:00+08:00,2026-07-06T19:04:03+08:00,1.3611,103.6439,C,Cloud to Cloud,2026-07-06T19:00:59.941+08:00
2026-07-07 13:57:25,2026-07-06T19:02:00+08:00,2026-07-06T19:04:03+08:00,1.3631,103.645,C,Cloud to Cloud,2026-07-06T19:00:59.961+08:00
2026-07-07 13:57:25,2026-07-06T19:02:00+08:00,2026-07-06T19:04:03+08:00,1.3631,103.645,C,Cloud to Cloud,2026-07-06T19:00:59.961+08:00
2026-07-07 13:57:25,2026-07-06T19:02:00+08:00,2026-07-06T19:04:03+08:00,1.3585,103.6457,C,Cloud to Cloud,2026-07-06T19:00:59.961+08:00
2026-07-07 13:57:25,2026-07-06T19:02:00+08:00,2026-07-06T19:04:03+08:00,1.3572,103.6436,C,Cloud to Cloud,2026-07-06T19:00:59.961+08:00
2026-07-07 13:57:25,2026-07-06T19:02:00+08:00,2026-07-06T19:04:03+08:00,1.3609,103.6915,C,Cloud to Cloud,2026-07-06T19:01:25.852+08:00
2026-07-07 13:57:25,2026-07-06T19:02:00+08:00,2026-07-06T19:04:03+08:00,1.3626,103.6932,C,Cloud to Cloud,2026-07-06T19:01:25.852+08:00
2026-07-07 13:57:25,2026-07-06T19:02:00+08:00,2026-07-06T19:04:03+08:00,1.3595,103.6926,C,Cloud to Cloud,2026-07-06T19:01:25.855+08:00
2026-07-07 13:57:25,2026-07-06T19:02:00+08:00,2026-07-06T19:04:03+08:00,1.3618,103.6934,C,Cloud to Cloud,2026-07-06T19:01:25.855+08:00
2026-07-07 13:57:25,2026-07-06T19:02:00+08:00,2026-07-06T19:04:03+08:00,1.3619,103.6935,C,Cloud to Cloud,2026-07-06T19:01:25.855+08:00
2026-07-07 13:57:25,2026-07-06T19:02:00+08:00,2026-07-06T19:04:03+08:00,1.3644,103.6898,C,Cloud to Cloud,2026-07-06T19:01:25.855+08:00
2026-07-07 13:57:25,2026-07-06T19:02:00+08:00,2026-07-06T19:04:03+08:00,1.3652,103.6906,C,Cloud to Cloud,2026-07-06T19:01:25.855+08:00
2026-07-07 13:57:25,2026-07-06T19:02:00+08:00,2026-07-06T19:04:03+08:00,1.3602,103.6965,C,Cloud to Cloud,2026-07-06T19:01:25.856+08:00
2026-07-07 13:57:25,2026-07-06T19:02:00+08:00,2026-07-06T19:04:03+08:00,1.36,103.6963,C,Cloud to Cloud,2026-07-06T19:01:25.856+08:00
2026-07-07 13:57:25,2026-07-06T19:02:00+08:00,2026-07-06T19:04:03+08:00,1.3622,103.692,C,Cloud to Cloud,2026-07-06T19:01:25.857+08:00
2026-07-07 13:57:25,2026-07-06T19:02:00+08:00,2026-07-06T19:04:03+08:00,1.3681,103.6867,C,Cloud to Cloud,2026-07-06T19:01:25.857+08:00
2026-07-07 13:57:25,2026-07-06T19:02:00+08:00,2026-07-06T19:04:03+08:00,1.3457,103.6901,C,Cloud to Cloud,2026-07-06T19:01:25.857+08:00
2026-07-07 13:57:25,2026-07-06T19:02:00+08:00,2026-07-06T19:04:03+08:00,1.3857,103.7069,C,Cloud to Cloud,2026-07-06T19:01:25.858+08:00
2026-07-07 13:57:25,2026-07-06T19:02:00+08:00,2026-07-06T19:04:03+08:00,1.3504,103.6893,G,Cloud to Ground,2026-07-06T19:01:25.858+08:00
2026-07-07 13:57:25,2026-07-06T19:02:00+08:00,2026-07-06T19:04:03+08:00,1.3727,103.6923,C,Cloud to Cloud,2026-07-06T19:01:25.858+08:00
2026-07-07 13:57:25,2026-07-06T19:02:00+08:00,2026-07-06T19:04:03+08:00,1.3803,103.6854,C,Cloud to Cloud,2026-07-06T19:01:25.858+08:00
2026-07-07 13:57:25,2026-07-06T19:02:00+08:00,2026-07-06T19:04:03+08:00,1.376,103.6715,C,Cloud to Cloud,2026-07-06T19:01:25.858+08:00
2026-07-07 13:57:25,2026-07-06T19:02:00+08:00,2026-07-06T19:04:03+08:00,1.3819,103.6921,C,Cloud to Cloud,2026-07-06T19:01:25.858+08:00
2026-07-07 13:57:25,2026-07-06T19:02:00+08:00,2026-07-06T19:04:03+08:00,1.3686,103.6689,C,Cloud to Cloud,2026-07-06T19:01:25.858+08:00
2026-07-07 13:57:25,2026-07-06T19:02:00+08:00,2026-07-06T19:04:03+08:00,1.3515,103.6462,C,Cloud to Cloud,2026-07-06T19:01:25.858+08:00
2026-07-07 13:57:25,2026-07-06T19:02:00+08:00,2026-07-06T19:04:03+08:00,1.3637,103.6531,C,Cloud to Cloud,2026-07-06T19:01:25.884+08:00
2026-07-07 13:57:25,2026-07-06T19:02:00+08:00,2026-07-06T19:04:03+08:00,1.3572,103.5991,C,Cloud to Cloud,2026-07-06T19:01:25.884+08:00
2026-07-07 13:57:25,2026-07-06T19:02:00+08:00,2026-07-06T19:04:03+08:00,1.3475,103.6164,C,Cloud to Cloud,2026-07-06T19:01:25.884+08:00
2026-07-07 13:57:25,2026-07-06T19:02:00+08:00,2026-07-06T19:04:03+08:00,1.3657,103.6618,C,Cloud to Cloud,2026-07-06T19:01:25.884+08:00
2026-07-07 13:57:25,2026-07-06T19:02:00+08:00,2026-07-06T19:04:03+08:00,1.367,103.6643,C,Cloud to Cloud,2026-07-06T19:01:25.885+08:00
2026-07-07 13:57:25,2026-07-06T19:02:00+08:00,2026-07-06T19:04:03+08:00,1.3796,103.6748,C,Cloud to Cloud,2026-07-06T19:01:25.885+08:00
2026-07-07 13:57:25,2026-07-06T19:02:00+08:00,2026-07-06T19:04:03+08:00,1.378,103.679,C,Cloud to Cloud,2026-07-06T19:01:25.885+08:00
2026-07-07 13:57:25,2026-07-06T19:02:00+08:00,2026-07-06T19:04:03+08:00,1.3759,103.6792,C,Cloud to Cloud,2026-07-06T19:01:25.885+08:00
2026-07-07 13:57:25,2026-07-06T19:02:00+08:00,2026-07-06T19:04:03+08:00,1.3695,103.686,C,Cloud to Cloud,2026-07-06T19:01:25.885+08:00
2026-07-07 13:57:25,2026-07-06T19:02:00+08:00,2026-07-06T19:04:03+08:00,1.3624,103.6756,C,Cloud to Cloud,2026-07-06T19:01:25.885+08:00
2026-07-07 13:57:25,2026-07-06T19:02:00+08:00,2026-07-06T19:04:03+08:00,1.3631,103.6771,C,Cloud to Cloud,2026-07-06T19:01:25.885+08:00
2026-07-07 13:57:25,2026-07-06T19:02:00+08:00,2026-07-06T19:04:03+08:00,1.3637,103.6664,C,Cloud to Cloud,2026-07-06T19:01:25.885+08:00
2026-07-07 13:57:25,2026-07-06T19:02:00+08:00,2026-07-06T19:04:03+08:00,1.3741,103.6626,C,Cloud to Cloud,2026-07-06T19:01:25.888+08:00
2026-07-07 13:57:25,2026-07-06T19:02:00+08:00,2026-07-06T19:04:03+08:00,1.3662,103.6461,C,Cloud to Cloud,2026-07-06T19:01:25.888+08:00
2026-07-07 13:57:25,2026-07-06T19:02:00+08:00,2026-07-06T19:04:03+08:00,1.3662,103.6461,C,Cloud to Cloud,2026-07-06T19:01:25.888+08:00
2026-07-07 13:57:25,2026-07-06T19:02:00+08:00,2026-07-06T19:04:03+08:00,1.3615,103.6534,C,Cloud to Cloud,2026-07-06T19:01:25.889+08:00
2026-07-07 13:57:25,2026-07-06T19:02:00+08:00,2026-07-06T19:04:03+08:00,1.3682,103.6413,C,Cloud to Cloud,2026-07-06T19:01:25.889+08:00
2026-07-07 13:57:25,2026-07-06T19:02:00+08:00,2026-07-06T19:04:03+08:00,1.3672,103.6397,C,Cloud to Cloud,2026-07-06T19:01:25.889+08:00
2026-07-07 13:57:25,2026-07-06T19:02:00+08:00,2026-07-06T19:04:03+08:00,1.3574,103.6591,C,Cloud to Cloud,2026-07-06T19:01:25.889+08:00
2026-07-07 13:57:25,2026-07-06T19:02:00+08:00,2026-07-06T19:04:03+08:00,1.3577,103.6596,C,Cloud to Cloud,2026-07-06T19:01:25.89+08:00
2026-07-07 13:57:25,2026-07-06T19:02:00+08:00,2026-07-06T19:04:03+08:00,1.3637,103.6384,C,Cloud to Cloud,2026-07-06T19:01:25.89+08:00
2026-07-07 13:57:25,2026-07-06T19:02:00+08:00,2026-07-06T19:04:03+08:00,1.3637,103.6384,C,Cloud to Cloud,2026-07-06T19:01:25.89+08:00
2026-07-07 13:57:25,2026-07-06T19:02:00+08:00,2026-07-06T19:04:03+08:00,1.3677,103.6537,C,Cloud to Cloud,2026-07-06T19:01:25.938+08:00
2026-07-07 13:57:25,2026-07-06T19:02:00+08:00,2026-07-06T19:04:03+08:00,1.3677,103.6537,C,Cloud to Cloud,2026-07-06T19:01:25.938+08:00
2026-07-07 13:57:25,2026-07-06T19:02:00+08:00,2026-07-06T19:04:03+08:00,1.3488,103.6566,C,Cloud to Cloud,2026-07-06T19:01:25.957+08:00
2026-07-07 13:57:25,2026-07-06T19:02:00+08:00,2026-07-06T19:04:03+08:00,1.3488,103.6566,C,Cloud to Cloud,2026-07-06T19:01:25.957+08:00
2026-07-07 13:57:25,2026-07-06T19:02:00+08:00,2026-07-06T19:04:03+08:00,1.3595,103.6403,C,Cloud to Cloud,2026-07-06T19:01:25.971+08:00
2026-07-07 13:57:25,2026-07-06T19:02:00+08:00,2026-07-06T19:04:03+08:00,1.3651,103.6454,C,Cloud to Cloud,2026-07-06T19:01:25.971+08:00
2026-07-07 13:57:25,2026-07-06T19:02:00+08:00,2026-07-06T19:04:03+08:00,1.3614,103.6432,C,Cloud to Cloud,2026-07-06T19:01:25.971+08:00
2026-07-07 13:57:25,2026-07-06T19:02:00+08:00,2026-07-06T19:04:03+08:00,1.3631,103.6543,C,Cloud to Cloud,2026-07-06T19:01:25.971+08:00
2026-07-07 13:57:25,2026-07-06T19:02:00+08:00,2026-07-06T19:04:03+08:00,1.3705,103.6688,C,Cloud to Cloud,2026-07-06T19:01:25.971+08:00
2026-07-07 13:57:25,2026-07-06T19:02:00+08:00,2026-07-06T19:04:03+08:00,1.3674,103.6614,C,Cloud to Cloud,2026-07-06T19:01:25.972+08:00
2026-07-07 13:57:25,2026-07-06T19:02:00+08:00,2026-07-06T19:04:03+08:00,1.3705,103.6678,C,Cloud to Cloud,2026-07-06T19:01:25.972+08:00
2026-07-07 13:57:25,2026-07-06T19:02:00+08:00,2026-07-06T19:04:03+08:00,1.3483,103.6369,C,Cloud to Cloud,2026-07-06T19:01:25.972+08:00
2026-07-07 13:57:25,2026-07-06T19:02:00+08:00,2026-07-06T19:04:03+08:00,1.3668,103.6621,C,Cloud to Cloud,2026-07-06T19:01:25.973+08:00
2026-07-07 13:57:25,2026-07-06T19:02:00+08:00,2026-07-06T19:04:03+08:00,1.3515,103.6411,C,Cloud to Cloud,2026-07-06T19:01:25.973+08:00
2026-07-07 13:57:25,2026-07-06T19:02:00+08:00,2026-07-06T19:04:03+08:00,1.3673,103.6645,C,Cloud to Cloud,2026-07-06T19:01:25.973+08:00
2026-07-07 13:57:25,2026-07-06T19:02:00+08:00,2026-07-06T19:04:03+08:00,1.3617,103.6795,C,Cloud to Cloud,2026-07-06T19:01:25.974+08:00
2026-07-07 13:57:25,2026-07-06T19:02:00+08:00,2026-07-06T19:04:03+08:00,1.3796,103.6832,C,Cloud to Cloud,2026-07-06T19:01:25.974+08:00
2026-07-07 13:57:25,2026-07-06T19:02:00+08:00,2026-07-06T19:04:03+08:00,1.3556,103.6509,C,Cloud to Cloud,2026-07-06T19:01:25.974+08:00
2026-07-07 13:57:25,2026-07-06T19:02:00+08:00,2026-07-06T19:04:03+08:00,1.3805,103.6822,C,Cloud to Cloud,2026-07-06T19:01:25.974+08:00
2026-07-07 13:57:25,2026-07-06T19:02:00+08:00,2026-07-06T19:04:03+08:00,1.3661,103.6574,C,Cloud to Cloud,2026-07-06T19:01:33.533+08:00
2026-07-07 13:57:25,2026-07-06T19:02:00+08:00,2026-07-06T19:04:03+08:00,1.3632,103.6514,C,Cloud to Cloud,2026-07-06T19:01:33.533+08:00
2026-07-07 13:57:25,2026-07-06T19:02:00+08:00,2026-07-06T19:04:03+08:00,1.3632,103.6514,C,Cloud to Cloud,2026-07-06T19:01:33.534+08:00
2026-07-07 13:57:25,2026-07-06T19:02:00+08:00,2026-07-06T19:04:03+08:00,1.3845,103.7197,C,Cloud to Cloud,2026-07-06T19:01:36.148+08:00
2026-07-07 13:57:25,2026-07-06T19:02:00+08:00,2026-07-06T19:04:03+08:00,1.3951,103.7241,C,Cloud to Cloud,2026-07-06T19:01:36.148+08:00
2026-07-07 13:57:25,2026-07-06T19:02:00+08:00,2026-07-06T19:04:03+08:00,1.3687,103.7045,C,Cloud to Cloud,2026-07-06T19:01:36.149+08:00
2026-07-07 13:57:25,2026-07-06T19:02:00+08:00,2026-07-06T19:04:03+08:00,1.4131,103.7211,C,Cloud to Cloud,2026-07-06T19:01:36.149+08:00
2026-07-07 13:57:25,2026-07-06T19:02:00+08:00,2026-07-06T19:04:03+08:00,1.3989,103.7325,C,Cloud to Cloud,2026-07-06T19:01:36.149+08:00
2026-07-07 13:57:25,2026-07-06T19:02:00+08:00,2026-07-06T19:04:03+08:00,1.3951,103.729,C,Cloud to Cloud,2026-07-06T19:01:36.153+08:00
2026-07-07 13:57:25,2026-07-06T19:02:00+08:00,2026-07-06T19:04:03+08:00,1.3711,103.7268,C,Cloud to Cloud,2026-07-06T19:01:36.155+08:00
2026-07-07 13:57:25,2026-07-06T19:02:00+08:00,2026-07-06T19:04:03+08:00,1.3534,103.7428,C,Cloud to Cloud,2026-07-06T19:01:36.155+08:00
2026-07-07 13:57:25,2026-07-06T19:02:00+08:00,2026-07-06T19:04:03+08:00,1.3804,103.7344,C,Cloud to Cloud,2026-07-06T19:01:36.155+08:00
2026-07-07 13:57:25,2026-07-06T19:02:00+08:00,2026-07-06T19:04:03+08:00,1.3838,103.735,C,Cloud to Cloud,2026-07-06T19:01:36.157+08:00
2026-07-07 13:57:25,2026-07-06T19:02:00+08:00,2026-07-06T19:04:03+08:00,1.3866,103.7334,C,Cloud to Cloud,2026-07-06T19:01:36.157+08:00
2026-07-07 13:57:25,2026-07-06T19:02:00+08:00,2026-07-06T19:04:03+08:00,1.3886,103.7333,C,Cloud to Cloud,2026-07-06T19:01:36.157+08:00
2026-07-07 13:57:25,2026-07-06T19:02:00+08:00,2026-07-06T19:04:03+08:00,1.3891,103.7325,C,Cloud to Cloud,2026-07-06T19:01:36.157+08:00
2026-07-07 13:57:25,2026-07-06T19:02:00+08:00,2026-07-06T19:04:03+08:00,1.3904,103.7283,C,Cloud to Cloud,2026-07-06T19:01:36.16+08:00
2026-07-07 13:57:25,2026-07-06T19:02:00+08:00,2026-07-06T19:04:03+08:00,1.3899,103.7281,C,Cloud to Cloud,2026-07-06T19:01:36.16+08:00
2026-07-07 13:57:25,2026-07-06T19:02:00+08:00,2026-07-06T19:04:03+08:00,1.3894,103.72,C,Cloud to Cloud,2026-07-06T19:01:36.163+08:00
2026-07-07 13:57:25,2026-07-06T19:02:00+08:00,2026-07-06T19:04:03+08:00,1.3842,103.7202,C,Cloud to Cloud,2026-07-06T19:01:36.256+08:00
2026-07-07 13:57:25,2026-07-06T19:02:00+08:00,2026-07-06T19:04:03+08:00,1.359,103.6978,C,Cloud to Cloud,2026-07-06T19:01:36.256+08:00
2026-07-07 13:57:25,2026-07-06T19:02:00+08:00,2026-07-06T19:04:03+08:00,1.3988,103.7278,C,Cloud to Cloud,2026-07-06T19:01:36.314+08:00
2026-07-07 13:57:25,2026-07-06T19:02:00+08:00,2026-07-06T19:04:03+08:00,1.3737,103.7262,C,Cloud to Cloud,2026-07-06T19:01:36.331+08:00
2026-07-07 13:57:25,2026-07-06T19:02:00+08:00,2026-07-06T19:04:03+08:00,1.3766,103.7286,C,Cloud to Cloud,2026-07-06T19:01:36.331+08:00
2026-07-07 13:57:25,2026-07-06T19:02:00+08:00,2026-07-06T19:04:03+08:00,1.3892,103.6534,C,Cloud to Cloud,2026-07-06T19:01:52.961+08:00
2026-07-07 13:57:25,2026-07-06T19:00:00+08:00,2026-07-06T19:02:02+08:00,1.3447,103.606,C,Cloud to Cloud,2026-07-06T18:58:30.904+08:00
2026-07-07 13:57:25,2026-07-06T19:00:00+08:00,2026-07-06T19:02:02+08:00,1.3497,103.6295,C,Cloud to Cloud,2026-07-06T18:58:30.906+08:00
2026-07-07 13:57:25,2026-07-06T19:00:00+08:00,2026-07-06T19:02:02+08:00,1.3428,103.6189,C,Cloud to Cloud,2026-07-06T18:58:30.906+08:00
2026-07-07 13:57:25,2026-07-06T19:00:00+08:00,2026-07-06T19:02:02+08:00,1.3175,103.5659,C,Cloud to Cloud,2026-07-06T18:58:30.998+08:00
2026-07-07 13:57:25,2026-07-06T19:00:00+08:00,2026-07-06T19:02:02+08:00,1.3303,103.6733,C,Cloud to Cloud,2026-07-06T18:58:31.031+08:00
2026-07-07 13:57:25,2026-07-06T19:00:00+08:00,2026-07-06T19:02:02+08:00,1.3811,103.6696,C,Cloud to Cloud,2026-07-06T18:58:31.148+08:00
2026-07-07 13:57:25,2026-07-06T19:00:00+08:00,2026-07-06T19:02:02+08:00,1.3546,103.635,C,Cloud to Cloud,2026-07-06T18:58:31.149+08:00
2026-07-07 13:57:25,2026-07-06T19:00:00+08:00,2026-07-06T19:02:02+08:00,1.3559,103.6424,C,Cloud to Cloud,2026-07-06T18:58:31.149+08:00
2026-07-07 13:57:25,2026-07-06T19:00:00+08:00,2026-07-06T19:02:02+08:00,1.3546,103.635,C,Cloud to Cloud,2026-07-06T18:58:31.149+08:00
2026-07-07 13:57:25,2026-07-06T19:00:00+08:00,2026-07-06T19:02:02+08:00,1.3344,103.6064,C,Cloud to Cloud,2026-07-06T18:58:31.149+08:00
2026-07-07 13:57:25,2026-07-06T19:00:00+08:00,2026-07-06T19:02:02+08:00,1.3507,103.6426,C,Cloud to Cloud,2026-07-06T18:58:31.149+08:00
2026-07-07 13:57:25,2026-07-06T19:00:00+08:00,2026-07-06T19:02:02+08:00,1.3267,103.6036,C,Cloud to Cloud,2026-07-06T18:58:31.149+08:00
2026-07-07 13:57:25,2026-07-06T19:00:00+08:00,2026-07-06T19:02:02+08:00,1.3482,103.6328,C,Cloud to Cloud,2026-07-06T18:58:31.149+08:00
2026-07-07 13:57:25,2026-07-06T19:00:00+08:00,2026-07-06T19:02:02+08:00,1.353,103.6397,C,Cloud to Cloud,2026-07-06T18:58:31.149+08:00
2026-07-07 13:57:25,2026-07-06T19:00:00+08:00,2026-07-06T19:02:02+08:00,1.3672,103.7257,C,Cloud to Cloud,2026-07-06T18:58:52.085+08:00
2026-07-07 13:57:25,2026-07-06T19:00:00+08:00,2026-07-06T19:02:02+08:00,1.3678,103.7264,C,Cloud to Cloud,2026-07-06T18:58:52.085+08:00
2026-07-07 13:57:25,2026-07-06T19:00:00+08:00,2026-07-06T19:02:02+08:00,1.3703,103.7285,C,Cloud to Cloud,2026-07-06T18:58:52.086+08:00
2026-07-07 13:57:25,2026-07-06T19:00:00+08:00,2026-07-06T19:02:02+08:00,1.3734,103.7286,C,Cloud to Cloud,2026-07-06T18:58:52.086+08:00
2026-07-07 13:57:25,2026-07-06T19:00:00+08:00,2026-07-06T19:02:02+08:00,1.3605,103.7225,C,Cloud to Cloud,2026-07-06T18:58:52.086+08:00
2026-07-07 13:57:25,2026-07-06T19:00:00+08:00,2026-07-06T19:02:02+08:00,1.3552,103.7199,C,Cloud to Cloud,2026-07-06T18:58:52.086+08:00
2026-07-07 13:57:25,2026-07-06T19:00:00+08:00,2026-07-06T19:02:02+08:00,1.3571,103.7195,C,Cloud to Cloud,2026-07-06T18:58:52.088+08:00
2026-07-07 13:57:25,2026-07-06T19:00:00+08:00,2026-07-06T19:02:02+08:00,1.3659,103.7257,C,Cloud to Cloud,2026-07-06T18:58:52.088+08:00
2026-07-07 13:57:25,2026-07-06T19:00:00+08:00,2026-07-06T19:02:02+08:00,1.344,103.714,C,Cloud to Cloud,2026-07-06T18:58:52.088+08:00
2026-07-07 13:57:25,2026-07-06T19:00:00+08:00,2026-07-06T19:02:02+08:00,1.3635,103.7254,C,Cloud to Cloud,2026-07-06T18:58:52.088+08:00
2026-07-07 13:57:25,2026-07-06T19:00:00+08:00,2026-07-06T19:02:02+08:00,1.3501,103.7155,C,Cloud to Cloud,2026-07-06T18:58:52.09+08:00
2026-07-07 13:57:25,2026-07-06T19:00:00+08:00,2026-07-06T19:02:02+08:00,1.3545,103.7201,C,Cloud to Cloud,2026-07-06T18:58:52.09+08:00
2026-07-07 13:57:25,2026-07-06T19:00:00+08:00,2026-07-06T19:02:02+08:00,1.3433,103.7226,C,Cloud to Cloud,2026-07-06T18:58:52.099+08:00
2026-07-07 13:57:25,2026-07-06T19:00:00+08:00,2026-07-06T19:02:02+08:00,1.3572,103.73,C,Cloud to Cloud,2026-07-06T18:58:52.099+08:00
2026-07-07 13:57:25,2026-07-06T19:00:00+08:00,2026-07-06T19:02:02+08:00,1.3597,103.7229,C,Cloud to Cloud,2026-07-06T18:58:52.101+08:00
2026-07-07 13:57:25,2026-07-06T19:00:00+08:00,2026-07-06T19:02:02+08:00,1.3768,103.7552,C,Cloud to Cloud,2026-07-06T18:58:52.106+08:00
2026-07-07 13:57:25,2026-07-06T19:00:00+08:00,2026-07-06T19:02:02+08:00,1.3521,103.7146,C,Cloud to Cloud,2026-07-06T18:58:52.111+08:00
2026-07-07 13:57:25,2026-07-06T19:00:00+08:00,2026-07-06T19:02:02+08:00,1.3883,103.8045,C,Cloud to Cloud,2026-07-06T18:58:52.112+08:00
2026-07-07 13:57:25,2026-07-06T19:00:00+08:00,2026-07-06T19:02:02+08:00,1.3524,103.7377,C,Cloud to Cloud,2026-07-06T18:58:52.113+08:00
2026-07-07 13:57:25,2026-07-06T19:00:00+08:00,2026-07-06T19:02:02+08:00,1.3479,103.7242,C,Cloud to Cloud,2026-07-06T18:58:52.115+08:00
2026-07-07 13:57:25,2026-07-06T19:00:00+08:00,2026-07-06T19:02:02+08:00,1.3566,103.7383,C,Cloud to Cloud,2026-07-06T18:58:52.121+08:00
2026-07-07 13:57:25,2026-07-06T19:00:00+08:00,2026-07-06T19:02:02+08:00,1.3553,103.7394,C,Cloud to Cloud,2026-07-06T18:58:52.125+08:00
2026-07-07 13:57:25,2026-07-06T19:00:00+08:00,2026-07-06T19:02:02+08:00,1.3487,103.7372,C,Cloud to Cloud,2026-07-06T18:58:52.128+08:00
2026-07-07 13:57:25,2026-07-06T19:00:00+08:00,2026-07-06T19:02:02+08:00,1.3436,103.7394,C,Cloud to Cloud,2026-07-06T18:58:52.129+08:00
2026-07-07 13:57:25,2026-07-06T19:00:00+08:00,2026-07-06T19:02:02+08:00,1.3492,103.7416,C,Cloud to Cloud,2026-07-06T18:58:52.129+08:00
2026-07-07 13:57:25,2026-07-06T19:00:00+08:00,2026-07-06T19:02:02+08:00,1.3463,103.7347,C,Cloud to Cloud,2026-07-06T18:58:52.129+08:00
2026-07-07 13:57:25,2026-07-06T19:00:00+08:00,2026-07-06T19:02:02+08:00,1.3378,103.7357,C,Cloud to Cloud,2026-07-06T18:58:52.13+08:00
2026-07-07 13:57:25,2026-07-06T19:00:00+08:00,2026-07-06T19:02:02+08:00,1.3461,103.7416,C,Cloud to Cloud,2026-07-06T18:58:52.13+08:00
2026-07-07 13:57:25,2026-07-06T19:00:00+08:00,2026-07-06T19:02:02+08:00,1.3487,103.7433,C,Cloud to Cloud,2026-07-06T18:58:52.13+08:00
2026-07-07 13:57:25,2026-07-06T19:00:00+08:00,2026-07-06T19:02:02+08:00,1.3332,103.7355,C,Cloud to Cloud,2026-07-06T18:58:52.13+08:00
2026-07-07 13:57:25,2026-07-06T19:00:00+08:00,2026-07-06T19:02:02+08:00,1.3409,103.7384,C,Cloud to Cloud,2026-07-06T18:58:52.131+08:00
2026-07-07 13:57:25,2026-07-06T19:00:00+08:00,2026-07-06T19:02:02+08:00,1.3437,103.7389,C,Cloud to Cloud,2026-07-06T18:58:52.131+08:00
2026-07-07 13:57:25,2026-07-06T19:00:00+08:00,2026-07-06T19:02:02+08:00,1.3579,103.7394,C,Cloud to Cloud,2026-07-06T18:58:52.131+08:00
2026-07-07 13:57:25,2026-07-06T19:00:00+08:00,2026-07-06T19:02:02+08:00,1.3414,103.7321,C,Cloud to Cloud,2026-07-06T18:58:52.131+08:00
2026-07-07 13:57:25,2026-07-06T19:00:00+08:00,2026-07-06T19:02:02+08:00,1.3568,103.7394,C,Cloud to Cloud,2026-07-06T18:58:52.131+08:00
2026-07-07 13:57:25,2026-07-06T19:00:00+08:00,2026-07-06T19:02:02+08:00,1.3409,103.7353,C,Cloud to Cloud,2026-07-06T18:58:52.132+08:00
2026-07-07 13:57:25,2026-07-06T19:00:00+08:00,2026-07-06T19:02:02+08:00,1.356,103.7355,C,Cloud to Cloud,2026-07-06T18:58:52.132+08:00
2026-07-07 13:57:25,2026-07-06T19:00:00+08:00,2026-07-06T19:02:02+08:00,1.3411,103.7328,C,Cloud to Cloud,2026-07-06T18:58:52.132+08:00
2026-07-07 13:57:25,2026-07-06T19:00:00+08:00,2026-07-06T19:02:02+08:00,1.3521,103.7365,C,Cloud to Cloud,2026-07-06T18:58:52.133+08:00
2026-07-07 13:57:25,2026-07-06T19:00:00+08:00,2026-07-06T19:02:02+08:00,1.3368,103.7297,C,Cloud to Cloud,2026-07-06T18:58:52.133+08:00
2026-07-07 13:57:25,2026-07-06T19:00:00+08:00,2026-07-06T19:02:02+08:00,1.3495,103.7375,C,Cloud to Cloud,2026-07-06T18:58:52.133+08:00
2026-07-07 13:57:25,2026-07-06T19:00:00+08:00,2026-07-06T19:02:02+08:00,1.3505,103.7379,C,Cloud to Cloud,2026-07-06T18:58:52.133+08:00
2026-07-07 13:57:25,2026-07-06T19:00:00+08:00,2026-07-06T19:02:02+08:00,1.3399,103.7342,C,Cloud to Cloud,2026-07-06T18:58:52.133+08:00
2026-07-07 13:57:25,2026-07-06T19:00:00+08:00,2026-07-06T19:02:02+08:00,1.3421,103.7268,C,Cloud to Cloud,2026-07-06T18:58:52.134+08:00
2026-07-07 13:57:25,2026-07-06T19:00:00+08:00,2026-07-06T19:02:02+08:00,1.3522,103.7396,C,Cloud to Cloud,2026-07-06T18:58:52.134+08:00
2026-07-07 13:57:25,2026-07-06T19:00:00+08:00,2026-07-06T19:02:02+08:00,1.3372,103.7341,C,Cloud to Cloud,2026-07-06T18:58:52.134+08:00
2026-07-07 13:57:25,2026-07-06T19:00:00+08:00,2026-07-06T19:02:02+08:00,1.3394,103.7296,C,Cloud to Cloud,2026-07-06T18:58:52.134+08:00
2026-07-07 13:57:25,2026-07-06T19:00:00+08:00,2026-07-06T19:02:02+08:00,1.3359,103.728,C,Cloud to Cloud,2026-07-06T18:58:52.134+08:00
2026-07-07 13:57:25,2026-07-06T19:00:00+08:00,2026-07-06T19:02:02+08:00,1.3417,103.7352,C,Cloud to Cloud,2026-07-06T18:58:52.134+08:00
2026-07-07 13:57:25,2026-07-06T19:00:00+08:00,2026-07-06T19:02:02+08:00,1.347,103.7396,C,Cloud to Cloud,2026-07-06T18:58:52.134+08:00
2026-07-07 13:57:25,2026-07-06T19:00:00+08:00,2026-07-06T19:02:02+08:00,1.3562,103.7363,C,Cloud to Cloud,2026-07-06T18:58:52.134+08:00
2026-07-07 13:57:25,2026-07-06T19:00:00+08:00,2026-07-06T19:02:02+08:00,1.3378,103.7343,C,Cloud to Cloud,2026-07-06T18:58:52.134+08:00
2026-07-07 13:57:25,2026-07-06T19:00:00+08:00,2026-07-06T19:02:02+08:00,1.3357,103.7335,C,Cloud to Cloud,2026-07-06T18:58:52.135+08:00
2026-07-07 13:57:25,2026-07-06T19:00:00+08:00,2026-07-06T19:02:02+08:00,1.3333,103.7276,C,Cloud to Cloud,2026-07-06T18:58:52.135+08:00
2026-07-07 13:57:25,2026-07-06T19:00:00+08:00,2026-07-06T19:02:02+08:00,1.339,103.7311,C,Cloud to Cloud,2026-07-06T18:58:52.135+08:00
2026-07-07 13:57:25,2026-07-06T19:00:00+08:00,2026-07-06T19:02:02+08:00,1.3366,103.734,C,Cloud to Cloud,2026-07-06T18:58:52.135+08:00
2026-07-07 13:57:25,2026-07-06T19:00:00+08:00,2026-07-06T19:02:02+08:00,1.3533,103.7391,C,Cloud to Cloud,2026-07-06T18:58:52.135+08:00
2026-07-07 13:57:25,2026-07-06T19:00:00+08:00,2026-07-06T19:02:02+08:00,1.3419,103.7353,C,Cloud to Cloud,2026-07-06T18:58:52.135+08:00
2026-07-07 13:57:25,2026-07-06T19:00:00+08:00,2026-07-06T19:02:02+08:00,1.3506,103.7393,C,Cloud to Cloud,2026-07-06T18:58:52.135+08:00
2026-07-07 13:57:25,2026-07-06T19:00:00+08:00,2026-07-06T19:02:02+08:00,1.3402,103.7299,C,Cloud to Cloud,2026-07-06T18:58:52.135+08:00
2026-07-07 13:57:25,2026-07-06T19:00:00+08:00,2026-07-06T19:02:02+08:00,1.341,103.7345,C,Cloud to Cloud,2026-07-06T18:58:52.135+08:00
2026-07-07 13:57:25,2026-07-06T19:00:00+08:00,2026-07-06T19:02:02+08:00,1.3512,103.7388,C,Cloud to Cloud,2026-07-06T18:58:52.135+08:00
2026-07-07 13:57:25,2026-07-06T19:00:00+08:00,2026-07-06T19:02:02+08:00,1.3387,103.7328,C,Cloud to Cloud,2026-07-06T18:58:52.136+08:00
2026-07-07 13:57:25,2026-07-06T19:00:00+08:00,2026-07-06T19:02:02+08:00,1.3395,103.7309,C,Cloud to Cloud,2026-07-06T18:58:52.136+08:00
2026-07-07 13:57:25,2026-07-06T19:00:00+08:00,2026-07-06T19:02:02+08:00,1.3386,103.7319,C,Cloud to Cloud,2026-07-06T18:58:52.136+08:00
2026-07-07 13:57:25,2026-07-06T19:00:00+08:00,2026-07-06T19:02:02+08:00,1.3419,103.7323,C,Cloud to Cloud,2026-07-06T18:58:52.136+08:00
2026-07-07 13:57:25,2026-07-06T19:00:00+08:00,2026-07-06T19:02:02+08:00,1.3396,103.7293,C,Cloud to Cloud,2026-07-06T18:58:52.136+08:00
2026-07-07 13:57:25,2026-07-06T19:00:00+08:00,2026-07-06T19:02:02+08:00,1.3546,103.7391,C,Cloud to Cloud,2026-07-06T18:58:52.136+08:00
2026-07-07 13:57:25,2026-07-06T19:00:00+08:00,2026-07-06T19:02:02+08:00,1.3386,103.7302,C,Cloud to Cloud,2026-07-06T18:58:52.136+08:00
2026-07-07 13:57:25,2026-07-06T19:00:00+08:00,2026-07-06T19:02:02+08:00,1.3429,103.7317,C,Cloud to Cloud,2026-07-06T18:58:52.136+08:00
2026-07-07 13:57:25,2026-07-06T19:00:00+08:00,2026-07-06T19:02:02+08:00,1.3751,103.6825,C,Cloud to Cloud,2026-07-06T18:58:52.136+08:00
2026-07-07 13:57:25,2026-07-06T19:00:00+08:00,2026-07-06T19:02:02+08:00,1.3431,103.7303,C,Cloud to Cloud,2026-07-06T18:58:52.136+08:00
2026-07-07 13:57:25,2026-07-06T19:00:00+08:00,2026-07-06T19:02:02+08:00,1.3434,103.731,C,Cloud to Cloud,2026-07-06T18:58:52.136+08:00
2026-07-07 13:57:25,2026-07-06T19:00:00+08:00,2026-07-06T19:02:02+08:00,1.3447,103.7327,C,Cloud to Cloud,2026-07-06T18:58:52.137+08:00
2026-07-07 13:57:25,2026-07-06T19:00:00+08:00,2026-07-06T19:02:02+08:00,1.3424,103.7271,C,Cloud to Cloud,2026-07-06T18:58:52.137+08:00
2026-07-07 13:57:25,2026-07-06T19:00:00+08:00,2026-07-06T19:02:02+08:00,1.3535,103.7384,C,Cloud to Cloud,2026-07-06T18:58:52.137+08:00
2026-07-07 13:57:25,2026-07-06T19:00:00+08:00,2026-07-06T19:02:02+08:00,1.3421,103.732,C,Cloud to Cloud,2026-07-06T18:58:52.137+08:00
2026-07-07 13:57:25,2026-07-06T19:00:00+08:00,2026-07-06T19:02:02+08:00,1.3509,103.7382,C,Cloud to Cloud,2026-07-06T18:58:52.137+08:00
2026-07-07 13:57:25,2026-07-06T19:00:00+08:00,2026-07-06T19:02:02+08:00,1.3461,103.7673,C,Cloud to Cloud,2026-07-06T18:58:52.137+08:00
2026-07-07 13:57:25,2026-07-06T19:00:00+08:00,2026-07-06T19:02:02+08:00,1.3631,103.7333,C,Cloud to Cloud,2026-07-06T18:58:52.137+08:00
2026-07-07 13:57:25,2026-07-06T19:00:00+08:00,2026-07-06T19:02:02+08:00,1.3429,103.7287,C,Cloud to Cloud,2026-07-06T18:58:52.137+08:00
2026-07-07 13:57:25,2026-07-06T19:00:00+08:00,2026-07-06T19:02:02+08:00,1.3504,103.7323,C,Cloud to Cloud,2026-07-06T18:58:52.137+08:00
2026-07-07 13:57:25,2026-07-06T19:00:00+08:00,2026-07-06T19:02:02+08:00,1.3404,103.7282,C,Cloud to Cloud,2026-07-06T18:58:52.137+08:00
2026-07-07 13:57:25,2026-07-06T19:00:00+08:00,2026-07-06T19:02:02+08:00,1.3437,103.7256,C,Cloud to Cloud,2026-07-06T18:58:52.137+08:00
2026-07-07 13:57:25,2026-07-06T19:00:00+08:00,2026-07-06T19:02:02+08:00,1.3409,103.7256,C,Cloud to Cloud,2026-07-06T18:58:52.138+08:00
2026-07-07 13:57:25,2026-07-06T19:00:00+08:00,2026-07-06T19:02:02+08:00,1.3647,103.7339,C,Cloud to Cloud,2026-07-06T18:58:52.138+08:00
2026-07-07 13:57:25,2026-07-06T19:00:00+08:00,2026-07-06T19:02:02+08:00,1.3451,103.7707,C,Cloud to Cloud,2026-07-06T18:58:52.138+08:00
2026-07-07 13:57:25,2026-07-06T19:00:00+08:00,2026-07-06T19:02:02+08:00,1.3651,103.7341,C,Cloud to Cloud,2026-07-06T18:58:52.138+08:00
2026-07-07 13:57:25,2026-07-06T19:00:00+08:00,2026-07-06T19:02:02+08:00,1.3425,103.7273,C,Cloud to Cloud,2026-07-06T18:58:52.138+08:00
2026-07-07 13:57:25,2026-07-06T19:00:00+08:00,2026-07-06T19:02:02+08:00,1.3474,103.7293,C,Cloud to Cloud,2026-07-06T18:58:52.138+08:00
2026-07-07 13:57:25,2026-07-06T19:00:00+08:00,2026-07-06T19:02:02+08:00,1.3626,103.7316,C,Cloud to Cloud,2026-07-06T18:58:52.138+08:00
2026-07-07 13:57:25,2026-07-06T19:00:00+08:00,2026-07-06T19:02:02+08:00,1.3488,103.7661,C,Cloud to Cloud,2026-07-06T18:58:52.138+08:00
2026-07-07 13:57:25,2026-07-06T19:00:00+08:00,2026-07-06T19:02:02+08:00,1.3651,103.733,C,Cloud to Cloud,2026-07-06T18:58:52.138+08:00
2026-07-07 13:57:25,2026-07-06T19:00:00+08:00,2026-07-06T19:02:02+08:00,1.3454,103.7285,C,Cloud to Cloud,2026-07-06T18:58:52.138+08:00
2026-07-07 13:57:25,2026-07-06T19:00:00+08:00,2026-07-06T19:02:02+08:00,1.3498,103.7291,C,Cloud to Cloud,2026-07-06T18:58:52.138+08:00
2026-07-07 13:57:25,2026-07-06T19:00:00+08:00,2026-07-06T19:02:02+08:00,1.3481,103.7621,C,Cloud to Cloud,2026-07-06T18:58:52.138+08:00
2026-07-07 13:57:25,2026-07-06T19:00:00+08:00,2026-07-06T19:02:02+08:00,1.364,103.7325,C,Cloud to Cloud,2026-07-06T18:58:52.138+08:00
2026-07-07 13:57:25,2026-07-06T19:00:00+08:00,2026-07-06T19:02:02+08:00,1.3522,103.7637,C,Cloud to Cloud,2026-07-06T18:58:52.138+08:00
2026-07-07 13:57:25,2026-07-06T19:00:00+08:00,2026-07-06T19:02:02+08:00,1.3468,103.7254,C,Cloud to Cloud,2026-07-06T18:58:52.138+08:00
2026-07-07 13:57:25,2026-07-06T19:00:00+08:00,2026-07-06T19:02:02+08:00,1.3497,103.7654,C,Cloud to Cloud,2026-07-06T18:58:52.139+08:00
2026-07-07 13:57:25,2026-07-06T19:00:00+08:00,2026-07-06T19:02:02+08:00,1.3653,103.7337,C,Cloud to Cloud,2026-07-06T18:58:52.139+08:00
2026-07-07 13:57:25,2026-07-06T19:00:00+08:00,2026-07-06T19:02:02+08:00,1.3496,103.7648,C,Cloud to Cloud,2026-07-06T18:58:52.139+08:00
2026-07-07 13:57:25,2026-07-06T19:00:00+08:00,2026-07-06T19:02:02+08:00,1.366,103.7324,C,Cloud to Cloud,2026-07-06T18:58:52.139+08:00
2026-07-07 13:57:25,2026-07-06T19:00:00+08:00,2026-07-06T19:02:02+08:00,1.352,103.7598,C,Cloud to Cloud,2026-07-06T18:58:52.139+08:00
2026-07-07 13:57:25,2026-07-06T19:00:00+08:00,2026-07-06T19:02:02+08:00,1.3686,103.7322,C,Cloud to Cloud,2026-07-06T18:58:52.139+08:00
2026-07-07 13:57:25,2026-07-06T19:00:00+08:00,2026-07-06T19:02:02+08:00,1.3854,103.7309,C,Cloud to Cloud,2026-07-06T18:58:52.139+08:00
2026-07-07 13:57:25,2026-07-06T19:00:00+08:00,2026-07-06T19:02:02+08:00,1.3507,103.7635,C,Cloud to Cloud,2026-07-06T18:58:52.139+08:00
2026-07-07 13:57:25,2026-07-06T19:00:00+08:00,2026-07-06T19:02:02+08:00,1.3664,103.7315,C,Cloud to Cloud,2026-07-06T18:58:52.139+08:00
2026-07-07 13:57:25,2026-07-06T19:00:00+08:00,2026-07-06T19:02:02+08:00,1.3529,103.762,C,Cloud to Cloud,2026-07-06T18:58:52.139+08:00
2026-07-07 13:57:25,2026-07-06T19:00:00+08:00,2026-07-06T19:02:02+08:00,1.364,103.7312,C,Cloud to Cloud,2026-07-06T18:58:52.139+08:00
2026-07-07 13:57:25,2026-07-06T19:00:00+08:00,2026-07-06T19:02:02+08:00,1.3523,103.762,C,Cloud to Cloud,2026-07-06T18:58:52.139+08:00
2026-07-07 13:57:25,2026-07-06T19:00:00+08:00,2026-07-06T19:02:02+08:00,1.365,103.7316,C,Cloud to Cloud,2026-07-06T18:58:52.139+08:00
2026-07-07 13:57:25,2026-07-06T19:00:00+08:00,2026-07-06T19:02:02+08:00,1.351,103.7624,C,Cloud to Cloud,2026-07-06T18:58:52.139+08:00
2026-07-07 13:57:25,2026-07-06T19:00:00+08:00,2026-07-06T19:02:02+08:00,1.3645,103.7323,C,Cloud to Cloud,2026-07-06T18:58:52.139+08:00
2026-07-07 13:57:25,2026-07-06T19:00:00+08:00,2026-07-06T19:02:02+08:00,1.3526,103.7606,C,Cloud to Cloud,2026-07-06T18:58:52.139+08:00
2026-07-07 13:57:25,2026-07-06T19:00:00+08:00,2026-07-06T19:02:02+08:00,1.3635,103.7318,C,Cloud to Cloud,2026-07-06T18:58:52.139+08:00
2026-07-07 13:57:25,2026-07-06T19:00:00+08:00,2026-07-06T19:02:02+08:00,1.353,103.7645,C,Cloud to Cloud,2026-07-06T18:58:52.139+08:00
2026-07-07 13:57:25,2026-07-06T19:00:00+08:00,2026-07-06T19:02:02+08:00,1.3653,103.7317,C,Cloud to Cloud,2026-07-06T18:58:52.139+08:00
2026-07-07 13:57:25,2026-07-06T19:00:00+08:00,2026-07-06T19:02:02+08:00,1.3555,103.7602,C,Cloud to Cloud,2026-07-06T18:58:52.139+08:00
2026-07-07 13:57:25,2026-07-06T19:00:00+08:00,2026-07-06T19:02:02+08:00,1.3643,103.7316,C,Cloud to Cloud,2026-07-06T18:58:52.139+08:00
2026-07-07 13:57:25,2026-07-06T19:00:00+08:00,2026-07-06T19:02:02+08:00,1.3507,103.7626,C,Cloud to Cloud,2026-07-06T18:58:52.14+08:00
2026-07-07 13:57:25,2026-07-06T19:00:00+08:00,2026-07-06T19:02:02+08:00,1.3559,103.7275,C,Cloud to Cloud,2026-07-06T18:58:52.14+08:00
2026-07-07 13:57:25,2026-07-06T19:00:00+08:00,2026-07-06T19:02:02+08:00,1.3559,103.7271,C,Cloud to Cloud,2026-07-06T18:58:52.14+08:00
2026-07-07 13:57:25,2026-07-06T19:00:00+08:00,2026-07-06T19:02:02+08:00,1.3528,103.7259,C,Cloud to Cloud,2026-07-06T18:58:52.14+08:00
2026-07-07 13:57:25,2026-07-06T19:00:00+08:00,2026-07-06T19:02:02+08:00,1.3623,103.7303,C,Cloud to Cloud,2026-07-06T18:58:52.14+08:00
2026-07-07 13:57:25,2026-07-06T19:00:00+08:00,2026-07-06T19:02:02+08:00,1.3614,103.731,C,Cloud to Cloud,2026-07-06T18:58:52.14+08:00
2026-07-07 13:57:25,2026-07-06T19:00:00+08:00,2026-07-06T19:02:02+08:00,1.3605,103.731,C,Cloud to Cloud,2026-07-06T18:58:52.14+08:00
2026-07-07 13:57:25,2026-07-06T19:00:00+08:00,2026-07-06T19:02:02+08:00,1.3557,103.759,C,Cloud to Cloud,2026-07-06T18:58:52.14+08:00
2026-07-07 13:57:25,2026-07-06T19:00:00+08:00,2026-07-06T19:02:02+08:00,1.3584,103.7325,C,Cloud to Cloud,2026-07-06T18:58:52.14+08:00
2026-07-07 13:57:25,2026-07-06T19:00:00+08:00,2026-07-06T19:02:02+08:00,1.3604,103.7315,C,Cloud to Cloud,2026-07-06T18:58:52.14+08:00
2026-07-07 13:57:25,2026-07-06T19:00:00+08:00,2026-07-06T19:02:02+08:00,1.3611,103.7311,C,Cloud to Cloud,2026-07-06T18:58:52.14+08:00
2026-07-07 13:57:25,2026-07-06T19:00:00+08:00,2026-07-06T19:02:02+08:00,1.3616,103.7324,C,Cloud to Cloud,2026-07-06T18:58:52.14+08:00
2026-07-07 13:57:25,2026-07-06T19:00:00+08:00,2026-07-06T19:02:02+08:00,1.3617,103.7299,C,Cloud to Cloud,2026-07-06T18:58:52.141+08:00
2026-07-07 13:57:25,2026-07-06T19:00:00+08:00,2026-07-06T19:02:02+08:00,1.3607,103.7306,C,Cloud to Cloud,2026-07-06T18:58:52.141+08:00
2026-07-07 13:57:25,2026-07-06T19:00:00+08:00,2026-07-06T19:02:02+08:00,1.3699,103.7305,C,Cloud to Cloud,2026-07-06T18:58:52.141+08:00
2026-07-07 13:57:25,2026-07-06T19:00:00+08:00,2026-07-06T19:02:02+08:00,1.3695,103.7301,C,Cloud to Cloud,2026-07-06T18:58:52.141+08:00
2026-07-07 13:57:25,2026-07-06T19:00:00+08:00,2026-07-06T19:02:02+08:00,1.362,103.7302,C,Cloud to Cloud,2026-07-06T18:58:52.141+08:00
2026-07-07 13:57:25,2026-07-06T19:00:00+08:00,2026-07-06T19:02:02+08:00,1.3657,103.7305,C,Cloud to Cloud,2026-07-06T18:58:52.141+08:00
2026-07-07 13:57:25,2026-07-06T19:00:00+08:00,2026-07-06T19:02:02+08:00,1.3641,103.731,C,Cloud to Cloud,2026-07-06T18:58:52.141+08:00
2026-07-07 13:57:25,2026-07-06T19:00:00+08:00,2026-07-06T19:02:02+08:00,1.3654,103.7298,C,Cloud to Cloud,2026-07-06T18:58:52.141+08:00
2026-07-07 13:57:25,2026-07-06T19:00:00+08:00,2026-07-06T19:02:02+08:00,1.3627,103.7296,C,Cloud to Cloud,2026-07-06T18:58:52.142+08:00
2026-07-07 13:57:25,2026-07-06T19:00:00+08:00,2026-07-06T19:02:02+08:00,1.3639,103.7304,C,Cloud to Cloud,2026-07-06T18:58:52.142+08:00
2026-07-07 13:57:25,2026-07-06T19:00:00+08:00,2026-07-06T19:02:02+08:00,1.3659,103.7299,C,Cloud to Cloud,2026-07-06T18:58:52.142+08:00
2026-07-07 13:57:25,2026-07-06T19:00:00+08:00,2026-07-06T19:02:02+08:00,1.3744,103.7318,C,Cloud to Cloud,2026-07-06T18:58:52.142+08:00
2026-07-07 13:57:25,2026-07-06T19:00:00+08:00,2026-07-06T19:02:02+08:00,1.431,103.741,C,Cloud to Cloud,2026-07-06T18:58:52.142+08:00
2026-07-07 13:57:25,2026-07-06T19:00:00+08:00,2026-07-06T19:02:02+08:00,1.3657,103.7297,C,Cloud to Cloud,2026-07-06T18:58:52.142+08:00
2026-07-07 13:57:25,2026-07-06T19:00:00+08:00,2026-07-06T19:02:02+08:00,1.3563,103.7234,C,Cloud to Cloud,2026-07-06T18:58:52.142+08:00
2026-07-07 13:57:25,2026-07-06T19:00:00+08:00,2026-07-06T19:02:02+08:00,1.3595,103.7256,C,Cloud to Cloud,2026-07-06T18:58:52.142+08:00
2026-07-07 13:57:25,2026-07-06T19:00:00+08:00,2026-07-06T19:02:02+08:00,1.3649,103.7299,C,Cloud to Cloud,2026-07-06T18:58:52.142+08:00
2026-07-07 13:57:25,2026-07-06T19:00:00+08:00,2026-07-06T19:02:02+08:00,1.3569,103.7253,C,Cloud to Cloud,2026-07-06T18:58:52.142+08:00
2026-07-07 13:57:25,2026-07-06T19:00:00+08:00,2026-07-06T19:02:02+08:00,1.3644,103.7302,C,Cloud to Cloud,2026-07-06T18:58:52.143+08:00
2026-07-07 13:57:25,2026-07-06T19:00:00+08:00,2026-07-06T19:02:02+08:00,1.3649,103.7303,C,Cloud to Cloud,2026-07-06T18:58:52.143+08:00
2026-07-07 13:57:25,2026-07-06T19:00:00+08:00,2026-07-06T19:02:02+08:00,1.3666,103.7297,C,Cloud to Cloud,2026-07-06T18:58:52.143+08:00
2026-07-07 13:57:25,2026-07-06T19:00:00+08:00,2026-07-06T19:02:02+08:00,1.3656,103.7308,C,Cloud to Cloud,2026-07-06T18:58:52.143+08:00
2026-07-07 13:57:25,2026-07-06T19:00:00+08:00,2026-07-06T19:02:02+08:00,1.3673,103.7305,C,Cloud to Cloud,2026-07-06T18:58:52.143+08:00
2026-07-07 13:57:25,2026-07-06T19:00:00+08:00,2026-07-06T19:02:02+08:00,1.3656,103.7296,C,Cloud to Cloud,2026-07-06T18:58:52.143+08:00
2026-07-07 13:57:25,2026-07-06T19:00:00+08:00,2026-07-06T19:02:02+08:00,1.3615,103.7276,C,Cloud to Cloud,2026-07-06T18:58:52.143+08:00
2026-07-07 13:57:25,2026-07-06T19:00:00+08:00,2026-07-06T19:02:02+08:00,1.3673,103.7291,C,Cloud to Cloud,2026-07-06T18:58:52.143+08:00
2026-07-07 13:57:25,2026-07-06T19:00:00+08:00,2026-07-06T19:02:02+08:00,1.3705,103.731,C,Cloud to Cloud,2026-07-06T18:58:52.143+08:00
2026-07-07 13:57:25,2026-07-06T19:00:00+08:00,2026-07-06T19:02:02+08:00,1.3618,103.7291,C,Cloud to Cloud,2026-07-06T18:58:52.143+08:00
2026-07-07 13:57:25,2026-07-06T19:00:00+08:00,2026-07-06T19:02:02+08:00,1.3588,103.7242,C,Cloud to Cloud,2026-07-06T18:58:52.144+08:00
2026-07-07 13:57:25,2026-07-06T19:00:00+08:00,2026-07-06T19:02:02+08:00,1.3761,103.7344,C,Cloud to Cloud,2026-07-06T18:58:52.144+08:00
2026-07-07 13:57:25,2026-07-06T19:00:00+08:00,2026-07-06T19:02:02+08:00,1.3599,103.7236,C,Cloud to Cloud,2026-07-06T18:58:52.144+08:00
2026-07-07 13:57:25,2026-07-06T19:00:00+08:00,2026-07-06T19:02:02+08:00,1.3619,103.724,C,Cloud to Cloud,2026-07-06T18:58:52.144+08:00
2026-07-07 13:57:25,2026-07-06T19:00:00+08:00,2026-07-06T19:02:02+08:00,1.3713,103.7291,C,Cloud to Cloud,2026-07-06T18:58:52.144+08:00
2026-07-07 13:57:25,2026-07-06T19:00:00+08:00,2026-07-06T19:02:02+08:00,1.37,103.7278,C,Cloud to Cloud,2026-07-06T18:58:52.144+08:00
2026-07-07 13:57:25,2026-07-06T19:00:00+08:00,2026-07-06T19:02:02+08:00,1.372,103.7295,C,Cloud to Cloud,2026-07-06T18:58:52.144+08:00
2026-07-07 13:57:25,2026-07-06T19:00:00+08:00,2026-07-06T19:02:02+08:00,1.3701,103.7278,C,Cloud to Cloud,2026-07-06T18:58:52.144+08:00
2026-07-07 13:57:25,2026-07-06T19:00:00+08:00,2026-07-06T19:02:02+08:00,1.3681,103.7269,C,Cloud to Cloud,2026-07-06T18:58:52.144+08:00
2026-07-07 13:57:25,2026-07-06T19:00:00+08:00,2026-07-06T19:02:02+08:00,1.3617,103.7217,C,Cloud to Cloud,2026-07-06T18:58:52.144+08:00
2026-07-07 13:57:25,2026-07-06T19:00:00+08:00,2026-07-06T19:02:02+08:00,1.3719,103.7302,C,Cloud to Cloud,2026-07-06T18:58:52.145+08:00
2026-07-07 13:57:25,2026-07-06T19:00:00+08:00,2026-07-06T19:02:02+08:00,1.3716,103.7274,C,Cloud to Cloud,2026-07-06T18:58:52.145+08:00
2026-07-07 13:57:25,2026-07-06T19:00:00+08:00,2026-07-06T19:02:02+08:00,1.369,103.7281,C,Cloud to Cloud,2026-07-06T18:58:52.145+08:00
2026-07-07 13:57:25,2026-07-06T19:00:00+08:00,2026-07-06T19:02:02+08:00,1.3686,103.7267,C,Cloud to Cloud,2026-07-06T18:58:52.145+08:00
2026-07-07 13:57:25,2026-07-06T19:00:00+08:00,2026-07-06T19:02:02+08:00,1.3718,103.7294,C,Cloud to Cloud,2026-07-06T18:58:52.145+08:00
2026-07-07 13:57:25,2026-07-06T19:00:00+08:00,2026-07-06T19:02:02+08:00,1.3721,103.7298,C,Cloud to Cloud,2026-07-06T18:58:52.145+08:00
2026-07-07 13:57:25,2026-07-06T19:00:00+08:00,2026-07-06T19:02:02+08:00,1.3738,103.7297,C,Cloud to Cloud,2026-07-06T18:58:52.145+08:00
2026-07-07 13:57:25,2026-07-06T19:00:00+08:00,2026-07-06T19:02:02+08:00,1.3709,103.7283,C,Cloud to Cloud,2026-07-06T18:58:52.145+08:00
2026-07-07 13:57:25,2026-07-06T19:00:00+08:00,2026-07-06T19:02:02+08:00,1.3737,103.7299,C,Cloud to Cloud,2026-07-06T18:58:52.145+08:00
2026-07-07 13:57:25,2026-07-06T19:00:00+08:00,2026-07-06T19:02:02+08:00,1.3718,103.7301,C,Cloud to Cloud,2026-07-06T18:58:52.145+08:00
2026-07-07 13:57:25,2026-07-06T19:00:00+08:00,2026-07-06T19:02:02+08:00,1.3752,103.7282,C,Cloud to Cloud,2026-07-06T18:58:52.146+08:00
2026-07-07 13:57:25,2026-07-06T19:00:00+08:00,2026-07-06T19:02:02+08:00,1.3711,103.7292,C,Cloud to Cloud,2026-07-06T18:58:52.146+08:00
2026-07-07 13:57:25,2026-07-06T19:00:00+08:00,2026-07-06T19:02:02+08:00,1.36,103.7221,C,Cloud to Cloud,2026-07-06T18:58:52.146+08:00
2026-07-07 13:57:25,2026-07-06T19:00:00+08:00,2026-07-06T19:02:02+08:00,1.3736,103.7283,C,Cloud to Cloud,2026-07-06T18:58:52.146+08:00
2026-07-07 13:57:25,2026-07-06T19:00:00+08:00,2026-07-06T19:02:02+08:00,1.3758,103.7298,C,Cloud to Cloud,2026-07-06T18:58:52.146+08:00
2026-07-07 13:57:25,2026-07-06T19:00:00+08:00,2026-07-06T19:02:02+08:00,1.3719,103.728,C,Cloud to Cloud,2026-07-06T18:58:52.146+08:00
2026-07-07 13:57:25,2026-07-06T19:00:00+08:00,2026-07-06T19:02:02+08:00,1.3762,103.7305,C,Cloud to Cloud,2026-07-06T18:58:52.146+08:00
2026-07-07 13:57:25,2026-07-06T19:00:00+08:00,2026-07-06T19:02:02+08:00,1.3732,103.7281,C,Cloud to Cloud,2026-07-06T18:58:52.146+08:00
2026-07-07 13:57:25,2026-07-06T19:00:00+08:00,2026-07-06T19:02:02+08:00,1.3761,103.7299,C,Cloud to Cloud,2026-07-06T18:58:52.146+08:00
2026-07-07 13:57:25,2026-07-06T19:00:00+08:00,2026-07-06T19:02:02+08:00,1.377,103.7292,C,Cloud to Cloud,2026-07-06T18:58:52.147+08:00
2026-07-07 13:57:25,2026-07-06T19:00:00+08:00,2026-07-06T19:02:02+08:00,1.3742,103.7275,C,Cloud to Cloud,2026-07-06T18:58:52.148+08:00
2026-07-07 13:57:25,2026-07-06T19:00:00+08:00,2026-07-06T19:02:02+08:00,1.3747,103.7278,C,Cloud to Cloud,2026-07-06T18:58:52.148+08:00
2026-07-07 13:57:25,2026-07-06T19:00:00+08:00,2026-07-06T19:02:02+08:00,1.3538,103.708,C,Cloud to Cloud,2026-07-06T18:58:52.149+08:00
2026-07-07 13:57:25,2026-07-06T19:00:00+08:00,2026-07-06T19:02:02+08:00,1.3519,103.7173,C,Cloud to Cloud,2026-07-06T18:58:52.207+08:00
2026-07-07 13:57:25,2026-07-06T19:00:00+08:00,2026-07-06T19:02:02+08:00,1.3435,103.7114,C,Cloud to Cloud,2026-07-06T18:58:52.207+08:00
