fetch_time,observation_window,data_updated,latitude,longitude,strike_type,description,strike_time
2025-12-25 11:19:30,2025-12-24T22:12:00+08:00,2025-12-24T22:14:02+08:00,1.4545,103.4073,C,Cloud to Cloud,2025-12-24T22:10:38.101+08:00
2025-12-25 11:19:30,2025-12-24T22:04:00+08:00,2025-12-24T22:06:03+08:00,1.4572,103.407,C,Cloud to Cloud,2025-12-24T22:03:24.423+08:00
2025-12-25 11:19:31,2025-12-24T20:54:00+08:00,2025-12-24T20:56:03+08:00,1.0373,103.7984,C,Cloud to Cloud,2025-12-24T20:53:32.024+08:00
2025-12-25 11:19:32,2025-12-24T20:28:00+08:00,2025-12-24T20:30:03+08:00,0.9782,103.623,C,Cloud to Cloud,2025-12-24T20:26:29.706+08:00
2025-12-25 11:19:32,2025-12-24T20:28:00+08:00,2025-12-24T20:30:03+08:00,1.0064,103.6438,C,Cloud to Cloud,2025-12-24T20:26:29.706+08:00
2025-12-25 11:19:32,2025-12-24T20:28:00+08:00,2025-12-24T20:30:03+08:00,0.9993,103.6393,C,Cloud to Cloud,2025-12-24T20:26:29.706+08:00
2025-12-25 11:19:32,2025-12-24T20:28:00+08:00,2025-12-24T20:30:03+08:00,0.9933,103.6341,C,Cloud to Cloud,2025-12-24T20:26:29.707+08:00
2025-12-25 11:19:32,2025-12-24T20:28:00+08:00,2025-12-24T20:30:03+08:00,0.9962,103.6352,C,Cloud to Cloud,2025-12-24T20:26:29.707+08:00
2025-12-25 11:19:32,2025-12-24T20:28:00+08:00,2025-12-24T20:30:03+08:00,1.0052,103.6433,C,Cloud to Cloud,2025-12-24T20:26:29.707+08:00
2025-12-25 11:19:32,2025-12-24T20:28:00+08:00,2025-12-24T20:30:03+08:00,1.0004,103.6384,C,Cloud to Cloud,2025-12-24T20:26:29.707+08:00
2025-12-25 11:19:32,2025-12-24T20:28:00+08:00,2025-12-24T20:30:03+08:00,1.0059,103.6439,C,Cloud to Cloud,2025-12-24T20:26:29.707+08:00
2025-12-25 11:19:32,2025-12-24T20:28:00+08:00,2025-12-24T20:30:03+08:00,0.9954,103.6376,C,Cloud to Cloud,2025-12-24T20:26:29.708+08:00
2025-12-25 11:19:32,2025-12-24T20:28:00+08:00,2025-12-24T20:30:03+08:00,1.0041,103.6389,C,Cloud to Cloud,2025-12-24T20:26:29.708+08:00
2025-12-25 11:19:32,2025-12-24T20:28:00+08:00,2025-12-24T20:30:03+08:00,0.9963,103.634,C,Cloud to Cloud,2025-12-24T20:26:29.709+08:00
2025-12-25 11:19:32,2025-12-24T20:28:00+08:00,2025-12-24T20:30:03+08:00,0.9968,103.6329,C,Cloud to Cloud,2025-12-24T20:26:29.709+08:00
2025-12-25 11:19:32,2025-12-24T20:28:00+08:00,2025-12-24T20:30:03+08:00,1.0042,103.6414,C,Cloud to Cloud,2025-12-24T20:26:29.71+08:00
2025-12-25 11:19:32,2025-12-24T20:28:00+08:00,2025-12-24T20:30:03+08:00,0.9963,103.6386,C,Cloud to Cloud,2025-12-24T20:26:29.71+08:00
2025-12-25 11:19:32,2025-12-24T20:28:00+08:00,2025-12-24T20:30:03+08:00,0.9964,103.6319,C,Cloud to Cloud,2025-12-24T20:26:29.71+08:00
2025-12-25 11:19:32,2025-12-24T20:28:00+08:00,2025-12-24T20:30:03+08:00,0.9926,103.6356,C,Cloud to Cloud,2025-12-24T20:26:29.712+08:00
2025-12-25 11:19:32,2025-12-24T20:28:00+08:00,2025-12-24T20:30:03+08:00,0.9758,103.6178,C,Cloud to Cloud,2025-12-24T20:26:29.713+08:00
2025-12-25 11:19:32,2025-12-24T20:28:00+08:00,2025-12-24T20:30:03+08:00,0.9916,103.6281,C,Cloud to Cloud,2025-12-24T20:26:29.716+08:00
2025-12-25 11:19:32,2025-12-24T20:28:00+08:00,2025-12-24T20:30:03+08:00,0.9768,103.6119,C,Cloud to Cloud,2025-12-24T20:26:29.717+08:00
2025-12-25 11:19:32,2025-12-24T20:28:00+08:00,2025-12-24T20:30:03+08:00,0.9663,103.5926,C,Cloud to Cloud,2025-12-24T20:26:29.957+08:00
2025-12-25 11:19:32,2025-12-24T20:28:00+08:00,2025-12-24T20:30:03+08:00,0.9695,103.5958,C,Cloud to Cloud,2025-12-24T20:26:29.957+08:00
2025-12-25 11:19:32,2025-12-24T20:28:00+08:00,2025-12-24T20:30:03+08:00,0.9901,103.6217,C,Cloud to Cloud,2025-12-24T20:26:29.957+08:00
2025-12-25 11:19:32,2025-12-24T20:28:00+08:00,2025-12-24T20:30:03+08:00,0.995,103.6286,C,Cloud to Cloud,2025-12-24T20:26:29.957+08:00
2025-12-25 11:19:32,2025-12-24T20:28:00+08:00,2025-12-24T20:30:03+08:00,0.9892,103.6188,C,Cloud to Cloud,2025-12-24T20:26:29.957+08:00
2025-12-25 11:19:32,2025-12-24T20:22:00+08:00,2025-12-24T20:24:03+08:00,0.9851,103.6135,C,Cloud to Cloud,2025-12-24T20:21:13.876+08:00
2025-12-25 11:19:32,2025-12-24T20:22:00+08:00,2025-12-24T20:24:03+08:00,1.0093,103.65,C,Cloud to Cloud,2025-12-24T20:21:13.97+08:00
2025-12-25 11:19:32,2025-12-24T20:22:00+08:00,2025-12-24T20:24:03+08:00,0.9764,103.6608,C,Cloud to Cloud,2025-12-24T20:21:14.208+08:00
2025-12-25 11:19:32,2025-12-24T20:14:00+08:00,2025-12-24T20:16:02+08:00,0.9816,103.5821,C,Cloud to Cloud,2025-12-24T20:13:01.538+08:00
2025-12-25 11:19:32,2025-12-24T20:14:00+08:00,2025-12-24T20:16:02+08:00,0.9611,103.5756,C,Cloud to Cloud,2025-12-24T20:13:01.538+08:00
2025-12-25 11:19:32,2025-12-24T20:14:00+08:00,2025-12-24T20:16:02+08:00,0.9721,103.5713,C,Cloud to Cloud,2025-12-24T20:13:01.538+08:00
2025-12-25 11:19:32,2025-12-24T20:14:00+08:00,2025-12-24T20:16:02+08:00,0.989,103.5894,C,Cloud to Cloud,2025-12-24T20:13:01.539+08:00
2025-12-25 11:19:32,2025-12-24T20:14:00+08:00,2025-12-24T20:16:02+08:00,0.9775,103.5763,C,Cloud to Cloud,2025-12-24T20:13:01.539+08:00
2025-12-25 11:19:32,2025-12-24T20:14:00+08:00,2025-12-24T20:16:02+08:00,0.9916,103.5894,C,Cloud to Cloud,2025-12-24T20:13:01.539+08:00
2025-12-25 11:19:32,2025-12-24T20:14:00+08:00,2025-12-24T20:16:02+08:00,0.9928,103.5902,C,Cloud to Cloud,2025-12-24T20:13:01.539+08:00
2025-12-25 11:19:32,2025-12-24T20:14:00+08:00,2025-12-24T20:16:02+08:00,0.993,103.592,C,Cloud to Cloud,2025-12-24T20:13:01.54+08:00
2025-12-25 11:19:32,2025-12-24T20:14:00+08:00,2025-12-24T20:16:02+08:00,0.997,103.5931,C,Cloud to Cloud,2025-12-24T20:13:01.54+08:00
2025-12-25 11:19:32,2025-12-24T20:14:00+08:00,2025-12-24T20:16:02+08:00,0.9993,103.5968,C,Cloud to Cloud,2025-12-24T20:13:01.541+08:00
2025-12-25 11:19:32,2025-12-24T20:14:00+08:00,2025-12-24T20:16:02+08:00,0.9954,103.5915,C,Cloud to Cloud,2025-12-24T20:13:01.541+08:00
2025-12-25 11:19:32,2025-12-24T20:14:00+08:00,2025-12-24T20:16:02+08:00,0.9927,103.586,C,Cloud to Cloud,2025-12-24T20:13:01.541+08:00
2025-12-25 11:19:32,2025-12-24T20:14:00+08:00,2025-12-24T20:16:02+08:00,0.9957,103.5893,C,Cloud to Cloud,2025-12-24T20:13:01.541+08:00
2025-12-25 11:19:32,2025-12-24T20:14:00+08:00,2025-12-24T20:16:02+08:00,0.9904,103.5818,C,Cloud to Cloud,2025-12-24T20:13:01.541+08:00
2025-12-25 11:19:32,2025-12-24T20:14:00+08:00,2025-12-24T20:16:02+08:00,1.0046,103.594,C,Cloud to Cloud,2025-12-24T20:13:01.541+08:00
2025-12-25 11:19:32,2025-12-24T20:14:00+08:00,2025-12-24T20:16:02+08:00,0.9937,103.5827,C,Cloud to Cloud,2025-12-24T20:13:01.543+08:00
2025-12-25 11:19:32,2025-12-24T20:14:00+08:00,2025-12-24T20:16:02+08:00,0.9989,103.5888,C,Cloud to Cloud,2025-12-24T20:13:01.543+08:00
2025-12-25 11:19:32,2025-12-24T20:14:00+08:00,2025-12-24T20:16:02+08:00,0.9962,103.5415,C,Cloud to Cloud,2025-12-24T20:13:01.559+08:00
2025-12-25 11:19:32,2025-12-24T20:14:00+08:00,2025-12-24T20:16:02+08:00,0.9539,103.5406,C,Cloud to Cloud,2025-12-24T20:13:01.767+08:00
2025-12-25 11:19:32,2025-12-24T20:14:00+08:00,2025-12-24T20:16:02+08:00,1.0092,103.5757,C,Cloud to Cloud,2025-12-24T20:13:01.767+08:00
2025-12-25 11:19:32,2025-12-24T20:14:00+08:00,2025-12-24T20:16:02+08:00,1.0145,103.5902,C,Cloud to Cloud,2025-12-24T20:13:01.869+08:00
2025-12-25 11:19:32,2025-12-24T20:14:00+08:00,2025-12-24T20:16:02+08:00,0.9793,103.5746,C,Cloud to Cloud,2025-12-24T20:13:01.869+08:00
2025-12-25 11:19:32,2025-12-24T20:14:00+08:00,2025-12-24T20:16:02+08:00,0.9656,103.5523,C,Cloud to Cloud,2025-12-24T20:13:01.869+08:00
2025-12-25 11:19:32,2025-12-24T20:14:00+08:00,2025-12-24T20:16:02+08:00,0.9666,103.5527,C,Cloud to Cloud,2025-12-24T20:13:01.87+08:00
2025-12-25 11:19:32,2025-12-24T20:14:00+08:00,2025-12-24T20:16:02+08:00,0.9878,103.5753,C,Cloud to Cloud,2025-12-24T20:13:01.87+08:00
2025-12-25 11:19:32,2025-12-24T20:14:00+08:00,2025-12-24T20:16:02+08:00,0.9876,103.5712,C,Cloud to Cloud,2025-12-24T20:13:01.87+08:00
2025-12-25 11:19:32,2025-12-24T20:14:00+08:00,2025-12-24T20:16:02+08:00,0.9761,103.5568,C,Cloud to Cloud,2025-12-24T20:13:01.87+08:00
2025-12-25 11:19:32,2025-12-24T20:14:00+08:00,2025-12-24T20:16:02+08:00,0.973,103.5519,C,Cloud to Cloud,2025-12-24T20:13:01.87+08:00
2025-12-25 11:19:32,2025-12-24T20:14:00+08:00,2025-12-24T20:16:02+08:00,1.0092,103.5573,C,Cloud to Cloud,2025-12-24T20:13:01.871+08:00
2025-12-25 11:19:32,2025-12-24T20:14:00+08:00,2025-12-24T20:16:02+08:00,0.9562,103.6039,C,Cloud to Cloud,2025-12-24T20:13:01.932+08:00
2025-12-25 11:19:32,2025-12-24T20:14:00+08:00,2025-12-24T20:16:02+08:00,0.9562,103.6039,C,Cloud to Cloud,2025-12-24T20:13:01.932+08:00
2025-12-25 11:19:32,2025-12-24T20:14:00+08:00,2025-12-24T20:16:02+08:00,0.9575,103.6041,C,Cloud to Cloud,2025-12-24T20:13:01.932+08:00
2025-12-25 11:19:32,2025-12-24T20:14:00+08:00,2025-12-24T20:16:02+08:00,0.9597,103.6106,C,Cloud to Cloud,2025-12-24T20:13:01.933+08:00
2025-12-25 11:19:32,2025-12-24T20:14:00+08:00,2025-12-24T20:16:02+08:00,0.9611,103.6086,C,Cloud to Cloud,2025-12-24T20:13:01.933+08:00
2025-12-25 11:19:32,2025-12-24T20:14:00+08:00,2025-12-24T20:16:02+08:00,0.9611,103.6086,C,Cloud to Cloud,2025-12-24T20:13:01.933+08:00
2025-12-25 11:19:32,2025-12-24T20:14:00+08:00,2025-12-24T20:16:02+08:00,0.9576,103.6057,C,Cloud to Cloud,2025-12-24T20:13:01.933+08:00
2025-12-25 11:19:32,2025-12-24T20:14:00+08:00,2025-12-24T20:16:02+08:00,0.9576,103.6057,C,Cloud to Cloud,2025-12-24T20:13:01.933+08:00
2025-12-25 11:19:32,2025-12-24T20:14:00+08:00,2025-12-24T20:16:02+08:00,0.9604,103.6081,C,Cloud to Cloud,2025-12-24T20:13:01.933+08:00
2025-12-25 11:19:32,2025-12-24T20:14:00+08:00,2025-12-24T20:16:02+08:00,0.9635,103.6098,C,Cloud to Cloud,2025-12-24T20:13:01.934+08:00
2025-12-25 11:19:32,2025-12-24T20:14:00+08:00,2025-12-24T20:16:02+08:00,0.96,103.6088,C,Cloud to Cloud,2025-12-24T20:13:01.934+08:00
2025-12-25 11:19:32,2025-12-24T20:14:00+08:00,2025-12-24T20:16:02+08:00,0.9614,103.6115,C,Cloud to Cloud,2025-12-24T20:13:01.934+08:00
2025-12-25 11:19:32,2025-12-24T20:14:00+08:00,2025-12-24T20:16:02+08:00,0.9526,103.6018,C,Cloud to Cloud,2025-12-24T20:13:01.934+08:00
2025-12-25 11:19:32,2025-12-24T20:14:00+08:00,2025-12-24T20:16:02+08:00,0.9591,103.608,C,Cloud to Cloud,2025-12-24T20:13:01.934+08:00
2025-12-25 11:19:32,2025-12-24T20:14:00+08:00,2025-12-24T20:16:02+08:00,0.9593,103.6077,C,Cloud to Cloud,2025-12-24T20:13:01.934+08:00
2025-12-25 11:19:32,2025-12-24T20:14:00+08:00,2025-12-24T20:16:02+08:00,0.9576,103.6057,C,Cloud to Cloud,2025-12-24T20:13:01.934+08:00
2025-12-25 11:19:32,2025-12-24T20:14:00+08:00,2025-12-24T20:16:02+08:00,0.9514,103.6013,C,Cloud to Cloud,2025-12-24T20:13:01.935+08:00
2025-12-25 11:19:32,2025-12-24T20:14:00+08:00,2025-12-24T20:16:02+08:00,0.9547,103.6031,C,Cloud to Cloud,2025-12-24T20:13:01.935+08:00
2025-12-25 11:19:32,2025-12-24T20:14:00+08:00,2025-12-24T20:16:02+08:00,0.9598,103.6066,C,Cloud to Cloud,2025-12-24T20:13:01.935+08:00
2025-12-25 11:19:32,2025-12-24T20:14:00+08:00,2025-12-24T20:16:02+08:00,0.9604,103.6081,C,Cloud to Cloud,2025-12-24T20:13:01.935+08:00
2025-12-25 11:19:32,2025-12-24T20:14:00+08:00,2025-12-24T20:16:02+08:00,0.9574,103.606,C,Cloud to Cloud,2025-12-24T20:13:01.935+08:00
2025-12-25 11:19:32,2025-12-24T20:14:00+08:00,2025-12-24T20:16:02+08:00,0.9569,103.6071,C,Cloud to Cloud,2025-12-24T20:13:01.935+08:00
2025-12-25 11:19:32,2025-12-24T20:14:00+08:00,2025-12-24T20:16:02+08:00,0.9563,103.6055,C,Cloud to Cloud,2025-12-24T20:13:01.935+08:00
2025-12-25 11:19:32,2025-12-24T20:14:00+08:00,2025-12-24T20:16:02+08:00,0.9565,103.6052,C,Cloud to Cloud,2025-12-24T20:13:01.936+08:00
2025-12-25 11:19:32,2025-12-24T20:14:00+08:00,2025-12-24T20:16:02+08:00,0.9555,103.6044,C,Cloud to Cloud,2025-12-24T20:13:01.936+08:00
2025-12-25 11:19:32,2025-12-24T20:14:00+08:00,2025-12-24T20:16:02+08:00,0.9505,103.6032,C,Cloud to Cloud,2025-12-24T20:13:01.936+08:00
2025-12-25 11:19:32,2025-12-24T20:14:00+08:00,2025-12-24T20:16:02+08:00,0.9524,103.6022,C,Cloud to Cloud,2025-12-24T20:13:01.936+08:00
2025-12-25 11:19:32,2025-12-24T20:14:00+08:00,2025-12-24T20:16:02+08:00,0.953,103.6038,C,Cloud to Cloud,2025-12-24T20:13:01.936+08:00
2025-12-25 11:19:32,2025-12-24T20:14:00+08:00,2025-12-24T20:16:02+08:00,0.9521,103.6029,C,Cloud to Cloud,2025-12-24T20:13:01.936+08:00
2025-12-25 11:19:32,2025-12-24T20:14:00+08:00,2025-12-24T20:16:02+08:00,0.9514,103.6013,C,Cloud to Cloud,2025-12-24T20:13:01.936+08:00
2025-12-25 11:19:32,2025-12-24T20:14:00+08:00,2025-12-24T20:16:02+08:00,0.9628,103.6112,C,Cloud to Cloud,2025-12-24T20:13:01.936+08:00
2025-12-25 11:19:32,2025-12-24T20:14:00+08:00,2025-12-24T20:16:02+08:00,0.9513,103.6044,C,Cloud to Cloud,2025-12-24T20:13:01.937+08:00
2025-12-25 11:19:32,2025-12-24T20:14:00+08:00,2025-12-24T20:16:02+08:00,0.9614,103.6115,C,Cloud to Cloud,2025-12-24T20:13:01.937+08:00
2025-12-25 11:19:32,2025-12-24T20:14:00+08:00,2025-12-24T20:16:02+08:00,0.9562,103.6086,C,Cloud to Cloud,2025-12-24T20:13:01.937+08:00
2025-12-25 11:19:32,2025-12-24T20:14:00+08:00,2025-12-24T20:16:02+08:00,0.9553,103.6047,C,Cloud to Cloud,2025-12-24T20:13:01.938+08:00
2025-12-25 11:19:32,2025-12-24T20:14:00+08:00,2025-12-24T20:16:02+08:00,0.9573,103.6035,C,Cloud to Cloud,2025-12-24T20:13:01.938+08:00
2025-12-25 11:19:32,2025-12-24T20:14:00+08:00,2025-12-24T20:16:02+08:00,0.9552,103.6078,C,Cloud to Cloud,2025-12-24T20:13:01.938+08:00
2025-12-25 11:19:32,2025-12-24T20:14:00+08:00,2025-12-24T20:16:02+08:00,0.9599,103.6118,C,Cloud to Cloud,2025-12-24T20:13:01.938+08:00
2025-12-25 11:19:32,2025-12-24T20:14:00+08:00,2025-12-24T20:16:02+08:00,0.9905,103.6316,C,Cloud to Cloud,2025-12-24T20:13:01.98+08:00
2025-12-25 11:19:32,2025-12-24T20:14:00+08:00,2025-12-24T20:16:02+08:00,0.9591,103.6066,C,Cloud to Cloud,2025-12-24T20:13:01.98+08:00
2025-12-25 11:19:32,2025-12-24T20:14:00+08:00,2025-12-24T20:16:02+08:00,0.9557,103.6046,C,Cloud to Cloud,2025-12-24T20:13:01.98+08:00
2025-12-25 11:19:32,2025-12-24T20:14:00+08:00,2025-12-24T20:16:02+08:00,0.9584,103.6042,C,Cloud to Cloud,2025-12-24T20:13:01.98+08:00
2025-12-25 11:19:32,2025-12-24T20:14:00+08:00,2025-12-24T20:16:02+08:00,0.9512,103.6027,C,Cloud to Cloud,2025-12-24T20:13:01.98+08:00
2025-12-25 11:19:32,2025-12-24T20:14:00+08:00,2025-12-24T20:16:02+08:00,0.9808,103.594,C,Cloud to Cloud,2025-12-24T20:13:02.015+08:00
2025-12-25 11:19:32,2025-12-24T20:12:00+08:00,2025-12-24T20:14:02+08:00,1.0008,103.6554,C,Cloud to Cloud,2025-12-24T20:11:14.6+08:00
2025-12-25 11:19:32,2025-12-24T20:12:00+08:00,2025-12-24T20:14:02+08:00,0.9893,103.6554,C,Cloud to Cloud,2025-12-24T20:11:14.6+08:00
2025-12-25 11:19:32,2025-12-24T20:12:00+08:00,2025-12-24T20:14:02+08:00,0.9957,103.6669,C,Cloud to Cloud,2025-12-24T20:11:14.6+08:00
2025-12-25 11:19:32,2025-12-24T20:12:00+08:00,2025-12-24T20:14:02+08:00,0.9902,103.6577,C,Cloud to Cloud,2025-12-24T20:11:14.6+08:00
2025-12-25 11:19:32,2025-12-24T20:12:00+08:00,2025-12-24T20:14:02+08:00,0.9602,103.6222,C,Cloud to Cloud,2025-12-24T20:11:14.699+08:00
2025-12-25 11:19:32,2025-12-24T20:12:00+08:00,2025-12-24T20:14:02+08:00,0.9757,103.633,C,Cloud to Cloud,2025-12-24T20:11:14.715+08:00
2025-12-25 11:19:32,2025-12-24T20:12:00+08:00,2025-12-24T20:14:02+08:00,0.9866,103.6558,C,Cloud to Cloud,2025-12-24T20:11:14.715+08:00
2025-12-25 11:19:32,2025-12-24T20:12:00+08:00,2025-12-24T20:14:02+08:00,0.9713,103.6466,C,Cloud to Cloud,2025-12-24T20:11:14.715+08:00
2025-12-25 11:19:32,2025-12-24T20:12:00+08:00,2025-12-24T20:14:02+08:00,0.9624,103.6398,C,Cloud to Cloud,2025-12-24T20:11:14.715+08:00
2025-12-25 11:19:32,2025-12-24T20:12:00+08:00,2025-12-24T20:14:02+08:00,0.9909,103.6617,C,Cloud to Cloud,2025-12-24T20:11:14.858+08:00
2025-12-25 11:19:32,2025-12-24T20:12:00+08:00,2025-12-24T20:14:02+08:00,0.9674,103.6433,C,Cloud to Cloud,2025-12-24T20:11:14.858+08:00
2025-12-25 11:19:32,2025-12-24T20:12:00+08:00,2025-12-24T20:14:02+08:00,0.9734,103.6412,C,Cloud to Cloud,2025-12-24T20:11:14.858+08:00
2025-12-25 11:19:32,2025-12-24T20:12:00+08:00,2025-12-24T20:14:02+08:00,0.9865,103.6378,C,Cloud to Cloud,2025-12-24T20:11:14.879+08:00
2025-12-25 11:19:32,2025-12-24T20:12:00+08:00,2025-12-24T20:14:02+08:00,0.9715,103.6378,C,Cloud to Cloud,2025-12-24T20:11:14.879+08:00
2025-12-25 11:19:32,2025-12-24T20:12:00+08:00,2025-12-24T20:14:02+08:00,0.9777,103.6481,C,Cloud to Cloud,2025-12-24T20:11:14.879+08:00
2025-12-25 11:19:32,2025-12-24T20:12:00+08:00,2025-12-24T20:14:02+08:00,0.9871,103.6318,C,Cloud to Cloud,2025-12-24T20:11:14.89+08:00
2025-12-25 11:19:32,2025-12-24T20:12:00+08:00,2025-12-24T20:14:02+08:00,0.9723,103.6446,C,Cloud to Cloud,2025-12-24T20:11:14.901+08:00
2025-12-25 11:19:32,2025-12-24T20:12:00+08:00,2025-12-24T20:14:02+08:00,0.9762,103.6362,C,Cloud to Cloud,2025-12-24T20:11:14.916+08:00
2025-12-25 11:19:32,2025-12-24T20:12:00+08:00,2025-12-24T20:14:02+08:00,1.015,103.6437,C,Cloud to Cloud,2025-12-24T20:11:14.916+08:00
2025-12-25 11:19:32,2025-12-24T20:10:00+08:00,2025-12-24T20:12:03+08:00,0.963,103.6394,C,Cloud to Cloud,2025-12-24T20:09:35.467+08:00
2025-12-25 11:19:32,2025-12-24T20:10:00+08:00,2025-12-24T20:12:03+08:00,0.9771,103.6503,C,Cloud to Cloud,2025-12-24T20:09:35.467+08:00
2025-12-25 11:19:32,2025-12-24T20:10:00+08:00,2025-12-24T20:12:03+08:00,0.9604,103.6379,C,Cloud to Cloud,2025-12-24T20:09:35.468+08:00
2025-12-25 11:19:32,2025-12-24T20:10:00+08:00,2025-12-24T20:12:03+08:00,0.9785,103.6514,C,Cloud to Cloud,2025-12-24T20:09:35.468+08:00
2025-12-25 11:19:32,2025-12-24T20:10:00+08:00,2025-12-24T20:12:03+08:00,0.9527,103.6318,C,Cloud to Cloud,2025-12-24T20:09:35.468+08:00
2025-12-25 11:19:32,2025-12-24T20:10:00+08:00,2025-12-24T20:12:03+08:00,0.9506,103.63,C,Cloud to Cloud,2025-12-24T20:09:35.468+08:00
2025-12-25 11:19:32,2025-12-24T20:10:00+08:00,2025-12-24T20:12:03+08:00,0.9647,103.6395,C,Cloud to Cloud,2025-12-24T20:09:35.472+08:00
2025-12-25 11:19:32,2025-12-24T20:10:00+08:00,2025-12-24T20:12:03+08:00,0.9847,103.69,C,Cloud to Cloud,2025-12-24T20:09:35.472+08:00
2025-12-25 11:19:32,2025-12-24T20:10:00+08:00,2025-12-24T20:12:03+08:00,1.0111,103.659,C,Cloud to Cloud,2025-12-24T20:09:35.487+08:00
2025-12-25 11:19:32,2025-12-24T20:10:00+08:00,2025-12-24T20:12:03+08:00,0.9659,103.5299,G,Cloud to Ground,2025-12-24T20:09:35.562+08:00
2025-12-25 11:19:32,2025-12-24T20:08:00+08:00,2025-12-24T20:10:03+08:00,0.9692,103.6151,C,Cloud to Cloud,2025-12-24T20:07:44.774+08:00
2025-12-25 11:19:32,2025-12-24T20:08:00+08:00,2025-12-24T20:10:03+08:00,0.9517,103.6287,C,Cloud to Cloud,2025-12-24T20:07:44.775+08:00
2025-12-25 11:19:32,2025-12-24T20:08:00+08:00,2025-12-24T20:10:03+08:00,0.9526,103.631,C,Cloud to Cloud,2025-12-24T20:07:44.776+08:00
2025-12-25 11:19:32,2025-12-24T20:08:00+08:00,2025-12-24T20:10:03+08:00,0.958,103.6328,C,Cloud to Cloud,2025-12-24T20:07:44.776+08:00
2025-12-25 11:19:32,2025-12-24T20:08:00+08:00,2025-12-24T20:10:03+08:00,0.9692,103.6433,C,Cloud to Cloud,2025-12-24T20:07:44.776+08:00
2025-12-25 11:19:32,2025-12-24T20:08:00+08:00,2025-12-24T20:10:03+08:00,0.9613,103.6381,C,Cloud to Cloud,2025-12-24T20:07:44.776+08:00
2025-12-25 11:19:32,2025-12-24T20:08:00+08:00,2025-12-24T20:10:03+08:00,0.9578,103.6368,C,Cloud to Cloud,2025-12-24T20:07:44.776+08:00
2025-12-25 11:19:32,2025-12-24T20:08:00+08:00,2025-12-24T20:10:03+08:00,0.9688,103.6369,C,Cloud to Cloud,2025-12-24T20:07:44.777+08:00
2025-12-25 11:19:32,2025-12-24T20:08:00+08:00,2025-12-24T20:10:03+08:00,0.9863,103.6431,C,Cloud to Cloud,2025-12-24T20:07:44.777+08:00
2025-12-25 11:19:32,2025-12-24T20:08:00+08:00,2025-12-24T20:10:03+08:00,0.9668,103.6339,C,Cloud to Cloud,2025-12-24T20:07:44.778+08:00
2025-12-25 11:19:32,2025-12-24T20:08:00+08:00,2025-12-24T20:10:03+08:00,0.9645,103.646,C,Cloud to Cloud,2025-12-24T20:07:44.779+08:00
2025-12-25 11:19:32,2025-12-24T20:08:00+08:00,2025-12-24T20:10:03+08:00,0.9879,103.653,C,Cloud to Cloud,2025-12-24T20:07:44.78+08:00
2025-12-25 11:19:32,2025-12-24T20:08:00+08:00,2025-12-24T20:10:03+08:00,0.9992,103.6545,C,Cloud to Cloud,2025-12-24T20:07:44.78+08:00
2025-12-25 11:19:32,2025-12-24T20:08:00+08:00,2025-12-24T20:10:03+08:00,0.9978,103.6529,C,Cloud to Cloud,2025-12-24T20:07:44.781+08:00
2025-12-25 11:19:32,2025-12-24T20:08:00+08:00,2025-12-24T20:10:03+08:00,0.9553,103.6749,C,Cloud to Cloud,2025-12-24T20:07:44.781+08:00
2025-12-25 11:19:32,2025-12-24T20:08:00+08:00,2025-12-24T20:10:03+08:00,0.9667,103.6401,C,Cloud to Cloud,2025-12-24T20:07:44.782+08:00
2025-12-25 11:19:32,2025-12-24T20:08:00+08:00,2025-12-24T20:10:03+08:00,0.9553,103.6373,C,Cloud to Cloud,2025-12-24T20:07:44.783+08:00
2025-12-25 11:19:32,2025-12-24T20:08:00+08:00,2025-12-24T20:10:03+08:00,0.9588,103.6417,C,Cloud to Cloud,2025-12-24T20:07:44.783+08:00
2025-12-25 11:19:32,2025-12-24T20:08:00+08:00,2025-12-24T20:10:03+08:00,0.9906,103.636,C,Cloud to Cloud,2025-12-24T20:07:44.788+08:00
2025-12-25 11:19:32,2025-12-24T20:08:00+08:00,2025-12-24T20:10:03+08:00,0.9864,103.6336,C,Cloud to Cloud,2025-12-24T20:07:44.788+08:00
2025-12-25 11:19:32,2025-12-24T20:08:00+08:00,2025-12-24T20:10:03+08:00,1.0161,103.6573,C,Cloud to Cloud,2025-12-24T20:07:44.789+08:00
2025-12-25 11:19:32,2025-12-24T20:08:00+08:00,2025-12-24T20:10:03+08:00,0.9668,103.635,C,Cloud to Cloud,2025-12-24T20:07:44.796+08:00
2025-12-25 11:19:32,2025-12-24T20:08:00+08:00,2025-12-24T20:10:03+08:00,0.9979,103.6337,C,Cloud to Cloud,2025-12-24T20:07:44.987+08:00
2025-12-25 11:19:32,2025-12-24T20:08:00+08:00,2025-12-24T20:10:03+08:00,0.9553,103.6045,C,Cloud to Cloud,2025-12-24T20:07:44.987+08:00
2025-12-25 11:19:32,2025-12-24T20:08:00+08:00,2025-12-24T20:10:03+08:00,1.0248,103.6397,C,Cloud to Cloud,2025-12-24T20:07:45.087+08:00
2025-12-25 11:19:32,2025-12-24T20:08:00+08:00,2025-12-24T20:10:03+08:00,1.0021,103.6423,C,Cloud to Cloud,2025-12-24T20:07:45.088+08:00
2025-12-25 11:19:32,2025-12-24T20:08:00+08:00,2025-12-24T20:10:03+08:00,0.988,103.6418,C,Cloud to Cloud,2025-12-24T20:07:45.088+08:00
2025-12-25 11:19:32,2025-12-24T20:08:00+08:00,2025-12-24T20:10:03+08:00,0.9876,103.6528,C,Cloud to Cloud,2025-12-24T20:07:45.088+08:00
2025-12-25 11:19:32,2025-12-24T20:08:00+08:00,2025-12-24T20:10:03+08:00,1.0093,103.6447,C,Cloud to Cloud,2025-12-24T20:07:45.088+08:00
2025-12-25 11:19:32,2025-12-24T20:08:00+08:00,2025-12-24T20:10:03+08:00,0.9838,103.6323,C,Cloud to Cloud,2025-12-24T20:07:45.088+08:00
2025-12-25 11:19:32,2025-12-24T20:08:00+08:00,2025-12-24T20:10:03+08:00,0.9946,103.6299,C,Cloud to Cloud,2025-12-24T20:07:45.088+08:00
2025-12-25 11:19:32,2025-12-24T20:08:00+08:00,2025-12-24T20:10:03+08:00,1.0157,103.6386,C,Cloud to Cloud,2025-12-24T20:07:45.145+08:00
2025-12-25 11:19:32,2025-12-24T20:08:00+08:00,2025-12-24T20:10:03+08:00,1.004,103.6474,C,Cloud to Cloud,2025-12-24T20:07:45.145+08:00
2025-12-25 11:19:32,2025-12-24T20:08:00+08:00,2025-12-24T20:10:03+08:00,1.005,103.6518,C,Cloud to Cloud,2025-12-24T20:07:45.145+08:00
2025-12-25 11:19:32,2025-12-24T20:08:00+08:00,2025-12-24T20:10:03+08:00,0.9688,103.6409,C,Cloud to Cloud,2025-12-24T20:07:45.145+08:00
2025-12-25 11:19:32,2025-12-24T20:08:00+08:00,2025-12-24T20:10:03+08:00,0.9972,103.6385,C,Cloud to Cloud,2025-12-24T20:07:45.145+08:00
2025-12-25 11:19:32,2025-12-24T20:08:00+08:00,2025-12-24T20:10:03+08:00,1.0304,103.6454,C,Cloud to Cloud,2025-12-24T20:07:45.145+08:00
2025-12-25 11:19:32,2025-12-24T20:08:00+08:00,2025-12-24T20:10:03+08:00,0.9875,103.6267,C,Cloud to Cloud,2025-12-24T20:07:45.145+08:00
2025-12-25 11:19:32,2025-12-24T20:08:00+08:00,2025-12-24T20:10:03+08:00,0.9937,103.629,C,Cloud to Cloud,2025-12-24T20:07:45.145+08:00
2025-12-25 11:19:32,2025-12-24T20:08:00+08:00,2025-12-24T20:10:03+08:00,1.071,103.6485,C,Cloud to Cloud,2025-12-24T20:07:45.145+08:00
2025-12-25 11:19:32,2025-12-24T20:08:00+08:00,2025-12-24T20:10:03+08:00,1.0349,103.6289,C,Cloud to Cloud,2025-12-24T20:07:45.145+08:00
2025-12-25 11:19:32,2025-12-24T20:08:00+08:00,2025-12-24T20:10:03+08:00,0.9941,103.5764,C,Cloud to Cloud,2025-12-24T20:07:45.146+08:00
2025-12-25 11:19:32,2025-12-24T20:08:00+08:00,2025-12-24T20:10:03+08:00,0.992,103.5471,C,Cloud to Cloud,2025-12-24T20:07:45.152+08:00
2025-12-25 11:19:32,2025-12-24T20:08:00+08:00,2025-12-24T20:10:03+08:00,0.9863,103.5411,C,Cloud to Cloud,2025-12-24T20:07:45.152+08:00
2025-12-25 11:19:32,2025-12-24T20:08:00+08:00,2025-12-24T20:10:03+08:00,1.0278,103.6073,C,Cloud to Cloud,2025-12-24T20:07:45.249+08:00
2025-12-25 11:19:32,2025-12-24T20:08:00+08:00,2025-12-24T20:10:03+08:00,1.0197,103.5988,C,Cloud to Cloud,2025-12-24T20:07:45.249+08:00
2025-12-25 11:19:32,2025-12-24T20:08:00+08:00,2025-12-24T20:10:03+08:00,1.0346,103.6181,C,Cloud to Cloud,2025-12-24T20:07:45.251+08:00
2025-12-25 11:19:32,2025-12-24T20:08:00+08:00,2025-12-24T20:10:03+08:00,1.0306,103.6125,C,Cloud to Cloud,2025-12-24T20:07:45.251+08:00
2025-12-25 11:19:32,2025-12-24T20:08:00+08:00,2025-12-24T20:10:03+08:00,1.0358,103.6168,C,Cloud to Cloud,2025-12-24T20:07:45.252+08:00
2025-12-25 11:19:32,2025-12-24T20:08:00+08:00,2025-12-24T20:10:03+08:00,1.0278,103.6095,C,Cloud to Cloud,2025-12-24T20:07:45.252+08:00
2025-12-25 11:19:32,2025-12-24T20:08:00+08:00,2025-12-24T20:10:03+08:00,1.0334,103.6166,C,Cloud to Cloud,2025-12-24T20:07:45.256+08:00
2025-12-25 11:19:32,2025-12-24T20:08:00+08:00,2025-12-24T20:10:03+08:00,1.0394,103.6199,C,Cloud to Cloud,2025-12-24T20:07:45.257+08:00
2025-12-25 11:19:32,2025-12-24T20:08:00+08:00,2025-12-24T20:10:03+08:00,1.0273,103.6057,C,Cloud to Cloud,2025-12-24T20:07:45.258+08:00
2025-12-25 11:19:32,2025-12-24T20:08:00+08:00,2025-12-24T20:10:03+08:00,1.0171,103.601,C,Cloud to Cloud,2025-12-24T20:07:45.26+08:00
2025-12-25 11:19:32,2025-12-24T20:08:00+08:00,2025-12-24T20:10:03+08:00,1.0001,103.5962,G,Cloud to Ground,2025-12-24T20:07:45.26+08:00
2025-12-25 11:19:32,2025-12-24T20:08:00+08:00,2025-12-24T20:10:03+08:00,1.0705,103.6342,C,Cloud to Cloud,2025-12-24T20:07:45.26+08:00
2025-12-25 11:19:32,2025-12-24T20:08:00+08:00,2025-12-24T20:10:03+08:00,0.9855,103.6137,C,Cloud to Cloud,2025-12-24T20:07:45.26+08:00
2025-12-25 11:19:32,2025-12-24T20:08:00+08:00,2025-12-24T20:10:03+08:00,1.0526,103.6233,C,Cloud to Cloud,2025-12-24T20:07:45.283+08:00
2025-12-25 11:19:32,2025-12-24T20:08:00+08:00,2025-12-24T20:10:03+08:00,1.0302,103.5793,C,Cloud to Cloud,2025-12-24T20:07:45.366+08:00
2025-12-25 11:19:32,2025-12-24T20:06:00+08:00,2025-12-24T20:08:03+08:00,0.9949,103.6433,C,Cloud to Cloud,2025-12-24T20:04:20.52+08:00
2025-12-25 11:19:32,2025-12-24T20:06:00+08:00,2025-12-24T20:08:03+08:00,1.0297,103.6818,C,Cloud to Cloud,2025-12-24T20:04:20.657+08:00
2025-12-25 11:19:32,2025-12-24T20:06:00+08:00,2025-12-24T20:08:03+08:00,0.9817,103.6213,C,Cloud to Cloud,2025-12-24T20:04:20.853+08:00
2025-12-25 11:19:32,2025-12-24T20:06:00+08:00,2025-12-24T20:08:03+08:00,0.9939,103.6409,C,Cloud to Cloud,2025-12-24T20:04:20.854+08:00
2025-12-25 11:19:32,2025-12-24T20:06:00+08:00,2025-12-24T20:08:03+08:00,1.0405,103.6219,C,Cloud to Cloud,2025-12-24T20:04:20.898+08:00
2025-12-25 11:19:32,2025-12-24T20:06:00+08:00,2025-12-24T20:08:03+08:00,1.0149,103.6239,C,Cloud to Cloud,2025-12-24T20:04:20.898+08:00
2025-12-25 11:19:32,2025-12-24T20:06:00+08:00,2025-12-24T20:08:03+08:00,1.0301,103.6382,C,Cloud to Cloud,2025-12-24T20:04:20.898+08:00
2025-12-25 11:19:32,2025-12-24T20:06:00+08:00,2025-12-24T20:08:03+08:00,0.9895,103.6192,C,Cloud to Cloud,2025-12-24T20:04:20.898+08:00
2025-12-25 11:19:32,2025-12-24T20:06:00+08:00,2025-12-24T20:08:03+08:00,0.9684,103.6021,C,Cloud to Cloud,2025-12-24T20:04:20.898+08:00
2025-12-25 11:19:32,2025-12-24T20:06:00+08:00,2025-12-24T20:08:03+08:00,0.9773,103.6125,C,Cloud to Cloud,2025-12-24T20:04:20.898+08:00
2025-12-25 11:19:32,2025-12-24T20:06:00+08:00,2025-12-24T20:08:03+08:00,1.0262,103.6069,C,Cloud to Cloud,2025-12-24T20:04:20.982+08:00
2025-12-25 11:19:32,2025-12-24T20:06:00+08:00,2025-12-24T20:08:03+08:00,0.9945,103.5785,C,Cloud to Cloud,2025-12-24T20:04:20.997+08:00
2025-12-25 11:19:32,2025-12-24T20:06:00+08:00,2025-12-24T20:08:03+08:00,1.0007,103.5988,C,Cloud to Cloud,2025-12-24T20:04:20.997+08:00
2025-12-25 11:19:32,2025-12-24T20:06:00+08:00,2025-12-24T20:08:03+08:00,0.9887,103.6374,C,Cloud to Cloud,2025-12-24T20:04:21.001+08:00
2025-12-25 11:19:32,2025-12-24T20:06:00+08:00,2025-12-24T20:08:03+08:00,0.9603,103.6126,C,Cloud to Cloud,2025-12-24T20:04:21.002+08:00
2025-12-25 11:19:32,2025-12-24T20:06:00+08:00,2025-12-24T20:08:03+08:00,0.9816,103.6318,C,Cloud to Cloud,2025-12-24T20:04:21.002+08:00
2025-12-25 11:19:32,2025-12-24T20:06:00+08:00,2025-12-24T20:08:03+08:00,0.9848,103.6393,C,Cloud to Cloud,2025-12-24T20:04:21.002+08:00
2025-12-25 11:19:32,2025-12-24T20:06:00+08:00,2025-12-24T20:08:03+08:00,0.994,103.6417,C,Cloud to Cloud,2025-12-24T20:04:21.002+08:00
2025-12-25 11:19:32,2025-12-24T20:06:00+08:00,2025-12-24T20:08:03+08:00,0.9944,103.643,C,Cloud to Cloud,2025-12-24T20:04:21.002+08:00
2025-12-25 11:19:32,2025-12-24T20:06:00+08:00,2025-12-24T20:08:03+08:00,0.9808,103.6336,C,Cloud to Cloud,2025-12-24T20:04:21.002+08:00
2025-12-25 11:19:32,2025-12-24T20:06:00+08:00,2025-12-24T20:08:03+08:00,0.9818,103.6336,C,Cloud to Cloud,2025-12-24T20:04:21.002+08:00
2025-12-25 11:19:32,2025-12-24T20:06:00+08:00,2025-12-24T20:08:03+08:00,0.973,103.628,C,Cloud to Cloud,2025-12-24T20:04:21.003+08:00
2025-12-25 11:19:32,2025-12-24T20:06:00+08:00,2025-12-24T20:08:03+08:00,0.984,103.6336,C,Cloud to Cloud,2025-12-24T20:04:21.003+08:00
2025-12-25 11:19:32,2025-12-24T20:06:00+08:00,2025-12-24T20:08:03+08:00,0.9824,103.6349,C,Cloud to Cloud,2025-12-24T20:04:21.003+08:00
2025-12-25 11:19:32,2025-12-24T20:06:00+08:00,2025-12-24T20:08:03+08:00,0.9862,103.6359,C,Cloud to Cloud,2025-12-24T20:04:21.003+08:00
2025-12-25 11:19:32,2025-12-24T20:06:00+08:00,2025-12-24T20:08:03+08:00,0.9847,103.6369,C,Cloud to Cloud,2025-12-24T20:04:21.003+08:00
2025-12-25 11:19:32,2025-12-24T20:06:00+08:00,2025-12-24T20:08:03+08:00,0.989,103.6392,C,Cloud to Cloud,2025-12-24T20:04:21.003+08:00
2025-12-25 11:19:32,2025-12-24T20:06:00+08:00,2025-12-24T20:08:03+08:00,0.9849,103.6339,C,Cloud to Cloud,2025-12-24T20:04:21.003+08:00
2025-12-25 11:19:32,2025-12-24T20:06:00+08:00,2025-12-24T20:08:03+08:00,0.9867,103.6346,C,Cloud to Cloud,2025-12-24T20:04:21.003+08:00
2025-12-25 11:19:32,2025-12-24T20:06:00+08:00,2025-12-24T20:08:03+08:00,0.9798,103.6305,C,Cloud to Cloud,2025-12-24T20:04:21.003+08:00
2025-12-25 11:19:32,2025-12-24T20:06:00+08:00,2025-12-24T20:08:03+08:00,0.9843,103.6352,C,Cloud to Cloud,2025-12-24T20:04:21.003+08:00
2025-12-25 11:19:32,2025-12-24T20:06:00+08:00,2025-12-24T20:08:03+08:00,0.9774,103.6284,C,Cloud to Cloud,2025-12-24T20:04:21.004+08:00
2025-12-25 11:19:32,2025-12-24T20:06:00+08:00,2025-12-24T20:08:03+08:00,0.9858,103.6369,C,Cloud to Cloud,2025-12-24T20:04:21.004+08:00
2025-12-25 11:19:32,2025-12-24T20:06:00+08:00,2025-12-24T20:08:03+08:00,0.9865,103.6376,C,Cloud to Cloud,2025-12-24T20:04:21.004+08:00
2025-12-25 11:19:32,2025-12-24T20:06:00+08:00,2025-12-24T20:08:03+08:00,0.9799,103.6329,C,Cloud to Cloud,2025-12-24T20:04:21.004+08:00
2025-12-25 11:19:32,2025-12-24T20:06:00+08:00,2025-12-24T20:08:03+08:00,0.9751,103.6259,C,Cloud to Cloud,2025-12-24T20:04:21.004+08:00
2025-12-25 11:19:32,2025-12-24T20:06:00+08:00,2025-12-24T20:08:03+08:00,0.9767,103.6273,C,Cloud to Cloud,2025-12-24T20:04:21.004+08:00
2025-12-25 11:19:32,2025-12-24T20:06:00+08:00,2025-12-24T20:08:03+08:00,0.9901,103.6388,C,Cloud to Cloud,2025-12-24T20:04:21.004+08:00
2025-12-25 11:19:32,2025-12-24T20:06:00+08:00,2025-12-24T20:08:03+08:00,0.983,103.6308,C,Cloud to Cloud,2025-12-24T20:04:21.004+08:00
2025-12-25 11:19:32,2025-12-24T20:06:00+08:00,2025-12-24T20:08:03+08:00,0.9812,103.6325,C,Cloud to Cloud,2025-12-24T20:04:21.004+08:00
2025-12-25 11:19:32,2025-12-24T20:06:00+08:00,2025-12-24T20:08:03+08:00,0.9749,103.6263,C,Cloud to Cloud,2025-12-24T20:04:21.004+08:00
2025-12-25 11:19:32,2025-12-24T20:06:00+08:00,2025-12-24T20:08:03+08:00,0.9779,103.6298,C,Cloud to Cloud,2025-12-24T20:04:21.005+08:00
2025-12-25 11:19:32,2025-12-24T20:06:00+08:00,2025-12-24T20:08:03+08:00,0.984,103.6336,C,Cloud to Cloud,2025-12-24T20:04:21.005+08:00
2025-12-25 11:19:32,2025-12-24T20:06:00+08:00,2025-12-24T20:08:03+08:00,0.9895,103.6355,C,Cloud to Cloud,2025-12-24T20:04:21.005+08:00
2025-12-25 11:19:32,2025-12-24T20:06:00+08:00,2025-12-24T20:08:03+08:00,0.983,103.6308,C,Cloud to Cloud,2025-12-24T20:04:21.005+08:00
2025-12-25 11:19:32,2025-12-24T20:06:00+08:00,2025-12-24T20:08:03+08:00,0.9779,103.6298,C,Cloud to Cloud,2025-12-24T20:04:21.005+08:00
2025-12-25 11:19:32,2025-12-24T20:06:00+08:00,2025-12-24T20:08:03+08:00,0.98,103.6301,C,Cloud to Cloud,2025-12-24T20:04:21.005+08:00
2025-12-25 11:19:32,2025-12-24T20:06:00+08:00,2025-12-24T20:08:03+08:00,0.9849,103.6339,C,Cloud to Cloud,2025-12-24T20:04:21.005+08:00
2025-12-25 11:19:32,2025-12-24T20:06:00+08:00,2025-12-24T20:08:03+08:00,0.9798,103.6281,C,Cloud to Cloud,2025-12-24T20:04:21.005+08:00
2025-12-25 11:19:32,2025-12-24T20:06:00+08:00,2025-12-24T20:08:03+08:00,0.9841,103.6308,C,Cloud to Cloud,2025-12-24T20:04:21.005+08:00
2025-12-25 11:19:32,2025-12-24T20:06:00+08:00,2025-12-24T20:08:03+08:00,0.9853,103.6329,C,Cloud to Cloud,2025-12-24T20:04:21.005+08:00
2025-12-25 11:19:32,2025-12-24T20:06:00+08:00,2025-12-24T20:08:03+08:00,0.9779,103.6298,C,Cloud to Cloud,2025-12-24T20:04:21.006+08:00
2025-12-25 11:19:32,2025-12-24T20:06:00+08:00,2025-12-24T20:08:03+08:00,0.9615,103.6213,C,Cloud to Cloud,2025-12-24T20:04:21.006+08:00
2025-12-25 11:19:32,2025-12-24T20:06:00+08:00,2025-12-24T20:08:03+08:00,0.9715,103.6234,C,Cloud to Cloud,2025-12-24T20:04:21.006+08:00
2025-12-25 11:19:32,2025-12-24T20:06:00+08:00,2025-12-24T20:08:03+08:00,0.9836,103.6319,C,Cloud to Cloud,2025-12-24T20:04:21.006+08:00
2025-12-25 11:19:32,2025-12-24T20:06:00+08:00,2025-12-24T20:08:03+08:00,0.989,103.6295,C,Cloud to Cloud,2025-12-24T20:04:21.006+08:00
2025-12-25 11:19:32,2025-12-24T20:06:00+08:00,2025-12-24T20:08:03+08:00,0.9643,103.6236,C,Cloud to Cloud,2025-12-24T20:04:21.006+08:00
2025-12-25 11:19:32,2025-12-24T20:06:00+08:00,2025-12-24T20:08:03+08:00,0.9802,103.627,C,Cloud to Cloud,2025-12-24T20:04:21.006+08:00
2025-12-25 11:19:32,2025-12-24T20:06:00+08:00,2025-12-24T20:08:03+08:00,0.9804,103.6291,C,Cloud to Cloud,2025-12-24T20:04:21.007+08:00
2025-12-25 11:19:32,2025-12-24T20:06:00+08:00,2025-12-24T20:08:03+08:00,1.028,103.5745,C,Cloud to Cloud,2025-12-24T20:04:21.094+08:00
2025-12-25 11:19:32,2025-12-24T20:06:00+08:00,2025-12-24T20:08:03+08:00,1.0452,103.5973,C,Cloud to Cloud,2025-12-24T20:04:21.114+08:00
2025-12-25 11:19:32,2025-12-24T20:06:00+08:00,2025-12-24T20:08:03+08:00,0.9826,103.5015,C,Cloud to Cloud,2025-12-24T20:05:41.041+08:00
2025-12-25 11:19:32,2025-12-24T20:06:00+08:00,2025-12-24T20:08:03+08:00,1.0298,103.5598,C,Cloud to Cloud,2025-12-24T20:05:41.375+08:00
2025-12-25 11:19:32,2025-12-24T20:06:00+08:00,2025-12-24T20:08:03+08:00,1.0425,103.5273,C,Cloud to Cloud,2025-12-24T20:05:41.431+08:00
2025-12-25 11:19:32,2025-12-24T20:04:00+08:00,2025-12-24T20:06:02+08:00,1.0426,103.5847,C,Cloud to Cloud,2025-12-24T20:02:26.683+08:00
2025-12-25 11:19:32,2025-12-24T20:04:00+08:00,2025-12-24T20:06:02+08:00,1.018,103.5537,C,Cloud to Cloud,2025-12-24T20:02:26.786+08:00
2025-12-25 11:19:32,2025-12-24T20:04:00+08:00,2025-12-24T20:06:02+08:00,1.0229,103.5595,C,Cloud to Cloud,2025-12-24T20:02:26.876+08:00
2025-12-25 11:19:32,2025-12-24T20:04:00+08:00,2025-12-24T20:06:02+08:00,1.0254,103.5535,C,Cloud to Cloud,2025-12-24T20:02:26.882+08:00
2025-12-25 11:19:32,2025-12-24T20:04:00+08:00,2025-12-24T20:06:02+08:00,1.0373,103.5648,C,Cloud to Cloud,2025-12-24T20:02:26.891+08:00
2025-12-25 11:19:32,2025-12-24T20:04:00+08:00,2025-12-24T20:06:02+08:00,1.0428,103.571,C,Cloud to Cloud,2025-12-24T20:02:26.893+08:00
2025-12-25 11:19:32,2025-12-24T20:04:00+08:00,2025-12-24T20:06:02+08:00,1.055,103.5664,C,Cloud to Cloud,2025-12-24T20:02:26.907+08:00
2025-12-25 11:19:32,2025-12-24T20:04:00+08:00,2025-12-24T20:06:02+08:00,1.058,103.5799,C,Cloud to Cloud,2025-12-24T20:02:26.907+08:00
2025-12-25 11:19:32,2025-12-24T20:04:00+08:00,2025-12-24T20:06:02+08:00,1.0562,103.5633,C,Cloud to Cloud,2025-12-24T20:02:26.931+08:00
2025-12-25 11:19:32,2025-12-24T20:04:00+08:00,2025-12-24T20:06:02+08:00,1.0605,103.5824,C,Cloud to Cloud,2025-12-24T20:02:26.931+08:00
2025-12-25 11:19:32,2025-12-24T20:04:00+08:00,2025-12-24T20:06:02+08:00,0.9988,103.5131,C,Cloud to Cloud,2025-12-24T20:02:27.015+08:00
2025-12-25 11:19:32,2025-12-24T20:04:00+08:00,2025-12-24T20:06:02+08:00,1.0559,103.5693,C,Cloud to Cloud,2025-12-24T20:02:27.015+08:00
2025-12-25 11:19:32,2025-12-24T20:04:00+08:00,2025-12-24T20:06:02+08:00,0.995,103.5223,C,Cloud to Cloud,2025-12-24T20:02:27.047+08:00
2025-12-25 11:19:32,2025-12-24T20:04:00+08:00,2025-12-24T20:06:02+08:00,0.995,103.5223,C,Cloud to Cloud,2025-12-24T20:02:27.047+08:00
2025-12-25 11:19:32,2025-12-24T20:04:00+08:00,2025-12-24T20:06:02+08:00,1.0459,103.5958,C,Cloud to Cloud,2025-12-24T20:02:27.103+08:00
2025-12-25 11:19:32,2025-12-24T20:04:00+08:00,2025-12-24T20:06:02+08:00,1.0011,103.5424,C,Cloud to Cloud,2025-12-24T20:02:27.103+08:00
2025-12-25 11:19:32,2025-12-24T20:04:00+08:00,2025-12-24T20:06:02+08:00,1.0275,103.6525,C,Cloud to Cloud,2025-12-24T20:02:38.295+08:00
2025-12-25 11:19:32,2025-12-24T20:04:00+08:00,2025-12-24T20:06:02+08:00,0.9637,103.6585,C,Cloud to Cloud,2025-12-24T20:02:38.296+08:00
2025-12-25 11:19:32,2025-12-24T20:04:00+08:00,2025-12-24T20:06:02+08:00,1.0373,103.6298,C,Cloud to Cloud,2025-12-24T20:02:38.312+08:00
2025-12-25 11:19:32,2025-12-24T20:04:00+08:00,2025-12-24T20:06:02+08:00,0.9799,103.6153,C,Cloud to Cloud,2025-12-24T20:02:38.53+08:00
2025-12-25 11:19:32,2025-12-24T20:04:00+08:00,2025-12-24T20:06:02+08:00,0.9843,103.6182,C,Cloud to Cloud,2025-12-24T20:02:38.53+08:00
2025-12-25 11:19:32,2025-12-24T20:04:00+08:00,2025-12-24T20:06:02+08:00,0.9641,103.588,C,Cloud to Cloud,2025-12-24T20:02:38.531+08:00
2025-12-25 11:19:32,2025-12-24T20:04:00+08:00,2025-12-24T20:06:02+08:00,0.9601,103.5823,C,Cloud to Cloud,2025-12-24T20:02:38.531+08:00
2025-12-25 11:19:32,2025-12-24T20:04:00+08:00,2025-12-24T20:06:02+08:00,0.9542,103.5771,C,Cloud to Cloud,2025-12-24T20:02:38.531+08:00
2025-12-25 11:19:32,2025-12-24T20:04:00+08:00,2025-12-24T20:06:02+08:00,0.984,103.6084,C,Cloud to Cloud,2025-12-24T20:02:38.537+08:00
2025-12-25 11:19:32,2025-12-24T20:04:00+08:00,2025-12-24T20:06:02+08:00,0.9747,103.6135,C,Cloud to Cloud,2025-12-24T20:02:38.537+08:00
2025-12-25 11:19:32,2025-12-24T20:04:00+08:00,2025-12-24T20:06:02+08:00,0.9737,103.6131,C,Cloud to Cloud,2025-12-24T20:02:38.537+08:00
2025-12-25 11:19:32,2025-12-24T20:04:00+08:00,2025-12-24T20:06:02+08:00,1.0229,103.65,C,Cloud to Cloud,2025-12-24T20:02:38.54+08:00
2025-12-25 11:19:32,2025-12-24T20:04:00+08:00,2025-12-24T20:06:02+08:00,1.0042,103.6965,C,Cloud to Cloud,2025-12-24T20:02:38.54+08:00
2025-12-25 11:19:32,2025-12-24T20:04:00+08:00,2025-12-24T20:06:02+08:00,1.0801,103.6533,C,Cloud to Cloud,2025-12-24T20:02:38.54+08:00
2025-12-25 11:19:32,2025-12-24T20:04:00+08:00,2025-12-24T20:06:02+08:00,0.9699,103.6134,C,Cloud to Cloud,2025-12-24T20:02:38.559+08:00
2025-12-25 11:19:32,2025-12-24T20:04:00+08:00,2025-12-24T20:06:02+08:00,0.9604,103.616,C,Cloud to Cloud,2025-12-24T20:02:38.559+08:00
2025-12-25 11:19:32,2025-12-24T20:04:00+08:00,2025-12-24T20:06:02+08:00,0.9629,103.6161,C,Cloud to Cloud,2025-12-24T20:02:38.559+08:00
2025-12-25 11:19:32,2025-12-24T20:04:00+08:00,2025-12-24T20:06:02+08:00,1.0097,103.507,C,Cloud to Cloud,2025-12-24T20:03:39.883+08:00
2025-12-25 11:19:32,2025-12-24T20:04:00+08:00,2025-12-24T20:06:02+08:00,1.0217,103.5237,C,Cloud to Cloud,2025-12-24T20:03:40.024+08:00
2025-12-25 11:19:32,2025-12-24T20:04:00+08:00,2025-12-24T20:06:02+08:00,1.01,103.5102,C,Cloud to Cloud,2025-12-24T20:03:40.024+08:00
2025-12-25 11:19:32,2025-12-24T20:04:00+08:00,2025-12-24T20:06:02+08:00,1.0063,103.5107,C,Cloud to Cloud,2025-12-24T20:03:40.081+08:00
2025-12-25 11:19:32,2025-12-24T20:04:00+08:00,2025-12-24T20:06:02+08:00,1.0113,103.5169,C,Cloud to Cloud,2025-12-24T20:03:40.081+08:00
2025-12-25 11:19:32,2025-12-24T20:04:00+08:00,2025-12-24T20:06:02+08:00,1.0514,103.5654,C,Cloud to Cloud,2025-12-24T20:03:40.081+08:00
2025-12-25 11:19:32,2025-12-24T20:04:00+08:00,2025-12-24T20:06:02+08:00,1.0169,103.523,C,Cloud to Cloud,2025-12-24T20:03:40.093+08:00
2025-12-25 11:19:32,2025-12-24T20:04:00+08:00,2025-12-24T20:06:02+08:00,1.012,103.5158,C,Cloud to Cloud,2025-12-24T20:03:40.093+08:00
2025-12-25 11:19:32,2025-12-24T20:04:00+08:00,2025-12-24T20:06:02+08:00,1.0601,103.5594,C,Cloud to Cloud,2025-12-24T20:03:40.093+08:00
2025-12-25 11:19:32,2025-12-24T20:04:00+08:00,2025-12-24T20:06:02+08:00,1.0312,103.5487,C,Cloud to Cloud,2025-12-24T20:03:40.115+08:00
2025-12-25 11:19:32,2025-12-24T20:04:00+08:00,2025-12-24T20:06:02+08:00,0.9984,103.4928,C,Cloud to Cloud,2025-12-24T20:03:40.115+08:00
2025-12-25 11:19:32,2025-12-24T20:04:00+08:00,2025-12-24T20:06:02+08:00,0.9984,103.4928,C,Cloud to Cloud,2025-12-24T20:03:40.115+08:00
2025-12-25 11:19:32,2025-12-24T20:04:00+08:00,2025-12-24T20:06:02+08:00,1.0427,103.5489,C,Cloud to Cloud,2025-12-24T20:03:40.141+08:00
2025-12-25 11:19:32,2025-12-24T20:04:00+08:00,2025-12-24T20:06:02+08:00,1.0341,103.5308,C,Cloud to Cloud,2025-12-24T20:03:40.201+08:00
2025-12-25 11:19:32,2025-12-24T20:04:00+08:00,2025-12-24T20:06:02+08:00,1.0246,103.5259,C,Cloud to Cloud,2025-12-24T20:03:40.201+08:00
2025-12-25 11:19:32,2025-12-24T20:04:00+08:00,2025-12-24T20:06:02+08:00,1.0836,103.5948,C,Cloud to Cloud,2025-12-24T20:03:40.216+08:00
2025-12-25 11:19:32,2025-12-24T20:04:00+08:00,2025-12-24T20:06:02+08:00,1.0292,103.5734,C,Cloud to Cloud,2025-12-24T20:03:40.341+08:00
2025-12-25 11:19:32,2025-12-24T20:04:00+08:00,2025-12-24T20:06:02+08:00,1.0194,103.5731,C,Cloud to Cloud,2025-12-24T20:03:40.364+08:00
2025-12-25 11:19:32,2025-12-24T20:04:00+08:00,2025-12-24T20:06:02+08:00,1.0222,103.5672,C,Cloud to Cloud,2025-12-24T20:03:40.364+08:00
2025-12-25 11:19:32,2025-12-24T20:04:00+08:00,2025-12-24T20:06:02+08:00,1.0263,103.5703,C,Cloud to Cloud,2025-12-24T20:03:40.375+08:00
2025-12-25 11:19:32,2025-12-24T20:02:00+08:00,2025-12-24T20:04:03+08:00,1.0243,103.6494,C,Cloud to Cloud,2025-12-24T20:00:38.926+08:00
2025-12-25 11:19:32,2025-12-24T20:02:00+08:00,2025-12-24T20:04:03+08:00,0.9778,103.6364,C,Cloud to Cloud,2025-12-24T20:00:38.926+08:00
2025-12-25 11:19:32,2025-12-24T20:02:00+08:00,2025-12-24T20:04:03+08:00,1.029,103.6398,C,Cloud to Cloud,2025-12-24T20:00:38.927+08:00
2025-12-25 11:19:32,2025-12-24T20:02:00+08:00,2025-12-24T20:04:03+08:00,0.9688,103.6165,C,Cloud to Cloud,2025-12-24T20:00:38.927+08:00
2025-12-25 11:19:32,2025-12-24T20:02:00+08:00,2025-12-24T20:04:03+08:00,0.9632,103.5834,C,Cloud to Cloud,2025-12-24T20:00:38.932+08:00
2025-12-25 11:19:32,2025-12-24T20:02:00+08:00,2025-12-24T20:04:03+08:00,0.9752,103.5985,C,Cloud to Cloud,2025-12-24T20:00:38.936+08:00
2025-12-25 11:19:32,2025-12-24T20:02:00+08:00,2025-12-24T20:04:03+08:00,0.9752,103.5985,C,Cloud to Cloud,2025-12-24T20:00:38.936+08:00
2025-12-25 11:19:32,2025-12-24T20:02:00+08:00,2025-12-24T20:04:03+08:00,1.0579,103.6524,C,Cloud to Cloud,2025-12-24T20:00:38.941+08:00
2025-12-25 11:19:32,2025-12-24T20:02:00+08:00,2025-12-24T20:04:03+08:00,0.958,103.6533,C,Cloud to Cloud,2025-12-24T20:00:39.153+08:00
2025-12-25 11:19:32,2025-12-24T20:02:00+08:00,2025-12-24T20:04:03+08:00,0.9856,103.6118,C,Cloud to Cloud,2025-12-24T20:00:39.154+08:00
2025-12-25 11:19:32,2025-12-24T20:02:00+08:00,2025-12-24T20:04:03+08:00,0.9607,103.5883,C,Cloud to Cloud,2025-12-24T20:00:39.155+08:00
2025-12-25 11:19:32,2025-12-24T20:02:00+08:00,2025-12-24T20:04:03+08:00,0.9732,103.6121,C,Cloud to Cloud,2025-12-24T20:00:39.155+08:00
2025-12-25 11:19:32,2025-12-24T20:02:00+08:00,2025-12-24T20:04:03+08:00,1.0704,103.6633,C,Cloud to Cloud,2025-12-24T20:00:39.38+08:00
2025-12-25 11:19:32,2025-12-24T20:02:00+08:00,2025-12-24T20:04:03+08:00,1.0519,103.6559,C,Cloud to Cloud,2025-12-24T20:00:39.38+08:00
2025-12-25 11:19:32,2025-12-24T20:02:00+08:00,2025-12-24T20:04:03+08:00,1.0159,103.641,C,Cloud to Cloud,2025-12-24T20:00:39.38+08:00
2025-12-25 11:19:32,2025-12-24T20:02:00+08:00,2025-12-24T20:04:03+08:00,0.9815,103.6214,C,Cloud to Cloud,2025-12-24T20:00:39.38+08:00
2025-12-25 11:19:32,2025-12-24T20:02:00+08:00,2025-12-24T20:04:03+08:00,0.96,103.6086,C,Cloud to Cloud,2025-12-24T20:00:39.38+08:00
2025-12-25 11:19:32,2025-12-24T20:02:00+08:00,2025-12-24T20:04:03+08:00,1.0098,103.6461,C,Cloud to Cloud,2025-12-24T20:00:39.38+08:00
2025-12-25 11:19:32,2025-12-24T20:02:00+08:00,2025-12-24T20:04:03+08:00,0.9962,103.6427,C,Cloud to Cloud,2025-12-24T20:00:39.38+08:00
2025-12-25 11:19:32,2025-12-24T20:02:00+08:00,2025-12-24T20:04:03+08:00,1.003,103.6542,C,Cloud to Cloud,2025-12-24T20:00:39.381+08:00
2025-12-25 11:19:32,2025-12-24T20:02:00+08:00,2025-12-24T20:04:03+08:00,0.9717,103.6336,C,Cloud to Cloud,2025-12-24T20:00:39.381+08:00
2025-12-25 11:19:32,2025-12-24T20:02:00+08:00,2025-12-24T20:04:03+08:00,0.9644,103.6292,C,Cloud to Cloud,2025-12-24T20:00:39.381+08:00
2025-12-25 11:19:32,2025-12-24T20:02:00+08:00,2025-12-24T20:04:03+08:00,1.0647,103.6727,C,Cloud to Cloud,2025-12-24T20:00:39.381+08:00
2025-12-25 11:19:32,2025-12-24T20:02:00+08:00,2025-12-24T20:04:03+08:00,1.0375,103.6754,C,Cloud to Cloud,2025-12-24T20:00:39.382+08:00
2025-12-25 11:19:32,2025-12-24T20:02:00+08:00,2025-12-24T20:04:03+08:00,1.0318,103.6728,C,Cloud to Cloud,2025-12-24T20:00:39.382+08:00
2025-12-25 11:19:32,2025-12-24T20:02:00+08:00,2025-12-24T20:04:03+08:00,1.0313,103.6796,C,Cloud to Cloud,2025-12-24T20:00:39.382+08:00
2025-12-25 11:19:32,2025-12-24T20:02:00+08:00,2025-12-24T20:04:03+08:00,1.0262,103.677,C,Cloud to Cloud,2025-12-24T20:00:39.382+08:00
2025-12-25 11:19:32,2025-12-24T20:02:00+08:00,2025-12-24T20:04:03+08:00,1.0444,103.678,C,Cloud to Cloud,2025-12-24T20:00:39.382+08:00
2025-12-25 11:19:32,2025-12-24T20:02:00+08:00,2025-12-24T20:04:03+08:00,1.0984,103.6656,C,Cloud to Cloud,2025-12-24T20:00:39.387+08:00
2025-12-25 11:19:32,2025-12-24T20:02:00+08:00,2025-12-24T20:04:03+08:00,0.999,103.6201,C,Cloud to Cloud,2025-12-24T20:00:39.387+08:00
2025-12-25 11:19:32,2025-12-24T20:02:00+08:00,2025-12-24T20:04:03+08:00,1.0138,103.6009,C,Cloud to Cloud,2025-12-24T20:00:39.388+08:00
2025-12-25 11:19:32,2025-12-24T20:02:00+08:00,2025-12-24T20:04:03+08:00,1.0471,103.6515,C,Cloud to Cloud,2025-12-24T20:00:39.555+08:00
2025-12-25 11:19:32,2025-12-24T20:02:00+08:00,2025-12-24T20:04:03+08:00,1.0175,103.6335,C,Cloud to Cloud,2025-12-24T20:00:39.555+08:00
2025-12-25 11:19:32,2025-12-24T20:02:00+08:00,2025-12-24T20:04:03+08:00,1.002,103.6304,C,Cloud to Cloud,2025-12-24T20:00:39.555+08:00
2025-12-25 11:19:32,2025-12-24T20:02:00+08:00,2025-12-24T20:04:03+08:00,1.0,103.6133,C,Cloud to Cloud,2025-12-24T20:00:39.555+08:00
2025-12-25 11:19:32,2025-12-24T20:02:00+08:00,2025-12-24T20:04:03+08:00,1.0147,103.6188,C,Cloud to Cloud,2025-12-24T20:00:39.555+08:00
2025-12-25 11:19:32,2025-12-24T20:02:00+08:00,2025-12-24T20:04:03+08:00,0.9938,103.6298,C,Cloud to Cloud,2025-12-24T20:00:39.555+08:00
2025-12-25 11:19:32,2025-12-24T20:02:00+08:00,2025-12-24T20:04:03+08:00,1.0208,103.6509,C,Cloud to Cloud,2025-12-24T20:00:39.555+08:00
2025-12-25 11:19:32,2025-12-24T20:02:00+08:00,2025-12-24T20:04:03+08:00,1.0189,103.6527,C,Cloud to Cloud,2025-12-24T20:00:39.555+08:00
2025-12-25 11:19:32,2025-12-24T20:02:00+08:00,2025-12-24T20:04:03+08:00,0.968,103.651,C,Cloud to Cloud,2025-12-24T20:00:39.555+08:00
2025-12-25 11:19:32,2025-12-24T20:02:00+08:00,2025-12-24T20:04:03+08:00,0.9637,103.6479,C,Cloud to Cloud,2025-12-24T20:00:39.556+08:00
2025-12-25 11:19:32,2025-12-24T20:02:00+08:00,2025-12-24T20:04:03+08:00,1.019,103.6632,C,Cloud to Cloud,2025-12-24T20:00:39.556+08:00
2025-12-25 11:19:32,2025-12-24T20:02:00+08:00,2025-12-24T20:04:03+08:00,1.048,103.5881,C,Cloud to Cloud,2025-12-24T20:00:39.652+08:00
2025-12-25 11:19:32,2025-12-24T20:02:00+08:00,2025-12-24T20:04:03+08:00,1.0819,103.6608,C,Cloud to Cloud,2025-12-24T20:00:39.68+08:00
2025-12-25 11:19:32,2025-12-24T20:02:00+08:00,2025-12-24T20:04:03+08:00,1.0964,103.6637,C,Cloud to Cloud,2025-12-24T20:00:39.68+08:00
2025-12-25 11:19:32,2025-12-24T20:02:00+08:00,2025-12-24T20:04:03+08:00,1.0489,103.6442,C,Cloud to Cloud,2025-12-24T20:00:39.68+08:00
2025-12-25 11:19:32,2025-12-24T20:02:00+08:00,2025-12-24T20:04:03+08:00,1.0633,103.6394,C,Cloud to Cloud,2025-12-24T20:00:39.681+08:00
2025-12-25 11:19:32,2025-12-24T20:02:00+08:00,2025-12-24T20:04:03+08:00,1.035,103.6119,C,Cloud to Cloud,2025-12-24T20:00:39.705+08:00
2025-12-25 11:19:32,2025-12-24T20:02:00+08:00,2025-12-24T20:04:03+08:00,1.0349,103.5693,C,Cloud to Cloud,2025-12-24T20:00:39.732+08:00
2025-12-25 11:19:32,2025-12-24T20:02:00+08:00,2025-12-24T20:04:03+08:00,1.0103,103.6254,C,Cloud to Cloud,2025-12-24T20:00:39.732+08:00
2025-12-25 11:19:32,2025-12-24T20:02:00+08:00,2025-12-24T20:04:03+08:00,1.0129,103.5428,C,Cloud to Cloud,2025-12-24T20:00:58.516+08:00
2025-12-25 11:19:32,2025-12-24T20:02:00+08:00,2025-12-24T20:04:03+08:00,1.0129,103.5428,C,Cloud to Cloud,2025-12-24T20:00:58.516+08:00
2025-12-25 11:19:32,2025-12-24T20:02:00+08:00,2025-12-24T20:04:03+08:00,0.998,103.5273,C,Cloud to Cloud,2025-12-24T20:00:58.522+08:00
2025-12-25 11:19:32,2025-12-24T20:02:00+08:00,2025-12-24T20:04:03+08:00,0.998,103.5273,C,Cloud to Cloud,2025-12-24T20:00:58.522+08:00
2025-12-25 11:19:32,2025-12-24T20:00:00+08:00,2025-12-24T20:02:03+08:00,1.0241,103.6481,C,Cloud to Cloud,2025-12-24T19:58:11.179+08:00
2025-12-25 11:19:32,2025-12-24T20:00:00+08:00,2025-12-24T20:02:03+08:00,1.0186,103.6439,C,Cloud to Cloud,2025-12-24T19:58:11.179+08:00
2025-12-25 11:19:32,2025-12-24T20:00:00+08:00,2025-12-24T20:02:03+08:00,1.0198,103.6436,C,Cloud to Cloud,2025-12-24T19:58:11.179+08:00
2025-12-25 11:19:32,2025-12-24T20:00:00+08:00,2025-12-24T20:02:03+08:00,1.0236,103.6542,C,Cloud to Cloud,2025-12-24T19:58:11.181+08:00
2025-12-25 11:19:32,2025-12-24T20:00:00+08:00,2025-12-24T20:02:03+08:00,1.0073,103.5899,C,Cloud to Cloud,2025-12-24T19:58:37.313+08:00
2025-12-25 11:19:32,2025-12-24T20:00:00+08:00,2025-12-24T20:02:03+08:00,1.0273,103.5536,C,Cloud to Cloud,2025-12-24T19:58:37.399+08:00
2025-12-25 11:19:32,2025-12-24T20:00:00+08:00,2025-12-24T20:02:03+08:00,1.0623,103.5864,C,Cloud to Cloud,2025-12-24T19:58:37.408+08:00
2025-12-25 11:19:32,2025-12-24T20:00:00+08:00,2025-12-24T20:02:03+08:00,0.9955,103.5487,C,Cloud to Cloud,2025-12-24T19:58:37.447+08:00
2025-12-25 11:19:32,2025-12-24T20:00:00+08:00,2025-12-24T20:02:03+08:00,0.9843,103.5365,C,Cloud to Cloud,2025-12-24T19:58:37.447+08:00
2025-12-25 11:19:32,2025-12-24T20:00:00+08:00,2025-12-24T20:02:03+08:00,1.0225,103.5698,C,Cloud to Cloud,2025-12-24T19:58:37.586+08:00
2025-12-25 11:19:32,2025-12-24T20:00:00+08:00,2025-12-24T20:02:03+08:00,1.0252,103.5252,C,Cloud to Cloud,2025-12-24T19:59:19.415+08:00
2025-12-25 11:19:32,2025-12-24T20:00:00+08:00,2025-12-24T20:02:03+08:00,1.0736,103.5486,C,Cloud to Cloud,2025-12-24T19:59:19.584+08:00
2025-12-25 11:19:32,2025-12-24T20:00:00+08:00,2025-12-24T20:02:03+08:00,1.0848,103.5781,C,Cloud to Cloud,2025-12-24T19:59:19.589+08:00
2025-12-25 11:19:32,2025-12-24T20:00:00+08:00,2025-12-24T20:02:03+08:00,1.0345,103.5779,C,Cloud to Cloud,2025-12-24T19:59:19.641+08:00
2025-12-25 11:19:32,2025-12-24T20:00:00+08:00,2025-12-24T20:02:03+08:00,1.0429,103.5894,C,Cloud to Cloud,2025-12-24T19:59:19.672+08:00
2025-12-25 11:19:32,2025-12-24T20:00:00+08:00,2025-12-24T20:02:03+08:00,1.034,103.5735,C,Cloud to Cloud,2025-12-24T19:59:19.678+08:00
2025-12-25 11:19:32,2025-12-24T20:00:00+08:00,2025-12-24T20:02:03+08:00,1.0313,103.5995,C,Cloud to Cloud,2025-12-24T19:59:19.684+08:00
2025-12-25 11:19:32,2025-12-24T20:00:00+08:00,2025-12-24T20:02:03+08:00,1.0399,103.5785,C,Cloud to Cloud,2025-12-24T19:59:19.685+08:00
2025-12-25 11:19:32,2025-12-24T20:00:00+08:00,2025-12-24T20:02:03+08:00,0.9995,103.6,C,Cloud to Cloud,2025-12-24T19:59:19.692+08:00
2025-12-25 11:19:32,2025-12-24T20:00:00+08:00,2025-12-24T20:02:03+08:00,1.0105,103.6126,C,Cloud to Cloud,2025-12-24T19:59:19.692+08:00
2025-12-25 11:19:32,2025-12-24T20:00:00+08:00,2025-12-24T20:02:03+08:00,0.9993,103.5571,C,Cloud to Cloud,2025-12-24T19:59:19.753+08:00
2025-12-25 11:19:32,2025-12-24T20:00:00+08:00,2025-12-24T20:02:03+08:00,0.9864,103.5428,C,Cloud to Cloud,2025-12-24T19:59:19.753+08:00
2025-12-25 11:19:32,2025-12-24T20:00:00+08:00,2025-12-24T20:02:03+08:00,0.9878,103.5512,C,Cloud to Cloud,2025-12-24T19:59:19.76+08:00
2025-12-25 11:19:32,2025-12-24T20:00:00+08:00,2025-12-24T20:02:03+08:00,0.9728,103.5351,C,Cloud to Cloud,2025-12-24T19:59:19.76+08:00
2025-12-25 11:19:32,2025-12-24T20:00:00+08:00,2025-12-24T20:02:03+08:00,1.0309,103.5673,C,Cloud to Cloud,2025-12-24T19:59:19.787+08:00
2025-12-25 11:19:32,2025-12-24T20:00:00+08:00,2025-12-24T20:02:03+08:00,1.0419,103.5728,C,Cloud to Cloud,2025-12-24T19:59:19.787+08:00
2025-12-25 11:19:32,2025-12-24T20:00:00+08:00,2025-12-24T20:02:03+08:00,1.0341,103.5765,C,Cloud to Cloud,2025-12-24T19:59:19.809+08:00
2025-12-25 11:19:32,2025-12-24T20:00:00+08:00,2025-12-24T20:02:03+08:00,1.0251,103.5753,C,Cloud to Cloud,2025-12-24T19:59:19.838+08:00
2025-12-25 11:19:32,2025-12-24T20:00:00+08:00,2025-12-24T20:02:03+08:00,1.0337,103.5712,C,Cloud to Cloud,2025-12-24T19:59:19.838+08:00
2025-12-25 11:19:32,2025-12-24T20:00:00+08:00,2025-12-24T20:02:03+08:00,1.0511,103.5849,C,Cloud to Cloud,2025-12-24T19:59:19.838+08:00
2025-12-25 11:19:32,2025-12-24T20:00:00+08:00,2025-12-24T20:02:03+08:00,0.9957,103.5242,C,Cloud to Cloud,2025-12-24T19:59:43.067+08:00
2025-12-25 11:19:32,2025-12-24T20:00:00+08:00,2025-12-24T20:02:03+08:00,1.0016,103.5292,C,Cloud to Cloud,2025-12-24T19:59:43.077+08:00
2025-12-25 11:19:32,2025-12-24T20:00:00+08:00,2025-12-24T20:02:03+08:00,1.0016,103.5292,C,Cloud to Cloud,2025-12-24T19:59:43.077+08:00
2025-12-25 11:19:32,2025-12-24T20:00:00+08:00,2025-12-24T20:02:03+08:00,1.0435,103.6015,C,Cloud to Cloud,2025-12-24T19:59:43.082+08:00
2025-12-25 11:19:32,2025-12-24T20:00:00+08:00,2025-12-24T20:02:03+08:00,1.0095,103.56,C,Cloud to Cloud,2025-12-24T19:59:43.082+08:00
2025-12-25 11:19:32,2025-12-24T20:00:00+08:00,2025-12-24T20:02:03+08:00,1.0337,103.5768,C,Cloud to Cloud,2025-12-24T19:59:43.089+08:00
2025-12-25 11:19:32,2025-12-24T20:00:00+08:00,2025-12-24T20:02:03+08:00,0.9871,103.5262,C,Cloud to Cloud,2025-12-24T19:59:43.113+08:00
2025-12-25 11:19:32,2025-12-24T20:00:00+08:00,2025-12-24T20:02:03+08:00,0.9831,103.5228,C,Cloud to Cloud,2025-12-24T19:59:43.113+08:00
2025-12-25 11:19:32,2025-12-24T20:00:00+08:00,2025-12-24T20:02:03+08:00,1.014,103.5548,C,Cloud to Cloud,2025-12-24T19:59:43.199+08:00
2025-12-25 11:19:32,2025-12-24T20:00:00+08:00,2025-12-24T20:02:03+08:00,0.9973,103.5347,C,Cloud to Cloud,2025-12-24T19:59:43.199+08:00
2025-12-25 11:19:32,2025-12-24T20:00:00+08:00,2025-12-24T20:02:03+08:00,0.9775,103.5439,C,Cloud to Cloud,2025-12-24T19:59:43.208+08:00
2025-12-25 11:19:32,2025-12-24T20:00:00+08:00,2025-12-24T20:02:03+08:00,0.9655,103.5315,C,Cloud to Cloud,2025-12-24T19:59:43.208+08:00
2025-12-25 11:19:32,2025-12-24T20:00:00+08:00,2025-12-24T20:02:03+08:00,1.0004,103.56,C,Cloud to Cloud,2025-12-24T19:59:43.208+08:00
2025-12-25 11:19:32,2025-12-24T20:00:00+08:00,2025-12-24T20:02:03+08:00,0.9873,103.5456,C,Cloud to Cloud,2025-12-24T19:59:43.259+08:00
2025-12-25 11:19:32,2025-12-24T20:00:00+08:00,2025-12-24T20:02:03+08:00,0.9984,103.5485,C,Cloud to Cloud,2025-12-24T19:59:43.259+08:00
2025-12-25 11:19:32,2025-12-24T20:00:00+08:00,2025-12-24T20:02:03+08:00,0.9984,103.5485,C,Cloud to Cloud,2025-12-24T19:59:43.259+08:00
2025-12-25 11:19:32,2025-12-24T19:58:00+08:00,2025-12-24T20:00:03+08:00,0.985,103.5279,C,Cloud to Cloud,2025-12-24T19:56:00.33+08:00
2025-12-25 11:19:32,2025-12-24T19:58:00+08:00,2025-12-24T20:00:03+08:00,1.0213,103.5854,C,Cloud to Cloud,2025-12-24T19:56:00.335+08:00
2025-12-25 11:19:32,2025-12-24T19:58:00+08:00,2025-12-24T20:00:03+08:00,1.0027,103.5685,C,Cloud to Cloud,2025-12-24T19:56:00.335+08:00
2025-12-25 11:19:32,2025-12-24T19:58:00+08:00,2025-12-24T20:00:03+08:00,1.1397,103.658,C,Cloud to Cloud,2025-12-24T19:56:00.504+08:00
2025-12-25 11:19:32,2025-12-24T19:58:00+08:00,2025-12-24T20:00:03+08:00,0.9695,103.5335,C,Cloud to Cloud,2025-12-24T19:56:00.546+08:00
2025-12-25 11:19:32,2025-12-24T19:58:00+08:00,2025-12-24T20:00:03+08:00,1.0066,103.5391,C,Cloud to Cloud,2025-12-24T19:56:00.577+08:00
2025-12-25 11:19:32,2025-12-24T19:58:00+08:00,2025-12-24T20:00:03+08:00,0.9967,103.5275,C,Cloud to Cloud,2025-12-24T19:56:00.577+08:00
2025-12-25 11:19:32,2025-12-24T19:58:00+08:00,2025-12-24T20:00:03+08:00,0.9913,103.5453,C,Cloud to Cloud,2025-12-24T19:56:57.661+08:00
2025-12-25 11:19:32,2025-12-24T19:58:00+08:00,2025-12-24T20:00:03+08:00,0.9913,103.5453,C,Cloud to Cloud,2025-12-24T19:56:57.661+08:00
2025-12-25 11:19:32,2025-12-24T19:58:00+08:00,2025-12-24T20:00:03+08:00,0.9849,103.4673,C,Cloud to Cloud,2025-12-24T19:56:57.664+08:00
2025-12-25 11:19:32,2025-12-24T19:58:00+08:00,2025-12-24T20:00:03+08:00,1.0399,103.5819,C,Cloud to Cloud,2025-12-24T19:56:57.837+08:00
2025-12-25 11:19:32,2025-12-24T19:58:00+08:00,2025-12-24T20:00:03+08:00,0.9879,103.6118,C,Cloud to Cloud,2025-12-24T19:56:57.952+08:00
2025-12-25 11:19:32,2025-12-24T19:58:00+08:00,2025-12-24T20:00:03+08:00,0.9867,103.6117,C,Cloud to Cloud,2025-12-24T19:56:57.952+08:00
2025-12-25 11:19:32,2025-12-24T19:58:00+08:00,2025-12-24T20:00:03+08:00,0.9782,103.6118,C,Cloud to Cloud,2025-12-24T19:56:57.952+08:00
2025-12-25 11:19:32,2025-12-24T19:58:00+08:00,2025-12-24T20:00:03+08:00,0.9894,103.6133,C,Cloud to Cloud,2025-12-24T19:56:57.954+08:00
2025-12-25 11:19:32,2025-12-24T19:58:00+08:00,2025-12-24T20:00:03+08:00,0.9879,103.6118,C,Cloud to Cloud,2025-12-24T19:56:57.954+08:00
2025-12-25 11:19:32,2025-12-24T19:58:00+08:00,2025-12-24T20:00:03+08:00,0.9867,103.6117,C,Cloud to Cloud,2025-12-24T19:56:57.954+08:00
2025-12-25 11:19:32,2025-12-24T19:58:00+08:00,2025-12-24T20:00:03+08:00,0.9852,103.6102,C,Cloud to Cloud,2025-12-24T19:56:57.954+08:00
2025-12-25 11:19:32,2025-12-24T19:58:00+08:00,2025-12-24T20:00:03+08:00,0.9838,103.6105,C,Cloud to Cloud,2025-12-24T19:56:57.954+08:00
2025-12-25 11:19:32,2025-12-24T19:58:00+08:00,2025-12-24T20:00:03+08:00,0.9844,103.6095,C,Cloud to Cloud,2025-12-24T19:56:57.955+08:00
2025-12-25 11:19:32,2025-12-24T19:58:00+08:00,2025-12-24T20:00:03+08:00,0.9838,103.6105,C,Cloud to Cloud,2025-12-24T19:56:57.955+08:00
2025-12-25 11:19:32,2025-12-24T19:58:00+08:00,2025-12-24T20:00:03+08:00,0.983,103.6097,C,Cloud to Cloud,2025-12-24T19:56:57.955+08:00
2025-12-25 11:19:32,2025-12-24T19:58:00+08:00,2025-12-24T20:00:03+08:00,0.9856,103.6116,C,Cloud to Cloud,2025-12-24T19:56:57.955+08:00
2025-12-25 11:19:32,2025-12-24T19:58:00+08:00,2025-12-24T20:00:03+08:00,0.9834,103.6111,C,Cloud to Cloud,2025-12-24T19:56:57.955+08:00
2025-12-25 11:19:32,2025-12-24T19:58:00+08:00,2025-12-24T20:00:03+08:00,0.9786,103.6078,C,Cloud to Cloud,2025-12-24T19:56:57.955+08:00
2025-12-25 11:19:32,2025-12-24T19:58:00+08:00,2025-12-24T20:00:03+08:00,0.9801,103.6096,C,Cloud to Cloud,2025-12-24T19:56:57.955+08:00
2025-12-25 11:19:32,2025-12-24T19:58:00+08:00,2025-12-24T20:00:03+08:00,0.9827,103.6116,C,Cloud to Cloud,2025-12-24T19:56:57.956+08:00
2025-12-25 11:19:32,2025-12-24T19:58:00+08:00,2025-12-24T20:00:03+08:00,0.9809,103.6104,C,Cloud to Cloud,2025-12-24T19:56:57.956+08:00
2025-12-25 11:19:32,2025-12-24T19:58:00+08:00,2025-12-24T20:00:03+08:00,0.9821,103.6105,C,Cloud to Cloud,2025-12-24T19:56:57.956+08:00
2025-12-25 11:19:32,2025-12-24T19:58:00+08:00,2025-12-24T20:00:03+08:00,0.9796,103.6082,C,Cloud to Cloud,2025-12-24T19:56:57.956+08:00
2025-12-25 11:19:32,2025-12-24T19:58:00+08:00,2025-12-24T20:00:03+08:00,0.9805,103.6111,C,Cloud to Cloud,2025-12-24T19:56:57.956+08:00
2025-12-25 11:19:32,2025-12-24T19:58:00+08:00,2025-12-24T20:00:03+08:00,0.9794,103.6085,C,Cloud to Cloud,2025-12-24T19:56:57.956+08:00
2025-12-25 11:19:32,2025-12-24T19:58:00+08:00,2025-12-24T20:00:03+08:00,0.9787,103.6099,C,Cloud to Cloud,2025-12-24T19:56:57.958+08:00
2025-12-25 11:19:32,2025-12-24T19:58:00+08:00,2025-12-24T20:00:03+08:00,0.9784,103.6081,C,Cloud to Cloud,2025-12-24T19:56:57.958+08:00
2025-12-25 11:19:32,2025-12-24T19:58:00+08:00,2025-12-24T20:00:03+08:00,0.9811,103.6122,C,Cloud to Cloud,2025-12-24T19:56:57.958+08:00
2025-12-25 11:19:32,2025-12-24T19:58:00+08:00,2025-12-24T20:00:03+08:00,0.9609,103.611,G,Cloud to Ground,2025-12-24T19:56:57.958+08:00
2025-12-25 11:19:32,2025-12-24T19:58:00+08:00,2025-12-24T20:00:03+08:00,1.0174,103.6298,C,Cloud to Cloud,2025-12-24T19:56:57.958+08:00
2025-12-25 11:19:32,2025-12-24T19:58:00+08:00,2025-12-24T20:00:03+08:00,1.0229,103.6256,C,Cloud to Cloud,2025-12-24T19:56:57.958+08:00
2025-12-25 11:19:32,2025-12-24T19:58:00+08:00,2025-12-24T20:00:03+08:00,1.021,103.5931,C,Cloud to Cloud,2025-12-24T19:56:57.958+08:00
2025-12-25 11:19:32,2025-12-24T19:58:00+08:00,2025-12-24T20:00:03+08:00,0.9913,103.5715,C,Cloud to Cloud,2025-12-24T19:56:57.958+08:00
2025-12-25 11:19:32,2025-12-24T19:58:00+08:00,2025-12-24T20:00:03+08:00,1.0015,103.5665,C,Cloud to Cloud,2025-12-24T19:56:57.959+08:00
2025-12-25 11:19:32,2025-12-24T19:58:00+08:00,2025-12-24T20:00:03+08:00,1.0227,103.596,C,Cloud to Cloud,2025-12-24T19:56:57.959+08:00
2025-12-25 11:19:32,2025-12-24T19:58:00+08:00,2025-12-24T20:00:03+08:00,1.0311,103.5929,C,Cloud to Cloud,2025-12-24T19:56:57.959+08:00
2025-12-25 11:19:32,2025-12-24T19:58:00+08:00,2025-12-24T20:00:03+08:00,1.0406,103.5641,C,Cloud to Cloud,2025-12-24T19:56:58.016+08:00
2025-12-25 11:19:32,2025-12-24T19:58:00+08:00,2025-12-24T20:00:03+08:00,0.9722,103.5315,C,Cloud to Cloud,2025-12-24T19:56:58.055+08:00
2025-12-25 11:19:32,2025-12-24T19:58:00+08:00,2025-12-24T20:00:03+08:00,0.9722,103.5315,C,Cloud to Cloud,2025-12-24T19:56:58.055+08:00
2025-12-25 11:19:32,2025-12-24T19:58:00+08:00,2025-12-24T20:00:03+08:00,0.9644,103.5639,C,Cloud to Cloud,2025-12-24T19:56:58.145+08:00
2025-12-25 11:19:32,2025-12-24T19:58:00+08:00,2025-12-24T20:00:03+08:00,1.0903,103.6366,C,Cloud to Cloud,2025-12-24T19:56:58.145+08:00
2025-12-25 11:19:32,2025-12-24T19:58:00+08:00,2025-12-24T20:00:03+08:00,1.0132,103.608,C,Cloud to Cloud,2025-12-24T19:56:58.145+08:00
2025-12-25 11:19:32,2025-12-24T19:58:00+08:00,2025-12-24T20:00:03+08:00,1.0192,103.6136,C,Cloud to Cloud,2025-12-24T19:56:58.145+08:00
2025-12-25 11:19:32,2025-12-24T19:58:00+08:00,2025-12-24T20:00:03+08:00,1.0163,103.6114,C,Cloud to Cloud,2025-12-24T19:56:58.145+08:00
2025-12-25 11:19:32,2025-12-24T19:58:00+08:00,2025-12-24T20:00:03+08:00,1.0077,103.6042,C,Cloud to Cloud,2025-12-24T19:56:58.145+08:00
2025-12-25 11:19:32,2025-12-24T19:58:00+08:00,2025-12-24T20:00:03+08:00,0.9944,103.5914,C,Cloud to Cloud,2025-12-24T19:56:58.146+08:00
2025-12-25 11:19:32,2025-12-24T19:58:00+08:00,2025-12-24T20:00:03+08:00,1.0063,103.6016,C,Cloud to Cloud,2025-12-24T19:56:58.146+08:00
2025-12-25 11:19:32,2025-12-24T19:58:00+08:00,2025-12-24T20:00:03+08:00,1.0354,103.6133,C,Cloud to Cloud,2025-12-24T19:56:58.146+08:00
2025-12-25 11:19:32,2025-12-24T19:58:00+08:00,2025-12-24T20:00:03+08:00,1.0233,103.6038,C,Cloud to Cloud,2025-12-24T19:56:58.146+08:00
2025-12-25 11:19:32,2025-12-24T19:58:00+08:00,2025-12-24T20:00:03+08:00,0.9992,103.6045,C,Cloud to Cloud,2025-12-24T19:56:58.146+08:00
2025-12-25 11:19:32,2025-12-24T19:58:00+08:00,2025-12-24T20:00:03+08:00,1.0003,103.6177,C,Cloud to Cloud,2025-12-24T19:56:58.146+08:00
2025-12-25 11:19:32,2025-12-24T19:58:00+08:00,2025-12-24T20:00:03+08:00,0.9857,103.6131,C,Cloud to Cloud,2025-12-24T19:56:58.146+08:00
2025-12-25 11:19:32,2025-12-24T19:58:00+08:00,2025-12-24T20:00:03+08:00,1.0854,103.5672,C,Cloud to Cloud,2025-12-24T19:56:58.262+08:00
2025-12-25 11:19:32,2025-12-24T19:58:00+08:00,2025-12-24T20:00:03+08:00,1.0037,103.5434,C,Cloud to Cloud,2025-12-24T19:56:58.263+08:00
2025-12-25 11:19:32,2025-12-24T19:56:00+08:00,2025-12-24T19:58:03+08:00,1.0412,103.6195,C,Cloud to Cloud,2025-12-24T19:54:18.883+08:00
2025-12-25 11:19:32,2025-12-24T19:56:00+08:00,2025-12-24T19:58:03+08:00,1.0364,103.5917,C,Cloud to Cloud,2025-12-24T19:54:18.99+08:00
2025-12-25 11:19:32,2025-12-24T19:56:00+08:00,2025-12-24T19:58:03+08:00,1.002,103.556,C,Cloud to Cloud,2025-12-24T19:54:19.058+08:00
2025-12-25 11:19:32,2025-12-24T19:56:00+08:00,2025-12-24T19:58:03+08:00,0.9881,103.5783,C,Cloud to Cloud,2025-12-24T19:54:19.07+08:00
2025-12-25 11:19:32,2025-12-24T19:56:00+08:00,2025-12-24T19:58:03+08:00,1.0095,103.5648,C,Cloud to Cloud,2025-12-24T19:54:19.261+08:00
2025-12-25 11:19:32,2025-12-24T19:56:00+08:00,2025-12-24T19:58:03+08:00,1.055,103.598,C,Cloud to Cloud,2025-12-24T19:54:19.261+08:00
2025-12-25 11:19:32,2025-12-24T19:56:00+08:00,2025-12-24T19:58:03+08:00,0.9944,103.5501,C,Cloud to Cloud,2025-12-24T19:54:19.261+08:00
2025-12-25 11:19:32,2025-12-24T19:56:00+08:00,2025-12-24T19:58:03+08:00,1.0622,103.605,C,Cloud to Cloud,2025-12-24T19:54:19.262+08:00
2025-12-25 11:19:32,2025-12-24T19:56:00+08:00,2025-12-24T19:58:03+08:00,0.9823,103.5183,C,Cloud to Cloud,2025-12-24T19:54:19.262+08:00
2025-12-25 11:19:32,2025-12-24T19:56:00+08:00,2025-12-24T19:58:03+08:00,1.0526,103.5605,C,Cloud to Cloud,2025-12-24T19:54:19.262+08:00
2025-12-25 11:19:32,2025-12-24T19:56:00+08:00,2025-12-24T19:58:03+08:00,1.0993,103.5818,C,Cloud to Cloud,2025-12-24T19:54:19.262+08:00
2025-12-25 11:19:32,2025-12-24T19:56:00+08:00,2025-12-24T19:58:03+08:00,0.9931,103.5371,C,Cloud to Cloud,2025-12-24T19:54:19.262+08:00
2025-12-25 11:19:32,2025-12-24T19:56:00+08:00,2025-12-24T19:58:03+08:00,1.1107,103.49,C,Cloud to Cloud,2025-12-24T19:55:01.286+08:00
2025-12-25 11:19:32,2025-12-24T19:56:00+08:00,2025-12-24T19:58:03+08:00,1.117,103.5089,C,Cloud to Cloud,2025-12-24T19:55:01.286+08:00
2025-12-25 11:19:32,2025-12-24T19:56:00+08:00,2025-12-24T19:58:03+08:00,1.0995,103.4901,C,Cloud to Cloud,2025-12-24T19:55:01.294+08:00
2025-12-25 11:19:32,2025-12-24T19:56:00+08:00,2025-12-24T19:58:03+08:00,1.0967,103.4986,C,Cloud to Cloud,2025-12-24T19:55:01.294+08:00
2025-12-25 11:19:32,2025-12-24T19:56:00+08:00,2025-12-24T19:58:03+08:00,1.0851,103.4903,C,Cloud to Cloud,2025-12-24T19:55:01.31+08:00
2025-12-25 11:19:32,2025-12-24T19:56:00+08:00,2025-12-24T19:58:03+08:00,1.1085,103.508,C,Cloud to Cloud,2025-12-24T19:55:01.384+08:00
2025-12-25 11:19:32,2025-12-24T19:56:00+08:00,2025-12-24T19:58:03+08:00,1.1008,103.5544,C,Cloud to Cloud,2025-12-24T19:55:01.427+08:00
2025-12-25 11:19:32,2025-12-24T19:56:00+08:00,2025-12-24T19:58:03+08:00,1.0875,103.5197,C,Cloud to Cloud,2025-12-24T19:55:01.729+08:00
2025-12-25 11:19:32,2025-12-24T19:56:00+08:00,2025-12-24T19:58:03+08:00,1.0848,103.515,C,Cloud to Cloud,2025-12-24T19:55:01.729+08:00
2025-12-25 11:19:32,2025-12-24T19:56:00+08:00,2025-12-24T19:58:03+08:00,1.0815,103.5092,C,Cloud to Cloud,2025-12-24T19:55:01.749+08:00
2025-12-25 11:19:32,2025-12-24T19:56:00+08:00,2025-12-24T19:58:03+08:00,1.0883,103.5225,C,Cloud to Cloud,2025-12-24T19:55:01.749+08:00
2025-12-25 11:19:32,2025-12-24T19:56:00+08:00,2025-12-24T19:58:03+08:00,1.0639,103.5312,C,Cloud to Cloud,2025-12-24T19:55:01.797+08:00
2025-12-25 11:19:32,2025-12-24T19:56:00+08:00,2025-12-24T19:58:03+08:00,1.0924,103.5732,C,Cloud to Cloud,2025-12-24T19:55:01.847+08:00
2025-12-25 11:19:32,2025-12-24T19:56:00+08:00,2025-12-24T19:58:03+08:00,0.9891,103.6396,C,Cloud to Cloud,2025-12-24T19:55:25.217+08:00
2025-12-25 11:19:32,2025-12-24T19:56:00+08:00,2025-12-24T19:58:03+08:00,0.9736,103.6341,C,Cloud to Cloud,2025-12-24T19:55:25.217+08:00
2025-12-25 11:19:32,2025-12-24T19:54:00+08:00,2025-12-24T19:56:02+08:00,1.0021,103.5508,C,Cloud to Cloud,2025-12-24T19:52:02.868+08:00
2025-12-25 11:19:32,2025-12-24T19:54:00+08:00,2025-12-24T19:56:02+08:00,1.0087,103.5582,C,Cloud to Cloud,2025-12-24T19:52:02.869+08:00
2025-12-25 11:19:32,2025-12-24T19:54:00+08:00,2025-12-24T19:56:02+08:00,1.0147,103.5694,C,Cloud to Cloud,2025-12-24T19:52:02.869+08:00
2025-12-25 11:19:32,2025-12-24T19:54:00+08:00,2025-12-24T19:56:02+08:00,1.0228,103.5683,C,Cloud to Cloud,2025-12-24T19:52:02.869+08:00
2025-12-25 11:19:32,2025-12-24T19:54:00+08:00,2025-12-24T19:56:02+08:00,1.0105,103.5828,C,Cloud to Cloud,2025-12-24T19:52:02.87+08:00
2025-12-25 11:19:32,2025-12-24T19:54:00+08:00,2025-12-24T19:56:02+08:00,1.0572,103.6033,C,Cloud to Cloud,2025-12-24T19:52:02.87+08:00
2025-12-25 11:19:32,2025-12-24T19:54:00+08:00,2025-12-24T19:56:02+08:00,1.0664,103.6141,C,Cloud to Cloud,2025-12-24T19:52:02.922+08:00
2025-12-25 11:19:32,2025-12-24T19:54:00+08:00,2025-12-24T19:56:02+08:00,1.061,103.6044,C,Cloud to Cloud,2025-12-24T19:52:02.923+08:00
2025-12-25 11:19:32,2025-12-24T19:54:00+08:00,2025-12-24T19:56:02+08:00,1.0557,103.6075,C,Cloud to Cloud,2025-12-24T19:52:02.954+08:00
2025-12-25 11:19:32,2025-12-24T19:54:00+08:00,2025-12-24T19:56:02+08:00,1.065,103.6629,C,Cloud to Cloud,2025-12-24T19:52:02.982+08:00
2025-12-25 11:19:32,2025-12-24T19:54:00+08:00,2025-12-24T19:56:02+08:00,1.0554,103.6655,G,Cloud to Ground,2025-12-24T19:52:02.982+08:00
2025-12-25 11:19:32,2025-12-24T19:54:00+08:00,2025-12-24T19:56:02+08:00,1.0644,103.6416,C,Cloud to Cloud,2025-12-24T19:52:02.982+08:00
2025-12-25 11:19:32,2025-12-24T19:54:00+08:00,2025-12-24T19:56:02+08:00,1.1192,103.6634,C,Cloud to Cloud,2025-12-24T19:52:02.982+08:00
2025-12-25 11:19:32,2025-12-24T19:54:00+08:00,2025-12-24T19:56:02+08:00,1.0737,103.6352,C,Cloud to Cloud,2025-12-24T19:52:02.982+08:00
2025-12-25 11:19:32,2025-12-24T19:54:00+08:00,2025-12-24T19:56:02+08:00,1.0616,103.6157,C,Cloud to Cloud,2025-12-24T19:52:02.982+08:00
2025-12-25 11:19:32,2025-12-24T19:54:00+08:00,2025-12-24T19:56:02+08:00,1.0473,103.6047,C,Cloud to Cloud,2025-12-24T19:52:02.983+08:00
2025-12-25 11:19:32,2025-12-24T19:54:00+08:00,2025-12-24T19:56:02+08:00,1.0648,103.6074,C,Cloud to Cloud,2025-12-24T19:52:02.983+08:00
2025-12-25 11:19:32,2025-12-24T19:54:00+08:00,2025-12-24T19:56:02+08:00,1.0568,103.6056,C,Cloud to Cloud,2025-12-24T19:52:02.983+08:00
2025-12-25 11:19:32,2025-12-24T19:54:00+08:00,2025-12-24T19:56:02+08:00,1.1016,103.6364,C,Cloud to Cloud,2025-12-24T19:52:02.983+08:00
2025-12-25 11:19:32,2025-12-24T19:54:00+08:00,2025-12-24T19:56:02+08:00,1.0737,103.6264,C,Cloud to Cloud,2025-12-24T19:52:02.983+08:00
2025-12-25 11:19:32,2025-12-24T19:54:00+08:00,2025-12-24T19:56:02+08:00,1.0842,103.6673,C,Cloud to Cloud,2025-12-24T19:52:02.983+08:00
2025-12-25 11:19:32,2025-12-24T19:54:00+08:00,2025-12-24T19:56:02+08:00,1.0341,103.5869,C,Cloud to Cloud,2025-12-24T19:52:02.983+08:00
2025-12-25 11:19:32,2025-12-24T19:54:00+08:00,2025-12-24T19:56:02+08:00,1.012,103.5684,C,Cloud to Cloud,2025-12-24T19:52:03.042+08:00
2025-12-25 11:19:32,2025-12-24T19:54:00+08:00,2025-12-24T19:56:02+08:00,1.0174,103.5602,C,Cloud to Cloud,2025-12-24T19:52:03.072+08:00
2025-12-25 11:19:32,2025-12-24T19:54:00+08:00,2025-12-24T19:56:02+08:00,1.0541,103.6331,C,Cloud to Cloud,2025-12-24T19:52:03.077+08:00
2025-12-25 11:19:32,2025-12-24T19:54:00+08:00,2025-12-24T19:56:02+08:00,1.0765,103.6397,C,Cloud to Cloud,2025-12-24T19:52:03.077+08:00
2025-12-25 11:19:32,2025-12-24T19:54:00+08:00,2025-12-24T19:56:02+08:00,1.0979,103.662,C,Cloud to Cloud,2025-12-24T19:52:03.077+08:00
2025-12-25 11:19:32,2025-12-24T19:54:00+08:00,2025-12-24T19:56:02+08:00,0.9657,103.5388,C,Cloud to Cloud,2025-12-24T19:52:03.089+08:00
2025-12-25 11:19:32,2025-12-24T19:54:00+08:00,2025-12-24T19:56:02+08:00,1.0217,103.5865,C,Cloud to Cloud,2025-12-24T19:52:03.089+08:00
2025-12-25 11:19:32,2025-12-24T19:54:00+08:00,2025-12-24T19:56:02+08:00,1.0347,103.5743,C,Cloud to Cloud,2025-12-24T19:52:03.089+08:00
2025-12-25 11:19:32,2025-12-24T19:54:00+08:00,2025-12-24T19:56:02+08:00,1.0166,103.5692,C,Cloud to Cloud,2025-12-24T19:52:03.134+08:00
2025-12-25 11:19:32,2025-12-24T19:54:00+08:00,2025-12-24T19:56:02+08:00,1.0383,103.5816,C,Cloud to Cloud,2025-12-24T19:52:03.19+08:00
2025-12-25 11:19:32,2025-12-24T19:54:00+08:00,2025-12-24T19:56:02+08:00,1.0192,103.5757,C,Cloud to Cloud,2025-12-24T19:52:03.19+08:00
2025-12-25 11:19:32,2025-12-24T19:54:00+08:00,2025-12-24T19:56:02+08:00,1.0143,103.5688,C,Cloud to Cloud,2025-12-24T19:52:03.19+08:00
2025-12-25 11:19:32,2025-12-24T19:54:00+08:00,2025-12-24T19:56:02+08:00,1.0359,103.591,C,Cloud to Cloud,2025-12-24T19:52:03.191+08:00
2025-12-25 11:19:32,2025-12-24T19:54:00+08:00,2025-12-24T19:56:02+08:00,1.0645,103.6108,C,Cloud to Cloud,2025-12-24T19:52:03.191+08:00
2025-12-25 11:19:32,2025-12-24T19:54:00+08:00,2025-12-24T19:56:02+08:00,1.0557,103.6173,C,Cloud to Cloud,2025-12-24T19:52:03.191+08:00
2025-12-25 11:19:32,2025-12-24T19:54:00+08:00,2025-12-24T19:56:02+08:00,1.032,103.6319,C,Cloud to Cloud,2025-12-24T19:52:03.191+08:00
2025-12-25 11:19:32,2025-12-24T19:54:00+08:00,2025-12-24T19:56:02+08:00,1.061,103.6244,C,Cloud to Cloud,2025-12-24T19:52:03.191+08:00
2025-12-25 11:19:32,2025-12-24T19:54:00+08:00,2025-12-24T19:56:02+08:00,1.0637,103.6252,C,Cloud to Cloud,2025-12-24T19:52:03.191+08:00
2025-12-25 11:19:32,2025-12-24T19:54:00+08:00,2025-12-24T19:56:02+08:00,1.0673,103.6236,C,Cloud to Cloud,2025-12-24T19:52:03.191+08:00
2025-12-25 11:19:32,2025-12-24T19:54:00+08:00,2025-12-24T19:56:02+08:00,1.0622,103.6162,C,Cloud to Cloud,2025-12-24T19:52:03.191+08:00
2025-12-25 11:19:32,2025-12-24T19:54:00+08:00,2025-12-24T19:56:02+08:00,1.0539,103.5758,C,Cloud to Cloud,2025-12-24T19:52:03.191+08:00
2025-12-25 11:19:32,2025-12-24T19:54:00+08:00,2025-12-24T19:56:02+08:00,1.064,103.6158,C,Cloud to Cloud,2025-12-24T19:52:03.191+08:00
2025-12-25 11:19:32,2025-12-24T19:54:00+08:00,2025-12-24T19:56:02+08:00,1.0587,103.6101,C,Cloud to Cloud,2025-12-24T19:52:03.191+08:00
2025-12-25 11:19:32,2025-12-24T19:54:00+08:00,2025-12-24T19:56:02+08:00,1.0649,103.6149,C,Cloud to Cloud,2025-12-24T19:52:03.192+08:00
2025-12-25 11:19:32,2025-12-24T19:54:00+08:00,2025-12-24T19:56:02+08:00,1.0626,103.6151,C,Cloud to Cloud,2025-12-24T19:52:03.192+08:00
2025-12-25 11:19:32,2025-12-24T19:54:00+08:00,2025-12-24T19:56:02+08:00,1.0735,103.6212,C,Cloud to Cloud,2025-12-24T19:52:03.192+08:00
2025-12-25 11:19:32,2025-12-24T19:54:00+08:00,2025-12-24T19:56:02+08:00,1.0679,103.615,C,Cloud to Cloud,2025-12-24T19:52:03.192+08:00
2025-12-25 11:19:32,2025-12-24T19:54:00+08:00,2025-12-24T19:56:02+08:00,1.0848,103.6375,C,Cloud to Cloud,2025-12-24T19:52:03.192+08:00
2025-12-25 11:19:32,2025-12-24T19:54:00+08:00,2025-12-24T19:56:02+08:00,1.0877,103.6542,C,Cloud to Cloud,2025-12-24T19:52:03.192+08:00
2025-12-25 11:19:32,2025-12-24T19:54:00+08:00,2025-12-24T19:56:02+08:00,1.04,103.6054,C,Cloud to Cloud,2025-12-24T19:52:03.192+08:00
2025-12-25 11:19:32,2025-12-24T19:54:00+08:00,2025-12-24T19:56:02+08:00,1.0916,103.6496,C,Cloud to Cloud,2025-12-24T19:52:03.192+08:00
2025-12-25 11:19:32,2025-12-24T19:54:00+08:00,2025-12-24T19:56:02+08:00,1.0925,103.6468,C,Cloud to Cloud,2025-12-24T19:52:03.192+08:00
2025-12-25 11:19:32,2025-12-24T19:54:00+08:00,2025-12-24T19:56:02+08:00,1.0895,103.6376,C,Cloud to Cloud,2025-12-24T19:52:03.192+08:00
2025-12-25 11:19:32,2025-12-24T19:54:00+08:00,2025-12-24T19:56:02+08:00,1.0787,103.6253,C,Cloud to Cloud,2025-12-24T19:52:03.193+08:00
2025-12-25 11:19:32,2025-12-24T19:54:00+08:00,2025-12-24T19:56:02+08:00,1.0195,103.5858,C,Cloud to Cloud,2025-12-24T19:52:03.193+08:00
2025-12-25 11:19:32,2025-12-24T19:54:00+08:00,2025-12-24T19:56:02+08:00,1.0843,103.629,C,Cloud to Cloud,2025-12-24T19:52:03.193+08:00
2025-12-25 11:19:32,2025-12-24T19:54:00+08:00,2025-12-24T19:56:02+08:00,1.0772,103.6229,C,Cloud to Cloud,2025-12-24T19:52:03.194+08:00
2025-12-25 11:19:32,2025-12-24T19:54:00+08:00,2025-12-24T19:56:02+08:00,1.0792,103.6225,C,Cloud to Cloud,2025-12-24T19:52:03.194+08:00
2025-12-25 11:19:32,2025-12-24T19:54:00+08:00,2025-12-24T19:56:02+08:00,1.042,103.5937,C,Cloud to Cloud,2025-12-24T19:52:03.194+08:00
2025-12-25 11:19:32,2025-12-24T19:54:00+08:00,2025-12-24T19:56:02+08:00,1.1125,103.661,C,Cloud to Cloud,2025-12-24T19:52:03.194+08:00
2025-12-25 11:19:32,2025-12-24T19:54:00+08:00,2025-12-24T19:56:02+08:00,1.0592,103.6662,C,Cloud to Cloud,2025-12-24T19:52:03.207+08:00
2025-12-25 11:19:32,2025-12-24T19:54:00+08:00,2025-12-24T19:56:02+08:00,1.0455,103.6648,G,Cloud to Ground,2025-12-24T19:52:03.207+08:00
2025-12-25 11:19:32,2025-12-24T19:54:00+08:00,2025-12-24T19:56:02+08:00,0.9673,103.5305,C,Cloud to Cloud,2025-12-24T19:52:03.208+08:00
2025-12-25 11:19:32,2025-12-24T19:54:00+08:00,2025-12-24T19:56:02+08:00,0.9551,103.5177,C,Cloud to Cloud,2025-12-24T19:52:03.208+08:00
2025-12-25 11:19:32,2025-12-24T19:54:00+08:00,2025-12-24T19:56:02+08:00,1.0512,103.5852,C,Cloud to Cloud,2025-12-24T19:52:03.359+08:00
2025-12-25 11:19:32,2025-12-24T19:54:00+08:00,2025-12-24T19:56:02+08:00,1.0146,103.5707,C,Cloud to Cloud,2025-12-24T19:52:03.383+08:00
2025-12-25 11:19:32,2025-12-24T19:54:00+08:00,2025-12-24T19:56:02+08:00,1.0087,103.5591,C,Cloud to Cloud,2025-12-24T19:52:03.383+08:00
2025-12-25 11:19:32,2025-12-24T19:54:00+08:00,2025-12-24T19:56:02+08:00,1.0278,103.6028,C,Cloud to Cloud,2025-12-24T19:52:03.384+08:00
2025-12-25 11:19:32,2025-12-24T19:54:00+08:00,2025-12-24T19:56:02+08:00,1.0623,103.6266,C,Cloud to Cloud,2025-12-24T19:52:03.384+08:00
2025-12-25 11:19:32,2025-12-24T19:54:00+08:00,2025-12-24T19:56:02+08:00,1.0671,103.6204,C,Cloud to Cloud,2025-12-24T19:52:03.384+08:00
2025-12-25 11:19:32,2025-12-24T19:54:00+08:00,2025-12-24T19:56:02+08:00,1.0673,103.6232,C,Cloud to Cloud,2025-12-24T19:52:03.384+08:00
2025-12-25 11:19:32,2025-12-24T19:54:00+08:00,2025-12-24T19:56:02+08:00,1.0785,103.6385,C,Cloud to Cloud,2025-12-24T19:52:03.384+08:00
2025-12-25 11:19:32,2025-12-24T19:54:00+08:00,2025-12-24T19:56:02+08:00,1.0689,103.633,C,Cloud to Cloud,2025-12-24T19:52:03.384+08:00
2025-12-25 11:19:32,2025-12-24T19:54:00+08:00,2025-12-24T19:56:02+08:00,1.08,103.658,C,Cloud to Cloud,2025-12-24T19:52:03.384+08:00
2025-12-25 11:19:32,2025-12-24T19:54:00+08:00,2025-12-24T19:56:02+08:00,1.0595,103.6373,C,Cloud to Cloud,2025-12-24T19:52:03.384+08:00
2025-12-25 11:19:32,2025-12-24T19:54:00+08:00,2025-12-24T19:56:02+08:00,1.0636,103.6474,C,Cloud to Cloud,2025-12-24T19:52:03.384+08:00
2025-12-25 11:19:32,2025-12-24T19:54:00+08:00,2025-12-24T19:56:02+08:00,1.0356,103.5613,C,Cloud to Cloud,2025-12-24T19:52:03.386+08:00
2025-12-25 11:19:32,2025-12-24T19:54:00+08:00,2025-12-24T19:56:02+08:00,1.0482,103.5757,C,Cloud to Cloud,2025-12-24T19:52:03.386+08:00
2025-12-25 11:19:32,2025-12-24T19:54:00+08:00,2025-12-24T19:56:02+08:00,1.0448,103.6623,G,Cloud to Ground,2025-12-24T19:52:03.386+08:00
2025-12-25 11:19:32,2025-12-24T19:54:00+08:00,2025-12-24T19:56:02+08:00,1.0469,103.665,G,Cloud to Ground,2025-12-24T19:52:03.419+08:00
2025-12-25 11:19:32,2025-12-24T19:54:00+08:00,2025-12-24T19:56:02+08:00,1.0653,103.6026,C,Cloud to Cloud,2025-12-24T19:52:28.897+08:00
2025-12-25 11:19:32,2025-12-24T19:54:00+08:00,2025-12-24T19:56:02+08:00,0.951,103.5617,C,Cloud to Cloud,2025-12-24T19:52:28.897+08:00
2025-12-25 11:19:32,2025-12-24T19:54:00+08:00,2025-12-24T19:56:02+08:00,0.9854,103.5541,C,Cloud to Cloud,2025-12-24T19:52:28.898+08:00
2025-12-25 11:19:32,2025-12-24T19:54:00+08:00,2025-12-24T19:56:02+08:00,0.9771,103.5428,C,Cloud to Cloud,2025-12-24T19:52:28.898+08:00
2025-12-25 11:19:32,2025-12-24T19:54:00+08:00,2025-12-24T19:56:02+08:00,0.967,103.5349,C,Cloud to Cloud,2025-12-24T19:52:28.898+08:00
2025-12-25 11:19:32,2025-12-24T19:54:00+08:00,2025-12-24T19:56:02+08:00,0.9854,103.5541,C,Cloud to Cloud,2025-12-24T19:52:28.898+08:00
2025-12-25 11:19:32,2025-12-24T19:54:00+08:00,2025-12-24T19:56:02+08:00,0.9901,103.5585,C,Cloud to Cloud,2025-12-24T19:52:28.898+08:00
2025-12-25 11:19:32,2025-12-24T19:54:00+08:00,2025-12-24T19:56:02+08:00,0.9901,103.5585,C,Cloud to Cloud,2025-12-24T19:52:28.898+08:00
2025-12-25 11:19:32,2025-12-24T19:54:00+08:00,2025-12-24T19:56:02+08:00,1.0629,103.6042,C,Cloud to Cloud,2025-12-24T19:52:28.899+08:00
2025-12-25 11:19:32,2025-12-24T19:54:00+08:00,2025-12-24T19:56:02+08:00,0.9832,103.5681,C,Cloud to Cloud,2025-12-24T19:52:28.928+08:00
2025-12-25 11:19:32,2025-12-24T19:54:00+08:00,2025-12-24T19:56:02+08:00,0.9864,103.5185,C,Cloud to Cloud,2025-12-24T19:52:28.982+08:00
2025-12-25 11:19:32,2025-12-24T19:54:00+08:00,2025-12-24T19:56:02+08:00,1.014,103.5611,G,Cloud to Ground,2025-12-24T19:52:28.982+08:00
2025-12-25 11:19:32,2025-12-24T19:54:00+08:00,2025-12-24T19:56:02+08:00,0.9678,103.4966,C,Cloud to Cloud,2025-12-24T19:52:28.982+08:00
2025-12-25 11:19:32,2025-12-24T19:54:00+08:00,2025-12-24T19:56:02+08:00,1.0213,103.5713,C,Cloud to Cloud,2025-12-24T19:52:28.982+08:00
2025-12-25 11:19:32,2025-12-24T19:54:00+08:00,2025-12-24T19:56:02+08:00,0.9678,103.5271,C,Cloud to Cloud,2025-12-24T19:52:29.102+08:00
2025-12-25 11:19:32,2025-12-24T19:54:00+08:00,2025-12-24T19:56:02+08:00,0.9515,103.5099,C,Cloud to Cloud,2025-12-24T19:52:29.102+08:00
2025-12-25 11:19:32,2025-12-24T19:54:00+08:00,2025-12-24T19:56:02+08:00,0.992,103.5571,C,Cloud to Cloud,2025-12-24T19:52:29.134+08:00
2025-12-25 11:19:32,2025-12-24T19:54:00+08:00,2025-12-24T19:56:02+08:00,0.992,103.5571,C,Cloud to Cloud,2025-12-24T19:52:29.134+08:00
2025-12-25 11:19:32,2025-12-24T19:54:00+08:00,2025-12-24T19:56:02+08:00,1.019,103.5632,G,Cloud to Ground,2025-12-24T19:52:29.263+08:00
2025-12-25 11:19:32,2025-12-24T19:54:00+08:00,2025-12-24T19:56:02+08:00,1.021,103.5559,C,Cloud to Cloud,2025-12-24T19:52:29.328+08:00
2025-12-25 11:19:32,2025-12-24T19:54:00+08:00,2025-12-24T19:56:02+08:00,1.0141,103.5636,G,Cloud to Ground,2025-12-24T19:52:29.33+08:00
2025-12-25 11:19:32,2025-12-24T19:54:00+08:00,2025-12-24T19:56:02+08:00,1.0174,103.5596,G,Cloud to Ground,2025-12-24T19:52:29.386+08:00
2025-12-25 11:19:32,2025-12-24T19:54:00+08:00,2025-12-24T19:56:02+08:00,1.0206,103.553,C,Cloud to Cloud,2025-12-24T19:52:29.434+08:00
2025-12-25 11:19:32,2025-12-24T19:54:00+08:00,2025-12-24T19:56:02+08:00,1.0329,103.5782,C,Cloud to Cloud,2025-12-24T19:52:29.434+08:00
2025-12-25 11:19:32,2025-12-24T19:54:00+08:00,2025-12-24T19:56:02+08:00,0.9698,103.5242,C,Cloud to Cloud,2025-12-24T19:52:29.434+08:00
2025-12-25 11:19:32,2025-12-24T19:54:00+08:00,2025-12-24T19:56:02+08:00,0.9804,103.5372,C,Cloud to Cloud,2025-12-24T19:52:29.434+08:00
2025-12-25 11:19:32,2025-12-24T19:54:00+08:00,2025-12-24T19:56:02+08:00,1.0239,103.5686,C,Cloud to Cloud,2025-12-24T19:52:29.434+08:00
2025-12-25 11:19:32,2025-12-24T19:54:00+08:00,2025-12-24T19:56:02+08:00,1.0146,103.5551,C,Cloud to Cloud,2025-12-24T19:52:29.434+08:00
2025-12-25 11:19:32,2025-12-24T19:54:00+08:00,2025-12-24T19:56:02+08:00,1.0171,103.561,G,Cloud to Ground,2025-12-24T19:52:29.434+08:00
2025-12-25 11:19:32,2025-12-24T19:54:00+08:00,2025-12-24T19:56:02+08:00,1.0233,103.5671,G,Cloud to Ground,2025-12-24T19:52:29.468+08:00
2025-12-25 11:19:32,2025-12-24T19:54:00+08:00,2025-12-24T19:56:02+08:00,1.0201,103.564,G,Cloud to Ground,2025-12-24T19:52:29.587+08:00
2025-12-25 11:19:32,2025-12-24T19:54:00+08:00,2025-12-24T19:56:02+08:00,1.0182,103.56,G,Cloud to Ground,2025-12-24T19:52:29.641+08:00
2025-12-25 11:19:32,2025-12-24T19:54:00+08:00,2025-12-24T19:56:02+08:00,1.0876,103.5757,C,Cloud to Cloud,2025-12-24T19:52:29.66+08:00
2025-12-25 11:19:32,2025-12-24T19:54:00+08:00,2025-12-24T19:56:02+08:00,1.0779,103.513,C,Cloud to Cloud,2025-12-24T19:52:29.66+08:00
2025-12-25 11:19:32,2025-12-24T19:54:00+08:00,2025-12-24T19:56:02+08:00,1.0346,103.5764,C,Cloud to Cloud,2025-12-24T19:52:29.78+08:00
2025-12-25 11:19:32,2025-12-24T19:54:00+08:00,2025-12-24T19:56:02+08:00,1.0174,103.5598,G,Cloud to Ground,2025-12-24T19:52:29.782+08:00
2025-12-25 11:19:32,2025-12-24T19:54:00+08:00,2025-12-24T19:56:02+08:00,0.9936,103.4861,C,Cloud to Cloud,2025-12-24T19:52:29.79+08:00
2025-12-25 11:19:32,2025-12-24T19:54:00+08:00,2025-12-24T19:56:02+08:00,0.989,103.4823,C,Cloud to Cloud,2025-12-24T19:52:29.79+08:00
2025-12-25 11:19:32,2025-12-24T19:54:00+08:00,2025-12-24T19:56:02+08:00,0.9593,103.4631,C,Cloud to Cloud,2025-12-24T19:52:29.79+08:00
2025-12-25 11:19:32,2025-12-24T19:54:00+08:00,2025-12-24T19:56:02+08:00,1.0141,103.5565,G,Cloud to Ground,2025-12-24T19:52:29.791+08:00
2025-12-25 11:19:32,2025-12-24T19:54:00+08:00,2025-12-24T19:56:02+08:00,1.0169,103.5601,G,Cloud to Ground,2025-12-24T19:52:29.922+08:00
2025-12-25 11:19:32,2025-12-24T19:54:00+08:00,2025-12-24T19:56:02+08:00,1.0975,103.5458,C,Cloud to Cloud,2025-12-24T19:52:29.922+08:00
2025-12-25 11:19:32,2025-12-24T19:54:00+08:00,2025-12-24T19:56:02+08:00,1.1268,103.5633,C,Cloud to Cloud,2025-12-24T19:52:29.923+08:00
2025-12-25 11:19:32,2025-12-24T19:54:00+08:00,2025-12-24T19:56:02+08:00,1.0949,103.5518,C,Cloud to Cloud,2025-12-24T19:52:30.058+08:00
2025-12-25 11:19:32,2025-12-24T19:54:00+08:00,2025-12-24T19:56:02+08:00,1.1336,103.5316,C,Cloud to Cloud,2025-12-24T19:52:30.058+08:00
2025-12-25 11:19:32,2025-12-24T19:54:00+08:00,2025-12-24T19:56:02+08:00,1.081,103.558,C,Cloud to Cloud,2025-12-24T19:52:30.058+08:00
2025-12-25 11:19:32,2025-12-24T19:54:00+08:00,2025-12-24T19:56:02+08:00,1.0723,103.5603,C,Cloud to Cloud,2025-12-24T19:52:30.059+08:00
2025-12-25 11:19:32,2025-12-24T19:54:00+08:00,2025-12-24T19:56:02+08:00,1.0772,103.606,C,Cloud to Cloud,2025-12-24T19:52:30.059+08:00
2025-12-25 11:19:32,2025-12-24T19:54:00+08:00,2025-12-24T19:56:02+08:00,1.073,103.5535,C,Cloud to Cloud,2025-12-24T19:52:30.059+08:00
2025-12-25 11:19:32,2025-12-24T19:54:00+08:00,2025-12-24T19:56:02+08:00,0.9936,103.545,C,Cloud to Cloud,2025-12-24T19:53:16.396+08:00
2025-12-25 11:19:32,2025-12-24T19:54:00+08:00,2025-12-24T19:56:02+08:00,0.9997,103.5412,C,Cloud to Cloud,2025-12-24T19:53:16.402+08:00
2025-12-25 11:19:32,2025-12-24T19:54:00+08:00,2025-12-24T19:56:02+08:00,0.9997,103.5412,C,Cloud to Cloud,2025-12-24T19:53:16.402+08:00
2025-12-25 11:19:32,2025-12-24T19:54:00+08:00,2025-12-24T19:56:02+08:00,1.0135,103.5574,C,Cloud to Cloud,2025-12-24T19:53:16.402+08:00
2025-12-25 11:19:32,2025-12-24T19:54:00+08:00,2025-12-24T19:56:02+08:00,0.9883,103.5217,C,Cloud to Cloud,2025-12-24T19:53:16.402+08:00
2025-12-25 11:19:32,2025-12-24T19:54:00+08:00,2025-12-24T19:56:02+08:00,1.0013,103.5399,C,Cloud to Cloud,2025-12-24T19:53:16.402+08:00
2025-12-25 11:19:32,2025-12-24T19:54:00+08:00,2025-12-24T19:56:02+08:00,0.9983,103.5247,C,Cloud to Cloud,2025-12-24T19:53:16.651+08:00
2025-12-25 11:19:32,2025-12-24T19:54:00+08:00,2025-12-24T19:56:02+08:00,0.9983,103.5247,C,Cloud to Cloud,2025-12-24T19:53:16.652+08:00
2025-12-25 11:19:32,2025-12-24T19:54:00+08:00,2025-12-24T19:56:02+08:00,1.0442,103.5922,C,Cloud to Cloud,2025-12-24T19:53:16.685+08:00
2025-12-25 11:19:32,2025-12-24T19:54:00+08:00,2025-12-24T19:56:02+08:00,1.0138,103.5629,C,Cloud to Cloud,2025-12-24T19:53:16.685+08:00
2025-12-25 11:19:32,2025-12-24T19:54:00+08:00,2025-12-24T19:56:02+08:00,1.0204,103.5757,C,Cloud to Cloud,2025-12-24T19:53:16.715+08:00
2025-12-25 11:19:32,2025-12-24T19:54:00+08:00,2025-12-24T19:56:02+08:00,0.9581,103.4999,C,Cloud to Cloud,2025-12-24T19:53:16.732+08:00
2025-12-25 11:19:32,2025-12-24T19:54:00+08:00,2025-12-24T19:56:02+08:00,0.9581,103.4999,C,Cloud to Cloud,2025-12-24T19:53:16.732+08:00
2025-12-25 11:19:32,2025-12-24T19:54:00+08:00,2025-12-24T19:56:02+08:00,0.9858,103.539,C,Cloud to Cloud,2025-12-24T19:53:16.732+08:00
2025-12-25 11:19:32,2025-12-24T19:54:00+08:00,2025-12-24T19:56:02+08:00,1.0155,103.5711,C,Cloud to Cloud,2025-12-24T19:53:16.732+08:00
2025-12-25 11:19:32,2025-12-24T19:54:00+08:00,2025-12-24T19:56:02+08:00,1.0422,103.5816,C,Cloud to Cloud,2025-12-24T19:53:16.734+08:00
2025-12-25 11:19:32,2025-12-24T19:52:00+08:00,2025-12-24T19:54:03+08:00,1.0509,103.6117,C,Cloud to Cloud,2025-12-24T19:50:28.506+08:00
2025-12-25 11:19:32,2025-12-24T19:52:00+08:00,2025-12-24T19:54:03+08:00,1.0273,103.5726,C,Cloud to Cloud,2025-12-24T19:50:28.714+08:00
2025-12-25 11:19:32,2025-12-24T19:52:00+08:00,2025-12-24T19:54:03+08:00,1.0242,103.5728,C,Cloud to Cloud,2025-12-24T19:50:28.714+08:00
2025-12-25 11:19:32,2025-12-24T19:52:00+08:00,2025-12-24T19:54:03+08:00,1.0256,103.5859,C,Cloud to Cloud,2025-12-24T19:50:28.716+08:00
2025-12-25 11:19:32,2025-12-24T19:52:00+08:00,2025-12-24T19:54:03+08:00,1.0109,103.5558,C,Cloud to Cloud,2025-12-24T19:50:28.716+08:00
2025-12-25 11:19:32,2025-12-24T19:52:00+08:00,2025-12-24T19:54:03+08:00,0.9595,103.5232,C,Cloud to Cloud,2025-12-24T19:50:28.716+08:00
2025-12-25 11:19:32,2025-12-24T19:52:00+08:00,2025-12-24T19:54:03+08:00,1.0404,103.5918,C,Cloud to Cloud,2025-12-24T19:50:28.861+08:00
2025-12-25 11:19:32,2025-12-24T19:52:00+08:00,2025-12-24T19:54:03+08:00,1.0564,103.5324,C,Cloud to Cloud,2025-12-24T19:51:02.029+08:00
2025-12-25 11:19:32,2025-12-24T19:52:00+08:00,2025-12-24T19:54:03+08:00,1.0395,103.5315,C,Cloud to Cloud,2025-12-24T19:51:02.079+08:00
2025-12-25 11:19:32,2025-12-24T19:52:00+08:00,2025-12-24T19:54:03+08:00,1.0478,103.598,C,Cloud to Cloud,2025-12-24T19:51:02.428+08:00
2025-12-25 11:19:32,2025-12-24T19:52:00+08:00,2025-12-24T19:54:03+08:00,1.0361,103.5836,C,Cloud to Cloud,2025-12-24T19:51:02.443+08:00
2025-12-25 11:19:32,2025-12-24T19:52:00+08:00,2025-12-24T19:54:03+08:00,1.0353,103.5815,C,Cloud to Cloud,2025-12-24T19:51:02.483+08:00
2025-12-25 11:19:32,2025-12-24T19:52:00+08:00,2025-12-24T19:54:03+08:00,1.0161,103.5676,C,Cloud to Cloud,2025-12-24T19:51:02.538+08:00
2025-12-25 11:19:32,2025-12-24T19:50:00+08:00,2025-12-24T19:52:03+08:00,1.0213,103.5753,C,Cloud to Cloud,2025-12-24T19:48:29.555+08:00
2025-12-25 11:19:32,2025-12-24T19:50:00+08:00,2025-12-24T19:52:03+08:00,1.0276,103.5783,C,Cloud to Cloud,2025-12-24T19:48:29.555+08:00
2025-12-25 11:19:32,2025-12-24T19:50:00+08:00,2025-12-24T19:52:03+08:00,1.0043,103.5467,C,Cloud to Cloud,2025-12-24T19:48:29.565+08:00
2025-12-25 11:19:32,2025-12-24T19:50:00+08:00,2025-12-24T19:52:03+08:00,1.0487,103.585,C,Cloud to Cloud,2025-12-24T19:48:29.565+08:00
2025-12-25 11:19:32,2025-12-24T19:50:00+08:00,2025-12-24T19:52:03+08:00,1.0177,103.5423,C,Cloud to Cloud,2025-12-24T19:48:29.565+08:00
2025-12-25 11:19:32,2025-12-24T19:50:00+08:00,2025-12-24T19:52:03+08:00,1.0103,103.5608,C,Cloud to Cloud,2025-12-24T19:49:03.991+08:00
2025-12-25 11:19:32,2025-12-24T19:50:00+08:00,2025-12-24T19:52:03+08:00,0.9826,103.5809,C,Cloud to Cloud,2025-12-24T19:49:03.991+08:00
2025-12-25 11:19:32,2025-12-24T19:50:00+08:00,2025-12-24T19:52:03+08:00,1.0641,103.608,C,Cloud to Cloud,2025-12-24T19:49:04.079+08:00
2025-12-25 11:19:32,2025-12-24T19:50:00+08:00,2025-12-24T19:52:03+08:00,1.0042,103.5645,C,Cloud to Cloud,2025-12-24T19:49:04.079+08:00
2025-12-25 11:19:32,2025-12-24T19:50:00+08:00,2025-12-24T19:52:03+08:00,1.0376,103.5734,C,Cloud to Cloud,2025-12-24T19:49:04.12+08:00
2025-12-25 11:19:32,2025-12-24T19:50:00+08:00,2025-12-24T19:52:03+08:00,1.0116,103.6345,C,Cloud to Cloud,2025-12-24T19:49:04.163+08:00
2025-12-25 11:19:32,2025-12-24T19:50:00+08:00,2025-12-24T19:52:03+08:00,1.0179,103.624,G,Cloud to Ground,2025-12-24T19:49:04.174+08:00
2025-12-25 11:19:32,2025-12-24T19:50:00+08:00,2025-12-24T19:52:03+08:00,1.0424,103.6551,C,Cloud to Cloud,2025-12-24T19:49:04.174+08:00
2025-12-25 11:19:32,2025-12-24T19:50:00+08:00,2025-12-24T19:52:03+08:00,0.9811,103.5607,C,Cloud to Cloud,2025-12-24T19:49:04.174+08:00
2025-12-25 11:19:32,2025-12-24T19:50:00+08:00,2025-12-24T19:52:03+08:00,1.0766,103.5785,C,Cloud to Cloud,2025-12-24T19:49:04.175+08:00
2025-12-25 11:19:32,2025-12-24T19:50:00+08:00,2025-12-24T19:52:03+08:00,1.0459,103.5917,C,Cloud to Cloud,2025-12-24T19:49:04.222+08:00
2025-12-25 11:19:32,2025-12-24T19:50:00+08:00,2025-12-24T19:52:03+08:00,1.0398,103.5911,C,Cloud to Cloud,2025-12-24T19:49:04.237+08:00
2025-12-25 11:19:32,2025-12-24T19:50:00+08:00,2025-12-24T19:52:03+08:00,1.0054,103.562,C,Cloud to Cloud,2025-12-24T19:49:04.237+08:00
2025-12-25 11:19:32,2025-12-24T19:50:00+08:00,2025-12-24T19:52:03+08:00,1.0125,103.5731,C,Cloud to Cloud,2025-12-24T19:49:04.237+08:00
2025-12-25 11:19:32,2025-12-24T19:50:00+08:00,2025-12-24T19:52:03+08:00,1.0242,103.5783,C,Cloud to Cloud,2025-12-24T19:49:04.237+08:00
2025-12-25 11:19:32,2025-12-24T19:50:00+08:00,2025-12-24T19:52:03+08:00,1.0497,103.5918,C,Cloud to Cloud,2025-12-24T19:49:04.237+08:00
2025-12-25 11:19:32,2025-12-24T19:50:00+08:00,2025-12-24T19:52:03+08:00,1.0294,103.5803,C,Cloud to Cloud,2025-12-24T19:49:04.237+08:00
2025-12-25 11:19:32,2025-12-24T19:50:00+08:00,2025-12-24T19:52:03+08:00,1.0361,103.6527,C,Cloud to Cloud,2025-12-24T19:49:04.239+08:00
2025-12-25 11:19:32,2025-12-24T19:50:00+08:00,2025-12-24T19:52:03+08:00,1.016,103.6339,C,Cloud to Cloud,2025-12-24T19:49:04.239+08:00
2025-12-25 11:19:32,2025-12-24T19:50:00+08:00,2025-12-24T19:52:03+08:00,1.0478,103.5886,C,Cloud to Cloud,2025-12-24T19:49:04.259+08:00
2025-12-25 11:19:32,2025-12-24T19:50:00+08:00,2025-12-24T19:52:03+08:00,1.0405,103.5844,C,Cloud to Cloud,2025-12-24T19:49:04.274+08:00
2025-12-25 11:19:32,2025-12-24T19:50:00+08:00,2025-12-24T19:52:03+08:00,1.0599,103.6491,C,Cloud to Cloud,2025-12-24T19:49:04.286+08:00
2025-12-25 11:19:32,2025-12-24T19:50:00+08:00,2025-12-24T19:52:03+08:00,1.0282,103.6294,C,Cloud to Cloud,2025-12-24T19:49:04.287+08:00
2025-12-25 11:19:32,2025-12-24T19:50:00+08:00,2025-12-24T19:52:03+08:00,1.0288,103.6412,C,Cloud to Cloud,2025-12-24T19:49:04.287+08:00
2025-12-25 11:19:32,2025-12-24T19:50:00+08:00,2025-12-24T19:52:03+08:00,1.0636,103.6523,C,Cloud to Cloud,2025-12-24T19:49:04.287+08:00
2025-12-25 11:19:32,2025-12-24T19:50:00+08:00,2025-12-24T19:52:03+08:00,1.0055,103.631,C,Cloud to Cloud,2025-12-24T19:49:04.287+08:00
2025-12-25 11:19:32,2025-12-24T19:50:00+08:00,2025-12-24T19:52:03+08:00,1.0204,103.6386,C,Cloud to Cloud,2025-12-24T19:49:04.287+08:00
2025-12-25 11:19:32,2025-12-24T19:50:00+08:00,2025-12-24T19:52:03+08:00,1.0025,103.6295,C,Cloud to Cloud,2025-12-24T19:49:04.287+08:00
2025-12-25 11:19:32,2025-12-24T19:50:00+08:00,2025-12-24T19:52:03+08:00,1.0056,103.6251,C,Cloud to Cloud,2025-12-24T19:49:04.287+08:00
2025-12-25 11:19:32,2025-12-24T19:50:00+08:00,2025-12-24T19:52:03+08:00,1.0337,103.5786,C,Cloud to Cloud,2025-12-24T19:49:04.297+08:00
2025-12-25 11:19:32,2025-12-24T19:50:00+08:00,2025-12-24T19:52:03+08:00,1.0133,103.5703,C,Cloud to Cloud,2025-12-24T19:49:04.328+08:00
2025-12-25 11:19:32,2025-12-24T19:50:00+08:00,2025-12-24T19:52:03+08:00,0.994,103.557,C,Cloud to Cloud,2025-12-24T19:49:04.328+08:00
2025-12-25 11:19:32,2025-12-24T19:50:00+08:00,2025-12-24T19:52:03+08:00,1.035,103.5996,C,Cloud to Cloud,2025-12-24T19:49:04.328+08:00
2025-12-25 11:19:32,2025-12-24T19:50:00+08:00,2025-12-24T19:52:03+08:00,1.0216,103.5746,C,Cloud to Cloud,2025-12-24T19:49:04.328+08:00
2025-12-25 11:19:32,2025-12-24T19:50:00+08:00,2025-12-24T19:52:03+08:00,1.09,103.6703,C,Cloud to Cloud,2025-12-24T19:49:04.346+08:00
2025-12-25 11:19:32,2025-12-24T19:50:00+08:00,2025-12-24T19:52:03+08:00,1.0306,103.6437,C,Cloud to Cloud,2025-12-24T19:49:04.346+08:00
2025-12-25 11:19:32,2025-12-24T19:50:00+08:00,2025-12-24T19:52:03+08:00,0.9845,103.6048,C,Cloud to Cloud,2025-12-24T19:49:04.346+08:00
2025-12-25 11:19:32,2025-12-24T19:50:00+08:00,2025-12-24T19:52:03+08:00,1.0475,103.6379,C,Cloud to Cloud,2025-12-24T19:49:04.346+08:00
2025-12-25 11:19:32,2025-12-24T19:50:00+08:00,2025-12-24T19:52:03+08:00,1.0587,103.6428,C,Cloud to Cloud,2025-12-24T19:49:04.346+08:00
2025-12-25 11:19:32,2025-12-24T19:50:00+08:00,2025-12-24T19:52:03+08:00,1.0447,103.6358,C,Cloud to Cloud,2025-12-24T19:49:04.347+08:00
2025-12-25 11:19:32,2025-12-24T19:50:00+08:00,2025-12-24T19:52:03+08:00,1.0446,103.5971,C,Cloud to Cloud,2025-12-24T19:49:04.423+08:00
2025-12-25 11:19:32,2025-12-24T19:50:00+08:00,2025-12-24T19:52:03+08:00,1.0471,103.606,C,Cloud to Cloud,2025-12-24T19:49:04.423+08:00
2025-12-25 11:19:32,2025-12-24T19:50:00+08:00,2025-12-24T19:52:03+08:00,1.0526,103.618,C,Cloud to Cloud,2025-12-24T19:49:04.423+08:00
2025-12-25 11:19:32,2025-12-24T19:50:00+08:00,2025-12-24T19:52:03+08:00,1.0405,103.6162,C,Cloud to Cloud,2025-12-24T19:49:04.423+08:00
2025-12-25 11:19:32,2025-12-24T19:50:00+08:00,2025-12-24T19:52:03+08:00,1.0442,103.6218,C,Cloud to Cloud,2025-12-24T19:49:04.423+08:00
2025-12-25 11:19:32,2025-12-24T19:50:00+08:00,2025-12-24T19:52:03+08:00,1.0498,103.628,C,Cloud to Cloud,2025-12-24T19:49:04.424+08:00
2025-12-25 11:19:32,2025-12-24T19:50:00+08:00,2025-12-24T19:52:03+08:00,1.1126,103.665,C,Cloud to Cloud,2025-12-24T19:49:04.424+08:00
2025-12-25 11:19:32,2025-12-24T19:50:00+08:00,2025-12-24T19:52:03+08:00,1.0591,103.6347,C,Cloud to Cloud,2025-12-24T19:49:04.424+08:00
2025-12-25 11:19:32,2025-12-24T19:50:00+08:00,2025-12-24T19:52:03+08:00,1.0201,103.6388,C,Cloud to Cloud,2025-12-24T19:49:04.424+08:00
2025-12-25 11:19:32,2025-12-24T19:50:00+08:00,2025-12-24T19:52:03+08:00,1.0115,103.6298,C,Cloud to Cloud,2025-12-24T19:49:04.424+08:00
2025-12-25 11:19:32,2025-12-24T19:50:00+08:00,2025-12-24T19:52:03+08:00,1.0284,103.6333,C,Cloud to Cloud,2025-12-24T19:49:04.424+08:00
2025-12-25 11:19:32,2025-12-24T19:50:00+08:00,2025-12-24T19:52:03+08:00,1.0583,103.6376,C,Cloud to Cloud,2025-12-24T19:49:04.424+08:00
2025-12-25 11:19:32,2025-12-24T19:50:00+08:00,2025-12-24T19:52:03+08:00,1.0626,103.6445,C,Cloud to Cloud,2025-12-24T19:49:04.425+08:00
2025-12-25 11:19:32,2025-12-24T19:50:00+08:00,2025-12-24T19:52:03+08:00,1.0084,103.6143,C,Cloud to Cloud,2025-12-24T19:49:04.426+08:00
2025-12-25 11:19:32,2025-12-24T19:50:00+08:00,2025-12-24T19:52:03+08:00,1.0331,103.6283,C,Cloud to Cloud,2025-12-24T19:49:04.426+08:00
2025-12-25 11:19:32,2025-12-24T19:50:00+08:00,2025-12-24T19:52:03+08:00,0.9927,103.615,C,Cloud to Cloud,2025-12-24T19:49:04.426+08:00
2025-12-25 11:19:32,2025-12-24T19:50:00+08:00,2025-12-24T19:52:03+08:00,1.0355,103.6405,C,Cloud to Cloud,2025-12-24T19:49:04.428+08:00
2025-12-25 11:19:32,2025-12-24T19:50:00+08:00,2025-12-24T19:52:03+08:00,1.0364,103.6405,C,Cloud to Cloud,2025-12-24T19:49:04.428+08:00
2025-12-25 11:19:32,2025-12-24T19:50:00+08:00,2025-12-24T19:52:03+08:00,1.0229,103.6347,C,Cloud to Cloud,2025-12-24T19:49:04.428+08:00
2025-12-25 11:19:32,2025-12-24T19:50:00+08:00,2025-12-24T19:52:03+08:00,1.0349,103.6382,C,Cloud to Cloud,2025-12-24T19:49:04.428+08:00
2025-12-25 11:19:32,2025-12-24T19:50:00+08:00,2025-12-24T19:52:03+08:00,1.0283,103.6299,C,Cloud to Cloud,2025-12-24T19:49:04.428+08:00
2025-12-25 11:19:32,2025-12-24T19:50:00+08:00,2025-12-24T19:52:03+08:00,1.0361,103.639,C,Cloud to Cloud,2025-12-24T19:49:04.429+08:00
2025-12-25 11:19:32,2025-12-24T19:50:00+08:00,2025-12-24T19:52:03+08:00,1.0375,103.641,C,Cloud to Cloud,2025-12-24T19:49:04.429+08:00
2025-12-25 11:19:32,2025-12-24T19:50:00+08:00,2025-12-24T19:52:03+08:00,1.0335,103.6376,C,Cloud to Cloud,2025-12-24T19:49:04.429+08:00
2025-12-25 11:19:32,2025-12-24T19:50:00+08:00,2025-12-24T19:52:03+08:00,1.0289,103.6319,C,Cloud to Cloud,2025-12-24T19:49:04.429+08:00
2025-12-25 11:19:32,2025-12-24T19:50:00+08:00,2025-12-24T19:52:03+08:00,1.0262,103.6286,C,Cloud to Cloud,2025-12-24T19:49:04.429+08:00
2025-12-25 11:19:32,2025-12-24T19:50:00+08:00,2025-12-24T19:52:03+08:00,1.0362,103.6374,C,Cloud to Cloud,2025-12-24T19:49:04.429+08:00
2025-12-25 11:19:32,2025-12-24T19:50:00+08:00,2025-12-24T19:52:03+08:00,1.0324,103.6335,C,Cloud to Cloud,2025-12-24T19:49:04.43+08:00
2025-12-25 11:19:32,2025-12-24T19:50:00+08:00,2025-12-24T19:52:03+08:00,1.0267,103.6293,C,Cloud to Cloud,2025-12-24T19:49:04.43+08:00
2025-12-25 11:19:32,2025-12-24T19:50:00+08:00,2025-12-24T19:52:03+08:00,1.0209,103.6309,G,Cloud to Ground,2025-12-24T19:49:04.43+08:00
2025-12-25 11:19:32,2025-12-24T19:50:00+08:00,2025-12-24T19:52:03+08:00,1.0441,103.58,C,Cloud to Cloud,2025-12-24T19:49:04.431+08:00
2025-12-25 11:19:32,2025-12-24T19:50:00+08:00,2025-12-24T19:52:03+08:00,1.1328,103.6615,C,Cloud to Cloud,2025-12-24T19:49:04.51+08:00
2025-12-25 11:19:32,2025-12-24T19:50:00+08:00,2025-12-24T19:52:03+08:00,1.0417,103.6173,C,Cloud to Cloud,2025-12-24T19:49:04.511+08:00
2025-12-25 11:19:32,2025-12-24T19:50:00+08:00,2025-12-24T19:52:03+08:00,1.0443,103.6183,C,Cloud to Cloud,2025-12-24T19:49:04.511+08:00
2025-12-25 11:19:32,2025-12-24T19:50:00+08:00,2025-12-24T19:52:03+08:00,1.1262,103.5668,C,Cloud to Cloud,2025-12-24T19:49:04.783+08:00
2025-12-25 11:19:32,2025-12-24T19:50:00+08:00,2025-12-24T19:52:03+08:00,1.058,103.5765,C,Cloud to Cloud,2025-12-24T19:49:04.784+08:00
2025-12-25 11:19:32,2025-12-24T19:50:00+08:00,2025-12-24T19:52:03+08:00,1.0477,103.5795,C,Cloud to Cloud,2025-12-24T19:49:04.784+08:00
2025-12-25 11:19:32,2025-12-24T19:50:00+08:00,2025-12-24T19:52:03+08:00,1.0408,103.5807,C,Cloud to Cloud,2025-12-24T19:49:04.784+08:00
2025-12-25 11:19:32,2025-12-24T19:50:00+08:00,2025-12-24T19:52:03+08:00,1.0085,103.5663,C,Cloud to Cloud,2025-12-24T19:49:50.033+08:00
2025-12-25 11:19:32,2025-12-24T19:50:00+08:00,2025-12-24T19:52:03+08:00,1.001,103.5268,C,Cloud to Cloud,2025-12-24T19:49:50.047+08:00
2025-12-25 11:19:32,2025-12-24T19:50:00+08:00,2025-12-24T19:52:03+08:00,0.9996,103.5356,C,Cloud to Cloud,2025-12-24T19:49:50.115+08:00
2025-12-25 11:19:32,2025-12-24T19:50:00+08:00,2025-12-24T19:52:03+08:00,1.0022,103.5384,C,Cloud to Cloud,2025-12-24T19:49:50.115+08:00
2025-12-25 11:19:32,2025-12-24T19:50:00+08:00,2025-12-24T19:52:03+08:00,1.0393,103.5578,C,Cloud to Cloud,2025-12-24T19:49:50.214+08:00
2025-12-25 11:19:32,2025-12-24T19:50:00+08:00,2025-12-24T19:52:03+08:00,0.9739,103.5567,C,Cloud to Cloud,2025-12-24T19:49:50.233+08:00
2025-12-25 11:19:32,2025-12-24T19:50:00+08:00,2025-12-24T19:52:03+08:00,1.0385,103.6057,C,Cloud to Cloud,2025-12-24T19:49:50.304+08:00
2025-12-25 11:19:32,2025-12-24T19:50:00+08:00,2025-12-24T19:52:03+08:00,1.0463,103.6011,C,Cloud to Cloud,2025-12-24T19:49:50.405+08:00
2025-12-25 11:19:32,2025-12-24T19:50:00+08:00,2025-12-24T19:52:03+08:00,1.0257,103.5495,C,Cloud to Cloud,2025-12-24T19:49:50.431+08:00
2025-12-25 11:19:32,2025-12-24T19:50:00+08:00,2025-12-24T19:52:03+08:00,1.0466,103.5575,C,Cloud to Cloud,2025-12-24T19:49:50.431+08:00
2025-12-25 11:19:32,2025-12-24T19:50:00+08:00,2025-12-24T19:52:03+08:00,1.009,103.5007,C,Cloud to Cloud,2025-12-24T19:49:50.431+08:00
2025-12-25 11:19:32,2025-12-24T19:50:00+08:00,2025-12-24T19:52:03+08:00,1.0428,103.5774,C,Cloud to Cloud,2025-12-24T19:49:50.457+08:00
2025-12-25 11:19:32,2025-12-24T19:50:00+08:00,2025-12-24T19:52:03+08:00,1.1091,103.5597,C,Cloud to Cloud,2025-12-24T19:49:59.043+08:00
2025-12-25 11:19:32,2025-12-24T19:50:00+08:00,2025-12-24T19:52:03+08:00,1.0697,103.534,C,Cloud to Cloud,2025-12-24T19:49:59.258+08:00
2025-12-25 11:19:32,2025-12-24T19:50:00+08:00,2025-12-24T19:52:03+08:00,1.0765,103.5373,C,Cloud to Cloud,2025-12-24T19:49:59.38+08:00
2025-12-25 11:19:33,2025-12-24T19:48:00+08:00,2025-12-24T19:50:03+08:00,1.0191,103.5777,C,Cloud to Cloud,2025-12-24T19:46:07.203+08:00
2025-12-25 11:19:33,2025-12-24T19:48:00+08:00,2025-12-24T19:50:03+08:00,1.0826,103.5714,C,Cloud to Cloud,2025-12-24T19:46:07.209+08:00
2025-12-25 11:19:33,2025-12-24T19:48:00+08:00,2025-12-24T19:50:03+08:00,1.0384,103.556,C,Cloud to Cloud,2025-12-24T19:46:07.209+08:00
2025-12-25 11:19:33,2025-12-24T19:48:00+08:00,2025-12-24T19:50:03+08:00,1.0196,103.5444,C,Cloud to Cloud,2025-12-24T19:46:07.209+08:00
2025-12-25 11:19:33,2025-12-24T19:48:00+08:00,2025-12-24T19:50:03+08:00,1.0149,103.5722,C,Cloud to Cloud,2025-12-24T19:46:07.221+08:00
2025-12-25 11:19:33,2025-12-24T19:48:00+08:00,2025-12-24T19:50:03+08:00,0.9868,103.5509,C,Cloud to Cloud,2025-12-24T19:46:07.221+08:00
2025-12-25 11:19:33,2025-12-24T19:48:00+08:00,2025-12-24T19:50:03+08:00,1.0047,103.5611,C,Cloud to Cloud,2025-12-24T19:46:07.235+08:00
2025-12-25 11:19:33,2025-12-24T19:48:00+08:00,2025-12-24T19:50:03+08:00,1.0047,103.5611,C,Cloud to Cloud,2025-12-24T19:46:07.235+08:00
2025-12-25 11:19:33,2025-12-24T19:48:00+08:00,2025-12-24T19:50:03+08:00,1.0043,103.5569,C,Cloud to Cloud,2025-12-24T19:46:07.249+08:00
2025-12-25 11:19:33,2025-12-24T19:48:00+08:00,2025-12-24T19:50:03+08:00,1.0043,103.5569,C,Cloud to Cloud,2025-12-24T19:46:07.249+08:00
2025-12-25 11:19:33,2025-12-24T19:48:00+08:00,2025-12-24T19:50:03+08:00,1.0136,103.5679,C,Cloud to Cloud,2025-12-24T19:46:07.267+08:00
2025-12-25 11:19:33,2025-12-24T19:48:00+08:00,2025-12-24T19:50:03+08:00,1.031,103.5789,C,Cloud to Cloud,2025-12-24T19:46:07.267+08:00
2025-12-25 11:19:33,2025-12-24T19:48:00+08:00,2025-12-24T19:50:03+08:00,0.9996,103.5639,C,Cloud to Cloud,2025-12-24T19:46:07.302+08:00
2025-12-25 11:19:33,2025-12-24T19:48:00+08:00,2025-12-24T19:50:03+08:00,0.9931,103.557,C,Cloud to Cloud,2025-12-24T19:46:07.302+08:00
2025-12-25 11:19:33,2025-12-24T19:48:00+08:00,2025-12-24T19:50:03+08:00,1.0096,103.571,C,Cloud to Cloud,2025-12-24T19:46:07.302+08:00
2025-12-25 11:19:33,2025-12-24T19:48:00+08:00,2025-12-24T19:50:03+08:00,1.0349,103.6452,C,Cloud to Cloud,2025-12-24T19:46:07.302+08:00
2025-12-25 11:19:33,2025-12-24T19:48:00+08:00,2025-12-24T19:50:03+08:00,0.9985,103.609,C,Cloud to Cloud,2025-12-24T19:46:07.314+08:00
2025-12-25 11:19:33,2025-12-24T19:48:00+08:00,2025-12-24T19:50:03+08:00,0.9998,103.6108,C,Cloud to Cloud,2025-12-24T19:46:07.314+08:00
2025-12-25 11:19:33,2025-12-24T19:48:00+08:00,2025-12-24T19:50:03+08:00,0.9965,103.6088,C,Cloud to Cloud,2025-12-24T19:46:07.318+08:00
2025-12-25 11:19:33,2025-12-24T19:48:00+08:00,2025-12-24T19:50:03+08:00,0.9965,103.6088,C,Cloud to Cloud,2025-12-24T19:46:07.318+08:00
2025-12-25 11:19:33,2025-12-24T19:48:00+08:00,2025-12-24T19:50:03+08:00,0.9941,103.6069,C,Cloud to Cloud,2025-12-24T19:46:07.318+08:00
2025-12-25 11:19:33,2025-12-24T19:48:00+08:00,2025-12-24T19:50:03+08:00,1.0041,103.6169,C,Cloud to Cloud,2025-12-24T19:46:07.318+08:00
2025-12-25 11:19:33,2025-12-24T19:48:00+08:00,2025-12-24T19:50:03+08:00,0.9937,103.6075,C,Cloud to Cloud,2025-12-24T19:46:07.319+08:00
2025-12-25 11:19:33,2025-12-24T19:48:00+08:00,2025-12-24T19:50:03+08:00,1.0014,103.6157,C,Cloud to Cloud,2025-12-24T19:46:07.319+08:00
2025-12-25 11:19:33,2025-12-24T19:48:00+08:00,2025-12-24T19:50:03+08:00,1.0038,103.6191,C,Cloud to Cloud,2025-12-24T19:46:07.319+08:00
2025-12-25 11:19:33,2025-12-24T19:48:00+08:00,2025-12-24T19:50:03+08:00,0.9862,103.5959,C,Cloud to Cloud,2025-12-24T19:46:07.319+08:00
2025-12-25 11:19:33,2025-12-24T19:48:00+08:00,2025-12-24T19:50:03+08:00,1.0095,103.5928,C,Cloud to Cloud,2025-12-24T19:46:07.319+08:00
2025-12-25 11:19:33,2025-12-24T19:48:00+08:00,2025-12-24T19:50:03+08:00,1.0454,103.5882,C,Cloud to Cloud,2025-12-24T19:46:07.319+08:00
2025-12-25 11:19:33,2025-12-24T19:48:00+08:00,2025-12-24T19:50:03+08:00,0.9997,103.6074,C,Cloud to Cloud,2025-12-24T19:46:07.319+08:00
2025-12-25 11:19:33,2025-12-24T19:48:00+08:00,2025-12-24T19:50:03+08:00,0.9933,103.6081,C,Cloud to Cloud,2025-12-24T19:46:07.319+08:00
2025-12-25 11:19:33,2025-12-24T19:48:00+08:00,2025-12-24T19:50:03+08:00,0.9988,103.6126,C,Cloud to Cloud,2025-12-24T19:46:07.319+08:00
2025-12-25 11:19:33,2025-12-24T19:48:00+08:00,2025-12-24T19:50:03+08:00,0.9903,103.6072,C,Cloud to Cloud,2025-12-24T19:46:07.319+08:00
2025-12-25 11:19:33,2025-12-24T19:48:00+08:00,2025-12-24T19:50:03+08:00,0.9878,103.6034,C,Cloud to Cloud,2025-12-24T19:46:07.32+08:00
2025-12-25 11:19:33,2025-12-24T19:48:00+08:00,2025-12-24T19:50:03+08:00,0.9939,103.6092,C,Cloud to Cloud,2025-12-24T19:46:07.32+08:00
2025-12-25 11:19:33,2025-12-24T19:48:00+08:00,2025-12-24T19:50:03+08:00,0.9963,103.6111,C,Cloud to Cloud,2025-12-24T19:46:07.32+08:00
2025-12-25 11:19:33,2025-12-24T19:48:00+08:00,2025-12-24T19:50:03+08:00,0.9909,103.6083,C,Cloud to Cloud,2025-12-24T19:46:07.32+08:00
2025-12-25 11:19:33,2025-12-24T19:48:00+08:00,2025-12-24T19:50:03+08:00,0.9955,103.6123,C,Cloud to Cloud,2025-12-24T19:46:07.32+08:00
2025-12-25 11:19:33,2025-12-24T19:48:00+08:00,2025-12-24T19:50:03+08:00,0.9922,103.606,C,Cloud to Cloud,2025-12-24T19:46:07.32+08:00
2025-12-25 11:19:33,2025-12-24T19:48:00+08:00,2025-12-24T19:50:03+08:00,0.9903,103.6072,C,Cloud to Cloud,2025-12-24T19:46:07.32+08:00
2025-12-25 11:19:33,2025-12-24T19:48:00+08:00,2025-12-24T19:50:03+08:00,0.9896,103.6044,C,Cloud to Cloud,2025-12-24T19:46:07.32+08:00
2025-12-25 11:19:33,2025-12-24T19:48:00+08:00,2025-12-24T19:50:03+08:00,0.9952,103.609,C,Cloud to Cloud,2025-12-24T19:46:07.321+08:00
2025-12-25 11:19:33,2025-12-24T19:48:00+08:00,2025-12-24T19:50:03+08:00,0.9972,103.6115,C,Cloud to Cloud,2025-12-24T19:46:07.321+08:00
2025-12-25 11:19:33,2025-12-24T19:48:00+08:00,2025-12-24T19:50:03+08:00,0.9993,103.6136,C,Cloud to Cloud,2025-12-24T19:46:07.321+08:00
2025-12-25 11:19:33,2025-12-24T19:48:00+08:00,2025-12-24T19:50:03+08:00,0.9984,103.6132,C,Cloud to Cloud,2025-12-24T19:46:07.321+08:00
2025-12-25 11:19:33,2025-12-24T19:48:00+08:00,2025-12-24T19:50:03+08:00,0.9957,103.612,C,Cloud to Cloud,2025-12-24T19:46:07.321+08:00
2025-12-25 11:19:33,2025-12-24T19:48:00+08:00,2025-12-24T19:50:03+08:00,0.997,103.6118,C,Cloud to Cloud,2025-12-24T19:46:07.321+08:00
2025-12-25 11:19:33,2025-12-24T19:48:00+08:00,2025-12-24T19:50:03+08:00,0.9981,103.6119,C,Cloud to Cloud,2025-12-24T19:46:07.321+08:00
2025-12-25 11:19:33,2025-12-24T19:48:00+08:00,2025-12-24T19:50:03+08:00,0.9909,103.6083,C,Cloud to Cloud,2025-12-24T19:46:07.321+08:00
2025-12-25 11:19:33,2025-12-24T19:48:00+08:00,2025-12-24T19:50:03+08:00,0.9955,103.6103,C,Cloud to Cloud,2025-12-24T19:46:07.322+08:00
2025-12-25 11:19:33,2025-12-24T19:48:00+08:00,2025-12-24T19:50:03+08:00,0.9911,103.6079,C,Cloud to Cloud,2025-12-24T19:46:07.322+08:00
2025-12-25 11:19:33,2025-12-24T19:48:00+08:00,2025-12-24T19:50:03+08:00,0.9965,103.6108,C,Cloud to Cloud,2025-12-24T19:46:07.322+08:00
2025-12-25 11:19:33,2025-12-24T19:48:00+08:00,2025-12-24T19:50:03+08:00,0.9984,103.6132,C,Cloud to Cloud,2025-12-24T19:46:07.322+08:00
2025-12-25 11:19:33,2025-12-24T19:48:00+08:00,2025-12-24T19:50:03+08:00,0.9931,103.6085,C,Cloud to Cloud,2025-12-24T19:46:07.322+08:00
2025-12-25 11:19:33,2025-12-24T19:48:00+08:00,2025-12-24T19:50:03+08:00,0.9964,103.6127,C,Cloud to Cloud,2025-12-24T19:46:07.322+08:00
2025-12-25 11:19:33,2025-12-24T19:48:00+08:00,2025-12-24T19:50:03+08:00,0.9914,103.6093,C,Cloud to Cloud,2025-12-24T19:46:07.322+08:00
2025-12-25 11:19:33,2025-12-24T19:48:00+08:00,2025-12-24T19:50:03+08:00,0.9971,103.6134,C,Cloud to Cloud,2025-12-24T19:46:07.323+08:00
2025-12-25 11:19:33,2025-12-24T19:48:00+08:00,2025-12-24T19:50:03+08:00,0.9931,103.6125,C,Cloud to Cloud,2025-12-24T19:46:07.323+08:00
2025-12-25 11:19:33,2025-12-24T19:48:00+08:00,2025-12-24T19:50:03+08:00,0.9909,103.6083,C,Cloud to Cloud,2025-12-24T19:46:07.323+08:00
2025-12-25 11:19:33,2025-12-24T19:48:00+08:00,2025-12-24T19:50:03+08:00,0.9938,103.6112,C,Cloud to Cloud,2025-12-24T19:46:07.323+08:00
2025-12-25 11:19:33,2025-12-24T19:48:00+08:00,2025-12-24T19:50:03+08:00,0.9938,103.6112,C,Cloud to Cloud,2025-12-24T19:46:07.323+08:00
2025-12-25 11:19:33,2025-12-24T19:48:00+08:00,2025-12-24T19:50:03+08:00,0.9891,103.6091,C,Cloud to Cloud,2025-12-24T19:46:07.324+08:00
2025-12-25 11:19:33,2025-12-24T19:48:00+08:00,2025-12-24T19:50:03+08:00,0.9849,103.6039,C,Cloud to Cloud,2025-12-24T19:46:07.324+08:00
2025-12-25 11:19:33,2025-12-24T19:48:00+08:00,2025-12-24T19:50:03+08:00,0.9933,103.6101,C,Cloud to Cloud,2025-12-24T19:46:07.324+08:00
2025-12-25 11:19:33,2025-12-24T19:48:00+08:00,2025-12-24T19:50:03+08:00,0.992,103.6084,C,Cloud to Cloud,2025-12-24T19:46:07.324+08:00
2025-12-25 11:19:33,2025-12-24T19:48:00+08:00,2025-12-24T19:50:03+08:00,0.9721,103.5912,G,Cloud to Ground,2025-12-24T19:46:07.325+08:00
2025-12-25 11:19:33,2025-12-24T19:48:00+08:00,2025-12-24T19:50:03+08:00,1.0075,103.593,C,Cloud to Cloud,2025-12-24T19:46:07.325+08:00
2025-12-25 11:19:33,2025-12-24T19:48:00+08:00,2025-12-24T19:50:03+08:00,1.0289,103.5989,C,Cloud to Cloud,2025-12-24T19:46:07.326+08:00
2025-12-25 11:19:33,2025-12-24T19:48:00+08:00,2025-12-24T19:50:03+08:00,1.0092,103.5857,C,Cloud to Cloud,2025-12-24T19:46:07.326+08:00
2025-12-25 11:19:33,2025-12-24T19:48:00+08:00,2025-12-24T19:50:03+08:00,1.021,103.5689,C,Cloud to Cloud,2025-12-24T19:46:07.326+08:00
2025-12-25 11:19:33,2025-12-24T19:48:00+08:00,2025-12-24T19:50:03+08:00,1.0272,103.5647,C,Cloud to Cloud,2025-12-24T19:46:07.326+08:00
2025-12-25 11:19:33,2025-12-24T19:48:00+08:00,2025-12-24T19:50:03+08:00,1.047,103.5874,C,Cloud to Cloud,2025-12-24T19:46:07.354+08:00
2025-12-25 11:19:33,2025-12-24T19:48:00+08:00,2025-12-24T19:50:03+08:00,0.9897,103.5443,C,Cloud to Cloud,2025-12-24T19:46:07.363+08:00
2025-12-25 11:19:33,2025-12-24T19:48:00+08:00,2025-12-24T19:50:03+08:00,0.9897,103.5443,C,Cloud to Cloud,2025-12-24T19:46:07.363+08:00
2025-12-25 11:19:33,2025-12-24T19:48:00+08:00,2025-12-24T19:50:03+08:00,1.0417,103.5757,C,Cloud to Cloud,2025-12-24T19:46:07.406+08:00
2025-12-25 11:19:33,2025-12-24T19:48:00+08:00,2025-12-24T19:50:03+08:00,1.0178,103.5706,C,Cloud to Cloud,2025-12-24T19:46:07.406+08:00
2025-12-25 11:19:33,2025-12-24T19:48:00+08:00,2025-12-24T19:50:03+08:00,1.0469,103.6101,C,Cloud to Cloud,2025-12-24T19:46:07.406+08:00
2025-12-25 11:19:33,2025-12-24T19:48:00+08:00,2025-12-24T19:50:03+08:00,1.089,103.6425,C,Cloud to Cloud,2025-12-24T19:46:07.406+08:00
2025-12-25 11:19:33,2025-12-24T19:48:00+08:00,2025-12-24T19:50:03+08:00,1.0071,103.5878,C,Cloud to Cloud,2025-12-24T19:46:07.406+08:00
2025-12-25 11:19:33,2025-12-24T19:48:00+08:00,2025-12-24T19:50:03+08:00,1.0307,103.6166,C,Cloud to Cloud,2025-12-24T19:46:07.407+08:00
2025-12-25 11:19:33,2025-12-24T19:48:00+08:00,2025-12-24T19:50:03+08:00,1.0103,103.5998,C,Cloud to Cloud,2025-12-24T19:46:07.407+08:00
2025-12-25 11:19:33,2025-12-24T19:48:00+08:00,2025-12-24T19:50:03+08:00,0.9893,103.5878,C,Cloud to Cloud,2025-12-24T19:46:07.407+08:00
2025-12-25 11:19:33,2025-12-24T19:48:00+08:00,2025-12-24T19:50:03+08:00,1.0127,103.6158,C,Cloud to Cloud,2025-12-24T19:46:07.407+08:00
2025-12-25 11:19:33,2025-12-24T19:48:00+08:00,2025-12-24T19:50:03+08:00,1.016,103.6197,C,Cloud to Cloud,2025-12-24T19:46:07.407+08:00
2025-12-25 11:19:33,2025-12-24T19:48:00+08:00,2025-12-24T19:50:03+08:00,1.0596,103.532,C,Cloud to Cloud,2025-12-24T19:46:07.435+08:00
2025-12-25 11:19:33,2025-12-24T19:48:00+08:00,2025-12-24T19:50:03+08:00,1.0508,103.5903,C,Cloud to Cloud,2025-12-24T19:46:07.451+08:00
2025-12-25 11:19:33,2025-12-24T19:48:00+08:00,2025-12-24T19:50:03+08:00,1.0239,103.6405,C,Cloud to Cloud,2025-12-24T19:46:07.454+08:00
2025-12-25 11:19:33,2025-12-24T19:48:00+08:00,2025-12-24T19:50:03+08:00,1.0266,103.6436,C,Cloud to Cloud,2025-12-24T19:46:07.454+08:00
2025-12-25 11:19:33,2025-12-24T19:48:00+08:00,2025-12-24T19:50:03+08:00,0.973,103.5894,G,Cloud to Ground,2025-12-24T19:46:07.457+08:00
2025-12-25 11:19:33,2025-12-24T19:48:00+08:00,2025-12-24T19:50:03+08:00,1.0152,103.6167,C,Cloud to Cloud,2025-12-24T19:46:07.46+08:00
2025-12-25 11:19:33,2025-12-24T19:48:00+08:00,2025-12-24T19:50:03+08:00,1.0687,103.6073,C,Cloud to Cloud,2025-12-24T19:46:07.573+08:00
2025-12-25 11:19:33,2025-12-24T19:48:00+08:00,2025-12-24T19:50:03+08:00,1.0528,103.5745,C,Cloud to Cloud,2025-12-24T19:46:07.573+08:00
2025-12-25 11:19:33,2025-12-24T19:48:00+08:00,2025-12-24T19:50:03+08:00,1.0236,103.5829,C,Cloud to Cloud,2025-12-24T19:46:07.573+08:00
2025-12-25 11:19:33,2025-12-24T19:48:00+08:00,2025-12-24T19:50:03+08:00,1.0181,103.5925,C,Cloud to Cloud,2025-12-24T19:46:07.573+08:00
2025-12-25 11:19:33,2025-12-24T19:48:00+08:00,2025-12-24T19:50:03+08:00,1.0224,103.6078,C,Cloud to Cloud,2025-12-24T19:46:07.574+08:00
2025-12-25 11:19:33,2025-12-24T19:48:00+08:00,2025-12-24T19:50:03+08:00,1.0018,103.6025,C,Cloud to Cloud,2025-12-24T19:46:07.574+08:00
2025-12-25 11:19:33,2025-12-24T19:48:00+08:00,2025-12-24T19:50:03+08:00,1.0122,103.6117,C,Cloud to Cloud,2025-12-24T19:46:07.574+08:00
2025-12-25 11:19:33,2025-12-24T19:48:00+08:00,2025-12-24T19:50:03+08:00,0.9916,103.5933,C,Cloud to Cloud,2025-12-24T19:46:07.574+08:00
2025-12-25 11:19:33,2025-12-24T19:48:00+08:00,2025-12-24T19:50:03+08:00,1.0015,103.6026,C,Cloud to Cloud,2025-12-24T19:46:07.574+08:00
2025-12-25 11:19:33,2025-12-24T19:48:00+08:00,2025-12-24T19:50:03+08:00,1.0046,103.6085,C,Cloud to Cloud,2025-12-24T19:46:07.574+08:00
2025-12-25 11:19:33,2025-12-24T19:48:00+08:00,2025-12-24T19:50:03+08:00,0.9722,103.5914,G,Cloud to Ground,2025-12-24T19:46:07.574+08:00
2025-12-25 11:19:33,2025-12-24T19:48:00+08:00,2025-12-24T19:50:03+08:00,0.9645,103.5816,G,Cloud to Ground,2025-12-24T19:46:07.647+08:00
2025-12-25 11:19:33,2025-12-24T19:48:00+08:00,2025-12-24T19:50:03+08:00,1.005,103.5623,C,Cloud to Cloud,2025-12-24T19:47:42.379+08:00
2025-12-25 11:19:33,2025-12-24T19:48:00+08:00,2025-12-24T19:50:03+08:00,1.0001,103.5563,C,Cloud to Cloud,2025-12-24T19:47:42.644+08:00
2025-12-25 11:19:33,2025-12-24T19:48:00+08:00,2025-12-24T19:50:03+08:00,1.0001,103.5563,C,Cloud to Cloud,2025-12-24T19:47:42.644+08:00
2025-12-25 11:19:33,2025-12-24T19:48:00+08:00,2025-12-24T19:50:03+08:00,0.9924,103.5418,C,Cloud to Cloud,2025-12-24T19:47:42.667+08:00
2025-12-25 11:19:33,2025-12-24T19:48:00+08:00,2025-12-24T19:50:03+08:00,0.9924,103.5418,C,Cloud to Cloud,2025-12-24T19:47:42.667+08:00
2025-12-25 11:19:33,2025-12-24T19:48:00+08:00,2025-12-24T19:50:03+08:00,1.0385,103.5951,C,Cloud to Cloud,2025-12-24T19:47:42.68+08:00
2025-12-25 11:19:33,2025-12-24T19:48:00+08:00,2025-12-24T19:50:03+08:00,1.0175,103.5704,C,Cloud to Cloud,2025-12-24T19:47:42.681+08:00
2025-12-25 11:19:33,2025-12-24T19:48:00+08:00,2025-12-24T19:50:03+08:00,1.0192,103.5686,C,Cloud to Cloud,2025-12-24T19:47:42.681+08:00
2025-12-25 11:19:33,2025-12-24T19:48:00+08:00,2025-12-24T19:50:03+08:00,1.055,103.5727,C,Cloud to Cloud,2025-12-24T19:47:42.698+08:00
2025-12-25 11:19:33,2025-12-24T19:48:00+08:00,2025-12-24T19:50:03+08:00,1.0542,103.5623,C,Cloud to Cloud,2025-12-24T19:47:42.698+08:00
2025-12-25 11:19:33,2025-12-24T19:48:00+08:00,2025-12-24T19:50:03+08:00,1.028,103.5835,C,Cloud to Cloud,2025-12-24T19:47:42.73+08:00
2025-12-25 11:19:33,2025-12-24T19:48:00+08:00,2025-12-24T19:50:03+08:00,1.0103,103.5651,C,Cloud to Cloud,2025-12-24T19:47:42.731+08:00
2025-12-25 11:19:33,2025-12-24T19:48:00+08:00,2025-12-24T19:50:03+08:00,0.9894,103.5474,C,Cloud to Cloud,2025-12-24T19:47:42.731+08:00
2025-12-25 11:19:33,2025-12-24T19:48:00+08:00,2025-12-24T19:50:03+08:00,1.0276,103.5615,C,Cloud to Cloud,2025-12-24T19:47:42.801+08:00
2025-12-25 11:19:33,2025-12-24T19:48:00+08:00,2025-12-24T19:50:03+08:00,1.0503,103.5638,C,Cloud to Cloud,2025-12-24T19:47:42.801+08:00
2025-12-25 11:19:33,2025-12-24T19:48:00+08:00,2025-12-24T19:50:03+08:00,1.038,103.5713,C,Cloud to Cloud,2025-12-24T19:47:42.808+08:00
2025-12-25 11:19:33,2025-12-24T19:48:00+08:00,2025-12-24T19:50:03+08:00,1.0444,103.6175,C,Cloud to Cloud,2025-12-24T19:47:42.925+08:00
2025-12-25 11:19:33,2025-12-24T19:48:00+08:00,2025-12-24T19:50:03+08:00,1.0328,103.5621,C,Cloud to Cloud,2025-12-24T19:47:42.926+08:00
2025-12-25 11:19:33,2025-12-24T19:48:00+08:00,2025-12-24T19:50:03+08:00,1.0408,103.549,C,Cloud to Cloud,2025-12-24T19:47:42.926+08:00
2025-12-25 11:19:33,2025-12-24T19:46:00+08:00,2025-12-24T19:48:03+08:00,1.0082,103.5309,C,Cloud to Cloud,2025-12-24T19:44:20.596+08:00
2025-12-25 11:19:33,2025-12-24T19:46:00+08:00,2025-12-24T19:48:03+08:00,1.0541,103.5405,C,Cloud to Cloud,2025-12-24T19:44:20.596+08:00
2025-12-25 11:19:33,2025-12-24T19:46:00+08:00,2025-12-24T19:48:03+08:00,1.032,103.5602,C,Cloud to Cloud,2025-12-24T19:44:20.596+08:00
2025-12-25 11:19:33,2025-12-24T19:46:00+08:00,2025-12-24T19:48:03+08:00,1.0094,103.5346,C,Cloud to Cloud,2025-12-24T19:44:20.596+08:00
2025-12-25 11:19:33,2025-12-24T19:46:00+08:00,2025-12-24T19:48:03+08:00,1.0602,103.5412,C,Cloud to Cloud,2025-12-24T19:44:20.596+08:00
2025-12-25 11:19:33,2025-12-24T19:46:00+08:00,2025-12-24T19:48:03+08:00,1.0263,103.5882,C,Cloud to Cloud,2025-12-24T19:44:20.615+08:00
2025-12-25 11:19:33,2025-12-24T19:46:00+08:00,2025-12-24T19:48:03+08:00,1.0827,103.6044,C,Cloud to Cloud,2025-12-24T19:44:20.823+08:00
2025-12-25 11:19:33,2025-12-24T19:46:00+08:00,2025-12-24T19:48:03+08:00,1.0296,103.5736,C,Cloud to Cloud,2025-12-24T19:44:20.851+08:00
2025-12-25 11:19:33,2025-12-24T19:46:00+08:00,2025-12-24T19:48:03+08:00,1.0577,103.5874,C,Cloud to Cloud,2025-12-24T19:44:20.851+08:00
2025-12-25 11:19:33,2025-12-24T19:46:00+08:00,2025-12-24T19:48:03+08:00,1.054,103.5688,C,Cloud to Cloud,2025-12-24T19:44:20.87+08:00
2025-12-25 11:19:33,2025-12-24T19:46:00+08:00,2025-12-24T19:48:03+08:00,1.0164,103.5253,C,Cloud to Cloud,2025-12-24T19:44:20.87+08:00
2025-12-25 11:19:33,2025-12-24T19:46:00+08:00,2025-12-24T19:48:03+08:00,0.9704,103.5337,C,Cloud to Cloud,2025-12-24T19:44:20.87+08:00
2025-12-25 11:19:33,2025-12-24T19:46:00+08:00,2025-12-24T19:48:03+08:00,1.0164,103.5253,C,Cloud to Cloud,2025-12-24T19:44:20.87+08:00
2025-12-25 11:19:33,2025-12-24T19:46:00+08:00,2025-12-24T19:48:03+08:00,1.0564,103.5744,C,Cloud to Cloud,2025-12-24T19:45:01.581+08:00
2025-12-25 11:19:33,2025-12-24T19:46:00+08:00,2025-12-24T19:48:03+08:00,1.0601,103.579,C,Cloud to Cloud,2025-12-24T19:45:01.582+08:00
2025-12-25 11:19:33,2025-12-24T19:46:00+08:00,2025-12-24T19:48:03+08:00,1.0658,103.5363,C,Cloud to Cloud,2025-12-24T19:45:01.582+08:00
2025-12-25 11:19:33,2025-12-24T19:46:00+08:00,2025-12-24T19:48:03+08:00,1.0594,103.577,C,Cloud to Cloud,2025-12-24T19:45:01.582+08:00
2025-12-25 11:19:33,2025-12-24T19:46:00+08:00,2025-12-24T19:48:03+08:00,1.0995,103.5993,C,Cloud to Cloud,2025-12-24T19:45:01.585+08:00
2025-12-25 11:19:33,2025-12-24T19:46:00+08:00,2025-12-24T19:48:03+08:00,1.0707,103.5714,C,Cloud to Cloud,2025-12-24T19:45:01.585+08:00
2025-12-25 11:19:33,2025-12-24T19:46:00+08:00,2025-12-24T19:48:03+08:00,1.0688,103.5787,C,Cloud to Cloud,2025-12-24T19:45:01.585+08:00
2025-12-25 11:19:33,2025-12-24T19:46:00+08:00,2025-12-24T19:48:03+08:00,1.1324,103.6067,C,Cloud to Cloud,2025-12-24T19:45:01.585+08:00
2025-12-25 11:19:33,2025-12-24T19:46:00+08:00,2025-12-24T19:48:03+08:00,1.0615,103.5741,C,Cloud to Cloud,2025-12-24T19:45:01.586+08:00
2025-12-25 11:19:33,2025-12-24T19:46:00+08:00,2025-12-24T19:48:03+08:00,1.0602,103.553,C,Cloud to Cloud,2025-12-24T19:45:01.782+08:00
2025-12-25 11:19:33,2025-12-24T19:46:00+08:00,2025-12-24T19:48:03+08:00,1.028,103.5496,C,Cloud to Cloud,2025-12-24T19:45:01.913+08:00
2025-12-25 11:19:33,2025-12-24T19:46:00+08:00,2025-12-24T19:48:03+08:00,1.1123,103.621,C,Cloud to Cloud,2025-12-24T19:45:01.959+08:00
2025-12-25 11:19:33,2025-12-24T19:46:00+08:00,2025-12-24T19:48:03+08:00,1.09,103.5884,C,Cloud to Cloud,2025-12-24T19:45:01.97+08:00
2025-12-25 11:19:33,2025-12-24T19:46:00+08:00,2025-12-24T19:48:03+08:00,1.1223,103.6243,C,Cloud to Cloud,2025-12-24T19:45:01.97+08:00
2025-12-25 11:19:33,2025-12-24T19:46:00+08:00,2025-12-24T19:48:03+08:00,1.075,103.5648,C,Cloud to Cloud,2025-12-24T19:45:02.005+08:00
2025-12-25 11:19:33,2025-12-24T19:46:00+08:00,2025-12-24T19:48:03+08:00,0.9958,103.5509,C,Cloud to Cloud,2025-12-24T19:45:03.262+08:00
2025-12-25 11:19:33,2025-12-24T19:46:00+08:00,2025-12-24T19:48:03+08:00,0.9958,103.5509,C,Cloud to Cloud,2025-12-24T19:45:03.262+08:00
2025-12-25 11:19:33,2025-12-24T19:46:00+08:00,2025-12-24T19:48:03+08:00,1.0126,103.5667,C,Cloud to Cloud,2025-12-24T19:45:03.304+08:00
2025-12-25 11:19:33,2025-12-24T19:44:00+08:00,2025-12-24T19:46:02+08:00,1.0194,103.5421,C,Cloud to Cloud,2025-12-24T19:42:01.974+08:00
2025-12-25 11:19:33,2025-12-24T19:44:00+08:00,2025-12-24T19:46:02+08:00,1.0194,103.5421,C,Cloud to Cloud,2025-12-24T19:42:01.974+08:00
2025-12-25 11:19:33,2025-12-24T19:44:00+08:00,2025-12-24T19:46:02+08:00,1.0679,103.5575,C,Cloud to Cloud,2025-12-24T19:42:46.007+08:00
2025-12-25 11:19:33,2025-12-24T19:44:00+08:00,2025-12-24T19:46:02+08:00,1.0663,103.5442,C,Cloud to Cloud,2025-12-24T19:42:46.007+08:00
2025-12-25 11:19:33,2025-12-24T19:44:00+08:00,2025-12-24T19:46:02+08:00,1.0399,103.5482,C,Cloud to Cloud,2025-12-24T19:42:46.007+08:00
2025-12-25 11:19:33,2025-12-24T19:44:00+08:00,2025-12-24T19:46:02+08:00,1.0659,103.544,C,Cloud to Cloud,2025-12-24T19:42:46.007+08:00
2025-12-25 11:19:33,2025-12-24T19:44:00+08:00,2025-12-24T19:46:02+08:00,1.0561,103.5304,C,Cloud to Cloud,2025-12-24T19:42:46.015+08:00
2025-12-25 11:19:33,2025-12-24T19:44:00+08:00,2025-12-24T19:46:02+08:00,1.033,103.5815,C,Cloud to Cloud,2025-12-24T19:42:46.272+08:00
2025-12-25 11:19:33,2025-12-24T19:44:00+08:00,2025-12-24T19:46:02+08:00,1.0874,103.5623,C,Cloud to Cloud,2025-12-24T19:42:46.326+08:00
2025-12-25 11:19:33,2025-12-24T19:44:00+08:00,2025-12-24T19:46:02+08:00,1.0805,103.5437,C,Cloud to Cloud,2025-12-24T19:42:46.326+08:00
2025-12-25 11:19:33,2025-12-24T19:44:00+08:00,2025-12-24T19:46:02+08:00,1.0896,103.5695,C,Cloud to Cloud,2025-12-24T19:42:46.353+08:00
2025-12-25 11:19:33,2025-12-24T19:44:00+08:00,2025-12-24T19:46:02+08:00,1.1056,103.5827,C,Cloud to Cloud,2025-12-24T19:42:46.41+08:00
2025-12-25 11:19:33,2025-12-24T19:44:00+08:00,2025-12-24T19:46:02+08:00,1.1031,103.5729,C,Cloud to Cloud,2025-12-24T19:42:46.411+08:00
2025-12-25 11:19:33,2025-12-24T19:44:00+08:00,2025-12-24T19:46:02+08:00,1.0607,103.5352,C,Cloud to Cloud,2025-12-24T19:42:46.453+08:00
2025-12-25 11:19:33,2025-12-24T19:44:00+08:00,2025-12-24T19:46:02+08:00,1.0598,103.5347,C,Cloud to Cloud,2025-12-24T19:42:46.453+08:00
2025-12-25 11:19:33,2025-12-24T19:44:00+08:00,2025-12-24T19:46:02+08:00,1.0882,103.5693,C,Cloud to Cloud,2025-12-24T19:42:46.454+08:00
2025-12-25 11:19:33,2025-12-24T19:44:00+08:00,2025-12-24T19:46:02+08:00,1.0771,103.5963,C,Cloud to Cloud,2025-12-24T19:43:13.094+08:00
2025-12-25 11:19:33,2025-12-24T19:44:00+08:00,2025-12-24T19:46:02+08:00,1.0859,103.5964,C,Cloud to Cloud,2025-12-24T19:43:13.249+08:00
2025-12-25 11:19:33,2025-12-24T19:44:00+08:00,2025-12-24T19:46:02+08:00,1.0763,103.5847,C,Cloud to Cloud,2025-12-24T19:43:13.249+08:00
2025-12-25 11:19:33,2025-12-24T19:44:00+08:00,2025-12-24T19:46:02+08:00,1.0885,103.595,C,Cloud to Cloud,2025-12-24T19:43:13.249+08:00
2025-12-25 11:19:33,2025-12-24T19:44:00+08:00,2025-12-24T19:46:02+08:00,1.0806,103.5869,C,Cloud to Cloud,2025-12-24T19:43:13.318+08:00
2025-12-25 11:19:33,2025-12-24T19:44:00+08:00,2025-12-24T19:46:02+08:00,1.1922,103.6407,C,Cloud to Cloud,2025-12-24T19:43:13.319+08:00
2025-12-25 11:19:33,2025-12-24T19:44:00+08:00,2025-12-24T19:46:02+08:00,1.0837,103.5773,C,Cloud to Cloud,2025-12-24T19:43:13.355+08:00
2025-12-25 11:19:33,2025-12-24T19:44:00+08:00,2025-12-24T19:46:02+08:00,1.1046,103.5925,C,Cloud to Cloud,2025-12-24T19:43:13.356+08:00
2025-12-25 11:19:33,2025-12-24T19:44:00+08:00,2025-12-24T19:46:02+08:00,1.0593,103.5664,C,Cloud to Cloud,2025-12-24T19:43:13.405+08:00
2025-12-25 11:19:33,2025-12-24T19:44:00+08:00,2025-12-24T19:46:02+08:00,1.1626,103.6689,C,Cloud to Cloud,2025-12-24T19:43:13.405+08:00
2025-12-25 11:19:33,2025-12-24T19:44:00+08:00,2025-12-24T19:46:02+08:00,1.0923,103.569,C,Cloud to Cloud,2025-12-24T19:43:13.441+08:00
2025-12-25 11:19:33,2025-12-24T19:44:00+08:00,2025-12-24T19:46:02+08:00,1.0878,103.6028,C,Cloud to Cloud,2025-12-24T19:43:13.441+08:00
2025-12-25 11:19:33,2025-12-24T19:44:00+08:00,2025-12-24T19:46:02+08:00,1.0509,103.576,C,Cloud to Cloud,2025-12-24T19:43:40.536+08:00
2025-12-25 11:19:33,2025-12-24T19:44:00+08:00,2025-12-24T19:46:02+08:00,1.0753,103.6108,C,Cloud to Cloud,2025-12-24T19:43:40.536+08:00
2025-12-25 11:19:33,2025-12-24T19:44:00+08:00,2025-12-24T19:46:02+08:00,1.0759,103.5996,C,Cloud to Cloud,2025-12-24T19:43:40.536+08:00
2025-12-25 11:19:33,2025-12-24T19:44:00+08:00,2025-12-24T19:46:02+08:00,1.0723,103.6045,C,Cloud to Cloud,2025-12-24T19:43:40.536+08:00
2025-12-25 11:19:33,2025-12-24T19:44:00+08:00,2025-12-24T19:46:02+08:00,1.0767,103.6062,C,Cloud to Cloud,2025-12-24T19:43:40.537+08:00
2025-12-25 11:19:33,2025-12-24T19:44:00+08:00,2025-12-24T19:46:02+08:00,1.0571,103.5939,C,Cloud to Cloud,2025-12-24T19:43:40.537+08:00
2025-12-25 11:19:33,2025-12-24T19:44:00+08:00,2025-12-24T19:46:02+08:00,1.0524,103.5869,C,Cloud to Cloud,2025-12-24T19:43:40.538+08:00
2025-12-25 11:19:33,2025-12-24T19:44:00+08:00,2025-12-24T19:46:02+08:00,1.0557,103.5921,C,Cloud to Cloud,2025-12-24T19:43:40.538+08:00
2025-12-25 11:19:33,2025-12-24T19:44:00+08:00,2025-12-24T19:46:02+08:00,1.0618,103.6046,C,Cloud to Cloud,2025-12-24T19:43:40.538+08:00
2025-12-25 11:19:33,2025-12-24T19:44:00+08:00,2025-12-24T19:46:02+08:00,1.0635,103.6047,C,Cloud to Cloud,2025-12-24T19:43:40.538+08:00
2025-12-25 11:19:33,2025-12-24T19:44:00+08:00,2025-12-24T19:46:02+08:00,1.0534,103.5929,C,Cloud to Cloud,2025-12-24T19:43:40.538+08:00
2025-12-25 11:19:33,2025-12-24T19:44:00+08:00,2025-12-24T19:46:02+08:00,1.0494,103.5867,C,Cloud to Cloud,2025-12-24T19:43:40.538+08:00
2025-12-25 11:19:33,2025-12-24T19:44:00+08:00,2025-12-24T19:46:02+08:00,1.0535,103.5918,C,Cloud to Cloud,2025-12-24T19:43:40.538+08:00
2025-12-25 11:19:33,2025-12-24T19:44:00+08:00,2025-12-24T19:46:02+08:00,1.0496,103.5891,C,Cloud to Cloud,2025-12-24T19:43:40.538+08:00
2025-12-25 11:19:33,2025-12-24T19:44:00+08:00,2025-12-24T19:46:02+08:00,1.0494,103.5877,C,Cloud to Cloud,2025-12-24T19:43:40.538+08:00
2025-12-25 11:19:33,2025-12-24T19:44:00+08:00,2025-12-24T19:46:02+08:00,1.0544,103.5935,C,Cloud to Cloud,2025-12-24T19:43:40.538+08:00
2025-12-25 11:19:33,2025-12-24T19:44:00+08:00,2025-12-24T19:46:02+08:00,1.0501,103.5915,C,Cloud to Cloud,2025-12-24T19:43:40.539+08:00
2025-12-25 11:19:33,2025-12-24T19:44:00+08:00,2025-12-24T19:46:02+08:00,1.049,103.5879,C,Cloud to Cloud,2025-12-24T19:43:40.539+08:00
2025-12-25 11:19:33,2025-12-24T19:44:00+08:00,2025-12-24T19:46:02+08:00,1.06,103.6023,C,Cloud to Cloud,2025-12-24T19:43:40.539+08:00
2025-12-25 11:19:33,2025-12-24T19:44:00+08:00,2025-12-24T19:46:02+08:00,1.0476,103.5901,C,Cloud to Cloud,2025-12-24T19:43:40.539+08:00
2025-12-25 11:19:33,2025-12-24T19:44:00+08:00,2025-12-24T19:46:02+08:00,1.0525,103.5929,C,Cloud to Cloud,2025-12-24T19:43:40.539+08:00
2025-12-25 11:19:33,2025-12-24T19:44:00+08:00,2025-12-24T19:46:02+08:00,1.0535,103.5942,C,Cloud to Cloud,2025-12-24T19:43:40.539+08:00
2025-12-25 11:19:33,2025-12-24T19:44:00+08:00,2025-12-24T19:46:02+08:00,1.0609,103.6032,C,Cloud to Cloud,2025-12-24T19:43:40.539+08:00
2025-12-25 11:19:33,2025-12-24T19:44:00+08:00,2025-12-24T19:46:02+08:00,1.0465,103.5867,C,Cloud to Cloud,2025-12-24T19:43:40.539+08:00
2025-12-25 11:19:33,2025-12-24T19:44:00+08:00,2025-12-24T19:46:02+08:00,1.0508,103.5927,C,Cloud to Cloud,2025-12-24T19:43:40.539+08:00
2025-12-25 11:19:33,2025-12-24T19:44:00+08:00,2025-12-24T19:46:02+08:00,1.0473,103.5863,C,Cloud to Cloud,2025-12-24T19:43:40.539+08:00
2025-12-25 11:19:33,2025-12-24T19:44:00+08:00,2025-12-24T19:46:02+08:00,1.0559,103.5976,C,Cloud to Cloud,2025-12-24T19:43:40.54+08:00
2025-12-25 11:19:33,2025-12-24T19:44:00+08:00,2025-12-24T19:46:02+08:00,1.0517,103.5916,C,Cloud to Cloud,2025-12-24T19:43:40.54+08:00
2025-12-25 11:19:33,2025-12-24T19:44:00+08:00,2025-12-24T19:46:02+08:00,1.0489,103.5895,C,Cloud to Cloud,2025-12-24T19:43:40.54+08:00
2025-12-25 11:19:33,2025-12-24T19:44:00+08:00,2025-12-24T19:46:02+08:00,1.0526,103.5943,C,Cloud to Cloud,2025-12-24T19:43:40.54+08:00
2025-12-25 11:19:33,2025-12-24T19:44:00+08:00,2025-12-24T19:46:02+08:00,1.0599,103.6011,C,Cloud to Cloud,2025-12-24T19:43:40.54+08:00
2025-12-25 11:19:33,2025-12-24T19:44:00+08:00,2025-12-24T19:46:02+08:00,1.0557,103.599,C,Cloud to Cloud,2025-12-24T19:43:40.54+08:00
2025-12-25 11:19:33,2025-12-24T19:44:00+08:00,2025-12-24T19:46:02+08:00,1.0545,103.5953,C,Cloud to Cloud,2025-12-24T19:43:40.54+08:00
2025-12-25 11:19:33,2025-12-24T19:44:00+08:00,2025-12-24T19:46:02+08:00,1.0486,103.5894,C,Cloud to Cloud,2025-12-24T19:43:40.54+08:00
2025-12-25 11:19:33,2025-12-24T19:44:00+08:00,2025-12-24T19:46:02+08:00,1.0519,103.5925,C,Cloud to Cloud,2025-12-24T19:43:40.54+08:00
2025-12-25 11:19:33,2025-12-24T19:44:00+08:00,2025-12-24T19:46:02+08:00,1.0544,103.5943,C,Cloud to Cloud,2025-12-24T19:43:40.54+08:00
2025-12-25 11:19:33,2025-12-24T19:44:00+08:00,2025-12-24T19:46:02+08:00,1.0507,103.5895,C,Cloud to Cloud,2025-12-24T19:43:40.541+08:00
2025-12-25 11:19:33,2025-12-24T19:44:00+08:00,2025-12-24T19:46:02+08:00,1.0509,103.5926,C,Cloud to Cloud,2025-12-24T19:43:40.541+08:00
2025-12-25 11:19:33,2025-12-24T19:44:00+08:00,2025-12-24T19:46:02+08:00,1.042,103.5821,C,Cloud to Cloud,2025-12-24T19:43:40.541+08:00
2025-12-25 11:19:33,2025-12-24T19:44:00+08:00,2025-12-24T19:46:02+08:00,1.0454,103.5846,C,Cloud to Cloud,2025-12-24T19:43:40.541+08:00
2025-12-25 11:19:33,2025-12-24T19:44:00+08:00,2025-12-24T19:46:02+08:00,1.0449,103.5845,C,Cloud to Cloud,2025-12-24T19:43:40.541+08:00
2025-12-25 11:19:33,2025-12-24T19:44:00+08:00,2025-12-24T19:46:02+08:00,1.0383,103.5755,C,Cloud to Cloud,2025-12-24T19:43:40.541+08:00
2025-12-25 11:19:33,2025-12-24T19:44:00+08:00,2025-12-24T19:46:02+08:00,1.0504,103.5912,C,Cloud to Cloud,2025-12-24T19:43:40.541+08:00
2025-12-25 11:19:33,2025-12-24T19:44:00+08:00,2025-12-24T19:46:02+08:00,1.0495,103.5887,C,Cloud to Cloud,2025-12-24T19:43:40.541+08:00
2025-12-25 11:19:33,2025-12-24T19:44:00+08:00,2025-12-24T19:46:02+08:00,1.0475,103.5859,C,Cloud to Cloud,2025-12-24T19:43:40.541+08:00
2025-12-25 11:19:33,2025-12-24T19:44:00+08:00,2025-12-24T19:46:02+08:00,1.0485,103.5889,C,Cloud to Cloud,2025-12-24T19:43:40.541+08:00
2025-12-25 11:19:33,2025-12-24T19:44:00+08:00,2025-12-24T19:46:02+08:00,1.0425,103.5795,C,Cloud to Cloud,2025-12-24T19:43:40.542+08:00
2025-12-25 11:19:33,2025-12-24T19:44:00+08:00,2025-12-24T19:46:02+08:00,1.0459,103.5849,C,Cloud to Cloud,2025-12-24T19:43:40.542+08:00
2025-12-25 11:19:33,2025-12-24T19:44:00+08:00,2025-12-24T19:46:02+08:00,1.0452,103.5838,C,Cloud to Cloud,2025-12-24T19:43:40.542+08:00
2025-12-25 11:19:33,2025-12-24T19:44:00+08:00,2025-12-24T19:46:02+08:00,1.0419,103.5805,C,Cloud to Cloud,2025-12-24T19:43:40.542+08:00
2025-12-25 11:19:33,2025-12-24T19:44:00+08:00,2025-12-24T19:46:02+08:00,1.0522,103.5884,C,Cloud to Cloud,2025-12-24T19:43:40.542+08:00
2025-12-25 11:19:33,2025-12-24T19:44:00+08:00,2025-12-24T19:46:02+08:00,1.0468,103.5854,C,Cloud to Cloud,2025-12-24T19:43:40.542+08:00
2025-12-25 11:19:33,2025-12-24T19:44:00+08:00,2025-12-24T19:46:02+08:00,1.0433,103.5835,C,Cloud to Cloud,2025-12-24T19:43:40.542+08:00
2025-12-25 11:19:33,2025-12-24T19:44:00+08:00,2025-12-24T19:46:02+08:00,1.0466,103.5863,C,Cloud to Cloud,2025-12-24T19:43:40.542+08:00
2025-12-25 11:19:33,2025-12-24T19:44:00+08:00,2025-12-24T19:46:02+08:00,1.046,103.5829,C,Cloud to Cloud,2025-12-24T19:43:40.542+08:00
2025-12-25 11:19:33,2025-12-24T19:44:00+08:00,2025-12-24T19:46:02+08:00,1.0449,103.583,C,Cloud to Cloud,2025-12-24T19:43:40.542+08:00
2025-12-25 11:19:33,2025-12-24T19:44:00+08:00,2025-12-24T19:46:02+08:00,1.0357,103.5704,C,Cloud to Cloud,2025-12-24T19:43:40.543+08:00
2025-12-25 11:19:33,2025-12-24T19:44:00+08:00,2025-12-24T19:46:02+08:00,1.0425,103.5818,C,Cloud to Cloud,2025-12-24T19:43:40.543+08:00
2025-12-25 11:19:33,2025-12-24T19:44:00+08:00,2025-12-24T19:46:02+08:00,1.043,103.5813,C,Cloud to Cloud,2025-12-24T19:43:40.543+08:00
2025-12-25 11:19:33,2025-12-24T19:44:00+08:00,2025-12-24T19:46:02+08:00,1.0346,103.5714,C,Cloud to Cloud,2025-12-24T19:43:40.543+08:00
2025-12-25 11:19:33,2025-12-24T19:44:00+08:00,2025-12-24T19:46:02+08:00,1.0407,103.581,C,Cloud to Cloud,2025-12-24T19:43:40.543+08:00
2025-12-25 11:19:33,2025-12-24T19:44:00+08:00,2025-12-24T19:46:02+08:00,1.0423,103.5796,C,Cloud to Cloud,2025-12-24T19:43:40.543+08:00
2025-12-25 11:19:33,2025-12-24T19:44:00+08:00,2025-12-24T19:46:02+08:00,1.0409,103.5796,C,Cloud to Cloud,2025-12-24T19:43:40.543+08:00
2025-12-25 11:19:33,2025-12-24T19:44:00+08:00,2025-12-24T19:46:02+08:00,1.0412,103.5793,C,Cloud to Cloud,2025-12-24T19:43:40.543+08:00
2025-12-25 11:19:33,2025-12-24T19:44:00+08:00,2025-12-24T19:46:02+08:00,1.0417,103.5801,C,Cloud to Cloud,2025-12-24T19:43:40.543+08:00
2025-12-25 11:19:33,2025-12-24T19:44:00+08:00,2025-12-24T19:46:02+08:00,1.0363,103.5725,C,Cloud to Cloud,2025-12-24T19:43:40.543+08:00
2025-12-25 11:19:33,2025-12-24T19:44:00+08:00,2025-12-24T19:46:02+08:00,1.0329,103.5715,C,Cloud to Cloud,2025-12-24T19:43:40.544+08:00
2025-12-25 11:19:33,2025-12-24T19:44:00+08:00,2025-12-24T19:46:02+08:00,1.036,103.5727,C,Cloud to Cloud,2025-12-24T19:43:40.544+08:00
2025-12-25 11:19:33,2025-12-24T19:44:00+08:00,2025-12-24T19:46:02+08:00,1.038,103.5773,C,Cloud to Cloud,2025-12-24T19:43:40.544+08:00
2025-12-25 11:19:33,2025-12-24T19:44:00+08:00,2025-12-24T19:46:02+08:00,1.0451,103.5854,C,Cloud to Cloud,2025-12-24T19:43:40.544+08:00
2025-12-25 11:19:33,2025-12-24T19:44:00+08:00,2025-12-24T19:46:02+08:00,1.0254,103.5579,C,Cloud to Cloud,2025-12-24T19:43:40.544+08:00
2025-12-25 11:19:33,2025-12-24T19:44:00+08:00,2025-12-24T19:46:02+08:00,1.0297,103.5652,C,Cloud to Cloud,2025-12-24T19:43:40.544+08:00
2025-12-25 11:19:33,2025-12-24T19:44:00+08:00,2025-12-24T19:46:02+08:00,1.0216,103.5527,C,Cloud to Cloud,2025-12-24T19:43:40.544+08:00
2025-12-25 11:19:33,2025-12-24T19:44:00+08:00,2025-12-24T19:46:02+08:00,1.0369,103.5757,C,Cloud to Cloud,2025-12-24T19:43:40.544+08:00
2025-12-25 11:19:33,2025-12-24T19:44:00+08:00,2025-12-24T19:46:02+08:00,1.0305,103.5645,C,Cloud to Cloud,2025-12-24T19:43:40.544+08:00
2025-12-25 11:19:33,2025-12-24T19:44:00+08:00,2025-12-24T19:46:02+08:00,1.036,103.574,C,Cloud to Cloud,2025-12-24T19:43:40.544+08:00
2025-12-25 11:19:33,2025-12-24T19:44:00+08:00,2025-12-24T19:46:02+08:00,1.0233,103.5583,C,Cloud to Cloud,2025-12-24T19:43:40.545+08:00
2025-12-25 11:19:33,2025-12-24T19:44:00+08:00,2025-12-24T19:46:02+08:00,1.0312,103.5679,C,Cloud to Cloud,2025-12-24T19:43:40.545+08:00
2025-12-25 11:19:33,2025-12-24T19:44:00+08:00,2025-12-24T19:46:02+08:00,1.0258,103.5604,C,Cloud to Cloud,2025-12-24T19:43:40.545+08:00
2025-12-25 11:19:33,2025-12-24T19:44:00+08:00,2025-12-24T19:46:02+08:00,1.0211,103.5559,C,Cloud to Cloud,2025-12-24T19:43:40.545+08:00
2025-12-25 11:19:33,2025-12-24T19:44:00+08:00,2025-12-24T19:46:02+08:00,1.0184,103.5495,C,Cloud to Cloud,2025-12-24T19:43:40.546+08:00
2025-12-25 11:19:33,2025-12-24T19:44:00+08:00,2025-12-24T19:46:02+08:00,1.0318,103.5687,C,Cloud to Cloud,2025-12-24T19:43:40.546+08:00
2025-12-25 11:19:33,2025-12-24T19:44:00+08:00,2025-12-24T19:46:02+08:00,1.0273,103.5631,C,Cloud to Cloud,2025-12-24T19:43:40.546+08:00
2025-12-25 11:19:33,2025-12-24T19:44:00+08:00,2025-12-24T19:46:02+08:00,1.0233,103.5583,C,Cloud to Cloud,2025-12-24T19:43:40.546+08:00
2025-12-25 11:19:33,2025-12-24T19:44:00+08:00,2025-12-24T19:46:02+08:00,1.0265,103.5652,C,Cloud to Cloud,2025-12-24T19:43:40.546+08:00
2025-12-25 11:19:33,2025-12-24T19:44:00+08:00,2025-12-24T19:46:02+08:00,1.0298,103.5716,C,Cloud to Cloud,2025-12-24T19:43:40.546+08:00
2025-12-25 11:19:33,2025-12-24T19:44:00+08:00,2025-12-24T19:46:02+08:00,1.0244,103.5643,C,Cloud to Cloud,2025-12-24T19:43:40.546+08:00
2025-12-25 11:19:33,2025-12-24T19:44:00+08:00,2025-12-24T19:46:02+08:00,1.0184,103.5604,G,Cloud to Ground,2025-12-24T19:43:40.546+08:00
2025-12-25 11:19:33,2025-12-24T19:44:00+08:00,2025-12-24T19:46:02+08:00,1.0628,103.5985,C,Cloud to Cloud,2025-12-24T19:43:40.546+08:00
2025-12-25 11:19:33,2025-12-24T19:44:00+08:00,2025-12-24T19:46:02+08:00,1.0506,103.5887,C,Cloud to Cloud,2025-12-24T19:43:40.546+08:00
2025-12-25 11:19:33,2025-12-24T19:44:00+08:00,2025-12-24T19:46:02+08:00,1.0238,103.5609,C,Cloud to Cloud,2025-12-24T19:43:40.546+08:00
2025-12-25 11:19:33,2025-12-24T19:44:00+08:00,2025-12-24T19:46:02+08:00,1.0458,103.5893,C,Cloud to Cloud,2025-12-24T19:43:40.547+08:00
2025-12-25 11:19:33,2025-12-24T19:44:00+08:00,2025-12-24T19:46:02+08:00,1.0889,103.6282,C,Cloud to Cloud,2025-12-24T19:43:40.56+08:00
2025-12-25 11:19:33,2025-12-24T19:44:00+08:00,2025-12-24T19:46:02+08:00,1.0709,103.6136,C,Cloud to Cloud,2025-12-24T19:43:40.56+08:00
2025-12-25 11:19:33,2025-12-24T19:44:00+08:00,2025-12-24T19:46:02+08:00,1.1184,103.6339,C,Cloud to Cloud,2025-12-24T19:43:40.573+08:00
2025-12-25 11:19:33,2025-12-24T19:44:00+08:00,2025-12-24T19:46:02+08:00,1.0504,103.5821,C,Cloud to Cloud,2025-12-24T19:43:40.573+08:00
2025-12-25 11:19:33,2025-12-24T19:44:00+08:00,2025-12-24T19:46:02+08:00,1.0621,103.5951,C,Cloud to Cloud,2025-12-24T19:43:40.573+08:00
2025-12-25 11:19:33,2025-12-24T19:44:00+08:00,2025-12-24T19:46:02+08:00,1.0678,103.6001,C,Cloud to Cloud,2025-12-24T19:43:40.574+08:00
2025-12-25 11:19:33,2025-12-24T19:44:00+08:00,2025-12-24T19:46:02+08:00,1.071,103.6128,C,Cloud to Cloud,2025-12-24T19:43:40.579+08:00
2025-12-25 11:19:33,2025-12-24T19:44:00+08:00,2025-12-24T19:46:02+08:00,1.0219,103.5449,C,Cloud to Cloud,2025-12-24T19:43:40.585+08:00
2025-12-25 11:19:33,2025-12-24T19:44:00+08:00,2025-12-24T19:46:02+08:00,1.0277,103.5605,G,Cloud to Ground,2025-12-24T19:43:40.585+08:00
2025-12-25 11:19:33,2025-12-24T19:44:00+08:00,2025-12-24T19:46:02+08:00,1.055,103.5857,C,Cloud to Cloud,2025-12-24T19:43:40.585+08:00
2025-12-25 11:19:33,2025-12-24T19:44:00+08:00,2025-12-24T19:46:02+08:00,1.0413,103.5875,C,Cloud to Cloud,2025-12-24T19:43:40.595+08:00
2025-12-25 11:19:33,2025-12-24T19:44:00+08:00,2025-12-24T19:46:02+08:00,1.0472,103.5922,C,Cloud to Cloud,2025-12-24T19:43:40.605+08:00
2025-12-25 11:19:33,2025-12-24T19:44:00+08:00,2025-12-24T19:46:02+08:00,1.0493,103.5897,C,Cloud to Cloud,2025-12-24T19:43:40.605+08:00
2025-12-25 11:19:33,2025-12-24T19:44:00+08:00,2025-12-24T19:46:02+08:00,0.9887,103.5478,C,Cloud to Cloud,2025-12-24T19:43:40.621+08:00
2025-12-25 11:19:33,2025-12-24T19:44:00+08:00,2025-12-24T19:46:02+08:00,0.9964,103.5728,G,Cloud to Ground,2025-12-24T19:43:40.621+08:00
2025-12-25 11:19:33,2025-12-24T19:44:00+08:00,2025-12-24T19:46:02+08:00,0.9712,103.5279,C,Cloud to Cloud,2025-12-24T19:43:40.622+08:00
2025-12-25 11:19:33,2025-12-24T19:44:00+08:00,2025-12-24T19:46:02+08:00,0.9931,103.5437,C,Cloud to Cloud,2025-12-24T19:43:40.622+08:00
2025-12-25 11:19:33,2025-12-24T19:44:00+08:00,2025-12-24T19:46:02+08:00,1.0352,103.5879,G,Cloud to Ground,2025-12-24T19:43:40.682+08:00
2025-12-25 11:19:33,2025-12-24T19:44:00+08:00,2025-12-24T19:46:02+08:00,1.0376,103.5844,C,Cloud to Cloud,2025-12-24T19:43:40.682+08:00
2025-12-25 11:19:33,2025-12-24T19:44:00+08:00,2025-12-24T19:46:02+08:00,1.051,103.5964,C,Cloud to Cloud,2025-12-24T19:43:40.682+08:00
2025-12-25 11:19:33,2025-12-24T19:44:00+08:00,2025-12-24T19:46:02+08:00,1.0457,103.5926,C,Cloud to Cloud,2025-12-24T19:43:40.682+08:00
2025-12-25 11:19:33,2025-12-24T19:44:00+08:00,2025-12-24T19:46:02+08:00,1.0372,103.5866,C,Cloud to Cloud,2025-12-24T19:43:40.682+08:00
2025-12-25 11:19:33,2025-12-24T19:44:00+08:00,2025-12-24T19:46:02+08:00,1.1268,103.614,C,Cloud to Cloud,2025-12-24T19:43:40.756+08:00
2025-12-25 11:19:33,2025-12-24T19:44:00+08:00,2025-12-24T19:46:02+08:00,1.0099,103.5286,C,Cloud to Cloud,2025-12-24T19:43:40.803+08:00
2025-12-25 11:19:33,2025-12-24T19:44:00+08:00,2025-12-24T19:46:02+08:00,1.0033,103.5207,C,Cloud to Cloud,2025-12-24T19:43:40.803+08:00
2025-12-25 11:19:33,2025-12-24T19:44:00+08:00,2025-12-24T19:46:02+08:00,1.0521,103.5913,C,Cloud to Cloud,2025-12-24T19:43:40.808+08:00
2025-12-25 11:19:33,2025-12-24T19:44:00+08:00,2025-12-24T19:46:02+08:00,1.0567,103.5987,C,Cloud to Cloud,2025-12-24T19:43:40.809+08:00
2025-12-25 11:19:33,2025-12-24T19:44:00+08:00,2025-12-24T19:46:02+08:00,1.0312,103.5717,C,Cloud to Cloud,2025-12-24T19:43:40.837+08:00
2025-12-25 11:19:33,2025-12-24T19:44:00+08:00,2025-12-24T19:46:02+08:00,1.0411,103.5112,C,Cloud to Cloud,2025-12-24T19:43:40.848+08:00
2025-12-25 11:19:33,2025-12-24T19:44:00+08:00,2025-12-24T19:46:02+08:00,1.0404,103.5102,C,Cloud to Cloud,2025-12-24T19:43:40.848+08:00
2025-12-25 11:19:33,2025-12-24T19:44:00+08:00,2025-12-24T19:46:02+08:00,1.0835,103.5883,C,Cloud to Cloud,2025-12-24T19:43:40.871+08:00
2025-12-25 11:19:33,2025-12-24T19:44:00+08:00,2025-12-24T19:46:02+08:00,1.039,103.5854,C,Cloud to Cloud,2025-12-24T19:43:40.925+08:00
2025-12-25 11:19:33,2025-12-24T19:44:00+08:00,2025-12-24T19:46:02+08:00,1.0577,103.5976,C,Cloud to Cloud,2025-12-24T19:43:40.925+08:00
2025-12-25 11:19:33,2025-12-24T19:44:00+08:00,2025-12-24T19:46:02+08:00,1.0416,103.5919,C,Cloud to Cloud,2025-12-24T19:43:40.925+08:00
2025-12-25 11:19:33,2025-12-24T19:44:00+08:00,2025-12-24T19:46:02+08:00,1.0567,103.6029,C,Cloud to Cloud,2025-12-24T19:43:40.925+08:00
2025-12-25 11:19:33,2025-12-24T19:44:00+08:00,2025-12-24T19:46:02+08:00,1.1158,103.6343,C,Cloud to Cloud,2025-12-24T19:43:40.926+08:00
2025-12-25 11:19:33,2025-12-24T19:44:00+08:00,2025-12-24T19:46:02+08:00,1.0251,103.5736,C,Cloud to Cloud,2025-12-24T19:43:40.926+08:00
2025-12-25 11:19:33,2025-12-24T19:44:00+08:00,2025-12-24T19:46:02+08:00,1.0208,103.5728,C,Cloud to Cloud,2025-12-24T19:43:40.926+08:00
2025-12-25 11:19:33,2025-12-24T19:44:00+08:00,2025-12-24T19:46:02+08:00,1.0738,103.6272,C,Cloud to Cloud,2025-12-24T19:43:40.926+08:00
2025-12-25 11:19:33,2025-12-24T19:44:00+08:00,2025-12-24T19:46:02+08:00,1.0351,103.5964,C,Cloud to Cloud,2025-12-24T19:43:40.926+08:00
2025-12-25 11:19:33,2025-12-24T19:44:00+08:00,2025-12-24T19:46:02+08:00,1.032,103.5886,C,Cloud to Cloud,2025-12-24T19:43:40.926+08:00
2025-12-25 11:19:33,2025-12-24T19:44:00+08:00,2025-12-24T19:46:02+08:00,0.9638,103.5465,C,Cloud to Cloud,2025-12-24T19:43:40.926+08:00
2025-12-25 11:19:33,2025-12-24T19:44:00+08:00,2025-12-24T19:46:02+08:00,1.0303,103.5952,C,Cloud to Cloud,2025-12-24T19:43:40.926+08:00
2025-12-25 11:19:33,2025-12-24T19:44:00+08:00,2025-12-24T19:46:02+08:00,1.0172,103.588,C,Cloud to Cloud,2025-12-24T19:43:40.927+08:00
2025-12-25 11:19:33,2025-12-24T19:44:00+08:00,2025-12-24T19:46:02+08:00,0.9661,103.5592,C,Cloud to Cloud,2025-12-24T19:43:40.927+08:00
2025-12-25 11:19:33,2025-12-24T19:44:00+08:00,2025-12-24T19:46:02+08:00,1.0085,103.5811,C,Cloud to Cloud,2025-12-24T19:43:40.927+08:00
2025-12-25 11:19:33,2025-12-24T19:44:00+08:00,2025-12-24T19:46:02+08:00,1.0562,103.6143,C,Cloud to Cloud,2025-12-24T19:43:40.927+08:00
2025-12-25 11:19:33,2025-12-24T19:44:00+08:00,2025-12-24T19:46:02+08:00,1.0478,103.6032,C,Cloud to Cloud,2025-12-24T19:43:40.927+08:00
2025-12-25 11:19:33,2025-12-24T19:44:00+08:00,2025-12-24T19:46:02+08:00,1.029,103.5826,C,Cloud to Cloud,2025-12-24T19:43:40.927+08:00
2025-12-25 11:19:33,2025-12-24T19:44:00+08:00,2025-12-24T19:46:02+08:00,1.0233,103.5829,C,Cloud to Cloud,2025-12-24T19:43:40.927+08:00
2025-12-25 11:19:33,2025-12-24T19:44:00+08:00,2025-12-24T19:46:02+08:00,1.0343,103.5878,C,Cloud to Cloud,2025-12-24T19:43:40.927+08:00
2025-12-25 11:19:33,2025-12-24T19:44:00+08:00,2025-12-24T19:46:02+08:00,1.0358,103.5851,C,Cloud to Cloud,2025-12-24T19:43:40.928+08:00
2025-12-25 11:19:33,2025-12-24T19:44:00+08:00,2025-12-24T19:46:02+08:00,1.0432,103.5912,C,Cloud to Cloud,2025-12-24T19:43:40.928+08:00
2025-12-25 11:19:33,2025-12-24T19:44:00+08:00,2025-12-24T19:46:02+08:00,1.045,103.5919,C,Cloud to Cloud,2025-12-24T19:43:40.928+08:00
2025-12-25 11:19:33,2025-12-24T19:44:00+08:00,2025-12-24T19:46:02+08:00,1.0427,103.5917,C,Cloud to Cloud,2025-12-24T19:43:40.928+08:00
2025-12-25 11:19:33,2025-12-24T19:44:00+08:00,2025-12-24T19:46:02+08:00,1.0526,103.6005,C,Cloud to Cloud,2025-12-24T19:43:40.928+08:00
2025-12-25 11:19:33,2025-12-24T19:44:00+08:00,2025-12-24T19:46:02+08:00,1.0511,103.6008,C,Cloud to Cloud,2025-12-24T19:43:40.928+08:00
2025-12-25 11:19:33,2025-12-24T19:44:00+08:00,2025-12-24T19:46:02+08:00,1.0406,103.5853,C,Cloud to Cloud,2025-12-24T19:43:40.928+08:00
2025-12-25 11:19:33,2025-12-24T19:44:00+08:00,2025-12-24T19:46:02+08:00,1.0521,103.6009,C,Cloud to Cloud,2025-12-24T19:43:40.928+08:00
2025-12-25 11:19:33,2025-12-24T19:44:00+08:00,2025-12-24T19:46:02+08:00,1.0506,103.599,C,Cloud to Cloud,2025-12-24T19:43:40.928+08:00
2025-12-25 11:19:33,2025-12-24T19:44:00+08:00,2025-12-24T19:46:02+08:00,1.0521,103.5998,C,Cloud to Cloud,2025-12-24T19:43:40.929+08:00
2025-12-25 11:19:33,2025-12-24T19:44:00+08:00,2025-12-24T19:46:02+08:00,1.048,103.5971,C,Cloud to Cloud,2025-12-24T19:43:40.929+08:00
2025-12-25 11:19:33,2025-12-24T19:44:00+08:00,2025-12-24T19:46:02+08:00,1.0495,103.5946,C,Cloud to Cloud,2025-12-24T19:43:40.929+08:00
2025-12-25 11:19:33,2025-12-24T19:44:00+08:00,2025-12-24T19:46:02+08:00,1.0416,103.5867,C,Cloud to Cloud,2025-12-24T19:43:40.929+08:00
2025-12-25 11:19:33,2025-12-24T19:44:00+08:00,2025-12-24T19:46:02+08:00,1.047,103.5912,C,Cloud to Cloud,2025-12-24T19:43:40.929+08:00
2025-12-25 11:19:33,2025-12-24T19:44:00+08:00,2025-12-24T19:46:02+08:00,1.0526,103.6005,C,Cloud to Cloud,2025-12-24T19:43:40.929+08:00
2025-12-25 11:19:33,2025-12-24T19:44:00+08:00,2025-12-24T19:46:02+08:00,1.044,103.5931,G,Cloud to Ground,2025-12-24T19:43:40.929+08:00
2025-12-25 11:19:33,2025-12-24T19:44:00+08:00,2025-12-24T19:46:02+08:00,1.0409,103.5836,C,Cloud to Cloud,2025-12-24T19:43:40.93+08:00
2025-12-25 11:19:33,2025-12-24T19:42:00+08:00,2025-12-24T19:44:02+08:00,0.977,103.5847,G,Cloud to Ground,2025-12-24T19:40:20.92+08:00
2025-12-25 11:19:33,2025-12-24T19:42:00+08:00,2025-12-24T19:44:02+08:00,1.0011,103.5929,C,Cloud to Cloud,2025-12-24T19:40:20.92+08:00
2025-12-25 11:19:33,2025-12-24T19:42:00+08:00,2025-12-24T19:44:02+08:00,1.026,103.6079,C,Cloud to Cloud,2025-12-24T19:40:20.92+08:00
2025-12-25 11:19:33,2025-12-24T19:42:00+08:00,2025-12-24T19:44:02+08:00,0.9984,103.5953,C,Cloud to Cloud,2025-12-24T19:40:20.92+08:00
2025-12-25 11:19:33,2025-12-24T19:42:00+08:00,2025-12-24T19:44:02+08:00,0.9942,103.5956,C,Cloud to Cloud,2025-12-24T19:40:20.92+08:00
2025-12-25 11:19:33,2025-12-24T19:42:00+08:00,2025-12-24T19:44:02+08:00,0.9795,103.5696,C,Cloud to Cloud,2025-12-24T19:40:20.92+08:00
2025-12-25 11:19:33,2025-12-24T19:42:00+08:00,2025-12-24T19:44:02+08:00,0.985,103.5515,C,Cloud to Cloud,2025-12-24T19:40:20.951+08:00
2025-12-25 11:19:33,2025-12-24T19:42:00+08:00,2025-12-24T19:44:02+08:00,0.985,103.5515,C,Cloud to Cloud,2025-12-24T19:40:20.951+08:00
2025-12-25 11:19:33,2025-12-24T19:42:00+08:00,2025-12-24T19:44:02+08:00,0.9968,103.5841,C,Cloud to Cloud,2025-12-24T19:40:20.953+08:00
2025-12-25 11:19:33,2025-12-24T19:42:00+08:00,2025-12-24T19:44:02+08:00,0.9968,103.5841,C,Cloud to Cloud,2025-12-24T19:40:20.953+08:00
2025-12-25 11:19:33,2025-12-24T19:42:00+08:00,2025-12-24T19:44:02+08:00,0.9943,103.5819,C,Cloud to Cloud,2025-12-24T19:40:20.953+08:00
2025-12-25 11:19:33,2025-12-24T19:42:00+08:00,2025-12-24T19:44:02+08:00,0.9839,103.5691,C,Cloud to Cloud,2025-12-24T19:40:20.953+08:00
2025-12-25 11:19:33,2025-12-24T19:42:00+08:00,2025-12-24T19:44:02+08:00,1.0003,103.6071,C,Cloud to Cloud,2025-12-24T19:40:20.954+08:00
2025-12-25 11:19:33,2025-12-24T19:42:00+08:00,2025-12-24T19:44:02+08:00,1.0305,103.6004,C,Cloud to Cloud,2025-12-24T19:40:21.025+08:00
2025-12-25 11:19:33,2025-12-24T19:42:00+08:00,2025-12-24T19:44:02+08:00,1.0092,103.5961,C,Cloud to Cloud,2025-12-24T19:40:21.062+08:00
2025-12-25 11:19:33,2025-12-24T19:42:00+08:00,2025-12-24T19:44:02+08:00,0.9563,103.5748,C,Cloud to Cloud,2025-12-24T19:40:21.062+08:00
2025-12-25 11:19:33,2025-12-24T19:42:00+08:00,2025-12-24T19:44:02+08:00,0.9516,103.5641,C,Cloud to Cloud,2025-12-24T19:40:21.062+08:00
2025-12-25 11:19:33,2025-12-24T19:42:00+08:00,2025-12-24T19:44:02+08:00,0.9988,103.5839,C,Cloud to Cloud,2025-12-24T19:40:21.063+08:00
2025-12-25 11:19:33,2025-12-24T19:42:00+08:00,2025-12-24T19:44:02+08:00,0.9925,103.5892,C,Cloud to Cloud,2025-12-24T19:40:21.063+08:00
2025-12-25 11:19:33,2025-12-24T19:42:00+08:00,2025-12-24T19:44:02+08:00,0.9727,103.5855,C,Cloud to Cloud,2025-12-24T19:40:21.063+08:00
2025-12-25 11:19:33,2025-12-24T19:42:00+08:00,2025-12-24T19:44:02+08:00,1.0021,103.6044,C,Cloud to Cloud,2025-12-24T19:40:21.063+08:00
2025-12-25 11:19:33,2025-12-24T19:42:00+08:00,2025-12-24T19:44:02+08:00,0.9958,103.5994,C,Cloud to Cloud,2025-12-24T19:40:21.064+08:00
2025-12-25 11:19:33,2025-12-24T19:42:00+08:00,2025-12-24T19:44:02+08:00,0.9876,103.5904,C,Cloud to Cloud,2025-12-24T19:40:21.064+08:00
2025-12-25 11:19:33,2025-12-24T19:42:00+08:00,2025-12-24T19:44:02+08:00,0.9656,103.5853,C,Cloud to Cloud,2025-12-24T19:40:21.064+08:00
2025-12-25 11:19:33,2025-12-24T19:42:00+08:00,2025-12-24T19:44:02+08:00,0.9828,103.5918,G,Cloud to Ground,2025-12-24T19:40:21.064+08:00
2025-12-25 11:19:33,2025-12-24T19:42:00+08:00,2025-12-24T19:44:02+08:00,0.975,103.55,C,Cloud to Cloud,2025-12-24T19:40:21.122+08:00
2025-12-25 11:19:33,2025-12-24T19:42:00+08:00,2025-12-24T19:44:02+08:00,0.975,103.55,C,Cloud to Cloud,2025-12-24T19:40:21.122+08:00
2025-12-25 11:19:33,2025-12-24T19:42:00+08:00,2025-12-24T19:44:02+08:00,1.0028,103.5899,C,Cloud to Cloud,2025-12-24T19:40:21.122+08:00
2025-12-25 11:19:33,2025-12-24T19:42:00+08:00,2025-12-24T19:44:02+08:00,0.9732,103.5813,G,Cloud to Ground,2025-12-24T19:40:21.125+08:00
2025-12-25 11:19:33,2025-12-24T19:42:00+08:00,2025-12-24T19:44:02+08:00,1.0481,103.5453,C,Cloud to Cloud,2025-12-24T19:40:21.226+08:00
2025-12-25 11:19:33,2025-12-24T19:42:00+08:00,2025-12-24T19:44:02+08:00,1.0793,103.6039,C,Cloud to Cloud,2025-12-24T19:40:21.269+08:00
2025-12-25 11:19:33,2025-12-24T19:42:00+08:00,2025-12-24T19:44:02+08:00,1.0337,103.559,C,Cloud to Cloud,2025-12-24T19:40:21.27+08:00
2025-12-25 11:19:33,2025-12-24T19:42:00+08:00,2025-12-24T19:44:02+08:00,1.0303,103.586,C,Cloud to Cloud,2025-12-24T19:40:21.27+08:00
2025-12-25 11:19:33,2025-12-24T19:42:00+08:00,2025-12-24T19:44:02+08:00,1.1027,103.6178,C,Cloud to Cloud,2025-12-24T19:40:21.27+08:00
2025-12-25 11:19:33,2025-12-24T19:42:00+08:00,2025-12-24T19:44:02+08:00,0.9892,103.576,C,Cloud to Cloud,2025-12-24T19:40:21.27+08:00
2025-12-25 11:19:33,2025-12-24T19:42:00+08:00,2025-12-24T19:44:02+08:00,0.9829,103.578,C,Cloud to Cloud,2025-12-24T19:40:21.27+08:00
2025-12-25 11:19:33,2025-12-24T19:42:00+08:00,2025-12-24T19:44:02+08:00,1.011,103.6014,C,Cloud to Cloud,2025-12-24T19:40:21.27+08:00
2025-12-25 11:19:33,2025-12-24T19:42:00+08:00,2025-12-24T19:44:02+08:00,1.1125,103.6097,C,Cloud to Cloud,2025-12-24T19:40:21.271+08:00
2025-12-25 11:19:33,2025-12-24T19:42:00+08:00,2025-12-24T19:44:02+08:00,1.0739,103.5879,C,Cloud to Cloud,2025-12-24T19:40:21.272+08:00
2025-12-25 11:19:33,2025-12-24T19:42:00+08:00,2025-12-24T19:44:02+08:00,1.0276,103.5463,G,Cloud to Ground,2025-12-24T19:40:21.272+08:00
2025-12-25 11:19:33,2025-12-24T19:42:00+08:00,2025-12-24T19:44:02+08:00,0.9735,103.5869,G,Cloud to Ground,2025-12-24T19:40:21.339+08:00
2025-12-25 11:19:33,2025-12-24T19:42:00+08:00,2025-12-24T19:44:02+08:00,0.9667,103.5795,G,Cloud to Ground,2025-12-24T19:40:21.464+08:00
2025-12-25 11:19:33,2025-12-24T19:42:00+08:00,2025-12-24T19:44:02+08:00,1.0829,103.6171,C,Cloud to Cloud,2025-12-24T19:40:21.551+08:00
2025-12-25 11:19:33,2025-12-24T19:42:00+08:00,2025-12-24T19:44:02+08:00,1.0393,103.5863,C,Cloud to Cloud,2025-12-24T19:40:21.551+08:00
2025-12-25 11:19:33,2025-12-24T19:42:00+08:00,2025-12-24T19:44:02+08:00,1.03,103.5855,C,Cloud to Cloud,2025-12-24T19:40:21.551+08:00
2025-12-25 11:19:33,2025-12-24T19:42:00+08:00,2025-12-24T19:44:02+08:00,0.9896,103.5529,C,Cloud to Cloud,2025-12-24T19:40:21.551+08:00
2025-12-25 11:19:33,2025-12-24T19:42:00+08:00,2025-12-24T19:44:02+08:00,1.01,103.5873,C,Cloud to Cloud,2025-12-24T19:40:21.552+08:00
2025-12-25 11:19:33,2025-12-24T19:42:00+08:00,2025-12-24T19:44:02+08:00,1.0611,103.5347,C,Cloud to Cloud,2025-12-24T19:40:21.552+08:00
2025-12-25 11:19:33,2025-12-24T19:42:00+08:00,2025-12-24T19:44:02+08:00,0.9901,103.5738,C,Cloud to Cloud,2025-12-24T19:40:21.552+08:00
2025-12-25 11:19:33,2025-12-24T19:42:00+08:00,2025-12-24T19:44:02+08:00,1.0041,103.5879,C,Cloud to Cloud,2025-12-24T19:40:21.552+08:00
2025-12-25 11:19:33,2025-12-24T19:42:00+08:00,2025-12-24T19:44:02+08:00,0.9702,103.5798,G,Cloud to Ground,2025-12-24T19:40:21.552+08:00
2025-12-25 11:19:33,2025-12-24T19:42:00+08:00,2025-12-24T19:44:02+08:00,1.0446,103.575,C,Cloud to Cloud,2025-12-24T19:40:45.787+08:00
2025-12-25 11:19:33,2025-12-24T19:42:00+08:00,2025-12-24T19:44:02+08:00,1.0263,103.5669,C,Cloud to Cloud,2025-12-24T19:40:45.787+08:00
2025-12-25 11:19:33,2025-12-24T19:42:00+08:00,2025-12-24T19:44:02+08:00,1.0436,103.5728,C,Cloud to Cloud,2025-12-24T19:40:45.787+08:00
2025-12-25 11:19:33,2025-12-24T19:42:00+08:00,2025-12-24T19:44:02+08:00,1.0597,103.5917,C,Cloud to Cloud,2025-12-24T19:40:45.791+08:00
2025-12-25 11:19:33,2025-12-24T19:42:00+08:00,2025-12-24T19:44:02+08:00,1.1189,103.6234,C,Cloud to Cloud,2025-12-24T19:40:45.791+08:00
2025-12-25 11:19:33,2025-12-24T19:42:00+08:00,2025-12-24T19:44:02+08:00,1.0193,103.575,C,Cloud to Cloud,2025-12-24T19:40:46.061+08:00
2025-12-25 11:19:33,2025-12-24T19:42:00+08:00,2025-12-24T19:44:02+08:00,0.9978,103.5336,C,Cloud to Cloud,2025-12-24T19:40:46.061+08:00
2025-12-25 11:19:33,2025-12-24T19:42:00+08:00,2025-12-24T19:44:02+08:00,1.0177,103.547,C,Cloud to Cloud,2025-12-24T19:40:46.061+08:00
2025-12-25 11:19:33,2025-12-24T19:42:00+08:00,2025-12-24T19:44:02+08:00,1.055,103.5676,C,Cloud to Cloud,2025-12-24T19:40:46.061+08:00
2025-12-25 11:19:33,2025-12-24T19:42:00+08:00,2025-12-24T19:44:02+08:00,1.0659,103.5595,C,Cloud to Cloud,2025-12-24T19:41:34.218+08:00
2025-12-25 11:19:33,2025-12-24T19:42:00+08:00,2025-12-24T19:44:02+08:00,1.0145,103.5479,C,Cloud to Cloud,2025-12-24T19:41:34.22+08:00
2025-12-25 11:19:33,2025-12-24T19:42:00+08:00,2025-12-24T19:44:02+08:00,1.0145,103.5479,C,Cloud to Cloud,2025-12-24T19:41:34.22+08:00
2025-12-25 11:19:33,2025-12-24T19:42:00+08:00,2025-12-24T19:44:02+08:00,0.9893,103.5121,C,Cloud to Cloud,2025-12-24T19:41:34.22+08:00
2025-12-25 11:19:33,2025-12-24T19:42:00+08:00,2025-12-24T19:44:02+08:00,0.9893,103.5121,C,Cloud to Cloud,2025-12-24T19:41:34.22+08:00
2025-12-25 11:19:33,2025-12-24T19:42:00+08:00,2025-12-24T19:44:02+08:00,1.0204,103.5351,C,Cloud to Cloud,2025-12-24T19:41:34.22+08:00
2025-12-25 11:19:33,2025-12-24T19:42:00+08:00,2025-12-24T19:44:02+08:00,1.028,103.5596,C,Cloud to Cloud,2025-12-24T19:41:34.22+08:00
2025-12-25 11:19:33,2025-12-24T19:42:00+08:00,2025-12-24T19:44:02+08:00,1.0103,103.5536,C,Cloud to Cloud,2025-12-24T19:41:34.226+08:00
2025-12-25 11:19:33,2025-12-24T19:42:00+08:00,2025-12-24T19:44:02+08:00,1.1043,103.611,C,Cloud to Cloud,2025-12-24T19:41:34.545+08:00
2025-12-25 11:19:33,2025-12-24T19:42:00+08:00,2025-12-24T19:44:02+08:00,1.0069,103.5346,C,Cloud to Cloud,2025-12-24T19:41:34.545+08:00
2025-12-25 11:19:33,2025-12-24T19:42:00+08:00,2025-12-24T19:44:02+08:00,1.0649,103.5793,C,Cloud to Cloud,2025-12-24T19:41:34.562+08:00
2025-12-25 11:19:33,2025-12-24T19:42:00+08:00,2025-12-24T19:44:02+08:00,1.041,103.5601,C,Cloud to Cloud,2025-12-24T19:41:34.562+08:00
2025-12-25 11:19:33,2025-12-24T19:42:00+08:00,2025-12-24T19:44:02+08:00,1.1298,103.5262,C,Cloud to Cloud,2025-12-24T19:41:43.332+08:00
2025-12-25 11:19:33,2025-12-24T19:42:00+08:00,2025-12-24T19:44:02+08:00,1.1111,103.553,C,Cloud to Cloud,2025-12-24T19:41:43.337+08:00
2025-12-25 11:19:33,2025-12-24T19:42:00+08:00,2025-12-24T19:44:02+08:00,1.1469,103.5547,C,Cloud to Cloud,2025-12-24T19:41:43.551+08:00
2025-12-25 11:19:33,2025-12-24T19:42:00+08:00,2025-12-24T19:44:02+08:00,1.1473,103.544,C,Cloud to Cloud,2025-12-24T19:41:43.551+08:00
2025-12-25 11:19:33,2025-12-24T19:42:00+08:00,2025-12-24T19:44:02+08:00,1.0808,103.4849,C,Cloud to Cloud,2025-12-24T19:41:43.716+08:00
2025-12-25 11:19:33,2025-12-24T19:40:00+08:00,2025-12-24T19:42:02+08:00,1.0654,103.5608,C,Cloud to Cloud,2025-12-24T19:38:26.039+08:00
2025-12-25 11:19:33,2025-12-24T19:40:00+08:00,2025-12-24T19:42:02+08:00,1.0676,103.5763,C,Cloud to Cloud,2025-12-24T19:38:26.23+08:00
2025-12-25 11:19:33,2025-12-24T19:40:00+08:00,2025-12-24T19:42:02+08:00,1.048,103.5593,C,Cloud to Cloud,2025-12-24T19:38:26.286+08:00
2025-12-25 11:19:33,2025-12-24T19:40:00+08:00,2025-12-24T19:42:02+08:00,1.1535,103.6573,C,Cloud to Cloud,2025-12-24T19:38:26.286+08:00
2025-12-25 11:19:33,2025-12-24T19:40:00+08:00,2025-12-24T19:42:02+08:00,1.0441,103.5666,C,Cloud to Cloud,2025-12-24T19:38:26.353+08:00
2025-12-25 11:19:33,2025-12-24T19:40:00+08:00,2025-12-24T19:42:02+08:00,1.1081,103.5967,C,Cloud to Cloud,2025-12-24T19:38:26.374+08:00
2025-12-25 11:19:33,2025-12-24T19:40:00+08:00,2025-12-24T19:42:02+08:00,1.0575,103.5821,C,Cloud to Cloud,2025-12-24T19:38:26.374+08:00
2025-12-25 11:19:33,2025-12-24T19:40:00+08:00,2025-12-24T19:42:02+08:00,1.0151,103.551,C,Cloud to Cloud,2025-12-24T19:38:26.374+08:00
2025-12-25 11:19:33,2025-12-24T19:40:00+08:00,2025-12-24T19:42:02+08:00,1.0741,103.5806,C,Cloud to Cloud,2025-12-24T19:38:26.374+08:00
2025-12-25 11:19:33,2025-12-24T19:40:00+08:00,2025-12-24T19:42:02+08:00,1.0623,103.585,C,Cloud to Cloud,2025-12-24T19:38:26.42+08:00
2025-12-25 11:19:33,2025-12-24T19:40:00+08:00,2025-12-24T19:42:02+08:00,0.9864,103.5208,C,Cloud to Cloud,2025-12-24T19:38:26.42+08:00
2025-12-25 11:19:33,2025-12-24T19:40:00+08:00,2025-12-24T19:42:02+08:00,1.0568,103.5846,C,Cloud to Cloud,2025-12-24T19:38:26.42+08:00
2025-12-25 11:19:33,2025-12-24T19:40:00+08:00,2025-12-24T19:42:02+08:00,1.0826,103.6035,C,Cloud to Cloud,2025-12-24T19:38:26.42+08:00
2025-12-25 11:19:33,2025-12-24T19:40:00+08:00,2025-12-24T19:42:02+08:00,0.9856,103.5217,C,Cloud to Cloud,2025-12-24T19:38:26.42+08:00
2025-12-25 11:19:33,2025-12-24T19:40:00+08:00,2025-12-24T19:42:02+08:00,1.0715,103.5695,C,Cloud to Cloud,2025-12-24T19:38:26.42+08:00
2025-12-25 11:19:33,2025-12-24T19:40:00+08:00,2025-12-24T19:42:02+08:00,1.0976,103.517,C,Cloud to Cloud,2025-12-24T19:38:36.426+08:00
2025-12-25 11:19:33,2025-12-24T19:40:00+08:00,2025-12-24T19:42:02+08:00,1.0857,103.625,C,Cloud to Cloud,2025-12-24T19:38:40.902+08:00
2025-12-25 11:19:33,2025-12-24T19:40:00+08:00,2025-12-24T19:42:02+08:00,0.9855,103.5752,G,Cloud to Ground,2025-12-24T19:38:40.902+08:00
2025-12-25 11:19:33,2025-12-24T19:40:00+08:00,2025-12-24T19:42:02+08:00,0.9751,103.5471,C,Cloud to Cloud,2025-12-24T19:38:40.902+08:00
2025-12-25 11:19:33,2025-12-24T19:40:00+08:00,2025-12-24T19:42:02+08:00,1.0109,103.5721,C,Cloud to Cloud,2025-12-24T19:38:40.902+08:00
2025-12-25 11:19:33,2025-12-24T19:40:00+08:00,2025-12-24T19:42:02+08:00,1.0246,103.5825,C,Cloud to Cloud,2025-12-24T19:38:40.941+08:00
2025-12-25 11:19:33,2025-12-24T19:40:00+08:00,2025-12-24T19:42:02+08:00,1.033,103.5841,C,Cloud to Cloud,2025-12-24T19:38:40.941+08:00
2025-12-25 11:19:33,2025-12-24T19:40:00+08:00,2025-12-24T19:42:02+08:00,1.0284,103.5916,C,Cloud to Cloud,2025-12-24T19:38:40.941+08:00
2025-12-25 11:19:33,2025-12-24T19:40:00+08:00,2025-12-24T19:42:02+08:00,1.0136,103.5807,C,Cloud to Cloud,2025-12-24T19:38:40.964+08:00
2025-12-25 11:19:33,2025-12-24T19:40:00+08:00,2025-12-24T19:42:02+08:00,1.0037,103.5741,G,Cloud to Ground,2025-12-24T19:38:40.975+08:00
2025-12-25 11:19:33,2025-12-24T19:40:00+08:00,2025-12-24T19:42:02+08:00,1.0301,103.5798,C,Cloud to Cloud,2025-12-24T19:38:41.066+08:00
2025-12-25 11:19:33,2025-12-24T19:40:00+08:00,2025-12-24T19:42:02+08:00,1.0,103.5595,C,Cloud to Cloud,2025-12-24T19:38:41.066+08:00
2025-12-25 11:19:33,2025-12-24T19:40:00+08:00,2025-12-24T19:42:02+08:00,1.0168,103.5736,C,Cloud to Cloud,2025-12-24T19:38:41.066+08:00
2025-12-25 11:19:33,2025-12-24T19:40:00+08:00,2025-12-24T19:42:02+08:00,1.0016,103.564,C,Cloud to Cloud,2025-12-24T19:38:41.066+08:00
2025-12-25 11:19:33,2025-12-24T19:40:00+08:00,2025-12-24T19:42:02+08:00,0.9999,103.5607,C,Cloud to Cloud,2025-12-24T19:38:41.067+08:00
2025-12-25 11:19:33,2025-12-24T19:40:00+08:00,2025-12-24T19:42:02+08:00,0.9752,103.5309,C,Cloud to Cloud,2025-12-24T19:38:41.067+08:00
2025-12-25 11:19:33,2025-12-24T19:40:00+08:00,2025-12-24T19:42:02+08:00,0.98,103.5401,C,Cloud to Cloud,2025-12-24T19:38:41.067+08:00
2025-12-25 11:19:33,2025-12-24T19:40:00+08:00,2025-12-24T19:42:02+08:00,0.9955,103.5605,C,Cloud to Cloud,2025-12-24T19:38:41.067+08:00
2025-12-25 11:19:33,2025-12-24T19:40:00+08:00,2025-12-24T19:42:02+08:00,0.9955,103.5605,C,Cloud to Cloud,2025-12-24T19:38:41.067+08:00
2025-12-25 11:19:33,2025-12-24T19:40:00+08:00,2025-12-24T19:42:02+08:00,0.9986,103.574,G,Cloud to Ground,2025-12-24T19:38:41.067+08:00
2025-12-25 11:19:33,2025-12-24T19:40:00+08:00,2025-12-24T19:42:02+08:00,1.013,103.5792,C,Cloud to Cloud,2025-12-24T19:38:41.105+08:00
2025-12-25 11:19:33,2025-12-24T19:40:00+08:00,2025-12-24T19:42:02+08:00,0.9978,103.5701,G,Cloud to Ground,2025-12-24T19:38:41.106+08:00
2025-12-25 11:19:33,2025-12-24T19:40:00+08:00,2025-12-24T19:42:02+08:00,1.0689,103.5599,C,Cloud to Cloud,2025-12-24T19:38:41.314+08:00
2025-12-25 11:19:33,2025-12-24T19:40:00+08:00,2025-12-24T19:42:02+08:00,1.0313,103.5591,C,Cloud to Cloud,2025-12-24T19:38:41.351+08:00
2025-12-25 11:19:33,2025-12-24T19:40:00+08:00,2025-12-24T19:42:02+08:00,1.0259,103.5618,C,Cloud to Cloud,2025-12-24T19:38:41.351+08:00
2025-12-25 11:19:33,2025-12-24T19:40:00+08:00,2025-12-24T19:42:02+08:00,1.0406,103.5815,C,Cloud to Cloud,2025-12-24T19:38:41.351+08:00
2025-12-25 11:19:33,2025-12-24T19:40:00+08:00,2025-12-24T19:42:02+08:00,0.9976,103.5709,G,Cloud to Ground,2025-12-24T19:38:41.352+08:00
2025-12-25 11:19:33,2025-12-24T19:40:00+08:00,2025-12-24T19:42:02+08:00,1.0498,103.5829,C,Cloud to Cloud,2025-12-24T19:38:41.402+08:00
2025-12-25 11:19:33,2025-12-24T19:40:00+08:00,2025-12-24T19:42:02+08:00,1.0303,103.5742,C,Cloud to Cloud,2025-12-24T19:38:41.402+08:00
2025-12-25 11:19:33,2025-12-24T19:40:00+08:00,2025-12-24T19:42:02+08:00,1.0145,103.567,C,Cloud to Cloud,2025-12-24T19:38:41.403+08:00
2025-12-25 11:19:33,2025-12-24T19:40:00+08:00,2025-12-24T19:42:02+08:00,1.0178,103.5763,C,Cloud to Cloud,2025-12-24T19:38:41.403+08:00
2025-12-25 11:19:33,2025-12-24T19:40:00+08:00,2025-12-24T19:42:02+08:00,1.0679,103.5953,C,Cloud to Cloud,2025-12-24T19:38:41.403+08:00
2025-12-25 11:19:33,2025-12-24T19:40:00+08:00,2025-12-24T19:42:02+08:00,0.9911,103.5576,C,Cloud to Cloud,2025-12-24T19:38:41.403+08:00
2025-12-25 11:19:33,2025-12-24T19:40:00+08:00,2025-12-24T19:42:02+08:00,1.0075,103.5792,G,Cloud to Ground,2025-12-24T19:38:41.403+08:00
2025-12-25 11:19:33,2025-12-24T19:40:00+08:00,2025-12-24T19:42:02+08:00,1.0433,103.5748,C,Cloud to Cloud,2025-12-24T19:38:41.404+08:00
2025-12-25 11:19:33,2025-12-24T19:40:00+08:00,2025-12-24T19:42:02+08:00,1.0497,103.5618,C,Cloud to Cloud,2025-12-24T19:38:41.404+08:00
2025-12-25 11:19:33,2025-12-24T19:40:00+08:00,2025-12-24T19:42:02+08:00,1.0739,103.5571,C,Cloud to Cloud,2025-12-24T19:39:11.715+08:00
2025-12-25 11:19:33,2025-12-24T19:40:00+08:00,2025-12-24T19:42:02+08:00,1.0754,103.5646,C,Cloud to Cloud,2025-12-24T19:39:11.803+08:00
2025-12-25 11:19:33,2025-12-24T19:40:00+08:00,2025-12-24T19:42:02+08:00,1.0964,103.5749,C,Cloud to Cloud,2025-12-24T19:39:11.803+08:00
2025-12-25 11:19:33,2025-12-24T19:40:00+08:00,2025-12-24T19:42:02+08:00,1.0774,103.5652,C,Cloud to Cloud,2025-12-24T19:39:11.803+08:00
2025-12-25 11:19:33,2025-12-24T19:40:00+08:00,2025-12-24T19:42:02+08:00,1.0878,103.5718,C,Cloud to Cloud,2025-12-24T19:39:11.803+08:00
2025-12-25 11:19:33,2025-12-24T19:40:00+08:00,2025-12-24T19:42:02+08:00,1.0675,103.5467,C,Cloud to Cloud,2025-12-24T19:39:11.811+08:00
2025-12-25 11:19:33,2025-12-24T19:40:00+08:00,2025-12-24T19:42:02+08:00,1.0861,103.5769,C,Cloud to Cloud,2025-12-24T19:39:11.953+08:00
2025-12-25 11:19:33,2025-12-24T19:40:00+08:00,2025-12-24T19:42:02+08:00,1.1011,103.5825,C,Cloud to Cloud,2025-12-24T19:39:11.953+08:00
2025-12-25 11:19:33,2025-12-24T19:40:00+08:00,2025-12-24T19:42:02+08:00,1.108,103.5997,C,Cloud to Cloud,2025-12-24T19:39:11.962+08:00
2025-12-25 11:19:33,2025-12-24T19:40:00+08:00,2025-12-24T19:42:02+08:00,1.1338,103.6133,C,Cloud to Cloud,2025-12-24T19:39:11.962+08:00
2025-12-25 11:19:33,2025-12-24T19:40:00+08:00,2025-12-24T19:42:02+08:00,1.0546,103.5801,C,Cloud to Cloud,2025-12-24T19:39:11.962+08:00
2025-12-25 11:19:33,2025-12-24T19:40:00+08:00,2025-12-24T19:42:02+08:00,1.0858,103.5921,C,Cloud to Cloud,2025-12-24T19:39:11.963+08:00
2025-12-25 11:19:33,2025-12-24T19:40:00+08:00,2025-12-24T19:42:02+08:00,1.1456,103.643,C,Cloud to Cloud,2025-12-24T19:39:11.983+08:00
2025-12-25 11:19:33,2025-12-24T19:40:00+08:00,2025-12-24T19:42:02+08:00,1.0488,103.5554,C,Cloud to Cloud,2025-12-24T19:39:12.01+08:00
2025-12-25 11:19:33,2025-12-24T19:40:00+08:00,2025-12-24T19:42:02+08:00,1.0128,103.4893,C,Cloud to Cloud,2025-12-24T19:39:12.01+08:00
2025-12-25 11:19:33,2025-12-24T19:40:00+08:00,2025-12-24T19:42:02+08:00,1.0983,103.5811,C,Cloud to Cloud,2025-12-24T19:39:12.01+08:00
2025-12-25 11:19:33,2025-12-24T19:40:00+08:00,2025-12-24T19:42:02+08:00,1.1228,103.5604,C,Cloud to Cloud,2025-12-24T19:39:43.641+08:00
2025-12-25 11:19:33,2025-12-24T19:40:00+08:00,2025-12-24T19:42:02+08:00,1.0587,103.583,C,Cloud to Cloud,2025-12-24T19:39:43.886+08:00
2025-12-25 11:19:33,2025-12-24T19:40:00+08:00,2025-12-24T19:42:02+08:00,1.0528,103.5787,C,Cloud to Cloud,2025-12-24T19:39:43.886+08:00
2025-12-25 11:19:33,2025-12-24T19:40:00+08:00,2025-12-24T19:42:02+08:00,1.0443,103.5681,C,Cloud to Cloud,2025-12-24T19:39:43.886+08:00
2025-12-25 11:19:33,2025-12-24T19:40:00+08:00,2025-12-24T19:42:02+08:00,1.1019,103.5791,C,Cloud to Cloud,2025-12-24T19:39:43.899+08:00
2025-12-25 11:19:33,2025-12-24T19:38:00+08:00,2025-12-24T19:40:04+08:00,1.0299,103.5499,C,Cloud to Cloud,2025-12-24T19:36:25.456+08:00
2025-12-25 11:19:33,2025-12-24T19:38:00+08:00,2025-12-24T19:40:04+08:00,1.0247,103.5495,C,Cloud to Cloud,2025-12-24T19:36:25.519+08:00
2025-12-25 11:19:33,2025-12-24T19:38:00+08:00,2025-12-24T19:40:04+08:00,1.0564,103.5751,C,Cloud to Cloud,2025-12-24T19:36:25.519+08:00
2025-12-25 11:19:33,2025-12-24T19:38:00+08:00,2025-12-24T19:40:04+08:00,1.1585,103.6979,C,Cloud to Cloud,2025-12-24T19:36:25.519+08:00
2025-12-25 11:19:33,2025-12-24T19:38:00+08:00,2025-12-24T19:40:04+08:00,1.0923,103.5907,C,Cloud to Cloud,2025-12-24T19:36:25.519+08:00
2025-12-25 11:19:33,2025-12-24T19:38:00+08:00,2025-12-24T19:40:04+08:00,1.0499,103.5606,C,Cloud to Cloud,2025-12-24T19:36:25.559+08:00
2025-12-25 11:19:33,2025-12-24T19:38:00+08:00,2025-12-24T19:40:04+08:00,1.1009,103.5588,C,Cloud to Cloud,2025-12-24T19:36:25.559+08:00
2025-12-25 11:19:33,2025-12-24T19:38:00+08:00,2025-12-24T19:40:04+08:00,1.0895,103.5819,C,Cloud to Cloud,2025-12-24T19:36:25.625+08:00
2025-12-25 11:19:33,2025-12-24T19:38:00+08:00,2025-12-24T19:40:04+08:00,1.0897,103.5752,C,Cloud to Cloud,2025-12-24T19:36:25.625+08:00
2025-12-25 11:19:33,2025-12-24T19:38:00+08:00,2025-12-24T19:40:04+08:00,1.103,103.5996,C,Cloud to Cloud,2025-12-24T19:36:25.689+08:00
2025-12-25 11:19:33,2025-12-24T19:38:00+08:00,2025-12-24T19:40:04+08:00,1.0827,103.6019,C,Cloud to Cloud,2025-12-24T19:36:25.701+08:00
2025-12-25 11:19:33,2025-12-24T19:38:00+08:00,2025-12-24T19:40:04+08:00,1.0108,103.535,C,Cloud to Cloud,2025-12-24T19:36:25.701+08:00
2025-12-25 11:19:33,2025-12-24T19:38:00+08:00,2025-12-24T19:40:04+08:00,1.0684,103.5814,C,Cloud to Cloud,2025-12-24T19:36:25.701+08:00
2025-12-25 11:19:33,2025-12-24T19:38:00+08:00,2025-12-24T19:40:04+08:00,1.0133,103.5541,C,Cloud to Cloud,2025-12-24T19:36:25.701+08:00
2025-12-25 11:19:33,2025-12-24T19:38:00+08:00,2025-12-24T19:40:04+08:00,1.0866,103.5744,C,Cloud to Cloud,2025-12-24T19:36:25.701+08:00
2025-12-25 11:19:33,2025-12-24T19:38:00+08:00,2025-12-24T19:40:04+08:00,1.009,103.5141,C,Cloud to Cloud,2025-12-24T19:36:25.803+08:00
2025-12-25 11:19:33,2025-12-24T19:38:00+08:00,2025-12-24T19:40:04+08:00,1.057,103.5643,C,Cloud to Cloud,2025-12-24T19:36:25.803+08:00
2025-12-25 11:19:33,2025-12-24T19:38:00+08:00,2025-12-24T19:40:04+08:00,1.0592,103.5732,C,Cloud to Cloud,2025-12-24T19:36:25.804+08:00
2025-12-25 11:19:33,2025-12-24T19:38:00+08:00,2025-12-24T19:40:04+08:00,1.065,103.5835,C,Cloud to Cloud,2025-12-24T19:36:25.804+08:00
2025-12-25 11:19:33,2025-12-24T19:38:00+08:00,2025-12-24T19:40:04+08:00,1.0871,103.5955,C,Cloud to Cloud,2025-12-24T19:36:25.804+08:00
2025-12-25 11:19:33,2025-12-24T19:38:00+08:00,2025-12-24T19:40:04+08:00,1.0968,103.5958,C,Cloud to Cloud,2025-12-24T19:36:25.804+08:00
2025-12-25 11:19:33,2025-12-24T19:38:00+08:00,2025-12-24T19:40:04+08:00,1.0922,103.5822,C,Cloud to Cloud,2025-12-24T19:36:25.804+08:00
2025-12-25 11:19:33,2025-12-24T19:38:00+08:00,2025-12-24T19:40:04+08:00,0.9749,103.5828,C,Cloud to Cloud,2025-12-24T19:36:25.804+08:00
2025-12-25 11:19:33,2025-12-24T19:38:00+08:00,2025-12-24T19:40:04+08:00,1.0813,103.5296,C,Cloud to Cloud,2025-12-24T19:36:54.075+08:00
2025-12-25 11:19:33,2025-12-24T19:38:00+08:00,2025-12-24T19:40:04+08:00,1.0751,103.5543,C,Cloud to Cloud,2025-12-24T19:36:54.08+08:00
2025-12-25 11:19:33,2025-12-24T19:38:00+08:00,2025-12-24T19:40:04+08:00,1.0519,103.5523,C,Cloud to Cloud,2025-12-24T19:36:54.08+08:00
2025-12-25 11:19:33,2025-12-24T19:38:00+08:00,2025-12-24T19:40:04+08:00,1.0595,103.5568,C,Cloud to Cloud,2025-12-24T19:36:54.08+08:00
2025-12-25 11:19:33,2025-12-24T19:38:00+08:00,2025-12-24T19:40:04+08:00,1.0629,103.5653,C,Cloud to Cloud,2025-12-24T19:36:54.08+08:00
2025-12-25 11:19:33,2025-12-24T19:38:00+08:00,2025-12-24T19:40:04+08:00,0.9798,103.5139,C,Cloud to Cloud,2025-12-24T19:36:54.108+08:00
2025-12-25 11:19:33,2025-12-24T19:38:00+08:00,2025-12-24T19:40:04+08:00,1.0956,103.567,C,Cloud to Cloud,2025-12-24T19:36:54.15+08:00
2025-12-25 11:19:33,2025-12-24T19:38:00+08:00,2025-12-24T19:40:04+08:00,1.0881,103.5556,C,Cloud to Cloud,2025-12-24T19:36:54.182+08:00
2025-12-25 11:19:33,2025-12-24T19:38:00+08:00,2025-12-24T19:40:04+08:00,1.0769,103.575,C,Cloud to Cloud,2025-12-24T19:37:30.91+08:00
2025-12-25 11:19:33,2025-12-24T19:38:00+08:00,2025-12-24T19:40:04+08:00,1.0443,103.5722,C,Cloud to Cloud,2025-12-24T19:37:42.672+08:00
2025-12-25 11:19:33,2025-12-24T19:38:00+08:00,2025-12-24T19:40:04+08:00,1.051,103.5954,C,Cloud to Cloud,2025-12-24T19:37:42.672+08:00
2025-12-25 11:19:33,2025-12-24T19:38:00+08:00,2025-12-24T19:40:04+08:00,1.0438,103.5682,C,Cloud to Cloud,2025-12-24T19:37:42.672+08:00
2025-12-25 11:19:33,2025-12-24T19:38:00+08:00,2025-12-24T19:40:04+08:00,1.0682,103.6058,C,Cloud to Cloud,2025-12-24T19:37:42.672+08:00
2025-12-25 11:19:33,2025-12-24T19:38:00+08:00,2025-12-24T19:40:04+08:00,1.045,103.5699,C,Cloud to Cloud,2025-12-24T19:37:42.672+08:00
2025-12-25 11:19:33,2025-12-24T19:38:00+08:00,2025-12-24T19:40:04+08:00,1.0404,103.5649,C,Cloud to Cloud,2025-12-24T19:37:42.672+08:00
2025-12-25 11:19:33,2025-12-24T19:38:00+08:00,2025-12-24T19:40:04+08:00,1.0861,103.6146,C,Cloud to Cloud,2025-12-24T19:37:42.672+08:00
2025-12-25 11:19:33,2025-12-24T19:38:00+08:00,2025-12-24T19:40:04+08:00,1.0688,103.6041,C,Cloud to Cloud,2025-12-24T19:37:42.672+08:00
2025-12-25 11:19:33,2025-12-24T19:38:00+08:00,2025-12-24T19:40:04+08:00,1.0873,103.6154,C,Cloud to Cloud,2025-12-24T19:37:42.673+08:00
2025-12-25 11:19:33,2025-12-24T19:38:00+08:00,2025-12-24T19:40:04+08:00,1.0457,103.5677,C,Cloud to Cloud,2025-12-24T19:37:42.673+08:00
2025-12-25 11:19:33,2025-12-24T19:38:00+08:00,2025-12-24T19:40:04+08:00,1.0638,103.5982,C,Cloud to Cloud,2025-12-24T19:37:42.673+08:00
2025-12-25 11:19:33,2025-12-24T19:38:00+08:00,2025-12-24T19:40:04+08:00,1.0666,103.5986,C,Cloud to Cloud,2025-12-24T19:37:42.673+08:00
2025-12-25 11:19:33,2025-12-24T19:38:00+08:00,2025-12-24T19:40:04+08:00,1.0677,103.6007,C,Cloud to Cloud,2025-12-24T19:37:42.673+08:00
2025-12-25 11:19:33,2025-12-24T19:38:00+08:00,2025-12-24T19:40:04+08:00,1.0622,103.5948,C,Cloud to Cloud,2025-12-24T19:37:42.673+08:00
2025-12-25 11:19:33,2025-12-24T19:38:00+08:00,2025-12-24T19:40:04+08:00,1.0764,103.6051,C,Cloud to Cloud,2025-12-24T19:37:42.673+08:00
2025-12-25 11:19:33,2025-12-24T19:38:00+08:00,2025-12-24T19:40:04+08:00,1.0635,103.5964,C,Cloud to Cloud,2025-12-24T19:37:42.673+08:00
2025-12-25 11:19:33,2025-12-24T19:38:00+08:00,2025-12-24T19:40:04+08:00,1.0622,103.5954,C,Cloud to Cloud,2025-12-24T19:37:42.673+08:00
2025-12-25 11:19:33,2025-12-24T19:38:00+08:00,2025-12-24T19:40:04+08:00,1.0612,103.5941,C,Cloud to Cloud,2025-12-24T19:37:42.673+08:00
2025-12-25 11:19:33,2025-12-24T19:38:00+08:00,2025-12-24T19:40:04+08:00,1.0652,103.5993,C,Cloud to Cloud,2025-12-24T19:37:42.673+08:00
2025-12-25 11:19:33,2025-12-24T19:38:00+08:00,2025-12-24T19:40:04+08:00,1.0641,103.5976,C,Cloud to Cloud,2025-12-24T19:37:42.674+08:00
2025-12-25 11:19:33,2025-12-24T19:38:00+08:00,2025-12-24T19:40:04+08:00,1.0745,103.6074,C,Cloud to Cloud,2025-12-24T19:37:42.674+08:00
2025-12-25 11:19:33,2025-12-24T19:38:00+08:00,2025-12-24T19:40:04+08:00,1.0625,103.5962,C,Cloud to Cloud,2025-12-24T19:37:42.674+08:00
2025-12-25 11:19:33,2025-12-24T19:38:00+08:00,2025-12-24T19:40:04+08:00,1.0683,103.6027,C,Cloud to Cloud,2025-12-24T19:37:42.674+08:00
2025-12-25 11:19:33,2025-12-24T19:38:00+08:00,2025-12-24T19:40:04+08:00,1.0651,103.5998,C,Cloud to Cloud,2025-12-24T19:37:42.674+08:00
2025-12-25 11:19:33,2025-12-24T19:38:00+08:00,2025-12-24T19:40:04+08:00,1.0699,103.6041,C,Cloud to Cloud,2025-12-24T19:37:42.674+08:00
2025-12-25 11:19:33,2025-12-24T19:38:00+08:00,2025-12-24T19:40:04+08:00,1.0657,103.6015,C,Cloud to Cloud,2025-12-24T19:37:42.674+08:00
2025-12-25 11:19:33,2025-12-24T19:38:00+08:00,2025-12-24T19:40:04+08:00,1.0645,103.5982,C,Cloud to Cloud,2025-12-24T19:37:42.674+08:00
2025-12-25 11:19:33,2025-12-24T19:38:00+08:00,2025-12-24T19:40:04+08:00,1.0683,103.6032,C,Cloud to Cloud,2025-12-24T19:37:42.674+08:00
2025-12-25 11:19:33,2025-12-24T19:38:00+08:00,2025-12-24T19:40:04+08:00,1.0673,103.6026,C,Cloud to Cloud,2025-12-24T19:37:42.674+08:00
2025-12-25 11:19:33,2025-12-24T19:38:00+08:00,2025-12-24T19:40:04+08:00,1.0654,103.5996,C,Cloud to Cloud,2025-12-24T19:37:42.675+08:00
2025-12-25 11:19:33,2025-12-24T19:38:00+08:00,2025-12-24T19:40:04+08:00,1.0643,103.5986,C,Cloud to Cloud,2025-12-24T19:37:42.675+08:00
2025-12-25 11:19:33,2025-12-24T19:38:00+08:00,2025-12-24T19:40:04+08:00,1.0757,103.6067,C,Cloud to Cloud,2025-12-24T19:37:42.675+08:00
2025-12-25 11:19:33,2025-12-24T19:38:00+08:00,2025-12-24T19:40:04+08:00,1.0647,103.5992,C,Cloud to Cloud,2025-12-24T19:37:42.675+08:00
2025-12-25 11:19:33,2025-12-24T19:38:00+08:00,2025-12-24T19:40:04+08:00,1.0697,103.6037,C,Cloud to Cloud,2025-12-24T19:37:42.675+08:00
2025-12-25 11:19:33,2025-12-24T19:38:00+08:00,2025-12-24T19:40:04+08:00,1.0677,103.6025,C,Cloud to Cloud,2025-12-24T19:37:42.675+08:00
2025-12-25 11:19:33,2025-12-24T19:38:00+08:00,2025-12-24T19:40:04+08:00,1.0668,103.6004,C,Cloud to Cloud,2025-12-24T19:37:42.675+08:00
2025-12-25 11:19:33,2025-12-24T19:38:00+08:00,2025-12-24T19:40:04+08:00,1.0664,103.6017,C,Cloud to Cloud,2025-12-24T19:37:42.675+08:00
2025-12-25 11:19:33,2025-12-24T19:38:00+08:00,2025-12-24T19:40:04+08:00,1.0689,103.6028,C,Cloud to Cloud,2025-12-24T19:37:42.675+08:00
2025-12-25 11:19:33,2025-12-24T19:38:00+08:00,2025-12-24T19:40:04+08:00,1.0604,103.5943,C,Cloud to Cloud,2025-12-24T19:37:42.675+08:00
2025-12-25 11:19:33,2025-12-24T19:38:00+08:00,2025-12-24T19:40:04+08:00,1.0607,103.5962,C,Cloud to Cloud,2025-12-24T19:37:42.676+08:00
2025-12-25 11:19:33,2025-12-24T19:38:00+08:00,2025-12-24T19:40:04+08:00,1.0591,103.5912,C,Cloud to Cloud,2025-12-24T19:37:42.676+08:00
2025-12-25 11:19:33,2025-12-24T19:38:00+08:00,2025-12-24T19:40:04+08:00,1.0533,103.5898,C,Cloud to Cloud,2025-12-24T19:37:42.676+08:00
2025-12-25 11:19:33,2025-12-24T19:38:00+08:00,2025-12-24T19:40:04+08:00,1.0602,103.5947,C,Cloud to Cloud,2025-12-24T19:37:42.676+08:00
2025-12-25 11:19:33,2025-12-24T19:38:00+08:00,2025-12-24T19:40:04+08:00,1.058,103.5944,C,Cloud to Cloud,2025-12-24T19:37:42.676+08:00
2025-12-25 11:19:33,2025-12-24T19:38:00+08:00,2025-12-24T19:40:04+08:00,1.0565,103.5905,C,Cloud to Cloud,2025-12-24T19:37:42.676+08:00
2025-12-25 11:19:33,2025-12-24T19:38:00+08:00,2025-12-24T19:40:04+08:00,1.0625,103.5987,C,Cloud to Cloud,2025-12-24T19:37:42.677+08:00
2025-12-25 11:19:33,2025-12-24T19:38:00+08:00,2025-12-24T19:40:04+08:00,1.0599,103.5959,C,Cloud to Cloud,2025-12-24T19:37:42.677+08:00
2025-12-25 11:19:33,2025-12-24T19:38:00+08:00,2025-12-24T19:40:04+08:00,1.0557,103.5911,C,Cloud to Cloud,2025-12-24T19:37:42.677+08:00
2025-12-25 11:19:33,2025-12-24T19:38:00+08:00,2025-12-24T19:40:04+08:00,1.0576,103.5927,C,Cloud to Cloud,2025-12-24T19:37:42.677+08:00
2025-12-25 11:19:33,2025-12-24T19:38:00+08:00,2025-12-24T19:40:04+08:00,1.0567,103.5914,C,Cloud to Cloud,2025-12-24T19:37:42.677+08:00
2025-12-25 11:19:33,2025-12-24T19:38:00+08:00,2025-12-24T19:40:04+08:00,1.0559,103.592,C,Cloud to Cloud,2025-12-24T19:37:42.677+08:00
2025-12-25 11:19:33,2025-12-24T19:38:00+08:00,2025-12-24T19:40:04+08:00,1.0588,103.5938,C,Cloud to Cloud,2025-12-24T19:37:42.677+08:00
2025-12-25 11:19:33,2025-12-24T19:38:00+08:00,2025-12-24T19:40:04+08:00,1.0592,103.5955,C,Cloud to Cloud,2025-12-24T19:37:42.677+08:00
2025-12-25 11:19:33,2025-12-24T19:38:00+08:00,2025-12-24T19:40:04+08:00,1.0529,103.5882,C,Cloud to Cloud,2025-12-24T19:37:42.677+08:00
2025-12-25 11:19:33,2025-12-24T19:38:00+08:00,2025-12-24T19:40:04+08:00,1.0524,103.5875,C,Cloud to Cloud,2025-12-24T19:37:42.677+08:00
2025-12-25 11:19:33,2025-12-24T19:38:00+08:00,2025-12-24T19:40:04+08:00,1.054,103.5904,C,Cloud to Cloud,2025-12-24T19:37:42.678+08:00
2025-12-25 11:19:33,2025-12-24T19:38:00+08:00,2025-12-24T19:40:04+08:00,1.053,103.5859,C,Cloud to Cloud,2025-12-24T19:37:42.678+08:00
2025-12-25 11:19:33,2025-12-24T19:38:00+08:00,2025-12-24T19:40:04+08:00,1.0497,103.5842,C,Cloud to Cloud,2025-12-24T19:37:42.678+08:00
2025-12-25 11:19:33,2025-12-24T19:38:00+08:00,2025-12-24T19:40:04+08:00,1.0567,103.5925,C,Cloud to Cloud,2025-12-24T19:37:42.678+08:00
2025-12-25 11:19:33,2025-12-24T19:38:00+08:00,2025-12-24T19:40:04+08:00,1.0484,103.583,C,Cloud to Cloud,2025-12-24T19:37:42.678+08:00
2025-12-25 11:19:33,2025-12-24T19:38:00+08:00,2025-12-24T19:40:04+08:00,1.0571,103.5931,C,Cloud to Cloud,2025-12-24T19:37:42.678+08:00
2025-12-25 11:19:33,2025-12-24T19:38:00+08:00,2025-12-24T19:40:04+08:00,1.0531,103.588,C,Cloud to Cloud,2025-12-24T19:37:42.678+08:00
2025-12-25 11:19:33,2025-12-24T19:38:00+08:00,2025-12-24T19:40:04+08:00,1.0582,103.5964,C,Cloud to Cloud,2025-12-24T19:37:42.678+08:00
2025-12-25 11:19:33,2025-12-24T19:38:00+08:00,2025-12-24T19:40:04+08:00,1.0531,103.5891,C,Cloud to Cloud,2025-12-24T19:37:42.678+08:00
2025-12-25 11:19:33,2025-12-24T19:38:00+08:00,2025-12-24T19:40:04+08:00,1.0492,103.5824,C,Cloud to Cloud,2025-12-24T19:37:42.678+08:00
2025-12-25 11:19:33,2025-12-24T19:38:00+08:00,2025-12-24T19:40:04+08:00,1.0531,103.588,C,Cloud to Cloud,2025-12-24T19:37:42.679+08:00
2025-12-25 11:19:33,2025-12-24T19:38:00+08:00,2025-12-24T19:40:04+08:00,1.057,103.5953,C,Cloud to Cloud,2025-12-24T19:37:42.679+08:00
2025-12-25 11:19:33,2025-12-24T19:38:00+08:00,2025-12-24T19:40:04+08:00,1.0464,103.5801,C,Cloud to Cloud,2025-12-24T19:37:42.679+08:00
2025-12-25 11:19:33,2025-12-24T19:38:00+08:00,2025-12-24T19:40:04+08:00,1.0428,103.5749,C,Cloud to Cloud,2025-12-24T19:37:42.679+08:00
2025-12-25 11:19:33,2025-12-24T19:38:00+08:00,2025-12-24T19:40:04+08:00,1.0494,103.5844,C,Cloud to Cloud,2025-12-24T19:37:42.679+08:00
2025-12-25 11:19:33,2025-12-24T19:38:00+08:00,2025-12-24T19:40:04+08:00,1.0523,103.5886,C,Cloud to Cloud,2025-12-24T19:37:42.679+08:00
2025-12-25 11:19:33,2025-12-24T19:38:00+08:00,2025-12-24T19:40:04+08:00,1.0516,103.5881,C,Cloud to Cloud,2025-12-24T19:37:42.679+08:00
2025-12-25 11:19:33,2025-12-24T19:38:00+08:00,2025-12-24T19:40:04+08:00,1.0474,103.5816,C,Cloud to Cloud,2025-12-24T19:37:42.679+08:00
2025-12-25 11:19:33,2025-12-24T19:38:00+08:00,2025-12-24T19:40:04+08:00,1.0425,103.5752,C,Cloud to Cloud,2025-12-24T19:37:42.679+08:00
2025-12-25 11:19:33,2025-12-24T19:38:00+08:00,2025-12-24T19:40:04+08:00,1.0477,103.5825,C,Cloud to Cloud,2025-12-24T19:37:42.679+08:00
2025-12-25 11:19:33,2025-12-24T19:38:00+08:00,2025-12-24T19:40:04+08:00,1.05,103.584,C,Cloud to Cloud,2025-12-24T19:37:42.68+08:00
2025-12-25 11:19:33,2025-12-24T19:38:00+08:00,2025-12-24T19:40:04+08:00,1.0482,103.5832,C,Cloud to Cloud,2025-12-24T19:37:42.68+08:00
2025-12-25 11:19:33,2025-12-24T19:38:00+08:00,2025-12-24T19:40:04+08:00,1.0489,103.5837,C,Cloud to Cloud,2025-12-24T19:37:42.68+08:00
2025-12-25 11:19:33,2025-12-24T19:38:00+08:00,2025-12-24T19:40:04+08:00,1.0472,103.5818,C,Cloud to Cloud,2025-12-24T19:37:42.68+08:00
2025-12-25 11:19:33,2025-12-24T19:38:00+08:00,2025-12-24T19:40:04+08:00,1.0538,103.5906,C,Cloud to Cloud,2025-12-24T19:37:42.68+08:00
2025-12-25 11:19:33,2025-12-24T19:38:00+08:00,2025-12-24T19:40:04+08:00,1.0535,103.5909,C,Cloud to Cloud,2025-12-24T19:37:42.68+08:00
2025-12-25 11:19:33,2025-12-24T19:38:00+08:00,2025-12-24T19:40:04+08:00,1.0393,103.5705,C,Cloud to Cloud,2025-12-24T19:37:42.68+08:00
2025-12-25 11:19:33,2025-12-24T19:38:00+08:00,2025-12-24T19:40:04+08:00,1.0509,103.5854,C,Cloud to Cloud,2025-12-24T19:37:42.68+08:00
2025-12-25 11:19:33,2025-12-24T19:38:00+08:00,2025-12-24T19:40:04+08:00,1.0401,103.5711,C,Cloud to Cloud,2025-12-24T19:37:42.68+08:00
2025-12-25 11:19:33,2025-12-24T19:38:00+08:00,2025-12-24T19:40:04+08:00,1.0506,103.5868,C,Cloud to Cloud,2025-12-24T19:37:42.68+08:00
2025-12-25 11:19:33,2025-12-24T19:38:00+08:00,2025-12-24T19:40:04+08:00,1.0454,103.5787,C,Cloud to Cloud,2025-12-24T19:37:42.681+08:00
2025-12-25 11:19:33,2025-12-24T19:38:00+08:00,2025-12-24T19:40:04+08:00,1.0484,103.583,C,Cloud to Cloud,2025-12-24T19:37:42.681+08:00
2025-12-25 11:19:33,2025-12-24T19:38:00+08:00,2025-12-24T19:40:04+08:00,1.0473,103.5783,C,Cloud to Cloud,2025-12-24T19:37:42.681+08:00
2025-12-25 11:19:33,2025-12-24T19:38:00+08:00,2025-12-24T19:40:04+08:00,1.0474,103.5827,C,Cloud to Cloud,2025-12-24T19:37:42.681+08:00
2025-12-25 11:19:33,2025-12-24T19:38:00+08:00,2025-12-24T19:40:04+08:00,1.0418,103.5722,C,Cloud to Cloud,2025-12-24T19:37:42.681+08:00
2025-12-25 11:19:33,2025-12-24T19:38:00+08:00,2025-12-24T19:40:04+08:00,1.0537,103.594,C,Cloud to Cloud,2025-12-24T19:37:42.681+08:00
2025-12-25 11:19:33,2025-12-24T19:38:00+08:00,2025-12-24T19:40:04+08:00,1.0412,103.5726,C,Cloud to Cloud,2025-12-24T19:37:42.681+08:00
2025-12-25 11:19:33,2025-12-24T19:38:00+08:00,2025-12-24T19:40:04+08:00,1.0441,103.5762,C,Cloud to Cloud,2025-12-24T19:37:42.681+08:00
2025-12-25 11:19:33,2025-12-24T19:38:00+08:00,2025-12-24T19:40:04+08:00,1.048,103.5813,C,Cloud to Cloud,2025-12-24T19:37:42.681+08:00
2025-12-25 11:19:33,2025-12-24T19:38:00+08:00,2025-12-24T19:40:04+08:00,1.0436,103.5768,C,Cloud to Cloud,2025-12-24T19:37:42.681+08:00
2025-12-25 11:19:33,2025-12-24T19:38:00+08:00,2025-12-24T19:40:04+08:00,1.0385,103.5689,C,Cloud to Cloud,2025-12-24T19:37:42.682+08:00
2025-12-25 11:19:33,2025-12-24T19:38:00+08:00,2025-12-24T19:40:04+08:00,1.0388,103.5699,C,Cloud to Cloud,2025-12-24T19:37:42.682+08:00
2025-12-25 11:19:33,2025-12-24T19:38:00+08:00,2025-12-24T19:40:04+08:00,1.0382,103.5692,C,Cloud to Cloud,2025-12-24T19:37:42.682+08:00
2025-12-25 11:19:33,2025-12-24T19:38:00+08:00,2025-12-24T19:40:04+08:00,1.0452,103.5802,C,Cloud to Cloud,2025-12-24T19:37:42.682+08:00
2025-12-25 11:19:33,2025-12-24T19:38:00+08:00,2025-12-24T19:40:04+08:00,1.0439,103.5766,C,Cloud to Cloud,2025-12-24T19:37:42.682+08:00
2025-12-25 11:19:33,2025-12-24T19:38:00+08:00,2025-12-24T19:40:04+08:00,1.0521,103.589,C,Cloud to Cloud,2025-12-24T19:37:42.682+08:00
2025-12-25 11:19:33,2025-12-24T19:38:00+08:00,2025-12-24T19:40:04+08:00,1.0343,103.5635,C,Cloud to Cloud,2025-12-24T19:37:42.682+08:00
2025-12-25 11:19:33,2025-12-24T19:38:00+08:00,2025-12-24T19:40:04+08:00,1.0454,103.5824,C,Cloud to Cloud,2025-12-24T19:37:42.682+08:00
2025-12-25 11:19:33,2025-12-24T19:38:00+08:00,2025-12-24T19:40:04+08:00,1.0545,103.5935,C,Cloud to Cloud,2025-12-24T19:37:42.682+08:00
2025-12-25 11:19:33,2025-12-24T19:38:00+08:00,2025-12-24T19:40:04+08:00,1.0308,103.5598,C,Cloud to Cloud,2025-12-24T19:37:42.682+08:00
2025-12-25 11:19:33,2025-12-24T19:38:00+08:00,2025-12-24T19:40:04+08:00,1.0363,103.5683,C,Cloud to Cloud,2025-12-24T19:37:42.683+08:00
2025-12-25 11:19:33,2025-12-24T19:38:00+08:00,2025-12-24T19:40:04+08:00,1.0447,103.5783,C,Cloud to Cloud,2025-12-24T19:37:42.683+08:00
2025-12-25 11:19:33,2025-12-24T19:38:00+08:00,2025-12-24T19:40:04+08:00,1.0437,103.5744,C,Cloud to Cloud,2025-12-24T19:37:42.683+08:00
2025-12-25 11:19:33,2025-12-24T19:38:00+08:00,2025-12-24T19:40:04+08:00,1.0317,103.5617,C,Cloud to Cloud,2025-12-24T19:37:42.683+08:00
2025-12-25 11:19:33,2025-12-24T19:38:00+08:00,2025-12-24T19:40:04+08:00,1.0407,103.5733,C,Cloud to Cloud,2025-12-24T19:37:42.683+08:00
2025-12-25 11:19:33,2025-12-24T19:38:00+08:00,2025-12-24T19:40:04+08:00,1.0497,103.5855,C,Cloud to Cloud,2025-12-24T19:37:42.683+08:00
2025-12-25 11:19:33,2025-12-24T19:38:00+08:00,2025-12-24T19:40:04+08:00,1.0509,103.5878,C,Cloud to Cloud,2025-12-24T19:37:42.683+08:00
2025-12-25 11:19:33,2025-12-24T19:38:00+08:00,2025-12-24T19:40:04+08:00,1.032,103.5641,C,Cloud to Cloud,2025-12-24T19:37:42.683+08:00
2025-12-25 11:19:33,2025-12-24T19:38:00+08:00,2025-12-24T19:40:04+08:00,1.0459,103.5819,C,Cloud to Cloud,2025-12-24T19:37:42.683+08:00
2025-12-25 11:19:33,2025-12-24T19:38:00+08:00,2025-12-24T19:40:04+08:00,1.051,103.5905,G,Cloud to Ground,2025-12-24T19:37:42.683+08:00
2025-12-25 11:19:33,2025-12-24T19:38:00+08:00,2025-12-24T19:40:04+08:00,1.0751,103.6091,C,Cloud to Cloud,2025-12-24T19:37:42.684+08:00
2025-12-25 11:19:33,2025-12-24T19:38:00+08:00,2025-12-24T19:40:04+08:00,1.0601,103.5995,C,Cloud to Cloud,2025-12-24T19:37:42.684+08:00
2025-12-25 11:19:33,2025-12-24T19:38:00+08:00,2025-12-24T19:40:04+08:00,1.0283,103.5705,C,Cloud to Cloud,2025-12-24T19:37:42.689+08:00
2025-12-25 11:19:33,2025-12-24T19:38:00+08:00,2025-12-24T19:40:04+08:00,1.0793,103.6145,C,Cloud to Cloud,2025-12-24T19:37:42.697+08:00
2025-12-25 11:19:33,2025-12-24T19:38:00+08:00,2025-12-24T19:40:04+08:00,1.0813,103.6167,C,Cloud to Cloud,2025-12-24T19:37:42.697+08:00
2025-12-25 11:19:33,2025-12-24T19:38:00+08:00,2025-12-24T19:40:04+08:00,1.0518,103.5888,C,Cloud to Cloud,2025-12-24T19:37:42.697+08:00
2025-12-25 11:19:33,2025-12-24T19:38:00+08:00,2025-12-24T19:40:04+08:00,1.0599,103.577,C,Cloud to Cloud,2025-12-24T19:37:42.722+08:00
2025-12-25 11:19:33,2025-12-24T19:38:00+08:00,2025-12-24T19:40:04+08:00,1.0677,103.5807,G,Cloud to Ground,2025-12-24T19:37:42.722+08:00
2025-12-25 11:19:33,2025-12-24T19:38:00+08:00,2025-12-24T19:40:04+08:00,1.0672,103.5925,C,Cloud to Cloud,2025-12-24T19:37:42.722+08:00
2025-12-25 11:19:33,2025-12-24T19:38:00+08:00,2025-12-24T19:40:04+08:00,1.0505,103.568,C,Cloud to Cloud,2025-12-24T19:37:42.722+08:00
2025-12-25 11:19:33,2025-12-24T19:38:00+08:00,2025-12-24T19:40:04+08:00,1.0336,103.5543,C,Cloud to Cloud,2025-12-24T19:37:42.742+08:00
2025-12-25 11:19:33,2025-12-24T19:38:00+08:00,2025-12-24T19:40:04+08:00,1.056,103.5816,C,Cloud to Cloud,2025-12-24T19:37:42.759+08:00
2025-12-25 11:19:33,2025-12-24T19:38:00+08:00,2025-12-24T19:40:04+08:00,1.0542,103.5821,C,Cloud to Cloud,2025-12-24T19:37:42.775+08:00
2025-12-25 11:19:33,2025-12-24T19:38:00+08:00,2025-12-24T19:40:04+08:00,1.1149,103.6152,C,Cloud to Cloud,2025-12-24T19:37:42.801+08:00
2025-12-25 11:19:33,2025-12-24T19:38:00+08:00,2025-12-24T19:40:04+08:00,1.0578,103.5693,C,Cloud to Cloud,2025-12-24T19:37:42.801+08:00
2025-12-25 11:19:33,2025-12-24T19:38:00+08:00,2025-12-24T19:40:04+08:00,1.0531,103.5711,C,Cloud to Cloud,2025-12-24T19:37:42.868+08:00
2025-12-25 11:19:33,2025-12-24T19:38:00+08:00,2025-12-24T19:40:04+08:00,1.0948,103.6189,C,Cloud to Cloud,2025-12-24T19:37:42.974+08:00
2025-12-25 11:19:33,2025-12-24T19:38:00+08:00,2025-12-24T19:40:04+08:00,1.0869,103.6087,C,Cloud to Cloud,2025-12-24T19:37:43.045+08:00
2025-12-25 11:19:33,2025-12-24T19:38:00+08:00,2025-12-24T19:40:04+08:00,1.0229,103.5617,C,Cloud to Cloud,2025-12-24T19:37:43.045+08:00
2025-12-25 11:19:33,2025-12-24T19:38:00+08:00,2025-12-24T19:40:04+08:00,1.0656,103.5423,C,Cloud to Cloud,2025-12-24T19:37:43.086+08:00
2025-12-25 11:19:33,2025-12-24T19:38:00+08:00,2025-12-24T19:40:04+08:00,1.088,103.5908,C,Cloud to Cloud,2025-12-24T19:37:43.103+08:00
2025-12-25 11:19:33,2025-12-24T19:38:00+08:00,2025-12-24T19:40:04+08:00,1.0866,103.6017,C,Cloud to Cloud,2025-12-24T19:37:43.103+08:00
2025-12-25 11:19:33,2025-12-24T19:38:00+08:00,2025-12-24T19:40:04+08:00,1.0756,103.6048,C,Cloud to Cloud,2025-12-24T19:37:43.104+08:00
2025-12-25 11:19:33,2025-12-24T19:38:00+08:00,2025-12-24T19:40:04+08:00,1.0745,103.5995,C,Cloud to Cloud,2025-12-24T19:37:43.104+08:00
2025-12-25 11:19:33,2025-12-24T19:38:00+08:00,2025-12-24T19:40:04+08:00,1.0714,103.5873,C,Cloud to Cloud,2025-12-24T19:37:43.104+08:00
2025-12-25 11:19:33,2025-12-24T19:38:00+08:00,2025-12-24T19:40:04+08:00,1.0699,103.5832,C,Cloud to Cloud,2025-12-24T19:37:43.104+08:00
2025-12-25 11:19:33,2025-12-24T19:38:00+08:00,2025-12-24T19:40:04+08:00,1.0774,103.5848,C,Cloud to Cloud,2025-12-24T19:37:43.104+08:00
2025-12-25 11:19:33,2025-12-24T19:38:00+08:00,2025-12-24T19:40:04+08:00,1.0307,103.5549,G,Cloud to Ground,2025-12-24T19:37:43.104+08:00
2025-12-25 11:19:33,2025-12-24T19:38:00+08:00,2025-12-24T19:40:04+08:00,1.0779,103.5939,C,Cloud to Cloud,2025-12-24T19:37:43.104+08:00
2025-12-25 11:19:33,2025-12-24T19:38:00+08:00,2025-12-24T19:40:04+08:00,1.0551,103.5609,C,Cloud to Cloud,2025-12-24T19:37:43.105+08:00
2025-12-25 11:19:33,2025-12-24T19:38:00+08:00,2025-12-24T19:40:04+08:00,1.0478,103.551,C,Cloud to Cloud,2025-12-24T19:37:43.105+08:00
2025-12-25 11:19:33,2025-12-24T19:38:00+08:00,2025-12-24T19:40:04+08:00,1.0921,103.5918,C,Cloud to Cloud,2025-12-24T19:37:43.105+08:00
2025-12-25 11:19:33,2025-12-24T19:38:00+08:00,2025-12-24T19:40:04+08:00,1.0774,103.5949,C,Cloud to Cloud,2025-12-24T19:37:43.107+08:00
2025-12-25 11:19:33,2025-12-24T19:38:00+08:00,2025-12-24T19:40:04+08:00,1.0416,103.574,C,Cloud to Cloud,2025-12-24T19:37:43.107+08:00
2025-12-25 11:19:33,2025-12-24T19:38:00+08:00,2025-12-24T19:40:04+08:00,1.0919,103.5892,C,Cloud to Cloud,2025-12-24T19:37:43.108+08:00
2025-12-25 11:19:33,2025-12-24T19:38:00+08:00,2025-12-24T19:40:04+08:00,1.0917,103.6123,C,Cloud to Cloud,2025-12-24T19:37:43.12+08:00
2025-12-25 11:19:33,2025-12-24T19:38:00+08:00,2025-12-24T19:40:04+08:00,1.011,103.5411,C,Cloud to Cloud,2025-12-24T19:37:43.12+08:00
2025-12-25 11:19:33,2025-12-24T19:38:00+08:00,2025-12-24T19:40:04+08:00,1.0549,103.5834,C,Cloud to Cloud,2025-12-24T19:37:43.12+08:00
2025-12-25 11:19:33,2025-12-24T19:38:00+08:00,2025-12-24T19:40:04+08:00,1.1012,103.6151,C,Cloud to Cloud,2025-12-24T19:37:43.134+08:00
2025-12-25 11:19:33,2025-12-24T19:38:00+08:00,2025-12-24T19:40:04+08:00,1.1364,103.6314,C,Cloud to Cloud,2025-12-24T19:37:43.134+08:00
2025-12-25 11:19:33,2025-12-24T19:38:00+08:00,2025-12-24T19:40:04+08:00,1.054,103.5831,C,Cloud to Cloud,2025-12-24T19:37:43.134+08:00
2025-12-25 11:19:33,2025-12-24T19:38:00+08:00,2025-12-24T19:40:04+08:00,1.0621,103.5759,C,Cloud to Cloud,2025-12-24T19:37:43.187+08:00
2025-12-25 11:19:33,2025-12-24T19:38:00+08:00,2025-12-24T19:40:04+08:00,1.0771,103.5878,C,Cloud to Cloud,2025-12-24T19:37:43.187+08:00
2025-12-25 11:19:33,2025-12-24T19:38:00+08:00,2025-12-24T19:40:04+08:00,1.0836,103.605,C,Cloud to Cloud,2025-12-24T19:37:43.236+08:00
2025-12-25 11:19:33,2025-12-24T19:36:00+08:00,2025-12-24T19:38:03+08:00,1.0756,103.5935,C,Cloud to Cloud,2025-12-24T19:34:02.909+08:00
2025-12-25 11:19:33,2025-12-24T19:36:00+08:00,2025-12-24T19:38:03+08:00,1.0645,103.5885,C,Cloud to Cloud,2025-12-24T19:34:02.909+08:00
2025-12-25 11:19:33,2025-12-24T19:36:00+08:00,2025-12-24T19:38:03+08:00,1.0776,103.5952,C,Cloud to Cloud,2025-12-24T19:34:02.909+08:00
2025-12-25 11:19:33,2025-12-24T19:36:00+08:00,2025-12-24T19:38:03+08:00,1.0678,103.5875,C,Cloud to Cloud,2025-12-24T19:34:02.909+08:00
2025-12-25 11:19:33,2025-12-24T19:36:00+08:00,2025-12-24T19:38:03+08:00,1.0836,103.5981,C,Cloud to Cloud,2025-12-24T19:34:02.91+08:00
2025-12-25 11:19:33,2025-12-24T19:36:00+08:00,2025-12-24T19:38:03+08:00,1.0935,103.6056,C,Cloud to Cloud,2025-12-24T19:34:02.91+08:00
2025-12-25 11:19:33,2025-12-24T19:36:00+08:00,2025-12-24T19:38:03+08:00,1.0798,103.5962,C,Cloud to Cloud,2025-12-24T19:34:02.924+08:00
2025-12-25 11:19:33,2025-12-24T19:36:00+08:00,2025-12-24T19:38:03+08:00,1.0726,103.5851,C,Cloud to Cloud,2025-12-24T19:34:02.924+08:00
2025-12-25 11:19:33,2025-12-24T19:36:00+08:00,2025-12-24T19:38:03+08:00,1.0747,103.5881,C,Cloud to Cloud,2025-12-24T19:34:02.924+08:00
2025-12-25 11:19:33,2025-12-24T19:36:00+08:00,2025-12-24T19:38:03+08:00,1.0752,103.5878,C,Cloud to Cloud,2025-12-24T19:34:02.924+08:00
2025-12-25 11:19:33,2025-12-24T19:36:00+08:00,2025-12-24T19:38:03+08:00,1.0733,103.5826,C,Cloud to Cloud,2025-12-24T19:34:02.924+08:00
2025-12-25 11:19:33,2025-12-24T19:36:00+08:00,2025-12-24T19:38:03+08:00,1.0746,103.5873,C,Cloud to Cloud,2025-12-24T19:34:02.924+08:00
2025-12-25 11:19:33,2025-12-24T19:36:00+08:00,2025-12-24T19:38:03+08:00,1.0704,103.5798,C,Cloud to Cloud,2025-12-24T19:34:02.925+08:00
2025-12-25 11:19:33,2025-12-24T19:36:00+08:00,2025-12-24T19:38:03+08:00,1.0741,103.5821,C,Cloud to Cloud,2025-12-24T19:34:02.925+08:00
2025-12-25 11:19:33,2025-12-24T19:36:00+08:00,2025-12-24T19:38:03+08:00,1.0736,103.5825,C,Cloud to Cloud,2025-12-24T19:34:02.925+08:00
2025-12-25 11:19:33,2025-12-24T19:36:00+08:00,2025-12-24T19:38:03+08:00,1.0811,103.5918,C,Cloud to Cloud,2025-12-24T19:34:02.925+08:00
2025-12-25 11:19:33,2025-12-24T19:36:00+08:00,2025-12-24T19:38:03+08:00,1.0798,103.5909,C,Cloud to Cloud,2025-12-24T19:34:02.925+08:00
2025-12-25 11:19:33,2025-12-24T19:36:00+08:00,2025-12-24T19:38:03+08:00,1.0757,103.5892,C,Cloud to Cloud,2025-12-24T19:34:02.925+08:00
2025-12-25 11:19:33,2025-12-24T19:36:00+08:00,2025-12-24T19:38:03+08:00,1.0738,103.5823,C,Cloud to Cloud,2025-12-24T19:34:02.925+08:00
2025-12-25 11:19:33,2025-12-24T19:36:00+08:00,2025-12-24T19:38:03+08:00,1.0813,103.5959,C,Cloud to Cloud,2025-12-24T19:34:02.925+08:00
2025-12-25 11:19:33,2025-12-24T19:36:00+08:00,2025-12-24T19:38:03+08:00,1.0734,103.5789,C,Cloud to Cloud,2025-12-24T19:34:02.925+08:00
2025-12-25 11:19:33,2025-12-24T19:36:00+08:00,2025-12-24T19:38:03+08:00,1.0662,103.5708,C,Cloud to Cloud,2025-12-24T19:34:02.925+08:00
2025-12-25 11:19:33,2025-12-24T19:36:00+08:00,2025-12-24T19:38:03+08:00,1.0665,103.5706,C,Cloud to Cloud,2025-12-24T19:34:02.926+08:00
2025-12-25 11:19:33,2025-12-24T19:36:00+08:00,2025-12-24T19:38:03+08:00,1.0791,103.5905,C,Cloud to Cloud,2025-12-24T19:34:02.926+08:00
2025-12-25 11:19:33,2025-12-24T19:36:00+08:00,2025-12-24T19:38:03+08:00,1.0755,103.5857,C,Cloud to Cloud,2025-12-24T19:34:02.926+08:00
2025-12-25 11:19:33,2025-12-24T19:36:00+08:00,2025-12-24T19:38:03+08:00,1.0809,103.5928,C,Cloud to Cloud,2025-12-24T19:34:02.926+08:00
2025-12-25 11:19:33,2025-12-24T19:36:00+08:00,2025-12-24T19:38:03+08:00,1.0779,103.5878,C,Cloud to Cloud,2025-12-24T19:34:02.926+08:00
2025-12-25 11:19:33,2025-12-24T19:36:00+08:00,2025-12-24T19:38:03+08:00,1.0732,103.5818,C,Cloud to Cloud,2025-12-24T19:34:02.926+08:00
2025-12-25 11:19:33,2025-12-24T19:36:00+08:00,2025-12-24T19:38:03+08:00,1.0714,103.5782,C,Cloud to Cloud,2025-12-24T19:34:02.926+08:00
2025-12-25 11:19:33,2025-12-24T19:36:00+08:00,2025-12-24T19:38:03+08:00,1.07,103.5772,C,Cloud to Cloud,2025-12-24T19:34:02.926+08:00
2025-12-25 11:19:33,2025-12-24T19:36:00+08:00,2025-12-24T19:38:03+08:00,1.0741,103.584,C,Cloud to Cloud,2025-12-24T19:34:02.926+08:00
2025-12-25 11:19:33,2025-12-24T19:36:00+08:00,2025-12-24T19:38:03+08:00,1.0762,103.5844,C,Cloud to Cloud,2025-12-24T19:34:02.926+08:00
2025-12-25 11:19:33,2025-12-24T19:36:00+08:00,2025-12-24T19:38:03+08:00,1.0752,103.5832,C,Cloud to Cloud,2025-12-24T19:34:02.927+08:00
2025-12-25 11:19:33,2025-12-24T19:36:00+08:00,2025-12-24T19:38:03+08:00,1.0795,103.5929,C,Cloud to Cloud,2025-12-24T19:34:02.927+08:00
2025-12-25 11:19:33,2025-12-24T19:36:00+08:00,2025-12-24T19:38:03+08:00,1.0724,103.5785,C,Cloud to Cloud,2025-12-24T19:34:02.927+08:00
2025-12-25 11:19:33,2025-12-24T19:36:00+08:00,2025-12-24T19:38:03+08:00,1.0772,103.5873,C,Cloud to Cloud,2025-12-24T19:34:02.927+08:00
2025-12-25 11:19:33,2025-12-24T19:36:00+08:00,2025-12-24T19:38:03+08:00,1.0738,103.5823,C,Cloud to Cloud,2025-12-24T19:34:02.927+08:00
2025-12-25 11:19:33,2025-12-24T19:36:00+08:00,2025-12-24T19:38:03+08:00,1.0787,103.5916,C,Cloud to Cloud,2025-12-24T19:34:02.927+08:00
2025-12-25 11:19:33,2025-12-24T19:36:00+08:00,2025-12-24T19:38:03+08:00,1.077,103.5901,C,Cloud to Cloud,2025-12-24T19:34:02.927+08:00
2025-12-25 11:19:33,2025-12-24T19:36:00+08:00,2025-12-24T19:38:03+08:00,1.0712,103.5812,C,Cloud to Cloud,2025-12-24T19:34:02.927+08:00
2025-12-25 11:19:33,2025-12-24T19:36:00+08:00,2025-12-24T19:38:03+08:00,1.078,103.5904,C,Cloud to Cloud,2025-12-24T19:34:02.927+08:00
2025-12-25 11:19:33,2025-12-24T19:36:00+08:00,2025-12-24T19:38:03+08:00,1.0738,103.5823,C,Cloud to Cloud,2025-12-24T19:34:02.927+08:00
2025-12-25 11:19:33,2025-12-24T19:36:00+08:00,2025-12-24T19:38:03+08:00,1.0823,103.5952,C,Cloud to Cloud,2025-12-24T19:34:02.928+08:00
2025-12-25 11:19:33,2025-12-24T19:36:00+08:00,2025-12-24T19:38:03+08:00,1.0755,103.5876,C,Cloud to Cloud,2025-12-24T19:34:02.928+08:00
2025-12-25 11:19:33,2025-12-24T19:36:00+08:00,2025-12-24T19:38:03+08:00,1.0796,103.5919,C,Cloud to Cloud,2025-12-24T19:34:02.928+08:00
2025-12-25 11:19:33,2025-12-24T19:36:00+08:00,2025-12-24T19:38:03+08:00,1.0692,103.5758,C,Cloud to Cloud,2025-12-24T19:34:02.928+08:00
2025-12-25 11:19:33,2025-12-24T19:36:00+08:00,2025-12-24T19:38:03+08:00,1.0779,103.5896,C,Cloud to Cloud,2025-12-24T19:34:02.928+08:00
2025-12-25 11:19:33,2025-12-24T19:36:00+08:00,2025-12-24T19:38:03+08:00,1.0763,103.587,C,Cloud to Cloud,2025-12-24T19:34:02.928+08:00
2025-12-25 11:19:33,2025-12-24T19:36:00+08:00,2025-12-24T19:38:03+08:00,1.0717,103.5799,C,Cloud to Cloud,2025-12-24T19:34:02.928+08:00
2025-12-25 11:19:33,2025-12-24T19:36:00+08:00,2025-12-24T19:38:03+08:00,1.0793,103.5895,C,Cloud to Cloud,2025-12-24T19:34:02.928+08:00
2025-12-25 11:19:33,2025-12-24T19:36:00+08:00,2025-12-24T19:38:03+08:00,1.0755,103.5857,C,Cloud to Cloud,2025-12-24T19:34:02.929+08:00
2025-12-25 11:19:33,2025-12-24T19:36:00+08:00,2025-12-24T19:38:03+08:00,1.0758,103.5897,C,Cloud to Cloud,2025-12-24T19:34:02.931+08:00
2025-12-25 11:19:33,2025-12-24T19:36:00+08:00,2025-12-24T19:38:03+08:00,1.0599,103.5639,G,Cloud to Ground,2025-12-24T19:34:02.931+08:00
2025-12-25 11:19:33,2025-12-24T19:36:00+08:00,2025-12-24T19:38:03+08:00,1.074,103.596,C,Cloud to Cloud,2025-12-24T19:34:02.931+08:00
2025-12-25 11:19:33,2025-12-24T19:36:00+08:00,2025-12-24T19:38:03+08:00,1.0756,103.5982,C,Cloud to Cloud,2025-12-24T19:34:02.931+08:00
2025-12-25 11:19:33,2025-12-24T19:36:00+08:00,2025-12-24T19:38:03+08:00,1.0793,103.6026,C,Cloud to Cloud,2025-12-24T19:34:02.931+08:00
2025-12-25 11:19:33,2025-12-24T19:36:00+08:00,2025-12-24T19:38:03+08:00,1.0796,103.5973,C,Cloud to Cloud,2025-12-24T19:34:02.952+08:00
2025-12-25 11:19:33,2025-12-24T19:36:00+08:00,2025-12-24T19:38:03+08:00,1.0803,103.6119,C,Cloud to Cloud,2025-12-24T19:34:02.954+08:00
2025-12-25 11:19:33,2025-12-24T19:36:00+08:00,2025-12-24T19:38:03+08:00,1.0488,103.614,C,Cloud to Cloud,2025-12-24T19:34:02.954+08:00
2025-12-25 11:19:33,2025-12-24T19:36:00+08:00,2025-12-24T19:38:03+08:00,1.0735,103.603,C,Cloud to Cloud,2025-12-24T19:34:02.957+08:00
2025-12-25 11:19:33,2025-12-24T19:36:00+08:00,2025-12-24T19:38:03+08:00,1.0725,103.606,C,Cloud to Cloud,2025-12-24T19:34:02.957+08:00
2025-12-25 11:19:33,2025-12-24T19:36:00+08:00,2025-12-24T19:38:03+08:00,1.0602,103.5971,C,Cloud to Cloud,2025-12-24T19:34:02.957+08:00
2025-12-25 11:19:33,2025-12-24T19:36:00+08:00,2025-12-24T19:38:03+08:00,1.1114,103.6218,C,Cloud to Cloud,2025-12-24T19:34:03.007+08:00
2025-12-25 11:19:33,2025-12-24T19:36:00+08:00,2025-12-24T19:38:03+08:00,1.043,103.5746,G,Cloud to Ground,2025-12-24T19:34:03.007+08:00
2025-12-25 11:19:33,2025-12-24T19:36:00+08:00,2025-12-24T19:38:03+08:00,1.0577,103.5837,C,Cloud to Cloud,2025-12-24T19:34:03.007+08:00
2025-12-25 11:19:33,2025-12-24T19:36:00+08:00,2025-12-24T19:38:03+08:00,1.0395,103.5761,C,Cloud to Cloud,2025-12-24T19:34:03.007+08:00
2025-12-25 11:19:33,2025-12-24T19:36:00+08:00,2025-12-24T19:38:03+08:00,1.1411,103.6317,C,Cloud to Cloud,2025-12-24T19:34:03.007+08:00
2025-12-25 11:19:33,2025-12-24T19:36:00+08:00,2025-12-24T19:38:03+08:00,1.0625,103.5792,C,Cloud to Cloud,2025-12-24T19:34:03.033+08:00
2025-12-25 11:19:33,2025-12-24T19:36:00+08:00,2025-12-24T19:38:03+08:00,1.0855,103.5903,C,Cloud to Cloud,2025-12-24T19:34:03.033+08:00
2025-12-25 11:19:33,2025-12-24T19:36:00+08:00,2025-12-24T19:38:03+08:00,1.0662,103.5716,C,Cloud to Cloud,2025-12-24T19:34:03.033+08:00
2025-12-25 11:19:33,2025-12-24T19:36:00+08:00,2025-12-24T19:38:03+08:00,1.0586,103.5645,G,Cloud to Ground,2025-12-24T19:34:03.041+08:00
2025-12-25 11:19:33,2025-12-24T19:36:00+08:00,2025-12-24T19:38:03+08:00,1.0664,103.5794,C,Cloud to Cloud,2025-12-24T19:34:03.074+08:00
2025-12-25 11:19:33,2025-12-24T19:36:00+08:00,2025-12-24T19:38:03+08:00,1.0742,103.5832,C,Cloud to Cloud,2025-12-24T19:34:03.096+08:00
2025-12-25 11:19:33,2025-12-24T19:36:00+08:00,2025-12-24T19:38:03+08:00,1.0744,103.5867,C,Cloud to Cloud,2025-12-24T19:34:03.138+08:00
2025-12-25 11:19:33,2025-12-24T19:36:00+08:00,2025-12-24T19:38:03+08:00,1.0696,103.5837,C,Cloud to Cloud,2025-12-24T19:34:03.138+08:00
2025-12-25 11:19:33,2025-12-24T19:36:00+08:00,2025-12-24T19:38:03+08:00,1.0641,103.5663,C,Cloud to Cloud,2025-12-24T19:34:03.138+08:00
2025-12-25 11:19:33,2025-12-24T19:36:00+08:00,2025-12-24T19:38:03+08:00,1.0625,103.5683,G,Cloud to Ground,2025-12-24T19:34:03.139+08:00
2025-12-25 11:19:33,2025-12-24T19:36:00+08:00,2025-12-24T19:38:03+08:00,1.0614,103.5739,C,Cloud to Cloud,2025-12-24T19:34:03.139+08:00
2025-12-25 11:19:33,2025-12-24T19:36:00+08:00,2025-12-24T19:38:03+08:00,1.1092,103.6044,C,Cloud to Cloud,2025-12-24T19:34:03.158+08:00
2025-12-25 11:19:33,2025-12-24T19:36:00+08:00,2025-12-24T19:38:03+08:00,1.0613,103.5381,C,Cloud to Cloud,2025-12-24T19:34:03.162+08:00
2025-12-25 11:19:33,2025-12-24T19:36:00+08:00,2025-12-24T19:38:03+08:00,1.0921,103.6091,C,Cloud to Cloud,2025-12-24T19:34:03.162+08:00
2025-12-25 11:19:33,2025-12-24T19:36:00+08:00,2025-12-24T19:38:03+08:00,1.0169,103.5583,C,Cloud to Cloud,2025-12-24T19:34:25.416+08:00
2025-12-25 11:19:33,2025-12-24T19:36:00+08:00,2025-12-24T19:38:03+08:00,1.0717,103.5951,C,Cloud to Cloud,2025-12-24T19:34:25.423+08:00
2025-12-25 11:19:33,2025-12-24T19:36:00+08:00,2025-12-24T19:38:03+08:00,1.081,103.6158,C,Cloud to Cloud,2025-12-24T19:34:25.424+08:00
2025-12-25 11:19:33,2025-12-24T19:36:00+08:00,2025-12-24T19:38:03+08:00,1.0366,103.5876,C,Cloud to Cloud,2025-12-24T19:34:25.424+08:00
2025-12-25 11:19:33,2025-12-24T19:36:00+08:00,2025-12-24T19:38:03+08:00,1.1007,103.6281,C,Cloud to Cloud,2025-12-24T19:34:25.496+08:00
2025-12-25 11:19:33,2025-12-24T19:36:00+08:00,2025-12-24T19:38:03+08:00,1.1194,103.634,C,Cloud to Cloud,2025-12-24T19:34:25.496+08:00
2025-12-25 11:19:33,2025-12-24T19:36:00+08:00,2025-12-24T19:38:03+08:00,1.0576,103.5874,C,Cloud to Cloud,2025-12-24T19:34:25.52+08:00
2025-12-25 11:19:33,2025-12-24T19:36:00+08:00,2025-12-24T19:38:03+08:00,1.0861,103.6126,C,Cloud to Cloud,2025-12-24T19:34:25.52+08:00
2025-12-25 11:19:33,2025-12-24T19:36:00+08:00,2025-12-24T19:38:03+08:00,1.0411,103.5763,C,Cloud to Cloud,2025-12-24T19:34:25.648+08:00
2025-12-25 11:19:33,2025-12-24T19:36:00+08:00,2025-12-24T19:38:03+08:00,1.0545,103.5652,C,Cloud to Cloud,2025-12-24T19:34:25.648+08:00
2025-12-25 11:19:33,2025-12-24T19:36:00+08:00,2025-12-24T19:38:03+08:00,1.0951,103.5843,C,Cloud to Cloud,2025-12-24T19:34:25.695+08:00
2025-12-25 11:19:33,2025-12-24T19:36:00+08:00,2025-12-24T19:38:03+08:00,1.0661,103.5964,C,Cloud to Cloud,2025-12-24T19:34:25.819+08:00
2025-12-25 11:19:33,2025-12-24T19:36:00+08:00,2025-12-24T19:38:03+08:00,1.066,103.6001,C,Cloud to Cloud,2025-12-24T19:34:25.819+08:00
2025-12-25 11:19:33,2025-12-24T19:36:00+08:00,2025-12-24T19:38:03+08:00,1.115,103.62,C,Cloud to Cloud,2025-12-24T19:34:25.892+08:00
2025-12-25 11:19:33,2025-12-24T19:36:00+08:00,2025-12-24T19:38:03+08:00,1.0431,103.5717,C,Cloud to Cloud,2025-12-24T19:34:25.892+08:00
2025-12-25 11:19:33,2025-12-24T19:36:00+08:00,2025-12-24T19:38:03+08:00,1.0675,103.5981,C,Cloud to Cloud,2025-12-24T19:34:25.893+08:00
2025-12-25 11:19:33,2025-12-24T19:36:00+08:00,2025-12-24T19:38:03+08:00,1.0703,103.5899,C,Cloud to Cloud,2025-12-24T19:34:25.893+08:00
2025-12-25 11:19:33,2025-12-24T19:36:00+08:00,2025-12-24T19:38:03+08:00,1.141,103.63,C,Cloud to Cloud,2025-12-24T19:34:25.909+08:00
2025-12-25 11:19:33,2025-12-24T19:36:00+08:00,2025-12-24T19:38:03+08:00,1.0985,103.6181,C,Cloud to Cloud,2025-12-24T19:34:25.91+08:00
2025-12-25 11:19:33,2025-12-24T19:36:00+08:00,2025-12-24T19:38:03+08:00,1.0695,103.5789,C,Cloud to Cloud,2025-12-24T19:34:25.91+08:00
2025-12-25 11:19:33,2025-12-24T19:36:00+08:00,2025-12-24T19:38:03+08:00,1.1062,103.6234,C,Cloud to Cloud,2025-12-24T19:34:25.928+08:00
2025-12-25 11:19:33,2025-12-24T19:36:00+08:00,2025-12-24T19:38:03+08:00,1.0467,103.5687,C,Cloud to Cloud,2025-12-24T19:34:25.952+08:00
2025-12-25 11:19:33,2025-12-24T19:36:00+08:00,2025-12-24T19:38:03+08:00,1.0376,103.5387,C,Cloud to Cloud,2025-12-24T19:34:25.952+08:00
2025-12-25 11:19:33,2025-12-24T19:36:00+08:00,2025-12-24T19:38:03+08:00,1.0959,103.586,C,Cloud to Cloud,2025-12-24T19:34:26.183+08:00
2025-12-25 11:19:33,2025-12-24T19:36:00+08:00,2025-12-24T19:38:03+08:00,1.071,103.5645,C,Cloud to Cloud,2025-12-24T19:34:26.184+08:00
2025-12-25 11:19:33,2025-12-24T19:36:00+08:00,2025-12-24T19:38:03+08:00,1.1149,103.5731,C,Cloud to Cloud,2025-12-24T19:34:26.185+08:00
2025-12-25 11:19:33,2025-12-24T19:36:00+08:00,2025-12-24T19:38:03+08:00,1.1204,103.5643,C,Cloud to Cloud,2025-12-24T19:34:26.186+08:00
2025-12-25 11:19:33,2025-12-24T19:36:00+08:00,2025-12-24T19:38:03+08:00,1.119,103.5606,C,Cloud to Cloud,2025-12-24T19:34:26.186+08:00
2025-12-25 11:19:33,2025-12-24T19:36:00+08:00,2025-12-24T19:38:03+08:00,1.0702,103.5953,C,Cloud to Cloud,2025-12-24T19:35:14.978+08:00
2025-12-25 11:19:33,2025-12-24T19:36:00+08:00,2025-12-24T19:38:03+08:00,1.0534,103.5863,G,Cloud to Ground,2025-12-24T19:35:14.998+08:00
2025-12-25 11:19:33,2025-12-24T19:36:00+08:00,2025-12-24T19:38:03+08:00,1.0701,103.6011,C,Cloud to Cloud,2025-12-24T19:35:14.998+08:00
2025-12-25 11:19:33,2025-12-24T19:36:00+08:00,2025-12-24T19:38:03+08:00,1.0631,103.5993,C,Cloud to Cloud,2025-12-24T19:35:14.998+08:00
2025-12-25 11:19:33,2025-12-24T19:36:00+08:00,2025-12-24T19:38:03+08:00,1.0901,103.6229,C,Cloud to Cloud,2025-12-24T19:35:14.998+08:00
2025-12-25 11:19:33,2025-12-24T19:36:00+08:00,2025-12-24T19:38:03+08:00,1.0877,103.6081,C,Cloud to Cloud,2025-12-24T19:35:15.03+08:00
2025-12-25 11:19:33,2025-12-24T19:36:00+08:00,2025-12-24T19:38:03+08:00,1.0807,103.5949,C,Cloud to Cloud,2025-12-24T19:35:15.03+08:00
2025-12-25 11:19:33,2025-12-24T19:36:00+08:00,2025-12-24T19:38:03+08:00,1.0156,103.5703,G,Cloud to Ground,2025-12-24T19:35:15.085+08:00
2025-12-25 11:19:33,2025-12-24T19:36:00+08:00,2025-12-24T19:38:03+08:00,1.0822,103.6387,C,Cloud to Cloud,2025-12-24T19:35:15.085+08:00
2025-12-25 11:19:33,2025-12-24T19:36:00+08:00,2025-12-24T19:38:03+08:00,1.0314,103.5776,G,Cloud to Ground,2025-12-24T19:35:15.273+08:00
2025-12-25 11:19:33,2025-12-24T19:36:00+08:00,2025-12-24T19:38:03+08:00,1.0622,103.6011,C,Cloud to Cloud,2025-12-24T19:35:15.273+08:00
2025-12-25 11:19:33,2025-12-24T19:36:00+08:00,2025-12-24T19:38:03+08:00,1.0796,103.639,C,Cloud to Cloud,2025-12-24T19:35:15.373+08:00
2025-12-25 11:19:33,2025-12-24T19:36:00+08:00,2025-12-24T19:38:03+08:00,1.0323,103.5767,G,Cloud to Ground,2025-12-24T19:35:15.373+08:00
2025-12-25 11:19:33,2025-12-24T19:36:00+08:00,2025-12-24T19:38:03+08:00,1.0671,103.582,C,Cloud to Cloud,2025-12-24T19:35:15.449+08:00
2025-12-25 11:19:33,2025-12-24T19:36:00+08:00,2025-12-24T19:38:03+08:00,1.0561,103.5763,C,Cloud to Cloud,2025-12-24T19:35:15.449+08:00
2025-12-25 11:19:33,2025-12-24T19:36:00+08:00,2025-12-24T19:38:03+08:00,1.056,103.5808,C,Cloud to Cloud,2025-12-24T19:35:15.449+08:00
2025-12-25 11:19:33,2025-12-24T19:36:00+08:00,2025-12-24T19:38:03+08:00,1.0336,103.5778,G,Cloud to Ground,2025-12-24T19:35:15.453+08:00
2025-12-25 11:19:33,2025-12-24T19:36:00+08:00,2025-12-24T19:38:03+08:00,1.0562,103.5395,C,Cloud to Cloud,2025-12-24T19:35:15.458+08:00
2025-12-25 11:19:33,2025-12-24T19:36:00+08:00,2025-12-24T19:38:03+08:00,1.0414,103.5353,C,Cloud to Cloud,2025-12-24T19:35:15.547+08:00
2025-12-25 11:19:33,2025-12-24T19:36:00+08:00,2025-12-24T19:38:03+08:00,1.0677,103.5916,C,Cloud to Cloud,2025-12-24T19:35:15.617+08:00
2025-12-25 11:19:33,2025-12-24T19:36:00+08:00,2025-12-24T19:38:03+08:00,1.0753,103.5982,C,Cloud to Cloud,2025-12-24T19:35:15.617+08:00
2025-12-25 11:19:33,2025-12-24T19:36:00+08:00,2025-12-24T19:38:03+08:00,1.0703,103.5971,C,Cloud to Cloud,2025-12-24T19:35:15.618+08:00
2025-12-25 11:19:33,2025-12-24T19:36:00+08:00,2025-12-24T19:38:03+08:00,1.0986,103.6497,C,Cloud to Cloud,2025-12-24T19:35:15.618+08:00
2025-12-25 11:19:33,2025-12-24T19:36:00+08:00,2025-12-24T19:38:03+08:00,1.091,103.6456,C,Cloud to Cloud,2025-12-24T19:35:15.618+08:00
2025-12-25 11:19:33,2025-12-24T19:36:00+08:00,2025-12-24T19:38:03+08:00,1.0883,103.6446,C,Cloud to Cloud,2025-12-24T19:35:15.618+08:00
2025-12-25 11:19:33,2025-12-24T19:36:00+08:00,2025-12-24T19:38:03+08:00,1.036,103.5797,G,Cloud to Ground,2025-12-24T19:35:15.618+08:00
2025-12-25 11:19:33,2025-12-24T19:36:00+08:00,2025-12-24T19:38:03+08:00,1.049,103.5415,C,Cloud to Cloud,2025-12-24T19:35:15.62+08:00
2025-12-25 11:19:33,2025-12-24T19:36:00+08:00,2025-12-24T19:38:03+08:00,1.0318,103.5756,G,Cloud to Ground,2025-12-24T19:35:15.833+08:00
2025-12-25 11:19:33,2025-12-24T19:36:00+08:00,2025-12-24T19:38:03+08:00,1.0893,103.5596,C,Cloud to Cloud,2025-12-24T19:35:15.97+08:00
2025-12-25 11:19:33,2025-12-24T19:36:00+08:00,2025-12-24T19:38:03+08:00,1.0767,103.5478,C,Cloud to Cloud,2025-12-24T19:35:15.97+08:00
2025-12-25 11:19:33,2025-12-24T19:36:00+08:00,2025-12-24T19:38:03+08:00,1.072,103.5618,C,Cloud to Cloud,2025-12-24T19:35:15.97+08:00
2025-12-25 11:19:33,2025-12-24T19:36:00+08:00,2025-12-24T19:38:03+08:00,1.0309,103.5183,C,Cloud to Cloud,2025-12-24T19:35:15.97+08:00
2025-12-25 11:19:33,2025-12-24T19:36:00+08:00,2025-12-24T19:38:03+08:00,0.9672,103.8867,C,Cloud to Cloud,2025-12-24T19:35:41.506+08:00
2025-12-25 11:19:33,2025-12-24T19:36:00+08:00,2025-12-24T19:38:03+08:00,1.0364,103.8746,C,Cloud to Cloud,2025-12-24T19:35:41.507+08:00
2025-12-25 11:19:33,2025-12-24T19:36:00+08:00,2025-12-24T19:38:03+08:00,1.0422,103.873,C,Cloud to Cloud,2025-12-24T19:35:41.508+08:00
2025-12-25 11:19:33,2025-12-24T19:36:00+08:00,2025-12-24T19:38:03+08:00,1.0302,103.8758,C,Cloud to Cloud,2025-12-24T19:35:41.508+08:00
2025-12-25 11:19:33,2025-12-24T19:36:00+08:00,2025-12-24T19:38:03+08:00,1.0486,103.8665,C,Cloud to Cloud,2025-12-24T19:35:41.508+08:00
2025-12-25 11:19:33,2025-12-24T19:36:00+08:00,2025-12-24T19:38:03+08:00,1.0482,103.8713,C,Cloud to Cloud,2025-12-24T19:35:41.508+08:00
2025-12-25 11:19:33,2025-12-24T19:36:00+08:00,2025-12-24T19:38:03+08:00,1.0117,103.8811,C,Cloud to Cloud,2025-12-24T19:35:41.509+08:00
2025-12-25 11:19:33,2025-12-24T19:36:00+08:00,2025-12-24T19:38:03+08:00,1.0294,103.8745,C,Cloud to Cloud,2025-12-24T19:35:41.51+08:00
2025-12-25 11:19:33,2025-12-24T19:36:00+08:00,2025-12-24T19:38:03+08:00,1.0487,103.8687,C,Cloud to Cloud,2025-12-24T19:35:41.514+08:00
2025-12-25 11:19:33,2025-12-24T19:36:00+08:00,2025-12-24T19:38:03+08:00,1.0349,103.5239,C,Cloud to Cloud,2025-12-24T19:35:49.315+08:00
2025-12-25 11:19:33,2025-12-24T19:36:00+08:00,2025-12-24T19:38:03+08:00,1.0252,103.5159,C,Cloud to Cloud,2025-12-24T19:35:49.315+08:00
2025-12-25 11:19:33,2025-12-24T19:36:00+08:00,2025-12-24T19:38:03+08:00,1.0432,103.5313,C,Cloud to Cloud,2025-12-24T19:35:49.315+08:00
2025-12-25 11:19:33,2025-12-24T19:36:00+08:00,2025-12-24T19:38:03+08:00,1.1078,103.615,C,Cloud to Cloud,2025-12-24T19:35:49.321+08:00
2025-12-25 11:19:33,2025-12-24T19:36:00+08:00,2025-12-24T19:38:03+08:00,1.1236,103.6085,C,Cloud to Cloud,2025-12-24T19:35:49.323+08:00
2025-12-25 11:19:33,2025-12-24T19:36:00+08:00,2025-12-24T19:38:03+08:00,1.0725,103.5893,C,Cloud to Cloud,2025-12-24T19:35:49.571+08:00
2025-12-25 11:19:33,2025-12-24T19:36:00+08:00,2025-12-24T19:38:03+08:00,1.0294,103.5857,C,Cloud to Cloud,2025-12-24T19:35:49.571+08:00
2025-12-25 11:19:33,2025-12-24T19:36:00+08:00,2025-12-24T19:38:03+08:00,1.1489,103.6513,C,Cloud to Cloud,2025-12-24T19:35:49.689+08:00
2025-12-25 11:19:33,2025-12-24T19:36:00+08:00,2025-12-24T19:38:03+08:00,1.0814,103.5904,C,Cloud to Cloud,2025-12-24T19:35:49.729+08:00
2025-12-25 11:19:33,2025-12-24T19:36:00+08:00,2025-12-24T19:38:03+08:00,1.09,103.5975,C,Cloud to Cloud,2025-12-24T19:35:49.729+08:00
2025-12-25 11:19:33,2025-12-24T19:36:00+08:00,2025-12-24T19:38:03+08:00,1.0275,103.5528,C,Cloud to Cloud,2025-12-24T19:35:49.729+08:00
2025-12-25 11:19:33,2025-12-24T19:36:00+08:00,2025-12-24T19:38:03+08:00,1.1936,103.6598,C,Cloud to Cloud,2025-12-24T19:35:49.729+08:00
2025-12-25 11:19:33,2025-12-24T19:36:00+08:00,2025-12-24T19:38:03+08:00,1.1044,103.613,C,Cloud to Cloud,2025-12-24T19:35:49.729+08:00
2025-12-25 11:19:33,2025-12-24T19:36:00+08:00,2025-12-24T19:38:03+08:00,1.0946,103.6182,C,Cloud to Cloud,2025-12-24T19:35:49.729+08:00
2025-12-25 11:19:33,2025-12-24T19:36:00+08:00,2025-12-24T19:38:03+08:00,1.0456,103.5593,C,Cloud to Cloud,2025-12-24T19:35:49.75+08:00
2025-12-25 11:19:33,2025-12-24T19:36:00+08:00,2025-12-24T19:38:03+08:00,1.0687,103.5596,C,Cloud to Cloud,2025-12-24T19:35:49.783+08:00
2025-12-25 11:19:33,2025-12-24T19:36:00+08:00,2025-12-24T19:38:03+08:00,1.0838,103.5802,C,Cloud to Cloud,2025-12-24T19:35:49.783+08:00
2025-12-25 11:19:33,2025-12-24T19:36:00+08:00,2025-12-24T19:38:03+08:00,1.0688,103.5436,C,Cloud to Cloud,2025-12-24T19:35:49.786+08:00
2025-12-25 11:19:33,2025-12-24T19:36:00+08:00,2025-12-24T19:38:03+08:00,1.0896,103.5738,C,Cloud to Cloud,2025-12-24T19:35:49.786+08:00
2025-12-25 11:19:33,2025-12-24T19:36:00+08:00,2025-12-24T19:38:03+08:00,0.9832,103.473,G,Cloud to Ground,2025-12-24T19:35:49.824+08:00
2025-12-25 11:19:33,2025-12-24T19:36:00+08:00,2025-12-24T19:38:03+08:00,1.0945,103.5778,C,Cloud to Cloud,2025-12-24T19:35:49.859+08:00
2025-12-25 11:19:33,2025-12-24T19:36:00+08:00,2025-12-24T19:38:03+08:00,1.0705,103.5715,C,Cloud to Cloud,2025-12-24T19:35:49.902+08:00
2025-12-25 11:19:33,2025-12-24T19:36:00+08:00,2025-12-24T19:38:03+08:00,1.0733,103.5586,C,Cloud to Cloud,2025-12-24T19:35:49.903+08:00
2025-12-25 11:19:33,2025-12-24T19:36:00+08:00,2025-12-24T19:38:03+08:00,1.0948,103.5781,C,Cloud to Cloud,2025-12-24T19:35:49.903+08:00
2025-12-25 11:19:33,2025-12-24T19:36:00+08:00,2025-12-24T19:38:03+08:00,1.1011,103.5862,C,Cloud to Cloud,2025-12-24T19:35:49.903+08:00
2025-12-25 11:19:33,2025-12-24T19:34:00+08:00,2025-12-24T19:36:02+08:00,1.0898,103.5267,C,Cloud to Cloud,2025-12-24T19:32:24.099+08:00
2025-12-25 11:19:33,2025-12-24T19:34:00+08:00,2025-12-24T19:36:02+08:00,1.0915,103.5607,C,Cloud to Cloud,2025-12-24T19:32:24.133+08:00
2025-12-25 11:19:33,2025-12-24T19:34:00+08:00,2025-12-24T19:36:02+08:00,1.0968,103.5639,C,Cloud to Cloud,2025-12-24T19:32:24.133+08:00
2025-12-25 11:19:33,2025-12-24T19:34:00+08:00,2025-12-24T19:36:02+08:00,1.0944,103.5912,C,Cloud to Cloud,2025-12-24T19:32:24.454+08:00
2025-12-25 11:19:33,2025-12-24T19:34:00+08:00,2025-12-24T19:36:02+08:00,1.1,103.5534,C,Cloud to Cloud,2025-12-24T19:32:24.497+08:00
2025-12-25 11:19:33,2025-12-24T19:34:00+08:00,2025-12-24T19:36:02+08:00,1.0952,103.5491,C,Cloud to Cloud,2025-12-24T19:32:24.497+08:00
2025-12-25 11:19:33,2025-12-24T19:34:00+08:00,2025-12-24T19:36:02+08:00,1.0858,103.5444,C,Cloud to Cloud,2025-12-24T19:32:24.497+08:00
2025-12-25 11:19:33,2025-12-24T19:34:00+08:00,2025-12-24T19:36:02+08:00,1.0908,103.5651,C,Cloud to Cloud,2025-12-24T19:32:24.497+08:00
2025-12-25 11:19:33,2025-12-24T19:34:00+08:00,2025-12-24T19:36:02+08:00,1.0768,103.5717,C,Cloud to Cloud,2025-12-24T19:32:24.505+08:00
2025-12-25 11:19:33,2025-12-24T19:34:00+08:00,2025-12-24T19:36:02+08:00,1.0972,103.589,C,Cloud to Cloud,2025-12-24T19:32:24.505+08:00
2025-12-25 11:19:33,2025-12-24T19:34:00+08:00,2025-12-24T19:36:02+08:00,1.0078,103.8496,C,Cloud to Cloud,2025-12-24T19:32:36.335+08:00
2025-12-25 11:19:33,2025-12-24T19:34:00+08:00,2025-12-24T19:36:02+08:00,1.0213,103.8545,C,Cloud to Cloud,2025-12-24T19:32:36.335+08:00
2025-12-25 11:19:33,2025-12-24T19:34:00+08:00,2025-12-24T19:36:02+08:00,1.0308,103.8578,C,Cloud to Cloud,2025-12-24T19:32:36.335+08:00
2025-12-25 11:19:33,2025-12-24T19:34:00+08:00,2025-12-24T19:36:02+08:00,1.0197,103.8577,C,Cloud to Cloud,2025-12-24T19:32:36.336+08:00
2025-12-25 11:19:33,2025-12-24T19:34:00+08:00,2025-12-24T19:36:02+08:00,1.0146,103.8604,C,Cloud to Cloud,2025-12-24T19:32:36.336+08:00
2025-12-25 11:19:33,2025-12-24T19:34:00+08:00,2025-12-24T19:36:02+08:00,1.0232,103.8584,C,Cloud to Cloud,2025-12-24T19:32:36.336+08:00
2025-12-25 11:19:33,2025-12-24T19:34:00+08:00,2025-12-24T19:36:02+08:00,0.9765,103.8573,C,Cloud to Cloud,2025-12-24T19:32:36.336+08:00
2025-12-25 11:19:33,2025-12-24T19:34:00+08:00,2025-12-24T19:36:02+08:00,1.0045,103.8625,C,Cloud to Cloud,2025-12-24T19:32:36.337+08:00
2025-12-25 11:19:33,2025-12-24T19:34:00+08:00,2025-12-24T19:36:02+08:00,0.9507,103.8673,C,Cloud to Cloud,2025-12-24T19:32:36.337+08:00
2025-12-25 11:19:33,2025-12-24T19:34:00+08:00,2025-12-24T19:36:02+08:00,0.987,103.8327,C,Cloud to Cloud,2025-12-24T19:32:36.337+08:00
2025-12-25 11:19:33,2025-12-24T19:34:00+08:00,2025-12-24T19:36:02+08:00,0.9931,103.8669,C,Cloud to Cloud,2025-12-24T19:32:36.337+08:00
2025-12-25 11:19:33,2025-12-24T19:34:00+08:00,2025-12-24T19:36:02+08:00,1.0388,103.8548,C,Cloud to Cloud,2025-12-24T19:32:36.337+08:00
2025-12-25 11:19:33,2025-12-24T19:34:00+08:00,2025-12-24T19:36:02+08:00,1.0532,103.8573,C,Cloud to Cloud,2025-12-24T19:32:36.337+08:00
2025-12-25 11:19:33,2025-12-24T19:34:00+08:00,2025-12-24T19:36:02+08:00,1.0303,103.867,C,Cloud to Cloud,2025-12-24T19:32:36.341+08:00
2025-12-25 11:19:33,2025-12-24T19:34:00+08:00,2025-12-24T19:36:02+08:00,1.0677,103.8618,C,Cloud to Cloud,2025-12-24T19:32:36.341+08:00
2025-12-25 11:19:33,2025-12-24T19:34:00+08:00,2025-12-24T19:36:02+08:00,1.023,103.8787,C,Cloud to Cloud,2025-12-24T19:32:36.347+08:00
2025-12-25 11:19:33,2025-12-24T19:34:00+08:00,2025-12-24T19:36:02+08:00,1.0662,103.8647,C,Cloud to Cloud,2025-12-24T19:32:36.354+08:00
2025-12-25 11:19:33,2025-12-24T19:34:00+08:00,2025-12-24T19:36:02+08:00,1.0315,103.858,C,Cloud to Cloud,2025-12-24T19:32:36.473+08:00
2025-12-25 11:19:33,2025-12-24T19:34:00+08:00,2025-12-24T19:36:02+08:00,1.0354,103.8592,C,Cloud to Cloud,2025-12-24T19:32:36.473+08:00
2025-12-25 11:19:33,2025-12-24T19:34:00+08:00,2025-12-24T19:36:02+08:00,1.0564,103.8601,C,Cloud to Cloud,2025-12-24T19:32:36.473+08:00
2025-12-25 11:19:33,2025-12-24T19:34:00+08:00,2025-12-24T19:36:02+08:00,1.0098,103.8567,C,Cloud to Cloud,2025-12-24T19:32:36.498+08:00
2025-12-25 11:19:33,2025-12-24T19:34:00+08:00,2025-12-24T19:36:02+08:00,1.0715,103.8535,C,Cloud to Cloud,2025-12-24T19:32:36.521+08:00
2025-12-25 11:19:33,2025-12-24T19:34:00+08:00,2025-12-24T19:36:02+08:00,1.0351,103.5553,C,Cloud to Cloud,2025-12-24T19:32:47.977+08:00
2025-12-25 11:19:33,2025-12-24T19:34:00+08:00,2025-12-24T19:36:02+08:00,1.0611,103.5863,C,Cloud to Cloud,2025-12-24T19:32:47.977+08:00
2025-12-25 11:19:33,2025-12-24T19:34:00+08:00,2025-12-24T19:36:02+08:00,0.9845,103.5482,C,Cloud to Cloud,2025-12-24T19:32:48.177+08:00
2025-12-25 11:19:33,2025-12-24T19:34:00+08:00,2025-12-24T19:36:02+08:00,0.9768,103.5393,C,Cloud to Cloud,2025-12-24T19:32:48.178+08:00
2025-12-25 11:19:33,2025-12-24T19:34:00+08:00,2025-12-24T19:36:02+08:00,0.9837,103.5476,C,Cloud to Cloud,2025-12-24T19:32:48.178+08:00
2025-12-25 11:19:33,2025-12-24T19:34:00+08:00,2025-12-24T19:36:02+08:00,0.9739,103.5324,C,Cloud to Cloud,2025-12-24T19:32:48.178+08:00
2025-12-25 11:19:33,2025-12-24T19:34:00+08:00,2025-12-24T19:36:02+08:00,0.9569,103.5154,C,Cloud to Cloud,2025-12-24T19:32:48.178+08:00
2025-12-25 11:19:33,2025-12-24T19:34:00+08:00,2025-12-24T19:36:02+08:00,0.9586,103.516,C,Cloud to Cloud,2025-12-24T19:32:48.179+08:00
2025-12-25 11:19:33,2025-12-24T19:34:00+08:00,2025-12-24T19:36:02+08:00,0.9579,103.5166,C,Cloud to Cloud,2025-12-24T19:32:48.179+08:00
2025-12-25 11:19:33,2025-12-24T19:34:00+08:00,2025-12-24T19:36:02+08:00,0.9773,103.5426,C,Cloud to Cloud,2025-12-24T19:32:48.179+08:00
2025-12-25 11:19:33,2025-12-24T19:34:00+08:00,2025-12-24T19:36:02+08:00,0.9823,103.5433,C,Cloud to Cloud,2025-12-24T19:32:48.179+08:00
2025-12-25 11:19:33,2025-12-24T19:34:00+08:00,2025-12-24T19:36:02+08:00,0.9825,103.5469,C,Cloud to Cloud,2025-12-24T19:32:48.179+08:00
2025-12-25 11:19:33,2025-12-24T19:34:00+08:00,2025-12-24T19:36:02+08:00,0.9683,103.5319,C,Cloud to Cloud,2025-12-24T19:32:48.18+08:00
2025-12-25 11:19:33,2025-12-24T19:34:00+08:00,2025-12-24T19:36:02+08:00,0.9569,103.5176,C,Cloud to Cloud,2025-12-24T19:32:48.18+08:00
2025-12-25 11:19:33,2025-12-24T19:34:00+08:00,2025-12-24T19:36:02+08:00,0.9738,103.5364,C,Cloud to Cloud,2025-12-24T19:32:48.18+08:00
2025-12-25 11:19:33,2025-12-24T19:34:00+08:00,2025-12-24T19:36:02+08:00,0.9803,103.5435,C,Cloud to Cloud,2025-12-24T19:32:48.18+08:00
2025-12-25 11:19:33,2025-12-24T19:34:00+08:00,2025-12-24T19:36:02+08:00,0.9717,103.5366,C,Cloud to Cloud,2025-12-24T19:32:48.181+08:00
2025-12-25 11:19:33,2025-12-24T19:34:00+08:00,2025-12-24T19:36:02+08:00,0.9702,103.5341,C,Cloud to Cloud,2025-12-24T19:32:48.181+08:00
2025-12-25 11:19:33,2025-12-24T19:34:00+08:00,2025-12-24T19:36:02+08:00,0.9632,103.5244,C,Cloud to Cloud,2025-12-24T19:32:48.182+08:00
2025-12-25 11:19:33,2025-12-24T19:34:00+08:00,2025-12-24T19:36:02+08:00,0.9677,103.5325,C,Cloud to Cloud,2025-12-24T19:32:48.182+08:00
2025-12-25 11:19:33,2025-12-24T19:34:00+08:00,2025-12-24T19:36:02+08:00,0.957,103.5219,C,Cloud to Cloud,2025-12-24T19:32:48.182+08:00
2025-12-25 11:19:33,2025-12-24T19:34:00+08:00,2025-12-24T19:36:02+08:00,0.9715,103.5385,C,Cloud to Cloud,2025-12-24T19:32:48.183+08:00
2025-12-25 11:19:33,2025-12-24T19:34:00+08:00,2025-12-24T19:36:02+08:00,0.9681,103.5359,C,Cloud to Cloud,2025-12-24T19:32:48.183+08:00
2025-12-25 11:19:33,2025-12-24T19:34:00+08:00,2025-12-24T19:36:02+08:00,0.9656,103.5322,C,Cloud to Cloud,2025-12-24T19:32:48.183+08:00
2025-12-25 11:19:33,2025-12-24T19:34:00+08:00,2025-12-24T19:36:02+08:00,1.0645,103.6017,C,Cloud to Cloud,2025-12-24T19:32:48.184+08:00
2025-12-25 11:19:33,2025-12-24T19:34:00+08:00,2025-12-24T19:36:02+08:00,0.9803,103.5401,C,Cloud to Cloud,2025-12-24T19:32:48.184+08:00
2025-12-25 11:19:33,2025-12-24T19:34:00+08:00,2025-12-24T19:36:02+08:00,1.0075,103.5541,C,Cloud to Cloud,2025-12-24T19:32:48.184+08:00
2025-12-25 11:19:33,2025-12-24T19:34:00+08:00,2025-12-24T19:36:02+08:00,1.0613,103.5637,C,Cloud to Cloud,2025-12-24T19:32:48.185+08:00
2025-12-25 11:19:33,2025-12-24T19:34:00+08:00,2025-12-24T19:36:02+08:00,1.0675,103.553,C,Cloud to Cloud,2025-12-24T19:32:48.185+08:00
2025-12-25 11:19:33,2025-12-24T19:34:00+08:00,2025-12-24T19:36:02+08:00,1.0147,103.6312,C,Cloud to Cloud,2025-12-24T19:32:48.222+08:00
2025-12-25 11:19:33,2025-12-24T19:34:00+08:00,2025-12-24T19:36:02+08:00,1.047,103.5565,C,Cloud to Cloud,2025-12-24T19:32:48.222+08:00
2025-12-25 11:19:33,2025-12-24T19:34:00+08:00,2025-12-24T19:36:02+08:00,1.0533,103.5745,C,Cloud to Cloud,2025-12-24T19:32:48.222+08:00
2025-12-25 11:19:33,2025-12-24T19:34:00+08:00,2025-12-24T19:36:02+08:00,1.0217,103.5439,C,Cloud to Cloud,2025-12-24T19:32:48.222+08:00
2025-12-25 11:19:33,2025-12-24T19:34:00+08:00,2025-12-24T19:36:02+08:00,1.102,103.5892,C,Cloud to Cloud,2025-12-24T19:32:48.314+08:00
2025-12-25 11:19:33,2025-12-24T19:34:00+08:00,2025-12-24T19:36:02+08:00,1.094,103.5728,C,Cloud to Cloud,2025-12-24T19:32:48.314+08:00
2025-12-25 11:19:33,2025-12-24T19:34:00+08:00,2025-12-24T19:36:02+08:00,1.1096,103.603,C,Cloud to Cloud,2025-12-24T19:32:48.356+08:00
2025-12-25 11:19:33,2025-12-24T19:34:00+08:00,2025-12-24T19:36:02+08:00,1.0629,103.6066,C,Cloud to Cloud,2025-12-24T19:33:22.165+08:00
2025-12-25 11:19:33,2025-12-24T19:34:00+08:00,2025-12-24T19:36:02+08:00,1.0559,103.5655,C,Cloud to Cloud,2025-12-24T19:33:22.323+08:00
2025-12-25 11:19:33,2025-12-24T19:34:00+08:00,2025-12-24T19:36:02+08:00,1.0331,103.5801,C,Cloud to Cloud,2025-12-24T19:33:22.33+08:00
2025-12-25 11:19:33,2025-12-24T19:34:00+08:00,2025-12-24T19:36:02+08:00,1.0874,103.6007,C,Cloud to Cloud,2025-12-24T19:33:22.427+08:00
2025-12-25 11:19:33,2025-12-24T19:34:00+08:00,2025-12-24T19:36:02+08:00,1.0498,103.5914,C,Cloud to Cloud,2025-12-24T19:33:22.477+08:00
2025-12-25 11:19:33,2025-12-24T19:34:00+08:00,2025-12-24T19:36:02+08:00,0.9666,103.5569,C,Cloud to Cloud,2025-12-24T19:33:22.504+08:00
2025-12-25 11:19:33,2025-12-24T19:34:00+08:00,2025-12-24T19:36:02+08:00,1.0609,103.6033,C,Cloud to Cloud,2025-12-24T19:33:22.522+08:00
2025-12-25 11:19:33,2025-12-24T19:34:00+08:00,2025-12-24T19:36:02+08:00,1.0175,103.5762,C,Cloud to Cloud,2025-12-24T19:33:22.527+08:00
2025-12-25 11:19:33,2025-12-24T19:34:00+08:00,2025-12-24T19:36:02+08:00,1.0743,103.6095,C,Cloud to Cloud,2025-12-24T19:33:22.528+08:00
2025-12-25 11:19:33,2025-12-24T19:34:00+08:00,2025-12-24T19:36:02+08:00,1.0666,103.6055,C,Cloud to Cloud,2025-12-24T19:33:22.528+08:00
2025-12-25 11:19:33,2025-12-24T19:34:00+08:00,2025-12-24T19:36:02+08:00,1.0169,103.5654,C,Cloud to Cloud,2025-12-24T19:33:22.528+08:00
2025-12-25 11:19:33,2025-12-24T19:34:00+08:00,2025-12-24T19:36:02+08:00,1.014,103.5634,C,Cloud to Cloud,2025-12-24T19:33:22.528+08:00
2025-12-25 11:19:33,2025-12-24T19:34:00+08:00,2025-12-24T19:36:02+08:00,1.0257,103.5728,C,Cloud to Cloud,2025-12-24T19:33:22.528+08:00
2025-12-25 11:19:33,2025-12-24T19:34:00+08:00,2025-12-24T19:36:02+08:00,1.0818,103.61,C,Cloud to Cloud,2025-12-24T19:33:22.528+08:00
2025-12-25 11:19:33,2025-12-24T19:34:00+08:00,2025-12-24T19:36:02+08:00,1.0133,103.5965,C,Cloud to Cloud,2025-12-24T19:33:22.528+08:00
2025-12-25 11:19:33,2025-12-24T19:34:00+08:00,2025-12-24T19:36:02+08:00,1.0893,103.614,C,Cloud to Cloud,2025-12-24T19:33:22.528+08:00
2025-12-25 11:19:33,2025-12-24T19:34:00+08:00,2025-12-24T19:36:02+08:00,1.0696,103.6035,C,Cloud to Cloud,2025-12-24T19:33:22.529+08:00
2025-12-25 11:19:33,2025-12-24T19:34:00+08:00,2025-12-24T19:36:02+08:00,1.0627,103.6007,C,Cloud to Cloud,2025-12-24T19:33:22.529+08:00
2025-12-25 11:19:33,2025-12-24T19:34:00+08:00,2025-12-24T19:36:02+08:00,1.0908,103.6185,C,Cloud to Cloud,2025-12-24T19:33:22.529+08:00
2025-12-25 11:19:33,2025-12-24T19:34:00+08:00,2025-12-24T19:36:02+08:00,1.0349,103.5831,C,Cloud to Cloud,2025-12-24T19:33:22.529+08:00
2025-12-25 11:19:33,2025-12-24T19:34:00+08:00,2025-12-24T19:36:02+08:00,1.0367,103.5834,C,Cloud to Cloud,2025-12-24T19:33:22.529+08:00
2025-12-25 11:19:33,2025-12-24T19:34:00+08:00,2025-12-24T19:36:02+08:00,1.0857,103.6183,C,Cloud to Cloud,2025-12-24T19:33:22.529+08:00
2025-12-25 11:19:33,2025-12-24T19:34:00+08:00,2025-12-24T19:36:02+08:00,1.0876,103.6159,C,Cloud to Cloud,2025-12-24T19:33:22.529+08:00
2025-12-25 11:19:33,2025-12-24T19:34:00+08:00,2025-12-24T19:36:02+08:00,1.0906,103.6174,C,Cloud to Cloud,2025-12-24T19:33:22.529+08:00
2025-12-25 11:19:33,2025-12-24T19:34:00+08:00,2025-12-24T19:36:02+08:00,1.0855,103.6139,C,Cloud to Cloud,2025-12-24T19:33:22.529+08:00
2025-12-25 11:19:33,2025-12-24T19:34:00+08:00,2025-12-24T19:36:02+08:00,1.0307,103.5741,C,Cloud to Cloud,2025-12-24T19:33:22.529+08:00
2025-12-25 11:19:33,2025-12-24T19:34:00+08:00,2025-12-24T19:36:02+08:00,1.0271,103.5683,C,Cloud to Cloud,2025-12-24T19:33:22.53+08:00
2025-12-25 11:19:33,2025-12-24T19:34:00+08:00,2025-12-24T19:36:02+08:00,1.044,103.5829,C,Cloud to Cloud,2025-12-24T19:33:22.53+08:00
2025-12-25 11:19:33,2025-12-24T19:34:00+08:00,2025-12-24T19:36:02+08:00,1.0989,103.6243,C,Cloud to Cloud,2025-12-24T19:33:22.53+08:00
2025-12-25 11:19:33,2025-12-24T19:34:00+08:00,2025-12-24T19:36:02+08:00,1.0082,103.5551,C,Cloud to Cloud,2025-12-24T19:33:22.53+08:00
2025-12-25 11:19:33,2025-12-24T19:34:00+08:00,2025-12-24T19:36:02+08:00,1.0363,103.5761,C,Cloud to Cloud,2025-12-24T19:33:22.53+08:00
2025-12-25 11:19:33,2025-12-24T19:34:00+08:00,2025-12-24T19:36:02+08:00,1.0305,103.5685,C,Cloud to Cloud,2025-12-24T19:33:22.53+08:00
2025-12-25 11:19:33,2025-12-24T19:34:00+08:00,2025-12-24T19:36:02+08:00,1.0372,103.5803,C,Cloud to Cloud,2025-12-24T19:33:22.53+08:00
2025-12-25 11:19:33,2025-12-24T19:34:00+08:00,2025-12-24T19:36:02+08:00,1.0437,103.5817,C,Cloud to Cloud,2025-12-24T19:33:22.53+08:00
2025-12-25 11:19:33,2025-12-24T19:34:00+08:00,2025-12-24T19:36:02+08:00,1.0357,103.5738,C,Cloud to Cloud,2025-12-24T19:33:22.53+08:00
2025-12-25 11:19:33,2025-12-24T19:34:00+08:00,2025-12-24T19:36:02+08:00,1.0358,103.5719,C,Cloud to Cloud,2025-12-24T19:33:22.53+08:00
2025-12-25 11:19:33,2025-12-24T19:34:00+08:00,2025-12-24T19:36:02+08:00,1.0352,103.575,C,Cloud to Cloud,2025-12-24T19:33:22.531+08:00
2025-12-25 11:19:33,2025-12-24T19:34:00+08:00,2025-12-24T19:36:02+08:00,1.0458,103.5869,C,Cloud to Cloud,2025-12-24T19:33:22.531+08:00
2025-12-25 11:19:33,2025-12-24T19:34:00+08:00,2025-12-24T19:36:02+08:00,1.0371,103.5768,C,Cloud to Cloud,2025-12-24T19:33:22.531+08:00
2025-12-25 11:19:33,2025-12-24T19:34:00+08:00,2025-12-24T19:36:02+08:00,1.1186,103.6342,C,Cloud to Cloud,2025-12-24T19:33:22.531+08:00
2025-12-25 11:19:33,2025-12-24T19:34:00+08:00,2025-12-24T19:36:02+08:00,1.0423,103.5857,C,Cloud to Cloud,2025-12-24T19:33:22.531+08:00
2025-12-25 11:19:33,2025-12-24T19:34:00+08:00,2025-12-24T19:36:02+08:00,1.0428,103.5876,C,Cloud to Cloud,2025-12-24T19:33:22.532+08:00
2025-12-25 11:19:33,2025-12-24T19:34:00+08:00,2025-12-24T19:36:02+08:00,1.0456,103.5931,C,Cloud to Cloud,2025-12-24T19:33:22.532+08:00
2025-12-25 11:19:33,2025-12-24T19:34:00+08:00,2025-12-24T19:36:02+08:00,1.0515,103.5989,C,Cloud to Cloud,2025-12-24T19:33:22.532+08:00
2025-12-25 11:19:33,2025-12-24T19:34:00+08:00,2025-12-24T19:36:02+08:00,1.0508,103.6018,C,Cloud to Cloud,2025-12-24T19:33:22.533+08:00
2025-12-25 11:19:33,2025-12-24T19:34:00+08:00,2025-12-24T19:36:02+08:00,1.0427,103.5968,C,Cloud to Cloud,2025-12-24T19:33:22.533+08:00
2025-12-25 11:19:33,2025-12-24T19:34:00+08:00,2025-12-24T19:36:02+08:00,1.0502,103.6,C,Cloud to Cloud,2025-12-24T19:33:22.534+08:00
2025-12-25 11:19:33,2025-12-24T19:34:00+08:00,2025-12-24T19:36:02+08:00,1.0418,103.5944,C,Cloud to Cloud,2025-12-24T19:33:22.535+08:00
2025-12-25 11:19:33,2025-12-24T19:34:00+08:00,2025-12-24T19:36:02+08:00,1.053,103.6107,C,Cloud to Cloud,2025-12-24T19:33:22.537+08:00
2025-12-25 11:19:33,2025-12-24T19:34:00+08:00,2025-12-24T19:36:02+08:00,1.0272,103.5949,C,Cloud to Cloud,2025-12-24T19:33:22.544+08:00
2025-12-25 11:19:33,2025-12-24T19:34:00+08:00,2025-12-24T19:36:02+08:00,0.983,103.5831,G,Cloud to Ground,2025-12-24T19:33:22.545+08:00
2025-12-25 11:19:33,2025-12-24T19:34:00+08:00,2025-12-24T19:36:02+08:00,0.9879,103.5613,C,Cloud to Cloud,2025-12-24T19:33:22.545+08:00
2025-12-25 11:19:33,2025-12-24T19:34:00+08:00,2025-12-24T19:36:02+08:00,1.0233,103.5905,C,Cloud to Cloud,2025-12-24T19:33:22.545+08:00
2025-12-25 11:19:33,2025-12-24T19:34:00+08:00,2025-12-24T19:36:02+08:00,1.0231,103.5852,C,Cloud to Cloud,2025-12-24T19:33:22.545+08:00
2025-12-25 11:19:33,2025-12-24T19:34:00+08:00,2025-12-24T19:36:02+08:00,1.0304,103.5986,C,Cloud to Cloud,2025-12-24T19:33:22.546+08:00
2025-12-25 11:19:33,2025-12-24T19:34:00+08:00,2025-12-24T19:36:02+08:00,1.0482,103.6033,C,Cloud to Cloud,2025-12-24T19:33:22.546+08:00
2025-12-25 11:19:33,2025-12-24T19:34:00+08:00,2025-12-24T19:36:02+08:00,1.0438,103.6022,C,Cloud to Cloud,2025-12-24T19:33:22.546+08:00
2025-12-25 11:19:33,2025-12-24T19:34:00+08:00,2025-12-24T19:36:02+08:00,1.0629,103.5634,C,Cloud to Cloud,2025-12-24T19:33:22.547+08:00
2025-12-25 11:19:33,2025-12-24T19:34:00+08:00,2025-12-24T19:36:02+08:00,1.113,103.5986,C,Cloud to Cloud,2025-12-24T19:33:22.547+08:00
2025-12-25 11:19:33,2025-12-24T19:34:00+08:00,2025-12-24T19:36:02+08:00,1.0671,103.5905,C,Cloud to Cloud,2025-12-24T19:33:22.639+08:00
2025-12-25 11:19:33,2025-12-24T19:34:00+08:00,2025-12-24T19:36:02+08:00,1.0567,103.5714,C,Cloud to Cloud,2025-12-24T19:33:22.639+08:00
2025-12-25 11:19:33,2025-12-24T19:34:00+08:00,2025-12-24T19:36:02+08:00,1.0418,103.5706,C,Cloud to Cloud,2025-12-24T19:33:22.639+08:00
2025-12-25 11:19:33,2025-12-24T19:34:00+08:00,2025-12-24T19:36:02+08:00,1.0724,103.6051,C,Cloud to Cloud,2025-12-24T19:33:22.64+08:00
2025-12-25 11:19:33,2025-12-24T19:34:00+08:00,2025-12-24T19:36:02+08:00,1.0707,103.6053,C,Cloud to Cloud,2025-12-24T19:33:22.64+08:00
2025-12-25 11:19:33,2025-12-24T19:34:00+08:00,2025-12-24T19:36:02+08:00,1.0533,103.5963,C,Cloud to Cloud,2025-12-24T19:33:22.64+08:00
2025-12-25 11:19:33,2025-12-24T19:34:00+08:00,2025-12-24T19:36:02+08:00,1.0128,103.5469,C,Cloud to Cloud,2025-12-24T19:33:22.64+08:00
2025-12-25 11:19:33,2025-12-24T19:34:00+08:00,2025-12-24T19:36:02+08:00,1.0252,103.5761,C,Cloud to Cloud,2025-12-24T19:33:22.64+08:00
2025-12-25 11:19:33,2025-12-24T19:34:00+08:00,2025-12-24T19:36:02+08:00,1.0329,103.5896,C,Cloud to Cloud,2025-12-24T19:33:22.64+08:00
2025-12-25 11:19:33,2025-12-24T19:34:00+08:00,2025-12-24T19:36:02+08:00,1.0802,103.6008,C,Cloud to Cloud,2025-12-24T19:33:22.641+08:00
2025-12-25 11:19:33,2025-12-24T19:34:00+08:00,2025-12-24T19:36:02+08:00,1.0856,103.6069,C,Cloud to Cloud,2025-12-24T19:33:22.641+08:00
2025-12-25 11:19:33,2025-12-24T19:34:00+08:00,2025-12-24T19:36:02+08:00,1.0771,103.57,C,Cloud to Cloud,2025-12-24T19:33:22.741+08:00
2025-12-25 11:19:33,2025-12-24T19:34:00+08:00,2025-12-24T19:36:02+08:00,1.0257,103.5728,C,Cloud to Cloud,2025-12-24T19:33:22.743+08:00
2025-12-25 11:19:33,2025-12-24T19:34:00+08:00,2025-12-24T19:36:02+08:00,1.023,103.5723,C,Cloud to Cloud,2025-12-24T19:33:22.743+08:00
2025-12-25 11:19:33,2025-12-24T19:34:00+08:00,2025-12-24T19:36:02+08:00,1.0421,103.5846,C,Cloud to Cloud,2025-12-24T19:33:22.743+08:00
2025-12-25 11:19:33,2025-12-24T19:32:00+08:00,2025-12-24T19:34:03+08:00,1.1168,103.5973,C,Cloud to Cloud,2025-12-24T19:30:24.517+08:00
2025-12-25 11:19:33,2025-12-24T19:32:00+08:00,2025-12-24T19:34:03+08:00,1.0822,103.5525,C,Cloud to Cloud,2025-12-24T19:30:24.519+08:00
2025-12-25 11:19:33,2025-12-24T19:32:00+08:00,2025-12-24T19:34:03+08:00,1.0046,103.4964,C,Cloud to Cloud,2025-12-24T19:30:24.559+08:00
2025-12-25 11:19:33,2025-12-24T19:32:00+08:00,2025-12-24T19:34:03+08:00,1.0047,103.4965,C,Cloud to Cloud,2025-12-24T19:30:24.559+08:00
2025-12-25 11:19:33,2025-12-24T19:32:00+08:00,2025-12-24T19:34:03+08:00,1.0476,103.5009,C,Cloud to Cloud,2025-12-24T19:30:24.583+08:00
2025-12-25 11:19:33,2025-12-24T19:32:00+08:00,2025-12-24T19:34:03+08:00,1.0637,103.5582,C,Cloud to Cloud,2025-12-24T19:30:24.638+08:00
2025-12-25 11:19:33,2025-12-24T19:32:00+08:00,2025-12-24T19:34:03+08:00,0.9816,103.4678,C,Cloud to Cloud,2025-12-24T19:30:24.638+08:00
2025-12-25 11:19:33,2025-12-24T19:32:00+08:00,2025-12-24T19:34:03+08:00,1.0954,103.5759,C,Cloud to Cloud,2025-12-24T19:30:24.877+08:00
2025-12-25 11:19:33,2025-12-24T19:32:00+08:00,2025-12-24T19:34:03+08:00,1.0566,103.5861,C,Cloud to Cloud,2025-12-24T19:30:54.054+08:00
2025-12-25 11:19:33,2025-12-24T19:32:00+08:00,2025-12-24T19:34:03+08:00,1.0614,103.576,C,Cloud to Cloud,2025-12-24T19:30:54.054+08:00
2025-12-25 11:19:33,2025-12-24T19:32:00+08:00,2025-12-24T19:34:03+08:00,1.0522,103.5797,C,Cloud to Cloud,2025-12-24T19:30:54.054+08:00
2025-12-25 11:19:33,2025-12-24T19:32:00+08:00,2025-12-24T19:34:03+08:00,1.0804,103.5894,C,Cloud to Cloud,2025-12-24T19:30:54.054+08:00
2025-12-25 11:19:33,2025-12-24T19:32:00+08:00,2025-12-24T19:34:03+08:00,1.0846,103.5965,C,Cloud to Cloud,2025-12-24T19:30:54.054+08:00
2025-12-25 11:19:33,2025-12-24T19:32:00+08:00,2025-12-24T19:34:03+08:00,1.0823,103.5924,C,Cloud to Cloud,2025-12-24T19:30:54.055+08:00
2025-12-25 11:19:33,2025-12-24T19:32:00+08:00,2025-12-24T19:34:03+08:00,1.0696,103.5737,C,Cloud to Cloud,2025-12-24T19:30:54.055+08:00
2025-12-25 11:19:33,2025-12-24T19:32:00+08:00,2025-12-24T19:34:03+08:00,1.0826,103.5935,C,Cloud to Cloud,2025-12-24T19:30:54.055+08:00
2025-12-25 11:19:33,2025-12-24T19:32:00+08:00,2025-12-24T19:34:03+08:00,1.0771,103.5867,C,Cloud to Cloud,2025-12-24T19:30:54.055+08:00
2025-12-25 11:19:33,2025-12-24T19:32:00+08:00,2025-12-24T19:34:03+08:00,1.0731,103.5831,C,Cloud to Cloud,2025-12-24T19:30:54.055+08:00
2025-12-25 11:19:33,2025-12-24T19:32:00+08:00,2025-12-24T19:34:03+08:00,1.0853,103.5952,C,Cloud to Cloud,2025-12-24T19:30:54.055+08:00
2025-12-25 11:19:33,2025-12-24T19:32:00+08:00,2025-12-24T19:34:03+08:00,1.0859,103.5952,C,Cloud to Cloud,2025-12-24T19:30:54.055+08:00
2025-12-25 11:19:33,2025-12-24T19:32:00+08:00,2025-12-24T19:34:03+08:00,1.0815,103.5908,C,Cloud to Cloud,2025-12-24T19:30:54.055+08:00
2025-12-25 11:19:33,2025-12-24T19:32:00+08:00,2025-12-24T19:34:03+08:00,1.0779,103.5859,C,Cloud to Cloud,2025-12-24T19:30:54.056+08:00
2025-12-25 11:19:33,2025-12-24T19:32:00+08:00,2025-12-24T19:34:03+08:00,1.0834,103.5828,C,Cloud to Cloud,2025-12-24T19:30:54.056+08:00
2025-12-25 11:19:33,2025-12-24T19:32:00+08:00,2025-12-24T19:34:03+08:00,1.0749,103.5806,C,Cloud to Cloud,2025-12-24T19:30:54.056+08:00
2025-12-25 11:19:33,2025-12-24T19:32:00+08:00,2025-12-24T19:34:03+08:00,1.0737,103.5824,C,Cloud to Cloud,2025-12-24T19:30:54.056+08:00
2025-12-25 11:19:33,2025-12-24T19:32:00+08:00,2025-12-24T19:34:03+08:00,1.0785,103.5861,C,Cloud to Cloud,2025-12-24T19:30:54.057+08:00
2025-12-25 11:19:33,2025-12-24T19:32:00+08:00,2025-12-24T19:34:03+08:00,1.0846,103.5945,C,Cloud to Cloud,2025-12-24T19:30:54.058+08:00
2025-12-25 11:19:33,2025-12-24T19:32:00+08:00,2025-12-24T19:34:03+08:00,1.0779,103.585,C,Cloud to Cloud,2025-12-24T19:30:54.058+08:00
2025-12-25 11:19:33,2025-12-24T19:32:00+08:00,2025-12-24T19:34:03+08:00,1.0866,103.5973,C,Cloud to Cloud,2025-12-24T19:30:54.058+08:00
2025-12-25 11:19:33,2025-12-24T19:32:00+08:00,2025-12-24T19:34:03+08:00,1.0858,103.5953,C,Cloud to Cloud,2025-12-24T19:30:54.058+08:00
2025-12-25 11:19:33,2025-12-24T19:32:00+08:00,2025-12-24T19:34:03+08:00,1.0832,103.5946,C,Cloud to Cloud,2025-12-24T19:30:54.058+08:00
2025-12-25 11:19:33,2025-12-24T19:32:00+08:00,2025-12-24T19:34:03+08:00,1.0822,103.5909,C,Cloud to Cloud,2025-12-24T19:30:54.059+08:00
2025-12-25 11:19:33,2025-12-24T19:32:00+08:00,2025-12-24T19:34:03+08:00,1.0835,103.5947,C,Cloud to Cloud,2025-12-24T19:30:54.059+08:00
2025-12-25 11:19:33,2025-12-24T19:32:00+08:00,2025-12-24T19:34:03+08:00,1.0864,103.6003,C,Cloud to Cloud,2025-12-24T19:30:54.059+08:00
2025-12-25 11:19:33,2025-12-24T19:32:00+08:00,2025-12-24T19:34:03+08:00,1.0834,103.5919,C,Cloud to Cloud,2025-12-24T19:30:54.059+08:00
2025-12-25 11:19:33,2025-12-24T19:32:00+08:00,2025-12-24T19:34:03+08:00,1.0816,103.5913,C,Cloud to Cloud,2025-12-24T19:30:54.059+08:00
2025-12-25 11:19:33,2025-12-24T19:32:00+08:00,2025-12-24T19:34:03+08:00,1.0905,103.6058,C,Cloud to Cloud,2025-12-24T19:30:54.059+08:00
2025-12-25 11:19:33,2025-12-24T19:32:00+08:00,2025-12-24T19:34:03+08:00,1.0777,103.5834,C,Cloud to Cloud,2025-12-24T19:30:54.06+08:00
2025-12-25 11:19:33,2025-12-24T19:32:00+08:00,2025-12-24T19:34:03+08:00,1.0815,103.588,C,Cloud to Cloud,2025-12-24T19:30:54.06+08:00
2025-12-25 11:19:33,2025-12-24T19:32:00+08:00,2025-12-24T19:34:03+08:00,1.0789,103.5861,C,Cloud to Cloud,2025-12-24T19:30:54.06+08:00
2025-12-25 11:19:33,2025-12-24T19:32:00+08:00,2025-12-24T19:34:03+08:00,1.072,103.5777,C,Cloud to Cloud,2025-12-24T19:30:54.06+08:00
2025-12-25 11:19:33,2025-12-24T19:32:00+08:00,2025-12-24T19:34:03+08:00,1.0796,103.584,C,Cloud to Cloud,2025-12-24T19:30:54.06+08:00
2025-12-25 11:19:33,2025-12-24T19:32:00+08:00,2025-12-24T19:34:03+08:00,1.0775,103.5844,C,Cloud to Cloud,2025-12-24T19:30:54.06+08:00
2025-12-25 11:19:33,2025-12-24T19:32:00+08:00,2025-12-24T19:34:03+08:00,1.087,103.5962,C,Cloud to Cloud,2025-12-24T19:30:54.061+08:00
2025-12-25 11:19:33,2025-12-24T19:32:00+08:00,2025-12-24T19:34:03+08:00,1.0827,103.5932,C,Cloud to Cloud,2025-12-24T19:30:54.061+08:00
2025-12-25 11:19:33,2025-12-24T19:32:00+08:00,2025-12-24T19:34:03+08:00,1.0788,103.5871,C,Cloud to Cloud,2025-12-24T19:30:54.061+08:00
2025-12-25 11:19:33,2025-12-24T19:32:00+08:00,2025-12-24T19:34:03+08:00,1.0791,103.5851,C,Cloud to Cloud,2025-12-24T19:30:54.062+08:00
2025-12-25 11:19:33,2025-12-24T19:32:00+08:00,2025-12-24T19:34:03+08:00,1.0719,103.5749,C,Cloud to Cloud,2025-12-24T19:30:54.062+08:00
2025-12-25 11:19:33,2025-12-24T19:32:00+08:00,2025-12-24T19:34:03+08:00,1.077,103.5847,C,Cloud to Cloud,2025-12-24T19:30:54.062+08:00
2025-12-25 11:19:33,2025-12-24T19:32:00+08:00,2025-12-24T19:34:03+08:00,1.08,103.5872,C,Cloud to Cloud,2025-12-24T19:30:54.062+08:00
2025-12-25 11:19:33,2025-12-24T19:32:00+08:00,2025-12-24T19:34:03+08:00,1.0795,103.5884,C,Cloud to Cloud,2025-12-24T19:30:54.062+08:00
2025-12-25 11:19:33,2025-12-24T19:32:00+08:00,2025-12-24T19:34:03+08:00,1.0804,103.5905,C,Cloud to Cloud,2025-12-24T19:30:54.063+08:00
2025-12-25 11:19:33,2025-12-24T19:32:00+08:00,2025-12-24T19:34:03+08:00,1.0688,103.5661,C,Cloud to Cloud,2025-12-24T19:30:54.063+08:00
2025-12-25 11:19:33,2025-12-24T19:32:00+08:00,2025-12-24T19:34:03+08:00,1.0853,103.5982,C,Cloud to Cloud,2025-12-24T19:30:54.063+08:00
2025-12-25 11:19:33,2025-12-24T19:32:00+08:00,2025-12-24T19:34:03+08:00,1.086,103.6018,C,Cloud to Cloud,2025-12-24T19:30:54.063+08:00
2025-12-25 11:19:33,2025-12-24T19:32:00+08:00,2025-12-24T19:34:03+08:00,1.0757,103.582,C,Cloud to Cloud,2025-12-24T19:30:54.063+08:00
2025-12-25 11:19:33,2025-12-24T19:32:00+08:00,2025-12-24T19:34:03+08:00,1.0739,103.5803,C,Cloud to Cloud,2025-12-24T19:30:54.063+08:00
2025-12-25 11:19:33,2025-12-24T19:32:00+08:00,2025-12-24T19:34:03+08:00,1.0711,103.5774,C,Cloud to Cloud,2025-12-24T19:30:54.063+08:00
2025-12-25 11:19:33,2025-12-24T19:32:00+08:00,2025-12-24T19:34:03+08:00,1.0749,103.5806,C,Cloud to Cloud,2025-12-24T19:30:54.063+08:00
2025-12-25 11:19:33,2025-12-24T19:32:00+08:00,2025-12-24T19:34:03+08:00,1.0851,103.5942,C,Cloud to Cloud,2025-12-24T19:30:54.063+08:00
2025-12-25 11:19:33,2025-12-24T19:32:00+08:00,2025-12-24T19:34:03+08:00,1.0787,103.589,C,Cloud to Cloud,2025-12-24T19:30:54.064+08:00
2025-12-25 11:19:33,2025-12-24T19:32:00+08:00,2025-12-24T19:34:03+08:00,1.0771,103.5856,C,Cloud to Cloud,2025-12-24T19:30:54.064+08:00
2025-12-25 11:19:33,2025-12-24T19:32:00+08:00,2025-12-24T19:34:03+08:00,1.0771,103.5838,C,Cloud to Cloud,2025-12-24T19:30:54.064+08:00
2025-12-25 11:19:33,2025-12-24T19:32:00+08:00,2025-12-24T19:34:03+08:00,1.0869,103.5955,C,Cloud to Cloud,2025-12-24T19:30:54.064+08:00
2025-12-25 11:19:33,2025-12-24T19:32:00+08:00,2025-12-24T19:34:03+08:00,1.0756,103.5811,C,Cloud to Cloud,2025-12-24T19:30:54.064+08:00
2025-12-25 11:19:33,2025-12-24T19:32:00+08:00,2025-12-24T19:34:03+08:00,1.0743,103.5736,C,Cloud to Cloud,2025-12-24T19:30:54.064+08:00
2025-12-25 11:19:33,2025-12-24T19:32:00+08:00,2025-12-24T19:34:03+08:00,1.078,103.5832,C,Cloud to Cloud,2025-12-24T19:30:54.064+08:00
2025-12-25 11:19:33,2025-12-24T19:32:00+08:00,2025-12-24T19:34:03+08:00,1.0748,103.5798,C,Cloud to Cloud,2025-12-24T19:30:54.064+08:00
2025-12-25 11:19:33,2025-12-24T19:32:00+08:00,2025-12-24T19:34:03+08:00,1.0733,103.5779,C,Cloud to Cloud,2025-12-24T19:30:54.064+08:00
2025-12-25 11:19:33,2025-12-24T19:32:00+08:00,2025-12-24T19:34:03+08:00,1.0737,103.5786,C,Cloud to Cloud,2025-12-24T19:30:54.064+08:00
2025-12-25 11:19:33,2025-12-24T19:32:00+08:00,2025-12-24T19:34:03+08:00,1.0636,103.5622,C,Cloud to Cloud,2025-12-24T19:30:54.065+08:00
2025-12-25 11:19:33,2025-12-24T19:32:00+08:00,2025-12-24T19:34:03+08:00,1.0735,103.5769,C,Cloud to Cloud,2025-12-24T19:30:54.065+08:00
2025-12-25 11:19:33,2025-12-24T19:32:00+08:00,2025-12-24T19:34:03+08:00,1.0096,103.4719,C,Cloud to Cloud,2025-12-24T19:30:54.065+08:00
2025-12-25 11:19:33,2025-12-24T19:32:00+08:00,2025-12-24T19:34:03+08:00,1.0616,103.5581,G,Cloud to Ground,2025-12-24T19:30:54.065+08:00
2025-12-25 11:19:33,2025-12-24T19:32:00+08:00,2025-12-24T19:34:03+08:00,1.0791,103.5856,C,Cloud to Cloud,2025-12-24T19:30:54.065+08:00
2025-12-25 11:19:33,2025-12-24T19:32:00+08:00,2025-12-24T19:34:03+08:00,1.0757,103.5864,C,Cloud to Cloud,2025-12-24T19:30:54.071+08:00
2025-12-25 11:19:33,2025-12-24T19:32:00+08:00,2025-12-24T19:34:03+08:00,1.0807,103.5835,C,Cloud to Cloud,2025-12-24T19:30:54.21+08:00
2025-12-25 11:19:33,2025-12-24T19:32:00+08:00,2025-12-24T19:34:03+08:00,1.0864,103.5864,C,Cloud to Cloud,2025-12-24T19:30:54.21+08:00
2025-12-25 11:19:33,2025-12-24T19:32:00+08:00,2025-12-24T19:34:03+08:00,1.0821,103.5793,C,Cloud to Cloud,2025-12-24T19:30:54.211+08:00
2025-12-25 11:19:33,2025-12-24T19:32:00+08:00,2025-12-24T19:34:03+08:00,1.081,103.583,C,Cloud to Cloud,2025-12-24T19:30:54.211+08:00
2025-12-25 11:19:33,2025-12-24T19:32:00+08:00,2025-12-24T19:34:03+08:00,1.0848,103.5847,C,Cloud to Cloud,2025-12-24T19:30:54.211+08:00
2025-12-25 11:19:33,2025-12-24T19:32:00+08:00,2025-12-24T19:34:03+08:00,1.0809,103.5827,C,Cloud to Cloud,2025-12-24T19:30:54.211+08:00
2025-12-25 11:19:33,2025-12-24T19:32:00+08:00,2025-12-24T19:34:03+08:00,1.0826,103.5825,C,Cloud to Cloud,2025-12-24T19:30:54.211+08:00
2025-12-25 11:19:33,2025-12-24T19:32:00+08:00,2025-12-24T19:34:03+08:00,1.086,103.5849,C,Cloud to Cloud,2025-12-24T19:30:54.211+08:00
2025-12-25 11:19:33,2025-12-24T19:32:00+08:00,2025-12-24T19:34:03+08:00,1.0853,103.5885,C,Cloud to Cloud,2025-12-24T19:30:54.211+08:00
2025-12-25 11:19:33,2025-12-24T19:32:00+08:00,2025-12-24T19:34:03+08:00,1.088,103.5906,C,Cloud to Cloud,2025-12-24T19:30:54.211+08:00
2025-12-25 11:19:33,2025-12-24T19:32:00+08:00,2025-12-24T19:34:03+08:00,1.0789,103.5785,C,Cloud to Cloud,2025-12-24T19:30:54.212+08:00
2025-12-25 11:19:33,2025-12-24T19:32:00+08:00,2025-12-24T19:34:03+08:00,1.082,103.5847,C,Cloud to Cloud,2025-12-24T19:30:54.212+08:00
2025-12-25 11:19:33,2025-12-24T19:32:00+08:00,2025-12-24T19:34:03+08:00,1.0815,103.5832,C,Cloud to Cloud,2025-12-24T19:30:54.212+08:00
2025-12-25 11:19:33,2025-12-24T19:32:00+08:00,2025-12-24T19:34:03+08:00,1.0808,103.5845,C,Cloud to Cloud,2025-12-24T19:30:54.212+08:00
2025-12-25 11:19:33,2025-12-24T19:32:00+08:00,2025-12-24T19:34:03+08:00,1.0757,103.5778,C,Cloud to Cloud,2025-12-24T19:30:54.212+08:00
2025-12-25 11:19:33,2025-12-24T19:32:00+08:00,2025-12-24T19:34:03+08:00,1.0802,103.5849,C,Cloud to Cloud,2025-12-24T19:30:54.212+08:00
2025-12-25 11:19:33,2025-12-24T19:32:00+08:00,2025-12-24T19:34:03+08:00,1.0775,103.5821,C,Cloud to Cloud,2025-12-24T19:30:54.213+08:00
2025-12-25 11:19:33,2025-12-24T19:32:00+08:00,2025-12-24T19:34:03+08:00,1.0834,103.5897,C,Cloud to Cloud,2025-12-24T19:30:54.213+08:00
2025-12-25 11:19:33,2025-12-24T19:32:00+08:00,2025-12-24T19:34:03+08:00,1.0826,103.5903,C,Cloud to Cloud,2025-12-24T19:30:54.213+08:00
2025-12-25 11:19:33,2025-12-24T19:32:00+08:00,2025-12-24T19:34:03+08:00,1.0707,103.5713,C,Cloud to Cloud,2025-12-24T19:30:54.213+08:00
2025-12-25 11:19:33,2025-12-24T19:32:00+08:00,2025-12-24T19:34:03+08:00,1.0824,103.5887,C,Cloud to Cloud,2025-12-24T19:30:54.214+08:00
2025-12-25 11:19:33,2025-12-24T19:32:00+08:00,2025-12-24T19:34:03+08:00,1.0771,103.5815,C,Cloud to Cloud,2025-12-24T19:30:54.214+08:00
2025-12-25 11:19:33,2025-12-24T19:32:00+08:00,2025-12-24T19:34:03+08:00,1.082,103.5924,C,Cloud to Cloud,2025-12-24T19:30:54.214+08:00
2025-12-25 11:19:33,2025-12-24T19:32:00+08:00,2025-12-24T19:34:03+08:00,1.0799,103.585,C,Cloud to Cloud,2025-12-24T19:30:54.214+08:00
2025-12-25 11:19:33,2025-12-24T19:32:00+08:00,2025-12-24T19:34:03+08:00,1.0859,103.594,C,Cloud to Cloud,2025-12-24T19:30:54.214+08:00
2025-12-25 11:19:33,2025-12-24T19:32:00+08:00,2025-12-24T19:34:03+08:00,1.0845,103.5941,C,Cloud to Cloud,2025-12-24T19:30:54.214+08:00
2025-12-25 11:19:33,2025-12-24T19:32:00+08:00,2025-12-24T19:34:03+08:00,1.0815,103.5884,C,Cloud to Cloud,2025-12-24T19:30:54.214+08:00
2025-12-25 11:19:33,2025-12-24T19:32:00+08:00,2025-12-24T19:34:03+08:00,1.0836,103.5913,C,Cloud to Cloud,2025-12-24T19:30:54.215+08:00
2025-12-25 11:19:33,2025-12-24T19:32:00+08:00,2025-12-24T19:34:03+08:00,1.085,103.5938,C,Cloud to Cloud,2025-12-24T19:30:54.215+08:00
2025-12-25 11:19:33,2025-12-24T19:32:00+08:00,2025-12-24T19:34:03+08:00,1.0883,103.5982,C,Cloud to Cloud,2025-12-24T19:30:54.215+08:00
2025-12-25 11:19:33,2025-12-24T19:32:00+08:00,2025-12-24T19:34:03+08:00,1.0908,103.6036,C,Cloud to Cloud,2025-12-24T19:30:54.215+08:00
2025-12-25 11:19:33,2025-12-24T19:32:00+08:00,2025-12-24T19:34:03+08:00,1.0827,103.5911,C,Cloud to Cloud,2025-12-24T19:30:54.215+08:00
2025-12-25 11:19:33,2025-12-24T19:32:00+08:00,2025-12-24T19:34:03+08:00,1.0866,103.5952,C,Cloud to Cloud,2025-12-24T19:30:54.215+08:00
2025-12-25 11:19:33,2025-12-24T19:32:00+08:00,2025-12-24T19:34:03+08:00,1.0847,103.5932,C,Cloud to Cloud,2025-12-24T19:30:54.215+08:00
2025-12-25 11:19:33,2025-12-24T19:32:00+08:00,2025-12-24T19:34:03+08:00,1.088,103.5983,C,Cloud to Cloud,2025-12-24T19:30:54.215+08:00
2025-12-25 11:19:33,2025-12-24T19:32:00+08:00,2025-12-24T19:34:03+08:00,1.0848,103.5939,C,Cloud to Cloud,2025-12-24T19:30:54.215+08:00
2025-12-25 11:19:33,2025-12-24T19:32:00+08:00,2025-12-24T19:34:03+08:00,1.0833,103.5915,C,Cloud to Cloud,2025-12-24T19:30:54.215+08:00
2025-12-25 11:19:33,2025-12-24T19:32:00+08:00,2025-12-24T19:34:03+08:00,1.0875,103.5987,C,Cloud to Cloud,2025-12-24T19:30:54.216+08:00
2025-12-25 11:19:33,2025-12-24T19:32:00+08:00,2025-12-24T19:34:03+08:00,1.0839,103.5937,C,Cloud to Cloud,2025-12-24T19:30:54.216+08:00
2025-12-25 11:19:33,2025-12-24T19:32:00+08:00,2025-12-24T19:34:03+08:00,1.0877,103.5977,C,Cloud to Cloud,2025-12-24T19:30:54.216+08:00
2025-12-25 11:19:33,2025-12-24T19:32:00+08:00,2025-12-24T19:34:03+08:00,1.086,103.5972,C,Cloud to Cloud,2025-12-24T19:30:54.216+08:00
2025-12-25 11:19:33,2025-12-24T19:32:00+08:00,2025-12-24T19:34:03+08:00,1.0883,103.5982,C,Cloud to Cloud,2025-12-24T19:30:54.216+08:00
2025-12-25 11:19:33,2025-12-24T19:32:00+08:00,2025-12-24T19:34:03+08:00,1.0836,103.5938,C,Cloud to Cloud,2025-12-24T19:30:54.216+08:00
2025-12-25 11:19:33,2025-12-24T19:32:00+08:00,2025-12-24T19:34:03+08:00,1.0817,103.5874,C,Cloud to Cloud,2025-12-24T19:30:54.216+08:00
2025-12-25 11:19:33,2025-12-24T19:32:00+08:00,2025-12-24T19:34:03+08:00,1.0878,103.6009,C,Cloud to Cloud,2025-12-24T19:30:54.216+08:00
2025-12-25 11:19:33,2025-12-24T19:32:00+08:00,2025-12-24T19:34:03+08:00,1.0879,103.6,C,Cloud to Cloud,2025-12-24T19:30:54.216+08:00
2025-12-25 11:19:33,2025-12-24T19:32:00+08:00,2025-12-24T19:34:03+08:00,1.0848,103.5947,C,Cloud to Cloud,2025-12-24T19:30:54.216+08:00
2025-12-25 11:19:33,2025-12-24T19:32:00+08:00,2025-12-24T19:34:03+08:00,1.0839,103.5937,C,Cloud to Cloud,2025-12-24T19:30:54.217+08:00
2025-12-25 11:19:33,2025-12-24T19:32:00+08:00,2025-12-24T19:34:03+08:00,1.0847,103.5956,C,Cloud to Cloud,2025-12-24T19:30:54.217+08:00
2025-12-25 11:19:33,2025-12-24T19:32:00+08:00,2025-12-24T19:34:03+08:00,1.0912,103.6025,C,Cloud to Cloud,2025-12-24T19:30:54.217+08:00
2025-12-25 11:19:33,2025-12-24T19:32:00+08:00,2025-12-24T19:34:03+08:00,1.0857,103.595,C,Cloud to Cloud,2025-12-24T19:30:54.217+08:00
2025-12-25 11:19:33,2025-12-24T19:32:00+08:00,2025-12-24T19:34:03+08:00,1.0858,103.5957,C,Cloud to Cloud,2025-12-24T19:30:54.217+08:00
2025-12-25 11:19:33,2025-12-24T19:32:00+08:00,2025-12-24T19:34:03+08:00,1.0811,103.5878,C,Cloud to Cloud,2025-12-24T19:30:54.217+08:00
2025-12-25 11:19:33,2025-12-24T19:32:00+08:00,2025-12-24T19:34:03+08:00,1.0857,103.5974,C,Cloud to Cloud,2025-12-24T19:30:54.217+08:00
2025-12-25 11:19:33,2025-12-24T19:32:00+08:00,2025-12-24T19:34:03+08:00,1.0853,103.5936,C,Cloud to Cloud,2025-12-24T19:30:54.217+08:00
2025-12-25 11:19:33,2025-12-24T19:32:00+08:00,2025-12-24T19:34:03+08:00,1.078,103.5836,C,Cloud to Cloud,2025-12-24T19:30:54.217+08:00
2025-12-25 11:19:33,2025-12-24T19:32:00+08:00,2025-12-24T19:34:03+08:00,1.0907,103.6029,C,Cloud to Cloud,2025-12-24T19:30:54.217+08:00
2025-12-25 11:19:33,2025-12-24T19:32:00+08:00,2025-12-24T19:34:03+08:00,1.0887,103.5995,C,Cloud to Cloud,2025-12-24T19:30:54.218+08:00
2025-12-25 11:19:33,2025-12-24T19:32:00+08:00,2025-12-24T19:34:03+08:00,1.0854,103.5962,C,Cloud to Cloud,2025-12-24T19:30:54.218+08:00
2025-12-25 11:19:33,2025-12-24T19:32:00+08:00,2025-12-24T19:34:03+08:00,1.0819,103.5884,C,Cloud to Cloud,2025-12-24T19:30:54.218+08:00
2025-12-25 11:19:33,2025-12-24T19:32:00+08:00,2025-12-24T19:34:03+08:00,1.0762,103.5786,C,Cloud to Cloud,2025-12-24T19:30:54.218+08:00
2025-12-25 11:19:33,2025-12-24T19:32:00+08:00,2025-12-24T19:34:03+08:00,1.0794,103.5873,C,Cloud to Cloud,2025-12-24T19:30:54.218+08:00
2025-12-25 11:19:33,2025-12-24T19:32:00+08:00,2025-12-24T19:34:03+08:00,1.0748,103.5795,C,Cloud to Cloud,2025-12-24T19:30:54.218+08:00
2025-12-25 11:19:33,2025-12-24T19:32:00+08:00,2025-12-24T19:34:03+08:00,1.0808,103.5908,C,Cloud to Cloud,2025-12-24T19:30:54.218+08:00
2025-12-25 11:19:33,2025-12-24T19:32:00+08:00,2025-12-24T19:34:03+08:00,1.0767,103.582,C,Cloud to Cloud,2025-12-24T19:30:54.218+08:00
2025-12-25 11:19:33,2025-12-24T19:32:00+08:00,2025-12-24T19:34:03+08:00,1.0715,103.574,C,Cloud to Cloud,2025-12-24T19:30:54.218+08:00
2025-12-25 11:19:33,2025-12-24T19:32:00+08:00,2025-12-24T19:34:03+08:00,1.0922,103.606,C,Cloud to Cloud,2025-12-24T19:30:54.219+08:00
2025-12-25 11:19:33,2025-12-24T19:32:00+08:00,2025-12-24T19:34:03+08:00,1.0808,103.5865,C,Cloud to Cloud,2025-12-24T19:30:54.219+08:00
2025-12-25 11:19:33,2025-12-24T19:32:00+08:00,2025-12-24T19:34:03+08:00,1.0869,103.5976,C,Cloud to Cloud,2025-12-24T19:30:54.219+08:00
2025-12-25 11:19:33,2025-12-24T19:32:00+08:00,2025-12-24T19:34:03+08:00,1.072,103.5747,C,Cloud to Cloud,2025-12-24T19:30:54.219+08:00
2025-12-25 11:19:33,2025-12-24T19:32:00+08:00,2025-12-24T19:34:03+08:00,1.0752,103.5802,C,Cloud to Cloud,2025-12-24T19:30:54.219+08:00
2025-12-25 11:19:33,2025-12-24T19:32:00+08:00,2025-12-24T19:34:03+08:00,1.0702,103.569,C,Cloud to Cloud,2025-12-24T19:30:54.219+08:00
2025-12-25 11:19:33,2025-12-24T19:32:00+08:00,2025-12-24T19:34:03+08:00,1.0777,103.5831,C,Cloud to Cloud,2025-12-24T19:30:54.219+08:00
2025-12-25 11:19:33,2025-12-24T19:32:00+08:00,2025-12-24T19:34:03+08:00,1.0813,103.5905,C,Cloud to Cloud,2025-12-24T19:30:54.219+08:00
2025-12-25 11:19:33,2025-12-24T19:32:00+08:00,2025-12-24T19:34:03+08:00,1.0786,103.5879,C,Cloud to Cloud,2025-12-24T19:30:54.219+08:00
2025-12-25 11:19:33,2025-12-24T19:32:00+08:00,2025-12-24T19:34:03+08:00,1.0848,103.5933,C,Cloud to Cloud,2025-12-24T19:30:54.22+08:00
2025-12-25 11:19:33,2025-12-24T19:32:00+08:00,2025-12-24T19:34:03+08:00,1.0943,103.606,C,Cloud to Cloud,2025-12-24T19:30:54.22+08:00
2025-12-25 11:19:33,2025-12-24T19:32:00+08:00,2025-12-24T19:34:03+08:00,1.0768,103.581,C,Cloud to Cloud,2025-12-24T19:30:54.22+08:00
2025-12-25 11:19:33,2025-12-24T19:32:00+08:00,2025-12-24T19:34:03+08:00,1.0846,103.5942,C,Cloud to Cloud,2025-12-24T19:30:54.22+08:00
2025-12-25 11:19:33,2025-12-24T19:32:00+08:00,2025-12-24T19:34:03+08:00,1.0798,103.588,C,Cloud to Cloud,2025-12-24T19:30:54.22+08:00
2025-12-25 11:19:33,2025-12-24T19:32:00+08:00,2025-12-24T19:34:03+08:00,1.0738,103.5764,C,Cloud to Cloud,2025-12-24T19:30:54.22+08:00
2025-12-25 11:19:33,2025-12-24T19:32:00+08:00,2025-12-24T19:34:03+08:00,1.0787,103.5887,C,Cloud to Cloud,2025-12-24T19:30:54.22+08:00
2025-12-25 11:19:33,2025-12-24T19:32:00+08:00,2025-12-24T19:34:03+08:00,1.0623,103.5584,C,Cloud to Cloud,2025-12-24T19:30:54.22+08:00
2025-12-25 11:19:33,2025-12-24T19:32:00+08:00,2025-12-24T19:34:03+08:00,1.0825,103.588,C,Cloud to Cloud,2025-12-24T19:30:54.22+08:00
2025-12-25 11:19:33,2025-12-24T19:32:00+08:00,2025-12-24T19:34:03+08:00,1.0711,103.5752,C,Cloud to Cloud,2025-12-24T19:30:54.221+08:00
2025-12-25 11:19:33,2025-12-24T19:32:00+08:00,2025-12-24T19:34:03+08:00,1.0694,103.5724,C,Cloud to Cloud,2025-12-24T19:30:54.221+08:00
2025-12-25 11:19:33,2025-12-24T19:32:00+08:00,2025-12-24T19:34:03+08:00,1.0777,103.5858,C,Cloud to Cloud,2025-12-24T19:30:54.221+08:00
2025-12-25 11:19:33,2025-12-24T19:32:00+08:00,2025-12-24T19:34:03+08:00,1.0738,103.581,C,Cloud to Cloud,2025-12-24T19:30:54.221+08:00
2025-12-25 11:19:33,2025-12-24T19:32:00+08:00,2025-12-24T19:34:03+08:00,1.0581,103.5641,G,Cloud to Ground,2025-12-24T19:30:54.221+08:00
2025-12-25 11:19:33,2025-12-24T19:32:00+08:00,2025-12-24T19:34:03+08:00,1.0706,103.5695,C,Cloud to Cloud,2025-12-24T19:30:54.221+08:00
2025-12-25 11:19:33,2025-12-24T19:32:00+08:00,2025-12-24T19:34:03+08:00,1.0633,103.5737,C,Cloud to Cloud,2025-12-24T19:30:54.221+08:00
2025-12-25 11:19:33,2025-12-24T19:32:00+08:00,2025-12-24T19:34:03+08:00,1.0447,103.5497,C,Cloud to Cloud,2025-12-24T19:30:54.221+08:00
2025-12-25 11:19:33,2025-12-24T19:32:00+08:00,2025-12-24T19:34:03+08:00,1.0815,103.5946,C,Cloud to Cloud,2025-12-24T19:30:54.221+08:00
2025-12-25 11:19:33,2025-12-24T19:32:00+08:00,2025-12-24T19:34:03+08:00,1.0579,103.5403,C,Cloud to Cloud,2025-12-24T19:30:54.253+08:00
2025-12-25 11:19:33,2025-12-24T19:32:00+08:00,2025-12-24T19:34:03+08:00,1.0784,103.5996,C,Cloud to Cloud,2025-12-24T19:30:54.302+08:00
2025-12-25 11:19:33,2025-12-24T19:32:00+08:00,2025-12-24T19:34:03+08:00,1.0584,103.5432,C,Cloud to Cloud,2025-12-24T19:30:54.336+08:00
2025-12-25 11:19:33,2025-12-24T19:32:00+08:00,2025-12-24T19:34:03+08:00,1.0844,103.5699,C,Cloud to Cloud,2025-12-24T19:30:54.336+08:00
2025-12-25 11:19:33,2025-12-24T19:32:00+08:00,2025-12-24T19:34:03+08:00,1.0219,103.5505,G,Cloud to Ground,2025-12-24T19:30:54.336+08:00
2025-12-25 11:19:33,2025-12-24T19:32:00+08:00,2025-12-24T19:34:03+08:00,1.0745,103.572,C,Cloud to Cloud,2025-12-24T19:30:54.336+08:00
2025-12-25 11:19:33,2025-12-24T19:32:00+08:00,2025-12-24T19:34:03+08:00,1.0765,103.5783,C,Cloud to Cloud,2025-12-24T19:30:54.336+08:00
2025-12-25 11:19:33,2025-12-24T19:32:00+08:00,2025-12-24T19:34:03+08:00,1.0787,103.5819,C,Cloud to Cloud,2025-12-24T19:30:54.337+08:00
2025-12-25 11:19:33,2025-12-24T19:32:00+08:00,2025-12-24T19:34:03+08:00,1.0865,103.5926,C,Cloud to Cloud,2025-12-24T19:30:54.337+08:00
2025-12-25 11:19:33,2025-12-24T19:32:00+08:00,2025-12-24T19:34:03+08:00,1.094,103.6019,C,Cloud to Cloud,2025-12-24T19:30:54.337+08:00
2025-12-25 11:19:33,2025-12-24T19:32:00+08:00,2025-12-24T19:34:03+08:00,1.0841,103.5872,C,Cloud to Cloud,2025-12-24T19:30:54.337+08:00
2025-12-25 11:19:33,2025-12-24T19:32:00+08:00,2025-12-24T19:34:03+08:00,1.0699,103.5697,C,Cloud to Cloud,2025-12-24T19:30:54.337+08:00
2025-12-25 11:19:33,2025-12-24T19:32:00+08:00,2025-12-24T19:34:03+08:00,1.0744,103.5773,C,Cloud to Cloud,2025-12-24T19:30:54.337+08:00
2025-12-25 11:19:33,2025-12-24T19:32:00+08:00,2025-12-24T19:34:03+08:00,1.0742,103.571,C,Cloud to Cloud,2025-12-24T19:30:54.337+08:00
2025-12-25 11:19:33,2025-12-24T19:32:00+08:00,2025-12-24T19:34:03+08:00,1.0822,103.5869,C,Cloud to Cloud,2025-12-24T19:30:54.337+08:00
2025-12-25 11:19:33,2025-12-24T19:32:00+08:00,2025-12-24T19:34:03+08:00,1.0696,103.5785,C,Cloud to Cloud,2025-12-24T19:30:54.337+08:00
2025-12-25 11:19:33,2025-12-24T19:32:00+08:00,2025-12-24T19:34:03+08:00,1.0643,103.5731,C,Cloud to Cloud,2025-12-24T19:30:54.337+08:00
2025-12-25 11:19:33,2025-12-24T19:32:00+08:00,2025-12-24T19:34:03+08:00,1.0714,103.5668,C,Cloud to Cloud,2025-12-24T19:30:54.338+08:00
2025-12-25 11:19:33,2025-12-24T19:32:00+08:00,2025-12-24T19:34:03+08:00,1.0753,103.5796,C,Cloud to Cloud,2025-12-24T19:30:54.338+08:00
2025-12-25 11:19:33,2025-12-24T19:32:00+08:00,2025-12-24T19:34:03+08:00,1.0712,103.5785,C,Cloud to Cloud,2025-12-24T19:30:54.338+08:00
2025-12-25 11:19:33,2025-12-24T19:32:00+08:00,2025-12-24T19:34:03+08:00,1.0718,103.5743,C,Cloud to Cloud,2025-12-24T19:30:54.338+08:00
2025-12-25 11:19:33,2025-12-24T19:32:00+08:00,2025-12-24T19:34:03+08:00,1.0807,103.5835,C,Cloud to Cloud,2025-12-24T19:30:54.338+08:00
2025-12-25 11:19:33,2025-12-24T19:32:00+08:00,2025-12-24T19:34:03+08:00,1.0864,103.5902,C,Cloud to Cloud,2025-12-24T19:30:54.338+08:00
2025-12-25 11:19:33,2025-12-24T19:32:00+08:00,2025-12-24T19:34:03+08:00,1.0756,103.5767,C,Cloud to Cloud,2025-12-24T19:30:54.338+08:00
2025-12-25 11:19:33,2025-12-24T19:32:00+08:00,2025-12-24T19:34:03+08:00,1.0798,103.584,C,Cloud to Cloud,2025-12-24T19:30:54.338+08:00
2025-12-25 11:19:33,2025-12-24T19:32:00+08:00,2025-12-24T19:34:03+08:00,1.0811,103.5893,C,Cloud to Cloud,2025-12-24T19:30:54.338+08:00
2025-12-25 11:19:33,2025-12-24T19:32:00+08:00,2025-12-24T19:34:03+08:00,1.0839,103.5884,C,Cloud to Cloud,2025-12-24T19:30:54.338+08:00
2025-12-25 11:19:33,2025-12-24T19:32:00+08:00,2025-12-24T19:34:03+08:00,1.076,103.5774,C,Cloud to Cloud,2025-12-24T19:30:54.339+08:00
2025-12-25 11:19:33,2025-12-24T19:32:00+08:00,2025-12-24T19:34:03+08:00,1.0822,103.5861,C,Cloud to Cloud,2025-12-24T19:30:54.339+08:00
2025-12-25 11:19:33,2025-12-24T19:32:00+08:00,2025-12-24T19:34:03+08:00,1.0662,103.5581,C,Cloud to Cloud,2025-12-24T19:30:54.339+08:00
2025-12-25 11:19:33,2025-12-24T19:32:00+08:00,2025-12-24T19:34:03+08:00,1.0668,103.5661,G,Cloud to Ground,2025-12-24T19:30:54.339+08:00
2025-12-25 11:19:33,2025-12-24T19:32:00+08:00,2025-12-24T19:34:03+08:00,1.0794,103.5732,C,Cloud to Cloud,2025-12-24T19:30:54.339+08:00
2025-12-25 11:19:33,2025-12-24T19:32:00+08:00,2025-12-24T19:34:03+08:00,1.0514,103.534,C,Cloud to Cloud,2025-12-24T19:30:54.345+08:00
2025-12-25 11:19:33,2025-12-24T19:32:00+08:00,2025-12-24T19:34:03+08:00,0.9974,103.4786,C,Cloud to Cloud,2025-12-24T19:30:54.427+08:00
2025-12-25 11:19:33,2025-12-24T19:32:00+08:00,2025-12-24T19:34:03+08:00,1.009,103.4955,C,Cloud to Cloud,2025-12-24T19:30:54.427+08:00
2025-12-25 11:19:33,2025-12-24T19:32:00+08:00,2025-12-24T19:34:03+08:00,1.0885,103.5882,C,Cloud to Cloud,2025-12-24T19:30:54.428+08:00
2025-12-25 11:19:33,2025-12-24T19:32:00+08:00,2025-12-24T19:34:03+08:00,1.0898,103.5928,C,Cloud to Cloud,2025-12-24T19:30:54.428+08:00
2025-12-25 11:19:33,2025-12-24T19:32:00+08:00,2025-12-24T19:34:03+08:00,1.0914,103.5972,C,Cloud to Cloud,2025-12-24T19:30:54.428+08:00
2025-12-25 11:19:33,2025-12-24T19:32:00+08:00,2025-12-24T19:34:03+08:00,1.0909,103.596,C,Cloud to Cloud,2025-12-24T19:30:54.428+08:00
2025-12-25 11:19:33,2025-12-24T19:32:00+08:00,2025-12-24T19:34:03+08:00,1.0923,103.6009,C,Cloud to Cloud,2025-12-24T19:30:54.428+08:00
2025-12-25 11:19:33,2025-12-24T19:32:00+08:00,2025-12-24T19:34:03+08:00,1.0988,103.6096,C,Cloud to Cloud,2025-12-24T19:30:54.428+08:00
2025-12-25 11:19:33,2025-12-24T19:32:00+08:00,2025-12-24T19:34:03+08:00,1.0989,103.6107,C,Cloud to Cloud,2025-12-24T19:30:54.428+08:00
2025-12-25 11:19:33,2025-12-24T19:32:00+08:00,2025-12-24T19:34:03+08:00,1.1034,103.6163,C,Cloud to Cloud,2025-12-24T19:30:54.428+08:00
2025-12-25 11:19:33,2025-12-24T19:32:00+08:00,2025-12-24T19:34:03+08:00,1.0688,103.5653,G,Cloud to Ground,2025-12-24T19:30:54.43+08:00
2025-12-25 11:19:33,2025-12-24T19:32:00+08:00,2025-12-24T19:34:03+08:00,1.097,103.6141,C,Cloud to Cloud,2025-12-24T19:30:54.432+08:00
2025-12-25 11:19:33,2025-12-24T19:32:00+08:00,2025-12-24T19:34:03+08:00,1.0721,103.5622,C,Cloud to Cloud,2025-12-24T19:30:54.432+08:00
2025-12-25 11:19:33,2025-12-24T19:32:00+08:00,2025-12-24T19:34:03+08:00,1.0626,103.5367,C,Cloud to Cloud,2025-12-24T19:30:54.451+08:00
2025-12-25 11:19:33,2025-12-24T19:32:00+08:00,2025-12-24T19:34:03+08:00,1.0734,103.5555,C,Cloud to Cloud,2025-12-24T19:30:54.451+08:00
2025-12-25 11:19:33,2025-12-24T19:32:00+08:00,2025-12-24T19:34:03+08:00,1.1002,103.6089,C,Cloud to Cloud,2025-12-24T19:30:54.455+08:00
2025-12-25 11:19:33,2025-12-24T19:32:00+08:00,2025-12-24T19:34:03+08:00,1.067,103.5623,G,Cloud to Ground,2025-12-24T19:30:54.455+08:00
2025-12-25 11:19:33,2025-12-24T19:32:00+08:00,2025-12-24T19:34:03+08:00,1.0557,103.5264,C,Cloud to Cloud,2025-12-24T19:30:54.546+08:00
2025-12-25 11:19:33,2025-12-24T19:32:00+08:00,2025-12-24T19:34:03+08:00,1.0636,103.5398,C,Cloud to Cloud,2025-12-24T19:30:54.546+08:00
2025-12-25 11:19:33,2025-12-24T19:32:00+08:00,2025-12-24T19:34:03+08:00,0.9907,103.4885,C,Cloud to Cloud,2025-12-24T19:30:54.549+08:00
2025-12-25 11:19:33,2025-12-24T19:32:00+08:00,2025-12-24T19:34:03+08:00,1.0678,103.5659,G,Cloud to Ground,2025-12-24T19:30:54.549+08:00
2025-12-25 11:19:33,2025-12-24T19:32:00+08:00,2025-12-24T19:34:03+08:00,1.1103,103.6038,C,Cloud to Cloud,2025-12-24T19:30:54.583+08:00
2025-12-25 11:19:33,2025-12-24T19:32:00+08:00,2025-12-24T19:34:03+08:00,1.055,103.537,C,Cloud to Cloud,2025-12-24T19:30:54.603+08:00
2025-12-25 11:19:33,2025-12-24T19:32:00+08:00,2025-12-24T19:34:03+08:00,1.0776,103.5707,C,Cloud to Cloud,2025-12-24T19:30:54.603+08:00
2025-12-25 11:19:33,2025-12-24T19:32:00+08:00,2025-12-24T19:34:03+08:00,1.095,103.5938,C,Cloud to Cloud,2025-12-24T19:30:54.603+08:00
2025-12-25 11:19:33,2025-12-24T19:32:00+08:00,2025-12-24T19:34:03+08:00,1.114,103.6385,C,Cloud to Cloud,2025-12-24T19:30:54.604+08:00
2025-12-25 11:19:33,2025-12-24T19:32:00+08:00,2025-12-24T19:34:03+08:00,1.0784,103.5806,C,Cloud to Cloud,2025-12-24T19:30:54.604+08:00
2025-12-25 11:19:33,2025-12-24T19:32:00+08:00,2025-12-24T19:34:03+08:00,1.0664,103.5654,G,Cloud to Ground,2025-12-24T19:30:54.604+08:00
2025-12-25 11:19:33,2025-12-24T19:32:00+08:00,2025-12-24T19:34:03+08:00,1.0651,103.5644,G,Cloud to Ground,2025-12-24T19:30:54.646+08:00
2025-12-25 11:19:33,2025-12-24T19:32:00+08:00,2025-12-24T19:34:03+08:00,1.0974,103.5884,C,Cloud to Cloud,2025-12-24T19:30:54.769+08:00
2025-12-25 11:19:33,2025-12-24T19:32:00+08:00,2025-12-24T19:34:03+08:00,1.0817,103.5677,C,Cloud to Cloud,2025-12-24T19:30:54.769+08:00
2025-12-25 11:19:33,2025-12-24T19:32:00+08:00,2025-12-24T19:34:03+08:00,1.0674,103.5516,C,Cloud to Cloud,2025-12-24T19:30:54.769+08:00
2025-12-25 11:19:33,2025-12-24T19:32:00+08:00,2025-12-24T19:34:03+08:00,1.0949,103.5935,C,Cloud to Cloud,2025-12-24T19:30:54.769+08:00
2025-12-25 11:19:33,2025-12-24T19:32:00+08:00,2025-12-24T19:34:03+08:00,1.0953,103.5994,C,Cloud to Cloud,2025-12-24T19:30:54.769+08:00
2025-12-25 11:19:33,2025-12-24T19:32:00+08:00,2025-12-24T19:34:03+08:00,1.0665,103.5644,G,Cloud to Ground,2025-12-24T19:30:54.77+08:00
2025-12-25 11:19:33,2025-12-24T19:32:00+08:00,2025-12-24T19:34:03+08:00,1.0677,103.5621,C,Cloud to Cloud,2025-12-24T19:30:54.821+08:00
2025-12-25 11:19:33,2025-12-24T19:32:00+08:00,2025-12-24T19:34:03+08:00,1.0678,103.5663,G,Cloud to Ground,2025-12-24T19:30:54.86+08:00
2025-12-25 11:19:33,2025-12-24T19:32:00+08:00,2025-12-24T19:34:03+08:00,1.0692,103.5648,G,Cloud to Ground,2025-12-24T19:30:54.92+08:00
2025-12-25 11:19:33,2025-12-24T19:32:00+08:00,2025-12-24T19:34:03+08:00,1.1177,103.5621,C,Cloud to Cloud,2025-12-24T19:30:55.028+08:00
2025-12-25 11:19:33,2025-12-24T19:32:00+08:00,2025-12-24T19:34:03+08:00,1.1198,103.5763,C,Cloud to Cloud,2025-12-24T19:30:55.028+08:00
2025-12-25 11:19:33,2025-12-24T19:32:00+08:00,2025-12-24T19:34:03+08:00,1.1083,103.5948,C,Cloud to Cloud,2025-12-24T19:30:55.028+08:00
2025-12-25 11:19:33,2025-12-24T19:32:00+08:00,2025-12-24T19:34:03+08:00,1.0893,103.5633,C,Cloud to Cloud,2025-12-24T19:30:55.028+08:00
2025-12-25 11:19:33,2025-12-24T19:30:00+08:00,2025-12-24T19:32:02+08:00,1.1162,103.5282,C,Cloud to Cloud,2025-12-24T19:28:02.451+08:00
2025-12-25 11:19:33,2025-12-24T19:30:00+08:00,2025-12-24T19:32:02+08:00,1.1176,103.5625,C,Cloud to Cloud,2025-12-24T19:28:02.451+08:00
2025-12-25 11:19:33,2025-12-24T19:30:00+08:00,2025-12-24T19:32:02+08:00,1.1162,103.5584,C,Cloud to Cloud,2025-12-24T19:28:20.879+08:00
2025-12-25 11:19:33,2025-12-24T19:30:00+08:00,2025-12-24T19:32:02+08:00,1.0895,103.5508,C,Cloud to Cloud,2025-12-24T19:28:20.879+08:00
2025-12-25 11:19:33,2025-12-24T19:30:00+08:00,2025-12-24T19:32:02+08:00,1.0872,103.544,C,Cloud to Cloud,2025-12-24T19:28:27.623+08:00
2025-12-25 11:19:33,2025-12-24T19:30:00+08:00,2025-12-24T19:32:02+08:00,1.0858,103.5492,C,Cloud to Cloud,2025-12-24T19:28:27.623+08:00
2025-12-25 11:19:33,2025-12-24T19:30:00+08:00,2025-12-24T19:32:02+08:00,1.088,103.5445,C,Cloud to Cloud,2025-12-24T19:28:27.623+08:00
2025-12-25 11:19:33,2025-12-24T19:30:00+08:00,2025-12-24T19:32:02+08:00,1.1285,103.5854,C,Cloud to Cloud,2025-12-24T19:28:34.562+08:00
2025-12-25 11:19:33,2025-12-24T19:30:00+08:00,2025-12-24T19:32:02+08:00,1.0465,103.5045,C,Cloud to Cloud,2025-12-24T19:28:34.562+08:00
2025-12-25 11:19:33,2025-12-24T19:30:00+08:00,2025-12-24T19:32:02+08:00,1.0807,103.5478,C,Cloud to Cloud,2025-12-24T19:28:34.652+08:00
2025-12-25 11:19:33,2025-12-24T19:30:00+08:00,2025-12-24T19:32:02+08:00,1.0893,103.5353,C,Cloud to Cloud,2025-12-24T19:28:34.652+08:00
2025-12-25 11:19:33,2025-12-24T19:30:00+08:00,2025-12-24T19:32:02+08:00,1.1163,103.5879,C,Cloud to Cloud,2025-12-24T19:28:34.652+08:00
2025-12-25 11:19:33,2025-12-24T19:30:00+08:00,2025-12-24T19:32:02+08:00,1.1435,103.6062,C,Cloud to Cloud,2025-12-24T19:28:34.767+08:00
2025-12-25 11:19:33,2025-12-24T19:30:00+08:00,2025-12-24T19:32:02+08:00,1.112,103.572,C,Cloud to Cloud,2025-12-24T19:28:34.767+08:00
2025-12-25 11:19:33,2025-12-24T19:30:00+08:00,2025-12-24T19:32:02+08:00,1.0493,103.5234,C,Cloud to Cloud,2025-12-24T19:28:34.767+08:00
2025-12-25 11:19:33,2025-12-24T19:30:00+08:00,2025-12-24T19:32:02+08:00,1.1176,103.5865,C,Cloud to Cloud,2025-12-24T19:28:35.156+08:00
2025-12-25 11:19:33,2025-12-24T19:30:00+08:00,2025-12-24T19:32:02+08:00,1.0913,103.5452,C,Cloud to Cloud,2025-12-24T19:28:35.156+08:00
2025-12-25 11:19:33,2025-12-24T19:30:00+08:00,2025-12-24T19:32:02+08:00,1.058,103.5614,C,Cloud to Cloud,2025-12-24T19:28:35.156+08:00
2025-12-25 11:19:33,2025-12-24T19:30:00+08:00,2025-12-24T19:32:02+08:00,1.1123,103.5683,C,Cloud to Cloud,2025-12-24T19:29:09.594+08:00
2025-12-25 11:19:33,2025-12-24T19:30:00+08:00,2025-12-24T19:32:02+08:00,1.0765,103.5877,C,Cloud to Cloud,2025-12-24T19:29:09.631+08:00
2025-12-25 11:19:33,2025-12-24T19:30:00+08:00,2025-12-24T19:32:02+08:00,1.0655,103.551,C,Cloud to Cloud,2025-12-24T19:29:09.864+08:00
2025-12-25 11:19:33,2025-12-24T19:30:00+08:00,2025-12-24T19:32:02+08:00,1.1164,103.6094,C,Cloud to Cloud,2025-12-24T19:29:09.864+08:00
2025-12-25 11:19:33,2025-12-24T19:30:00+08:00,2025-12-24T19:32:02+08:00,1.0538,103.5718,C,Cloud to Cloud,2025-12-24T19:29:38.861+08:00
2025-12-25 11:19:33,2025-12-24T19:30:00+08:00,2025-12-24T19:32:02+08:00,1.0568,103.5685,C,Cloud to Cloud,2025-12-24T19:29:38.866+08:00
2025-12-25 11:19:33,2025-12-24T19:30:00+08:00,2025-12-24T19:32:02+08:00,1.074,103.6357,C,Cloud to Cloud,2025-12-24T19:29:39.019+08:00
2025-12-25 11:19:33,2025-12-24T19:30:00+08:00,2025-12-24T19:32:02+08:00,1.0512,103.6038,C,Cloud to Cloud,2025-12-24T19:29:39.029+08:00
2025-12-25 11:19:33,2025-12-24T19:30:00+08:00,2025-12-24T19:32:02+08:00,1.057,103.6129,C,Cloud to Cloud,2025-12-24T19:29:39.031+08:00
2025-12-25 11:19:33,2025-12-24T19:30:00+08:00,2025-12-24T19:32:02+08:00,1.0446,103.6025,C,Cloud to Cloud,2025-12-24T19:29:39.031+08:00
2025-12-25 11:19:33,2025-12-24T19:30:00+08:00,2025-12-24T19:32:02+08:00,1.044,103.5973,C,Cloud to Cloud,2025-12-24T19:29:39.031+08:00
2025-12-25 11:19:33,2025-12-24T19:30:00+08:00,2025-12-24T19:32:02+08:00,1.0396,103.5932,C,Cloud to Cloud,2025-12-24T19:29:39.031+08:00
2025-12-25 11:19:33,2025-12-24T19:30:00+08:00,2025-12-24T19:32:02+08:00,1.0477,103.6028,C,Cloud to Cloud,2025-12-24T19:29:39.032+08:00
2025-12-25 11:19:33,2025-12-24T19:30:00+08:00,2025-12-24T19:32:02+08:00,1.0353,103.5868,C,Cloud to Cloud,2025-12-24T19:29:39.032+08:00
2025-12-25 11:19:33,2025-12-24T19:30:00+08:00,2025-12-24T19:32:02+08:00,1.0432,103.5968,C,Cloud to Cloud,2025-12-24T19:29:39.032+08:00
2025-12-25 11:19:33,2025-12-24T19:30:00+08:00,2025-12-24T19:32:02+08:00,1.0475,103.6047,C,Cloud to Cloud,2025-12-24T19:29:39.032+08:00
2025-12-25 11:19:33,2025-12-24T19:30:00+08:00,2025-12-24T19:32:02+08:00,1.0415,103.595,C,Cloud to Cloud,2025-12-24T19:29:39.032+08:00
2025-12-25 11:19:33,2025-12-24T19:30:00+08:00,2025-12-24T19:32:02+08:00,1.0399,103.5942,C,Cloud to Cloud,2025-12-24T19:29:39.032+08:00
2025-12-25 11:19:33,2025-12-24T19:30:00+08:00,2025-12-24T19:32:02+08:00,1.0525,103.6089,C,Cloud to Cloud,2025-12-24T19:29:39.032+08:00
2025-12-25 11:19:33,2025-12-24T19:30:00+08:00,2025-12-24T19:32:02+08:00,1.0417,103.5923,C,Cloud to Cloud,2025-12-24T19:29:39.032+08:00
2025-12-25 11:19:33,2025-12-24T19:30:00+08:00,2025-12-24T19:32:02+08:00,1.0588,103.6152,C,Cloud to Cloud,2025-12-24T19:29:39.033+08:00
2025-12-25 11:19:33,2025-12-24T19:30:00+08:00,2025-12-24T19:32:02+08:00,1.0548,103.6109,C,Cloud to Cloud,2025-12-24T19:29:39.033+08:00
2025-12-25 11:19:33,2025-12-24T19:30:00+08:00,2025-12-24T19:32:02+08:00,1.0453,103.6005,C,Cloud to Cloud,2025-12-24T19:29:39.033+08:00
2025-12-25 11:19:33,2025-12-24T19:30:00+08:00,2025-12-24T19:32:02+08:00,1.0532,103.6093,C,Cloud to Cloud,2025-12-24T19:29:39.033+08:00
2025-12-25 11:19:33,2025-12-24T19:30:00+08:00,2025-12-24T19:32:02+08:00,1.0506,103.6043,C,Cloud to Cloud,2025-12-24T19:29:39.033+08:00
2025-12-25 11:19:33,2025-12-24T19:30:00+08:00,2025-12-24T19:32:02+08:00,1.0536,103.6103,C,Cloud to Cloud,2025-12-24T19:29:39.033+08:00
2025-12-25 11:19:33,2025-12-24T19:30:00+08:00,2025-12-24T19:32:02+08:00,1.0458,103.6016,C,Cloud to Cloud,2025-12-24T19:29:39.033+08:00
2025-12-25 11:19:33,2025-12-24T19:30:00+08:00,2025-12-24T19:32:02+08:00,1.0524,103.6061,C,Cloud to Cloud,2025-12-24T19:29:39.034+08:00
2025-12-25 11:19:33,2025-12-24T19:30:00+08:00,2025-12-24T19:32:02+08:00,1.0533,103.6087,C,Cloud to Cloud,2025-12-24T19:29:39.034+08:00
2025-12-25 11:19:33,2025-12-24T19:30:00+08:00,2025-12-24T19:32:02+08:00,1.0513,103.6051,C,Cloud to Cloud,2025-12-24T19:29:39.034+08:00
2025-12-25 11:19:33,2025-12-24T19:30:00+08:00,2025-12-24T19:32:02+08:00,1.0491,103.6039,C,Cloud to Cloud,2025-12-24T19:29:39.034+08:00
2025-12-25 11:19:33,2025-12-24T19:30:00+08:00,2025-12-24T19:32:02+08:00,1.0522,103.6085,C,Cloud to Cloud,2025-12-24T19:29:39.034+08:00
2025-12-25 11:19:33,2025-12-24T19:30:00+08:00,2025-12-24T19:32:02+08:00,1.0532,103.608,C,Cloud to Cloud,2025-12-24T19:29:39.034+08:00
2025-12-25 11:19:33,2025-12-24T19:30:00+08:00,2025-12-24T19:32:02+08:00,1.0529,103.6061,C,Cloud to Cloud,2025-12-24T19:29:39.034+08:00
2025-12-25 11:19:33,2025-12-24T19:30:00+08:00,2025-12-24T19:32:02+08:00,1.0462,103.5994,C,Cloud to Cloud,2025-12-24T19:29:39.035+08:00
2025-12-25 11:19:33,2025-12-24T19:30:00+08:00,2025-12-24T19:32:02+08:00,1.0527,103.6107,C,Cloud to Cloud,2025-12-24T19:29:39.035+08:00
2025-12-25 11:19:33,2025-12-24T19:30:00+08:00,2025-12-24T19:32:02+08:00,1.0553,103.6118,C,Cloud to Cloud,2025-12-24T19:29:39.035+08:00
2025-12-25 11:19:33,2025-12-24T19:30:00+08:00,2025-12-24T19:32:02+08:00,1.0575,103.6137,C,Cloud to Cloud,2025-12-24T19:29:39.035+08:00
2025-12-25 11:19:33,2025-12-24T19:30:00+08:00,2025-12-24T19:32:02+08:00,1.0568,103.6102,C,Cloud to Cloud,2025-12-24T19:29:39.035+08:00
2025-12-25 11:19:33,2025-12-24T19:30:00+08:00,2025-12-24T19:32:02+08:00,1.061,103.6176,C,Cloud to Cloud,2025-12-24T19:29:39.035+08:00
2025-12-25 11:19:33,2025-12-24T19:30:00+08:00,2025-12-24T19:32:02+08:00,1.0521,103.6087,C,Cloud to Cloud,2025-12-24T19:29:39.036+08:00
2025-12-25 11:19:33,2025-12-24T19:30:00+08:00,2025-12-24T19:32:02+08:00,1.0539,103.6068,C,Cloud to Cloud,2025-12-24T19:29:39.036+08:00
2025-12-25 11:19:33,2025-12-24T19:30:00+08:00,2025-12-24T19:32:02+08:00,1.0472,103.6028,C,Cloud to Cloud,2025-12-24T19:29:39.036+08:00
2025-12-25 11:19:33,2025-12-24T19:30:00+08:00,2025-12-24T19:32:02+08:00,1.035,103.5995,C,Cloud to Cloud,2025-12-24T19:29:39.036+08:00
2025-12-25 11:19:33,2025-12-24T19:30:00+08:00,2025-12-24T19:32:02+08:00,1.0459,103.6055,C,Cloud to Cloud,2025-12-24T19:29:39.036+08:00
2025-12-25 11:19:33,2025-12-24T19:30:00+08:00,2025-12-24T19:32:02+08:00,1.0504,103.6025,C,Cloud to Cloud,2025-12-24T19:29:39.037+08:00
2025-12-25 11:19:33,2025-12-24T19:30:00+08:00,2025-12-24T19:32:02+08:00,1.0557,103.6081,C,Cloud to Cloud,2025-12-24T19:29:39.037+08:00
2025-12-25 11:19:33,2025-12-24T19:30:00+08:00,2025-12-24T19:32:02+08:00,1.0554,103.6071,C,Cloud to Cloud,2025-12-24T19:29:39.037+08:00
2025-12-25 11:19:33,2025-12-24T19:30:00+08:00,2025-12-24T19:32:02+08:00,1.0438,103.6014,C,Cloud to Cloud,2025-12-24T19:29:39.037+08:00
2025-12-25 11:19:33,2025-12-24T19:30:00+08:00,2025-12-24T19:32:02+08:00,1.0535,103.6066,C,Cloud to Cloud,2025-12-24T19:29:39.037+08:00
2025-12-25 11:19:33,2025-12-24T19:30:00+08:00,2025-12-24T19:32:02+08:00,1.0552,103.6078,C,Cloud to Cloud,2025-12-24T19:29:39.038+08:00
2025-12-25 11:19:33,2025-12-24T19:30:00+08:00,2025-12-24T19:32:02+08:00,1.0465,103.6033,C,Cloud to Cloud,2025-12-24T19:29:39.038+08:00
2025-12-25 11:19:33,2025-12-24T19:30:00+08:00,2025-12-24T19:32:02+08:00,1.0611,103.6144,C,Cloud to Cloud,2025-12-24T19:29:39.04+08:00
2025-12-25 11:19:33,2025-12-24T19:30:00+08:00,2025-12-24T19:32:02+08:00,1.0462,103.6,C,Cloud to Cloud,2025-12-24T19:29:39.041+08:00
2025-12-25 11:19:33,2025-12-24T19:30:00+08:00,2025-12-24T19:32:02+08:00,1.043,103.6007,C,Cloud to Cloud,2025-12-24T19:29:39.042+08:00
2025-12-25 11:19:33,2025-12-24T19:30:00+08:00,2025-12-24T19:32:02+08:00,1.0478,103.6083,C,Cloud to Cloud,2025-12-24T19:29:39.042+08:00
2025-12-25 11:19:33,2025-12-24T19:30:00+08:00,2025-12-24T19:32:02+08:00,1.0435,103.6031,C,Cloud to Cloud,2025-12-24T19:29:39.042+08:00
2025-12-25 11:19:33,2025-12-24T19:30:00+08:00,2025-12-24T19:32:02+08:00,1.0468,103.6034,C,Cloud to Cloud,2025-12-24T19:29:39.042+08:00
2025-12-25 11:19:33,2025-12-24T19:30:00+08:00,2025-12-24T19:32:02+08:00,1.0419,103.6028,C,Cloud to Cloud,2025-12-24T19:29:39.042+08:00
2025-12-25 11:19:33,2025-12-24T19:30:00+08:00,2025-12-24T19:32:02+08:00,1.0453,103.6074,C,Cloud to Cloud,2025-12-24T19:29:39.042+08:00
2025-12-25 11:19:33,2025-12-24T19:30:00+08:00,2025-12-24T19:32:02+08:00,1.0427,103.6029,C,Cloud to Cloud,2025-12-24T19:29:39.042+08:00
2025-12-25 11:19:33,2025-12-24T19:30:00+08:00,2025-12-24T19:32:02+08:00,1.0431,103.6028,C,Cloud to Cloud,2025-12-24T19:29:39.042+08:00
2025-12-25 11:19:33,2025-12-24T19:30:00+08:00,2025-12-24T19:32:02+08:00,1.0414,103.6011,C,Cloud to Cloud,2025-12-24T19:29:39.042+08:00
2025-12-25 11:19:33,2025-12-24T19:30:00+08:00,2025-12-24T19:32:02+08:00,1.0407,103.6015,C,Cloud to Cloud,2025-12-24T19:29:39.043+08:00
2025-12-25 11:19:33,2025-12-24T19:30:00+08:00,2025-12-24T19:32:02+08:00,1.0462,103.6077,C,Cloud to Cloud,2025-12-24T19:29:39.043+08:00
2025-12-25 11:19:33,2025-12-24T19:30:00+08:00,2025-12-24T19:32:02+08:00,1.0387,103.5984,C,Cloud to Cloud,2025-12-24T19:29:39.043+08:00
2025-12-25 11:19:33,2025-12-24T19:30:00+08:00,2025-12-24T19:32:02+08:00,1.0352,103.5959,C,Cloud to Cloud,2025-12-24T19:29:39.043+08:00
2025-12-25 11:19:33,2025-12-24T19:30:00+08:00,2025-12-24T19:32:02+08:00,1.0455,103.6039,C,Cloud to Cloud,2025-12-24T19:29:39.043+08:00
2025-12-25 11:19:33,2025-12-24T19:30:00+08:00,2025-12-24T19:32:02+08:00,1.0415,103.603,C,Cloud to Cloud,2025-12-24T19:29:39.043+08:00
2025-12-25 11:19:33,2025-12-24T19:30:00+08:00,2025-12-24T19:32:02+08:00,1.0399,103.5992,C,Cloud to Cloud,2025-12-24T19:29:39.043+08:00
2025-12-25 11:19:33,2025-12-24T19:30:00+08:00,2025-12-24T19:32:02+08:00,1.0516,103.6121,C,Cloud to Cloud,2025-12-24T19:29:39.043+08:00
2025-12-25 11:19:33,2025-12-24T19:30:00+08:00,2025-12-24T19:32:02+08:00,1.0344,103.5957,C,Cloud to Cloud,2025-12-24T19:29:39.043+08:00
2025-12-25 11:19:33,2025-12-24T19:30:00+08:00,2025-12-24T19:32:02+08:00,1.0388,103.6015,C,Cloud to Cloud,2025-12-24T19:29:39.043+08:00
2025-12-25 11:19:33,2025-12-24T19:30:00+08:00,2025-12-24T19:32:02+08:00,1.0423,103.6049,C,Cloud to Cloud,2025-12-24T19:29:39.044+08:00
2025-12-25 11:19:33,2025-12-24T19:30:00+08:00,2025-12-24T19:32:02+08:00,1.0514,103.6113,C,Cloud to Cloud,2025-12-24T19:29:39.044+08:00
2025-12-25 11:19:33,2025-12-24T19:30:00+08:00,2025-12-24T19:32:02+08:00,1.0437,103.6057,C,Cloud to Cloud,2025-12-24T19:29:39.044+08:00
2025-12-25 11:19:33,2025-12-24T19:30:00+08:00,2025-12-24T19:32:02+08:00,1.039,103.5972,C,Cloud to Cloud,2025-12-24T19:29:39.044+08:00
2025-12-25 11:19:33,2025-12-24T19:30:00+08:00,2025-12-24T19:32:02+08:00,1.0427,103.608,C,Cloud to Cloud,2025-12-24T19:29:39.044+08:00
2025-12-25 11:19:33,2025-12-24T19:30:00+08:00,2025-12-24T19:32:02+08:00,1.0419,103.6017,C,Cloud to Cloud,2025-12-24T19:29:39.044+08:00
2025-12-25 11:19:33,2025-12-24T19:30:00+08:00,2025-12-24T19:32:02+08:00,1.0461,103.6102,C,Cloud to Cloud,2025-12-24T19:29:39.044+08:00
2025-12-25 11:19:33,2025-12-24T19:30:00+08:00,2025-12-24T19:32:02+08:00,1.0455,103.6085,C,Cloud to Cloud,2025-12-24T19:29:39.044+08:00
2025-12-25 11:19:33,2025-12-24T19:30:00+08:00,2025-12-24T19:32:02+08:00,1.0356,103.5985,C,Cloud to Cloud,2025-12-24T19:29:39.044+08:00
2025-12-25 11:19:33,2025-12-24T19:30:00+08:00,2025-12-24T19:32:02+08:00,1.0413,103.6031,C,Cloud to Cloud,2025-12-24T19:29:39.044+08:00
2025-12-25 11:19:33,2025-12-24T19:30:00+08:00,2025-12-24T19:32:02+08:00,1.05,103.6121,C,Cloud to Cloud,2025-12-24T19:29:39.045+08:00
2025-12-25 11:19:33,2025-12-24T19:30:00+08:00,2025-12-24T19:32:02+08:00,1.0417,103.6047,C,Cloud to Cloud,2025-12-24T19:29:39.045+08:00
2025-12-25 11:19:33,2025-12-24T19:30:00+08:00,2025-12-24T19:32:02+08:00,1.0425,103.6052,C,Cloud to Cloud,2025-12-24T19:29:39.045+08:00
2025-12-25 11:19:33,2025-12-24T19:30:00+08:00,2025-12-24T19:32:02+08:00,1.0454,103.6078,C,Cloud to Cloud,2025-12-24T19:29:39.045+08:00
2025-12-25 11:19:33,2025-12-24T19:30:00+08:00,2025-12-24T19:32:02+08:00,1.0408,103.6046,C,Cloud to Cloud,2025-12-24T19:29:39.045+08:00
2025-12-25 11:19:33,2025-12-24T19:30:00+08:00,2025-12-24T19:32:02+08:00,1.0425,103.6051,C,Cloud to Cloud,2025-12-24T19:29:39.045+08:00
2025-12-25 11:19:33,2025-12-24T19:30:00+08:00,2025-12-24T19:32:02+08:00,1.0415,103.6056,C,Cloud to Cloud,2025-12-24T19:29:39.045+08:00
2025-12-25 11:19:33,2025-12-24T19:30:00+08:00,2025-12-24T19:32:02+08:00,1.0455,103.609,C,Cloud to Cloud,2025-12-24T19:29:39.045+08:00
2025-12-25 11:19:33,2025-12-24T19:30:00+08:00,2025-12-24T19:32:02+08:00,1.0414,103.6027,C,Cloud to Cloud,2025-12-24T19:29:39.045+08:00
2025-12-25 11:19:33,2025-12-24T19:30:00+08:00,2025-12-24T19:32:02+08:00,1.0498,103.6123,C,Cloud to Cloud,2025-12-24T19:29:39.045+08:00
2025-12-25 11:19:33,2025-12-24T19:30:00+08:00,2025-12-24T19:32:02+08:00,1.0423,103.6065,C,Cloud to Cloud,2025-12-24T19:29:39.046+08:00
2025-12-25 11:19:33,2025-12-24T19:30:00+08:00,2025-12-24T19:32:02+08:00,1.046,103.6096,C,Cloud to Cloud,2025-12-24T19:29:39.046+08:00
2025-12-25 11:19:33,2025-12-24T19:30:00+08:00,2025-12-24T19:32:02+08:00,1.0411,103.6021,C,Cloud to Cloud,2025-12-24T19:29:39.046+08:00
2025-12-25 11:19:33,2025-12-24T19:30:00+08:00,2025-12-24T19:32:02+08:00,1.0424,103.6077,C,Cloud to Cloud,2025-12-24T19:29:39.046+08:00
2025-12-25 11:19:33,2025-12-24T19:30:00+08:00,2025-12-24T19:32:02+08:00,1.0462,103.6094,C,Cloud to Cloud,2025-12-24T19:29:39.046+08:00
2025-12-25 11:19:33,2025-12-24T19:30:00+08:00,2025-12-24T19:32:02+08:00,1.0447,103.6075,C,Cloud to Cloud,2025-12-24T19:29:39.046+08:00
2025-12-25 11:19:33,2025-12-24T19:30:00+08:00,2025-12-24T19:32:02+08:00,1.0452,103.6087,C,Cloud to Cloud,2025-12-24T19:29:39.046+08:00
2025-12-25 11:19:33,2025-12-24T19:30:00+08:00,2025-12-24T19:32:02+08:00,1.0411,103.6066,C,Cloud to Cloud,2025-12-24T19:29:39.046+08:00
2025-12-25 11:19:33,2025-12-24T19:30:00+08:00,2025-12-24T19:32:02+08:00,1.044,103.6107,C,Cloud to Cloud,2025-12-24T19:29:39.046+08:00
2025-12-25 11:19:33,2025-12-24T19:30:00+08:00,2025-12-24T19:32:02+08:00,1.0498,103.6145,C,Cloud to Cloud,2025-12-24T19:29:39.046+08:00
2025-12-25 11:19:33,2025-12-24T19:30:00+08:00,2025-12-24T19:32:02+08:00,1.0464,103.6091,C,Cloud to Cloud,2025-12-24T19:29:39.047+08:00
2025-12-25 11:19:33,2025-12-24T19:30:00+08:00,2025-12-24T19:32:02+08:00,1.0497,103.6158,C,Cloud to Cloud,2025-12-24T19:29:39.047+08:00
2025-12-25 11:19:33,2025-12-24T19:30:00+08:00,2025-12-24T19:32:02+08:00,1.0433,103.6067,C,Cloud to Cloud,2025-12-24T19:29:39.047+08:00
2025-12-25 11:19:33,2025-12-24T19:30:00+08:00,2025-12-24T19:32:02+08:00,1.0431,103.6069,C,Cloud to Cloud,2025-12-24T19:29:39.047+08:00
2025-12-25 11:19:33,2025-12-24T19:30:00+08:00,2025-12-24T19:32:02+08:00,1.0479,103.6121,C,Cloud to Cloud,2025-12-24T19:29:39.047+08:00
2025-12-25 11:19:33,2025-12-24T19:30:00+08:00,2025-12-24T19:32:02+08:00,1.0446,103.6099,C,Cloud to Cloud,2025-12-24T19:29:39.047+08:00
2025-12-25 11:19:33,2025-12-24T19:30:00+08:00,2025-12-24T19:32:02+08:00,1.0453,103.6092,C,Cloud to Cloud,2025-12-24T19:29:39.047+08:00
2025-12-25 11:19:33,2025-12-24T19:30:00+08:00,2025-12-24T19:32:02+08:00,1.0458,103.6098,C,Cloud to Cloud,2025-12-24T19:29:39.047+08:00
2025-12-25 11:19:33,2025-12-24T19:30:00+08:00,2025-12-24T19:32:02+08:00,1.0491,103.612,C,Cloud to Cloud,2025-12-24T19:29:39.047+08:00
2025-12-25 11:19:33,2025-12-24T19:30:00+08:00,2025-12-24T19:32:02+08:00,1.0457,103.6087,C,Cloud to Cloud,2025-12-24T19:29:39.047+08:00
2025-12-25 11:19:33,2025-12-24T19:30:00+08:00,2025-12-24T19:32:02+08:00,1.0456,103.6112,C,Cloud to Cloud,2025-12-24T19:29:39.048+08:00
2025-12-25 11:19:33,2025-12-24T19:30:00+08:00,2025-12-24T19:32:02+08:00,1.0498,103.5999,C,Cloud to Cloud,2025-12-24T19:29:39.05+08:00
2025-12-25 11:19:33,2025-12-24T19:30:00+08:00,2025-12-24T19:32:02+08:00,1.0458,103.5946,C,Cloud to Cloud,2025-12-24T19:29:39.05+08:00
2025-12-25 11:19:33,2025-12-24T19:30:00+08:00,2025-12-24T19:32:02+08:00,1.0394,103.5874,C,Cloud to Cloud,2025-12-24T19:29:39.05+08:00
2025-12-25 11:19:33,2025-12-24T19:30:00+08:00,2025-12-24T19:32:02+08:00,1.0409,103.586,C,Cloud to Cloud,2025-12-24T19:29:39.05+08:00
2025-12-25 11:19:33,2025-12-24T19:30:00+08:00,2025-12-24T19:32:02+08:00,1.051,103.5935,C,Cloud to Cloud,2025-12-24T19:29:39.05+08:00
2025-12-25 11:19:33,2025-12-24T19:30:00+08:00,2025-12-24T19:32:02+08:00,1.0325,103.575,C,Cloud to Cloud,2025-12-24T19:29:39.05+08:00
2025-12-25 11:19:33,2025-12-24T19:30:00+08:00,2025-12-24T19:32:02+08:00,1.0461,103.5884,C,Cloud to Cloud,2025-12-24T19:29:39.05+08:00
2025-12-25 11:19:33,2025-12-24T19:30:00+08:00,2025-12-24T19:32:02+08:00,1.031,103.5713,C,Cloud to Cloud,2025-12-24T19:29:39.05+08:00
2025-12-25 11:19:33,2025-12-24T19:30:00+08:00,2025-12-24T19:32:02+08:00,1.0508,103.5923,C,Cloud to Cloud,2025-12-24T19:29:39.051+08:00
2025-12-25 11:19:33,2025-12-24T19:30:00+08:00,2025-12-24T19:32:02+08:00,1.0397,103.5825,C,Cloud to Cloud,2025-12-24T19:29:39.051+08:00
2025-12-25 11:19:33,2025-12-24T19:30:00+08:00,2025-12-24T19:32:02+08:00,1.0495,103.5912,C,Cloud to Cloud,2025-12-24T19:29:39.051+08:00
2025-12-25 11:19:33,2025-12-24T19:30:00+08:00,2025-12-24T19:32:02+08:00,1.0344,103.574,C,Cloud to Cloud,2025-12-24T19:29:39.051+08:00
2025-12-25 11:19:33,2025-12-24T19:30:00+08:00,2025-12-24T19:32:02+08:00,1.0535,103.5934,C,Cloud to Cloud,2025-12-24T19:29:39.051+08:00
2025-12-25 11:19:33,2025-12-24T19:30:00+08:00,2025-12-24T19:32:02+08:00,1.0391,103.581,C,Cloud to Cloud,2025-12-24T19:29:39.051+08:00
2025-12-25 11:19:33,2025-12-24T19:30:00+08:00,2025-12-24T19:32:02+08:00,1.0293,103.6108,G,Cloud to Ground,2025-12-24T19:29:39.051+08:00
2025-12-25 11:19:33,2025-12-24T19:30:00+08:00,2025-12-24T19:32:02+08:00,1.0779,103.6186,C,Cloud to Cloud,2025-12-24T19:29:39.051+08:00
2025-12-25 11:19:33,2025-12-24T19:30:00+08:00,2025-12-24T19:32:02+08:00,1.0582,103.6166,C,Cloud to Cloud,2025-12-24T19:29:39.051+08:00
2025-12-25 11:19:33,2025-12-24T19:30:00+08:00,2025-12-24T19:32:02+08:00,1.0807,103.6207,C,Cloud to Cloud,2025-12-24T19:29:39.051+08:00
2025-12-25 11:19:33,2025-12-24T19:30:00+08:00,2025-12-24T19:32:02+08:00,1.0617,103.6052,C,Cloud to Cloud,2025-12-24T19:29:39.051+08:00
2025-12-25 11:19:33,2025-12-24T19:30:00+08:00,2025-12-24T19:32:02+08:00,1.0597,103.5992,C,Cloud to Cloud,2025-12-24T19:29:39.052+08:00
2025-12-25 11:19:33,2025-12-24T19:30:00+08:00,2025-12-24T19:32:02+08:00,1.0514,103.5853,C,Cloud to Cloud,2025-12-24T19:29:39.052+08:00
2025-12-25 11:19:33,2025-12-24T19:30:00+08:00,2025-12-24T19:32:02+08:00,1.0706,103.5551,C,Cloud to Cloud,2025-12-24T19:29:39.083+08:00
2025-12-25 11:19:33,2025-12-24T19:30:00+08:00,2025-12-24T19:32:02+08:00,1.1127,103.6009,C,Cloud to Cloud,2025-12-24T19:29:39.084+08:00
2025-12-25 11:19:33,2025-12-24T19:30:00+08:00,2025-12-24T19:32:02+08:00,1.0529,103.5341,C,Cloud to Cloud,2025-12-24T19:29:39.085+08:00
2025-12-25 11:19:33,2025-12-24T19:30:00+08:00,2025-12-24T19:32:02+08:00,1.0418,103.5889,C,Cloud to Cloud,2025-12-24T19:29:39.116+08:00
2025-12-25 11:19:33,2025-12-24T19:30:00+08:00,2025-12-24T19:32:02+08:00,1.0906,103.6242,C,Cloud to Cloud,2025-12-24T19:29:39.116+08:00
2025-12-25 11:19:33,2025-12-24T19:30:00+08:00,2025-12-24T19:32:02+08:00,1.1065,103.6412,C,Cloud to Cloud,2025-12-24T19:29:39.116+08:00
2025-12-25 11:19:33,2025-12-24T19:30:00+08:00,2025-12-24T19:32:02+08:00,1.0529,103.596,C,Cloud to Cloud,2025-12-24T19:29:39.116+08:00
2025-12-25 11:19:33,2025-12-24T19:30:00+08:00,2025-12-24T19:32:02+08:00,1.0569,103.5976,C,Cloud to Cloud,2025-12-24T19:29:39.116+08:00
2025-12-25 11:19:33,2025-12-24T19:30:00+08:00,2025-12-24T19:32:02+08:00,1.0566,103.5941,C,Cloud to Cloud,2025-12-24T19:29:39.116+08:00
2025-12-25 11:19:33,2025-12-24T19:30:00+08:00,2025-12-24T19:32:02+08:00,1.0464,103.563,C,Cloud to Cloud,2025-12-24T19:29:39.116+08:00
2025-12-25 11:19:33,2025-12-24T19:30:00+08:00,2025-12-24T19:32:02+08:00,1.038,103.5405,C,Cloud to Cloud,2025-12-24T19:29:39.117+08:00
2025-12-25 11:19:33,2025-12-24T19:30:00+08:00,2025-12-24T19:32:02+08:00,0.9921,103.5674,C,Cloud to Cloud,2025-12-24T19:29:39.117+08:00
2025-12-25 11:19:33,2025-12-24T19:30:00+08:00,2025-12-24T19:32:02+08:00,1.0193,103.5763,C,Cloud to Cloud,2025-12-24T19:29:39.117+08:00
2025-12-25 11:19:33,2025-12-24T19:30:00+08:00,2025-12-24T19:32:02+08:00,1.0299,103.5881,C,Cloud to Cloud,2025-12-24T19:29:39.117+08:00
2025-12-25 11:19:33,2025-12-24T19:30:00+08:00,2025-12-24T19:32:02+08:00,1.0338,103.5896,C,Cloud to Cloud,2025-12-24T19:29:39.117+08:00
2025-12-25 11:19:33,2025-12-24T19:30:00+08:00,2025-12-24T19:32:02+08:00,1.0244,103.6054,G,Cloud to Ground,2025-12-24T19:29:39.119+08:00
2025-12-25 11:19:33,2025-12-24T19:30:00+08:00,2025-12-24T19:32:02+08:00,1.0932,103.5777,C,Cloud to Cloud,2025-12-24T19:29:39.206+08:00
2025-12-25 11:19:33,2025-12-24T19:30:00+08:00,2025-12-24T19:32:02+08:00,1.0692,103.5954,C,Cloud to Cloud,2025-12-24T19:29:39.247+08:00
2025-12-25 11:19:33,2025-12-24T19:30:00+08:00,2025-12-24T19:32:02+08:00,1.0883,103.6198,C,Cloud to Cloud,2025-12-24T19:29:39.247+08:00
2025-12-25 11:19:33,2025-12-24T19:30:00+08:00,2025-12-24T19:32:02+08:00,1.0634,103.6083,C,Cloud to Cloud,2025-12-24T19:29:39.248+08:00
2025-12-25 11:19:33,2025-12-24T19:30:00+08:00,2025-12-24T19:32:02+08:00,1.0717,103.6239,C,Cloud to Cloud,2025-12-24T19:29:39.248+08:00
2025-12-25 11:19:33,2025-12-24T19:30:00+08:00,2025-12-24T19:32:02+08:00,1.0507,103.6085,C,Cloud to Cloud,2025-12-24T19:29:39.248+08:00
2025-12-25 11:19:33,2025-12-24T19:30:00+08:00,2025-12-24T19:32:02+08:00,1.075,103.6102,C,Cloud to Cloud,2025-12-24T19:29:39.248+08:00
2025-12-25 11:19:33,2025-12-24T19:30:00+08:00,2025-12-24T19:32:02+08:00,1.0328,103.6019,C,Cloud to Cloud,2025-12-24T19:29:39.248+08:00
2025-12-25 11:19:33,2025-12-24T19:30:00+08:00,2025-12-24T19:32:02+08:00,1.1024,103.6343,C,Cloud to Cloud,2025-12-24T19:29:39.248+08:00
2025-12-25 11:19:33,2025-12-24T19:30:00+08:00,2025-12-24T19:32:02+08:00,1.0387,103.6116,C,Cloud to Cloud,2025-12-24T19:29:39.248+08:00
2025-12-25 11:19:33,2025-12-24T19:30:00+08:00,2025-12-24T19:32:02+08:00,1.0304,103.5967,C,Cloud to Cloud,2025-12-24T19:29:39.248+08:00
2025-12-25 11:19:33,2025-12-24T19:30:00+08:00,2025-12-24T19:32:02+08:00,1.023,103.6065,G,Cloud to Ground,2025-12-24T19:29:39.248+08:00
2025-12-25 11:19:33,2025-12-24T19:30:00+08:00,2025-12-24T19:32:02+08:00,1.0892,103.5681,C,Cloud to Cloud,2025-12-24T19:29:39.248+08:00
2025-12-25 11:19:33,2025-12-24T19:28:00+08:00,2025-12-24T19:30:03+08:00,1.1125,103.5856,C,Cloud to Cloud,2025-12-24T19:26:00.628+08:00
2025-12-25 11:19:33,2025-12-24T19:28:00+08:00,2025-12-24T19:30:03+08:00,1.1266,103.5651,C,Cloud to Cloud,2025-12-24T19:26:00.69+08:00
2025-12-25 11:19:33,2025-12-24T19:28:00+08:00,2025-12-24T19:30:03+08:00,1.1008,103.5485,C,Cloud to Cloud,2025-12-24T19:26:00.741+08:00
2025-12-25 11:19:33,2025-12-24T19:28:00+08:00,2025-12-24T19:30:03+08:00,1.1166,103.5629,C,Cloud to Cloud,2025-12-24T19:26:00.741+08:00
2025-12-25 11:19:33,2025-12-24T19:28:00+08:00,2025-12-24T19:30:03+08:00,1.1261,103.5654,C,Cloud to Cloud,2025-12-24T19:26:00.914+08:00
2025-12-25 11:19:33,2025-12-24T19:28:00+08:00,2025-12-24T19:30:03+08:00,1.1451,103.5775,C,Cloud to Cloud,2025-12-24T19:26:01.014+08:00
2025-12-25 11:19:33,2025-12-24T19:28:00+08:00,2025-12-24T19:30:03+08:00,1.1073,103.5879,C,Cloud to Cloud,2025-12-24T19:26:01.181+08:00
2025-12-25 11:19:33,2025-12-24T19:28:00+08:00,2025-12-24T19:30:03+08:00,1.1382,103.6005,C,Cloud to Cloud,2025-12-24T19:26:01.224+08:00
2025-12-25 11:19:33,2025-12-24T19:28:00+08:00,2025-12-24T19:30:03+08:00,1.1632,103.62,C,Cloud to Cloud,2025-12-24T19:26:01.224+08:00
2025-12-25 11:19:33,2025-12-24T19:28:00+08:00,2025-12-24T19:30:03+08:00,1.1036,103.5556,C,Cloud to Cloud,2025-12-24T19:26:01.224+08:00
2025-12-25 11:19:33,2025-12-24T19:28:00+08:00,2025-12-24T19:30:03+08:00,1.1141,103.6152,C,Cloud to Cloud,2025-12-24T19:26:24.83+08:00
2025-12-25 11:19:33,2025-12-24T19:28:00+08:00,2025-12-24T19:30:03+08:00,1.0415,103.5451,C,Cloud to Cloud,2025-12-24T19:26:24.83+08:00
2025-12-25 11:19:33,2025-12-24T19:28:00+08:00,2025-12-24T19:30:03+08:00,1.1141,103.6152,C,Cloud to Cloud,2025-12-24T19:26:24.83+08:00
2025-12-25 11:19:33,2025-12-24T19:28:00+08:00,2025-12-24T19:30:03+08:00,1.0704,103.5624,C,Cloud to Cloud,2025-12-24T19:26:25.081+08:00
2025-12-25 11:19:33,2025-12-24T19:28:00+08:00,2025-12-24T19:30:03+08:00,1.1179,103.5614,C,Cloud to Cloud,2025-12-24T19:26:25.081+08:00
2025-12-25 11:19:33,2025-12-24T19:28:00+08:00,2025-12-24T19:30:03+08:00,1.0704,103.5757,C,Cloud to Cloud,2025-12-24T19:26:25.081+08:00
2025-12-25 11:19:33,2025-12-24T19:28:00+08:00,2025-12-24T19:30:03+08:00,1.1345,103.6132,C,Cloud to Cloud,2025-12-24T19:26:25.081+08:00
2025-12-25 11:19:33,2025-12-24T19:28:00+08:00,2025-12-24T19:30:03+08:00,1.0659,103.5618,C,Cloud to Cloud,2025-12-24T19:26:25.082+08:00
2025-12-25 11:19:33,2025-12-24T19:28:00+08:00,2025-12-24T19:30:03+08:00,1.0639,103.5621,C,Cloud to Cloud,2025-12-24T19:26:25.26+08:00
2025-12-25 11:19:33,2025-12-24T19:28:00+08:00,2025-12-24T19:30:03+08:00,1.0701,103.5656,C,Cloud to Cloud,2025-12-24T19:26:25.26+08:00
2025-12-25 11:19:33,2025-12-24T19:28:00+08:00,2025-12-24T19:30:03+08:00,1.0762,103.5757,C,Cloud to Cloud,2025-12-24T19:26:25.26+08:00
2025-12-25 11:19:33,2025-12-24T19:28:00+08:00,2025-12-24T19:30:03+08:00,1.0971,103.5583,C,Cloud to Cloud,2025-12-24T19:26:25.26+08:00
2025-12-25 11:19:33,2025-12-24T19:28:00+08:00,2025-12-24T19:30:03+08:00,1.0727,103.5677,C,Cloud to Cloud,2025-12-24T19:26:25.26+08:00
2025-12-25 11:19:33,2025-12-24T19:28:00+08:00,2025-12-24T19:30:03+08:00,1.0798,103.575,C,Cloud to Cloud,2025-12-24T19:26:25.279+08:00
2025-12-25 11:19:33,2025-12-24T19:28:00+08:00,2025-12-24T19:30:03+08:00,1.086,103.5252,C,Cloud to Cloud,2025-12-24T19:26:36.745+08:00
2025-12-25 11:19:33,2025-12-24T19:28:00+08:00,2025-12-24T19:30:03+08:00,1.0662,103.5313,C,Cloud to Cloud,2025-12-24T19:26:36.745+08:00
2025-12-25 11:19:33,2025-12-24T19:28:00+08:00,2025-12-24T19:30:03+08:00,1.0982,103.5368,C,Cloud to Cloud,2025-12-24T19:26:36.745+08:00
2025-12-25 11:19:33,2025-12-24T19:28:00+08:00,2025-12-24T19:30:03+08:00,1.1092,103.522,C,Cloud to Cloud,2025-12-24T19:26:46.167+08:00
2025-12-25 11:19:33,2025-12-24T19:28:00+08:00,2025-12-24T19:30:03+08:00,1.0703,103.5408,C,Cloud to Cloud,2025-12-24T19:26:46.167+08:00
2025-12-25 11:19:33,2025-12-24T19:28:00+08:00,2025-12-24T19:30:03+08:00,1.113,103.6036,C,Cloud to Cloud,2025-12-24T19:26:46.576+08:00
2025-12-25 11:19:33,2025-12-24T19:28:00+08:00,2025-12-24T19:30:03+08:00,1.0862,103.5944,C,Cloud to Cloud,2025-12-24T19:26:46.576+08:00
2025-12-25 11:19:33,2025-12-24T19:28:00+08:00,2025-12-24T19:30:03+08:00,1.1378,103.6259,C,Cloud to Cloud,2025-12-24T19:26:46.576+08:00
2025-12-25 11:19:33,2025-12-24T19:28:00+08:00,2025-12-24T19:30:03+08:00,1.04,103.5345,C,Cloud to Cloud,2025-12-24T19:26:46.601+08:00
2025-12-25 11:19:33,2025-12-24T19:28:00+08:00,2025-12-24T19:30:03+08:00,1.1151,103.5866,C,Cloud to Cloud,2025-12-24T19:26:46.601+08:00
2025-12-25 11:19:33,2025-12-24T19:28:00+08:00,2025-12-24T19:30:03+08:00,1.1124,103.5889,C,Cloud to Cloud,2025-12-24T19:26:46.674+08:00
2025-12-25 11:19:33,2025-12-24T19:28:00+08:00,2025-12-24T19:30:03+08:00,1.1192,103.5908,C,Cloud to Cloud,2025-12-24T19:26:46.674+08:00
2025-12-25 11:19:33,2025-12-24T19:28:00+08:00,2025-12-24T19:30:03+08:00,1.0741,103.5598,C,Cloud to Cloud,2025-12-24T19:27:07.89+08:00
2025-12-25 11:19:33,2025-12-24T19:28:00+08:00,2025-12-24T19:30:03+08:00,1.1162,103.5555,C,Cloud to Cloud,2025-12-24T19:27:10.222+08:00
2025-12-25 11:19:33,2025-12-24T19:28:00+08:00,2025-12-24T19:30:03+08:00,1.1038,103.5389,C,Cloud to Cloud,2025-12-24T19:27:10.222+08:00
2025-12-25 11:19:33,2025-12-24T19:28:00+08:00,2025-12-24T19:30:03+08:00,1.1218,103.5685,C,Cloud to Cloud,2025-12-24T19:27:10.222+08:00
2025-12-25 11:19:33,2025-12-24T19:28:00+08:00,2025-12-24T19:30:03+08:00,1.0913,103.5357,C,Cloud to Cloud,2025-12-24T19:27:10.539+08:00
2025-12-25 11:19:33,2025-12-24T19:28:00+08:00,2025-12-24T19:30:03+08:00,1.1089,103.5532,C,Cloud to Cloud,2025-12-24T19:27:10.589+08:00
2025-12-25 11:19:33,2025-12-24T19:28:00+08:00,2025-12-24T19:30:03+08:00,1.1052,103.5508,C,Cloud to Cloud,2025-12-24T19:27:10.59+08:00
2025-12-25 11:19:33,2025-12-24T19:28:00+08:00,2025-12-24T19:30:03+08:00,1.1035,103.5495,C,Cloud to Cloud,2025-12-24T19:27:10.654+08:00
2025-12-25 11:19:33,2025-12-24T19:28:00+08:00,2025-12-24T19:30:03+08:00,1.1138,103.553,C,Cloud to Cloud,2025-12-24T19:27:10.725+08:00
2025-12-25 11:19:33,2025-12-24T19:28:00+08:00,2025-12-24T19:30:03+08:00,1.1033,103.5502,C,Cloud to Cloud,2025-12-24T19:27:10.725+08:00
2025-12-25 11:19:33,2025-12-24T19:28:00+08:00,2025-12-24T19:30:03+08:00,1.103,103.5495,C,Cloud to Cloud,2025-12-24T19:27:10.804+08:00
2025-12-25 11:19:33,2025-12-24T19:28:00+08:00,2025-12-24T19:30:03+08:00,1.0759,103.5188,C,Cloud to Cloud,2025-12-24T19:27:10.874+08:00
2025-12-25 11:19:33,2025-12-24T19:28:00+08:00,2025-12-24T19:30:03+08:00,1.1294,103.5797,C,Cloud to Cloud,2025-12-24T19:27:10.874+08:00
2025-12-25 11:19:33,2025-12-24T19:28:00+08:00,2025-12-24T19:30:03+08:00,1.0846,103.5315,C,Cloud to Cloud,2025-12-24T19:27:10.874+08:00
2025-12-25 11:19:33,2025-12-24T19:28:00+08:00,2025-12-24T19:30:03+08:00,1.0846,103.5761,C,Cloud to Cloud,2025-12-24T19:27:10.875+08:00
2025-12-25 11:19:33,2025-12-24T19:28:00+08:00,2025-12-24T19:30:03+08:00,1.1494,103.6237,C,Cloud to Cloud,2025-12-24T19:27:10.926+08:00
2025-12-25 11:19:33,2025-12-24T19:28:00+08:00,2025-12-24T19:30:03+08:00,1.1034,103.5624,C,Cloud to Cloud,2025-12-24T19:27:10.926+08:00
2025-12-25 11:19:33,2025-12-24T19:28:00+08:00,2025-12-24T19:30:03+08:00,1.1166,103.4966,C,Cloud to Cloud,2025-12-24T19:27:24.478+08:00
2025-12-25 11:19:33,2025-12-24T19:28:00+08:00,2025-12-24T19:30:03+08:00,1.0598,103.8617,C,Cloud to Cloud,2025-12-24T19:27:32.572+08:00
2025-12-25 11:19:33,2025-12-24T19:28:00+08:00,2025-12-24T19:30:03+08:00,1.0285,103.8721,C,Cloud to Cloud,2025-12-24T19:27:32.573+08:00
2025-12-25 11:19:33,2025-12-24T19:28:00+08:00,2025-12-24T19:30:03+08:00,1.0253,103.8702,C,Cloud to Cloud,2025-12-24T19:27:32.573+08:00
2025-12-25 11:19:33,2025-12-24T19:28:00+08:00,2025-12-24T19:30:03+08:00,1.024,103.8718,C,Cloud to Cloud,2025-12-24T19:27:32.574+08:00
2025-12-25 11:19:33,2025-12-24T19:28:00+08:00,2025-12-24T19:30:03+08:00,1.0305,103.8694,C,Cloud to Cloud,2025-12-24T19:27:32.574+08:00
2025-12-25 11:19:33,2025-12-24T19:28:00+08:00,2025-12-24T19:30:03+08:00,1.0342,103.8669,C,Cloud to Cloud,2025-12-24T19:27:32.576+08:00
2025-12-25 11:19:33,2025-12-24T19:28:00+08:00,2025-12-24T19:30:03+08:00,1.036,103.8665,C,Cloud to Cloud,2025-12-24T19:27:32.576+08:00
2025-12-25 11:19:33,2025-12-24T19:28:00+08:00,2025-12-24T19:30:03+08:00,1.0339,103.8715,C,Cloud to Cloud,2025-12-24T19:27:32.577+08:00
2025-12-25 11:19:33,2025-12-24T19:28:00+08:00,2025-12-24T19:30:03+08:00,1.0289,103.8772,C,Cloud to Cloud,2025-12-24T19:27:32.577+08:00
2025-12-25 11:19:33,2025-12-24T19:28:00+08:00,2025-12-24T19:30:03+08:00,1.0697,103.8623,C,Cloud to Cloud,2025-12-24T19:27:32.766+08:00
2025-12-25 11:19:33,2025-12-24T19:28:00+08:00,2025-12-24T19:30:03+08:00,1.08,103.8605,C,Cloud to Cloud,2025-12-24T19:27:32.766+08:00
2025-12-25 11:19:33,2025-12-24T19:28:00+08:00,2025-12-24T19:30:03+08:00,1.0503,103.8642,C,Cloud to Cloud,2025-12-24T19:27:32.766+08:00
2025-12-25 11:19:33,2025-12-24T19:28:00+08:00,2025-12-24T19:30:03+08:00,1.0424,103.8634,C,Cloud to Cloud,2025-12-24T19:27:32.766+08:00
2025-12-25 11:19:33,2025-12-24T19:28:00+08:00,2025-12-24T19:30:03+08:00,1.0314,103.8663,C,Cloud to Cloud,2025-12-24T19:27:32.767+08:00
2025-12-25 11:19:33,2025-12-24T19:28:00+08:00,2025-12-24T19:30:03+08:00,1.0277,103.8711,C,Cloud to Cloud,2025-12-24T19:27:32.767+08:00
2025-12-25 11:19:33,2025-12-24T19:28:00+08:00,2025-12-24T19:30:03+08:00,1.0493,103.8575,C,Cloud to Cloud,2025-12-24T19:27:32.767+08:00
2025-12-25 11:19:33,2025-12-24T19:28:00+08:00,2025-12-24T19:30:03+08:00,1.0423,103.8548,C,Cloud to Cloud,2025-12-24T19:27:32.767+08:00
2025-12-25 11:19:33,2025-12-24T19:28:00+08:00,2025-12-24T19:30:03+08:00,1.0373,103.8563,C,Cloud to Cloud,2025-12-24T19:27:32.767+08:00
2025-12-25 11:19:33,2025-12-24T19:28:00+08:00,2025-12-24T19:30:03+08:00,1.0445,103.8575,C,Cloud to Cloud,2025-12-24T19:27:32.767+08:00
2025-12-25 11:19:33,2025-12-24T19:28:00+08:00,2025-12-24T19:30:03+08:00,0.9999,103.876,C,Cloud to Cloud,2025-12-24T19:27:32.779+08:00
2025-12-25 11:19:33,2025-12-24T19:28:00+08:00,2025-12-24T19:30:03+08:00,1.0528,103.8507,C,Cloud to Cloud,2025-12-24T19:27:32.779+08:00
2025-12-25 11:19:33,2025-12-24T19:28:00+08:00,2025-12-24T19:30:03+08:00,1.0282,103.8719,C,Cloud to Cloud,2025-12-24T19:27:32.78+08:00
2025-12-25 11:19:33,2025-12-24T19:28:00+08:00,2025-12-24T19:30:03+08:00,1.0635,103.8635,C,Cloud to Cloud,2025-12-24T19:27:32.807+08:00
2025-12-25 11:19:33,2025-12-24T19:28:00+08:00,2025-12-24T19:30:03+08:00,1.0587,103.8628,C,Cloud to Cloud,2025-12-24T19:27:32.807+08:00
2025-12-25 11:19:33,2025-12-24T19:28:00+08:00,2025-12-24T19:30:03+08:00,0.9636,103.8684,C,Cloud to Cloud,2025-12-24T19:27:32.807+08:00
2025-12-25 11:19:33,2025-12-24T19:28:00+08:00,2025-12-24T19:30:03+08:00,1.0016,103.8672,C,Cloud to Cloud,2025-12-24T19:27:32.807+08:00
2025-12-25 11:19:33,2025-12-24T19:28:00+08:00,2025-12-24T19:30:03+08:00,1.1059,103.5606,C,Cloud to Cloud,2025-12-24T19:27:34.424+08:00
2025-12-25 11:19:33,2025-12-24T19:28:00+08:00,2025-12-24T19:30:03+08:00,1.1126,103.5235,C,Cloud to Cloud,2025-12-24T19:27:34.424+08:00
2025-12-25 11:19:33,2025-12-24T19:28:00+08:00,2025-12-24T19:30:03+08:00,1.099,103.5286,C,Cloud to Cloud,2025-12-24T19:27:34.939+08:00
2025-12-25 11:19:33,2025-12-24T19:28:00+08:00,2025-12-24T19:30:03+08:00,1.1034,103.5554,C,Cloud to Cloud,2025-12-24T19:27:34.939+08:00
2025-12-25 11:19:33,2025-12-24T19:28:00+08:00,2025-12-24T19:30:03+08:00,0.9786,103.5602,C,Cloud to Cloud,2025-12-24T19:27:42.066+08:00
2025-12-25 11:19:33,2025-12-24T19:28:00+08:00,2025-12-24T19:30:03+08:00,1.031,103.5586,C,Cloud to Cloud,2025-12-24T19:27:42.066+08:00
2025-12-25 11:19:33,2025-12-24T19:28:00+08:00,2025-12-24T19:30:03+08:00,1.0507,103.6016,C,Cloud to Cloud,2025-12-24T19:27:42.071+08:00
2025-12-25 11:19:33,2025-12-24T19:28:00+08:00,2025-12-24T19:30:03+08:00,1.0178,103.5594,C,Cloud to Cloud,2025-12-24T19:27:42.111+08:00
2025-12-25 11:19:33,2025-12-24T19:28:00+08:00,2025-12-24T19:30:03+08:00,1.1276,103.5308,C,Cloud to Cloud,2025-12-24T19:27:42.111+08:00
2025-12-25 11:19:33,2025-12-24T19:28:00+08:00,2025-12-24T19:30:03+08:00,1.0276,103.5781,C,Cloud to Cloud,2025-12-24T19:27:42.111+08:00
2025-12-25 11:19:33,2025-12-24T19:28:00+08:00,2025-12-24T19:30:03+08:00,1.0019,103.5644,C,Cloud to Cloud,2025-12-24T19:27:42.111+08:00
2025-12-25 11:19:33,2025-12-24T19:28:00+08:00,2025-12-24T19:30:03+08:00,1.0135,103.5841,C,Cloud to Cloud,2025-12-24T19:27:42.111+08:00
2025-12-25 11:19:33,2025-12-24T19:28:00+08:00,2025-12-24T19:30:03+08:00,1.0098,103.5791,C,Cloud to Cloud,2025-12-24T19:27:42.112+08:00
2025-12-25 11:19:33,2025-12-24T19:28:00+08:00,2025-12-24T19:30:03+08:00,1.0031,103.5704,C,Cloud to Cloud,2025-12-24T19:27:42.112+08:00
2025-12-25 11:19:33,2025-12-24T19:28:00+08:00,2025-12-24T19:30:03+08:00,1.0107,103.5796,C,Cloud to Cloud,2025-12-24T19:27:42.112+08:00
2025-12-25 11:19:33,2025-12-24T19:28:00+08:00,2025-12-24T19:30:03+08:00,1.0116,103.5818,C,Cloud to Cloud,2025-12-24T19:27:42.112+08:00
2025-12-25 11:19:33,2025-12-24T19:28:00+08:00,2025-12-24T19:30:03+08:00,1.0061,103.5752,C,Cloud to Cloud,2025-12-24T19:27:42.112+08:00
2025-12-25 11:19:33,2025-12-24T19:28:00+08:00,2025-12-24T19:30:03+08:00,1.0088,103.5802,C,Cloud to Cloud,2025-12-24T19:27:42.112+08:00
2025-12-25 11:19:33,2025-12-24T19:28:00+08:00,2025-12-24T19:30:03+08:00,1.0066,103.5747,C,Cloud to Cloud,2025-12-24T19:27:42.112+08:00
2025-12-25 11:19:33,2025-12-24T19:28:00+08:00,2025-12-24T19:30:03+08:00,1.0169,103.5893,C,Cloud to Cloud,2025-12-24T19:27:42.112+08:00
2025-12-25 11:19:33,2025-12-24T19:28:00+08:00,2025-12-24T19:30:03+08:00,1.0054,103.5744,C,Cloud to Cloud,2025-12-24T19:27:42.112+08:00
2025-12-25 11:19:33,2025-12-24T19:28:00+08:00,2025-12-24T19:30:03+08:00,1.0104,103.5769,C,Cloud to Cloud,2025-12-24T19:27:42.112+08:00
2025-12-25 11:19:33,2025-12-24T19:28:00+08:00,2025-12-24T19:30:03+08:00,1.0066,103.5763,C,Cloud to Cloud,2025-12-24T19:27:42.113+08:00
2025-12-25 11:19:33,2025-12-24T19:28:00+08:00,2025-12-24T19:30:03+08:00,1.009,103.5799,C,Cloud to Cloud,2025-12-24T19:27:42.113+08:00
2025-12-25 11:19:33,2025-12-24T19:28:00+08:00,2025-12-24T19:30:03+08:00,1.0124,103.5839,C,Cloud to Cloud,2025-12-24T19:27:42.113+08:00
2025-12-25 11:19:33,2025-12-24T19:28:00+08:00,2025-12-24T19:30:03+08:00,1.0157,103.5862,C,Cloud to Cloud,2025-12-24T19:27:42.113+08:00
2025-12-25 11:19:33,2025-12-24T19:28:00+08:00,2025-12-24T19:30:03+08:00,1.0106,103.5812,C,Cloud to Cloud,2025-12-24T19:27:42.113+08:00
2025-12-25 11:19:33,2025-12-24T19:28:00+08:00,2025-12-24T19:30:03+08:00,1.0113,103.582,C,Cloud to Cloud,2025-12-24T19:27:42.113+08:00
2025-12-25 11:19:33,2025-12-24T19:28:00+08:00,2025-12-24T19:30:03+08:00,1.0151,103.5854,C,Cloud to Cloud,2025-12-24T19:27:42.113+08:00
2025-12-25 11:19:33,2025-12-24T19:28:00+08:00,2025-12-24T19:30:03+08:00,1.0055,103.5727,C,Cloud to Cloud,2025-12-24T19:27:42.113+08:00
2025-12-25 11:19:33,2025-12-24T19:28:00+08:00,2025-12-24T19:30:03+08:00,1.0059,103.5738,C,Cloud to Cloud,2025-12-24T19:27:42.114+08:00
2025-12-25 11:19:33,2025-12-24T19:28:00+08:00,2025-12-24T19:30:03+08:00,1.0073,103.5772,C,Cloud to Cloud,2025-12-24T19:27:42.114+08:00
2025-12-25 11:19:33,2025-12-24T19:28:00+08:00,2025-12-24T19:30:03+08:00,1.0122,103.5825,C,Cloud to Cloud,2025-12-24T19:27:42.114+08:00
2025-12-25 11:19:33,2025-12-24T19:28:00+08:00,2025-12-24T19:30:03+08:00,1.0202,103.5899,C,Cloud to Cloud,2025-12-24T19:27:42.114+08:00
2025-12-25 11:19:33,2025-12-24T19:28:00+08:00,2025-12-24T19:30:03+08:00,1.0078,103.5766,C,Cloud to Cloud,2025-12-24T19:27:42.114+08:00
2025-12-25 11:19:33,2025-12-24T19:28:00+08:00,2025-12-24T19:30:03+08:00,1.0075,103.5769,C,Cloud to Cloud,2025-12-24T19:27:42.114+08:00
2025-12-25 11:19:33,2025-12-24T19:28:00+08:00,2025-12-24T19:30:03+08:00,1.0082,103.5777,C,Cloud to Cloud,2025-12-24T19:27:42.114+08:00
2025-12-25 11:19:33,2025-12-24T19:28:00+08:00,2025-12-24T19:30:03+08:00,1.0165,103.5854,C,Cloud to Cloud,2025-12-24T19:27:42.114+08:00
2025-12-25 11:19:33,2025-12-24T19:28:00+08:00,2025-12-24T19:30:03+08:00,1.0129,103.5833,C,Cloud to Cloud,2025-12-24T19:27:42.114+08:00
2025-12-25 11:19:33,2025-12-24T19:28:00+08:00,2025-12-24T19:30:03+08:00,1.0006,103.5698,C,Cloud to Cloud,2025-12-24T19:27:42.114+08:00
2025-12-25 11:19:33,2025-12-24T19:28:00+08:00,2025-12-24T19:30:03+08:00,1.012,103.5825,C,Cloud to Cloud,2025-12-24T19:27:42.115+08:00
2025-12-25 11:19:33,2025-12-24T19:28:00+08:00,2025-12-24T19:30:03+08:00,1.0056,103.5755,C,Cloud to Cloud,2025-12-24T19:27:42.115+08:00
2025-12-25 11:19:33,2025-12-24T19:28:00+08:00,2025-12-24T19:30:03+08:00,1.0218,103.5937,C,Cloud to Cloud,2025-12-24T19:27:42.115+08:00
2025-12-25 11:19:33,2025-12-24T19:28:00+08:00,2025-12-24T19:30:03+08:00,1.0087,103.5768,C,Cloud to Cloud,2025-12-24T19:27:42.115+08:00
2025-12-25 11:19:33,2025-12-24T19:28:00+08:00,2025-12-24T19:30:03+08:00,1.0063,103.5763,C,Cloud to Cloud,2025-12-24T19:27:42.115+08:00
2025-12-25 11:19:33,2025-12-24T19:28:00+08:00,2025-12-24T19:30:03+08:00,1.0131,103.5844,C,Cloud to Cloud,2025-12-24T19:27:42.115+08:00
2025-12-25 11:19:33,2025-12-24T19:28:00+08:00,2025-12-24T19:30:03+08:00,1.0166,103.5908,C,Cloud to Cloud,2025-12-24T19:27:42.115+08:00
2025-12-25 11:19:33,2025-12-24T19:28:00+08:00,2025-12-24T19:30:03+08:00,1.0065,103.5777,C,Cloud to Cloud,2025-12-24T19:27:42.115+08:00
2025-12-25 11:19:33,2025-12-24T19:28:00+08:00,2025-12-24T19:30:03+08:00,0.9995,103.5657,C,Cloud to Cloud,2025-12-24T19:27:42.116+08:00
2025-12-25 11:19:33,2025-12-24T19:28:00+08:00,2025-12-24T19:30:03+08:00,1.011,103.5836,C,Cloud to Cloud,2025-12-24T19:27:42.116+08:00
2025-12-25 11:19:33,2025-12-24T19:28:00+08:00,2025-12-24T19:30:03+08:00,1.0135,103.5854,C,Cloud to Cloud,2025-12-24T19:27:42.116+08:00
2025-12-25 11:19:33,2025-12-24T19:28:00+08:00,2025-12-24T19:30:03+08:00,1.0086,103.5785,C,Cloud to Cloud,2025-12-24T19:27:42.116+08:00
2025-12-25 11:19:33,2025-12-24T19:28:00+08:00,2025-12-24T19:30:03+08:00,1.0122,103.5839,C,Cloud to Cloud,2025-12-24T19:27:42.116+08:00
2025-12-25 11:19:33,2025-12-24T19:28:00+08:00,2025-12-24T19:30:03+08:00,1.0073,103.5769,C,Cloud to Cloud,2025-12-24T19:27:42.116+08:00
2025-12-25 11:19:33,2025-12-24T19:28:00+08:00,2025-12-24T19:30:03+08:00,1.0202,103.594,C,Cloud to Cloud,2025-12-24T19:27:42.116+08:00
2025-12-25 11:19:33,2025-12-24T19:28:00+08:00,2025-12-24T19:30:03+08:00,1.0209,103.5932,C,Cloud to Cloud,2025-12-24T19:27:42.116+08:00
2025-12-25 11:19:33,2025-12-24T19:28:00+08:00,2025-12-24T19:30:03+08:00,1.0111,103.582,C,Cloud to Cloud,2025-12-24T19:27:42.116+08:00
2025-12-25 11:19:33,2025-12-24T19:28:00+08:00,2025-12-24T19:30:03+08:00,1.0175,103.5892,C,Cloud to Cloud,2025-12-24T19:27:42.117+08:00
2025-12-25 11:19:33,2025-12-24T19:28:00+08:00,2025-12-24T19:30:03+08:00,1.0004,103.5706,C,Cloud to Cloud,2025-12-24T19:27:42.117+08:00
2025-12-25 11:19:33,2025-12-24T19:28:00+08:00,2025-12-24T19:30:03+08:00,1.0222,103.5954,C,Cloud to Cloud,2025-12-24T19:27:42.117+08:00
2025-12-25 11:19:33,2025-12-24T19:28:00+08:00,2025-12-24T19:30:03+08:00,1.0152,103.5888,C,Cloud to Cloud,2025-12-24T19:27:42.117+08:00
2025-12-25 11:19:33,2025-12-24T19:28:00+08:00,2025-12-24T19:30:03+08:00,1.0004,103.5724,C,Cloud to Cloud,2025-12-24T19:27:42.117+08:00
2025-12-25 11:19:33,2025-12-24T19:28:00+08:00,2025-12-24T19:30:03+08:00,1.0145,103.5896,C,Cloud to Cloud,2025-12-24T19:27:42.117+08:00
2025-12-25 11:19:33,2025-12-24T19:28:00+08:00,2025-12-24T19:30:03+08:00,1.0079,103.5818,C,Cloud to Cloud,2025-12-24T19:27:42.117+08:00
2025-12-25 11:19:33,2025-12-24T19:28:00+08:00,2025-12-24T19:30:03+08:00,1.003,103.576,C,Cloud to Cloud,2025-12-24T19:27:42.117+08:00
2025-12-25 11:19:33,2025-12-24T19:28:00+08:00,2025-12-24T19:30:03+08:00,1.0044,103.5768,G,Cloud to Ground,2025-12-24T19:27:42.118+08:00
2025-12-25 11:19:33,2025-12-24T19:28:00+08:00,2025-12-24T19:30:03+08:00,1.0078,103.58,C,Cloud to Cloud,2025-12-24T19:27:42.118+08:00
2025-12-25 11:19:33,2025-12-24T19:28:00+08:00,2025-12-24T19:30:03+08:00,1.0473,103.6004,C,Cloud to Cloud,2025-12-24T19:27:42.152+08:00
2025-12-25 11:19:33,2025-12-24T19:28:00+08:00,2025-12-24T19:30:03+08:00,1.0416,103.595,C,Cloud to Cloud,2025-12-24T19:27:42.17+08:00
2025-12-25 11:19:33,2025-12-24T19:28:00+08:00,2025-12-24T19:30:03+08:00,1.0546,103.613,C,Cloud to Cloud,2025-12-24T19:27:42.17+08:00
2025-12-25 11:19:33,2025-12-24T19:28:00+08:00,2025-12-24T19:30:03+08:00,0.9822,103.5515,C,Cloud to Cloud,2025-12-24T19:27:42.172+08:00
2025-12-25 11:19:33,2025-12-24T19:28:00+08:00,2025-12-24T19:30:03+08:00,1.0254,103.5905,C,Cloud to Cloud,2025-12-24T19:27:42.172+08:00
2025-12-25 11:19:33,2025-12-24T19:28:00+08:00,2025-12-24T19:30:03+08:00,1.0124,103.5745,C,Cloud to Cloud,2025-12-24T19:27:42.172+08:00
2025-12-25 11:19:33,2025-12-24T19:28:00+08:00,2025-12-24T19:30:03+08:00,1.0183,103.5798,C,Cloud to Cloud,2025-12-24T19:27:42.172+08:00
2025-12-25 11:19:33,2025-12-24T19:28:00+08:00,2025-12-24T19:30:03+08:00,1.0125,103.5811,C,Cloud to Cloud,2025-12-24T19:27:42.172+08:00
2025-12-25 11:19:33,2025-12-24T19:28:00+08:00,2025-12-24T19:30:03+08:00,1.004,103.5731,C,Cloud to Cloud,2025-12-24T19:27:42.172+08:00
2025-12-25 11:19:33,2025-12-24T19:28:00+08:00,2025-12-24T19:30:03+08:00,1.0023,103.5764,C,Cloud to Cloud,2025-12-24T19:27:42.172+08:00
2025-12-25 11:19:33,2025-12-24T19:28:00+08:00,2025-12-24T19:30:03+08:00,1.0008,103.5791,C,Cloud to Cloud,2025-12-24T19:27:42.172+08:00
2025-12-25 11:19:33,2025-12-24T19:28:00+08:00,2025-12-24T19:30:03+08:00,1.003,103.579,C,Cloud to Cloud,2025-12-24T19:27:42.172+08:00
2025-12-25 11:19:33,2025-12-24T19:28:00+08:00,2025-12-24T19:30:03+08:00,1.0664,103.8244,C,Cloud to Cloud,2025-12-24T19:27:42.173+08:00
2025-12-25 11:19:33,2025-12-24T19:28:00+08:00,2025-12-24T19:30:03+08:00,1.0001,103.5726,G,Cloud to Ground,2025-12-24T19:27:42.174+08:00
2025-12-25 11:19:33,2025-12-24T19:28:00+08:00,2025-12-24T19:30:03+08:00,1.0787,103.5441,C,Cloud to Cloud,2025-12-24T19:27:42.367+08:00
2025-12-25 11:19:33,2025-12-24T19:28:00+08:00,2025-12-24T19:30:03+08:00,1.0599,103.5478,C,Cloud to Cloud,2025-12-24T19:27:42.52+08:00
2025-12-25 11:19:33,2025-12-24T19:28:00+08:00,2025-12-24T19:30:03+08:00,1.0998,103.5531,C,Cloud to Cloud,2025-12-24T19:27:42.52+08:00
2025-12-25 11:19:33,2025-12-24T19:28:00+08:00,2025-12-24T19:30:03+08:00,1.0635,103.5499,C,Cloud to Cloud,2025-12-24T19:27:42.52+08:00
2025-12-25 11:19:33,2025-12-24T19:28:00+08:00,2025-12-24T19:30:03+08:00,1.1069,103.5804,C,Cloud to Cloud,2025-12-24T19:27:42.52+08:00
2025-12-25 11:19:33,2025-12-24T19:28:00+08:00,2025-12-24T19:30:03+08:00,1.1239,103.6124,C,Cloud to Cloud,2025-12-24T19:27:42.52+08:00
2025-12-25 11:19:33,2025-12-24T19:28:00+08:00,2025-12-24T19:30:03+08:00,1.1007,103.5931,C,Cloud to Cloud,2025-12-24T19:27:42.52+08:00
2025-12-25 11:19:33,2025-12-24T19:28:00+08:00,2025-12-24T19:30:03+08:00,1.0883,103.5837,C,Cloud to Cloud,2025-12-24T19:27:42.52+08:00
2025-12-25 11:19:33,2025-12-24T19:28:00+08:00,2025-12-24T19:30:03+08:00,1.0748,103.5773,C,Cloud to Cloud,2025-12-24T19:27:42.52+08:00
2025-12-25 11:19:33,2025-12-24T19:28:00+08:00,2025-12-24T19:30:03+08:00,1.0649,103.575,C,Cloud to Cloud,2025-12-24T19:27:42.52+08:00
2025-12-25 11:19:33,2025-12-24T19:28:00+08:00,2025-12-24T19:30:03+08:00,1.0445,103.5668,C,Cloud to Cloud,2025-12-24T19:27:42.52+08:00
2025-12-25 11:19:33,2025-12-24T19:28:00+08:00,2025-12-24T19:30:03+08:00,1.0663,103.5666,C,Cloud to Cloud,2025-12-24T19:27:51.12+08:00
2025-12-25 11:19:33,2025-12-24T19:26:00+08:00,2025-12-24T19:28:03+08:00,1.1227,103.544,C,Cloud to Cloud,2025-12-24T19:24:00.316+08:00
2025-12-25 11:19:33,2025-12-24T19:26:00+08:00,2025-12-24T19:28:03+08:00,1.1081,103.5783,C,Cloud to Cloud,2025-12-24T19:24:00.686+08:00
2025-12-25 11:19:33,2025-12-24T19:26:00+08:00,2025-12-24T19:28:03+08:00,1.1159,103.5901,C,Cloud to Cloud,2025-12-24T19:24:00.686+08:00
2025-12-25 11:19:33,2025-12-24T19:26:00+08:00,2025-12-24T19:28:03+08:00,1.1149,103.5913,C,Cloud to Cloud,2025-12-24T19:24:00.686+08:00
2025-12-25 11:19:33,2025-12-24T19:26:00+08:00,2025-12-24T19:28:03+08:00,1.1157,103.5874,C,Cloud to Cloud,2025-12-24T19:24:00.706+08:00
2025-12-25 11:19:33,2025-12-24T19:26:00+08:00,2025-12-24T19:28:03+08:00,1.1209,103.5974,C,Cloud to Cloud,2025-12-24T19:24:00.706+08:00
2025-12-25 11:19:33,2025-12-24T19:26:00+08:00,2025-12-24T19:28:03+08:00,0.9884,103.5761,C,Cloud to Cloud,2025-12-24T19:24:00.707+08:00
2025-12-25 11:19:33,2025-12-24T19:26:00+08:00,2025-12-24T19:28:03+08:00,1.1934,103.6671,C,Cloud to Cloud,2025-12-24T19:24:00.737+08:00
2025-12-25 11:19:33,2025-12-24T19:26:00+08:00,2025-12-24T19:28:03+08:00,1.0656,103.5632,C,Cloud to Cloud,2025-12-24T19:24:11.538+08:00
2025-12-25 11:19:33,2025-12-24T19:26:00+08:00,2025-12-24T19:28:03+08:00,1.0574,103.5602,C,Cloud to Cloud,2025-12-24T19:24:11.695+08:00
2025-12-25 11:19:33,2025-12-24T19:26:00+08:00,2025-12-24T19:28:03+08:00,1.0643,103.5593,C,Cloud to Cloud,2025-12-24T19:24:11.695+08:00
2025-12-25 11:19:33,2025-12-24T19:26:00+08:00,2025-12-24T19:28:03+08:00,1.1105,103.6544,C,Cloud to Cloud,2025-12-24T19:24:11.695+08:00
2025-12-25 11:19:33,2025-12-24T19:26:00+08:00,2025-12-24T19:28:03+08:00,1.0477,103.5417,C,Cloud to Cloud,2025-12-24T19:24:11.848+08:00
2025-12-25 11:19:33,2025-12-24T19:26:00+08:00,2025-12-24T19:28:03+08:00,1.096,103.5886,C,Cloud to Cloud,2025-12-24T19:24:11.888+08:00
2025-12-25 11:19:33,2025-12-24T19:26:00+08:00,2025-12-24T19:28:03+08:00,1.067,103.5749,C,Cloud to Cloud,2025-12-24T19:24:11.888+08:00
2025-12-25 11:19:33,2025-12-24T19:26:00+08:00,2025-12-24T19:28:03+08:00,1.1064,103.5929,C,Cloud to Cloud,2025-12-24T19:24:11.986+08:00
2025-12-25 11:19:33,2025-12-24T19:26:00+08:00,2025-12-24T19:28:03+08:00,1.0697,103.5607,C,Cloud to Cloud,2025-12-24T19:24:11.986+08:00
2025-12-25 11:19:33,2025-12-24T19:26:00+08:00,2025-12-24T19:28:03+08:00,1.0965,103.566,C,Cloud to Cloud,2025-12-24T19:24:22.481+08:00
2025-12-25 11:19:33,2025-12-24T19:26:00+08:00,2025-12-24T19:28:03+08:00,1.1123,103.5851,C,Cloud to Cloud,2025-12-24T19:24:22.481+08:00
2025-12-25 11:19:33,2025-12-24T19:26:00+08:00,2025-12-24T19:28:03+08:00,1.0775,103.4935,C,Cloud to Cloud,2025-12-24T19:24:32.764+08:00
2025-12-25 11:19:33,2025-12-24T19:26:00+08:00,2025-12-24T19:28:03+08:00,1.0853,103.5701,C,Cloud to Cloud,2025-12-24T19:24:34.526+08:00
2025-12-25 11:19:33,2025-12-24T19:26:00+08:00,2025-12-24T19:28:03+08:00,1.2253,103.5587,C,Cloud to Cloud,2025-12-24T19:24:39.257+08:00
2025-12-25 11:19:33,2025-12-24T19:26:00+08:00,2025-12-24T19:28:03+08:00,1.0983,103.5583,C,Cloud to Cloud,2025-12-24T19:24:50.999+08:00
2025-12-25 11:19:33,2025-12-24T19:26:00+08:00,2025-12-24T19:28:03+08:00,1.1047,103.5324,C,Cloud to Cloud,2025-12-24T19:24:50.999+08:00
2025-12-25 11:19:33,2025-12-24T19:26:00+08:00,2025-12-24T19:28:03+08:00,1.0898,103.5833,C,Cloud to Cloud,2025-12-24T19:24:51.653+08:00
2025-12-25 11:19:33,2025-12-24T19:26:00+08:00,2025-12-24T19:28:03+08:00,1.0879,103.5343,C,Cloud to Cloud,2025-12-24T19:24:51.653+08:00
2025-12-25 11:19:33,2025-12-24T19:26:00+08:00,2025-12-24T19:28:03+08:00,1.1036,103.5499,C,Cloud to Cloud,2025-12-24T19:24:51.658+08:00
2025-12-25 11:19:33,2025-12-24T19:26:00+08:00,2025-12-24T19:28:03+08:00,0.9783,103.5284,C,Cloud to Cloud,2025-12-24T19:24:51.67+08:00
2025-12-25 11:19:33,2025-12-24T19:26:00+08:00,2025-12-24T19:28:03+08:00,1.0637,103.5606,C,Cloud to Cloud,2025-12-24T19:24:51.696+08:00
2025-12-25 11:19:33,2025-12-24T19:26:00+08:00,2025-12-24T19:28:03+08:00,1.1017,103.5898,C,Cloud to Cloud,2025-12-24T19:24:51.696+08:00
2025-12-25 11:19:33,2025-12-24T19:26:00+08:00,2025-12-24T19:28:03+08:00,1.0919,103.5529,C,Cloud to Cloud,2025-12-24T19:24:52.912+08:00
2025-12-25 11:19:33,2025-12-24T19:26:00+08:00,2025-12-24T19:28:03+08:00,1.1045,103.5708,C,Cloud to Cloud,2025-12-24T19:25:08.55+08:00
2025-12-25 11:19:33,2025-12-24T19:26:00+08:00,2025-12-24T19:28:03+08:00,1.1281,103.5525,C,Cloud to Cloud,2025-12-24T19:25:08.575+08:00
2025-12-25 11:19:33,2025-12-24T19:26:00+08:00,2025-12-24T19:28:03+08:00,1.124,103.5892,C,Cloud to Cloud,2025-12-24T19:25:08.575+08:00
2025-12-25 11:19:33,2025-12-24T19:26:00+08:00,2025-12-24T19:28:03+08:00,1.1181,103.5706,C,Cloud to Cloud,2025-12-24T19:25:08.575+08:00
2025-12-25 11:19:33,2025-12-24T19:26:00+08:00,2025-12-24T19:28:03+08:00,1.1394,103.5625,C,Cloud to Cloud,2025-12-24T19:25:08.593+08:00
2025-12-25 11:19:33,2025-12-24T19:26:00+08:00,2025-12-24T19:28:03+08:00,1.0906,103.5507,C,Cloud to Cloud,2025-12-24T19:25:08.593+08:00
2025-12-25 11:19:33,2025-12-24T19:26:00+08:00,2025-12-24T19:28:03+08:00,1.1683,103.6299,C,Cloud to Cloud,2025-12-24T19:25:08.593+08:00
2025-12-25 11:19:33,2025-12-24T19:26:00+08:00,2025-12-24T19:28:03+08:00,1.1067,103.5981,C,Cloud to Cloud,2025-12-24T19:25:17.122+08:00
2025-12-25 11:19:33,2025-12-24T19:26:00+08:00,2025-12-24T19:28:03+08:00,1.0801,103.5523,C,Cloud to Cloud,2025-12-24T19:25:17.122+08:00
2025-12-25 11:19:33,2025-12-24T19:26:00+08:00,2025-12-24T19:28:03+08:00,1.0434,103.5646,C,Cloud to Cloud,2025-12-24T19:25:17.122+08:00
2025-12-25 11:19:33,2025-12-24T19:26:00+08:00,2025-12-24T19:28:03+08:00,1.0679,103.5532,C,Cloud to Cloud,2025-12-24T19:25:17.542+08:00
2025-12-25 11:19:33,2025-12-24T19:26:00+08:00,2025-12-24T19:28:03+08:00,1.074,103.5674,C,Cloud to Cloud,2025-12-24T19:25:17.542+08:00
2025-12-25 11:19:33,2025-12-24T19:26:00+08:00,2025-12-24T19:28:03+08:00,1.0909,103.583,C,Cloud to Cloud,2025-12-24T19:25:17.542+08:00
2025-12-25 11:19:33,2025-12-24T19:26:00+08:00,2025-12-24T19:28:03+08:00,1.0827,103.5753,C,Cloud to Cloud,2025-12-24T19:25:17.543+08:00
2025-12-25 11:19:33,2025-12-24T19:26:00+08:00,2025-12-24T19:28:03+08:00,1.0721,103.5655,C,Cloud to Cloud,2025-12-24T19:25:17.543+08:00
2025-12-25 11:19:33,2025-12-24T19:26:00+08:00,2025-12-24T19:28:03+08:00,1.0864,103.5705,C,Cloud to Cloud,2025-12-24T19:25:17.569+08:00
2025-12-25 11:19:33,2025-12-24T19:26:00+08:00,2025-12-24T19:28:03+08:00,1.1071,103.5303,C,Cloud to Cloud,2025-12-24T19:25:36.278+08:00
2025-12-25 11:19:33,2025-12-24T19:26:00+08:00,2025-12-24T19:28:03+08:00,0.9502,103.8594,C,Cloud to Cloud,2025-12-24T19:25:39.939+08:00
2025-12-25 11:19:33,2025-12-24T19:26:00+08:00,2025-12-24T19:28:03+08:00,1.0482,103.862,C,Cloud to Cloud,2025-12-24T19:25:39.94+08:00
2025-12-25 11:19:33,2025-12-24T19:26:00+08:00,2025-12-24T19:28:03+08:00,1.0539,103.8637,C,Cloud to Cloud,2025-12-24T19:25:39.94+08:00
2025-12-25 11:19:33,2025-12-24T19:26:00+08:00,2025-12-24T19:28:03+08:00,1.0519,103.8639,C,Cloud to Cloud,2025-12-24T19:25:39.94+08:00
2025-12-25 11:19:33,2025-12-24T19:26:00+08:00,2025-12-24T19:28:03+08:00,1.0477,103.862,C,Cloud to Cloud,2025-12-24T19:25:39.94+08:00
2025-12-25 11:19:33,2025-12-24T19:26:00+08:00,2025-12-24T19:28:03+08:00,1.0488,103.8632,C,Cloud to Cloud,2025-12-24T19:25:39.94+08:00
2025-12-25 11:19:33,2025-12-24T19:26:00+08:00,2025-12-24T19:28:03+08:00,1.0382,103.8664,C,Cloud to Cloud,2025-12-24T19:25:39.941+08:00
2025-12-25 11:19:33,2025-12-24T19:26:00+08:00,2025-12-24T19:28:03+08:00,1.051,103.8609,C,Cloud to Cloud,2025-12-24T19:25:39.941+08:00
2025-12-25 11:19:33,2025-12-24T19:26:00+08:00,2025-12-24T19:28:03+08:00,1.0389,103.8654,C,Cloud to Cloud,2025-12-24T19:25:39.941+08:00
2025-12-25 11:19:33,2025-12-24T19:26:00+08:00,2025-12-24T19:28:03+08:00,1.0439,103.8653,C,Cloud to Cloud,2025-12-24T19:25:39.942+08:00
2025-12-25 11:19:33,2025-12-24T19:26:00+08:00,2025-12-24T19:28:03+08:00,1.043,103.8653,C,Cloud to Cloud,2025-12-24T19:25:39.942+08:00
2025-12-25 11:19:33,2025-12-24T19:26:00+08:00,2025-12-24T19:28:03+08:00,1.0567,103.8643,C,Cloud to Cloud,2025-12-24T19:25:39.942+08:00
2025-12-25 11:19:33,2025-12-24T19:26:00+08:00,2025-12-24T19:28:03+08:00,1.0523,103.8612,C,Cloud to Cloud,2025-12-24T19:25:39.942+08:00
2025-12-25 11:19:33,2025-12-24T19:26:00+08:00,2025-12-24T19:28:03+08:00,1.0402,103.8713,C,Cloud to Cloud,2025-12-24T19:25:39.943+08:00
2025-12-25 11:19:33,2025-12-24T19:26:00+08:00,2025-12-24T19:28:03+08:00,1.0479,103.8637,C,Cloud to Cloud,2025-12-24T19:25:39.943+08:00
2025-12-25 11:19:33,2025-12-24T19:26:00+08:00,2025-12-24T19:28:03+08:00,1.0626,103.8544,C,Cloud to Cloud,2025-12-24T19:25:39.943+08:00
2025-12-25 11:19:33,2025-12-24T19:26:00+08:00,2025-12-24T19:28:03+08:00,1.0472,103.8645,C,Cloud to Cloud,2025-12-24T19:25:39.943+08:00
2025-12-25 11:19:33,2025-12-24T19:26:00+08:00,2025-12-24T19:28:03+08:00,1.0708,103.8523,C,Cloud to Cloud,2025-12-24T19:25:39.943+08:00
2025-12-25 11:19:33,2025-12-24T19:26:00+08:00,2025-12-24T19:28:03+08:00,1.0589,103.8537,C,Cloud to Cloud,2025-12-24T19:25:39.943+08:00
2025-12-25 11:19:33,2025-12-24T19:26:00+08:00,2025-12-24T19:28:03+08:00,1.0455,103.8668,C,Cloud to Cloud,2025-12-24T19:25:39.944+08:00
2025-12-25 11:19:33,2025-12-24T19:26:00+08:00,2025-12-24T19:28:03+08:00,1.0706,103.8514,C,Cloud to Cloud,2025-12-24T19:25:39.944+08:00
2025-12-25 11:19:33,2025-12-24T19:26:00+08:00,2025-12-24T19:28:03+08:00,1.0727,103.8516,C,Cloud to Cloud,2025-12-24T19:25:39.944+08:00
2025-12-25 11:19:33,2025-12-24T19:26:00+08:00,2025-12-24T19:28:03+08:00,1.07,103.8519,C,Cloud to Cloud,2025-12-24T19:25:39.945+08:00
2025-12-25 11:19:33,2025-12-24T19:26:00+08:00,2025-12-24T19:28:03+08:00,1.0721,103.852,C,Cloud to Cloud,2025-12-24T19:25:39.945+08:00
2025-12-25 11:19:33,2025-12-24T19:26:00+08:00,2025-12-24T19:28:03+08:00,1.0781,103.8511,C,Cloud to Cloud,2025-12-24T19:25:39.945+08:00
2025-12-25 11:19:33,2025-12-24T19:26:00+08:00,2025-12-24T19:28:03+08:00,1.0814,103.8513,C,Cloud to Cloud,2025-12-24T19:25:39.946+08:00
2025-12-25 11:19:33,2025-12-24T19:26:00+08:00,2025-12-24T19:28:03+08:00,1.0814,103.8482,C,Cloud to Cloud,2025-12-24T19:25:39.947+08:00
2025-12-25 11:19:33,2025-12-24T19:26:00+08:00,2025-12-24T19:28:03+08:00,1.0804,103.8533,C,Cloud to Cloud,2025-12-24T19:25:39.947+08:00
2025-12-25 11:19:33,2025-12-24T19:26:00+08:00,2025-12-24T19:28:03+08:00,1.0873,103.8497,C,Cloud to Cloud,2025-12-24T19:25:39.948+08:00
2025-12-25 11:19:33,2025-12-24T19:26:00+08:00,2025-12-24T19:28:03+08:00,1.078,103.8495,C,Cloud to Cloud,2025-12-24T19:25:39.948+08:00
2025-12-25 11:19:33,2025-12-24T19:26:00+08:00,2025-12-24T19:28:03+08:00,1.0749,103.8513,C,Cloud to Cloud,2025-12-24T19:25:39.949+08:00
2025-12-25 11:19:33,2025-12-24T19:26:00+08:00,2025-12-24T19:28:03+08:00,1.0725,103.8563,C,Cloud to Cloud,2025-12-24T19:25:39.949+08:00
2025-12-25 11:19:33,2025-12-24T19:26:00+08:00,2025-12-24T19:28:03+08:00,1.0687,103.858,C,Cloud to Cloud,2025-12-24T19:25:39.949+08:00
2025-12-25 11:19:33,2025-12-24T19:26:00+08:00,2025-12-24T19:28:03+08:00,1.0719,103.8541,C,Cloud to Cloud,2025-12-24T19:25:39.949+08:00
2025-12-25 11:19:33,2025-12-24T19:26:00+08:00,2025-12-24T19:28:03+08:00,1.0895,103.853,C,Cloud to Cloud,2025-12-24T19:25:39.949+08:00
2025-12-25 11:19:33,2025-12-24T19:26:00+08:00,2025-12-24T19:28:03+08:00,1.0748,103.852,C,Cloud to Cloud,2025-12-24T19:25:39.949+08:00
2025-12-25 11:19:33,2025-12-24T19:26:00+08:00,2025-12-24T19:28:03+08:00,1.0772,103.8512,C,Cloud to Cloud,2025-12-24T19:25:39.95+08:00
2025-12-25 11:19:33,2025-12-24T19:26:00+08:00,2025-12-24T19:28:03+08:00,1.075,103.8512,C,Cloud to Cloud,2025-12-24T19:25:39.95+08:00
2025-12-25 11:19:33,2025-12-24T19:26:00+08:00,2025-12-24T19:28:03+08:00,1.0771,103.853,C,Cloud to Cloud,2025-12-24T19:25:39.95+08:00
2025-12-25 11:19:33,2025-12-24T19:26:00+08:00,2025-12-24T19:28:03+08:00,1.0806,103.8483,C,Cloud to Cloud,2025-12-24T19:25:39.951+08:00
2025-12-25 11:19:33,2025-12-24T19:26:00+08:00,2025-12-24T19:28:03+08:00,1.0712,103.8553,C,Cloud to Cloud,2025-12-24T19:25:39.951+08:00
2025-12-25 11:19:33,2025-12-24T19:26:00+08:00,2025-12-24T19:28:03+08:00,1.0668,103.8561,C,Cloud to Cloud,2025-12-24T19:25:39.952+08:00
2025-12-25 11:19:33,2025-12-24T19:26:00+08:00,2025-12-24T19:28:03+08:00,0.9725,103.8044,C,Cloud to Cloud,2025-12-24T19:25:39.975+08:00
2025-12-25 11:19:33,2025-12-24T19:26:00+08:00,2025-12-24T19:28:03+08:00,1.0405,103.8675,C,Cloud to Cloud,2025-12-24T19:25:40.006+08:00
2025-12-25 11:19:33,2025-12-24T19:26:00+08:00,2025-12-24T19:28:03+08:00,1.0857,103.854,C,Cloud to Cloud,2025-12-24T19:25:40.015+08:00
2025-12-25 11:19:33,2025-12-24T19:26:00+08:00,2025-12-24T19:28:03+08:00,1.0777,103.8565,C,Cloud to Cloud,2025-12-24T19:25:40.015+08:00
2025-12-25 11:19:33,2025-12-24T19:26:00+08:00,2025-12-24T19:28:03+08:00,1.0787,103.8578,C,Cloud to Cloud,2025-12-24T19:25:40.015+08:00
2025-12-25 11:19:33,2025-12-24T19:26:00+08:00,2025-12-24T19:28:03+08:00,1.0636,103.864,C,Cloud to Cloud,2025-12-24T19:25:40.062+08:00
2025-12-25 11:19:33,2025-12-24T19:26:00+08:00,2025-12-24T19:28:03+08:00,1.0902,103.5595,C,Cloud to Cloud,2025-12-24T19:25:40.769+08:00
2025-12-25 11:19:33,2025-12-24T19:26:00+08:00,2025-12-24T19:28:03+08:00,1.0621,103.5832,C,Cloud to Cloud,2025-12-24T19:25:40.786+08:00
2025-12-25 11:19:33,2025-12-24T19:26:00+08:00,2025-12-24T19:28:03+08:00,1.1254,103.5969,C,Cloud to Cloud,2025-12-24T19:25:40.786+08:00
2025-12-25 11:19:33,2025-12-24T19:26:00+08:00,2025-12-24T19:28:03+08:00,1.1003,103.5953,C,Cloud to Cloud,2025-12-24T19:25:40.832+08:00
2025-12-25 11:19:33,2025-12-24T19:26:00+08:00,2025-12-24T19:28:03+08:00,1.0787,103.5683,C,Cloud to Cloud,2025-12-24T19:25:40.832+08:00
2025-12-25 11:19:33,2025-12-24T19:26:00+08:00,2025-12-24T19:28:03+08:00,1.086,103.5622,C,Cloud to Cloud,2025-12-24T19:25:40.832+08:00
2025-12-25 11:19:33,2025-12-24T19:26:00+08:00,2025-12-24T19:28:03+08:00,1.0782,103.6122,C,Cloud to Cloud,2025-12-24T19:25:40.875+08:00
2025-12-25 11:19:33,2025-12-24T19:26:00+08:00,2025-12-24T19:28:03+08:00,1.0889,103.5697,C,Cloud to Cloud,2025-12-24T19:25:40.875+08:00
2025-12-25 11:19:33,2025-12-24T19:26:00+08:00,2025-12-24T19:28:03+08:00,1.0887,103.5728,C,Cloud to Cloud,2025-12-24T19:25:40.958+08:00
2025-12-25 11:19:33,2025-12-24T19:26:00+08:00,2025-12-24T19:28:03+08:00,1.092,103.5659,C,Cloud to Cloud,2025-12-24T19:25:40.963+08:00
2025-12-25 11:19:33,2025-12-24T19:26:00+08:00,2025-12-24T19:28:03+08:00,1.1302,103.5333,C,Cloud to Cloud,2025-12-24T19:25:40.966+08:00
2025-12-25 11:19:33,2025-12-24T19:26:00+08:00,2025-12-24T19:28:03+08:00,1.0571,103.5245,C,Cloud to Cloud,2025-12-24T19:25:40.998+08:00
2025-12-25 11:19:33,2025-12-24T19:26:00+08:00,2025-12-24T19:28:03+08:00,1.1042,103.536,C,Cloud to Cloud,2025-12-24T19:25:43.355+08:00
2025-12-25 11:19:33,2025-12-24T19:26:00+08:00,2025-12-24T19:28:03+08:00,1.1271,103.5287,C,Cloud to Cloud,2025-12-24T19:25:45.725+08:00
2025-12-25 11:19:33,2025-12-24T19:26:00+08:00,2025-12-24T19:28:03+08:00,1.1155,103.547,C,Cloud to Cloud,2025-12-24T19:25:47.385+08:00
2025-12-25 11:19:33,2025-12-24T19:26:00+08:00,2025-12-24T19:28:03+08:00,1.1393,103.6073,C,Cloud to Cloud,2025-12-24T19:25:47.385+08:00
2025-12-25 11:19:33,2025-12-24T19:24:00+08:00,2025-12-24T19:26:03+08:00,1.1018,103.5736,C,Cloud to Cloud,2025-12-24T19:22:24.709+08:00
2025-12-25 11:19:33,2025-12-24T19:24:00+08:00,2025-12-24T19:26:03+08:00,1.0854,103.5589,C,Cloud to Cloud,2025-12-24T19:22:24.709+08:00
2025-12-25 11:19:33,2025-12-24T19:24:00+08:00,2025-12-24T19:26:03+08:00,1.1116,103.5379,C,Cloud to Cloud,2025-12-24T19:22:24.709+08:00
2025-12-25 11:19:33,2025-12-24T19:24:00+08:00,2025-12-24T19:26:03+08:00,1.1365,103.6045,C,Cloud to Cloud,2025-12-24T19:22:33.155+08:00
2025-12-25 11:19:33,2025-12-24T19:24:00+08:00,2025-12-24T19:26:03+08:00,1.06,103.5512,C,Cloud to Cloud,2025-12-24T19:23:00.021+08:00
2025-12-25 11:19:33,2025-12-24T19:24:00+08:00,2025-12-24T19:26:03+08:00,1.1213,103.6011,C,Cloud to Cloud,2025-12-24T19:23:00.021+08:00
2025-12-25 11:19:33,2025-12-24T19:24:00+08:00,2025-12-24T19:26:03+08:00,1.0494,103.5364,C,Cloud to Cloud,2025-12-24T19:23:00.021+08:00
2025-12-25 11:19:33,2025-12-24T19:24:00+08:00,2025-12-24T19:26:03+08:00,1.1078,103.5566,C,Cloud to Cloud,2025-12-24T19:23:19.867+08:00
2025-12-25 11:19:33,2025-12-24T19:24:00+08:00,2025-12-24T19:26:03+08:00,1.1275,103.5719,C,Cloud to Cloud,2025-12-24T19:23:19.902+08:00
2025-12-25 11:19:33,2025-12-24T19:24:00+08:00,2025-12-24T19:26:03+08:00,1.1207,103.5672,C,Cloud to Cloud,2025-12-24T19:23:19.903+08:00
2025-12-25 11:19:33,2025-12-24T19:24:00+08:00,2025-12-24T19:26:03+08:00,1.0549,103.5221,C,Cloud to Cloud,2025-12-24T19:23:45.25+08:00
2025-12-25 11:19:33,2025-12-24T19:24:00+08:00,2025-12-24T19:26:03+08:00,1.0819,103.5384,C,Cloud to Cloud,2025-12-24T19:23:45.25+08:00
2025-12-25 11:19:33,2025-12-24T19:24:00+08:00,2025-12-24T19:26:03+08:00,1.0796,103.5189,C,Cloud to Cloud,2025-12-24T19:23:45.523+08:00
2025-12-25 11:19:33,2025-12-24T19:24:00+08:00,2025-12-24T19:26:03+08:00,1.062,103.5698,C,Cloud to Cloud,2025-12-24T19:23:47.857+08:00
2025-12-25 11:19:33,2025-12-24T19:24:00+08:00,2025-12-24T19:26:03+08:00,1.0863,103.5311,C,Cloud to Cloud,2025-12-24T19:23:47.857+08:00
2025-12-25 11:19:33,2025-12-24T19:24:00+08:00,2025-12-24T19:26:03+08:00,1.0706,103.5652,C,Cloud to Cloud,2025-12-24T19:23:47.947+08:00
2025-12-25 11:19:33,2025-12-24T19:24:00+08:00,2025-12-24T19:26:03+08:00,1.0883,103.582,C,Cloud to Cloud,2025-12-24T19:23:47.947+08:00
2025-12-25 11:19:33,2025-12-24T19:24:00+08:00,2025-12-24T19:26:03+08:00,1.0969,103.6037,C,Cloud to Cloud,2025-12-24T19:23:48.185+08:00
2025-12-25 11:19:33,2025-12-24T19:24:00+08:00,2025-12-24T19:26:03+08:00,1.0806,103.5837,C,Cloud to Cloud,2025-12-24T19:23:48.211+08:00
2025-12-25 11:19:33,2025-12-24T19:24:00+08:00,2025-12-24T19:26:03+08:00,1.0549,103.5555,C,Cloud to Cloud,2025-12-24T19:23:48.212+08:00
2025-12-25 11:19:33,2025-12-24T19:24:00+08:00,2025-12-24T19:26:03+08:00,1.1562,103.6702,C,Cloud to Cloud,2025-12-24T19:23:48.212+08:00
2025-12-25 11:19:33,2025-12-24T19:24:00+08:00,2025-12-24T19:26:03+08:00,1.1073,103.5732,C,Cloud to Cloud,2025-12-24T19:23:52.206+08:00
2025-12-25 11:19:33,2025-12-24T19:24:00+08:00,2025-12-24T19:26:03+08:00,1.0743,103.5865,C,Cloud to Cloud,2025-12-24T19:23:52.206+08:00
2025-12-25 11:19:33,2025-12-24T19:22:00+08:00,2025-12-24T19:24:02+08:00,1.098,103.5621,C,Cloud to Cloud,2025-12-24T19:20:17.984+08:00
2025-12-25 11:19:33,2025-12-24T19:22:00+08:00,2025-12-24T19:24:02+08:00,1.0858,103.5647,C,Cloud to Cloud,2025-12-24T19:20:17.985+08:00
2025-12-25 11:19:33,2025-12-24T19:22:00+08:00,2025-12-24T19:24:02+08:00,1.0784,103.5672,C,Cloud to Cloud,2025-12-24T19:20:17.985+08:00
2025-12-25 11:19:33,2025-12-24T19:22:00+08:00,2025-12-24T19:24:02+08:00,1.0425,103.5494,C,Cloud to Cloud,2025-12-24T19:20:31.426+08:00
2025-12-25 11:19:33,2025-12-24T19:22:00+08:00,2025-12-24T19:24:02+08:00,1.0886,103.5794,C,Cloud to Cloud,2025-12-24T19:20:31.541+08:00
2025-12-25 11:19:33,2025-12-24T19:22:00+08:00,2025-12-24T19:24:02+08:00,1.0959,103.5753,C,Cloud to Cloud,2025-12-24T19:20:31.541+08:00
2025-12-25 11:19:33,2025-12-24T19:22:00+08:00,2025-12-24T19:24:02+08:00,1.1032,103.5521,C,Cloud to Cloud,2025-12-24T19:20:56.306+08:00
2025-12-25 11:19:33,2025-12-24T19:22:00+08:00,2025-12-24T19:24:02+08:00,1.0993,103.5579,C,Cloud to Cloud,2025-12-24T19:20:56.307+08:00
2025-12-25 11:19:33,2025-12-24T19:22:00+08:00,2025-12-24T19:24:02+08:00,1.1111,103.5619,C,Cloud to Cloud,2025-12-24T19:21:06.01+08:00
2025-12-25 11:19:33,2025-12-24T19:22:00+08:00,2025-12-24T19:24:02+08:00,1.1036,103.5661,C,Cloud to Cloud,2025-12-24T19:21:09.918+08:00
2025-12-25 11:19:33,2025-12-24T19:22:00+08:00,2025-12-24T19:24:02+08:00,1.0839,103.5432,C,Cloud to Cloud,2025-12-24T19:21:21.216+08:00
2025-12-25 11:19:33,2025-12-24T19:22:00+08:00,2025-12-24T19:24:02+08:00,1.1514,103.5899,C,Cloud to Cloud,2025-12-24T19:21:21.216+08:00
2025-12-25 11:19:33,2025-12-24T19:22:00+08:00,2025-12-24T19:24:02+08:00,1.1243,103.5931,C,Cloud to Cloud,2025-12-24T19:21:27.613+08:00
2025-12-25 11:19:33,2025-12-24T19:22:00+08:00,2025-12-24T19:24:02+08:00,1.105,103.5899,C,Cloud to Cloud,2025-12-24T19:21:27.613+08:00
2025-12-25 11:19:33,2025-12-24T19:22:00+08:00,2025-12-24T19:24:02+08:00,1.0458,103.5161,C,Cloud to Cloud,2025-12-24T19:21:27.613+08:00
2025-12-25 11:19:33,2025-12-24T19:22:00+08:00,2025-12-24T19:24:02+08:00,1.0381,103.5798,C,Cloud to Cloud,2025-12-24T19:21:27.642+08:00
2025-12-25 11:19:33,2025-12-24T19:22:00+08:00,2025-12-24T19:24:02+08:00,1.0273,103.5037,C,Cloud to Cloud,2025-12-24T19:21:27.708+08:00
2025-12-25 11:19:33,2025-12-24T19:22:00+08:00,2025-12-24T19:24:02+08:00,1.1057,103.592,C,Cloud to Cloud,2025-12-24T19:21:49.393+08:00
2025-12-25 11:19:33,2025-12-24T19:22:00+08:00,2025-12-24T19:24:02+08:00,1.0844,103.5913,C,Cloud to Cloud,2025-12-24T19:21:57.761+08:00
2025-12-25 11:19:33,2025-12-24T19:22:00+08:00,2025-12-24T19:24:02+08:00,1.0394,103.5522,C,Cloud to Cloud,2025-12-24T19:21:57.761+08:00
2025-12-25 11:19:33,2025-12-24T19:22:00+08:00,2025-12-24T19:24:02+08:00,1.083,103.5909,C,Cloud to Cloud,2025-12-24T19:21:57.761+08:00
2025-12-25 11:19:33,2025-12-24T19:22:00+08:00,2025-12-24T19:24:02+08:00,1.0869,103.6001,C,Cloud to Cloud,2025-12-24T19:21:57.761+08:00
2025-12-25 11:19:33,2025-12-24T19:22:00+08:00,2025-12-24T19:24:02+08:00,1.0904,103.6081,C,Cloud to Cloud,2025-12-24T19:21:57.761+08:00
2025-12-25 11:19:33,2025-12-24T19:22:00+08:00,2025-12-24T19:24:02+08:00,1.0417,103.5532,C,Cloud to Cloud,2025-12-24T19:21:57.761+08:00
2025-12-25 11:19:33,2025-12-24T19:22:00+08:00,2025-12-24T19:24:02+08:00,1.1056,103.6108,C,Cloud to Cloud,2025-12-24T19:21:57.761+08:00
2025-12-25 11:19:33,2025-12-24T19:22:00+08:00,2025-12-24T19:24:02+08:00,1.0499,103.5804,C,Cloud to Cloud,2025-12-24T19:21:57.761+08:00
2025-12-25 11:19:33,2025-12-24T19:22:00+08:00,2025-12-24T19:24:02+08:00,1.0739,103.5691,C,Cloud to Cloud,2025-12-24T19:21:57.761+08:00
2025-12-25 11:19:33,2025-12-24T19:22:00+08:00,2025-12-24T19:24:02+08:00,1.0841,103.5956,C,Cloud to Cloud,2025-12-24T19:21:57.761+08:00
2025-12-25 11:19:33,2025-12-24T19:22:00+08:00,2025-12-24T19:24:02+08:00,1.0733,103.5863,C,Cloud to Cloud,2025-12-24T19:21:57.761+08:00
2025-12-25 11:19:33,2025-12-24T19:22:00+08:00,2025-12-24T19:24:02+08:00,1.0397,103.553,C,Cloud to Cloud,2025-12-24T19:21:57.761+08:00
2025-12-25 11:19:33,2025-12-24T19:22:00+08:00,2025-12-24T19:24:02+08:00,1.0893,103.5975,C,Cloud to Cloud,2025-12-24T19:21:57.761+08:00
2025-12-25 11:19:33,2025-12-24T19:22:00+08:00,2025-12-24T19:24:02+08:00,1.0844,103.5951,C,Cloud to Cloud,2025-12-24T19:21:57.761+08:00
2025-12-25 11:19:33,2025-12-24T19:22:00+08:00,2025-12-24T19:24:02+08:00,1.0421,103.5511,C,Cloud to Cloud,2025-12-24T19:21:57.761+08:00
2025-12-25 11:19:33,2025-12-24T19:22:00+08:00,2025-12-24T19:24:02+08:00,1.1037,103.6072,C,Cloud to Cloud,2025-12-24T19:21:57.761+08:00
2025-12-25 11:19:33,2025-12-24T19:22:00+08:00,2025-12-24T19:24:02+08:00,1.1005,103.6053,C,Cloud to Cloud,2025-12-24T19:21:57.762+08:00
2025-12-25 11:19:33,2025-12-24T19:22:00+08:00,2025-12-24T19:24:02+08:00,1.0776,103.5886,C,Cloud to Cloud,2025-12-24T19:21:57.762+08:00
2025-12-25 11:19:33,2025-12-24T19:22:00+08:00,2025-12-24T19:24:02+08:00,1.101,103.5785,C,Cloud to Cloud,2025-12-24T19:21:57.762+08:00
2025-12-25 11:19:33,2025-12-24T19:22:00+08:00,2025-12-24T19:24:02+08:00,1.0843,103.5915,C,Cloud to Cloud,2025-12-24T19:21:57.762+08:00
2025-12-25 11:19:33,2025-12-24T19:22:00+08:00,2025-12-24T19:24:02+08:00,1.0669,103.5795,C,Cloud to Cloud,2025-12-24T19:21:57.762+08:00
2025-12-25 11:19:33,2025-12-24T19:22:00+08:00,2025-12-24T19:24:02+08:00,1.0782,103.5849,C,Cloud to Cloud,2025-12-24T19:21:57.762+08:00
2025-12-25 11:19:33,2025-12-24T19:22:00+08:00,2025-12-24T19:24:02+08:00,1.0934,103.5962,C,Cloud to Cloud,2025-12-24T19:21:57.762+08:00
2025-12-25 11:19:33,2025-12-24T19:22:00+08:00,2025-12-24T19:24:02+08:00,1.0752,103.5789,C,Cloud to Cloud,2025-12-24T19:21:57.762+08:00
2025-12-25 11:19:33,2025-12-24T19:22:00+08:00,2025-12-24T19:24:02+08:00,1.0781,103.583,C,Cloud to Cloud,2025-12-24T19:21:57.762+08:00
2025-12-25 11:19:33,2025-12-24T19:22:00+08:00,2025-12-24T19:24:02+08:00,1.0744,103.5833,C,Cloud to Cloud,2025-12-24T19:21:57.762+08:00
2025-12-25 11:19:33,2025-12-24T19:22:00+08:00,2025-12-24T19:24:02+08:00,1.0746,103.5827,C,Cloud to Cloud,2025-12-24T19:21:57.763+08:00
2025-12-25 11:19:33,2025-12-24T19:22:00+08:00,2025-12-24T19:24:02+08:00,1.0885,103.5902,C,Cloud to Cloud,2025-12-24T19:21:57.763+08:00
2025-12-25 11:19:33,2025-12-24T19:22:00+08:00,2025-12-24T19:24:02+08:00,1.0845,103.5909,C,Cloud to Cloud,2025-12-24T19:21:57.763+08:00
2025-12-25 11:19:33,2025-12-24T19:22:00+08:00,2025-12-24T19:24:02+08:00,1.0794,103.588,C,Cloud to Cloud,2025-12-24T19:21:57.793+08:00
2025-12-25 11:19:33,2025-12-24T19:22:00+08:00,2025-12-24T19:24:02+08:00,1.0734,103.5803,G,Cloud to Ground,2025-12-24T19:21:57.793+08:00
2025-12-25 11:19:33,2025-12-24T19:22:00+08:00,2025-12-24T19:24:02+08:00,1.0859,103.5919,C,Cloud to Cloud,2025-12-24T19:21:57.793+08:00
2025-12-25 11:19:33,2025-12-24T19:22:00+08:00,2025-12-24T19:24:02+08:00,1.0691,103.5815,G,Cloud to Ground,2025-12-24T19:21:57.861+08:00
2025-12-25 11:19:33,2025-12-24T19:22:00+08:00,2025-12-24T19:24:02+08:00,1.0888,103.6172,C,Cloud to Cloud,2025-12-24T19:21:57.861+08:00
2025-12-25 11:19:33,2025-12-24T19:22:00+08:00,2025-12-24T19:24:02+08:00,1.0741,103.5967,C,Cloud to Cloud,2025-12-24T19:21:57.861+08:00
2025-12-25 11:19:33,2025-12-24T19:22:00+08:00,2025-12-24T19:24:02+08:00,1.0859,103.5949,C,Cloud to Cloud,2025-12-24T19:21:57.906+08:00
2025-12-25 11:19:33,2025-12-24T19:22:00+08:00,2025-12-24T19:24:02+08:00,1.0766,103.5858,C,Cloud to Cloud,2025-12-24T19:21:57.906+08:00
2025-12-25 11:19:33,2025-12-24T19:22:00+08:00,2025-12-24T19:24:02+08:00,1.0741,103.5778,G,Cloud to Ground,2025-12-24T19:21:57.914+08:00
2025-12-25 11:19:33,2025-12-24T19:22:00+08:00,2025-12-24T19:24:02+08:00,1.0996,103.6212,C,Cloud to Cloud,2025-12-24T19:21:57.914+08:00
2025-12-25 11:19:33,2025-12-24T19:22:00+08:00,2025-12-24T19:24:02+08:00,1.0764,103.5815,C,Cloud to Cloud,2025-12-24T19:21:57.914+08:00
2025-12-25 11:19:33,2025-12-24T19:22:00+08:00,2025-12-24T19:24:02+08:00,1.1171,103.6133,C,Cloud to Cloud,2025-12-24T19:21:57.915+08:00
2025-12-25 11:19:33,2025-12-24T19:22:00+08:00,2025-12-24T19:24:02+08:00,1.0948,103.6095,C,Cloud to Cloud,2025-12-24T19:21:57.915+08:00
2025-12-25 11:19:33,2025-12-24T19:22:00+08:00,2025-12-24T19:24:02+08:00,1.0794,103.5839,C,Cloud to Cloud,2025-12-24T19:21:57.915+08:00
2025-12-25 11:19:33,2025-12-24T19:22:00+08:00,2025-12-24T19:24:02+08:00,1.1088,103.6267,C,Cloud to Cloud,2025-12-24T19:21:57.97+08:00
2025-12-25 11:19:33,2025-12-24T19:22:00+08:00,2025-12-24T19:24:02+08:00,1.1205,103.616,C,Cloud to Cloud,2025-12-24T19:21:57.97+08:00
2025-12-25 11:19:33,2025-12-24T19:22:00+08:00,2025-12-24T19:24:02+08:00,0.9719,103.8355,C,Cloud to Cloud,2025-12-24T19:21:58.532+08:00
2025-12-25 11:19:33,2025-12-24T19:22:00+08:00,2025-12-24T19:24:02+08:00,0.9871,103.8795,C,Cloud to Cloud,2025-12-24T19:21:58.742+08:00
2025-12-25 11:19:33,2025-12-24T19:22:00+08:00,2025-12-24T19:24:02+08:00,0.9812,103.8761,C,Cloud to Cloud,2025-12-24T19:21:58.742+08:00
2025-12-25 11:19:33,2025-12-24T19:22:00+08:00,2025-12-24T19:24:02+08:00,1.0488,103.8412,C,Cloud to Cloud,2025-12-24T19:21:58.795+08:00
2025-12-25 11:19:33,2025-12-24T19:20:00+08:00,2025-12-24T19:22:03+08:00,1.0842,103.581,C,Cloud to Cloud,2025-12-24T19:18:13.428+08:00
2025-12-25 11:19:33,2025-12-24T19:20:00+08:00,2025-12-24T19:22:03+08:00,1.0512,103.5389,C,Cloud to Cloud,2025-12-24T19:18:40.152+08:00
2025-12-25 11:19:33,2025-12-24T19:20:00+08:00,2025-12-24T19:22:03+08:00,1.0444,103.5839,C,Cloud to Cloud,2025-12-24T19:18:45.702+08:00
2025-12-25 11:19:33,2025-12-24T19:20:00+08:00,2025-12-24T19:22:03+08:00,1.0748,103.5699,C,Cloud to Cloud,2025-12-24T19:18:45.871+08:00
2025-12-25 11:19:33,2025-12-24T19:20:00+08:00,2025-12-24T19:22:03+08:00,1.0666,103.5583,C,Cloud to Cloud,2025-12-24T19:18:45.871+08:00
2025-12-25 11:19:33,2025-12-24T19:20:00+08:00,2025-12-24T19:22:03+08:00,1.0252,103.5439,C,Cloud to Cloud,2025-12-24T19:18:45.952+08:00
2025-12-25 11:19:33,2025-12-24T19:20:00+08:00,2025-12-24T19:22:03+08:00,1.0329,103.5669,C,Cloud to Cloud,2025-12-24T19:18:45.952+08:00
2025-12-25 11:19:33,2025-12-24T19:20:00+08:00,2025-12-24T19:22:03+08:00,1.0825,103.5741,C,Cloud to Cloud,2025-12-24T19:18:45.952+08:00
2025-12-25 11:19:33,2025-12-24T19:20:00+08:00,2025-12-24T19:22:03+08:00,1.009,103.5536,C,Cloud to Cloud,2025-12-24T19:18:45.983+08:00
2025-12-25 11:19:33,2025-12-24T19:20:00+08:00,2025-12-24T19:22:03+08:00,1.1112,103.5963,C,Cloud to Cloud,2025-12-24T19:18:46.046+08:00
2025-12-25 11:19:33,2025-12-24T19:20:00+08:00,2025-12-24T19:22:03+08:00,1.104,103.5877,C,Cloud to Cloud,2025-12-24T19:19:20.451+08:00
2025-12-25 11:19:33,2025-12-24T19:20:00+08:00,2025-12-24T19:22:03+08:00,0.9988,103.5883,C,Cloud to Cloud,2025-12-24T19:19:20.451+08:00
2025-12-25 11:19:33,2025-12-24T19:20:00+08:00,2025-12-24T19:22:03+08:00,1.1135,103.6091,C,Cloud to Cloud,2025-12-24T19:19:20.451+08:00
2025-12-25 11:19:33,2025-12-24T19:20:00+08:00,2025-12-24T19:22:03+08:00,1.0813,103.5653,C,Cloud to Cloud,2025-12-24T19:19:20.486+08:00
2025-12-25 11:19:33,2025-12-24T19:20:00+08:00,2025-12-24T19:22:03+08:00,1.134,103.6267,C,Cloud to Cloud,2025-12-24T19:19:20.486+08:00
2025-12-25 11:19:33,2025-12-24T19:20:00+08:00,2025-12-24T19:22:03+08:00,1.0694,103.5576,C,Cloud to Cloud,2025-12-24T19:19:20.501+08:00
2025-12-25 11:19:33,2025-12-24T19:20:00+08:00,2025-12-24T19:22:03+08:00,1.0919,103.5839,C,Cloud to Cloud,2025-12-24T19:19:20.525+08:00
2025-12-25 11:19:33,2025-12-24T19:20:00+08:00,2025-12-24T19:22:03+08:00,1.0885,103.605,C,Cloud to Cloud,2025-12-24T19:19:51.411+08:00
2025-12-25 11:19:33,2025-12-24T19:20:00+08:00,2025-12-24T19:22:03+08:00,1.0902,103.6045,C,Cloud to Cloud,2025-12-24T19:19:51.411+08:00
2025-12-25 11:19:33,2025-12-24T19:20:00+08:00,2025-12-24T19:22:03+08:00,1.089,103.6035,C,Cloud to Cloud,2025-12-24T19:19:51.411+08:00
2025-12-25 11:19:33,2025-12-24T19:20:00+08:00,2025-12-24T19:22:03+08:00,1.0869,103.6005,C,Cloud to Cloud,2025-12-24T19:19:51.411+08:00
2025-12-25 11:19:33,2025-12-24T19:20:00+08:00,2025-12-24T19:22:03+08:00,1.0818,103.5929,C,Cloud to Cloud,2025-12-24T19:19:51.411+08:00
2025-12-25 11:19:33,2025-12-24T19:20:00+08:00,2025-12-24T19:22:03+08:00,1.0772,103.5732,C,Cloud to Cloud,2025-12-24T19:19:51.411+08:00
2025-12-25 11:19:33,2025-12-24T19:20:00+08:00,2025-12-24T19:22:03+08:00,1.0939,103.5999,C,Cloud to Cloud,2025-12-24T19:19:51.411+08:00
2025-12-25 11:19:33,2025-12-24T19:20:00+08:00,2025-12-24T19:22:03+08:00,1.0716,103.5765,C,Cloud to Cloud,2025-12-24T19:19:51.411+08:00
2025-12-25 11:19:33,2025-12-24T19:20:00+08:00,2025-12-24T19:22:03+08:00,1.0724,103.578,C,Cloud to Cloud,2025-12-24T19:19:51.411+08:00
2025-12-25 11:19:33,2025-12-24T19:20:00+08:00,2025-12-24T19:22:03+08:00,1.0777,103.5888,C,Cloud to Cloud,2025-12-24T19:19:51.411+08:00
2025-12-25 11:19:33,2025-12-24T19:20:00+08:00,2025-12-24T19:22:03+08:00,1.0779,103.5859,C,Cloud to Cloud,2025-12-24T19:19:51.411+08:00
2025-12-25 11:19:33,2025-12-24T19:20:00+08:00,2025-12-24T19:22:03+08:00,1.0768,103.5869,C,Cloud to Cloud,2025-12-24T19:19:51.412+08:00
2025-12-25 11:19:33,2025-12-24T19:20:00+08:00,2025-12-24T19:22:03+08:00,1.0899,103.596,C,Cloud to Cloud,2025-12-24T19:19:51.412+08:00
2025-12-25 11:19:33,2025-12-24T19:20:00+08:00,2025-12-24T19:22:03+08:00,1.0749,103.5822,C,Cloud to Cloud,2025-12-24T19:19:51.412+08:00
2025-12-25 11:19:33,2025-12-24T19:20:00+08:00,2025-12-24T19:22:03+08:00,1.088,103.5943,C,Cloud to Cloud,2025-12-24T19:19:51.412+08:00
2025-12-25 11:19:33,2025-12-24T19:20:00+08:00,2025-12-24T19:22:03+08:00,1.0782,103.586,C,Cloud to Cloud,2025-12-24T19:19:51.412+08:00
2025-12-25 11:19:33,2025-12-24T19:20:00+08:00,2025-12-24T19:22:03+08:00,1.0817,103.5885,C,Cloud to Cloud,2025-12-24T19:19:51.412+08:00
2025-12-25 11:19:33,2025-12-24T19:20:00+08:00,2025-12-24T19:22:03+08:00,1.0363,103.5546,C,Cloud to Cloud,2025-12-24T19:19:51.412+08:00
2025-12-25 11:19:33,2025-12-24T19:20:00+08:00,2025-12-24T19:22:03+08:00,1.0845,103.5964,C,Cloud to Cloud,2025-12-24T19:19:51.412+08:00
2025-12-25 11:19:33,2025-12-24T19:20:00+08:00,2025-12-24T19:22:03+08:00,1.0702,103.5771,C,Cloud to Cloud,2025-12-24T19:19:51.412+08:00
2025-12-25 11:19:33,2025-12-24T19:20:00+08:00,2025-12-24T19:22:03+08:00,1.0825,103.5911,C,Cloud to Cloud,2025-12-24T19:19:51.412+08:00
2025-12-25 11:19:33,2025-12-24T19:20:00+08:00,2025-12-24T19:22:03+08:00,1.0752,103.5856,C,Cloud to Cloud,2025-12-24T19:19:51.413+08:00
2025-12-25 11:19:33,2025-12-24T19:20:00+08:00,2025-12-24T19:22:03+08:00,1.0831,103.5919,C,Cloud to Cloud,2025-12-24T19:19:51.413+08:00
2025-12-25 11:19:33,2025-12-24T19:20:00+08:00,2025-12-24T19:22:03+08:00,1.0862,103.5927,C,Cloud to Cloud,2025-12-24T19:19:51.413+08:00
2025-12-25 11:19:33,2025-12-24T19:20:00+08:00,2025-12-24T19:22:03+08:00,1.0886,103.5968,C,Cloud to Cloud,2025-12-24T19:19:51.413+08:00
2025-12-25 11:19:33,2025-12-24T19:20:00+08:00,2025-12-24T19:22:03+08:00,1.0865,103.5939,C,Cloud to Cloud,2025-12-24T19:19:51.413+08:00
2025-12-25 11:19:33,2025-12-24T19:20:00+08:00,2025-12-24T19:22:03+08:00,1.0824,103.5953,C,Cloud to Cloud,2025-12-24T19:19:51.413+08:00
2025-12-25 11:19:33,2025-12-24T19:20:00+08:00,2025-12-24T19:22:03+08:00,1.0878,103.6001,C,Cloud to Cloud,2025-12-24T19:19:51.413+08:00
2025-12-25 11:19:33,2025-12-24T19:20:00+08:00,2025-12-24T19:22:03+08:00,1.0793,103.5885,C,Cloud to Cloud,2025-12-24T19:19:51.413+08:00
2025-12-25 11:19:33,2025-12-24T19:20:00+08:00,2025-12-24T19:22:03+08:00,1.0883,103.5938,C,Cloud to Cloud,2025-12-24T19:19:51.413+08:00
2025-12-25 11:19:33,2025-12-24T19:20:00+08:00,2025-12-24T19:22:03+08:00,1.1034,103.6088,C,Cloud to Cloud,2025-12-24T19:19:51.414+08:00
2025-12-25 11:19:33,2025-12-24T19:20:00+08:00,2025-12-24T19:22:03+08:00,1.0826,103.593,C,Cloud to Cloud,2025-12-24T19:19:51.414+08:00
2025-12-25 11:19:33,2025-12-24T19:20:00+08:00,2025-12-24T19:22:03+08:00,1.082,103.5922,C,Cloud to Cloud,2025-12-24T19:19:51.414+08:00
2025-12-25 11:19:33,2025-12-24T19:20:00+08:00,2025-12-24T19:22:03+08:00,1.0893,103.5987,C,Cloud to Cloud,2025-12-24T19:19:51.414+08:00
2025-12-25 11:19:33,2025-12-24T19:20:00+08:00,2025-12-24T19:22:03+08:00,1.0756,103.5844,C,Cloud to Cloud,2025-12-24T19:19:51.414+08:00
2025-12-25 11:19:33,2025-12-24T19:20:00+08:00,2025-12-24T19:22:03+08:00,1.0922,103.5949,C,Cloud to Cloud,2025-12-24T19:19:51.415+08:00
2025-12-25 11:19:33,2025-12-24T19:20:00+08:00,2025-12-24T19:22:03+08:00,1.0755,103.5824,C,Cloud to Cloud,2025-12-24T19:19:51.415+08:00
2025-12-25 11:19:33,2025-12-24T19:20:00+08:00,2025-12-24T19:22:03+08:00,1.0834,103.5912,C,Cloud to Cloud,2025-12-24T19:19:51.416+08:00
2025-12-25 11:19:33,2025-12-24T19:20:00+08:00,2025-12-24T19:22:03+08:00,1.0641,103.5689,C,Cloud to Cloud,2025-12-24T19:19:51.416+08:00
2025-12-25 11:19:33,2025-12-24T19:20:00+08:00,2025-12-24T19:22:03+08:00,1.0828,103.5903,C,Cloud to Cloud,2025-12-24T19:19:51.416+08:00
2025-12-25 11:19:33,2025-12-24T19:20:00+08:00,2025-12-24T19:22:03+08:00,1.0806,103.5845,C,Cloud to Cloud,2025-12-24T19:19:51.429+08:00
2025-12-25 11:19:33,2025-12-24T19:20:00+08:00,2025-12-24T19:22:03+08:00,1.0757,103.5809,G,Cloud to Ground,2025-12-24T19:19:51.429+08:00
2025-12-25 11:19:33,2025-12-24T19:20:00+08:00,2025-12-24T19:22:03+08:00,1.0826,103.5896,C,Cloud to Cloud,2025-12-24T19:19:51.429+08:00
2025-12-25 11:19:33,2025-12-24T19:20:00+08:00,2025-12-24T19:22:03+08:00,1.0923,103.6091,C,Cloud to Cloud,2025-12-24T19:19:51.429+08:00
2025-12-25 11:19:33,2025-12-24T19:20:00+08:00,2025-12-24T19:22:03+08:00,1.0863,103.5957,C,Cloud to Cloud,2025-12-24T19:19:51.445+08:00
2025-12-25 11:19:33,2025-12-24T19:20:00+08:00,2025-12-24T19:22:03+08:00,1.087,103.5778,C,Cloud to Cloud,2025-12-24T19:19:51.445+08:00
2025-12-25 11:19:33,2025-12-24T19:20:00+08:00,2025-12-24T19:22:03+08:00,1.1015,103.5993,C,Cloud to Cloud,2025-12-24T19:19:51.445+08:00
2025-12-25 11:19:33,2025-12-24T19:20:00+08:00,2025-12-24T19:22:03+08:00,1.1437,103.6499,C,Cloud to Cloud,2025-12-24T19:19:51.445+08:00
2025-12-25 11:19:33,2025-12-24T19:20:00+08:00,2025-12-24T19:22:03+08:00,1.0594,103.5548,C,Cloud to Cloud,2025-12-24T19:19:51.47+08:00
2025-12-25 11:19:33,2025-12-24T19:20:00+08:00,2025-12-24T19:22:03+08:00,1.0591,103.5751,C,Cloud to Cloud,2025-12-24T19:19:51.47+08:00
2025-12-25 11:19:33,2025-12-24T19:20:00+08:00,2025-12-24T19:22:03+08:00,1.0807,103.5953,C,Cloud to Cloud,2025-12-24T19:19:51.47+08:00
2025-12-25 11:19:33,2025-12-24T19:20:00+08:00,2025-12-24T19:22:03+08:00,1.0685,103.5691,C,Cloud to Cloud,2025-12-24T19:19:51.471+08:00
2025-12-25 11:19:33,2025-12-24T19:20:00+08:00,2025-12-24T19:22:03+08:00,1.0714,103.5761,G,Cloud to Ground,2025-12-24T19:19:51.472+08:00
2025-12-25 11:19:33,2025-12-24T19:20:00+08:00,2025-12-24T19:22:03+08:00,1.0868,103.5922,C,Cloud to Cloud,2025-12-24T19:19:51.472+08:00
2025-12-25 11:19:33,2025-12-24T19:20:00+08:00,2025-12-24T19:22:03+08:00,1.0913,103.6043,C,Cloud to Cloud,2025-12-24T19:19:51.529+08:00
2025-12-25 11:19:33,2025-12-24T19:20:00+08:00,2025-12-24T19:22:03+08:00,1.0901,103.6023,C,Cloud to Cloud,2025-12-24T19:19:51.529+08:00
2025-12-25 11:19:33,2025-12-24T19:20:00+08:00,2025-12-24T19:22:03+08:00,1.0738,103.5756,G,Cloud to Ground,2025-12-24T19:19:51.529+08:00
2025-12-25 11:19:33,2025-12-24T19:20:00+08:00,2025-12-24T19:22:03+08:00,1.1574,103.6532,C,Cloud to Cloud,2025-12-24T19:19:51.529+08:00
2025-12-25 11:19:33,2025-12-24T19:20:00+08:00,2025-12-24T19:22:03+08:00,1.0751,103.5765,C,Cloud to Cloud,2025-12-24T19:19:51.529+08:00
2025-12-25 11:19:33,2025-12-24T19:20:00+08:00,2025-12-24T19:22:03+08:00,1.0858,103.5847,C,Cloud to Cloud,2025-12-24T19:19:51.544+08:00
2025-12-25 11:19:33,2025-12-24T19:20:00+08:00,2025-12-24T19:22:03+08:00,1.0701,103.5792,C,Cloud to Cloud,2025-12-24T19:19:51.544+08:00
2025-12-25 11:19:33,2025-12-24T19:20:00+08:00,2025-12-24T19:22:03+08:00,1.1015,103.5843,C,Cloud to Cloud,2025-12-24T19:19:52.006+08:00
2025-12-25 11:19:33,2025-12-24T19:18:00+08:00,2025-12-24T19:20:03+08:00,1.0432,103.5954,C,Cloud to Cloud,2025-12-24T19:16:26.537+08:00
2025-12-25 11:19:33,2025-12-24T19:18:00+08:00,2025-12-24T19:20:03+08:00,1.0796,103.6137,C,Cloud to Cloud,2025-12-24T19:16:26.537+08:00
2025-12-25 11:19:33,2025-12-24T19:18:00+08:00,2025-12-24T19:20:03+08:00,1.0779,103.6025,C,Cloud to Cloud,2025-12-24T19:16:26.537+08:00
2025-12-25 11:19:33,2025-12-24T19:18:00+08:00,2025-12-24T19:20:03+08:00,1.0915,103.6323,C,Cloud to Cloud,2025-12-24T19:16:26.608+08:00
2025-12-25 11:19:33,2025-12-24T19:18:00+08:00,2025-12-24T19:20:03+08:00,1.091,103.6397,C,Cloud to Cloud,2025-12-24T19:16:26.608+08:00
2025-12-25 11:19:33,2025-12-24T19:18:00+08:00,2025-12-24T19:20:03+08:00,1.0773,103.6185,C,Cloud to Cloud,2025-12-24T19:16:31.708+08:00
2025-12-25 11:19:33,2025-12-24T19:18:00+08:00,2025-12-24T19:20:03+08:00,1.0941,103.6101,C,Cloud to Cloud,2025-12-24T19:17:07.075+08:00
2025-12-25 11:19:33,2025-12-24T19:18:00+08:00,2025-12-24T19:20:03+08:00,1.0898,103.5955,C,Cloud to Cloud,2025-12-24T19:17:07.075+08:00
2025-12-25 11:19:33,2025-12-24T19:16:00+08:00,2025-12-24T19:18:02+08:00,1.0861,103.6399,C,Cloud to Cloud,2025-12-24T19:14:22.649+08:00
2025-12-25 11:19:33,2025-12-24T19:16:00+08:00,2025-12-24T19:18:02+08:00,1.0655,103.5825,C,Cloud to Cloud,2025-12-24T19:14:43.223+08:00
2025-12-25 11:19:33,2025-12-24T19:16:00+08:00,2025-12-24T19:18:02+08:00,1.0888,103.6093,C,Cloud to Cloud,2025-12-24T19:14:43.223+08:00
2025-12-25 11:19:33,2025-12-24T19:16:00+08:00,2025-12-24T19:18:02+08:00,1.0537,103.6152,C,Cloud to Cloud,2025-12-24T19:14:43.223+08:00
2025-12-25 11:19:33,2025-12-24T19:16:00+08:00,2025-12-24T19:18:02+08:00,1.0725,103.5763,C,Cloud to Cloud,2025-12-24T19:15:00.527+08:00
2025-12-25 11:19:33,2025-12-24T19:16:00+08:00,2025-12-24T19:18:02+08:00,1.0189,103.5162,C,Cloud to Cloud,2025-12-24T19:15:00.527+08:00
2025-12-25 11:19:33,2025-12-24T19:16:00+08:00,2025-12-24T19:18:02+08:00,1.0655,103.5973,C,Cloud to Cloud,2025-12-24T19:15:00.533+08:00
2025-12-25 11:19:33,2025-12-24T19:16:00+08:00,2025-12-24T19:18:02+08:00,1.0747,103.5656,C,Cloud to Cloud,2025-12-24T19:15:00.576+08:00
2025-12-25 11:19:33,2025-12-24T19:16:00+08:00,2025-12-24T19:18:02+08:00,1.0875,103.5743,C,Cloud to Cloud,2025-12-24T19:15:00.576+08:00
2025-12-25 11:19:33,2025-12-24T19:16:00+08:00,2025-12-24T19:18:02+08:00,1.0811,103.5742,C,Cloud to Cloud,2025-12-24T19:15:00.607+08:00
2025-12-25 11:19:33,2025-12-24T19:16:00+08:00,2025-12-24T19:18:02+08:00,1.1105,103.5973,C,Cloud to Cloud,2025-12-24T19:15:00.831+08:00
2025-12-25 11:19:33,2025-12-24T19:16:00+08:00,2025-12-24T19:18:02+08:00,1.0794,103.5698,C,Cloud to Cloud,2025-12-24T19:15:00.831+08:00
2025-12-25 11:19:33,2025-12-24T19:16:00+08:00,2025-12-24T19:18:02+08:00,1.0754,103.5604,C,Cloud to Cloud,2025-12-24T19:15:00.831+08:00
2025-12-25 11:19:33,2025-12-24T19:16:00+08:00,2025-12-24T19:18:02+08:00,1.0777,103.567,C,Cloud to Cloud,2025-12-24T19:15:00.859+08:00
2025-12-25 11:19:33,2025-12-24T19:16:00+08:00,2025-12-24T19:18:02+08:00,1.0827,103.5751,C,Cloud to Cloud,2025-12-24T19:15:16.982+08:00
2025-12-25 11:19:33,2025-12-24T19:16:00+08:00,2025-12-24T19:18:02+08:00,1.0842,103.5839,C,Cloud to Cloud,2025-12-24T19:15:16.982+08:00
2025-12-25 11:19:33,2025-12-24T19:16:00+08:00,2025-12-24T19:18:02+08:00,1.0785,103.5728,C,Cloud to Cloud,2025-12-24T19:15:16.982+08:00
2025-12-25 11:19:33,2025-12-24T19:16:00+08:00,2025-12-24T19:18:02+08:00,1.1467,103.6012,C,Cloud to Cloud,2025-12-24T19:15:17.006+08:00
2025-12-25 11:19:33,2025-12-24T19:16:00+08:00,2025-12-24T19:18:02+08:00,1.0496,103.5663,C,Cloud to Cloud,2025-12-24T19:15:28.921+08:00
2025-12-25 11:19:33,2025-12-24T19:14:00+08:00,2025-12-24T19:16:02+08:00,1.1146,103.6104,C,Cloud to Cloud,2025-12-24T19:12:15.234+08:00
2025-12-25 11:19:33,2025-12-24T19:14:00+08:00,2025-12-24T19:16:02+08:00,1.0802,103.5915,C,Cloud to Cloud,2025-12-24T19:12:15.234+08:00
2025-12-25 11:19:33,2025-12-24T19:14:00+08:00,2025-12-24T19:16:02+08:00,1.075,103.567,C,Cloud to Cloud,2025-12-24T19:12:15.235+08:00
2025-12-25 11:19:33,2025-12-24T19:14:00+08:00,2025-12-24T19:16:02+08:00,1.0805,103.5689,C,Cloud to Cloud,2025-12-24T19:12:15.235+08:00
2025-12-25 11:19:33,2025-12-24T19:14:00+08:00,2025-12-24T19:16:02+08:00,1.1121,103.6003,C,Cloud to Cloud,2025-12-24T19:12:38.577+08:00
2025-12-25 11:19:33,2025-12-24T19:14:00+08:00,2025-12-24T19:16:02+08:00,1.1343,103.5875,C,Cloud to Cloud,2025-12-24T19:13:31.718+08:00
2025-12-25 11:19:33,2025-12-24T19:14:00+08:00,2025-12-24T19:16:02+08:00,1.1256,103.5989,C,Cloud to Cloud,2025-12-24T19:13:31.741+08:00
2025-12-25 11:19:33,2025-12-24T19:14:00+08:00,2025-12-24T19:16:02+08:00,1.0805,103.6287,C,Cloud to Cloud,2025-12-24T19:13:31.783+08:00
2025-12-25 11:19:33,2025-12-24T19:14:00+08:00,2025-12-24T19:16:02+08:00,1.0558,103.5787,C,Cloud to Cloud,2025-12-24T19:13:42.371+08:00
2025-12-25 11:19:33,2025-12-24T19:14:00+08:00,2025-12-24T19:16:02+08:00,1.0545,103.5824,C,Cloud to Cloud,2025-12-24T19:13:42.371+08:00
2025-12-25 11:19:33,2025-12-24T19:14:00+08:00,2025-12-24T19:16:02+08:00,1.0229,103.6304,C,Cloud to Cloud,2025-12-24T19:13:42.491+08:00
2025-12-25 11:19:33,2025-12-24T19:14:00+08:00,2025-12-24T19:16:02+08:00,1.0339,103.6295,C,Cloud to Cloud,2025-12-24T19:13:42.517+08:00
2025-12-25 11:19:33,2025-12-24T19:14:00+08:00,2025-12-24T19:16:02+08:00,1.0789,103.575,C,Cloud to Cloud,2025-12-24T19:13:42.585+08:00
2025-12-25 11:19:33,2025-12-24T19:14:00+08:00,2025-12-24T19:16:02+08:00,1.0957,103.5879,C,Cloud to Cloud,2025-12-24T19:13:53.963+08:00
2025-12-25 11:19:33,2025-12-24T19:04:00+08:00,2025-12-24T19:06:03+08:00,1.0484,103.8325,C,Cloud to Cloud,2025-12-24T19:03:26.673+08:00
2025-12-25 11:19:33,2025-12-24T19:04:00+08:00,2025-12-24T19:06:03+08:00,1.0434,103.8313,C,Cloud to Cloud,2025-12-24T19:03:26.674+08:00
2025-12-25 11:19:33,2025-12-24T19:04:00+08:00,2025-12-24T19:06:03+08:00,1.0335,103.8378,C,Cloud to Cloud,2025-12-24T19:03:26.674+08:00
2025-12-25 11:19:33,2025-12-24T19:04:00+08:00,2025-12-24T19:06:03+08:00,1.0444,103.8398,C,Cloud to Cloud,2025-12-24T19:03:26.675+08:00
2025-12-25 11:19:33,2025-12-24T19:04:00+08:00,2025-12-24T19:06:03+08:00,1.0402,103.8357,C,Cloud to Cloud,2025-12-24T19:03:26.675+08:00
2025-12-25 11:19:33,2025-12-24T19:04:00+08:00,2025-12-24T19:06:03+08:00,1.0303,103.8437,C,Cloud to Cloud,2025-12-24T19:03:26.675+08:00
2025-12-25 11:19:33,2025-12-24T19:04:00+08:00,2025-12-24T19:06:03+08:00,1.0087,103.8461,C,Cloud to Cloud,2025-12-24T19:03:26.677+08:00
2025-12-25 11:19:33,2025-12-24T19:04:00+08:00,2025-12-24T19:06:03+08:00,1.0004,103.8487,C,Cloud to Cloud,2025-12-24T19:03:26.677+08:00
2025-12-25 11:19:33,2025-12-24T19:04:00+08:00,2025-12-24T19:06:03+08:00,1.0116,103.8556,C,Cloud to Cloud,2025-12-24T19:03:26.682+08:00
2025-12-25 11:19:33,2025-12-24T19:04:00+08:00,2025-12-24T19:06:03+08:00,1.0144,103.8602,C,Cloud to Cloud,2025-12-24T19:03:26.685+08:00
2025-12-25 11:19:33,2025-12-24T19:04:00+08:00,2025-12-24T19:06:03+08:00,1.0236,103.8622,C,Cloud to Cloud,2025-12-24T19:03:26.692+08:00
2025-12-25 11:19:33,2025-12-24T19:04:00+08:00,2025-12-24T19:06:03+08:00,1.0458,103.861,C,Cloud to Cloud,2025-12-24T19:03:26.722+08:00
2025-12-25 11:19:33,2025-12-24T19:04:00+08:00,2025-12-24T19:06:03+08:00,1.0681,103.8552,C,Cloud to Cloud,2025-12-24T19:03:26.725+08:00
2025-12-25 11:19:33,2025-12-24T19:04:00+08:00,2025-12-24T19:06:03+08:00,1.0596,103.852,C,Cloud to Cloud,2025-12-24T19:03:26.727+08:00
2025-12-25 11:19:33,2025-12-24T19:04:00+08:00,2025-12-24T19:06:03+08:00,1.0626,103.8518,C,Cloud to Cloud,2025-12-24T19:03:26.728+08:00
2025-12-25 11:19:33,2025-12-24T19:04:00+08:00,2025-12-24T19:06:03+08:00,1.0551,103.8512,C,Cloud to Cloud,2025-12-24T19:03:26.728+08:00
2025-12-25 11:19:33,2025-12-24T19:04:00+08:00,2025-12-24T19:06:03+08:00,1.0595,103.8542,C,Cloud to Cloud,2025-12-24T19:03:26.729+08:00
2025-12-25 11:19:33,2025-12-24T19:04:00+08:00,2025-12-24T19:06:03+08:00,1.0569,103.8516,C,Cloud to Cloud,2025-12-24T19:03:26.729+08:00
2025-12-25 11:19:33,2025-12-24T19:04:00+08:00,2025-12-24T19:06:03+08:00,1.08,103.849,C,Cloud to Cloud,2025-12-24T19:03:26.729+08:00
2025-12-25 11:19:33,2025-12-24T19:04:00+08:00,2025-12-24T19:06:03+08:00,1.0547,103.849,C,Cloud to Cloud,2025-12-24T19:03:26.73+08:00
2025-12-25 11:19:33,2025-12-24T19:04:00+08:00,2025-12-24T19:06:03+08:00,1.0646,103.8488,C,Cloud to Cloud,2025-12-24T19:03:26.732+08:00
2025-12-25 11:19:33,2025-12-24T19:04:00+08:00,2025-12-24T19:06:03+08:00,1.0663,103.8489,C,Cloud to Cloud,2025-12-24T19:03:26.732+08:00
2025-12-25 11:19:33,2025-12-24T19:04:00+08:00,2025-12-24T19:06:03+08:00,1.0606,103.8499,C,Cloud to Cloud,2025-12-24T19:03:26.733+08:00
2025-12-25 11:19:33,2025-12-24T19:04:00+08:00,2025-12-24T19:06:03+08:00,1.0509,103.8501,C,Cloud to Cloud,2025-12-24T19:03:26.733+08:00
2025-12-25 11:19:33,2025-12-24T19:04:00+08:00,2025-12-24T19:06:03+08:00,1.0448,103.8465,C,Cloud to Cloud,2025-12-24T19:03:26.734+08:00
2025-12-25 11:19:33,2025-12-24T19:04:00+08:00,2025-12-24T19:06:03+08:00,1.0858,103.8464,C,Cloud to Cloud,2025-12-24T19:03:26.734+08:00
2025-12-25 11:19:33,2025-12-24T19:04:00+08:00,2025-12-24T19:06:03+08:00,1.0711,103.8514,C,Cloud to Cloud,2025-12-24T19:03:26.735+08:00
2025-12-25 11:19:33,2025-12-24T19:04:00+08:00,2025-12-24T19:06:03+08:00,1.079,103.8824,C,Cloud to Cloud,2025-12-24T19:03:26.736+08:00
2025-12-25 11:19:33,2025-12-24T19:04:00+08:00,2025-12-24T19:06:03+08:00,0.9882,103.8615,C,Cloud to Cloud,2025-12-24T19:03:26.736+08:00
2025-12-25 11:19:33,2025-12-24T19:04:00+08:00,2025-12-24T19:06:03+08:00,1.0962,103.8778,C,Cloud to Cloud,2025-12-24T19:03:26.736+08:00
2025-12-25 11:19:33,2025-12-24T19:04:00+08:00,2025-12-24T19:06:03+08:00,1.0096,103.8601,C,Cloud to Cloud,2025-12-24T19:03:26.736+08:00
2025-12-25 11:19:33,2025-12-24T19:04:00+08:00,2025-12-24T19:06:03+08:00,1.077,103.8531,C,Cloud to Cloud,2025-12-24T19:03:26.737+08:00
2025-12-25 11:19:33,2025-12-24T19:04:00+08:00,2025-12-24T19:06:03+08:00,1.0542,103.8544,C,Cloud to Cloud,2025-12-24T19:03:26.737+08:00
2025-12-25 11:19:33,2025-12-24T19:04:00+08:00,2025-12-24T19:06:03+08:00,1.0753,103.8435,C,Cloud to Cloud,2025-12-24T19:03:26.737+08:00
2025-12-25 11:19:33,2025-12-24T19:04:00+08:00,2025-12-24T19:06:03+08:00,1.0526,103.8405,C,Cloud to Cloud,2025-12-24T19:03:26.737+08:00
2025-12-25 11:19:33,2025-12-24T19:04:00+08:00,2025-12-24T19:06:03+08:00,1.0608,103.8376,C,Cloud to Cloud,2025-12-24T19:03:26.738+08:00
2025-12-25 11:19:33,2025-12-24T19:04:00+08:00,2025-12-24T19:06:03+08:00,1.0352,103.8375,C,Cloud to Cloud,2025-12-24T19:03:26.74+08:00
2025-12-25 11:19:33,2025-12-24T19:04:00+08:00,2025-12-24T19:06:03+08:00,1.0433,103.8428,C,Cloud to Cloud,2025-12-24T19:03:26.743+08:00
2025-12-25 11:19:33,2025-12-24T19:04:00+08:00,2025-12-24T19:06:03+08:00,1.09,103.838,C,Cloud to Cloud,2025-12-24T19:03:26.748+08:00
2025-12-25 11:19:33,2025-12-24T19:04:00+08:00,2025-12-24T19:06:03+08:00,1.0604,103.8335,C,Cloud to Cloud,2025-12-24T19:03:26.748+08:00
2025-12-25 11:19:33,2025-12-24T19:04:00+08:00,2025-12-24T19:06:03+08:00,1.0127,103.8297,C,Cloud to Cloud,2025-12-24T19:03:26.889+08:00
2025-12-25 11:19:33,2025-12-24T19:04:00+08:00,2025-12-24T19:06:03+08:00,1.0106,103.8265,C,Cloud to Cloud,2025-12-24T19:03:26.889+08:00
2025-12-25 11:19:33,2025-12-24T19:00:00+08:00,2025-12-24T19:02:02+08:00,1.2017,103.6144,C,Cloud to Cloud,2025-12-24T18:58:58.839+08:00
2025-12-25 11:19:33,2025-12-24T19:00:00+08:00,2025-12-24T19:02:02+08:00,1.1955,103.6468,C,Cloud to Cloud,2025-12-24T18:58:58.84+08:00
2025-12-25 11:19:33,2025-12-24T19:00:00+08:00,2025-12-24T19:02:02+08:00,1.1945,103.6466,C,Cloud to Cloud,2025-12-24T18:58:58.84+08:00
2025-12-25 11:19:33,2025-12-24T19:00:00+08:00,2025-12-24T19:02:02+08:00,1.1925,103.6208,C,Cloud to Cloud,2025-12-24T18:58:58.84+08:00
2025-12-25 11:19:33,2025-12-24T19:00:00+08:00,2025-12-24T19:02:02+08:00,1.1893,103.6477,C,Cloud to Cloud,2025-12-24T18:58:58.841+08:00
2025-12-25 11:19:33,2025-12-24T19:00:00+08:00,2025-12-24T19:02:02+08:00,1.1891,103.6479,C,Cloud to Cloud,2025-12-24T18:58:58.841+08:00
2025-12-25 11:19:33,2025-12-24T19:00:00+08:00,2025-12-24T19:02:02+08:00,1.2163,103.6531,C,Cloud to Cloud,2025-12-24T18:58:58.841+08:00
2025-12-25 11:19:33,2025-12-24T19:00:00+08:00,2025-12-24T19:02:02+08:00,1.2027,103.6615,C,Cloud to Cloud,2025-12-24T18:58:58.841+08:00
2025-12-25 11:19:33,2025-12-24T19:00:00+08:00,2025-12-24T19:02:02+08:00,1.2201,103.6548,C,Cloud to Cloud,2025-12-24T18:58:58.841+08:00
2025-12-25 11:19:33,2025-12-24T19:00:00+08:00,2025-12-24T19:02:02+08:00,1.2252,103.6591,C,Cloud to Cloud,2025-12-24T18:58:58.842+08:00
2025-12-25 11:19:33,2025-12-24T19:00:00+08:00,2025-12-24T19:02:02+08:00,1.1749,103.6193,C,Cloud to Cloud,2025-12-24T18:58:58.842+08:00
2025-12-25 11:19:33,2025-12-24T19:00:00+08:00,2025-12-24T19:02:02+08:00,1.1933,103.6411,C,Cloud to Cloud,2025-12-24T18:58:58.844+08:00
2025-12-25 11:19:33,2025-12-24T19:00:00+08:00,2025-12-24T19:02:02+08:00,1.1939,103.6418,C,Cloud to Cloud,2025-12-24T18:58:58.844+08:00
2025-12-25 11:19:33,2025-12-24T19:00:00+08:00,2025-12-24T19:02:02+08:00,1.1925,103.6377,C,Cloud to Cloud,2025-12-24T18:58:58.844+08:00
2025-12-25 11:19:33,2025-12-24T19:00:00+08:00,2025-12-24T19:02:02+08:00,1.1647,103.6296,C,Cloud to Cloud,2025-12-24T18:58:58.844+08:00
2025-12-25 11:19:33,2025-12-24T19:00:00+08:00,2025-12-24T19:02:02+08:00,1.1948,103.6403,C,Cloud to Cloud,2025-12-24T18:58:58.847+08:00
2025-12-25 11:19:33,2025-12-24T19:00:00+08:00,2025-12-24T19:02:02+08:00,1.1946,103.6384,C,Cloud to Cloud,2025-12-24T18:58:58.847+08:00
2025-12-25 11:19:33,2025-12-24T19:00:00+08:00,2025-12-24T19:02:02+08:00,1.1702,103.5707,C,Cloud to Cloud,2025-12-24T18:58:58.856+08:00
2025-12-25 11:19:33,2025-12-24T19:00:00+08:00,2025-12-24T19:02:02+08:00,1.1966,103.6455,C,Cloud to Cloud,2025-12-24T18:58:58.882+08:00
2025-12-25 11:19:33,2025-12-24T19:00:00+08:00,2025-12-24T19:02:02+08:00,1.2371,103.5622,C,Cloud to Cloud,2025-12-24T18:58:58.916+08:00
2025-12-25 11:19:33,2025-12-24T19:00:00+08:00,2025-12-24T19:02:02+08:00,1.1587,103.7024,C,Cloud to Cloud,2025-12-24T18:58:58.984+08:00
2025-12-25 11:19:33,2025-12-24T19:00:00+08:00,2025-12-24T19:02:02+08:00,1.1536,103.7018,G,Cloud to Ground,2025-12-24T18:58:58.984+08:00
2025-12-25 11:19:33,2025-12-24T19:00:00+08:00,2025-12-24T19:02:02+08:00,1.1611,103.7072,C,Cloud to Cloud,2025-12-24T18:58:58.984+08:00
2025-12-25 11:19:34,2025-12-24T18:58:00+08:00,2025-12-24T19:00:03+08:00,1.0043,103.8304,C,Cloud to Cloud,2025-12-24T18:56:54.994+08:00
2025-12-25 11:19:34,2025-12-24T18:58:00+08:00,2025-12-24T19:00:03+08:00,1.0086,103.8316,C,Cloud to Cloud,2025-12-24T18:56:54.994+08:00
2025-12-25 11:19:34,2025-12-24T18:58:00+08:00,2025-12-24T19:00:03+08:00,1.0023,103.8404,C,Cloud to Cloud,2025-12-24T18:56:54.994+08:00
2025-12-25 11:19:34,2025-12-24T18:58:00+08:00,2025-12-24T19:00:03+08:00,0.9994,103.8344,C,Cloud to Cloud,2025-12-24T18:56:54.994+08:00
2025-12-25 11:19:34,2025-12-24T18:58:00+08:00,2025-12-24T19:00:03+08:00,1.011,103.8314,C,Cloud to Cloud,2025-12-24T18:56:55.017+08:00
2025-12-25 11:19:34,2025-12-24T18:58:00+08:00,2025-12-24T19:00:03+08:00,0.9849,103.8336,C,Cloud to Cloud,2025-12-24T18:56:55.018+08:00
2025-12-25 11:19:34,2025-12-24T18:58:00+08:00,2025-12-24T19:00:03+08:00,0.996,103.8416,C,Cloud to Cloud,2025-12-24T18:56:55.018+08:00
2025-12-25 11:19:34,2025-12-24T18:56:00+08:00,2025-12-24T18:58:02+08:00,1.1802,103.6519,C,Cloud to Cloud,2025-12-24T18:54:43.821+08:00
2025-12-25 11:19:34,2025-12-24T18:56:00+08:00,2025-12-24T18:58:02+08:00,1.1889,103.6592,C,Cloud to Cloud,2025-12-24T18:54:43.822+08:00
2025-12-25 11:19:34,2025-12-24T18:56:00+08:00,2025-12-24T18:58:02+08:00,1.2136,103.6819,C,Cloud to Cloud,2025-12-24T18:54:43.822+08:00
2025-12-25 11:19:34,2025-12-24T18:56:00+08:00,2025-12-24T18:58:02+08:00,1.1814,103.6634,C,Cloud to Cloud,2025-12-24T18:54:43.822+08:00
2025-12-25 11:19:34,2025-12-24T18:56:00+08:00,2025-12-24T18:58:02+08:00,1.1803,103.6626,C,Cloud to Cloud,2025-12-24T18:54:43.822+08:00
2025-12-25 11:19:34,2025-12-24T18:56:00+08:00,2025-12-24T18:58:02+08:00,1.1822,103.6692,C,Cloud to Cloud,2025-12-24T18:54:43.823+08:00
2025-12-25 11:19:34,2025-12-24T18:56:00+08:00,2025-12-24T18:58:02+08:00,1.1815,103.6688,C,Cloud to Cloud,2025-12-24T18:54:43.823+08:00
2025-12-25 11:19:34,2025-12-24T18:56:00+08:00,2025-12-24T18:58:02+08:00,1.2004,103.5961,C,Cloud to Cloud,2025-12-24T18:54:43.823+08:00
2025-12-25 11:19:34,2025-12-24T18:56:00+08:00,2025-12-24T18:58:02+08:00,1.1822,103.6724,C,Cloud to Cloud,2025-12-24T18:54:43.824+08:00
2025-12-25 11:19:34,2025-12-24T18:56:00+08:00,2025-12-24T18:58:02+08:00,1.1947,103.6822,C,Cloud to Cloud,2025-12-24T18:54:43.824+08:00
2025-12-25 11:19:34,2025-12-24T18:56:00+08:00,2025-12-24T18:58:02+08:00,1.1816,103.6787,C,Cloud to Cloud,2025-12-24T18:54:43.826+08:00
2025-12-25 11:19:34,2025-12-24T18:56:00+08:00,2025-12-24T18:58:02+08:00,1.1804,103.6747,C,Cloud to Cloud,2025-12-24T18:54:43.826+08:00
2025-12-25 11:19:34,2025-12-24T18:56:00+08:00,2025-12-24T18:58:02+08:00,1.1738,103.67,C,Cloud to Cloud,2025-12-24T18:54:43.827+08:00
2025-12-25 11:19:34,2025-12-24T18:56:00+08:00,2025-12-24T18:58:02+08:00,1.1738,103.67,C,Cloud to Cloud,2025-12-24T18:54:43.827+08:00
2025-12-25 11:19:34,2025-12-24T18:56:00+08:00,2025-12-24T18:58:02+08:00,1.1639,103.6595,C,Cloud to Cloud,2025-12-24T18:54:43.831+08:00
2025-12-25 11:19:34,2025-12-24T18:56:00+08:00,2025-12-24T18:58:02+08:00,1.1854,103.6645,C,Cloud to Cloud,2025-12-24T18:54:43.838+08:00
2025-12-25 11:19:34,2025-12-24T18:56:00+08:00,2025-12-24T18:58:02+08:00,1.1854,103.6645,C,Cloud to Cloud,2025-12-24T18:54:43.839+08:00
2025-12-25 11:19:34,2025-12-24T18:56:00+08:00,2025-12-24T18:58:02+08:00,1.1856,103.6608,C,Cloud to Cloud,2025-12-24T18:54:43.839+08:00
2025-12-25 11:19:34,2025-12-24T18:56:00+08:00,2025-12-24T18:58:02+08:00,1.1189,103.6643,C,Cloud to Cloud,2025-12-24T18:54:43.839+08:00
2025-12-25 11:19:34,2025-12-24T18:56:00+08:00,2025-12-24T18:58:02+08:00,1.183,103.6573,C,Cloud to Cloud,2025-12-24T18:54:43.839+08:00
2025-12-25 11:19:34,2025-12-24T18:56:00+08:00,2025-12-24T18:58:02+08:00,1.1525,103.6445,C,Cloud to Cloud,2025-12-24T18:54:43.951+08:00
2025-12-25 11:19:34,2025-12-24T18:56:00+08:00,2025-12-24T18:58:02+08:00,1.1383,103.6243,C,Cloud to Cloud,2025-12-24T18:54:43.952+08:00
2025-12-25 11:19:34,2025-12-24T18:56:00+08:00,2025-12-24T18:58:02+08:00,1.2122,103.6732,C,Cloud to Cloud,2025-12-24T18:54:43.989+08:00
2025-12-25 11:19:34,2025-12-24T18:56:00+08:00,2025-12-24T18:58:02+08:00,1.2338,103.6563,C,Cloud to Cloud,2025-12-24T18:54:44.011+08:00
2025-12-25 11:19:34,2025-12-24T18:56:00+08:00,2025-12-24T18:58:02+08:00,1.1641,103.6285,C,Cloud to Cloud,2025-12-24T18:54:44.123+08:00
2025-12-25 11:19:34,2025-12-24T18:56:00+08:00,2025-12-24T18:58:02+08:00,1.1806,103.6442,C,Cloud to Cloud,2025-12-24T18:54:44.123+08:00
2025-12-25 11:19:34,2025-12-24T18:56:00+08:00,2025-12-24T18:58:02+08:00,1.1764,103.6432,C,Cloud to Cloud,2025-12-24T18:54:44.123+08:00
2025-12-25 11:19:34,2025-12-24T18:56:00+08:00,2025-12-24T18:58:02+08:00,1.1829,103.6521,C,Cloud to Cloud,2025-12-24T18:54:44.123+08:00
2025-12-25 11:19:34,2025-12-24T18:56:00+08:00,2025-12-24T18:58:02+08:00,1.2039,103.68,C,Cloud to Cloud,2025-12-24T18:54:44.123+08:00
2025-12-25 11:19:34,2025-12-24T18:56:00+08:00,2025-12-24T18:58:02+08:00,1.2112,103.6348,C,Cloud to Cloud,2025-12-24T18:54:44.124+08:00
2025-12-25 11:19:34,2025-12-24T18:56:00+08:00,2025-12-24T18:58:02+08:00,1.1736,103.6434,C,Cloud to Cloud,2025-12-24T18:54:44.133+08:00
2025-12-25 11:19:34,2025-12-24T18:54:00+08:00,2025-12-24T18:56:03+08:00,1.2062,103.6417,C,Cloud to Cloud,2025-12-24T18:52:55.393+08:00
2025-12-25 11:19:34,2025-12-24T18:54:00+08:00,2025-12-24T18:56:03+08:00,1.2059,103.6615,C,Cloud to Cloud,2025-12-24T18:52:55.534+08:00
2025-12-25 11:19:34,2025-12-24T18:54:00+08:00,2025-12-24T18:56:03+08:00,1.2059,103.6615,C,Cloud to Cloud,2025-12-24T18:52:55.534+08:00
2025-12-25 11:19:34,2025-12-24T18:54:00+08:00,2025-12-24T18:56:03+08:00,1.2016,103.655,C,Cloud to Cloud,2025-12-24T18:52:55.534+08:00
2025-12-25 11:19:34,2025-12-24T18:54:00+08:00,2025-12-24T18:56:03+08:00,1.2031,103.661,C,Cloud to Cloud,2025-12-24T18:52:55.535+08:00
2025-12-25 11:19:34,2025-12-24T18:54:00+08:00,2025-12-24T18:56:03+08:00,1.1634,103.6157,C,Cloud to Cloud,2025-12-24T18:52:55.613+08:00
2025-12-25 11:19:34,2025-12-24T18:54:00+08:00,2025-12-24T18:56:03+08:00,1.1766,103.6291,C,Cloud to Cloud,2025-12-24T18:52:55.622+08:00
2025-12-25 11:19:34,2025-12-24T18:54:00+08:00,2025-12-24T18:56:03+08:00,1.203,103.617,C,Cloud to Cloud,2025-12-24T18:52:55.647+08:00
2025-12-25 11:19:34,2025-12-24T18:54:00+08:00,2025-12-24T18:56:03+08:00,1.2126,103.6275,C,Cloud to Cloud,2025-12-24T18:52:55.662+08:00
2025-12-25 11:19:34,2025-12-24T18:52:00+08:00,2025-12-24T18:54:02+08:00,1.1956,103.6485,C,Cloud to Cloud,2025-12-24T18:50:33.878+08:00
2025-12-25 11:19:34,2025-12-24T18:52:00+08:00,2025-12-24T18:54:02+08:00,1.2073,103.6618,C,Cloud to Cloud,2025-12-24T18:50:33.878+08:00
2025-12-25 11:19:34,2025-12-24T18:52:00+08:00,2025-12-24T18:54:02+08:00,1.2102,103.6482,C,Cloud to Cloud,2025-12-24T18:50:33.955+08:00
2025-12-25 11:19:34,2025-12-24T18:52:00+08:00,2025-12-24T18:54:02+08:00,1.2123,103.6539,C,Cloud to Cloud,2025-12-24T18:50:34.104+08:00
2025-12-25 11:19:34,2025-12-24T18:52:00+08:00,2025-12-24T18:54:02+08:00,1.1856,103.6259,C,Cloud to Cloud,2025-12-24T18:50:34.104+08:00
2025-12-25 11:19:34,2025-12-24T18:52:00+08:00,2025-12-24T18:54:02+08:00,1.2175,103.6462,C,Cloud to Cloud,2025-12-24T18:50:34.104+08:00
2025-12-25 11:19:34,2025-12-24T18:52:00+08:00,2025-12-24T18:54:02+08:00,1.2108,103.6461,C,Cloud to Cloud,2025-12-24T18:50:34.105+08:00
2025-12-25 11:19:34,2025-12-24T18:52:00+08:00,2025-12-24T18:54:02+08:00,1.207,103.6499,C,Cloud to Cloud,2025-12-24T18:50:34.105+08:00
2025-12-25 11:19:34,2025-12-24T18:52:00+08:00,2025-12-24T18:54:02+08:00,1.0421,103.6026,C,Cloud to Cloud,2025-12-24T18:50:34.105+08:00
2025-12-25 11:19:34,2025-12-24T18:52:00+08:00,2025-12-24T18:54:02+08:00,1.2036,103.6449,C,Cloud to Cloud,2025-12-24T18:50:34.105+08:00
2025-12-25 11:19:34,2025-12-24T18:52:00+08:00,2025-12-24T18:54:02+08:00,1.1865,103.622,C,Cloud to Cloud,2025-12-24T18:50:34.105+08:00
2025-12-25 11:19:34,2025-12-24T18:52:00+08:00,2025-12-24T18:54:02+08:00,1.1741,103.6192,C,Cloud to Cloud,2025-12-24T18:50:34.105+08:00
2025-12-25 11:19:34,2025-12-24T18:52:00+08:00,2025-12-24T18:54:02+08:00,1.0033,103.8378,C,Cloud to Cloud,2025-12-24T18:51:38.683+08:00
2025-12-25 11:19:34,2025-12-24T18:52:00+08:00,2025-12-24T18:54:02+08:00,1.0837,103.8276,C,Cloud to Cloud,2025-12-24T18:51:38.692+08:00
2025-12-25 11:19:34,2025-12-24T18:50:00+08:00,2025-12-24T18:52:02+08:00,1.198,103.6418,C,Cloud to Cloud,2025-12-24T18:48:12.295+08:00
2025-12-25 11:19:34,2025-12-24T18:50:00+08:00,2025-12-24T18:52:02+08:00,1.2015,103.6439,C,Cloud to Cloud,2025-12-24T18:48:12.296+08:00
2025-12-25 11:19:34,2025-12-24T18:50:00+08:00,2025-12-24T18:52:02+08:00,1.1794,103.6696,C,Cloud to Cloud,2025-12-24T18:48:45.099+08:00
2025-12-25 11:19:34,2025-12-24T18:50:00+08:00,2025-12-24T18:52:02+08:00,1.1794,103.6696,C,Cloud to Cloud,2025-12-24T18:48:45.099+08:00
2025-12-25 11:19:34,2025-12-24T18:50:00+08:00,2025-12-24T18:52:02+08:00,1.1788,103.6698,C,Cloud to Cloud,2025-12-24T18:48:45.099+08:00
2025-12-25 11:19:34,2025-12-24T18:50:00+08:00,2025-12-24T18:52:02+08:00,1.1634,103.6601,C,Cloud to Cloud,2025-12-24T18:48:45.1+08:00
2025-12-25 11:19:34,2025-12-24T18:50:00+08:00,2025-12-24T18:52:02+08:00,1.178,103.6698,C,Cloud to Cloud,2025-12-24T18:48:45.1+08:00
2025-12-25 11:19:34,2025-12-24T18:50:00+08:00,2025-12-24T18:52:02+08:00,1.1751,103.6722,C,Cloud to Cloud,2025-12-24T18:48:45.1+08:00
2025-12-25 11:19:34,2025-12-24T18:50:00+08:00,2025-12-24T18:52:02+08:00,1.1991,103.6897,C,Cloud to Cloud,2025-12-24T18:48:45.101+08:00
2025-12-25 11:19:34,2025-12-24T18:50:00+08:00,2025-12-24T18:52:02+08:00,1.1964,103.6243,C,Cloud to Cloud,2025-12-24T18:48:45.101+08:00
2025-12-25 11:19:34,2025-12-24T18:50:00+08:00,2025-12-24T18:52:02+08:00,1.1848,103.681,C,Cloud to Cloud,2025-12-24T18:48:45.101+08:00
2025-12-25 11:19:34,2025-12-24T18:50:00+08:00,2025-12-24T18:52:02+08:00,1.1799,103.6841,C,Cloud to Cloud,2025-12-24T18:48:45.102+08:00
2025-12-25 11:19:34,2025-12-24T18:50:00+08:00,2025-12-24T18:52:02+08:00,1.1799,103.6841,C,Cloud to Cloud,2025-12-24T18:48:45.102+08:00
2025-12-25 11:19:34,2025-12-24T18:50:00+08:00,2025-12-24T18:52:02+08:00,1.2119,103.6917,C,Cloud to Cloud,2025-12-24T18:48:45.102+08:00
2025-12-25 11:19:34,2025-12-24T18:50:00+08:00,2025-12-24T18:52:02+08:00,1.1798,103.6801,C,Cloud to Cloud,2025-12-24T18:48:45.106+08:00
2025-12-25 11:19:34,2025-12-24T18:50:00+08:00,2025-12-24T18:52:02+08:00,1.1763,103.6926,C,Cloud to Cloud,2025-12-24T18:48:45.113+08:00
2025-12-25 11:19:34,2025-12-24T18:50:00+08:00,2025-12-24T18:52:02+08:00,1.1608,103.6774,C,Cloud to Cloud,2025-12-24T18:48:45.115+08:00
2025-12-25 11:19:34,2025-12-24T18:50:00+08:00,2025-12-24T18:52:02+08:00,1.1617,103.6796,C,Cloud to Cloud,2025-12-24T18:48:45.115+08:00
2025-12-25 11:19:34,2025-12-24T18:50:00+08:00,2025-12-24T18:52:02+08:00,1.148,103.6578,C,Cloud to Cloud,2025-12-24T18:48:45.117+08:00
2025-12-25 11:19:34,2025-12-24T18:50:00+08:00,2025-12-24T18:52:02+08:00,1.1596,103.6653,C,Cloud to Cloud,2025-12-24T18:48:45.117+08:00
2025-12-25 11:19:34,2025-12-24T18:50:00+08:00,2025-12-24T18:52:02+08:00,1.1528,103.6685,C,Cloud to Cloud,2025-12-24T18:48:45.118+08:00
2025-12-25 11:19:34,2025-12-24T18:50:00+08:00,2025-12-24T18:52:02+08:00,1.1401,103.6531,C,Cloud to Cloud,2025-12-24T18:48:45.118+08:00
2025-12-25 11:19:34,2025-12-24T18:50:00+08:00,2025-12-24T18:52:02+08:00,1.1478,103.6708,C,Cloud to Cloud,2025-12-24T18:48:45.119+08:00
2025-12-25 11:19:34,2025-12-24T18:50:00+08:00,2025-12-24T18:52:02+08:00,1.1479,103.6709,C,Cloud to Cloud,2025-12-24T18:48:45.12+08:00
2025-12-25 11:19:34,2025-12-24T18:50:00+08:00,2025-12-24T18:52:02+08:00,1.1655,103.6867,C,Cloud to Cloud,2025-12-24T18:48:45.12+08:00
2025-12-25 11:19:34,2025-12-24T18:50:00+08:00,2025-12-24T18:52:02+08:00,1.1538,103.6808,C,Cloud to Cloud,2025-12-24T18:48:45.12+08:00
2025-12-25 11:19:34,2025-12-24T18:50:00+08:00,2025-12-24T18:52:02+08:00,1.1528,103.6814,C,Cloud to Cloud,2025-12-24T18:48:45.12+08:00
2025-12-25 11:19:34,2025-12-24T18:50:00+08:00,2025-12-24T18:52:02+08:00,1.1528,103.6814,C,Cloud to Cloud,2025-12-24T18:48:45.12+08:00
2025-12-25 11:19:34,2025-12-24T18:50:00+08:00,2025-12-24T18:52:02+08:00,1.1606,103.6902,C,Cloud to Cloud,2025-12-24T18:48:45.125+08:00
2025-12-25 11:19:34,2025-12-24T18:50:00+08:00,2025-12-24T18:52:02+08:00,1.1606,103.6902,C,Cloud to Cloud,2025-12-24T18:48:45.125+08:00
2025-12-25 11:19:34,2025-12-24T18:50:00+08:00,2025-12-24T18:52:02+08:00,1.1571,103.6821,C,Cloud to Cloud,2025-12-24T18:48:45.125+08:00
2025-12-25 11:19:34,2025-12-24T18:50:00+08:00,2025-12-24T18:52:02+08:00,1.1503,103.6715,C,Cloud to Cloud,2025-12-24T18:48:45.125+08:00
2025-12-25 11:19:34,2025-12-24T18:50:00+08:00,2025-12-24T18:52:02+08:00,1.1503,103.6715,C,Cloud to Cloud,2025-12-24T18:48:45.125+08:00
2025-12-25 11:19:34,2025-12-24T18:50:00+08:00,2025-12-24T18:52:02+08:00,1.1533,103.678,C,Cloud to Cloud,2025-12-24T18:48:45.126+08:00
2025-12-25 11:19:34,2025-12-24T18:50:00+08:00,2025-12-24T18:52:02+08:00,1.1533,103.678,C,Cloud to Cloud,2025-12-24T18:48:45.126+08:00
2025-12-25 11:19:34,2025-12-24T18:50:00+08:00,2025-12-24T18:52:02+08:00,1.1577,103.6822,C,Cloud to Cloud,2025-12-24T18:48:45.126+08:00
2025-12-25 11:19:34,2025-12-24T18:50:00+08:00,2025-12-24T18:52:02+08:00,1.1502,103.6717,C,Cloud to Cloud,2025-12-24T18:48:45.126+08:00
2025-12-25 11:19:34,2025-12-24T18:50:00+08:00,2025-12-24T18:52:02+08:00,1.1527,103.6817,C,Cloud to Cloud,2025-12-24T18:48:45.127+08:00
2025-12-25 11:19:34,2025-12-24T18:50:00+08:00,2025-12-24T18:52:02+08:00,1.1565,103.6866,C,Cloud to Cloud,2025-12-24T18:48:45.127+08:00
2025-12-25 11:19:34,2025-12-24T18:50:00+08:00,2025-12-24T18:52:02+08:00,1.1555,103.6845,C,Cloud to Cloud,2025-12-24T18:48:45.127+08:00
2025-12-25 11:19:34,2025-12-24T18:50:00+08:00,2025-12-24T18:52:02+08:00,1.1568,103.6835,C,Cloud to Cloud,2025-12-24T18:48:45.128+08:00
2025-12-25 11:19:34,2025-12-24T18:50:00+08:00,2025-12-24T18:52:02+08:00,1.1568,103.6835,C,Cloud to Cloud,2025-12-24T18:48:45.128+08:00
2025-12-25 11:19:34,2025-12-24T18:50:00+08:00,2025-12-24T18:52:02+08:00,1.1549,103.6808,C,Cloud to Cloud,2025-12-24T18:48:45.129+08:00
2025-12-25 11:19:34,2025-12-24T18:50:00+08:00,2025-12-24T18:52:02+08:00,1.1549,103.6808,C,Cloud to Cloud,2025-12-24T18:48:45.129+08:00
2025-12-25 11:19:34,2025-12-24T18:50:00+08:00,2025-12-24T18:52:02+08:00,1.1538,103.676,C,Cloud to Cloud,2025-12-24T18:48:45.129+08:00
2025-12-25 11:19:34,2025-12-24T18:50:00+08:00,2025-12-24T18:52:02+08:00,1.1593,103.6872,C,Cloud to Cloud,2025-12-24T18:48:45.129+08:00
2025-12-25 11:19:34,2025-12-24T18:50:00+08:00,2025-12-24T18:52:02+08:00,1.159,103.6815,C,Cloud to Cloud,2025-12-24T18:48:45.129+08:00
2025-12-25 11:19:34,2025-12-24T18:50:00+08:00,2025-12-24T18:52:02+08:00,1.1585,103.6814,C,Cloud to Cloud,2025-12-24T18:48:45.13+08:00
2025-12-25 11:19:34,2025-12-24T18:50:00+08:00,2025-12-24T18:52:02+08:00,1.1513,103.6738,C,Cloud to Cloud,2025-12-24T18:48:45.13+08:00
2025-12-25 11:19:34,2025-12-24T18:50:00+08:00,2025-12-24T18:52:02+08:00,1.1558,103.6833,C,Cloud to Cloud,2025-12-24T18:48:45.13+08:00
2025-12-25 11:19:34,2025-12-24T18:50:00+08:00,2025-12-24T18:52:02+08:00,1.1535,103.6819,C,Cloud to Cloud,2025-12-24T18:48:45.131+08:00
2025-12-25 11:19:34,2025-12-24T18:50:00+08:00,2025-12-24T18:52:02+08:00,1.1555,103.6786,C,Cloud to Cloud,2025-12-24T18:48:45.131+08:00
2025-12-25 11:19:34,2025-12-24T18:50:00+08:00,2025-12-24T18:52:02+08:00,1.1568,103.6814,C,Cloud to Cloud,2025-12-24T18:48:45.131+08:00
2025-12-25 11:19:34,2025-12-24T18:50:00+08:00,2025-12-24T18:52:02+08:00,1.1589,103.6841,C,Cloud to Cloud,2025-12-24T18:48:45.131+08:00
2025-12-25 11:19:34,2025-12-24T18:50:00+08:00,2025-12-24T18:52:02+08:00,1.1588,103.6836,C,Cloud to Cloud,2025-12-24T18:48:45.131+08:00
2025-12-25 11:19:34,2025-12-24T18:50:00+08:00,2025-12-24T18:52:02+08:00,1.1535,103.6809,C,Cloud to Cloud,2025-12-24T18:48:45.131+08:00
2025-12-25 11:19:34,2025-12-24T18:50:00+08:00,2025-12-24T18:52:02+08:00,1.1598,103.686,C,Cloud to Cloud,2025-12-24T18:48:45.131+08:00
2025-12-25 11:19:34,2025-12-24T18:50:00+08:00,2025-12-24T18:52:02+08:00,1.154,103.6831,C,Cloud to Cloud,2025-12-24T18:48:45.132+08:00
2025-12-25 11:19:34,2025-12-24T18:50:00+08:00,2025-12-24T18:52:02+08:00,1.1869,103.6964,C,Cloud to Cloud,2025-12-24T18:48:45.132+08:00
2025-12-25 11:19:34,2025-12-24T18:50:00+08:00,2025-12-24T18:52:02+08:00,1.1876,103.6974,C,Cloud to Cloud,2025-12-24T18:48:45.132+08:00
2025-12-25 11:19:34,2025-12-24T18:50:00+08:00,2025-12-24T18:52:02+08:00,1.1535,103.6765,C,Cloud to Cloud,2025-12-24T18:48:45.132+08:00
2025-12-25 11:19:34,2025-12-24T18:50:00+08:00,2025-12-24T18:52:02+08:00,1.1544,103.6816,C,Cloud to Cloud,2025-12-24T18:48:45.133+08:00
2025-12-25 11:19:34,2025-12-24T18:50:00+08:00,2025-12-24T18:52:02+08:00,1.1545,103.6818,C,Cloud to Cloud,2025-12-24T18:48:45.133+08:00
2025-12-25 11:19:34,2025-12-24T18:50:00+08:00,2025-12-24T18:52:02+08:00,1.1551,103.6818,C,Cloud to Cloud,2025-12-24T18:48:45.134+08:00
2025-12-25 11:19:34,2025-12-24T18:50:00+08:00,2025-12-24T18:52:02+08:00,1.1544,103.6804,C,Cloud to Cloud,2025-12-24T18:48:45.134+08:00
2025-12-25 11:19:34,2025-12-24T18:50:00+08:00,2025-12-24T18:52:02+08:00,1.1626,103.6831,C,Cloud to Cloud,2025-12-24T18:48:45.134+08:00
2025-12-25 11:19:34,2025-12-24T18:50:00+08:00,2025-12-24T18:52:02+08:00,1.1631,103.6839,C,Cloud to Cloud,2025-12-24T18:48:45.135+08:00
2025-12-25 11:19:34,2025-12-24T18:50:00+08:00,2025-12-24T18:52:02+08:00,1.1603,103.6819,C,Cloud to Cloud,2025-12-24T18:48:45.136+08:00
2025-12-25 11:19:34,2025-12-24T18:50:00+08:00,2025-12-24T18:52:02+08:00,1.1572,103.683,C,Cloud to Cloud,2025-12-24T18:48:45.136+08:00
2025-12-25 11:19:34,2025-12-24T18:50:00+08:00,2025-12-24T18:52:02+08:00,1.1562,103.6816,C,Cloud to Cloud,2025-12-24T18:48:45.136+08:00
2025-12-25 11:19:34,2025-12-24T18:50:00+08:00,2025-12-24T18:52:02+08:00,1.1507,103.6758,C,Cloud to Cloud,2025-12-24T18:48:45.138+08:00
2025-12-25 11:19:34,2025-12-24T18:50:00+08:00,2025-12-24T18:52:02+08:00,1.151,103.6759,C,Cloud to Cloud,2025-12-24T18:48:45.138+08:00
2025-12-25 11:19:34,2025-12-24T18:50:00+08:00,2025-12-24T18:52:02+08:00,1.1539,103.6802,C,Cloud to Cloud,2025-12-24T18:48:45.138+08:00
2025-12-25 11:19:34,2025-12-24T18:50:00+08:00,2025-12-24T18:52:02+08:00,1.1456,103.6748,C,Cloud to Cloud,2025-12-24T18:48:45.138+08:00
2025-12-25 11:19:34,2025-12-24T18:50:00+08:00,2025-12-24T18:52:02+08:00,1.1541,103.682,C,Cloud to Cloud,2025-12-24T18:48:45.138+08:00
2025-12-25 11:19:34,2025-12-24T18:50:00+08:00,2025-12-24T18:52:02+08:00,1.1505,103.6782,C,Cloud to Cloud,2025-12-24T18:48:45.139+08:00
2025-12-25 11:19:34,2025-12-24T18:50:00+08:00,2025-12-24T18:52:02+08:00,1.1507,103.6787,C,Cloud to Cloud,2025-12-24T18:48:45.139+08:00
2025-12-25 11:19:34,2025-12-24T18:50:00+08:00,2025-12-24T18:52:02+08:00,1.1511,103.678,C,Cloud to Cloud,2025-12-24T18:48:45.139+08:00
2025-12-25 11:19:34,2025-12-24T18:50:00+08:00,2025-12-24T18:52:02+08:00,1.1493,103.6774,C,Cloud to Cloud,2025-12-24T18:48:45.139+08:00
2025-12-25 11:19:34,2025-12-24T18:50:00+08:00,2025-12-24T18:52:02+08:00,1.1535,103.6831,C,Cloud to Cloud,2025-12-24T18:48:45.139+08:00
2025-12-25 11:19:34,2025-12-24T18:50:00+08:00,2025-12-24T18:52:02+08:00,1.1507,103.6776,C,Cloud to Cloud,2025-12-24T18:48:45.139+08:00
2025-12-25 11:19:34,2025-12-24T18:50:00+08:00,2025-12-24T18:52:02+08:00,1.1509,103.6785,C,Cloud to Cloud,2025-12-24T18:48:45.139+08:00
2025-12-25 11:19:34,2025-12-24T18:50:00+08:00,2025-12-24T18:52:02+08:00,1.1487,103.6761,C,Cloud to Cloud,2025-12-24T18:48:45.139+08:00
2025-12-25 11:19:34,2025-12-24T18:50:00+08:00,2025-12-24T18:52:02+08:00,1.1514,103.6788,C,Cloud to Cloud,2025-12-24T18:48:45.139+08:00
2025-12-25 11:19:34,2025-12-24T18:50:00+08:00,2025-12-24T18:52:02+08:00,1.15,103.6785,C,Cloud to Cloud,2025-12-24T18:48:45.139+08:00
2025-12-25 11:19:34,2025-12-24T18:50:00+08:00,2025-12-24T18:52:02+08:00,1.1474,103.6756,C,Cloud to Cloud,2025-12-24T18:48:45.14+08:00
2025-12-25 11:19:34,2025-12-24T18:50:00+08:00,2025-12-24T18:52:02+08:00,1.1519,103.6802,C,Cloud to Cloud,2025-12-24T18:48:45.14+08:00
2025-12-25 11:19:34,2025-12-24T18:50:00+08:00,2025-12-24T18:52:02+08:00,1.152,103.678,C,Cloud to Cloud,2025-12-24T18:48:45.14+08:00
2025-12-25 11:19:34,2025-12-24T18:50:00+08:00,2025-12-24T18:52:02+08:00,1.1487,103.6764,C,Cloud to Cloud,2025-12-24T18:48:45.14+08:00
2025-12-25 11:19:34,2025-12-24T18:50:00+08:00,2025-12-24T18:52:02+08:00,1.1512,103.6814,C,Cloud to Cloud,2025-12-24T18:48:45.14+08:00
2025-12-25 11:19:34,2025-12-24T18:50:00+08:00,2025-12-24T18:52:02+08:00,1.1535,103.6812,C,Cloud to Cloud,2025-12-24T18:48:45.14+08:00
2025-12-25 11:19:34,2025-12-24T18:50:00+08:00,2025-12-24T18:52:02+08:00,1.1468,103.6718,C,Cloud to Cloud,2025-12-24T18:48:45.14+08:00
2025-12-25 11:19:34,2025-12-24T18:50:00+08:00,2025-12-24T18:52:02+08:00,1.1509,103.6804,C,Cloud to Cloud,2025-12-24T18:48:45.14+08:00
2025-12-25 11:19:34,2025-12-24T18:50:00+08:00,2025-12-24T18:52:02+08:00,1.1287,103.6659,C,Cloud to Cloud,2025-12-24T18:48:45.14+08:00
2025-12-25 11:19:34,2025-12-24T18:50:00+08:00,2025-12-24T18:52:02+08:00,1.1306,103.6684,C,Cloud to Cloud,2025-12-24T18:48:45.14+08:00
2025-12-25 11:19:34,2025-12-24T18:50:00+08:00,2025-12-24T18:52:02+08:00,1.1509,103.6811,C,Cloud to Cloud,2025-12-24T18:48:45.141+08:00
2025-12-25 11:19:34,2025-12-24T18:50:00+08:00,2025-12-24T18:52:02+08:00,1.1448,103.6762,C,Cloud to Cloud,2025-12-24T18:48:45.141+08:00
2025-12-25 11:19:34,2025-12-24T18:50:00+08:00,2025-12-24T18:52:02+08:00,1.1501,103.68,C,Cloud to Cloud,2025-12-24T18:48:45.141+08:00
2025-12-25 11:19:34,2025-12-24T18:50:00+08:00,2025-12-24T18:52:02+08:00,1.1475,103.6771,C,Cloud to Cloud,2025-12-24T18:48:45.141+08:00
2025-12-25 11:19:34,2025-12-24T18:50:00+08:00,2025-12-24T18:52:02+08:00,1.148,103.6773,C,Cloud to Cloud,2025-12-24T18:48:45.141+08:00
2025-12-25 11:19:34,2025-12-24T18:50:00+08:00,2025-12-24T18:52:02+08:00,1.1292,103.6673,C,Cloud to Cloud,2025-12-24T18:48:45.141+08:00
2025-12-25 11:19:34,2025-12-24T18:50:00+08:00,2025-12-24T18:52:02+08:00,1.1488,103.6783,C,Cloud to Cloud,2025-12-24T18:48:45.141+08:00
2025-12-25 11:19:34,2025-12-24T18:50:00+08:00,2025-12-24T18:52:02+08:00,1.1482,103.6786,C,Cloud to Cloud,2025-12-24T18:48:45.141+08:00
2025-12-25 11:19:34,2025-12-24T18:50:00+08:00,2025-12-24T18:52:02+08:00,1.1469,103.6765,C,Cloud to Cloud,2025-12-24T18:48:45.141+08:00
2025-12-25 11:19:34,2025-12-24T18:50:00+08:00,2025-12-24T18:52:02+08:00,1.1497,103.6764,C,Cloud to Cloud,2025-12-24T18:48:45.141+08:00
2025-12-25 11:19:34,2025-12-24T18:50:00+08:00,2025-12-24T18:52:02+08:00,1.1482,103.6733,C,Cloud to Cloud,2025-12-24T18:48:45.142+08:00
2025-12-25 11:19:34,2025-12-24T18:50:00+08:00,2025-12-24T18:52:02+08:00,1.1441,103.6695,C,Cloud to Cloud,2025-12-24T18:48:45.142+08:00
2025-12-25 11:19:34,2025-12-24T18:50:00+08:00,2025-12-24T18:52:02+08:00,1.1446,103.6741,C,Cloud to Cloud,2025-12-24T18:48:45.142+08:00
2025-12-25 11:19:34,2025-12-24T18:50:00+08:00,2025-12-24T18:52:02+08:00,1.135,103.6679,C,Cloud to Cloud,2025-12-24T18:48:45.142+08:00
2025-12-25 11:19:34,2025-12-24T18:50:00+08:00,2025-12-24T18:52:02+08:00,1.1481,103.6742,C,Cloud to Cloud,2025-12-24T18:48:45.142+08:00
2025-12-25 11:19:34,2025-12-24T18:50:00+08:00,2025-12-24T18:52:02+08:00,1.1431,103.6711,C,Cloud to Cloud,2025-12-24T18:48:45.142+08:00
2025-12-25 11:19:34,2025-12-24T18:50:00+08:00,2025-12-24T18:52:02+08:00,1.1514,103.6786,C,Cloud to Cloud,2025-12-24T18:48:45.142+08:00
2025-12-25 11:19:34,2025-12-24T18:50:00+08:00,2025-12-24T18:52:02+08:00,1.1557,103.6762,C,Cloud to Cloud,2025-12-24T18:48:45.142+08:00
2025-12-25 11:19:34,2025-12-24T18:50:00+08:00,2025-12-24T18:52:02+08:00,1.1362,103.6564,C,Cloud to Cloud,2025-12-24T18:48:45.142+08:00
2025-12-25 11:19:34,2025-12-24T18:50:00+08:00,2025-12-24T18:52:02+08:00,1.1463,103.6757,C,Cloud to Cloud,2025-12-24T18:48:45.142+08:00
2025-12-25 11:19:34,2025-12-24T18:50:00+08:00,2025-12-24T18:52:02+08:00,1.1461,103.6738,C,Cloud to Cloud,2025-12-24T18:48:45.143+08:00
2025-12-25 11:19:34,2025-12-24T18:50:00+08:00,2025-12-24T18:52:02+08:00,1.1447,103.6729,C,Cloud to Cloud,2025-12-24T18:48:45.143+08:00
2025-12-25 11:19:34,2025-12-24T18:50:00+08:00,2025-12-24T18:52:02+08:00,1.1331,103.6688,C,Cloud to Cloud,2025-12-24T18:48:45.143+08:00
2025-12-25 11:19:34,2025-12-24T18:50:00+08:00,2025-12-24T18:52:02+08:00,1.1438,103.6726,C,Cloud to Cloud,2025-12-24T18:48:45.143+08:00
2025-12-25 11:19:34,2025-12-24T18:50:00+08:00,2025-12-24T18:52:02+08:00,1.1428,103.6706,C,Cloud to Cloud,2025-12-24T18:48:45.143+08:00
2025-12-25 11:19:34,2025-12-24T18:50:00+08:00,2025-12-24T18:52:02+08:00,1.1439,103.6741,C,Cloud to Cloud,2025-12-24T18:48:45.143+08:00
2025-12-25 11:19:34,2025-12-24T18:50:00+08:00,2025-12-24T18:52:02+08:00,1.145,103.6749,C,Cloud to Cloud,2025-12-24T18:48:45.143+08:00
2025-12-25 11:19:34,2025-12-24T18:50:00+08:00,2025-12-24T18:52:02+08:00,1.1432,103.6718,C,Cloud to Cloud,2025-12-24T18:48:45.143+08:00
2025-12-25 11:19:34,2025-12-24T18:50:00+08:00,2025-12-24T18:52:02+08:00,1.1416,103.6711,C,Cloud to Cloud,2025-12-24T18:48:45.143+08:00
2025-12-25 11:19:34,2025-12-24T18:50:00+08:00,2025-12-24T18:52:02+08:00,1.143,103.6733,C,Cloud to Cloud,2025-12-24T18:48:45.143+08:00
2025-12-25 11:19:34,2025-12-24T18:50:00+08:00,2025-12-24T18:52:02+08:00,1.1361,103.6693,C,Cloud to Cloud,2025-12-24T18:48:45.144+08:00
2025-12-25 11:19:34,2025-12-24T18:50:00+08:00,2025-12-24T18:52:02+08:00,1.1443,103.6749,C,Cloud to Cloud,2025-12-24T18:48:45.144+08:00
2025-12-25 11:19:34,2025-12-24T18:50:00+08:00,2025-12-24T18:52:02+08:00,1.1353,103.6683,C,Cloud to Cloud,2025-12-24T18:48:45.144+08:00
2025-12-25 11:19:34,2025-12-24T18:50:00+08:00,2025-12-24T18:52:02+08:00,1.1446,103.6759,C,Cloud to Cloud,2025-12-24T18:48:45.144+08:00
2025-12-25 11:19:34,2025-12-24T18:50:00+08:00,2025-12-24T18:52:02+08:00,1.1411,103.671,C,Cloud to Cloud,2025-12-24T18:48:45.144+08:00
2025-12-25 11:19:34,2025-12-24T18:50:00+08:00,2025-12-24T18:52:02+08:00,1.1397,103.6721,C,Cloud to Cloud,2025-12-24T18:48:45.144+08:00
2025-12-25 11:19:34,2025-12-24T18:50:00+08:00,2025-12-24T18:52:02+08:00,1.1411,103.6727,C,Cloud to Cloud,2025-12-24T18:48:45.144+08:00
2025-12-25 11:19:34,2025-12-24T18:50:00+08:00,2025-12-24T18:52:02+08:00,1.1208,103.6619,C,Cloud to Cloud,2025-12-24T18:48:45.144+08:00
2025-12-25 11:19:34,2025-12-24T18:50:00+08:00,2025-12-24T18:52:02+08:00,1.1323,103.6684,C,Cloud to Cloud,2025-12-24T18:48:45.144+08:00
2025-12-25 11:19:34,2025-12-24T18:50:00+08:00,2025-12-24T18:52:02+08:00,1.1374,103.6704,C,Cloud to Cloud,2025-12-24T18:48:45.144+08:00
2025-12-25 11:19:34,2025-12-24T18:50:00+08:00,2025-12-24T18:52:02+08:00,1.1443,103.6768,C,Cloud to Cloud,2025-12-24T18:48:45.144+08:00
2025-12-25 11:19:34,2025-12-24T18:50:00+08:00,2025-12-24T18:52:02+08:00,1.1418,103.6755,C,Cloud to Cloud,2025-12-24T18:48:45.145+08:00
2025-12-25 11:19:34,2025-12-24T18:50:00+08:00,2025-12-24T18:52:02+08:00,1.1383,103.6679,C,Cloud to Cloud,2025-12-24T18:48:45.145+08:00
2025-12-25 11:19:34,2025-12-24T18:50:00+08:00,2025-12-24T18:52:02+08:00,1.1431,103.6731,C,Cloud to Cloud,2025-12-24T18:48:45.145+08:00
2025-12-25 11:19:34,2025-12-24T18:50:00+08:00,2025-12-24T18:52:02+08:00,1.1346,103.6665,C,Cloud to Cloud,2025-12-24T18:48:45.145+08:00
2025-12-25 11:19:34,2025-12-24T18:50:00+08:00,2025-12-24T18:52:02+08:00,1.1337,103.6675,C,Cloud to Cloud,2025-12-24T18:48:45.145+08:00
2025-12-25 11:19:34,2025-12-24T18:50:00+08:00,2025-12-24T18:52:02+08:00,1.1293,103.6652,C,Cloud to Cloud,2025-12-24T18:48:45.145+08:00
2025-12-25 11:19:34,2025-12-24T18:50:00+08:00,2025-12-24T18:52:02+08:00,1.1211,103.6623,C,Cloud to Cloud,2025-12-24T18:48:45.145+08:00
2025-12-25 11:19:34,2025-12-24T18:50:00+08:00,2025-12-24T18:52:02+08:00,1.1306,103.669,C,Cloud to Cloud,2025-12-24T18:48:45.145+08:00
2025-12-25 11:19:34,2025-12-24T18:50:00+08:00,2025-12-24T18:52:02+08:00,1.1259,103.6664,C,Cloud to Cloud,2025-12-24T18:48:45.145+08:00
2025-12-25 11:19:34,2025-12-24T18:50:00+08:00,2025-12-24T18:52:02+08:00,1.1447,103.673,C,Cloud to Cloud,2025-12-24T18:48:45.145+08:00
2025-12-25 11:19:34,2025-12-24T18:50:00+08:00,2025-12-24T18:52:02+08:00,1.1422,103.67,C,Cloud to Cloud,2025-12-24T18:48:45.146+08:00
2025-12-25 11:19:34,2025-12-24T18:50:00+08:00,2025-12-24T18:52:02+08:00,1.124,103.6638,C,Cloud to Cloud,2025-12-24T18:48:45.146+08:00
2025-12-25 11:19:34,2025-12-24T18:50:00+08:00,2025-12-24T18:52:02+08:00,1.1332,103.6661,C,Cloud to Cloud,2025-12-24T18:48:45.146+08:00
2025-12-25 11:19:34,2025-12-24T18:50:00+08:00,2025-12-24T18:52:02+08:00,1.1315,103.6674,C,Cloud to Cloud,2025-12-24T18:48:45.146+08:00
2025-12-25 11:19:34,2025-12-24T18:50:00+08:00,2025-12-24T18:52:02+08:00,1.1469,103.6727,C,Cloud to Cloud,2025-12-24T18:48:45.146+08:00
2025-12-25 11:19:34,2025-12-24T18:50:00+08:00,2025-12-24T18:52:02+08:00,1.1437,103.6715,C,Cloud to Cloud,2025-12-24T18:48:45.146+08:00
2025-12-25 11:19:34,2025-12-24T18:50:00+08:00,2025-12-24T18:52:02+08:00,1.1318,103.6664,C,Cloud to Cloud,2025-12-24T18:48:45.146+08:00
2025-12-25 11:19:34,2025-12-24T18:50:00+08:00,2025-12-24T18:52:02+08:00,1.1341,103.6645,C,Cloud to Cloud,2025-12-24T18:48:45.146+08:00
2025-12-25 11:19:34,2025-12-24T18:50:00+08:00,2025-12-24T18:52:02+08:00,1.1312,103.6656,C,Cloud to Cloud,2025-12-24T18:48:45.146+08:00
2025-12-25 11:19:34,2025-12-24T18:50:00+08:00,2025-12-24T18:52:02+08:00,1.1368,103.6667,C,Cloud to Cloud,2025-12-24T18:48:45.146+08:00
2025-12-25 11:19:34,2025-12-24T18:50:00+08:00,2025-12-24T18:52:02+08:00,1.1296,103.6655,C,Cloud to Cloud,2025-12-24T18:48:45.147+08:00
2025-12-25 11:19:34,2025-12-24T18:50:00+08:00,2025-12-24T18:52:02+08:00,1.1438,103.673,C,Cloud to Cloud,2025-12-24T18:48:45.147+08:00
2025-12-25 11:19:34,2025-12-24T18:50:00+08:00,2025-12-24T18:52:02+08:00,1.1245,103.6631,C,Cloud to Cloud,2025-12-24T18:48:45.147+08:00
2025-12-25 11:19:34,2025-12-24T18:50:00+08:00,2025-12-24T18:52:02+08:00,1.134,103.6665,C,Cloud to Cloud,2025-12-24T18:48:45.147+08:00
2025-12-25 11:19:34,2025-12-24T18:50:00+08:00,2025-12-24T18:52:02+08:00,1.1174,103.6575,C,Cloud to Cloud,2025-12-24T18:48:45.147+08:00
2025-12-25 11:19:34,2025-12-24T18:50:00+08:00,2025-12-24T18:52:02+08:00,1.1237,103.6635,C,Cloud to Cloud,2025-12-24T18:48:45.147+08:00
2025-12-25 11:19:34,2025-12-24T18:50:00+08:00,2025-12-24T18:52:02+08:00,1.1416,103.6692,C,Cloud to Cloud,2025-12-24T18:48:45.147+08:00
2025-12-25 11:19:34,2025-12-24T18:50:00+08:00,2025-12-24T18:52:02+08:00,1.1347,103.6696,C,Cloud to Cloud,2025-12-24T18:48:45.147+08:00
2025-12-25 11:19:34,2025-12-24T18:50:00+08:00,2025-12-24T18:52:02+08:00,1.1342,103.6675,C,Cloud to Cloud,2025-12-24T18:48:45.147+08:00
2025-12-25 11:19:34,2025-12-24T18:50:00+08:00,2025-12-24T18:52:02+08:00,1.1432,103.6732,C,Cloud to Cloud,2025-12-24T18:48:45.147+08:00
2025-12-25 11:19:34,2025-12-24T18:50:00+08:00,2025-12-24T18:52:02+08:00,1.1287,103.6645,C,Cloud to Cloud,2025-12-24T18:48:45.148+08:00
2025-12-25 11:19:34,2025-12-24T18:50:00+08:00,2025-12-24T18:52:02+08:00,1.1456,103.6743,C,Cloud to Cloud,2025-12-24T18:48:45.148+08:00
2025-12-25 11:19:34,2025-12-24T18:50:00+08:00,2025-12-24T18:52:02+08:00,1.1242,103.6649,C,Cloud to Cloud,2025-12-24T18:48:45.148+08:00
2025-12-25 11:19:34,2025-12-24T18:50:00+08:00,2025-12-24T18:52:02+08:00,1.1206,103.6637,C,Cloud to Cloud,2025-12-24T18:48:45.148+08:00
2025-12-25 11:19:34,2025-12-24T18:50:00+08:00,2025-12-24T18:52:02+08:00,1.1169,103.6583,C,Cloud to Cloud,2025-12-24T18:48:45.148+08:00
2025-12-25 11:19:34,2025-12-24T18:50:00+08:00,2025-12-24T18:52:02+08:00,1.129,103.6669,C,Cloud to Cloud,2025-12-24T18:48:45.148+08:00
2025-12-25 11:19:34,2025-12-24T18:50:00+08:00,2025-12-24T18:52:02+08:00,1.1438,103.6745,C,Cloud to Cloud,2025-12-24T18:48:45.148+08:00
2025-12-25 11:19:34,2025-12-24T18:50:00+08:00,2025-12-24T18:52:02+08:00,1.1248,103.6628,C,Cloud to Cloud,2025-12-24T18:48:45.148+08:00
2025-12-25 11:19:34,2025-12-24T18:50:00+08:00,2025-12-24T18:52:02+08:00,1.1418,103.6724,C,Cloud to Cloud,2025-12-24T18:48:45.148+08:00
2025-12-25 11:19:34,2025-12-24T18:50:00+08:00,2025-12-24T18:52:02+08:00,1.1348,103.6676,C,Cloud to Cloud,2025-12-24T18:48:45.148+08:00
2025-12-25 11:19:34,2025-12-24T18:50:00+08:00,2025-12-24T18:52:02+08:00,1.1199,103.6607,C,Cloud to Cloud,2025-12-24T18:48:45.149+08:00
2025-12-25 11:19:34,2025-12-24T18:50:00+08:00,2025-12-24T18:52:02+08:00,1.1452,103.6754,C,Cloud to Cloud,2025-12-24T18:48:45.149+08:00
2025-12-25 11:19:34,2025-12-24T18:50:00+08:00,2025-12-24T18:52:02+08:00,1.1414,103.6721,C,Cloud to Cloud,2025-12-24T18:48:45.149+08:00
2025-12-25 11:19:34,2025-12-24T18:50:00+08:00,2025-12-24T18:52:02+08:00,1.1251,103.6632,C,Cloud to Cloud,2025-12-24T18:48:45.149+08:00
2025-12-25 11:19:34,2025-12-24T18:50:00+08:00,2025-12-24T18:52:02+08:00,1.1265,103.6665,C,Cloud to Cloud,2025-12-24T18:48:45.149+08:00
2025-12-25 11:19:34,2025-12-24T18:50:00+08:00,2025-12-24T18:52:02+08:00,1.1314,103.6701,C,Cloud to Cloud,2025-12-24T18:48:45.149+08:00
2025-12-25 11:19:34,2025-12-24T18:50:00+08:00,2025-12-24T18:52:02+08:00,1.1358,103.6696,C,Cloud to Cloud,2025-12-24T18:48:45.149+08:00
2025-12-25 11:19:34,2025-12-24T18:50:00+08:00,2025-12-24T18:52:02+08:00,1.1166,103.6636,C,Cloud to Cloud,2025-12-24T18:48:45.149+08:00
2025-12-25 11:19:34,2025-12-24T18:50:00+08:00,2025-12-24T18:52:02+08:00,1.1434,103.6754,C,Cloud to Cloud,2025-12-24T18:48:45.149+08:00
2025-12-25 11:19:34,2025-12-24T18:50:00+08:00,2025-12-24T18:52:02+08:00,1.1256,103.6646,C,Cloud to Cloud,2025-12-24T18:48:45.149+08:00
2025-12-25 11:19:34,2025-12-24T18:50:00+08:00,2025-12-24T18:52:02+08:00,1.1416,103.6739,C,Cloud to Cloud,2025-12-24T18:48:45.15+08:00
2025-12-25 11:19:34,2025-12-24T18:50:00+08:00,2025-12-24T18:52:02+08:00,1.141,103.6746,C,Cloud to Cloud,2025-12-24T18:48:45.15+08:00
2025-12-25 11:19:34,2025-12-24T18:50:00+08:00,2025-12-24T18:52:02+08:00,1.1336,103.6708,C,Cloud to Cloud,2025-12-24T18:48:45.15+08:00
2025-12-25 11:19:34,2025-12-24T18:50:00+08:00,2025-12-24T18:52:02+08:00,1.1174,103.6617,C,Cloud to Cloud,2025-12-24T18:48:45.15+08:00
2025-12-25 11:19:34,2025-12-24T18:50:00+08:00,2025-12-24T18:52:02+08:00,1.1437,103.6764,C,Cloud to Cloud,2025-12-24T18:48:45.15+08:00
2025-12-25 11:19:34,2025-12-24T18:50:00+08:00,2025-12-24T18:52:02+08:00,1.1049,103.6579,C,Cloud to Cloud,2025-12-24T18:48:45.15+08:00
2025-12-25 11:19:34,2025-12-24T18:50:00+08:00,2025-12-24T18:52:02+08:00,1.1343,103.6702,C,Cloud to Cloud,2025-12-24T18:48:45.15+08:00
2025-12-25 11:19:34,2025-12-24T18:50:00+08:00,2025-12-24T18:52:02+08:00,1.1323,103.6717,C,Cloud to Cloud,2025-12-24T18:48:45.15+08:00
2025-12-25 11:19:34,2025-12-24T18:50:00+08:00,2025-12-24T18:52:02+08:00,1.1253,103.6667,C,Cloud to Cloud,2025-12-24T18:48:45.15+08:00
2025-12-25 11:19:34,2025-12-24T18:50:00+08:00,2025-12-24T18:52:02+08:00,1.1409,103.6748,C,Cloud to Cloud,2025-12-24T18:48:45.151+08:00
2025-12-25 11:19:34,2025-12-24T18:50:00+08:00,2025-12-24T18:52:02+08:00,1.1432,103.6777,C,Cloud to Cloud,2025-12-24T18:48:45.151+08:00
2025-12-25 11:19:34,2025-12-24T18:50:00+08:00,2025-12-24T18:52:02+08:00,1.1425,103.6765,C,Cloud to Cloud,2025-12-24T18:48:45.151+08:00
2025-12-25 11:19:34,2025-12-24T18:50:00+08:00,2025-12-24T18:52:02+08:00,1.1418,103.6765,C,Cloud to Cloud,2025-12-24T18:48:45.151+08:00
2025-12-25 11:19:34,2025-12-24T18:50:00+08:00,2025-12-24T18:52:02+08:00,1.1438,103.6781,C,Cloud to Cloud,2025-12-24T18:48:45.151+08:00
2025-12-25 11:19:34,2025-12-24T18:50:00+08:00,2025-12-24T18:52:02+08:00,1.1157,103.6643,C,Cloud to Cloud,2025-12-24T18:48:45.151+08:00
2025-12-25 11:19:34,2025-12-24T18:50:00+08:00,2025-12-24T18:52:02+08:00,1.1427,103.6764,C,Cloud to Cloud,2025-12-24T18:48:45.151+08:00
2025-12-25 11:19:34,2025-12-24T18:50:00+08:00,2025-12-24T18:52:02+08:00,1.1412,103.6762,C,Cloud to Cloud,2025-12-24T18:48:45.151+08:00
2025-12-25 11:19:34,2025-12-24T18:50:00+08:00,2025-12-24T18:52:02+08:00,1.1417,103.678,C,Cloud to Cloud,2025-12-24T18:48:45.151+08:00
2025-12-25 11:19:34,2025-12-24T18:50:00+08:00,2025-12-24T18:52:02+08:00,1.1315,103.6714,C,Cloud to Cloud,2025-12-24T18:48:45.151+08:00
2025-12-25 11:19:34,2025-12-24T18:50:00+08:00,2025-12-24T18:52:02+08:00,1.1432,103.6791,C,Cloud to Cloud,2025-12-24T18:48:45.152+08:00
2025-12-25 11:19:34,2025-12-24T18:50:00+08:00,2025-12-24T18:52:02+08:00,1.1416,103.6766,C,Cloud to Cloud,2025-12-24T18:48:45.152+08:00
2025-12-25 11:19:34,2025-12-24T18:50:00+08:00,2025-12-24T18:52:02+08:00,1.1435,103.6776,C,Cloud to Cloud,2025-12-24T18:48:45.152+08:00
2025-12-25 11:19:34,2025-12-24T18:50:00+08:00,2025-12-24T18:52:02+08:00,1.1402,103.6752,C,Cloud to Cloud,2025-12-24T18:48:45.152+08:00
2025-12-25 11:19:34,2025-12-24T18:50:00+08:00,2025-12-24T18:52:02+08:00,1.1244,103.6663,C,Cloud to Cloud,2025-12-24T18:48:45.152+08:00
2025-12-25 11:19:34,2025-12-24T18:50:00+08:00,2025-12-24T18:52:02+08:00,1.1293,103.6727,C,Cloud to Cloud,2025-12-24T18:48:45.153+08:00
2025-12-25 11:19:34,2025-12-24T18:50:00+08:00,2025-12-24T18:52:02+08:00,1.1417,103.6759,C,Cloud to Cloud,2025-12-24T18:48:45.153+08:00
2025-12-25 11:19:34,2025-12-24T18:50:00+08:00,2025-12-24T18:52:02+08:00,1.1424,103.6754,C,Cloud to Cloud,2025-12-24T18:48:45.153+08:00
2025-12-25 11:19:34,2025-12-24T18:50:00+08:00,2025-12-24T18:52:02+08:00,1.1424,103.674,C,Cloud to Cloud,2025-12-24T18:48:45.153+08:00
2025-12-25 11:19:34,2025-12-24T18:50:00+08:00,2025-12-24T18:52:02+08:00,1.1567,103.6772,C,Cloud to Cloud,2025-12-24T18:48:45.153+08:00
2025-12-25 11:19:34,2025-12-24T18:50:00+08:00,2025-12-24T18:52:02+08:00,1.1527,103.6609,G,Cloud to Ground,2025-12-24T18:48:45.153+08:00
2025-12-25 11:19:34,2025-12-24T18:50:00+08:00,2025-12-24T18:52:02+08:00,1.1486,103.6772,C,Cloud to Cloud,2025-12-24T18:48:45.153+08:00
2025-12-25 11:19:34,2025-12-24T18:50:00+08:00,2025-12-24T18:52:02+08:00,1.1567,103.6772,C,Cloud to Cloud,2025-12-24T18:48:45.153+08:00
2025-12-25 11:19:34,2025-12-24T18:50:00+08:00,2025-12-24T18:52:02+08:00,1.1463,103.6783,C,Cloud to Cloud,2025-12-24T18:48:45.153+08:00
2025-12-25 11:19:34,2025-12-24T18:50:00+08:00,2025-12-24T18:52:02+08:00,1.1363,103.6842,C,Cloud to Cloud,2025-12-24T18:48:45.153+08:00
2025-12-25 11:19:34,2025-12-24T18:50:00+08:00,2025-12-24T18:52:02+08:00,1.1354,103.6825,C,Cloud to Cloud,2025-12-24T18:48:45.153+08:00
2025-12-25 11:19:34,2025-12-24T18:50:00+08:00,2025-12-24T18:52:02+08:00,1.1424,103.6835,C,Cloud to Cloud,2025-12-24T18:48:45.153+08:00
2025-12-25 11:19:34,2025-12-24T18:50:00+08:00,2025-12-24T18:52:02+08:00,1.1179,103.6643,C,Cloud to Cloud,2025-12-24T18:48:45.154+08:00
2025-12-25 11:19:34,2025-12-24T18:50:00+08:00,2025-12-24T18:52:02+08:00,1.1301,103.6824,C,Cloud to Cloud,2025-12-24T18:48:45.154+08:00
2025-12-25 11:19:34,2025-12-24T18:50:00+08:00,2025-12-24T18:52:02+08:00,1.1271,103.6872,C,Cloud to Cloud,2025-12-24T18:48:45.154+08:00
2025-12-25 11:19:34,2025-12-24T18:50:00+08:00,2025-12-24T18:52:02+08:00,1.13,103.6818,C,Cloud to Cloud,2025-12-24T18:48:45.154+08:00
2025-12-25 11:19:34,2025-12-24T18:50:00+08:00,2025-12-24T18:52:02+08:00,1.1312,103.6906,C,Cloud to Cloud,2025-12-24T18:48:45.154+08:00
2025-12-25 11:19:34,2025-12-24T18:50:00+08:00,2025-12-24T18:52:02+08:00,1.1232,103.6767,C,Cloud to Cloud,2025-12-24T18:48:45.155+08:00
2025-12-25 11:19:34,2025-12-24T18:50:00+08:00,2025-12-24T18:52:02+08:00,1.1738,103.6933,C,Cloud to Cloud,2025-12-24T18:48:45.184+08:00
2025-12-25 11:19:34,2025-12-24T18:50:00+08:00,2025-12-24T18:52:02+08:00,1.1693,103.6975,C,Cloud to Cloud,2025-12-24T18:48:45.184+08:00
2025-12-25 11:19:34,2025-12-24T18:50:00+08:00,2025-12-24T18:52:02+08:00,1.1695,103.694,C,Cloud to Cloud,2025-12-24T18:48:45.203+08:00
2025-12-25 11:19:34,2025-12-24T18:50:00+08:00,2025-12-24T18:52:02+08:00,1.1698,103.6946,C,Cloud to Cloud,2025-12-24T18:48:45.203+08:00
2025-12-25 11:19:34,2025-12-24T18:50:00+08:00,2025-12-24T18:52:02+08:00,1.1631,103.6965,C,Cloud to Cloud,2025-12-24T18:48:45.203+08:00
2025-12-25 11:19:34,2025-12-24T18:50:00+08:00,2025-12-24T18:52:02+08:00,1.1631,103.6965,C,Cloud to Cloud,2025-12-24T18:48:45.204+08:00
2025-12-25 11:19:34,2025-12-24T18:50:00+08:00,2025-12-24T18:52:02+08:00,1.1604,103.6794,C,Cloud to Cloud,2025-12-24T18:48:45.223+08:00
2025-12-25 11:19:34,2025-12-24T18:50:00+08:00,2025-12-24T18:52:02+08:00,1.1527,103.6767,C,Cloud to Cloud,2025-12-24T18:48:45.223+08:00
2025-12-25 11:19:34,2025-12-24T18:50:00+08:00,2025-12-24T18:52:02+08:00,1.0852,103.6375,C,Cloud to Cloud,2025-12-24T18:48:45.223+08:00
2025-12-25 11:19:34,2025-12-24T18:50:00+08:00,2025-12-24T18:52:02+08:00,1.1599,103.6785,C,Cloud to Cloud,2025-12-24T18:48:45.223+08:00
2025-12-25 11:19:34,2025-12-24T18:50:00+08:00,2025-12-24T18:52:02+08:00,1.1862,103.5406,C,Cloud to Cloud,2025-12-24T18:48:45.223+08:00
2025-12-25 11:19:34,2025-12-24T18:50:00+08:00,2025-12-24T18:52:02+08:00,1.1406,103.6766,C,Cloud to Cloud,2025-12-24T18:48:45.223+08:00
2025-12-25 11:19:34,2025-12-24T18:50:00+08:00,2025-12-24T18:52:02+08:00,1.0762,103.6825,C,Cloud to Cloud,2025-12-24T18:48:45.223+08:00
2025-12-25 11:19:34,2025-12-24T18:50:00+08:00,2025-12-24T18:52:02+08:00,1.1378,103.6768,C,Cloud to Cloud,2025-12-24T18:48:45.224+08:00
2025-12-25 11:19:34,2025-12-24T18:50:00+08:00,2025-12-24T18:52:02+08:00,1.1478,103.6807,C,Cloud to Cloud,2025-12-24T18:48:45.224+08:00
2025-12-25 11:19:34,2025-12-24T18:50:00+08:00,2025-12-24T18:52:02+08:00,1.1455,103.6762,C,Cloud to Cloud,2025-12-24T18:48:45.224+08:00
2025-12-25 11:19:34,2025-12-24T18:50:00+08:00,2025-12-24T18:52:02+08:00,1.1436,103.6775,C,Cloud to Cloud,2025-12-24T18:48:45.224+08:00
2025-12-25 11:19:34,2025-12-24T18:50:00+08:00,2025-12-24T18:52:02+08:00,1.1413,103.6757,C,Cloud to Cloud,2025-12-24T18:48:45.224+08:00
2025-12-25 11:19:34,2025-12-24T18:50:00+08:00,2025-12-24T18:52:02+08:00,1.1456,103.6736,C,Cloud to Cloud,2025-12-24T18:48:45.224+08:00
2025-12-25 11:19:34,2025-12-24T18:50:00+08:00,2025-12-24T18:52:02+08:00,1.149,103.674,C,Cloud to Cloud,2025-12-24T18:48:45.224+08:00
2025-12-25 11:19:34,2025-12-24T18:50:00+08:00,2025-12-24T18:52:02+08:00,1.1604,103.7008,C,Cloud to Cloud,2025-12-24T18:48:45.224+08:00
2025-12-25 11:19:34,2025-12-24T18:50:00+08:00,2025-12-24T18:52:02+08:00,1.1229,103.6841,G,Cloud to Ground,2025-12-24T18:48:45.227+08:00
2025-12-25 11:19:34,2025-12-24T18:50:00+08:00,2025-12-24T18:52:02+08:00,1.1801,103.6507,C,Cloud to Cloud,2025-12-24T18:48:45.33+08:00
2025-12-25 11:19:34,2025-12-24T18:50:00+08:00,2025-12-24T18:52:02+08:00,1.1733,103.6287,C,Cloud to Cloud,2025-12-24T18:48:45.404+08:00
2025-12-25 11:19:34,2025-12-24T18:50:00+08:00,2025-12-24T18:52:02+08:00,1.1805,103.6364,C,Cloud to Cloud,2025-12-24T18:48:45.405+08:00
2025-12-25 11:19:34,2025-12-24T18:50:00+08:00,2025-12-24T18:52:02+08:00,1.1735,103.6511,C,Cloud to Cloud,2025-12-24T18:49:41.472+08:00
2025-12-25 11:19:34,2025-12-24T18:50:00+08:00,2025-12-24T18:52:02+08:00,1.1957,103.6515,C,Cloud to Cloud,2025-12-24T18:49:41.472+08:00
2025-12-25 11:19:34,2025-12-24T18:50:00+08:00,2025-12-24T18:52:02+08:00,1.186,103.6582,C,Cloud to Cloud,2025-12-24T18:49:41.474+08:00
2025-12-25 11:19:34,2025-12-24T18:50:00+08:00,2025-12-24T18:52:02+08:00,1.1859,103.6583,C,Cloud to Cloud,2025-12-24T18:49:41.474+08:00
2025-12-25 11:19:34,2025-12-24T18:50:00+08:00,2025-12-24T18:52:02+08:00,1.1857,103.6567,C,Cloud to Cloud,2025-12-24T18:49:41.474+08:00
2025-12-25 11:19:34,2025-12-24T18:50:00+08:00,2025-12-24T18:52:02+08:00,1.1829,103.6337,C,Cloud to Cloud,2025-12-24T18:49:41.474+08:00
2025-12-25 11:19:34,2025-12-24T18:50:00+08:00,2025-12-24T18:52:02+08:00,1.1847,103.6574,C,Cloud to Cloud,2025-12-24T18:49:41.474+08:00
2025-12-25 11:19:34,2025-12-24T18:50:00+08:00,2025-12-24T18:52:02+08:00,1.1708,103.6489,C,Cloud to Cloud,2025-12-24T18:49:41.582+08:00
2025-12-25 11:19:34,2025-12-24T18:50:00+08:00,2025-12-24T18:52:02+08:00,1.1815,103.6796,C,Cloud to Cloud,2025-12-24T18:49:41.616+08:00
2025-12-25 11:19:34,2025-12-24T18:50:00+08:00,2025-12-24T18:52:02+08:00,1.1815,103.6796,C,Cloud to Cloud,2025-12-24T18:49:41.616+08:00
2025-12-25 11:19:34,2025-12-24T18:50:00+08:00,2025-12-24T18:52:02+08:00,1.1895,103.6885,C,Cloud to Cloud,2025-12-24T18:49:41.621+08:00
2025-12-25 11:19:34,2025-12-24T18:50:00+08:00,2025-12-24T18:52:02+08:00,1.1895,103.6883,C,Cloud to Cloud,2025-12-24T18:49:41.621+08:00
2025-12-25 11:19:34,2025-12-24T18:50:00+08:00,2025-12-24T18:52:02+08:00,1.1573,103.6969,C,Cloud to Cloud,2025-12-24T18:49:41.624+08:00
2025-12-25 11:19:34,2025-12-24T18:50:00+08:00,2025-12-24T18:52:02+08:00,1.1933,103.6842,C,Cloud to Cloud,2025-12-24T18:49:41.632+08:00
2025-12-25 11:19:34,2025-12-24T18:50:00+08:00,2025-12-24T18:52:02+08:00,1.1933,103.6848,C,Cloud to Cloud,2025-12-24T18:49:41.632+08:00
2025-12-25 11:19:34,2025-12-24T18:50:00+08:00,2025-12-24T18:52:02+08:00,1.1891,103.7014,C,Cloud to Cloud,2025-12-24T18:49:41.642+08:00
2025-12-25 11:19:34,2025-12-24T18:50:00+08:00,2025-12-24T18:52:02+08:00,1.1891,103.7014,C,Cloud to Cloud,2025-12-24T18:49:41.643+08:00
2025-12-25 11:19:34,2025-12-24T18:50:00+08:00,2025-12-24T18:52:02+08:00,1.1746,103.6941,C,Cloud to Cloud,2025-12-24T18:49:41.644+08:00
2025-12-25 11:19:34,2025-12-24T18:50:00+08:00,2025-12-24T18:52:02+08:00,1.1772,103.6966,C,Cloud to Cloud,2025-12-24T18:49:41.645+08:00
2025-12-25 11:19:34,2025-12-24T18:50:00+08:00,2025-12-24T18:52:02+08:00,1.1945,103.7054,C,Cloud to Cloud,2025-12-24T18:49:41.645+08:00
2025-12-25 11:19:34,2025-12-24T18:50:00+08:00,2025-12-24T18:52:02+08:00,1.1923,103.7042,C,Cloud to Cloud,2025-12-24T18:49:41.646+08:00
2025-12-25 11:19:34,2025-12-24T18:50:00+08:00,2025-12-24T18:52:02+08:00,1.1923,103.7042,C,Cloud to Cloud,2025-12-24T18:49:41.646+08:00
2025-12-25 11:19:34,2025-12-24T18:50:00+08:00,2025-12-24T18:52:02+08:00,1.1896,103.7028,C,Cloud to Cloud,2025-12-24T18:49:41.647+08:00
2025-12-25 11:19:34,2025-12-24T18:50:00+08:00,2025-12-24T18:52:02+08:00,1.1896,103.703,C,Cloud to Cloud,2025-12-24T18:49:41.647+08:00
2025-12-25 11:19:34,2025-12-24T18:50:00+08:00,2025-12-24T18:52:02+08:00,1.1944,103.704,C,Cloud to Cloud,2025-12-24T18:49:41.647+08:00
2025-12-25 11:19:34,2025-12-24T18:50:00+08:00,2025-12-24T18:52:02+08:00,1.1935,103.7039,C,Cloud to Cloud,2025-12-24T18:49:41.648+08:00
2025-12-25 11:19:34,2025-12-24T18:50:00+08:00,2025-12-24T18:52:02+08:00,1.1786,103.6967,C,Cloud to Cloud,2025-12-24T18:49:41.648+08:00
2025-12-25 11:19:34,2025-12-24T18:50:00+08:00,2025-12-24T18:52:02+08:00,1.196,103.7046,C,Cloud to Cloud,2025-12-24T18:49:41.649+08:00
2025-12-25 11:19:34,2025-12-24T18:50:00+08:00,2025-12-24T18:52:02+08:00,1.1954,103.7029,C,Cloud to Cloud,2025-12-24T18:49:41.649+08:00
2025-12-25 11:19:34,2025-12-24T18:50:00+08:00,2025-12-24T18:52:02+08:00,1.1932,103.7068,C,Cloud to Cloud,2025-12-24T18:49:41.649+08:00
2025-12-25 11:19:34,2025-12-24T18:50:00+08:00,2025-12-24T18:52:02+08:00,1.1906,103.7044,C,Cloud to Cloud,2025-12-24T18:49:41.649+08:00
2025-12-25 11:19:34,2025-12-24T18:50:00+08:00,2025-12-24T18:52:02+08:00,1.1915,103.7044,C,Cloud to Cloud,2025-12-24T18:49:41.651+08:00
2025-12-25 11:19:34,2025-12-24T18:50:00+08:00,2025-12-24T18:52:02+08:00,1.1915,103.7044,C,Cloud to Cloud,2025-12-24T18:49:41.652+08:00
2025-12-25 11:19:34,2025-12-24T18:50:00+08:00,2025-12-24T18:52:02+08:00,1.1825,103.7002,C,Cloud to Cloud,2025-12-24T18:49:41.652+08:00
2025-12-25 11:19:34,2025-12-24T18:50:00+08:00,2025-12-24T18:52:02+08:00,1.1829,103.7015,C,Cloud to Cloud,2025-12-24T18:49:41.652+08:00
2025-12-25 11:19:34,2025-12-24T18:50:00+08:00,2025-12-24T18:52:02+08:00,1.1711,103.6618,C,Cloud to Cloud,2025-12-24T18:49:41.652+08:00
2025-12-25 11:19:34,2025-12-24T18:50:00+08:00,2025-12-24T18:52:02+08:00,1.2181,103.6711,C,Cloud to Cloud,2025-12-24T18:49:41.652+08:00
2025-12-25 11:19:34,2025-12-24T18:50:00+08:00,2025-12-24T18:52:02+08:00,1.1766,103.6942,C,Cloud to Cloud,2025-12-24T18:49:41.654+08:00
2025-12-25 11:19:34,2025-12-24T18:50:00+08:00,2025-12-24T18:52:02+08:00,1.1877,103.7017,C,Cloud to Cloud,2025-12-24T18:49:41.654+08:00
2025-12-25 11:19:34,2025-12-24T18:50:00+08:00,2025-12-24T18:52:02+08:00,1.1878,103.7027,C,Cloud to Cloud,2025-12-24T18:49:41.654+08:00
2025-12-25 11:19:34,2025-12-24T18:50:00+08:00,2025-12-24T18:52:02+08:00,1.1717,103.6935,C,Cloud to Cloud,2025-12-24T18:49:41.655+08:00
2025-12-25 11:19:34,2025-12-24T18:50:00+08:00,2025-12-24T18:52:02+08:00,1.18,103.6971,C,Cloud to Cloud,2025-12-24T18:49:41.655+08:00
2025-12-25 11:19:34,2025-12-24T18:50:00+08:00,2025-12-24T18:52:02+08:00,1.1838,103.6966,C,Cloud to Cloud,2025-12-24T18:49:41.656+08:00
2025-12-25 11:19:34,2025-12-24T18:50:00+08:00,2025-12-24T18:52:02+08:00,1.1838,103.6966,C,Cloud to Cloud,2025-12-24T18:49:41.656+08:00
2025-12-25 11:19:34,2025-12-24T18:50:00+08:00,2025-12-24T18:52:02+08:00,1.1845,103.6992,C,Cloud to Cloud,2025-12-24T18:49:41.656+08:00
2025-12-25 11:19:34,2025-12-24T18:50:00+08:00,2025-12-24T18:52:02+08:00,1.1845,103.6992,C,Cloud to Cloud,2025-12-24T18:49:41.656+08:00
2025-12-25 11:19:34,2025-12-24T18:50:00+08:00,2025-12-24T18:52:02+08:00,1.1842,103.697,C,Cloud to Cloud,2025-12-24T18:49:41.657+08:00
2025-12-25 11:19:34,2025-12-24T18:50:00+08:00,2025-12-24T18:52:02+08:00,1.1848,103.6975,C,Cloud to Cloud,2025-12-24T18:49:41.657+08:00
2025-12-25 11:19:34,2025-12-24T18:50:00+08:00,2025-12-24T18:52:02+08:00,1.1841,103.6969,C,Cloud to Cloud,2025-12-24T18:49:41.657+08:00
2025-12-25 11:19:34,2025-12-24T18:50:00+08:00,2025-12-24T18:52:02+08:00,1.182,103.698,C,Cloud to Cloud,2025-12-24T18:49:41.657+08:00
2025-12-25 11:19:34,2025-12-24T18:50:00+08:00,2025-12-24T18:52:02+08:00,1.1844,103.6994,C,Cloud to Cloud,2025-12-24T18:49:41.657+08:00
2025-12-25 11:19:34,2025-12-24T18:50:00+08:00,2025-12-24T18:52:02+08:00,1.1828,103.6941,C,Cloud to Cloud,2025-12-24T18:49:41.657+08:00
2025-12-25 11:19:34,2025-12-24T18:50:00+08:00,2025-12-24T18:52:02+08:00,1.1828,103.6975,C,Cloud to Cloud,2025-12-24T18:49:41.657+08:00
2025-12-25 11:19:34,2025-12-24T18:50:00+08:00,2025-12-24T18:52:02+08:00,1.1833,103.6991,C,Cloud to Cloud,2025-12-24T18:49:41.657+08:00
2025-12-25 11:19:34,2025-12-24T18:50:00+08:00,2025-12-24T18:52:02+08:00,1.1827,103.6942,C,Cloud to Cloud,2025-12-24T18:49:41.657+08:00
2025-12-25 11:19:34,2025-12-24T18:50:00+08:00,2025-12-24T18:52:02+08:00,1.1809,103.6937,C,Cloud to Cloud,2025-12-24T18:49:41.657+08:00
2025-12-25 11:19:34,2025-12-24T18:50:00+08:00,2025-12-24T18:52:02+08:00,1.1828,103.6982,C,Cloud to Cloud,2025-12-24T18:49:41.658+08:00
2025-12-25 11:19:34,2025-12-24T18:50:00+08:00,2025-12-24T18:52:02+08:00,1.183,103.6947,C,Cloud to Cloud,2025-12-24T18:49:41.658+08:00
2025-12-25 11:19:34,2025-12-24T18:50:00+08:00,2025-12-24T18:52:02+08:00,1.1829,103.6959,C,Cloud to Cloud,2025-12-24T18:49:41.658+08:00
2025-12-25 11:19:34,2025-12-24T18:50:00+08:00,2025-12-24T18:52:02+08:00,1.1836,103.6966,C,Cloud to Cloud,2025-12-24T18:49:41.658+08:00
2025-12-25 11:19:34,2025-12-24T18:50:00+08:00,2025-12-24T18:52:02+08:00,1.1843,103.6965,C,Cloud to Cloud,2025-12-24T18:49:41.658+08:00
2025-12-25 11:19:34,2025-12-24T18:50:00+08:00,2025-12-24T18:52:02+08:00,1.1818,103.6948,C,Cloud to Cloud,2025-12-24T18:49:41.658+08:00
2025-12-25 11:19:34,2025-12-24T18:50:00+08:00,2025-12-24T18:52:02+08:00,1.1823,103.6949,C,Cloud to Cloud,2025-12-24T18:49:41.658+08:00
2025-12-25 11:19:34,2025-12-24T18:50:00+08:00,2025-12-24T18:52:02+08:00,1.1815,103.6977,C,Cloud to Cloud,2025-12-24T18:49:41.658+08:00
2025-12-25 11:19:34,2025-12-24T18:50:00+08:00,2025-12-24T18:52:02+08:00,1.1834,103.698,C,Cloud to Cloud,2025-12-24T18:49:41.658+08:00
2025-12-25 11:19:34,2025-12-24T18:50:00+08:00,2025-12-24T18:52:02+08:00,1.1843,103.7002,C,Cloud to Cloud,2025-12-24T18:49:41.658+08:00
2025-12-25 11:19:34,2025-12-24T18:50:00+08:00,2025-12-24T18:52:02+08:00,1.1823,103.6965,C,Cloud to Cloud,2025-12-24T18:49:41.659+08:00
2025-12-25 11:19:34,2025-12-24T18:50:00+08:00,2025-12-24T18:52:02+08:00,1.1838,103.6955,C,Cloud to Cloud,2025-12-24T18:49:41.659+08:00
2025-12-25 11:19:34,2025-12-24T18:50:00+08:00,2025-12-24T18:52:02+08:00,1.1829,103.6949,C,Cloud to Cloud,2025-12-24T18:49:41.659+08:00
2025-12-25 11:19:34,2025-12-24T18:50:00+08:00,2025-12-24T18:52:02+08:00,1.1834,103.6984,C,Cloud to Cloud,2025-12-24T18:49:41.659+08:00
2025-12-25 11:19:34,2025-12-24T18:50:00+08:00,2025-12-24T18:52:02+08:00,1.1844,103.7011,C,Cloud to Cloud,2025-12-24T18:49:41.659+08:00
2025-12-25 11:19:34,2025-12-24T18:50:00+08:00,2025-12-24T18:52:02+08:00,1.1837,103.6977,C,Cloud to Cloud,2025-12-24T18:49:41.659+08:00
2025-12-25 11:19:34,2025-12-24T18:50:00+08:00,2025-12-24T18:52:02+08:00,1.184,103.696,C,Cloud to Cloud,2025-12-24T18:49:41.659+08:00
2025-12-25 11:19:34,2025-12-24T18:50:00+08:00,2025-12-24T18:52:02+08:00,1.183,103.6937,C,Cloud to Cloud,2025-12-24T18:49:41.659+08:00
2025-12-25 11:19:34,2025-12-24T18:50:00+08:00,2025-12-24T18:52:02+08:00,1.1837,103.6984,C,Cloud to Cloud,2025-12-24T18:49:41.659+08:00
2025-12-25 11:19:34,2025-12-24T18:50:00+08:00,2025-12-24T18:52:02+08:00,1.1807,103.6964,C,Cloud to Cloud,2025-12-24T18:49:41.659+08:00
2025-12-25 11:19:34,2025-12-24T18:50:00+08:00,2025-12-24T18:52:02+08:00,1.183,103.6972,C,Cloud to Cloud,2025-12-24T18:49:41.66+08:00
2025-12-25 11:19:34,2025-12-24T18:50:00+08:00,2025-12-24T18:52:02+08:00,1.1853,103.6989,C,Cloud to Cloud,2025-12-24T18:49:41.66+08:00
2025-12-25 11:19:34,2025-12-24T18:50:00+08:00,2025-12-24T18:52:02+08:00,1.1824,103.695,C,Cloud to Cloud,2025-12-24T18:49:41.66+08:00
2025-12-25 11:19:34,2025-12-24T18:50:00+08:00,2025-12-24T18:52:02+08:00,1.182,103.6955,C,Cloud to Cloud,2025-12-24T18:49:41.66+08:00
2025-12-25 11:19:34,2025-12-24T18:50:00+08:00,2025-12-24T18:52:02+08:00,1.1827,103.6986,C,Cloud to Cloud,2025-12-24T18:49:41.66+08:00
2025-12-25 11:19:34,2025-12-24T18:50:00+08:00,2025-12-24T18:52:02+08:00,1.1821,103.6965,C,Cloud to Cloud,2025-12-24T18:49:41.66+08:00
2025-12-25 11:19:34,2025-12-24T18:50:00+08:00,2025-12-24T18:52:02+08:00,1.1815,103.6982,C,Cloud to Cloud,2025-12-24T18:49:41.66+08:00
2025-12-25 11:19:34,2025-12-24T18:50:00+08:00,2025-12-24T18:52:02+08:00,1.1832,103.6969,C,Cloud to Cloud,2025-12-24T18:49:41.66+08:00
2025-12-25 11:19:34,2025-12-24T18:50:00+08:00,2025-12-24T18:52:02+08:00,1.1844,103.6951,C,Cloud to Cloud,2025-12-24T18:49:41.66+08:00
2025-12-25 11:19:34,2025-12-24T18:50:00+08:00,2025-12-24T18:52:02+08:00,1.1864,103.7008,C,Cloud to Cloud,2025-12-24T18:49:41.66+08:00
2025-12-25 11:19:34,2025-12-24T18:50:00+08:00,2025-12-24T18:52:02+08:00,1.1825,103.696,C,Cloud to Cloud,2025-12-24T18:49:41.661+08:00
2025-12-25 11:19:34,2025-12-24T18:50:00+08:00,2025-12-24T18:52:02+08:00,1.1833,103.6962,C,Cloud to Cloud,2025-12-24T18:49:41.661+08:00
2025-12-25 11:19:34,2025-12-24T18:50:00+08:00,2025-12-24T18:52:02+08:00,1.1829,103.6983,C,Cloud to Cloud,2025-12-24T18:49:41.661+08:00
2025-12-25 11:19:34,2025-12-24T18:50:00+08:00,2025-12-24T18:52:02+08:00,1.1846,103.6963,C,Cloud to Cloud,2025-12-24T18:49:41.661+08:00
2025-12-25 11:19:34,2025-12-24T18:50:00+08:00,2025-12-24T18:52:02+08:00,1.1845,103.6979,C,Cloud to Cloud,2025-12-24T18:49:41.661+08:00
2025-12-25 11:19:34,2025-12-24T18:50:00+08:00,2025-12-24T18:52:02+08:00,1.1846,103.7012,C,Cloud to Cloud,2025-12-24T18:49:41.661+08:00
2025-12-25 11:19:34,2025-12-24T18:50:00+08:00,2025-12-24T18:52:02+08:00,1.1849,103.6983,C,Cloud to Cloud,2025-12-24T18:49:41.661+08:00
2025-12-25 11:19:34,2025-12-24T18:50:00+08:00,2025-12-24T18:52:02+08:00,1.1835,103.6977,C,Cloud to Cloud,2025-12-24T18:49:41.661+08:00
2025-12-25 11:19:34,2025-12-24T18:50:00+08:00,2025-12-24T18:52:02+08:00,1.1839,103.6972,C,Cloud to Cloud,2025-12-24T18:49:41.661+08:00
2025-12-25 11:19:34,2025-12-24T18:50:00+08:00,2025-12-24T18:52:02+08:00,1.1819,103.6989,C,Cloud to Cloud,2025-12-24T18:49:41.661+08:00
2025-12-25 11:19:34,2025-12-24T18:50:00+08:00,2025-12-24T18:52:02+08:00,1.1848,103.7007,C,Cloud to Cloud,2025-12-24T18:49:41.662+08:00
2025-12-25 11:19:34,2025-12-24T18:50:00+08:00,2025-12-24T18:52:02+08:00,1.1834,103.6961,C,Cloud to Cloud,2025-12-24T18:49:41.662+08:00
2025-12-25 11:19:34,2025-12-24T18:50:00+08:00,2025-12-24T18:52:02+08:00,1.1838,103.7007,C,Cloud to Cloud,2025-12-24T18:49:41.662+08:00
2025-12-25 11:19:34,2025-12-24T18:50:00+08:00,2025-12-24T18:52:02+08:00,1.1825,103.6971,C,Cloud to Cloud,2025-12-24T18:49:41.662+08:00
2025-12-25 11:19:34,2025-12-24T18:50:00+08:00,2025-12-24T18:52:02+08:00,1.1837,103.6984,C,Cloud to Cloud,2025-12-24T18:49:41.662+08:00
2025-12-25 11:19:34,2025-12-24T18:50:00+08:00,2025-12-24T18:52:02+08:00,1.1831,103.6977,C,Cloud to Cloud,2025-12-24T18:49:41.662+08:00
2025-12-25 11:19:34,2025-12-24T18:50:00+08:00,2025-12-24T18:52:02+08:00,1.1832,103.699,C,Cloud to Cloud,2025-12-24T18:49:41.662+08:00
2025-12-25 11:19:34,2025-12-24T18:50:00+08:00,2025-12-24T18:52:02+08:00,1.1845,103.7021,C,Cloud to Cloud,2025-12-24T18:49:41.662+08:00
2025-12-25 11:19:34,2025-12-24T18:50:00+08:00,2025-12-24T18:52:02+08:00,1.1845,103.7021,C,Cloud to Cloud,2025-12-24T18:49:41.662+08:00
2025-12-25 11:19:34,2025-12-24T18:50:00+08:00,2025-12-24T18:52:02+08:00,1.1865,103.7025,C,Cloud to Cloud,2025-12-24T18:49:41.662+08:00
2025-12-25 11:19:34,2025-12-24T18:50:00+08:00,2025-12-24T18:52:02+08:00,1.1841,103.7003,C,Cloud to Cloud,2025-12-24T18:49:41.662+08:00
2025-12-25 11:19:34,2025-12-24T18:50:00+08:00,2025-12-24T18:52:02+08:00,1.1827,103.6969,C,Cloud to Cloud,2025-12-24T18:49:41.663+08:00
2025-12-25 11:19:34,2025-12-24T18:50:00+08:00,2025-12-24T18:52:02+08:00,1.1854,103.7036,C,Cloud to Cloud,2025-12-24T18:49:41.663+08:00
2025-12-25 11:19:34,2025-12-24T18:50:00+08:00,2025-12-24T18:52:02+08:00,1.1824,103.6992,C,Cloud to Cloud,2025-12-24T18:49:41.663+08:00
2025-12-25 11:19:34,2025-12-24T18:50:00+08:00,2025-12-24T18:52:02+08:00,1.1824,103.7003,C,Cloud to Cloud,2025-12-24T18:49:41.663+08:00
2025-12-25 11:19:34,2025-12-24T18:50:00+08:00,2025-12-24T18:52:02+08:00,1.1829,103.6997,C,Cloud to Cloud,2025-12-24T18:49:41.663+08:00
2025-12-25 11:19:34,2025-12-24T18:50:00+08:00,2025-12-24T18:52:02+08:00,1.1831,103.7013,C,Cloud to Cloud,2025-12-24T18:49:41.663+08:00
2025-12-25 11:19:34,2025-12-24T18:50:00+08:00,2025-12-24T18:52:02+08:00,1.183,103.6999,C,Cloud to Cloud,2025-12-24T18:49:41.663+08:00
2025-12-25 11:19:34,2025-12-24T18:50:00+08:00,2025-12-24T18:52:02+08:00,1.1818,103.7,C,Cloud to Cloud,2025-12-24T18:49:41.663+08:00
2025-12-25 11:19:34,2025-12-24T18:50:00+08:00,2025-12-24T18:52:02+08:00,1.1829,103.7024,C,Cloud to Cloud,2025-12-24T18:49:41.663+08:00
2025-12-25 11:19:34,2025-12-24T18:50:00+08:00,2025-12-24T18:52:02+08:00,1.1824,103.7027,C,Cloud to Cloud,2025-12-24T18:49:41.663+08:00
2025-12-25 11:19:34,2025-12-24T18:50:00+08:00,2025-12-24T18:52:02+08:00,1.1853,103.702,C,Cloud to Cloud,2025-12-24T18:49:41.664+08:00
2025-12-25 11:19:34,2025-12-24T18:50:00+08:00,2025-12-24T18:52:02+08:00,1.1818,103.7002,C,Cloud to Cloud,2025-12-24T18:49:41.664+08:00
2025-12-25 11:19:34,2025-12-24T18:50:00+08:00,2025-12-24T18:52:02+08:00,1.1839,103.7019,C,Cloud to Cloud,2025-12-24T18:49:41.664+08:00
2025-12-25 11:19:34,2025-12-24T18:50:00+08:00,2025-12-24T18:52:02+08:00,1.1813,103.7014,C,Cloud to Cloud,2025-12-24T18:49:41.664+08:00
2025-12-25 11:19:34,2025-12-24T18:50:00+08:00,2025-12-24T18:52:02+08:00,1.1819,103.7008,C,Cloud to Cloud,2025-12-24T18:49:41.664+08:00
2025-12-25 11:19:34,2025-12-24T18:50:00+08:00,2025-12-24T18:52:02+08:00,1.1827,103.6999,C,Cloud to Cloud,2025-12-24T18:49:41.664+08:00
2025-12-25 11:19:34,2025-12-24T18:50:00+08:00,2025-12-24T18:52:02+08:00,1.1823,103.701,C,Cloud to Cloud,2025-12-24T18:49:41.664+08:00
2025-12-25 11:19:34,2025-12-24T18:50:00+08:00,2025-12-24T18:52:02+08:00,1.1796,103.7005,C,Cloud to Cloud,2025-12-24T18:49:41.664+08:00
2025-12-25 11:19:34,2025-12-24T18:50:00+08:00,2025-12-24T18:52:02+08:00,1.1822,103.6991,C,Cloud to Cloud,2025-12-24T18:49:41.664+08:00
2025-12-25 11:19:34,2025-12-24T18:50:00+08:00,2025-12-24T18:52:02+08:00,1.181,103.7003,C,Cloud to Cloud,2025-12-24T18:49:41.664+08:00
2025-12-25 11:19:34,2025-12-24T18:50:00+08:00,2025-12-24T18:52:02+08:00,1.1831,103.702,C,Cloud to Cloud,2025-12-24T18:49:41.665+08:00
2025-12-25 11:19:34,2025-12-24T18:50:00+08:00,2025-12-24T18:52:02+08:00,1.1812,103.699,C,Cloud to Cloud,2025-12-24T18:49:41.665+08:00
2025-12-25 11:19:34,2025-12-24T18:50:00+08:00,2025-12-24T18:52:02+08:00,1.1668,103.6962,C,Cloud to Cloud,2025-12-24T18:49:41.665+08:00
2025-12-25 11:19:34,2025-12-24T18:50:00+08:00,2025-12-24T18:52:02+08:00,1.1842,103.7021,C,Cloud to Cloud,2025-12-24T18:49:41.665+08:00
2025-12-25 11:19:34,2025-12-24T18:50:00+08:00,2025-12-24T18:52:02+08:00,1.181,103.7019,C,Cloud to Cloud,2025-12-24T18:49:41.665+08:00
2025-12-25 11:19:34,2025-12-24T18:50:00+08:00,2025-12-24T18:52:02+08:00,1.1803,103.7001,C,Cloud to Cloud,2025-12-24T18:49:41.665+08:00
2025-12-25 11:19:34,2025-12-24T18:50:00+08:00,2025-12-24T18:52:02+08:00,1.1829,103.7022,C,Cloud to Cloud,2025-12-24T18:49:41.665+08:00
2025-12-25 11:19:34,2025-12-24T18:50:00+08:00,2025-12-24T18:52:02+08:00,1.1791,103.704,C,Cloud to Cloud,2025-12-24T18:49:41.665+08:00
2025-12-25 11:19:34,2025-12-24T18:50:00+08:00,2025-12-24T18:52:02+08:00,1.1813,103.6987,C,Cloud to Cloud,2025-12-24T18:49:41.665+08:00
2025-12-25 11:19:34,2025-12-24T18:50:00+08:00,2025-12-24T18:52:02+08:00,1.1827,103.7036,C,Cloud to Cloud,2025-12-24T18:49:41.666+08:00
2025-12-25 11:19:34,2025-12-24T18:50:00+08:00,2025-12-24T18:52:02+08:00,1.1801,103.7015,C,Cloud to Cloud,2025-12-24T18:49:41.666+08:00
2025-12-25 11:19:34,2025-12-24T18:50:00+08:00,2025-12-24T18:52:02+08:00,1.1821,103.6998,C,Cloud to Cloud,2025-12-24T18:49:41.666+08:00
2025-12-25 11:19:34,2025-12-24T18:50:00+08:00,2025-12-24T18:52:02+08:00,1.1827,103.7013,C,Cloud to Cloud,2025-12-24T18:49:41.666+08:00
2025-12-25 11:19:34,2025-12-24T18:50:00+08:00,2025-12-24T18:52:02+08:00,1.1794,103.6994,C,Cloud to Cloud,2025-12-24T18:49:41.666+08:00
2025-12-25 11:19:34,2025-12-24T18:50:00+08:00,2025-12-24T18:52:02+08:00,1.1816,103.6994,C,Cloud to Cloud,2025-12-24T18:49:41.666+08:00
2025-12-25 11:19:34,2025-12-24T18:50:00+08:00,2025-12-24T18:52:02+08:00,1.1812,103.7008,C,Cloud to Cloud,2025-12-24T18:49:41.666+08:00
2025-12-25 11:19:34,2025-12-24T18:50:00+08:00,2025-12-24T18:52:02+08:00,1.1795,103.7002,C,Cloud to Cloud,2025-12-24T18:49:41.666+08:00
2025-12-25 11:19:34,2025-12-24T18:50:00+08:00,2025-12-24T18:52:02+08:00,1.1782,103.6979,C,Cloud to Cloud,2025-12-24T18:49:41.666+08:00
2025-12-25 11:19:34,2025-12-24T18:50:00+08:00,2025-12-24T18:52:02+08:00,1.18,103.7006,C,Cloud to Cloud,2025-12-24T18:49:41.666+08:00
2025-12-25 11:19:34,2025-12-24T18:50:00+08:00,2025-12-24T18:52:02+08:00,1.1828,103.7006,C,Cloud to Cloud,2025-12-24T18:49:41.667+08:00
2025-12-25 11:19:34,2025-12-24T18:50:00+08:00,2025-12-24T18:52:02+08:00,1.1801,103.7016,C,Cloud to Cloud,2025-12-24T18:49:41.667+08:00
2025-12-25 11:19:34,2025-12-24T18:50:00+08:00,2025-12-24T18:52:02+08:00,1.1822,103.6986,C,Cloud to Cloud,2025-12-24T18:49:41.667+08:00
2025-12-25 11:19:34,2025-12-24T18:50:00+08:00,2025-12-24T18:52:02+08:00,1.1811,103.7007,C,Cloud to Cloud,2025-12-24T18:49:41.667+08:00
2025-12-25 11:19:34,2025-12-24T18:50:00+08:00,2025-12-24T18:52:02+08:00,1.1805,103.6989,C,Cloud to Cloud,2025-12-24T18:49:41.667+08:00
2025-12-25 11:19:34,2025-12-24T18:50:00+08:00,2025-12-24T18:52:02+08:00,1.1513,103.6879,C,Cloud to Cloud,2025-12-24T18:49:41.667+08:00
2025-12-25 11:19:34,2025-12-24T18:50:00+08:00,2025-12-24T18:52:02+08:00,1.182,103.7007,C,Cloud to Cloud,2025-12-24T18:49:41.667+08:00
2025-12-25 11:19:34,2025-12-24T18:50:00+08:00,2025-12-24T18:52:02+08:00,1.1801,103.6996,C,Cloud to Cloud,2025-12-24T18:49:41.667+08:00
2025-12-25 11:19:34,2025-12-24T18:50:00+08:00,2025-12-24T18:52:02+08:00,1.1804,103.6984,C,Cloud to Cloud,2025-12-24T18:49:41.667+08:00
2025-12-25 11:19:34,2025-12-24T18:50:00+08:00,2025-12-24T18:52:02+08:00,1.1849,103.7024,C,Cloud to Cloud,2025-12-24T18:49:41.667+08:00
2025-12-25 11:19:34,2025-12-24T18:50:00+08:00,2025-12-24T18:52:02+08:00,1.1833,103.7021,C,Cloud to Cloud,2025-12-24T18:49:41.668+08:00
2025-12-25 11:19:34,2025-12-24T18:50:00+08:00,2025-12-24T18:52:02+08:00,1.1817,103.7011,C,Cloud to Cloud,2025-12-24T18:49:41.668+08:00
2025-12-25 11:19:34,2025-12-24T18:50:00+08:00,2025-12-24T18:52:02+08:00,1.1806,103.6994,C,Cloud to Cloud,2025-12-24T18:49:41.668+08:00
2025-12-25 11:19:34,2025-12-24T18:50:00+08:00,2025-12-24T18:52:02+08:00,1.1828,103.6998,C,Cloud to Cloud,2025-12-24T18:49:41.668+08:00
2025-12-25 11:19:34,2025-12-24T18:50:00+08:00,2025-12-24T18:52:02+08:00,1.1831,103.7026,C,Cloud to Cloud,2025-12-24T18:49:41.668+08:00
2025-12-25 11:19:34,2025-12-24T18:50:00+08:00,2025-12-24T18:52:02+08:00,1.1819,103.6979,C,Cloud to Cloud,2025-12-24T18:49:41.668+08:00
2025-12-25 11:19:34,2025-12-24T18:50:00+08:00,2025-12-24T18:52:02+08:00,1.1834,103.7013,C,Cloud to Cloud,2025-12-24T18:49:41.668+08:00
2025-12-25 11:19:34,2025-12-24T18:50:00+08:00,2025-12-24T18:52:02+08:00,1.1823,103.6969,C,Cloud to Cloud,2025-12-24T18:49:41.668+08:00
2025-12-25 11:19:34,2025-12-24T18:50:00+08:00,2025-12-24T18:52:02+08:00,1.1823,103.6972,C,Cloud to Cloud,2025-12-24T18:49:41.668+08:00
2025-12-25 11:19:34,2025-12-24T18:50:00+08:00,2025-12-24T18:52:02+08:00,1.1552,103.6885,C,Cloud to Cloud,2025-12-24T18:49:41.668+08:00
2025-12-25 11:19:34,2025-12-24T18:50:00+08:00,2025-12-24T18:52:02+08:00,1.18,103.6967,C,Cloud to Cloud,2025-12-24T18:49:41.668+08:00
2025-12-25 11:19:34,2025-12-24T18:50:00+08:00,2025-12-24T18:52:02+08:00,1.1834,103.6987,C,Cloud to Cloud,2025-12-24T18:49:41.669+08:00
2025-12-25 11:19:34,2025-12-24T18:50:00+08:00,2025-12-24T18:52:02+08:00,1.1826,103.6982,C,Cloud to Cloud,2025-12-24T18:49:41.669+08:00
2025-12-25 11:19:34,2025-12-24T18:50:00+08:00,2025-12-24T18:52:02+08:00,1.1797,103.6977,C,Cloud to Cloud,2025-12-24T18:49:41.669+08:00
2025-12-25 11:19:34,2025-12-24T18:50:00+08:00,2025-12-24T18:52:02+08:00,1.181,103.6972,C,Cloud to Cloud,2025-12-24T18:49:41.669+08:00
2025-12-25 11:19:34,2025-12-24T18:50:00+08:00,2025-12-24T18:52:02+08:00,1.1828,103.699,C,Cloud to Cloud,2025-12-24T18:49:41.669+08:00
2025-12-25 11:19:34,2025-12-24T18:50:00+08:00,2025-12-24T18:52:02+08:00,1.1827,103.699,C,Cloud to Cloud,2025-12-24T18:49:41.669+08:00
2025-12-25 11:19:34,2025-12-24T18:50:00+08:00,2025-12-24T18:52:02+08:00,1.1815,103.6975,C,Cloud to Cloud,2025-12-24T18:49:41.669+08:00
2025-12-25 11:19:34,2025-12-24T18:50:00+08:00,2025-12-24T18:52:02+08:00,1.1796,103.6956,C,Cloud to Cloud,2025-12-24T18:49:41.669+08:00
2025-12-25 11:19:34,2025-12-24T18:50:00+08:00,2025-12-24T18:52:02+08:00,1.1819,103.6982,C,Cloud to Cloud,2025-12-24T18:49:41.669+08:00
2025-12-25 11:19:34,2025-12-24T18:50:00+08:00,2025-12-24T18:52:02+08:00,1.1818,103.6975,C,Cloud to Cloud,2025-12-24T18:49:41.669+08:00
2025-12-25 11:19:34,2025-12-24T18:50:00+08:00,2025-12-24T18:52:02+08:00,1.183,103.6988,C,Cloud to Cloud,2025-12-24T18:49:41.67+08:00
2025-12-25 11:19:34,2025-12-24T18:50:00+08:00,2025-12-24T18:52:02+08:00,1.1817,103.6975,C,Cloud to Cloud,2025-12-24T18:49:41.67+08:00
2025-12-25 11:19:34,2025-12-24T18:50:00+08:00,2025-12-24T18:52:02+08:00,1.1824,103.6988,C,Cloud to Cloud,2025-12-24T18:49:41.67+08:00
2025-12-25 11:19:34,2025-12-24T18:50:00+08:00,2025-12-24T18:52:02+08:00,1.1825,103.7002,C,Cloud to Cloud,2025-12-24T18:49:41.67+08:00
2025-12-25 11:19:34,2025-12-24T18:50:00+08:00,2025-12-24T18:52:02+08:00,1.1562,103.6858,C,Cloud to Cloud,2025-12-24T18:49:41.67+08:00
2025-12-25 11:19:34,2025-12-24T18:50:00+08:00,2025-12-24T18:52:02+08:00,1.181,103.6957,C,Cloud to Cloud,2025-12-24T18:49:41.67+08:00
2025-12-25 11:19:34,2025-12-24T18:50:00+08:00,2025-12-24T18:52:02+08:00,1.1981,103.7469,C,Cloud to Cloud,2025-12-24T18:49:41.67+08:00
2025-12-25 11:19:34,2025-12-24T18:50:00+08:00,2025-12-24T18:52:02+08:00,1.187,103.7142,C,Cloud to Cloud,2025-12-24T18:49:41.67+08:00
2025-12-25 11:19:34,2025-12-24T18:50:00+08:00,2025-12-24T18:52:02+08:00,1.1819,103.699,C,Cloud to Cloud,2025-12-24T18:49:41.67+08:00
2025-12-25 11:19:34,2025-12-24T18:50:00+08:00,2025-12-24T18:52:02+08:00,1.1958,103.7382,C,Cloud to Cloud,2025-12-24T18:49:41.67+08:00
2025-12-25 11:19:34,2025-12-24T18:50:00+08:00,2025-12-24T18:52:02+08:00,1.191,103.7237,C,Cloud to Cloud,2025-12-24T18:49:41.671+08:00
2025-12-25 11:19:34,2025-12-24T18:50:00+08:00,2025-12-24T18:52:02+08:00,1.1911,103.7293,C,Cloud to Cloud,2025-12-24T18:49:41.671+08:00
2025-12-25 11:19:34,2025-12-24T18:50:00+08:00,2025-12-24T18:52:02+08:00,1.1808,103.6946,C,Cloud to Cloud,2025-12-24T18:49:41.671+08:00
2025-12-25 11:19:34,2025-12-24T18:50:00+08:00,2025-12-24T18:52:02+08:00,1.1908,103.727,C,Cloud to Cloud,2025-12-24T18:49:41.671+08:00
2025-12-25 11:19:34,2025-12-24T18:50:00+08:00,2025-12-24T18:52:02+08:00,1.1933,103.7295,C,Cloud to Cloud,2025-12-24T18:49:41.671+08:00
2025-12-25 11:19:34,2025-12-24T18:50:00+08:00,2025-12-24T18:52:02+08:00,1.1872,103.7158,C,Cloud to Cloud,2025-12-24T18:49:41.672+08:00
2025-12-25 11:19:34,2025-12-24T18:50:00+08:00,2025-12-24T18:52:02+08:00,1.1819,103.7009,C,Cloud to Cloud,2025-12-24T18:49:41.672+08:00
2025-12-25 11:19:34,2025-12-24T18:50:00+08:00,2025-12-24T18:52:02+08:00,1.1832,103.7022,C,Cloud to Cloud,2025-12-24T18:49:41.672+08:00
2025-12-25 11:19:34,2025-12-24T18:50:00+08:00,2025-12-24T18:52:02+08:00,1.1798,103.6948,C,Cloud to Cloud,2025-12-24T18:49:41.673+08:00
2025-12-25 11:19:34,2025-12-24T18:50:00+08:00,2025-12-24T18:52:02+08:00,1.1753,103.6884,G,Cloud to Ground,2025-12-24T18:49:41.673+08:00
2025-12-25 11:19:34,2025-12-24T18:50:00+08:00,2025-12-24T18:52:02+08:00,1.1685,103.6945,C,Cloud to Cloud,2025-12-24T18:49:41.673+08:00
2025-12-25 11:19:34,2025-12-24T18:50:00+08:00,2025-12-24T18:52:02+08:00,1.1879,103.6947,C,Cloud to Cloud,2025-12-24T18:49:41.673+08:00
2025-12-25 11:19:34,2025-12-24T18:50:00+08:00,2025-12-24T18:52:02+08:00,1.1907,103.7053,C,Cloud to Cloud,2025-12-24T18:49:41.673+08:00
2025-12-25 11:19:34,2025-12-24T18:50:00+08:00,2025-12-24T18:52:02+08:00,1.1582,103.6763,C,Cloud to Cloud,2025-12-24T18:49:41.673+08:00
2025-12-25 11:19:34,2025-12-24T18:50:00+08:00,2025-12-24T18:52:02+08:00,1.1856,103.7014,C,Cloud to Cloud,2025-12-24T18:49:41.673+08:00
2025-12-25 11:19:34,2025-12-24T18:50:00+08:00,2025-12-24T18:52:02+08:00,1.1749,103.6899,C,Cloud to Cloud,2025-12-24T18:49:41.673+08:00
2025-12-25 11:19:34,2025-12-24T18:50:00+08:00,2025-12-24T18:52:02+08:00,1.1512,103.6413,C,Cloud to Cloud,2025-12-24T18:49:41.674+08:00
2025-12-25 11:19:34,2025-12-24T18:50:00+08:00,2025-12-24T18:52:02+08:00,1.1733,103.6234,C,Cloud to Cloud,2025-12-24T18:49:41.763+08:00
2025-12-25 11:19:34,2025-12-24T18:50:00+08:00,2025-12-24T18:52:02+08:00,1.1873,103.6534,C,Cloud to Cloud,2025-12-24T18:49:41.806+08:00
2025-12-25 11:19:34,2025-12-24T18:50:00+08:00,2025-12-24T18:52:02+08:00,1.179,103.6557,C,Cloud to Cloud,2025-12-24T18:49:41.806+08:00
2025-12-25 11:19:34,2025-12-24T18:50:00+08:00,2025-12-24T18:52:02+08:00,1.1882,103.664,C,Cloud to Cloud,2025-12-24T18:49:41.806+08:00
2025-12-25 11:19:34,2025-12-24T18:50:00+08:00,2025-12-24T18:52:02+08:00,1.1871,103.6649,C,Cloud to Cloud,2025-12-24T18:49:41.806+08:00
2025-12-25 11:19:34,2025-12-24T18:50:00+08:00,2025-12-24T18:52:02+08:00,1.1885,103.6778,C,Cloud to Cloud,2025-12-24T18:49:41.807+08:00
2025-12-25 11:19:34,2025-12-24T18:50:00+08:00,2025-12-24T18:52:02+08:00,1.1858,103.6793,C,Cloud to Cloud,2025-12-24T18:49:41.807+08:00
2025-12-25 11:19:34,2025-12-24T18:50:00+08:00,2025-12-24T18:52:02+08:00,1.1844,103.6825,C,Cloud to Cloud,2025-12-24T18:49:41.807+08:00
2025-12-25 11:19:34,2025-12-24T18:50:00+08:00,2025-12-24T18:52:02+08:00,1.1846,103.6832,C,Cloud to Cloud,2025-12-24T18:49:41.807+08:00
2025-12-25 11:19:34,2025-12-24T18:50:00+08:00,2025-12-24T18:52:02+08:00,1.1892,103.6934,C,Cloud to Cloud,2025-12-24T18:49:41.807+08:00
2025-12-25 11:19:34,2025-12-24T18:50:00+08:00,2025-12-24T18:52:02+08:00,1.1928,103.6997,C,Cloud to Cloud,2025-12-24T18:49:41.807+08:00
2025-12-25 11:19:34,2025-12-24T18:50:00+08:00,2025-12-24T18:52:02+08:00,1.1924,103.6982,C,Cloud to Cloud,2025-12-24T18:49:41.807+08:00
2025-12-25 11:19:34,2025-12-24T18:48:00+08:00,2025-12-24T18:50:03+08:00,1.2069,103.6674,C,Cloud to Cloud,2025-12-24T18:46:18.837+08:00
2025-12-25 11:19:34,2025-12-24T18:48:00+08:00,2025-12-24T18:50:03+08:00,1.2054,103.6583,C,Cloud to Cloud,2025-12-24T18:46:18.837+08:00
2025-12-25 11:19:34,2025-12-24T18:48:00+08:00,2025-12-24T18:50:03+08:00,1.2068,103.6674,C,Cloud to Cloud,2025-12-24T18:46:18.837+08:00
2025-12-25 11:19:34,2025-12-24T18:48:00+08:00,2025-12-24T18:50:03+08:00,1.2051,103.6657,C,Cloud to Cloud,2025-12-24T18:46:18.837+08:00
2025-12-25 11:19:34,2025-12-24T18:48:00+08:00,2025-12-24T18:50:03+08:00,1.2051,103.6657,C,Cloud to Cloud,2025-12-24T18:46:18.837+08:00
2025-12-25 11:19:34,2025-12-24T18:48:00+08:00,2025-12-24T18:50:03+08:00,1.2251,103.7351,C,Cloud to Cloud,2025-12-24T18:46:18.881+08:00
2025-12-25 11:19:34,2025-12-24T18:48:00+08:00,2025-12-24T18:50:03+08:00,1.1925,103.6353,C,Cloud to Cloud,2025-12-24T18:46:19.149+08:00
2025-12-25 11:19:34,2025-12-24T18:48:00+08:00,2025-12-24T18:50:03+08:00,1.1622,103.5929,C,Cloud to Cloud,2025-12-24T18:46:19.159+08:00
2025-12-25 11:19:34,2025-12-24T18:48:00+08:00,2025-12-24T18:50:03+08:00,1.2411,103.7356,C,Cloud to Cloud,2025-12-24T18:46:19.249+08:00
2025-12-25 11:19:34,2025-12-24T18:48:00+08:00,2025-12-24T18:50:03+08:00,1.1985,103.6685,C,Cloud to Cloud,2025-12-24T18:47:00.403+08:00
2025-12-25 11:19:34,2025-12-24T18:48:00+08:00,2025-12-24T18:50:03+08:00,1.1814,103.6754,C,Cloud to Cloud,2025-12-24T18:47:00.404+08:00
2025-12-25 11:19:34,2025-12-24T18:48:00+08:00,2025-12-24T18:50:03+08:00,1.2312,103.6717,C,Cloud to Cloud,2025-12-24T18:47:00.405+08:00
2025-12-25 11:19:34,2025-12-24T18:48:00+08:00,2025-12-24T18:50:03+08:00,1.179,103.6783,C,Cloud to Cloud,2025-12-24T18:47:00.418+08:00
2025-12-25 11:19:34,2025-12-24T18:48:00+08:00,2025-12-24T18:50:03+08:00,1.1657,103.6997,C,Cloud to Cloud,2025-12-24T18:47:00.477+08:00
2025-12-25 11:19:34,2025-12-24T18:48:00+08:00,2025-12-24T18:50:03+08:00,1.1657,103.6997,C,Cloud to Cloud,2025-12-24T18:47:00.477+08:00
2025-12-25 11:19:34,2025-12-24T18:48:00+08:00,2025-12-24T18:50:03+08:00,1.1642,103.6944,C,Cloud to Cloud,2025-12-24T18:47:00.477+08:00
2025-12-25 11:19:34,2025-12-24T18:48:00+08:00,2025-12-24T18:50:03+08:00,1.1642,103.6944,C,Cloud to Cloud,2025-12-24T18:47:00.477+08:00
2025-12-25 11:19:34,2025-12-24T18:48:00+08:00,2025-12-24T18:50:03+08:00,1.1644,103.6969,C,Cloud to Cloud,2025-12-24T18:47:00.478+08:00
2025-12-25 11:19:34,2025-12-24T18:48:00+08:00,2025-12-24T18:50:03+08:00,1.1648,103.6974,C,Cloud to Cloud,2025-12-24T18:47:00.478+08:00
2025-12-25 11:19:34,2025-12-24T18:48:00+08:00,2025-12-24T18:50:03+08:00,1.1637,103.6935,C,Cloud to Cloud,2025-12-24T18:47:00.478+08:00
2025-12-25 11:19:34,2025-12-24T18:48:00+08:00,2025-12-24T18:50:03+08:00,1.1637,103.6935,C,Cloud to Cloud,2025-12-24T18:47:00.478+08:00
2025-12-25 11:19:34,2025-12-24T18:48:00+08:00,2025-12-24T18:50:03+08:00,1.1629,103.6969,C,Cloud to Cloud,2025-12-24T18:47:00.479+08:00
2025-12-25 11:19:34,2025-12-24T18:48:00+08:00,2025-12-24T18:50:03+08:00,1.1609,103.696,C,Cloud to Cloud,2025-12-24T18:47:00.479+08:00
2025-12-25 11:19:34,2025-12-24T18:48:00+08:00,2025-12-24T18:50:03+08:00,1.1613,103.6967,C,Cloud to Cloud,2025-12-24T18:47:00.479+08:00
2025-12-25 11:19:34,2025-12-24T18:48:00+08:00,2025-12-24T18:50:03+08:00,1.1614,103.6963,C,Cloud to Cloud,2025-12-24T18:47:00.48+08:00
2025-12-25 11:19:34,2025-12-24T18:48:00+08:00,2025-12-24T18:50:03+08:00,1.1618,103.6974,C,Cloud to Cloud,2025-12-24T18:47:00.48+08:00
2025-12-25 11:19:34,2025-12-24T18:48:00+08:00,2025-12-24T18:50:03+08:00,1.1581,103.6937,C,Cloud to Cloud,2025-12-24T18:47:00.481+08:00
2025-12-25 11:19:34,2025-12-24T18:48:00+08:00,2025-12-24T18:50:03+08:00,1.1598,103.6953,C,Cloud to Cloud,2025-12-24T18:47:00.482+08:00
2025-12-25 11:19:34,2025-12-24T18:48:00+08:00,2025-12-24T18:50:03+08:00,1.164,103.6955,C,Cloud to Cloud,2025-12-24T18:47:00.482+08:00
2025-12-25 11:19:34,2025-12-24T18:48:00+08:00,2025-12-24T18:50:03+08:00,1.1628,103.6929,C,Cloud to Cloud,2025-12-24T18:47:00.482+08:00
2025-12-25 11:19:34,2025-12-24T18:48:00+08:00,2025-12-24T18:50:03+08:00,1.1581,103.6859,C,Cloud to Cloud,2025-12-24T18:47:00.482+08:00
2025-12-25 11:19:34,2025-12-24T18:48:00+08:00,2025-12-24T18:50:03+08:00,1.1604,103.691,C,Cloud to Cloud,2025-12-24T18:47:00.482+08:00
2025-12-25 11:19:34,2025-12-24T18:48:00+08:00,2025-12-24T18:50:03+08:00,1.158,103.6872,C,Cloud to Cloud,2025-12-24T18:47:00.483+08:00
2025-12-25 11:19:34,2025-12-24T18:48:00+08:00,2025-12-24T18:50:03+08:00,1.1598,103.6911,C,Cloud to Cloud,2025-12-24T18:47:00.483+08:00
2025-12-25 11:19:34,2025-12-24T18:48:00+08:00,2025-12-24T18:50:03+08:00,1.1569,103.6822,C,Cloud to Cloud,2025-12-24T18:47:00.483+08:00
2025-12-25 11:19:34,2025-12-24T18:48:00+08:00,2025-12-24T18:50:03+08:00,1.1562,103.6844,C,Cloud to Cloud,2025-12-24T18:47:00.483+08:00
2025-12-25 11:19:34,2025-12-24T18:48:00+08:00,2025-12-24T18:50:03+08:00,1.1638,103.6897,C,Cloud to Cloud,2025-12-24T18:47:00.483+08:00
2025-12-25 11:19:34,2025-12-24T18:48:00+08:00,2025-12-24T18:50:03+08:00,1.1586,103.6891,C,Cloud to Cloud,2025-12-24T18:47:00.484+08:00
2025-12-25 11:19:34,2025-12-24T18:48:00+08:00,2025-12-24T18:50:03+08:00,1.1586,103.6891,C,Cloud to Cloud,2025-12-24T18:47:00.484+08:00
2025-12-25 11:19:34,2025-12-24T18:48:00+08:00,2025-12-24T18:50:03+08:00,1.1536,103.6808,C,Cloud to Cloud,2025-12-24T18:47:00.484+08:00
2025-12-25 11:19:34,2025-12-24T18:48:00+08:00,2025-12-24T18:50:03+08:00,1.1544,103.6828,C,Cloud to Cloud,2025-12-24T18:47:00.484+08:00
2025-12-25 11:19:34,2025-12-24T18:48:00+08:00,2025-12-24T18:50:03+08:00,1.1554,103.6827,C,Cloud to Cloud,2025-12-24T18:47:00.484+08:00
2025-12-25 11:19:34,2025-12-24T18:48:00+08:00,2025-12-24T18:50:03+08:00,1.1547,103.6821,C,Cloud to Cloud,2025-12-24T18:47:00.484+08:00
2025-12-25 11:19:34,2025-12-24T18:48:00+08:00,2025-12-24T18:50:03+08:00,1.1552,103.6828,C,Cloud to Cloud,2025-12-24T18:47:00.484+08:00
2025-12-25 11:19:34,2025-12-24T18:48:00+08:00,2025-12-24T18:50:03+08:00,1.1536,103.6822,C,Cloud to Cloud,2025-12-24T18:47:00.484+08:00
2025-12-25 11:19:34,2025-12-24T18:48:00+08:00,2025-12-24T18:50:03+08:00,1.156,103.6854,C,Cloud to Cloud,2025-12-24T18:47:00.485+08:00
2025-12-25 11:19:34,2025-12-24T18:48:00+08:00,2025-12-24T18:50:03+08:00,1.1547,103.6819,C,Cloud to Cloud,2025-12-24T18:47:00.485+08:00
2025-12-25 11:19:34,2025-12-24T18:48:00+08:00,2025-12-24T18:50:03+08:00,1.1545,103.6823,C,Cloud to Cloud,2025-12-24T18:47:00.485+08:00
2025-12-25 11:19:34,2025-12-24T18:48:00+08:00,2025-12-24T18:50:03+08:00,1.156,103.6871,C,Cloud to Cloud,2025-12-24T18:47:00.485+08:00
2025-12-25 11:19:34,2025-12-24T18:48:00+08:00,2025-12-24T18:50:03+08:00,1.1539,103.6806,C,Cloud to Cloud,2025-12-24T18:47:00.485+08:00
2025-12-25 11:19:34,2025-12-24T18:48:00+08:00,2025-12-24T18:50:03+08:00,1.1567,103.687,C,Cloud to Cloud,2025-12-24T18:47:00.485+08:00
2025-12-25 11:19:34,2025-12-24T18:48:00+08:00,2025-12-24T18:50:03+08:00,1.1543,103.681,C,Cloud to Cloud,2025-12-24T18:47:00.485+08:00
2025-12-25 11:19:34,2025-12-24T18:48:00+08:00,2025-12-24T18:50:03+08:00,1.1535,103.681,C,Cloud to Cloud,2025-12-24T18:47:00.485+08:00
2025-12-25 11:19:34,2025-12-24T18:48:00+08:00,2025-12-24T18:50:03+08:00,1.1548,103.682,C,Cloud to Cloud,2025-12-24T18:47:00.485+08:00
2025-12-25 11:19:34,2025-12-24T18:48:00+08:00,2025-12-24T18:50:03+08:00,1.1542,103.6852,C,Cloud to Cloud,2025-12-24T18:47:00.485+08:00
2025-12-25 11:19:34,2025-12-24T18:48:00+08:00,2025-12-24T18:50:03+08:00,1.1552,103.6851,C,Cloud to Cloud,2025-12-24T18:47:00.486+08:00
2025-12-25 11:19:34,2025-12-24T18:48:00+08:00,2025-12-24T18:50:03+08:00,1.1551,103.6844,C,Cloud to Cloud,2025-12-24T18:47:00.486+08:00
2025-12-25 11:19:34,2025-12-24T18:48:00+08:00,2025-12-24T18:50:03+08:00,1.1563,103.6861,C,Cloud to Cloud,2025-12-24T18:47:00.486+08:00
2025-12-25 11:19:34,2025-12-24T18:48:00+08:00,2025-12-24T18:50:03+08:00,1.1547,103.6836,C,Cloud to Cloud,2025-12-24T18:47:00.486+08:00
2025-12-25 11:19:34,2025-12-24T18:48:00+08:00,2025-12-24T18:50:03+08:00,1.155,103.6855,C,Cloud to Cloud,2025-12-24T18:47:00.486+08:00
2025-12-25 11:19:34,2025-12-24T18:48:00+08:00,2025-12-24T18:50:03+08:00,1.1548,103.6847,C,Cloud to Cloud,2025-12-24T18:47:00.486+08:00
2025-12-25 11:19:34,2025-12-24T18:48:00+08:00,2025-12-24T18:50:03+08:00,1.1557,103.6857,C,Cloud to Cloud,2025-12-24T18:47:00.486+08:00
2025-12-25 11:19:34,2025-12-24T18:48:00+08:00,2025-12-24T18:50:03+08:00,1.1556,103.6851,C,Cloud to Cloud,2025-12-24T18:47:00.486+08:00
2025-12-25 11:19:34,2025-12-24T18:48:00+08:00,2025-12-24T18:50:03+08:00,1.157,103.6879,C,Cloud to Cloud,2025-12-24T18:47:00.486+08:00
2025-12-25 11:19:34,2025-12-24T18:48:00+08:00,2025-12-24T18:50:03+08:00,1.1539,103.6824,C,Cloud to Cloud,2025-12-24T18:47:00.486+08:00
2025-12-25 11:19:34,2025-12-24T18:48:00+08:00,2025-12-24T18:50:03+08:00,1.1576,103.6895,C,Cloud to Cloud,2025-12-24T18:47:00.487+08:00
2025-12-25 11:19:34,2025-12-24T18:48:00+08:00,2025-12-24T18:50:03+08:00,1.154,103.6839,C,Cloud to Cloud,2025-12-24T18:47:00.487+08:00
2025-12-25 11:19:34,2025-12-24T18:48:00+08:00,2025-12-24T18:50:03+08:00,1.1564,103.6871,C,Cloud to Cloud,2025-12-24T18:47:00.487+08:00
2025-12-25 11:19:34,2025-12-24T18:48:00+08:00,2025-12-24T18:50:03+08:00,1.1545,103.6835,C,Cloud to Cloud,2025-12-24T18:47:00.487+08:00
2025-12-25 11:19:34,2025-12-24T18:48:00+08:00,2025-12-24T18:50:03+08:00,1.1535,103.6811,C,Cloud to Cloud,2025-12-24T18:47:00.487+08:00
2025-12-25 11:19:34,2025-12-24T18:48:00+08:00,2025-12-24T18:50:03+08:00,1.1544,103.683,C,Cloud to Cloud,2025-12-24T18:47:00.487+08:00
2025-12-25 11:19:34,2025-12-24T18:48:00+08:00,2025-12-24T18:50:03+08:00,1.1534,103.682,C,Cloud to Cloud,2025-12-24T18:47:00.487+08:00
2025-12-25 11:19:34,2025-12-24T18:48:00+08:00,2025-12-24T18:50:03+08:00,1.156,103.6849,C,Cloud to Cloud,2025-12-24T18:47:00.487+08:00
2025-12-25 11:19:34,2025-12-24T18:48:00+08:00,2025-12-24T18:50:03+08:00,1.1542,103.6838,C,Cloud to Cloud,2025-12-24T18:47:00.487+08:00
2025-12-25 11:19:34,2025-12-24T18:48:00+08:00,2025-12-24T18:50:03+08:00,1.1561,103.687,C,Cloud to Cloud,2025-12-24T18:47:00.487+08:00
2025-12-25 11:19:34,2025-12-24T18:48:00+08:00,2025-12-24T18:50:03+08:00,1.1571,103.6894,C,Cloud to Cloud,2025-12-24T18:47:00.488+08:00
2025-12-25 11:19:34,2025-12-24T18:48:00+08:00,2025-12-24T18:50:03+08:00,1.1558,103.686,C,Cloud to Cloud,2025-12-24T18:47:00.488+08:00
2025-12-25 11:19:34,2025-12-24T18:48:00+08:00,2025-12-24T18:50:03+08:00,1.1571,103.6879,C,Cloud to Cloud,2025-12-24T18:47:00.488+08:00
2025-12-25 11:19:34,2025-12-24T18:48:00+08:00,2025-12-24T18:50:03+08:00,1.1553,103.6844,C,Cloud to Cloud,2025-12-24T18:47:00.488+08:00
2025-12-25 11:19:34,2025-12-24T18:48:00+08:00,2025-12-24T18:50:03+08:00,1.1575,103.6903,C,Cloud to Cloud,2025-12-24T18:47:00.488+08:00
2025-12-25 11:19:34,2025-12-24T18:48:00+08:00,2025-12-24T18:50:03+08:00,1.1384,103.6745,C,Cloud to Cloud,2025-12-24T18:47:00.488+08:00
2025-12-25 11:19:34,2025-12-24T18:48:00+08:00,2025-12-24T18:50:03+08:00,1.1536,103.6826,C,Cloud to Cloud,2025-12-24T18:47:00.488+08:00
2025-12-25 11:19:34,2025-12-24T18:48:00+08:00,2025-12-24T18:50:03+08:00,1.1554,103.6864,C,Cloud to Cloud,2025-12-24T18:47:00.488+08:00
2025-12-25 11:19:34,2025-12-24T18:48:00+08:00,2025-12-24T18:50:03+08:00,1.1553,103.6863,C,Cloud to Cloud,2025-12-24T18:47:00.488+08:00
2025-12-25 11:19:34,2025-12-24T18:48:00+08:00,2025-12-24T18:50:03+08:00,1.158,103.6888,C,Cloud to Cloud,2025-12-24T18:47:00.488+08:00
2025-12-25 11:19:34,2025-12-24T18:48:00+08:00,2025-12-24T18:50:03+08:00,1.1564,103.6859,C,Cloud to Cloud,2025-12-24T18:47:00.489+08:00
2025-12-25 11:19:34,2025-12-24T18:48:00+08:00,2025-12-24T18:50:03+08:00,1.1539,103.6834,C,Cloud to Cloud,2025-12-24T18:47:00.489+08:00
2025-12-25 11:19:34,2025-12-24T18:48:00+08:00,2025-12-24T18:50:03+08:00,1.1552,103.6854,C,Cloud to Cloud,2025-12-24T18:47:00.489+08:00
2025-12-25 11:19:34,2025-12-24T18:48:00+08:00,2025-12-24T18:50:03+08:00,1.1566,103.6875,C,Cloud to Cloud,2025-12-24T18:47:00.489+08:00
2025-12-25 11:19:34,2025-12-24T18:48:00+08:00,2025-12-24T18:50:03+08:00,1.1546,103.6848,C,Cloud to Cloud,2025-12-24T18:47:00.489+08:00
2025-12-25 11:19:34,2025-12-24T18:48:00+08:00,2025-12-24T18:50:03+08:00,1.1564,103.6866,C,Cloud to Cloud,2025-12-24T18:47:00.489+08:00
2025-12-25 11:19:34,2025-12-24T18:48:00+08:00,2025-12-24T18:50:03+08:00,1.1534,103.6846,C,Cloud to Cloud,2025-12-24T18:47:00.489+08:00
2025-12-25 11:19:34,2025-12-24T18:48:00+08:00,2025-12-24T18:50:03+08:00,1.1564,103.6884,C,Cloud to Cloud,2025-12-24T18:47:00.489+08:00
2025-12-25 11:19:34,2025-12-24T18:48:00+08:00,2025-12-24T18:50:03+08:00,1.1395,103.678,C,Cloud to Cloud,2025-12-24T18:47:00.489+08:00
2025-12-25 11:19:34,2025-12-24T18:48:00+08:00,2025-12-24T18:50:03+08:00,1.1437,103.6781,C,Cloud to Cloud,2025-12-24T18:47:00.489+08:00
2025-12-25 11:19:34,2025-12-24T18:48:00+08:00,2025-12-24T18:50:03+08:00,1.1531,103.6833,C,Cloud to Cloud,2025-12-24T18:47:00.49+08:00
2025-12-25 11:19:34,2025-12-24T18:48:00+08:00,2025-12-24T18:50:03+08:00,1.1563,103.6851,C,Cloud to Cloud,2025-12-24T18:47:00.49+08:00
2025-12-25 11:19:34,2025-12-24T18:48:00+08:00,2025-12-24T18:50:03+08:00,1.1534,103.6844,C,Cloud to Cloud,2025-12-24T18:47:00.49+08:00
2025-12-25 11:19:34,2025-12-24T18:48:00+08:00,2025-12-24T18:50:03+08:00,1.1531,103.6819,C,Cloud to Cloud,2025-12-24T18:47:00.49+08:00
2025-12-25 11:19:34,2025-12-24T18:48:00+08:00,2025-12-24T18:50:03+08:00,1.1407,103.6757,C,Cloud to Cloud,2025-12-24T18:47:00.49+08:00
2025-12-25 11:19:34,2025-12-24T18:48:00+08:00,2025-12-24T18:50:03+08:00,1.1553,103.6865,C,Cloud to Cloud,2025-12-24T18:47:00.49+08:00
2025-12-25 11:19:34,2025-12-24T18:48:00+08:00,2025-12-24T18:50:03+08:00,1.1513,103.6835,C,Cloud to Cloud,2025-12-24T18:47:00.49+08:00
2025-12-25 11:19:34,2025-12-24T18:48:00+08:00,2025-12-24T18:50:03+08:00,1.1378,103.6753,C,Cloud to Cloud,2025-12-24T18:47:00.49+08:00
2025-12-25 11:19:34,2025-12-24T18:48:00+08:00,2025-12-24T18:50:03+08:00,1.1554,103.6867,C,Cloud to Cloud,2025-12-24T18:47:00.49+08:00
2025-12-25 11:19:34,2025-12-24T18:48:00+08:00,2025-12-24T18:50:03+08:00,1.1377,103.673,C,Cloud to Cloud,2025-12-24T18:47:00.49+08:00
2025-12-25 11:19:34,2025-12-24T18:48:00+08:00,2025-12-24T18:50:03+08:00,1.1451,103.6762,C,Cloud to Cloud,2025-12-24T18:47:00.49+08:00
2025-12-25 11:19:34,2025-12-24T18:48:00+08:00,2025-12-24T18:50:03+08:00,1.1536,103.6843,C,Cloud to Cloud,2025-12-24T18:47:00.491+08:00
2025-12-25 11:19:34,2025-12-24T18:48:00+08:00,2025-12-24T18:50:03+08:00,1.1364,103.6768,C,Cloud to Cloud,2025-12-24T18:47:00.491+08:00
2025-12-25 11:19:34,2025-12-24T18:48:00+08:00,2025-12-24T18:50:03+08:00,1.143,103.6788,C,Cloud to Cloud,2025-12-24T18:47:00.491+08:00
2025-12-25 11:19:34,2025-12-24T18:48:00+08:00,2025-12-24T18:50:03+08:00,1.1459,103.6765,C,Cloud to Cloud,2025-12-24T18:47:00.491+08:00
2025-12-25 11:19:34,2025-12-24T18:48:00+08:00,2025-12-24T18:50:03+08:00,1.1548,103.6864,C,Cloud to Cloud,2025-12-24T18:47:00.491+08:00
2025-12-25 11:19:34,2025-12-24T18:48:00+08:00,2025-12-24T18:50:03+08:00,1.1529,103.682,C,Cloud to Cloud,2025-12-24T18:47:00.491+08:00
2025-12-25 11:19:34,2025-12-24T18:48:00+08:00,2025-12-24T18:50:03+08:00,1.1487,103.677,C,Cloud to Cloud,2025-12-24T18:47:00.491+08:00
2025-12-25 11:19:34,2025-12-24T18:48:00+08:00,2025-12-24T18:50:03+08:00,1.1549,103.6844,C,Cloud to Cloud,2025-12-24T18:47:00.491+08:00
2025-12-25 11:19:34,2025-12-24T18:48:00+08:00,2025-12-24T18:50:03+08:00,1.1491,103.6775,C,Cloud to Cloud,2025-12-24T18:47:00.491+08:00
2025-12-25 11:19:34,2025-12-24T18:48:00+08:00,2025-12-24T18:50:03+08:00,1.1396,103.6751,C,Cloud to Cloud,2025-12-24T18:47:00.492+08:00
2025-12-25 11:19:34,2025-12-24T18:48:00+08:00,2025-12-24T18:50:03+08:00,1.1388,103.676,C,Cloud to Cloud,2025-12-24T18:47:00.492+08:00
2025-12-25 11:19:34,2025-12-24T18:48:00+08:00,2025-12-24T18:50:03+08:00,1.1383,103.6754,C,Cloud to Cloud,2025-12-24T18:47:00.492+08:00
2025-12-25 11:19:34,2025-12-24T18:48:00+08:00,2025-12-24T18:50:03+08:00,1.1524,103.6808,C,Cloud to Cloud,2025-12-24T18:47:00.492+08:00
2025-12-25 11:19:34,2025-12-24T18:48:00+08:00,2025-12-24T18:50:03+08:00,1.1369,103.6715,C,Cloud to Cloud,2025-12-24T18:47:00.492+08:00
2025-12-25 11:19:34,2025-12-24T18:48:00+08:00,2025-12-24T18:50:03+08:00,1.1387,103.6738,C,Cloud to Cloud,2025-12-24T18:47:00.492+08:00
2025-12-25 11:19:34,2025-12-24T18:48:00+08:00,2025-12-24T18:50:03+08:00,1.1379,103.6735,C,Cloud to Cloud,2025-12-24T18:47:00.492+08:00
2025-12-25 11:19:34,2025-12-24T18:48:00+08:00,2025-12-24T18:50:03+08:00,1.141,103.6749,C,Cloud to Cloud,2025-12-24T18:47:00.492+08:00
2025-12-25 11:19:34,2025-12-24T18:48:00+08:00,2025-12-24T18:50:03+08:00,1.1378,103.6747,C,Cloud to Cloud,2025-12-24T18:47:00.492+08:00
2025-12-25 11:19:34,2025-12-24T18:48:00+08:00,2025-12-24T18:50:03+08:00,1.1366,103.6731,C,Cloud to Cloud,2025-12-24T18:47:00.492+08:00
2025-12-25 11:19:34,2025-12-24T18:48:00+08:00,2025-12-24T18:50:03+08:00,1.1508,103.6788,C,Cloud to Cloud,2025-12-24T18:47:00.493+08:00
2025-12-25 11:19:34,2025-12-24T18:48:00+08:00,2025-12-24T18:50:03+08:00,1.1452,103.6778,C,Cloud to Cloud,2025-12-24T18:47:00.493+08:00
2025-12-25 11:19:34,2025-12-24T18:48:00+08:00,2025-12-24T18:50:03+08:00,1.1426,103.6749,C,Cloud to Cloud,2025-12-24T18:47:00.493+08:00
2025-12-25 11:19:34,2025-12-24T18:48:00+08:00,2025-12-24T18:50:03+08:00,1.1415,103.6749,C,Cloud to Cloud,2025-12-24T18:47:00.493+08:00
2025-12-25 11:19:34,2025-12-24T18:48:00+08:00,2025-12-24T18:50:03+08:00,1.1479,103.6773,C,Cloud to Cloud,2025-12-24T18:47:00.493+08:00
2025-12-25 11:19:34,2025-12-24T18:48:00+08:00,2025-12-24T18:50:03+08:00,1.1479,103.6773,C,Cloud to Cloud,2025-12-24T18:47:00.493+08:00
2025-12-25 11:19:34,2025-12-24T18:48:00+08:00,2025-12-24T18:50:03+08:00,1.1516,103.6794,C,Cloud to Cloud,2025-12-24T18:47:00.493+08:00
2025-12-25 11:19:34,2025-12-24T18:48:00+08:00,2025-12-24T18:50:03+08:00,1.1403,103.6761,C,Cloud to Cloud,2025-12-24T18:47:00.493+08:00
2025-12-25 11:19:34,2025-12-24T18:48:00+08:00,2025-12-24T18:50:03+08:00,1.1551,103.6827,C,Cloud to Cloud,2025-12-24T18:47:00.493+08:00
2025-12-25 11:19:34,2025-12-24T18:48:00+08:00,2025-12-24T18:50:03+08:00,1.1516,103.6785,C,Cloud to Cloud,2025-12-24T18:47:00.493+08:00
2025-12-25 11:19:34,2025-12-24T18:48:00+08:00,2025-12-24T18:50:03+08:00,1.1447,103.6751,C,Cloud to Cloud,2025-12-24T18:47:00.493+08:00
2025-12-25 11:19:34,2025-12-24T18:48:00+08:00,2025-12-24T18:50:03+08:00,1.1433,103.6759,C,Cloud to Cloud,2025-12-24T18:47:00.494+08:00
2025-12-25 11:19:34,2025-12-24T18:48:00+08:00,2025-12-24T18:50:03+08:00,1.138,103.6716,C,Cloud to Cloud,2025-12-24T18:47:00.494+08:00
2025-12-25 11:19:34,2025-12-24T18:48:00+08:00,2025-12-24T18:50:03+08:00,1.1404,103.6748,C,Cloud to Cloud,2025-12-24T18:47:00.494+08:00
2025-12-25 11:19:34,2025-12-24T18:48:00+08:00,2025-12-24T18:50:03+08:00,1.1514,103.6764,C,Cloud to Cloud,2025-12-24T18:47:00.494+08:00
2025-12-25 11:19:34,2025-12-24T18:48:00+08:00,2025-12-24T18:50:03+08:00,1.1514,103.6764,C,Cloud to Cloud,2025-12-24T18:47:00.494+08:00
2025-12-25 11:19:34,2025-12-24T18:48:00+08:00,2025-12-24T18:50:03+08:00,1.1548,103.6808,C,Cloud to Cloud,2025-12-24T18:47:00.494+08:00
2025-12-25 11:19:34,2025-12-24T18:48:00+08:00,2025-12-24T18:50:03+08:00,1.1532,103.6798,C,Cloud to Cloud,2025-12-24T18:47:00.494+08:00
2025-12-25 11:19:34,2025-12-24T18:48:00+08:00,2025-12-24T18:50:03+08:00,1.1395,103.6735,C,Cloud to Cloud,2025-12-24T18:47:00.494+08:00
2025-12-25 11:19:34,2025-12-24T18:48:00+08:00,2025-12-24T18:50:03+08:00,1.1375,103.6709,C,Cloud to Cloud,2025-12-24T18:47:00.494+08:00
2025-12-25 11:19:34,2025-12-24T18:48:00+08:00,2025-12-24T18:50:03+08:00,1.1546,103.679,C,Cloud to Cloud,2025-12-24T18:47:00.494+08:00
2025-12-25 11:19:34,2025-12-24T18:48:00+08:00,2025-12-24T18:50:03+08:00,1.1547,103.6791,C,Cloud to Cloud,2025-12-24T18:47:00.494+08:00
2025-12-25 11:19:34,2025-12-24T18:48:00+08:00,2025-12-24T18:50:03+08:00,1.1373,103.6699,C,Cloud to Cloud,2025-12-24T18:47:00.494+08:00
2025-12-25 11:19:34,2025-12-24T18:48:00+08:00,2025-12-24T18:50:03+08:00,1.1416,103.6737,C,Cloud to Cloud,2025-12-24T18:47:00.495+08:00
2025-12-25 11:19:34,2025-12-24T18:48:00+08:00,2025-12-24T18:50:03+08:00,1.1387,103.6738,C,Cloud to Cloud,2025-12-24T18:47:00.495+08:00
2025-12-25 11:19:34,2025-12-24T18:48:00+08:00,2025-12-24T18:50:03+08:00,1.1393,103.6726,C,Cloud to Cloud,2025-12-24T18:47:00.495+08:00
2025-12-25 11:19:34,2025-12-24T18:48:00+08:00,2025-12-24T18:50:03+08:00,1.1528,103.6774,C,Cloud to Cloud,2025-12-24T18:47:00.495+08:00
2025-12-25 11:19:34,2025-12-24T18:48:00+08:00,2025-12-24T18:50:03+08:00,1.1525,103.6777,C,Cloud to Cloud,2025-12-24T18:47:00.495+08:00
2025-12-25 11:19:34,2025-12-24T18:48:00+08:00,2025-12-24T18:50:03+08:00,1.1525,103.6777,C,Cloud to Cloud,2025-12-24T18:47:00.495+08:00
2025-12-25 11:19:34,2025-12-24T18:48:00+08:00,2025-12-24T18:50:03+08:00,1.1359,103.6708,C,Cloud to Cloud,2025-12-24T18:47:00.495+08:00
2025-12-25 11:19:34,2025-12-24T18:48:00+08:00,2025-12-24T18:50:03+08:00,1.1531,103.6767,C,Cloud to Cloud,2025-12-24T18:47:00.495+08:00
2025-12-25 11:19:34,2025-12-24T18:48:00+08:00,2025-12-24T18:50:03+08:00,1.1506,103.6766,C,Cloud to Cloud,2025-12-24T18:47:00.495+08:00
2025-12-25 11:19:34,2025-12-24T18:48:00+08:00,2025-12-24T18:50:03+08:00,1.1537,103.6798,C,Cloud to Cloud,2025-12-24T18:47:00.495+08:00
2025-12-25 11:19:34,2025-12-24T18:48:00+08:00,2025-12-24T18:50:03+08:00,1.1551,103.6804,C,Cloud to Cloud,2025-12-24T18:47:00.495+08:00
2025-12-25 11:19:34,2025-12-24T18:48:00+08:00,2025-12-24T18:50:03+08:00,1.1516,103.6768,C,Cloud to Cloud,2025-12-24T18:47:00.496+08:00
2025-12-25 11:19:34,2025-12-24T18:48:00+08:00,2025-12-24T18:50:03+08:00,1.1422,103.6704,C,Cloud to Cloud,2025-12-24T18:47:00.496+08:00
2025-12-25 11:19:34,2025-12-24T18:48:00+08:00,2025-12-24T18:50:03+08:00,1.1468,103.6769,C,Cloud to Cloud,2025-12-24T18:47:00.496+08:00
2025-12-25 11:19:34,2025-12-24T18:48:00+08:00,2025-12-24T18:50:03+08:00,1.1555,103.68,C,Cloud to Cloud,2025-12-24T18:47:00.496+08:00
2025-12-25 11:19:34,2025-12-24T18:48:00+08:00,2025-12-24T18:50:03+08:00,1.1555,103.68,C,Cloud to Cloud,2025-12-24T18:47:00.496+08:00
2025-12-25 11:19:34,2025-12-24T18:48:00+08:00,2025-12-24T18:50:03+08:00,1.1557,103.6799,C,Cloud to Cloud,2025-12-24T18:47:00.496+08:00
2025-12-25 11:19:34,2025-12-24T18:48:00+08:00,2025-12-24T18:50:03+08:00,1.1537,103.6786,C,Cloud to Cloud,2025-12-24T18:47:00.496+08:00
2025-12-25 11:19:34,2025-12-24T18:48:00+08:00,2025-12-24T18:50:03+08:00,1.1474,103.6747,C,Cloud to Cloud,2025-12-24T18:47:00.496+08:00
2025-12-25 11:19:34,2025-12-24T18:48:00+08:00,2025-12-24T18:50:03+08:00,1.1567,103.6807,C,Cloud to Cloud,2025-12-24T18:47:00.496+08:00
2025-12-25 11:19:34,2025-12-24T18:48:00+08:00,2025-12-24T18:50:03+08:00,1.1548,103.6784,C,Cloud to Cloud,2025-12-24T18:47:00.496+08:00
2025-12-25 11:19:34,2025-12-24T18:48:00+08:00,2025-12-24T18:50:03+08:00,1.155,103.6767,C,Cloud to Cloud,2025-12-24T18:47:00.496+08:00
2025-12-25 11:19:34,2025-12-24T18:48:00+08:00,2025-12-24T18:50:03+08:00,1.155,103.6767,C,Cloud to Cloud,2025-12-24T18:47:00.496+08:00
2025-12-25 11:19:34,2025-12-24T18:48:00+08:00,2025-12-24T18:50:03+08:00,1.1481,103.6756,C,Cloud to Cloud,2025-12-24T18:47:00.497+08:00
2025-12-25 11:19:34,2025-12-24T18:48:00+08:00,2025-12-24T18:50:03+08:00,1.1471,103.677,C,Cloud to Cloud,2025-12-24T18:47:00.497+08:00
2025-12-25 11:19:34,2025-12-24T18:48:00+08:00,2025-12-24T18:50:03+08:00,1.1381,103.6703,C,Cloud to Cloud,2025-12-24T18:47:00.497+08:00
2025-12-25 11:19:34,2025-12-24T18:48:00+08:00,2025-12-24T18:50:03+08:00,1.1379,103.6699,C,Cloud to Cloud,2025-12-24T18:47:00.497+08:00
2025-12-25 11:19:34,2025-12-24T18:48:00+08:00,2025-12-24T18:50:03+08:00,1.1376,103.6702,C,Cloud to Cloud,2025-12-24T18:47:00.497+08:00
2025-12-25 11:19:34,2025-12-24T18:48:00+08:00,2025-12-24T18:50:03+08:00,1.1566,103.6814,C,Cloud to Cloud,2025-12-24T18:47:00.497+08:00
2025-12-25 11:19:34,2025-12-24T18:48:00+08:00,2025-12-24T18:50:03+08:00,1.1566,103.6788,C,Cloud to Cloud,2025-12-24T18:47:00.497+08:00
2025-12-25 11:19:34,2025-12-24T18:48:00+08:00,2025-12-24T18:50:03+08:00,1.1566,103.6788,C,Cloud to Cloud,2025-12-24T18:47:00.497+08:00
2025-12-25 11:19:34,2025-12-24T18:48:00+08:00,2025-12-24T18:50:03+08:00,1.1571,103.6788,C,Cloud to Cloud,2025-12-24T18:47:00.497+08:00
2025-12-25 11:19:34,2025-12-24T18:48:00+08:00,2025-12-24T18:50:03+08:00,1.1567,103.6812,C,Cloud to Cloud,2025-12-24T18:47:00.497+08:00
2025-12-25 11:19:34,2025-12-24T18:48:00+08:00,2025-12-24T18:50:03+08:00,1.1564,103.681,C,Cloud to Cloud,2025-12-24T18:47:00.497+08:00
2025-12-25 11:19:34,2025-12-24T18:48:00+08:00,2025-12-24T18:50:03+08:00,1.1554,103.6784,C,Cloud to Cloud,2025-12-24T18:47:00.498+08:00
2025-12-25 11:19:34,2025-12-24T18:48:00+08:00,2025-12-24T18:50:03+08:00,1.1381,103.6709,C,Cloud to Cloud,2025-12-24T18:47:00.498+08:00
2025-12-25 11:19:34,2025-12-24T18:48:00+08:00,2025-12-24T18:50:03+08:00,1.1388,103.6719,C,Cloud to Cloud,2025-12-24T18:47:00.498+08:00
2025-12-25 11:19:34,2025-12-24T18:48:00+08:00,2025-12-24T18:50:03+08:00,1.1531,103.6777,C,Cloud to Cloud,2025-12-24T18:47:00.498+08:00
2025-12-25 11:19:34,2025-12-24T18:48:00+08:00,2025-12-24T18:50:03+08:00,1.1564,103.6797,C,Cloud to Cloud,2025-12-24T18:47:00.498+08:00
2025-12-25 11:19:34,2025-12-24T18:48:00+08:00,2025-12-24T18:50:03+08:00,1.1407,103.6724,C,Cloud to Cloud,2025-12-24T18:47:00.498+08:00
2025-12-25 11:19:34,2025-12-24T18:48:00+08:00,2025-12-24T18:50:03+08:00,1.1414,103.6733,C,Cloud to Cloud,2025-12-24T18:47:00.498+08:00
2025-12-25 11:19:34,2025-12-24T18:48:00+08:00,2025-12-24T18:50:03+08:00,1.1568,103.6801,C,Cloud to Cloud,2025-12-24T18:47:00.498+08:00
2025-12-25 11:19:34,2025-12-24T18:48:00+08:00,2025-12-24T18:50:03+08:00,1.1557,103.6789,C,Cloud to Cloud,2025-12-24T18:47:00.498+08:00
2025-12-25 11:19:34,2025-12-24T18:48:00+08:00,2025-12-24T18:50:03+08:00,1.1574,103.6819,C,Cloud to Cloud,2025-12-24T18:47:00.498+08:00
2025-12-25 11:19:34,2025-12-24T18:48:00+08:00,2025-12-24T18:50:03+08:00,1.1555,103.6814,C,Cloud to Cloud,2025-12-24T18:47:00.499+08:00
2025-12-25 11:19:34,2025-12-24T18:48:00+08:00,2025-12-24T18:50:03+08:00,1.1397,103.6745,C,Cloud to Cloud,2025-12-24T18:47:00.499+08:00
2025-12-25 11:19:34,2025-12-24T18:48:00+08:00,2025-12-24T18:50:03+08:00,1.1375,103.6715,C,Cloud to Cloud,2025-12-24T18:47:00.499+08:00
2025-12-25 11:19:34,2025-12-24T18:48:00+08:00,2025-12-24T18:50:03+08:00,1.1582,103.683,C,Cloud to Cloud,2025-12-24T18:47:00.499+08:00
2025-12-25 11:19:34,2025-12-24T18:48:00+08:00,2025-12-24T18:50:03+08:00,1.1587,103.6809,C,Cloud to Cloud,2025-12-24T18:47:00.499+08:00
2025-12-25 11:19:34,2025-12-24T18:48:00+08:00,2025-12-24T18:50:03+08:00,1.1569,103.6797,C,Cloud to Cloud,2025-12-24T18:47:00.499+08:00
2025-12-25 11:19:34,2025-12-24T18:48:00+08:00,2025-12-24T18:50:03+08:00,1.1579,103.6809,C,Cloud to Cloud,2025-12-24T18:47:00.499+08:00
2025-12-25 11:19:34,2025-12-24T18:48:00+08:00,2025-12-24T18:50:03+08:00,1.1564,103.6801,C,Cloud to Cloud,2025-12-24T18:47:00.499+08:00
2025-12-25 11:19:34,2025-12-24T18:48:00+08:00,2025-12-24T18:50:03+08:00,1.1585,103.6827,C,Cloud to Cloud,2025-12-24T18:47:00.499+08:00
2025-12-25 11:19:34,2025-12-24T18:48:00+08:00,2025-12-24T18:50:03+08:00,1.1579,103.6809,C,Cloud to Cloud,2025-12-24T18:47:00.499+08:00
2025-12-25 11:19:34,2025-12-24T18:48:00+08:00,2025-12-24T18:50:03+08:00,1.1583,103.6819,C,Cloud to Cloud,2025-12-24T18:47:00.5+08:00
2025-12-25 11:19:34,2025-12-24T18:48:00+08:00,2025-12-24T18:50:03+08:00,1.1572,103.6814,C,Cloud to Cloud,2025-12-24T18:47:00.5+08:00
2025-12-25 11:19:34,2025-12-24T18:48:00+08:00,2025-12-24T18:50:03+08:00,1.1512,103.6786,C,Cloud to Cloud,2025-12-24T18:47:00.5+08:00
2025-12-25 11:19:34,2025-12-24T18:48:00+08:00,2025-12-24T18:50:03+08:00,1.1447,103.6738,G,Cloud to Ground,2025-12-24T18:47:00.5+08:00
2025-12-25 11:19:34,2025-12-24T18:48:00+08:00,2025-12-24T18:50:03+08:00,1.1565,103.6839,C,Cloud to Cloud,2025-12-24T18:47:00.5+08:00
2025-12-25 11:19:34,2025-12-24T18:48:00+08:00,2025-12-24T18:50:03+08:00,1.1593,103.6863,C,Cloud to Cloud,2025-12-24T18:47:00.5+08:00
2025-12-25 11:19:34,2025-12-24T18:48:00+08:00,2025-12-24T18:50:03+08:00,1.1546,103.6854,C,Cloud to Cloud,2025-12-24T18:47:00.5+08:00
2025-12-25 11:19:34,2025-12-24T18:48:00+08:00,2025-12-24T18:50:03+08:00,1.1616,103.6947,C,Cloud to Cloud,2025-12-24T18:47:00.5+08:00
2025-12-25 11:19:34,2025-12-24T18:48:00+08:00,2025-12-24T18:50:03+08:00,1.1648,103.6942,C,Cloud to Cloud,2025-12-24T18:47:00.5+08:00
2025-12-25 11:19:34,2025-12-24T18:48:00+08:00,2025-12-24T18:50:03+08:00,1.1775,103.6853,C,Cloud to Cloud,2025-12-24T18:47:00.529+08:00
2025-12-25 11:19:34,2025-12-24T18:48:00+08:00,2025-12-24T18:50:03+08:00,1.2299,103.651,C,Cloud to Cloud,2025-12-24T18:47:00.529+08:00
2025-12-25 11:19:34,2025-12-24T18:48:00+08:00,2025-12-24T18:50:03+08:00,1.1775,103.6853,C,Cloud to Cloud,2025-12-24T18:47:00.529+08:00
2025-12-25 11:19:34,2025-12-24T18:48:00+08:00,2025-12-24T18:50:03+08:00,1.1884,103.6824,C,Cloud to Cloud,2025-12-24T18:47:00.591+08:00
2025-12-25 11:19:34,2025-12-24T18:48:00+08:00,2025-12-24T18:50:03+08:00,1.1766,103.6777,C,Cloud to Cloud,2025-12-24T18:47:00.591+08:00
2025-12-25 11:19:34,2025-12-24T18:48:00+08:00,2025-12-24T18:50:03+08:00,1.1462,103.6584,C,Cloud to Cloud,2025-12-24T18:47:00.591+08:00
2025-12-25 11:19:34,2025-12-24T18:48:00+08:00,2025-12-24T18:50:03+08:00,1.1702,103.6932,C,Cloud to Cloud,2025-12-24T18:47:00.591+08:00
2025-12-25 11:19:34,2025-12-24T18:48:00+08:00,2025-12-24T18:50:03+08:00,1.1574,103.6962,C,Cloud to Cloud,2025-12-24T18:47:00.591+08:00
2025-12-25 11:19:34,2025-12-24T18:48:00+08:00,2025-12-24T18:50:03+08:00,1.1709,103.6946,C,Cloud to Cloud,2025-12-24T18:47:00.591+08:00
2025-12-25 11:19:34,2025-12-24T18:48:00+08:00,2025-12-24T18:50:03+08:00,1.1631,103.6888,C,Cloud to Cloud,2025-12-24T18:47:00.591+08:00
2025-12-25 11:19:34,2025-12-24T18:48:00+08:00,2025-12-24T18:50:03+08:00,1.1609,103.6828,C,Cloud to Cloud,2025-12-24T18:47:00.591+08:00
2025-12-25 11:19:34,2025-12-24T18:48:00+08:00,2025-12-24T18:50:03+08:00,1.1615,103.6829,C,Cloud to Cloud,2025-12-24T18:47:00.592+08:00
2025-12-25 11:19:34,2025-12-24T18:48:00+08:00,2025-12-24T18:50:03+08:00,1.1792,103.6845,C,Cloud to Cloud,2025-12-24T18:47:00.592+08:00
2025-12-25 11:19:34,2025-12-24T18:48:00+08:00,2025-12-24T18:50:03+08:00,1.1545,103.6765,C,Cloud to Cloud,2025-12-24T18:47:00.592+08:00
2025-12-25 11:19:34,2025-12-24T18:48:00+08:00,2025-12-24T18:50:03+08:00,1.1527,103.6784,C,Cloud to Cloud,2025-12-24T18:47:00.592+08:00
2025-12-25 11:19:34,2025-12-24T18:48:00+08:00,2025-12-24T18:50:03+08:00,1.1576,103.6817,C,Cloud to Cloud,2025-12-24T18:47:00.592+08:00
2025-12-25 11:19:34,2025-12-24T18:48:00+08:00,2025-12-24T18:50:03+08:00,1.1502,103.6777,C,Cloud to Cloud,2025-12-24T18:47:00.592+08:00
2025-12-25 11:19:34,2025-12-24T18:48:00+08:00,2025-12-24T18:50:03+08:00,1.1369,103.6714,C,Cloud to Cloud,2025-12-24T18:47:00.592+08:00
2025-12-25 11:19:34,2025-12-24T18:48:00+08:00,2025-12-24T18:50:03+08:00,1.1388,103.6712,C,Cloud to Cloud,2025-12-24T18:47:00.592+08:00
2025-12-25 11:19:34,2025-12-24T18:48:00+08:00,2025-12-24T18:50:03+08:00,1.1704,103.6831,C,Cloud to Cloud,2025-12-24T18:47:00.592+08:00
2025-12-25 11:19:34,2025-12-24T18:48:00+08:00,2025-12-24T18:50:03+08:00,1.1504,103.6649,C,Cloud to Cloud,2025-12-24T18:47:00.593+08:00
2025-12-25 11:19:34,2025-12-24T18:48:00+08:00,2025-12-24T18:50:03+08:00,1.1619,103.6674,C,Cloud to Cloud,2025-12-24T18:47:00.593+08:00
2025-12-25 11:19:34,2025-12-24T18:48:00+08:00,2025-12-24T18:50:03+08:00,1.1718,103.6817,C,Cloud to Cloud,2025-12-24T18:47:00.593+08:00
2025-12-25 11:19:34,2025-12-24T18:48:00+08:00,2025-12-24T18:50:03+08:00,1.1733,103.6008,C,Cloud to Cloud,2025-12-24T18:47:00.593+08:00
2025-12-25 11:19:34,2025-12-24T18:48:00+08:00,2025-12-24T18:50:03+08:00,1.1565,103.664,C,Cloud to Cloud,2025-12-24T18:47:00.594+08:00
2025-12-25 11:19:34,2025-12-24T18:48:00+08:00,2025-12-24T18:50:03+08:00,1.1437,103.6711,G,Cloud to Ground,2025-12-24T18:47:00.596+08:00
2025-12-25 11:19:34,2025-12-24T18:48:00+08:00,2025-12-24T18:50:03+08:00,1.2185,103.6756,C,Cloud to Cloud,2025-12-24T18:47:00.598+08:00
2025-12-25 11:19:34,2025-12-24T18:48:00+08:00,2025-12-24T18:50:03+08:00,1.2044,103.6684,C,Cloud to Cloud,2025-12-24T18:47:00.665+08:00
2025-12-25 11:19:34,2025-12-24T18:48:00+08:00,2025-12-24T18:50:03+08:00,1.2013,103.6608,C,Cloud to Cloud,2025-12-24T18:47:00.665+08:00
2025-12-25 11:19:34,2025-12-24T18:48:00+08:00,2025-12-24T18:50:03+08:00,1.1969,103.6629,C,Cloud to Cloud,2025-12-24T18:47:00.665+08:00
2025-12-25 11:19:34,2025-12-24T18:48:00+08:00,2025-12-24T18:50:03+08:00,1.1988,103.6703,C,Cloud to Cloud,2025-12-24T18:47:00.665+08:00
2025-12-25 11:19:34,2025-12-24T18:48:00+08:00,2025-12-24T18:50:03+08:00,1.1993,103.6729,C,Cloud to Cloud,2025-12-24T18:47:00.665+08:00
2025-12-25 11:19:34,2025-12-24T18:48:00+08:00,2025-12-24T18:50:03+08:00,1.1928,103.6571,C,Cloud to Cloud,2025-12-24T18:47:42.501+08:00
2025-12-25 11:19:34,2025-12-24T18:48:00+08:00,2025-12-24T18:50:03+08:00,1.1787,103.6566,C,Cloud to Cloud,2025-12-24T18:47:42.501+08:00
2025-12-25 11:19:34,2025-12-24T18:48:00+08:00,2025-12-24T18:50:03+08:00,1.1477,103.5816,C,Cloud to Cloud,2025-12-24T18:47:42.505+08:00
2025-12-25 11:19:34,2025-12-24T18:48:00+08:00,2025-12-24T18:50:03+08:00,1.2021,103.6556,C,Cloud to Cloud,2025-12-24T18:47:42.509+08:00
2025-12-25 11:19:34,2025-12-24T18:48:00+08:00,2025-12-24T18:50:03+08:00,0.9775,104.0361,C,Cloud to Cloud,2025-12-24T18:47:50.237+08:00
2025-12-25 11:19:34,2025-12-24T18:48:00+08:00,2025-12-24T18:50:03+08:00,0.9643,104.0399,C,Cloud to Cloud,2025-12-24T18:47:50.237+08:00
2025-12-25 11:19:34,2025-12-24T18:48:00+08:00,2025-12-24T18:50:03+08:00,0.9907,104.0131,C,Cloud to Cloud,2025-12-24T18:47:50.322+08:00
2025-12-25 11:19:34,2025-12-24T18:48:00+08:00,2025-12-24T18:50:03+08:00,0.9907,104.0131,C,Cloud to Cloud,2025-12-24T18:47:50.322+08:00
2025-12-25 11:19:34,2025-12-24T18:46:00+08:00,2025-12-24T18:48:02+08:00,1.1989,103.6477,C,Cloud to Cloud,2025-12-24T18:44:12.555+08:00
2025-12-25 11:19:34,2025-12-24T18:46:00+08:00,2025-12-24T18:48:02+08:00,1.1982,103.6467,C,Cloud to Cloud,2025-12-24T18:44:12.555+08:00
2025-12-25 11:19:34,2025-12-24T18:46:00+08:00,2025-12-24T18:48:02+08:00,1.1991,103.6492,C,Cloud to Cloud,2025-12-24T18:44:12.555+08:00
2025-12-25 11:19:34,2025-12-24T18:46:00+08:00,2025-12-24T18:48:02+08:00,1.1981,103.6488,C,Cloud to Cloud,2025-12-24T18:44:12.556+08:00
2025-12-25 11:19:34,2025-12-24T18:46:00+08:00,2025-12-24T18:48:02+08:00,1.2204,103.7,C,Cloud to Cloud,2025-12-24T18:44:12.556+08:00
2025-12-25 11:19:34,2025-12-24T18:46:00+08:00,2025-12-24T18:48:02+08:00,1.2211,103.6713,C,Cloud to Cloud,2025-12-24T18:44:12.557+08:00
2025-12-25 11:19:34,2025-12-24T18:46:00+08:00,2025-12-24T18:48:02+08:00,1.2407,103.683,C,Cloud to Cloud,2025-12-24T18:44:12.558+08:00
2025-12-25 11:19:34,2025-12-24T18:46:00+08:00,2025-12-24T18:48:02+08:00,1.1964,103.6679,C,Cloud to Cloud,2025-12-24T18:44:12.558+08:00
2025-12-25 11:19:34,2025-12-24T18:46:00+08:00,2025-12-24T18:48:02+08:00,1.1717,103.5951,C,Cloud to Cloud,2025-12-24T18:44:12.746+08:00
2025-12-25 11:19:34,2025-12-24T18:46:00+08:00,2025-12-24T18:48:02+08:00,1.2032,103.661,C,Cloud to Cloud,2025-12-24T18:44:37.144+08:00
2025-12-25 11:19:34,2025-12-24T18:46:00+08:00,2025-12-24T18:48:02+08:00,1.2074,103.6628,C,Cloud to Cloud,2025-12-24T18:44:37.144+08:00
2025-12-25 11:19:34,2025-12-24T18:46:00+08:00,2025-12-24T18:48:02+08:00,1.2027,103.6561,C,Cloud to Cloud,2025-12-24T18:44:37.144+08:00
2025-12-25 11:19:34,2025-12-24T18:46:00+08:00,2025-12-24T18:48:02+08:00,1.2118,103.6672,C,Cloud to Cloud,2025-12-24T18:44:37.144+08:00
2025-12-25 11:19:34,2025-12-24T18:46:00+08:00,2025-12-24T18:48:02+08:00,1.2205,103.6816,C,Cloud to Cloud,2025-12-24T18:44:37.144+08:00
2025-12-25 11:19:34,2025-12-24T18:46:00+08:00,2025-12-24T18:48:02+08:00,1.1968,103.626,C,Cloud to Cloud,2025-12-24T18:44:37.164+08:00
2025-12-25 11:19:34,2025-12-24T18:46:00+08:00,2025-12-24T18:48:02+08:00,1.2042,103.5585,C,Cloud to Cloud,2025-12-24T18:44:37.165+08:00
2025-12-25 11:19:34,2025-12-24T18:46:00+08:00,2025-12-24T18:48:02+08:00,1.174,103.6494,C,Cloud to Cloud,2025-12-24T18:44:37.415+08:00
2025-12-25 11:19:34,2025-12-24T18:46:00+08:00,2025-12-24T18:48:02+08:00,1.1796,103.6516,C,Cloud to Cloud,2025-12-24T18:44:37.415+08:00
2025-12-25 11:19:34,2025-12-24T18:46:00+08:00,2025-12-24T18:48:02+08:00,1.2026,103.6604,C,Cloud to Cloud,2025-12-24T18:44:37.416+08:00
2025-12-25 11:19:34,2025-12-24T18:46:00+08:00,2025-12-24T18:48:02+08:00,1.1975,103.657,C,Cloud to Cloud,2025-12-24T18:44:37.416+08:00
2025-12-25 11:19:34,2025-12-24T18:46:00+08:00,2025-12-24T18:48:02+08:00,1.1901,103.6501,C,Cloud to Cloud,2025-12-24T18:44:37.416+08:00
2025-12-25 11:19:34,2025-12-24T18:46:00+08:00,2025-12-24T18:48:02+08:00,1.1617,103.6339,C,Cloud to Cloud,2025-12-24T18:44:37.416+08:00
2025-12-25 11:19:34,2025-12-24T18:46:00+08:00,2025-12-24T18:48:02+08:00,1.2061,103.6637,C,Cloud to Cloud,2025-12-24T18:44:37.416+08:00
2025-12-25 11:19:34,2025-12-24T18:46:00+08:00,2025-12-24T18:48:02+08:00,1.2084,103.6608,C,Cloud to Cloud,2025-12-24T18:44:37.416+08:00
2025-12-25 11:19:34,2025-12-24T18:46:00+08:00,2025-12-24T18:48:02+08:00,1.2087,103.6694,C,Cloud to Cloud,2025-12-24T18:44:37.416+08:00
2025-12-25 11:19:34,2025-12-24T18:46:00+08:00,2025-12-24T18:48:02+08:00,1.1609,103.6572,C,Cloud to Cloud,2025-12-24T18:44:55.141+08:00
2025-12-25 11:19:34,2025-12-24T18:46:00+08:00,2025-12-24T18:48:02+08:00,1.1991,103.6711,C,Cloud to Cloud,2025-12-24T18:45:05.777+08:00
2025-12-25 11:19:34,2025-12-24T18:46:00+08:00,2025-12-24T18:48:02+08:00,1.1987,103.6491,C,Cloud to Cloud,2025-12-24T18:45:05.777+08:00
2025-12-25 11:19:34,2025-12-24T18:46:00+08:00,2025-12-24T18:48:02+08:00,1.1991,103.6709,C,Cloud to Cloud,2025-12-24T18:45:05.777+08:00
2025-12-25 11:19:34,2025-12-24T18:46:00+08:00,2025-12-24T18:48:02+08:00,1.1999,103.6708,C,Cloud to Cloud,2025-12-24T18:45:05.777+08:00
2025-12-25 11:19:34,2025-12-24T18:46:00+08:00,2025-12-24T18:48:02+08:00,1.1992,103.6524,C,Cloud to Cloud,2025-12-24T18:45:05.78+08:00
2025-12-25 11:19:34,2025-12-24T18:46:00+08:00,2025-12-24T18:48:02+08:00,1.156,103.6423,C,Cloud to Cloud,2025-12-24T18:45:05.78+08:00
2025-12-25 11:19:34,2025-12-24T18:46:00+08:00,2025-12-24T18:48:02+08:00,1.2033,103.6739,C,Cloud to Cloud,2025-12-24T18:45:05.93+08:00
2025-12-25 11:19:34,2025-12-24T18:46:00+08:00,2025-12-24T18:48:02+08:00,1.1975,103.6695,C,Cloud to Cloud,2025-12-24T18:45:05.93+08:00
2025-12-25 11:19:34,2025-12-24T18:46:00+08:00,2025-12-24T18:48:02+08:00,1.2238,103.6482,C,Cloud to Cloud,2025-12-24T18:45:05.997+08:00
2025-12-25 11:19:34,2025-12-24T18:46:00+08:00,2025-12-24T18:48:02+08:00,1.1995,103.6653,C,Cloud to Cloud,2025-12-24T18:45:41.062+08:00
2025-12-25 11:19:34,2025-12-24T18:46:00+08:00,2025-12-24T18:48:02+08:00,1.2147,103.6558,C,Cloud to Cloud,2025-12-24T18:45:41.062+08:00
2025-12-25 11:19:34,2025-12-24T18:46:00+08:00,2025-12-24T18:48:02+08:00,1.1825,103.6524,C,Cloud to Cloud,2025-12-24T18:45:41.062+08:00
2025-12-25 11:19:34,2025-12-24T18:46:00+08:00,2025-12-24T18:48:02+08:00,1.2021,103.6649,C,Cloud to Cloud,2025-12-24T18:45:45.85+08:00
2025-12-25 11:19:34,2025-12-24T18:46:00+08:00,2025-12-24T18:48:02+08:00,1.1809,103.657,C,Cloud to Cloud,2025-12-24T18:45:45.85+08:00
2025-12-25 11:19:34,2025-12-24T18:46:00+08:00,2025-12-24T18:48:02+08:00,1.2021,103.6649,C,Cloud to Cloud,2025-12-24T18:45:45.85+08:00
2025-12-25 11:19:34,2025-12-24T18:46:00+08:00,2025-12-24T18:48:02+08:00,1.1759,103.6669,C,Cloud to Cloud,2025-12-24T18:45:50.387+08:00
2025-12-25 11:19:34,2025-12-24T18:46:00+08:00,2025-12-24T18:48:02+08:00,1.1875,103.675,C,Cloud to Cloud,2025-12-24T18:45:50.387+08:00
2025-12-25 11:19:34,2025-12-24T18:46:00+08:00,2025-12-24T18:48:02+08:00,1.1555,103.6582,C,Cloud to Cloud,2025-12-24T18:45:50.387+08:00
2025-12-25 11:19:34,2025-12-24T18:46:00+08:00,2025-12-24T18:48:02+08:00,1.1711,103.6726,C,Cloud to Cloud,2025-12-24T18:45:50.394+08:00
2025-12-25 11:19:34,2025-12-24T18:46:00+08:00,2025-12-24T18:48:02+08:00,1.1711,103.6726,C,Cloud to Cloud,2025-12-24T18:45:50.394+08:00
2025-12-25 11:19:34,2025-12-24T18:46:00+08:00,2025-12-24T18:48:02+08:00,1.17,103.6978,C,Cloud to Cloud,2025-12-24T18:45:50.414+08:00
2025-12-25 11:19:34,2025-12-24T18:46:00+08:00,2025-12-24T18:48:02+08:00,1.17,103.6978,C,Cloud to Cloud,2025-12-24T18:45:50.414+08:00
2025-12-25 11:19:34,2025-12-24T18:46:00+08:00,2025-12-24T18:48:02+08:00,1.1684,103.7051,C,Cloud to Cloud,2025-12-24T18:45:50.42+08:00
2025-12-25 11:19:34,2025-12-24T18:46:00+08:00,2025-12-24T18:48:02+08:00,1.169,103.7065,C,Cloud to Cloud,2025-12-24T18:45:50.42+08:00
2025-12-25 11:19:34,2025-12-24T18:46:00+08:00,2025-12-24T18:48:02+08:00,1.1495,103.6764,C,Cloud to Cloud,2025-12-24T18:45:50.425+08:00
2025-12-25 11:19:34,2025-12-24T18:46:00+08:00,2025-12-24T18:48:02+08:00,1.1107,103.6407,C,Cloud to Cloud,2025-12-24T18:45:50.427+08:00
2025-12-25 11:19:34,2025-12-24T18:46:00+08:00,2025-12-24T18:48:02+08:00,1.1723,103.6935,C,Cloud to Cloud,2025-12-24T18:45:50.435+08:00
2025-12-25 11:19:34,2025-12-24T18:46:00+08:00,2025-12-24T18:48:02+08:00,1.1723,103.6935,C,Cloud to Cloud,2025-12-24T18:45:50.435+08:00
2025-12-25 11:19:34,2025-12-24T18:46:00+08:00,2025-12-24T18:48:02+08:00,1.1673,103.7014,C,Cloud to Cloud,2025-12-24T18:45:50.436+08:00
2025-12-25 11:19:34,2025-12-24T18:46:00+08:00,2025-12-24T18:48:02+08:00,1.1673,103.7014,C,Cloud to Cloud,2025-12-24T18:45:50.437+08:00
2025-12-25 11:19:34,2025-12-24T18:46:00+08:00,2025-12-24T18:48:02+08:00,1.1676,103.6904,C,Cloud to Cloud,2025-12-24T18:45:50.437+08:00
2025-12-25 11:19:34,2025-12-24T18:46:00+08:00,2025-12-24T18:48:02+08:00,1.1605,103.6857,C,Cloud to Cloud,2025-12-24T18:45:50.437+08:00
2025-12-25 11:19:34,2025-12-24T18:46:00+08:00,2025-12-24T18:48:02+08:00,1.1672,103.7008,C,Cloud to Cloud,2025-12-24T18:45:50.437+08:00
2025-12-25 11:19:34,2025-12-24T18:46:00+08:00,2025-12-24T18:48:02+08:00,1.176,103.7018,C,Cloud to Cloud,2025-12-24T18:45:50.438+08:00
2025-12-25 11:19:34,2025-12-24T18:46:00+08:00,2025-12-24T18:48:02+08:00,1.1672,103.6981,C,Cloud to Cloud,2025-12-24T18:45:50.438+08:00
2025-12-25 11:19:34,2025-12-24T18:46:00+08:00,2025-12-24T18:48:02+08:00,1.1666,103.6962,C,Cloud to Cloud,2025-12-24T18:45:50.438+08:00
2025-12-25 11:19:34,2025-12-24T18:46:00+08:00,2025-12-24T18:48:02+08:00,1.1667,103.7002,C,Cloud to Cloud,2025-12-24T18:45:50.439+08:00
2025-12-25 11:19:34,2025-12-24T18:46:00+08:00,2025-12-24T18:48:02+08:00,1.1663,103.6985,C,Cloud to Cloud,2025-12-24T18:45:50.439+08:00
2025-12-25 11:19:34,2025-12-24T18:46:00+08:00,2025-12-24T18:48:02+08:00,1.1656,103.6946,C,Cloud to Cloud,2025-12-24T18:45:50.439+08:00
2025-12-25 11:19:34,2025-12-24T18:46:00+08:00,2025-12-24T18:48:02+08:00,1.1691,103.7016,C,Cloud to Cloud,2025-12-24T18:45:50.439+08:00
2025-12-25 11:19:34,2025-12-24T18:46:00+08:00,2025-12-24T18:48:02+08:00,1.1689,103.6993,C,Cloud to Cloud,2025-12-24T18:45:50.44+08:00
2025-12-25 11:19:34,2025-12-24T18:46:00+08:00,2025-12-24T18:48:02+08:00,1.1698,103.7018,C,Cloud to Cloud,2025-12-24T18:45:50.44+08:00
2025-12-25 11:19:34,2025-12-24T18:46:00+08:00,2025-12-24T18:48:02+08:00,1.1699,103.702,C,Cloud to Cloud,2025-12-24T18:45:50.44+08:00
2025-12-25 11:19:34,2025-12-24T18:46:00+08:00,2025-12-24T18:48:02+08:00,1.1615,103.692,C,Cloud to Cloud,2025-12-24T18:45:50.441+08:00
2025-12-25 11:19:34,2025-12-24T18:46:00+08:00,2025-12-24T18:48:02+08:00,1.1649,103.6997,C,Cloud to Cloud,2025-12-24T18:45:50.441+08:00
2025-12-25 11:19:34,2025-12-24T18:46:00+08:00,2025-12-24T18:48:02+08:00,1.1718,103.703,C,Cloud to Cloud,2025-12-24T18:45:50.442+08:00
2025-12-25 11:19:34,2025-12-24T18:46:00+08:00,2025-12-24T18:48:02+08:00,1.1617,103.6995,C,Cloud to Cloud,2025-12-24T18:45:50.442+08:00
2025-12-25 11:19:34,2025-12-24T18:46:00+08:00,2025-12-24T18:48:02+08:00,1.1715,103.7035,C,Cloud to Cloud,2025-12-24T18:45:50.442+08:00
2025-12-25 11:19:34,2025-12-24T18:46:00+08:00,2025-12-24T18:48:02+08:00,1.1768,103.7144,C,Cloud to Cloud,2025-12-24T18:45:50.442+08:00
2025-12-25 11:19:34,2025-12-24T18:46:00+08:00,2025-12-24T18:48:02+08:00,1.167,103.6989,C,Cloud to Cloud,2025-12-24T18:45:50.442+08:00
2025-12-25 11:19:34,2025-12-24T18:46:00+08:00,2025-12-24T18:48:02+08:00,1.1677,103.7001,C,Cloud to Cloud,2025-12-24T18:45:50.442+08:00
2025-12-25 11:19:34,2025-12-24T18:46:00+08:00,2025-12-24T18:48:02+08:00,1.1673,103.7018,C,Cloud to Cloud,2025-12-24T18:45:50.443+08:00
2025-12-25 11:19:34,2025-12-24T18:46:00+08:00,2025-12-24T18:48:02+08:00,1.1674,103.7019,C,Cloud to Cloud,2025-12-24T18:45:50.443+08:00
2025-12-25 11:19:34,2025-12-24T18:46:00+08:00,2025-12-24T18:48:02+08:00,1.1584,103.7005,C,Cloud to Cloud,2025-12-24T18:45:50.443+08:00
2025-12-25 11:19:34,2025-12-24T18:46:00+08:00,2025-12-24T18:48:02+08:00,1.1697,103.704,C,Cloud to Cloud,2025-12-24T18:45:50.443+08:00
2025-12-25 11:19:34,2025-12-24T18:46:00+08:00,2025-12-24T18:48:02+08:00,1.1716,103.7051,C,Cloud to Cloud,2025-12-24T18:45:50.445+08:00
2025-12-25 11:19:34,2025-12-24T18:46:00+08:00,2025-12-24T18:48:02+08:00,1.1716,103.7051,C,Cloud to Cloud,2025-12-24T18:45:50.445+08:00
2025-12-25 11:19:34,2025-12-24T18:46:00+08:00,2025-12-24T18:48:02+08:00,1.1713,103.7061,C,Cloud to Cloud,2025-12-24T18:45:50.445+08:00
2025-12-25 11:19:34,2025-12-24T18:46:00+08:00,2025-12-24T18:48:02+08:00,1.1704,103.7036,C,Cloud to Cloud,2025-12-24T18:45:50.446+08:00
2025-12-25 11:19:34,2025-12-24T18:46:00+08:00,2025-12-24T18:48:02+08:00,1.1687,103.701,C,Cloud to Cloud,2025-12-24T18:45:50.446+08:00
2025-12-25 11:19:34,2025-12-24T18:46:00+08:00,2025-12-24T18:48:02+08:00,1.1715,103.7052,C,Cloud to Cloud,2025-12-24T18:45:50.446+08:00
2025-12-25 11:19:34,2025-12-24T18:46:00+08:00,2025-12-24T18:48:02+08:00,1.1713,103.7064,C,Cloud to Cloud,2025-12-24T18:45:50.446+08:00
2025-12-25 11:19:34,2025-12-24T18:46:00+08:00,2025-12-24T18:48:02+08:00,1.1707,103.7051,C,Cloud to Cloud,2025-12-24T18:45:50.446+08:00
2025-12-25 11:19:34,2025-12-24T18:46:00+08:00,2025-12-24T18:48:02+08:00,1.1696,103.7024,C,Cloud to Cloud,2025-12-24T18:45:50.446+08:00
2025-12-25 11:19:34,2025-12-24T18:46:00+08:00,2025-12-24T18:48:02+08:00,1.171,103.7049,C,Cloud to Cloud,2025-12-24T18:45:50.446+08:00
2025-12-25 11:19:34,2025-12-24T18:46:00+08:00,2025-12-24T18:48:02+08:00,1.1711,103.7055,C,Cloud to Cloud,2025-12-24T18:45:50.446+08:00
2025-12-25 11:19:34,2025-12-24T18:46:00+08:00,2025-12-24T18:48:02+08:00,1.1713,103.7061,C,Cloud to Cloud,2025-12-24T18:45:50.446+08:00
2025-12-25 11:19:34,2025-12-24T18:46:00+08:00,2025-12-24T18:48:02+08:00,1.1716,103.7072,C,Cloud to Cloud,2025-12-24T18:45:50.447+08:00
2025-12-25 11:19:34,2025-12-24T18:46:00+08:00,2025-12-24T18:48:02+08:00,1.1714,103.7037,C,Cloud to Cloud,2025-12-24T18:45:50.447+08:00
2025-12-25 11:19:34,2025-12-24T18:46:00+08:00,2025-12-24T18:48:02+08:00,1.1695,103.7031,C,Cloud to Cloud,2025-12-24T18:45:50.447+08:00
2025-12-25 11:19:34,2025-12-24T18:46:00+08:00,2025-12-24T18:48:02+08:00,1.1692,103.7045,C,Cloud to Cloud,2025-12-24T18:45:50.447+08:00
2025-12-25 11:19:34,2025-12-24T18:46:00+08:00,2025-12-24T18:48:02+08:00,1.1705,103.7043,C,Cloud to Cloud,2025-12-24T18:45:50.447+08:00
2025-12-25 11:19:34,2025-12-24T18:46:00+08:00,2025-12-24T18:48:02+08:00,1.1719,103.7038,C,Cloud to Cloud,2025-12-24T18:45:50.447+08:00
2025-12-25 11:19:34,2025-12-24T18:46:00+08:00,2025-12-24T18:48:02+08:00,1.1715,103.7049,C,Cloud to Cloud,2025-12-24T18:45:50.447+08:00
2025-12-25 11:19:34,2025-12-24T18:46:00+08:00,2025-12-24T18:48:02+08:00,1.1962,103.7127,C,Cloud to Cloud,2025-12-24T18:45:50.447+08:00
2025-12-25 11:19:34,2025-12-24T18:46:00+08:00,2025-12-24T18:48:02+08:00,1.1715,103.7035,C,Cloud to Cloud,2025-12-24T18:45:50.447+08:00
2025-12-25 11:19:34,2025-12-24T18:46:00+08:00,2025-12-24T18:48:02+08:00,1.1695,103.7051,C,Cloud to Cloud,2025-12-24T18:45:50.447+08:00
2025-12-25 11:19:34,2025-12-24T18:46:00+08:00,2025-12-24T18:48:02+08:00,1.1701,103.7033,C,Cloud to Cloud,2025-12-24T18:45:50.448+08:00
2025-12-25 11:19:34,2025-12-24T18:46:00+08:00,2025-12-24T18:48:02+08:00,1.1715,103.7057,C,Cloud to Cloud,2025-12-24T18:45:50.448+08:00
2025-12-25 11:19:34,2025-12-24T18:46:00+08:00,2025-12-24T18:48:02+08:00,1.1712,103.705,C,Cloud to Cloud,2025-12-24T18:45:50.448+08:00
2025-12-25 11:19:34,2025-12-24T18:46:00+08:00,2025-12-24T18:48:02+08:00,1.1707,103.7042,C,Cloud to Cloud,2025-12-24T18:45:50.448+08:00
2025-12-25 11:19:34,2025-12-24T18:46:00+08:00,2025-12-24T18:48:02+08:00,1.1694,103.703,C,Cloud to Cloud,2025-12-24T18:45:50.448+08:00
2025-12-25 11:19:34,2025-12-24T18:46:00+08:00,2025-12-24T18:48:02+08:00,1.1703,103.7053,C,Cloud to Cloud,2025-12-24T18:45:50.448+08:00
2025-12-25 11:19:34,2025-12-24T18:46:00+08:00,2025-12-24T18:48:02+08:00,1.1695,103.7024,C,Cloud to Cloud,2025-12-24T18:45:50.448+08:00
2025-12-25 11:19:34,2025-12-24T18:46:00+08:00,2025-12-24T18:48:02+08:00,1.1689,103.7034,C,Cloud to Cloud,2025-12-24T18:45:50.448+08:00
2025-12-25 11:19:34,2025-12-24T18:46:00+08:00,2025-12-24T18:48:02+08:00,1.1707,103.7043,C,Cloud to Cloud,2025-12-24T18:45:50.448+08:00
2025-12-25 11:19:34,2025-12-24T18:46:00+08:00,2025-12-24T18:48:02+08:00,1.1719,103.7064,C,Cloud to Cloud,2025-12-24T18:45:50.448+08:00
2025-12-25 11:19:34,2025-12-24T18:46:00+08:00,2025-12-24T18:48:02+08:00,1.1712,103.7042,C,Cloud to Cloud,2025-12-24T18:45:50.449+08:00
2025-12-25 11:19:34,2025-12-24T18:46:00+08:00,2025-12-24T18:48:02+08:00,1.1723,103.705,C,Cloud to Cloud,2025-12-24T18:45:50.449+08:00
2025-12-25 11:19:34,2025-12-24T18:46:00+08:00,2025-12-24T18:48:02+08:00,1.1715,103.7064,C,Cloud to Cloud,2025-12-24T18:45:50.449+08:00
2025-12-25 11:19:34,2025-12-24T18:46:00+08:00,2025-12-24T18:48:02+08:00,1.1722,103.7048,C,Cloud to Cloud,2025-12-24T18:45:50.449+08:00
2025-12-25 11:19:34,2025-12-24T18:46:00+08:00,2025-12-24T18:48:02+08:00,1.1713,103.7052,C,Cloud to Cloud,2025-12-24T18:45:50.449+08:00
2025-12-25 11:19:34,2025-12-24T18:46:00+08:00,2025-12-24T18:48:02+08:00,1.1723,103.7067,C,Cloud to Cloud,2025-12-24T18:45:50.449+08:00
2025-12-25 11:19:34,2025-12-24T18:46:00+08:00,2025-12-24T18:48:02+08:00,1.1712,103.704,C,Cloud to Cloud,2025-12-24T18:45:50.449+08:00
2025-12-25 11:19:34,2025-12-24T18:46:00+08:00,2025-12-24T18:48:02+08:00,1.1697,103.7045,C,Cloud to Cloud,2025-12-24T18:45:50.449+08:00
2025-12-25 11:19:34,2025-12-24T18:46:00+08:00,2025-12-24T18:48:02+08:00,1.1722,103.7058,C,Cloud to Cloud,2025-12-24T18:45:50.449+08:00
2025-12-25 11:19:34,2025-12-24T18:46:00+08:00,2025-12-24T18:48:02+08:00,1.1745,103.7081,C,Cloud to Cloud,2025-12-24T18:45:50.449+08:00
2025-12-25 11:19:34,2025-12-24T18:46:00+08:00,2025-12-24T18:48:02+08:00,1.1741,103.7079,C,Cloud to Cloud,2025-12-24T18:45:50.45+08:00
2025-12-25 11:19:34,2025-12-24T18:46:00+08:00,2025-12-24T18:48:02+08:00,1.1714,103.7041,C,Cloud to Cloud,2025-12-24T18:45:50.45+08:00
2025-12-25 11:19:34,2025-12-24T18:46:00+08:00,2025-12-24T18:48:02+08:00,1.1733,103.7069,C,Cloud to Cloud,2025-12-24T18:45:50.45+08:00
2025-12-25 11:19:34,2025-12-24T18:46:00+08:00,2025-12-24T18:48:02+08:00,1.1719,103.7065,C,Cloud to Cloud,2025-12-24T18:45:50.45+08:00
2025-12-25 11:19:34,2025-12-24T18:46:00+08:00,2025-12-24T18:48:02+08:00,1.1711,103.7043,C,Cloud to Cloud,2025-12-24T18:45:50.45+08:00
2025-12-25 11:19:34,2025-12-24T18:46:00+08:00,2025-12-24T18:48:02+08:00,1.1726,103.707,C,Cloud to Cloud,2025-12-24T18:45:50.45+08:00
2025-12-25 11:19:34,2025-12-24T18:46:00+08:00,2025-12-24T18:48:02+08:00,1.1715,103.7055,C,Cloud to Cloud,2025-12-24T18:45:50.45+08:00
2025-12-25 11:19:34,2025-12-24T18:46:00+08:00,2025-12-24T18:48:02+08:00,1.1703,103.7042,C,Cloud to Cloud,2025-12-24T18:45:50.45+08:00
2025-12-25 11:19:34,2025-12-24T18:46:00+08:00,2025-12-24T18:48:02+08:00,1.1717,103.7053,C,Cloud to Cloud,2025-12-24T18:45:50.45+08:00
2025-12-25 11:19:34,2025-12-24T18:46:00+08:00,2025-12-24T18:48:02+08:00,1.1713,103.7034,C,Cloud to Cloud,2025-12-24T18:45:50.45+08:00
2025-12-25 11:19:34,2025-12-24T18:46:00+08:00,2025-12-24T18:48:02+08:00,1.1728,103.7074,C,Cloud to Cloud,2025-12-24T18:45:50.451+08:00
2025-12-25 11:19:34,2025-12-24T18:46:00+08:00,2025-12-24T18:48:02+08:00,1.1726,103.7062,C,Cloud to Cloud,2025-12-24T18:45:50.451+08:00
2025-12-25 11:19:34,2025-12-24T18:46:00+08:00,2025-12-24T18:48:02+08:00,1.1704,103.706,C,Cloud to Cloud,2025-12-24T18:45:50.451+08:00
2025-12-25 11:19:34,2025-12-24T18:46:00+08:00,2025-12-24T18:48:02+08:00,1.172,103.7051,C,Cloud to Cloud,2025-12-24T18:45:50.451+08:00
2025-12-25 11:19:34,2025-12-24T18:46:00+08:00,2025-12-24T18:48:02+08:00,1.1708,103.704,C,Cloud to Cloud,2025-12-24T18:45:50.451+08:00
2025-12-25 11:19:34,2025-12-24T18:46:00+08:00,2025-12-24T18:48:02+08:00,1.171,103.7043,C,Cloud to Cloud,2025-12-24T18:45:50.451+08:00
2025-12-25 11:19:34,2025-12-24T18:46:00+08:00,2025-12-24T18:48:02+08:00,1.1714,103.7054,C,Cloud to Cloud,2025-12-24T18:45:50.451+08:00
2025-12-25 11:19:34,2025-12-24T18:46:00+08:00,2025-12-24T18:48:02+08:00,1.1714,103.7055,C,Cloud to Cloud,2025-12-24T18:45:50.451+08:00
2025-12-25 11:19:34,2025-12-24T18:46:00+08:00,2025-12-24T18:48:02+08:00,1.17,103.7036,C,Cloud to Cloud,2025-12-24T18:45:50.451+08:00
2025-12-25 11:19:34,2025-12-24T18:46:00+08:00,2025-12-24T18:48:02+08:00,1.1702,103.7041,C,Cloud to Cloud,2025-12-24T18:45:50.451+08:00
2025-12-25 11:19:34,2025-12-24T18:46:00+08:00,2025-12-24T18:48:02+08:00,1.1709,103.7028,C,Cloud to Cloud,2025-12-24T18:45:50.451+08:00
2025-12-25 11:19:34,2025-12-24T18:46:00+08:00,2025-12-24T18:48:02+08:00,1.1707,103.7057,C,Cloud to Cloud,2025-12-24T18:45:50.452+08:00
2025-12-25 11:19:34,2025-12-24T18:46:00+08:00,2025-12-24T18:48:02+08:00,1.1707,103.704,C,Cloud to Cloud,2025-12-24T18:45:50.452+08:00
2025-12-25 11:19:34,2025-12-24T18:46:00+08:00,2025-12-24T18:48:02+08:00,1.1706,103.7035,C,Cloud to Cloud,2025-12-24T18:45:50.452+08:00
2025-12-25 11:19:34,2025-12-24T18:46:00+08:00,2025-12-24T18:48:02+08:00,1.1703,103.7035,C,Cloud to Cloud,2025-12-24T18:45:50.452+08:00
2025-12-25 11:19:34,2025-12-24T18:46:00+08:00,2025-12-24T18:48:02+08:00,1.1706,103.7042,C,Cloud to Cloud,2025-12-24T18:45:50.452+08:00
2025-12-25 11:19:34,2025-12-24T18:46:00+08:00,2025-12-24T18:48:02+08:00,1.1694,103.7019,C,Cloud to Cloud,2025-12-24T18:45:50.452+08:00
2025-12-25 11:19:34,2025-12-24T18:46:00+08:00,2025-12-24T18:48:02+08:00,1.1695,103.7029,C,Cloud to Cloud,2025-12-24T18:45:50.452+08:00
2025-12-25 11:19:34,2025-12-24T18:46:00+08:00,2025-12-24T18:48:02+08:00,1.1696,103.7019,C,Cloud to Cloud,2025-12-24T18:45:50.452+08:00
2025-12-25 11:19:34,2025-12-24T18:46:00+08:00,2025-12-24T18:48:02+08:00,1.1691,103.7016,C,Cloud to Cloud,2025-12-24T18:45:50.452+08:00
2025-12-25 11:19:34,2025-12-24T18:46:00+08:00,2025-12-24T18:48:02+08:00,1.1688,103.7013,C,Cloud to Cloud,2025-12-24T18:45:50.452+08:00
2025-12-25 11:19:34,2025-12-24T18:46:00+08:00,2025-12-24T18:48:02+08:00,1.1689,103.7008,C,Cloud to Cloud,2025-12-24T18:45:50.453+08:00
2025-12-25 11:19:34,2025-12-24T18:46:00+08:00,2025-12-24T18:48:02+08:00,1.1696,103.7014,C,Cloud to Cloud,2025-12-24T18:45:50.453+08:00
2025-12-25 11:19:34,2025-12-24T18:46:00+08:00,2025-12-24T18:48:02+08:00,1.1688,103.7018,C,Cloud to Cloud,2025-12-24T18:45:50.453+08:00
2025-12-25 11:19:34,2025-12-24T18:46:00+08:00,2025-12-24T18:48:02+08:00,1.1694,103.701,C,Cloud to Cloud,2025-12-24T18:45:50.453+08:00
2025-12-25 11:19:34,2025-12-24T18:46:00+08:00,2025-12-24T18:48:02+08:00,1.1684,103.7022,C,Cloud to Cloud,2025-12-24T18:45:50.453+08:00
2025-12-25 11:19:34,2025-12-24T18:46:00+08:00,2025-12-24T18:48:02+08:00,1.1685,103.7023,C,Cloud to Cloud,2025-12-24T18:45:50.453+08:00
2025-12-25 11:19:34,2025-12-24T18:46:00+08:00,2025-12-24T18:48:02+08:00,1.1688,103.7005,C,Cloud to Cloud,2025-12-24T18:45:50.453+08:00
2025-12-25 11:19:34,2025-12-24T18:46:00+08:00,2025-12-24T18:48:02+08:00,1.1703,103.7027,C,Cloud to Cloud,2025-12-24T18:45:50.453+08:00
2025-12-25 11:19:34,2025-12-24T18:46:00+08:00,2025-12-24T18:48:02+08:00,1.1681,103.7003,C,Cloud to Cloud,2025-12-24T18:45:50.453+08:00
2025-12-25 11:19:34,2025-12-24T18:46:00+08:00,2025-12-24T18:48:02+08:00,1.1689,103.6999,C,Cloud to Cloud,2025-12-24T18:45:50.453+08:00
2025-12-25 11:19:34,2025-12-24T18:46:00+08:00,2025-12-24T18:48:02+08:00,1.1685,103.6999,C,Cloud to Cloud,2025-12-24T18:45:50.454+08:00
2025-12-25 11:19:34,2025-12-24T18:46:00+08:00,2025-12-24T18:48:02+08:00,1.1689,103.6999,C,Cloud to Cloud,2025-12-24T18:45:50.454+08:00
2025-12-25 11:19:34,2025-12-24T18:46:00+08:00,2025-12-24T18:48:02+08:00,1.1686,103.7006,C,Cloud to Cloud,2025-12-24T18:45:50.454+08:00
2025-12-25 11:19:34,2025-12-24T18:46:00+08:00,2025-12-24T18:48:02+08:00,1.1697,103.7001,C,Cloud to Cloud,2025-12-24T18:45:50.454+08:00
2025-12-25 11:19:34,2025-12-24T18:46:00+08:00,2025-12-24T18:48:02+08:00,1.1688,103.7001,C,Cloud to Cloud,2025-12-24T18:45:50.454+08:00
2025-12-25 11:19:34,2025-12-24T18:46:00+08:00,2025-12-24T18:48:02+08:00,1.1683,103.699,C,Cloud to Cloud,2025-12-24T18:45:50.454+08:00
2025-12-25 11:19:34,2025-12-24T18:46:00+08:00,2025-12-24T18:48:02+08:00,1.1676,103.6986,C,Cloud to Cloud,2025-12-24T18:45:50.454+08:00
2025-12-25 11:19:34,2025-12-24T18:46:00+08:00,2025-12-24T18:48:02+08:00,1.1674,103.6994,C,Cloud to Cloud,2025-12-24T18:45:50.454+08:00
2025-12-25 11:19:34,2025-12-24T18:46:00+08:00,2025-12-24T18:48:02+08:00,1.1671,103.6989,C,Cloud to Cloud,2025-12-24T18:45:50.454+08:00
2025-12-25 11:19:34,2025-12-24T18:46:00+08:00,2025-12-24T18:48:02+08:00,1.1681,103.6995,C,Cloud to Cloud,2025-12-24T18:45:50.454+08:00
2025-12-25 11:19:34,2025-12-24T18:46:00+08:00,2025-12-24T18:48:02+08:00,1.1673,103.6985,C,Cloud to Cloud,2025-12-24T18:45:50.455+08:00
2025-12-25 11:19:34,2025-12-24T18:46:00+08:00,2025-12-24T18:48:02+08:00,1.1675,103.6986,C,Cloud to Cloud,2025-12-24T18:45:50.455+08:00
2025-12-25 11:19:34,2025-12-24T18:46:00+08:00,2025-12-24T18:48:02+08:00,1.1682,103.6993,C,Cloud to Cloud,2025-12-24T18:45:50.455+08:00
2025-12-25 11:19:34,2025-12-24T18:46:00+08:00,2025-12-24T18:48:02+08:00,1.1653,103.6982,C,Cloud to Cloud,2025-12-24T18:45:50.455+08:00
2025-12-25 11:19:34,2025-12-24T18:46:00+08:00,2025-12-24T18:48:02+08:00,1.1687,103.6988,C,Cloud to Cloud,2025-12-24T18:45:50.455+08:00
2025-12-25 11:19:34,2025-12-24T18:46:00+08:00,2025-12-24T18:48:02+08:00,1.1674,103.6982,C,Cloud to Cloud,2025-12-24T18:45:50.455+08:00
2025-12-25 11:19:34,2025-12-24T18:46:00+08:00,2025-12-24T18:48:02+08:00,1.168,103.6992,C,Cloud to Cloud,2025-12-24T18:45:50.455+08:00
2025-12-25 11:19:34,2025-12-24T18:46:00+08:00,2025-12-24T18:48:02+08:00,1.1671,103.6976,C,Cloud to Cloud,2025-12-24T18:45:50.455+08:00
2025-12-25 11:19:34,2025-12-24T18:46:00+08:00,2025-12-24T18:48:02+08:00,1.1653,103.6961,C,Cloud to Cloud,2025-12-24T18:45:50.455+08:00
2025-12-25 11:19:34,2025-12-24T18:46:00+08:00,2025-12-24T18:48:02+08:00,1.1681,103.6984,C,Cloud to Cloud,2025-12-24T18:45:50.455+08:00
2025-12-25 11:19:34,2025-12-24T18:46:00+08:00,2025-12-24T18:48:02+08:00,1.1695,103.6996,C,Cloud to Cloud,2025-12-24T18:45:50.456+08:00
2025-12-25 11:19:34,2025-12-24T18:46:00+08:00,2025-12-24T18:48:02+08:00,1.1668,103.6985,C,Cloud to Cloud,2025-12-24T18:45:50.456+08:00
2025-12-25 11:19:34,2025-12-24T18:46:00+08:00,2025-12-24T18:48:02+08:00,1.1693,103.6997,C,Cloud to Cloud,2025-12-24T18:45:50.456+08:00
2025-12-25 11:19:34,2025-12-24T18:46:00+08:00,2025-12-24T18:48:02+08:00,1.1679,103.6993,C,Cloud to Cloud,2025-12-24T18:45:50.456+08:00
2025-12-25 11:19:34,2025-12-24T18:46:00+08:00,2025-12-24T18:48:02+08:00,1.1676,103.6982,C,Cloud to Cloud,2025-12-24T18:45:50.456+08:00
2025-12-25 11:19:34,2025-12-24T18:46:00+08:00,2025-12-24T18:48:02+08:00,1.1676,103.6996,C,Cloud to Cloud,2025-12-24T18:45:50.456+08:00
2025-12-25 11:19:34,2025-12-24T18:46:00+08:00,2025-12-24T18:48:02+08:00,1.1687,103.6981,C,Cloud to Cloud,2025-12-24T18:45:50.456+08:00
2025-12-25 11:19:34,2025-12-24T18:46:00+08:00,2025-12-24T18:48:02+08:00,1.17,103.7003,C,Cloud to Cloud,2025-12-24T18:45:50.456+08:00
2025-12-25 11:19:34,2025-12-24T18:46:00+08:00,2025-12-24T18:48:02+08:00,1.1701,103.7002,C,Cloud to Cloud,2025-12-24T18:45:50.456+08:00
2025-12-25 11:19:34,2025-12-24T18:46:00+08:00,2025-12-24T18:48:02+08:00,1.1685,103.699,C,Cloud to Cloud,2025-12-24T18:45:50.456+08:00
2025-12-25 11:19:34,2025-12-24T18:46:00+08:00,2025-12-24T18:48:02+08:00,1.1697,103.6988,C,Cloud to Cloud,2025-12-24T18:45:50.457+08:00
2025-12-25 11:19:34,2025-12-24T18:46:00+08:00,2025-12-24T18:48:02+08:00,1.171,103.7001,C,Cloud to Cloud,2025-12-24T18:45:50.457+08:00
2025-12-25 11:19:34,2025-12-24T18:46:00+08:00,2025-12-24T18:48:02+08:00,1.1708,103.6997,C,Cloud to Cloud,2025-12-24T18:45:50.457+08:00
2025-12-25 11:19:34,2025-12-24T18:46:00+08:00,2025-12-24T18:48:02+08:00,1.1698,103.6993,C,Cloud to Cloud,2025-12-24T18:45:50.457+08:00
2025-12-25 11:19:34,2025-12-24T18:46:00+08:00,2025-12-24T18:48:02+08:00,1.1705,103.7003,C,Cloud to Cloud,2025-12-24T18:45:50.457+08:00
2025-12-25 11:19:34,2025-12-24T18:46:00+08:00,2025-12-24T18:48:02+08:00,1.1693,103.699,C,Cloud to Cloud,2025-12-24T18:45:50.457+08:00
2025-12-25 11:19:34,2025-12-24T18:46:00+08:00,2025-12-24T18:48:02+08:00,1.1718,103.7018,C,Cloud to Cloud,2025-12-24T18:45:50.457+08:00
2025-12-25 11:19:34,2025-12-24T18:46:00+08:00,2025-12-24T18:48:02+08:00,1.1691,103.6988,C,Cloud to Cloud,2025-12-24T18:45:50.457+08:00
2025-12-25 11:19:34,2025-12-24T18:46:00+08:00,2025-12-24T18:48:02+08:00,1.1706,103.6997,C,Cloud to Cloud,2025-12-24T18:45:50.457+08:00
2025-12-25 11:19:34,2025-12-24T18:46:00+08:00,2025-12-24T18:48:02+08:00,1.1707,103.7003,C,Cloud to Cloud,2025-12-24T18:45:50.457+08:00
2025-12-25 11:19:34,2025-12-24T18:46:00+08:00,2025-12-24T18:48:02+08:00,1.1715,103.6998,C,Cloud to Cloud,2025-12-24T18:45:50.457+08:00
2025-12-25 11:19:34,2025-12-24T18:46:00+08:00,2025-12-24T18:48:02+08:00,1.1711,103.7003,C,Cloud to Cloud,2025-12-24T18:45:50.458+08:00
2025-12-25 11:19:34,2025-12-24T18:46:00+08:00,2025-12-24T18:48:02+08:00,1.169,103.6984,C,Cloud to Cloud,2025-12-24T18:45:50.458+08:00
2025-12-25 11:19:34,2025-12-24T18:46:00+08:00,2025-12-24T18:48:02+08:00,1.1718,103.6983,C,Cloud to Cloud,2025-12-24T18:45:50.458+08:00
2025-12-25 11:19:34,2025-12-24T18:46:00+08:00,2025-12-24T18:48:02+08:00,1.1715,103.6987,C,Cloud to Cloud,2025-12-24T18:45:50.458+08:00
2025-12-25 11:19:34,2025-12-24T18:46:00+08:00,2025-12-24T18:48:02+08:00,1.1488,103.6908,C,Cloud to Cloud,2025-12-24T18:45:50.458+08:00
2025-12-25 11:19:34,2025-12-24T18:46:00+08:00,2025-12-24T18:48:02+08:00,1.1709,103.7001,C,Cloud to Cloud,2025-12-24T18:45:50.458+08:00
2025-12-25 11:19:34,2025-12-24T18:46:00+08:00,2025-12-24T18:48:02+08:00,1.1704,103.6998,C,Cloud to Cloud,2025-12-24T18:45:50.458+08:00
2025-12-25 11:19:34,2025-12-24T18:46:00+08:00,2025-12-24T18:48:02+08:00,1.1695,103.6989,C,Cloud to Cloud,2025-12-24T18:45:50.458+08:00
2025-12-25 11:19:34,2025-12-24T18:46:00+08:00,2025-12-24T18:48:02+08:00,1.1713,103.7006,C,Cloud to Cloud,2025-12-24T18:45:50.458+08:00
2025-12-25 11:19:34,2025-12-24T18:46:00+08:00,2025-12-24T18:48:02+08:00,1.1707,103.6996,C,Cloud to Cloud,2025-12-24T18:45:50.458+08:00
2025-12-25 11:19:34,2025-12-24T18:46:00+08:00,2025-12-24T18:48:02+08:00,1.1719,103.7009,C,Cloud to Cloud,2025-12-24T18:45:50.459+08:00
2025-12-25 11:19:34,2025-12-24T18:46:00+08:00,2025-12-24T18:48:02+08:00,1.1718,103.7004,C,Cloud to Cloud,2025-12-24T18:45:50.459+08:00
2025-12-25 11:19:34,2025-12-24T18:46:00+08:00,2025-12-24T18:48:02+08:00,1.1698,103.6999,C,Cloud to Cloud,2025-12-24T18:45:50.459+08:00
2025-12-25 11:19:34,2025-12-24T18:46:00+08:00,2025-12-24T18:48:02+08:00,1.1699,103.6991,C,Cloud to Cloud,2025-12-24T18:45:50.459+08:00
2025-12-25 11:19:34,2025-12-24T18:46:00+08:00,2025-12-24T18:48:02+08:00,1.1712,103.6996,C,Cloud to Cloud,2025-12-24T18:45:50.459+08:00
2025-12-25 11:19:34,2025-12-24T18:46:00+08:00,2025-12-24T18:48:02+08:00,1.1729,103.6994,C,Cloud to Cloud,2025-12-24T18:45:50.459+08:00
2025-12-25 11:19:34,2025-12-24T18:46:00+08:00,2025-12-24T18:48:02+08:00,1.1698,103.6988,C,Cloud to Cloud,2025-12-24T18:45:50.459+08:00
2025-12-25 11:19:34,2025-12-24T18:46:00+08:00,2025-12-24T18:48:02+08:00,1.1709,103.6999,C,Cloud to Cloud,2025-12-24T18:45:50.459+08:00
2025-12-25 11:19:34,2025-12-24T18:46:00+08:00,2025-12-24T18:48:02+08:00,1.1697,103.6991,C,Cloud to Cloud,2025-12-24T18:45:50.459+08:00
2025-12-25 11:19:34,2025-12-24T18:46:00+08:00,2025-12-24T18:48:02+08:00,1.1722,103.7016,C,Cloud to Cloud,2025-12-24T18:45:50.459+08:00
2025-12-25 11:19:34,2025-12-24T18:46:00+08:00,2025-12-24T18:48:02+08:00,1.1699,103.6973,C,Cloud to Cloud,2025-12-24T18:45:50.46+08:00
2025-12-25 11:19:34,2025-12-24T18:46:00+08:00,2025-12-24T18:48:02+08:00,1.1708,103.6985,C,Cloud to Cloud,2025-12-24T18:45:50.46+08:00
2025-12-25 11:19:34,2025-12-24T18:46:00+08:00,2025-12-24T18:48:02+08:00,1.1702,103.6971,C,Cloud to Cloud,2025-12-24T18:45:50.46+08:00
2025-12-25 11:19:34,2025-12-24T18:46:00+08:00,2025-12-24T18:48:02+08:00,1.1698,103.6974,C,Cloud to Cloud,2025-12-24T18:45:50.46+08:00
2025-12-25 11:19:34,2025-12-24T18:46:00+08:00,2025-12-24T18:48:02+08:00,1.1691,103.6975,C,Cloud to Cloud,2025-12-24T18:45:50.46+08:00
2025-12-25 11:19:34,2025-12-24T18:46:00+08:00,2025-12-24T18:48:02+08:00,1.1719,103.6999,C,Cloud to Cloud,2025-12-24T18:45:50.46+08:00
2025-12-25 11:19:34,2025-12-24T18:46:00+08:00,2025-12-24T18:48:02+08:00,1.1743,103.7026,C,Cloud to Cloud,2025-12-24T18:45:50.46+08:00
2025-12-25 11:19:34,2025-12-24T18:46:00+08:00,2025-12-24T18:48:02+08:00,1.1702,103.6972,G,Cloud to Ground,2025-12-24T18:45:50.46+08:00
2025-12-25 11:19:34,2025-12-24T18:46:00+08:00,2025-12-24T18:48:02+08:00,1.1597,103.7005,C,Cloud to Cloud,2025-12-24T18:45:50.46+08:00
2025-12-25 11:19:34,2025-12-24T18:46:00+08:00,2025-12-24T18:48:02+08:00,1.1685,103.7077,C,Cloud to Cloud,2025-12-24T18:45:50.46+08:00
2025-12-25 11:19:34,2025-12-24T18:46:00+08:00,2025-12-24T18:48:02+08:00,1.1599,103.6888,C,Cloud to Cloud,2025-12-24T18:45:50.46+08:00
2025-12-25 11:19:34,2025-12-24T18:46:00+08:00,2025-12-24T18:48:02+08:00,1.1375,103.6792,C,Cloud to Cloud,2025-12-24T18:45:50.46+08:00
2025-12-25 11:19:34,2025-12-24T18:46:00+08:00,2025-12-24T18:48:02+08:00,1.1527,103.6772,C,Cloud to Cloud,2025-12-24T18:45:50.461+08:00
2025-12-25 11:19:34,2025-12-24T18:46:00+08:00,2025-12-24T18:48:02+08:00,1.149,103.671,C,Cloud to Cloud,2025-12-24T18:45:50.463+08:00
2025-12-25 11:19:34,2025-12-24T18:46:00+08:00,2025-12-24T18:48:02+08:00,1.181,103.6845,C,Cloud to Cloud,2025-12-24T18:45:50.492+08:00
2025-12-25 11:19:34,2025-12-24T18:46:00+08:00,2025-12-24T18:48:02+08:00,1.1797,103.6886,C,Cloud to Cloud,2025-12-24T18:45:50.492+08:00
2025-12-25 11:19:34,2025-12-24T18:46:00+08:00,2025-12-24T18:48:02+08:00,1.2185,103.6251,C,Cloud to Cloud,2025-12-24T18:45:50.492+08:00
2025-12-25 11:19:34,2025-12-24T18:46:00+08:00,2025-12-24T18:48:02+08:00,1.1725,103.6866,C,Cloud to Cloud,2025-12-24T18:45:50.493+08:00
2025-12-25 11:19:34,2025-12-24T18:46:00+08:00,2025-12-24T18:48:02+08:00,1.1765,103.6975,C,Cloud to Cloud,2025-12-24T18:45:50.493+08:00
2025-12-25 11:19:34,2025-12-24T18:46:00+08:00,2025-12-24T18:48:02+08:00,1.1742,103.6978,C,Cloud to Cloud,2025-12-24T18:45:50.493+08:00
2025-12-25 11:19:34,2025-12-24T18:46:00+08:00,2025-12-24T18:48:02+08:00,1.1743,103.7037,C,Cloud to Cloud,2025-12-24T18:45:50.493+08:00
2025-12-25 11:19:34,2025-12-24T18:46:00+08:00,2025-12-24T18:48:02+08:00,1.1757,103.6477,C,Cloud to Cloud,2025-12-24T18:45:50.529+08:00
2025-12-25 11:19:34,2025-12-24T18:46:00+08:00,2025-12-24T18:48:02+08:00,1.2272,103.6989,C,Cloud to Cloud,2025-12-24T18:45:50.53+08:00
2025-12-25 11:19:34,2025-12-24T18:46:00+08:00,2025-12-24T18:48:02+08:00,1.1776,103.6859,C,Cloud to Cloud,2025-12-24T18:45:50.53+08:00
2025-12-25 11:19:34,2025-12-24T18:46:00+08:00,2025-12-24T18:48:02+08:00,1.1577,103.6881,C,Cloud to Cloud,2025-12-24T18:45:50.53+08:00
2025-12-25 11:19:34,2025-12-24T18:46:00+08:00,2025-12-24T18:48:02+08:00,1.1742,103.7015,C,Cloud to Cloud,2025-12-24T18:45:50.53+08:00
2025-12-25 11:19:34,2025-12-24T18:46:00+08:00,2025-12-24T18:48:02+08:00,1.1696,103.6998,C,Cloud to Cloud,2025-12-24T18:45:50.53+08:00
2025-12-25 11:19:34,2025-12-24T18:46:00+08:00,2025-12-24T18:48:02+08:00,1.1066,103.6585,C,Cloud to Cloud,2025-12-24T18:45:50.53+08:00
2025-12-25 11:19:34,2025-12-24T18:46:00+08:00,2025-12-24T18:48:02+08:00,1.1749,103.7015,C,Cloud to Cloud,2025-12-24T18:45:50.53+08:00
2025-12-25 11:19:34,2025-12-24T18:46:00+08:00,2025-12-24T18:48:02+08:00,1.1726,103.6972,C,Cloud to Cloud,2025-12-24T18:45:50.53+08:00
2025-12-25 11:19:34,2025-12-24T18:46:00+08:00,2025-12-24T18:48:02+08:00,1.1719,103.6968,C,Cloud to Cloud,2025-12-24T18:45:50.53+08:00
2025-12-25 11:19:34,2025-12-24T18:46:00+08:00,2025-12-24T18:48:02+08:00,1.173,103.6938,C,Cloud to Cloud,2025-12-24T18:45:50.53+08:00
2025-12-25 11:19:34,2025-12-24T18:46:00+08:00,2025-12-24T18:48:02+08:00,1.1789,103.7012,C,Cloud to Cloud,2025-12-24T18:45:50.53+08:00
2025-12-25 11:19:34,2025-12-24T18:46:00+08:00,2025-12-24T18:48:02+08:00,1.1747,103.7031,C,Cloud to Cloud,2025-12-24T18:45:50.531+08:00
2025-12-25 11:19:34,2025-12-24T18:46:00+08:00,2025-12-24T18:48:02+08:00,1.1747,103.7031,C,Cloud to Cloud,2025-12-24T18:45:50.531+08:00
2025-12-25 11:19:34,2025-12-24T18:46:00+08:00,2025-12-24T18:48:02+08:00,1.1749,103.7066,C,Cloud to Cloud,2025-12-24T18:45:50.531+08:00
2025-12-25 11:19:34,2025-12-24T18:46:00+08:00,2025-12-24T18:48:02+08:00,1.1724,103.7039,C,Cloud to Cloud,2025-12-24T18:45:50.531+08:00
2025-12-25 11:19:34,2025-12-24T18:46:00+08:00,2025-12-24T18:48:02+08:00,1.1743,103.7065,C,Cloud to Cloud,2025-12-24T18:45:50.531+08:00
2025-12-25 11:19:34,2025-12-24T18:46:00+08:00,2025-12-24T18:48:02+08:00,1.17,103.7035,C,Cloud to Cloud,2025-12-24T18:45:50.531+08:00
2025-12-25 11:19:34,2025-12-24T18:46:00+08:00,2025-12-24T18:48:02+08:00,1.1619,103.6944,G,Cloud to Ground,2025-12-24T18:45:50.534+08:00
2025-12-25 11:19:34,2025-12-24T18:46:00+08:00,2025-12-24T18:48:02+08:00,1.2108,103.6556,C,Cloud to Cloud,2025-12-24T18:45:50.625+08:00
2025-12-25 11:19:34,2025-12-24T18:46:00+08:00,2025-12-24T18:48:02+08:00,1.1814,103.6331,C,Cloud to Cloud,2025-12-24T18:45:50.635+08:00
2025-12-25 11:19:34,2025-12-24T18:46:00+08:00,2025-12-24T18:48:02+08:00,1.1602,103.6195,C,Cloud to Cloud,2025-12-24T18:45:50.635+08:00
2025-12-25 11:19:34,2025-12-24T18:46:00+08:00,2025-12-24T18:48:02+08:00,1.2011,103.6512,C,Cloud to Cloud,2025-12-24T18:45:50.635+08:00
2025-12-25 11:19:34,2025-12-24T18:46:00+08:00,2025-12-24T18:48:02+08:00,1.2118,103.6722,C,Cloud to Cloud,2025-12-24T18:45:50.648+08:00
2025-12-25 11:19:34,2025-12-24T18:46:00+08:00,2025-12-24T18:48:02+08:00,1.2118,103.6722,C,Cloud to Cloud,2025-12-24T18:45:50.648+08:00
2025-12-25 11:19:34,2025-12-24T18:46:00+08:00,2025-12-24T18:48:02+08:00,1.1943,103.6568,C,Cloud to Cloud,2025-12-24T18:45:50.675+08:00
2025-12-25 11:19:34,2025-12-24T18:46:00+08:00,2025-12-24T18:48:02+08:00,1.1911,103.6559,C,Cloud to Cloud,2025-12-24T18:45:50.675+08:00
2025-12-25 11:19:34,2025-12-24T18:46:00+08:00,2025-12-24T18:48:02+08:00,1.1969,103.6505,C,Cloud to Cloud,2025-12-24T18:45:50.675+08:00
2025-12-25 11:19:34,2025-12-24T18:46:00+08:00,2025-12-24T18:48:02+08:00,1.1969,103.6526,C,Cloud to Cloud,2025-12-24T18:45:50.675+08:00
2025-12-25 11:19:34,2025-12-24T18:46:00+08:00,2025-12-24T18:48:02+08:00,1.19,103.651,C,Cloud to Cloud,2025-12-24T18:45:50.675+08:00
2025-12-25 11:19:34,2025-12-24T18:46:00+08:00,2025-12-24T18:48:02+08:00,1.1679,103.7004,C,Cloud to Cloud,2025-12-24T18:45:50.676+08:00
2025-12-25 11:19:34,2025-12-24T18:46:00+08:00,2025-12-24T18:48:02+08:00,1.1679,103.7004,C,Cloud to Cloud,2025-12-24T18:45:50.676+08:00
2025-12-25 11:19:34,2025-12-24T18:46:00+08:00,2025-12-24T18:48:02+08:00,1.171,103.698,G,Cloud to Ground,2025-12-24T18:45:50.678+08:00
2025-12-25 11:19:34,2025-12-24T18:46:00+08:00,2025-12-24T18:48:02+08:00,1.1813,103.6528,C,Cloud to Cloud,2025-12-24T18:45:50.732+08:00
2025-12-25 11:19:34,2025-12-24T18:44:00+08:00,2025-12-24T18:46:02+08:00,1.0688,103.5516,C,Cloud to Cloud,2025-12-24T18:42:09.231+08:00
2025-12-25 11:19:34,2025-12-24T18:44:00+08:00,2025-12-24T18:46:02+08:00,1.1912,103.6387,C,Cloud to Cloud,2025-12-24T18:42:09.266+08:00
2025-12-25 11:19:34,2025-12-24T18:44:00+08:00,2025-12-24T18:46:02+08:00,1.1461,103.6235,C,Cloud to Cloud,2025-12-24T18:42:09.277+08:00
2025-12-25 11:19:34,2025-12-24T18:44:00+08:00,2025-12-24T18:46:02+08:00,1.1584,103.6015,C,Cloud to Cloud,2025-12-24T18:42:09.348+08:00
2025-12-25 11:19:34,2025-12-24T18:44:00+08:00,2025-12-24T18:46:02+08:00,1.2044,103.6608,C,Cloud to Cloud,2025-12-24T18:42:09.385+08:00
2025-12-25 11:19:34,2025-12-24T18:44:00+08:00,2025-12-24T18:46:02+08:00,1.1796,103.6253,C,Cloud to Cloud,2025-12-24T18:42:09.392+08:00
2025-12-25 11:19:34,2025-12-24T18:44:00+08:00,2025-12-24T18:46:02+08:00,1.1802,103.6259,C,Cloud to Cloud,2025-12-24T18:42:09.392+08:00
2025-12-25 11:19:34,2025-12-24T18:44:00+08:00,2025-12-24T18:46:02+08:00,1.2088,103.668,C,Cloud to Cloud,2025-12-24T18:42:25.69+08:00
2025-12-25 11:19:34,2025-12-24T18:44:00+08:00,2025-12-24T18:46:02+08:00,1.2088,103.668,C,Cloud to Cloud,2025-12-24T18:42:25.691+08:00
2025-12-25 11:19:34,2025-12-24T18:44:00+08:00,2025-12-24T18:46:02+08:00,1.2196,103.6559,C,Cloud to Cloud,2025-12-24T18:42:25.709+08:00
2025-12-25 11:19:34,2025-12-24T18:44:00+08:00,2025-12-24T18:46:02+08:00,1.2164,103.6519,C,Cloud to Cloud,2025-12-24T18:42:25.728+08:00
2025-12-25 11:19:34,2025-12-24T18:44:00+08:00,2025-12-24T18:46:02+08:00,1.172,103.6363,C,Cloud to Cloud,2025-12-24T18:42:25.745+08:00
2025-12-25 11:19:34,2025-12-24T18:44:00+08:00,2025-12-24T18:46:02+08:00,1.211,103.6493,C,Cloud to Cloud,2025-12-24T18:42:25.745+08:00
2025-12-25 11:19:34,2025-12-24T18:44:00+08:00,2025-12-24T18:46:02+08:00,1.172,103.6363,C,Cloud to Cloud,2025-12-24T18:42:25.745+08:00
2025-12-25 11:19:34,2025-12-24T18:44:00+08:00,2025-12-24T18:46:02+08:00,1.2093,103.6498,C,Cloud to Cloud,2025-12-24T18:42:25.745+08:00
2025-12-25 11:19:34,2025-12-24T18:44:00+08:00,2025-12-24T18:46:02+08:00,1.1826,103.6431,C,Cloud to Cloud,2025-12-24T18:42:25.745+08:00
2025-12-25 11:19:34,2025-12-24T18:44:00+08:00,2025-12-24T18:46:02+08:00,1.2161,103.6533,C,Cloud to Cloud,2025-12-24T18:42:25.745+08:00
2025-12-25 11:19:34,2025-12-24T18:44:00+08:00,2025-12-24T18:46:02+08:00,1.1943,103.6743,C,Cloud to Cloud,2025-12-24T18:42:25.765+08:00
2025-12-25 11:19:34,2025-12-24T18:44:00+08:00,2025-12-24T18:46:02+08:00,1.1538,103.674,C,Cloud to Cloud,2025-12-24T18:42:25.765+08:00
2025-12-25 11:19:34,2025-12-24T18:44:00+08:00,2025-12-24T18:46:02+08:00,1.2133,103.6536,C,Cloud to Cloud,2025-12-24T18:42:25.766+08:00
2025-12-25 11:19:34,2025-12-24T18:44:00+08:00,2025-12-24T18:46:02+08:00,1.2029,103.6629,C,Cloud to Cloud,2025-12-24T18:42:25.795+08:00
2025-12-25 11:19:34,2025-12-24T18:44:00+08:00,2025-12-24T18:46:02+08:00,1.1941,103.6543,C,Cloud to Cloud,2025-12-24T18:42:25.796+08:00
2025-12-25 11:19:34,2025-12-24T18:44:00+08:00,2025-12-24T18:46:02+08:00,1.2116,103.6607,C,Cloud to Cloud,2025-12-24T18:42:25.796+08:00
2025-12-25 11:19:34,2025-12-24T18:44:00+08:00,2025-12-24T18:46:02+08:00,1.2098,103.6799,C,Cloud to Cloud,2025-12-24T18:42:25.832+08:00
2025-12-25 11:19:34,2025-12-24T18:44:00+08:00,2025-12-24T18:46:02+08:00,1.2098,103.6799,C,Cloud to Cloud,2025-12-24T18:42:25.832+08:00
2025-12-25 11:19:34,2025-12-24T18:44:00+08:00,2025-12-24T18:46:02+08:00,1.1826,103.6569,C,Cloud to Cloud,2025-12-24T18:42:25.851+08:00
2025-12-25 11:19:34,2025-12-24T18:44:00+08:00,2025-12-24T18:46:02+08:00,1.21,103.6809,C,Cloud to Cloud,2025-12-24T18:42:25.851+08:00
2025-12-25 11:19:34,2025-12-24T18:44:00+08:00,2025-12-24T18:46:02+08:00,1.2059,103.6603,C,Cloud to Cloud,2025-12-24T18:42:25.851+08:00
2025-12-25 11:19:34,2025-12-24T18:44:00+08:00,2025-12-24T18:46:02+08:00,1.21,103.6809,C,Cloud to Cloud,2025-12-24T18:42:25.851+08:00
2025-12-25 11:19:34,2025-12-24T18:44:00+08:00,2025-12-24T18:46:02+08:00,1.1863,103.6374,C,Cloud to Cloud,2025-12-24T18:42:25.852+08:00
2025-12-25 11:19:34,2025-12-24T18:44:00+08:00,2025-12-24T18:46:02+08:00,1.1766,103.6554,C,Cloud to Cloud,2025-12-24T18:42:36.678+08:00
2025-12-25 11:19:34,2025-12-24T18:44:00+08:00,2025-12-24T18:46:02+08:00,1.2056,103.6717,C,Cloud to Cloud,2025-12-24T18:42:36.678+08:00
2025-12-25 11:19:34,2025-12-24T18:44:00+08:00,2025-12-24T18:46:02+08:00,1.1687,103.6459,C,Cloud to Cloud,2025-12-24T18:42:36.678+08:00
2025-12-25 11:19:34,2025-12-24T18:44:00+08:00,2025-12-24T18:46:02+08:00,1.2,103.673,C,Cloud to Cloud,2025-12-24T18:42:36.678+08:00
2025-12-25 11:19:34,2025-12-24T18:44:00+08:00,2025-12-24T18:46:02+08:00,1.1889,103.6556,C,Cloud to Cloud,2025-12-24T18:42:36.678+08:00
2025-12-25 11:19:34,2025-12-24T18:44:00+08:00,2025-12-24T18:46:02+08:00,1.2016,103.6506,C,Cloud to Cloud,2025-12-24T18:42:36.876+08:00
2025-12-25 11:19:34,2025-12-24T18:44:00+08:00,2025-12-24T18:46:02+08:00,1.2272,103.6889,C,Cloud to Cloud,2025-12-24T18:42:58.114+08:00
2025-12-25 11:19:34,2025-12-24T18:44:00+08:00,2025-12-24T18:46:02+08:00,1.2157,103.6832,C,Cloud to Cloud,2025-12-24T18:42:58.114+08:00
2025-12-25 11:19:34,2025-12-24T18:44:00+08:00,2025-12-24T18:46:02+08:00,1.2037,103.6582,C,Cloud to Cloud,2025-12-24T18:42:58.117+08:00
2025-12-25 11:19:34,2025-12-24T18:44:00+08:00,2025-12-24T18:46:02+08:00,1.1975,103.6631,C,Cloud to Cloud,2025-12-24T18:42:58.221+08:00
2025-12-25 11:19:34,2025-12-24T18:44:00+08:00,2025-12-24T18:46:02+08:00,1.1914,103.6692,C,Cloud to Cloud,2025-12-24T18:42:58.221+08:00
2025-12-25 11:19:34,2025-12-24T18:44:00+08:00,2025-12-24T18:46:02+08:00,1.1767,103.6532,C,Cloud to Cloud,2025-12-24T18:42:58.221+08:00
2025-12-25 11:19:34,2025-12-24T18:44:00+08:00,2025-12-24T18:46:02+08:00,1.1904,103.6656,C,Cloud to Cloud,2025-12-24T18:42:58.221+08:00
2025-12-25 11:19:34,2025-12-24T18:44:00+08:00,2025-12-24T18:46:02+08:00,1.1904,103.6656,C,Cloud to Cloud,2025-12-24T18:42:58.221+08:00
2025-12-25 11:19:34,2025-12-24T18:44:00+08:00,2025-12-24T18:46:02+08:00,1.2147,103.6838,C,Cloud to Cloud,2025-12-24T18:42:58.222+08:00
2025-12-25 11:19:34,2025-12-24T18:44:00+08:00,2025-12-24T18:46:02+08:00,1.2041,103.6665,C,Cloud to Cloud,2025-12-24T18:42:58.314+08:00
2025-12-25 11:19:34,2025-12-24T18:44:00+08:00,2025-12-24T18:46:02+08:00,1.1962,103.6617,C,Cloud to Cloud,2025-12-24T18:42:58.364+08:00
2025-12-25 11:19:34,2025-12-24T18:44:00+08:00,2025-12-24T18:46:02+08:00,1.1919,103.6594,C,Cloud to Cloud,2025-12-24T18:42:58.364+08:00
2025-12-25 11:19:34,2025-12-24T18:44:00+08:00,2025-12-24T18:46:02+08:00,1.1871,103.6534,C,Cloud to Cloud,2025-12-24T18:42:58.364+08:00
2025-12-25 11:19:34,2025-12-24T18:44:00+08:00,2025-12-24T18:46:02+08:00,1.1802,103.6472,C,Cloud to Cloud,2025-12-24T18:42:58.365+08:00
2025-12-25 11:19:34,2025-12-24T18:44:00+08:00,2025-12-24T18:46:02+08:00,1.2212,103.6038,C,Cloud to Cloud,2025-12-24T18:42:58.365+08:00
2025-12-25 11:19:34,2025-12-24T18:44:00+08:00,2025-12-24T18:46:02+08:00,1.2043,103.6539,C,Cloud to Cloud,2025-12-24T18:42:58.439+08:00
2025-12-25 11:19:34,2025-12-24T18:44:00+08:00,2025-12-24T18:46:02+08:00,1.2085,103.6553,C,Cloud to Cloud,2025-12-24T18:42:58.439+08:00
2025-12-25 11:19:34,2025-12-24T18:44:00+08:00,2025-12-24T18:46:02+08:00,1.1759,103.638,C,Cloud to Cloud,2025-12-24T18:42:58.44+08:00
2025-12-25 11:19:34,2025-12-24T18:44:00+08:00,2025-12-24T18:46:02+08:00,1.2051,103.672,C,Cloud to Cloud,2025-12-24T18:42:58.44+08:00
2025-12-25 11:19:34,2025-12-24T18:44:00+08:00,2025-12-24T18:46:02+08:00,1.1635,103.6443,C,Cloud to Cloud,2025-12-24T18:42:58.451+08:00
2025-12-25 11:19:34,2025-12-24T18:44:00+08:00,2025-12-24T18:46:02+08:00,1.253,103.7031,C,Cloud to Cloud,2025-12-24T18:42:58.451+08:00
2025-12-25 11:19:34,2025-12-24T18:44:00+08:00,2025-12-24T18:46:02+08:00,1.1809,103.6575,C,Cloud to Cloud,2025-12-24T18:42:58.451+08:00
2025-12-25 11:19:34,2025-12-24T18:44:00+08:00,2025-12-24T18:46:02+08:00,1.199,103.6549,C,Cloud to Cloud,2025-12-24T18:43:11.472+08:00
2025-12-25 11:19:34,2025-12-24T18:44:00+08:00,2025-12-24T18:46:02+08:00,1.154,103.6267,C,Cloud to Cloud,2025-12-24T18:43:11.472+08:00
2025-12-25 11:19:34,2025-12-24T18:44:00+08:00,2025-12-24T18:46:02+08:00,1.2099,103.6617,C,Cloud to Cloud,2025-12-24T18:43:11.475+08:00
2025-12-25 11:19:34,2025-12-24T18:44:00+08:00,2025-12-24T18:46:02+08:00,1.1903,103.5951,C,Cloud to Cloud,2025-12-24T18:43:11.478+08:00
2025-12-25 11:19:34,2025-12-24T18:44:00+08:00,2025-12-24T18:46:02+08:00,1.141,103.6452,C,Cloud to Cloud,2025-12-24T18:43:11.678+08:00
2025-12-25 11:19:34,2025-12-24T18:44:00+08:00,2025-12-24T18:46:02+08:00,1.1146,103.5783,C,Cloud to Cloud,2025-12-24T18:43:11.679+08:00
2025-12-25 11:19:34,2025-12-24T18:44:00+08:00,2025-12-24T18:46:02+08:00,1.1829,103.626,C,Cloud to Cloud,2025-12-24T18:43:27.093+08:00
2025-12-25 11:19:34,2025-12-24T18:44:00+08:00,2025-12-24T18:46:02+08:00,1.2062,103.6627,C,Cloud to Cloud,2025-12-24T18:43:27.36+08:00
2025-12-25 11:19:34,2025-12-24T18:44:00+08:00,2025-12-24T18:46:02+08:00,1.1971,103.6572,C,Cloud to Cloud,2025-12-24T18:43:27.36+08:00
2025-12-25 11:19:34,2025-12-24T18:44:00+08:00,2025-12-24T18:46:02+08:00,1.167,103.6497,C,Cloud to Cloud,2025-12-24T18:43:27.36+08:00
2025-12-25 11:19:34,2025-12-24T18:44:00+08:00,2025-12-24T18:46:02+08:00,1.1994,103.6726,C,Cloud to Cloud,2025-12-24T18:43:27.361+08:00
2025-12-25 11:19:34,2025-12-24T18:44:00+08:00,2025-12-24T18:46:02+08:00,1.1922,103.6508,C,Cloud to Cloud,2025-12-24T18:43:27.361+08:00
2025-12-25 11:19:34,2025-12-24T18:44:00+08:00,2025-12-24T18:46:02+08:00,1.1976,103.6571,C,Cloud to Cloud,2025-12-24T18:43:27.361+08:00
2025-12-25 11:19:34,2025-12-24T18:44:00+08:00,2025-12-24T18:46:02+08:00,1.2672,103.6603,C,Cloud to Cloud,2025-12-24T18:43:27.361+08:00
2025-12-25 11:19:34,2025-12-24T18:44:00+08:00,2025-12-24T18:46:02+08:00,1.1906,103.6554,C,Cloud to Cloud,2025-12-24T18:43:27.361+08:00
2025-12-25 11:19:34,2025-12-24T18:44:00+08:00,2025-12-24T18:46:02+08:00,1.1871,103.6576,C,Cloud to Cloud,2025-12-24T18:43:27.362+08:00
2025-12-25 11:19:34,2025-12-24T18:44:00+08:00,2025-12-24T18:46:02+08:00,1.2362,103.695,C,Cloud to Cloud,2025-12-24T18:43:27.362+08:00
2025-12-25 11:19:34,2025-12-24T18:44:00+08:00,2025-12-24T18:46:02+08:00,1.2362,103.695,C,Cloud to Cloud,2025-12-24T18:43:27.362+08:00
2025-12-25 11:19:34,2025-12-24T18:44:00+08:00,2025-12-24T18:46:02+08:00,1.2112,103.6162,C,Cloud to Cloud,2025-12-24T18:43:50.129+08:00
2025-12-25 11:19:34,2025-12-24T18:44:00+08:00,2025-12-24T18:46:02+08:00,1.1679,103.5842,C,Cloud to Cloud,2025-12-24T18:43:50.129+08:00
2025-12-25 11:19:34,2025-12-24T18:44:00+08:00,2025-12-24T18:46:02+08:00,1.2001,103.6697,C,Cloud to Cloud,2025-12-24T18:43:50.224+08:00
2025-12-25 11:19:34,2025-12-24T18:44:00+08:00,2025-12-24T18:46:02+08:00,1.1838,103.6554,C,Cloud to Cloud,2025-12-24T18:43:50.224+08:00
2025-12-25 11:19:34,2025-12-24T18:44:00+08:00,2025-12-24T18:46:02+08:00,1.2055,103.6993,C,Cloud to Cloud,2025-12-24T18:43:50.224+08:00
2025-12-25 11:19:34,2025-12-24T18:44:00+08:00,2025-12-24T18:46:02+08:00,1.1797,103.6509,C,Cloud to Cloud,2025-12-24T18:43:50.224+08:00
2025-12-25 11:19:34,2025-12-24T18:44:00+08:00,2025-12-24T18:46:02+08:00,1.2043,103.665,C,Cloud to Cloud,2025-12-24T18:43:50.224+08:00
2025-12-25 11:19:34,2025-12-24T18:44:00+08:00,2025-12-24T18:46:02+08:00,1.2047,103.6679,C,Cloud to Cloud,2025-12-24T18:43:50.225+08:00
2025-12-25 11:19:34,2025-12-24T18:44:00+08:00,2025-12-24T18:46:02+08:00,1.1875,103.6492,C,Cloud to Cloud,2025-12-24T18:43:50.297+08:00
2025-12-25 11:19:34,2025-12-24T18:44:00+08:00,2025-12-24T18:46:02+08:00,1.2474,103.7095,C,Cloud to Cloud,2025-12-24T18:43:50.297+08:00
2025-12-25 11:19:34,2025-12-24T18:42:00+08:00,2025-12-24T18:44:02+08:00,1.1875,103.6611,C,Cloud to Cloud,2025-12-24T18:40:01.108+08:00
2025-12-25 11:19:34,2025-12-24T18:42:00+08:00,2025-12-24T18:44:02+08:00,1.1725,103.6262,C,Cloud to Cloud,2025-12-24T18:40:01.108+08:00
2025-12-25 11:19:34,2025-12-24T18:42:00+08:00,2025-12-24T18:44:02+08:00,1.1872,103.6608,C,Cloud to Cloud,2025-12-24T18:40:01.109+08:00
2025-12-25 11:19:34,2025-12-24T18:42:00+08:00,2025-12-24T18:44:02+08:00,1.1874,103.6557,C,Cloud to Cloud,2025-12-24T18:40:01.336+08:00
2025-12-25 11:19:34,2025-12-24T18:42:00+08:00,2025-12-24T18:44:02+08:00,1.1928,103.6602,C,Cloud to Cloud,2025-12-24T18:40:01.336+08:00
2025-12-25 11:19:34,2025-12-24T18:42:00+08:00,2025-12-24T18:44:02+08:00,1.2719,103.6873,C,Cloud to Cloud,2025-12-24T18:40:01.336+08:00
2025-12-25 11:19:34,2025-12-24T18:42:00+08:00,2025-12-24T18:44:02+08:00,1.1827,103.6524,C,Cloud to Cloud,2025-12-24T18:40:01.336+08:00
2025-12-25 11:19:34,2025-12-24T18:42:00+08:00,2025-12-24T18:44:02+08:00,1.1637,103.6234,C,Cloud to Cloud,2025-12-24T18:40:01.336+08:00
2025-12-25 11:19:34,2025-12-24T18:42:00+08:00,2025-12-24T18:44:02+08:00,1.2529,103.7262,C,Cloud to Cloud,2025-12-24T18:40:01.34+08:00
2025-12-25 11:19:34,2025-12-24T18:42:00+08:00,2025-12-24T18:44:02+08:00,1.1973,103.6681,C,Cloud to Cloud,2025-12-24T18:40:01.34+08:00
2025-12-25 11:19:34,2025-12-24T18:42:00+08:00,2025-12-24T18:44:02+08:00,1.1897,103.663,C,Cloud to Cloud,2025-12-24T18:40:01.341+08:00
2025-12-25 11:19:34,2025-12-24T18:42:00+08:00,2025-12-24T18:44:02+08:00,1.1861,103.6542,C,Cloud to Cloud,2025-12-24T18:40:01.347+08:00
2025-12-25 11:19:34,2025-12-24T18:42:00+08:00,2025-12-24T18:44:02+08:00,1.1879,103.6563,C,Cloud to Cloud,2025-12-24T18:40:01.347+08:00
2025-12-25 11:19:34,2025-12-24T18:42:00+08:00,2025-12-24T18:44:02+08:00,1.2056,103.6635,C,Cloud to Cloud,2025-12-24T18:40:01.371+08:00
2025-12-25 11:19:34,2025-12-24T18:42:00+08:00,2025-12-24T18:44:02+08:00,1.1807,103.6425,C,Cloud to Cloud,2025-12-24T18:40:01.371+08:00
2025-12-25 11:19:34,2025-12-24T18:42:00+08:00,2025-12-24T18:44:02+08:00,1.1817,103.663,C,Cloud to Cloud,2025-12-24T18:40:23.893+08:00
2025-12-25 11:19:34,2025-12-24T18:42:00+08:00,2025-12-24T18:44:02+08:00,1.1815,103.6553,C,Cloud to Cloud,2025-12-24T18:40:23.904+08:00
2025-12-25 11:19:34,2025-12-24T18:42:00+08:00,2025-12-24T18:44:02+08:00,1.1893,103.65,C,Cloud to Cloud,2025-12-24T18:40:23.904+08:00
2025-12-25 11:19:34,2025-12-24T18:42:00+08:00,2025-12-24T18:44:02+08:00,1.1972,103.6614,C,Cloud to Cloud,2025-12-24T18:40:23.988+08:00
2025-12-25 11:19:34,2025-12-24T18:42:00+08:00,2025-12-24T18:44:02+08:00,1.1925,103.6574,C,Cloud to Cloud,2025-12-24T18:40:23.988+08:00
2025-12-25 11:19:34,2025-12-24T18:42:00+08:00,2025-12-24T18:44:02+08:00,1.2094,103.6822,C,Cloud to Cloud,2025-12-24T18:40:30.277+08:00
2025-12-25 11:19:34,2025-12-24T18:42:00+08:00,2025-12-24T18:44:02+08:00,1.1782,103.6467,C,Cloud to Cloud,2025-12-24T18:40:30.277+08:00
2025-12-25 11:19:34,2025-12-24T18:42:00+08:00,2025-12-24T18:44:02+08:00,1.1762,103.6405,C,Cloud to Cloud,2025-12-24T18:40:30.277+08:00
2025-12-25 11:19:34,2025-12-24T18:42:00+08:00,2025-12-24T18:44:02+08:00,1.1816,103.6436,C,Cloud to Cloud,2025-12-24T18:40:30.352+08:00
2025-12-25 11:19:34,2025-12-24T18:42:00+08:00,2025-12-24T18:44:02+08:00,1.2727,103.6538,C,Cloud to Cloud,2025-12-24T18:40:30.352+08:00
2025-12-25 11:19:34,2025-12-24T18:42:00+08:00,2025-12-24T18:44:02+08:00,1.2039,103.6738,C,Cloud to Cloud,2025-12-24T18:40:30.467+08:00
2025-12-25 11:19:34,2025-12-24T18:42:00+08:00,2025-12-24T18:44:02+08:00,1.2002,103.6708,C,Cloud to Cloud,2025-12-24T18:40:30.467+08:00
2025-12-25 11:19:34,2025-12-24T18:42:00+08:00,2025-12-24T18:44:02+08:00,1.2007,103.6679,C,Cloud to Cloud,2025-12-24T18:40:30.467+08:00
2025-12-25 11:19:34,2025-12-24T18:42:00+08:00,2025-12-24T18:44:02+08:00,1.1961,103.6732,C,Cloud to Cloud,2025-12-24T18:40:30.472+08:00
2025-12-25 11:19:34,2025-12-24T18:42:00+08:00,2025-12-24T18:44:02+08:00,1.2109,103.684,C,Cloud to Cloud,2025-12-24T18:40:30.473+08:00
2025-12-25 11:19:34,2025-12-24T18:42:00+08:00,2025-12-24T18:44:02+08:00,1.2005,103.6527,C,Cloud to Cloud,2025-12-24T18:40:30.526+08:00
2025-12-25 11:19:34,2025-12-24T18:42:00+08:00,2025-12-24T18:44:02+08:00,1.1949,103.6519,C,Cloud to Cloud,2025-12-24T18:40:30.526+08:00
2025-12-25 11:19:34,2025-12-24T18:42:00+08:00,2025-12-24T18:44:02+08:00,1.1997,103.6674,C,Cloud to Cloud,2025-12-24T18:40:30.542+08:00
2025-12-25 11:19:34,2025-12-24T18:42:00+08:00,2025-12-24T18:44:02+08:00,1.1869,103.6577,C,Cloud to Cloud,2025-12-24T18:40:30.542+08:00
2025-12-25 11:19:34,2025-12-24T18:42:00+08:00,2025-12-24T18:44:02+08:00,1.2018,103.6713,C,Cloud to Cloud,2025-12-24T18:40:30.647+08:00
2025-12-25 11:19:34,2025-12-24T18:42:00+08:00,2025-12-24T18:44:02+08:00,1.2019,103.6716,C,Cloud to Cloud,2025-12-24T18:40:30.647+08:00
2025-12-25 11:19:34,2025-12-24T18:42:00+08:00,2025-12-24T18:44:02+08:00,1.2009,103.6706,C,Cloud to Cloud,2025-12-24T18:40:30.647+08:00
2025-12-25 11:19:34,2025-12-24T18:42:00+08:00,2025-12-24T18:44:02+08:00,1.2004,103.6728,C,Cloud to Cloud,2025-12-24T18:40:30.647+08:00
2025-12-25 11:19:34,2025-12-24T18:42:00+08:00,2025-12-24T18:44:02+08:00,1.2004,103.6728,C,Cloud to Cloud,2025-12-24T18:40:30.647+08:00
2025-12-25 11:19:34,2025-12-24T18:42:00+08:00,2025-12-24T18:44:02+08:00,1.2056,103.6742,C,Cloud to Cloud,2025-12-24T18:40:30.648+08:00
2025-12-25 11:19:34,2025-12-24T18:42:00+08:00,2025-12-24T18:44:02+08:00,1.189,103.6708,C,Cloud to Cloud,2025-12-24T18:40:45.804+08:00
2025-12-25 11:19:34,2025-12-24T18:42:00+08:00,2025-12-24T18:44:02+08:00,1.1796,103.6645,C,Cloud to Cloud,2025-12-24T18:40:45.804+08:00
2025-12-25 11:19:34,2025-12-24T18:42:00+08:00,2025-12-24T18:44:02+08:00,1.1818,103.6583,C,Cloud to Cloud,2025-12-24T18:40:45.907+08:00
2025-12-25 11:19:34,2025-12-24T18:42:00+08:00,2025-12-24T18:44:02+08:00,1.1933,103.6795,C,Cloud to Cloud,2025-12-24T18:40:45.972+08:00
2025-12-25 11:19:34,2025-12-24T18:42:00+08:00,2025-12-24T18:44:02+08:00,1.1933,103.6795,C,Cloud to Cloud,2025-12-24T18:40:45.973+08:00
2025-12-25 11:19:34,2025-12-24T18:42:00+08:00,2025-12-24T18:44:02+08:00,1.191,103.6824,C,Cloud to Cloud,2025-12-24T18:40:46.005+08:00
2025-12-25 11:19:34,2025-12-24T18:42:00+08:00,2025-12-24T18:44:02+08:00,1.191,103.6824,C,Cloud to Cloud,2025-12-24T18:40:46.005+08:00
2025-12-25 11:19:34,2025-12-24T18:42:00+08:00,2025-12-24T18:44:02+08:00,1.1845,103.6201,C,Cloud to Cloud,2025-12-24T18:40:46.008+08:00
2025-12-25 11:19:34,2025-12-24T18:42:00+08:00,2025-12-24T18:44:02+08:00,1.1771,103.6235,C,Cloud to Cloud,2025-12-24T18:40:47.566+08:00
2025-12-25 11:19:34,2025-12-24T18:42:00+08:00,2025-12-24T18:44:02+08:00,1.129,103.5926,C,Cloud to Cloud,2025-12-24T18:41:06.819+08:00
2025-12-25 11:19:34,2025-12-24T18:42:00+08:00,2025-12-24T18:44:02+08:00,1.2126,103.6585,C,Cloud to Cloud,2025-12-24T18:41:06.838+08:00
2025-12-25 11:19:34,2025-12-24T18:42:00+08:00,2025-12-24T18:44:02+08:00,1.173,103.6771,C,Cloud to Cloud,2025-12-24T18:41:06.838+08:00
2025-12-25 11:19:34,2025-12-24T18:42:00+08:00,2025-12-24T18:44:02+08:00,1.2126,103.6585,C,Cloud to Cloud,2025-12-24T18:41:06.839+08:00
2025-12-25 11:19:34,2025-12-24T18:42:00+08:00,2025-12-24T18:44:02+08:00,1.2071,103.6593,C,Cloud to Cloud,2025-12-24T18:41:06.912+08:00
2025-12-25 11:19:34,2025-12-24T18:42:00+08:00,2025-12-24T18:44:02+08:00,1.2071,103.6593,C,Cloud to Cloud,2025-12-24T18:41:06.912+08:00
2025-12-25 11:19:34,2025-12-24T18:42:00+08:00,2025-12-24T18:44:02+08:00,1.2104,103.6502,C,Cloud to Cloud,2025-12-24T18:41:06.946+08:00
2025-12-25 11:19:34,2025-12-24T18:42:00+08:00,2025-12-24T18:44:02+08:00,1.1684,103.5829,C,Cloud to Cloud,2025-12-24T18:41:06.981+08:00
2025-12-25 11:19:34,2025-12-24T18:42:00+08:00,2025-12-24T18:44:02+08:00,1.1621,103.6243,C,Cloud to Cloud,2025-12-24T18:41:07+08:00
2025-12-25 11:19:34,2025-12-24T18:42:00+08:00,2025-12-24T18:44:02+08:00,1.2076,103.6603,C,Cloud to Cloud,2025-12-24T18:41:07.038+08:00
2025-12-25 11:19:34,2025-12-24T18:42:00+08:00,2025-12-24T18:44:02+08:00,1.2067,103.6591,C,Cloud to Cloud,2025-12-24T18:41:07.038+08:00
2025-12-25 11:19:34,2025-12-24T18:42:00+08:00,2025-12-24T18:44:02+08:00,1.1784,103.6545,C,Cloud to Cloud,2025-12-24T18:41:07.038+08:00
2025-12-25 11:19:34,2025-12-24T18:42:00+08:00,2025-12-24T18:44:02+08:00,1.2444,103.669,C,Cloud to Cloud,2025-12-24T18:41:07.038+08:00
2025-12-25 11:19:34,2025-12-24T18:42:00+08:00,2025-12-24T18:44:02+08:00,1.2108,103.653,C,Cloud to Cloud,2025-12-24T18:41:07.038+08:00
2025-12-25 11:19:34,2025-12-24T18:42:00+08:00,2025-12-24T18:44:02+08:00,1.2059,103.6527,C,Cloud to Cloud,2025-12-24T18:41:07.08+08:00
2025-12-25 11:19:34,2025-12-24T18:42:00+08:00,2025-12-24T18:44:02+08:00,1.1939,103.6413,C,Cloud to Cloud,2025-12-24T18:41:07.08+08:00
2025-12-25 11:19:34,2025-12-24T18:42:00+08:00,2025-12-24T18:44:02+08:00,1.1568,103.6086,C,Cloud to Cloud,2025-12-24T18:41:07.089+08:00
2025-12-25 11:19:34,2025-12-24T18:42:00+08:00,2025-12-24T18:44:02+08:00,1.2052,103.6497,C,Cloud to Cloud,2025-12-24T18:41:07.109+08:00
2025-12-25 11:19:34,2025-12-24T18:42:00+08:00,2025-12-24T18:44:02+08:00,1.2381,103.6672,C,Cloud to Cloud,2025-12-24T18:41:07.109+08:00
2025-12-25 11:19:34,2025-12-24T18:42:00+08:00,2025-12-24T18:44:02+08:00,1.249,103.6696,C,Cloud to Cloud,2025-12-24T18:41:07.11+08:00
2025-12-25 11:19:34,2025-12-24T18:42:00+08:00,2025-12-24T18:44:02+08:00,1.2087,103.6629,C,Cloud to Cloud,2025-12-24T18:41:07.11+08:00
2025-12-25 11:19:34,2025-12-24T18:42:00+08:00,2025-12-24T18:44:02+08:00,1.203,103.6768,C,Cloud to Cloud,2025-12-24T18:41:07.124+08:00
2025-12-25 11:19:34,2025-12-24T18:42:00+08:00,2025-12-24T18:44:02+08:00,1.2129,103.6594,C,Cloud to Cloud,2025-12-24T18:41:07.135+08:00
2025-12-25 11:19:34,2025-12-24T18:42:00+08:00,2025-12-24T18:44:02+08:00,1.2353,103.6651,C,Cloud to Cloud,2025-12-24T18:41:07.135+08:00
2025-12-25 11:19:34,2025-12-24T18:42:00+08:00,2025-12-24T18:44:02+08:00,1.1688,103.6532,C,Cloud to Cloud,2025-12-24T18:41:07.135+08:00
2025-12-25 11:19:34,2025-12-24T18:42:00+08:00,2025-12-24T18:44:02+08:00,1.2424,103.655,C,Cloud to Cloud,2025-12-24T18:41:07.151+08:00
2025-12-25 11:19:34,2025-12-24T18:42:00+08:00,2025-12-24T18:44:02+08:00,1.1866,103.5809,C,Cloud to Cloud,2025-12-24T18:41:07.187+08:00
2025-12-25 11:19:34,2025-12-24T18:42:00+08:00,2025-12-24T18:44:02+08:00,1.2674,103.6359,C,Cloud to Cloud,2025-12-24T18:41:08.888+08:00
2025-12-25 11:19:34,2025-12-24T18:42:00+08:00,2025-12-24T18:44:02+08:00,1.2913,103.6073,C,Cloud to Cloud,2025-12-24T18:41:08.888+08:00
2025-12-25 11:19:34,2025-12-24T18:42:00+08:00,2025-12-24T18:44:02+08:00,1.2644,103.6336,C,Cloud to Cloud,2025-12-24T18:41:08.888+08:00
2025-12-25 11:19:34,2025-12-24T18:42:00+08:00,2025-12-24T18:44:02+08:00,1.2596,103.6341,C,Cloud to Cloud,2025-12-24T18:41:09.088+08:00
2025-12-25 11:19:34,2025-12-24T18:42:00+08:00,2025-12-24T18:44:02+08:00,1.2275,103.6102,C,Cloud to Cloud,2025-12-24T18:41:09.207+08:00
2025-12-25 11:19:34,2025-12-24T18:42:00+08:00,2025-12-24T18:44:02+08:00,1.264,103.6444,C,Cloud to Cloud,2025-12-24T18:41:09.207+08:00
2025-12-25 11:19:34,2025-12-24T18:42:00+08:00,2025-12-24T18:44:02+08:00,1.264,103.6444,C,Cloud to Cloud,2025-12-24T18:41:09.207+08:00
2025-12-25 11:19:34,2025-12-24T18:42:00+08:00,2025-12-24T18:44:02+08:00,1.2639,103.653,C,Cloud to Cloud,2025-12-24T18:41:09.268+08:00
2025-12-25 11:19:34,2025-12-24T18:42:00+08:00,2025-12-24T18:44:02+08:00,1.2846,103.6675,C,Cloud to Cloud,2025-12-24T18:41:09.291+08:00
2025-12-25 11:19:34,2025-12-24T18:42:00+08:00,2025-12-24T18:44:02+08:00,1.2613,103.6535,C,Cloud to Cloud,2025-12-24T18:41:09.291+08:00
2025-12-25 11:19:34,2025-12-24T18:42:00+08:00,2025-12-24T18:44:02+08:00,1.2627,103.6592,C,Cloud to Cloud,2025-12-24T18:41:09.291+08:00
2025-12-25 11:19:34,2025-12-24T18:42:00+08:00,2025-12-24T18:44:02+08:00,1.2034,103.658,C,Cloud to Cloud,2025-12-24T18:41:22.23+08:00
2025-12-25 11:19:34,2025-12-24T18:42:00+08:00,2025-12-24T18:44:02+08:00,0.9515,103.9493,C,Cloud to Cloud,2025-12-24T18:41:30.305+08:00
2025-12-25 11:19:34,2025-12-24T18:42:00+08:00,2025-12-24T18:44:02+08:00,0.9534,104.0374,C,Cloud to Cloud,2025-12-24T18:41:30.529+08:00
2025-12-25 11:19:34,2025-12-24T18:42:00+08:00,2025-12-24T18:44:02+08:00,1.193,103.667,C,Cloud to Cloud,2025-12-24T18:41:36.684+08:00
2025-12-25 11:19:34,2025-12-24T18:42:00+08:00,2025-12-24T18:44:02+08:00,1.193,103.667,C,Cloud to Cloud,2025-12-24T18:41:36.685+08:00
2025-12-25 11:19:34,2025-12-24T18:42:00+08:00,2025-12-24T18:44:02+08:00,1.2077,103.6788,C,Cloud to Cloud,2025-12-24T18:41:36.686+08:00
2025-12-25 11:19:34,2025-12-24T18:42:00+08:00,2025-12-24T18:44:02+08:00,1.1922,103.6681,C,Cloud to Cloud,2025-12-24T18:41:36.686+08:00
2025-12-25 11:19:34,2025-12-24T18:42:00+08:00,2025-12-24T18:44:02+08:00,1.2143,103.6206,C,Cloud to Cloud,2025-12-24T18:41:36.686+08:00
2025-12-25 11:19:34,2025-12-24T18:42:00+08:00,2025-12-24T18:44:02+08:00,1.1988,103.6701,C,Cloud to Cloud,2025-12-24T18:41:36.781+08:00
2025-12-25 11:19:34,2025-12-24T18:42:00+08:00,2025-12-24T18:44:02+08:00,1.1945,103.6671,C,Cloud to Cloud,2025-12-24T18:41:36.848+08:00
2025-12-25 11:19:34,2025-12-24T18:42:00+08:00,2025-12-24T18:44:02+08:00,1.1965,103.675,C,Cloud to Cloud,2025-12-24T18:41:36.848+08:00
2025-12-25 11:19:34,2025-12-24T18:42:00+08:00,2025-12-24T18:44:02+08:00,1.2071,103.6792,C,Cloud to Cloud,2025-12-24T18:41:36.848+08:00
2025-12-25 11:19:34,2025-12-24T18:42:00+08:00,2025-12-24T18:44:02+08:00,1.2,103.6748,C,Cloud to Cloud,2025-12-24T18:41:36.848+08:00
2025-12-25 11:19:34,2025-12-24T18:42:00+08:00,2025-12-24T18:44:02+08:00,1.2084,103.6791,C,Cloud to Cloud,2025-12-24T18:41:36.855+08:00
2025-12-25 11:19:34,2025-12-24T18:42:00+08:00,2025-12-24T18:44:02+08:00,1.2044,103.6742,C,Cloud to Cloud,2025-12-24T18:41:36.855+08:00
2025-12-25 11:19:34,2025-12-24T18:42:00+08:00,2025-12-24T18:44:02+08:00,1.1978,103.6653,C,Cloud to Cloud,2025-12-24T18:41:36.855+08:00
2025-12-25 11:19:34,2025-12-24T18:42:00+08:00,2025-12-24T18:44:02+08:00,1.2029,103.6747,C,Cloud to Cloud,2025-12-24T18:41:36.855+08:00
2025-12-25 11:19:34,2025-12-24T18:42:00+08:00,2025-12-24T18:44:02+08:00,1.1954,103.6816,C,Cloud to Cloud,2025-12-24T18:41:36.856+08:00
2025-12-25 11:19:34,2025-12-24T18:42:00+08:00,2025-12-24T18:44:02+08:00,1.1996,103.6694,C,Cloud to Cloud,2025-12-24T18:41:36.878+08:00
2025-12-25 11:19:34,2025-12-24T18:42:00+08:00,2025-12-24T18:44:02+08:00,1.1941,103.6343,C,Cloud to Cloud,2025-12-24T18:41:54.557+08:00
2025-12-25 11:19:34,2025-12-24T18:42:00+08:00,2025-12-24T18:44:02+08:00,1.1341,103.7177,C,Cloud to Cloud,2025-12-24T18:41:54.575+08:00
2025-12-25 11:19:34,2025-12-24T18:42:00+08:00,2025-12-24T18:44:02+08:00,1.1922,103.6837,C,Cloud to Cloud,2025-12-24T18:41:54.66+08:00
2025-12-25 11:19:34,2025-12-24T18:42:00+08:00,2025-12-24T18:44:02+08:00,1.2284,103.7045,C,Cloud to Cloud,2025-12-24T18:41:54.66+08:00
2025-12-25 11:19:34,2025-12-24T18:42:00+08:00,2025-12-24T18:44:02+08:00,1.192,103.6547,C,Cloud to Cloud,2025-12-24T18:41:54.81+08:00
2025-12-25 11:19:34,2025-12-24T18:42:00+08:00,2025-12-24T18:44:02+08:00,1.198,103.6668,C,Cloud to Cloud,2025-12-24T18:41:54.81+08:00
2025-12-25 11:19:34,2025-12-24T18:40:00+08:00,2025-12-24T18:42:03+08:00,1.1978,103.6721,C,Cloud to Cloud,2025-12-24T18:38:00.015+08:00
2025-12-25 11:19:34,2025-12-24T18:40:00+08:00,2025-12-24T18:42:03+08:00,1.1534,103.6004,C,Cloud to Cloud,2025-12-24T18:38:00.015+08:00
2025-12-25 11:19:34,2025-12-24T18:40:00+08:00,2025-12-24T18:42:03+08:00,1.1978,103.6721,C,Cloud to Cloud,2025-12-24T18:38:00.015+08:00
2025-12-25 11:19:34,2025-12-24T18:40:00+08:00,2025-12-24T18:42:03+08:00,1.1881,103.62,C,Cloud to Cloud,2025-12-24T18:38:16.803+08:00
2025-12-25 11:19:34,2025-12-24T18:40:00+08:00,2025-12-24T18:42:03+08:00,1.2005,103.651,C,Cloud to Cloud,2025-12-24T18:38:16.83+08:00
2025-12-25 11:19:34,2025-12-24T18:40:00+08:00,2025-12-24T18:42:03+08:00,1.1336,103.6399,C,Cloud to Cloud,2025-12-24T18:38:30.267+08:00
2025-12-25 11:19:34,2025-12-24T18:40:00+08:00,2025-12-24T18:42:03+08:00,1.1353,103.6294,C,Cloud to Cloud,2025-12-24T18:38:30.27+08:00
2025-12-25 11:19:34,2025-12-24T18:40:00+08:00,2025-12-24T18:42:03+08:00,1.207,103.6781,C,Cloud to Cloud,2025-12-24T18:38:30.357+08:00
2025-12-25 11:19:34,2025-12-24T18:40:00+08:00,2025-12-24T18:42:03+08:00,1.18,103.658,C,Cloud to Cloud,2025-12-24T18:38:30.357+08:00
2025-12-25 11:19:34,2025-12-24T18:40:00+08:00,2025-12-24T18:42:03+08:00,1.201,103.6699,C,Cloud to Cloud,2025-12-24T18:38:30.397+08:00
2025-12-25 11:19:34,2025-12-24T18:40:00+08:00,2025-12-24T18:42:03+08:00,1.1942,103.6661,C,Cloud to Cloud,2025-12-24T18:38:30.397+08:00
2025-12-25 11:19:34,2025-12-24T18:40:00+08:00,2025-12-24T18:42:03+08:00,1.2206,103.6903,C,Cloud to Cloud,2025-12-24T18:38:30.397+08:00
2025-12-25 11:19:34,2025-12-24T18:40:00+08:00,2025-12-24T18:42:03+08:00,1.1852,103.6667,C,Cloud to Cloud,2025-12-24T18:38:30.417+08:00
2025-12-25 11:19:34,2025-12-24T18:40:00+08:00,2025-12-24T18:42:03+08:00,1.2244,103.6922,C,Cloud to Cloud,2025-12-24T18:38:30.418+08:00
2025-12-25 11:19:34,2025-12-24T18:40:00+08:00,2025-12-24T18:42:03+08:00,1.1901,103.6572,C,Cloud to Cloud,2025-12-24T18:38:30.432+08:00
2025-12-25 11:19:34,2025-12-24T18:40:00+08:00,2025-12-24T18:42:03+08:00,1.1817,103.6541,C,Cloud to Cloud,2025-12-24T18:38:30.432+08:00
2025-12-25 11:19:34,2025-12-24T18:40:00+08:00,2025-12-24T18:42:03+08:00,1.186,103.6573,C,Cloud to Cloud,2025-12-24T18:38:30.432+08:00
2025-12-25 11:19:34,2025-12-24T18:40:00+08:00,2025-12-24T18:42:03+08:00,1.1865,103.6523,C,Cloud to Cloud,2025-12-24T18:38:30.432+08:00
2025-12-25 11:19:34,2025-12-24T18:40:00+08:00,2025-12-24T18:42:03+08:00,1.1838,103.6443,C,Cloud to Cloud,2025-12-24T18:38:30.432+08:00
2025-12-25 11:19:34,2025-12-24T18:40:00+08:00,2025-12-24T18:42:03+08:00,1.1856,103.6399,C,Cloud to Cloud,2025-12-24T18:38:30.502+08:00
2025-12-25 11:19:34,2025-12-24T18:40:00+08:00,2025-12-24T18:42:03+08:00,1.2048,103.667,C,Cloud to Cloud,2025-12-24T18:38:50.241+08:00
2025-12-25 11:19:34,2025-12-24T18:40:00+08:00,2025-12-24T18:42:03+08:00,1.1787,103.6533,C,Cloud to Cloud,2025-12-24T18:38:50.241+08:00
2025-12-25 11:19:34,2025-12-24T18:40:00+08:00,2025-12-24T18:42:03+08:00,1.2121,103.6639,C,Cloud to Cloud,2025-12-24T18:38:50.241+08:00
2025-12-25 11:19:34,2025-12-24T18:40:00+08:00,2025-12-24T18:42:03+08:00,1.2069,103.6824,C,Cloud to Cloud,2025-12-24T18:38:50.256+08:00
2025-12-25 11:19:34,2025-12-24T18:40:00+08:00,2025-12-24T18:42:03+08:00,1.2069,103.6824,C,Cloud to Cloud,2025-12-24T18:38:50.256+08:00
2025-12-25 11:19:34,2025-12-24T18:40:00+08:00,2025-12-24T18:42:03+08:00,1.1563,103.6968,C,Cloud to Cloud,2025-12-24T18:38:50.256+08:00
2025-12-25 11:19:34,2025-12-24T18:40:00+08:00,2025-12-24T18:42:03+08:00,1.2074,103.6822,C,Cloud to Cloud,2025-12-24T18:38:50.256+08:00
2025-12-25 11:19:34,2025-12-24T18:40:00+08:00,2025-12-24T18:42:03+08:00,1.2095,103.6658,C,Cloud to Cloud,2025-12-24T18:38:50.347+08:00
2025-12-25 11:19:34,2025-12-24T18:40:00+08:00,2025-12-24T18:42:03+08:00,1.2128,103.667,C,Cloud to Cloud,2025-12-24T18:38:50.347+08:00
2025-12-25 11:19:34,2025-12-24T18:40:00+08:00,2025-12-24T18:42:03+08:00,1.1981,103.65,C,Cloud to Cloud,2025-12-24T18:38:50.396+08:00
2025-12-25 11:19:34,2025-12-24T18:40:00+08:00,2025-12-24T18:42:03+08:00,1.2065,103.6823,C,Cloud to Cloud,2025-12-24T18:38:50.433+08:00
2025-12-25 11:19:34,2025-12-24T18:40:00+08:00,2025-12-24T18:42:03+08:00,1.1979,103.6504,C,Cloud to Cloud,2025-12-24T18:38:50.462+08:00
2025-12-25 11:19:34,2025-12-24T18:40:00+08:00,2025-12-24T18:42:03+08:00,1.2007,103.6526,C,Cloud to Cloud,2025-12-24T18:38:50.483+08:00
2025-12-25 11:19:34,2025-12-24T18:40:00+08:00,2025-12-24T18:42:03+08:00,1.1991,103.6615,C,Cloud to Cloud,2025-12-24T18:38:50.498+08:00
2025-12-25 11:19:34,2025-12-24T18:40:00+08:00,2025-12-24T18:42:03+08:00,1.186,103.6582,C,Cloud to Cloud,2025-12-24T18:38:50.499+08:00
2025-12-25 11:19:34,2025-12-24T18:40:00+08:00,2025-12-24T18:42:03+08:00,1.2044,103.6627,C,Cloud to Cloud,2025-12-24T18:38:50.499+08:00
2025-12-25 11:19:34,2025-12-24T18:40:00+08:00,2025-12-24T18:42:03+08:00,1.1985,103.6486,C,Cloud to Cloud,2025-12-24T18:38:50.515+08:00
2025-12-25 11:19:34,2025-12-24T18:40:00+08:00,2025-12-24T18:42:03+08:00,1.2261,103.674,C,Cloud to Cloud,2025-12-24T18:38:50.615+08:00
2025-12-25 11:19:34,2025-12-24T18:40:00+08:00,2025-12-24T18:42:03+08:00,1.2261,103.674,C,Cloud to Cloud,2025-12-24T18:38:50.615+08:00
2025-12-25 11:19:34,2025-12-24T18:40:00+08:00,2025-12-24T18:42:03+08:00,1.1597,103.642,C,Cloud to Cloud,2025-12-24T18:38:50.615+08:00
2025-12-25 11:19:34,2025-12-24T18:40:00+08:00,2025-12-24T18:42:03+08:00,1.2152,103.6643,C,Cloud to Cloud,2025-12-24T18:38:50.616+08:00
2025-12-25 11:19:34,2025-12-24T18:40:00+08:00,2025-12-24T18:42:03+08:00,1.2039,103.6537,C,Cloud to Cloud,2025-12-24T18:38:50.616+08:00
2025-12-25 11:19:34,2025-12-24T18:40:00+08:00,2025-12-24T18:42:03+08:00,1.1961,103.6666,C,Cloud to Cloud,2025-12-24T18:39:05.044+08:00
2025-12-25 11:19:34,2025-12-24T18:40:00+08:00,2025-12-24T18:42:03+08:00,1.23,103.6257,C,Cloud to Cloud,2025-12-24T18:39:05.044+08:00
2025-12-25 11:19:34,2025-12-24T18:40:00+08:00,2025-12-24T18:42:03+08:00,1.1945,103.6658,C,Cloud to Cloud,2025-12-24T18:39:16.289+08:00
2025-12-25 11:19:34,2025-12-24T18:40:00+08:00,2025-12-24T18:42:03+08:00,1.2013,103.6564,C,Cloud to Cloud,2025-12-24T18:39:29.314+08:00
2025-12-25 11:19:34,2025-12-24T18:40:00+08:00,2025-12-24T18:42:03+08:00,1.1421,103.6164,C,Cloud to Cloud,2025-12-24T18:39:29.317+08:00
2025-12-25 11:19:34,2025-12-24T18:40:00+08:00,2025-12-24T18:42:03+08:00,1.1772,103.603,C,Cloud to Cloud,2025-12-24T18:39:29.324+08:00
2025-12-25 11:19:34,2025-12-24T18:40:00+08:00,2025-12-24T18:42:03+08:00,1.1667,103.6478,C,Cloud to Cloud,2025-12-24T18:39:29.333+08:00
2025-12-25 11:19:34,2025-12-24T18:40:00+08:00,2025-12-24T18:42:03+08:00,1.2048,103.6575,C,Cloud to Cloud,2025-12-24T18:39:29.512+08:00
2025-12-25 11:19:34,2025-12-24T18:40:00+08:00,2025-12-24T18:42:03+08:00,1.1802,103.6534,C,Cloud to Cloud,2025-12-24T18:39:38.393+08:00
2025-12-25 11:19:34,2025-12-24T18:40:00+08:00,2025-12-24T18:42:03+08:00,1.1908,103.6648,C,Cloud to Cloud,2025-12-24T18:39:38.449+08:00
2025-12-25 11:19:34,2025-12-24T18:40:00+08:00,2025-12-24T18:42:03+08:00,1.1814,103.6574,C,Cloud to Cloud,2025-12-24T18:39:38.449+08:00
2025-12-25 11:19:34,2025-12-24T18:40:00+08:00,2025-12-24T18:42:03+08:00,1.2103,103.6808,C,Cloud to Cloud,2025-12-24T18:39:45.093+08:00
2025-12-25 11:19:34,2025-12-24T18:40:00+08:00,2025-12-24T18:42:03+08:00,1.2008,103.678,C,Cloud to Cloud,2025-12-24T18:39:45.233+08:00
2025-12-25 11:19:34,2025-12-24T18:40:00+08:00,2025-12-24T18:42:03+08:00,1.2008,103.678,C,Cloud to Cloud,2025-12-24T18:39:45.233+08:00
2025-12-25 11:19:34,2025-12-24T18:40:00+08:00,2025-12-24T18:42:03+08:00,1.2021,103.6624,C,Cloud to Cloud,2025-12-24T18:39:45.235+08:00
2025-12-25 11:19:34,2025-12-24T18:40:00+08:00,2025-12-24T18:42:03+08:00,1.1967,103.6608,C,Cloud to Cloud,2025-12-24T18:39:45.235+08:00
2025-12-25 11:19:34,2025-12-24T18:40:00+08:00,2025-12-24T18:42:03+08:00,1.1524,103.576,C,Cloud to Cloud,2025-12-24T18:39:45.235+08:00
2025-12-25 11:19:34,2025-12-24T18:40:00+08:00,2025-12-24T18:42:03+08:00,1.2014,103.6727,C,Cloud to Cloud,2025-12-24T18:39:45.235+08:00
2025-12-25 11:19:34,2025-12-24T18:40:00+08:00,2025-12-24T18:42:03+08:00,1.1998,103.6731,C,Cloud to Cloud,2025-12-24T18:39:45.235+08:00
2025-12-25 11:19:34,2025-12-24T18:40:00+08:00,2025-12-24T18:42:03+08:00,1.2141,103.6714,C,Cloud to Cloud,2025-12-24T18:39:45.235+08:00
2025-12-25 11:19:34,2025-12-24T18:40:00+08:00,2025-12-24T18:42:03+08:00,1.1925,103.6787,C,Cloud to Cloud,2025-12-24T18:39:45.235+08:00
2025-12-25 11:19:34,2025-12-24T18:40:00+08:00,2025-12-24T18:42:03+08:00,1.2112,103.6646,C,Cloud to Cloud,2025-12-24T18:39:45.291+08:00
2025-12-25 11:19:34,2025-12-24T18:40:00+08:00,2025-12-24T18:42:03+08:00,1.2112,103.6646,C,Cloud to Cloud,2025-12-24T18:39:45.292+08:00
2025-12-25 11:19:34,2025-12-24T18:40:00+08:00,2025-12-24T18:42:03+08:00,1.1959,103.6581,C,Cloud to Cloud,2025-12-24T18:39:45.292+08:00
2025-12-25 11:19:34,2025-12-24T18:40:00+08:00,2025-12-24T18:42:03+08:00,1.203,103.665,C,Cloud to Cloud,2025-12-24T18:39:45.292+08:00
2025-12-25 11:19:34,2025-12-24T18:40:00+08:00,2025-12-24T18:42:03+08:00,1.2018,103.6535,C,Cloud to Cloud,2025-12-24T18:39:45.314+08:00
2025-12-25 11:19:34,2025-12-24T18:40:00+08:00,2025-12-24T18:42:03+08:00,1.1891,103.6485,C,Cloud to Cloud,2025-12-24T18:39:45.369+08:00
2025-12-25 11:19:34,2025-12-24T18:40:00+08:00,2025-12-24T18:42:03+08:00,1.1986,103.6488,C,Cloud to Cloud,2025-12-24T18:39:45.412+08:00
2025-12-25 11:19:34,2025-12-24T18:40:00+08:00,2025-12-24T18:42:03+08:00,1.2057,103.6554,C,Cloud to Cloud,2025-12-24T18:39:45.412+08:00
2025-12-25 11:19:34,2025-12-24T18:40:00+08:00,2025-12-24T18:42:03+08:00,1.1597,103.6989,C,Cloud to Cloud,2025-12-24T18:39:45.418+08:00
2025-12-25 11:19:34,2025-12-24T18:40:00+08:00,2025-12-24T18:42:03+08:00,1.2235,103.6649,C,Cloud to Cloud,2025-12-24T18:39:45.418+08:00
2025-12-25 11:19:34,2025-12-24T18:40:00+08:00,2025-12-24T18:42:03+08:00,1.2212,103.6627,C,Cloud to Cloud,2025-12-24T18:39:45.418+08:00
2025-12-25 11:19:34,2025-12-24T18:38:00+08:00,2025-12-24T18:40:05+08:00,1.1938,103.6427,C,Cloud to Cloud,2025-12-24T18:36:17.767+08:00
2025-12-25 11:19:34,2025-12-24T18:38:00+08:00,2025-12-24T18:40:05+08:00,1.2341,103.6775,C,Cloud to Cloud,2025-12-24T18:36:49.222+08:00
2025-12-25 11:19:34,2025-12-24T18:38:00+08:00,2025-12-24T18:40:05+08:00,1.2093,103.6737,C,Cloud to Cloud,2025-12-24T18:36:49.223+08:00
2025-12-25 11:19:34,2025-12-24T18:38:00+08:00,2025-12-24T18:40:05+08:00,1.2464,103.6354,C,Cloud to Cloud,2025-12-24T18:36:49.223+08:00
2025-12-25 11:19:34,2025-12-24T18:38:00+08:00,2025-12-24T18:40:05+08:00,1.2233,103.6824,C,Cloud to Cloud,2025-12-24T18:36:49.224+08:00
2025-12-25 11:19:34,2025-12-24T18:38:00+08:00,2025-12-24T18:40:05+08:00,1.2142,103.6311,C,Cloud to Cloud,2025-12-24T18:36:49.224+08:00
2025-12-25 11:19:34,2025-12-24T18:38:00+08:00,2025-12-24T18:40:05+08:00,1.2202,103.682,C,Cloud to Cloud,2025-12-24T18:36:49.224+08:00
2025-12-25 11:19:34,2025-12-24T18:38:00+08:00,2025-12-24T18:40:05+08:00,1.2178,103.6345,C,Cloud to Cloud,2025-12-24T18:36:49.224+08:00
2025-12-25 11:19:34,2025-12-24T18:38:00+08:00,2025-12-24T18:40:05+08:00,1.2182,103.6336,C,Cloud to Cloud,2025-12-24T18:36:49.224+08:00
2025-12-25 11:19:34,2025-12-24T18:38:00+08:00,2025-12-24T18:40:05+08:00,1.1735,103.6523,C,Cloud to Cloud,2025-12-24T18:36:49.224+08:00
2025-12-25 11:19:34,2025-12-24T18:38:00+08:00,2025-12-24T18:40:05+08:00,1.2085,103.6807,C,Cloud to Cloud,2025-12-24T18:36:49.225+08:00
2025-12-25 11:19:34,2025-12-24T18:38:00+08:00,2025-12-24T18:40:05+08:00,1.2577,103.6503,C,Cloud to Cloud,2025-12-24T18:36:49.225+08:00
2025-12-25 11:19:34,2025-12-24T18:38:00+08:00,2025-12-24T18:40:05+08:00,1.2009,103.6802,C,Cloud to Cloud,2025-12-24T18:36:49.225+08:00
2025-12-25 11:19:34,2025-12-24T18:38:00+08:00,2025-12-24T18:40:05+08:00,1.2306,103.6423,C,Cloud to Cloud,2025-12-24T18:36:49.227+08:00
2025-12-25 11:19:34,2025-12-24T18:38:00+08:00,2025-12-24T18:40:05+08:00,1.2263,103.6845,C,Cloud to Cloud,2025-12-24T18:36:49.228+08:00
2025-12-25 11:19:34,2025-12-24T18:38:00+08:00,2025-12-24T18:40:05+08:00,1.2486,103.636,C,Cloud to Cloud,2025-12-24T18:36:49.228+08:00
2025-12-25 11:19:34,2025-12-24T18:38:00+08:00,2025-12-24T18:40:05+08:00,1.226,103.6781,C,Cloud to Cloud,2025-12-24T18:36:49.228+08:00
2025-12-25 11:19:34,2025-12-24T18:38:00+08:00,2025-12-24T18:40:05+08:00,1.1388,103.6358,C,Cloud to Cloud,2025-12-24T18:36:49.229+08:00
2025-12-25 11:19:34,2025-12-24T18:38:00+08:00,2025-12-24T18:40:05+08:00,1.2186,103.6709,C,Cloud to Cloud,2025-12-24T18:36:49.233+08:00
2025-12-25 11:19:34,2025-12-24T18:38:00+08:00,2025-12-24T18:40:05+08:00,1.1899,103.6916,C,Cloud to Cloud,2025-12-24T18:36:49.233+08:00
2025-12-25 11:19:34,2025-12-24T18:38:00+08:00,2025-12-24T18:40:05+08:00,1.2376,103.6762,C,Cloud to Cloud,2025-12-24T18:36:49.24+08:00
2025-12-25 11:19:34,2025-12-24T18:38:00+08:00,2025-12-24T18:40:05+08:00,1.233,103.6739,C,Cloud to Cloud,2025-12-24T18:36:49.24+08:00
2025-12-25 11:19:34,2025-12-24T18:38:00+08:00,2025-12-24T18:40:05+08:00,1.2374,103.678,C,Cloud to Cloud,2025-12-24T18:36:49.247+08:00
2025-12-25 11:19:34,2025-12-24T18:38:00+08:00,2025-12-24T18:40:05+08:00,1.2374,103.6779,C,Cloud to Cloud,2025-12-24T18:36:49.247+08:00
2025-12-25 11:19:34,2025-12-24T18:38:00+08:00,2025-12-24T18:40:05+08:00,1.2378,103.692,C,Cloud to Cloud,2025-12-24T18:36:49.247+08:00
2025-12-25 11:19:34,2025-12-24T18:38:00+08:00,2025-12-24T18:40:05+08:00,1.2385,103.6611,C,Cloud to Cloud,2025-12-24T18:36:49.461+08:00
2025-12-25 11:19:34,2025-12-24T18:38:00+08:00,2025-12-24T18:40:05+08:00,1.2437,103.6619,C,Cloud to Cloud,2025-12-24T18:36:49.476+08:00
2025-12-25 11:19:34,2025-12-24T18:38:00+08:00,2025-12-24T18:40:05+08:00,1.2051,103.6458,C,Cloud to Cloud,2025-12-24T18:37:09.687+08:00
2025-12-25 11:19:34,2025-12-24T18:38:00+08:00,2025-12-24T18:40:05+08:00,1.1914,103.677,C,Cloud to Cloud,2025-12-24T18:37:20.397+08:00
2025-12-25 11:19:34,2025-12-24T18:38:00+08:00,2025-12-24T18:40:05+08:00,1.1887,103.6353,C,Cloud to Cloud,2025-12-24T18:37:20.451+08:00
2025-12-25 11:19:34,2025-12-24T18:38:00+08:00,2025-12-24T18:40:05+08:00,1.2079,103.6738,C,Cloud to Cloud,2025-12-24T18:37:20.551+08:00
2025-12-25 11:19:34,2025-12-24T18:38:00+08:00,2025-12-24T18:40:05+08:00,1.1717,103.6872,C,Cloud to Cloud,2025-12-24T18:37:32.831+08:00
2025-12-25 11:19:34,2025-12-24T18:38:00+08:00,2025-12-24T18:40:05+08:00,1.1515,103.6219,C,Cloud to Cloud,2025-12-24T18:37:32.865+08:00
2025-12-25 11:19:34,2025-12-24T18:38:00+08:00,2025-12-24T18:40:05+08:00,1.1619,103.5806,C,Cloud to Cloud,2025-12-24T18:37:32.867+08:00
2025-12-25 11:19:34,2025-12-24T18:38:00+08:00,2025-12-24T18:40:05+08:00,1.2041,103.68,C,Cloud to Cloud,2025-12-24T18:37:32.872+08:00
2025-12-25 11:19:34,2025-12-24T18:38:00+08:00,2025-12-24T18:40:05+08:00,1.2041,103.6798,C,Cloud to Cloud,2025-12-24T18:37:32.872+08:00
2025-12-25 11:19:34,2025-12-24T18:38:00+08:00,2025-12-24T18:40:05+08:00,1.1809,103.6563,C,Cloud to Cloud,2025-12-24T18:37:46.883+08:00
2025-12-25 11:19:34,2025-12-24T18:38:00+08:00,2025-12-24T18:40:05+08:00,1.1752,103.6539,C,Cloud to Cloud,2025-12-24T18:37:54.18+08:00
2025-12-25 11:19:34,2025-12-24T18:38:00+08:00,2025-12-24T18:40:05+08:00,1.1747,103.6534,C,Cloud to Cloud,2025-12-24T18:37:54.181+08:00
2025-12-25 11:19:34,2025-12-24T18:36:00+08:00,2025-12-24T18:38:02+08:00,1.1981,103.6784,C,Cloud to Cloud,2025-12-24T18:34:50.309+08:00
2025-12-25 11:19:34,2025-12-24T18:36:00+08:00,2025-12-24T18:38:02+08:00,1.2333,103.6473,C,Cloud to Cloud,2025-12-24T18:34:50.309+08:00
2025-12-25 11:19:34,2025-12-24T18:36:00+08:00,2025-12-24T18:38:02+08:00,1.1938,103.6756,C,Cloud to Cloud,2025-12-24T18:34:50.309+08:00
2025-12-25 11:19:34,2025-12-24T18:36:00+08:00,2025-12-24T18:38:02+08:00,1.2282,103.6961,C,Cloud to Cloud,2025-12-24T18:34:50.309+08:00
2025-12-25 11:19:34,2025-12-24T18:36:00+08:00,2025-12-24T18:38:02+08:00,1.2359,103.6472,C,Cloud to Cloud,2025-12-24T18:34:50.309+08:00
2025-12-25 11:19:34,2025-12-24T18:36:00+08:00,2025-12-24T18:38:02+08:00,1.1862,103.6661,C,Cloud to Cloud,2025-12-24T18:34:50.309+08:00
2025-12-25 11:19:34,2025-12-24T18:36:00+08:00,2025-12-24T18:38:02+08:00,1.1902,103.6654,C,Cloud to Cloud,2025-12-24T18:34:50.31+08:00
2025-12-25 11:19:34,2025-12-24T18:36:00+08:00,2025-12-24T18:38:02+08:00,1.2288,103.6916,C,Cloud to Cloud,2025-12-24T18:34:50.31+08:00
2025-12-25 11:19:34,2025-12-24T18:36:00+08:00,2025-12-24T18:38:02+08:00,1.209,103.5989,C,Cloud to Cloud,2025-12-24T18:34:50.31+08:00
2025-12-25 11:19:34,2025-12-24T18:36:00+08:00,2025-12-24T18:38:02+08:00,1.1936,103.6665,C,Cloud to Cloud,2025-12-24T18:34:50.31+08:00
2025-12-25 11:19:34,2025-12-24T18:36:00+08:00,2025-12-24T18:38:02+08:00,1.1978,103.6687,C,Cloud to Cloud,2025-12-24T18:34:50.31+08:00
2025-12-25 11:19:34,2025-12-24T18:36:00+08:00,2025-12-24T18:38:02+08:00,1.2293,103.6871,C,Cloud to Cloud,2025-12-24T18:34:50.31+08:00
2025-12-25 11:19:34,2025-12-24T18:36:00+08:00,2025-12-24T18:38:02+08:00,1.1954,103.6659,C,Cloud to Cloud,2025-12-24T18:34:50.311+08:00
2025-12-25 11:19:34,2025-12-24T18:36:00+08:00,2025-12-24T18:38:02+08:00,1.2293,103.6871,C,Cloud to Cloud,2025-12-24T18:34:50.311+08:00
2025-12-25 11:19:34,2025-12-24T18:36:00+08:00,2025-12-24T18:38:02+08:00,1.2293,103.6879,C,Cloud to Cloud,2025-12-24T18:34:50.311+08:00
2025-12-25 11:19:34,2025-12-24T18:36:00+08:00,2025-12-24T18:38:02+08:00,1.1932,103.6214,C,Cloud to Cloud,2025-12-24T18:34:50.312+08:00
2025-12-25 11:19:34,2025-12-24T18:36:00+08:00,2025-12-24T18:38:02+08:00,1.2333,103.6881,C,Cloud to Cloud,2025-12-24T18:34:50.312+08:00
2025-12-25 11:19:34,2025-12-24T18:36:00+08:00,2025-12-24T18:38:02+08:00,1.2333,103.6865,C,Cloud to Cloud,2025-12-24T18:34:50.312+08:00
2025-12-25 11:19:34,2025-12-24T18:36:00+08:00,2025-12-24T18:38:02+08:00,1.215,103.661,C,Cloud to Cloud,2025-12-24T18:34:50.312+08:00
2025-12-25 11:19:34,2025-12-24T18:36:00+08:00,2025-12-24T18:38:02+08:00,1.2328,103.6868,C,Cloud to Cloud,2025-12-24T18:34:50.312+08:00
2025-12-25 11:19:34,2025-12-24T18:36:00+08:00,2025-12-24T18:38:02+08:00,1.2344,103.6856,C,Cloud to Cloud,2025-12-24T18:34:50.312+08:00
2025-12-25 11:19:34,2025-12-24T18:36:00+08:00,2025-12-24T18:38:02+08:00,1.2346,103.6879,C,Cloud to Cloud,2025-12-24T18:34:50.313+08:00
2025-12-25 11:19:34,2025-12-24T18:36:00+08:00,2025-12-24T18:38:02+08:00,1.1671,103.5553,C,Cloud to Cloud,2025-12-24T18:34:50.314+08:00
2025-12-25 11:19:34,2025-12-24T18:36:00+08:00,2025-12-24T18:38:02+08:00,1.1928,103.5811,C,Cloud to Cloud,2025-12-24T18:34:50.325+08:00
2025-12-25 11:19:34,2025-12-24T18:36:00+08:00,2025-12-24T18:38:02+08:00,1.224,103.6778,C,Cloud to Cloud,2025-12-24T18:34:50.327+08:00
2025-12-25 11:19:34,2025-12-24T18:36:00+08:00,2025-12-24T18:38:02+08:00,1.224,103.6781,C,Cloud to Cloud,2025-12-24T18:34:50.327+08:00
2025-12-25 11:19:34,2025-12-24T18:36:00+08:00,2025-12-24T18:38:02+08:00,1.233,103.6903,C,Cloud to Cloud,2025-12-24T18:34:50.495+08:00
2025-12-25 11:19:34,2025-12-24T18:36:00+08:00,2025-12-24T18:38:02+08:00,1.2072,103.6647,C,Cloud to Cloud,2025-12-24T18:34:50.495+08:00
2025-12-25 11:19:34,2025-12-24T18:36:00+08:00,2025-12-24T18:38:02+08:00,1.2334,103.6871,C,Cloud to Cloud,2025-12-24T18:35:22.061+08:00
2025-12-25 11:19:34,2025-12-24T18:36:00+08:00,2025-12-24T18:38:02+08:00,1.2121,103.6492,C,Cloud to Cloud,2025-12-24T18:35:22.078+08:00
2025-12-25 11:19:34,2025-12-24T18:34:00+08:00,2025-12-24T18:36:03+08:00,1.2525,103.5922,C,Cloud to Cloud,2025-12-24T18:32:03.614+08:00
2025-12-25 11:19:34,2025-12-24T18:34:00+08:00,2025-12-24T18:36:03+08:00,1.2256,103.6955,C,Cloud to Cloud,2025-12-24T18:32:22.471+08:00
2025-12-25 11:19:34,2025-12-24T18:34:00+08:00,2025-12-24T18:36:03+08:00,1.2235,103.6895,C,Cloud to Cloud,2025-12-24T18:32:22.472+08:00
2025-12-25 11:19:34,2025-12-24T18:34:00+08:00,2025-12-24T18:36:03+08:00,1.1775,103.6579,C,Cloud to Cloud,2025-12-24T18:32:22.472+08:00
2025-12-25 11:19:34,2025-12-24T18:34:00+08:00,2025-12-24T18:36:03+08:00,1.2257,103.642,C,Cloud to Cloud,2025-12-24T18:32:22.472+08:00
2025-12-25 11:19:34,2025-12-24T18:34:00+08:00,2025-12-24T18:36:03+08:00,1.2268,103.6865,C,Cloud to Cloud,2025-12-24T18:32:22.472+08:00
2025-12-25 11:19:34,2025-12-24T18:34:00+08:00,2025-12-24T18:36:03+08:00,1.1823,103.6612,C,Cloud to Cloud,2025-12-24T18:32:22.472+08:00
2025-12-25 11:19:34,2025-12-24T18:34:00+08:00,2025-12-24T18:36:03+08:00,1.1995,103.6704,C,Cloud to Cloud,2025-12-24T18:32:22.472+08:00
2025-12-25 11:19:34,2025-12-24T18:34:00+08:00,2025-12-24T18:36:03+08:00,1.2288,103.6885,C,Cloud to Cloud,2025-12-24T18:32:22.472+08:00
2025-12-25 11:19:34,2025-12-24T18:34:00+08:00,2025-12-24T18:36:03+08:00,1.229,103.68,C,Cloud to Cloud,2025-12-24T18:32:22.473+08:00
2025-12-25 11:19:34,2025-12-24T18:34:00+08:00,2025-12-24T18:36:03+08:00,1.2247,103.6798,C,Cloud to Cloud,2025-12-24T18:32:22.473+08:00
2025-12-25 11:19:34,2025-12-24T18:34:00+08:00,2025-12-24T18:36:03+08:00,1.2284,103.661,C,Cloud to Cloud,2025-12-24T18:32:22.473+08:00
2025-12-25 11:19:34,2025-12-24T18:34:00+08:00,2025-12-24T18:36:03+08:00,1.2286,103.6817,C,Cloud to Cloud,2025-12-24T18:32:22.473+08:00
2025-12-25 11:19:34,2025-12-24T18:34:00+08:00,2025-12-24T18:36:03+08:00,1.2252,103.656,C,Cloud to Cloud,2025-12-24T18:32:22.473+08:00
2025-12-25 11:19:34,2025-12-24T18:34:00+08:00,2025-12-24T18:36:03+08:00,1.2297,103.6834,C,Cloud to Cloud,2025-12-24T18:32:22.473+08:00
2025-12-25 11:19:34,2025-12-24T18:34:00+08:00,2025-12-24T18:36:03+08:00,1.2256,103.6841,C,Cloud to Cloud,2025-12-24T18:32:22.475+08:00
2025-12-25 11:19:34,2025-12-24T18:34:00+08:00,2025-12-24T18:36:03+08:00,1.226,103.6865,C,Cloud to Cloud,2025-12-24T18:32:22.476+08:00
2025-12-25 11:19:34,2025-12-24T18:34:00+08:00,2025-12-24T18:36:03+08:00,1.2252,103.6847,C,Cloud to Cloud,2025-12-24T18:32:22.476+08:00
2025-12-25 11:19:34,2025-12-24T18:34:00+08:00,2025-12-24T18:36:03+08:00,1.2241,103.6845,C,Cloud to Cloud,2025-12-24T18:32:22.476+08:00
2025-12-25 11:19:34,2025-12-24T18:34:00+08:00,2025-12-24T18:36:03+08:00,1.2238,103.6861,C,Cloud to Cloud,2025-12-24T18:32:22.476+08:00
2025-12-25 11:19:34,2025-12-24T18:34:00+08:00,2025-12-24T18:36:03+08:00,1.2248,103.6977,C,Cloud to Cloud,2025-12-24T18:32:22.478+08:00
2025-12-25 11:19:34,2025-12-24T18:34:00+08:00,2025-12-24T18:36:03+08:00,1.2246,103.7004,C,Cloud to Cloud,2025-12-24T18:32:22.478+08:00
2025-12-25 11:19:34,2025-12-24T18:34:00+08:00,2025-12-24T18:36:03+08:00,1.2246,103.7004,C,Cloud to Cloud,2025-12-24T18:32:22.478+08:00
2025-12-25 11:19:34,2025-12-24T18:34:00+08:00,2025-12-24T18:36:03+08:00,1.2257,103.6764,C,Cloud to Cloud,2025-12-24T18:32:22.48+08:00
2025-12-25 11:19:34,2025-12-24T18:34:00+08:00,2025-12-24T18:36:03+08:00,1.2254,103.6752,C,Cloud to Cloud,2025-12-24T18:32:22.48+08:00
2025-12-25 11:19:34,2025-12-24T18:34:00+08:00,2025-12-24T18:36:03+08:00,1.2492,103.7168,C,Cloud to Cloud,2025-12-24T18:32:22.48+08:00
2025-12-25 11:19:34,2025-12-24T18:34:00+08:00,2025-12-24T18:36:03+08:00,1.2268,103.6751,C,Cloud to Cloud,2025-12-24T18:32:22.48+08:00
2025-12-25 11:19:34,2025-12-24T18:34:00+08:00,2025-12-24T18:36:03+08:00,1.2161,103.6742,C,Cloud to Cloud,2025-12-24T18:32:22.505+08:00
2025-12-25 11:19:34,2025-12-24T18:34:00+08:00,2025-12-24T18:36:03+08:00,1.2021,103.6541,C,Cloud to Cloud,2025-12-24T18:32:22.505+08:00
2025-12-25 11:19:34,2025-12-24T18:34:00+08:00,2025-12-24T18:36:03+08:00,1.2157,103.6695,C,Cloud to Cloud,2025-12-24T18:32:22.505+08:00
2025-12-25 11:19:34,2025-12-24T18:34:00+08:00,2025-12-24T18:36:03+08:00,1.1534,103.6122,C,Cloud to Cloud,2025-12-24T18:32:22.536+08:00
2025-12-25 11:19:34,2025-12-24T18:34:00+08:00,2025-12-24T18:36:03+08:00,1.2269,103.6665,C,Cloud to Cloud,2025-12-24T18:32:22.646+08:00
2025-12-25 11:19:34,2025-12-24T18:34:00+08:00,2025-12-24T18:36:03+08:00,1.2325,103.6708,C,Cloud to Cloud,2025-12-24T18:32:22.681+08:00
2025-12-25 11:19:34,2025-12-24T18:34:00+08:00,2025-12-24T18:36:03+08:00,1.2319,103.6707,C,Cloud to Cloud,2025-12-24T18:32:22.681+08:00
2025-12-25 11:19:34,2025-12-24T18:34:00+08:00,2025-12-24T18:36:03+08:00,1.1939,103.6609,C,Cloud to Cloud,2025-12-24T18:32:22.681+08:00
2025-12-25 11:19:34,2025-12-24T18:34:00+08:00,2025-12-24T18:36:03+08:00,1.2247,103.6662,C,Cloud to Cloud,2025-12-24T18:32:22.681+08:00
2025-12-25 11:19:34,2025-12-24T18:34:00+08:00,2025-12-24T18:36:03+08:00,1.2247,103.6662,C,Cloud to Cloud,2025-12-24T18:32:22.681+08:00
2025-12-25 11:19:34,2025-12-24T18:34:00+08:00,2025-12-24T18:36:03+08:00,1.2258,103.6696,C,Cloud to Cloud,2025-12-24T18:32:22.681+08:00
2025-12-25 11:19:34,2025-12-24T18:34:00+08:00,2025-12-24T18:36:03+08:00,1.2027,103.6691,C,Cloud to Cloud,2025-12-24T18:32:22.681+08:00
2025-12-25 11:19:34,2025-12-24T18:34:00+08:00,2025-12-24T18:36:03+08:00,1.2428,103.6514,C,Cloud to Cloud,2025-12-24T18:32:22.715+08:00
2025-12-25 11:19:34,2025-12-24T18:34:00+08:00,2025-12-24T18:36:03+08:00,1.2412,103.6704,C,Cloud to Cloud,2025-12-24T18:32:22.715+08:00
2025-12-25 11:19:34,2025-12-24T18:34:00+08:00,2025-12-24T18:36:03+08:00,1.2478,103.6694,C,Cloud to Cloud,2025-12-24T18:32:22.731+08:00
2025-12-25 11:19:34,2025-12-24T18:34:00+08:00,2025-12-24T18:36:03+08:00,1.2568,103.6796,C,Cloud to Cloud,2025-12-24T18:32:22.731+08:00
2025-12-25 11:19:34,2025-12-24T18:34:00+08:00,2025-12-24T18:36:03+08:00,1.2405,103.6712,C,Cloud to Cloud,2025-12-24T18:32:22.731+08:00
2025-12-25 11:19:34,2025-12-24T18:34:00+08:00,2025-12-24T18:36:03+08:00,1.2489,103.6626,C,Cloud to Cloud,2025-12-24T18:32:22.748+08:00
2025-12-25 11:19:34,2025-12-24T18:34:00+08:00,2025-12-24T18:36:03+08:00,1.2331,103.6734,C,Cloud to Cloud,2025-12-24T18:32:22.748+08:00
2025-12-25 11:19:34,2025-12-24T18:34:00+08:00,2025-12-24T18:36:03+08:00,1.2331,103.6734,C,Cloud to Cloud,2025-12-24T18:32:22.748+08:00
2025-12-25 11:19:34,2025-12-24T18:34:00+08:00,2025-12-24T18:36:03+08:00,0.9614,104.0419,C,Cloud to Cloud,2025-12-24T18:32:36.19+08:00
2025-12-25 11:19:34,2025-12-24T18:34:00+08:00,2025-12-24T18:36:03+08:00,0.9614,104.0419,C,Cloud to Cloud,2025-12-24T18:32:36.19+08:00
2025-12-25 11:19:34,2025-12-24T18:34:00+08:00,2025-12-24T18:36:03+08:00,0.9891,104.0103,C,Cloud to Cloud,2025-12-24T18:32:36.291+08:00
2025-12-25 11:19:34,2025-12-24T18:34:00+08:00,2025-12-24T18:36:03+08:00,0.9891,104.0103,C,Cloud to Cloud,2025-12-24T18:32:36.291+08:00
2025-12-25 11:19:34,2025-12-24T18:34:00+08:00,2025-12-24T18:36:03+08:00,0.9512,104.0697,C,Cloud to Cloud,2025-12-24T18:33:05.953+08:00
2025-12-25 11:19:34,2025-12-24T18:34:00+08:00,2025-12-24T18:36:03+08:00,1.2965,103.6135,C,Cloud to Cloud,2025-12-24T18:33:29.647+08:00
2025-12-25 11:19:34,2025-12-24T18:32:00+08:00,2025-12-24T18:34:02+08:00,0.97,104.0196,C,Cloud to Cloud,2025-12-24T18:30:16.626+08:00
2025-12-25 11:19:34,2025-12-24T18:32:00+08:00,2025-12-24T18:34:02+08:00,1.1724,103.6407,C,Cloud to Cloud,2025-12-24T18:30:24.037+08:00
2025-12-25 11:19:34,2025-12-24T18:32:00+08:00,2025-12-24T18:34:02+08:00,1.2234,103.6991,C,Cloud to Cloud,2025-12-24T18:30:24.037+08:00
2025-12-25 11:19:34,2025-12-24T18:32:00+08:00,2025-12-24T18:34:02+08:00,1.2321,103.6494,C,Cloud to Cloud,2025-12-24T18:30:24.037+08:00
2025-12-25 11:19:34,2025-12-24T18:32:00+08:00,2025-12-24T18:34:02+08:00,1.2234,103.6991,C,Cloud to Cloud,2025-12-24T18:30:24.037+08:00
2025-12-25 11:19:34,2025-12-24T18:32:00+08:00,2025-12-24T18:34:02+08:00,1.2221,103.6971,C,Cloud to Cloud,2025-12-24T18:30:24.037+08:00
2025-12-25 11:19:34,2025-12-24T18:32:00+08:00,2025-12-24T18:34:02+08:00,1.2469,103.6381,C,Cloud to Cloud,2025-12-24T18:30:24.039+08:00
2025-12-25 11:19:34,2025-12-24T18:32:00+08:00,2025-12-24T18:34:02+08:00,1.2418,103.7066,C,Cloud to Cloud,2025-12-24T18:30:24.04+08:00
2025-12-25 11:19:34,2025-12-24T18:32:00+08:00,2025-12-24T18:34:02+08:00,1.2175,103.6842,C,Cloud to Cloud,2025-12-24T18:30:24.043+08:00
2025-12-25 11:19:34,2025-12-24T18:32:00+08:00,2025-12-24T18:34:02+08:00,1.2203,103.6627,C,Cloud to Cloud,2025-12-24T18:30:24.044+08:00
2025-12-25 11:19:34,2025-12-24T18:32:00+08:00,2025-12-24T18:34:02+08:00,1.2202,103.661,C,Cloud to Cloud,2025-12-24T18:30:24.044+08:00
2025-12-25 11:19:34,2025-12-24T18:32:00+08:00,2025-12-24T18:34:02+08:00,1.2074,103.7065,C,Cloud to Cloud,2025-12-24T18:30:24.044+08:00
2025-12-25 11:19:34,2025-12-24T18:32:00+08:00,2025-12-24T18:34:02+08:00,1.2213,103.6663,C,Cloud to Cloud,2025-12-24T18:30:24.044+08:00
2025-12-25 11:19:34,2025-12-24T18:32:00+08:00,2025-12-24T18:34:02+08:00,1.2213,103.6655,C,Cloud to Cloud,2025-12-24T18:30:24.044+08:00
2025-12-25 11:19:34,2025-12-24T18:32:00+08:00,2025-12-24T18:34:02+08:00,1.2068,103.6861,C,Cloud to Cloud,2025-12-24T18:30:24.044+08:00
2025-12-25 11:19:34,2025-12-24T18:32:00+08:00,2025-12-24T18:34:02+08:00,1.2289,103.6471,C,Cloud to Cloud,2025-12-24T18:30:24.059+08:00
2025-12-25 11:19:34,2025-12-24T18:32:00+08:00,2025-12-24T18:34:02+08:00,1.2269,103.6479,C,Cloud to Cloud,2025-12-24T18:30:24.059+08:00
2025-12-25 11:19:34,2025-12-24T18:32:00+08:00,2025-12-24T18:34:02+08:00,1.1531,103.6822,C,Cloud to Cloud,2025-12-24T18:30:24.059+08:00
2025-12-25 11:19:34,2025-12-24T18:32:00+08:00,2025-12-24T18:34:02+08:00,1.1403,103.6568,C,Cloud to Cloud,2025-12-24T18:30:24.06+08:00
2025-12-25 11:19:34,2025-12-24T18:32:00+08:00,2025-12-24T18:34:02+08:00,1.1832,103.6898,C,Cloud to Cloud,2025-12-24T18:30:24.164+08:00
2025-12-25 11:19:34,2025-12-24T18:32:00+08:00,2025-12-24T18:34:02+08:00,1.2354,103.6742,C,Cloud to Cloud,2025-12-24T18:30:24.191+08:00
2025-12-25 11:19:34,2025-12-24T18:32:00+08:00,2025-12-24T18:34:02+08:00,1.2222,103.6777,C,Cloud to Cloud,2025-12-24T18:30:24.214+08:00
2025-12-25 11:19:34,2025-12-24T18:32:00+08:00,2025-12-24T18:34:02+08:00,1.2222,103.6775,C,Cloud to Cloud,2025-12-24T18:30:24.214+08:00
2025-12-25 11:19:34,2025-12-24T18:32:00+08:00,2025-12-24T18:34:02+08:00,1.2281,103.6714,C,Cloud to Cloud,2025-12-24T18:30:24.214+08:00
2025-12-25 11:19:34,2025-12-24T18:32:00+08:00,2025-12-24T18:34:02+08:00,1.2424,103.656,C,Cloud to Cloud,2025-12-24T18:30:24.214+08:00
2025-12-25 11:19:34,2025-12-24T18:32:00+08:00,2025-12-24T18:34:02+08:00,1.2365,103.6868,C,Cloud to Cloud,2025-12-24T18:30:24.214+08:00
2025-12-25 11:19:34,2025-12-24T18:32:00+08:00,2025-12-24T18:34:02+08:00,1.2613,103.6554,C,Cloud to Cloud,2025-12-24T18:30:24.214+08:00
2025-12-25 11:19:34,2025-12-24T18:32:00+08:00,2025-12-24T18:34:02+08:00,1.2349,103.6751,C,Cloud to Cloud,2025-12-24T18:30:24.233+08:00
2025-12-25 11:19:34,2025-12-24T18:32:00+08:00,2025-12-24T18:34:02+08:00,1.2349,103.673,C,Cloud to Cloud,2025-12-24T18:30:24.233+08:00
2025-12-25 11:19:34,2025-12-24T18:32:00+08:00,2025-12-24T18:34:02+08:00,1.1972,103.6386,C,Cloud to Cloud,2025-12-24T18:30:24.253+08:00
2025-12-25 11:19:34,2025-12-24T18:32:00+08:00,2025-12-24T18:34:02+08:00,1.1755,103.6147,C,Cloud to Cloud,2025-12-24T18:30:24.253+08:00
2025-12-25 11:19:34,2025-12-24T18:32:00+08:00,2025-12-24T18:34:02+08:00,1.2394,103.6551,C,Cloud to Cloud,2025-12-24T18:30:24.253+08:00
2025-12-25 11:19:34,2025-12-24T18:32:00+08:00,2025-12-24T18:34:02+08:00,1.2235,103.6513,C,Cloud to Cloud,2025-12-24T18:30:24.253+08:00
2025-12-25 11:19:34,2025-12-24T18:32:00+08:00,2025-12-24T18:34:02+08:00,0.9515,104.0259,C,Cloud to Cloud,2025-12-24T18:31:02.882+08:00
2025-12-25 11:19:34,2025-12-24T18:32:00+08:00,2025-12-24T18:34:02+08:00,0.9669,104.0295,C,Cloud to Cloud,2025-12-24T18:31:03.175+08:00
2025-12-25 11:19:34,2025-12-24T18:30:00+08:00,2025-12-24T18:32:02+08:00,1.1714,103.6347,C,Cloud to Cloud,2025-12-24T18:28:20.315+08:00
2025-12-25 11:19:34,2025-12-24T18:30:00+08:00,2025-12-24T18:32:02+08:00,1.2272,103.6533,C,Cloud to Cloud,2025-12-24T18:28:20.315+08:00
2025-12-25 11:19:34,2025-12-24T18:30:00+08:00,2025-12-24T18:32:02+08:00,1.2315,103.6557,C,Cloud to Cloud,2025-12-24T18:28:20.316+08:00
2025-12-25 11:19:34,2025-12-24T18:30:00+08:00,2025-12-24T18:32:02+08:00,1.2142,103.6674,C,Cloud to Cloud,2025-12-24T18:28:20.316+08:00
2025-12-25 11:19:34,2025-12-24T18:30:00+08:00,2025-12-24T18:32:02+08:00,1.2176,103.6672,C,Cloud to Cloud,2025-12-24T18:28:20.316+08:00
2025-12-25 11:19:34,2025-12-24T18:30:00+08:00,2025-12-24T18:32:02+08:00,1.2003,103.6501,C,Cloud to Cloud,2025-12-24T18:28:20.316+08:00
2025-12-25 11:19:34,2025-12-24T18:30:00+08:00,2025-12-24T18:32:02+08:00,1.2047,103.6515,C,Cloud to Cloud,2025-12-24T18:28:20.316+08:00
2025-12-25 11:19:34,2025-12-24T18:30:00+08:00,2025-12-24T18:32:02+08:00,1.2038,103.6493,C,Cloud to Cloud,2025-12-24T18:28:20.317+08:00
2025-12-25 11:19:34,2025-12-24T18:30:00+08:00,2025-12-24T18:32:02+08:00,1.2051,103.6528,C,Cloud to Cloud,2025-12-24T18:28:20.317+08:00
2025-12-25 11:19:34,2025-12-24T18:30:00+08:00,2025-12-24T18:32:02+08:00,1.2014,103.647,C,Cloud to Cloud,2025-12-24T18:28:20.317+08:00
2025-12-25 11:19:34,2025-12-24T18:30:00+08:00,2025-12-24T18:32:02+08:00,1.2212,103.6615,C,Cloud to Cloud,2025-12-24T18:28:20.317+08:00
2025-12-25 11:19:34,2025-12-24T18:30:00+08:00,2025-12-24T18:32:02+08:00,1.1939,103.6433,C,Cloud to Cloud,2025-12-24T18:28:20.317+08:00
2025-12-25 11:19:34,2025-12-24T18:30:00+08:00,2025-12-24T18:32:02+08:00,1.2233,103.6697,C,Cloud to Cloud,2025-12-24T18:28:20.317+08:00
2025-12-25 11:19:34,2025-12-24T18:30:00+08:00,2025-12-24T18:32:02+08:00,1.2233,103.6697,C,Cloud to Cloud,2025-12-24T18:28:20.317+08:00
2025-12-25 11:19:34,2025-12-24T18:30:00+08:00,2025-12-24T18:32:02+08:00,1.2082,103.6483,C,Cloud to Cloud,2025-12-24T18:28:20.317+08:00
2025-12-25 11:19:34,2025-12-24T18:30:00+08:00,2025-12-24T18:32:02+08:00,1.2242,103.6646,C,Cloud to Cloud,2025-12-24T18:28:20.318+08:00
2025-12-25 11:19:34,2025-12-24T18:30:00+08:00,2025-12-24T18:32:02+08:00,1.2258,103.6715,C,Cloud to Cloud,2025-12-24T18:28:20.318+08:00
2025-12-25 11:19:34,2025-12-24T18:30:00+08:00,2025-12-24T18:32:02+08:00,1.1692,103.6901,C,Cloud to Cloud,2025-12-24T18:28:20.322+08:00
2025-12-25 11:19:34,2025-12-24T18:30:00+08:00,2025-12-24T18:32:02+08:00,1.2277,103.6744,C,Cloud to Cloud,2025-12-24T18:28:20.322+08:00
2025-12-25 11:19:34,2025-12-24T18:30:00+08:00,2025-12-24T18:32:02+08:00,1.2622,103.6743,C,Cloud to Cloud,2025-12-24T18:28:20.352+08:00
2025-12-25 11:19:34,2025-12-24T18:30:00+08:00,2025-12-24T18:32:02+08:00,1.2195,103.6643,C,Cloud to Cloud,2025-12-24T18:28:20.353+08:00
2025-12-25 11:19:34,2025-12-24T18:30:00+08:00,2025-12-24T18:32:02+08:00,1.2946,103.6695,C,Cloud to Cloud,2025-12-24T18:28:20.353+08:00
2025-12-25 11:19:34,2025-12-24T18:30:00+08:00,2025-12-24T18:32:02+08:00,1.2073,103.6401,C,Cloud to Cloud,2025-12-24T18:28:20.353+08:00
2025-12-25 11:19:34,2025-12-24T18:30:00+08:00,2025-12-24T18:32:02+08:00,1.2233,103.6685,C,Cloud to Cloud,2025-12-24T18:28:20.353+08:00
2025-12-25 11:19:34,2025-12-24T18:30:00+08:00,2025-12-24T18:32:02+08:00,1.248,103.6784,C,Cloud to Cloud,2025-12-24T18:28:20.364+08:00
2025-12-25 11:19:34,2025-12-24T18:30:00+08:00,2025-12-24T18:32:02+08:00,1.2473,103.6801,C,Cloud to Cloud,2025-12-24T18:28:20.364+08:00
2025-12-25 11:19:34,2025-12-24T18:30:00+08:00,2025-12-24T18:32:02+08:00,1.2272,103.6718,C,Cloud to Cloud,2025-12-24T18:28:20.364+08:00
2025-12-25 11:19:34,2025-12-24T18:30:00+08:00,2025-12-24T18:32:02+08:00,1.2272,103.6718,C,Cloud to Cloud,2025-12-24T18:28:20.364+08:00
2025-12-25 11:19:34,2025-12-24T18:30:00+08:00,2025-12-24T18:32:02+08:00,1.2293,103.669,C,Cloud to Cloud,2025-12-24T18:28:20.495+08:00
2025-12-25 11:19:34,2025-12-24T18:30:00+08:00,2025-12-24T18:32:02+08:00,1.2074,103.6463,C,Cloud to Cloud,2025-12-24T18:28:20.495+08:00
2025-12-25 11:19:34,2025-12-24T18:30:00+08:00,2025-12-24T18:32:02+08:00,1.2279,103.6664,C,Cloud to Cloud,2025-12-24T18:28:20.495+08:00
2025-12-25 11:19:34,2025-12-24T18:30:00+08:00,2025-12-24T18:32:02+08:00,1.1809,103.6191,C,Cloud to Cloud,2025-12-24T18:28:20.495+08:00
2025-12-25 11:19:34,2025-12-24T18:30:00+08:00,2025-12-24T18:32:02+08:00,1.2276,103.666,C,Cloud to Cloud,2025-12-24T18:28:20.495+08:00
2025-12-25 11:19:34,2025-12-24T18:30:00+08:00,2025-12-24T18:32:02+08:00,1.2351,103.6689,C,Cloud to Cloud,2025-12-24T18:28:20.495+08:00
2025-12-25 11:19:34,2025-12-24T18:30:00+08:00,2025-12-24T18:32:02+08:00,1.2386,103.6661,C,Cloud to Cloud,2025-12-24T18:28:20.511+08:00
2025-12-25 11:19:34,2025-12-24T18:30:00+08:00,2025-12-24T18:32:02+08:00,1.236,103.6635,C,Cloud to Cloud,2025-12-24T18:28:20.511+08:00
2025-12-25 11:19:34,2025-12-24T18:30:00+08:00,2025-12-24T18:32:02+08:00,1.2256,103.6644,C,Cloud to Cloud,2025-12-24T18:28:20.537+08:00
2025-12-25 11:19:34,2025-12-24T18:30:00+08:00,2025-12-24T18:32:02+08:00,1.2153,103.6558,C,Cloud to Cloud,2025-12-24T18:28:20.537+08:00
2025-12-25 11:19:34,2025-12-24T18:30:00+08:00,2025-12-24T18:32:02+08:00,1.2235,103.6444,C,Cloud to Cloud,2025-12-24T18:28:20.537+08:00
2025-12-25 11:19:34,2025-12-24T18:30:00+08:00,2025-12-24T18:32:02+08:00,1.2245,103.6667,C,Cloud to Cloud,2025-12-24T18:28:20.537+08:00
2025-12-25 11:19:34,2025-12-24T18:30:00+08:00,2025-12-24T18:32:02+08:00,0.95,104.0423,C,Cloud to Cloud,2025-12-24T18:28:41.752+08:00
2025-12-25 11:19:34,2025-12-24T18:30:00+08:00,2025-12-24T18:32:02+08:00,0.9996,103.9994,C,Cloud to Cloud,2025-12-24T18:28:41.802+08:00
2025-12-25 11:19:34,2025-12-24T18:30:00+08:00,2025-12-24T18:32:02+08:00,0.9831,104.0037,C,Cloud to Cloud,2025-12-24T18:28:41.802+08:00
2025-12-25 11:19:34,2025-12-24T18:30:00+08:00,2025-12-24T18:32:02+08:00,1.1982,103.671,C,Cloud to Cloud,2025-12-24T18:29:14.698+08:00
2025-12-25 11:19:34,2025-12-24T18:30:00+08:00,2025-12-24T18:32:02+08:00,1.2355,103.6626,C,Cloud to Cloud,2025-12-24T18:29:14.698+08:00
2025-12-25 11:19:34,2025-12-24T18:30:00+08:00,2025-12-24T18:32:02+08:00,1.2184,103.6781,C,Cloud to Cloud,2025-12-24T18:29:14.698+08:00
2025-12-25 11:19:34,2025-12-24T18:30:00+08:00,2025-12-24T18:32:02+08:00,1.2169,103.6772,C,Cloud to Cloud,2025-12-24T18:29:14.698+08:00
2025-12-25 11:19:34,2025-12-24T18:30:00+08:00,2025-12-24T18:32:02+08:00,1.2474,103.6711,C,Cloud to Cloud,2025-12-24T18:29:14.698+08:00
2025-12-25 11:19:34,2025-12-24T18:30:00+08:00,2025-12-24T18:32:02+08:00,1.2169,103.6772,C,Cloud to Cloud,2025-12-24T18:29:14.698+08:00
2025-12-25 11:19:34,2025-12-24T18:30:00+08:00,2025-12-24T18:32:02+08:00,1.2295,103.6875,C,Cloud to Cloud,2025-12-24T18:29:14.7+08:00
2025-12-25 11:19:34,2025-12-24T18:30:00+08:00,2025-12-24T18:32:02+08:00,1.2308,103.6871,C,Cloud to Cloud,2025-12-24T18:29:14.701+08:00
2025-12-25 11:19:34,2025-12-24T18:30:00+08:00,2025-12-24T18:32:02+08:00,1.2213,103.6777,C,Cloud to Cloud,2025-12-24T18:29:14.701+08:00
2025-12-25 11:19:34,2025-12-24T18:30:00+08:00,2025-12-24T18:32:02+08:00,1.2336,103.6514,C,Cloud to Cloud,2025-12-24T18:29:14.701+08:00
2025-12-25 11:19:34,2025-12-24T18:30:00+08:00,2025-12-24T18:32:02+08:00,1.2213,103.6777,C,Cloud to Cloud,2025-12-24T18:29:14.701+08:00
2025-12-25 11:19:34,2025-12-24T18:30:00+08:00,2025-12-24T18:32:02+08:00,1.2225,103.6727,C,Cloud to Cloud,2025-12-24T18:29:14.707+08:00
2025-12-25 11:19:34,2025-12-24T18:30:00+08:00,2025-12-24T18:32:02+08:00,1.2225,103.6729,C,Cloud to Cloud,2025-12-24T18:29:14.707+08:00
2025-12-25 11:19:34,2025-12-24T18:30:00+08:00,2025-12-24T18:32:02+08:00,1.2127,103.6941,C,Cloud to Cloud,2025-12-24T18:29:14.707+08:00
2025-12-25 11:19:34,2025-12-24T18:30:00+08:00,2025-12-24T18:32:02+08:00,1.2232,103.6717,C,Cloud to Cloud,2025-12-24T18:29:14.707+08:00
2025-12-25 11:19:34,2025-12-24T18:30:00+08:00,2025-12-24T18:32:02+08:00,1.2304,103.6863,C,Cloud to Cloud,2025-12-24T18:29:14.716+08:00
2025-12-25 11:19:34,2025-12-24T18:30:00+08:00,2025-12-24T18:32:02+08:00,1.2304,103.6808,C,Cloud to Cloud,2025-12-24T18:29:14.716+08:00
2025-12-25 11:19:34,2025-12-24T18:30:00+08:00,2025-12-24T18:32:02+08:00,1.2309,103.6838,C,Cloud to Cloud,2025-12-24T18:29:14.716+08:00
2025-12-25 11:19:34,2025-12-24T18:30:00+08:00,2025-12-24T18:32:02+08:00,1.1809,103.516,C,Cloud to Cloud,2025-12-24T18:29:14.729+08:00
2025-12-25 11:19:34,2025-12-24T18:30:00+08:00,2025-12-24T18:32:02+08:00,1.1833,103.6547,C,Cloud to Cloud,2025-12-24T18:29:14.729+08:00
2025-12-25 11:19:34,2025-12-24T18:30:00+08:00,2025-12-24T18:32:02+08:00,1.2208,103.684,C,Cloud to Cloud,2025-12-24T18:29:14.729+08:00
2025-12-25 11:19:34,2025-12-24T18:30:00+08:00,2025-12-24T18:32:02+08:00,1.2211,103.6882,C,Cloud to Cloud,2025-12-24T18:29:14.754+08:00
2025-12-25 11:19:34,2025-12-24T18:30:00+08:00,2025-12-24T18:32:02+08:00,1.2182,103.6768,C,Cloud to Cloud,2025-12-24T18:29:14.754+08:00
2025-12-25 11:19:34,2025-12-24T18:30:00+08:00,2025-12-24T18:32:02+08:00,1.2202,103.6728,C,Cloud to Cloud,2025-12-24T18:29:14.754+08:00
2025-12-25 11:19:34,2025-12-24T18:30:00+08:00,2025-12-24T18:32:02+08:00,1.2286,103.6778,C,Cloud to Cloud,2025-12-24T18:29:14.754+08:00
2025-12-25 11:19:34,2025-12-24T18:30:00+08:00,2025-12-24T18:32:02+08:00,1.2286,103.6778,C,Cloud to Cloud,2025-12-24T18:29:14.754+08:00
2025-12-25 11:19:34,2025-12-24T18:30:00+08:00,2025-12-24T18:32:02+08:00,1.2144,103.7033,C,Cloud to Cloud,2025-12-24T18:29:14.755+08:00
2025-12-25 11:19:34,2025-12-24T18:30:00+08:00,2025-12-24T18:32:02+08:00,1.1899,103.6188,C,Cloud to Cloud,2025-12-24T18:29:14.767+08:00
2025-12-25 11:19:34,2025-12-24T18:30:00+08:00,2025-12-24T18:32:02+08:00,1.2055,103.5924,C,Cloud to Cloud,2025-12-24T18:29:14.856+08:00
2025-12-25 11:19:34,2025-12-24T18:30:00+08:00,2025-12-24T18:32:02+08:00,1.2496,103.6834,C,Cloud to Cloud,2025-12-24T18:29:14.856+08:00
2025-12-25 11:19:34,2025-12-24T18:30:00+08:00,2025-12-24T18:32:02+08:00,1.2498,103.6838,C,Cloud to Cloud,2025-12-24T18:29:14.856+08:00
2025-12-25 11:19:34,2025-12-24T18:30:00+08:00,2025-12-24T18:32:02+08:00,1.2332,103.6733,C,Cloud to Cloud,2025-12-24T18:29:14.856+08:00
2025-12-25 11:19:34,2025-12-24T18:30:00+08:00,2025-12-24T18:32:02+08:00,1.2123,103.6543,C,Cloud to Cloud,2025-12-24T18:29:14.857+08:00
2025-12-25 11:19:34,2025-12-24T18:30:00+08:00,2025-12-24T18:32:02+08:00,1.2631,103.6765,C,Cloud to Cloud,2025-12-24T18:29:14.895+08:00
2025-12-25 11:19:34,2025-12-24T18:30:00+08:00,2025-12-24T18:32:02+08:00,1.2397,103.6421,C,Cloud to Cloud,2025-12-24T18:29:14.895+08:00
2025-12-25 11:19:34,2025-12-24T18:30:00+08:00,2025-12-24T18:32:02+08:00,1.2297,103.6732,C,Cloud to Cloud,2025-12-24T18:29:14.895+08:00
2025-12-25 11:19:34,2025-12-24T18:30:00+08:00,2025-12-24T18:32:02+08:00,1.1731,103.6296,C,Cloud to Cloud,2025-12-24T18:29:14.895+08:00
2025-12-25 11:19:34,2025-12-24T18:30:00+08:00,2025-12-24T18:32:02+08:00,1.1855,103.6406,C,Cloud to Cloud,2025-12-24T18:29:14.895+08:00
2025-12-25 11:19:34,2025-12-24T18:30:00+08:00,2025-12-24T18:32:02+08:00,1.2314,103.6617,C,Cloud to Cloud,2025-12-24T18:29:14.895+08:00
2025-12-25 11:19:34,2025-12-24T18:30:00+08:00,2025-12-24T18:32:02+08:00,1.2457,103.6729,C,Cloud to Cloud,2025-12-24T18:29:14.932+08:00
2025-12-25 11:19:34,2025-12-24T18:30:00+08:00,2025-12-24T18:32:02+08:00,1.1879,103.5704,C,Cloud to Cloud,2025-12-24T18:29:14.937+08:00
2025-12-25 11:19:34,2025-12-24T18:28:00+08:00,2025-12-24T18:30:03+08:00,0.9654,104.0326,C,Cloud to Cloud,2025-12-24T18:26:56.844+08:00
2025-12-25 11:19:34,2025-12-24T18:28:00+08:00,2025-12-24T18:30:03+08:00,0.9993,104.0124,C,Cloud to Cloud,2025-12-24T18:27:23.917+08:00
2025-12-25 11:19:34,2025-12-24T18:28:00+08:00,2025-12-24T18:30:03+08:00,0.9993,104.0124,C,Cloud to Cloud,2025-12-24T18:27:23.918+08:00
2025-12-25 11:19:34,2025-12-24T18:26:00+08:00,2025-12-24T18:28:02+08:00,1.234,103.6111,C,Cloud to Cloud,2025-12-24T18:24:07.951+08:00
2025-12-25 11:19:34,2025-12-24T18:26:00+08:00,2025-12-24T18:28:02+08:00,1.2134,103.6721,C,Cloud to Cloud,2025-12-24T18:24:07.953+08:00
2025-12-25 11:19:34,2025-12-24T18:26:00+08:00,2025-12-24T18:28:02+08:00,1.1735,103.5988,C,Cloud to Cloud,2025-12-24T18:24:07.953+08:00
2025-12-25 11:19:34,2025-12-24T18:26:00+08:00,2025-12-24T18:28:02+08:00,1.2178,103.6693,C,Cloud to Cloud,2025-12-24T18:24:07.954+08:00
2025-12-25 11:19:34,2025-12-24T18:26:00+08:00,2025-12-24T18:28:02+08:00,1.2301,103.6907,C,Cloud to Cloud,2025-12-24T18:24:07.956+08:00
2025-12-25 11:19:34,2025-12-24T18:26:00+08:00,2025-12-24T18:28:02+08:00,1.2054,103.6703,C,Cloud to Cloud,2025-12-24T18:24:07.956+08:00
2025-12-25 11:19:34,2025-12-24T18:26:00+08:00,2025-12-24T18:28:02+08:00,1.2431,103.6991,C,Cloud to Cloud,2025-12-24T18:24:07.958+08:00
2025-12-25 11:19:34,2025-12-24T18:26:00+08:00,2025-12-24T18:28:02+08:00,1.2411,103.7093,C,Cloud to Cloud,2025-12-24T18:24:07.985+08:00
2025-12-25 11:19:34,2025-12-24T18:26:00+08:00,2025-12-24T18:28:02+08:00,1.2396,103.7096,C,Cloud to Cloud,2025-12-24T18:24:07.99+08:00
2025-12-25 11:19:34,2025-12-24T18:26:00+08:00,2025-12-24T18:28:02+08:00,1.2396,103.7089,C,Cloud to Cloud,2025-12-24T18:24:07.99+08:00
2025-12-25 11:19:34,2025-12-24T18:26:00+08:00,2025-12-24T18:28:02+08:00,1.2537,103.7172,C,Cloud to Cloud,2025-12-24T18:24:07.99+08:00
2025-12-25 11:19:34,2025-12-24T18:26:00+08:00,2025-12-24T18:28:02+08:00,1.2377,103.7079,C,Cloud to Cloud,2025-12-24T18:24:07.991+08:00
2025-12-25 11:19:34,2025-12-24T18:26:00+08:00,2025-12-24T18:28:02+08:00,1.2474,103.7088,C,Cloud to Cloud,2025-12-24T18:24:07.992+08:00
2025-12-25 11:19:34,2025-12-24T18:26:00+08:00,2025-12-24T18:28:02+08:00,1.2321,103.6953,C,Cloud to Cloud,2025-12-24T18:24:07.996+08:00
2025-12-25 11:19:34,2025-12-24T18:26:00+08:00,2025-12-24T18:28:02+08:00,1.2339,103.703,C,Cloud to Cloud,2025-12-24T18:24:07.996+08:00
2025-12-25 11:19:34,2025-12-24T18:26:00+08:00,2025-12-24T18:28:02+08:00,1.2386,103.706,C,Cloud to Cloud,2025-12-24T18:24:07.999+08:00
2025-12-25 11:19:34,2025-12-24T18:26:00+08:00,2025-12-24T18:28:02+08:00,1.2414,103.7063,C,Cloud to Cloud,2025-12-24T18:24:07.999+08:00
2025-12-25 11:19:34,2025-12-24T18:26:00+08:00,2025-12-24T18:28:02+08:00,1.2415,103.7041,C,Cloud to Cloud,2025-12-24T18:24:07.999+08:00
2025-12-25 11:19:34,2025-12-24T18:26:00+08:00,2025-12-24T18:28:02+08:00,1.2426,103.7074,C,Cloud to Cloud,2025-12-24T18:24:08+08:00
2025-12-25 11:19:34,2025-12-24T18:26:00+08:00,2025-12-24T18:28:02+08:00,1.2427,103.7061,C,Cloud to Cloud,2025-12-24T18:24:08+08:00
2025-12-25 11:19:34,2025-12-24T18:26:00+08:00,2025-12-24T18:28:02+08:00,1.244,103.7032,C,Cloud to Cloud,2025-12-24T18:24:08+08:00
2025-12-25 11:19:34,2025-12-24T18:26:00+08:00,2025-12-24T18:28:02+08:00,1.2438,103.7053,C,Cloud to Cloud,2025-12-24T18:24:08+08:00
2025-12-25 11:19:34,2025-12-24T18:26:00+08:00,2025-12-24T18:28:02+08:00,1.2423,103.7034,C,Cloud to Cloud,2025-12-24T18:24:08+08:00
2025-12-25 11:19:34,2025-12-24T18:26:00+08:00,2025-12-24T18:28:02+08:00,1.2455,103.7054,C,Cloud to Cloud,2025-12-24T18:24:08.001+08:00
2025-12-25 11:19:34,2025-12-24T18:26:00+08:00,2025-12-24T18:28:02+08:00,1.2455,103.7056,C,Cloud to Cloud,2025-12-24T18:24:08.001+08:00
2025-12-25 11:19:34,2025-12-24T18:26:00+08:00,2025-12-24T18:28:02+08:00,1.2414,103.7049,C,Cloud to Cloud,2025-12-24T18:24:08.001+08:00
2025-12-25 11:19:34,2025-12-24T18:26:00+08:00,2025-12-24T18:28:02+08:00,1.2412,103.7092,C,Cloud to Cloud,2025-12-24T18:24:08.001+08:00
2025-12-25 11:19:34,2025-12-24T18:26:00+08:00,2025-12-24T18:28:02+08:00,1.2433,103.7066,C,Cloud to Cloud,2025-12-24T18:24:08.001+08:00
2025-12-25 11:19:34,2025-12-24T18:26:00+08:00,2025-12-24T18:28:02+08:00,1.2432,103.7055,C,Cloud to Cloud,2025-12-24T18:24:08.001+08:00
2025-12-25 11:19:34,2025-12-24T18:26:00+08:00,2025-12-24T18:28:02+08:00,1.2433,103.7047,C,Cloud to Cloud,2025-12-24T18:24:08.002+08:00
2025-12-25 11:19:34,2025-12-24T18:26:00+08:00,2025-12-24T18:28:02+08:00,1.2417,103.7079,C,Cloud to Cloud,2025-12-24T18:24:08.002+08:00
2025-12-25 11:19:34,2025-12-24T18:26:00+08:00,2025-12-24T18:28:02+08:00,1.2433,103.7046,C,Cloud to Cloud,2025-12-24T18:24:08.002+08:00
2025-12-25 11:19:34,2025-12-24T18:26:00+08:00,2025-12-24T18:28:02+08:00,1.2431,103.7077,C,Cloud to Cloud,2025-12-24T18:24:08.002+08:00
2025-12-25 11:19:34,2025-12-24T18:26:00+08:00,2025-12-24T18:28:02+08:00,1.2425,103.7051,C,Cloud to Cloud,2025-12-24T18:24:08.002+08:00
2025-12-25 11:19:34,2025-12-24T18:26:00+08:00,2025-12-24T18:28:02+08:00,1.2423,103.7048,C,Cloud to Cloud,2025-12-24T18:24:08.002+08:00
2025-12-25 11:19:34,2025-12-24T18:26:00+08:00,2025-12-24T18:28:02+08:00,1.2434,103.7054,C,Cloud to Cloud,2025-12-24T18:24:08.002+08:00
2025-12-25 11:19:34,2025-12-24T18:26:00+08:00,2025-12-24T18:28:02+08:00,1.2433,103.7065,C,Cloud to Cloud,2025-12-24T18:24:08.003+08:00
2025-12-25 11:19:34,2025-12-24T18:26:00+08:00,2025-12-24T18:28:02+08:00,1.2436,103.7062,C,Cloud to Cloud,2025-12-24T18:24:08.003+08:00
2025-12-25 11:19:34,2025-12-24T18:26:00+08:00,2025-12-24T18:28:02+08:00,1.2433,103.7063,C,Cloud to Cloud,2025-12-24T18:24:08.003+08:00
2025-12-25 11:19:34,2025-12-24T18:26:00+08:00,2025-12-24T18:28:02+08:00,1.245,103.7044,C,Cloud to Cloud,2025-12-24T18:24:08.003+08:00
2025-12-25 11:19:34,2025-12-24T18:26:00+08:00,2025-12-24T18:28:02+08:00,1.2428,103.707,C,Cloud to Cloud,2025-12-24T18:24:08.003+08:00
2025-12-25 11:19:34,2025-12-24T18:26:00+08:00,2025-12-24T18:28:02+08:00,1.2409,103.7061,C,Cloud to Cloud,2025-12-24T18:24:08.003+08:00
2025-12-25 11:19:34,2025-12-24T18:26:00+08:00,2025-12-24T18:28:02+08:00,1.2439,103.7043,C,Cloud to Cloud,2025-12-24T18:24:08.003+08:00
2025-12-25 11:19:34,2025-12-24T18:26:00+08:00,2025-12-24T18:28:02+08:00,1.2439,103.705,C,Cloud to Cloud,2025-12-24T18:24:08.003+08:00
2025-12-25 11:19:34,2025-12-24T18:26:00+08:00,2025-12-24T18:28:02+08:00,1.2439,103.7065,C,Cloud to Cloud,2025-12-24T18:24:08.004+08:00
2025-12-25 11:19:34,2025-12-24T18:26:00+08:00,2025-12-24T18:28:02+08:00,1.2439,103.7064,C,Cloud to Cloud,2025-12-24T18:24:08.004+08:00
2025-12-25 11:19:34,2025-12-24T18:26:00+08:00,2025-12-24T18:28:02+08:00,1.2457,103.7052,C,Cloud to Cloud,2025-12-24T18:24:08.004+08:00
2025-12-25 11:19:34,2025-12-24T18:26:00+08:00,2025-12-24T18:28:02+08:00,1.2462,103.7075,C,Cloud to Cloud,2025-12-24T18:24:08.004+08:00
2025-12-25 11:19:34,2025-12-24T18:26:00+08:00,2025-12-24T18:28:02+08:00,1.2463,103.7068,C,Cloud to Cloud,2025-12-24T18:24:08.004+08:00
2025-12-25 11:19:34,2025-12-24T18:26:00+08:00,2025-12-24T18:28:02+08:00,1.2424,103.7041,C,Cloud to Cloud,2025-12-24T18:24:08.005+08:00
2025-12-25 11:19:34,2025-12-24T18:26:00+08:00,2025-12-24T18:28:02+08:00,1.2461,103.7084,C,Cloud to Cloud,2025-12-24T18:24:08.005+08:00
2025-12-25 11:19:34,2025-12-24T18:26:00+08:00,2025-12-24T18:28:02+08:00,1.2464,103.7054,C,Cloud to Cloud,2025-12-24T18:24:08.005+08:00
2025-12-25 11:19:34,2025-12-24T18:26:00+08:00,2025-12-24T18:28:02+08:00,1.2416,103.7005,C,Cloud to Cloud,2025-12-24T18:24:08.009+08:00
2025-12-25 11:19:34,2025-12-24T18:26:00+08:00,2025-12-24T18:28:02+08:00,1.2405,103.6981,C,Cloud to Cloud,2025-12-24T18:24:08.009+08:00
2025-12-25 11:19:34,2025-12-24T18:26:00+08:00,2025-12-24T18:28:02+08:00,1.2404,103.7,C,Cloud to Cloud,2025-12-24T18:24:08.009+08:00
2025-12-25 11:19:34,2025-12-24T18:26:00+08:00,2025-12-24T18:28:02+08:00,1.2406,103.6973,C,Cloud to Cloud,2025-12-24T18:24:08.009+08:00
2025-12-25 11:19:34,2025-12-24T18:26:00+08:00,2025-12-24T18:28:02+08:00,1.2412,103.7004,C,Cloud to Cloud,2025-12-24T18:24:08.009+08:00
2025-12-25 11:19:34,2025-12-24T18:26:00+08:00,2025-12-24T18:28:02+08:00,1.2413,103.6987,C,Cloud to Cloud,2025-12-24T18:24:08.01+08:00
2025-12-25 11:19:34,2025-12-24T18:26:00+08:00,2025-12-24T18:28:02+08:00,1.2433,103.6999,C,Cloud to Cloud,2025-12-24T18:24:08.01+08:00
2025-12-25 11:19:34,2025-12-24T18:26:00+08:00,2025-12-24T18:28:02+08:00,1.2408,103.6987,C,Cloud to Cloud,2025-12-24T18:24:08.01+08:00
2025-12-25 11:19:34,2025-12-24T18:26:00+08:00,2025-12-24T18:28:02+08:00,1.2402,103.698,C,Cloud to Cloud,2025-12-24T18:24:08.01+08:00
2025-12-25 11:19:34,2025-12-24T18:26:00+08:00,2025-12-24T18:28:02+08:00,1.2418,103.6999,C,Cloud to Cloud,2025-12-24T18:24:08.01+08:00
2025-12-25 11:19:34,2025-12-24T18:26:00+08:00,2025-12-24T18:28:02+08:00,1.242,103.6972,C,Cloud to Cloud,2025-12-24T18:24:08.01+08:00
2025-12-25 11:19:34,2025-12-24T18:26:00+08:00,2025-12-24T18:28:02+08:00,1.2419,103.6992,C,Cloud to Cloud,2025-12-24T18:24:08.01+08:00
2025-12-25 11:19:34,2025-12-24T18:26:00+08:00,2025-12-24T18:28:02+08:00,1.2412,103.7001,C,Cloud to Cloud,2025-12-24T18:24:08.01+08:00
2025-12-25 11:19:34,2025-12-24T18:26:00+08:00,2025-12-24T18:28:02+08:00,1.2404,103.6972,C,Cloud to Cloud,2025-12-24T18:24:08.01+08:00
2025-12-25 11:19:34,2025-12-24T18:26:00+08:00,2025-12-24T18:28:02+08:00,1.2403,103.6993,C,Cloud to Cloud,2025-12-24T18:24:08.01+08:00
2025-12-25 11:19:34,2025-12-24T18:26:00+08:00,2025-12-24T18:28:02+08:00,1.2414,103.6986,C,Cloud to Cloud,2025-12-24T18:24:08.011+08:00
2025-12-25 11:19:34,2025-12-24T18:26:00+08:00,2025-12-24T18:28:02+08:00,1.2415,103.6981,C,Cloud to Cloud,2025-12-24T18:24:08.011+08:00
2025-12-25 11:19:34,2025-12-24T18:26:00+08:00,2025-12-24T18:28:02+08:00,1.2412,103.6994,C,Cloud to Cloud,2025-12-24T18:24:08.011+08:00
2025-12-25 11:19:34,2025-12-24T18:26:00+08:00,2025-12-24T18:28:02+08:00,1.2422,103.6998,C,Cloud to Cloud,2025-12-24T18:24:08.011+08:00
2025-12-25 11:19:34,2025-12-24T18:26:00+08:00,2025-12-24T18:28:02+08:00,1.2408,103.6991,C,Cloud to Cloud,2025-12-24T18:24:08.011+08:00
2025-12-25 11:19:34,2025-12-24T18:26:00+08:00,2025-12-24T18:28:02+08:00,1.2424,103.701,C,Cloud to Cloud,2025-12-24T18:24:08.011+08:00
2025-12-25 11:19:34,2025-12-24T18:26:00+08:00,2025-12-24T18:28:02+08:00,1.2409,103.6996,C,Cloud to Cloud,2025-12-24T18:24:08.011+08:00
2025-12-25 11:19:34,2025-12-24T18:26:00+08:00,2025-12-24T18:28:02+08:00,1.2408,103.7009,C,Cloud to Cloud,2025-12-24T18:24:08.011+08:00
2025-12-25 11:19:34,2025-12-24T18:26:00+08:00,2025-12-24T18:28:02+08:00,1.2412,103.7004,C,Cloud to Cloud,2025-12-24T18:24:08.011+08:00
2025-12-25 11:19:34,2025-12-24T18:26:00+08:00,2025-12-24T18:28:02+08:00,1.2415,103.6998,C,Cloud to Cloud,2025-12-24T18:24:08.011+08:00
2025-12-25 11:19:34,2025-12-24T18:26:00+08:00,2025-12-24T18:28:02+08:00,1.2419,103.6997,C,Cloud to Cloud,2025-12-24T18:24:08.012+08:00
2025-12-25 11:19:34,2025-12-24T18:26:00+08:00,2025-12-24T18:28:02+08:00,1.2413,103.6982,C,Cloud to Cloud,2025-12-24T18:24:08.012+08:00
2025-12-25 11:19:34,2025-12-24T18:26:00+08:00,2025-12-24T18:28:02+08:00,1.2434,103.702,C,Cloud to Cloud,2025-12-24T18:24:08.012+08:00
2025-12-25 11:19:34,2025-12-24T18:26:00+08:00,2025-12-24T18:28:02+08:00,1.2424,103.7005,C,Cloud to Cloud,2025-12-24T18:24:08.012+08:00
2025-12-25 11:19:34,2025-12-24T18:26:00+08:00,2025-12-24T18:28:02+08:00,1.2428,103.7014,C,Cloud to Cloud,2025-12-24T18:24:08.012+08:00
2025-12-25 11:19:34,2025-12-24T18:26:00+08:00,2025-12-24T18:28:02+08:00,1.2433,103.7013,C,Cloud to Cloud,2025-12-24T18:24:08.012+08:00
2025-12-25 11:19:34,2025-12-24T18:26:00+08:00,2025-12-24T18:28:02+08:00,1.2429,103.7,C,Cloud to Cloud,2025-12-24T18:24:08.012+08:00
2025-12-25 11:19:34,2025-12-24T18:26:00+08:00,2025-12-24T18:28:02+08:00,1.2444,103.7019,C,Cloud to Cloud,2025-12-24T18:24:08.012+08:00
2025-12-25 11:19:34,2025-12-24T18:26:00+08:00,2025-12-24T18:28:02+08:00,1.2427,103.7016,C,Cloud to Cloud,2025-12-24T18:24:08.012+08:00
2025-12-25 11:19:34,2025-12-24T18:26:00+08:00,2025-12-24T18:28:02+08:00,1.2433,103.7015,C,Cloud to Cloud,2025-12-24T18:24:08.012+08:00
2025-12-25 11:19:34,2025-12-24T18:26:00+08:00,2025-12-24T18:28:02+08:00,1.2435,103.7013,C,Cloud to Cloud,2025-12-24T18:24:08.013+08:00
2025-12-25 11:19:34,2025-12-24T18:26:00+08:00,2025-12-24T18:28:02+08:00,1.2439,103.7014,C,Cloud to Cloud,2025-12-24T18:24:08.013+08:00
2025-12-25 11:19:34,2025-12-24T18:26:00+08:00,2025-12-24T18:28:02+08:00,1.244,103.7026,C,Cloud to Cloud,2025-12-24T18:24:08.013+08:00
2025-12-25 11:19:34,2025-12-24T18:26:00+08:00,2025-12-24T18:28:02+08:00,1.2433,103.7038,C,Cloud to Cloud,2025-12-24T18:24:08.013+08:00
2025-12-25 11:19:34,2025-12-24T18:26:00+08:00,2025-12-24T18:28:02+08:00,1.244,103.7028,C,Cloud to Cloud,2025-12-24T18:24:08.013+08:00
2025-12-25 11:19:34,2025-12-24T18:26:00+08:00,2025-12-24T18:28:02+08:00,1.241,103.7002,C,Cloud to Cloud,2025-12-24T18:24:08.013+08:00
2025-12-25 11:19:34,2025-12-24T18:26:00+08:00,2025-12-24T18:28:02+08:00,1.2419,103.703,C,Cloud to Cloud,2025-12-24T18:24:08.013+08:00
2025-12-25 11:19:34,2025-12-24T18:26:00+08:00,2025-12-24T18:28:02+08:00,1.2409,103.6997,C,Cloud to Cloud,2025-12-24T18:24:08.013+08:00
2025-12-25 11:19:34,2025-12-24T18:26:00+08:00,2025-12-24T18:28:02+08:00,1.2428,103.7024,C,Cloud to Cloud,2025-12-24T18:24:08.013+08:00
2025-12-25 11:19:34,2025-12-24T18:26:00+08:00,2025-12-24T18:28:02+08:00,1.2438,103.7015,C,Cloud to Cloud,2025-12-24T18:24:08.013+08:00
2025-12-25 11:19:34,2025-12-24T18:26:00+08:00,2025-12-24T18:28:02+08:00,1.2424,103.7004,C,Cloud to Cloud,2025-12-24T18:24:08.014+08:00
2025-12-25 11:19:34,2025-12-24T18:26:00+08:00,2025-12-24T18:28:02+08:00,1.2421,103.6991,C,Cloud to Cloud,2025-12-24T18:24:08.014+08:00
2025-12-25 11:19:34,2025-12-24T18:26:00+08:00,2025-12-24T18:28:02+08:00,1.2415,103.7006,C,Cloud to Cloud,2025-12-24T18:24:08.014+08:00
2025-12-25 11:19:34,2025-12-24T18:26:00+08:00,2025-12-24T18:28:02+08:00,1.2434,103.6998,C,Cloud to Cloud,2025-12-24T18:24:08.014+08:00
2025-12-25 11:19:34,2025-12-24T18:26:00+08:00,2025-12-24T18:28:02+08:00,1.244,103.7003,C,Cloud to Cloud,2025-12-24T18:24:08.014+08:00
2025-12-25 11:19:34,2025-12-24T18:26:00+08:00,2025-12-24T18:28:02+08:00,1.2444,103.6981,C,Cloud to Cloud,2025-12-24T18:24:08.014+08:00
2025-12-25 11:19:34,2025-12-24T18:26:00+08:00,2025-12-24T18:28:02+08:00,1.2451,103.7021,C,Cloud to Cloud,2025-12-24T18:24:08.014+08:00
2025-12-25 11:19:34,2025-12-24T18:26:00+08:00,2025-12-24T18:28:02+08:00,1.2436,103.6996,C,Cloud to Cloud,2025-12-24T18:24:08.014+08:00
2025-12-25 11:19:34,2025-12-24T18:26:00+08:00,2025-12-24T18:28:02+08:00,1.2431,103.6974,C,Cloud to Cloud,2025-12-24T18:24:08.014+08:00
2025-12-25 11:19:34,2025-12-24T18:26:00+08:00,2025-12-24T18:28:02+08:00,1.2442,103.6998,C,Cloud to Cloud,2025-12-24T18:24:08.014+08:00
2025-12-25 11:19:34,2025-12-24T18:26:00+08:00,2025-12-24T18:28:02+08:00,1.2444,103.6997,C,Cloud to Cloud,2025-12-24T18:24:08.015+08:00
2025-12-25 11:19:34,2025-12-24T18:26:00+08:00,2025-12-24T18:28:02+08:00,1.2448,103.6987,C,Cloud to Cloud,2025-12-24T18:24:08.015+08:00
2025-12-25 11:19:34,2025-12-24T18:26:00+08:00,2025-12-24T18:28:02+08:00,1.2345,103.695,G,Cloud to Ground,2025-12-24T18:24:08.015+08:00
2025-12-25 11:19:34,2025-12-24T18:26:00+08:00,2025-12-24T18:28:02+08:00,1.2418,103.7023,C,Cloud to Cloud,2025-12-24T18:24:08.015+08:00
2025-12-25 11:19:34,2025-12-24T18:26:00+08:00,2025-12-24T18:28:02+08:00,1.2447,103.7064,C,Cloud to Cloud,2025-12-24T18:24:08.015+08:00
2025-12-25 11:19:34,2025-12-24T18:26:00+08:00,2025-12-24T18:28:02+08:00,1.247,103.6999,C,Cloud to Cloud,2025-12-24T18:24:08.015+08:00
2025-12-25 11:19:34,2025-12-24T18:26:00+08:00,2025-12-24T18:28:02+08:00,1.2038,103.6825,C,Cloud to Cloud,2025-12-24T18:24:08.015+08:00
2025-12-25 11:19:34,2025-12-24T18:26:00+08:00,2025-12-24T18:28:02+08:00,1.2448,103.6935,C,Cloud to Cloud,2025-12-24T18:24:08.015+08:00
2025-12-25 11:19:34,2025-12-24T18:26:00+08:00,2025-12-24T18:28:02+08:00,1.2434,103.6993,C,Cloud to Cloud,2025-12-24T18:24:08.115+08:00
2025-12-25 11:19:34,2025-12-24T18:26:00+08:00,2025-12-24T18:28:02+08:00,1.2434,103.6993,C,Cloud to Cloud,2025-12-24T18:24:08.115+08:00
2025-12-25 11:19:34,2025-12-24T18:26:00+08:00,2025-12-24T18:28:02+08:00,1.2444,103.7056,C,Cloud to Cloud,2025-12-24T18:24:08.115+08:00
2025-12-25 11:19:34,2025-12-24T18:26:00+08:00,2025-12-24T18:28:02+08:00,1.2471,103.7066,C,Cloud to Cloud,2025-12-24T18:24:08.115+08:00
2025-12-25 11:19:34,2025-12-24T18:26:00+08:00,2025-12-24T18:28:02+08:00,1.2478,103.7001,C,Cloud to Cloud,2025-12-24T18:24:08.115+08:00
2025-12-25 11:19:34,2025-12-24T18:26:00+08:00,2025-12-24T18:28:02+08:00,1.2521,103.6953,C,Cloud to Cloud,2025-12-24T18:24:08.115+08:00
2025-12-25 11:19:34,2025-12-24T18:26:00+08:00,2025-12-24T18:28:02+08:00,1.2721,103.7153,C,Cloud to Cloud,2025-12-24T18:24:08.115+08:00
2025-12-25 11:19:34,2025-12-24T18:26:00+08:00,2025-12-24T18:28:02+08:00,1.258,103.6963,C,Cloud to Cloud,2025-12-24T18:24:08.115+08:00
2025-12-25 11:19:34,2025-12-24T18:26:00+08:00,2025-12-24T18:28:02+08:00,1.2571,103.6978,C,Cloud to Cloud,2025-12-24T18:24:08.116+08:00
2025-12-25 11:19:34,2025-12-24T18:26:00+08:00,2025-12-24T18:28:02+08:00,1.2441,103.6611,C,Cloud to Cloud,2025-12-24T18:24:08.124+08:00
2025-12-25 11:19:34,2025-12-24T18:26:00+08:00,2025-12-24T18:28:02+08:00,1.2662,103.7002,C,Cloud to Cloud,2025-12-24T18:24:08.124+08:00
2025-12-25 11:19:34,2025-12-24T18:26:00+08:00,2025-12-24T18:28:02+08:00,0.9993,103.9999,C,Cloud to Cloud,2025-12-24T18:24:09.111+08:00
2025-12-25 11:19:34,2025-12-24T18:26:00+08:00,2025-12-24T18:28:02+08:00,0.987,104.0129,C,Cloud to Cloud,2025-12-24T18:24:09.111+08:00
2025-12-25 11:19:34,2025-12-24T18:26:00+08:00,2025-12-24T18:28:02+08:00,1.0011,104.0061,C,Cloud to Cloud,2025-12-24T18:24:09.133+08:00
2025-12-25 11:19:34,2025-12-24T18:26:00+08:00,2025-12-24T18:28:02+08:00,0.972,104.0128,C,Cloud to Cloud,2025-12-24T18:24:09.133+08:00
2025-12-25 11:19:34,2025-12-24T18:26:00+08:00,2025-12-24T18:28:02+08:00,0.9614,104.0263,C,Cloud to Cloud,2025-12-24T18:24:52.958+08:00
2025-12-25 11:19:34,2025-12-24T18:26:00+08:00,2025-12-24T18:28:02+08:00,0.9502,104.0226,C,Cloud to Cloud,2025-12-24T18:24:53.052+08:00
2025-12-25 11:19:34,2025-12-24T18:26:00+08:00,2025-12-24T18:28:02+08:00,1.2747,103.7099,C,Cloud to Cloud,2025-12-24T18:25:07.377+08:00
2025-12-25 11:19:34,2025-12-24T18:26:00+08:00,2025-12-24T18:28:02+08:00,1.2755,103.7111,C,Cloud to Cloud,2025-12-24T18:25:07.379+08:00
2025-12-25 11:19:34,2025-12-24T18:26:00+08:00,2025-12-24T18:28:02+08:00,1.28,103.7154,C,Cloud to Cloud,2025-12-24T18:25:07.379+08:00
2025-12-25 11:19:34,2025-12-24T18:26:00+08:00,2025-12-24T18:28:02+08:00,1.2765,103.7078,C,Cloud to Cloud,2025-12-24T18:25:07.385+08:00
2025-12-25 11:19:34,2025-12-24T18:26:00+08:00,2025-12-24T18:28:02+08:00,1.2761,103.7098,C,Cloud to Cloud,2025-12-24T18:25:07.385+08:00
2025-12-25 11:19:34,2025-12-24T18:26:00+08:00,2025-12-24T18:28:02+08:00,1.2764,103.7088,C,Cloud to Cloud,2025-12-24T18:25:07.385+08:00
2025-12-25 11:19:34,2025-12-24T18:26:00+08:00,2025-12-24T18:28:02+08:00,1.2783,103.7071,C,Cloud to Cloud,2025-12-24T18:25:07.385+08:00
2025-12-25 11:19:34,2025-12-24T18:26:00+08:00,2025-12-24T18:28:02+08:00,1.2776,103.7092,C,Cloud to Cloud,2025-12-24T18:25:07.385+08:00
2025-12-25 11:19:34,2025-12-24T18:26:00+08:00,2025-12-24T18:28:02+08:00,1.2765,103.7069,C,Cloud to Cloud,2025-12-24T18:25:07.385+08:00
2025-12-25 11:19:34,2025-12-24T18:26:00+08:00,2025-12-24T18:28:02+08:00,1.2766,103.7068,C,Cloud to Cloud,2025-12-24T18:25:07.386+08:00
2025-12-25 11:19:34,2025-12-24T18:26:00+08:00,2025-12-24T18:28:02+08:00,1.2772,103.7074,C,Cloud to Cloud,2025-12-24T18:25:07.386+08:00
2025-12-25 11:19:34,2025-12-24T18:26:00+08:00,2025-12-24T18:28:02+08:00,1.2767,103.7075,C,Cloud to Cloud,2025-12-24T18:25:07.386+08:00
2025-12-25 11:19:34,2025-12-24T18:26:00+08:00,2025-12-24T18:28:02+08:00,1.2766,103.7067,C,Cloud to Cloud,2025-12-24T18:25:07.386+08:00
2025-12-25 11:19:34,2025-12-24T18:26:00+08:00,2025-12-24T18:28:02+08:00,1.2757,103.7081,C,Cloud to Cloud,2025-12-24T18:25:07.386+08:00
2025-12-25 11:19:34,2025-12-24T18:26:00+08:00,2025-12-24T18:28:02+08:00,1.2769,103.7057,C,Cloud to Cloud,2025-12-24T18:25:07.386+08:00
2025-12-25 11:19:34,2025-12-24T18:26:00+08:00,2025-12-24T18:28:02+08:00,1.2773,103.7056,C,Cloud to Cloud,2025-12-24T18:25:07.386+08:00
2025-12-25 11:19:34,2025-12-24T18:26:00+08:00,2025-12-24T18:28:02+08:00,1.277,103.708,C,Cloud to Cloud,2025-12-24T18:25:07.386+08:00
2025-12-25 11:19:34,2025-12-24T18:26:00+08:00,2025-12-24T18:28:02+08:00,1.2779,103.7053,C,Cloud to Cloud,2025-12-24T18:25:07.386+08:00
2025-12-25 11:19:34,2025-12-24T18:26:00+08:00,2025-12-24T18:28:02+08:00,1.2742,103.6973,C,Cloud to Cloud,2025-12-24T18:25:07.386+08:00
2025-12-25 11:19:34,2025-12-24T18:26:00+08:00,2025-12-24T18:28:02+08:00,1.2745,103.6975,C,Cloud to Cloud,2025-12-24T18:25:07.387+08:00
2025-12-25 11:19:34,2025-12-24T18:26:00+08:00,2025-12-24T18:28:02+08:00,1.2771,103.7067,C,Cloud to Cloud,2025-12-24T18:25:07.387+08:00
2025-12-25 11:19:34,2025-12-24T18:26:00+08:00,2025-12-24T18:28:02+08:00,1.2774,103.7043,C,Cloud to Cloud,2025-12-24T18:25:07.387+08:00
2025-12-25 11:19:34,2025-12-24T18:26:00+08:00,2025-12-24T18:28:02+08:00,1.2773,103.7077,C,Cloud to Cloud,2025-12-24T18:25:07.387+08:00
2025-12-25 11:19:34,2025-12-24T18:26:00+08:00,2025-12-24T18:28:02+08:00,1.277,103.708,C,Cloud to Cloud,2025-12-24T18:25:07.387+08:00
2025-12-25 11:19:34,2025-12-24T18:26:00+08:00,2025-12-24T18:28:02+08:00,1.2774,103.7052,C,Cloud to Cloud,2025-12-24T18:25:07.387+08:00
2025-12-25 11:19:34,2025-12-24T18:26:00+08:00,2025-12-24T18:28:02+08:00,1.2779,103.7051,C,Cloud to Cloud,2025-12-24T18:25:07.387+08:00
2025-12-25 11:19:34,2025-12-24T18:26:00+08:00,2025-12-24T18:28:02+08:00,1.2779,103.7051,C,Cloud to Cloud,2025-12-24T18:25:07.387+08:00
2025-12-25 11:19:34,2025-12-24T18:26:00+08:00,2025-12-24T18:28:02+08:00,1.274,103.6974,C,Cloud to Cloud,2025-12-24T18:25:07.387+08:00
2025-12-25 11:19:34,2025-12-24T18:26:00+08:00,2025-12-24T18:28:02+08:00,1.2749,103.6972,C,Cloud to Cloud,2025-12-24T18:25:07.387+08:00
2025-12-25 11:19:34,2025-12-24T18:26:00+08:00,2025-12-24T18:28:02+08:00,1.2773,103.7057,C,Cloud to Cloud,2025-12-24T18:25:07.388+08:00
2025-12-25 11:19:34,2025-12-24T18:26:00+08:00,2025-12-24T18:28:02+08:00,1.2776,103.7047,C,Cloud to Cloud,2025-12-24T18:25:07.388+08:00
2025-12-25 11:19:34,2025-12-24T18:26:00+08:00,2025-12-24T18:28:02+08:00,1.278,103.705,C,Cloud to Cloud,2025-12-24T18:25:07.388+08:00
2025-12-25 11:19:34,2025-12-24T18:26:00+08:00,2025-12-24T18:28:02+08:00,1.2772,103.7062,C,Cloud to Cloud,2025-12-24T18:25:07.388+08:00
2025-12-25 11:19:34,2025-12-24T18:26:00+08:00,2025-12-24T18:28:02+08:00,1.2777,103.7063,C,Cloud to Cloud,2025-12-24T18:25:07.388+08:00
2025-12-25 11:19:34,2025-12-24T18:26:00+08:00,2025-12-24T18:28:02+08:00,1.2778,103.7057,C,Cloud to Cloud,2025-12-24T18:25:07.388+08:00
2025-12-25 11:19:34,2025-12-24T18:26:00+08:00,2025-12-24T18:28:02+08:00,1.2778,103.7029,C,Cloud to Cloud,2025-12-24T18:25:07.388+08:00
2025-12-25 11:19:34,2025-12-24T18:26:00+08:00,2025-12-24T18:28:02+08:00,1.2771,103.7035,C,Cloud to Cloud,2025-12-24T18:25:07.388+08:00
2025-12-25 11:19:34,2025-12-24T18:26:00+08:00,2025-12-24T18:28:02+08:00,1.2778,103.7046,C,Cloud to Cloud,2025-12-24T18:25:07.388+08:00
2025-12-25 11:19:34,2025-12-24T18:26:00+08:00,2025-12-24T18:28:02+08:00,1.2767,103.7048,C,Cloud to Cloud,2025-12-24T18:25:07.388+08:00
2025-12-25 11:19:34,2025-12-24T18:26:00+08:00,2025-12-24T18:28:02+08:00,1.2731,103.6966,C,Cloud to Cloud,2025-12-24T18:25:07.389+08:00
2025-12-25 11:19:34,2025-12-24T18:26:00+08:00,2025-12-24T18:28:02+08:00,1.2741,103.6974,C,Cloud to Cloud,2025-12-24T18:25:07.389+08:00
2025-12-25 11:19:34,2025-12-24T18:26:00+08:00,2025-12-24T18:28:02+08:00,1.277,103.7064,C,Cloud to Cloud,2025-12-24T18:25:07.389+08:00
2025-12-25 11:19:34,2025-12-24T18:26:00+08:00,2025-12-24T18:28:02+08:00,1.2769,103.7082,C,Cloud to Cloud,2025-12-24T18:25:07.389+08:00
2025-12-25 11:19:34,2025-12-24T18:26:00+08:00,2025-12-24T18:28:02+08:00,1.2772,103.7059,C,Cloud to Cloud,2025-12-24T18:25:07.389+08:00
2025-12-25 11:19:34,2025-12-24T18:26:00+08:00,2025-12-24T18:28:02+08:00,1.2767,103.7063,C,Cloud to Cloud,2025-12-24T18:25:07.389+08:00
2025-12-25 11:19:34,2025-12-24T18:26:00+08:00,2025-12-24T18:28:02+08:00,1.2771,103.7053,C,Cloud to Cloud,2025-12-24T18:25:07.389+08:00
2025-12-25 11:19:34,2025-12-24T18:26:00+08:00,2025-12-24T18:28:02+08:00,1.2778,103.7055,C,Cloud to Cloud,2025-12-24T18:25:07.389+08:00
2025-12-25 11:19:34,2025-12-24T18:26:00+08:00,2025-12-24T18:28:02+08:00,1.2769,103.7074,C,Cloud to Cloud,2025-12-24T18:25:07.389+08:00
2025-12-25 11:19:34,2025-12-24T18:26:00+08:00,2025-12-24T18:28:02+08:00,1.2768,103.7075,C,Cloud to Cloud,2025-12-24T18:25:07.39+08:00
2025-12-25 11:19:34,2025-12-24T18:26:00+08:00,2025-12-24T18:28:02+08:00,1.2775,103.7069,C,Cloud to Cloud,2025-12-24T18:25:07.39+08:00
2025-12-25 11:19:34,2025-12-24T18:26:00+08:00,2025-12-24T18:28:02+08:00,1.2778,103.7054,C,Cloud to Cloud,2025-12-24T18:25:07.39+08:00
2025-12-25 11:19:34,2025-12-24T18:26:00+08:00,2025-12-24T18:28:02+08:00,1.2765,103.7069,C,Cloud to Cloud,2025-12-24T18:25:07.39+08:00
2025-12-25 11:19:34,2025-12-24T18:26:00+08:00,2025-12-24T18:28:02+08:00,1.2771,103.7063,C,Cloud to Cloud,2025-12-24T18:25:07.39+08:00
2025-12-25 11:19:34,2025-12-24T18:26:00+08:00,2025-12-24T18:28:02+08:00,1.277,103.7065,C,Cloud to Cloud,2025-12-24T18:25:07.39+08:00
2025-12-25 11:19:34,2025-12-24T18:26:00+08:00,2025-12-24T18:28:02+08:00,1.2763,103.7046,C,Cloud to Cloud,2025-12-24T18:25:07.39+08:00
2025-12-25 11:19:34,2025-12-24T18:26:00+08:00,2025-12-24T18:28:02+08:00,1.2769,103.7052,C,Cloud to Cloud,2025-12-24T18:25:07.39+08:00
2025-12-25 11:19:34,2025-12-24T18:26:00+08:00,2025-12-24T18:28:02+08:00,1.2779,103.7068,C,Cloud to Cloud,2025-12-24T18:25:07.39+08:00
2025-12-25 11:19:34,2025-12-24T18:26:00+08:00,2025-12-24T18:28:02+08:00,1.2771,103.7063,C,Cloud to Cloud,2025-12-24T18:25:07.39+08:00
2025-12-25 11:19:34,2025-12-24T18:26:00+08:00,2025-12-24T18:28:02+08:00,1.2742,103.6996,C,Cloud to Cloud,2025-12-24T18:25:07.391+08:00
2025-12-25 11:19:34,2025-12-24T18:26:00+08:00,2025-12-24T18:28:02+08:00,1.2741,103.6997,C,Cloud to Cloud,2025-12-24T18:25:07.391+08:00
2025-12-25 11:19:34,2025-12-24T18:26:00+08:00,2025-12-24T18:28:02+08:00,1.2761,103.7067,C,Cloud to Cloud,2025-12-24T18:25:07.391+08:00
2025-12-25 11:19:34,2025-12-24T18:26:00+08:00,2025-12-24T18:28:02+08:00,1.2567,103.6937,C,Cloud to Cloud,2025-12-24T18:25:07.392+08:00
2025-12-25 11:19:34,2025-12-24T18:26:00+08:00,2025-12-24T18:28:02+08:00,1.2745,103.686,G,Cloud to Ground,2025-12-24T18:25:07.392+08:00
2025-12-25 11:19:34,2025-12-24T18:26:00+08:00,2025-12-24T18:28:02+08:00,1.2536,103.6936,C,Cloud to Cloud,2025-12-24T18:25:07.392+08:00
2025-12-25 11:19:34,2025-12-24T18:26:00+08:00,2025-12-24T18:28:02+08:00,1.2783,103.6974,C,Cloud to Cloud,2025-12-24T18:25:07.392+08:00
2025-12-25 11:19:34,2025-12-24T18:26:00+08:00,2025-12-24T18:28:02+08:00,1.2767,103.6974,C,Cloud to Cloud,2025-12-24T18:25:07.393+08:00
2025-12-25 11:19:34,2025-12-24T18:26:00+08:00,2025-12-24T18:28:02+08:00,1.2713,103.7037,C,Cloud to Cloud,2025-12-24T18:25:07.393+08:00
2025-12-25 11:19:34,2025-12-24T18:26:00+08:00,2025-12-24T18:28:02+08:00,1.2523,103.6986,C,Cloud to Cloud,2025-12-24T18:25:07.428+08:00
2025-12-25 11:19:34,2025-12-24T18:26:00+08:00,2025-12-24T18:28:02+08:00,1.2564,103.7027,C,Cloud to Cloud,2025-12-24T18:25:07.428+08:00
2025-12-25 11:19:34,2025-12-24T18:26:00+08:00,2025-12-24T18:28:02+08:00,1.264,103.6866,C,Cloud to Cloud,2025-12-24T18:25:07.521+08:00
2025-12-25 11:19:34,2025-12-24T18:26:00+08:00,2025-12-24T18:28:02+08:00,1.2439,103.6874,C,Cloud to Cloud,2025-12-24T18:25:07.521+08:00
2025-12-25 11:19:34,2025-12-24T18:26:00+08:00,2025-12-24T18:28:02+08:00,1.2509,103.6305,C,Cloud to Cloud,2025-12-24T18:25:07.521+08:00
2025-12-25 11:19:34,2025-12-24T18:26:00+08:00,2025-12-24T18:28:02+08:00,1.2263,103.6914,C,Cloud to Cloud,2025-12-24T18:25:07.521+08:00
2025-12-25 11:19:34,2025-12-24T18:26:00+08:00,2025-12-24T18:28:02+08:00,1.2264,103.6934,C,Cloud to Cloud,2025-12-24T18:25:07.521+08:00
2025-12-25 11:19:34,2025-12-24T18:26:00+08:00,2025-12-24T18:28:02+08:00,1.2453,103.6981,C,Cloud to Cloud,2025-12-24T18:25:07.522+08:00
2025-12-25 11:19:34,2025-12-24T18:26:00+08:00,2025-12-24T18:28:02+08:00,1.2454,103.7068,C,Cloud to Cloud,2025-12-24T18:25:07.522+08:00
2025-12-25 11:19:34,2025-12-24T18:26:00+08:00,2025-12-24T18:28:02+08:00,1.2474,103.6935,C,Cloud to Cloud,2025-12-24T18:25:07.522+08:00
2025-12-25 11:19:34,2025-12-24T18:26:00+08:00,2025-12-24T18:28:02+08:00,1.2507,103.6979,C,Cloud to Cloud,2025-12-24T18:25:07.522+08:00
2025-12-25 11:19:34,2025-12-24T18:26:00+08:00,2025-12-24T18:28:02+08:00,1.2571,103.7011,C,Cloud to Cloud,2025-12-24T18:25:07.522+08:00
2025-12-25 11:19:34,2025-12-24T18:26:00+08:00,2025-12-24T18:28:02+08:00,1.2629,103.7023,C,Cloud to Cloud,2025-12-24T18:25:07.522+08:00
2025-12-25 11:19:34,2025-12-24T18:26:00+08:00,2025-12-24T18:28:02+08:00,1.2623,103.703,C,Cloud to Cloud,2025-12-24T18:25:07.522+08:00
2025-12-25 11:19:34,2025-12-24T18:26:00+08:00,2025-12-24T18:28:02+08:00,1.2638,103.7058,C,Cloud to Cloud,2025-12-24T18:25:07.522+08:00
2025-12-25 11:19:34,2025-12-24T18:26:00+08:00,2025-12-24T18:28:02+08:00,1.2624,103.7046,C,Cloud to Cloud,2025-12-24T18:25:07.522+08:00
2025-12-25 11:19:34,2025-12-24T18:26:00+08:00,2025-12-24T18:28:02+08:00,1.2529,103.704,C,Cloud to Cloud,2025-12-24T18:25:07.522+08:00
2025-12-25 11:19:34,2025-12-24T18:26:00+08:00,2025-12-24T18:28:02+08:00,1.272,103.7111,C,Cloud to Cloud,2025-12-24T18:25:07.522+08:00
2025-12-25 11:19:34,2025-12-24T18:26:00+08:00,2025-12-24T18:28:02+08:00,1.2463,103.7052,C,Cloud to Cloud,2025-12-24T18:25:07.522+08:00
2025-12-25 11:19:34,2025-12-24T18:26:00+08:00,2025-12-24T18:28:02+08:00,1.2545,103.7058,C,Cloud to Cloud,2025-12-24T18:25:07.523+08:00
2025-12-25 11:19:34,2025-12-24T18:26:00+08:00,2025-12-24T18:28:02+08:00,1.2636,103.7048,C,Cloud to Cloud,2025-12-24T18:25:07.523+08:00
2025-12-25 11:19:34,2025-12-24T18:26:00+08:00,2025-12-24T18:28:02+08:00,1.1137,103.5893,C,Cloud to Cloud,2025-12-24T18:25:15.892+08:00
2025-12-25 11:19:34,2025-12-24T18:24:00+08:00,2025-12-24T18:26:03+08:00,1.1709,103.6085,C,Cloud to Cloud,2025-12-24T18:22:20.909+08:00
2025-12-25 11:19:34,2025-12-24T18:24:00+08:00,2025-12-24T18:26:03+08:00,1.2435,103.624,C,Cloud to Cloud,2025-12-24T18:22:21.018+08:00
2025-12-25 11:19:34,2025-12-24T18:24:00+08:00,2025-12-24T18:26:03+08:00,1.1825,103.6395,C,Cloud to Cloud,2025-12-24T18:22:21.018+08:00
2025-12-25 11:19:34,2025-12-24T18:24:00+08:00,2025-12-24T18:26:03+08:00,0.9527,104.0262,C,Cloud to Cloud,2025-12-24T18:22:23.012+08:00
2025-12-25 11:19:34,2025-12-24T18:24:00+08:00,2025-12-24T18:26:03+08:00,0.955,104.0256,C,Cloud to Cloud,2025-12-24T18:22:23.012+08:00
2025-12-25 11:19:34,2025-12-24T18:24:00+08:00,2025-12-24T18:26:03+08:00,0.9611,104.0168,C,Cloud to Cloud,2025-12-24T18:22:38.604+08:00
2025-12-25 11:19:34,2025-12-24T18:24:00+08:00,2025-12-24T18:26:03+08:00,0.9611,104.0168,C,Cloud to Cloud,2025-12-24T18:22:38.604+08:00
2025-12-25 11:19:34,2025-12-24T18:24:00+08:00,2025-12-24T18:26:03+08:00,0.9967,104.0138,C,Cloud to Cloud,2025-12-24T18:22:38.627+08:00
2025-12-25 11:19:34,2025-12-24T18:24:00+08:00,2025-12-24T18:26:03+08:00,0.9967,104.0138,C,Cloud to Cloud,2025-12-24T18:22:38.627+08:00
2025-12-25 11:19:34,2025-12-24T18:24:00+08:00,2025-12-24T18:26:03+08:00,1.1864,103.6369,C,Cloud to Cloud,2025-12-24T18:22:48.101+08:00
2025-12-25 11:19:34,2025-12-24T18:24:00+08:00,2025-12-24T18:26:03+08:00,1.1925,103.641,C,Cloud to Cloud,2025-12-24T18:22:48.108+08:00
2025-12-25 11:19:34,2025-12-24T18:24:00+08:00,2025-12-24T18:26:03+08:00,1.1722,103.6297,C,Cloud to Cloud,2025-12-24T18:22:48.15+08:00
2025-12-25 11:19:34,2025-12-24T18:24:00+08:00,2025-12-24T18:26:03+08:00,1.2183,103.651,C,Cloud to Cloud,2025-12-24T18:22:48.15+08:00
2025-12-25 11:19:34,2025-12-24T18:24:00+08:00,2025-12-24T18:26:03+08:00,1.231,103.6856,C,Cloud to Cloud,2025-12-24T18:22:48.15+08:00
2025-12-25 11:19:34,2025-12-24T18:24:00+08:00,2025-12-24T18:26:03+08:00,1.2154,103.6444,C,Cloud to Cloud,2025-12-24T18:22:48.164+08:00
2025-12-25 11:19:34,2025-12-24T18:24:00+08:00,2025-12-24T18:26:03+08:00,1.2376,103.659,C,Cloud to Cloud,2025-12-24T18:22:48.228+08:00
2025-12-25 11:19:34,2025-12-24T18:24:00+08:00,2025-12-24T18:26:03+08:00,1.2308,103.6504,C,Cloud to Cloud,2025-12-24T18:22:48.228+08:00
2025-12-25 11:19:34,2025-12-24T18:24:00+08:00,2025-12-24T18:26:03+08:00,1.1788,103.632,C,Cloud to Cloud,2025-12-24T18:22:59.095+08:00
2025-12-25 11:19:34,2025-12-24T18:24:00+08:00,2025-12-24T18:26:03+08:00,1.229,103.6441,C,Cloud to Cloud,2025-12-24T18:22:59.095+08:00
2025-12-25 11:19:34,2025-12-24T18:24:00+08:00,2025-12-24T18:26:03+08:00,1.235,103.6834,C,Cloud to Cloud,2025-12-24T18:22:59.095+08:00
2025-12-25 11:19:34,2025-12-24T18:24:00+08:00,2025-12-24T18:26:03+08:00,1.2047,103.6284,C,Cloud to Cloud,2025-12-24T18:22:59.098+08:00
2025-12-25 11:19:34,2025-12-24T18:24:00+08:00,2025-12-24T18:26:03+08:00,1.1867,103.6336,C,Cloud to Cloud,2025-12-24T18:22:59.098+08:00
2025-12-25 11:19:34,2025-12-24T18:24:00+08:00,2025-12-24T18:26:03+08:00,1.2083,103.6434,C,Cloud to Cloud,2025-12-24T18:23:06.094+08:00
2025-12-25 11:19:34,2025-12-24T18:24:00+08:00,2025-12-24T18:26:03+08:00,1.2291,103.6892,C,Cloud to Cloud,2025-12-24T18:23:06.11+08:00
2025-12-25 11:19:34,2025-12-24T18:24:00+08:00,2025-12-24T18:26:03+08:00,1.2384,103.6633,C,Cloud to Cloud,2025-12-24T18:23:06.179+08:00
2025-12-25 11:19:34,2025-12-24T18:24:00+08:00,2025-12-24T18:26:03+08:00,1.1155,103.6302,C,Cloud to Cloud,2025-12-24T18:23:06.179+08:00
2025-12-25 11:19:34,2025-12-24T18:24:00+08:00,2025-12-24T18:26:03+08:00,1.2419,103.6643,C,Cloud to Cloud,2025-12-24T18:23:06.317+08:00
2025-12-25 11:19:34,2025-12-24T18:24:00+08:00,2025-12-24T18:26:03+08:00,1.2357,103.6561,C,Cloud to Cloud,2025-12-24T18:23:06.318+08:00
2025-12-25 11:19:34,2025-12-24T18:24:00+08:00,2025-12-24T18:26:03+08:00,1.2348,103.6531,C,Cloud to Cloud,2025-12-24T18:23:06.318+08:00
2025-12-25 11:19:34,2025-12-24T18:24:00+08:00,2025-12-24T18:26:03+08:00,1.2798,103.717,C,Cloud to Cloud,2025-12-24T18:23:06.318+08:00
2025-12-25 11:19:34,2025-12-24T18:24:00+08:00,2025-12-24T18:26:03+08:00,1.2217,103.6496,C,Cloud to Cloud,2025-12-24T18:23:06.367+08:00
2025-12-25 11:19:34,2025-12-24T18:24:00+08:00,2025-12-24T18:26:03+08:00,1.2456,103.6578,C,Cloud to Cloud,2025-12-24T18:23:06.367+08:00
2025-12-25 11:19:34,2025-12-24T18:24:00+08:00,2025-12-24T18:26:03+08:00,1.2196,103.6472,C,Cloud to Cloud,2025-12-24T18:23:06.368+08:00
2025-12-25 11:19:34,2025-12-24T18:24:00+08:00,2025-12-24T18:26:03+08:00,1.2354,103.6709,C,Cloud to Cloud,2025-12-24T18:23:06.368+08:00
2025-12-25 11:19:34,2025-12-24T18:24:00+08:00,2025-12-24T18:26:03+08:00,0.9713,104.0285,C,Cloud to Cloud,2025-12-24T18:23:16.012+08:00
2025-12-25 11:19:34,2025-12-24T18:24:00+08:00,2025-12-24T18:26:03+08:00,0.9626,104.0383,C,Cloud to Cloud,2025-12-24T18:23:16.012+08:00
2025-12-25 11:19:34,2025-12-24T18:24:00+08:00,2025-12-24T18:26:03+08:00,1.1852,103.6053,C,Cloud to Cloud,2025-12-24T18:23:22.368+08:00
2025-12-25 11:19:34,2025-12-24T18:24:00+08:00,2025-12-24T18:26:03+08:00,1.2401,103.6649,C,Cloud to Cloud,2025-12-24T18:23:22.567+08:00
2025-12-25 11:19:34,2025-12-24T18:24:00+08:00,2025-12-24T18:26:03+08:00,1.2402,103.6622,C,Cloud to Cloud,2025-12-24T18:23:22.567+08:00
2025-12-25 11:19:34,2025-12-24T18:24:00+08:00,2025-12-24T18:26:03+08:00,0.9566,104.123,C,Cloud to Cloud,2025-12-24T18:23:46.922+08:00
2025-12-25 11:19:34,2025-12-24T18:24:00+08:00,2025-12-24T18:26:03+08:00,0.9791,104.1224,G,Cloud to Ground,2025-12-24T18:23:46.922+08:00
2025-12-25 11:19:34,2025-12-24T18:24:00+08:00,2025-12-24T18:26:03+08:00,0.9651,104.0997,C,Cloud to Cloud,2025-12-24T18:23:46.923+08:00
2025-12-25 11:19:34,2025-12-24T18:24:00+08:00,2025-12-24T18:26:03+08:00,0.9795,104.084,C,Cloud to Cloud,2025-12-24T18:23:46.923+08:00
2025-12-25 11:19:34,2025-12-24T18:24:00+08:00,2025-12-24T18:26:03+08:00,0.9748,104.0858,C,Cloud to Cloud,2025-12-24T18:23:46.923+08:00
2025-12-25 11:19:34,2025-12-24T18:24:00+08:00,2025-12-24T18:26:03+08:00,0.97,104.0191,C,Cloud to Cloud,2025-12-24T18:23:47.123+08:00
2025-12-25 11:19:34,2025-12-24T18:24:00+08:00,2025-12-24T18:26:03+08:00,0.97,104.0191,C,Cloud to Cloud,2025-12-24T18:23:47.123+08:00
2025-12-25 11:19:34,2025-12-24T18:22:00+08:00,2025-12-24T18:24:02+08:00,1.2222,103.7076,C,Cloud to Cloud,2025-12-24T18:20:22.359+08:00
2025-12-25 11:19:34,2025-12-24T18:22:00+08:00,2025-12-24T18:24:02+08:00,1.1769,103.6338,C,Cloud to Cloud,2025-12-24T18:20:43.975+08:00
2025-12-25 11:19:34,2025-12-24T18:22:00+08:00,2025-12-24T18:24:02+08:00,0.9803,104.0052,C,Cloud to Cloud,2025-12-24T18:21:00.275+08:00
2025-12-25 11:19:34,2025-12-24T18:22:00+08:00,2025-12-24T18:24:02+08:00,0.9971,104.0012,C,Cloud to Cloud,2025-12-24T18:21:00.275+08:00
2025-12-25 11:19:34,2025-12-24T18:22:00+08:00,2025-12-24T18:24:02+08:00,0.9832,104.003,C,Cloud to Cloud,2025-12-24T18:21:00.275+08:00
2025-12-25 11:19:34,2025-12-24T18:22:00+08:00,2025-12-24T18:24:02+08:00,1.1888,103.6374,C,Cloud to Cloud,2025-12-24T18:21:00.614+08:00
2025-12-25 11:19:34,2025-12-24T18:22:00+08:00,2025-12-24T18:24:02+08:00,1.237,103.6839,C,Cloud to Cloud,2025-12-24T18:21:00.614+08:00
2025-12-25 11:19:34,2025-12-24T18:22:00+08:00,2025-12-24T18:24:02+08:00,1.2652,103.7359,C,Cloud to Cloud,2025-12-24T18:21:12.405+08:00
2025-12-25 11:19:34,2025-12-24T18:22:00+08:00,2025-12-24T18:24:02+08:00,1.2305,103.6749,C,Cloud to Cloud,2025-12-24T18:21:12.435+08:00
2025-12-25 11:19:34,2025-12-24T18:22:00+08:00,2025-12-24T18:24:02+08:00,1.2303,103.6741,C,Cloud to Cloud,2025-12-24T18:21:12.435+08:00
2025-12-25 11:19:34,2025-12-24T18:22:00+08:00,2025-12-24T18:24:02+08:00,1.2317,103.6728,C,Cloud to Cloud,2025-12-24T18:21:12.435+08:00
2025-12-25 11:19:34,2025-12-24T18:22:00+08:00,2025-12-24T18:24:02+08:00,1.2317,103.6728,C,Cloud to Cloud,2025-12-24T18:21:12.435+08:00
2025-12-25 11:19:34,2025-12-24T18:22:00+08:00,2025-12-24T18:24:02+08:00,1.204,103.6497,C,Cloud to Cloud,2025-12-24T18:21:26.113+08:00
2025-12-25 11:19:34,2025-12-24T18:22:00+08:00,2025-12-24T18:24:02+08:00,1.1859,103.6281,C,Cloud to Cloud,2025-12-24T18:21:26.113+08:00
2025-12-25 11:19:34,2025-12-24T18:22:00+08:00,2025-12-24T18:24:02+08:00,0.9618,104.0362,C,Cloud to Cloud,2025-12-24T18:21:27.729+08:00
2025-12-25 11:19:34,2025-12-24T18:22:00+08:00,2025-12-24T18:24:02+08:00,0.9814,104.0302,C,Cloud to Cloud,2025-12-24T18:21:27.729+08:00
2025-12-25 11:19:34,2025-12-24T18:22:00+08:00,2025-12-24T18:24:02+08:00,0.9587,104.0497,C,Cloud to Cloud,2025-12-24T18:21:49.813+08:00
2025-12-25 11:19:34,2025-12-24T18:20:00+08:00,2025-12-24T18:22:03+08:00,0.9752,104.0086,C,Cloud to Cloud,2025-12-24T18:18:15.436+08:00
2025-12-25 11:19:34,2025-12-24T18:20:00+08:00,2025-12-24T18:22:03+08:00,0.9762,104.0153,C,Cloud to Cloud,2025-12-24T18:18:15.436+08:00
2025-12-25 11:19:34,2025-12-24T18:20:00+08:00,2025-12-24T18:22:03+08:00,0.9981,104.0428,C,Cloud to Cloud,2025-12-24T18:18:45.967+08:00
2025-12-25 11:19:34,2025-12-24T18:20:00+08:00,2025-12-24T18:22:03+08:00,1.2231,103.6575,C,Cloud to Cloud,2025-12-24T18:19:07.515+08:00
2025-12-25 11:19:34,2025-12-24T18:20:00+08:00,2025-12-24T18:22:03+08:00,1.2887,103.5756,C,Cloud to Cloud,2025-12-24T18:19:38.668+08:00
2025-12-25 11:19:34,2025-12-24T18:20:00+08:00,2025-12-24T18:22:03+08:00,1.29,103.5627,C,Cloud to Cloud,2025-12-24T18:19:38.67+08:00
2025-12-25 11:19:34,2025-12-24T18:20:00+08:00,2025-12-24T18:22:03+08:00,1.2554,103.5786,C,Cloud to Cloud,2025-12-24T18:19:38.673+08:00
2025-12-25 11:19:34,2025-12-24T18:20:00+08:00,2025-12-24T18:22:03+08:00,1.2935,103.5617,C,Cloud to Cloud,2025-12-24T18:19:38.673+08:00
2025-12-25 11:19:34,2025-12-24T18:20:00+08:00,2025-12-24T18:22:03+08:00,1.2928,103.5651,C,Cloud to Cloud,2025-12-24T18:19:38.675+08:00
2025-12-25 11:19:34,2025-12-24T18:20:00+08:00,2025-12-24T18:22:03+08:00,1.2914,103.5588,C,Cloud to Cloud,2025-12-24T18:19:38.675+08:00
2025-12-25 11:19:34,2025-12-24T18:20:00+08:00,2025-12-24T18:22:03+08:00,1.2982,103.5769,C,Cloud to Cloud,2025-12-24T18:19:38.675+08:00
2025-12-25 11:19:34,2025-12-24T18:20:00+08:00,2025-12-24T18:22:03+08:00,1.2989,103.5756,C,Cloud to Cloud,2025-12-24T18:19:38.675+08:00
2025-12-25 11:19:34,2025-12-24T18:20:00+08:00,2025-12-24T18:22:03+08:00,1.3041,103.5954,C,Cloud to Cloud,2025-12-24T18:19:38.675+08:00
2025-12-25 11:19:34,2025-12-24T18:20:00+08:00,2025-12-24T18:22:03+08:00,1.3288,103.6269,C,Cloud to Cloud,2025-12-24T18:19:38.685+08:00
2025-12-25 11:19:34,2025-12-24T18:20:00+08:00,2025-12-24T18:22:03+08:00,0.9602,104.02,C,Cloud to Cloud,2025-12-24T18:19:55.518+08:00
2025-12-25 11:19:34,2025-12-24T18:20:00+08:00,2025-12-24T18:22:03+08:00,0.9602,104.02,C,Cloud to Cloud,2025-12-24T18:19:55.518+08:00
2025-12-25 11:19:34,2025-12-24T18:20:00+08:00,2025-12-24T18:22:03+08:00,0.9731,104.0018,C,Cloud to Cloud,2025-12-24T18:19:55.524+08:00
2025-12-25 11:19:34,2025-12-24T18:20:00+08:00,2025-12-24T18:22:03+08:00,0.9648,104.0301,C,Cloud to Cloud,2025-12-24T18:19:55.581+08:00
2025-12-25 11:19:34,2025-12-24T18:20:00+08:00,2025-12-24T18:22:03+08:00,0.9872,104.0233,C,Cloud to Cloud,2025-12-24T18:19:55.582+08:00
2025-12-25 11:19:34,2025-12-24T18:20:00+08:00,2025-12-24T18:22:03+08:00,0.9597,104.0305,C,Cloud to Cloud,2025-12-24T18:19:55.64+08:00
2025-12-25 11:19:34,2025-12-24T18:20:00+08:00,2025-12-24T18:22:03+08:00,0.952,104.0232,C,Cloud to Cloud,2025-12-24T18:19:55.64+08:00
2025-12-25 11:19:34,2025-12-24T18:18:00+08:00,2025-12-24T18:20:03+08:00,1.0154,104.0081,C,Cloud to Cloud,2025-12-24T18:16:26.163+08:00
2025-12-25 11:19:34,2025-12-24T18:18:00+08:00,2025-12-24T18:20:03+08:00,1.0023,104.0115,C,Cloud to Cloud,2025-12-24T18:16:26.163+08:00
2025-12-25 11:19:34,2025-12-24T18:18:00+08:00,2025-12-24T18:20:03+08:00,0.9677,104.0419,C,Cloud to Cloud,2025-12-24T18:16:26.163+08:00
2025-12-25 11:19:34,2025-12-24T18:18:00+08:00,2025-12-24T18:20:03+08:00,1.002,104.0142,C,Cloud to Cloud,2025-12-24T18:16:26.198+08:00
2025-12-25 11:19:34,2025-12-24T18:18:00+08:00,2025-12-24T18:20:03+08:00,1.0076,104.0131,C,Cloud to Cloud,2025-12-24T18:16:26.198+08:00
2025-12-25 11:19:34,2025-12-24T18:18:00+08:00,2025-12-24T18:20:03+08:00,0.953,104.0308,C,Cloud to Cloud,2025-12-24T18:16:26.199+08:00
2025-12-25 11:19:34,2025-12-24T18:18:00+08:00,2025-12-24T18:20:03+08:00,0.9683,104.0264,C,Cloud to Cloud,2025-12-24T18:16:26.199+08:00
2025-12-25 11:19:34,2025-12-24T18:18:00+08:00,2025-12-24T18:20:03+08:00,0.9598,104.0258,C,Cloud to Cloud,2025-12-24T18:17:07.179+08:00
2025-12-25 11:19:34,2025-12-24T18:18:00+08:00,2025-12-24T18:20:03+08:00,1.0174,104.0344,C,Cloud to Cloud,2025-12-24T18:17:07.18+08:00
2025-12-25 11:19:34,2025-12-24T18:18:00+08:00,2025-12-24T18:20:03+08:00,1.2849,103.6013,C,Cloud to Cloud,2025-12-24T18:17:14.524+08:00
2025-12-25 11:19:34,2025-12-24T18:18:00+08:00,2025-12-24T18:20:03+08:00,1.2898,103.5738,C,Cloud to Cloud,2025-12-24T18:17:14.524+08:00
2025-12-25 11:19:34,2025-12-24T18:18:00+08:00,2025-12-24T18:20:03+08:00,1.2905,103.5751,C,Cloud to Cloud,2025-12-24T18:17:14.524+08:00
2025-12-25 11:19:34,2025-12-24T18:18:00+08:00,2025-12-24T18:20:03+08:00,1.28,103.6015,C,Cloud to Cloud,2025-12-24T18:17:14.524+08:00
2025-12-25 11:19:34,2025-12-24T18:18:00+08:00,2025-12-24T18:20:03+08:00,1.2811,103.5855,C,Cloud to Cloud,2025-12-24T18:17:14.524+08:00
2025-12-25 11:19:34,2025-12-24T18:18:00+08:00,2025-12-24T18:20:03+08:00,1.2904,103.572,C,Cloud to Cloud,2025-12-24T18:17:14.524+08:00
2025-12-25 11:19:34,2025-12-24T18:18:00+08:00,2025-12-24T18:20:03+08:00,1.2902,103.5782,C,Cloud to Cloud,2025-12-24T18:17:14.524+08:00
2025-12-25 11:19:34,2025-12-24T18:18:00+08:00,2025-12-24T18:20:03+08:00,1.2911,103.5801,C,Cloud to Cloud,2025-12-24T18:17:14.524+08:00
2025-12-25 11:19:34,2025-12-24T18:18:00+08:00,2025-12-24T18:20:03+08:00,1.2795,103.6015,C,Cloud to Cloud,2025-12-24T18:17:14.524+08:00
2025-12-25 11:19:34,2025-12-24T18:18:00+08:00,2025-12-24T18:20:03+08:00,1.2825,103.5777,C,Cloud to Cloud,2025-12-24T18:17:14.524+08:00
2025-12-25 11:19:34,2025-12-24T18:18:00+08:00,2025-12-24T18:20:03+08:00,1.2898,103.5773,C,Cloud to Cloud,2025-12-24T18:17:14.524+08:00
2025-12-25 11:19:34,2025-12-24T18:18:00+08:00,2025-12-24T18:20:03+08:00,1.2779,103.5997,C,Cloud to Cloud,2025-12-24T18:17:14.524+08:00
2025-12-25 11:19:34,2025-12-24T18:18:00+08:00,2025-12-24T18:20:03+08:00,1.2885,103.5769,C,Cloud to Cloud,2025-12-24T18:17:14.525+08:00
2025-12-25 11:19:34,2025-12-24T18:18:00+08:00,2025-12-24T18:20:03+08:00,1.2883,103.5776,C,Cloud to Cloud,2025-12-24T18:17:14.525+08:00
2025-12-25 11:19:34,2025-12-24T18:18:00+08:00,2025-12-24T18:20:03+08:00,1.2797,103.6004,C,Cloud to Cloud,2025-12-24T18:17:14.525+08:00
2025-12-25 11:19:34,2025-12-24T18:18:00+08:00,2025-12-24T18:20:03+08:00,1.28,103.6019,C,Cloud to Cloud,2025-12-24T18:17:14.525+08:00
2025-12-25 11:19:34,2025-12-24T18:18:00+08:00,2025-12-24T18:20:03+08:00,1.286,103.5777,C,Cloud to Cloud,2025-12-24T18:17:14.525+08:00
2025-12-25 11:19:34,2025-12-24T18:18:00+08:00,2025-12-24T18:20:03+08:00,1.2896,103.5821,C,Cloud to Cloud,2025-12-24T18:17:14.525+08:00
2025-12-25 11:19:34,2025-12-24T18:18:00+08:00,2025-12-24T18:20:03+08:00,1.2843,103.5761,C,Cloud to Cloud,2025-12-24T18:17:14.525+08:00
2025-12-25 11:19:34,2025-12-24T18:18:00+08:00,2025-12-24T18:20:03+08:00,1.2874,103.5789,C,Cloud to Cloud,2025-12-24T18:17:14.525+08:00
2025-12-25 11:19:34,2025-12-24T18:18:00+08:00,2025-12-24T18:20:03+08:00,1.2868,103.5775,C,Cloud to Cloud,2025-12-24T18:17:14.525+08:00
2025-12-25 11:19:34,2025-12-24T18:18:00+08:00,2025-12-24T18:20:03+08:00,1.2887,103.5807,C,Cloud to Cloud,2025-12-24T18:17:14.525+08:00
2025-12-25 11:19:34,2025-12-24T18:18:00+08:00,2025-12-24T18:20:03+08:00,1.2864,103.5787,C,Cloud to Cloud,2025-12-24T18:17:14.525+08:00
2025-12-25 11:19:34,2025-12-24T18:18:00+08:00,2025-12-24T18:20:03+08:00,1.2881,103.5788,C,Cloud to Cloud,2025-12-24T18:17:14.525+08:00
2025-12-25 11:19:34,2025-12-24T18:18:00+08:00,2025-12-24T18:20:03+08:00,1.2885,103.5804,C,Cloud to Cloud,2025-12-24T18:17:14.526+08:00
2025-12-25 11:19:34,2025-12-24T18:18:00+08:00,2025-12-24T18:20:03+08:00,1.2892,103.5811,C,Cloud to Cloud,2025-12-24T18:17:14.526+08:00
2025-12-25 11:19:34,2025-12-24T18:18:00+08:00,2025-12-24T18:20:03+08:00,1.2879,103.5802,C,Cloud to Cloud,2025-12-24T18:17:14.526+08:00
2025-12-25 11:19:34,2025-12-24T18:18:00+08:00,2025-12-24T18:20:03+08:00,1.2747,103.5626,C,Cloud to Cloud,2025-12-24T18:17:14.526+08:00
2025-12-25 11:19:34,2025-12-24T18:18:00+08:00,2025-12-24T18:20:03+08:00,1.2881,103.5785,C,Cloud to Cloud,2025-12-24T18:17:14.526+08:00
2025-12-25 11:19:34,2025-12-24T18:18:00+08:00,2025-12-24T18:20:03+08:00,1.2739,103.5643,C,Cloud to Cloud,2025-12-24T18:17:14.526+08:00
2025-12-25 11:19:34,2025-12-24T18:18:00+08:00,2025-12-24T18:20:03+08:00,1.2847,103.5294,C,Cloud to Cloud,2025-12-24T18:17:14.526+08:00
2025-12-25 11:19:34,2025-12-24T18:18:00+08:00,2025-12-24T18:20:03+08:00,1.2708,103.5569,C,Cloud to Cloud,2025-12-24T18:17:14.527+08:00
2025-12-25 11:19:34,2025-12-24T18:18:00+08:00,2025-12-24T18:20:03+08:00,1.2895,103.5821,C,Cloud to Cloud,2025-12-24T18:17:14.527+08:00
2025-12-25 11:19:34,2025-12-24T18:18:00+08:00,2025-12-24T18:20:03+08:00,1.2728,103.5606,C,Cloud to Cloud,2025-12-24T18:17:14.527+08:00
2025-12-25 11:19:34,2025-12-24T18:18:00+08:00,2025-12-24T18:20:03+08:00,1.2742,103.5626,C,Cloud to Cloud,2025-12-24T18:17:14.527+08:00
2025-12-25 11:19:34,2025-12-24T18:18:00+08:00,2025-12-24T18:20:03+08:00,1.2706,103.5566,C,Cloud to Cloud,2025-12-24T18:17:14.527+08:00
2025-12-25 11:19:34,2025-12-24T18:18:00+08:00,2025-12-24T18:20:03+08:00,1.2697,103.556,C,Cloud to Cloud,2025-12-24T18:17:14.527+08:00
2025-12-25 11:19:34,2025-12-24T18:18:00+08:00,2025-12-24T18:20:03+08:00,1.2775,103.5668,C,Cloud to Cloud,2025-12-24T18:17:14.527+08:00
2025-12-25 11:19:34,2025-12-24T18:18:00+08:00,2025-12-24T18:20:03+08:00,1.2783,103.5695,C,Cloud to Cloud,2025-12-24T18:17:14.527+08:00
2025-12-25 11:19:34,2025-12-24T18:18:00+08:00,2025-12-24T18:20:03+08:00,1.2724,103.5595,C,Cloud to Cloud,2025-12-24T18:17:14.528+08:00
2025-12-25 11:19:34,2025-12-24T18:18:00+08:00,2025-12-24T18:20:03+08:00,1.2776,103.5657,C,Cloud to Cloud,2025-12-24T18:17:14.528+08:00
2025-12-25 11:19:34,2025-12-24T18:18:00+08:00,2025-12-24T18:20:03+08:00,1.2735,103.5618,C,Cloud to Cloud,2025-12-24T18:17:14.528+08:00
2025-12-25 11:19:34,2025-12-24T18:18:00+08:00,2025-12-24T18:20:03+08:00,1.2734,103.5614,C,Cloud to Cloud,2025-12-24T18:17:14.528+08:00
2025-12-25 11:19:34,2025-12-24T18:18:00+08:00,2025-12-24T18:20:03+08:00,1.2786,103.5694,C,Cloud to Cloud,2025-12-24T18:17:14.528+08:00
2025-12-25 11:19:34,2025-12-24T18:18:00+08:00,2025-12-24T18:20:03+08:00,1.2731,103.5618,C,Cloud to Cloud,2025-12-24T18:17:14.528+08:00
2025-12-25 11:19:34,2025-12-24T18:18:00+08:00,2025-12-24T18:20:03+08:00,1.2729,103.5589,C,Cloud to Cloud,2025-12-24T18:17:14.528+08:00
2025-12-25 11:19:34,2025-12-24T18:18:00+08:00,2025-12-24T18:20:03+08:00,1.2738,103.5614,C,Cloud to Cloud,2025-12-24T18:17:14.528+08:00
2025-12-25 11:19:34,2025-12-24T18:18:00+08:00,2025-12-24T18:20:03+08:00,1.2747,103.5626,C,Cloud to Cloud,2025-12-24T18:17:14.529+08:00
2025-12-25 11:19:34,2025-12-24T18:18:00+08:00,2025-12-24T18:20:03+08:00,1.2733,103.5597,C,Cloud to Cloud,2025-12-24T18:17:14.529+08:00
2025-12-25 11:19:34,2025-12-24T18:18:00+08:00,2025-12-24T18:20:03+08:00,1.285,103.5759,C,Cloud to Cloud,2025-12-24T18:17:14.529+08:00
2025-12-25 11:19:34,2025-12-24T18:18:00+08:00,2025-12-24T18:20:03+08:00,1.2814,103.6074,C,Cloud to Cloud,2025-12-24T18:17:14.529+08:00
2025-12-25 11:19:34,2025-12-24T18:18:00+08:00,2025-12-24T18:20:03+08:00,1.2813,103.613,C,Cloud to Cloud,2025-12-24T18:17:14.53+08:00
2025-12-25 11:19:34,2025-12-24T18:18:00+08:00,2025-12-24T18:20:03+08:00,1.283,103.5752,C,Cloud to Cloud,2025-12-24T18:17:14.53+08:00
2025-12-25 11:19:34,2025-12-24T18:18:00+08:00,2025-12-24T18:20:03+08:00,1.2816,103.6058,C,Cloud to Cloud,2025-12-24T18:17:14.53+08:00
2025-12-25 11:19:34,2025-12-24T18:18:00+08:00,2025-12-24T18:20:03+08:00,1.2836,103.5688,C,Cloud to Cloud,2025-12-24T18:17:14.531+08:00
2025-12-25 11:19:34,2025-12-24T18:18:00+08:00,2025-12-24T18:20:03+08:00,1.2784,103.5889,C,Cloud to Cloud,2025-12-24T18:17:14.538+08:00
2025-12-25 11:19:34,2025-12-24T18:18:00+08:00,2025-12-24T18:20:03+08:00,1.2786,103.5906,C,Cloud to Cloud,2025-12-24T18:17:14.538+08:00
2025-12-25 11:19:34,2025-12-24T18:18:00+08:00,2025-12-24T18:20:03+08:00,1.2796,103.5906,C,Cloud to Cloud,2025-12-24T18:17:14.538+08:00
2025-12-25 11:19:34,2025-12-24T18:18:00+08:00,2025-12-24T18:20:03+08:00,1.2788,103.5858,C,Cloud to Cloud,2025-12-24T18:17:14.538+08:00
2025-12-25 11:19:34,2025-12-24T18:18:00+08:00,2025-12-24T18:20:03+08:00,1.2798,103.5865,C,Cloud to Cloud,2025-12-24T18:17:14.538+08:00
2025-12-25 11:19:34,2025-12-24T18:18:00+08:00,2025-12-24T18:20:03+08:00,1.2788,103.592,C,Cloud to Cloud,2025-12-24T18:17:14.538+08:00
2025-12-25 11:19:34,2025-12-24T18:18:00+08:00,2025-12-24T18:20:03+08:00,1.2779,103.5938,C,Cloud to Cloud,2025-12-24T18:17:14.538+08:00
2025-12-25 11:19:34,2025-12-24T18:18:00+08:00,2025-12-24T18:20:03+08:00,1.2798,103.5916,C,Cloud to Cloud,2025-12-24T18:17:14.538+08:00
2025-12-25 11:19:34,2025-12-24T18:18:00+08:00,2025-12-24T18:20:03+08:00,1.2784,103.5898,C,Cloud to Cloud,2025-12-24T18:17:14.538+08:00
2025-12-25 11:19:34,2025-12-24T18:18:00+08:00,2025-12-24T18:20:03+08:00,1.2794,103.5962,C,Cloud to Cloud,2025-12-24T18:17:14.538+08:00
2025-12-25 11:19:34,2025-12-24T18:18:00+08:00,2025-12-24T18:20:03+08:00,1.2784,103.5909,C,Cloud to Cloud,2025-12-24T18:17:14.539+08:00
2025-12-25 11:19:34,2025-12-24T18:18:00+08:00,2025-12-24T18:20:03+08:00,1.279,103.5848,C,Cloud to Cloud,2025-12-24T18:17:14.539+08:00
2025-12-25 11:19:34,2025-12-24T18:18:00+08:00,2025-12-24T18:20:03+08:00,1.2794,103.5854,C,Cloud to Cloud,2025-12-24T18:17:14.539+08:00
2025-12-25 11:19:34,2025-12-24T18:18:00+08:00,2025-12-24T18:20:03+08:00,1.2791,103.5874,C,Cloud to Cloud,2025-12-24T18:17:14.539+08:00
2025-12-25 11:19:34,2025-12-24T18:18:00+08:00,2025-12-24T18:20:03+08:00,1.2796,103.5906,C,Cloud to Cloud,2025-12-24T18:17:14.539+08:00
2025-12-25 11:19:34,2025-12-24T18:18:00+08:00,2025-12-24T18:20:03+08:00,1.28,103.5899,C,Cloud to Cloud,2025-12-24T18:17:14.539+08:00
2025-12-25 11:19:34,2025-12-24T18:18:00+08:00,2025-12-24T18:20:03+08:00,1.2785,103.5934,C,Cloud to Cloud,2025-12-24T18:17:14.539+08:00
2025-12-25 11:19:34,2025-12-24T18:18:00+08:00,2025-12-24T18:20:03+08:00,1.2794,103.5885,C,Cloud to Cloud,2025-12-24T18:17:14.539+08:00
2025-12-25 11:19:34,2025-12-24T18:18:00+08:00,2025-12-24T18:20:03+08:00,1.2793,103.5877,C,Cloud to Cloud,2025-12-24T18:17:14.539+08:00
2025-12-25 11:19:34,2025-12-24T18:18:00+08:00,2025-12-24T18:20:03+08:00,1.2796,103.5906,C,Cloud to Cloud,2025-12-24T18:17:14.539+08:00
2025-12-25 11:19:34,2025-12-24T18:18:00+08:00,2025-12-24T18:20:03+08:00,1.2785,103.5904,C,Cloud to Cloud,2025-12-24T18:17:14.54+08:00
2025-12-25 11:19:34,2025-12-24T18:18:00+08:00,2025-12-24T18:20:03+08:00,1.2788,103.592,C,Cloud to Cloud,2025-12-24T18:17:14.54+08:00
2025-12-25 11:19:34,2025-12-24T18:18:00+08:00,2025-12-24T18:20:03+08:00,1.2792,103.593,C,Cloud to Cloud,2025-12-24T18:17:14.54+08:00
2025-12-25 11:19:34,2025-12-24T18:18:00+08:00,2025-12-24T18:20:03+08:00,1.2789,103.5834,C,Cloud to Cloud,2025-12-24T18:17:14.54+08:00
2025-12-25 11:19:34,2025-12-24T18:18:00+08:00,2025-12-24T18:20:03+08:00,1.2805,103.582,C,Cloud to Cloud,2025-12-24T18:17:14.54+08:00
2025-12-25 11:19:34,2025-12-24T18:18:00+08:00,2025-12-24T18:20:03+08:00,1.2682,103.5891,G,Cloud to Ground,2025-12-24T18:17:14.54+08:00
2025-12-25 11:19:34,2025-12-24T18:18:00+08:00,2025-12-24T18:20:03+08:00,1.2737,103.592,C,Cloud to Cloud,2025-12-24T18:17:14.54+08:00
2025-12-25 11:19:34,2025-12-24T18:18:00+08:00,2025-12-24T18:20:03+08:00,1.2768,103.5768,C,Cloud to Cloud,2025-12-24T18:17:14.54+08:00
2025-12-25 11:19:34,2025-12-24T18:18:00+08:00,2025-12-24T18:20:03+08:00,1.2781,103.5962,C,Cloud to Cloud,2025-12-24T18:17:14.54+08:00
2025-12-25 11:19:34,2025-12-24T18:18:00+08:00,2025-12-24T18:20:03+08:00,1.2782,103.5752,C,Cloud to Cloud,2025-12-24T18:17:14.54+08:00
2025-12-25 11:19:34,2025-12-24T18:18:00+08:00,2025-12-24T18:20:03+08:00,1.2907,103.5791,C,Cloud to Cloud,2025-12-24T18:17:14.56+08:00
2025-12-25 11:19:34,2025-12-24T18:18:00+08:00,2025-12-24T18:20:03+08:00,1.289,103.5948,C,Cloud to Cloud,2025-12-24T18:17:14.56+08:00
2025-12-25 11:19:34,2025-12-24T18:18:00+08:00,2025-12-24T18:20:03+08:00,1.2869,103.5644,C,Cloud to Cloud,2025-12-24T18:17:14.561+08:00
2025-12-25 11:19:34,2025-12-24T18:18:00+08:00,2025-12-24T18:20:03+08:00,1.2842,103.5591,C,Cloud to Cloud,2025-12-24T18:17:14.574+08:00
2025-12-25 11:19:34,2025-12-24T18:18:00+08:00,2025-12-24T18:20:03+08:00,1.2723,103.5443,C,Cloud to Cloud,2025-12-24T18:17:14.574+08:00
2025-12-25 11:19:34,2025-12-24T18:18:00+08:00,2025-12-24T18:20:03+08:00,1.283,103.5773,C,Cloud to Cloud,2025-12-24T18:17:14.574+08:00
2025-12-25 11:19:34,2025-12-24T18:18:00+08:00,2025-12-24T18:20:03+08:00,1.281,103.5537,C,Cloud to Cloud,2025-12-24T18:17:14.575+08:00
2025-12-25 11:19:34,2025-12-24T18:18:00+08:00,2025-12-24T18:20:03+08:00,1.2802,103.564,C,Cloud to Cloud,2025-12-24T18:17:14.575+08:00
2025-12-25 11:19:34,2025-12-24T18:18:00+08:00,2025-12-24T18:20:03+08:00,1.3047,103.5921,C,Cloud to Cloud,2025-12-24T18:17:14.575+08:00
2025-12-25 11:19:34,2025-12-24T18:18:00+08:00,2025-12-24T18:20:03+08:00,1.2786,103.5533,C,Cloud to Cloud,2025-12-24T18:17:14.593+08:00
2025-12-25 11:19:34,2025-12-24T18:18:00+08:00,2025-12-24T18:20:03+08:00,1.288,103.5676,C,Cloud to Cloud,2025-12-24T18:17:14.593+08:00
2025-12-25 11:19:34,2025-12-24T18:18:00+08:00,2025-12-24T18:20:03+08:00,1.2776,103.5561,C,Cloud to Cloud,2025-12-24T18:17:14.593+08:00
2025-12-25 11:19:34,2025-12-24T18:18:00+08:00,2025-12-24T18:20:03+08:00,1.2867,103.5617,C,Cloud to Cloud,2025-12-24T18:17:14.593+08:00
2025-12-25 11:19:34,2025-12-24T18:18:00+08:00,2025-12-24T18:20:03+08:00,1.2838,103.5582,C,Cloud to Cloud,2025-12-24T18:17:14.593+08:00
2025-12-25 11:19:34,2025-12-24T18:18:00+08:00,2025-12-24T18:20:03+08:00,1.2761,103.5633,C,Cloud to Cloud,2025-12-24T18:17:14.626+08:00
2025-12-25 11:19:34,2025-12-24T18:18:00+08:00,2025-12-24T18:20:03+08:00,1.265,103.574,G,Cloud to Ground,2025-12-24T18:17:14.626+08:00
2025-12-25 11:19:34,2025-12-24T18:18:00+08:00,2025-12-24T18:20:03+08:00,1.2915,103.5766,C,Cloud to Cloud,2025-12-24T18:17:14.626+08:00
2025-12-25 11:19:34,2025-12-24T18:18:00+08:00,2025-12-24T18:20:03+08:00,1.2692,103.5589,G,Cloud to Ground,2025-12-24T18:17:14.628+08:00
2025-12-25 11:19:34,2025-12-24T18:18:00+08:00,2025-12-24T18:20:03+08:00,1.2392,103.593,C,Cloud to Cloud,2025-12-24T18:17:14.668+08:00
2025-12-25 11:19:34,2025-12-24T18:18:00+08:00,2025-12-24T18:20:03+08:00,0.9528,104.022,C,Cloud to Cloud,2025-12-24T18:17:40.534+08:00
2025-12-25 11:19:34,2025-12-24T18:16:00+08:00,2025-12-24T18:18:02+08:00,1.2841,103.5518,C,Cloud to Cloud,2025-12-24T18:14:04.015+08:00
2025-12-25 11:19:34,2025-12-24T18:16:00+08:00,2025-12-24T18:18:02+08:00,1.3043,103.5981,C,Cloud to Cloud,2025-12-24T18:14:04.017+08:00
2025-12-25 11:19:34,2025-12-24T18:16:00+08:00,2025-12-24T18:18:02+08:00,1.287,103.5462,C,Cloud to Cloud,2025-12-24T18:14:04.017+08:00
2025-12-25 11:19:34,2025-12-24T18:16:00+08:00,2025-12-24T18:18:02+08:00,1.2978,103.5401,C,Cloud to Cloud,2025-12-24T18:14:04.018+08:00
2025-12-25 11:19:34,2025-12-24T18:16:00+08:00,2025-12-24T18:18:02+08:00,1.2952,103.6091,C,Cloud to Cloud,2025-12-24T18:14:04.018+08:00
2025-12-25 11:19:34,2025-12-24T18:16:00+08:00,2025-12-24T18:18:02+08:00,1.2913,103.5459,C,Cloud to Cloud,2025-12-24T18:14:04.018+08:00
2025-12-25 11:19:34,2025-12-24T18:16:00+08:00,2025-12-24T18:18:02+08:00,1.2602,103.5658,C,Cloud to Cloud,2025-12-24T18:14:04.037+08:00
2025-12-25 11:19:34,2025-12-24T18:16:00+08:00,2025-12-24T18:18:02+08:00,1.293,103.5736,C,Cloud to Cloud,2025-12-24T18:14:04.037+08:00
2025-12-25 11:19:34,2025-12-24T18:16:00+08:00,2025-12-24T18:18:02+08:00,1.2942,103.5681,C,Cloud to Cloud,2025-12-24T18:14:04.159+08:00
2025-12-25 11:19:34,2025-12-24T18:16:00+08:00,2025-12-24T18:18:02+08:00,1.2931,103.5752,C,Cloud to Cloud,2025-12-24T18:14:04.16+08:00
2025-12-25 11:19:34,2025-12-24T18:16:00+08:00,2025-12-24T18:18:02+08:00,1.2959,103.5783,C,Cloud to Cloud,2025-12-24T18:14:04.16+08:00
2025-12-25 11:19:34,2025-12-24T18:16:00+08:00,2025-12-24T18:18:02+08:00,1.3117,103.6006,C,Cloud to Cloud,2025-12-24T18:14:04.16+08:00
2025-12-25 11:19:34,2025-12-24T18:16:00+08:00,2025-12-24T18:18:02+08:00,1.2949,103.5729,C,Cloud to Cloud,2025-12-24T18:14:04.16+08:00
2025-12-25 11:19:34,2025-12-24T18:16:00+08:00,2025-12-24T18:18:02+08:00,1.2908,103.5719,C,Cloud to Cloud,2025-12-24T18:14:04.16+08:00
2025-12-25 11:19:34,2025-12-24T18:16:00+08:00,2025-12-24T18:18:02+08:00,1.2798,103.5582,C,Cloud to Cloud,2025-12-24T18:14:04.211+08:00
2025-12-25 11:19:34,2025-12-24T18:16:00+08:00,2025-12-24T18:18:02+08:00,1.2794,103.5565,C,Cloud to Cloud,2025-12-24T18:14:04.211+08:00
2025-12-25 11:19:34,2025-12-24T18:16:00+08:00,2025-12-24T18:18:02+08:00,1.2965,103.5762,C,Cloud to Cloud,2025-12-24T18:14:04.212+08:00
2025-12-25 11:19:34,2025-12-24T18:16:00+08:00,2025-12-24T18:18:02+08:00,1.2936,103.5706,C,Cloud to Cloud,2025-12-24T18:14:04.212+08:00
2025-12-25 11:19:34,2025-12-24T18:16:00+08:00,2025-12-24T18:18:02+08:00,1.356,103.6139,C,Cloud to Cloud,2025-12-24T18:14:04.212+08:00
2025-12-25 11:19:34,2025-12-24T18:16:00+08:00,2025-12-24T18:18:02+08:00,1.2871,103.58,C,Cloud to Cloud,2025-12-24T18:14:35.632+08:00
2025-12-25 11:19:34,2025-12-24T18:16:00+08:00,2025-12-24T18:18:02+08:00,1.2894,103.5885,C,Cloud to Cloud,2025-12-24T18:14:35.633+08:00
2025-12-25 11:19:34,2025-12-24T18:16:00+08:00,2025-12-24T18:18:02+08:00,1.2933,103.5714,C,Cloud to Cloud,2025-12-24T18:14:35.633+08:00
2025-12-25 11:19:34,2025-12-24T18:16:00+08:00,2025-12-24T18:18:02+08:00,1.2895,103.5789,C,Cloud to Cloud,2025-12-24T18:14:35.633+08:00
2025-12-25 11:19:34,2025-12-24T18:16:00+08:00,2025-12-24T18:18:02+08:00,1.2853,103.56,C,Cloud to Cloud,2025-12-24T18:14:35.633+08:00
2025-12-25 11:19:34,2025-12-24T18:16:00+08:00,2025-12-24T18:18:02+08:00,1.2887,103.5914,C,Cloud to Cloud,2025-12-24T18:14:35.633+08:00
2025-12-25 11:19:34,2025-12-24T18:16:00+08:00,2025-12-24T18:18:02+08:00,1.2911,103.5723,C,Cloud to Cloud,2025-12-24T18:14:35.633+08:00
2025-12-25 11:19:34,2025-12-24T18:16:00+08:00,2025-12-24T18:18:02+08:00,1.2912,103.567,C,Cloud to Cloud,2025-12-24T18:14:35.633+08:00
2025-12-25 11:19:34,2025-12-24T18:16:00+08:00,2025-12-24T18:18:02+08:00,1.2909,103.5675,C,Cloud to Cloud,2025-12-24T18:14:35.634+08:00
2025-12-25 11:19:34,2025-12-24T18:16:00+08:00,2025-12-24T18:18:02+08:00,1.2882,103.5935,C,Cloud to Cloud,2025-12-24T18:14:35.634+08:00
2025-12-25 11:19:34,2025-12-24T18:16:00+08:00,2025-12-24T18:18:02+08:00,1.288,103.5932,C,Cloud to Cloud,2025-12-24T18:14:35.634+08:00
2025-12-25 11:19:34,2025-12-24T18:16:00+08:00,2025-12-24T18:18:02+08:00,1.2824,103.55,C,Cloud to Cloud,2025-12-24T18:14:35.634+08:00
2025-12-25 11:19:34,2025-12-24T18:16:00+08:00,2025-12-24T18:18:02+08:00,1.2796,103.5384,C,Cloud to Cloud,2025-12-24T18:14:35.634+08:00
2025-12-25 11:19:34,2025-12-24T18:16:00+08:00,2025-12-24T18:18:02+08:00,1.2865,103.5964,C,Cloud to Cloud,2025-12-24T18:14:35.634+08:00
2025-12-25 11:19:34,2025-12-24T18:16:00+08:00,2025-12-24T18:18:02+08:00,1.2939,103.5621,C,Cloud to Cloud,2025-12-24T18:14:35.634+08:00
2025-12-25 11:19:34,2025-12-24T18:16:00+08:00,2025-12-24T18:18:02+08:00,1.2792,103.541,C,Cloud to Cloud,2025-12-24T18:14:35.635+08:00
2025-12-25 11:19:34,2025-12-24T18:16:00+08:00,2025-12-24T18:18:02+08:00,1.2807,103.5509,C,Cloud to Cloud,2025-12-24T18:14:35.635+08:00
2025-12-25 11:19:34,2025-12-24T18:16:00+08:00,2025-12-24T18:18:02+08:00,1.2797,103.5431,C,Cloud to Cloud,2025-12-24T18:14:35.635+08:00
2025-12-25 11:19:34,2025-12-24T18:16:00+08:00,2025-12-24T18:18:02+08:00,1.2709,103.5665,G,Cloud to Ground,2025-12-24T18:14:35.666+08:00
2025-12-25 11:19:34,2025-12-24T18:16:00+08:00,2025-12-24T18:18:02+08:00,1.2753,103.5604,C,Cloud to Cloud,2025-12-24T18:14:35.666+08:00
2025-12-25 11:19:34,2025-12-24T18:16:00+08:00,2025-12-24T18:18:02+08:00,1.2848,103.572,C,Cloud to Cloud,2025-12-24T18:14:35.666+08:00
2025-12-25 11:19:34,2025-12-24T18:16:00+08:00,2025-12-24T18:18:02+08:00,1.2876,103.561,C,Cloud to Cloud,2025-12-24T18:14:35.666+08:00
2025-12-25 11:19:34,2025-12-24T18:16:00+08:00,2025-12-24T18:18:02+08:00,1.2868,103.5729,C,Cloud to Cloud,2025-12-24T18:14:35.689+08:00
2025-12-25 11:19:34,2025-12-24T18:16:00+08:00,2025-12-24T18:18:02+08:00,1.29,103.5759,C,Cloud to Cloud,2025-12-24T18:14:35.689+08:00
2025-12-25 11:19:34,2025-12-24T18:16:00+08:00,2025-12-24T18:18:02+08:00,1.2861,103.5803,C,Cloud to Cloud,2025-12-24T18:14:35.689+08:00
2025-12-25 11:19:34,2025-12-24T18:16:00+08:00,2025-12-24T18:18:02+08:00,1.282,103.5753,C,Cloud to Cloud,2025-12-24T18:14:35.712+08:00
2025-12-25 11:19:34,2025-12-24T18:16:00+08:00,2025-12-24T18:18:02+08:00,1.2902,103.5566,C,Cloud to Cloud,2025-12-24T18:14:35.712+08:00
2025-12-25 11:19:34,2025-12-24T18:16:00+08:00,2025-12-24T18:18:02+08:00,1.3081,103.5891,C,Cloud to Cloud,2025-12-24T18:14:35.712+08:00
2025-12-25 11:19:34,2025-12-24T18:16:00+08:00,2025-12-24T18:18:02+08:00,1.2763,103.5621,C,Cloud to Cloud,2025-12-24T18:14:35.712+08:00
2025-12-25 11:19:34,2025-12-24T18:16:00+08:00,2025-12-24T18:18:02+08:00,1.3092,103.5823,C,Cloud to Cloud,2025-12-24T18:14:35.712+08:00
2025-12-25 11:19:34,2025-12-24T18:16:00+08:00,2025-12-24T18:18:02+08:00,1.2654,103.5324,C,Cloud to Cloud,2025-12-24T18:14:35.712+08:00
2025-12-25 11:19:34,2025-12-24T18:16:00+08:00,2025-12-24T18:18:02+08:00,1.2713,103.5642,G,Cloud to Ground,2025-12-24T18:14:35.713+08:00
2025-12-25 11:19:34,2025-12-24T18:16:00+08:00,2025-12-24T18:18:02+08:00,1.2854,103.567,C,Cloud to Cloud,2025-12-24T18:14:35.763+08:00
2025-12-25 11:19:34,2025-12-24T18:16:00+08:00,2025-12-24T18:18:02+08:00,1.2896,103.5729,C,Cloud to Cloud,2025-12-24T18:14:35.763+08:00
2025-12-25 11:19:34,2025-12-24T18:16:00+08:00,2025-12-24T18:18:02+08:00,1.2782,103.5654,C,Cloud to Cloud,2025-12-24T18:14:35.855+08:00
2025-12-25 11:19:34,2025-12-24T18:16:00+08:00,2025-12-24T18:18:02+08:00,1.2873,103.5809,C,Cloud to Cloud,2025-12-24T18:14:35.855+08:00
2025-12-25 11:19:34,2025-12-24T18:16:00+08:00,2025-12-24T18:18:02+08:00,1.2887,103.5736,C,Cloud to Cloud,2025-12-24T18:14:35.855+08:00
2025-12-25 11:19:34,2025-12-24T18:16:00+08:00,2025-12-24T18:18:02+08:00,1.2732,103.5516,C,Cloud to Cloud,2025-12-24T18:14:35.855+08:00
2025-12-25 11:19:34,2025-12-24T18:16:00+08:00,2025-12-24T18:18:02+08:00,1.2811,103.5644,C,Cloud to Cloud,2025-12-24T18:14:35.856+08:00
2025-12-25 11:19:34,2025-12-24T18:16:00+08:00,2025-12-24T18:18:02+08:00,1.2756,103.5618,C,Cloud to Cloud,2025-12-24T18:14:35.856+08:00
2025-12-25 11:19:34,2025-12-24T18:16:00+08:00,2025-12-24T18:18:02+08:00,1.2719,103.5658,G,Cloud to Ground,2025-12-24T18:14:35.856+08:00
2025-12-25 11:19:34,2025-12-24T18:16:00+08:00,2025-12-24T18:18:02+08:00,1.2849,103.5628,C,Cloud to Cloud,2025-12-24T18:14:35.856+08:00
2025-12-25 11:19:34,2025-12-24T18:16:00+08:00,2025-12-24T18:18:02+08:00,1.2906,103.5831,C,Cloud to Cloud,2025-12-24T18:14:35.856+08:00
2025-12-25 11:19:34,2025-12-24T18:16:00+08:00,2025-12-24T18:18:02+08:00,1.3039,103.5875,C,Cloud to Cloud,2025-12-24T18:14:35.857+08:00
2025-12-25 11:19:34,2025-12-24T18:16:00+08:00,2025-12-24T18:18:02+08:00,1.2937,103.5981,C,Cloud to Cloud,2025-12-24T18:14:35.857+08:00
2025-12-25 11:19:34,2025-12-24T18:16:00+08:00,2025-12-24T18:18:02+08:00,1.2969,103.5603,C,Cloud to Cloud,2025-12-24T18:15:37.697+08:00
2025-12-25 11:19:34,2025-12-24T18:16:00+08:00,2025-12-24T18:18:02+08:00,1.2776,103.5502,C,Cloud to Cloud,2025-12-24T18:15:37.697+08:00
2025-12-25 11:19:34,2025-12-24T18:16:00+08:00,2025-12-24T18:18:02+08:00,1.3123,103.5392,C,Cloud to Cloud,2025-12-24T18:15:37.699+08:00
2025-12-25 11:19:34,2025-12-24T18:16:00+08:00,2025-12-24T18:18:02+08:00,1.3024,103.5799,C,Cloud to Cloud,2025-12-24T18:15:37.724+08:00
2025-12-25 11:19:34,2025-12-24T18:16:00+08:00,2025-12-24T18:18:02+08:00,1.269,103.6129,C,Cloud to Cloud,2025-12-24T18:15:37.769+08:00
2025-12-25 11:19:34,2025-12-24T18:14:00+08:00,2025-12-24T18:16:02+08:00,1.2861,103.5624,C,Cloud to Cloud,2025-12-24T18:12:04.055+08:00
2025-12-25 11:19:34,2025-12-24T18:14:00+08:00,2025-12-24T18:16:02+08:00,1.2974,103.5644,C,Cloud to Cloud,2025-12-24T18:12:04.055+08:00
2025-12-25 11:19:34,2025-12-24T18:14:00+08:00,2025-12-24T18:16:02+08:00,1.2833,103.5428,C,Cloud to Cloud,2025-12-24T18:12:04.055+08:00
2025-12-25 11:19:34,2025-12-24T18:14:00+08:00,2025-12-24T18:16:02+08:00,1.2812,103.5558,C,Cloud to Cloud,2025-12-24T18:12:04.055+08:00
2025-12-25 11:19:34,2025-12-24T18:14:00+08:00,2025-12-24T18:16:02+08:00,1.2797,103.5378,C,Cloud to Cloud,2025-12-24T18:12:04.055+08:00
2025-12-25 11:19:34,2025-12-24T18:14:00+08:00,2025-12-24T18:16:02+08:00,1.2327,103.553,C,Cloud to Cloud,2025-12-24T18:12:04.055+08:00
2025-12-25 11:19:34,2025-12-24T18:14:00+08:00,2025-12-24T18:16:02+08:00,1.2903,103.5709,C,Cloud to Cloud,2025-12-24T18:12:04.056+08:00
2025-12-25 11:19:34,2025-12-24T18:14:00+08:00,2025-12-24T18:16:02+08:00,1.2913,103.5704,C,Cloud to Cloud,2025-12-24T18:12:04.056+08:00
2025-12-25 11:19:34,2025-12-24T18:14:00+08:00,2025-12-24T18:16:02+08:00,1.3028,103.565,C,Cloud to Cloud,2025-12-24T18:12:04.056+08:00
2025-12-25 11:19:34,2025-12-24T18:14:00+08:00,2025-12-24T18:16:02+08:00,1.2925,103.5742,C,Cloud to Cloud,2025-12-24T18:12:04.056+08:00
2025-12-25 11:19:34,2025-12-24T18:14:00+08:00,2025-12-24T18:16:02+08:00,1.3287,103.526,C,Cloud to Cloud,2025-12-24T18:12:04.057+08:00
2025-12-25 11:19:34,2025-12-24T18:14:00+08:00,2025-12-24T18:16:02+08:00,1.2892,103.5902,C,Cloud to Cloud,2025-12-24T18:12:04.058+08:00
2025-12-25 11:19:34,2025-12-24T18:14:00+08:00,2025-12-24T18:16:02+08:00,1.2685,103.6105,C,Cloud to Cloud,2025-12-24T18:12:04.061+08:00
2025-12-25 11:19:34,2025-12-24T18:14:00+08:00,2025-12-24T18:16:02+08:00,1.2909,103.5613,C,Cloud to Cloud,2025-12-24T18:12:04.07+08:00
2025-12-25 11:19:34,2025-12-24T18:14:00+08:00,2025-12-24T18:16:02+08:00,1.2734,103.5791,C,Cloud to Cloud,2025-12-24T18:12:04.07+08:00
2025-12-25 11:19:34,2025-12-24T18:14:00+08:00,2025-12-24T18:16:02+08:00,1.2853,103.5327,C,Cloud to Cloud,2025-12-24T18:12:52.47+08:00
2025-12-25 11:19:34,2025-12-24T18:14:00+08:00,2025-12-24T18:16:02+08:00,1.2932,103.5833,C,Cloud to Cloud,2025-12-24T18:13:11.034+08:00
2025-12-25 11:19:34,2025-12-24T18:14:00+08:00,2025-12-24T18:16:02+08:00,1.2934,103.5803,C,Cloud to Cloud,2025-12-24T18:13:11.034+08:00
2025-12-25 11:19:34,2025-12-24T18:14:00+08:00,2025-12-24T18:16:02+08:00,1.2893,103.568,C,Cloud to Cloud,2025-12-24T18:13:11.034+08:00
2025-12-25 11:19:34,2025-12-24T18:14:00+08:00,2025-12-24T18:16:02+08:00,1.2953,103.5743,C,Cloud to Cloud,2025-12-24T18:13:11.034+08:00
2025-12-25 11:19:34,2025-12-24T18:14:00+08:00,2025-12-24T18:16:02+08:00,1.2909,103.578,C,Cloud to Cloud,2025-12-24T18:13:11.034+08:00
2025-12-25 11:19:34,2025-12-24T18:14:00+08:00,2025-12-24T18:16:02+08:00,1.2922,103.5725,C,Cloud to Cloud,2025-12-24T18:13:11.034+08:00
2025-12-25 11:19:34,2025-12-24T18:14:00+08:00,2025-12-24T18:16:02+08:00,1.2949,103.5772,C,Cloud to Cloud,2025-12-24T18:13:11.034+08:00
2025-12-25 11:19:34,2025-12-24T18:14:00+08:00,2025-12-24T18:16:02+08:00,1.2927,103.5732,C,Cloud to Cloud,2025-12-24T18:13:11.034+08:00
2025-12-25 11:19:34,2025-12-24T18:14:00+08:00,2025-12-24T18:16:02+08:00,1.2954,103.5813,C,Cloud to Cloud,2025-12-24T18:13:11.034+08:00
2025-12-25 11:19:34,2025-12-24T18:14:00+08:00,2025-12-24T18:16:02+08:00,1.2915,103.5712,C,Cloud to Cloud,2025-12-24T18:13:11.034+08:00
2025-12-25 11:19:34,2025-12-24T18:14:00+08:00,2025-12-24T18:16:02+08:00,1.2937,103.579,C,Cloud to Cloud,2025-12-24T18:13:11.035+08:00
2025-12-25 11:19:34,2025-12-24T18:14:00+08:00,2025-12-24T18:16:02+08:00,1.2915,103.571,C,Cloud to Cloud,2025-12-24T18:13:11.035+08:00
2025-12-25 11:19:34,2025-12-24T18:14:00+08:00,2025-12-24T18:16:02+08:00,1.3,103.5755,C,Cloud to Cloud,2025-12-24T18:13:11.035+08:00
2025-12-25 11:19:34,2025-12-24T18:14:00+08:00,2025-12-24T18:16:02+08:00,1.3206,103.6073,C,Cloud to Cloud,2025-12-24T18:13:11.035+08:00
2025-12-25 11:19:34,2025-12-24T18:14:00+08:00,2025-12-24T18:16:02+08:00,1.2916,103.5713,C,Cloud to Cloud,2025-12-24T18:13:11.035+08:00
2025-12-25 11:19:34,2025-12-24T18:14:00+08:00,2025-12-24T18:16:02+08:00,1.321,103.6105,C,Cloud to Cloud,2025-12-24T18:13:11.035+08:00
2025-12-25 11:19:34,2025-12-24T18:14:00+08:00,2025-12-24T18:16:02+08:00,1.2942,103.5729,C,Cloud to Cloud,2025-12-24T18:13:11.035+08:00
2025-12-25 11:19:34,2025-12-24T18:14:00+08:00,2025-12-24T18:16:02+08:00,1.2915,103.5717,C,Cloud to Cloud,2025-12-24T18:13:11.035+08:00
2025-12-25 11:19:34,2025-12-24T18:14:00+08:00,2025-12-24T18:16:02+08:00,1.295,103.5785,C,Cloud to Cloud,2025-12-24T18:13:11.035+08:00
2025-12-25 11:19:34,2025-12-24T18:14:00+08:00,2025-12-24T18:16:02+08:00,1.2935,103.5723,C,Cloud to Cloud,2025-12-24T18:13:11.035+08:00
2025-12-25 11:19:34,2025-12-24T18:14:00+08:00,2025-12-24T18:16:02+08:00,1.2784,103.5569,C,Cloud to Cloud,2025-12-24T18:13:11.035+08:00
2025-12-25 11:19:34,2025-12-24T18:14:00+08:00,2025-12-24T18:16:02+08:00,1.2777,103.551,C,Cloud to Cloud,2025-12-24T18:13:11.035+08:00
2025-12-25 11:19:34,2025-12-24T18:14:00+08:00,2025-12-24T18:16:02+08:00,1.2937,103.5741,C,Cloud to Cloud,2025-12-24T18:13:11.035+08:00
2025-12-25 11:19:34,2025-12-24T18:14:00+08:00,2025-12-24T18:16:02+08:00,1.2938,103.574,C,Cloud to Cloud,2025-12-24T18:13:11.035+08:00
2025-12-25 11:19:34,2025-12-24T18:14:00+08:00,2025-12-24T18:16:02+08:00,1.3205,103.6094,C,Cloud to Cloud,2025-12-24T18:13:11.036+08:00
2025-12-25 11:19:34,2025-12-24T18:14:00+08:00,2025-12-24T18:16:02+08:00,1.2841,103.6068,C,Cloud to Cloud,2025-12-24T18:13:11.036+08:00
2025-12-25 11:19:34,2025-12-24T18:14:00+08:00,2025-12-24T18:16:02+08:00,1.2834,103.5696,C,Cloud to Cloud,2025-12-24T18:13:11.036+08:00
2025-12-25 11:19:34,2025-12-24T18:14:00+08:00,2025-12-24T18:16:02+08:00,1.2938,103.573,C,Cloud to Cloud,2025-12-24T18:13:11.036+08:00
2025-12-25 11:19:34,2025-12-24T18:14:00+08:00,2025-12-24T18:16:02+08:00,1.295,103.5826,C,Cloud to Cloud,2025-12-24T18:13:11.036+08:00
2025-12-25 11:19:34,2025-12-24T18:14:00+08:00,2025-12-24T18:16:02+08:00,1.2911,103.584,C,Cloud to Cloud,2025-12-24T18:13:11.036+08:00
2025-12-25 11:19:34,2025-12-24T18:14:00+08:00,2025-12-24T18:16:02+08:00,1.292,103.5731,C,Cloud to Cloud,2025-12-24T18:13:11.036+08:00
2025-12-25 11:19:34,2025-12-24T18:14:00+08:00,2025-12-24T18:16:02+08:00,1.2908,103.5749,C,Cloud to Cloud,2025-12-24T18:13:11.036+08:00
2025-12-25 11:19:34,2025-12-24T18:14:00+08:00,2025-12-24T18:16:02+08:00,1.2931,103.5744,C,Cloud to Cloud,2025-12-24T18:13:11.036+08:00
2025-12-25 11:19:34,2025-12-24T18:14:00+08:00,2025-12-24T18:16:02+08:00,1.2959,103.585,C,Cloud to Cloud,2025-12-24T18:13:11.036+08:00
2025-12-25 11:19:34,2025-12-24T18:14:00+08:00,2025-12-24T18:16:02+08:00,1.2946,103.578,C,Cloud to Cloud,2025-12-24T18:13:11.036+08:00
2025-12-25 11:19:34,2025-12-24T18:14:00+08:00,2025-12-24T18:16:02+08:00,1.2851,103.609,C,Cloud to Cloud,2025-12-24T18:13:11.036+08:00
2025-12-25 11:19:34,2025-12-24T18:14:00+08:00,2025-12-24T18:16:02+08:00,1.284,103.6074,C,Cloud to Cloud,2025-12-24T18:13:11.036+08:00
2025-12-25 11:19:34,2025-12-24T18:14:00+08:00,2025-12-24T18:16:02+08:00,1.3154,103.6056,C,Cloud to Cloud,2025-12-24T18:13:11.037+08:00
2025-12-25 11:19:34,2025-12-24T18:14:00+08:00,2025-12-24T18:16:02+08:00,1.3145,103.5993,C,Cloud to Cloud,2025-12-24T18:13:11.037+08:00
2025-12-25 11:19:34,2025-12-24T18:14:00+08:00,2025-12-24T18:16:02+08:00,1.3046,103.5875,C,Cloud to Cloud,2025-12-24T18:13:11.037+08:00
2025-12-25 11:19:34,2025-12-24T18:14:00+08:00,2025-12-24T18:16:02+08:00,1.3072,103.5955,C,Cloud to Cloud,2025-12-24T18:13:11.037+08:00
2025-12-25 11:19:34,2025-12-24T18:14:00+08:00,2025-12-24T18:16:02+08:00,1.3087,103.597,C,Cloud to Cloud,2025-12-24T18:13:11.037+08:00
2025-12-25 11:19:34,2025-12-24T18:14:00+08:00,2025-12-24T18:16:02+08:00,1.3084,103.5955,C,Cloud to Cloud,2025-12-24T18:13:11.037+08:00
2025-12-25 11:19:34,2025-12-24T18:14:00+08:00,2025-12-24T18:16:02+08:00,1.2662,103.5375,C,Cloud to Cloud,2025-12-24T18:13:11.037+08:00
2025-12-25 11:19:34,2025-12-24T18:14:00+08:00,2025-12-24T18:16:02+08:00,1.2677,103.5416,C,Cloud to Cloud,2025-12-24T18:13:11.038+08:00
2025-12-25 11:19:34,2025-12-24T18:14:00+08:00,2025-12-24T18:16:02+08:00,1.2801,103.6215,C,Cloud to Cloud,2025-12-24T18:13:11.038+08:00
2025-12-25 11:19:34,2025-12-24T18:14:00+08:00,2025-12-24T18:16:02+08:00,1.2816,103.6237,C,Cloud to Cloud,2025-12-24T18:13:11.038+08:00
2025-12-25 11:19:34,2025-12-24T18:14:00+08:00,2025-12-24T18:16:02+08:00,1.2805,103.6174,C,Cloud to Cloud,2025-12-24T18:13:11.038+08:00
2025-12-25 11:19:34,2025-12-24T18:14:00+08:00,2025-12-24T18:16:02+08:00,1.2806,103.617,C,Cloud to Cloud,2025-12-24T18:13:11.038+08:00
2025-12-25 11:19:34,2025-12-24T18:14:00+08:00,2025-12-24T18:16:02+08:00,1.2612,103.5319,C,Cloud to Cloud,2025-12-24T18:13:11.038+08:00
2025-12-25 11:19:34,2025-12-24T18:14:00+08:00,2025-12-24T18:16:02+08:00,1.2629,103.5352,C,Cloud to Cloud,2025-12-24T18:13:11.038+08:00
2025-12-25 11:19:34,2025-12-24T18:14:00+08:00,2025-12-24T18:16:02+08:00,1.261,103.5312,C,Cloud to Cloud,2025-12-24T18:13:11.039+08:00
2025-12-25 11:19:34,2025-12-24T18:14:00+08:00,2025-12-24T18:16:02+08:00,1.2793,103.6169,C,Cloud to Cloud,2025-12-24T18:13:11.039+08:00
2025-12-25 11:19:34,2025-12-24T18:14:00+08:00,2025-12-24T18:16:02+08:00,1.2642,103.535,C,Cloud to Cloud,2025-12-24T18:13:11.039+08:00
2025-12-25 11:19:34,2025-12-24T18:14:00+08:00,2025-12-24T18:16:02+08:00,1.2631,103.5319,C,Cloud to Cloud,2025-12-24T18:13:11.039+08:00
2025-12-25 11:19:34,2025-12-24T18:14:00+08:00,2025-12-24T18:16:02+08:00,1.2677,103.5427,C,Cloud to Cloud,2025-12-24T18:13:11.039+08:00
2025-12-25 11:19:34,2025-12-24T18:14:00+08:00,2025-12-24T18:16:02+08:00,1.2674,103.544,C,Cloud to Cloud,2025-12-24T18:13:11.039+08:00
2025-12-25 11:19:34,2025-12-24T18:14:00+08:00,2025-12-24T18:16:02+08:00,1.2681,103.5448,C,Cloud to Cloud,2025-12-24T18:13:11.039+08:00
2025-12-25 11:19:34,2025-12-24T18:14:00+08:00,2025-12-24T18:16:02+08:00,1.2669,103.5447,C,Cloud to Cloud,2025-12-24T18:13:11.039+08:00
2025-12-25 11:19:34,2025-12-24T18:14:00+08:00,2025-12-24T18:16:02+08:00,1.2785,103.604,C,Cloud to Cloud,2025-12-24T18:13:11.039+08:00
2025-12-25 11:19:34,2025-12-24T18:14:00+08:00,2025-12-24T18:16:02+08:00,1.269,103.5422,C,Cloud to Cloud,2025-12-24T18:13:11.039+08:00
2025-12-25 11:19:34,2025-12-24T18:14:00+08:00,2025-12-24T18:16:02+08:00,1.2676,103.5409,C,Cloud to Cloud,2025-12-24T18:13:11.04+08:00
2025-12-25 11:19:34,2025-12-24T18:14:00+08:00,2025-12-24T18:16:02+08:00,1.269,103.5486,C,Cloud to Cloud,2025-12-24T18:13:11.04+08:00
2025-12-25 11:19:34,2025-12-24T18:14:00+08:00,2025-12-24T18:16:02+08:00,1.2678,103.5424,C,Cloud to Cloud,2025-12-24T18:13:11.04+08:00
2025-12-25 11:19:34,2025-12-24T18:14:00+08:00,2025-12-24T18:16:02+08:00,1.2673,103.5443,C,Cloud to Cloud,2025-12-24T18:13:11.04+08:00
2025-12-25 11:19:34,2025-12-24T18:14:00+08:00,2025-12-24T18:16:02+08:00,1.2741,103.5782,C,Cloud to Cloud,2025-12-24T18:13:11.046+08:00
2025-12-25 11:19:34,2025-12-24T18:14:00+08:00,2025-12-24T18:16:02+08:00,1.2745,103.592,C,Cloud to Cloud,2025-12-24T18:13:11.046+08:00
2025-12-25 11:19:34,2025-12-24T18:14:00+08:00,2025-12-24T18:16:02+08:00,1.2736,103.5977,C,Cloud to Cloud,2025-12-24T18:13:11.046+08:00
2025-12-25 11:19:34,2025-12-24T18:14:00+08:00,2025-12-24T18:16:02+08:00,1.2736,103.5977,C,Cloud to Cloud,2025-12-24T18:13:11.046+08:00
2025-12-25 11:19:34,2025-12-24T18:14:00+08:00,2025-12-24T18:16:02+08:00,1.2736,103.5911,C,Cloud to Cloud,2025-12-24T18:13:11.046+08:00
2025-12-25 11:19:34,2025-12-24T18:14:00+08:00,2025-12-24T18:16:02+08:00,1.2733,103.5946,C,Cloud to Cloud,2025-12-24T18:13:11.046+08:00
2025-12-25 11:19:34,2025-12-24T18:14:00+08:00,2025-12-24T18:16:02+08:00,1.2737,103.5901,C,Cloud to Cloud,2025-12-24T18:13:11.046+08:00
2025-12-25 11:19:34,2025-12-24T18:14:00+08:00,2025-12-24T18:16:02+08:00,1.2742,103.5872,C,Cloud to Cloud,2025-12-24T18:13:11.046+08:00
2025-12-25 11:19:34,2025-12-24T18:14:00+08:00,2025-12-24T18:16:02+08:00,1.2741,103.5961,C,Cloud to Cloud,2025-12-24T18:13:11.047+08:00
2025-12-25 11:19:34,2025-12-24T18:14:00+08:00,2025-12-24T18:16:02+08:00,1.2722,103.5924,C,Cloud to Cloud,2025-12-24T18:13:11.047+08:00
2025-12-25 11:19:34,2025-12-24T18:14:00+08:00,2025-12-24T18:16:02+08:00,1.2734,103.5851,C,Cloud to Cloud,2025-12-24T18:13:11.047+08:00
2025-12-25 11:19:34,2025-12-24T18:14:00+08:00,2025-12-24T18:16:02+08:00,1.2736,103.5923,C,Cloud to Cloud,2025-12-24T18:13:11.047+08:00
2025-12-25 11:19:34,2025-12-24T18:14:00+08:00,2025-12-24T18:16:02+08:00,1.2736,103.5944,C,Cloud to Cloud,2025-12-24T18:13:11.047+08:00
2025-12-25 11:19:34,2025-12-24T18:14:00+08:00,2025-12-24T18:16:02+08:00,1.2733,103.5891,C,Cloud to Cloud,2025-12-24T18:13:11.047+08:00
2025-12-25 11:19:34,2025-12-24T18:14:00+08:00,2025-12-24T18:16:02+08:00,1.2722,103.589,C,Cloud to Cloud,2025-12-24T18:13:11.047+08:00
2025-12-25 11:19:34,2025-12-24T18:14:00+08:00,2025-12-24T18:16:02+08:00,1.2723,103.5956,C,Cloud to Cloud,2025-12-24T18:13:11.047+08:00
2025-12-25 11:19:34,2025-12-24T18:14:00+08:00,2025-12-24T18:16:02+08:00,1.2738,103.5914,C,Cloud to Cloud,2025-12-24T18:13:11.047+08:00
2025-12-25 11:19:34,2025-12-24T18:14:00+08:00,2025-12-24T18:16:02+08:00,1.2729,103.5969,C,Cloud to Cloud,2025-12-24T18:13:11.047+08:00
2025-12-25 11:19:34,2025-12-24T18:14:00+08:00,2025-12-24T18:16:02+08:00,1.274,103.5899,C,Cloud to Cloud,2025-12-24T18:13:11.048+08:00
2025-12-25 11:19:34,2025-12-24T18:14:00+08:00,2025-12-24T18:16:02+08:00,1.2733,103.5994,C,Cloud to Cloud,2025-12-24T18:13:11.048+08:00
2025-12-25 11:19:34,2025-12-24T18:14:00+08:00,2025-12-24T18:16:02+08:00,1.274,103.5851,C,Cloud to Cloud,2025-12-24T18:13:11.048+08:00
2025-12-25 11:19:34,2025-12-24T18:14:00+08:00,2025-12-24T18:16:02+08:00,1.2713,103.5946,C,Cloud to Cloud,2025-12-24T18:13:11.048+08:00
2025-12-25 11:19:34,2025-12-24T18:14:00+08:00,2025-12-24T18:16:02+08:00,1.2722,103.5992,C,Cloud to Cloud,2025-12-24T18:13:11.048+08:00
2025-12-25 11:19:34,2025-12-24T18:14:00+08:00,2025-12-24T18:16:02+08:00,1.2735,103.5932,C,Cloud to Cloud,2025-12-24T18:13:11.048+08:00
2025-12-25 11:19:34,2025-12-24T18:14:00+08:00,2025-12-24T18:16:02+08:00,1.2714,103.5973,C,Cloud to Cloud,2025-12-24T18:13:11.048+08:00
2025-12-25 11:19:34,2025-12-24T18:14:00+08:00,2025-12-24T18:16:02+08:00,1.2742,103.5973,C,Cloud to Cloud,2025-12-24T18:13:11.048+08:00
2025-12-25 11:19:34,2025-12-24T18:14:00+08:00,2025-12-24T18:16:02+08:00,1.2727,103.5982,C,Cloud to Cloud,2025-12-24T18:13:11.048+08:00
2025-12-25 11:19:34,2025-12-24T18:14:00+08:00,2025-12-24T18:16:02+08:00,1.2737,103.6096,C,Cloud to Cloud,2025-12-24T18:13:11.048+08:00
2025-12-25 11:19:34,2025-12-24T18:14:00+08:00,2025-12-24T18:16:02+08:00,1.2728,103.6024,C,Cloud to Cloud,2025-12-24T18:13:11.049+08:00
2025-12-25 11:19:34,2025-12-24T18:14:00+08:00,2025-12-24T18:16:02+08:00,1.2725,103.5777,G,Cloud to Ground,2025-12-24T18:13:11.049+08:00
2025-12-25 11:19:34,2025-12-24T18:14:00+08:00,2025-12-24T18:16:02+08:00,1.3096,103.5468,C,Cloud to Cloud,2025-12-24T18:13:11.049+08:00
2025-12-25 11:19:34,2025-12-24T18:14:00+08:00,2025-12-24T18:16:02+08:00,1.2779,103.6041,C,Cloud to Cloud,2025-12-24T18:13:11.049+08:00
2025-12-25 11:19:34,2025-12-24T18:14:00+08:00,2025-12-24T18:16:02+08:00,1.2783,103.6061,C,Cloud to Cloud,2025-12-24T18:13:11.049+08:00
2025-12-25 11:19:34,2025-12-24T18:14:00+08:00,2025-12-24T18:16:02+08:00,1.2991,103.5809,C,Cloud to Cloud,2025-12-24T18:13:11.089+08:00
2025-12-25 11:19:34,2025-12-24T18:14:00+08:00,2025-12-24T18:16:02+08:00,1.3032,103.5845,C,Cloud to Cloud,2025-12-24T18:13:11.089+08:00
2025-12-25 11:19:34,2025-12-24T18:14:00+08:00,2025-12-24T18:16:02+08:00,1.3002,103.576,C,Cloud to Cloud,2025-12-24T18:13:11.089+08:00
2025-12-25 11:19:34,2025-12-24T18:14:00+08:00,2025-12-24T18:16:02+08:00,1.2981,103.6193,C,Cloud to Cloud,2025-12-24T18:13:11.095+08:00
2025-12-25 11:19:34,2025-12-24T18:14:00+08:00,2025-12-24T18:16:02+08:00,1.3069,103.5803,G,Cloud to Ground,2025-12-24T18:13:11.095+08:00
2025-12-25 11:19:34,2025-12-24T18:14:00+08:00,2025-12-24T18:16:02+08:00,1.296,103.5583,C,Cloud to Cloud,2025-12-24T18:13:11.095+08:00
2025-12-25 11:19:34,2025-12-24T18:14:00+08:00,2025-12-24T18:16:02+08:00,1.2784,103.6101,C,Cloud to Cloud,2025-12-24T18:13:11.114+08:00
2025-12-25 11:19:34,2025-12-24T18:14:00+08:00,2025-12-24T18:16:02+08:00,1.3234,103.6135,C,Cloud to Cloud,2025-12-24T18:13:11.114+08:00
2025-12-25 11:19:34,2025-12-24T18:14:00+08:00,2025-12-24T18:16:02+08:00,1.2825,103.589,C,Cloud to Cloud,2025-12-24T18:13:11.136+08:00
2025-12-25 11:19:34,2025-12-24T18:14:00+08:00,2025-12-24T18:16:02+08:00,1.2911,103.5759,C,Cloud to Cloud,2025-12-24T18:13:11.188+08:00
2025-12-25 11:19:34,2025-12-24T18:14:00+08:00,2025-12-24T18:16:02+08:00,1.2926,103.5713,C,Cloud to Cloud,2025-12-24T18:13:11.241+08:00
2025-12-25 11:19:34,2025-12-24T18:14:00+08:00,2025-12-24T18:16:02+08:00,1.2849,103.5446,C,Cloud to Cloud,2025-12-24T18:13:11.241+08:00
2025-12-25 11:19:34,2025-12-24T18:14:00+08:00,2025-12-24T18:16:02+08:00,1.2863,103.5492,C,Cloud to Cloud,2025-12-24T18:13:11.241+08:00
2025-12-25 11:19:34,2025-12-24T18:14:00+08:00,2025-12-24T18:16:02+08:00,1.2905,103.5641,C,Cloud to Cloud,2025-12-24T18:13:11.241+08:00
2025-12-25 11:19:34,2025-12-24T18:14:00+08:00,2025-12-24T18:16:02+08:00,1.2879,103.5607,C,Cloud to Cloud,2025-12-24T18:13:11.241+08:00
2025-12-25 11:19:34,2025-12-24T18:14:00+08:00,2025-12-24T18:16:02+08:00,1.2928,103.6065,C,Cloud to Cloud,2025-12-24T18:13:11.242+08:00
2025-12-25 11:19:34,2025-12-24T18:14:00+08:00,2025-12-24T18:16:02+08:00,1.2892,103.5544,C,Cloud to Cloud,2025-12-24T18:13:11.242+08:00
2025-12-25 11:19:34,2025-12-24T18:14:00+08:00,2025-12-24T18:16:02+08:00,1.2878,103.5488,C,Cloud to Cloud,2025-12-24T18:13:11.242+08:00
2025-12-25 11:19:34,2025-12-24T18:14:00+08:00,2025-12-24T18:16:02+08:00,1.2919,103.5393,C,Cloud to Cloud,2025-12-24T18:13:11.242+08:00
2025-12-25 11:19:34,2025-12-24T18:12:00+08:00,2025-12-24T18:14:02+08:00,1.2978,103.5905,C,Cloud to Cloud,2025-12-24T18:10:43.682+08:00
2025-12-25 11:19:34,2025-12-24T18:12:00+08:00,2025-12-24T18:14:02+08:00,1.2678,103.5363,C,Cloud to Cloud,2025-12-24T18:10:43.682+08:00
2025-12-25 11:19:34,2025-12-24T18:12:00+08:00,2025-12-24T18:14:02+08:00,1.2916,103.599,C,Cloud to Cloud,2025-12-24T18:10:43.683+08:00
2025-12-25 11:19:34,2025-12-24T18:12:00+08:00,2025-12-24T18:14:02+08:00,1.3519,103.5544,C,Cloud to Cloud,2025-12-24T18:10:43.683+08:00
2025-12-25 11:19:34,2025-12-24T18:12:00+08:00,2025-12-24T18:14:02+08:00,1.2747,103.581,C,Cloud to Cloud,2025-12-24T18:10:43.683+08:00
2025-12-25 11:19:34,2025-12-24T18:12:00+08:00,2025-12-24T18:14:02+08:00,1.286,103.5575,C,Cloud to Cloud,2025-12-24T18:10:43.687+08:00
2025-12-25 11:19:34,2025-12-24T18:12:00+08:00,2025-12-24T18:14:02+08:00,1.2841,103.5612,C,Cloud to Cloud,2025-12-24T18:10:43.689+08:00
2025-12-25 11:19:34,2025-12-24T18:12:00+08:00,2025-12-24T18:14:02+08:00,1.286,103.5611,C,Cloud to Cloud,2025-12-24T18:10:43.689+08:00
2025-12-25 11:19:34,2025-12-24T18:12:00+08:00,2025-12-24T18:14:02+08:00,1.3098,103.557,C,Cloud to Cloud,2025-12-24T18:10:43.758+08:00
2025-12-25 11:19:34,2025-12-24T18:10:00+08:00,2025-12-24T18:12:02+08:00,1.2453,103.5564,C,Cloud to Cloud,2025-12-24T18:08:35.138+08:00
2025-12-25 11:19:34,2025-12-24T18:10:00+08:00,2025-12-24T18:12:02+08:00,1.286,103.5694,C,Cloud to Cloud,2025-12-24T18:08:35.139+08:00
2025-12-25 11:19:34,2025-12-24T18:10:00+08:00,2025-12-24T18:12:02+08:00,1.2865,103.5714,C,Cloud to Cloud,2025-12-24T18:08:35.14+08:00
2025-12-25 11:19:34,2025-12-24T18:10:00+08:00,2025-12-24T18:12:02+08:00,1.2878,103.5242,C,Cloud to Cloud,2025-12-24T18:08:35.14+08:00
2025-12-25 11:19:34,2025-12-24T18:10:00+08:00,2025-12-24T18:12:02+08:00,1.2959,103.5676,C,Cloud to Cloud,2025-12-24T18:08:35.162+08:00
2025-12-25 11:19:34,2025-12-24T18:10:00+08:00,2025-12-24T18:12:02+08:00,1.302,103.6709,C,Cloud to Cloud,2025-12-24T18:08:35.193+08:00
2025-12-25 11:19:34,2025-12-24T18:10:00+08:00,2025-12-24T18:12:02+08:00,1.2744,103.552,C,Cloud to Cloud,2025-12-24T18:09:33.656+08:00
2025-12-25 11:19:34,2025-12-24T18:10:00+08:00,2025-12-24T18:12:02+08:00,1.2894,103.5579,C,Cloud to Cloud,2025-12-24T18:09:33.66+08:00
2025-12-25 11:19:34,2025-12-24T18:10:00+08:00,2025-12-24T18:12:02+08:00,1.2661,103.5963,C,Cloud to Cloud,2025-12-24T18:09:33.66+08:00
2025-12-25 11:19:34,2025-12-24T18:10:00+08:00,2025-12-24T18:12:02+08:00,1.2736,103.594,C,Cloud to Cloud,2025-12-24T18:09:33.66+08:00
2025-12-25 11:19:34,2025-12-24T18:10:00+08:00,2025-12-24T18:12:02+08:00,1.2488,103.6086,C,Cloud to Cloud,2025-12-24T18:09:33.83+08:00
2025-12-25 11:19:34,2025-12-24T18:10:00+08:00,2025-12-24T18:12:02+08:00,1.2791,103.5818,C,Cloud to Cloud,2025-12-24T18:09:33.835+08:00
2025-12-25 11:19:35,2025-12-24T18:08:00+08:00,2025-12-24T18:10:06+08:00,1.2626,103.5683,C,Cloud to Cloud,2025-12-24T18:06:21.448+08:00
2025-12-25 11:19:35,2025-12-24T18:08:00+08:00,2025-12-24T18:10:06+08:00,1.2858,103.56,C,Cloud to Cloud,2025-12-24T18:06:21.529+08:00
2025-12-25 11:19:35,2025-12-24T18:08:00+08:00,2025-12-24T18:10:06+08:00,1.2909,103.5577,C,Cloud to Cloud,2025-12-24T18:06:21.549+08:00
2025-12-25 11:19:35,2025-12-24T18:08:00+08:00,2025-12-24T18:10:06+08:00,0.9749,104.0204,C,Cloud to Cloud,2025-12-24T18:06:24.63+08:00
2025-12-25 11:19:35,2025-12-24T18:08:00+08:00,2025-12-24T18:10:06+08:00,0.9761,104.0246,C,Cloud to Cloud,2025-12-24T18:06:24.63+08:00
2025-12-25 11:19:35,2025-12-24T18:08:00+08:00,2025-12-24T18:10:06+08:00,0.9895,104.0011,C,Cloud to Cloud,2025-12-24T18:06:24.63+08:00
2025-12-25 11:19:35,2025-12-24T18:08:00+08:00,2025-12-24T18:10:06+08:00,0.997,104.0106,C,Cloud to Cloud,2025-12-24T18:06:24.63+08:00
2025-12-25 11:19:35,2025-12-24T18:08:00+08:00,2025-12-24T18:10:06+08:00,0.9508,104.0312,C,Cloud to Cloud,2025-12-24T18:06:24.63+08:00
2025-12-25 11:19:35,2025-12-24T18:08:00+08:00,2025-12-24T18:10:06+08:00,0.9573,103.9926,C,Cloud to Cloud,2025-12-24T18:06:24.631+08:00
2025-12-25 11:19:35,2025-12-24T18:08:00+08:00,2025-12-24T18:10:06+08:00,1.2577,103.541,C,Cloud to Cloud,2025-12-24T18:07:23.61+08:00
2025-12-25 11:19:35,2025-12-24T18:08:00+08:00,2025-12-24T18:10:06+08:00,1.2989,103.5804,C,Cloud to Cloud,2025-12-24T18:07:23.612+08:00
2025-12-25 11:19:35,2025-12-24T18:08:00+08:00,2025-12-24T18:10:06+08:00,1.2841,103.539,C,Cloud to Cloud,2025-12-24T18:07:23.612+08:00
2025-12-25 11:19:35,2025-12-24T18:08:00+08:00,2025-12-24T18:10:06+08:00,1.2945,103.5948,C,Cloud to Cloud,2025-12-24T18:07:23.616+08:00
2025-12-25 11:19:35,2025-12-24T18:08:00+08:00,2025-12-24T18:10:06+08:00,1.2919,103.5864,C,Cloud to Cloud,2025-12-24T18:07:23.616+08:00
2025-12-25 11:19:35,2025-12-24T18:08:00+08:00,2025-12-24T18:10:06+08:00,1.2901,103.5666,C,Cloud to Cloud,2025-12-24T18:07:23.616+08:00
2025-12-25 11:19:35,2025-12-24T18:08:00+08:00,2025-12-24T18:10:06+08:00,1.3236,103.6259,C,Cloud to Cloud,2025-12-24T18:07:23.617+08:00
2025-12-25 11:19:35,2025-12-24T18:08:00+08:00,2025-12-24T18:10:06+08:00,1.2904,103.5541,C,Cloud to Cloud,2025-12-24T18:07:23.653+08:00
2025-12-25 11:19:35,2025-12-24T18:08:00+08:00,2025-12-24T18:10:06+08:00,1.2885,103.6048,C,Cloud to Cloud,2025-12-24T18:07:23.653+08:00
2025-12-25 11:19:35,2025-12-24T18:08:00+08:00,2025-12-24T18:10:06+08:00,1.2893,103.5612,C,Cloud to Cloud,2025-12-24T18:07:23.654+08:00
2025-12-25 11:19:35,2025-12-24T18:08:00+08:00,2025-12-24T18:10:06+08:00,1.2695,103.58,C,Cloud to Cloud,2025-12-24T18:07:23.661+08:00
2025-12-25 11:19:35,2025-12-24T18:08:00+08:00,2025-12-24T18:10:06+08:00,1.2906,103.559,C,Cloud to Cloud,2025-12-24T18:07:23.709+08:00
2025-12-25 11:19:35,2025-12-24T18:08:00+08:00,2025-12-24T18:10:06+08:00,1.0093,104.0018,C,Cloud to Cloud,2025-12-24T18:07:46.815+08:00
2025-12-25 11:19:35,2025-12-24T18:08:00+08:00,2025-12-24T18:10:06+08:00,0.9512,103.9526,C,Cloud to Cloud,2025-12-24T18:07:47.421+08:00
2025-12-25 11:19:35,2025-12-24T18:06:00+08:00,2025-12-24T18:08:02+08:00,1.2675,103.5654,C,Cloud to Cloud,2025-12-24T18:04:04.229+08:00
2025-12-25 11:19:35,2025-12-24T18:06:00+08:00,2025-12-24T18:08:02+08:00,1.2488,103.5908,C,Cloud to Cloud,2025-12-24T18:04:29.87+08:00
2025-12-25 11:19:35,2025-12-24T18:06:00+08:00,2025-12-24T18:08:02+08:00,1.2494,103.5591,C,Cloud to Cloud,2025-12-24T18:04:29.875+08:00
2025-12-25 11:19:35,2025-12-24T18:06:00+08:00,2025-12-24T18:08:02+08:00,1.2546,103.5621,C,Cloud to Cloud,2025-12-24T18:04:29.894+08:00
2025-12-25 11:19:35,2025-12-24T18:04:00+08:00,2025-12-24T18:06:02+08:00,0.9542,104.0104,C,Cloud to Cloud,2025-12-24T18:03:38.154+08:00
2025-12-25 11:19:35,2025-12-24T18:04:00+08:00,2025-12-24T18:06:02+08:00,0.9535,104.0277,C,Cloud to Cloud,2025-12-24T18:03:38.155+08:00
2025-12-25 11:19:35,2025-12-24T18:04:00+08:00,2025-12-24T18:06:02+08:00,0.9702,103.9615,C,Cloud to Cloud,2025-12-24T18:03:38.159+08:00
2025-12-25 11:19:35,2025-12-24T18:02:00+08:00,2025-12-24T18:04:03+08:00,0.973,103.9778,C,Cloud to Cloud,2025-12-24T18:00:00.184+08:00
2025-12-25 11:19:35,2025-12-24T18:02:00+08:00,2025-12-24T18:04:03+08:00,1.0228,103.9457,C,Cloud to Cloud,2025-12-24T18:00:00.184+08:00
2025-12-25 11:19:35,2025-12-24T18:02:00+08:00,2025-12-24T18:04:03+08:00,0.9781,103.9687,C,Cloud to Cloud,2025-12-24T18:00:00.185+08:00
2025-12-25 11:19:35,2025-12-24T18:02:00+08:00,2025-12-24T18:04:03+08:00,0.9889,104.0497,C,Cloud to Cloud,2025-12-24T18:00:00.185+08:00
2025-12-25 11:19:35,2025-12-24T18:02:00+08:00,2025-12-24T18:04:03+08:00,0.9565,104.0251,C,Cloud to Cloud,2025-12-24T18:00:00.186+08:00
2025-12-25 11:19:35,2025-12-24T18:02:00+08:00,2025-12-24T18:04:03+08:00,1.0594,103.9403,C,Cloud to Cloud,2025-12-24T18:00:00.186+08:00
2025-12-25 11:19:35,2025-12-24T18:02:00+08:00,2025-12-24T18:04:03+08:00,0.9811,103.968,C,Cloud to Cloud,2025-12-24T18:00:00.205+08:00
2025-12-25 11:19:35,2025-12-24T18:02:00+08:00,2025-12-24T18:04:03+08:00,0.983,103.966,C,Cloud to Cloud,2025-12-24T18:00:00.205+08:00
2025-12-25 11:19:35,2025-12-24T18:02:00+08:00,2025-12-24T18:04:03+08:00,0.977,103.9713,C,Cloud to Cloud,2025-12-24T18:00:00.227+08:00
2025-12-25 11:19:35,2025-12-24T18:02:00+08:00,2025-12-24T18:04:03+08:00,0.9853,103.9678,C,Cloud to Cloud,2025-12-24T18:00:00.227+08:00
2025-12-25 11:19:35,2025-12-24T18:02:00+08:00,2025-12-24T18:04:03+08:00,1.0268,103.9569,C,Cloud to Cloud,2025-12-24T18:00:00.227+08:00
2025-12-25 11:19:35,2025-12-24T18:00:00+08:00,2025-12-24T18:02:03+08:00,0.9511,103.9682,C,Cloud to Cloud,2025-12-24T17:58:30.771+08:00
2025-12-25 11:19:35,2025-12-24T18:00:00+08:00,2025-12-24T18:02:03+08:00,0.9744,104.0181,C,Cloud to Cloud,2025-12-24T17:59:59.845+08:00
2025-12-25 11:19:35,2025-12-24T18:00:00+08:00,2025-12-24T18:02:03+08:00,0.9582,104.0442,C,Cloud to Cloud,2025-12-24T17:59:59.957+08:00
2025-12-25 11:19:35,2025-12-24T17:58:00+08:00,2025-12-24T18:00:03+08:00,0.9746,104.0375,C,Cloud to Cloud,2025-12-24T17:56:50.562+08:00
2025-12-25 11:19:35,2025-12-24T17:58:00+08:00,2025-12-24T18:00:03+08:00,0.9645,103.9731,C,Cloud to Cloud,2025-12-24T17:56:51.039+08:00
2025-12-25 11:19:35,2025-12-24T17:58:00+08:00,2025-12-24T18:00:03+08:00,0.9839,103.969,C,Cloud to Cloud,2025-12-24T17:57:41.108+08:00
2025-12-25 11:19:35,2025-12-24T17:58:00+08:00,2025-12-24T18:00:03+08:00,0.9631,103.9732,C,Cloud to Cloud,2025-12-24T17:57:41.11+08:00
2025-12-25 11:19:35,2025-12-24T17:58:00+08:00,2025-12-24T18:00:03+08:00,0.9631,103.9732,C,Cloud to Cloud,2025-12-24T17:57:41.11+08:00
2025-12-25 11:19:35,2025-12-24T17:58:00+08:00,2025-12-24T18:00:03+08:00,0.98,103.9559,C,Cloud to Cloud,2025-12-24T17:57:41.367+08:00
2025-12-25 11:19:35,2025-12-24T17:58:00+08:00,2025-12-24T18:00:03+08:00,0.9646,103.9671,C,Cloud to Cloud,2025-12-24T17:57:41.637+08:00
2025-12-25 11:19:35,2025-12-24T17:58:00+08:00,2025-12-24T18:00:03+08:00,0.9507,103.9685,C,Cloud to Cloud,2025-12-24T17:57:41.637+08:00
2025-12-25 11:19:35,2025-12-24T17:56:00+08:00,2025-12-24T17:58:02+08:00,1.026,103.8998,C,Cloud to Cloud,2025-12-24T17:54:34.043+08:00
2025-12-25 11:19:35,2025-12-24T17:56:00+08:00,2025-12-24T17:58:02+08:00,1.0191,103.8985,C,Cloud to Cloud,2025-12-24T17:54:34.043+08:00
2025-12-25 11:19:35,2025-12-24T17:56:00+08:00,2025-12-24T17:58:02+08:00,0.9653,103.9166,C,Cloud to Cloud,2025-12-24T17:54:34.043+08:00
2025-12-25 11:19:35,2025-12-24T17:56:00+08:00,2025-12-24T17:58:02+08:00,0.9833,103.9148,C,Cloud to Cloud,2025-12-24T17:54:34.043+08:00
2025-12-25 11:19:35,2025-12-24T17:54:00+08:00,2025-12-24T17:56:02+08:00,1.0297,103.8993,C,Cloud to Cloud,2025-12-24T17:53:21.637+08:00
2025-12-25 11:19:35,2025-12-24T17:54:00+08:00,2025-12-24T17:56:02+08:00,1.016,103.8931,C,Cloud to Cloud,2025-12-24T17:53:21.687+08:00
2025-12-25 11:19:35,2025-12-24T17:54:00+08:00,2025-12-24T17:56:02+08:00,0.9687,103.9544,C,Cloud to Cloud,2025-12-24T17:53:21.817+08:00
2025-12-25 11:19:35,2025-12-24T17:54:00+08:00,2025-12-24T17:56:02+08:00,0.9687,103.9544,C,Cloud to Cloud,2025-12-24T17:53:21.818+08:00
2025-12-25 11:19:35,2025-12-24T17:54:00+08:00,2025-12-24T17:56:02+08:00,1.0238,103.9236,C,Cloud to Cloud,2025-12-24T17:53:21.819+08:00
2025-12-25 11:19:35,2025-12-24T17:54:00+08:00,2025-12-24T17:56:02+08:00,0.9849,103.9258,C,Cloud to Cloud,2025-12-24T17:53:22.046+08:00
2025-12-25 11:19:35,2025-12-24T17:54:00+08:00,2025-12-24T17:56:02+08:00,1.0036,103.9149,C,Cloud to Cloud,2025-12-24T17:53:22.046+08:00
2025-12-25 11:19:35,2025-12-24T17:54:00+08:00,2025-12-24T17:56:02+08:00,1.0461,103.8893,C,Cloud to Cloud,2025-12-24T17:53:22.047+08:00
2025-12-25 11:19:35,2025-12-24T17:54:00+08:00,2025-12-24T17:56:02+08:00,1.0354,103.8928,C,Cloud to Cloud,2025-12-24T17:53:22.047+08:00
2025-12-25 11:19:35,2025-12-24T17:54:00+08:00,2025-12-24T17:56:02+08:00,0.9838,103.9542,C,Cloud to Cloud,2025-12-24T17:53:22.07+08:00
2025-12-25 11:19:35,2025-12-24T17:54:00+08:00,2025-12-24T17:56:02+08:00,0.9838,103.9542,C,Cloud to Cloud,2025-12-24T17:53:22.07+08:00
2025-12-25 11:19:35,2025-12-24T17:54:00+08:00,2025-12-24T17:56:02+08:00,0.968,103.9536,C,Cloud to Cloud,2025-12-24T17:53:22.071+08:00
2025-12-25 11:19:35,2025-12-24T17:54:00+08:00,2025-12-24T17:56:02+08:00,0.9587,103.9656,C,Cloud to Cloud,2025-12-24T17:53:22.106+08:00
2025-12-25 11:19:35,2025-12-24T17:54:00+08:00,2025-12-24T17:56:02+08:00,0.9587,103.9656,C,Cloud to Cloud,2025-12-24T17:53:22.106+08:00
2025-12-25 11:19:35,2025-12-24T17:54:00+08:00,2025-12-24T17:56:02+08:00,0.9642,103.9529,C,Cloud to Cloud,2025-12-24T17:53:22.139+08:00
2025-12-25 11:19:35,2025-12-24T17:54:00+08:00,2025-12-24T17:56:02+08:00,0.9611,103.9531,C,Cloud to Cloud,2025-12-24T17:53:22.139+08:00
2025-12-25 11:19:35,2025-12-24T17:54:00+08:00,2025-12-24T17:56:02+08:00,1.0024,104.0044,C,Cloud to Cloud,2025-12-24T17:53:57.548+08:00
2025-12-25 11:19:35,2025-12-24T17:54:00+08:00,2025-12-24T17:56:02+08:00,0.9679,104.0161,C,Cloud to Cloud,2025-12-24T17:53:57.837+08:00
2025-12-25 11:19:35,2025-12-24T17:54:00+08:00,2025-12-24T17:56:02+08:00,0.9905,104.0097,C,Cloud to Cloud,2025-12-24T17:53:57.837+08:00
2025-12-25 11:19:35,2025-12-24T17:54:00+08:00,2025-12-24T17:56:02+08:00,0.9838,104.0185,C,Cloud to Cloud,2025-12-24T17:53:57.838+08:00
2025-12-25 11:19:35,2025-12-24T17:54:00+08:00,2025-12-24T17:56:02+08:00,0.9512,104.0251,C,Cloud to Cloud,2025-12-24T17:53:57.838+08:00
2025-12-25 11:19:35,2025-12-24T17:54:00+08:00,2025-12-24T17:56:02+08:00,0.9604,103.9582,C,Cloud to Cloud,2025-12-24T17:53:58.009+08:00
2025-12-25 11:19:35,2025-12-24T17:54:00+08:00,2025-12-24T17:56:02+08:00,0.9638,103.956,C,Cloud to Cloud,2025-12-24T17:53:58.009+08:00
2025-12-25 11:19:35,2025-12-24T17:52:00+08:00,2025-12-24T17:54:03+08:00,0.9799,104.0661,C,Cloud to Cloud,2025-12-24T17:50:03.017+08:00
2025-12-25 11:19:35,2025-12-24T17:52:00+08:00,2025-12-24T17:54:03+08:00,0.9676,103.9801,C,Cloud to Cloud,2025-12-24T17:50:03.479+08:00
2025-12-25 11:19:35,2025-12-24T17:52:00+08:00,2025-12-24T17:54:03+08:00,0.9927,103.9753,C,Cloud to Cloud,2025-12-24T17:50:03.479+08:00
2025-12-25 11:19:35,2025-12-24T17:52:00+08:00,2025-12-24T17:54:03+08:00,0.9616,103.9864,C,Cloud to Cloud,2025-12-24T17:50:03.518+08:00
2025-12-25 11:19:35,2025-12-24T17:52:00+08:00,2025-12-24T17:54:03+08:00,0.9974,103.9688,C,Cloud to Cloud,2025-12-24T17:50:03.518+08:00
2025-12-25 11:19:35,2025-12-24T17:52:00+08:00,2025-12-24T17:54:03+08:00,1.0157,103.9575,C,Cloud to Cloud,2025-12-24T17:50:03.548+08:00
2025-12-25 11:19:35,2025-12-24T17:52:00+08:00,2025-12-24T17:54:03+08:00,1.0173,103.9573,C,Cloud to Cloud,2025-12-24T17:50:03.548+08:00
2025-12-25 11:19:35,2025-12-24T17:52:00+08:00,2025-12-24T17:54:03+08:00,0.9658,104.0207,C,Cloud to Cloud,2025-12-24T17:50:03.548+08:00
2025-12-25 11:19:35,2025-12-24T17:52:00+08:00,2025-12-24T17:54:03+08:00,0.9658,104.0207,C,Cloud to Cloud,2025-12-24T17:50:03.548+08:00
2025-12-25 11:19:35,2025-12-24T17:52:00+08:00,2025-12-24T17:54:03+08:00,0.964,103.9567,C,Cloud to Cloud,2025-12-24T17:50:03.615+08:00
2025-12-25 11:19:35,2025-12-24T17:52:00+08:00,2025-12-24T17:54:03+08:00,0.9661,103.9613,C,Cloud to Cloud,2025-12-24T17:50:03.615+08:00
2025-12-25 11:19:35,2025-12-24T17:52:00+08:00,2025-12-24T17:54:03+08:00,0.9505,103.9876,C,Cloud to Cloud,2025-12-24T17:50:03.615+08:00
2025-12-25 11:19:35,2025-12-24T17:52:00+08:00,2025-12-24T17:54:03+08:00,0.9505,103.9876,C,Cloud to Cloud,2025-12-24T17:50:03.615+08:00
2025-12-25 11:19:35,2025-12-24T17:52:00+08:00,2025-12-24T17:54:03+08:00,1.0374,103.948,C,Cloud to Cloud,2025-12-24T17:50:03.615+08:00
2025-12-25 11:19:35,2025-12-24T17:52:00+08:00,2025-12-24T17:54:03+08:00,1.0025,103.9774,C,Cloud to Cloud,2025-12-24T17:50:03.615+08:00
2025-12-25 11:19:35,2025-12-24T17:52:00+08:00,2025-12-24T17:54:03+08:00,0.9628,103.9549,C,Cloud to Cloud,2025-12-24T17:51:19.244+08:00
2025-12-25 11:19:35,2025-12-24T17:52:00+08:00,2025-12-24T17:54:03+08:00,0.9698,103.9435,C,Cloud to Cloud,2025-12-24T17:51:19.31+08:00
2025-12-25 11:19:35,2025-12-24T17:52:00+08:00,2025-12-24T17:54:03+08:00,0.9574,103.9499,C,Cloud to Cloud,2025-12-24T17:51:19.31+08:00
2025-12-25 11:19:35,2025-12-24T17:52:00+08:00,2025-12-24T17:54:03+08:00,0.9502,103.9564,C,Cloud to Cloud,2025-12-24T17:51:19.597+08:00
2025-12-25 11:19:35,2025-12-24T17:52:00+08:00,2025-12-24T17:54:03+08:00,1.2286,103.7313,C,Cloud to Cloud,2025-12-24T17:51:35.645+08:00
2025-12-25 11:19:35,2025-12-24T17:52:00+08:00,2025-12-24T17:54:03+08:00,1.2408,103.7346,C,Cloud to Cloud,2025-12-24T17:51:35.646+08:00
2025-12-25 11:19:35,2025-12-24T17:52:00+08:00,2025-12-24T17:54:03+08:00,1.2356,103.7287,C,Cloud to Cloud,2025-12-24T17:51:35.646+08:00
2025-12-25 11:19:35,2025-12-24T17:52:00+08:00,2025-12-24T17:54:03+08:00,1.2338,103.7369,C,Cloud to Cloud,2025-12-24T17:51:35.646+08:00
2025-12-25 11:19:35,2025-12-24T17:52:00+08:00,2025-12-24T17:54:03+08:00,1.2257,103.7352,C,Cloud to Cloud,2025-12-24T17:51:35.648+08:00
2025-12-25 11:19:35,2025-12-24T17:52:00+08:00,2025-12-24T17:54:03+08:00,1.2257,103.7352,C,Cloud to Cloud,2025-12-24T17:51:35.648+08:00
2025-12-25 11:19:35,2025-12-24T17:52:00+08:00,2025-12-24T17:54:03+08:00,1.2279,103.7324,C,Cloud to Cloud,2025-12-24T17:51:35.682+08:00
2025-12-25 11:19:35,2025-12-24T17:52:00+08:00,2025-12-24T17:54:03+08:00,1.228,103.7367,C,Cloud to Cloud,2025-12-24T17:51:35.682+08:00
2025-12-25 11:19:35,2025-12-24T17:52:00+08:00,2025-12-24T17:54:03+08:00,0.9575,103.9726,C,Cloud to Cloud,2025-12-24T17:51:56.071+08:00
2025-12-25 11:19:35,2025-12-24T17:52:00+08:00,2025-12-24T17:54:03+08:00,0.9773,103.9634,C,Cloud to Cloud,2025-12-24T17:51:56.071+08:00
2025-12-25 11:19:35,2025-12-24T17:52:00+08:00,2025-12-24T17:54:03+08:00,0.9586,103.9717,C,Cloud to Cloud,2025-12-24T17:51:56.071+08:00
2025-12-25 11:19:35,2025-12-24T17:52:00+08:00,2025-12-24T17:54:03+08:00,0.9641,103.9689,C,Cloud to Cloud,2025-12-24T17:51:56.071+08:00
2025-12-25 11:19:35,2025-12-24T17:52:00+08:00,2025-12-24T17:54:03+08:00,0.9551,103.973,C,Cloud to Cloud,2025-12-24T17:51:56.071+08:00
2025-12-25 11:19:35,2025-12-24T17:52:00+08:00,2025-12-24T17:54:03+08:00,0.9623,103.9714,C,Cloud to Cloud,2025-12-24T17:51:56.072+08:00
2025-12-25 11:19:35,2025-12-24T17:52:00+08:00,2025-12-24T17:54:03+08:00,0.9648,103.9689,C,Cloud to Cloud,2025-12-24T17:51:56.072+08:00
2025-12-25 11:19:35,2025-12-24T17:52:00+08:00,2025-12-24T17:54:03+08:00,0.9548,103.9738,C,Cloud to Cloud,2025-12-24T17:51:56.072+08:00
2025-12-25 11:19:35,2025-12-24T17:52:00+08:00,2025-12-24T17:54:03+08:00,0.9587,103.9713,C,Cloud to Cloud,2025-12-24T17:51:56.072+08:00
2025-12-25 11:19:35,2025-12-24T17:52:00+08:00,2025-12-24T17:54:03+08:00,0.9735,103.9645,C,Cloud to Cloud,2025-12-24T17:51:56.072+08:00
2025-12-25 11:19:35,2025-12-24T17:52:00+08:00,2025-12-24T17:54:03+08:00,0.954,103.9738,C,Cloud to Cloud,2025-12-24T17:51:56.072+08:00
2025-12-25 11:19:35,2025-12-24T17:52:00+08:00,2025-12-24T17:54:03+08:00,0.9665,103.9681,C,Cloud to Cloud,2025-12-24T17:51:56.072+08:00
2025-12-25 11:19:35,2025-12-24T17:52:00+08:00,2025-12-24T17:54:03+08:00,0.9742,103.9646,C,Cloud to Cloud,2025-12-24T17:51:56.072+08:00
2025-12-25 11:19:35,2025-12-24T17:52:00+08:00,2025-12-24T17:54:03+08:00,0.9677,103.9668,C,Cloud to Cloud,2025-12-24T17:51:56.073+08:00
2025-12-25 11:19:35,2025-12-24T17:52:00+08:00,2025-12-24T17:54:03+08:00,0.9571,103.9717,C,Cloud to Cloud,2025-12-24T17:51:56.073+08:00
2025-12-25 11:19:35,2025-12-24T17:52:00+08:00,2025-12-24T17:54:03+08:00,0.9587,103.9713,C,Cloud to Cloud,2025-12-24T17:51:56.073+08:00
2025-12-25 11:19:35,2025-12-24T17:52:00+08:00,2025-12-24T17:54:03+08:00,0.9514,103.9747,C,Cloud to Cloud,2025-12-24T17:51:56.074+08:00
2025-12-25 11:19:35,2025-12-24T17:52:00+08:00,2025-12-24T17:54:03+08:00,0.9679,103.9641,C,Cloud to Cloud,2025-12-24T17:51:56.082+08:00
2025-12-25 11:19:35,2025-12-24T17:52:00+08:00,2025-12-24T17:54:03+08:00,0.9558,103.9704,C,Cloud to Cloud,2025-12-24T17:51:56.082+08:00
2025-12-25 11:19:35,2025-12-24T17:52:00+08:00,2025-12-24T17:54:03+08:00,0.9542,103.9737,C,Cloud to Cloud,2025-12-24T17:51:56.082+08:00
2025-12-25 11:19:35,2025-12-24T17:52:00+08:00,2025-12-24T17:54:03+08:00,0.9557,103.957,C,Cloud to Cloud,2025-12-24T17:51:56.532+08:00
2025-12-25 11:19:35,2025-12-24T17:50:00+08:00,2025-12-24T17:52:03+08:00,1.2319,103.7304,C,Cloud to Cloud,2025-12-24T17:48:15.246+08:00
2025-12-25 11:19:35,2025-12-24T17:50:00+08:00,2025-12-24T17:52:03+08:00,0.959,103.955,C,Cloud to Cloud,2025-12-24T17:49:39.13+08:00
2025-12-25 11:19:35,2025-12-24T17:48:00+08:00,2025-12-24T17:50:02+08:00,1.0476,103.9229,C,Cloud to Cloud,2025-12-24T17:46:16.652+08:00
2025-12-25 11:19:35,2025-12-24T17:48:00+08:00,2025-12-24T17:50:02+08:00,1.0426,103.9307,C,Cloud to Cloud,2025-12-24T17:46:16.652+08:00
2025-12-25 11:19:35,2025-12-24T17:48:00+08:00,2025-12-24T17:50:02+08:00,1.0248,103.8902,C,Cloud to Cloud,2025-12-24T17:46:16.977+08:00
2025-12-25 11:19:35,2025-12-24T17:48:00+08:00,2025-12-24T17:50:02+08:00,0.9935,103.9461,C,Cloud to Cloud,2025-12-24T17:46:28.67+08:00
2025-12-25 11:19:35,2025-12-24T17:48:00+08:00,2025-12-24T17:50:02+08:00,1.0355,103.9212,C,Cloud to Cloud,2025-12-24T17:46:28.67+08:00
2025-12-25 11:19:35,2025-12-24T17:48:00+08:00,2025-12-24T17:50:02+08:00,1.197,103.6964,C,Cloud to Cloud,2025-12-24T17:46:34.399+08:00
2025-12-25 11:19:35,2025-12-24T17:48:00+08:00,2025-12-24T17:50:02+08:00,0.9752,103.9347,C,Cloud to Cloud,2025-12-24T17:46:57.152+08:00
2025-12-25 11:19:35,2025-12-24T17:48:00+08:00,2025-12-24T17:50:02+08:00,0.9749,103.9686,C,Cloud to Cloud,2025-12-24T17:46:57.152+08:00
2025-12-25 11:19:35,2025-12-24T17:48:00+08:00,2025-12-24T17:50:02+08:00,1.0274,103.9624,C,Cloud to Cloud,2025-12-24T17:46:57.177+08:00
2025-12-25 11:19:35,2025-12-24T17:48:00+08:00,2025-12-24T17:50:02+08:00,0.9653,103.948,C,Cloud to Cloud,2025-12-24T17:46:57.681+08:00
2025-12-25 11:19:35,2025-12-24T17:48:00+08:00,2025-12-24T17:50:02+08:00,0.9653,103.948,C,Cloud to Cloud,2025-12-24T17:46:57.681+08:00
2025-12-25 11:19:35,2025-12-24T17:48:00+08:00,2025-12-24T17:50:02+08:00,0.9684,103.9649,C,Cloud to Cloud,2025-12-24T17:47:37.225+08:00
2025-12-25 11:19:35,2025-12-24T17:46:00+08:00,2025-12-24T17:48:02+08:00,0.9864,103.9574,C,Cloud to Cloud,2025-12-24T17:44:00.558+08:00
2025-12-25 11:19:35,2025-12-24T17:46:00+08:00,2025-12-24T17:48:02+08:00,0.9864,103.9574,C,Cloud to Cloud,2025-12-24T17:44:00.558+08:00
2025-12-25 11:19:35,2025-12-24T17:46:00+08:00,2025-12-24T17:48:02+08:00,0.9786,103.9682,C,Cloud to Cloud,2025-12-24T17:44:00.686+08:00
2025-12-25 11:19:35,2025-12-24T17:46:00+08:00,2025-12-24T17:48:02+08:00,0.9786,103.9682,C,Cloud to Cloud,2025-12-24T17:44:00.686+08:00
2025-12-25 11:19:35,2025-12-24T17:46:00+08:00,2025-12-24T17:48:02+08:00,0.9744,103.9776,C,Cloud to Cloud,2025-12-24T17:44:00.777+08:00
2025-12-25 11:19:35,2025-12-24T17:46:00+08:00,2025-12-24T17:48:02+08:00,0.9713,103.9796,C,Cloud to Cloud,2025-12-24T17:44:00.777+08:00
2025-12-25 11:19:35,2025-12-24T17:46:00+08:00,2025-12-24T17:48:02+08:00,1.0082,103.9198,C,Cloud to Cloud,2025-12-24T17:44:22.883+08:00
2025-12-25 11:19:35,2025-12-24T17:46:00+08:00,2025-12-24T17:48:02+08:00,0.9668,103.9635,C,Cloud to Cloud,2025-12-24T17:44:23.256+08:00
2025-12-25 11:19:35,2025-12-24T17:46:00+08:00,2025-12-24T17:48:02+08:00,0.9668,103.9635,C,Cloud to Cloud,2025-12-24T17:44:23.256+08:00
2025-12-25 11:19:35,2025-12-24T17:46:00+08:00,2025-12-24T17:48:02+08:00,0.9849,103.9467,C,Cloud to Cloud,2025-12-24T17:44:23.335+08:00
2025-12-25 11:19:35,2025-12-24T17:46:00+08:00,2025-12-24T17:48:02+08:00,0.9849,103.9467,C,Cloud to Cloud,2025-12-24T17:44:23.335+08:00
2025-12-25 11:19:35,2025-12-24T17:46:00+08:00,2025-12-24T17:48:02+08:00,0.9817,103.9367,C,Cloud to Cloud,2025-12-24T17:44:23.531+08:00
2025-12-25 11:19:35,2025-12-24T17:46:00+08:00,2025-12-24T17:48:02+08:00,0.9936,103.9293,C,Cloud to Cloud,2025-12-24T17:44:23.549+08:00
2025-12-25 11:19:35,2025-12-24T17:46:00+08:00,2025-12-24T17:48:02+08:00,0.9791,103.9291,C,Cloud to Cloud,2025-12-24T17:44:23.549+08:00
2025-12-25 11:19:35,2025-12-24T17:46:00+08:00,2025-12-24T17:48:02+08:00,1.0049,103.9395,C,Cloud to Cloud,2025-12-24T17:44:23.549+08:00
2025-12-25 11:19:35,2025-12-24T17:46:00+08:00,2025-12-24T17:48:02+08:00,0.98,104.0324,C,Cloud to Cloud,2025-12-24T17:44:42.23+08:00
2025-12-25 11:19:35,2025-12-24T17:46:00+08:00,2025-12-24T17:48:02+08:00,0.9637,104.0223,C,Cloud to Cloud,2025-12-24T17:44:42.23+08:00
2025-12-25 11:19:35,2025-12-24T17:46:00+08:00,2025-12-24T17:48:02+08:00,0.9581,104.0139,C,Cloud to Cloud,2025-12-24T17:44:42.236+08:00
2025-12-25 11:19:35,2025-12-24T17:46:00+08:00,2025-12-24T17:48:02+08:00,0.9575,104.0126,C,Cloud to Cloud,2025-12-24T17:44:42.237+08:00
2025-12-25 11:19:35,2025-12-24T17:46:00+08:00,2025-12-24T17:48:02+08:00,0.9845,103.9963,C,Cloud to Cloud,2025-12-24T17:44:42.237+08:00
2025-12-25 11:19:35,2025-12-24T17:46:00+08:00,2025-12-24T17:48:02+08:00,0.9817,104.0245,C,Cloud to Cloud,2025-12-24T17:44:42.251+08:00
2025-12-25 11:19:35,2025-12-24T17:46:00+08:00,2025-12-24T17:48:02+08:00,0.9602,104.0303,C,Cloud to Cloud,2025-12-24T17:44:42.353+08:00
2025-12-25 11:19:35,2025-12-24T17:46:00+08:00,2025-12-24T17:48:02+08:00,1.0267,103.9623,C,Cloud to Cloud,2025-12-24T17:44:42.41+08:00
2025-12-25 11:19:35,2025-12-24T17:46:00+08:00,2025-12-24T17:48:02+08:00,0.9552,104.0267,C,Cloud to Cloud,2025-12-24T17:44:42.433+08:00
2025-12-25 11:19:35,2025-12-24T17:46:00+08:00,2025-12-24T17:48:02+08:00,0.9705,103.9692,C,Cloud to Cloud,2025-12-24T17:44:42.436+08:00
2025-12-25 11:19:35,2025-12-24T17:46:00+08:00,2025-12-24T17:48:02+08:00,0.9705,103.9692,C,Cloud to Cloud,2025-12-24T17:44:42.436+08:00
2025-12-25 11:19:35,2025-12-24T17:46:00+08:00,2025-12-24T17:48:02+08:00,0.9614,103.9715,C,Cloud to Cloud,2025-12-24T17:44:42.546+08:00
2025-12-25 11:19:35,2025-12-24T17:46:00+08:00,2025-12-24T17:48:02+08:00,0.9534,103.9627,C,Cloud to Cloud,2025-12-24T17:44:42.794+08:00
2025-12-25 11:19:35,2025-12-24T17:46:00+08:00,2025-12-24T17:48:02+08:00,0.9922,103.9509,C,Cloud to Cloud,2025-12-24T17:44:42.795+08:00
2025-12-25 11:19:35,2025-12-24T17:46:00+08:00,2025-12-24T17:48:02+08:00,1.2231,103.7418,C,Cloud to Cloud,2025-12-24T17:44:56.143+08:00
2025-12-25 11:19:35,2025-12-24T17:46:00+08:00,2025-12-24T17:48:02+08:00,1.2231,103.7418,C,Cloud to Cloud,2025-12-24T17:44:56.143+08:00
2025-12-25 11:19:35,2025-12-24T17:46:00+08:00,2025-12-24T17:48:02+08:00,1.2246,103.7377,C,Cloud to Cloud,2025-12-24T17:44:56.145+08:00
2025-12-25 11:19:35,2025-12-24T17:46:00+08:00,2025-12-24T17:48:02+08:00,1.2246,103.7377,C,Cloud to Cloud,2025-12-24T17:44:56.146+08:00
2025-12-25 11:19:35,2025-12-24T17:46:00+08:00,2025-12-24T17:48:02+08:00,1.2315,103.7381,C,Cloud to Cloud,2025-12-24T17:44:56.166+08:00
2025-12-25 11:19:35,2025-12-24T17:46:00+08:00,2025-12-24T17:48:02+08:00,1.0152,103.9125,C,Cloud to Cloud,2025-12-24T17:45:41.217+08:00
2025-12-25 11:19:35,2025-12-24T17:46:00+08:00,2025-12-24T17:48:02+08:00,1.2239,103.7409,C,Cloud to Cloud,2025-12-24T17:45:41.341+08:00
2025-12-25 11:19:35,2025-12-24T17:46:00+08:00,2025-12-24T17:48:02+08:00,1.225,103.7389,C,Cloud to Cloud,2025-12-24T17:45:41.341+08:00
2025-12-25 11:19:35,2025-12-24T17:46:00+08:00,2025-12-24T17:48:02+08:00,1.2341,103.7371,C,Cloud to Cloud,2025-12-24T17:45:41.341+08:00
2025-12-25 11:19:35,2025-12-24T17:46:00+08:00,2025-12-24T17:48:02+08:00,1.225,103.7389,C,Cloud to Cloud,2025-12-24T17:45:41.341+08:00
2025-12-25 11:19:35,2025-12-24T17:46:00+08:00,2025-12-24T17:48:02+08:00,1.224,103.7402,C,Cloud to Cloud,2025-12-24T17:45:41.341+08:00
2025-12-25 11:19:35,2025-12-24T17:46:00+08:00,2025-12-24T17:48:02+08:00,1.224,103.7391,C,Cloud to Cloud,2025-12-24T17:45:41.341+08:00
2025-12-25 11:19:35,2025-12-24T17:46:00+08:00,2025-12-24T17:48:02+08:00,1.2441,103.7512,C,Cloud to Cloud,2025-12-24T17:45:41.342+08:00
2025-12-25 11:19:35,2025-12-24T17:46:00+08:00,2025-12-24T17:48:02+08:00,1.224,103.7391,C,Cloud to Cloud,2025-12-24T17:45:41.342+08:00
2025-12-25 11:19:35,2025-12-24T17:46:00+08:00,2025-12-24T17:48:02+08:00,1.2412,103.7519,C,Cloud to Cloud,2025-12-24T17:45:41.342+08:00
2025-12-25 11:19:35,2025-12-24T17:46:00+08:00,2025-12-24T17:48:02+08:00,1.2236,103.7388,C,Cloud to Cloud,2025-12-24T17:45:41.342+08:00
2025-12-25 11:19:35,2025-12-24T17:46:00+08:00,2025-12-24T17:48:02+08:00,1.2126,103.7517,C,Cloud to Cloud,2025-12-24T17:45:41.342+08:00
2025-12-25 11:19:35,2025-12-24T17:46:00+08:00,2025-12-24T17:48:02+08:00,1.2419,103.752,C,Cloud to Cloud,2025-12-24T17:45:41.342+08:00
2025-12-25 11:19:35,2025-12-24T17:46:00+08:00,2025-12-24T17:48:02+08:00,1.2243,103.7398,C,Cloud to Cloud,2025-12-24T17:45:41.342+08:00
2025-12-25 11:19:35,2025-12-24T17:46:00+08:00,2025-12-24T17:48:02+08:00,1.2241,103.7393,C,Cloud to Cloud,2025-12-24T17:45:41.342+08:00
2025-12-25 11:19:35,2025-12-24T17:46:00+08:00,2025-12-24T17:48:02+08:00,1.2249,103.7394,C,Cloud to Cloud,2025-12-24T17:45:41.342+08:00
2025-12-25 11:19:35,2025-12-24T17:46:00+08:00,2025-12-24T17:48:02+08:00,1.237,103.7501,C,Cloud to Cloud,2025-12-24T17:45:41.342+08:00
2025-12-25 11:19:35,2025-12-24T17:46:00+08:00,2025-12-24T17:48:02+08:00,1.2249,103.7394,C,Cloud to Cloud,2025-12-24T17:45:41.342+08:00
2025-12-25 11:19:35,2025-12-24T17:46:00+08:00,2025-12-24T17:48:02+08:00,1.2241,103.7404,C,Cloud to Cloud,2025-12-24T17:45:41.342+08:00
2025-12-25 11:19:35,2025-12-24T17:46:00+08:00,2025-12-24T17:48:02+08:00,1.2241,103.7406,C,Cloud to Cloud,2025-12-24T17:45:41.342+08:00
2025-12-25 11:19:35,2025-12-24T17:46:00+08:00,2025-12-24T17:48:02+08:00,1.2416,103.752,C,Cloud to Cloud,2025-12-24T17:45:41.342+08:00
2025-12-25 11:19:35,2025-12-24T17:46:00+08:00,2025-12-24T17:48:02+08:00,1.2241,103.7406,C,Cloud to Cloud,2025-12-24T17:45:41.342+08:00
2025-12-25 11:19:35,2025-12-24T17:46:00+08:00,2025-12-24T17:48:02+08:00,1.244,103.7516,C,Cloud to Cloud,2025-12-24T17:45:41.342+08:00
2025-12-25 11:19:35,2025-12-24T17:46:00+08:00,2025-12-24T17:48:02+08:00,1.2244,103.7412,C,Cloud to Cloud,2025-12-24T17:45:41.342+08:00
2025-12-25 11:19:35,2025-12-24T17:46:00+08:00,2025-12-24T17:48:02+08:00,1.2247,103.7417,C,Cloud to Cloud,2025-12-24T17:45:41.342+08:00
2025-12-25 11:19:35,2025-12-24T17:46:00+08:00,2025-12-24T17:48:02+08:00,1.2243,103.7422,C,Cloud to Cloud,2025-12-24T17:45:41.342+08:00
2025-12-25 11:19:35,2025-12-24T17:46:00+08:00,2025-12-24T17:48:02+08:00,1.2253,103.742,C,Cloud to Cloud,2025-12-24T17:45:41.342+08:00
2025-12-25 11:19:35,2025-12-24T17:46:00+08:00,2025-12-24T17:48:02+08:00,1.2402,103.7517,C,Cloud to Cloud,2025-12-24T17:45:41.343+08:00
2025-12-25 11:19:35,2025-12-24T17:46:00+08:00,2025-12-24T17:48:02+08:00,1.2253,103.742,C,Cloud to Cloud,2025-12-24T17:45:41.343+08:00
2025-12-25 11:19:35,2025-12-24T17:46:00+08:00,2025-12-24T17:48:02+08:00,1.2257,103.7444,C,Cloud to Cloud,2025-12-24T17:45:41.343+08:00
2025-12-25 11:19:35,2025-12-24T17:46:00+08:00,2025-12-24T17:48:02+08:00,1.2254,103.7435,C,Cloud to Cloud,2025-12-24T17:45:41.343+08:00
2025-12-25 11:19:35,2025-12-24T17:46:00+08:00,2025-12-24T17:48:02+08:00,1.2414,103.7444,C,Cloud to Cloud,2025-12-24T17:45:41.343+08:00
2025-12-25 11:19:35,2025-12-24T17:46:00+08:00,2025-12-24T17:48:02+08:00,1.2251,103.7436,C,Cloud to Cloud,2025-12-24T17:45:41.343+08:00
2025-12-25 11:19:35,2025-12-24T17:46:00+08:00,2025-12-24T17:48:02+08:00,1.2257,103.7441,C,Cloud to Cloud,2025-12-24T17:45:41.343+08:00
2025-12-25 11:19:35,2025-12-24T17:46:00+08:00,2025-12-24T17:48:02+08:00,1.2252,103.743,C,Cloud to Cloud,2025-12-24T17:45:41.343+08:00
2025-12-25 11:19:35,2025-12-24T17:46:00+08:00,2025-12-24T17:48:02+08:00,1.2259,103.7453,C,Cloud to Cloud,2025-12-24T17:45:41.343+08:00
2025-12-25 11:19:35,2025-12-24T17:46:00+08:00,2025-12-24T17:48:02+08:00,1.2256,103.7444,C,Cloud to Cloud,2025-12-24T17:45:41.343+08:00
2025-12-25 11:19:35,2025-12-24T17:46:00+08:00,2025-12-24T17:48:02+08:00,1.241,103.7449,C,Cloud to Cloud,2025-12-24T17:45:41.343+08:00
2025-12-25 11:19:35,2025-12-24T17:46:00+08:00,2025-12-24T17:48:02+08:00,1.2261,103.7436,C,Cloud to Cloud,2025-12-24T17:45:41.343+08:00
2025-12-25 11:19:35,2025-12-24T17:46:00+08:00,2025-12-24T17:48:02+08:00,1.2261,103.7436,C,Cloud to Cloud,2025-12-24T17:45:41.344+08:00
2025-12-25 11:19:35,2025-12-24T17:46:00+08:00,2025-12-24T17:48:02+08:00,1.2257,103.7459,C,Cloud to Cloud,2025-12-24T17:45:41.344+08:00
2025-12-25 11:19:35,2025-12-24T17:46:00+08:00,2025-12-24T17:48:02+08:00,1.2257,103.7459,C,Cloud to Cloud,2025-12-24T17:45:41.344+08:00
2025-12-25 11:19:35,2025-12-24T17:46:00+08:00,2025-12-24T17:48:02+08:00,1.2225,103.7487,C,Cloud to Cloud,2025-12-24T17:45:41.362+08:00
2025-12-25 11:19:35,2025-12-24T17:46:00+08:00,2025-12-24T17:48:02+08:00,1.2226,103.7482,C,Cloud to Cloud,2025-12-24T17:45:41.362+08:00
2025-12-25 11:19:35,2025-12-24T17:46:00+08:00,2025-12-24T17:48:02+08:00,1.2226,103.6942,C,Cloud to Cloud,2025-12-24T17:45:41.373+08:00
2025-12-25 11:19:35,2025-12-24T17:46:00+08:00,2025-12-24T17:48:02+08:00,0.9627,103.9866,C,Cloud to Cloud,2025-12-24T17:45:44.899+08:00
2025-12-25 11:19:35,2025-12-24T17:44:00+08:00,2025-12-24T17:46:02+08:00,1.2202,103.725,C,Cloud to Cloud,2025-12-24T17:42:17.29+08:00
2025-12-25 11:19:35,2025-12-24T17:44:00+08:00,2025-12-24T17:46:02+08:00,1.2204,103.7272,C,Cloud to Cloud,2025-12-24T17:42:17.29+08:00
2025-12-25 11:19:35,2025-12-24T17:44:00+08:00,2025-12-24T17:46:02+08:00,1.2388,103.7599,C,Cloud to Cloud,2025-12-24T17:42:17.29+08:00
2025-12-25 11:19:35,2025-12-24T17:44:00+08:00,2025-12-24T17:46:02+08:00,1.2221,103.7361,C,Cloud to Cloud,2025-12-24T17:42:17.292+08:00
2025-12-25 11:19:35,2025-12-24T17:44:00+08:00,2025-12-24T17:46:02+08:00,1.2456,103.7502,C,Cloud to Cloud,2025-12-24T17:42:17.292+08:00
2025-12-25 11:19:35,2025-12-24T17:44:00+08:00,2025-12-24T17:46:02+08:00,1.2222,103.7367,C,Cloud to Cloud,2025-12-24T17:42:17.293+08:00
2025-12-25 11:19:35,2025-12-24T17:44:00+08:00,2025-12-24T17:46:02+08:00,1.2222,103.7387,C,Cloud to Cloud,2025-12-24T17:42:17.293+08:00
2025-12-25 11:19:35,2025-12-24T17:44:00+08:00,2025-12-24T17:46:02+08:00,1.2237,103.7404,C,Cloud to Cloud,2025-12-24T17:42:17.293+08:00
2025-12-25 11:19:35,2025-12-24T17:44:00+08:00,2025-12-24T17:46:02+08:00,1.1612,103.719,C,Cloud to Cloud,2025-12-24T17:42:17.293+08:00
2025-12-25 11:19:35,2025-12-24T17:44:00+08:00,2025-12-24T17:46:02+08:00,1.2237,103.7404,C,Cloud to Cloud,2025-12-24T17:42:17.293+08:00
2025-12-25 11:19:35,2025-12-24T17:44:00+08:00,2025-12-24T17:46:02+08:00,1.2166,103.7436,C,Cloud to Cloud,2025-12-24T17:42:17.308+08:00
2025-12-25 11:19:35,2025-12-24T17:44:00+08:00,2025-12-24T17:46:02+08:00,1.0408,103.9299,C,Cloud to Cloud,2025-12-24T17:42:29.856+08:00
2025-12-25 11:19:35,2025-12-24T17:44:00+08:00,2025-12-24T17:46:02+08:00,0.9583,103.9377,C,Cloud to Cloud,2025-12-24T17:42:29.856+08:00
2025-12-25 11:19:35,2025-12-24T17:44:00+08:00,2025-12-24T17:46:02+08:00,0.9926,103.9512,C,Cloud to Cloud,2025-12-24T17:42:47.487+08:00
2025-12-25 11:19:35,2025-12-24T17:44:00+08:00,2025-12-24T17:46:02+08:00,0.9895,103.9561,C,Cloud to Cloud,2025-12-24T17:42:47.507+08:00
2025-12-25 11:19:35,2025-12-24T17:44:00+08:00,2025-12-24T17:46:02+08:00,0.9834,103.9573,C,Cloud to Cloud,2025-12-24T17:42:47.546+08:00
2025-12-25 11:19:35,2025-12-24T17:44:00+08:00,2025-12-24T17:46:02+08:00,0.9649,103.9716,C,Cloud to Cloud,2025-12-24T17:42:47.562+08:00
2025-12-25 11:19:35,2025-12-24T17:44:00+08:00,2025-12-24T17:46:02+08:00,0.9869,103.9375,C,Cloud to Cloud,2025-12-24T17:42:47.575+08:00
2025-12-25 11:19:35,2025-12-24T17:44:00+08:00,2025-12-24T17:46:02+08:00,0.9869,103.9375,C,Cloud to Cloud,2025-12-24T17:42:47.575+08:00
2025-12-25 11:19:35,2025-12-24T17:44:00+08:00,2025-12-24T17:46:02+08:00,0.9566,103.96,C,Cloud to Cloud,2025-12-24T17:42:47.575+08:00
2025-12-25 11:19:35,2025-12-24T17:44:00+08:00,2025-12-24T17:46:02+08:00,0.9865,103.9575,C,Cloud to Cloud,2025-12-24T17:42:47.575+08:00
2025-12-25 11:19:35,2025-12-24T17:44:00+08:00,2025-12-24T17:46:02+08:00,0.9765,103.9618,C,Cloud to Cloud,2025-12-24T17:42:47.575+08:00
2025-12-25 11:19:35,2025-12-24T17:44:00+08:00,2025-12-24T17:46:02+08:00,0.9964,103.955,C,Cloud to Cloud,2025-12-24T17:42:47.576+08:00
2025-12-25 11:19:35,2025-12-24T17:44:00+08:00,2025-12-24T17:46:02+08:00,0.9931,103.9535,C,Cloud to Cloud,2025-12-24T17:42:47.641+08:00
2025-12-25 11:19:35,2025-12-24T17:44:00+08:00,2025-12-24T17:46:02+08:00,0.9603,103.9517,C,Cloud to Cloud,2025-12-24T17:42:47.641+08:00
2025-12-25 11:19:35,2025-12-24T17:44:00+08:00,2025-12-24T17:46:02+08:00,0.9603,103.9517,C,Cloud to Cloud,2025-12-24T17:42:47.642+08:00
2025-12-25 11:19:35,2025-12-24T17:44:00+08:00,2025-12-24T17:46:02+08:00,0.9563,103.9693,C,Cloud to Cloud,2025-12-24T17:42:47.666+08:00
2025-12-25 11:19:35,2025-12-24T17:44:00+08:00,2025-12-24T17:46:02+08:00,0.9563,103.9693,C,Cloud to Cloud,2025-12-24T17:42:47.666+08:00
2025-12-25 11:19:35,2025-12-24T17:44:00+08:00,2025-12-24T17:46:02+08:00,0.9704,103.957,C,Cloud to Cloud,2025-12-24T17:42:47.71+08:00
2025-12-25 11:19:35,2025-12-24T17:44:00+08:00,2025-12-24T17:46:02+08:00,0.9704,103.957,C,Cloud to Cloud,2025-12-24T17:42:47.71+08:00
2025-12-25 11:19:35,2025-12-24T17:44:00+08:00,2025-12-24T17:46:02+08:00,0.9988,103.9668,C,Cloud to Cloud,2025-12-24T17:42:47.733+08:00
2025-12-25 11:19:35,2025-12-24T17:44:00+08:00,2025-12-24T17:46:02+08:00,0.9594,103.9747,C,Cloud to Cloud,2025-12-24T17:42:47.733+08:00
2025-12-25 11:19:35,2025-12-24T17:44:00+08:00,2025-12-24T17:46:02+08:00,0.989,103.9576,C,Cloud to Cloud,2025-12-24T17:42:47.78+08:00
2025-12-25 11:19:35,2025-12-24T17:44:00+08:00,2025-12-24T17:46:02+08:00,1.0055,103.9531,C,Cloud to Cloud,2025-12-24T17:42:47.78+08:00
2025-12-25 11:19:35,2025-12-24T17:44:00+08:00,2025-12-24T17:46:02+08:00,0.9956,103.9587,C,Cloud to Cloud,2025-12-24T17:42:47.78+08:00
2025-12-25 11:19:35,2025-12-24T17:44:00+08:00,2025-12-24T17:46:02+08:00,1.0132,103.9612,C,Cloud to Cloud,2025-12-24T17:42:47.782+08:00
2025-12-25 11:19:35,2025-12-24T17:44:00+08:00,2025-12-24T17:46:02+08:00,0.9576,103.9612,C,Cloud to Cloud,2025-12-24T17:42:47.782+08:00
2025-12-25 11:19:35,2025-12-24T17:44:00+08:00,2025-12-24T17:46:02+08:00,1.0379,103.9503,C,Cloud to Cloud,2025-12-24T17:42:47.783+08:00
2025-12-25 11:19:35,2025-12-24T17:44:00+08:00,2025-12-24T17:46:02+08:00,0.961,103.9582,C,Cloud to Cloud,2025-12-24T17:42:47.873+08:00
2025-12-25 11:19:35,2025-12-24T17:44:00+08:00,2025-12-24T17:46:02+08:00,0.9974,103.9544,C,Cloud to Cloud,2025-12-24T17:42:47.873+08:00
2025-12-25 11:19:35,2025-12-24T17:44:00+08:00,2025-12-24T17:46:02+08:00,0.9776,103.9627,C,Cloud to Cloud,2025-12-24T17:42:47.873+08:00
2025-12-25 11:19:35,2025-12-24T17:44:00+08:00,2025-12-24T17:46:02+08:00,0.9998,103.9522,C,Cloud to Cloud,2025-12-24T17:42:47.873+08:00
2025-12-25 11:19:35,2025-12-24T17:44:00+08:00,2025-12-24T17:46:02+08:00,0.9926,103.9388,C,Cloud to Cloud,2025-12-24T17:43:42.86+08:00
2025-12-25 11:19:35,2025-12-24T17:44:00+08:00,2025-12-24T17:46:02+08:00,0.9926,103.9388,C,Cloud to Cloud,2025-12-24T17:43:42.86+08:00
2025-12-25 11:19:35,2025-12-24T17:44:00+08:00,2025-12-24T17:46:02+08:00,1.224,103.7523,C,Cloud to Cloud,2025-12-24T17:43:43.031+08:00
2025-12-25 11:19:35,2025-12-24T17:44:00+08:00,2025-12-24T17:46:02+08:00,1.2217,103.7326,C,Cloud to Cloud,2025-12-24T17:43:43.032+08:00
2025-12-25 11:19:35,2025-12-24T17:44:00+08:00,2025-12-24T17:46:02+08:00,1.2219,103.7353,C,Cloud to Cloud,2025-12-24T17:43:43.032+08:00
2025-12-25 11:19:35,2025-12-24T17:44:00+08:00,2025-12-24T17:46:02+08:00,1.2465,103.7441,C,Cloud to Cloud,2025-12-24T17:43:43.032+08:00
2025-12-25 11:19:35,2025-12-24T17:44:00+08:00,2025-12-24T17:46:02+08:00,1.1885,103.6727,C,Cloud to Cloud,2025-12-24T17:43:43.046+08:00
2025-12-25 11:19:35,2025-12-24T17:44:00+08:00,2025-12-24T17:46:02+08:00,1.2473,103.7361,C,Cloud to Cloud,2025-12-24T17:43:43.119+08:00
2025-12-25 11:19:35,2025-12-24T17:44:00+08:00,2025-12-24T17:46:02+08:00,1.2273,103.7196,C,Cloud to Cloud,2025-12-24T17:43:43.119+08:00
2025-12-25 11:19:35,2025-12-24T17:44:00+08:00,2025-12-24T17:46:02+08:00,1.2475,103.7352,C,Cloud to Cloud,2025-12-24T17:43:43.119+08:00
2025-12-25 11:19:35,2025-12-24T17:44:00+08:00,2025-12-24T17:46:02+08:00,1.2496,103.7361,C,Cloud to Cloud,2025-12-24T17:43:43.119+08:00
2025-12-25 11:19:35,2025-12-24T17:44:00+08:00,2025-12-24T17:46:02+08:00,1.2159,103.716,C,Cloud to Cloud,2025-12-24T17:43:43.119+08:00
2025-12-25 11:19:35,2025-12-24T17:44:00+08:00,2025-12-24T17:46:02+08:00,1.2508,103.7362,C,Cloud to Cloud,2025-12-24T17:43:43.119+08:00
2025-12-25 11:19:35,2025-12-24T17:44:00+08:00,2025-12-24T17:46:02+08:00,1.2516,103.7312,C,Cloud to Cloud,2025-12-24T17:43:43.12+08:00
2025-12-25 11:19:35,2025-12-24T17:44:00+08:00,2025-12-24T17:46:02+08:00,1.2329,103.7284,C,Cloud to Cloud,2025-12-24T17:43:43.12+08:00
2025-12-25 11:19:35,2025-12-24T17:44:00+08:00,2025-12-24T17:46:02+08:00,1.2627,103.7238,C,Cloud to Cloud,2025-12-24T17:43:43.12+08:00
2025-12-25 11:19:35,2025-12-24T17:44:00+08:00,2025-12-24T17:46:02+08:00,1.2512,103.735,C,Cloud to Cloud,2025-12-24T17:43:43.12+08:00
2025-12-25 11:19:35,2025-12-24T17:44:00+08:00,2025-12-24T17:46:02+08:00,1.2218,103.7244,C,Cloud to Cloud,2025-12-24T17:43:43.12+08:00
2025-12-25 11:19:35,2025-12-24T17:44:00+08:00,2025-12-24T17:46:02+08:00,1.2254,103.7267,C,Cloud to Cloud,2025-12-24T17:43:43.12+08:00
2025-12-25 11:19:35,2025-12-24T17:44:00+08:00,2025-12-24T17:46:02+08:00,1.2525,103.7339,C,Cloud to Cloud,2025-12-24T17:43:43.12+08:00
2025-12-25 11:19:35,2025-12-24T17:44:00+08:00,2025-12-24T17:46:02+08:00,1.2231,103.7246,C,Cloud to Cloud,2025-12-24T17:43:43.12+08:00
2025-12-25 11:19:35,2025-12-24T17:44:00+08:00,2025-12-24T17:46:02+08:00,1.2524,103.7328,C,Cloud to Cloud,2025-12-24T17:43:43.12+08:00
2025-12-25 11:19:35,2025-12-24T17:44:00+08:00,2025-12-24T17:46:02+08:00,1.2238,103.7264,C,Cloud to Cloud,2025-12-24T17:43:43.121+08:00
2025-12-25 11:19:35,2025-12-24T17:44:00+08:00,2025-12-24T17:46:02+08:00,1.2201,103.7251,C,Cloud to Cloud,2025-12-24T17:43:43.121+08:00
2025-12-25 11:19:35,2025-12-24T17:44:00+08:00,2025-12-24T17:46:02+08:00,1.2544,103.7342,C,Cloud to Cloud,2025-12-24T17:43:43.121+08:00
2025-12-25 11:19:35,2025-12-24T17:44:00+08:00,2025-12-24T17:46:02+08:00,1.2233,103.7227,C,Cloud to Cloud,2025-12-24T17:43:43.121+08:00
2025-12-25 11:19:35,2025-12-24T17:44:00+08:00,2025-12-24T17:46:02+08:00,1.2139,103.7206,C,Cloud to Cloud,2025-12-24T17:43:43.121+08:00
2025-12-25 11:19:35,2025-12-24T17:44:00+08:00,2025-12-24T17:46:02+08:00,1.2239,103.7246,C,Cloud to Cloud,2025-12-24T17:43:43.121+08:00
2025-12-25 11:19:35,2025-12-24T17:44:00+08:00,2025-12-24T17:46:02+08:00,1.2174,103.7212,C,Cloud to Cloud,2025-12-24T17:43:43.121+08:00
2025-12-25 11:19:35,2025-12-24T17:44:00+08:00,2025-12-24T17:46:02+08:00,1.2206,103.722,C,Cloud to Cloud,2025-12-24T17:43:43.121+08:00
2025-12-25 11:19:35,2025-12-24T17:44:00+08:00,2025-12-24T17:46:02+08:00,1.2182,103.7233,C,Cloud to Cloud,2025-12-24T17:43:43.122+08:00
2025-12-25 11:19:35,2025-12-24T17:44:00+08:00,2025-12-24T17:46:02+08:00,1.2219,103.7206,C,Cloud to Cloud,2025-12-24T17:43:43.122+08:00
2025-12-25 11:19:35,2025-12-24T17:44:00+08:00,2025-12-24T17:46:02+08:00,1.2271,103.724,C,Cloud to Cloud,2025-12-24T17:43:43.122+08:00
2025-12-25 11:19:35,2025-12-24T17:44:00+08:00,2025-12-24T17:46:02+08:00,1.2259,103.7237,C,Cloud to Cloud,2025-12-24T17:43:43.123+08:00
2025-12-25 11:19:35,2025-12-24T17:44:00+08:00,2025-12-24T17:46:02+08:00,1.2379,103.7297,C,Cloud to Cloud,2025-12-24T17:43:43.123+08:00
2025-12-25 11:19:35,2025-12-24T17:44:00+08:00,2025-12-24T17:46:02+08:00,1.2393,103.7275,C,Cloud to Cloud,2025-12-24T17:43:43.123+08:00
2025-12-25 11:19:35,2025-12-24T17:44:00+08:00,2025-12-24T17:46:02+08:00,1.2276,103.7253,C,Cloud to Cloud,2025-12-24T17:43:43.123+08:00
2025-12-25 11:19:35,2025-12-24T17:44:00+08:00,2025-12-24T17:46:02+08:00,1.2608,103.7318,C,Cloud to Cloud,2025-12-24T17:43:43.123+08:00
2025-12-25 11:19:35,2025-12-24T17:44:00+08:00,2025-12-24T17:46:02+08:00,1.2396,103.7287,C,Cloud to Cloud,2025-12-24T17:43:43.124+08:00
2025-12-25 11:19:35,2025-12-24T17:42:00+08:00,2025-12-24T17:44:03+08:00,1.217,103.7278,C,Cloud to Cloud,2025-12-24T17:40:39.274+08:00
2025-12-25 11:19:35,2025-12-24T17:42:00+08:00,2025-12-24T17:44:03+08:00,1.217,103.7278,C,Cloud to Cloud,2025-12-24T17:40:39.274+08:00
2025-12-25 11:19:35,2025-12-24T17:42:00+08:00,2025-12-24T17:44:03+08:00,1.2339,103.7478,C,Cloud to Cloud,2025-12-24T17:40:39.276+08:00
2025-12-25 11:19:35,2025-12-24T17:42:00+08:00,2025-12-24T17:44:03+08:00,0.9669,103.9459,C,Cloud to Cloud,2025-12-24T17:40:52.693+08:00
2025-12-25 11:19:35,2025-12-24T17:42:00+08:00,2025-12-24T17:44:03+08:00,0.9976,103.934,C,Cloud to Cloud,2025-12-24T17:40:52.693+08:00
2025-12-25 11:19:35,2025-12-24T17:42:00+08:00,2025-12-24T17:44:03+08:00,0.9524,103.9545,C,Cloud to Cloud,2025-12-24T17:40:52.693+08:00
2025-12-25 11:19:35,2025-12-24T17:42:00+08:00,2025-12-24T17:44:03+08:00,0.9555,103.968,C,Cloud to Cloud,2025-12-24T17:40:52.693+08:00
2025-12-25 11:19:35,2025-12-24T17:42:00+08:00,2025-12-24T17:44:03+08:00,0.9719,103.9439,C,Cloud to Cloud,2025-12-24T17:40:52.693+08:00
2025-12-25 11:19:35,2025-12-24T17:42:00+08:00,2025-12-24T17:44:03+08:00,0.996,103.9436,C,Cloud to Cloud,2025-12-24T17:40:52.746+08:00
2025-12-25 11:19:35,2025-12-24T17:42:00+08:00,2025-12-24T17:44:03+08:00,0.968,103.966,C,Cloud to Cloud,2025-12-24T17:40:52.747+08:00
2025-12-25 11:19:35,2025-12-24T17:42:00+08:00,2025-12-24T17:44:03+08:00,0.9654,103.977,C,Cloud to Cloud,2025-12-24T17:41:07.924+08:00
2025-12-25 11:19:35,2025-12-24T17:42:00+08:00,2025-12-24T17:44:03+08:00,0.9654,103.977,C,Cloud to Cloud,2025-12-24T17:41:07.924+08:00
2025-12-25 11:19:35,2025-12-24T17:42:00+08:00,2025-12-24T17:44:03+08:00,1.0163,103.9426,C,Cloud to Cloud,2025-12-24T17:41:40.262+08:00
2025-12-25 11:19:35,2025-12-24T17:42:00+08:00,2025-12-24T17:44:03+08:00,0.9775,103.9313,C,Cloud to Cloud,2025-12-24T17:41:40.317+08:00
2025-12-25 11:19:35,2025-12-24T17:42:00+08:00,2025-12-24T17:44:03+08:00,0.9853,103.9568,C,Cloud to Cloud,2025-12-24T17:41:40.331+08:00
2025-12-25 11:19:35,2025-12-24T17:42:00+08:00,2025-12-24T17:44:03+08:00,0.9853,103.9568,C,Cloud to Cloud,2025-12-24T17:41:40.332+08:00
2025-12-25 11:19:35,2025-12-24T17:42:00+08:00,2025-12-24T17:44:03+08:00,0.9841,103.9407,C,Cloud to Cloud,2025-12-24T17:41:51.256+08:00
2025-12-25 11:19:35,2025-12-24T17:42:00+08:00,2025-12-24T17:44:03+08:00,1.0158,103.9442,C,Cloud to Cloud,2025-12-24T17:41:51.256+08:00
2025-12-25 11:19:35,2025-12-24T17:42:00+08:00,2025-12-24T17:44:03+08:00,0.9624,103.954,C,Cloud to Cloud,2025-12-24T17:41:51.32+08:00
2025-12-25 11:19:35,2025-12-24T17:42:00+08:00,2025-12-24T17:44:03+08:00,0.9624,103.954,C,Cloud to Cloud,2025-12-24T17:41:51.32+08:00
2025-12-25 11:19:35,2025-12-24T17:40:00+08:00,2025-12-24T17:42:03+08:00,1.2503,103.7466,C,Cloud to Cloud,2025-12-24T17:38:07.985+08:00
2025-12-25 11:19:35,2025-12-24T17:40:00+08:00,2025-12-24T17:42:03+08:00,1.2556,103.7609,C,Cloud to Cloud,2025-12-24T17:38:07.986+08:00
2025-12-25 11:19:35,2025-12-24T17:40:00+08:00,2025-12-24T17:42:03+08:00,1.1164,103.6128,C,Cloud to Cloud,2025-12-24T17:38:07.991+08:00
2025-12-25 11:19:35,2025-12-24T17:40:00+08:00,2025-12-24T17:42:03+08:00,0.9692,103.952,C,Cloud to Cloud,2025-12-24T17:38:23.021+08:00
2025-12-25 11:19:35,2025-12-24T17:40:00+08:00,2025-12-24T17:42:03+08:00,0.9692,103.952,C,Cloud to Cloud,2025-12-24T17:38:23.021+08:00
2025-12-25 11:19:35,2025-12-24T17:40:00+08:00,2025-12-24T17:42:03+08:00,0.9595,103.9766,C,Cloud to Cloud,2025-12-24T17:38:23.132+08:00
2025-12-25 11:19:35,2025-12-24T17:40:00+08:00,2025-12-24T17:42:03+08:00,0.9713,103.9598,C,Cloud to Cloud,2025-12-24T17:38:23.132+08:00
2025-12-25 11:19:35,2025-12-24T17:40:00+08:00,2025-12-24T17:42:03+08:00,0.9894,103.9624,C,Cloud to Cloud,2025-12-24T17:38:23.132+08:00
2025-12-25 11:19:35,2025-12-24T17:40:00+08:00,2025-12-24T17:42:03+08:00,0.9829,103.9489,C,Cloud to Cloud,2025-12-24T17:38:23.134+08:00
2025-12-25 11:19:35,2025-12-24T17:40:00+08:00,2025-12-24T17:42:03+08:00,1.2271,103.7503,C,Cloud to Cloud,2025-12-24T17:39:02.075+08:00
2025-12-25 11:19:35,2025-12-24T17:40:00+08:00,2025-12-24T17:42:03+08:00,1.1667,103.6794,C,Cloud to Cloud,2025-12-24T17:39:02.077+08:00
2025-12-25 11:19:35,2025-12-24T17:38:00+08:00,2025-12-24T17:40:05+08:00,0.9736,103.9627,C,Cloud to Cloud,2025-12-24T17:36:56.319+08:00
2025-12-25 11:19:35,2025-12-24T17:38:00+08:00,2025-12-24T17:40:05+08:00,0.9566,103.9702,C,Cloud to Cloud,2025-12-24T17:36:56.379+08:00
2025-12-25 11:19:35,2025-12-24T17:34:00+08:00,2025-12-24T17:36:02+08:00,1.2585,103.7366,C,Cloud to Cloud,2025-12-24T17:33:29.785+08:00
2025-12-25 11:19:35,2025-12-24T17:34:00+08:00,2025-12-24T17:36:02+08:00,1.2589,103.7333,C,Cloud to Cloud,2025-12-24T17:33:29.785+08:00
2025-12-25 11:19:35,2025-12-24T17:34:00+08:00,2025-12-24T17:36:02+08:00,1.2456,103.7283,C,Cloud to Cloud,2025-12-24T17:33:29.785+08:00
2025-12-25 11:19:35,2025-12-24T17:34:00+08:00,2025-12-24T17:36:02+08:00,1.2448,103.748,C,Cloud to Cloud,2025-12-24T17:33:29.785+08:00
2025-12-25 11:19:35,2025-12-24T17:34:00+08:00,2025-12-24T17:36:02+08:00,1.2541,103.7338,C,Cloud to Cloud,2025-12-24T17:33:29.786+08:00
2025-12-25 11:19:35,2025-12-24T17:34:00+08:00,2025-12-24T17:36:02+08:00,1.2565,103.7304,C,Cloud to Cloud,2025-12-24T17:33:29.786+08:00
2025-12-25 11:19:35,2025-12-24T17:34:00+08:00,2025-12-24T17:36:02+08:00,1.2197,103.6887,C,Cloud to Cloud,2025-12-24T17:33:29.786+08:00
2025-12-25 11:19:35,2025-12-24T17:34:00+08:00,2025-12-24T17:36:02+08:00,1.2565,103.7307,C,Cloud to Cloud,2025-12-24T17:33:29.786+08:00
2025-12-25 11:19:35,2025-12-24T17:34:00+08:00,2025-12-24T17:36:02+08:00,1.1963,103.7266,C,Cloud to Cloud,2025-12-24T17:33:29.786+08:00
2025-12-25 11:19:35,2025-12-24T17:34:00+08:00,2025-12-24T17:36:02+08:00,1.2522,103.7348,C,Cloud to Cloud,2025-12-24T17:33:29.787+08:00
2025-12-25 11:19:35,2025-12-24T17:34:00+08:00,2025-12-24T17:36:02+08:00,1.2767,103.753,C,Cloud to Cloud,2025-12-24T17:33:29.787+08:00
2025-12-25 11:19:35,2025-12-24T17:34:00+08:00,2025-12-24T17:36:02+08:00,1.3112,103.7852,C,Cloud to Cloud,2025-12-24T17:33:29.788+08:00
2025-12-25 11:19:35,2025-12-24T17:34:00+08:00,2025-12-24T17:36:02+08:00,1.2575,103.736,C,Cloud to Cloud,2025-12-24T17:33:29.805+08:00
2025-12-25 11:19:35,2025-12-24T17:34:00+08:00,2025-12-24T17:36:02+08:00,1.2517,103.7378,C,Cloud to Cloud,2025-12-24T17:33:29.835+08:00
2025-12-25 11:19:35,2025-12-24T17:34:00+08:00,2025-12-24T17:36:02+08:00,0.9773,103.9534,G,Cloud to Ground,2025-12-24T17:33:57.385+08:00
2025-12-25 11:19:35,2025-12-24T17:32:00+08:00,2025-12-24T17:34:02+08:00,1.2521,103.7347,C,Cloud to Cloud,2025-12-24T17:30:40.98+08:00
2025-12-25 11:19:35,2025-12-24T17:32:00+08:00,2025-12-24T17:34:02+08:00,1.2529,103.7287,C,Cloud to Cloud,2025-12-24T17:30:40.98+08:00
2025-12-25 11:19:35,2025-12-24T17:32:00+08:00,2025-12-24T17:34:02+08:00,1.2522,103.7377,C,Cloud to Cloud,2025-12-24T17:30:40.98+08:00
2025-12-25 11:19:35,2025-12-24T17:32:00+08:00,2025-12-24T17:34:02+08:00,1.2511,103.7358,C,Cloud to Cloud,2025-12-24T17:30:40.98+08:00
2025-12-25 11:19:35,2025-12-24T17:32:00+08:00,2025-12-24T17:34:02+08:00,1.252,103.7294,C,Cloud to Cloud,2025-12-24T17:30:40.98+08:00
2025-12-25 11:19:35,2025-12-24T17:32:00+08:00,2025-12-24T17:34:02+08:00,1.2519,103.7359,C,Cloud to Cloud,2025-12-24T17:30:40.981+08:00
2025-12-25 11:19:35,2025-12-24T17:32:00+08:00,2025-12-24T17:34:02+08:00,1.2385,103.7614,C,Cloud to Cloud,2025-12-24T17:30:40.981+08:00
2025-12-25 11:19:35,2025-12-24T17:32:00+08:00,2025-12-24T17:34:02+08:00,1.2519,103.737,C,Cloud to Cloud,2025-12-24T17:30:40.981+08:00
2025-12-25 11:19:35,2025-12-24T17:32:00+08:00,2025-12-24T17:34:02+08:00,1.1635,103.5806,C,Cloud to Cloud,2025-12-24T17:30:40.983+08:00
2025-12-25 11:19:35,2025-12-24T17:30:00+08:00,2025-12-24T17:32:02+08:00,1.2455,103.7044,C,Cloud to Cloud,2025-12-24T17:28:33.006+08:00
2025-12-25 11:19:35,2025-12-24T17:30:00+08:00,2025-12-24T17:32:02+08:00,1.2307,103.7301,C,Cloud to Cloud,2025-12-24T17:28:33.008+08:00
2025-12-25 11:19:35,2025-12-24T17:28:00+08:00,2025-12-24T17:30:03+08:00,1.2589,103.7103,C,Cloud to Cloud,2025-12-24T17:26:58.478+08:00
2025-12-25 11:19:35,2025-12-24T17:28:00+08:00,2025-12-24T17:30:03+08:00,1.2566,103.7363,C,Cloud to Cloud,2025-12-24T17:27:25.507+08:00
2025-12-25 11:19:35,2025-12-24T17:28:00+08:00,2025-12-24T17:30:03+08:00,1.2814,103.7562,C,Cloud to Cloud,2025-12-24T17:27:43.797+08:00
2025-12-25 11:19:35,2025-12-24T17:26:00+08:00,2025-12-24T17:28:03+08:00,1.2368,103.74,C,Cloud to Cloud,2025-12-24T17:25:46.666+08:00
2025-12-25 11:19:35,2025-12-24T17:26:00+08:00,2025-12-24T17:28:03+08:00,1.2569,103.7301,C,Cloud to Cloud,2025-12-24T17:25:46.82+08:00
2025-12-25 11:19:35,2025-12-24T17:26:00+08:00,2025-12-24T17:28:03+08:00,1.2596,103.7326,C,Cloud to Cloud,2025-12-24T17:25:46.83+08:00
2025-12-25 11:19:35,2025-12-24T17:26:00+08:00,2025-12-24T17:28:03+08:00,1.2606,103.7289,C,Cloud to Cloud,2025-12-24T17:25:46.83+08:00
2025-12-25 11:19:35,2025-12-24T17:26:00+08:00,2025-12-24T17:28:03+08:00,1.2505,103.7313,C,Cloud to Cloud,2025-12-24T17:25:46.84+08:00
2025-12-25 11:19:35,2025-12-24T17:26:00+08:00,2025-12-24T17:28:03+08:00,1.2708,103.7379,C,Cloud to Cloud,2025-12-24T17:25:46.943+08:00
2025-12-25 11:19:35,2025-12-24T17:26:00+08:00,2025-12-24T17:28:03+08:00,1.2604,103.7374,C,Cloud to Cloud,2025-12-24T17:25:46.943+08:00
2025-12-25 11:19:35,2025-12-24T17:26:00+08:00,2025-12-24T17:28:03+08:00,1.2551,103.7356,C,Cloud to Cloud,2025-12-24T17:25:46.943+08:00
2025-12-25 11:19:35,2025-12-24T17:24:00+08:00,2025-12-24T17:26:03+08:00,0.9593,103.9686,C,Cloud to Cloud,2025-12-24T17:23:23.716+08:00
2025-12-25 11:19:35,2025-12-24T17:18:00+08:00,2025-12-24T17:20:03+08:00,0.9836,103.9635,C,Cloud to Cloud,2025-12-24T17:16:01.362+08:00
2025-12-25 11:19:35,2025-12-24T17:18:00+08:00,2025-12-24T17:20:03+08:00,1.0195,104.0012,C,Cloud to Cloud,2025-12-24T17:17:07.144+08:00
2025-12-25 11:19:35,2025-12-24T17:14:00+08:00,2025-12-24T17:16:02+08:00,0.9733,104.0383,G,Cloud to Ground,2025-12-24T17:12:19.029+08:00
2025-12-25 11:19:35,2025-12-24T17:14:00+08:00,2025-12-24T17:16:02+08:00,0.9925,104.0229,C,Cloud to Cloud,2025-12-24T17:12:19.029+08:00
2025-12-25 11:19:35,2025-12-24T17:14:00+08:00,2025-12-24T17:16:02+08:00,1.0269,104.0194,C,Cloud to Cloud,2025-12-24T17:12:19.029+08:00
2025-12-25 11:19:35,2025-12-24T17:14:00+08:00,2025-12-24T17:16:02+08:00,0.9848,103.9873,C,Cloud to Cloud,2025-12-24T17:12:19.13+08:00
2025-12-25 11:19:35,2025-12-24T17:14:00+08:00,2025-12-24T17:16:02+08:00,1.0098,103.9829,C,Cloud to Cloud,2025-12-24T17:12:19.13+08:00
2025-12-25 11:19:35,2025-12-24T17:06:00+08:00,2025-12-24T17:08:03+08:00,0.9556,103.9664,C,Cloud to Cloud,2025-12-24T17:04:26.486+08:00
2025-12-25 11:19:35,2025-12-24T17:04:00+08:00,2025-12-24T17:06:02+08:00,0.9626,103.9644,C,Cloud to Cloud,2025-12-24T17:02:52.062+08:00
2025-12-25 11:19:35,2025-12-24T17:04:00+08:00,2025-12-24T17:06:02+08:00,0.9566,103.965,C,Cloud to Cloud,2025-12-24T17:02:52.062+08:00
2025-12-25 11:19:35,2025-12-24T17:04:00+08:00,2025-12-24T17:06:02+08:00,0.9587,103.9628,C,Cloud to Cloud,2025-12-24T17:02:52.062+08:00
2025-12-25 11:19:35,2025-12-24T17:02:00+08:00,2025-12-24T17:04:03+08:00,0.9507,103.9462,C,Cloud to Cloud,2025-12-24T17:01:26.033+08:00
2025-12-25 11:19:35,2025-12-24T16:56:00+08:00,2025-12-24T16:58:03+08:00,0.9544,103.979,C,Cloud to Cloud,2025-12-24T16:55:51.059+08:00
2025-12-25 11:19:36,2025-12-24T16:12:00+08:00,2025-12-24T16:14:02+08:00,1.018,103.3571,C,Cloud to Cloud,2025-12-24T16:11:55.209+08:00
2025-12-25 11:19:36,2025-12-24T16:12:00+08:00,2025-12-24T16:14:02+08:00,1.0393,103.3954,C,Cloud to Cloud,2025-12-24T16:11:55.209+08:00
