fetch_time,observation_window,data_updated,latitude,longitude,strike_type,description,strike_time
2026-06-14 14:24:27,2026-06-13T20:36:00+08:00,2026-06-13T20:38:02+08:00,1.6165,103.66,C,Cloud to Cloud,2026-06-13T20:35:56.697+08:00
2026-06-14 14:24:27,2026-06-13T20:34:00+08:00,2026-06-13T20:36:03+08:00,1.6493,103.6495,C,Cloud to Cloud,2026-06-13T20:33:39.18+08:00
2026-06-14 14:24:27,2026-06-13T20:34:00+08:00,2026-06-13T20:36:03+08:00,1.5603,103.6348,C,Cloud to Cloud,2026-06-13T20:33:39.517+08:00
2026-06-14 14:24:27,2026-06-13T20:24:00+08:00,2026-06-13T20:26:02+08:00,1.6482,103.5508,C,Cloud to Cloud,2026-06-13T20:22:41.858+08:00
2026-06-14 14:24:27,2026-06-13T20:24:00+08:00,2026-06-13T20:26:02+08:00,1.6488,103.5652,C,Cloud to Cloud,2026-06-13T20:22:41.897+08:00
2026-06-14 14:24:27,2026-06-13T20:24:00+08:00,2026-06-13T20:26:02+08:00,1.6131,103.5829,C,Cloud to Cloud,2026-06-13T20:22:41.922+08:00
2026-06-14 14:24:27,2026-06-13T20:24:00+08:00,2026-06-13T20:26:02+08:00,1.5621,103.6595,C,Cloud to Cloud,2026-06-13T20:22:41.949+08:00
2026-06-14 14:24:27,2026-06-13T20:24:00+08:00,2026-06-13T20:26:02+08:00,1.5674,103.6502,C,Cloud to Cloud,2026-06-13T20:22:41.951+08:00
2026-06-14 14:24:27,2026-06-13T20:24:00+08:00,2026-06-13T20:26:02+08:00,1.5888,103.6541,C,Cloud to Cloud,2026-06-13T20:22:42.03+08:00
2026-06-14 14:24:27,2026-06-13T20:24:00+08:00,2026-06-13T20:26:02+08:00,1.5701,103.6523,C,Cloud to Cloud,2026-06-13T20:22:42.049+08:00
2026-06-14 14:24:27,2026-06-13T20:24:00+08:00,2026-06-13T20:26:02+08:00,1.574,103.6396,C,Cloud to Cloud,2026-06-13T20:22:42.063+08:00
2026-06-14 14:24:27,2026-06-13T20:24:00+08:00,2026-06-13T20:26:02+08:00,1.5867,103.6748,C,Cloud to Cloud,2026-06-13T20:22:42.084+08:00
2026-06-14 14:24:27,2026-06-13T20:24:00+08:00,2026-06-13T20:26:02+08:00,1.5532,103.6692,C,Cloud to Cloud,2026-06-13T20:22:42.092+08:00
2026-06-14 14:24:27,2026-06-13T20:24:00+08:00,2026-06-13T20:26:02+08:00,1.5894,103.6171,C,Cloud to Cloud,2026-06-13T20:22:42.102+08:00
2026-06-14 14:24:27,2026-06-13T20:24:00+08:00,2026-06-13T20:26:02+08:00,1.584,103.6311,C,Cloud to Cloud,2026-06-13T20:22:42.118+08:00
2026-06-14 14:24:27,2026-06-13T20:24:00+08:00,2026-06-13T20:26:02+08:00,1.5917,103.6502,C,Cloud to Cloud,2026-06-13T20:22:42.126+08:00
2026-06-14 14:24:27,2026-06-13T20:24:00+08:00,2026-06-13T20:26:02+08:00,1.5684,103.6677,C,Cloud to Cloud,2026-06-13T20:22:42.135+08:00
2026-06-14 14:24:27,2026-06-13T20:22:00+08:00,2026-06-13T20:24:02+08:00,1.5834,103.6423,C,Cloud to Cloud,2026-06-13T20:21:32.787+08:00
2026-06-14 14:24:27,2026-06-13T20:22:00+08:00,2026-06-13T20:24:02+08:00,1.6348,103.6297,C,Cloud to Cloud,2026-06-13T20:21:32.789+08:00
2026-06-14 14:24:27,2026-06-13T20:22:00+08:00,2026-06-13T20:24:02+08:00,1.5985,103.6415,C,Cloud to Cloud,2026-06-13T20:21:33.174+08:00
2026-06-14 14:24:27,2026-06-13T20:20:00+08:00,2026-06-13T20:22:02+08:00,1.6355,103.6755,C,Cloud to Cloud,2026-06-13T20:18:34.389+08:00
2026-06-14 14:24:27,2026-06-13T20:20:00+08:00,2026-06-13T20:22:02+08:00,1.639,103.6672,C,Cloud to Cloud,2026-06-13T20:18:34.391+08:00
2026-06-14 14:24:27,2026-06-13T20:20:00+08:00,2026-06-13T20:22:02+08:00,1.6353,103.6676,C,Cloud to Cloud,2026-06-13T20:18:34.392+08:00
2026-06-14 14:24:27,2026-06-13T20:20:00+08:00,2026-06-13T20:22:02+08:00,1.6462,103.6748,G,Cloud to Ground,2026-06-13T20:18:34.415+08:00
2026-06-14 14:24:27,2026-06-13T20:20:00+08:00,2026-06-13T20:22:02+08:00,1.6231,103.6742,C,Cloud to Cloud,2026-06-13T20:18:34.474+08:00
2026-06-14 14:24:27,2026-06-13T20:20:00+08:00,2026-06-13T20:22:02+08:00,1.6419,103.6615,C,Cloud to Cloud,2026-06-13T20:18:34.475+08:00
2026-06-14 14:24:27,2026-06-13T20:20:00+08:00,2026-06-13T20:22:02+08:00,1.5773,103.6183,C,Cloud to Cloud,2026-06-13T20:19:07.362+08:00
2026-06-14 14:24:27,2026-06-13T20:20:00+08:00,2026-06-13T20:22:02+08:00,1.5717,103.6202,C,Cloud to Cloud,2026-06-13T20:19:07.362+08:00
2026-06-14 14:24:27,2026-06-13T20:20:00+08:00,2026-06-13T20:22:02+08:00,1.5748,103.6177,C,Cloud to Cloud,2026-06-13T20:19:07.362+08:00
2026-06-14 14:24:27,2026-06-13T20:20:00+08:00,2026-06-13T20:22:02+08:00,1.5829,103.6115,C,Cloud to Cloud,2026-06-13T20:19:07.39+08:00
2026-06-14 14:24:27,2026-06-13T20:20:00+08:00,2026-06-13T20:22:02+08:00,1.5535,103.6305,C,Cloud to Cloud,2026-06-13T20:19:07.434+08:00
2026-06-14 14:24:27,2026-06-13T20:20:00+08:00,2026-06-13T20:22:02+08:00,1.5737,103.6222,C,Cloud to Cloud,2026-06-13T20:19:07.5+08:00
2026-06-14 14:24:27,2026-06-13T20:20:00+08:00,2026-06-13T20:22:02+08:00,1.5575,103.6389,C,Cloud to Cloud,2026-06-13T20:19:07.549+08:00
2026-06-14 14:24:27,2026-06-13T20:20:00+08:00,2026-06-13T20:22:02+08:00,1.5529,103.6449,C,Cloud to Cloud,2026-06-13T20:19:07.549+08:00
2026-06-14 14:24:27,2026-06-13T20:20:00+08:00,2026-06-13T20:22:02+08:00,1.5637,103.6347,C,Cloud to Cloud,2026-06-13T20:19:07.661+08:00
2026-06-14 14:24:27,2026-06-13T20:20:00+08:00,2026-06-13T20:22:02+08:00,1.5561,103.6254,C,Cloud to Cloud,2026-06-13T20:19:07.661+08:00
2026-06-14 14:24:27,2026-06-13T20:20:00+08:00,2026-06-13T20:22:02+08:00,1.5898,103.6171,C,Cloud to Cloud,2026-06-13T20:19:07.701+08:00
2026-06-14 14:24:27,2026-06-13T20:20:00+08:00,2026-06-13T20:22:02+08:00,1.5585,103.6407,C,Cloud to Cloud,2026-06-13T20:19:07.726+08:00
2026-06-14 14:24:27,2026-06-13T20:20:00+08:00,2026-06-13T20:22:02+08:00,1.5461,103.655,C,Cloud to Cloud,2026-06-13T20:19:07.761+08:00
2026-06-14 14:24:27,2026-06-13T20:20:00+08:00,2026-06-13T20:22:02+08:00,1.5779,103.6352,C,Cloud to Cloud,2026-06-13T20:19:07.782+08:00
2026-06-14 14:24:27,2026-06-13T20:20:00+08:00,2026-06-13T20:22:02+08:00,1.5714,103.6429,C,Cloud to Cloud,2026-06-13T20:19:07.782+08:00
2026-06-14 14:24:27,2026-06-13T20:18:00+08:00,2026-06-13T20:20:03+08:00,1.5339,103.6715,C,Cloud to Cloud,2026-06-13T20:16:01.335+08:00
2026-06-14 14:24:27,2026-06-13T20:18:00+08:00,2026-06-13T20:20:03+08:00,1.5316,103.6747,C,Cloud to Cloud,2026-06-13T20:16:01.335+08:00
2026-06-14 14:24:27,2026-06-13T20:18:00+08:00,2026-06-13T20:20:03+08:00,1.5085,103.7196,C,Cloud to Cloud,2026-06-13T20:16:01.436+08:00
2026-06-14 14:24:27,2026-06-13T20:18:00+08:00,2026-06-13T20:20:03+08:00,1.5899,103.6768,C,Cloud to Cloud,2026-06-13T20:16:01.703+08:00
2026-06-14 14:24:27,2026-06-13T20:18:00+08:00,2026-06-13T20:20:03+08:00,1.5977,103.6708,C,Cloud to Cloud,2026-06-13T20:16:01.703+08:00
2026-06-14 14:24:27,2026-06-13T20:18:00+08:00,2026-06-13T20:20:03+08:00,1.6222,103.7069,C,Cloud to Cloud,2026-06-13T20:17:37.024+08:00
2026-06-14 14:24:27,2026-06-13T20:18:00+08:00,2026-06-13T20:20:03+08:00,1.5523,103.6541,C,Cloud to Cloud,2026-06-13T20:17:37.027+08:00
2026-06-14 14:24:27,2026-06-13T20:18:00+08:00,2026-06-13T20:20:03+08:00,1.5974,103.6567,C,Cloud to Cloud,2026-06-13T20:17:37.147+08:00
2026-06-14 14:24:27,2026-06-13T20:18:00+08:00,2026-06-13T20:20:03+08:00,1.6422,103.7028,C,Cloud to Cloud,2026-06-13T20:17:37.341+08:00
2026-06-14 14:24:27,2026-06-13T20:18:00+08:00,2026-06-13T20:20:03+08:00,1.6259,103.6684,C,Cloud to Cloud,2026-06-13T20:17:37.342+08:00
2026-06-14 14:24:27,2026-06-13T20:16:00+08:00,2026-06-13T20:18:02+08:00,1.5858,103.6946,C,Cloud to Cloud,2026-06-13T20:14:21.83+08:00
2026-06-14 14:24:27,2026-06-13T20:16:00+08:00,2026-06-13T20:18:02+08:00,1.5882,103.694,C,Cloud to Cloud,2026-06-13T20:14:21.83+08:00
2026-06-14 14:24:27,2026-06-13T20:16:00+08:00,2026-06-13T20:18:02+08:00,1.5862,103.6953,C,Cloud to Cloud,2026-06-13T20:14:21.83+08:00
2026-06-14 14:24:27,2026-06-13T20:16:00+08:00,2026-06-13T20:18:02+08:00,1.6159,103.6919,C,Cloud to Cloud,2026-06-13T20:14:22.106+08:00
2026-06-14 14:24:27,2026-06-13T20:16:00+08:00,2026-06-13T20:18:02+08:00,1.6057,103.7024,C,Cloud to Cloud,2026-06-13T20:14:22.115+08:00
2026-06-14 14:24:27,2026-06-13T20:16:00+08:00,2026-06-13T20:18:02+08:00,1.582,103.7083,C,Cloud to Cloud,2026-06-13T20:14:22.122+08:00
2026-06-14 14:24:27,2026-06-13T20:16:00+08:00,2026-06-13T20:18:02+08:00,1.6144,103.6855,C,Cloud to Cloud,2026-06-13T20:14:22.123+08:00
2026-06-14 14:24:27,2026-06-13T20:16:00+08:00,2026-06-13T20:18:02+08:00,1.607,103.7093,C,Cloud to Cloud,2026-06-13T20:14:22.13+08:00
2026-06-14 14:24:27,2026-06-13T20:16:00+08:00,2026-06-13T20:18:02+08:00,1.6258,103.6706,C,Cloud to Cloud,2026-06-13T20:14:22.192+08:00
2026-06-14 14:24:27,2026-06-13T20:16:00+08:00,2026-06-13T20:18:02+08:00,1.5923,103.6965,C,Cloud to Cloud,2026-06-13T20:14:22.192+08:00
2026-06-14 14:24:27,2026-06-13T20:14:00+08:00,2026-06-13T20:16:03+08:00,1.6479,103.6653,C,Cloud to Cloud,2026-06-13T20:12:18.27+08:00
2026-06-14 14:24:27,2026-06-13T20:14:00+08:00,2026-06-13T20:16:03+08:00,1.6174,103.6746,C,Cloud to Cloud,2026-06-13T20:12:18.426+08:00
2026-06-14 14:24:27,2026-06-13T20:14:00+08:00,2026-06-13T20:16:03+08:00,1.5892,103.6932,C,Cloud to Cloud,2026-06-13T20:12:18.551+08:00
2026-06-14 14:24:27,2026-06-13T20:14:00+08:00,2026-06-13T20:16:03+08:00,1.5939,103.6904,C,Cloud to Cloud,2026-06-13T20:12:18.62+08:00
2026-06-14 14:24:27,2026-06-13T20:14:00+08:00,2026-06-13T20:16:03+08:00,1.6366,103.672,C,Cloud to Cloud,2026-06-13T20:12:18.683+08:00
2026-06-14 14:24:27,2026-06-13T20:14:00+08:00,2026-06-13T20:16:03+08:00,1.6365,103.6809,C,Cloud to Cloud,2026-06-13T20:12:18.683+08:00
2026-06-14 14:24:27,2026-06-13T20:14:00+08:00,2026-06-13T20:16:03+08:00,1.6384,103.6767,C,Cloud to Cloud,2026-06-13T20:12:18.684+08:00
2026-06-14 14:24:27,2026-06-13T20:14:00+08:00,2026-06-13T20:16:03+08:00,1.6251,103.6844,C,Cloud to Cloud,2026-06-13T20:12:18.705+08:00
2026-06-14 14:24:27,2026-06-13T20:14:00+08:00,2026-06-13T20:16:03+08:00,1.6436,103.6685,C,Cloud to Cloud,2026-06-13T20:12:18.705+08:00
2026-06-14 14:24:27,2026-06-13T20:14:00+08:00,2026-06-13T20:16:03+08:00,1.6256,103.681,C,Cloud to Cloud,2026-06-13T20:12:18.727+08:00
2026-06-14 14:24:27,2026-06-13T20:14:00+08:00,2026-06-13T20:16:03+08:00,1.6232,103.6863,C,Cloud to Cloud,2026-06-13T20:12:18.727+08:00
2026-06-14 14:24:27,2026-06-13T20:14:00+08:00,2026-06-13T20:16:03+08:00,1.5525,103.6853,C,Cloud to Cloud,2026-06-13T20:12:42.647+08:00
2026-06-14 14:24:27,2026-06-13T20:14:00+08:00,2026-06-13T20:16:03+08:00,1.5565,103.6825,C,Cloud to Cloud,2026-06-13T20:12:42.647+08:00
2026-06-14 14:24:27,2026-06-13T20:14:00+08:00,2026-06-13T20:16:03+08:00,1.5602,103.6803,C,Cloud to Cloud,2026-06-13T20:12:42.743+08:00
2026-06-14 14:24:27,2026-06-13T20:14:00+08:00,2026-06-13T20:16:03+08:00,1.5521,103.6871,C,Cloud to Cloud,2026-06-13T20:12:42.743+08:00
2026-06-14 14:24:27,2026-06-13T20:14:00+08:00,2026-06-13T20:16:03+08:00,1.5572,103.6807,C,Cloud to Cloud,2026-06-13T20:12:42.784+08:00
2026-06-14 14:24:27,2026-06-13T20:14:00+08:00,2026-06-13T20:16:03+08:00,1.5652,103.6768,C,Cloud to Cloud,2026-06-13T20:12:42.849+08:00
2026-06-14 14:24:27,2026-06-13T20:14:00+08:00,2026-06-13T20:16:03+08:00,1.5635,103.6722,C,Cloud to Cloud,2026-06-13T20:12:42.872+08:00
2026-06-14 14:24:27,2026-06-13T20:14:00+08:00,2026-06-13T20:16:03+08:00,1.5635,103.6722,C,Cloud to Cloud,2026-06-13T20:12:42.872+08:00
2026-06-14 14:24:27,2026-06-13T20:14:00+08:00,2026-06-13T20:16:03+08:00,1.5655,103.6716,C,Cloud to Cloud,2026-06-13T20:13:23.254+08:00
2026-06-14 14:24:27,2026-06-13T20:14:00+08:00,2026-06-13T20:16:03+08:00,1.5714,103.6657,C,Cloud to Cloud,2026-06-13T20:13:23.254+08:00
2026-06-14 14:24:27,2026-06-13T20:14:00+08:00,2026-06-13T20:16:03+08:00,1.5698,103.6678,C,Cloud to Cloud,2026-06-13T20:13:23.254+08:00
2026-06-14 14:24:27,2026-06-13T20:14:00+08:00,2026-06-13T20:16:03+08:00,1.5852,103.6604,C,Cloud to Cloud,2026-06-13T20:13:23.26+08:00
2026-06-14 14:24:27,2026-06-13T20:14:00+08:00,2026-06-13T20:16:03+08:00,1.5794,103.6658,C,Cloud to Cloud,2026-06-13T20:13:23.26+08:00
2026-06-14 14:24:27,2026-06-13T20:14:00+08:00,2026-06-13T20:16:03+08:00,1.5814,103.6665,C,Cloud to Cloud,2026-06-13T20:13:23.26+08:00
2026-06-14 14:24:27,2026-06-13T20:14:00+08:00,2026-06-13T20:16:03+08:00,1.5818,103.6654,C,Cloud to Cloud,2026-06-13T20:13:23.261+08:00
2026-06-14 14:24:27,2026-06-13T20:14:00+08:00,2026-06-13T20:16:03+08:00,1.6331,103.6314,C,Cloud to Cloud,2026-06-13T20:13:23.261+08:00
2026-06-14 14:24:27,2026-06-13T20:14:00+08:00,2026-06-13T20:16:03+08:00,1.6164,103.6541,C,Cloud to Cloud,2026-06-13T20:13:23.593+08:00
2026-06-14 14:24:27,2026-06-13T20:14:00+08:00,2026-06-13T20:16:03+08:00,1.6251,103.7019,C,Cloud to Cloud,2026-06-13T20:13:23.644+08:00
2026-06-14 14:24:27,2026-06-13T20:14:00+08:00,2026-06-13T20:16:03+08:00,1.6069,103.6829,C,Cloud to Cloud,2026-06-13T20:13:23.644+08:00
2026-06-14 14:24:27,2026-06-13T20:14:00+08:00,2026-06-13T20:16:03+08:00,1.6015,103.6665,C,Cloud to Cloud,2026-06-13T20:13:40.39+08:00
2026-06-14 14:24:27,2026-06-13T20:14:00+08:00,2026-06-13T20:16:03+08:00,1.5258,103.6846,C,Cloud to Cloud,2026-06-13T20:13:40.39+08:00
2026-06-14 14:24:27,2026-06-13T20:14:00+08:00,2026-06-13T20:16:03+08:00,1.5479,103.6646,C,Cloud to Cloud,2026-06-13T20:13:40.428+08:00
2026-06-14 14:24:27,2026-06-13T20:14:00+08:00,2026-06-13T20:16:03+08:00,1.5592,103.6616,C,Cloud to Cloud,2026-06-13T20:13:40.499+08:00
2026-06-14 14:24:27,2026-06-13T20:14:00+08:00,2026-06-13T20:16:03+08:00,1.6323,103.6345,C,Cloud to Cloud,2026-06-13T20:13:40.544+08:00
2026-06-14 14:24:27,2026-06-13T20:12:00+08:00,2026-06-13T20:14:03+08:00,1.5496,103.6879,C,Cloud to Cloud,2026-06-13T20:10:02.207+08:00
2026-06-14 14:24:27,2026-06-13T20:12:00+08:00,2026-06-13T20:14:03+08:00,1.6446,103.679,C,Cloud to Cloud,2026-06-13T20:10:02.207+08:00
2026-06-14 14:24:27,2026-06-13T20:12:00+08:00,2026-06-13T20:14:03+08:00,1.5583,103.6793,C,Cloud to Cloud,2026-06-13T20:10:02.207+08:00
2026-06-14 14:24:27,2026-06-13T20:12:00+08:00,2026-06-13T20:14:03+08:00,1.5462,103.6899,C,Cloud to Cloud,2026-06-13T20:10:02.515+08:00
2026-06-14 14:24:27,2026-06-13T20:12:00+08:00,2026-06-13T20:14:03+08:00,1.5521,103.6839,C,Cloud to Cloud,2026-06-13T20:10:02.516+08:00
2026-06-14 14:24:27,2026-06-13T20:12:00+08:00,2026-06-13T20:14:03+08:00,1.5453,103.6909,C,Cloud to Cloud,2026-06-13T20:10:02.516+08:00
2026-06-14 14:24:27,2026-06-13T20:12:00+08:00,2026-06-13T20:14:03+08:00,1.558,103.684,C,Cloud to Cloud,2026-06-13T20:10:02.539+08:00
2026-06-14 14:24:27,2026-06-13T20:12:00+08:00,2026-06-13T20:14:03+08:00,1.5747,103.685,C,Cloud to Cloud,2026-06-13T20:10:02.562+08:00
2026-06-14 14:24:27,2026-06-13T20:12:00+08:00,2026-06-13T20:14:03+08:00,1.5903,103.6725,C,Cloud to Cloud,2026-06-13T20:10:02.562+08:00
2026-06-14 14:24:27,2026-06-13T20:12:00+08:00,2026-06-13T20:14:03+08:00,1.6425,103.6496,C,Cloud to Cloud,2026-06-13T20:10:02.579+08:00
2026-06-14 14:24:27,2026-06-13T20:12:00+08:00,2026-06-13T20:14:03+08:00,1.6243,103.6725,C,Cloud to Cloud,2026-06-13T20:10:02.579+08:00
2026-06-14 14:24:27,2026-06-13T20:12:00+08:00,2026-06-13T20:14:03+08:00,1.6469,103.6484,C,Cloud to Cloud,2026-06-13T20:10:02.597+08:00
2026-06-14 14:24:27,2026-06-13T20:12:00+08:00,2026-06-13T20:14:03+08:00,1.6432,103.6459,C,Cloud to Cloud,2026-06-13T20:10:02.597+08:00
2026-06-14 14:24:27,2026-06-13T20:12:00+08:00,2026-06-13T20:14:03+08:00,1.6402,103.6163,C,Cloud to Cloud,2026-06-13T20:10:02.61+08:00
2026-06-14 14:24:27,2026-06-13T20:12:00+08:00,2026-06-13T20:14:03+08:00,1.6218,103.6749,C,Cloud to Cloud,2026-06-13T20:10:02.61+08:00
2026-06-14 14:24:27,2026-06-13T20:12:00+08:00,2026-06-13T20:14:03+08:00,1.5492,103.787,C,Cloud to Cloud,2026-06-13T20:10:02.61+08:00
2026-06-14 14:24:27,2026-06-13T20:12:00+08:00,2026-06-13T20:14:03+08:00,1.6227,103.678,C,Cloud to Cloud,2026-06-13T20:10:38.55+08:00
2026-06-14 14:24:27,2026-06-13T20:12:00+08:00,2026-06-13T20:14:03+08:00,1.5711,103.6943,C,Cloud to Cloud,2026-06-13T20:10:38.63+08:00
2026-06-14 14:24:27,2026-06-13T20:12:00+08:00,2026-06-13T20:14:03+08:00,1.5227,103.6763,C,Cloud to Cloud,2026-06-13T20:10:38.674+08:00
2026-06-14 14:24:27,2026-06-13T20:12:00+08:00,2026-06-13T20:14:03+08:00,1.5637,103.6992,C,Cloud to Cloud,2026-06-13T20:10:38.733+08:00
2026-06-14 14:24:27,2026-06-13T20:12:00+08:00,2026-06-13T20:14:03+08:00,1.6,103.6736,C,Cloud to Cloud,2026-06-13T20:10:38.75+08:00
2026-06-14 14:24:27,2026-06-13T20:12:00+08:00,2026-06-13T20:14:03+08:00,1.5769,103.6805,C,Cloud to Cloud,2026-06-13T20:10:38.764+08:00
2026-06-14 14:24:27,2026-06-13T20:12:00+08:00,2026-06-13T20:14:03+08:00,1.623,103.6676,C,Cloud to Cloud,2026-06-13T20:10:38.861+08:00
2026-06-14 14:24:27,2026-06-13T20:12:00+08:00,2026-06-13T20:14:03+08:00,1.6205,103.6464,C,Cloud to Cloud,2026-06-13T20:10:38.864+08:00
2026-06-14 14:24:27,2026-06-13T20:12:00+08:00,2026-06-13T20:14:03+08:00,1.5738,103.6945,C,Cloud to Cloud,2026-06-13T20:10:38.864+08:00
2026-06-14 14:24:27,2026-06-13T20:12:00+08:00,2026-06-13T20:14:03+08:00,1.5927,103.6864,C,Cloud to Cloud,2026-06-13T20:10:38.864+08:00
2026-06-14 14:24:27,2026-06-13T20:12:00+08:00,2026-06-13T20:14:03+08:00,1.5941,103.6852,C,Cloud to Cloud,2026-06-13T20:10:38.864+08:00
2026-06-14 14:24:27,2026-06-13T20:12:00+08:00,2026-06-13T20:14:03+08:00,1.6268,103.6756,C,Cloud to Cloud,2026-06-13T20:10:38.866+08:00
2026-06-14 14:24:27,2026-06-13T20:12:00+08:00,2026-06-13T20:14:03+08:00,1.6252,103.6692,C,Cloud to Cloud,2026-06-13T20:10:38.867+08:00
2026-06-14 14:24:27,2026-06-13T20:12:00+08:00,2026-06-13T20:14:03+08:00,1.6162,103.6755,C,Cloud to Cloud,2026-06-13T20:10:38.947+08:00
2026-06-14 14:24:27,2026-06-13T20:12:00+08:00,2026-06-13T20:14:03+08:00,1.5924,103.6824,C,Cloud to Cloud,2026-06-13T20:10:38.97+08:00
2026-06-14 14:24:27,2026-06-13T20:12:00+08:00,2026-06-13T20:14:03+08:00,1.6131,103.6592,C,Cloud to Cloud,2026-06-13T20:10:38.971+08:00
2026-06-14 14:24:27,2026-06-13T20:12:00+08:00,2026-06-13T20:14:03+08:00,1.6347,103.6622,C,Cloud to Cloud,2026-06-13T20:10:38.971+08:00
2026-06-14 14:24:27,2026-06-13T20:12:00+08:00,2026-06-13T20:14:03+08:00,1.6487,103.6514,C,Cloud to Cloud,2026-06-13T20:11:15.407+08:00
2026-06-14 14:24:27,2026-06-13T20:12:00+08:00,2026-06-13T20:14:03+08:00,1.6315,103.6836,C,Cloud to Cloud,2026-06-13T20:11:15.416+08:00
2026-06-14 14:24:27,2026-06-13T20:12:00+08:00,2026-06-13T20:14:03+08:00,1.6416,103.6523,C,Cloud to Cloud,2026-06-13T20:11:15.503+08:00
2026-06-14 14:24:27,2026-06-13T20:12:00+08:00,2026-06-13T20:14:03+08:00,1.6457,103.6408,C,Cloud to Cloud,2026-06-13T20:11:15.504+08:00
2026-06-14 14:24:27,2026-06-13T20:12:00+08:00,2026-06-13T20:14:03+08:00,1.596,103.6747,C,Cloud to Cloud,2026-06-13T20:11:15.547+08:00
2026-06-14 14:24:27,2026-06-13T20:12:00+08:00,2026-06-13T20:14:03+08:00,1.6305,103.674,C,Cloud to Cloud,2026-06-13T20:11:15.568+08:00
2026-06-14 14:24:27,2026-06-13T20:12:00+08:00,2026-06-13T20:14:03+08:00,1.584,103.6638,C,Cloud to Cloud,2026-06-13T20:11:15.58+08:00
2026-06-14 14:24:27,2026-06-13T20:12:00+08:00,2026-06-13T20:14:03+08:00,1.6047,103.6466,C,Cloud to Cloud,2026-06-13T20:11:15.58+08:00
2026-06-14 14:24:27,2026-06-13T20:12:00+08:00,2026-06-13T20:14:03+08:00,1.5969,103.6561,C,Cloud to Cloud,2026-06-13T20:11:15.58+08:00
2026-06-14 14:24:27,2026-06-13T20:12:00+08:00,2026-06-13T20:14:03+08:00,1.5914,103.695,C,Cloud to Cloud,2026-06-13T20:11:15.611+08:00
2026-06-14 14:24:27,2026-06-13T20:12:00+08:00,2026-06-13T20:14:03+08:00,1.5793,103.7008,C,Cloud to Cloud,2026-06-13T20:11:52.911+08:00
2026-06-14 14:24:27,2026-06-13T20:12:00+08:00,2026-06-13T20:14:03+08:00,1.5771,103.7047,C,Cloud to Cloud,2026-06-13T20:11:53.218+08:00
2026-06-14 14:24:27,2026-06-13T20:12:00+08:00,2026-06-13T20:14:03+08:00,1.5758,103.7056,C,Cloud to Cloud,2026-06-13T20:11:53.219+08:00
2026-06-14 14:24:27,2026-06-13T20:12:00+08:00,2026-06-13T20:14:03+08:00,1.5929,103.6944,C,Cloud to Cloud,2026-06-13T20:11:53.237+08:00
2026-06-14 14:24:27,2026-06-13T20:12:00+08:00,2026-06-13T20:14:03+08:00,1.6275,103.671,C,Cloud to Cloud,2026-06-13T20:11:53.237+08:00
2026-06-14 14:24:27,2026-06-13T20:12:00+08:00,2026-06-13T20:14:03+08:00,1.6038,103.6987,C,Cloud to Cloud,2026-06-13T20:11:53.249+08:00
2026-06-14 14:24:27,2026-06-13T20:12:00+08:00,2026-06-13T20:14:03+08:00,1.6274,103.6939,C,Cloud to Cloud,2026-06-13T20:11:53.406+08:00
2026-06-14 14:24:27,2026-06-13T20:12:00+08:00,2026-06-13T20:14:03+08:00,1.5964,103.6684,C,Cloud to Cloud,2026-06-13T20:11:53.459+08:00
2026-06-14 14:24:27,2026-06-13T20:10:00+08:00,2026-06-13T20:12:07+08:00,1.6204,103.6987,C,Cloud to Cloud,2026-06-13T20:08:07.929+08:00
2026-06-14 14:24:27,2026-06-13T20:10:00+08:00,2026-06-13T20:12:07+08:00,1.6336,103.6807,C,Cloud to Cloud,2026-06-13T20:08:08.296+08:00
2026-06-14 14:24:27,2026-06-13T20:10:00+08:00,2026-06-13T20:12:07+08:00,1.6433,103.6976,C,Cloud to Cloud,2026-06-13T20:08:08.303+08:00
2026-06-14 14:24:27,2026-06-13T20:10:00+08:00,2026-06-13T20:12:07+08:00,1.5438,103.7467,C,Cloud to Cloud,2026-06-13T20:08:08.38+08:00
2026-06-14 14:24:27,2026-06-13T20:10:00+08:00,2026-06-13T20:12:07+08:00,1.5945,103.6916,C,Cloud to Cloud,2026-06-13T20:08:08.381+08:00
2026-06-14 14:24:27,2026-06-13T20:10:00+08:00,2026-06-13T20:12:07+08:00,1.5988,103.6991,C,Cloud to Cloud,2026-06-13T20:08:08.387+08:00
2026-06-14 14:24:27,2026-06-13T20:10:00+08:00,2026-06-13T20:12:07+08:00,1.5896,103.7074,C,Cloud to Cloud,2026-06-13T20:08:08.437+08:00
2026-06-14 14:24:27,2026-06-13T20:10:00+08:00,2026-06-13T20:12:07+08:00,1.6285,103.6901,C,Cloud to Cloud,2026-06-13T20:08:34.323+08:00
2026-06-14 14:24:27,2026-06-13T20:10:00+08:00,2026-06-13T20:12:07+08:00,1.6117,103.6976,C,Cloud to Cloud,2026-06-13T20:08:34.323+08:00
2026-06-14 14:24:27,2026-06-13T20:10:00+08:00,2026-06-13T20:12:07+08:00,1.5637,103.6906,C,Cloud to Cloud,2026-06-13T20:08:34.51+08:00
2026-06-14 14:24:27,2026-06-13T20:10:00+08:00,2026-06-13T20:12:07+08:00,1.6382,103.6796,C,Cloud to Cloud,2026-06-13T20:08:34.518+08:00
2026-06-14 14:24:27,2026-06-13T20:10:00+08:00,2026-06-13T20:12:07+08:00,1.5829,103.6946,C,Cloud to Cloud,2026-06-13T20:08:34.557+08:00
2026-06-14 14:24:27,2026-06-13T20:10:00+08:00,2026-06-13T20:12:07+08:00,1.646,103.6993,C,Cloud to Cloud,2026-06-13T20:08:34.603+08:00
2026-06-14 14:24:27,2026-06-13T20:10:00+08:00,2026-06-13T20:12:07+08:00,1.6164,103.6887,C,Cloud to Cloud,2026-06-13T20:08:53.469+08:00
2026-06-14 14:24:27,2026-06-13T20:10:00+08:00,2026-06-13T20:12:07+08:00,1.583,103.7079,C,Cloud to Cloud,2026-06-13T20:08:53.469+08:00
2026-06-14 14:24:27,2026-06-13T20:10:00+08:00,2026-06-13T20:12:07+08:00,1.5736,103.7081,C,Cloud to Cloud,2026-06-13T20:08:53.672+08:00
2026-06-14 14:24:27,2026-06-13T20:10:00+08:00,2026-06-13T20:12:07+08:00,1.5728,103.7036,C,Cloud to Cloud,2026-06-13T20:08:53.731+08:00
2026-06-14 14:24:27,2026-06-13T20:10:00+08:00,2026-06-13T20:12:07+08:00,1.625,103.6947,C,Cloud to Cloud,2026-06-13T20:08:53.731+08:00
2026-06-14 14:24:27,2026-06-13T20:10:00+08:00,2026-06-13T20:12:07+08:00,1.5652,103.7049,C,Cloud to Cloud,2026-06-13T20:08:53.74+08:00
2026-06-14 14:24:27,2026-06-13T20:10:00+08:00,2026-06-13T20:12:07+08:00,1.5839,103.6945,C,Cloud to Cloud,2026-06-13T20:08:53.765+08:00
2026-06-14 14:24:27,2026-06-13T20:10:00+08:00,2026-06-13T20:12:07+08:00,1.5774,103.699,C,Cloud to Cloud,2026-06-13T20:08:53.765+08:00
2026-06-14 14:24:27,2026-06-13T20:10:00+08:00,2026-06-13T20:12:07+08:00,1.5926,103.6921,C,Cloud to Cloud,2026-06-13T20:08:53.801+08:00
2026-06-14 14:24:27,2026-06-13T20:10:00+08:00,2026-06-13T20:12:07+08:00,1.5878,103.7001,C,Cloud to Cloud,2026-06-13T20:08:53.838+08:00
2026-06-14 14:24:27,2026-06-13T20:10:00+08:00,2026-06-13T20:12:07+08:00,1.5918,103.6918,C,Cloud to Cloud,2026-06-13T20:08:53.883+08:00
2026-06-14 14:24:27,2026-06-13T20:10:00+08:00,2026-06-13T20:12:07+08:00,1.5785,103.7005,C,Cloud to Cloud,2026-06-13T20:08:53.883+08:00
2026-06-14 14:24:27,2026-06-13T20:10:00+08:00,2026-06-13T20:12:07+08:00,1.5679,103.7104,C,Cloud to Cloud,2026-06-13T20:08:53.904+08:00
2026-06-14 14:24:27,2026-06-13T20:10:00+08:00,2026-06-13T20:12:07+08:00,1.6111,103.6738,C,Cloud to Cloud,2026-06-13T20:08:53.921+08:00
2026-06-14 14:24:27,2026-06-13T20:10:00+08:00,2026-06-13T20:12:07+08:00,1.5844,103.6955,C,Cloud to Cloud,2026-06-13T20:08:53.921+08:00
2026-06-14 14:24:27,2026-06-13T20:10:00+08:00,2026-06-13T20:12:07+08:00,1.5867,103.6961,C,Cloud to Cloud,2026-06-13T20:08:53.921+08:00
2026-06-14 14:24:27,2026-06-13T20:10:00+08:00,2026-06-13T20:12:07+08:00,1.5766,103.7025,C,Cloud to Cloud,2026-06-13T20:08:53.944+08:00
2026-06-14 14:24:27,2026-06-13T20:10:00+08:00,2026-06-13T20:12:07+08:00,1.5898,103.694,C,Cloud to Cloud,2026-06-13T20:08:53.944+08:00
2026-06-14 14:24:27,2026-06-13T20:10:00+08:00,2026-06-13T20:12:07+08:00,1.5824,103.6985,C,Cloud to Cloud,2026-06-13T20:08:54.094+08:00
2026-06-14 14:24:27,2026-06-13T20:10:00+08:00,2026-06-13T20:12:07+08:00,1.6328,103.689,C,Cloud to Cloud,2026-06-13T20:08:54.191+08:00
2026-06-14 14:24:27,2026-06-13T20:10:00+08:00,2026-06-13T20:12:07+08:00,1.6303,103.6678,C,Cloud to Cloud,2026-06-13T20:09:09.797+08:00
2026-06-14 14:24:27,2026-06-13T20:10:00+08:00,2026-06-13T20:12:07+08:00,1.6416,103.6882,C,Cloud to Cloud,2026-06-13T20:09:09.797+08:00
2026-06-14 14:24:27,2026-06-13T20:10:00+08:00,2026-06-13T20:12:07+08:00,1.6127,103.6757,C,Cloud to Cloud,2026-06-13T20:09:09.798+08:00
2026-06-14 14:24:27,2026-06-13T20:10:00+08:00,2026-06-13T20:12:07+08:00,1.6222,103.6799,C,Cloud to Cloud,2026-06-13T20:09:09.798+08:00
2026-06-14 14:24:27,2026-06-13T20:10:00+08:00,2026-06-13T20:12:07+08:00,1.6133,103.6576,C,Cloud to Cloud,2026-06-13T20:09:09.869+08:00
2026-06-14 14:24:27,2026-06-13T20:10:00+08:00,2026-06-13T20:12:07+08:00,1.6077,103.6866,C,Cloud to Cloud,2026-06-13T20:09:09.869+08:00
2026-06-14 14:24:27,2026-06-13T20:10:00+08:00,2026-06-13T20:12:07+08:00,1.6312,103.6566,C,Cloud to Cloud,2026-06-13T20:09:10.023+08:00
2026-06-14 14:24:27,2026-06-13T20:10:00+08:00,2026-06-13T20:12:07+08:00,1.566,103.6809,C,Cloud to Cloud,2026-06-13T20:09:10.023+08:00
2026-06-14 14:24:27,2026-06-13T20:10:00+08:00,2026-06-13T20:12:07+08:00,1.6359,103.6722,C,Cloud to Cloud,2026-06-13T20:09:10.024+08:00
2026-06-14 14:24:27,2026-06-13T20:10:00+08:00,2026-06-13T20:12:07+08:00,1.5672,103.6989,C,Cloud to Cloud,2026-06-13T20:09:10.044+08:00
2026-06-14 14:24:27,2026-06-13T20:10:00+08:00,2026-06-13T20:12:07+08:00,1.638,103.6717,C,Cloud to Cloud,2026-06-13T20:09:10.045+08:00
2026-06-14 14:24:27,2026-06-13T20:10:00+08:00,2026-06-13T20:12:07+08:00,1.5962,103.6766,C,Cloud to Cloud,2026-06-13T20:09:10.047+08:00
2026-06-14 14:24:27,2026-06-13T20:10:00+08:00,2026-06-13T20:12:07+08:00,1.6198,103.6586,C,Cloud to Cloud,2026-06-13T20:09:10.047+08:00
2026-06-14 14:24:27,2026-06-13T20:10:00+08:00,2026-06-13T20:12:07+08:00,1.5722,103.6799,C,Cloud to Cloud,2026-06-13T20:09:10.048+08:00
2026-06-14 14:24:27,2026-06-13T20:10:00+08:00,2026-06-13T20:12:07+08:00,1.5926,103.6893,C,Cloud to Cloud,2026-06-13T20:09:10.089+08:00
2026-06-14 14:24:27,2026-06-13T20:10:00+08:00,2026-06-13T20:12:07+08:00,1.5943,103.6953,C,Cloud to Cloud,2026-06-13T20:09:47.152+08:00
2026-06-14 14:24:27,2026-06-13T20:10:00+08:00,2026-06-13T20:12:07+08:00,1.595,103.6948,C,Cloud to Cloud,2026-06-13T20:09:47.152+08:00
2026-06-14 14:24:27,2026-06-13T20:10:00+08:00,2026-06-13T20:12:07+08:00,1.6409,103.6636,C,Cloud to Cloud,2026-06-13T20:09:48.052+08:00
2026-06-14 14:24:27,2026-06-13T20:10:00+08:00,2026-06-13T20:12:07+08:00,1.5752,103.6775,C,Cloud to Cloud,2026-06-13T20:09:48.107+08:00
2026-06-14 14:24:27,2026-06-13T20:10:00+08:00,2026-06-13T20:12:07+08:00,1.5988,103.6666,C,Cloud to Cloud,2026-06-13T20:09:48.304+08:00
2026-06-14 14:24:27,2026-06-13T20:10:00+08:00,2026-06-13T20:12:07+08:00,1.5881,103.6751,C,Cloud to Cloud,2026-06-13T20:09:48.304+08:00
2026-06-14 14:24:27,2026-06-13T20:10:00+08:00,2026-06-13T20:12:07+08:00,1.5844,103.6799,C,Cloud to Cloud,2026-06-13T20:09:48.304+08:00
2026-06-14 14:24:27,2026-06-13T20:10:00+08:00,2026-06-13T20:12:07+08:00,1.5837,103.6756,C,Cloud to Cloud,2026-06-13T20:09:48.329+08:00
2026-06-14 14:24:27,2026-06-13T20:10:00+08:00,2026-06-13T20:12:07+08:00,1.5521,103.683,C,Cloud to Cloud,2026-06-13T20:09:48.359+08:00
2026-06-14 14:24:27,2026-06-13T20:10:00+08:00,2026-06-13T20:12:07+08:00,1.5491,103.6861,C,Cloud to Cloud,2026-06-13T20:09:48.359+08:00
2026-06-14 14:24:27,2026-06-13T20:10:00+08:00,2026-06-13T20:12:07+08:00,1.5988,103.67,C,Cloud to Cloud,2026-06-13T20:09:48.364+08:00
2026-06-14 14:24:27,2026-06-13T20:10:00+08:00,2026-06-13T20:12:07+08:00,1.584,103.6826,C,Cloud to Cloud,2026-06-13T20:09:48.364+08:00
2026-06-14 14:24:27,2026-06-13T20:10:00+08:00,2026-06-13T20:12:07+08:00,1.5866,103.6804,C,Cloud to Cloud,2026-06-13T20:09:48.364+08:00
2026-06-14 14:24:27,2026-06-13T20:10:00+08:00,2026-06-13T20:12:07+08:00,1.5882,103.6778,C,Cloud to Cloud,2026-06-13T20:09:48.364+08:00
2026-06-14 14:24:27,2026-06-13T20:10:00+08:00,2026-06-13T20:12:07+08:00,1.5768,103.6899,C,Cloud to Cloud,2026-06-13T20:09:48.364+08:00
2026-06-14 14:24:27,2026-06-13T20:10:00+08:00,2026-06-13T20:12:07+08:00,1.5697,103.6942,C,Cloud to Cloud,2026-06-13T20:09:48.364+08:00
2026-06-14 14:24:27,2026-06-13T20:10:00+08:00,2026-06-13T20:12:07+08:00,1.591,103.6717,C,Cloud to Cloud,2026-06-13T20:09:48.375+08:00
2026-06-14 14:24:27,2026-06-13T20:10:00+08:00,2026-06-13T20:12:07+08:00,1.6006,103.6639,C,Cloud to Cloud,2026-06-13T20:09:48.375+08:00
2026-06-14 14:24:27,2026-06-13T20:10:00+08:00,2026-06-13T20:12:07+08:00,1.6085,103.669,C,Cloud to Cloud,2026-06-13T20:09:48.387+08:00
2026-06-14 14:24:27,2026-06-13T20:10:00+08:00,2026-06-13T20:12:07+08:00,1.5502,103.6846,C,Cloud to Cloud,2026-06-13T20:09:48.395+08:00
2026-06-14 14:24:27,2026-06-13T20:10:00+08:00,2026-06-13T20:12:07+08:00,1.5506,103.6842,C,Cloud to Cloud,2026-06-13T20:09:48.395+08:00
2026-06-14 14:24:27,2026-06-13T20:10:00+08:00,2026-06-13T20:12:07+08:00,1.6369,103.6753,C,Cloud to Cloud,2026-06-13T20:09:48.414+08:00
2026-06-14 14:24:27,2026-06-13T20:10:00+08:00,2026-06-13T20:12:07+08:00,1.5905,103.6775,C,Cloud to Cloud,2026-06-13T20:09:48.418+08:00
2026-06-14 14:24:27,2026-06-13T20:10:00+08:00,2026-06-13T20:12:07+08:00,1.5584,103.6796,C,Cloud to Cloud,2026-06-13T20:09:48.442+08:00
2026-06-14 14:24:27,2026-06-13T20:10:00+08:00,2026-06-13T20:12:07+08:00,1.5818,103.7016,C,Cloud to Cloud,2026-06-13T20:09:48.448+08:00
2026-06-14 14:24:27,2026-06-13T20:08:00+08:00,2026-06-13T20:10:03+08:00,1.5651,103.694,C,Cloud to Cloud,2026-06-13T20:06:04.381+08:00
2026-06-14 14:24:27,2026-06-13T20:08:00+08:00,2026-06-13T20:10:03+08:00,1.5762,103.6522,C,Cloud to Cloud,2026-06-13T20:06:04.381+08:00
2026-06-14 14:24:27,2026-06-13T20:08:00+08:00,2026-06-13T20:10:03+08:00,1.6144,103.6783,C,Cloud to Cloud,2026-06-13T20:06:04.525+08:00
2026-06-14 14:24:27,2026-06-13T20:08:00+08:00,2026-06-13T20:10:03+08:00,1.6426,103.6732,C,Cloud to Cloud,2026-06-13T20:06:04.667+08:00
2026-06-14 14:24:27,2026-06-13T20:08:00+08:00,2026-06-13T20:10:03+08:00,1.6006,103.6792,C,Cloud to Cloud,2026-06-13T20:06:04.667+08:00
2026-06-14 14:24:27,2026-06-13T20:08:00+08:00,2026-06-13T20:10:03+08:00,1.6196,103.6661,C,Cloud to Cloud,2026-06-13T20:06:04.667+08:00
2026-06-14 14:24:27,2026-06-13T20:08:00+08:00,2026-06-13T20:10:03+08:00,1.5868,103.7194,C,Cloud to Cloud,2026-06-13T20:06:11.912+08:00
2026-06-14 14:24:27,2026-06-13T20:08:00+08:00,2026-06-13T20:10:03+08:00,1.6378,103.7118,C,Cloud to Cloud,2026-06-13T20:06:11.92+08:00
2026-06-14 14:24:27,2026-06-13T20:08:00+08:00,2026-06-13T20:10:03+08:00,1.5911,103.7025,C,Cloud to Cloud,2026-06-13T20:06:12.019+08:00
2026-06-14 14:24:27,2026-06-13T20:08:00+08:00,2026-06-13T20:10:03+08:00,1.6034,103.7026,C,Cloud to Cloud,2026-06-13T20:06:12.019+08:00
2026-06-14 14:24:27,2026-06-13T20:08:00+08:00,2026-06-13T20:10:03+08:00,1.6322,103.6768,C,Cloud to Cloud,2026-06-13T20:06:12.02+08:00
2026-06-14 14:24:27,2026-06-13T20:08:00+08:00,2026-06-13T20:10:03+08:00,1.6307,103.6818,C,Cloud to Cloud,2026-06-13T20:06:12.02+08:00
2026-06-14 14:24:27,2026-06-13T20:08:00+08:00,2026-06-13T20:10:03+08:00,1.6093,103.71,C,Cloud to Cloud,2026-06-13T20:06:20.21+08:00
2026-06-14 14:24:27,2026-06-13T20:08:00+08:00,2026-06-13T20:10:03+08:00,1.6188,103.704,C,Cloud to Cloud,2026-06-13T20:06:20.21+08:00
2026-06-14 14:24:27,2026-06-13T20:08:00+08:00,2026-06-13T20:10:03+08:00,1.6135,103.7042,C,Cloud to Cloud,2026-06-13T20:06:20.306+08:00
2026-06-14 14:24:27,2026-06-13T20:08:00+08:00,2026-06-13T20:10:03+08:00,1.6157,103.7018,C,Cloud to Cloud,2026-06-13T20:06:20.306+08:00
2026-06-14 14:24:27,2026-06-13T20:08:00+08:00,2026-06-13T20:10:03+08:00,1.6079,103.7033,C,Cloud to Cloud,2026-06-13T20:06:20.528+08:00
2026-06-14 14:24:27,2026-06-13T20:08:00+08:00,2026-06-13T20:10:03+08:00,1.601,103.7057,C,Cloud to Cloud,2026-06-13T20:06:20.528+08:00
2026-06-14 14:24:27,2026-06-13T20:08:00+08:00,2026-06-13T20:10:03+08:00,1.6286,103.7019,C,Cloud to Cloud,2026-06-13T20:06:20.529+08:00
2026-06-14 14:24:27,2026-06-13T20:08:00+08:00,2026-06-13T20:10:03+08:00,1.6008,103.7083,C,Cloud to Cloud,2026-06-13T20:06:26.267+08:00
2026-06-14 14:24:27,2026-06-13T20:08:00+08:00,2026-06-13T20:10:03+08:00,1.6213,103.7363,C,Cloud to Cloud,2026-06-13T20:06:42.65+08:00
2026-06-14 14:24:27,2026-06-13T20:08:00+08:00,2026-06-13T20:10:03+08:00,1.6084,103.6994,C,Cloud to Cloud,2026-06-13T20:06:42.688+08:00
2026-06-14 14:24:27,2026-06-13T20:08:00+08:00,2026-06-13T20:10:03+08:00,1.6141,103.6946,C,Cloud to Cloud,2026-06-13T20:06:42.724+08:00
2026-06-14 14:24:27,2026-06-13T20:08:00+08:00,2026-06-13T20:10:03+08:00,1.5906,103.7087,C,Cloud to Cloud,2026-06-13T20:06:42.725+08:00
2026-06-14 14:24:27,2026-06-13T20:08:00+08:00,2026-06-13T20:10:03+08:00,1.592,103.6899,C,Cloud to Cloud,2026-06-13T20:06:42.854+08:00
2026-06-14 14:24:27,2026-06-13T20:08:00+08:00,2026-06-13T20:10:03+08:00,1.6347,103.6714,C,Cloud to Cloud,2026-06-13T20:06:42.908+08:00
2026-06-14 14:24:27,2026-06-13T20:08:00+08:00,2026-06-13T20:10:03+08:00,1.6224,103.7061,C,Cloud to Cloud,2026-06-13T20:06:55.206+08:00
2026-06-14 14:24:27,2026-06-13T20:08:00+08:00,2026-06-13T20:10:03+08:00,1.6282,103.7035,C,Cloud to Cloud,2026-06-13T20:06:55.279+08:00
2026-06-14 14:24:27,2026-06-13T20:08:00+08:00,2026-06-13T20:10:03+08:00,1.5868,103.6886,C,Cloud to Cloud,2026-06-13T20:07:04.474+08:00
2026-06-14 14:24:27,2026-06-13T20:08:00+08:00,2026-06-13T20:10:03+08:00,1.5893,103.6956,C,Cloud to Cloud,2026-06-13T20:07:04.474+08:00
2026-06-14 14:24:27,2026-06-13T20:08:00+08:00,2026-06-13T20:10:03+08:00,1.6093,103.7043,C,Cloud to Cloud,2026-06-13T20:07:10.681+08:00
2026-06-14 14:24:27,2026-06-13T20:08:00+08:00,2026-06-13T20:10:03+08:00,1.6132,103.6569,C,Cloud to Cloud,2026-06-13T20:07:10.681+08:00
2026-06-14 14:24:27,2026-06-13T20:08:00+08:00,2026-06-13T20:10:03+08:00,1.6406,103.6929,G,Cloud to Ground,2026-06-13T20:07:10.749+08:00
2026-06-14 14:24:27,2026-06-13T20:08:00+08:00,2026-06-13T20:10:03+08:00,1.6125,103.689,C,Cloud to Cloud,2026-06-13T20:07:10.8+08:00
2026-06-14 14:24:27,2026-06-13T20:08:00+08:00,2026-06-13T20:10:03+08:00,1.609,103.6757,C,Cloud to Cloud,2026-06-13T20:07:10.8+08:00
2026-06-14 14:24:27,2026-06-13T20:08:00+08:00,2026-06-13T20:10:03+08:00,1.594,103.6783,C,Cloud to Cloud,2026-06-13T20:07:10.819+08:00
2026-06-14 14:24:27,2026-06-13T20:08:00+08:00,2026-06-13T20:10:03+08:00,1.6197,103.6981,C,Cloud to Cloud,2026-06-13T20:07:10.824+08:00
2026-06-14 14:24:27,2026-06-13T20:08:00+08:00,2026-06-13T20:10:03+08:00,1.6207,103.7048,C,Cloud to Cloud,2026-06-13T20:07:10.839+08:00
2026-06-14 14:24:27,2026-06-13T20:08:00+08:00,2026-06-13T20:10:03+08:00,1.6436,103.7108,G,Cloud to Ground,2026-06-13T20:07:10.839+08:00
2026-06-14 14:24:27,2026-06-13T20:08:00+08:00,2026-06-13T20:10:03+08:00,1.5851,103.7213,C,Cloud to Cloud,2026-06-13T20:07:10.84+08:00
2026-06-14 14:24:27,2026-06-13T20:08:00+08:00,2026-06-13T20:10:03+08:00,1.6121,103.6912,C,Cloud to Cloud,2026-06-13T20:07:10.916+08:00
2026-06-14 14:24:27,2026-06-13T20:08:00+08:00,2026-06-13T20:10:03+08:00,1.6348,103.664,C,Cloud to Cloud,2026-06-13T20:07:10.916+08:00
2026-06-14 14:24:27,2026-06-13T20:08:00+08:00,2026-06-13T20:10:03+08:00,1.564,103.7136,C,Cloud to Cloud,2026-06-13T20:07:10.917+08:00
2026-06-14 14:24:27,2026-06-13T20:08:00+08:00,2026-06-13T20:10:03+08:00,1.6486,103.6888,C,Cloud to Cloud,2026-06-13T20:07:10.93+08:00
2026-06-14 14:24:27,2026-06-13T20:08:00+08:00,2026-06-13T20:10:03+08:00,1.6036,103.7005,C,Cloud to Cloud,2026-06-13T20:07:20.163+08:00
2026-06-14 14:24:27,2026-06-13T20:08:00+08:00,2026-06-13T20:10:03+08:00,1.6174,103.7091,C,Cloud to Cloud,2026-06-13T20:07:20.203+08:00
2026-06-14 14:24:27,2026-06-13T20:08:00+08:00,2026-06-13T20:10:03+08:00,1.6311,103.6863,C,Cloud to Cloud,2026-06-13T20:07:40.662+08:00
2026-06-14 14:24:27,2026-06-13T20:08:00+08:00,2026-06-13T20:10:03+08:00,1.5977,103.6898,C,Cloud to Cloud,2026-06-13T20:07:40.798+08:00
2026-06-14 14:24:27,2026-06-13T20:08:00+08:00,2026-06-13T20:10:03+08:00,1.6485,103.6567,C,Cloud to Cloud,2026-06-13T20:07:40.798+08:00
2026-06-14 14:24:27,2026-06-13T20:08:00+08:00,2026-06-13T20:10:03+08:00,1.6493,103.6682,C,Cloud to Cloud,2026-06-13T20:07:40.798+08:00
2026-06-14 14:24:27,2026-06-13T20:08:00+08:00,2026-06-13T20:10:03+08:00,1.6443,103.6797,C,Cloud to Cloud,2026-06-13T20:07:41.004+08:00
2026-06-14 14:24:27,2026-06-13T20:06:00+08:00,2026-06-13T20:08:02+08:00,1.6412,103.7246,G,Cloud to Ground,2026-06-13T20:04:03.38+08:00
2026-06-14 14:24:27,2026-06-13T20:06:00+08:00,2026-06-13T20:08:02+08:00,1.6499,103.7091,C,Cloud to Cloud,2026-06-13T20:04:03.38+08:00
2026-06-14 14:24:27,2026-06-13T20:06:00+08:00,2026-06-13T20:08:02+08:00,1.6441,103.7071,C,Cloud to Cloud,2026-06-13T20:04:03.38+08:00
2026-06-14 14:24:27,2026-06-13T20:06:00+08:00,2026-06-13T20:08:02+08:00,1.6462,103.6942,C,Cloud to Cloud,2026-06-13T20:04:03.499+08:00
2026-06-14 14:24:27,2026-06-13T20:06:00+08:00,2026-06-13T20:08:02+08:00,1.5851,103.7144,C,Cloud to Cloud,2026-06-13T20:04:03.499+08:00
2026-06-14 14:24:27,2026-06-13T20:06:00+08:00,2026-06-13T20:08:02+08:00,1.6462,103.7003,C,Cloud to Cloud,2026-06-13T20:04:03.499+08:00
2026-06-14 14:24:27,2026-06-13T20:06:00+08:00,2026-06-13T20:08:02+08:00,1.6338,103.706,C,Cloud to Cloud,2026-06-13T20:04:03.499+08:00
2026-06-14 14:24:27,2026-06-13T20:06:00+08:00,2026-06-13T20:08:02+08:00,1.6144,103.7136,C,Cloud to Cloud,2026-06-13T20:04:03.499+08:00
2026-06-14 14:24:27,2026-06-13T20:06:00+08:00,2026-06-13T20:08:02+08:00,1.6383,103.7044,C,Cloud to Cloud,2026-06-13T20:04:03.499+08:00
2026-06-14 14:24:27,2026-06-13T20:06:00+08:00,2026-06-13T20:08:02+08:00,1.5974,103.716,C,Cloud to Cloud,2026-06-13T20:04:03.501+08:00
2026-06-14 14:24:27,2026-06-13T20:06:00+08:00,2026-06-13T20:08:02+08:00,1.6431,103.722,G,Cloud to Ground,2026-06-13T20:04:03.502+08:00
2026-06-14 14:24:27,2026-06-13T20:06:00+08:00,2026-06-13T20:08:02+08:00,1.6358,103.7082,C,Cloud to Cloud,2026-06-13T20:04:03.503+08:00
2026-06-14 14:24:27,2026-06-13T20:06:00+08:00,2026-06-13T20:08:02+08:00,1.6475,103.6852,C,Cloud to Cloud,2026-06-13T20:04:03.503+08:00
2026-06-14 14:24:27,2026-06-13T20:06:00+08:00,2026-06-13T20:08:02+08:00,1.5971,103.6971,C,Cloud to Cloud,2026-06-13T20:04:03.503+08:00
2026-06-14 14:24:27,2026-06-13T20:06:00+08:00,2026-06-13T20:08:02+08:00,1.6153,103.7147,C,Cloud to Cloud,2026-06-13T20:04:03.503+08:00
2026-06-14 14:24:27,2026-06-13T20:06:00+08:00,2026-06-13T20:08:02+08:00,1.6235,103.7058,C,Cloud to Cloud,2026-06-13T20:04:03.503+08:00
2026-06-14 14:24:27,2026-06-13T20:06:00+08:00,2026-06-13T20:08:02+08:00,1.6271,103.7119,C,Cloud to Cloud,2026-06-13T20:04:03.562+08:00
2026-06-14 14:24:27,2026-06-13T20:06:00+08:00,2026-06-13T20:08:02+08:00,1.6339,103.7205,C,Cloud to Cloud,2026-06-13T20:04:24.552+08:00
2026-06-14 14:24:27,2026-06-13T20:06:00+08:00,2026-06-13T20:08:02+08:00,1.6022,103.7117,C,Cloud to Cloud,2026-06-13T20:04:24.552+08:00
2026-06-14 14:24:27,2026-06-13T20:06:00+08:00,2026-06-13T20:08:02+08:00,1.6068,103.7107,C,Cloud to Cloud,2026-06-13T20:04:24.777+08:00
2026-06-14 14:24:27,2026-06-13T20:06:00+08:00,2026-06-13T20:08:02+08:00,1.6351,103.6963,C,Cloud to Cloud,2026-06-13T20:04:24.81+08:00
2026-06-14 14:24:27,2026-06-13T20:06:00+08:00,2026-06-13T20:08:02+08:00,1.5998,103.7144,C,Cloud to Cloud,2026-06-13T20:04:24.844+08:00
2026-06-14 14:24:27,2026-06-13T20:06:00+08:00,2026-06-13T20:08:02+08:00,1.6003,103.715,C,Cloud to Cloud,2026-06-13T20:04:24.928+08:00
2026-06-14 14:24:27,2026-06-13T20:06:00+08:00,2026-06-13T20:08:02+08:00,1.6056,103.7145,C,Cloud to Cloud,2026-06-13T20:04:24.928+08:00
2026-06-14 14:24:27,2026-06-13T20:06:00+08:00,2026-06-13T20:08:02+08:00,1.5891,103.7152,C,Cloud to Cloud,2026-06-13T20:04:24.935+08:00
2026-06-14 14:24:27,2026-06-13T20:06:00+08:00,2026-06-13T20:08:02+08:00,1.614,103.7188,C,Cloud to Cloud,2026-06-13T20:04:26.27+08:00
2026-06-14 14:24:27,2026-06-13T20:06:00+08:00,2026-06-13T20:08:02+08:00,1.6136,103.7155,C,Cloud to Cloud,2026-06-13T20:04:26.415+08:00
2026-06-14 14:24:27,2026-06-13T20:06:00+08:00,2026-06-13T20:08:02+08:00,1.642,103.7092,C,Cloud to Cloud,2026-06-13T20:04:26.509+08:00
2026-06-14 14:24:27,2026-06-13T20:06:00+08:00,2026-06-13T20:08:02+08:00,1.5771,103.7188,C,Cloud to Cloud,2026-06-13T20:04:26.561+08:00
2026-06-14 14:24:27,2026-06-13T20:06:00+08:00,2026-06-13T20:08:02+08:00,1.6439,103.7079,C,Cloud to Cloud,2026-06-13T20:04:26.6+08:00
2026-06-14 14:24:27,2026-06-13T20:06:00+08:00,2026-06-13T20:08:02+08:00,1.6238,103.7193,C,Cloud to Cloud,2026-06-13T20:04:26.6+08:00
2026-06-14 14:24:27,2026-06-13T20:06:00+08:00,2026-06-13T20:08:02+08:00,1.6276,103.6956,C,Cloud to Cloud,2026-06-13T20:04:48.554+08:00
2026-06-14 14:24:27,2026-06-13T20:06:00+08:00,2026-06-13T20:08:02+08:00,1.633,103.6951,G,Cloud to Ground,2026-06-13T20:04:48.576+08:00
2026-06-14 14:24:27,2026-06-13T20:06:00+08:00,2026-06-13T20:08:02+08:00,1.6429,103.6903,C,Cloud to Cloud,2026-06-13T20:04:48.576+08:00
2026-06-14 14:24:27,2026-06-13T20:06:00+08:00,2026-06-13T20:08:02+08:00,1.6415,103.6856,C,Cloud to Cloud,2026-06-13T20:04:48.618+08:00
2026-06-14 14:24:27,2026-06-13T20:06:00+08:00,2026-06-13T20:08:02+08:00,1.6409,103.6859,C,Cloud to Cloud,2026-06-13T20:04:48.618+08:00
2026-06-14 14:24:27,2026-06-13T20:06:00+08:00,2026-06-13T20:08:02+08:00,1.6265,103.6898,C,Cloud to Cloud,2026-06-13T20:04:48.618+08:00
2026-06-14 14:24:27,2026-06-13T20:06:00+08:00,2026-06-13T20:08:02+08:00,1.6302,103.6938,G,Cloud to Ground,2026-06-13T20:04:48.618+08:00
2026-06-14 14:24:27,2026-06-13T20:06:00+08:00,2026-06-13T20:08:02+08:00,1.6378,103.6926,G,Cloud to Ground,2026-06-13T20:04:48.643+08:00
2026-06-14 14:24:27,2026-06-13T20:06:00+08:00,2026-06-13T20:08:02+08:00,1.6084,103.6888,C,Cloud to Cloud,2026-06-13T20:04:48.694+08:00
2026-06-14 14:24:27,2026-06-13T20:06:00+08:00,2026-06-13T20:08:02+08:00,1.6307,103.6879,C,Cloud to Cloud,2026-06-13T20:04:48.813+08:00
2026-06-14 14:24:27,2026-06-13T20:06:00+08:00,2026-06-13T20:08:02+08:00,1.6047,103.6724,C,Cloud to Cloud,2026-06-13T20:04:48.838+08:00
2026-06-14 14:24:27,2026-06-13T20:06:00+08:00,2026-06-13T20:08:02+08:00,1.6361,103.6997,C,Cloud to Cloud,2026-06-13T20:05:01.926+08:00
2026-06-14 14:24:27,2026-06-13T20:06:00+08:00,2026-06-13T20:08:02+08:00,1.6444,103.6938,C,Cloud to Cloud,2026-06-13T20:05:01.926+08:00
2026-06-14 14:24:27,2026-06-13T20:06:00+08:00,2026-06-13T20:08:02+08:00,1.6335,103.7099,C,Cloud to Cloud,2026-06-13T20:05:01.952+08:00
2026-06-14 14:24:27,2026-06-13T20:06:00+08:00,2026-06-13T20:08:02+08:00,1.5871,103.7142,C,Cloud to Cloud,2026-06-13T20:05:02.032+08:00
2026-06-14 14:24:27,2026-06-13T20:06:00+08:00,2026-06-13T20:08:02+08:00,1.5877,103.7006,C,Cloud to Cloud,2026-06-13T20:05:09.799+08:00
2026-06-14 14:24:27,2026-06-13T20:06:00+08:00,2026-06-13T20:08:02+08:00,1.5941,103.6963,C,Cloud to Cloud,2026-06-13T20:05:09.799+08:00
2026-06-14 14:24:27,2026-06-13T20:06:00+08:00,2026-06-13T20:08:02+08:00,1.6128,103.6812,C,Cloud to Cloud,2026-06-13T20:05:10.064+08:00
2026-06-14 14:24:27,2026-06-13T20:06:00+08:00,2026-06-13T20:08:02+08:00,1.633,103.6658,C,Cloud to Cloud,2026-06-13T20:05:10.091+08:00
2026-06-14 14:24:27,2026-06-13T20:06:00+08:00,2026-06-13T20:08:02+08:00,1.6028,103.6823,C,Cloud to Cloud,2026-06-13T20:05:10.114+08:00
2026-06-14 14:24:27,2026-06-13T20:06:00+08:00,2026-06-13T20:08:02+08:00,1.5846,103.6948,C,Cloud to Cloud,2026-06-13T20:05:10.115+08:00
2026-06-14 14:24:27,2026-06-13T20:06:00+08:00,2026-06-13T20:08:02+08:00,1.5812,103.7031,C,Cloud to Cloud,2026-06-13T20:05:10.115+08:00
2026-06-14 14:24:27,2026-06-13T20:06:00+08:00,2026-06-13T20:08:02+08:00,1.5932,103.6849,C,Cloud to Cloud,2026-06-13T20:05:10.124+08:00
2026-06-14 14:24:27,2026-06-13T20:06:00+08:00,2026-06-13T20:08:02+08:00,1.5857,103.6874,C,Cloud to Cloud,2026-06-13T20:05:10.158+08:00
2026-06-14 14:24:27,2026-06-13T20:06:00+08:00,2026-06-13T20:08:02+08:00,1.5838,103.6888,C,Cloud to Cloud,2026-06-13T20:05:10.158+08:00
2026-06-14 14:24:27,2026-06-13T20:06:00+08:00,2026-06-13T20:08:02+08:00,1.5987,103.6951,C,Cloud to Cloud,2026-06-13T20:05:10.188+08:00
2026-06-14 14:24:27,2026-06-13T20:06:00+08:00,2026-06-13T20:08:02+08:00,1.6411,103.6798,C,Cloud to Cloud,2026-06-13T20:05:10.189+08:00
2026-06-14 14:24:27,2026-06-13T20:06:00+08:00,2026-06-13T20:08:02+08:00,1.6186,103.7125,C,Cloud to Cloud,2026-06-13T20:05:21.46+08:00
2026-06-14 14:24:27,2026-06-13T20:06:00+08:00,2026-06-13T20:08:02+08:00,1.6255,103.7136,C,Cloud to Cloud,2026-06-13T20:05:21.46+08:00
2026-06-14 14:24:27,2026-06-13T20:06:00+08:00,2026-06-13T20:08:02+08:00,1.615,103.712,C,Cloud to Cloud,2026-06-13T20:05:21.495+08:00
2026-06-14 14:24:27,2026-06-13T20:06:00+08:00,2026-06-13T20:08:02+08:00,1.5948,103.7167,C,Cloud to Cloud,2026-06-13T20:05:21.514+08:00
2026-06-14 14:24:27,2026-06-13T20:06:00+08:00,2026-06-13T20:08:02+08:00,1.6132,103.7156,C,Cloud to Cloud,2026-06-13T20:05:21.514+08:00
2026-06-14 14:24:27,2026-06-13T20:06:00+08:00,2026-06-13T20:08:02+08:00,1.6428,103.6874,C,Cloud to Cloud,2026-06-13T20:05:33.869+08:00
2026-06-14 14:24:27,2026-06-13T20:06:00+08:00,2026-06-13T20:08:02+08:00,1.6206,103.6975,C,Cloud to Cloud,2026-06-13T20:05:34.509+08:00
2026-06-14 14:24:27,2026-06-13T20:06:00+08:00,2026-06-13T20:08:02+08:00,1.6204,103.7014,C,Cloud to Cloud,2026-06-13T20:05:34.509+08:00
2026-06-14 14:24:27,2026-06-13T20:06:00+08:00,2026-06-13T20:08:02+08:00,1.6295,103.6987,C,Cloud to Cloud,2026-06-13T20:05:34.51+08:00
2026-06-14 14:24:27,2026-06-13T20:06:00+08:00,2026-06-13T20:08:02+08:00,1.6242,103.7104,C,Cloud to Cloud,2026-06-13T20:05:34.51+08:00
2026-06-14 14:24:27,2026-06-13T20:06:00+08:00,2026-06-13T20:08:02+08:00,1.5954,103.7081,C,Cloud to Cloud,2026-06-13T20:05:34.552+08:00
2026-06-14 14:24:27,2026-06-13T20:06:00+08:00,2026-06-13T20:08:02+08:00,1.615,103.6978,C,Cloud to Cloud,2026-06-13T20:05:34.552+08:00
2026-06-14 14:24:27,2026-06-13T20:06:00+08:00,2026-06-13T20:08:02+08:00,1.5788,103.7224,C,Cloud to Cloud,2026-06-13T20:05:34.552+08:00
2026-06-14 14:24:27,2026-06-13T20:06:00+08:00,2026-06-13T20:08:02+08:00,1.6427,103.7006,C,Cloud to Cloud,2026-06-13T20:05:34.571+08:00
2026-06-14 14:24:27,2026-06-13T20:06:00+08:00,2026-06-13T20:08:02+08:00,1.6381,103.6934,C,Cloud to Cloud,2026-06-13T20:05:34.655+08:00
2026-06-14 14:24:27,2026-06-13T20:06:00+08:00,2026-06-13T20:08:02+08:00,1.6411,103.6955,C,Cloud to Cloud,2026-06-13T20:05:34.655+08:00
2026-06-14 14:24:27,2026-06-13T20:06:00+08:00,2026-06-13T20:08:02+08:00,1.6136,103.705,C,Cloud to Cloud,2026-06-13T20:05:34.675+08:00
2026-06-14 14:24:27,2026-06-13T20:06:00+08:00,2026-06-13T20:08:02+08:00,1.6198,103.6967,C,Cloud to Cloud,2026-06-13T20:05:34.675+08:00
2026-06-14 14:24:27,2026-06-13T20:06:00+08:00,2026-06-13T20:08:02+08:00,1.6344,103.6966,C,Cloud to Cloud,2026-06-13T20:05:34.675+08:00
2026-06-14 14:24:27,2026-06-13T20:06:00+08:00,2026-06-13T20:08:02+08:00,1.5958,103.7019,C,Cloud to Cloud,2026-06-13T20:05:34.679+08:00
2026-06-14 14:24:27,2026-06-13T20:06:00+08:00,2026-06-13T20:08:02+08:00,1.6498,103.6714,C,Cloud to Cloud,2026-06-13T20:05:34.679+08:00
2026-06-14 14:24:27,2026-06-13T20:06:00+08:00,2026-06-13T20:08:02+08:00,1.635,103.6878,C,Cloud to Cloud,2026-06-13T20:05:34.679+08:00
2026-06-14 14:24:27,2026-06-13T20:06:00+08:00,2026-06-13T20:08:02+08:00,1.6084,103.7007,C,Cloud to Cloud,2026-06-13T20:05:51.233+08:00
2026-06-14 14:24:27,2026-06-13T20:06:00+08:00,2026-06-13T20:08:02+08:00,1.6404,103.6985,C,Cloud to Cloud,2026-06-13T20:05:51.233+08:00
2026-06-14 14:24:27,2026-06-13T20:06:00+08:00,2026-06-13T20:08:02+08:00,1.6141,103.6967,C,Cloud to Cloud,2026-06-13T20:05:51.233+08:00
2026-06-14 14:24:27,2026-06-13T20:06:00+08:00,2026-06-13T20:08:02+08:00,1.6043,103.7044,C,Cloud to Cloud,2026-06-13T20:05:51.233+08:00
2026-06-14 14:24:27,2026-06-13T20:06:00+08:00,2026-06-13T20:08:02+08:00,1.6491,103.6958,C,Cloud to Cloud,2026-06-13T20:05:51.233+08:00
2026-06-14 14:24:27,2026-06-13T20:06:00+08:00,2026-06-13T20:08:02+08:00,1.6183,103.6981,C,Cloud to Cloud,2026-06-13T20:05:51.233+08:00
2026-06-14 14:24:27,2026-06-13T20:06:00+08:00,2026-06-13T20:08:02+08:00,1.6136,103.7016,C,Cloud to Cloud,2026-06-13T20:05:51.233+08:00
2026-06-14 14:24:27,2026-06-13T20:06:00+08:00,2026-06-13T20:08:02+08:00,1.6401,103.6987,C,Cloud to Cloud,2026-06-13T20:05:51.233+08:00
2026-06-14 14:24:27,2026-06-13T20:06:00+08:00,2026-06-13T20:08:02+08:00,1.6162,103.6974,C,Cloud to Cloud,2026-06-13T20:05:51.233+08:00
2026-06-14 14:24:27,2026-06-13T20:06:00+08:00,2026-06-13T20:08:02+08:00,1.603,103.7066,C,Cloud to Cloud,2026-06-13T20:05:51.233+08:00
2026-06-14 14:24:27,2026-06-13T20:06:00+08:00,2026-06-13T20:08:02+08:00,1.6221,103.6968,C,Cloud to Cloud,2026-06-13T20:05:51.234+08:00
2026-06-14 14:24:27,2026-06-13T20:06:00+08:00,2026-06-13T20:08:02+08:00,1.6074,103.7004,C,Cloud to Cloud,2026-06-13T20:05:51.265+08:00
2026-06-14 14:24:27,2026-06-13T20:06:00+08:00,2026-06-13T20:08:02+08:00,1.6414,103.6989,G,Cloud to Ground,2026-06-13T20:05:51.273+08:00
2026-06-14 14:24:27,2026-06-13T20:06:00+08:00,2026-06-13T20:08:02+08:00,1.6184,103.6997,C,Cloud to Cloud,2026-06-13T20:05:51.273+08:00
2026-06-14 14:24:27,2026-06-13T20:06:00+08:00,2026-06-13T20:08:02+08:00,1.6383,103.6979,C,Cloud to Cloud,2026-06-13T20:05:51.273+08:00
2026-06-14 14:24:27,2026-06-13T20:06:00+08:00,2026-06-13T20:08:02+08:00,1.6297,103.6903,G,Cloud to Ground,2026-06-13T20:05:51.336+08:00
2026-06-14 14:24:27,2026-06-13T20:06:00+08:00,2026-06-13T20:08:02+08:00,1.626,103.6868,C,Cloud to Cloud,2026-06-13T20:05:51.337+08:00
2026-06-14 14:24:27,2026-06-13T20:06:00+08:00,2026-06-13T20:08:02+08:00,1.5827,103.7109,C,Cloud to Cloud,2026-06-13T20:05:51.419+08:00
2026-06-14 14:24:27,2026-06-13T20:06:00+08:00,2026-06-13T20:08:02+08:00,1.6235,103.6936,G,Cloud to Ground,2026-06-13T20:05:51.423+08:00
2026-06-14 14:24:27,2026-06-13T20:06:00+08:00,2026-06-13T20:08:02+08:00,1.6089,103.6969,C,Cloud to Cloud,2026-06-13T20:05:51.423+08:00
2026-06-14 14:24:27,2026-06-13T20:06:00+08:00,2026-06-13T20:08:02+08:00,1.6191,103.6998,C,Cloud to Cloud,2026-06-13T20:05:51.423+08:00
2026-06-14 14:24:27,2026-06-13T20:06:00+08:00,2026-06-13T20:08:02+08:00,1.6488,103.6806,C,Cloud to Cloud,2026-06-13T20:05:51.423+08:00
2026-06-14 14:24:27,2026-06-13T20:06:00+08:00,2026-06-13T20:08:02+08:00,1.6223,103.6906,C,Cloud to Cloud,2026-06-13T20:05:51.423+08:00
2026-06-14 14:24:27,2026-06-13T20:06:00+08:00,2026-06-13T20:08:02+08:00,1.6222,103.692,C,Cloud to Cloud,2026-06-13T20:05:51.423+08:00
2026-06-14 14:24:27,2026-06-13T20:06:00+08:00,2026-06-13T20:08:02+08:00,1.5971,103.7021,C,Cloud to Cloud,2026-06-13T20:05:51.489+08:00
2026-06-14 14:24:27,2026-06-13T20:06:00+08:00,2026-06-13T20:08:02+08:00,1.5928,103.6999,C,Cloud to Cloud,2026-06-13T20:05:51.569+08:00
2026-06-14 14:24:27,2026-06-13T20:04:00+08:00,2026-06-13T20:06:03+08:00,1.602,103.71,C,Cloud to Cloud,2026-06-13T20:02:24.807+08:00
2026-06-14 14:24:27,2026-06-13T20:04:00+08:00,2026-06-13T20:06:03+08:00,1.6187,103.7011,C,Cloud to Cloud,2026-06-13T20:02:24.854+08:00
2026-06-14 14:24:27,2026-06-13T20:04:00+08:00,2026-06-13T20:06:03+08:00,1.6487,103.6307,C,Cloud to Cloud,2026-06-13T20:02:24.865+08:00
2026-06-14 14:24:27,2026-06-13T20:04:00+08:00,2026-06-13T20:06:03+08:00,1.6451,103.7065,C,Cloud to Cloud,2026-06-13T20:02:24.885+08:00
2026-06-14 14:24:27,2026-06-13T20:04:00+08:00,2026-06-13T20:06:03+08:00,1.6246,103.6729,C,Cloud to Cloud,2026-06-13T20:02:24.923+08:00
2026-06-14 14:24:27,2026-06-13T20:04:00+08:00,2026-06-13T20:06:03+08:00,1.6166,103.709,C,Cloud to Cloud,2026-06-13T20:02:24.923+08:00
2026-06-14 14:24:27,2026-06-13T20:04:00+08:00,2026-06-13T20:06:03+08:00,1.6351,103.7439,G,Cloud to Ground,2026-06-13T20:02:37.377+08:00
2026-06-14 14:24:27,2026-06-13T20:04:00+08:00,2026-06-13T20:06:03+08:00,1.6365,103.7198,C,Cloud to Cloud,2026-06-13T20:02:37.377+08:00
2026-06-14 14:24:27,2026-06-13T20:04:00+08:00,2026-06-13T20:06:03+08:00,1.6304,103.7099,C,Cloud to Cloud,2026-06-13T20:02:37.377+08:00
2026-06-14 14:24:27,2026-06-13T20:04:00+08:00,2026-06-13T20:06:03+08:00,1.6099,103.7228,C,Cloud to Cloud,2026-06-13T20:02:37.378+08:00
2026-06-14 14:24:27,2026-06-13T20:04:00+08:00,2026-06-13T20:06:03+08:00,1.5616,103.7443,C,Cloud to Cloud,2026-06-13T20:02:37.378+08:00
2026-06-14 14:24:27,2026-06-13T20:04:00+08:00,2026-06-13T20:06:03+08:00,1.6231,103.7097,C,Cloud to Cloud,2026-06-13T20:02:43.531+08:00
2026-06-14 14:24:27,2026-06-13T20:04:00+08:00,2026-06-13T20:06:03+08:00,1.6296,103.7278,C,Cloud to Cloud,2026-06-13T20:02:43.531+08:00
2026-06-14 14:24:27,2026-06-13T20:04:00+08:00,2026-06-13T20:06:03+08:00,1.5819,103.711,C,Cloud to Cloud,2026-06-13T20:02:43.531+08:00
2026-06-14 14:24:27,2026-06-13T20:04:00+08:00,2026-06-13T20:06:03+08:00,1.5785,103.7186,C,Cloud to Cloud,2026-06-13T20:02:43.561+08:00
2026-06-14 14:24:27,2026-06-13T20:04:00+08:00,2026-06-13T20:06:03+08:00,1.6154,103.7338,C,Cloud to Cloud,2026-06-13T20:02:43.561+08:00
2026-06-14 14:24:27,2026-06-13T20:04:00+08:00,2026-06-13T20:06:03+08:00,1.6281,103.6901,C,Cloud to Cloud,2026-06-13T20:03:07.583+08:00
2026-06-14 14:24:27,2026-06-13T20:04:00+08:00,2026-06-13T20:06:03+08:00,1.6132,103.6813,C,Cloud to Cloud,2026-06-13T20:03:07.603+08:00
2026-06-14 14:24:27,2026-06-13T20:04:00+08:00,2026-06-13T20:06:03+08:00,1.6234,103.6748,C,Cloud to Cloud,2026-06-13T20:03:07.604+08:00
2026-06-14 14:24:27,2026-06-13T20:04:00+08:00,2026-06-13T20:06:03+08:00,1.5828,103.6882,C,Cloud to Cloud,2026-06-13T20:03:07.64+08:00
2026-06-14 14:24:27,2026-06-13T20:04:00+08:00,2026-06-13T20:06:03+08:00,1.6065,103.7094,C,Cloud to Cloud,2026-06-13T20:03:23.761+08:00
2026-06-14 14:24:27,2026-06-13T20:04:00+08:00,2026-06-13T20:06:03+08:00,1.6154,103.6877,C,Cloud to Cloud,2026-06-13T20:03:23.788+08:00
2026-06-14 14:24:27,2026-06-13T20:04:00+08:00,2026-06-13T20:06:03+08:00,1.6294,103.6872,G,Cloud to Ground,2026-06-13T20:03:23.788+08:00
2026-06-14 14:24:27,2026-06-13T20:04:00+08:00,2026-06-13T20:06:03+08:00,1.6027,103.708,C,Cloud to Cloud,2026-06-13T20:03:23.788+08:00
2026-06-14 14:24:27,2026-06-13T20:04:00+08:00,2026-06-13T20:06:03+08:00,1.6246,103.6864,C,Cloud to Cloud,2026-06-13T20:03:23.788+08:00
2026-06-14 14:24:27,2026-06-13T20:04:00+08:00,2026-06-13T20:06:03+08:00,1.6208,103.691,C,Cloud to Cloud,2026-06-13T20:03:23.868+08:00
2026-06-14 14:24:27,2026-06-13T20:04:00+08:00,2026-06-13T20:06:03+08:00,1.5775,103.7521,C,Cloud to Cloud,2026-06-13T20:03:23.868+08:00
2026-06-14 14:24:27,2026-06-13T20:04:00+08:00,2026-06-13T20:06:03+08:00,1.6227,103.6905,G,Cloud to Ground,2026-06-13T20:03:23.9+08:00
2026-06-14 14:24:27,2026-06-13T20:04:00+08:00,2026-06-13T20:06:03+08:00,1.616,103.7053,C,Cloud to Cloud,2026-06-13T20:03:23.9+08:00
2026-06-14 14:24:27,2026-06-13T20:04:00+08:00,2026-06-13T20:06:03+08:00,1.5905,103.7178,C,Cloud to Cloud,2026-06-13T20:03:23.937+08:00
2026-06-14 14:24:27,2026-06-13T20:04:00+08:00,2026-06-13T20:06:03+08:00,1.5974,103.6972,C,Cloud to Cloud,2026-06-13T20:03:23.959+08:00
2026-06-14 14:24:27,2026-06-13T20:04:00+08:00,2026-06-13T20:06:03+08:00,1.6251,103.6942,G,Cloud to Ground,2026-06-13T20:03:23.96+08:00
2026-06-14 14:24:27,2026-06-13T20:04:00+08:00,2026-06-13T20:06:03+08:00,1.6384,103.7204,C,Cloud to Cloud,2026-06-13T20:03:23.963+08:00
2026-06-14 14:24:27,2026-06-13T20:04:00+08:00,2026-06-13T20:06:03+08:00,1.5935,103.6946,C,Cloud to Cloud,2026-06-13T20:03:24.098+08:00
2026-06-14 14:24:27,2026-06-13T20:04:00+08:00,2026-06-13T20:06:03+08:00,1.606,103.6979,C,Cloud to Cloud,2026-06-13T20:03:24.098+08:00
2026-06-14 14:24:27,2026-06-13T20:04:00+08:00,2026-06-13T20:06:03+08:00,1.5987,103.7066,C,Cloud to Cloud,2026-06-13T20:03:24.13+08:00
2026-06-14 14:24:27,2026-06-13T20:04:00+08:00,2026-06-13T20:06:03+08:00,1.6403,103.6806,C,Cloud to Cloud,2026-06-13T20:03:24.13+08:00
2026-06-14 14:24:27,2026-06-13T20:04:00+08:00,2026-06-13T20:06:03+08:00,1.6427,103.6601,C,Cloud to Cloud,2026-06-13T20:03:24.13+08:00
2026-06-14 14:24:27,2026-06-13T20:04:00+08:00,2026-06-13T20:06:03+08:00,1.6119,103.6903,G,Cloud to Ground,2026-06-13T20:03:24.13+08:00
2026-06-14 14:24:27,2026-06-13T20:04:00+08:00,2026-06-13T20:06:03+08:00,1.6219,103.679,C,Cloud to Cloud,2026-06-13T20:03:24.175+08:00
2026-06-14 14:24:27,2026-06-13T20:04:00+08:00,2026-06-13T20:06:03+08:00,1.5755,103.7114,C,Cloud to Cloud,2026-06-13T20:03:24.175+08:00
2026-06-14 14:24:27,2026-06-13T20:04:00+08:00,2026-06-13T20:06:03+08:00,1.6296,103.6837,C,Cloud to Cloud,2026-06-13T20:03:24.175+08:00
2026-06-14 14:24:27,2026-06-13T20:04:00+08:00,2026-06-13T20:06:03+08:00,1.6322,103.6641,C,Cloud to Cloud,2026-06-13T20:03:24.194+08:00
2026-06-14 14:24:27,2026-06-13T20:04:00+08:00,2026-06-13T20:06:03+08:00,1.6348,103.7055,C,Cloud to Cloud,2026-06-13T20:03:41.813+08:00
2026-06-14 14:24:27,2026-06-13T20:04:00+08:00,2026-06-13T20:06:03+08:00,1.5782,103.7383,C,Cloud to Cloud,2026-06-13T20:03:41.88+08:00
2026-06-14 14:24:27,2026-06-13T20:04:00+08:00,2026-06-13T20:06:03+08:00,1.6221,103.7194,C,Cloud to Cloud,2026-06-13T20:03:41.968+08:00
2026-06-14 14:24:27,2026-06-13T20:04:00+08:00,2026-06-13T20:06:03+08:00,1.6077,103.723,C,Cloud to Cloud,2026-06-13T20:03:41.968+08:00
2026-06-14 14:24:27,2026-06-13T20:04:00+08:00,2026-06-13T20:06:03+08:00,1.6452,103.672,C,Cloud to Cloud,2026-06-13T20:03:56.629+08:00
2026-06-14 14:24:27,2026-06-13T20:04:00+08:00,2026-06-13T20:06:03+08:00,1.5722,103.699,C,Cloud to Cloud,2026-06-13T20:03:56.631+08:00
2026-06-14 14:24:27,2026-06-13T20:04:00+08:00,2026-06-13T20:06:03+08:00,1.5722,103.699,C,Cloud to Cloud,2026-06-13T20:03:56.631+08:00
2026-06-14 14:24:27,2026-06-13T20:04:00+08:00,2026-06-13T20:06:03+08:00,1.589,103.7058,C,Cloud to Cloud,2026-06-13T20:03:56.678+08:00
2026-06-14 14:24:27,2026-06-13T20:04:00+08:00,2026-06-13T20:06:03+08:00,1.6157,103.6904,C,Cloud to Cloud,2026-06-13T20:03:56.678+08:00
2026-06-14 14:24:27,2026-06-13T20:02:00+08:00,2026-06-13T20:04:03+08:00,1.5742,103.7249,C,Cloud to Cloud,2026-06-13T20:00:09.805+08:00
2026-06-14 14:24:27,2026-06-13T20:02:00+08:00,2026-06-13T20:04:03+08:00,1.6016,103.7352,C,Cloud to Cloud,2026-06-13T20:00:09.843+08:00
2026-06-14 14:24:27,2026-06-13T20:02:00+08:00,2026-06-13T20:04:03+08:00,1.5864,103.7095,C,Cloud to Cloud,2026-06-13T20:00:09.917+08:00
2026-06-14 14:24:27,2026-06-13T20:02:00+08:00,2026-06-13T20:04:03+08:00,1.6327,103.7008,C,Cloud to Cloud,2026-06-13T20:00:31.932+08:00
2026-06-14 14:24:27,2026-06-13T20:02:00+08:00,2026-06-13T20:04:03+08:00,1.6494,103.7002,C,Cloud to Cloud,2026-06-13T20:00:31.934+08:00
2026-06-14 14:24:27,2026-06-13T20:02:00+08:00,2026-06-13T20:04:03+08:00,1.5666,103.6652,G,Cloud to Ground,2026-06-13T20:00:31.934+08:00
2026-06-14 14:24:27,2026-06-13T20:02:00+08:00,2026-06-13T20:04:03+08:00,1.5582,103.6804,C,Cloud to Cloud,2026-06-13T20:00:31.981+08:00
2026-06-14 14:24:27,2026-06-13T20:02:00+08:00,2026-06-13T20:04:03+08:00,1.6091,103.7138,C,Cloud to Cloud,2026-06-13T20:00:32.145+08:00
2026-06-14 14:24:27,2026-06-13T20:02:00+08:00,2026-06-13T20:04:03+08:00,1.5845,103.7233,C,Cloud to Cloud,2026-06-13T20:00:32.145+08:00
2026-06-14 14:24:27,2026-06-13T20:02:00+08:00,2026-06-13T20:04:03+08:00,1.6247,103.6798,C,Cloud to Cloud,2026-06-13T20:00:46.797+08:00
2026-06-14 14:24:27,2026-06-13T20:02:00+08:00,2026-06-13T20:04:03+08:00,1.6011,103.7029,C,Cloud to Cloud,2026-06-13T20:00:46.927+08:00
2026-06-14 14:24:27,2026-06-13T20:02:00+08:00,2026-06-13T20:04:03+08:00,1.6499,103.6665,C,Cloud to Cloud,2026-06-13T20:00:46.927+08:00
2026-06-14 14:24:27,2026-06-13T20:02:00+08:00,2026-06-13T20:04:03+08:00,1.5951,103.7235,C,Cloud to Cloud,2026-06-13T20:00:47.841+08:00
2026-06-14 14:24:27,2026-06-13T20:02:00+08:00,2026-06-13T20:04:03+08:00,1.6019,103.6957,C,Cloud to Cloud,2026-06-13T20:00:47.841+08:00
2026-06-14 14:24:27,2026-06-13T20:02:00+08:00,2026-06-13T20:04:03+08:00,1.5788,103.6826,C,Cloud to Cloud,2026-06-13T20:00:47.879+08:00
2026-06-14 14:24:27,2026-06-13T20:02:00+08:00,2026-06-13T20:04:03+08:00,1.576,103.7227,C,Cloud to Cloud,2026-06-13T20:00:47.902+08:00
2026-06-14 14:24:27,2026-06-13T20:02:00+08:00,2026-06-13T20:04:03+08:00,1.6455,103.6958,C,Cloud to Cloud,2026-06-13T20:00:47.954+08:00
2026-06-14 14:24:27,2026-06-13T20:02:00+08:00,2026-06-13T20:04:03+08:00,1.6095,103.7127,C,Cloud to Cloud,2026-06-13T20:00:47.954+08:00
2026-06-14 14:24:27,2026-06-13T20:02:00+08:00,2026-06-13T20:04:03+08:00,1.5943,103.6654,C,Cloud to Cloud,2026-06-13T20:00:47.954+08:00
2026-06-14 14:24:27,2026-06-13T20:02:00+08:00,2026-06-13T20:04:03+08:00,1.603,103.7213,C,Cloud to Cloud,2026-06-13T20:00:47.957+08:00
2026-06-14 14:24:27,2026-06-13T20:02:00+08:00,2026-06-13T20:04:03+08:00,1.6019,103.7165,C,Cloud to Cloud,2026-06-13T20:01:04.125+08:00
2026-06-14 14:24:27,2026-06-13T20:02:00+08:00,2026-06-13T20:04:03+08:00,1.6027,103.7167,C,Cloud to Cloud,2026-06-13T20:01:04.125+08:00
2026-06-14 14:24:27,2026-06-13T20:02:00+08:00,2026-06-13T20:04:03+08:00,1.6139,103.7145,C,Cloud to Cloud,2026-06-13T20:01:04.256+08:00
2026-06-14 14:24:27,2026-06-13T20:02:00+08:00,2026-06-13T20:04:03+08:00,1.6298,103.7173,C,Cloud to Cloud,2026-06-13T20:01:04.386+08:00
2026-06-14 14:24:27,2026-06-13T20:02:00+08:00,2026-06-13T20:04:03+08:00,1.6177,103.7141,C,Cloud to Cloud,2026-06-13T20:01:04.386+08:00
2026-06-14 14:24:27,2026-06-13T20:02:00+08:00,2026-06-13T20:04:03+08:00,1.6132,103.709,C,Cloud to Cloud,2026-06-13T20:01:25.103+08:00
2026-06-14 14:24:27,2026-06-13T20:02:00+08:00,2026-06-13T20:04:03+08:00,1.5957,103.715,C,Cloud to Cloud,2026-06-13T20:01:25.103+08:00
2026-06-14 14:24:27,2026-06-13T20:02:00+08:00,2026-06-13T20:04:03+08:00,1.6244,103.6993,C,Cloud to Cloud,2026-06-13T20:01:31.517+08:00
2026-06-14 14:24:27,2026-06-13T20:02:00+08:00,2026-06-13T20:04:03+08:00,1.5956,103.7103,C,Cloud to Cloud,2026-06-13T20:01:31.517+08:00
2026-06-14 14:24:27,2026-06-13T20:02:00+08:00,2026-06-13T20:04:03+08:00,1.6215,103.7078,C,Cloud to Cloud,2026-06-13T20:01:31.578+08:00
2026-06-14 14:24:27,2026-06-13T20:02:00+08:00,2026-06-13T20:04:03+08:00,1.6363,103.7074,C,Cloud to Cloud,2026-06-13T20:01:31.732+08:00
2026-06-14 14:24:27,2026-06-13T20:02:00+08:00,2026-06-13T20:04:03+08:00,1.6149,103.6552,C,Cloud to Cloud,2026-06-13T20:01:31.732+08:00
2026-06-14 14:24:27,2026-06-13T20:02:00+08:00,2026-06-13T20:04:03+08:00,1.6158,103.6439,C,Cloud to Cloud,2026-06-13T20:01:31.746+08:00
2026-06-14 14:24:27,2026-06-13T20:02:00+08:00,2026-06-13T20:04:03+08:00,1.6292,103.7034,C,Cloud to Cloud,2026-06-13T20:01:31.797+08:00
2026-06-14 14:24:27,2026-06-13T20:02:00+08:00,2026-06-13T20:04:03+08:00,1.6205,103.7069,C,Cloud to Cloud,2026-06-13T20:01:31.797+08:00
2026-06-14 14:24:27,2026-06-13T20:02:00+08:00,2026-06-13T20:04:03+08:00,1.5793,103.7352,C,Cloud to Cloud,2026-06-13T20:01:31.82+08:00
2026-06-14 14:24:27,2026-06-13T20:02:00+08:00,2026-06-13T20:04:03+08:00,1.5894,103.7203,C,Cloud to Cloud,2026-06-13T20:01:50.773+08:00
2026-06-14 14:24:27,2026-06-13T20:02:00+08:00,2026-06-13T20:04:03+08:00,1.5605,103.7146,C,Cloud to Cloud,2026-06-13T20:01:50.774+08:00
2026-06-14 14:24:27,2026-06-13T20:02:00+08:00,2026-06-13T20:04:03+08:00,1.586,103.7231,C,Cloud to Cloud,2026-06-13T20:01:50.774+08:00
2026-06-14 14:24:27,2026-06-13T20:02:00+08:00,2026-06-13T20:04:03+08:00,1.5844,103.7232,C,Cloud to Cloud,2026-06-13T20:01:50.774+08:00
2026-06-14 14:24:27,2026-06-13T20:02:00+08:00,2026-06-13T20:04:03+08:00,1.6408,103.6986,C,Cloud to Cloud,2026-06-13T20:01:50.775+08:00
2026-06-14 14:24:27,2026-06-13T20:02:00+08:00,2026-06-13T20:04:03+08:00,1.647,103.6642,C,Cloud to Cloud,2026-06-13T20:01:50.775+08:00
2026-06-14 14:24:27,2026-06-13T20:02:00+08:00,2026-06-13T20:04:03+08:00,1.5787,103.7243,C,Cloud to Cloud,2026-06-13T20:01:50.775+08:00
2026-06-14 14:24:27,2026-06-13T20:02:00+08:00,2026-06-13T20:04:03+08:00,1.5894,103.7204,C,Cloud to Cloud,2026-06-13T20:01:50.791+08:00
2026-06-14 14:24:27,2026-06-13T20:02:00+08:00,2026-06-13T20:04:03+08:00,1.62,103.6999,C,Cloud to Cloud,2026-06-13T20:01:50.802+08:00
2026-06-14 14:24:27,2026-06-13T20:02:00+08:00,2026-06-13T20:04:03+08:00,1.6371,103.7002,G,Cloud to Ground,2026-06-13T20:01:50.802+08:00
2026-06-14 14:24:27,2026-06-13T20:02:00+08:00,2026-06-13T20:04:03+08:00,1.6397,103.6964,C,Cloud to Cloud,2026-06-13T20:01:50.803+08:00
2026-06-14 14:24:27,2026-06-13T20:02:00+08:00,2026-06-13T20:04:03+08:00,1.631,103.7,C,Cloud to Cloud,2026-06-13T20:01:50.803+08:00
2026-06-14 14:24:27,2026-06-13T20:02:00+08:00,2026-06-13T20:04:03+08:00,1.6389,103.702,C,Cloud to Cloud,2026-06-13T20:01:50.848+08:00
2026-06-14 14:24:27,2026-06-13T20:02:00+08:00,2026-06-13T20:04:03+08:00,1.5542,103.6887,C,Cloud to Cloud,2026-06-13T20:01:50.848+08:00
2026-06-14 14:24:27,2026-06-13T20:02:00+08:00,2026-06-13T20:04:03+08:00,1.6131,103.7033,C,Cloud to Cloud,2026-06-13T20:01:50.849+08:00
2026-06-14 14:24:27,2026-06-13T20:02:00+08:00,2026-06-13T20:04:03+08:00,1.6348,103.6973,C,Cloud to Cloud,2026-06-13T20:01:50.849+08:00
2026-06-14 14:24:27,2026-06-13T20:02:00+08:00,2026-06-13T20:04:03+08:00,1.6368,103.7016,G,Cloud to Ground,2026-06-13T20:01:50.849+08:00
2026-06-14 14:24:27,2026-06-13T20:02:00+08:00,2026-06-13T20:04:03+08:00,1.6307,103.7051,C,Cloud to Cloud,2026-06-13T20:01:50.88+08:00
2026-06-14 14:24:27,2026-06-13T20:02:00+08:00,2026-06-13T20:04:03+08:00,1.642,103.7133,C,Cloud to Cloud,2026-06-13T20:01:50.959+08:00
2026-06-14 14:24:27,2026-06-13T20:02:00+08:00,2026-06-13T20:04:03+08:00,1.5869,103.7118,G,Cloud to Ground,2026-06-13T20:01:50.963+08:00
2026-06-14 14:24:27,2026-06-13T20:02:00+08:00,2026-06-13T20:04:03+08:00,1.5513,103.7256,C,Cloud to Cloud,2026-06-13T20:01:50.963+08:00
2026-06-14 14:24:27,2026-06-13T20:02:00+08:00,2026-06-13T20:04:03+08:00,1.571,103.7215,C,Cloud to Cloud,2026-06-13T20:01:50.963+08:00
2026-06-14 14:24:27,2026-06-13T20:02:00+08:00,2026-06-13T20:04:03+08:00,1.5862,103.7182,C,Cloud to Cloud,2026-06-13T20:01:50.97+08:00
2026-06-14 14:24:27,2026-06-13T20:02:00+08:00,2026-06-13T20:04:03+08:00,1.6005,103.6934,C,Cloud to Cloud,2026-06-13T20:01:51.054+08:00
2026-06-14 14:24:27,2026-06-13T20:02:00+08:00,2026-06-13T20:04:03+08:00,1.5814,103.7065,C,Cloud to Cloud,2026-06-13T20:01:51.054+08:00
2026-06-14 14:24:27,2026-06-13T20:02:00+08:00,2026-06-13T20:04:03+08:00,1.6301,103.6899,C,Cloud to Cloud,2026-06-13T20:01:51.055+08:00
2026-06-14 14:24:27,2026-06-13T20:02:00+08:00,2026-06-13T20:04:03+08:00,1.633,103.6728,C,Cloud to Cloud,2026-06-13T20:01:51.055+08:00
2026-06-14 14:24:27,2026-06-13T20:02:00+08:00,2026-06-13T20:04:03+08:00,1.5804,103.714,G,Cloud to Ground,2026-06-13T20:01:51.055+08:00
2026-06-14 14:24:27,2026-06-13T20:02:00+08:00,2026-06-13T20:04:03+08:00,1.6258,103.6912,C,Cloud to Cloud,2026-06-13T20:01:51.058+08:00
2026-06-14 14:24:27,2026-06-13T20:02:00+08:00,2026-06-13T20:04:03+08:00,1.5907,103.7067,C,Cloud to Cloud,2026-06-13T20:01:51.058+08:00
2026-06-14 14:24:27,2026-06-13T20:02:00+08:00,2026-06-13T20:04:03+08:00,1.6021,103.6901,C,Cloud to Cloud,2026-06-13T20:01:51.113+08:00
2026-06-14 14:24:27,2026-06-13T20:02:00+08:00,2026-06-13T20:04:03+08:00,1.5798,103.7117,G,Cloud to Ground,2026-06-13T20:01:51.151+08:00
2026-06-14 14:24:27,2026-06-13T20:02:00+08:00,2026-06-13T20:04:03+08:00,1.6093,103.641,C,Cloud to Cloud,2026-06-13T20:01:51.285+08:00
2026-06-14 14:24:27,2026-06-13T20:02:00+08:00,2026-06-13T20:04:03+08:00,1.6074,103.6798,C,Cloud to Cloud,2026-06-13T20:01:51.325+08:00
2026-06-14 14:24:27,2026-06-13T20:02:00+08:00,2026-06-13T20:04:03+08:00,1.6126,103.6823,C,Cloud to Cloud,2026-06-13T20:01:51.325+08:00
2026-06-14 14:24:27,2026-06-13T20:02:00+08:00,2026-06-13T20:04:03+08:00,1.5986,103.6478,C,Cloud to Cloud,2026-06-13T20:01:51.341+08:00
2026-06-14 14:24:27,2026-06-13T20:00:00+08:00,2026-06-13T20:02:03+08:00,1.6112,103.7295,C,Cloud to Cloud,2026-06-13T19:58:00.089+08:00
2026-06-14 14:24:27,2026-06-13T20:00:00+08:00,2026-06-13T20:02:03+08:00,1.6005,103.7076,C,Cloud to Cloud,2026-06-13T19:58:06.506+08:00
2026-06-14 14:24:27,2026-06-13T20:00:00+08:00,2026-06-13T20:02:03+08:00,1.6369,103.7255,C,Cloud to Cloud,2026-06-13T19:58:06.506+08:00
2026-06-14 14:24:27,2026-06-13T20:00:00+08:00,2026-06-13T20:02:03+08:00,1.6392,103.7233,C,Cloud to Cloud,2026-06-13T19:58:06.531+08:00
2026-06-14 14:24:27,2026-06-13T20:00:00+08:00,2026-06-13T20:02:03+08:00,1.6104,103.7223,C,Cloud to Cloud,2026-06-13T19:58:06.531+08:00
2026-06-14 14:24:27,2026-06-13T20:00:00+08:00,2026-06-13T20:02:03+08:00,1.6271,103.7135,C,Cloud to Cloud,2026-06-13T19:58:06.693+08:00
2026-06-14 14:24:27,2026-06-13T20:00:00+08:00,2026-06-13T20:02:03+08:00,1.6168,103.7184,C,Cloud to Cloud,2026-06-13T19:58:06.694+08:00
2026-06-14 14:24:27,2026-06-13T20:00:00+08:00,2026-06-13T20:02:03+08:00,1.5812,103.7426,C,Cloud to Cloud,2026-06-13T19:58:06.695+08:00
2026-06-14 14:24:27,2026-06-13T20:00:00+08:00,2026-06-13T20:02:03+08:00,1.6486,103.7126,C,Cloud to Cloud,2026-06-13T19:58:20.184+08:00
2026-06-14 14:24:27,2026-06-13T20:00:00+08:00,2026-06-13T20:02:03+08:00,1.6166,103.7251,C,Cloud to Cloud,2026-06-13T19:58:20.184+08:00
2026-06-14 14:24:27,2026-06-13T20:00:00+08:00,2026-06-13T20:02:03+08:00,1.6153,103.7259,C,Cloud to Cloud,2026-06-13T19:58:20.184+08:00
2026-06-14 14:24:27,2026-06-13T20:00:00+08:00,2026-06-13T20:02:03+08:00,1.6308,103.7221,C,Cloud to Cloud,2026-06-13T19:58:20.208+08:00
2026-06-14 14:24:27,2026-06-13T20:00:00+08:00,2026-06-13T20:02:03+08:00,1.6263,103.7296,C,Cloud to Cloud,2026-06-13T19:58:20.208+08:00
2026-06-14 14:24:27,2026-06-13T20:00:00+08:00,2026-06-13T20:02:03+08:00,1.5756,103.7971,C,Cloud to Cloud,2026-06-13T19:58:20.208+08:00
2026-06-14 14:24:27,2026-06-13T20:00:00+08:00,2026-06-13T20:02:03+08:00,1.6327,103.7174,C,Cloud to Cloud,2026-06-13T19:58:20.229+08:00
2026-06-14 14:24:27,2026-06-13T20:00:00+08:00,2026-06-13T20:02:03+08:00,1.6352,103.7164,C,Cloud to Cloud,2026-06-13T19:58:20.229+08:00
2026-06-14 14:24:27,2026-06-13T20:00:00+08:00,2026-06-13T20:02:03+08:00,1.6071,103.7204,C,Cloud to Cloud,2026-06-13T19:58:31.767+08:00
2026-06-14 14:24:27,2026-06-13T20:00:00+08:00,2026-06-13T20:02:03+08:00,1.6131,103.7279,C,Cloud to Cloud,2026-06-13T19:58:41.833+08:00
2026-06-14 14:24:27,2026-06-13T20:00:00+08:00,2026-06-13T20:02:03+08:00,1.611,103.7292,C,Cloud to Cloud,2026-06-13T19:58:41.833+08:00
2026-06-14 14:24:27,2026-06-13T20:00:00+08:00,2026-06-13T20:02:03+08:00,1.6344,103.7192,C,Cloud to Cloud,2026-06-13T19:58:44.896+08:00
2026-06-14 14:24:27,2026-06-13T20:00:00+08:00,2026-06-13T20:02:03+08:00,1.6091,103.7239,C,Cloud to Cloud,2026-06-13T19:58:44.921+08:00
2026-06-14 14:24:27,2026-06-13T20:00:00+08:00,2026-06-13T20:02:03+08:00,1.5648,103.742,C,Cloud to Cloud,2026-06-13T19:59:00.604+08:00
2026-06-14 14:24:27,2026-06-13T20:00:00+08:00,2026-06-13T20:02:03+08:00,1.6299,103.7154,C,Cloud to Cloud,2026-06-13T19:59:00.649+08:00
2026-06-14 14:24:27,2026-06-13T20:00:00+08:00,2026-06-13T20:02:03+08:00,1.6162,103.7233,C,Cloud to Cloud,2026-06-13T19:59:05.11+08:00
2026-06-14 14:24:27,2026-06-13T20:00:00+08:00,2026-06-13T20:02:03+08:00,1.6257,103.7137,C,Cloud to Cloud,2026-06-13T19:59:05.179+08:00
2026-06-14 14:24:27,2026-06-13T20:00:00+08:00,2026-06-13T20:02:03+08:00,1.6374,103.7136,C,Cloud to Cloud,2026-06-13T19:59:05.179+08:00
2026-06-14 14:24:27,2026-06-13T20:00:00+08:00,2026-06-13T20:02:03+08:00,1.6499,103.6987,C,Cloud to Cloud,2026-06-13T19:59:10.13+08:00
2026-06-14 14:24:27,2026-06-13T20:00:00+08:00,2026-06-13T20:02:03+08:00,1.6289,103.6955,C,Cloud to Cloud,2026-06-13T19:59:10.28+08:00
2026-06-14 14:24:27,2026-06-13T20:00:00+08:00,2026-06-13T20:02:03+08:00,1.6216,103.6872,C,Cloud to Cloud,2026-06-13T19:59:10.28+08:00
2026-06-14 14:24:27,2026-06-13T20:00:00+08:00,2026-06-13T20:02:03+08:00,1.5856,103.7126,C,Cloud to Cloud,2026-06-13T19:59:10.301+08:00
2026-06-14 14:24:27,2026-06-13T20:00:00+08:00,2026-06-13T20:02:03+08:00,1.5884,103.7226,C,Cloud to Cloud,2026-06-13T19:59:14.162+08:00
2026-06-14 14:24:27,2026-06-13T20:00:00+08:00,2026-06-13T20:02:03+08:00,1.643,103.696,C,Cloud to Cloud,2026-06-13T19:59:14.172+08:00
2026-06-14 14:24:27,2026-06-13T20:00:00+08:00,2026-06-13T20:02:03+08:00,1.6296,103.6936,C,Cloud to Cloud,2026-06-13T19:59:14.218+08:00
2026-06-14 14:24:27,2026-06-13T20:00:00+08:00,2026-06-13T20:02:03+08:00,1.6365,103.6912,C,Cloud to Cloud,2026-06-13T19:59:14.218+08:00
2026-06-14 14:24:27,2026-06-13T20:00:00+08:00,2026-06-13T20:02:03+08:00,1.6249,103.694,C,Cloud to Cloud,2026-06-13T19:59:14.218+08:00
2026-06-14 14:24:27,2026-06-13T20:00:00+08:00,2026-06-13T20:02:03+08:00,1.6274,103.7129,C,Cloud to Cloud,2026-06-13T19:59:14.316+08:00
2026-06-14 14:24:27,2026-06-13T20:00:00+08:00,2026-06-13T20:02:03+08:00,1.6184,103.7115,C,Cloud to Cloud,2026-06-13T19:59:14.35+08:00
2026-06-14 14:24:27,2026-06-13T20:00:00+08:00,2026-06-13T20:02:03+08:00,1.6476,103.7019,C,Cloud to Cloud,2026-06-13T19:59:14.351+08:00
2026-06-14 14:24:27,2026-06-13T20:00:00+08:00,2026-06-13T20:02:03+08:00,1.6204,103.7066,C,Cloud to Cloud,2026-06-13T19:59:14.351+08:00
2026-06-14 14:24:27,2026-06-13T20:00:00+08:00,2026-06-13T20:02:03+08:00,1.6372,103.7005,C,Cloud to Cloud,2026-06-13T19:59:14.351+08:00
2026-06-14 14:24:27,2026-06-13T20:00:00+08:00,2026-06-13T20:02:03+08:00,1.6148,103.7088,C,Cloud to Cloud,2026-06-13T19:59:14.351+08:00
2026-06-14 14:24:27,2026-06-13T20:00:00+08:00,2026-06-13T20:02:03+08:00,1.6142,103.7095,C,Cloud to Cloud,2026-06-13T19:59:14.351+08:00
2026-06-14 14:24:27,2026-06-13T20:00:00+08:00,2026-06-13T20:02:03+08:00,1.6346,103.6946,G,Cloud to Ground,2026-06-13T19:59:14.36+08:00
2026-06-14 14:24:27,2026-06-13T20:00:00+08:00,2026-06-13T20:02:03+08:00,1.6237,103.7091,C,Cloud to Cloud,2026-06-13T19:59:14.391+08:00
2026-06-14 14:24:27,2026-06-13T20:00:00+08:00,2026-06-13T20:02:03+08:00,1.6454,103.7052,C,Cloud to Cloud,2026-06-13T19:59:14.391+08:00
2026-06-14 14:24:27,2026-06-13T20:00:00+08:00,2026-06-13T20:02:03+08:00,1.6218,103.7097,C,Cloud to Cloud,2026-06-13T19:59:14.391+08:00
2026-06-14 14:24:27,2026-06-13T20:00:00+08:00,2026-06-13T20:02:03+08:00,1.6378,103.6926,C,Cloud to Cloud,2026-06-13T19:59:14.391+08:00
2026-06-14 14:24:27,2026-06-13T20:00:00+08:00,2026-06-13T20:02:03+08:00,1.6407,103.6954,G,Cloud to Ground,2026-06-13T19:59:14.392+08:00
2026-06-14 14:24:27,2026-06-13T20:00:00+08:00,2026-06-13T20:02:03+08:00,1.6287,103.6999,C,Cloud to Cloud,2026-06-13T19:59:14.419+08:00
2026-06-14 14:24:27,2026-06-13T20:00:00+08:00,2026-06-13T20:02:03+08:00,1.638,103.6978,G,Cloud to Ground,2026-06-13T19:59:14.464+08:00
2026-06-14 14:24:27,2026-06-13T20:00:00+08:00,2026-06-13T20:02:03+08:00,1.6365,103.6968,G,Cloud to Ground,2026-06-13T19:59:14.487+08:00
2026-06-14 14:24:27,2026-06-13T20:00:00+08:00,2026-06-13T20:02:03+08:00,1.6326,103.6983,G,Cloud to Ground,2026-06-13T19:59:14.539+08:00
2026-06-14 14:24:27,2026-06-13T20:00:00+08:00,2026-06-13T20:02:03+08:00,1.6407,103.6687,C,Cloud to Cloud,2026-06-13T19:59:14.556+08:00
2026-06-14 14:24:27,2026-06-13T20:00:00+08:00,2026-06-13T20:02:03+08:00,1.5839,103.7163,C,Cloud to Cloud,2026-06-13T19:59:14.578+08:00
2026-06-14 14:24:27,2026-06-13T20:00:00+08:00,2026-06-13T20:02:03+08:00,1.6369,103.7123,C,Cloud to Cloud,2026-06-13T19:59:14.578+08:00
2026-06-14 14:24:27,2026-06-13T20:00:00+08:00,2026-06-13T20:02:03+08:00,1.6203,103.7162,C,Cloud to Cloud,2026-06-13T19:59:14.578+08:00
2026-06-14 14:24:27,2026-06-13T20:00:00+08:00,2026-06-13T20:02:03+08:00,1.6442,103.7076,C,Cloud to Cloud,2026-06-13T19:59:14.579+08:00
2026-06-14 14:24:27,2026-06-13T20:00:00+08:00,2026-06-13T20:02:03+08:00,1.6343,103.6975,G,Cloud to Ground,2026-06-13T19:59:14.579+08:00
2026-06-14 14:24:27,2026-06-13T20:00:00+08:00,2026-06-13T20:02:03+08:00,1.6315,103.6738,C,Cloud to Cloud,2026-06-13T19:59:14.647+08:00
2026-06-14 14:24:27,2026-06-13T20:00:00+08:00,2026-06-13T20:02:03+08:00,1.5907,103.6978,C,Cloud to Cloud,2026-06-13T19:59:14.658+08:00
2026-06-14 14:24:27,2026-06-13T20:00:00+08:00,2026-06-13T20:02:03+08:00,1.5878,103.6996,C,Cloud to Cloud,2026-06-13T19:59:14.658+08:00
2026-06-14 14:24:27,2026-06-13T20:00:00+08:00,2026-06-13T20:02:03+08:00,1.6022,103.7022,C,Cloud to Cloud,2026-06-13T19:59:14.658+08:00
2026-06-14 14:24:27,2026-06-13T20:00:00+08:00,2026-06-13T20:02:03+08:00,1.6476,103.7046,C,Cloud to Cloud,2026-06-13T19:59:14.658+08:00
2026-06-14 14:24:27,2026-06-13T20:00:00+08:00,2026-06-13T20:02:03+08:00,1.631,103.7079,C,Cloud to Cloud,2026-06-13T19:59:14.659+08:00
2026-06-14 14:24:27,2026-06-13T20:00:00+08:00,2026-06-13T20:02:03+08:00,1.6368,103.6978,G,Cloud to Ground,2026-06-13T19:59:14.659+08:00
2026-06-14 14:24:27,2026-06-13T20:00:00+08:00,2026-06-13T20:02:03+08:00,1.5972,103.6748,C,Cloud to Cloud,2026-06-13T19:59:14.716+08:00
2026-06-14 14:24:27,2026-06-13T20:00:00+08:00,2026-06-13T20:02:03+08:00,1.5778,103.6759,C,Cloud to Cloud,2026-06-13T19:59:14.735+08:00
2026-06-14 14:24:27,2026-06-13T20:00:00+08:00,2026-06-13T20:02:03+08:00,1.6372,103.6973,G,Cloud to Ground,2026-06-13T19:59:14.74+08:00
2026-06-14 14:24:27,2026-06-13T20:00:00+08:00,2026-06-13T20:02:03+08:00,1.5713,103.68,C,Cloud to Cloud,2026-06-13T19:59:14.74+08:00
2026-06-14 14:24:27,2026-06-13T20:00:00+08:00,2026-06-13T20:02:03+08:00,1.5778,103.6749,C,Cloud to Cloud,2026-06-13T19:59:14.741+08:00
2026-06-14 14:24:27,2026-06-13T20:00:00+08:00,2026-06-13T20:02:03+08:00,1.6078,103.6769,C,Cloud to Cloud,2026-06-13T19:59:14.741+08:00
2026-06-14 14:24:27,2026-06-13T20:00:00+08:00,2026-06-13T20:02:03+08:00,1.5939,103.6864,C,Cloud to Cloud,2026-06-13T19:59:14.741+08:00
2026-06-14 14:24:27,2026-06-13T20:00:00+08:00,2026-06-13T20:02:03+08:00,1.6016,103.6882,C,Cloud to Cloud,2026-06-13T19:59:14.784+08:00
2026-06-14 14:24:27,2026-06-13T20:00:00+08:00,2026-06-13T20:02:03+08:00,1.5907,103.6955,C,Cloud to Cloud,2026-06-13T19:59:14.784+08:00
2026-06-14 14:24:27,2026-06-13T20:00:00+08:00,2026-06-13T20:02:03+08:00,1.5809,103.7105,C,Cloud to Cloud,2026-06-13T19:59:14.784+08:00
2026-06-14 14:24:27,2026-06-13T20:00:00+08:00,2026-06-13T20:02:03+08:00,1.5901,103.6778,C,Cloud to Cloud,2026-06-13T19:59:14.793+08:00
2026-06-14 14:24:27,2026-06-13T20:00:00+08:00,2026-06-13T20:02:03+08:00,1.5748,103.6893,C,Cloud to Cloud,2026-06-13T19:59:14.793+08:00
2026-06-14 14:24:27,2026-06-13T20:00:00+08:00,2026-06-13T20:02:03+08:00,1.6369,103.6967,G,Cloud to Ground,2026-06-13T19:59:14.8+08:00
2026-06-14 14:24:27,2026-06-13T20:00:00+08:00,2026-06-13T20:02:03+08:00,1.6218,103.6743,C,Cloud to Cloud,2026-06-13T19:59:14.817+08:00
2026-06-14 14:24:27,2026-06-13T20:00:00+08:00,2026-06-13T20:02:03+08:00,1.5924,103.6932,C,Cloud to Cloud,2026-06-13T19:59:14.817+08:00
2026-06-14 14:24:27,2026-06-13T20:00:00+08:00,2026-06-13T20:02:03+08:00,1.5996,103.6883,C,Cloud to Cloud,2026-06-13T19:59:14.818+08:00
2026-06-14 14:24:27,2026-06-13T20:00:00+08:00,2026-06-13T20:02:03+08:00,1.6337,103.6915,C,Cloud to Cloud,2026-06-13T19:59:14.819+08:00
2026-06-14 14:24:27,2026-06-13T20:00:00+08:00,2026-06-13T20:02:03+08:00,1.6417,103.6952,G,Cloud to Ground,2026-06-13T19:59:14.819+08:00
2026-06-14 14:24:27,2026-06-13T20:00:00+08:00,2026-06-13T20:02:03+08:00,1.5752,103.6748,C,Cloud to Cloud,2026-06-13T19:59:14.822+08:00
2026-06-14 14:24:27,2026-06-13T20:00:00+08:00,2026-06-13T20:02:03+08:00,1.5539,103.7142,C,Cloud to Cloud,2026-06-13T19:59:35.998+08:00
2026-06-14 14:24:27,2026-06-13T20:00:00+08:00,2026-06-13T20:02:03+08:00,1.6495,103.7118,C,Cloud to Cloud,2026-06-13T19:59:36.973+08:00
2026-06-14 14:24:27,2026-06-13T20:00:00+08:00,2026-06-13T20:02:03+08:00,1.6015,103.6907,C,Cloud to Cloud,2026-06-13T19:59:58.678+08:00
2026-06-14 14:24:27,2026-06-13T20:00:00+08:00,2026-06-13T20:02:03+08:00,1.6482,103.6831,C,Cloud to Cloud,2026-06-13T19:59:58.761+08:00
2026-06-14 14:24:27,2026-06-13T20:00:00+08:00,2026-06-13T20:02:03+08:00,1.6403,103.699,C,Cloud to Cloud,2026-06-13T19:59:58.761+08:00
2026-06-14 14:24:27,2026-06-13T20:00:00+08:00,2026-06-13T20:02:03+08:00,1.6498,103.6858,C,Cloud to Cloud,2026-06-13T19:59:58.82+08:00
2026-06-14 14:24:27,2026-06-13T20:00:00+08:00,2026-06-13T20:02:03+08:00,1.5903,103.7207,C,Cloud to Cloud,2026-06-13T19:59:59.066+08:00
2026-06-14 14:24:27,2026-06-13T20:00:00+08:00,2026-06-13T20:02:03+08:00,1.6067,103.7142,C,Cloud to Cloud,2026-06-13T19:59:59.066+08:00
2026-06-14 14:24:27,2026-06-13T19:58:00+08:00,2026-06-13T20:00:04+08:00,1.607,103.7218,C,Cloud to Cloud,2026-06-13T19:56:38.522+08:00
2026-06-14 14:24:27,2026-06-13T19:58:00+08:00,2026-06-13T20:00:04+08:00,1.6042,103.717,C,Cloud to Cloud,2026-06-13T19:56:38.528+08:00
2026-06-14 14:24:27,2026-06-13T19:58:00+08:00,2026-06-13T20:00:04+08:00,1.6055,103.7162,C,Cloud to Cloud,2026-06-13T19:56:38.528+08:00
2026-06-14 14:24:27,2026-06-13T19:58:00+08:00,2026-06-13T20:00:04+08:00,1.62,103.7092,C,Cloud to Cloud,2026-06-13T19:56:38.61+08:00
2026-06-14 14:24:27,2026-06-13T19:58:00+08:00,2026-06-13T20:00:04+08:00,1.633,103.698,C,Cloud to Cloud,2026-06-13T19:56:38.668+08:00
2026-06-14 14:24:27,2026-06-13T19:58:00+08:00,2026-06-13T20:00:04+08:00,1.6309,103.7105,C,Cloud to Cloud,2026-06-13T19:56:38.668+08:00
2026-06-14 14:24:27,2026-06-13T19:58:00+08:00,2026-06-13T20:00:04+08:00,1.6275,103.7171,C,Cloud to Cloud,2026-06-13T19:56:38.668+08:00
2026-06-14 14:24:27,2026-06-13T19:58:00+08:00,2026-06-13T20:00:04+08:00,1.6409,103.7072,C,Cloud to Cloud,2026-06-13T19:56:38.682+08:00
2026-06-14 14:24:27,2026-06-13T19:58:00+08:00,2026-06-13T20:00:04+08:00,1.6483,103.7134,C,Cloud to Cloud,2026-06-13T19:56:38.682+08:00
2026-06-14 14:24:27,2026-06-13T19:58:00+08:00,2026-06-13T20:00:04+08:00,1.6402,103.7192,C,Cloud to Cloud,2026-06-13T19:56:38.708+08:00
2026-06-14 14:24:27,2026-06-13T19:58:00+08:00,2026-06-13T20:00:04+08:00,1.6044,103.7313,C,Cloud to Cloud,2026-06-13T19:56:38.708+08:00
2026-06-14 14:24:27,2026-06-13T19:58:00+08:00,2026-06-13T20:00:04+08:00,1.6309,103.7015,C,Cloud to Cloud,2026-06-13T19:56:38.715+08:00
2026-06-14 14:24:27,2026-06-13T19:58:00+08:00,2026-06-13T20:00:04+08:00,1.6449,103.7205,C,Cloud to Cloud,2026-06-13T19:56:38.725+08:00
2026-06-14 14:24:27,2026-06-13T19:58:00+08:00,2026-06-13T20:00:04+08:00,1.6116,103.6996,C,Cloud to Cloud,2026-06-13T19:56:38.725+08:00
2026-06-14 14:24:27,2026-06-13T19:58:00+08:00,2026-06-13T20:00:04+08:00,1.6356,103.7166,C,Cloud to Cloud,2026-06-13T19:56:38.75+08:00
2026-06-14 14:24:27,2026-06-13T19:58:00+08:00,2026-06-13T20:00:04+08:00,1.5507,103.6599,C,Cloud to Cloud,2026-06-13T19:56:38.81+08:00
2026-06-14 14:24:27,2026-06-13T19:58:00+08:00,2026-06-13T20:00:04+08:00,1.6361,103.7412,C,Cloud to Cloud,2026-06-13T19:56:38.854+08:00
2026-06-14 14:24:27,2026-06-13T19:58:00+08:00,2026-06-13T20:00:04+08:00,1.6459,103.7087,C,Cloud to Cloud,2026-06-13T19:57:10.519+08:00
2026-06-14 14:24:27,2026-06-13T19:58:00+08:00,2026-06-13T20:00:04+08:00,1.6459,103.7087,C,Cloud to Cloud,2026-06-13T19:57:10.519+08:00
2026-06-14 14:24:27,2026-06-13T19:58:00+08:00,2026-06-13T20:00:04+08:00,1.6357,103.655,C,Cloud to Cloud,2026-06-13T19:57:10.759+08:00
2026-06-14 14:24:27,2026-06-13T19:58:00+08:00,2026-06-13T20:00:04+08:00,1.6446,103.6521,C,Cloud to Cloud,2026-06-13T19:57:10.759+08:00
2026-06-14 14:24:27,2026-06-13T19:58:00+08:00,2026-06-13T20:00:04+08:00,1.6213,103.7257,C,Cloud to Cloud,2026-06-13T19:57:14.145+08:00
2026-06-14 14:24:27,2026-06-13T19:58:00+08:00,2026-06-13T20:00:04+08:00,1.5967,103.7366,C,Cloud to Cloud,2026-06-13T19:57:14.187+08:00
2026-06-14 14:24:27,2026-06-13T19:58:00+08:00,2026-06-13T20:00:04+08:00,1.6109,103.7036,C,Cloud to Cloud,2026-06-13T19:57:27.814+08:00
2026-06-14 14:24:27,2026-06-13T19:58:00+08:00,2026-06-13T20:00:04+08:00,1.615,103.6926,C,Cloud to Cloud,2026-06-13T19:57:27.884+08:00
2026-06-14 14:24:27,2026-06-13T19:58:00+08:00,2026-06-13T20:00:04+08:00,1.6384,103.6926,C,Cloud to Cloud,2026-06-13T19:57:27.918+08:00
2026-06-14 14:24:27,2026-06-13T19:58:00+08:00,2026-06-13T20:00:04+08:00,1.6324,103.7064,C,Cloud to Cloud,2026-06-13T19:57:27.939+08:00
2026-06-14 14:24:27,2026-06-13T19:58:00+08:00,2026-06-13T20:00:04+08:00,1.6137,103.7046,C,Cloud to Cloud,2026-06-13T19:57:27.964+08:00
2026-06-14 14:24:27,2026-06-13T19:58:00+08:00,2026-06-13T20:00:04+08:00,1.569,103.7145,C,Cloud to Cloud,2026-06-13T19:57:28.01+08:00
2026-06-14 14:24:27,2026-06-13T19:58:00+08:00,2026-06-13T20:00:04+08:00,1.6394,103.7222,C,Cloud to Cloud,2026-06-13T19:57:40.798+08:00
2026-06-14 14:24:27,2026-06-13T19:58:00+08:00,2026-06-13T20:00:04+08:00,1.5884,103.7303,C,Cloud to Cloud,2026-06-13T19:57:48.611+08:00
2026-06-14 14:24:27,2026-06-13T19:58:00+08:00,2026-06-13T20:00:04+08:00,1.594,103.7229,C,Cloud to Cloud,2026-06-13T19:57:48.611+08:00
2026-06-14 14:24:27,2026-06-13T19:58:00+08:00,2026-06-13T20:00:04+08:00,1.6199,103.7239,C,Cloud to Cloud,2026-06-13T19:57:48.699+08:00
2026-06-14 14:24:27,2026-06-13T19:58:00+08:00,2026-06-13T20:00:04+08:00,1.6462,103.7046,C,Cloud to Cloud,2026-06-13T19:57:48.745+08:00
2026-06-14 14:24:27,2026-06-13T19:58:00+08:00,2026-06-13T20:00:04+08:00,1.6096,103.7317,C,Cloud to Cloud,2026-06-13T19:57:56.714+08:00
2026-06-14 14:24:27,2026-06-13T19:58:00+08:00,2026-06-13T20:00:04+08:00,1.6327,103.7018,C,Cloud to Cloud,2026-06-13T19:57:56.727+08:00
2026-06-14 14:24:27,2026-06-13T19:58:00+08:00,2026-06-13T20:00:04+08:00,1.6176,103.6963,C,Cloud to Cloud,2026-06-13T19:57:56.843+08:00
2026-06-14 14:24:27,2026-06-13T19:58:00+08:00,2026-06-13T20:00:04+08:00,1.5916,103.7096,C,Cloud to Cloud,2026-06-13T19:57:56.843+08:00
2026-06-14 14:24:27,2026-06-13T19:58:00+08:00,2026-06-13T20:00:04+08:00,1.5933,103.6754,C,Cloud to Cloud,2026-06-13T19:57:57.018+08:00
2026-06-14 14:24:27,2026-06-13T19:58:00+08:00,2026-06-13T20:00:04+08:00,1.599,103.6696,C,Cloud to Cloud,2026-06-13T19:57:57.046+08:00
2026-06-14 14:24:27,2026-06-13T19:58:00+08:00,2026-06-13T20:00:04+08:00,1.6017,103.6955,C,Cloud to Cloud,2026-06-13T19:57:57.103+08:00
2026-06-14 14:24:27,2026-06-13T19:58:00+08:00,2026-06-13T20:00:04+08:00,1.591,103.7023,C,Cloud to Cloud,2026-06-13T19:57:57.103+08:00
2026-06-14 14:24:27,2026-06-13T19:58:00+08:00,2026-06-13T20:00:04+08:00,1.6255,103.6902,C,Cloud to Cloud,2026-06-13T19:57:57.103+08:00
2026-06-14 14:24:27,2026-06-13T19:58:00+08:00,2026-06-13T20:00:04+08:00,1.5957,103.6914,C,Cloud to Cloud,2026-06-13T19:57:57.152+08:00
2026-06-14 14:24:27,2026-06-13T19:58:00+08:00,2026-06-13T20:00:04+08:00,1.6116,103.6781,C,Cloud to Cloud,2026-06-13T19:57:57.166+08:00
2026-06-14 14:24:27,2026-06-13T19:58:00+08:00,2026-06-13T20:00:04+08:00,1.5858,103.6951,C,Cloud to Cloud,2026-06-13T19:57:57.166+08:00
2026-06-14 14:24:27,2026-06-13T19:58:00+08:00,2026-06-13T20:00:04+08:00,1.626,103.6243,C,Cloud to Cloud,2026-06-13T19:57:57.203+08:00
2026-06-14 14:24:27,2026-06-13T19:54:00+08:00,2026-06-13T19:56:02+08:00,1.6061,103.6506,C,Cloud to Cloud,2026-06-13T19:52:14.101+08:00
2026-06-14 14:24:27,2026-06-13T19:54:00+08:00,2026-06-13T19:56:02+08:00,1.5895,103.6584,C,Cloud to Cloud,2026-06-13T19:52:14.102+08:00
2026-06-14 14:24:27,2026-06-13T19:54:00+08:00,2026-06-13T19:56:02+08:00,1.5787,103.6719,C,Cloud to Cloud,2026-06-13T19:52:14.254+08:00
2026-06-14 14:24:27,2026-06-13T19:54:00+08:00,2026-06-13T19:56:02+08:00,1.5694,103.6745,C,Cloud to Cloud,2026-06-13T19:52:14.451+08:00
2026-06-14 14:24:27,2026-06-13T19:54:00+08:00,2026-06-13T19:56:02+08:00,1.6129,103.6725,C,Cloud to Cloud,2026-06-13T19:52:14.465+08:00
2026-06-14 14:24:27,2026-06-13T19:54:00+08:00,2026-06-13T19:56:02+08:00,1.6391,103.626,C,Cloud to Cloud,2026-06-13T19:52:14.482+08:00
2026-06-14 14:24:27,2026-06-13T19:54:00+08:00,2026-06-13T19:56:02+08:00,1.5846,103.6589,C,Cloud to Cloud,2026-06-13T19:52:14.482+08:00
2026-06-14 14:24:27,2026-06-13T19:54:00+08:00,2026-06-13T19:56:02+08:00,1.584,103.6594,C,Cloud to Cloud,2026-06-13T19:52:14.482+08:00
2026-06-14 14:24:27,2026-06-13T19:54:00+08:00,2026-06-13T19:56:02+08:00,1.5673,103.6788,C,Cloud to Cloud,2026-06-13T19:52:14.514+08:00
2026-06-14 14:24:27,2026-06-13T19:54:00+08:00,2026-06-13T19:56:02+08:00,1.6451,103.7322,G,Cloud to Ground,2026-06-13T19:52:14.514+08:00
2026-06-14 14:24:27,2026-06-13T19:54:00+08:00,2026-06-13T19:56:02+08:00,1.5716,103.6749,C,Cloud to Cloud,2026-06-13T19:52:14.514+08:00
2026-06-14 14:24:27,2026-06-13T19:54:00+08:00,2026-06-13T19:56:02+08:00,1.5863,103.6635,C,Cloud to Cloud,2026-06-13T19:52:14.514+08:00
2026-06-14 14:24:27,2026-06-13T19:54:00+08:00,2026-06-13T19:56:02+08:00,1.5725,103.6907,C,Cloud to Cloud,2026-06-13T19:52:14.594+08:00
2026-06-14 14:24:27,2026-06-13T19:54:00+08:00,2026-06-13T19:56:02+08:00,1.6486,103.6248,C,Cloud to Cloud,2026-06-13T19:52:22.782+08:00
2026-06-14 14:24:27,2026-06-13T19:54:00+08:00,2026-06-13T19:56:02+08:00,1.5903,103.6994,C,Cloud to Cloud,2026-06-13T19:52:22.782+08:00
2026-06-14 14:24:27,2026-06-13T19:54:00+08:00,2026-06-13T19:56:02+08:00,1.5707,103.6445,C,Cloud to Cloud,2026-06-13T19:52:41.891+08:00
2026-06-14 14:24:27,2026-06-13T19:54:00+08:00,2026-06-13T19:56:02+08:00,1.5322,103.6782,C,Cloud to Cloud,2026-06-13T19:52:41.916+08:00
2026-06-14 14:24:27,2026-06-13T19:54:00+08:00,2026-06-13T19:56:02+08:00,1.5365,103.6725,C,Cloud to Cloud,2026-06-13T19:52:41.916+08:00
2026-06-14 14:24:27,2026-06-13T19:54:00+08:00,2026-06-13T19:56:02+08:00,1.5921,103.6219,C,Cloud to Cloud,2026-06-13T19:52:41.963+08:00
2026-06-14 14:24:27,2026-06-13T19:54:00+08:00,2026-06-13T19:56:02+08:00,1.5566,103.6549,C,Cloud to Cloud,2026-06-13T19:52:41.963+08:00
2026-06-14 14:24:27,2026-06-13T19:54:00+08:00,2026-06-13T19:56:02+08:00,1.539,103.6816,C,Cloud to Cloud,2026-06-13T19:52:42.179+08:00
2026-06-14 14:24:27,2026-06-13T19:54:00+08:00,2026-06-13T19:56:02+08:00,1.6037,103.6832,C,Cloud to Cloud,2026-06-13T19:53:08.837+08:00
2026-06-14 14:24:27,2026-06-13T19:54:00+08:00,2026-06-13T19:56:02+08:00,1.5591,103.6977,C,Cloud to Cloud,2026-06-13T19:53:08.862+08:00
2026-06-14 14:24:27,2026-06-13T19:54:00+08:00,2026-06-13T19:56:02+08:00,1.5816,103.6544,C,Cloud to Cloud,2026-06-13T19:53:08.862+08:00
2026-06-14 14:24:27,2026-06-13T19:54:00+08:00,2026-06-13T19:56:02+08:00,1.5697,103.6946,C,Cloud to Cloud,2026-06-13T19:53:09.133+08:00
2026-06-14 14:24:27,2026-06-13T19:54:00+08:00,2026-06-13T19:56:02+08:00,1.5702,103.6942,C,Cloud to Cloud,2026-06-13T19:53:09.133+08:00
2026-06-14 14:24:27,2026-06-13T19:54:00+08:00,2026-06-13T19:56:02+08:00,1.5668,103.6951,C,Cloud to Cloud,2026-06-13T19:53:22.244+08:00
2026-06-14 14:24:27,2026-06-13T19:54:00+08:00,2026-06-13T19:56:02+08:00,1.6404,103.6201,C,Cloud to Cloud,2026-06-13T19:53:22.244+08:00
2026-06-14 14:24:27,2026-06-13T19:54:00+08:00,2026-06-13T19:56:02+08:00,1.6208,103.6534,C,Cloud to Cloud,2026-06-13T19:53:22.361+08:00
2026-06-14 14:24:27,2026-06-13T19:54:00+08:00,2026-06-13T19:56:02+08:00,1.6202,103.5797,C,Cloud to Cloud,2026-06-13T19:53:22.361+08:00
2026-06-14 14:24:27,2026-06-13T19:54:00+08:00,2026-06-13T19:56:02+08:00,1.5622,103.7037,C,Cloud to Cloud,2026-06-13T19:53:22.731+08:00
2026-06-14 14:24:27,2026-06-13T19:52:00+08:00,2026-06-13T19:54:03+08:00,1.6062,103.7009,C,Cloud to Cloud,2026-06-13T19:50:06.731+08:00
2026-06-14 14:24:27,2026-06-13T19:52:00+08:00,2026-06-13T19:54:03+08:00,1.5913,103.6893,C,Cloud to Cloud,2026-06-13T19:50:06.731+08:00
2026-06-14 14:24:27,2026-06-13T19:52:00+08:00,2026-06-13T19:54:03+08:00,1.6166,103.6961,C,Cloud to Cloud,2026-06-13T19:50:06.731+08:00
2026-06-14 14:24:27,2026-06-13T19:52:00+08:00,2026-06-13T19:54:03+08:00,1.5626,103.7027,C,Cloud to Cloud,2026-06-13T19:50:06.982+08:00
2026-06-14 14:24:27,2026-06-13T19:52:00+08:00,2026-06-13T19:54:03+08:00,1.5971,103.687,C,Cloud to Cloud,2026-06-13T19:50:06.982+08:00
2026-06-14 14:24:27,2026-06-13T19:52:00+08:00,2026-06-13T19:54:03+08:00,1.5855,103.6058,C,Cloud to Cloud,2026-06-13T19:50:06.984+08:00
2026-06-14 14:24:27,2026-06-13T19:52:00+08:00,2026-06-13T19:54:03+08:00,1.6342,103.6869,C,Cloud to Cloud,2026-06-13T19:50:07.003+08:00
2026-06-14 14:24:27,2026-06-13T19:52:00+08:00,2026-06-13T19:54:03+08:00,1.5997,103.6836,C,Cloud to Cloud,2026-06-13T19:50:07.022+08:00
2026-06-14 14:24:27,2026-06-13T19:52:00+08:00,2026-06-13T19:54:03+08:00,1.5485,103.7199,C,Cloud to Cloud,2026-06-13T19:50:07.039+08:00
2026-06-14 14:24:27,2026-06-13T19:52:00+08:00,2026-06-13T19:54:03+08:00,1.5752,103.7061,C,Cloud to Cloud,2026-06-13T19:50:07.051+08:00
2026-06-14 14:24:27,2026-06-13T19:52:00+08:00,2026-06-13T19:54:03+08:00,1.5935,103.7019,C,Cloud to Cloud,2026-06-13T19:50:07.051+08:00
2026-06-14 14:24:27,2026-06-13T19:52:00+08:00,2026-06-13T19:54:03+08:00,1.5567,103.7028,C,Cloud to Cloud,2026-06-13T19:50:07.099+08:00
2026-06-14 14:24:27,2026-06-13T19:52:00+08:00,2026-06-13T19:54:03+08:00,1.6049,103.6702,C,Cloud to Cloud,2026-06-13T19:50:07.134+08:00
2026-06-14 14:24:27,2026-06-13T19:52:00+08:00,2026-06-13T19:54:03+08:00,1.6116,103.6799,C,Cloud to Cloud,2026-06-13T19:50:07.134+08:00
2026-06-14 14:24:27,2026-06-13T19:52:00+08:00,2026-06-13T19:54:03+08:00,1.5402,103.7126,C,Cloud to Cloud,2026-06-13T19:50:07.16+08:00
2026-06-14 14:24:27,2026-06-13T19:52:00+08:00,2026-06-13T19:54:03+08:00,1.6172,103.6523,C,Cloud to Cloud,2026-06-13T19:50:07.16+08:00
2026-06-14 14:24:27,2026-06-13T19:52:00+08:00,2026-06-13T19:54:03+08:00,1.6138,103.7015,C,Cloud to Cloud,2026-06-13T19:50:07.217+08:00
2026-06-14 14:24:27,2026-06-13T19:52:00+08:00,2026-06-13T19:54:03+08:00,1.5507,103.7194,C,Cloud to Cloud,2026-06-13T19:50:07.217+08:00
2026-06-14 14:24:27,2026-06-13T19:52:00+08:00,2026-06-13T19:54:03+08:00,1.5678,103.7227,C,Cloud to Cloud,2026-06-13T19:50:07.255+08:00
2026-06-14 14:24:27,2026-06-13T19:52:00+08:00,2026-06-13T19:54:03+08:00,1.6034,103.6892,C,Cloud to Cloud,2026-06-13T19:50:37.539+08:00
2026-06-14 14:24:27,2026-06-13T19:52:00+08:00,2026-06-13T19:54:03+08:00,1.596,103.6856,C,Cloud to Cloud,2026-06-13T19:50:37.539+08:00
2026-06-14 14:24:27,2026-06-13T19:52:00+08:00,2026-06-13T19:54:03+08:00,1.5262,103.7361,C,Cloud to Cloud,2026-06-13T19:50:37.539+08:00
2026-06-14 14:24:27,2026-06-13T19:52:00+08:00,2026-06-13T19:54:03+08:00,1.6337,103.53,C,Cloud to Cloud,2026-06-13T19:50:37.575+08:00
2026-06-14 14:24:27,2026-06-13T19:52:00+08:00,2026-06-13T19:54:03+08:00,1.6215,103.6867,C,Cloud to Cloud,2026-06-13T19:50:37.575+08:00
2026-06-14 14:24:27,2026-06-13T19:52:00+08:00,2026-06-13T19:54:03+08:00,1.6494,103.6664,C,Cloud to Cloud,2026-06-13T19:50:37.66+08:00
2026-06-14 14:24:27,2026-06-13T19:52:00+08:00,2026-06-13T19:54:03+08:00,1.6465,103.6717,C,Cloud to Cloud,2026-06-13T19:50:37.661+08:00
2026-06-14 14:24:27,2026-06-13T19:52:00+08:00,2026-06-13T19:54:03+08:00,1.6144,103.6655,C,Cloud to Cloud,2026-06-13T19:50:37.661+08:00
2026-06-14 14:24:27,2026-06-13T19:52:00+08:00,2026-06-13T19:54:03+08:00,1.5305,103.6777,C,Cloud to Cloud,2026-06-13T19:51:15.947+08:00
2026-06-14 14:24:27,2026-06-13T19:52:00+08:00,2026-06-13T19:54:03+08:00,1.5402,103.6627,C,Cloud to Cloud,2026-06-13T19:51:15.947+08:00
2026-06-14 14:24:27,2026-06-13T19:52:00+08:00,2026-06-13T19:54:03+08:00,1.6458,103.6509,C,Cloud to Cloud,2026-06-13T19:51:16.837+08:00
2026-06-14 14:24:27,2026-06-13T19:52:00+08:00,2026-06-13T19:54:03+08:00,1.6409,103.6635,C,Cloud to Cloud,2026-06-13T19:51:16.838+08:00
2026-06-14 14:24:27,2026-06-13T19:52:00+08:00,2026-06-13T19:54:03+08:00,1.6358,103.6063,C,Cloud to Cloud,2026-06-13T19:51:16.84+08:00
2026-06-14 14:24:27,2026-06-13T19:52:00+08:00,2026-06-13T19:54:03+08:00,1.5741,103.6945,C,Cloud to Cloud,2026-06-13T19:51:25.675+08:00
2026-06-14 14:24:27,2026-06-13T19:52:00+08:00,2026-06-13T19:54:03+08:00,1.5919,103.7013,C,Cloud to Cloud,2026-06-13T19:51:25.786+08:00
2026-06-14 14:24:27,2026-06-13T19:50:00+08:00,2026-06-13T19:52:03+08:00,1.5604,103.7149,C,Cloud to Cloud,2026-06-13T19:48:17.835+08:00
2026-06-14 14:24:27,2026-06-13T19:50:00+08:00,2026-06-13T19:52:03+08:00,1.6288,103.6693,C,Cloud to Cloud,2026-06-13T19:48:17.84+08:00
2026-06-14 14:24:27,2026-06-13T19:50:00+08:00,2026-06-13T19:52:03+08:00,1.5956,103.6443,C,Cloud to Cloud,2026-06-13T19:48:17.903+08:00
2026-06-14 14:24:27,2026-06-13T19:50:00+08:00,2026-06-13T19:52:03+08:00,1.5787,103.7032,C,Cloud to Cloud,2026-06-13T19:48:18.093+08:00
2026-06-14 14:24:27,2026-06-13T19:50:00+08:00,2026-06-13T19:52:03+08:00,1.6077,103.6817,C,Cloud to Cloud,2026-06-13T19:48:18.093+08:00
2026-06-14 14:24:27,2026-06-13T19:50:00+08:00,2026-06-13T19:52:03+08:00,1.5866,103.7108,C,Cloud to Cloud,2026-06-13T19:48:18.137+08:00
2026-06-14 14:24:27,2026-06-13T19:50:00+08:00,2026-06-13T19:52:03+08:00,1.5904,103.7073,C,Cloud to Cloud,2026-06-13T19:48:18.137+08:00
2026-06-14 14:24:27,2026-06-13T19:50:00+08:00,2026-06-13T19:52:03+08:00,1.6224,103.6889,C,Cloud to Cloud,2026-06-13T19:48:18.137+08:00
2026-06-14 14:24:27,2026-06-13T19:50:00+08:00,2026-06-13T19:52:03+08:00,1.6285,103.6787,C,Cloud to Cloud,2026-06-13T19:48:18.157+08:00
2026-06-14 14:24:27,2026-06-13T19:50:00+08:00,2026-06-13T19:52:03+08:00,1.5875,103.7131,C,Cloud to Cloud,2026-06-13T19:48:44.19+08:00
2026-06-14 14:24:27,2026-06-13T19:50:00+08:00,2026-06-13T19:52:03+08:00,1.6059,103.6485,C,Cloud to Cloud,2026-06-13T19:48:44.19+08:00
2026-06-14 14:24:27,2026-06-13T19:50:00+08:00,2026-06-13T19:52:03+08:00,1.6303,103.6983,C,Cloud to Cloud,2026-06-13T19:48:44.237+08:00
2026-06-14 14:24:27,2026-06-13T19:50:00+08:00,2026-06-13T19:52:03+08:00,1.5906,103.7098,C,Cloud to Cloud,2026-06-13T19:48:44.259+08:00
2026-06-14 14:24:27,2026-06-13T19:50:00+08:00,2026-06-13T19:52:03+08:00,1.5898,103.7107,C,Cloud to Cloud,2026-06-13T19:48:44.295+08:00
2026-06-14 14:24:27,2026-06-13T19:50:00+08:00,2026-06-13T19:52:03+08:00,1.5938,103.7101,C,Cloud to Cloud,2026-06-13T19:48:44.44+08:00
2026-06-14 14:24:27,2026-06-13T19:50:00+08:00,2026-06-13T19:52:03+08:00,1.5911,103.7063,C,Cloud to Cloud,2026-06-13T19:48:44.474+08:00
2026-06-14 14:24:27,2026-06-13T19:50:00+08:00,2026-06-13T19:52:03+08:00,1.585,103.7096,C,Cloud to Cloud,2026-06-13T19:48:44.474+08:00
2026-06-14 14:24:27,2026-06-13T19:50:00+08:00,2026-06-13T19:52:03+08:00,1.5755,103.7161,C,Cloud to Cloud,2026-06-13T19:48:44.478+08:00
2026-06-14 14:24:27,2026-06-13T19:50:00+08:00,2026-06-13T19:52:03+08:00,1.5558,103.6999,C,Cloud to Cloud,2026-06-13T19:49:30.74+08:00
2026-06-14 14:24:27,2026-06-13T19:50:00+08:00,2026-06-13T19:52:03+08:00,1.5426,103.7153,C,Cloud to Cloud,2026-06-13T19:49:30.74+08:00
2026-06-14 14:24:27,2026-06-13T19:50:00+08:00,2026-06-13T19:52:03+08:00,1.6448,103.6653,C,Cloud to Cloud,2026-06-13T19:49:58.593+08:00
2026-06-14 14:24:27,2026-06-13T19:50:00+08:00,2026-06-13T19:52:03+08:00,1.5896,103.6636,C,Cloud to Cloud,2026-06-13T19:49:58.848+08:00
2026-06-14 14:24:27,2026-06-13T19:50:00+08:00,2026-06-13T19:52:03+08:00,1.6359,103.6065,C,Cloud to Cloud,2026-06-13T19:49:58.996+08:00
2026-06-14 14:24:27,2026-06-13T19:50:00+08:00,2026-06-13T19:52:03+08:00,1.6364,103.6021,C,Cloud to Cloud,2026-06-13T19:49:59.031+08:00
2026-06-14 14:24:27,2026-06-13T19:50:00+08:00,2026-06-13T19:52:03+08:00,1.621,103.6201,C,Cloud to Cloud,2026-06-13T19:49:59.031+08:00
2026-06-14 14:24:27,2026-06-13T19:48:00+08:00,2026-06-13T19:50:02+08:00,1.5908,103.7255,C,Cloud to Cloud,2026-06-13T19:46:07.548+08:00
2026-06-14 14:24:27,2026-06-13T19:48:00+08:00,2026-06-13T19:50:02+08:00,1.5795,103.7263,C,Cloud to Cloud,2026-06-13T19:46:07.625+08:00
2026-06-14 14:24:27,2026-06-13T19:48:00+08:00,2026-06-13T19:50:02+08:00,1.5975,103.7191,C,Cloud to Cloud,2026-06-13T19:46:07.626+08:00
2026-06-14 14:24:27,2026-06-13T19:48:00+08:00,2026-06-13T19:50:02+08:00,1.6229,103.7165,C,Cloud to Cloud,2026-06-13T19:46:07.648+08:00
2026-06-14 14:24:27,2026-06-13T19:48:00+08:00,2026-06-13T19:50:02+08:00,1.6301,103.713,C,Cloud to Cloud,2026-06-13T19:46:07.648+08:00
2026-06-14 14:24:27,2026-06-13T19:48:00+08:00,2026-06-13T19:50:02+08:00,1.6229,103.6964,C,Cloud to Cloud,2026-06-13T19:46:07.648+08:00
2026-06-14 14:24:27,2026-06-13T19:48:00+08:00,2026-06-13T19:50:02+08:00,1.5943,103.7215,C,Cloud to Cloud,2026-06-13T19:46:07.709+08:00
2026-06-14 14:24:27,2026-06-13T19:48:00+08:00,2026-06-13T19:50:02+08:00,1.6176,103.7145,C,Cloud to Cloud,2026-06-13T19:46:07.709+08:00
2026-06-14 14:24:27,2026-06-13T19:48:00+08:00,2026-06-13T19:50:02+08:00,1.609,103.7192,C,Cloud to Cloud,2026-06-13T19:46:07.709+08:00
2026-06-14 14:24:27,2026-06-13T19:48:00+08:00,2026-06-13T19:50:02+08:00,1.5859,103.6965,C,Cloud to Cloud,2026-06-13T19:46:07.709+08:00
2026-06-14 14:24:27,2026-06-13T19:48:00+08:00,2026-06-13T19:50:02+08:00,1.6483,103.6033,C,Cloud to Cloud,2026-06-13T19:46:23.569+08:00
2026-06-14 14:24:27,2026-06-13T19:48:00+08:00,2026-06-13T19:50:02+08:00,1.6473,103.5944,C,Cloud to Cloud,2026-06-13T19:46:24.019+08:00
2026-06-14 14:24:27,2026-06-13T19:48:00+08:00,2026-06-13T19:50:02+08:00,1.5894,103.7176,C,Cloud to Cloud,2026-06-13T19:46:33.607+08:00
2026-06-14 14:24:27,2026-06-13T19:48:00+08:00,2026-06-13T19:50:02+08:00,1.5883,103.7183,C,Cloud to Cloud,2026-06-13T19:46:33.607+08:00
2026-06-14 14:24:27,2026-06-13T19:48:00+08:00,2026-06-13T19:50:02+08:00,1.568,103.7267,C,Cloud to Cloud,2026-06-13T19:46:33.64+08:00
2026-06-14 14:24:27,2026-06-13T19:48:00+08:00,2026-06-13T19:50:02+08:00,1.5774,103.7126,C,Cloud to Cloud,2026-06-13T19:46:33.791+08:00
2026-06-14 14:24:27,2026-06-13T19:48:00+08:00,2026-06-13T19:50:02+08:00,1.5787,103.7096,C,Cloud to Cloud,2026-06-13T19:46:33.791+08:00
2026-06-14 14:24:27,2026-06-13T19:48:00+08:00,2026-06-13T19:50:02+08:00,1.5579,103.7258,C,Cloud to Cloud,2026-06-13T19:46:33.808+08:00
2026-06-14 14:24:27,2026-06-13T19:48:00+08:00,2026-06-13T19:50:02+08:00,1.5768,103.7143,C,Cloud to Cloud,2026-06-13T19:46:33.808+08:00
2026-06-14 14:24:27,2026-06-13T19:48:00+08:00,2026-06-13T19:50:02+08:00,1.591,103.7863,C,Cloud to Cloud,2026-06-13T19:46:33.808+08:00
2026-06-14 14:24:27,2026-06-13T19:48:00+08:00,2026-06-13T19:50:02+08:00,1.5796,103.7063,C,Cloud to Cloud,2026-06-13T19:46:33.856+08:00
2026-06-14 14:24:27,2026-06-13T19:48:00+08:00,2026-06-13T19:50:02+08:00,1.629,103.7015,C,Cloud to Cloud,2026-06-13T19:46:33.89+08:00
2026-06-14 14:24:27,2026-06-13T19:48:00+08:00,2026-06-13T19:50:02+08:00,1.6077,103.7102,C,Cloud to Cloud,2026-06-13T19:46:33.89+08:00
2026-06-14 14:24:27,2026-06-13T19:48:00+08:00,2026-06-13T19:50:02+08:00,1.6273,103.7048,C,Cloud to Cloud,2026-06-13T19:46:33.918+08:00
2026-06-14 14:24:27,2026-06-13T19:48:00+08:00,2026-06-13T19:50:02+08:00,1.6139,103.6896,C,Cloud to Cloud,2026-06-13T19:46:47.148+08:00
2026-06-14 14:24:27,2026-06-13T19:48:00+08:00,2026-06-13T19:50:02+08:00,1.6051,103.6887,C,Cloud to Cloud,2026-06-13T19:46:47.148+08:00
2026-06-14 14:24:27,2026-06-13T19:48:00+08:00,2026-06-13T19:50:02+08:00,1.6199,103.683,C,Cloud to Cloud,2026-06-13T19:46:47.185+08:00
2026-06-14 14:24:27,2026-06-13T19:48:00+08:00,2026-06-13T19:50:02+08:00,1.5985,103.6985,C,Cloud to Cloud,2026-06-13T19:46:47.216+08:00
2026-06-14 14:24:27,2026-06-13T19:48:00+08:00,2026-06-13T19:50:02+08:00,1.5995,103.6954,C,Cloud to Cloud,2026-06-13T19:46:47.217+08:00
2026-06-14 14:24:27,2026-06-13T19:48:00+08:00,2026-06-13T19:50:02+08:00,1.5957,103.7056,C,Cloud to Cloud,2026-06-13T19:46:57.659+08:00
2026-06-14 14:24:27,2026-06-13T19:48:00+08:00,2026-06-13T19:50:02+08:00,1.5797,103.7143,C,Cloud to Cloud,2026-06-13T19:46:57.688+08:00
2026-06-14 14:24:27,2026-06-13T19:48:00+08:00,2026-06-13T19:50:02+08:00,1.6124,103.7211,G,Cloud to Ground,2026-06-13T19:46:57.724+08:00
2026-06-14 14:24:27,2026-06-13T19:48:00+08:00,2026-06-13T19:50:02+08:00,1.5752,103.717,C,Cloud to Cloud,2026-06-13T19:46:57.747+08:00
2026-06-14 14:24:27,2026-06-13T19:48:00+08:00,2026-06-13T19:50:02+08:00,1.5441,103.7259,C,Cloud to Cloud,2026-06-13T19:46:57.798+08:00
2026-06-14 14:24:27,2026-06-13T19:48:00+08:00,2026-06-13T19:50:02+08:00,1.5748,103.7191,C,Cloud to Cloud,2026-06-13T19:46:57.843+08:00
2026-06-14 14:24:27,2026-06-13T19:48:00+08:00,2026-06-13T19:50:02+08:00,1.5712,103.7158,C,Cloud to Cloud,2026-06-13T19:47:09.952+08:00
2026-06-14 14:24:27,2026-06-13T19:48:00+08:00,2026-06-13T19:50:02+08:00,1.5976,103.7009,C,Cloud to Cloud,2026-06-13T19:47:09.952+08:00
2026-06-14 14:24:27,2026-06-13T19:48:00+08:00,2026-06-13T19:50:02+08:00,1.6252,103.6858,C,Cloud to Cloud,2026-06-13T19:47:10.092+08:00
2026-06-14 14:24:27,2026-06-13T19:48:00+08:00,2026-06-13T19:50:02+08:00,1.5876,103.7075,C,Cloud to Cloud,2026-06-13T19:47:10.092+08:00
2026-06-14 14:24:27,2026-06-13T19:48:00+08:00,2026-06-13T19:50:02+08:00,1.5439,103.7231,C,Cloud to Cloud,2026-06-13T19:47:10.092+08:00
2026-06-14 14:24:27,2026-06-13T19:48:00+08:00,2026-06-13T19:50:02+08:00,1.6067,103.7062,C,Cloud to Cloud,2026-06-13T19:47:10.112+08:00
2026-06-14 14:24:27,2026-06-13T19:48:00+08:00,2026-06-13T19:50:02+08:00,1.583,103.7144,C,Cloud to Cloud,2026-06-13T19:47:10.112+08:00
2026-06-14 14:24:27,2026-06-13T19:48:00+08:00,2026-06-13T19:50:02+08:00,1.5994,103.7069,C,Cloud to Cloud,2026-06-13T19:47:10.112+08:00
2026-06-14 14:24:27,2026-06-13T19:48:00+08:00,2026-06-13T19:50:02+08:00,1.5941,103.7093,C,Cloud to Cloud,2026-06-13T19:47:10.127+08:00
2026-06-14 14:24:27,2026-06-13T19:48:00+08:00,2026-06-13T19:50:02+08:00,1.5627,103.7013,C,Cloud to Cloud,2026-06-13T19:47:42.226+08:00
2026-06-14 14:24:27,2026-06-13T19:48:00+08:00,2026-06-13T19:50:02+08:00,1.5736,103.6929,C,Cloud to Cloud,2026-06-13T19:47:42.226+08:00
2026-06-14 14:24:27,2026-06-13T19:48:00+08:00,2026-06-13T19:50:02+08:00,1.5483,103.6991,C,Cloud to Cloud,2026-06-13T19:47:42.243+08:00
2026-06-14 14:24:27,2026-06-13T19:48:00+08:00,2026-06-13T19:50:02+08:00,1.551,103.7077,C,Cloud to Cloud,2026-06-13T19:47:42.273+08:00
2026-06-14 14:24:27,2026-06-13T19:48:00+08:00,2026-06-13T19:50:02+08:00,1.5652,103.6972,C,Cloud to Cloud,2026-06-13T19:47:42.273+08:00
2026-06-14 14:24:27,2026-06-13T19:48:00+08:00,2026-06-13T19:50:02+08:00,1.5616,103.6997,C,Cloud to Cloud,2026-06-13T19:47:42.273+08:00
2026-06-14 14:24:27,2026-06-13T19:48:00+08:00,2026-06-13T19:50:02+08:00,1.5735,103.6975,C,Cloud to Cloud,2026-06-13T19:47:42.326+08:00
2026-06-14 14:24:27,2026-06-13T19:48:00+08:00,2026-06-13T19:50:02+08:00,1.5937,103.6825,C,Cloud to Cloud,2026-06-13T19:47:42.326+08:00
2026-06-14 14:24:27,2026-06-13T19:48:00+08:00,2026-06-13T19:50:02+08:00,1.5743,103.697,C,Cloud to Cloud,2026-06-13T19:47:42.326+08:00
2026-06-14 14:24:27,2026-06-13T19:48:00+08:00,2026-06-13T19:50:02+08:00,1.56,103.7145,C,Cloud to Cloud,2026-06-13T19:47:42.347+08:00
2026-06-14 14:24:27,2026-06-13T19:48:00+08:00,2026-06-13T19:50:02+08:00,1.56,103.6951,C,Cloud to Cloud,2026-06-13T19:47:42.348+08:00
2026-06-14 14:24:27,2026-06-13T19:48:00+08:00,2026-06-13T19:50:02+08:00,1.5486,103.7181,C,Cloud to Cloud,2026-06-13T19:47:56.285+08:00
2026-06-14 14:24:27,2026-06-13T19:48:00+08:00,2026-06-13T19:50:02+08:00,1.5521,103.7149,C,Cloud to Cloud,2026-06-13T19:47:56.286+08:00
2026-06-14 14:24:27,2026-06-13T19:48:00+08:00,2026-06-13T19:50:02+08:00,1.549,103.7206,C,Cloud to Cloud,2026-06-13T19:47:56.383+08:00
2026-06-14 14:24:27,2026-06-13T19:48:00+08:00,2026-06-13T19:50:02+08:00,1.5599,103.7487,C,Cloud to Cloud,2026-06-13T19:47:56.383+08:00
2026-06-14 14:24:27,2026-06-13T19:46:00+08:00,2026-06-13T19:48:02+08:00,1.6057,103.6647,C,Cloud to Cloud,2026-06-13T19:44:00.826+08:00
2026-06-14 14:24:27,2026-06-13T19:46:00+08:00,2026-06-13T19:48:02+08:00,1.6283,103.6001,C,Cloud to Cloud,2026-06-13T19:44:00.854+08:00
2026-06-14 14:24:27,2026-06-13T19:46:00+08:00,2026-06-13T19:48:02+08:00,1.6219,103.6152,C,Cloud to Cloud,2026-06-13T19:44:00.855+08:00
2026-06-14 14:24:27,2026-06-13T19:46:00+08:00,2026-06-13T19:48:02+08:00,1.5902,103.6328,C,Cloud to Cloud,2026-06-13T19:44:00.869+08:00
2026-06-14 14:24:27,2026-06-13T19:46:00+08:00,2026-06-13T19:48:02+08:00,1.6469,103.5995,C,Cloud to Cloud,2026-06-13T19:44:00.869+08:00
2026-06-14 14:24:27,2026-06-13T19:46:00+08:00,2026-06-13T19:48:02+08:00,1.598,103.6203,C,Cloud to Cloud,2026-06-13T19:44:00.883+08:00
2026-06-14 14:24:27,2026-06-13T19:46:00+08:00,2026-06-13T19:48:02+08:00,1.6074,103.6152,C,Cloud to Cloud,2026-06-13T19:44:00.883+08:00
2026-06-14 14:24:27,2026-06-13T19:46:00+08:00,2026-06-13T19:48:02+08:00,1.5626,103.6071,C,Cloud to Cloud,2026-06-13T19:44:00.883+08:00
2026-06-14 14:24:27,2026-06-13T19:46:00+08:00,2026-06-13T19:48:02+08:00,1.6044,103.7168,C,Cloud to Cloud,2026-06-13T19:44:19.667+08:00
2026-06-14 14:24:27,2026-06-13T19:46:00+08:00,2026-06-13T19:48:02+08:00,1.6027,103.7178,C,Cloud to Cloud,2026-06-13T19:44:19.668+08:00
2026-06-14 14:24:27,2026-06-13T19:46:00+08:00,2026-06-13T19:48:02+08:00,1.6027,103.7322,C,Cloud to Cloud,2026-06-13T19:44:19.676+08:00
2026-06-14 14:24:27,2026-06-13T19:46:00+08:00,2026-06-13T19:48:02+08:00,1.6275,103.7231,C,Cloud to Cloud,2026-06-13T19:44:19.686+08:00
2026-06-14 14:24:27,2026-06-13T19:46:00+08:00,2026-06-13T19:48:02+08:00,1.5842,103.7218,C,Cloud to Cloud,2026-06-13T19:44:19.699+08:00
2026-06-14 14:24:27,2026-06-13T19:46:00+08:00,2026-06-13T19:48:02+08:00,1.599,103.7144,C,Cloud to Cloud,2026-06-13T19:44:27.71+08:00
2026-06-14 14:24:27,2026-06-13T19:46:00+08:00,2026-06-13T19:48:02+08:00,1.6408,103.7095,C,Cloud to Cloud,2026-06-13T19:44:27.71+08:00
2026-06-14 14:24:27,2026-06-13T19:46:00+08:00,2026-06-13T19:48:02+08:00,1.5946,103.7177,C,Cloud to Cloud,2026-06-13T19:44:27.71+08:00
2026-06-14 14:24:27,2026-06-13T19:46:00+08:00,2026-06-13T19:48:02+08:00,1.5834,103.7193,C,Cloud to Cloud,2026-06-13T19:44:27.71+08:00
2026-06-14 14:24:27,2026-06-13T19:46:00+08:00,2026-06-13T19:48:02+08:00,1.6093,103.7147,G,Cloud to Ground,2026-06-13T19:44:27.77+08:00
2026-06-14 14:24:27,2026-06-13T19:46:00+08:00,2026-06-13T19:48:02+08:00,1.6118,103.7053,C,Cloud to Cloud,2026-06-13T19:44:27.77+08:00
2026-06-14 14:24:27,2026-06-13T19:46:00+08:00,2026-06-13T19:48:02+08:00,1.6185,103.7115,C,Cloud to Cloud,2026-06-13T19:44:27.771+08:00
2026-06-14 14:24:27,2026-06-13T19:46:00+08:00,2026-06-13T19:48:02+08:00,1.5844,103.7244,C,Cloud to Cloud,2026-06-13T19:44:27.771+08:00
2026-06-14 14:24:27,2026-06-13T19:46:00+08:00,2026-06-13T19:48:02+08:00,1.6171,103.7056,C,Cloud to Cloud,2026-06-13T19:44:27.801+08:00
2026-06-14 14:24:27,2026-06-13T19:46:00+08:00,2026-06-13T19:48:02+08:00,1.6213,103.7014,C,Cloud to Cloud,2026-06-13T19:44:27.801+08:00
2026-06-14 14:24:27,2026-06-13T19:46:00+08:00,2026-06-13T19:48:02+08:00,1.616,103.7059,C,Cloud to Cloud,2026-06-13T19:44:27.801+08:00
2026-06-14 14:24:27,2026-06-13T19:46:00+08:00,2026-06-13T19:48:02+08:00,1.5979,103.6911,C,Cloud to Cloud,2026-06-13T19:44:27.802+08:00
2026-06-14 14:24:27,2026-06-13T19:46:00+08:00,2026-06-13T19:48:02+08:00,1.5793,103.7057,C,Cloud to Cloud,2026-06-13T19:44:27.802+08:00
2026-06-14 14:24:27,2026-06-13T19:46:00+08:00,2026-06-13T19:48:02+08:00,1.5796,103.7233,C,Cloud to Cloud,2026-06-13T19:44:27.974+08:00
2026-06-14 14:24:27,2026-06-13T19:46:00+08:00,2026-06-13T19:48:02+08:00,1.5517,103.7367,C,Cloud to Cloud,2026-06-13T19:44:27.974+08:00
2026-06-14 14:24:27,2026-06-13T19:46:00+08:00,2026-06-13T19:48:02+08:00,1.6059,103.7139,G,Cloud to Ground,2026-06-13T19:44:27.976+08:00
2026-06-14 14:24:27,2026-06-13T19:46:00+08:00,2026-06-13T19:48:02+08:00,1.6486,103.6202,C,Cloud to Cloud,2026-06-13T19:44:52.281+08:00
2026-06-14 14:24:27,2026-06-13T19:46:00+08:00,2026-06-13T19:48:02+08:00,1.6212,103.6789,C,Cloud to Cloud,2026-06-13T19:44:52.285+08:00
2026-06-14 14:24:27,2026-06-13T19:46:00+08:00,2026-06-13T19:48:02+08:00,1.5912,103.7,C,Cloud to Cloud,2026-06-13T19:44:52.296+08:00
2026-06-14 14:24:27,2026-06-13T19:46:00+08:00,2026-06-13T19:48:02+08:00,1.5858,103.706,C,Cloud to Cloud,2026-06-13T19:44:52.332+08:00
2026-06-14 14:24:27,2026-06-13T19:46:00+08:00,2026-06-13T19:48:02+08:00,1.6131,103.6966,C,Cloud to Cloud,2026-06-13T19:44:52.596+08:00
2026-06-14 14:24:27,2026-06-13T19:46:00+08:00,2026-06-13T19:48:02+08:00,1.617,103.6207,C,Cloud to Cloud,2026-06-13T19:44:52.667+08:00
2026-06-14 14:24:27,2026-06-13T19:46:00+08:00,2026-06-13T19:48:02+08:00,1.6161,103.7278,C,Cloud to Cloud,2026-06-13T19:44:53.442+08:00
2026-06-14 14:24:27,2026-06-13T19:46:00+08:00,2026-06-13T19:48:02+08:00,1.6234,103.737,C,Cloud to Cloud,2026-06-13T19:44:53.464+08:00
2026-06-14 14:24:27,2026-06-13T19:46:00+08:00,2026-06-13T19:48:02+08:00,1.643,103.6419,C,Cloud to Cloud,2026-06-13T19:44:53.464+08:00
2026-06-14 14:24:27,2026-06-13T19:46:00+08:00,2026-06-13T19:48:02+08:00,1.6336,103.72,C,Cloud to Cloud,2026-06-13T19:44:53.464+08:00
2026-06-14 14:24:27,2026-06-13T19:46:00+08:00,2026-06-13T19:48:02+08:00,1.6214,103.7153,C,Cloud to Cloud,2026-06-13T19:44:53.603+08:00
2026-06-14 14:24:27,2026-06-13T19:46:00+08:00,2026-06-13T19:48:02+08:00,1.631,103.7096,C,Cloud to Cloud,2026-06-13T19:44:53.603+08:00
2026-06-14 14:24:27,2026-06-13T19:46:00+08:00,2026-06-13T19:48:02+08:00,1.5812,103.7289,C,Cloud to Cloud,2026-06-13T19:44:53.604+08:00
2026-06-14 14:24:27,2026-06-13T19:46:00+08:00,2026-06-13T19:48:02+08:00,1.6048,103.7302,C,Cloud to Cloud,2026-06-13T19:44:53.604+08:00
2026-06-14 14:24:27,2026-06-13T19:46:00+08:00,2026-06-13T19:48:02+08:00,1.6199,103.72,C,Cloud to Cloud,2026-06-13T19:44:53.604+08:00
2026-06-14 14:24:27,2026-06-13T19:46:00+08:00,2026-06-13T19:48:02+08:00,1.6067,103.7191,C,Cloud to Cloud,2026-06-13T19:44:53.635+08:00
2026-06-14 14:24:27,2026-06-13T19:46:00+08:00,2026-06-13T19:48:02+08:00,1.6284,103.7058,C,Cloud to Cloud,2026-06-13T19:44:53.696+08:00
2026-06-14 14:24:27,2026-06-13T19:46:00+08:00,2026-06-13T19:48:02+08:00,1.6456,103.7105,C,Cloud to Cloud,2026-06-13T19:44:53.696+08:00
2026-06-14 14:24:27,2026-06-13T19:46:00+08:00,2026-06-13T19:48:02+08:00,1.5966,103.7161,C,Cloud to Cloud,2026-06-13T19:44:53.701+08:00
2026-06-14 14:24:27,2026-06-13T19:46:00+08:00,2026-06-13T19:48:02+08:00,1.6204,103.5811,C,Cloud to Cloud,2026-06-13T19:44:54.619+08:00
2026-06-14 14:24:27,2026-06-13T19:46:00+08:00,2026-06-13T19:48:02+08:00,1.6013,103.5909,C,Cloud to Cloud,2026-06-13T19:44:54.678+08:00
2026-06-14 14:24:27,2026-06-13T19:46:00+08:00,2026-06-13T19:48:02+08:00,1.6043,103.6468,C,Cloud to Cloud,2026-06-13T19:44:54.813+08:00
2026-06-14 14:24:27,2026-06-13T19:46:00+08:00,2026-06-13T19:48:02+08:00,1.6159,103.581,C,Cloud to Cloud,2026-06-13T19:44:54.817+08:00
2026-06-14 14:24:27,2026-06-13T19:46:00+08:00,2026-06-13T19:48:02+08:00,1.6293,103.5705,C,Cloud to Cloud,2026-06-13T19:44:54.889+08:00
2026-06-14 14:24:27,2026-06-13T19:46:00+08:00,2026-06-13T19:48:02+08:00,1.6215,103.5921,C,Cloud to Cloud,2026-06-13T19:44:54.911+08:00
2026-06-14 14:24:27,2026-06-13T19:46:00+08:00,2026-06-13T19:48:02+08:00,1.603,103.5885,C,Cloud to Cloud,2026-06-13T19:44:54.911+08:00
2026-06-14 14:24:27,2026-06-13T19:46:00+08:00,2026-06-13T19:48:02+08:00,1.6221,103.5962,C,Cloud to Cloud,2026-06-13T19:44:55.008+08:00
2026-06-14 14:24:27,2026-06-13T19:46:00+08:00,2026-06-13T19:48:02+08:00,1.6343,103.578,C,Cloud to Cloud,2026-06-13T19:44:55.008+08:00
2026-06-14 14:24:27,2026-06-13T19:46:00+08:00,2026-06-13T19:48:02+08:00,1.6494,103.6682,C,Cloud to Cloud,2026-06-13T19:44:58.748+08:00
2026-06-14 14:24:27,2026-06-13T19:46:00+08:00,2026-06-13T19:48:02+08:00,1.5817,103.6863,C,Cloud to Cloud,2026-06-13T19:44:58.748+08:00
2026-06-14 14:24:27,2026-06-13T19:46:00+08:00,2026-06-13T19:48:02+08:00,1.5951,103.7146,C,Cloud to Cloud,2026-06-13T19:45:00.286+08:00
2026-06-14 14:24:27,2026-06-13T19:46:00+08:00,2026-06-13T19:48:02+08:00,1.5735,103.7245,C,Cloud to Cloud,2026-06-13T19:45:00.452+08:00
2026-06-14 14:24:27,2026-06-13T19:46:00+08:00,2026-06-13T19:48:02+08:00,1.6117,103.7191,C,Cloud to Cloud,2026-06-13T19:45:06.036+08:00
2026-06-14 14:24:27,2026-06-13T19:46:00+08:00,2026-06-13T19:48:02+08:00,1.6189,103.7174,C,Cloud to Cloud,2026-06-13T19:45:06.036+08:00
2026-06-14 14:24:27,2026-06-13T19:46:00+08:00,2026-06-13T19:48:02+08:00,1.5807,103.7167,C,Cloud to Cloud,2026-06-13T19:45:06.108+08:00
2026-06-14 14:24:27,2026-06-13T19:46:00+08:00,2026-06-13T19:48:02+08:00,1.6179,103.7133,C,Cloud to Cloud,2026-06-13T19:45:21.375+08:00
2026-06-14 14:24:27,2026-06-13T19:46:00+08:00,2026-06-13T19:48:02+08:00,1.5397,103.6786,C,Cloud to Cloud,2026-06-13T19:45:21.375+08:00
2026-06-14 14:24:27,2026-06-13T19:46:00+08:00,2026-06-13T19:48:02+08:00,1.6402,103.7028,C,Cloud to Cloud,2026-06-13T19:45:21.375+08:00
2026-06-14 14:24:27,2026-06-13T19:46:00+08:00,2026-06-13T19:48:02+08:00,1.5954,103.7122,C,Cloud to Cloud,2026-06-13T19:45:21.471+08:00
2026-06-14 14:24:27,2026-06-13T19:46:00+08:00,2026-06-13T19:48:02+08:00,1.5796,103.7098,C,Cloud to Cloud,2026-06-13T19:45:21.554+08:00
2026-06-14 14:24:27,2026-06-13T19:46:00+08:00,2026-06-13T19:48:02+08:00,1.5881,103.7179,C,Cloud to Cloud,2026-06-13T19:45:21.555+08:00
2026-06-14 14:24:27,2026-06-13T19:46:00+08:00,2026-06-13T19:48:02+08:00,1.6057,103.7136,C,Cloud to Cloud,2026-06-13T19:45:21.555+08:00
2026-06-14 14:24:27,2026-06-13T19:46:00+08:00,2026-06-13T19:48:02+08:00,1.6319,103.714,C,Cloud to Cloud,2026-06-13T19:45:21.555+08:00
2026-06-14 14:24:27,2026-06-13T19:46:00+08:00,2026-06-13T19:48:02+08:00,1.6352,103.7136,C,Cloud to Cloud,2026-06-13T19:45:21.555+08:00
2026-06-14 14:24:27,2026-06-13T19:46:00+08:00,2026-06-13T19:48:02+08:00,1.5697,103.699,C,Cloud to Cloud,2026-06-13T19:45:26.188+08:00
2026-06-14 14:24:27,2026-06-13T19:46:00+08:00,2026-06-13T19:48:02+08:00,1.5764,103.6998,C,Cloud to Cloud,2026-06-13T19:45:26.188+08:00
2026-06-14 14:24:27,2026-06-13T19:46:00+08:00,2026-06-13T19:48:02+08:00,1.5817,103.6836,C,Cloud to Cloud,2026-06-13T19:45:26.222+08:00
2026-06-14 14:24:27,2026-06-13T19:46:00+08:00,2026-06-13T19:48:02+08:00,1.5694,103.703,C,Cloud to Cloud,2026-06-13T19:45:26.261+08:00
2026-06-14 14:24:27,2026-06-13T19:46:00+08:00,2026-06-13T19:48:02+08:00,1.5763,103.7046,C,Cloud to Cloud,2026-06-13T19:45:26.296+08:00
2026-06-14 14:24:27,2026-06-13T19:46:00+08:00,2026-06-13T19:48:02+08:00,1.5555,103.7155,C,Cloud to Cloud,2026-06-13T19:45:26.452+08:00
2026-06-14 14:24:27,2026-06-13T19:46:00+08:00,2026-06-13T19:48:02+08:00,1.6405,103.7083,C,Cloud to Cloud,2026-06-13T19:45:36.655+08:00
2026-06-14 14:24:27,2026-06-13T19:46:00+08:00,2026-06-13T19:48:02+08:00,1.6292,103.7182,C,Cloud to Cloud,2026-06-13T19:45:36.655+08:00
2026-06-14 14:24:27,2026-06-13T19:46:00+08:00,2026-06-13T19:48:02+08:00,1.5711,103.7051,C,Cloud to Cloud,2026-06-13T19:45:36.655+08:00
2026-06-14 14:24:27,2026-06-13T19:46:00+08:00,2026-06-13T19:48:02+08:00,1.5762,103.7246,C,Cloud to Cloud,2026-06-13T19:45:36.686+08:00
2026-06-14 14:24:27,2026-06-13T19:46:00+08:00,2026-06-13T19:48:02+08:00,1.5825,103.7216,C,Cloud to Cloud,2026-06-13T19:45:36.686+08:00
2026-06-14 14:24:27,2026-06-13T19:46:00+08:00,2026-06-13T19:48:02+08:00,1.6074,103.7165,C,Cloud to Cloud,2026-06-13T19:45:36.722+08:00
2026-06-14 14:24:27,2026-06-13T19:46:00+08:00,2026-06-13T19:48:02+08:00,1.6146,103.7139,C,Cloud to Cloud,2026-06-13T19:45:36.722+08:00
2026-06-14 14:24:27,2026-06-13T19:46:00+08:00,2026-06-13T19:48:02+08:00,1.6491,103.7147,C,Cloud to Cloud,2026-06-13T19:45:36.779+08:00
2026-06-14 14:24:27,2026-06-13T19:46:00+08:00,2026-06-13T19:48:02+08:00,1.6014,103.7201,C,Cloud to Cloud,2026-06-13T19:45:36.8+08:00
2026-06-14 14:24:27,2026-06-13T19:46:00+08:00,2026-06-13T19:48:02+08:00,1.5962,103.7324,C,Cloud to Cloud,2026-06-13T19:45:47.98+08:00
2026-06-14 14:24:27,2026-06-13T19:46:00+08:00,2026-06-13T19:48:02+08:00,1.5736,103.7257,C,Cloud to Cloud,2026-06-13T19:45:47.98+08:00
2026-06-14 14:24:27,2026-06-13T19:46:00+08:00,2026-06-13T19:48:02+08:00,1.5756,103.728,C,Cloud to Cloud,2026-06-13T19:45:48.006+08:00
2026-06-14 14:24:27,2026-06-13T19:46:00+08:00,2026-06-13T19:48:02+08:00,1.6173,103.7345,G,Cloud to Ground,2026-06-13T19:45:48.024+08:00
2026-06-14 14:24:27,2026-06-13T19:46:00+08:00,2026-06-13T19:48:02+08:00,1.6125,103.731,C,Cloud to Cloud,2026-06-13T19:45:48.024+08:00
2026-06-14 14:24:27,2026-06-13T19:46:00+08:00,2026-06-13T19:48:02+08:00,1.6029,103.7194,G,Cloud to Ground,2026-06-13T19:45:48.11+08:00
2026-06-14 14:24:27,2026-06-13T19:46:00+08:00,2026-06-13T19:48:02+08:00,1.6149,103.7131,C,Cloud to Cloud,2026-06-13T19:45:48.11+08:00
2026-06-14 14:24:27,2026-06-13T19:46:00+08:00,2026-06-13T19:48:02+08:00,1.6075,103.7157,C,Cloud to Cloud,2026-06-13T19:45:48.11+08:00
2026-06-14 14:24:27,2026-06-13T19:46:00+08:00,2026-06-13T19:48:02+08:00,1.5928,103.7158,C,Cloud to Cloud,2026-06-13T19:45:48.111+08:00
2026-06-14 14:24:27,2026-06-13T19:46:00+08:00,2026-06-13T19:48:02+08:00,1.4932,103.7807,C,Cloud to Cloud,2026-06-13T19:45:48.111+08:00
2026-06-14 14:24:27,2026-06-13T19:46:00+08:00,2026-06-13T19:48:02+08:00,1.581,103.7227,C,Cloud to Cloud,2026-06-13T19:45:48.142+08:00
2026-06-14 14:24:27,2026-06-13T19:46:00+08:00,2026-06-13T19:48:02+08:00,1.5793,103.7233,C,Cloud to Cloud,2026-06-13T19:45:48.143+08:00
2026-06-14 14:24:27,2026-06-13T19:46:00+08:00,2026-06-13T19:48:02+08:00,1.5831,103.7214,C,Cloud to Cloud,2026-06-13T19:45:48.143+08:00
2026-06-14 14:24:27,2026-06-13T19:46:00+08:00,2026-06-13T19:48:02+08:00,1.6024,103.7142,C,Cloud to Cloud,2026-06-13T19:45:48.143+08:00
2026-06-14 14:24:27,2026-06-13T19:46:00+08:00,2026-06-13T19:48:02+08:00,1.604,103.714,C,Cloud to Cloud,2026-06-13T19:45:48.143+08:00
2026-06-14 14:24:27,2026-06-13T19:46:00+08:00,2026-06-13T19:48:02+08:00,1.6169,103.7101,C,Cloud to Cloud,2026-06-13T19:45:48.143+08:00
2026-06-14 14:24:27,2026-06-13T19:46:00+08:00,2026-06-13T19:48:02+08:00,1.585,103.7185,C,Cloud to Cloud,2026-06-13T19:45:48.17+08:00
2026-06-14 14:24:27,2026-06-13T19:46:00+08:00,2026-06-13T19:48:02+08:00,1.5921,103.724,C,Cloud to Cloud,2026-06-13T19:45:48.17+08:00
2026-06-14 14:24:27,2026-06-13T19:46:00+08:00,2026-06-13T19:48:02+08:00,1.5959,103.7266,C,Cloud to Cloud,2026-06-13T19:45:48.17+08:00
2026-06-14 14:24:27,2026-06-13T19:46:00+08:00,2026-06-13T19:48:02+08:00,1.6158,103.7349,G,Cloud to Ground,2026-06-13T19:45:48.173+08:00
2026-06-14 14:24:27,2026-06-13T19:46:00+08:00,2026-06-13T19:48:02+08:00,1.5668,103.7334,C,Cloud to Cloud,2026-06-13T19:45:48.173+08:00
2026-06-14 14:24:27,2026-06-13T19:46:00+08:00,2026-06-13T19:48:02+08:00,1.597,103.7184,C,Cloud to Cloud,2026-06-13T19:45:48.174+08:00
2026-06-14 14:24:27,2026-06-13T19:46:00+08:00,2026-06-13T19:48:02+08:00,1.5939,103.72,C,Cloud to Cloud,2026-06-13T19:45:48.174+08:00
2026-06-14 14:24:27,2026-06-13T19:46:00+08:00,2026-06-13T19:48:02+08:00,1.6085,103.7156,C,Cloud to Cloud,2026-06-13T19:45:48.204+08:00
2026-06-14 14:24:27,2026-06-13T19:46:00+08:00,2026-06-13T19:48:02+08:00,1.6177,103.7102,C,Cloud to Cloud,2026-06-13T19:45:48.204+08:00
2026-06-14 14:24:27,2026-06-13T19:46:00+08:00,2026-06-13T19:48:02+08:00,1.6269,103.7359,G,Cloud to Ground,2026-06-13T19:45:48.21+08:00
2026-06-14 14:24:27,2026-06-13T19:46:00+08:00,2026-06-13T19:48:02+08:00,1.6227,103.7356,G,Cloud to Ground,2026-06-13T19:45:48.24+08:00
2026-06-14 14:24:27,2026-06-13T19:46:00+08:00,2026-06-13T19:48:02+08:00,1.5934,103.7094,C,Cloud to Cloud,2026-06-13T19:45:48.306+08:00
2026-06-14 14:24:27,2026-06-13T19:46:00+08:00,2026-06-13T19:48:02+08:00,1.6389,103.6982,C,Cloud to Cloud,2026-06-13T19:45:48.377+08:00
2026-06-14 14:24:27,2026-06-13T19:46:00+08:00,2026-06-13T19:48:02+08:00,1.6301,103.7035,C,Cloud to Cloud,2026-06-13T19:45:48.378+08:00
2026-06-14 14:24:27,2026-06-13T19:46:00+08:00,2026-06-13T19:48:02+08:00,1.6006,103.7132,C,Cloud to Cloud,2026-06-13T19:45:48.378+08:00
2026-06-14 14:24:27,2026-06-13T19:46:00+08:00,2026-06-13T19:48:02+08:00,1.5709,103.7069,C,Cloud to Cloud,2026-06-13T19:45:59.003+08:00
2026-06-14 14:24:27,2026-06-13T19:46:00+08:00,2026-06-13T19:48:02+08:00,1.606,103.6873,C,Cloud to Cloud,2026-06-13T19:45:59.003+08:00
2026-06-14 14:24:27,2026-06-13T19:46:00+08:00,2026-06-13T19:48:02+08:00,1.5921,103.6923,C,Cloud to Cloud,2026-06-13T19:45:59.003+08:00
2026-06-14 14:24:27,2026-06-13T19:46:00+08:00,2026-06-13T19:48:02+08:00,1.6215,103.6892,C,Cloud to Cloud,2026-06-13T19:45:59.003+08:00
2026-06-14 14:24:27,2026-06-13T19:44:00+08:00,2026-06-13T19:46:02+08:00,1.5909,103.7146,C,Cloud to Cloud,2026-06-13T19:42:01.708+08:00
2026-06-14 14:24:27,2026-06-13T19:44:00+08:00,2026-06-13T19:46:02+08:00,1.5801,103.7185,C,Cloud to Cloud,2026-06-13T19:42:01.739+08:00
2026-06-14 14:24:27,2026-06-13T19:44:00+08:00,2026-06-13T19:46:02+08:00,1.5799,103.7191,C,Cloud to Cloud,2026-06-13T19:42:01.739+08:00
2026-06-14 14:24:27,2026-06-13T19:44:00+08:00,2026-06-13T19:46:02+08:00,1.6103,103.7154,C,Cloud to Cloud,2026-06-13T19:42:01.868+08:00
2026-06-14 14:24:27,2026-06-13T19:44:00+08:00,2026-06-13T19:46:02+08:00,1.5831,103.7133,C,Cloud to Cloud,2026-06-13T19:42:01.868+08:00
2026-06-14 14:24:27,2026-06-13T19:44:00+08:00,2026-06-13T19:46:02+08:00,1.5807,103.7116,C,Cloud to Cloud,2026-06-13T19:42:01.868+08:00
2026-06-14 14:24:27,2026-06-13T19:44:00+08:00,2026-06-13T19:46:02+08:00,1.6345,103.5514,C,Cloud to Cloud,2026-06-13T19:42:05.483+08:00
2026-06-14 14:24:27,2026-06-13T19:44:00+08:00,2026-06-13T19:46:02+08:00,1.6297,103.5825,C,Cloud to Cloud,2026-06-13T19:42:05.651+08:00
2026-06-14 14:24:27,2026-06-13T19:44:00+08:00,2026-06-13T19:46:02+08:00,1.6056,103.6767,C,Cloud to Cloud,2026-06-13T19:42:05.651+08:00
2026-06-14 14:24:27,2026-06-13T19:44:00+08:00,2026-06-13T19:46:02+08:00,1.5696,103.68,C,Cloud to Cloud,2026-06-13T19:42:05.651+08:00
2026-06-14 14:24:27,2026-06-13T19:44:00+08:00,2026-06-13T19:46:02+08:00,1.6444,103.6288,C,Cloud to Cloud,2026-06-13T19:42:05.673+08:00
2026-06-14 14:24:27,2026-06-13T19:44:00+08:00,2026-06-13T19:46:02+08:00,1.6223,103.6166,C,Cloud to Cloud,2026-06-13T19:42:05.783+08:00
2026-06-14 14:24:27,2026-06-13T19:44:00+08:00,2026-06-13T19:46:02+08:00,1.6417,103.5972,C,Cloud to Cloud,2026-06-13T19:42:05.783+08:00
2026-06-14 14:24:27,2026-06-13T19:44:00+08:00,2026-06-13T19:46:02+08:00,1.617,103.6963,C,Cloud to Cloud,2026-06-13T19:42:07.798+08:00
2026-06-14 14:24:27,2026-06-13T19:44:00+08:00,2026-06-13T19:46:02+08:00,1.6482,103.7051,C,Cloud to Cloud,2026-06-13T19:42:13.809+08:00
2026-06-14 14:24:27,2026-06-13T19:44:00+08:00,2026-06-13T19:46:02+08:00,1.6012,103.7201,C,Cloud to Cloud,2026-06-13T19:42:13.809+08:00
2026-06-14 14:24:27,2026-06-13T19:44:00+08:00,2026-06-13T19:46:02+08:00,1.6441,103.6919,C,Cloud to Cloud,2026-06-13T19:42:18.559+08:00
2026-06-14 14:24:27,2026-06-13T19:44:00+08:00,2026-06-13T19:46:02+08:00,1.6194,103.6992,C,Cloud to Cloud,2026-06-13T19:42:18.587+08:00
2026-06-14 14:24:27,2026-06-13T19:44:00+08:00,2026-06-13T19:46:02+08:00,1.6383,103.6857,C,Cloud to Cloud,2026-06-13T19:42:18.587+08:00
2026-06-14 14:24:27,2026-06-13T19:44:00+08:00,2026-06-13T19:46:02+08:00,1.5819,103.7265,C,Cloud to Cloud,2026-06-13T19:42:20.35+08:00
2026-06-14 14:24:27,2026-06-13T19:44:00+08:00,2026-06-13T19:46:02+08:00,1.5675,103.7235,C,Cloud to Cloud,2026-06-13T19:42:20.407+08:00
2026-06-14 14:24:27,2026-06-13T19:44:00+08:00,2026-06-13T19:46:02+08:00,1.626,103.7023,C,Cloud to Cloud,2026-06-13T19:42:28.781+08:00
2026-06-14 14:24:27,2026-06-13T19:44:00+08:00,2026-06-13T19:46:02+08:00,1.5973,103.7194,C,Cloud to Cloud,2026-06-13T19:42:30.851+08:00
2026-06-14 14:24:27,2026-06-13T19:44:00+08:00,2026-06-13T19:46:02+08:00,1.5564,103.7116,C,Cloud to Cloud,2026-06-13T19:42:37.187+08:00
2026-06-14 14:24:27,2026-06-13T19:44:00+08:00,2026-06-13T19:46:02+08:00,1.5999,103.6947,C,Cloud to Cloud,2026-06-13T19:42:37.187+08:00
2026-06-14 14:24:27,2026-06-13T19:44:00+08:00,2026-06-13T19:46:02+08:00,1.6006,103.7107,C,Cloud to Cloud,2026-06-13T19:42:37.328+08:00
2026-06-14 14:24:27,2026-06-13T19:44:00+08:00,2026-06-13T19:46:02+08:00,1.5744,103.7263,C,Cloud to Cloud,2026-06-13T19:42:37.329+08:00
2026-06-14 14:24:27,2026-06-13T19:44:00+08:00,2026-06-13T19:46:02+08:00,1.5899,103.719,C,Cloud to Cloud,2026-06-13T19:42:37.329+08:00
2026-06-14 14:24:27,2026-06-13T19:44:00+08:00,2026-06-13T19:46:02+08:00,1.577,103.7247,C,Cloud to Cloud,2026-06-13T19:42:37.329+08:00
2026-06-14 14:24:27,2026-06-13T19:44:00+08:00,2026-06-13T19:46:02+08:00,1.5782,103.7259,C,Cloud to Cloud,2026-06-13T19:42:37.329+08:00
2026-06-14 14:24:27,2026-06-13T19:44:00+08:00,2026-06-13T19:46:02+08:00,1.5658,103.7317,C,Cloud to Cloud,2026-06-13T19:42:37.329+08:00
2026-06-14 14:24:27,2026-06-13T19:44:00+08:00,2026-06-13T19:46:02+08:00,1.6087,103.7195,C,Cloud to Cloud,2026-06-13T19:42:37.329+08:00
2026-06-14 14:24:27,2026-06-13T19:44:00+08:00,2026-06-13T19:46:02+08:00,1.5732,103.7278,C,Cloud to Cloud,2026-06-13T19:42:37.329+08:00
2026-06-14 14:24:27,2026-06-13T19:44:00+08:00,2026-06-13T19:46:02+08:00,1.6056,103.7184,C,Cloud to Cloud,2026-06-13T19:42:37.329+08:00
2026-06-14 14:24:27,2026-06-13T19:44:00+08:00,2026-06-13T19:46:02+08:00,1.5607,103.7337,C,Cloud to Cloud,2026-06-13T19:42:37.33+08:00
2026-06-14 14:24:27,2026-06-13T19:44:00+08:00,2026-06-13T19:46:02+08:00,1.6303,103.7085,C,Cloud to Cloud,2026-06-13T19:42:37.33+08:00
2026-06-14 14:24:27,2026-06-13T19:44:00+08:00,2026-06-13T19:46:02+08:00,1.5652,103.7306,C,Cloud to Cloud,2026-06-13T19:42:37.33+08:00
2026-06-14 14:24:27,2026-06-13T19:44:00+08:00,2026-06-13T19:46:02+08:00,1.5623,103.7317,C,Cloud to Cloud,2026-06-13T19:42:37.33+08:00
2026-06-14 14:24:27,2026-06-13T19:44:00+08:00,2026-06-13T19:46:02+08:00,1.5704,103.7295,C,Cloud to Cloud,2026-06-13T19:42:37.33+08:00
2026-06-14 14:24:27,2026-06-13T19:44:00+08:00,2026-06-13T19:46:02+08:00,1.5786,103.7258,C,Cloud to Cloud,2026-06-13T19:42:37.33+08:00
2026-06-14 14:24:27,2026-06-13T19:44:00+08:00,2026-06-13T19:46:02+08:00,1.5736,103.7274,C,Cloud to Cloud,2026-06-13T19:42:37.33+08:00
2026-06-14 14:24:27,2026-06-13T19:44:00+08:00,2026-06-13T19:46:02+08:00,1.5913,103.7211,C,Cloud to Cloud,2026-06-13T19:42:37.331+08:00
2026-06-14 14:24:27,2026-06-13T19:44:00+08:00,2026-06-13T19:46:02+08:00,1.5631,103.7326,C,Cloud to Cloud,2026-06-13T19:42:37.403+08:00
2026-06-14 14:24:27,2026-06-13T19:44:00+08:00,2026-06-13T19:46:02+08:00,1.5822,103.7239,C,Cloud to Cloud,2026-06-13T19:42:37.403+08:00
2026-06-14 14:24:27,2026-06-13T19:44:00+08:00,2026-06-13T19:46:02+08:00,1.59,103.7209,C,Cloud to Cloud,2026-06-13T19:42:37.482+08:00
2026-06-14 14:24:27,2026-06-13T19:44:00+08:00,2026-06-13T19:46:02+08:00,1.579,103.7253,C,Cloud to Cloud,2026-06-13T19:42:37.482+08:00
2026-06-14 14:24:27,2026-06-13T19:44:00+08:00,2026-06-13T19:46:02+08:00,1.5857,103.7233,C,Cloud to Cloud,2026-06-13T19:42:37.482+08:00
2026-06-14 14:24:27,2026-06-13T19:44:00+08:00,2026-06-13T19:46:02+08:00,1.5928,103.7195,C,Cloud to Cloud,2026-06-13T19:42:37.482+08:00
2026-06-14 14:24:27,2026-06-13T19:44:00+08:00,2026-06-13T19:46:02+08:00,1.6011,103.7153,C,Cloud to Cloud,2026-06-13T19:42:37.482+08:00
2026-06-14 14:24:27,2026-06-13T19:44:00+08:00,2026-06-13T19:46:02+08:00,1.5821,103.724,C,Cloud to Cloud,2026-06-13T19:42:37.482+08:00
2026-06-14 14:24:27,2026-06-13T19:44:00+08:00,2026-06-13T19:46:02+08:00,1.5521,103.7368,C,Cloud to Cloud,2026-06-13T19:42:37.483+08:00
2026-06-14 14:24:27,2026-06-13T19:44:00+08:00,2026-06-13T19:46:02+08:00,1.6216,103.7076,C,Cloud to Cloud,2026-06-13T19:42:37.556+08:00
2026-06-14 14:24:27,2026-06-13T19:44:00+08:00,2026-06-13T19:46:02+08:00,1.6376,103.6927,C,Cloud to Cloud,2026-06-13T19:42:37.556+08:00
2026-06-14 14:24:27,2026-06-13T19:44:00+08:00,2026-06-13T19:46:02+08:00,1.561,103.7414,C,Cloud to Cloud,2026-06-13T19:42:46.785+08:00
2026-06-14 14:24:27,2026-06-13T19:44:00+08:00,2026-06-13T19:46:02+08:00,1.6358,103.6031,C,Cloud to Cloud,2026-06-13T19:42:46.875+08:00
2026-06-14 14:24:27,2026-06-13T19:44:00+08:00,2026-06-13T19:46:02+08:00,1.6176,103.6442,C,Cloud to Cloud,2026-06-13T19:42:46.899+08:00
2026-06-14 14:24:27,2026-06-13T19:44:00+08:00,2026-06-13T19:46:02+08:00,1.6148,103.75,C,Cloud to Cloud,2026-06-13T19:42:46.92+08:00
2026-06-14 14:24:27,2026-06-13T19:44:00+08:00,2026-06-13T19:46:02+08:00,1.6321,103.7457,C,Cloud to Cloud,2026-06-13T19:42:46.92+08:00
2026-06-14 14:24:27,2026-06-13T19:44:00+08:00,2026-06-13T19:46:02+08:00,1.6387,103.6542,C,Cloud to Cloud,2026-06-13T19:42:46.92+08:00
2026-06-14 14:24:27,2026-06-13T19:44:00+08:00,2026-06-13T19:46:02+08:00,1.6127,103.6317,C,Cloud to Cloud,2026-06-13T19:42:46.924+08:00
2026-06-14 14:24:27,2026-06-13T19:44:00+08:00,2026-06-13T19:46:02+08:00,1.6221,103.614,C,Cloud to Cloud,2026-06-13T19:42:46.932+08:00
2026-06-14 14:24:27,2026-06-13T19:44:00+08:00,2026-06-13T19:46:02+08:00,1.6112,103.6258,C,Cloud to Cloud,2026-06-13T19:42:47.019+08:00
2026-06-14 14:24:27,2026-06-13T19:44:00+08:00,2026-06-13T19:46:02+08:00,1.6222,103.6179,C,Cloud to Cloud,2026-06-13T19:42:47.06+08:00
2026-06-14 14:24:27,2026-06-13T19:44:00+08:00,2026-06-13T19:46:02+08:00,1.6083,103.7121,C,Cloud to Cloud,2026-06-13T19:42:52.532+08:00
2026-06-14 14:24:27,2026-06-13T19:44:00+08:00,2026-06-13T19:46:02+08:00,1.5944,103.7185,C,Cloud to Cloud,2026-06-13T19:42:52.532+08:00
2026-06-14 14:24:27,2026-06-13T19:44:00+08:00,2026-06-13T19:46:02+08:00,1.5861,103.7204,C,Cloud to Cloud,2026-06-13T19:42:52.586+08:00
2026-06-14 14:24:27,2026-06-13T19:44:00+08:00,2026-06-13T19:46:02+08:00,1.5801,103.7226,C,Cloud to Cloud,2026-06-13T19:42:52.586+08:00
2026-06-14 14:24:27,2026-06-13T19:44:00+08:00,2026-06-13T19:46:02+08:00,1.5992,103.6948,C,Cloud to Cloud,2026-06-13T19:42:53.449+08:00
2026-06-14 14:24:27,2026-06-13T19:44:00+08:00,2026-06-13T19:46:02+08:00,1.6215,103.7104,C,Cloud to Cloud,2026-06-13T19:42:53.449+08:00
2026-06-14 14:24:27,2026-06-13T19:44:00+08:00,2026-06-13T19:46:02+08:00,1.5732,103.706,C,Cloud to Cloud,2026-06-13T19:42:53.449+08:00
2026-06-14 14:24:27,2026-06-13T19:44:00+08:00,2026-06-13T19:46:02+08:00,1.629,103.5919,C,Cloud to Cloud,2026-06-13T19:42:57.472+08:00
2026-06-14 14:24:27,2026-06-13T19:44:00+08:00,2026-06-13T19:46:02+08:00,1.6215,103.6211,C,Cloud to Cloud,2026-06-13T19:42:57.816+08:00
2026-06-14 14:24:27,2026-06-13T19:44:00+08:00,2026-06-13T19:46:02+08:00,1.6133,103.6195,C,Cloud to Cloud,2026-06-13T19:42:57.816+08:00
2026-06-14 14:24:27,2026-06-13T19:44:00+08:00,2026-06-13T19:46:02+08:00,1.6447,103.6031,C,Cloud to Cloud,2026-06-13T19:42:57.871+08:00
2026-06-14 14:24:27,2026-06-13T19:44:00+08:00,2026-06-13T19:46:02+08:00,1.6109,103.6209,C,Cloud to Cloud,2026-06-13T19:42:57.871+08:00
2026-06-14 14:24:27,2026-06-13T19:44:00+08:00,2026-06-13T19:46:02+08:00,1.5495,103.7425,C,Cloud to Cloud,2026-06-13T19:43:04.384+08:00
2026-06-14 14:24:27,2026-06-13T19:44:00+08:00,2026-06-13T19:46:02+08:00,1.5944,103.7283,C,Cloud to Cloud,2026-06-13T19:43:04.384+08:00
2026-06-14 14:24:27,2026-06-13T19:44:00+08:00,2026-06-13T19:46:02+08:00,1.598,103.7213,C,Cloud to Cloud,2026-06-13T19:43:04.452+08:00
2026-06-14 14:24:27,2026-06-13T19:44:00+08:00,2026-06-13T19:46:02+08:00,1.5993,103.7215,C,Cloud to Cloud,2026-06-13T19:43:04.452+08:00
2026-06-14 14:24:27,2026-06-13T19:44:00+08:00,2026-06-13T19:46:02+08:00,1.5952,103.7243,C,Cloud to Cloud,2026-06-13T19:43:04.452+08:00
2026-06-14 14:24:27,2026-06-13T19:44:00+08:00,2026-06-13T19:46:02+08:00,1.5957,103.7343,C,Cloud to Cloud,2026-06-13T19:43:14.798+08:00
2026-06-14 14:24:27,2026-06-13T19:44:00+08:00,2026-06-13T19:46:02+08:00,1.6246,103.7121,C,Cloud to Cloud,2026-06-13T19:43:14.854+08:00
2026-06-14 14:24:27,2026-06-13T19:44:00+08:00,2026-06-13T19:46:02+08:00,1.6081,103.7168,C,Cloud to Cloud,2026-06-13T19:43:14.854+08:00
2026-06-14 14:24:27,2026-06-13T19:44:00+08:00,2026-06-13T19:46:02+08:00,1.5962,103.7188,C,Cloud to Cloud,2026-06-13T19:43:14.854+08:00
2026-06-14 14:24:27,2026-06-13T19:44:00+08:00,2026-06-13T19:46:02+08:00,1.6062,103.7563,C,Cloud to Cloud,2026-06-13T19:43:14.854+08:00
2026-06-14 14:24:27,2026-06-13T19:44:00+08:00,2026-06-13T19:46:02+08:00,1.6075,103.7124,C,Cloud to Cloud,2026-06-13T19:43:14.854+08:00
2026-06-14 14:24:27,2026-06-13T19:44:00+08:00,2026-06-13T19:46:02+08:00,1.6058,103.7124,C,Cloud to Cloud,2026-06-13T19:43:14.874+08:00
2026-06-14 14:24:27,2026-06-13T19:44:00+08:00,2026-06-13T19:46:02+08:00,1.6249,103.6995,C,Cloud to Cloud,2026-06-13T19:43:14.874+08:00
2026-06-14 14:24:27,2026-06-13T19:44:00+08:00,2026-06-13T19:46:02+08:00,1.5969,103.7092,C,Cloud to Cloud,2026-06-13T19:43:14.874+08:00
2026-06-14 14:24:27,2026-06-13T19:44:00+08:00,2026-06-13T19:46:02+08:00,1.5634,103.7053,C,Cloud to Cloud,2026-06-13T19:43:19.003+08:00
2026-06-14 14:24:27,2026-06-13T19:44:00+08:00,2026-06-13T19:46:02+08:00,1.6149,103.715,C,Cloud to Cloud,2026-06-13T19:43:20.058+08:00
2026-06-14 14:24:27,2026-06-13T19:44:00+08:00,2026-06-13T19:46:02+08:00,1.6031,103.7231,C,Cloud to Cloud,2026-06-13T19:43:20.109+08:00
2026-06-14 14:24:27,2026-06-13T19:44:00+08:00,2026-06-13T19:46:02+08:00,1.592,103.7147,C,Cloud to Cloud,2026-06-13T19:43:25.053+08:00
2026-06-14 14:24:27,2026-06-13T19:44:00+08:00,2026-06-13T19:46:02+08:00,1.5519,103.7099,C,Cloud to Cloud,2026-06-13T19:43:28.829+08:00
2026-06-14 14:24:27,2026-06-13T19:44:00+08:00,2026-06-13T19:46:02+08:00,1.5703,103.7327,C,Cloud to Cloud,2026-06-13T19:43:34.336+08:00
2026-06-14 14:24:27,2026-06-13T19:44:00+08:00,2026-06-13T19:46:02+08:00,1.5777,103.7306,C,Cloud to Cloud,2026-06-13T19:43:34.336+08:00
2026-06-14 14:24:27,2026-06-13T19:44:00+08:00,2026-06-13T19:46:02+08:00,1.5769,103.7212,C,Cloud to Cloud,2026-06-13T19:43:34.353+08:00
2026-06-14 14:24:27,2026-06-13T19:44:00+08:00,2026-06-13T19:46:02+08:00,1.5807,103.7257,C,Cloud to Cloud,2026-06-13T19:43:34.353+08:00
2026-06-14 14:24:27,2026-06-13T19:44:00+08:00,2026-06-13T19:46:02+08:00,1.566,103.7379,C,Cloud to Cloud,2026-06-13T19:43:39.143+08:00
2026-06-14 14:24:27,2026-06-13T19:44:00+08:00,2026-06-13T19:46:02+08:00,1.5848,103.6827,C,Cloud to Cloud,2026-06-13T19:43:43.994+08:00
2026-06-14 14:24:27,2026-06-13T19:44:00+08:00,2026-06-13T19:46:02+08:00,1.593,103.7288,C,Cloud to Cloud,2026-06-13T19:43:44.042+08:00
2026-06-14 14:24:27,2026-06-13T19:44:00+08:00,2026-06-13T19:46:02+08:00,1.6348,103.7143,C,Cloud to Cloud,2026-06-13T19:43:44.071+08:00
2026-06-14 14:24:27,2026-06-13T19:44:00+08:00,2026-06-13T19:46:02+08:00,1.5577,103.7253,C,Cloud to Cloud,2026-06-13T19:43:50.431+08:00
2026-06-14 14:24:27,2026-06-13T19:44:00+08:00,2026-06-13T19:46:02+08:00,1.6086,103.7205,C,Cloud to Cloud,2026-06-13T19:43:50.431+08:00
2026-06-14 14:24:27,2026-06-13T19:44:00+08:00,2026-06-13T19:46:02+08:00,1.6062,103.7138,C,Cloud to Cloud,2026-06-13T19:43:50.432+08:00
2026-06-14 14:24:27,2026-06-13T19:44:00+08:00,2026-06-13T19:46:02+08:00,1.6021,103.7221,C,Cloud to Cloud,2026-06-13T19:43:50.432+08:00
2026-06-14 14:24:27,2026-06-13T19:44:00+08:00,2026-06-13T19:46:02+08:00,1.5931,103.72,C,Cloud to Cloud,2026-06-13T19:43:50.432+08:00
2026-06-14 14:24:27,2026-06-13T19:44:00+08:00,2026-06-13T19:46:02+08:00,1.6054,103.7145,C,Cloud to Cloud,2026-06-13T19:43:50.432+08:00
2026-06-14 14:24:27,2026-06-13T19:44:00+08:00,2026-06-13T19:46:02+08:00,1.5864,103.7216,C,Cloud to Cloud,2026-06-13T19:43:50.432+08:00
2026-06-14 14:24:27,2026-06-13T19:44:00+08:00,2026-06-13T19:46:02+08:00,1.6097,103.7171,C,Cloud to Cloud,2026-06-13T19:43:50.432+08:00
2026-06-14 14:24:27,2026-06-13T19:44:00+08:00,2026-06-13T19:46:02+08:00,1.6048,103.7149,C,Cloud to Cloud,2026-06-13T19:43:50.432+08:00
2026-06-14 14:24:27,2026-06-13T19:44:00+08:00,2026-06-13T19:46:02+08:00,1.6024,103.7206,C,Cloud to Cloud,2026-06-13T19:43:50.432+08:00
2026-06-14 14:24:27,2026-06-13T19:44:00+08:00,2026-06-13T19:46:02+08:00,1.5881,103.7223,C,Cloud to Cloud,2026-06-13T19:43:50.432+08:00
2026-06-14 14:24:27,2026-06-13T19:44:00+08:00,2026-06-13T19:46:02+08:00,1.6049,103.7203,C,Cloud to Cloud,2026-06-13T19:43:50.432+08:00
2026-06-14 14:24:27,2026-06-13T19:44:00+08:00,2026-06-13T19:46:02+08:00,1.5985,103.7166,C,Cloud to Cloud,2026-06-13T19:43:50.432+08:00
2026-06-14 14:24:27,2026-06-13T19:44:00+08:00,2026-06-13T19:46:02+08:00,1.5762,103.7257,C,Cloud to Cloud,2026-06-13T19:43:50.432+08:00
2026-06-14 14:24:27,2026-06-13T19:44:00+08:00,2026-06-13T19:46:02+08:00,1.6084,103.7175,C,Cloud to Cloud,2026-06-13T19:43:50.432+08:00
2026-06-14 14:24:27,2026-06-13T19:44:00+08:00,2026-06-13T19:46:02+08:00,1.6041,103.7196,C,Cloud to Cloud,2026-06-13T19:43:50.432+08:00
2026-06-14 14:24:27,2026-06-13T19:44:00+08:00,2026-06-13T19:46:02+08:00,1.5866,103.7214,C,Cloud to Cloud,2026-06-13T19:43:50.432+08:00
2026-06-14 14:24:27,2026-06-13T19:44:00+08:00,2026-06-13T19:46:02+08:00,1.6043,103.7134,C,Cloud to Cloud,2026-06-13T19:43:50.433+08:00
2026-06-14 14:24:27,2026-06-13T19:44:00+08:00,2026-06-13T19:46:02+08:00,1.6076,103.719,C,Cloud to Cloud,2026-06-13T19:43:50.433+08:00
2026-06-14 14:24:27,2026-06-13T19:44:00+08:00,2026-06-13T19:46:02+08:00,1.5918,103.7214,C,Cloud to Cloud,2026-06-13T19:43:50.433+08:00
2026-06-14 14:24:27,2026-06-13T19:44:00+08:00,2026-06-13T19:46:02+08:00,1.5955,103.7198,C,Cloud to Cloud,2026-06-13T19:43:50.433+08:00
2026-06-14 14:24:27,2026-06-13T19:44:00+08:00,2026-06-13T19:46:02+08:00,1.5814,103.724,C,Cloud to Cloud,2026-06-13T19:43:50.433+08:00
2026-06-14 14:24:27,2026-06-13T19:44:00+08:00,2026-06-13T19:46:02+08:00,1.5867,103.7228,C,Cloud to Cloud,2026-06-13T19:43:50.433+08:00
2026-06-14 14:24:27,2026-06-13T19:44:00+08:00,2026-06-13T19:46:02+08:00,1.5854,103.7236,C,Cloud to Cloud,2026-06-13T19:43:50.433+08:00
2026-06-14 14:24:27,2026-06-13T19:44:00+08:00,2026-06-13T19:46:02+08:00,1.5941,103.7193,C,Cloud to Cloud,2026-06-13T19:43:50.433+08:00
2026-06-14 14:24:27,2026-06-13T19:44:00+08:00,2026-06-13T19:46:02+08:00,1.5742,103.7302,C,Cloud to Cloud,2026-06-13T19:43:50.436+08:00
2026-06-14 14:24:27,2026-06-13T19:44:00+08:00,2026-06-13T19:46:02+08:00,1.6169,103.7032,C,Cloud to Cloud,2026-06-13T19:43:50.482+08:00
2026-06-14 14:24:27,2026-06-13T19:44:00+08:00,2026-06-13T19:46:02+08:00,1.6118,103.7112,G,Cloud to Ground,2026-06-13T19:43:50.482+08:00
2026-06-14 14:24:27,2026-06-13T19:44:00+08:00,2026-06-13T19:46:02+08:00,1.5864,103.7061,C,Cloud to Cloud,2026-06-13T19:43:50.601+08:00
2026-06-14 14:24:27,2026-06-13T19:44:00+08:00,2026-06-13T19:46:02+08:00,1.6219,103.7482,C,Cloud to Cloud,2026-06-13T19:43:50.602+08:00
2026-06-14 14:24:27,2026-06-13T19:44:00+08:00,2026-06-13T19:46:02+08:00,1.6403,103.7029,C,Cloud to Cloud,2026-06-13T19:43:50.602+08:00
2026-06-14 14:24:27,2026-06-13T19:44:00+08:00,2026-06-13T19:46:02+08:00,1.6145,103.7102,G,Cloud to Ground,2026-06-13T19:43:50.603+08:00
2026-06-14 14:24:27,2026-06-13T19:44:00+08:00,2026-06-13T19:46:02+08:00,1.5724,103.726,C,Cloud to Cloud,2026-06-13T19:43:50.603+08:00
2026-06-14 14:24:27,2026-06-13T19:44:00+08:00,2026-06-13T19:46:02+08:00,1.5913,103.721,C,Cloud to Cloud,2026-06-13T19:43:50.603+08:00
2026-06-14 14:24:27,2026-06-13T19:44:00+08:00,2026-06-13T19:46:02+08:00,1.5861,103.7221,C,Cloud to Cloud,2026-06-13T19:43:50.604+08:00
2026-06-14 14:24:27,2026-06-13T19:44:00+08:00,2026-06-13T19:46:02+08:00,1.5893,103.6955,C,Cloud to Cloud,2026-06-13T19:43:50.617+08:00
2026-06-14 14:24:27,2026-06-13T19:44:00+08:00,2026-06-13T19:46:02+08:00,1.6236,103.7714,C,Cloud to Cloud,2026-06-13T19:43:50.617+08:00
2026-06-14 14:24:27,2026-06-13T19:44:00+08:00,2026-06-13T19:46:02+08:00,1.5854,103.7111,C,Cloud to Cloud,2026-06-13T19:43:50.617+08:00
2026-06-14 14:24:27,2026-06-13T19:42:00+08:00,2026-06-13T19:44:02+08:00,1.6221,103.623,C,Cloud to Cloud,2026-06-13T19:40:12.861+08:00
2026-06-14 14:24:27,2026-06-13T19:42:00+08:00,2026-06-13T19:44:02+08:00,1.6249,103.6031,C,Cloud to Cloud,2026-06-13T19:40:13.082+08:00
2026-06-14 14:24:27,2026-06-13T19:42:00+08:00,2026-06-13T19:44:02+08:00,1.618,103.7201,C,Cloud to Cloud,2026-06-13T19:40:13.674+08:00
2026-06-14 14:24:27,2026-06-13T19:42:00+08:00,2026-06-13T19:44:02+08:00,1.5917,103.7154,C,Cloud to Cloud,2026-06-13T19:40:13.674+08:00
2026-06-14 14:24:27,2026-06-13T19:42:00+08:00,2026-06-13T19:44:02+08:00,1.5794,103.737,C,Cloud to Cloud,2026-06-13T19:40:13.921+08:00
2026-06-14 14:24:27,2026-06-13T19:42:00+08:00,2026-06-13T19:44:02+08:00,1.606,103.7201,C,Cloud to Cloud,2026-06-13T19:40:14+08:00
2026-06-14 14:24:27,2026-06-13T19:42:00+08:00,2026-06-13T19:44:02+08:00,1.5597,103.7282,C,Cloud to Cloud,2026-06-13T19:40:14.05+08:00
2026-06-14 14:24:27,2026-06-13T19:42:00+08:00,2026-06-13T19:44:02+08:00,1.6436,103.716,C,Cloud to Cloud,2026-06-13T19:40:31.053+08:00
2026-06-14 14:24:27,2026-06-13T19:42:00+08:00,2026-06-13T19:44:02+08:00,1.585,103.7135,C,Cloud to Cloud,2026-06-13T19:40:31.053+08:00
2026-06-14 14:24:27,2026-06-13T19:42:00+08:00,2026-06-13T19:44:02+08:00,1.6004,103.7291,C,Cloud to Cloud,2026-06-13T19:40:31.053+08:00
2026-06-14 14:24:27,2026-06-13T19:42:00+08:00,2026-06-13T19:44:02+08:00,1.5931,103.7264,C,Cloud to Cloud,2026-06-13T19:40:31.195+08:00
2026-06-14 14:24:27,2026-06-13T19:42:00+08:00,2026-06-13T19:44:02+08:00,1.5526,103.6065,C,Cloud to Cloud,2026-06-13T19:40:31.195+08:00
2026-06-14 14:24:27,2026-06-13T19:42:00+08:00,2026-06-13T19:44:02+08:00,1.5978,103.7285,C,Cloud to Cloud,2026-06-13T19:40:31.225+08:00
2026-06-14 14:24:27,2026-06-13T19:42:00+08:00,2026-06-13T19:44:02+08:00,1.6017,103.727,C,Cloud to Cloud,2026-06-13T19:40:31.225+08:00
2026-06-14 14:24:27,2026-06-13T19:42:00+08:00,2026-06-13T19:44:02+08:00,1.6128,103.7206,C,Cloud to Cloud,2026-06-13T19:40:31.26+08:00
2026-06-14 14:24:27,2026-06-13T19:42:00+08:00,2026-06-13T19:44:02+08:00,1.6086,103.7229,C,Cloud to Cloud,2026-06-13T19:40:31.26+08:00
2026-06-14 14:24:27,2026-06-13T19:42:00+08:00,2026-06-13T19:44:02+08:00,1.5815,103.7343,C,Cloud to Cloud,2026-06-13T19:40:31.312+08:00
2026-06-14 14:24:27,2026-06-13T19:42:00+08:00,2026-06-13T19:44:02+08:00,1.6203,103.611,C,Cloud to Cloud,2026-06-13T19:40:47.18+08:00
2026-06-14 14:24:27,2026-06-13T19:42:00+08:00,2026-06-13T19:44:02+08:00,1.6354,103.6128,C,Cloud to Cloud,2026-06-13T19:40:47.353+08:00
2026-06-14 14:24:27,2026-06-13T19:42:00+08:00,2026-06-13T19:44:02+08:00,1.6149,103.6232,C,Cloud to Cloud,2026-06-13T19:40:47.353+08:00
2026-06-14 14:24:27,2026-06-13T19:42:00+08:00,2026-06-13T19:44:02+08:00,1.648,103.7156,C,Cloud to Cloud,2026-06-13T19:40:55.152+08:00
2026-06-14 14:24:27,2026-06-13T19:42:00+08:00,2026-06-13T19:44:02+08:00,1.6001,103.6768,C,Cloud to Cloud,2026-06-13T19:41:04.35+08:00
2026-06-14 14:24:27,2026-06-13T19:42:00+08:00,2026-06-13T19:44:02+08:00,1.61,103.7191,C,Cloud to Cloud,2026-06-13T19:41:15.65+08:00
2026-06-14 14:24:27,2026-06-13T19:42:00+08:00,2026-06-13T19:44:02+08:00,1.6037,103.7162,C,Cloud to Cloud,2026-06-13T19:41:15.668+08:00
2026-06-14 14:24:27,2026-06-13T19:42:00+08:00,2026-06-13T19:44:02+08:00,1.5892,103.7252,C,Cloud to Cloud,2026-06-13T19:41:15.682+08:00
2026-06-14 14:24:27,2026-06-13T19:42:00+08:00,2026-06-13T19:44:02+08:00,1.6163,103.7158,C,Cloud to Cloud,2026-06-13T19:41:15.682+08:00
2026-06-14 14:24:27,2026-06-13T19:42:00+08:00,2026-06-13T19:44:02+08:00,1.6314,103.7181,C,Cloud to Cloud,2026-06-13T19:41:15.692+08:00
2026-06-14 14:24:27,2026-06-13T19:42:00+08:00,2026-06-13T19:44:02+08:00,1.5985,103.7284,C,Cloud to Cloud,2026-06-13T19:41:15.692+08:00
2026-06-14 14:24:27,2026-06-13T19:42:00+08:00,2026-06-13T19:44:02+08:00,1.6414,103.7246,C,Cloud to Cloud,2026-06-13T19:41:15.776+08:00
2026-06-14 14:24:27,2026-06-13T19:42:00+08:00,2026-06-13T19:44:02+08:00,1.5,103.7333,C,Cloud to Cloud,2026-06-13T19:41:15.829+08:00
2026-06-14 14:24:27,2026-06-13T19:42:00+08:00,2026-06-13T19:44:02+08:00,1.5982,103.7044,C,Cloud to Cloud,2026-06-13T19:41:25.462+08:00
2026-06-14 14:24:27,2026-06-13T19:42:00+08:00,2026-06-13T19:44:02+08:00,1.5976,103.7046,C,Cloud to Cloud,2026-06-13T19:41:25.462+08:00
2026-06-14 14:24:27,2026-06-13T19:42:00+08:00,2026-06-13T19:44:02+08:00,1.6347,103.7114,C,Cloud to Cloud,2026-06-13T19:41:27.472+08:00
2026-06-14 14:24:27,2026-06-13T19:42:00+08:00,2026-06-13T19:44:02+08:00,1.6308,103.6264,C,Cloud to Cloud,2026-06-13T19:41:27.509+08:00
2026-06-14 14:24:27,2026-06-13T19:42:00+08:00,2026-06-13T19:44:02+08:00,1.5824,103.7086,C,Cloud to Cloud,2026-06-13T19:41:27.509+08:00
2026-06-14 14:24:27,2026-06-13T19:42:00+08:00,2026-06-13T19:44:02+08:00,1.6098,103.7223,C,Cloud to Cloud,2026-06-13T19:41:42.161+08:00
2026-06-14 14:24:27,2026-06-13T19:42:00+08:00,2026-06-13T19:44:02+08:00,1.5914,103.7301,C,Cloud to Cloud,2026-06-13T19:41:42.161+08:00
2026-06-14 14:24:27,2026-06-13T19:42:00+08:00,2026-06-13T19:44:02+08:00,1.6393,103.7111,C,Cloud to Cloud,2026-06-13T19:41:42.161+08:00
2026-06-14 14:24:27,2026-06-13T19:42:00+08:00,2026-06-13T19:44:02+08:00,1.5887,103.7069,C,Cloud to Cloud,2026-06-13T19:41:46.454+08:00
2026-06-14 14:24:27,2026-06-13T19:42:00+08:00,2026-06-13T19:44:02+08:00,1.605,103.7062,C,Cloud to Cloud,2026-06-13T19:41:55.691+08:00
2026-06-14 14:24:27,2026-06-13T19:42:00+08:00,2026-06-13T19:44:02+08:00,1.6309,103.7235,C,Cloud to Cloud,2026-06-13T19:41:55.691+08:00
2026-06-14 14:24:27,2026-06-13T19:40:00+08:00,2026-06-13T19:42:03+08:00,1.6379,103.6412,C,Cloud to Cloud,2026-06-13T19:38:02.517+08:00
2026-06-14 14:24:27,2026-06-13T19:40:00+08:00,2026-06-13T19:42:03+08:00,1.6327,103.6467,C,Cloud to Cloud,2026-06-13T19:38:02.522+08:00
2026-06-14 14:24:27,2026-06-13T19:40:00+08:00,2026-06-13T19:42:03+08:00,1.6255,103.6544,C,Cloud to Cloud,2026-06-13T19:38:45.352+08:00
2026-06-14 14:24:27,2026-06-13T19:40:00+08:00,2026-06-13T19:42:03+08:00,1.6364,103.6788,C,Cloud to Cloud,2026-06-13T19:38:45.397+08:00
2026-06-14 14:24:27,2026-06-13T19:40:00+08:00,2026-06-13T19:42:03+08:00,1.6479,103.6379,C,Cloud to Cloud,2026-06-13T19:38:45.476+08:00
2026-06-14 14:24:27,2026-06-13T19:40:00+08:00,2026-06-13T19:42:03+08:00,1.6393,103.6168,C,Cloud to Cloud,2026-06-13T19:38:45.656+08:00
2026-06-14 14:24:27,2026-06-13T19:40:00+08:00,2026-06-13T19:42:03+08:00,1.6332,103.63,C,Cloud to Cloud,2026-06-13T19:38:45.656+08:00
2026-06-14 14:24:27,2026-06-13T19:40:00+08:00,2026-06-13T19:42:03+08:00,1.62,103.6311,C,Cloud to Cloud,2026-06-13T19:38:45.656+08:00
2026-06-14 14:24:27,2026-06-13T19:40:00+08:00,2026-06-13T19:42:03+08:00,1.6466,103.6098,C,Cloud to Cloud,2026-06-13T19:39:13.582+08:00
2026-06-14 14:24:27,2026-06-13T19:40:00+08:00,2026-06-13T19:42:03+08:00,1.637,103.6312,C,Cloud to Cloud,2026-06-13T19:39:13.661+08:00
2026-06-14 14:24:27,2026-06-13T19:40:00+08:00,2026-06-13T19:42:03+08:00,1.6148,103.7132,C,Cloud to Cloud,2026-06-13T19:39:15.095+08:00
2026-06-14 14:24:27,2026-06-13T19:40:00+08:00,2026-06-13T19:42:03+08:00,1.6254,103.7274,C,Cloud to Cloud,2026-06-13T19:39:15.096+08:00
2026-06-14 14:24:27,2026-06-13T19:40:00+08:00,2026-06-13T19:42:03+08:00,1.6442,103.7021,C,Cloud to Cloud,2026-06-13T19:39:44.04+08:00
2026-06-14 14:24:27,2026-06-13T19:40:00+08:00,2026-06-13T19:42:03+08:00,1.6238,103.7246,C,Cloud to Cloud,2026-06-13T19:39:44.04+08:00
2026-06-14 14:24:27,2026-06-13T19:40:00+08:00,2026-06-13T19:42:03+08:00,1.5533,103.7146,C,Cloud to Cloud,2026-06-13T19:39:44.04+08:00
2026-06-14 14:24:27,2026-06-13T19:40:00+08:00,2026-06-13T19:42:03+08:00,1.6239,103.724,C,Cloud to Cloud,2026-06-13T19:39:49.494+08:00
2026-06-14 14:24:27,2026-06-13T19:40:00+08:00,2026-06-13T19:42:03+08:00,1.6312,103.7076,C,Cloud to Cloud,2026-06-13T19:39:49.561+08:00
2026-06-14 14:24:27,2026-06-13T19:40:00+08:00,2026-06-13T19:42:03+08:00,1.6391,103.6151,C,Cloud to Cloud,2026-06-13T19:39:49.973+08:00
2026-06-14 14:24:27,2026-06-13T19:38:00+08:00,2026-06-13T19:40:04+08:00,1.6473,103.6461,C,Cloud to Cloud,2026-06-13T19:36:04.341+08:00
2026-06-14 14:24:27,2026-06-13T19:38:00+08:00,2026-06-13T19:40:04+08:00,1.6473,103.6461,C,Cloud to Cloud,2026-06-13T19:36:04.341+08:00
2026-06-14 14:24:27,2026-06-13T19:38:00+08:00,2026-06-13T19:40:04+08:00,1.6449,103.6048,C,Cloud to Cloud,2026-06-13T19:36:04.406+08:00
2026-06-14 14:24:27,2026-06-13T19:38:00+08:00,2026-06-13T19:40:04+08:00,1.6448,103.6053,C,Cloud to Cloud,2026-06-13T19:36:04.406+08:00
2026-06-14 14:24:27,2026-06-13T19:38:00+08:00,2026-06-13T19:40:04+08:00,1.6398,103.6171,C,Cloud to Cloud,2026-06-13T19:36:04.446+08:00
2026-06-14 14:24:27,2026-06-13T19:38:00+08:00,2026-06-13T19:40:04+08:00,1.6403,103.609,C,Cloud to Cloud,2026-06-13T19:36:04.446+08:00
2026-06-14 14:24:27,2026-06-13T19:38:00+08:00,2026-06-13T19:40:04+08:00,1.638,103.6054,C,Cloud to Cloud,2026-06-13T19:36:20.415+08:00
2026-06-14 14:24:27,2026-06-13T19:38:00+08:00,2026-06-13T19:40:04+08:00,1.6412,103.6066,C,Cloud to Cloud,2026-06-13T19:36:20.451+08:00
2026-06-14 14:24:27,2026-06-13T19:38:00+08:00,2026-06-13T19:40:04+08:00,1.6359,103.6267,C,Cloud to Cloud,2026-06-13T19:36:20.451+08:00
2026-06-14 14:24:27,2026-06-13T19:38:00+08:00,2026-06-13T19:40:04+08:00,1.5978,103.637,C,Cloud to Cloud,2026-06-13T19:36:26.698+08:00
2026-06-14 14:24:27,2026-06-13T19:38:00+08:00,2026-06-13T19:40:04+08:00,1.6149,103.5861,C,Cloud to Cloud,2026-06-13T19:36:26.726+08:00
2026-06-14 14:24:27,2026-06-13T19:38:00+08:00,2026-06-13T19:40:04+08:00,1.6481,103.643,C,Cloud to Cloud,2026-06-13T19:36:26.758+08:00
2026-06-14 14:24:27,2026-06-13T19:38:00+08:00,2026-06-13T19:40:04+08:00,1.6481,103.643,C,Cloud to Cloud,2026-06-13T19:36:26.758+08:00
2026-06-14 14:24:27,2026-06-13T19:38:00+08:00,2026-06-13T19:40:04+08:00,1.6372,103.6368,C,Cloud to Cloud,2026-06-13T19:36:27.016+08:00
2026-06-14 14:24:27,2026-06-13T19:38:00+08:00,2026-06-13T19:40:04+08:00,1.6337,103.5916,C,Cloud to Cloud,2026-06-13T19:36:46.831+08:00
2026-06-14 14:24:27,2026-06-13T19:38:00+08:00,2026-06-13T19:40:04+08:00,1.4833,103.6579,C,Cloud to Cloud,2026-06-13T19:36:47.069+08:00
2026-06-14 14:24:27,2026-06-13T19:38:00+08:00,2026-06-13T19:40:04+08:00,1.6486,103.64,C,Cloud to Cloud,2026-06-13T19:37:05.982+08:00
2026-06-14 14:24:27,2026-06-13T19:38:00+08:00,2026-06-13T19:40:04+08:00,1.6459,103.627,C,Cloud to Cloud,2026-06-13T19:37:06.153+08:00
2026-06-14 14:24:27,2026-06-13T19:38:00+08:00,2026-06-13T19:40:04+08:00,1.6218,103.6337,C,Cloud to Cloud,2026-06-13T19:37:29.587+08:00
2026-06-14 14:24:27,2026-06-13T19:38:00+08:00,2026-06-13T19:40:04+08:00,1.6462,103.6527,C,Cloud to Cloud,2026-06-13T19:37:29.587+08:00
2026-06-14 14:24:27,2026-06-13T19:38:00+08:00,2026-06-13T19:40:04+08:00,1.647,103.6647,C,Cloud to Cloud,2026-06-13T19:37:29.671+08:00
2026-06-14 14:24:27,2026-06-13T19:38:00+08:00,2026-06-13T19:40:04+08:00,1.6453,103.6668,C,Cloud to Cloud,2026-06-13T19:37:29.671+08:00
2026-06-14 14:24:27,2026-06-13T19:38:00+08:00,2026-06-13T19:40:04+08:00,1.6369,103.6618,C,Cloud to Cloud,2026-06-13T19:37:29.671+08:00
2026-06-14 14:24:27,2026-06-13T19:38:00+08:00,2026-06-13T19:40:04+08:00,1.6387,103.6393,C,Cloud to Cloud,2026-06-13T19:37:29.759+08:00
2026-06-14 14:24:27,2026-06-13T19:38:00+08:00,2026-06-13T19:40:04+08:00,1.615,103.6176,C,Cloud to Cloud,2026-06-13T19:37:37.892+08:00
2026-06-14 14:24:27,2026-06-13T19:38:00+08:00,2026-06-13T19:40:04+08:00,1.6249,103.6143,C,Cloud to Cloud,2026-06-13T19:37:37.915+08:00
2026-06-14 14:24:27,2026-06-13T19:38:00+08:00,2026-06-13T19:40:04+08:00,1.616,103.6754,C,Cloud to Cloud,2026-06-13T19:37:37.974+08:00
2026-06-14 14:24:27,2026-06-13T19:38:00+08:00,2026-06-13T19:40:04+08:00,1.616,103.6754,C,Cloud to Cloud,2026-06-13T19:37:37.974+08:00
2026-06-14 14:24:27,2026-06-13T19:38:00+08:00,2026-06-13T19:40:04+08:00,1.6169,103.6267,C,Cloud to Cloud,2026-06-13T19:37:38.142+08:00
2026-06-14 14:24:27,2026-06-13T19:38:00+08:00,2026-06-13T19:40:04+08:00,1.6283,103.6177,C,Cloud to Cloud,2026-06-13T19:37:38.145+08:00
2026-06-14 14:24:27,2026-06-13T19:38:00+08:00,2026-06-13T19:40:04+08:00,1.6214,103.6381,C,Cloud to Cloud,2026-06-13T19:37:38.224+08:00
2026-06-14 14:24:27,2026-06-13T19:38:00+08:00,2026-06-13T19:40:04+08:00,1.6494,103.5972,C,Cloud to Cloud,2026-06-13T19:37:38.236+08:00
2026-06-14 14:24:27,2026-06-13T19:38:00+08:00,2026-06-13T19:40:04+08:00,1.649,103.6496,C,Cloud to Cloud,2026-06-13T19:37:48.161+08:00
2026-06-14 14:24:27,2026-06-13T19:36:00+08:00,2026-06-13T19:38:02+08:00,1.626,103.6457,C,Cloud to Cloud,2026-06-13T19:34:07.001+08:00
2026-06-14 14:24:27,2026-06-13T19:36:00+08:00,2026-06-13T19:38:02+08:00,1.6233,103.6408,C,Cloud to Cloud,2026-06-13T19:34:07.153+08:00
2026-06-14 14:24:27,2026-06-13T19:36:00+08:00,2026-06-13T19:38:02+08:00,1.6207,103.6223,C,Cloud to Cloud,2026-06-13T19:34:07.153+08:00
2026-06-14 14:24:27,2026-06-13T19:36:00+08:00,2026-06-13T19:38:02+08:00,1.6485,103.6123,C,Cloud to Cloud,2026-06-13T19:34:07.154+08:00
2026-06-14 14:24:27,2026-06-13T19:36:00+08:00,2026-06-13T19:38:02+08:00,1.6231,103.645,C,Cloud to Cloud,2026-06-13T19:34:07.154+08:00
2026-06-14 14:24:27,2026-06-13T19:36:00+08:00,2026-06-13T19:38:02+08:00,1.6371,103.6371,C,Cloud to Cloud,2026-06-13T19:34:07.154+08:00
2026-06-14 14:24:27,2026-06-13T19:36:00+08:00,2026-06-13T19:38:02+08:00,1.6276,103.6457,C,Cloud to Cloud,2026-06-13T19:34:07.222+08:00
2026-06-14 14:24:27,2026-06-13T19:36:00+08:00,2026-06-13T19:38:02+08:00,1.6119,103.685,C,Cloud to Cloud,2026-06-13T19:34:15.056+08:00
2026-06-14 14:24:27,2026-06-13T19:36:00+08:00,2026-06-13T19:38:02+08:00,1.6311,103.6305,C,Cloud to Cloud,2026-06-13T19:34:15.299+08:00
2026-06-14 14:24:27,2026-06-13T19:36:00+08:00,2026-06-13T19:38:02+08:00,1.6399,103.631,C,Cloud to Cloud,2026-06-13T19:34:15.312+08:00
2026-06-14 14:24:27,2026-06-13T19:36:00+08:00,2026-06-13T19:38:02+08:00,1.6447,103.6761,C,Cloud to Cloud,2026-06-13T19:34:28.154+08:00
2026-06-14 14:24:27,2026-06-13T19:36:00+08:00,2026-06-13T19:38:02+08:00,1.6327,103.6435,C,Cloud to Cloud,2026-06-13T19:34:29.699+08:00
2026-06-14 14:24:27,2026-06-13T19:36:00+08:00,2026-06-13T19:38:02+08:00,1.6442,103.6398,C,Cloud to Cloud,2026-06-13T19:34:29.76+08:00
2026-06-14 14:24:27,2026-06-13T19:36:00+08:00,2026-06-13T19:38:02+08:00,1.6193,103.6701,C,Cloud to Cloud,2026-06-13T19:34:29.882+08:00
2026-06-14 14:24:27,2026-06-13T19:36:00+08:00,2026-06-13T19:38:02+08:00,1.6332,103.6549,C,Cloud to Cloud,2026-06-13T19:34:29.904+08:00
2026-06-14 14:24:27,2026-06-13T19:36:00+08:00,2026-06-13T19:38:02+08:00,1.6363,103.6512,C,Cloud to Cloud,2026-06-13T19:34:29.904+08:00
2026-06-14 14:24:27,2026-06-13T19:36:00+08:00,2026-06-13T19:38:02+08:00,1.6163,103.6291,C,Cloud to Cloud,2026-06-13T19:34:48.194+08:00
2026-06-14 14:24:27,2026-06-13T19:36:00+08:00,2026-06-13T19:38:02+08:00,1.6383,103.6365,C,Cloud to Cloud,2026-06-13T19:34:48.198+08:00
2026-06-14 14:24:27,2026-06-13T19:36:00+08:00,2026-06-13T19:38:02+08:00,1.6207,103.6631,C,Cloud to Cloud,2026-06-13T19:35:09.926+08:00
2026-06-14 14:24:27,2026-06-13T19:36:00+08:00,2026-06-13T19:38:02+08:00,1.631,103.6618,C,Cloud to Cloud,2026-06-13T19:35:10.139+08:00
2026-06-14 14:24:27,2026-06-13T19:36:00+08:00,2026-06-13T19:38:02+08:00,1.6442,103.6532,C,Cloud to Cloud,2026-06-13T19:35:10.139+08:00
2026-06-14 14:24:27,2026-06-13T19:36:00+08:00,2026-06-13T19:38:02+08:00,1.6254,103.6604,C,Cloud to Cloud,2026-06-13T19:35:10.139+08:00
2026-06-14 14:24:27,2026-06-13T19:36:00+08:00,2026-06-13T19:38:02+08:00,1.6002,103.6569,C,Cloud to Cloud,2026-06-13T19:35:10.139+08:00
2026-06-14 14:24:27,2026-06-13T19:36:00+08:00,2026-06-13T19:38:02+08:00,1.6332,103.6559,C,Cloud to Cloud,2026-06-13T19:35:10.199+08:00
2026-06-14 14:24:27,2026-06-13T19:36:00+08:00,2026-06-13T19:38:02+08:00,1.6356,103.6315,C,Cloud to Cloud,2026-06-13T19:35:10.26+08:00
2026-06-14 14:24:27,2026-06-13T19:36:00+08:00,2026-06-13T19:38:02+08:00,1.6143,103.6359,C,Cloud to Cloud,2026-06-13T19:35:10.26+08:00
2026-06-14 14:24:27,2026-06-13T19:36:00+08:00,2026-06-13T19:38:02+08:00,1.6169,103.6317,C,Cloud to Cloud,2026-06-13T19:35:10.368+08:00
2026-06-14 14:24:27,2026-06-13T19:36:00+08:00,2026-06-13T19:38:02+08:00,1.6207,103.6692,C,Cloud to Cloud,2026-06-13T19:35:10.384+08:00
2026-06-14 14:24:27,2026-06-13T19:36:00+08:00,2026-06-13T19:38:02+08:00,1.631,103.6364,C,Cloud to Cloud,2026-06-13T19:35:10.41+08:00
2026-06-14 14:24:27,2026-06-13T19:36:00+08:00,2026-06-13T19:38:02+08:00,1.6384,103.6431,C,Cloud to Cloud,2026-06-13T19:35:10.419+08:00
2026-06-14 14:24:27,2026-06-13T19:36:00+08:00,2026-06-13T19:38:02+08:00,1.6346,103.6306,C,Cloud to Cloud,2026-06-13T19:35:10.476+08:00
2026-06-14 14:24:27,2026-06-13T19:36:00+08:00,2026-06-13T19:38:02+08:00,1.6431,103.5553,C,Cloud to Cloud,2026-06-13T19:35:20.967+08:00
2026-06-14 14:24:27,2026-06-13T19:36:00+08:00,2026-06-13T19:38:02+08:00,1.5974,103.6422,C,Cloud to Cloud,2026-06-13T19:35:21.081+08:00
2026-06-14 14:24:27,2026-06-13T19:36:00+08:00,2026-06-13T19:38:02+08:00,1.6496,103.6125,C,Cloud to Cloud,2026-06-13T19:35:21.149+08:00
2026-06-14 14:24:27,2026-06-13T19:36:00+08:00,2026-06-13T19:38:02+08:00,1.6432,103.6797,C,Cloud to Cloud,2026-06-13T19:35:22.476+08:00
2026-06-14 14:24:27,2026-06-13T19:36:00+08:00,2026-06-13T19:38:02+08:00,1.6432,103.6797,C,Cloud to Cloud,2026-06-13T19:35:22.476+08:00
2026-06-14 14:24:27,2026-06-13T19:36:00+08:00,2026-06-13T19:38:02+08:00,1.6408,103.6223,C,Cloud to Cloud,2026-06-13T19:35:37.907+08:00
2026-06-14 14:24:27,2026-06-13T19:36:00+08:00,2026-06-13T19:38:02+08:00,1.6435,103.6234,C,Cloud to Cloud,2026-06-13T19:35:37.907+08:00
2026-06-14 14:24:27,2026-06-13T19:36:00+08:00,2026-06-13T19:38:02+08:00,1.6207,103.6429,C,Cloud to Cloud,2026-06-13T19:35:37.907+08:00
2026-06-14 14:24:27,2026-06-13T19:36:00+08:00,2026-06-13T19:38:02+08:00,1.6209,103.6465,C,Cloud to Cloud,2026-06-13T19:35:37.962+08:00
2026-06-14 14:24:27,2026-06-13T19:36:00+08:00,2026-06-13T19:38:02+08:00,1.645,103.6326,C,Cloud to Cloud,2026-06-13T19:35:38.007+08:00
2026-06-14 14:24:27,2026-06-13T19:36:00+08:00,2026-06-13T19:38:02+08:00,1.6439,103.6434,C,Cloud to Cloud,2026-06-13T19:35:38.008+08:00
2026-06-14 14:24:27,2026-06-13T19:36:00+08:00,2026-06-13T19:38:02+08:00,1.623,103.653,C,Cloud to Cloud,2026-06-13T19:35:38.05+08:00
2026-06-14 14:24:27,2026-06-13T19:34:00+08:00,2026-06-13T19:36:02+08:00,1.6498,103.6555,C,Cloud to Cloud,2026-06-13T19:32:02.022+08:00
2026-06-14 14:24:27,2026-06-13T19:34:00+08:00,2026-06-13T19:36:02+08:00,1.6203,103.668,C,Cloud to Cloud,2026-06-13T19:32:02.052+08:00
2026-06-14 14:24:27,2026-06-13T19:34:00+08:00,2026-06-13T19:36:02+08:00,1.6445,103.6627,C,Cloud to Cloud,2026-06-13T19:32:10.671+08:00
2026-06-14 14:24:27,2026-06-13T19:34:00+08:00,2026-06-13T19:36:02+08:00,1.639,103.6547,C,Cloud to Cloud,2026-06-13T19:32:10.673+08:00
2026-06-14 14:24:27,2026-06-13T19:34:00+08:00,2026-06-13T19:36:02+08:00,1.6319,103.6584,C,Cloud to Cloud,2026-06-13T19:32:21.625+08:00
2026-06-14 14:24:27,2026-06-13T19:34:00+08:00,2026-06-13T19:36:02+08:00,1.6317,103.7187,C,Cloud to Cloud,2026-06-13T19:32:21.723+08:00
2026-06-14 14:24:27,2026-06-13T19:34:00+08:00,2026-06-13T19:36:02+08:00,1.609,103.6732,C,Cloud to Cloud,2026-06-13T19:32:21.741+08:00
2026-06-14 14:24:27,2026-06-13T19:34:00+08:00,2026-06-13T19:36:02+08:00,1.6157,103.6844,C,Cloud to Cloud,2026-06-13T19:32:21.862+08:00
2026-06-14 14:24:27,2026-06-13T19:34:00+08:00,2026-06-13T19:36:02+08:00,1.6144,103.6496,C,Cloud to Cloud,2026-06-13T19:32:21.897+08:00
2026-06-14 14:24:27,2026-06-13T19:34:00+08:00,2026-06-13T19:36:02+08:00,1.6183,103.6709,C,Cloud to Cloud,2026-06-13T19:32:21.969+08:00
2026-06-14 14:24:27,2026-06-13T19:34:00+08:00,2026-06-13T19:36:02+08:00,1.6484,103.6599,C,Cloud to Cloud,2026-06-13T19:32:21.969+08:00
2026-06-14 14:24:27,2026-06-13T19:34:00+08:00,2026-06-13T19:36:02+08:00,1.6356,103.6426,C,Cloud to Cloud,2026-06-13T19:32:26.133+08:00
2026-06-14 14:24:27,2026-06-13T19:34:00+08:00,2026-06-13T19:36:02+08:00,1.6462,103.6505,C,Cloud to Cloud,2026-06-13T19:32:26.195+08:00
2026-06-14 14:24:27,2026-06-13T19:34:00+08:00,2026-06-13T19:36:02+08:00,1.6434,103.6661,C,Cloud to Cloud,2026-06-13T19:32:26.32+08:00
2026-06-14 14:24:27,2026-06-13T19:34:00+08:00,2026-06-13T19:36:02+08:00,1.6455,103.6462,C,Cloud to Cloud,2026-06-13T19:32:40.057+08:00
2026-06-14 14:24:27,2026-06-13T19:34:00+08:00,2026-06-13T19:36:02+08:00,1.6463,103.6212,C,Cloud to Cloud,2026-06-13T19:32:40.057+08:00
2026-06-14 14:24:27,2026-06-13T19:34:00+08:00,2026-06-13T19:36:02+08:00,1.6246,103.6232,C,Cloud to Cloud,2026-06-13T19:32:40.091+08:00
2026-06-14 14:24:27,2026-06-13T19:34:00+08:00,2026-06-13T19:36:02+08:00,1.6103,103.6426,C,Cloud to Cloud,2026-06-13T19:32:40.152+08:00
2026-06-14 14:24:27,2026-06-13T19:34:00+08:00,2026-06-13T19:36:02+08:00,1.6466,103.6592,C,Cloud to Cloud,2026-06-13T19:32:40.169+08:00
2026-06-14 14:24:27,2026-06-13T19:34:00+08:00,2026-06-13T19:36:02+08:00,1.6199,103.643,C,Cloud to Cloud,2026-06-13T19:32:40.299+08:00
2026-06-14 14:24:27,2026-06-13T19:34:00+08:00,2026-06-13T19:36:02+08:00,1.6415,103.6644,C,Cloud to Cloud,2026-06-13T19:32:52.117+08:00
2026-06-14 14:24:27,2026-06-13T19:34:00+08:00,2026-06-13T19:36:02+08:00,1.6352,103.6315,C,Cloud to Cloud,2026-06-13T19:32:52.117+08:00
2026-06-14 14:24:27,2026-06-13T19:34:00+08:00,2026-06-13T19:36:02+08:00,1.5987,103.7022,C,Cloud to Cloud,2026-06-13T19:32:52.127+08:00
2026-06-14 14:24:27,2026-06-13T19:34:00+08:00,2026-06-13T19:36:02+08:00,1.6234,103.6417,C,Cloud to Cloud,2026-06-13T19:32:52.127+08:00
2026-06-14 14:24:27,2026-06-13T19:34:00+08:00,2026-06-13T19:36:02+08:00,1.6485,103.667,C,Cloud to Cloud,2026-06-13T19:32:52.175+08:00
2026-06-14 14:24:27,2026-06-13T19:34:00+08:00,2026-06-13T19:36:02+08:00,1.6384,103.6632,C,Cloud to Cloud,2026-06-13T19:32:55.202+08:00
2026-06-14 14:24:27,2026-06-13T19:34:00+08:00,2026-06-13T19:36:02+08:00,1.6203,103.6575,C,Cloud to Cloud,2026-06-13T19:32:55.283+08:00
2026-06-14 14:24:27,2026-06-13T19:34:00+08:00,2026-06-13T19:36:02+08:00,1.6492,103.6401,C,Cloud to Cloud,2026-06-13T19:32:55.345+08:00
2026-06-14 14:24:27,2026-06-13T19:34:00+08:00,2026-06-13T19:36:02+08:00,1.6304,103.6636,C,Cloud to Cloud,2026-06-13T19:33:07.39+08:00
2026-06-14 14:24:27,2026-06-13T19:34:00+08:00,2026-06-13T19:36:02+08:00,1.6003,103.7033,C,Cloud to Cloud,2026-06-13T19:33:07.392+08:00
2026-06-14 14:24:27,2026-06-13T19:34:00+08:00,2026-06-13T19:36:02+08:00,1.6381,103.6528,C,Cloud to Cloud,2026-06-13T19:33:28.935+08:00
2026-06-14 14:24:27,2026-06-13T19:34:00+08:00,2026-06-13T19:36:02+08:00,1.6441,103.6567,C,Cloud to Cloud,2026-06-13T19:33:29.015+08:00
2026-06-14 14:24:27,2026-06-13T19:34:00+08:00,2026-06-13T19:36:02+08:00,1.6208,103.6431,C,Cloud to Cloud,2026-06-13T19:33:36.629+08:00
2026-06-14 14:24:27,2026-06-13T19:34:00+08:00,2026-06-13T19:36:02+08:00,1.6154,103.6453,C,Cloud to Cloud,2026-06-13T19:33:36.713+08:00
2026-06-14 14:24:27,2026-06-13T19:34:00+08:00,2026-06-13T19:36:02+08:00,1.6322,103.6161,C,Cloud to Cloud,2026-06-13T19:33:45.839+08:00
2026-06-14 14:24:27,2026-06-13T19:34:00+08:00,2026-06-13T19:36:02+08:00,1.6299,103.6417,C,Cloud to Cloud,2026-06-13T19:33:45.953+08:00
2026-06-14 14:24:27,2026-06-13T19:34:00+08:00,2026-06-13T19:36:02+08:00,1.6173,103.6438,C,Cloud to Cloud,2026-06-13T19:33:46.027+08:00
2026-06-14 14:24:27,2026-06-13T19:34:00+08:00,2026-06-13T19:36:02+08:00,1.6488,103.6385,C,Cloud to Cloud,2026-06-13T19:33:46.085+08:00
2026-06-14 14:24:27,2026-06-13T19:34:00+08:00,2026-06-13T19:36:02+08:00,1.6454,103.6545,C,Cloud to Cloud,2026-06-13T19:33:46.15+08:00
2026-06-14 14:24:27,2026-06-13T19:34:00+08:00,2026-06-13T19:36:02+08:00,1.6242,103.6668,C,Cloud to Cloud,2026-06-13T19:33:46.233+08:00
2026-06-14 14:24:27,2026-06-13T19:32:00+08:00,2026-06-13T19:34:02+08:00,1.631,103.6755,C,Cloud to Cloud,2026-06-13T19:30:00.611+08:00
2026-06-14 14:24:27,2026-06-13T19:32:00+08:00,2026-06-13T19:34:02+08:00,1.6474,103.6567,C,Cloud to Cloud,2026-06-13T19:30:00.611+08:00
2026-06-14 14:24:27,2026-06-13T19:32:00+08:00,2026-06-13T19:34:02+08:00,1.6369,103.6618,C,Cloud to Cloud,2026-06-13T19:30:00.73+08:00
2026-06-14 14:24:27,2026-06-13T19:32:00+08:00,2026-06-13T19:34:02+08:00,1.6342,103.6854,C,Cloud to Cloud,2026-06-13T19:30:03.576+08:00
2026-06-14 14:24:27,2026-06-13T19:32:00+08:00,2026-06-13T19:34:02+08:00,1.6239,103.6628,C,Cloud to Cloud,2026-06-13T19:30:09.66+08:00
2026-06-14 14:24:27,2026-06-13T19:32:00+08:00,2026-06-13T19:34:02+08:00,1.6451,103.6569,C,Cloud to Cloud,2026-06-13T19:30:16.548+08:00
2026-06-14 14:24:27,2026-06-13T19:32:00+08:00,2026-06-13T19:34:02+08:00,1.6405,103.6461,C,Cloud to Cloud,2026-06-13T19:30:29.144+08:00
2026-06-14 14:24:27,2026-06-13T19:32:00+08:00,2026-06-13T19:34:02+08:00,1.6392,103.6583,C,Cloud to Cloud,2026-06-13T19:30:29.156+08:00
2026-06-14 14:24:27,2026-06-13T19:32:00+08:00,2026-06-13T19:34:02+08:00,1.635,103.6408,C,Cloud to Cloud,2026-06-13T19:30:29.194+08:00
2026-06-14 14:24:27,2026-06-13T19:32:00+08:00,2026-06-13T19:34:02+08:00,1.6216,103.6644,C,Cloud to Cloud,2026-06-13T19:30:35.28+08:00
2026-06-14 14:24:27,2026-06-13T19:32:00+08:00,2026-06-13T19:34:02+08:00,1.6247,103.6875,C,Cloud to Cloud,2026-06-13T19:30:35.529+08:00
2026-06-14 14:24:27,2026-06-13T19:32:00+08:00,2026-06-13T19:34:02+08:00,1.5826,103.5884,C,Cloud to Cloud,2026-06-13T19:30:39.194+08:00
2026-06-14 14:24:27,2026-06-13T19:32:00+08:00,2026-06-13T19:34:02+08:00,1.6241,103.7059,C,Cloud to Cloud,2026-06-13T19:30:54.953+08:00
2026-06-14 14:24:27,2026-06-13T19:32:00+08:00,2026-06-13T19:34:02+08:00,1.6196,103.667,C,Cloud to Cloud,2026-06-13T19:30:55.148+08:00
2026-06-14 14:24:27,2026-06-13T19:32:00+08:00,2026-06-13T19:34:02+08:00,1.6134,103.6716,C,Cloud to Cloud,2026-06-13T19:31:02.605+08:00
2026-06-14 14:24:27,2026-06-13T19:32:00+08:00,2026-06-13T19:34:02+08:00,1.6225,103.6589,C,Cloud to Cloud,2026-06-13T19:31:02.776+08:00
2026-06-14 14:24:27,2026-06-13T19:32:00+08:00,2026-06-13T19:34:02+08:00,1.6334,103.6438,C,Cloud to Cloud,2026-06-13T19:31:04.991+08:00
2026-06-14 14:24:27,2026-06-13T19:32:00+08:00,2026-06-13T19:34:02+08:00,1.6368,103.6495,C,Cloud to Cloud,2026-06-13T19:31:17.193+08:00
2026-06-14 14:24:27,2026-06-13T19:32:00+08:00,2026-06-13T19:34:02+08:00,1.6308,103.6559,C,Cloud to Cloud,2026-06-13T19:31:17.193+08:00
2026-06-14 14:24:27,2026-06-13T19:32:00+08:00,2026-06-13T19:34:02+08:00,1.6255,103.6592,C,Cloud to Cloud,2026-06-13T19:31:17.21+08:00
2026-06-14 14:24:27,2026-06-13T19:32:00+08:00,2026-06-13T19:34:02+08:00,1.6188,103.6749,C,Cloud to Cloud,2026-06-13T19:31:17.227+08:00
2026-06-14 14:24:27,2026-06-13T19:32:00+08:00,2026-06-13T19:34:02+08:00,1.6293,103.6641,C,Cloud to Cloud,2026-06-13T19:31:17.26+08:00
2026-06-14 14:24:27,2026-06-13T19:32:00+08:00,2026-06-13T19:34:02+08:00,1.6017,103.7268,C,Cloud to Cloud,2026-06-13T19:31:17.273+08:00
2026-06-14 14:24:27,2026-06-13T19:32:00+08:00,2026-06-13T19:34:02+08:00,1.6085,103.6793,C,Cloud to Cloud,2026-06-13T19:31:17.35+08:00
2026-06-14 14:24:27,2026-06-13T19:32:00+08:00,2026-06-13T19:34:02+08:00,1.6331,103.6575,C,Cloud to Cloud,2026-06-13T19:31:17.382+08:00
2026-06-14 14:24:27,2026-06-13T19:32:00+08:00,2026-06-13T19:34:02+08:00,1.6193,103.6659,C,Cloud to Cloud,2026-06-13T19:31:20.705+08:00
2026-06-14 14:24:27,2026-06-13T19:32:00+08:00,2026-06-13T19:34:02+08:00,1.614,103.6691,C,Cloud to Cloud,2026-06-13T19:31:20.705+08:00
2026-06-14 14:24:27,2026-06-13T19:32:00+08:00,2026-06-13T19:34:02+08:00,1.6388,103.6704,C,Cloud to Cloud,2026-06-13T19:31:21.097+08:00
2026-06-14 14:24:27,2026-06-13T19:32:00+08:00,2026-06-13T19:34:02+08:00,1.6264,103.6657,C,Cloud to Cloud,2026-06-13T19:31:33.479+08:00
2026-06-14 14:24:27,2026-06-13T19:32:00+08:00,2026-06-13T19:34:02+08:00,1.6416,103.6555,C,Cloud to Cloud,2026-06-13T19:31:33.811+08:00
2026-06-14 14:24:27,2026-06-13T19:32:00+08:00,2026-06-13T19:34:02+08:00,1.6367,103.6672,C,Cloud to Cloud,2026-06-13T19:31:33.985+08:00
2026-06-14 14:24:27,2026-06-13T19:32:00+08:00,2026-06-13T19:34:02+08:00,1.6313,103.6551,C,Cloud to Cloud,2026-06-13T19:31:40.004+08:00
2026-06-14 14:24:27,2026-06-13T19:32:00+08:00,2026-06-13T19:34:02+08:00,1.5936,103.7092,C,Cloud to Cloud,2026-06-13T19:31:40.004+08:00
2026-06-14 14:24:27,2026-06-13T19:32:00+08:00,2026-06-13T19:34:02+08:00,1.6057,103.6649,C,Cloud to Cloud,2026-06-13T19:31:40.311+08:00
2026-06-14 14:24:27,2026-06-13T19:32:00+08:00,2026-06-13T19:34:02+08:00,1.6332,103.6575,C,Cloud to Cloud,2026-06-13T19:31:53.756+08:00
2026-06-14 14:24:27,2026-06-13T19:32:00+08:00,2026-06-13T19:34:02+08:00,1.6228,103.662,C,Cloud to Cloud,2026-06-13T19:31:53.784+08:00
2026-06-14 14:24:27,2026-06-13T19:30:00+08:00,2026-06-13T19:32:02+08:00,1.6222,103.6632,C,Cloud to Cloud,2026-06-13T19:28:06.144+08:00
2026-06-14 14:24:27,2026-06-13T19:30:00+08:00,2026-06-13T19:32:02+08:00,1.6303,103.6583,C,Cloud to Cloud,2026-06-13T19:28:06.214+08:00
2026-06-14 14:24:27,2026-06-13T19:30:00+08:00,2026-06-13T19:32:02+08:00,1.6453,103.6319,C,Cloud to Cloud,2026-06-13T19:28:15.72+08:00
2026-06-14 14:24:27,2026-06-13T19:30:00+08:00,2026-06-13T19:32:02+08:00,1.6332,103.6607,C,Cloud to Cloud,2026-06-13T19:28:15.803+08:00
2026-06-14 14:24:27,2026-06-13T19:30:00+08:00,2026-06-13T19:32:02+08:00,1.6346,103.7246,C,Cloud to Cloud,2026-06-13T19:28:15.846+08:00
2026-06-14 14:24:27,2026-06-13T19:30:00+08:00,2026-06-13T19:32:02+08:00,1.6236,103.6672,C,Cloud to Cloud,2026-06-13T19:28:28.713+08:00
2026-06-14 14:24:27,2026-06-13T19:30:00+08:00,2026-06-13T19:32:02+08:00,1.6493,103.6467,C,Cloud to Cloud,2026-06-13T19:28:42.224+08:00
2026-06-14 14:24:27,2026-06-13T19:30:00+08:00,2026-06-13T19:32:02+08:00,1.6372,103.6563,C,Cloud to Cloud,2026-06-13T19:28:42.305+08:00
2026-06-14 14:24:27,2026-06-13T19:30:00+08:00,2026-06-13T19:32:02+08:00,1.6186,103.6683,C,Cloud to Cloud,2026-06-13T19:29:09.787+08:00
2026-06-14 14:24:27,2026-06-13T19:30:00+08:00,2026-06-13T19:32:02+08:00,1.6492,103.6509,C,Cloud to Cloud,2026-06-13T19:29:09.79+08:00
2026-06-14 14:24:27,2026-06-13T19:30:00+08:00,2026-06-13T19:32:02+08:00,1.6325,103.6602,C,Cloud to Cloud,2026-06-13T19:29:09.832+08:00
2026-06-14 14:24:27,2026-06-13T19:30:00+08:00,2026-06-13T19:32:02+08:00,1.6386,103.656,C,Cloud to Cloud,2026-06-13T19:29:09.832+08:00
2026-06-14 14:24:27,2026-06-13T19:30:00+08:00,2026-06-13T19:32:02+08:00,1.6277,103.6669,C,Cloud to Cloud,2026-06-13T19:29:09.86+08:00
2026-06-14 14:24:27,2026-06-13T19:30:00+08:00,2026-06-13T19:32:02+08:00,1.6135,103.6686,C,Cloud to Cloud,2026-06-13T19:29:17.243+08:00
2026-06-14 14:24:27,2026-06-13T19:30:00+08:00,2026-06-13T19:32:02+08:00,1.6338,103.6562,C,Cloud to Cloud,2026-06-13T19:29:17.264+08:00
2026-06-14 14:24:27,2026-06-13T19:30:00+08:00,2026-06-13T19:32:02+08:00,1.6283,103.6751,C,Cloud to Cloud,2026-06-13T19:29:45.431+08:00
2026-06-14 14:24:27,2026-06-13T19:30:00+08:00,2026-06-13T19:32:02+08:00,1.6287,103.6656,C,Cloud to Cloud,2026-06-13T19:29:45.432+08:00
2026-06-14 14:24:27,2026-06-13T19:30:00+08:00,2026-06-13T19:32:02+08:00,1.6372,103.6634,C,Cloud to Cloud,2026-06-13T19:29:45.598+08:00
2026-06-14 14:24:27,2026-06-13T19:30:00+08:00,2026-06-13T19:32:02+08:00,1.6261,103.6756,C,Cloud to Cloud,2026-06-13T19:29:48.917+08:00
2026-06-14 14:24:27,2026-06-13T19:30:00+08:00,2026-06-13T19:32:02+08:00,1.6283,103.6797,C,Cloud to Cloud,2026-06-13T19:29:48.967+08:00
2026-06-14 14:24:27,2026-06-13T19:30:00+08:00,2026-06-13T19:32:02+08:00,1.6251,103.6752,C,Cloud to Cloud,2026-06-13T19:29:48.995+08:00
2026-06-14 14:24:27,2026-06-13T19:30:00+08:00,2026-06-13T19:32:02+08:00,1.6248,103.6762,C,Cloud to Cloud,2026-06-13T19:29:48.995+08:00
2026-06-14 14:24:27,2026-06-13T19:30:00+08:00,2026-06-13T19:32:02+08:00,1.6376,103.6755,C,Cloud to Cloud,2026-06-13T19:29:57.524+08:00
2026-06-14 14:24:27,2026-06-13T19:28:00+08:00,2026-06-13T19:30:04+08:00,1.6451,103.6824,C,Cloud to Cloud,2026-06-13T19:26:08.306+08:00
2026-06-14 14:24:27,2026-06-13T19:28:00+08:00,2026-06-13T19:30:04+08:00,1.6455,103.6794,C,Cloud to Cloud,2026-06-13T19:26:13.662+08:00
2026-06-14 14:24:27,2026-06-13T19:28:00+08:00,2026-06-13T19:30:04+08:00,1.6315,103.6864,C,Cloud to Cloud,2026-06-13T19:26:13.662+08:00
2026-06-14 14:24:27,2026-06-13T19:28:00+08:00,2026-06-13T19:30:04+08:00,1.6296,103.6894,C,Cloud to Cloud,2026-06-13T19:26:21.609+08:00
2026-06-14 14:24:27,2026-06-13T19:28:00+08:00,2026-06-13T19:30:04+08:00,1.6307,103.6899,C,Cloud to Cloud,2026-06-13T19:26:21.609+08:00
2026-06-14 14:24:27,2026-06-13T19:28:00+08:00,2026-06-13T19:30:04+08:00,1.6228,103.7262,C,Cloud to Cloud,2026-06-13T19:26:29.557+08:00
2026-06-14 14:24:27,2026-06-13T19:28:00+08:00,2026-06-13T19:30:04+08:00,1.634,103.6852,C,Cloud to Cloud,2026-06-13T19:26:37.387+08:00
2026-06-14 14:24:27,2026-06-13T19:28:00+08:00,2026-06-13T19:30:04+08:00,1.6484,103.6626,C,Cloud to Cloud,2026-06-13T19:26:38.314+08:00
2026-06-14 14:24:27,2026-06-13T19:28:00+08:00,2026-06-13T19:30:04+08:00,1.6374,103.6813,C,Cloud to Cloud,2026-06-13T19:26:48.903+08:00
2026-06-14 14:24:27,2026-06-13T19:28:00+08:00,2026-06-13T19:30:04+08:00,1.6488,103.6411,C,Cloud to Cloud,2026-06-13T19:26:51.331+08:00
2026-06-14 14:24:27,2026-06-13T19:28:00+08:00,2026-06-13T19:30:04+08:00,1.6448,103.6803,C,Cloud to Cloud,2026-06-13T19:26:51.48+08:00
2026-06-14 14:24:27,2026-06-13T19:28:00+08:00,2026-06-13T19:30:04+08:00,1.4971,103.7815,C,Cloud to Cloud,2026-06-13T19:26:57.891+08:00
2026-06-14 14:24:27,2026-06-13T19:28:00+08:00,2026-06-13T19:30:04+08:00,1.6247,103.6687,C,Cloud to Cloud,2026-06-13T19:27:07.414+08:00
2026-06-14 14:24:27,2026-06-13T19:28:00+08:00,2026-06-13T19:30:04+08:00,1.6322,103.6778,C,Cloud to Cloud,2026-06-13T19:27:13.876+08:00
2026-06-14 14:24:27,2026-06-13T19:28:00+08:00,2026-06-13T19:30:04+08:00,1.6253,103.6622,C,Cloud to Cloud,2026-06-13T19:27:30.875+08:00
2026-06-14 14:24:27,2026-06-13T19:28:00+08:00,2026-06-13T19:30:04+08:00,1.6473,103.6629,C,Cloud to Cloud,2026-06-13T19:27:35.618+08:00
2026-06-14 14:24:27,2026-06-13T19:28:00+08:00,2026-06-13T19:30:04+08:00,1.5859,103.6857,C,Cloud to Cloud,2026-06-13T19:27:36.506+08:00
2026-06-14 14:24:27,2026-06-13T19:28:00+08:00,2026-06-13T19:30:04+08:00,1.6246,103.6615,C,Cloud to Cloud,2026-06-13T19:27:45.887+08:00
2026-06-14 14:24:27,2026-06-13T19:28:00+08:00,2026-06-13T19:30:04+08:00,1.6448,103.6596,C,Cloud to Cloud,2026-06-13T19:27:54.362+08:00
2026-06-14 14:24:27,2026-06-13T19:28:00+08:00,2026-06-13T19:30:04+08:00,1.643,103.6628,C,Cloud to Cloud,2026-06-13T19:27:54.48+08:00
2026-06-14 14:24:27,2026-06-13T19:28:00+08:00,2026-06-13T19:30:04+08:00,1.6437,103.6611,C,Cloud to Cloud,2026-06-13T19:27:54.565+08:00
2026-06-14 14:24:27,2026-06-13T19:26:00+08:00,2026-06-13T19:28:02+08:00,1.6482,103.6883,C,Cloud to Cloud,2026-06-13T19:24:07.164+08:00
2026-06-14 14:24:27,2026-06-13T19:26:00+08:00,2026-06-13T19:28:02+08:00,1.6356,103.676,C,Cloud to Cloud,2026-06-13T19:24:20.658+08:00
2026-06-14 14:24:27,2026-06-13T19:26:00+08:00,2026-06-13T19:28:02+08:00,1.6491,103.6789,C,Cloud to Cloud,2026-06-13T19:24:20.801+08:00
2026-06-14 14:24:27,2026-06-13T19:26:00+08:00,2026-06-13T19:28:02+08:00,1.6375,103.6718,C,Cloud to Cloud,2026-06-13T19:24:32.772+08:00
2026-06-14 14:24:27,2026-06-13T19:26:00+08:00,2026-06-13T19:28:02+08:00,1.6384,103.6774,C,Cloud to Cloud,2026-06-13T19:24:56.769+08:00
2026-06-14 14:24:27,2026-06-13T19:26:00+08:00,2026-06-13T19:28:02+08:00,1.6265,103.678,C,Cloud to Cloud,2026-06-13T19:25:03.37+08:00
2026-06-14 14:24:27,2026-06-13T19:26:00+08:00,2026-06-13T19:28:02+08:00,1.623,103.688,C,Cloud to Cloud,2026-06-13T19:25:09.804+08:00
2026-06-14 14:24:27,2026-06-13T19:26:00+08:00,2026-06-13T19:28:02+08:00,1.6234,103.6711,C,Cloud to Cloud,2026-06-13T19:25:13.868+08:00
2026-06-14 14:24:27,2026-06-13T19:26:00+08:00,2026-06-13T19:28:02+08:00,1.639,103.6656,C,Cloud to Cloud,2026-06-13T19:25:13.962+08:00
2026-06-14 14:24:27,2026-06-13T19:26:00+08:00,2026-06-13T19:28:02+08:00,1.6365,103.6894,C,Cloud to Cloud,2026-06-13T19:25:25.982+08:00
2026-06-14 14:24:27,2026-06-13T19:26:00+08:00,2026-06-13T19:28:02+08:00,1.6385,103.6848,C,Cloud to Cloud,2026-06-13T19:25:26.031+08:00
2026-06-14 14:24:27,2026-06-13T19:26:00+08:00,2026-06-13T19:28:02+08:00,1.6499,103.6628,C,Cloud to Cloud,2026-06-13T19:25:32.516+08:00
2026-06-14 14:24:27,2026-06-13T19:26:00+08:00,2026-06-13T19:28:02+08:00,1.6445,103.6592,C,Cloud to Cloud,2026-06-13T19:25:32.516+08:00
2026-06-14 14:24:27,2026-06-13T19:26:00+08:00,2026-06-13T19:28:02+08:00,1.6406,103.6759,C,Cloud to Cloud,2026-06-13T19:25:34.339+08:00
2026-06-14 14:24:27,2026-06-13T19:26:00+08:00,2026-06-13T19:28:02+08:00,1.6401,103.6808,C,Cloud to Cloud,2026-06-13T19:25:39.531+08:00
2026-06-14 14:24:27,2026-06-13T19:26:00+08:00,2026-06-13T19:28:02+08:00,1.621,103.6934,C,Cloud to Cloud,2026-06-13T19:25:39.531+08:00
2026-06-14 14:24:27,2026-06-13T19:26:00+08:00,2026-06-13T19:28:02+08:00,1.6357,103.6841,C,Cloud to Cloud,2026-06-13T19:25:42.268+08:00
2026-06-14 14:24:27,2026-06-13T19:26:00+08:00,2026-06-13T19:28:02+08:00,1.6333,103.6749,C,Cloud to Cloud,2026-06-13T19:25:43.698+08:00
2026-06-14 14:24:27,2026-06-13T19:26:00+08:00,2026-06-13T19:28:02+08:00,1.6277,103.6737,C,Cloud to Cloud,2026-06-13T19:25:43.699+08:00
2026-06-14 14:24:27,2026-06-13T19:26:00+08:00,2026-06-13T19:28:02+08:00,1.6448,103.6634,C,Cloud to Cloud,2026-06-13T19:25:43.774+08:00
2026-06-14 14:24:27,2026-06-13T19:26:00+08:00,2026-06-13T19:28:02+08:00,1.6419,103.6735,C,Cloud to Cloud,2026-06-13T19:25:47.845+08:00
2026-06-14 14:24:27,2026-06-13T19:26:00+08:00,2026-06-13T19:28:02+08:00,1.6387,103.6753,C,Cloud to Cloud,2026-06-13T19:25:47.939+08:00
2026-06-14 14:24:27,2026-06-13T19:26:00+08:00,2026-06-13T19:28:02+08:00,1.6468,103.6784,C,Cloud to Cloud,2026-06-13T19:25:48.01+08:00
2026-06-14 14:24:27,2026-06-13T19:26:00+08:00,2026-06-13T19:28:02+08:00,1.6349,103.6724,C,Cloud to Cloud,2026-06-13T19:25:48.034+08:00
2026-06-14 14:24:27,2026-06-13T19:26:00+08:00,2026-06-13T19:28:02+08:00,1.6365,103.6699,C,Cloud to Cloud,2026-06-13T19:25:51.923+08:00
2026-06-14 14:24:27,2026-06-13T19:26:00+08:00,2026-06-13T19:28:02+08:00,1.6171,103.6826,C,Cloud to Cloud,2026-06-13T19:25:53.76+08:00
2026-06-14 14:24:27,2026-06-13T19:26:00+08:00,2026-06-13T19:28:02+08:00,1.6406,103.6731,C,Cloud to Cloud,2026-06-13T19:25:56.382+08:00
2026-06-14 14:24:27,2026-06-13T19:24:00+08:00,2026-06-13T19:26:03+08:00,1.6451,103.6816,C,Cloud to Cloud,2026-06-13T19:23:05.598+08:00
