fetch_time,observation_window,data_updated,latitude,longitude,strike_type,description,strike_time
2026-01-18 11:27:53,2026-01-17T18:50:00+08:00,2026-01-17T18:52:02+08:00,1.1523,103.8297,C,Cloud to Cloud,2026-01-17T18:48:03.987+08:00
2026-01-18 11:27:53,2026-01-17T18:50:00+08:00,2026-01-17T18:52:02+08:00,1.143,103.8357,C,Cloud to Cloud,2026-01-17T18:48:03.988+08:00
2026-01-18 11:27:53,2026-01-17T18:50:00+08:00,2026-01-17T18:52:02+08:00,1.1446,103.8362,C,Cloud to Cloud,2026-01-17T18:48:03.988+08:00
2026-01-18 11:27:53,2026-01-17T18:50:00+08:00,2026-01-17T18:52:02+08:00,1.1438,103.8358,C,Cloud to Cloud,2026-01-17T18:48:03.988+08:00
2026-01-18 11:27:53,2026-01-17T18:50:00+08:00,2026-01-17T18:52:02+08:00,1.1551,103.8277,C,Cloud to Cloud,2026-01-17T18:48:03.988+08:00
2026-01-18 11:27:53,2026-01-17T18:50:00+08:00,2026-01-17T18:52:02+08:00,1.0924,103.8418,C,Cloud to Cloud,2026-01-17T18:48:03.988+08:00
2026-01-18 11:27:53,2026-01-17T18:50:00+08:00,2026-01-17T18:52:02+08:00,1.1407,103.8375,C,Cloud to Cloud,2026-01-17T18:48:03.988+08:00
2026-01-18 11:27:53,2026-01-17T18:50:00+08:00,2026-01-17T18:52:02+08:00,1.1395,103.8376,C,Cloud to Cloud,2026-01-17T18:48:03.988+08:00
2026-01-18 11:27:53,2026-01-17T18:50:00+08:00,2026-01-17T18:52:02+08:00,1.1367,103.8367,C,Cloud to Cloud,2026-01-17T18:48:03.989+08:00
2026-01-18 11:27:53,2026-01-17T18:50:00+08:00,2026-01-17T18:52:02+08:00,1.1436,103.8383,C,Cloud to Cloud,2026-01-17T18:48:03.989+08:00
2026-01-18 11:27:53,2026-01-17T18:50:00+08:00,2026-01-17T18:52:02+08:00,1.1503,103.8318,C,Cloud to Cloud,2026-01-17T18:48:03.989+08:00
2026-01-18 11:27:53,2026-01-17T18:50:00+08:00,2026-01-17T18:52:02+08:00,1.1637,103.8256,C,Cloud to Cloud,2026-01-17T18:48:03.989+08:00
2026-01-18 11:27:53,2026-01-17T18:50:00+08:00,2026-01-17T18:52:02+08:00,1.1501,103.8341,C,Cloud to Cloud,2026-01-17T18:48:03.989+08:00
2026-01-18 11:27:53,2026-01-17T18:50:00+08:00,2026-01-17T18:52:02+08:00,1.1488,103.8362,C,Cloud to Cloud,2026-01-17T18:48:03.989+08:00
2026-01-18 11:27:53,2026-01-17T18:50:00+08:00,2026-01-17T18:52:02+08:00,1.1513,103.8727,C,Cloud to Cloud,2026-01-17T18:48:03.989+08:00
2026-01-18 11:27:53,2026-01-17T18:50:00+08:00,2026-01-17T18:52:02+08:00,1.1439,103.8361,C,Cloud to Cloud,2026-01-17T18:48:03.99+08:00
2026-01-18 11:27:53,2026-01-17T18:50:00+08:00,2026-01-17T18:52:02+08:00,1.1601,103.826,C,Cloud to Cloud,2026-01-17T18:48:03.99+08:00
2026-01-18 11:27:53,2026-01-17T18:50:00+08:00,2026-01-17T18:52:02+08:00,1.161,103.8284,C,Cloud to Cloud,2026-01-17T18:48:03.99+08:00
2026-01-18 11:27:53,2026-01-17T18:50:00+08:00,2026-01-17T18:52:02+08:00,1.1676,103.8248,C,Cloud to Cloud,2026-01-17T18:48:03.99+08:00
2026-01-18 11:27:53,2026-01-17T18:50:00+08:00,2026-01-17T18:52:02+08:00,1.1685,103.826,C,Cloud to Cloud,2026-01-17T18:48:03.99+08:00
2026-01-18 11:27:53,2026-01-17T18:50:00+08:00,2026-01-17T18:52:02+08:00,1.1521,103.8354,C,Cloud to Cloud,2026-01-17T18:48:03.991+08:00
2026-01-18 11:27:53,2026-01-17T18:50:00+08:00,2026-01-17T18:52:02+08:00,1.1521,103.8523,C,Cloud to Cloud,2026-01-17T18:48:03.991+08:00
2026-01-18 11:27:53,2026-01-17T18:50:00+08:00,2026-01-17T18:52:02+08:00,1.1491,103.8344,C,Cloud to Cloud,2026-01-17T18:48:03.991+08:00
2026-01-18 11:27:53,2026-01-17T18:50:00+08:00,2026-01-17T18:52:02+08:00,1.1455,103.8349,C,Cloud to Cloud,2026-01-17T18:48:03.991+08:00
2026-01-18 11:27:53,2026-01-17T18:50:00+08:00,2026-01-17T18:52:02+08:00,1.153,103.8296,C,Cloud to Cloud,2026-01-17T18:48:03.992+08:00
2026-01-18 11:27:53,2026-01-17T18:50:00+08:00,2026-01-17T18:52:02+08:00,1.1499,103.8315,C,Cloud to Cloud,2026-01-17T18:48:03.992+08:00
2026-01-18 11:27:53,2026-01-17T18:50:00+08:00,2026-01-17T18:52:02+08:00,1.1464,103.8323,C,Cloud to Cloud,2026-01-17T18:48:03.994+08:00
2026-01-18 11:27:53,2026-01-17T18:50:00+08:00,2026-01-17T18:52:02+08:00,1.1585,103.8287,C,Cloud to Cloud,2026-01-17T18:48:03.994+08:00
2026-01-18 11:27:53,2026-01-17T18:50:00+08:00,2026-01-17T18:52:02+08:00,1.1505,103.8329,C,Cloud to Cloud,2026-01-17T18:48:03.994+08:00
2026-01-18 11:27:53,2026-01-17T18:50:00+08:00,2026-01-17T18:52:02+08:00,1.1482,103.8309,C,Cloud to Cloud,2026-01-17T18:48:03.994+08:00
2026-01-18 11:27:53,2026-01-17T18:50:00+08:00,2026-01-17T18:52:02+08:00,1.1556,103.826,C,Cloud to Cloud,2026-01-17T18:48:03.996+08:00
2026-01-18 11:27:53,2026-01-17T18:50:00+08:00,2026-01-17T18:52:02+08:00,1.146,103.8308,C,Cloud to Cloud,2026-01-17T18:48:03.996+08:00
2026-01-18 11:27:53,2026-01-17T18:50:00+08:00,2026-01-17T18:52:02+08:00,1.1616,103.8228,C,Cloud to Cloud,2026-01-17T18:48:03.996+08:00
2026-01-18 11:27:53,2026-01-17T18:50:00+08:00,2026-01-17T18:52:02+08:00,1.172,103.8203,C,Cloud to Cloud,2026-01-17T18:48:03.998+08:00
2026-01-18 11:27:53,2026-01-17T18:50:00+08:00,2026-01-17T18:52:02+08:00,1.1498,103.8348,C,Cloud to Cloud,2026-01-17T18:48:03.999+08:00
2026-01-18 11:27:53,2026-01-17T18:50:00+08:00,2026-01-17T18:52:02+08:00,1.1638,103.8353,C,Cloud to Cloud,2026-01-17T18:48:04.002+08:00
2026-01-18 11:27:53,2026-01-17T18:50:00+08:00,2026-01-17T18:52:02+08:00,1.1608,103.8351,C,Cloud to Cloud,2026-01-17T18:48:04.003+08:00
2026-01-18 11:27:53,2026-01-17T18:50:00+08:00,2026-01-17T18:52:02+08:00,1.1654,103.8341,C,Cloud to Cloud,2026-01-17T18:48:04.003+08:00
2026-01-18 11:27:53,2026-01-17T18:50:00+08:00,2026-01-17T18:52:02+08:00,1.1587,103.8426,C,Cloud to Cloud,2026-01-17T18:48:04.004+08:00
2026-01-18 11:27:53,2026-01-17T18:50:00+08:00,2026-01-17T18:52:02+08:00,1.1616,103.8414,C,Cloud to Cloud,2026-01-17T18:48:04.005+08:00
2026-01-18 11:27:53,2026-01-17T18:50:00+08:00,2026-01-17T18:52:02+08:00,1.1731,103.8322,C,Cloud to Cloud,2026-01-17T18:48:04.005+08:00
2026-01-18 11:27:53,2026-01-17T18:50:00+08:00,2026-01-17T18:52:02+08:00,1.1688,103.8399,C,Cloud to Cloud,2026-01-17T18:48:04.006+08:00
2026-01-18 11:27:53,2026-01-17T18:50:00+08:00,2026-01-17T18:52:02+08:00,1.16,103.8422,C,Cloud to Cloud,2026-01-17T18:48:04.006+08:00
2026-01-18 11:27:53,2026-01-17T18:50:00+08:00,2026-01-17T18:52:02+08:00,1.168,103.8402,C,Cloud to Cloud,2026-01-17T18:48:04.007+08:00
2026-01-18 11:27:53,2026-01-17T18:50:00+08:00,2026-01-17T18:52:02+08:00,1.1637,103.8455,C,Cloud to Cloud,2026-01-17T18:48:04.008+08:00
2026-01-18 11:27:53,2026-01-17T18:50:00+08:00,2026-01-17T18:52:02+08:00,1.167,103.8451,C,Cloud to Cloud,2026-01-17T18:48:04.011+08:00
2026-01-18 11:27:53,2026-01-17T18:50:00+08:00,2026-01-17T18:52:02+08:00,1.1714,103.8457,C,Cloud to Cloud,2026-01-17T18:48:04.012+08:00
2026-01-18 11:27:53,2026-01-17T18:50:00+08:00,2026-01-17T18:52:02+08:00,1.1657,103.8491,C,Cloud to Cloud,2026-01-17T18:48:04.012+08:00
2026-01-18 11:27:53,2026-01-17T18:50:00+08:00,2026-01-17T18:52:02+08:00,1.1682,103.8474,C,Cloud to Cloud,2026-01-17T18:48:04.012+08:00
2026-01-18 11:27:53,2026-01-17T18:50:00+08:00,2026-01-17T18:52:02+08:00,1.1768,103.8477,C,Cloud to Cloud,2026-01-17T18:48:04.013+08:00
2026-01-18 11:27:53,2026-01-17T18:50:00+08:00,2026-01-17T18:52:02+08:00,1.1788,103.8353,C,Cloud to Cloud,2026-01-17T18:48:04.013+08:00
2026-01-18 11:27:53,2026-01-17T18:50:00+08:00,2026-01-17T18:52:02+08:00,1.1467,103.8571,C,Cloud to Cloud,2026-01-17T18:48:04.013+08:00
2026-01-18 11:27:53,2026-01-17T18:50:00+08:00,2026-01-17T18:52:02+08:00,1.1667,103.8476,C,Cloud to Cloud,2026-01-17T18:48:04.013+08:00
2026-01-18 11:27:53,2026-01-17T18:50:00+08:00,2026-01-17T18:52:02+08:00,1.1678,103.8501,C,Cloud to Cloud,2026-01-17T18:48:04.013+08:00
2026-01-18 11:27:53,2026-01-17T18:50:00+08:00,2026-01-17T18:52:02+08:00,1.1814,103.8441,C,Cloud to Cloud,2026-01-17T18:48:04.014+08:00
2026-01-18 11:27:53,2026-01-17T18:50:00+08:00,2026-01-17T18:52:02+08:00,1.1745,103.8488,C,Cloud to Cloud,2026-01-17T18:48:04.014+08:00
2026-01-18 11:27:53,2026-01-17T18:50:00+08:00,2026-01-17T18:52:02+08:00,1.1703,103.8498,C,Cloud to Cloud,2026-01-17T18:48:04.014+08:00
2026-01-18 11:27:53,2026-01-17T18:50:00+08:00,2026-01-17T18:52:02+08:00,1.1768,103.8448,C,Cloud to Cloud,2026-01-17T18:48:04.014+08:00
2026-01-18 11:27:53,2026-01-17T18:50:00+08:00,2026-01-17T18:52:02+08:00,1.1705,103.8501,C,Cloud to Cloud,2026-01-17T18:48:04.014+08:00
2026-01-18 11:27:53,2026-01-17T18:50:00+08:00,2026-01-17T18:52:02+08:00,1.1733,103.8497,C,Cloud to Cloud,2026-01-17T18:48:04.014+08:00
2026-01-18 11:27:53,2026-01-17T18:50:00+08:00,2026-01-17T18:52:02+08:00,1.1751,103.8507,C,Cloud to Cloud,2026-01-17T18:48:04.014+08:00
2026-01-18 11:27:53,2026-01-17T18:50:00+08:00,2026-01-17T18:52:02+08:00,1.1782,103.8435,C,Cloud to Cloud,2026-01-17T18:48:04.014+08:00
2026-01-18 11:27:53,2026-01-17T18:50:00+08:00,2026-01-17T18:52:02+08:00,1.1671,103.852,C,Cloud to Cloud,2026-01-17T18:48:04.015+08:00
2026-01-18 11:27:53,2026-01-17T18:50:00+08:00,2026-01-17T18:52:02+08:00,1.1641,103.8528,C,Cloud to Cloud,2026-01-17T18:48:04.015+08:00
2026-01-18 11:27:53,2026-01-17T18:50:00+08:00,2026-01-17T18:52:02+08:00,1.1799,103.8423,C,Cloud to Cloud,2026-01-17T18:48:04.015+08:00
2026-01-18 11:27:53,2026-01-17T18:50:00+08:00,2026-01-17T18:52:02+08:00,1.1668,103.8518,C,Cloud to Cloud,2026-01-17T18:48:04.015+08:00
2026-01-18 11:27:53,2026-01-17T18:50:00+08:00,2026-01-17T18:52:02+08:00,1.1708,103.8498,C,Cloud to Cloud,2026-01-17T18:48:04.015+08:00
2026-01-18 11:27:53,2026-01-17T18:50:00+08:00,2026-01-17T18:52:02+08:00,1.1662,103.8531,C,Cloud to Cloud,2026-01-17T18:48:04.015+08:00
2026-01-18 11:27:53,2026-01-17T18:50:00+08:00,2026-01-17T18:52:02+08:00,1.1812,103.8436,C,Cloud to Cloud,2026-01-17T18:48:04.015+08:00
2026-01-18 11:27:53,2026-01-17T18:50:00+08:00,2026-01-17T18:52:02+08:00,1.1757,103.8446,C,Cloud to Cloud,2026-01-17T18:48:04.015+08:00
2026-01-18 11:27:53,2026-01-17T18:50:00+08:00,2026-01-17T18:52:02+08:00,1.1735,103.8516,C,Cloud to Cloud,2026-01-17T18:48:04.015+08:00
2026-01-18 11:27:53,2026-01-17T18:50:00+08:00,2026-01-17T18:52:02+08:00,1.1763,103.8378,C,Cloud to Cloud,2026-01-17T18:48:04.016+08:00
2026-01-18 11:27:53,2026-01-17T18:50:00+08:00,2026-01-17T18:52:02+08:00,1.1738,103.8467,C,Cloud to Cloud,2026-01-17T18:48:04.016+08:00
2026-01-18 11:27:53,2026-01-17T18:50:00+08:00,2026-01-17T18:52:02+08:00,1.1586,103.8553,C,Cloud to Cloud,2026-01-17T18:48:04.016+08:00
2026-01-18 11:27:53,2026-01-17T18:50:00+08:00,2026-01-17T18:52:02+08:00,1.1806,103.8419,C,Cloud to Cloud,2026-01-17T18:48:04.016+08:00
2026-01-18 11:27:53,2026-01-17T18:50:00+08:00,2026-01-17T18:52:02+08:00,1.1804,103.8421,C,Cloud to Cloud,2026-01-17T18:48:04.016+08:00
2026-01-18 11:27:53,2026-01-17T18:50:00+08:00,2026-01-17T18:52:02+08:00,1.1793,103.8431,C,Cloud to Cloud,2026-01-17T18:48:04.016+08:00
2026-01-18 11:27:53,2026-01-17T18:50:00+08:00,2026-01-17T18:52:02+08:00,1.1654,103.8524,C,Cloud to Cloud,2026-01-17T18:48:04.017+08:00
2026-01-18 11:27:53,2026-01-17T18:50:00+08:00,2026-01-17T18:52:02+08:00,1.1755,103.8522,C,Cloud to Cloud,2026-01-17T18:48:04.017+08:00
2026-01-18 11:27:53,2026-01-17T18:50:00+08:00,2026-01-17T18:52:02+08:00,1.1671,103.8528,C,Cloud to Cloud,2026-01-17T18:48:04.017+08:00
2026-01-18 11:27:53,2026-01-17T18:50:00+08:00,2026-01-17T18:52:02+08:00,1.1705,103.8532,C,Cloud to Cloud,2026-01-17T18:48:04.017+08:00
2026-01-18 11:27:53,2026-01-17T18:50:00+08:00,2026-01-17T18:52:02+08:00,1.1686,103.8537,C,Cloud to Cloud,2026-01-17T18:48:04.017+08:00
2026-01-18 11:27:53,2026-01-17T18:50:00+08:00,2026-01-17T18:52:02+08:00,1.1575,103.8539,C,Cloud to Cloud,2026-01-17T18:48:04.017+08:00
2026-01-18 11:27:53,2026-01-17T18:50:00+08:00,2026-01-17T18:52:02+08:00,1.1639,103.8551,C,Cloud to Cloud,2026-01-17T18:48:04.018+08:00
2026-01-18 11:27:53,2026-01-17T18:50:00+08:00,2026-01-17T18:52:02+08:00,1.1791,103.8419,C,Cloud to Cloud,2026-01-17T18:48:04.018+08:00
2026-01-18 11:27:53,2026-01-17T18:50:00+08:00,2026-01-17T18:52:02+08:00,1.1494,103.8317,C,Cloud to Cloud,2026-01-17T18:48:04.037+08:00
2026-01-18 11:27:53,2026-01-17T18:50:00+08:00,2026-01-17T18:52:02+08:00,1.1499,103.8317,C,Cloud to Cloud,2026-01-17T18:48:04.037+08:00
2026-01-18 11:27:53,2026-01-17T18:50:00+08:00,2026-01-17T18:52:02+08:00,1.1644,103.8183,C,Cloud to Cloud,2026-01-17T18:48:04.038+08:00
2026-01-18 11:27:53,2026-01-17T18:50:00+08:00,2026-01-17T18:52:02+08:00,1.1791,103.8274,C,Cloud to Cloud,2026-01-17T18:48:04.07+08:00
2026-01-18 11:27:53,2026-01-17T18:50:00+08:00,2026-01-17T18:52:02+08:00,1.161,103.8428,C,Cloud to Cloud,2026-01-17T18:48:04.074+08:00
2026-01-18 11:27:53,2026-01-17T18:50:00+08:00,2026-01-17T18:52:02+08:00,1.1556,103.8485,C,Cloud to Cloud,2026-01-17T18:48:04.075+08:00
2026-01-18 11:27:53,2026-01-17T18:50:00+08:00,2026-01-17T18:52:02+08:00,1.1816,103.8609,C,Cloud to Cloud,2026-01-17T18:48:04.1+08:00
2026-01-18 11:27:53,2026-01-17T18:50:00+08:00,2026-01-17T18:52:02+08:00,1.1702,103.8709,C,Cloud to Cloud,2026-01-17T18:48:04.1+08:00
2026-01-18 11:27:53,2026-01-17T18:50:00+08:00,2026-01-17T18:52:02+08:00,1.1727,103.8664,C,Cloud to Cloud,2026-01-17T18:48:04.1+08:00
2026-01-18 11:27:53,2026-01-17T18:50:00+08:00,2026-01-17T18:52:02+08:00,1.1847,103.8561,C,Cloud to Cloud,2026-01-17T18:48:04.101+08:00
2026-01-18 11:27:53,2026-01-17T18:50:00+08:00,2026-01-17T18:52:02+08:00,1.1746,103.8676,C,Cloud to Cloud,2026-01-17T18:48:04.101+08:00
2026-01-18 11:27:53,2026-01-17T18:50:00+08:00,2026-01-17T18:52:02+08:00,1.1846,103.8567,C,Cloud to Cloud,2026-01-17T18:48:04.104+08:00
2026-01-18 11:27:53,2026-01-17T18:50:00+08:00,2026-01-17T18:52:02+08:00,1.1901,103.8649,C,Cloud to Cloud,2026-01-17T18:48:04.105+08:00
2026-01-18 11:27:53,2026-01-17T18:50:00+08:00,2026-01-17T18:52:02+08:00,1.1799,103.8553,C,Cloud to Cloud,2026-01-17T18:48:04.106+08:00
2026-01-18 11:27:53,2026-01-17T18:50:00+08:00,2026-01-17T18:52:02+08:00,1.163,103.8471,C,Cloud to Cloud,2026-01-17T18:48:04.107+08:00
2026-01-18 11:27:53,2026-01-17T18:50:00+08:00,2026-01-17T18:52:02+08:00,1.1579,103.8262,C,Cloud to Cloud,2026-01-17T18:48:04.163+08:00
2026-01-18 11:27:53,2026-01-17T18:50:00+08:00,2026-01-17T18:52:02+08:00,1.1604,103.8249,C,Cloud to Cloud,2026-01-17T18:48:04.163+08:00
2026-01-18 11:27:53,2026-01-17T18:50:00+08:00,2026-01-17T18:52:02+08:00,1.1625,103.8237,C,Cloud to Cloud,2026-01-17T18:48:04.163+08:00
2026-01-18 11:27:53,2026-01-17T18:50:00+08:00,2026-01-17T18:52:02+08:00,1.1689,103.8206,C,Cloud to Cloud,2026-01-17T18:48:04.163+08:00
2026-01-18 11:27:53,2026-01-17T18:50:00+08:00,2026-01-17T18:52:02+08:00,1.1697,103.8198,C,Cloud to Cloud,2026-01-17T18:48:04.163+08:00
2026-01-18 11:27:53,2026-01-17T18:50:00+08:00,2026-01-17T18:52:02+08:00,1.1352,103.8315,C,Cloud to Cloud,2026-01-17T18:48:04.191+08:00
2026-01-18 11:27:53,2026-01-17T18:50:00+08:00,2026-01-17T18:52:02+08:00,1.1296,103.8307,C,Cloud to Cloud,2026-01-17T18:48:04.191+08:00
2026-01-18 11:27:53,2026-01-17T18:50:00+08:00,2026-01-17T18:52:02+08:00,1.1574,103.83,C,Cloud to Cloud,2026-01-17T18:48:04.211+08:00
2026-01-18 11:27:53,2026-01-17T18:50:00+08:00,2026-01-17T18:52:02+08:00,1.1551,103.8522,C,Cloud to Cloud,2026-01-17T18:48:04.212+08:00
2026-01-18 11:27:53,2026-01-17T18:50:00+08:00,2026-01-17T18:52:02+08:00,1.1593,103.8302,C,Cloud to Cloud,2026-01-17T18:48:04.215+08:00
2026-01-18 11:27:53,2026-01-17T18:50:00+08:00,2026-01-17T18:52:02+08:00,1.1376,103.8292,C,Cloud to Cloud,2026-01-17T18:48:04.218+08:00
2026-01-18 11:27:53,2026-01-17T18:50:00+08:00,2026-01-17T18:52:02+08:00,1.1376,103.8292,C,Cloud to Cloud,2026-01-17T18:48:04.218+08:00
2026-01-18 11:27:53,2026-01-17T18:50:00+08:00,2026-01-17T18:52:02+08:00,1.149,103.8314,C,Cloud to Cloud,2026-01-17T18:48:04.242+08:00
2026-01-18 11:27:53,2026-01-17T18:50:00+08:00,2026-01-17T18:52:02+08:00,1.1441,103.8296,C,Cloud to Cloud,2026-01-17T18:48:04.242+08:00
2026-01-18 11:27:53,2026-01-17T18:50:00+08:00,2026-01-17T18:52:02+08:00,1.1438,103.8323,C,Cloud to Cloud,2026-01-17T18:48:04.242+08:00
2026-01-18 11:27:53,2026-01-17T18:50:00+08:00,2026-01-17T18:52:02+08:00,1.1387,103.8328,C,Cloud to Cloud,2026-01-17T18:48:04.242+08:00
2026-01-18 11:27:53,2026-01-17T18:50:00+08:00,2026-01-17T18:52:02+08:00,1.1581,103.8196,C,Cloud to Cloud,2026-01-17T18:48:04.243+08:00
2026-01-18 11:27:53,2026-01-17T18:50:00+08:00,2026-01-17T18:52:02+08:00,1.148,103.8245,C,Cloud to Cloud,2026-01-17T18:48:04.243+08:00
2026-01-18 11:27:53,2026-01-17T18:50:00+08:00,2026-01-17T18:52:02+08:00,1.15,103.8133,C,Cloud to Cloud,2026-01-17T18:48:04.243+08:00
2026-01-18 11:27:53,2026-01-17T18:50:00+08:00,2026-01-17T18:52:02+08:00,1.1671,103.823,C,Cloud to Cloud,2026-01-17T18:48:04.243+08:00
2026-01-18 11:27:53,2026-01-17T18:50:00+08:00,2026-01-17T18:52:02+08:00,1.1689,103.8224,C,Cloud to Cloud,2026-01-17T18:48:04.243+08:00
2026-01-18 11:27:53,2026-01-17T18:50:00+08:00,2026-01-17T18:52:02+08:00,1.1717,103.8335,C,Cloud to Cloud,2026-01-17T18:48:04.274+08:00
2026-01-18 11:27:53,2026-01-17T18:50:00+08:00,2026-01-17T18:52:02+08:00,1.1767,103.8327,C,Cloud to Cloud,2026-01-17T18:48:04.285+08:00
2026-01-18 11:27:53,2026-01-17T18:50:00+08:00,2026-01-17T18:52:02+08:00,1.1683,103.8379,C,Cloud to Cloud,2026-01-17T18:48:04.285+08:00
2026-01-18 11:27:53,2026-01-17T18:46:00+08:00,2026-01-17T18:48:02+08:00,1.1631,103.8266,C,Cloud to Cloud,2026-01-17T18:44:20.289+08:00
2026-01-18 11:27:53,2026-01-17T18:46:00+08:00,2026-01-17T18:48:02+08:00,1.1508,103.8335,C,Cloud to Cloud,2026-01-17T18:44:20.289+08:00
2026-01-18 11:27:53,2026-01-17T18:46:00+08:00,2026-01-17T18:48:02+08:00,1.1251,103.8315,C,Cloud to Cloud,2026-01-17T18:44:20.289+08:00
2026-01-18 11:27:53,2026-01-17T18:46:00+08:00,2026-01-17T18:48:02+08:00,1.1502,103.8338,C,Cloud to Cloud,2026-01-17T18:44:20.289+08:00
2026-01-18 11:27:53,2026-01-17T18:46:00+08:00,2026-01-17T18:48:02+08:00,1.1507,103.8336,C,Cloud to Cloud,2026-01-17T18:44:20.289+08:00
2026-01-18 11:27:53,2026-01-17T18:46:00+08:00,2026-01-17T18:48:02+08:00,1.1295,103.8289,C,Cloud to Cloud,2026-01-17T18:44:20.289+08:00
2026-01-18 11:27:53,2026-01-17T18:46:00+08:00,2026-01-17T18:48:02+08:00,1.1466,103.8336,C,Cloud to Cloud,2026-01-17T18:44:20.289+08:00
2026-01-18 11:27:53,2026-01-17T18:46:00+08:00,2026-01-17T18:48:02+08:00,1.1293,103.8305,C,Cloud to Cloud,2026-01-17T18:44:20.289+08:00
2026-01-18 11:27:53,2026-01-17T18:46:00+08:00,2026-01-17T18:48:02+08:00,1.1615,103.8278,C,Cloud to Cloud,2026-01-17T18:44:20.29+08:00
2026-01-18 11:27:53,2026-01-17T18:46:00+08:00,2026-01-17T18:48:02+08:00,1.1496,103.8342,C,Cloud to Cloud,2026-01-17T18:44:20.29+08:00
2026-01-18 11:27:53,2026-01-17T18:46:00+08:00,2026-01-17T18:48:02+08:00,1.1436,103.8348,C,Cloud to Cloud,2026-01-17T18:44:20.29+08:00
2026-01-18 11:27:53,2026-01-17T18:46:00+08:00,2026-01-17T18:48:02+08:00,1.1436,103.8348,C,Cloud to Cloud,2026-01-17T18:44:20.29+08:00
2026-01-18 11:27:53,2026-01-17T18:46:00+08:00,2026-01-17T18:48:02+08:00,1.1534,103.8198,C,Cloud to Cloud,2026-01-17T18:44:20.305+08:00
2026-01-18 11:27:53,2026-01-17T18:46:00+08:00,2026-01-17T18:48:02+08:00,1.1572,103.821,C,Cloud to Cloud,2026-01-17T18:44:20.305+08:00
2026-01-18 11:27:53,2026-01-17T18:46:00+08:00,2026-01-17T18:48:02+08:00,1.15,103.8309,C,Cloud to Cloud,2026-01-17T18:44:20.343+08:00
2026-01-18 11:27:53,2026-01-17T18:46:00+08:00,2026-01-17T18:48:02+08:00,1.15,103.8309,C,Cloud to Cloud,2026-01-17T18:44:20.343+08:00
2026-01-18 11:27:53,2026-01-17T18:46:00+08:00,2026-01-17T18:48:02+08:00,1.1701,103.8201,C,Cloud to Cloud,2026-01-17T18:44:20.361+08:00
2026-01-18 11:27:53,2026-01-17T18:46:00+08:00,2026-01-17T18:48:02+08:00,1.0889,103.8008,C,Cloud to Cloud,2026-01-17T18:44:20.377+08:00
2026-01-18 11:27:53,2026-01-17T18:46:00+08:00,2026-01-17T18:48:02+08:00,1.1764,103.8107,C,Cloud to Cloud,2026-01-17T18:44:20.407+08:00
2026-01-18 11:27:53,2026-01-17T18:46:00+08:00,2026-01-17T18:48:02+08:00,1.1575,103.8208,C,Cloud to Cloud,2026-01-17T18:44:20.412+08:00
2026-01-18 11:27:53,2026-01-17T18:46:00+08:00,2026-01-17T18:48:02+08:00,1.1475,103.8391,C,Cloud to Cloud,2026-01-17T18:44:20.414+08:00
2026-01-18 11:27:53,2026-01-17T18:46:00+08:00,2026-01-17T18:48:02+08:00,1.1475,103.8391,C,Cloud to Cloud,2026-01-17T18:44:20.415+08:00
2026-01-18 11:27:53,2026-01-17T18:46:00+08:00,2026-01-17T18:48:02+08:00,1.1712,103.839,C,Cloud to Cloud,2026-01-17T18:44:20.446+08:00
2026-01-18 11:27:53,2026-01-17T18:44:00+08:00,2026-01-17T18:46:03+08:00,1.1803,103.8225,C,Cloud to Cloud,2026-01-17T18:43:01.627+08:00
2026-01-18 11:27:53,2026-01-17T18:44:00+08:00,2026-01-17T18:46:03+08:00,1.1782,103.8218,C,Cloud to Cloud,2026-01-17T18:43:01.627+08:00
2026-01-18 11:27:53,2026-01-17T18:44:00+08:00,2026-01-17T18:46:03+08:00,1.175,103.8228,C,Cloud to Cloud,2026-01-17T18:43:01.627+08:00
2026-01-18 11:27:53,2026-01-17T18:44:00+08:00,2026-01-17T18:46:03+08:00,1.1811,103.8187,C,Cloud to Cloud,2026-01-17T18:43:01.627+08:00
2026-01-18 11:27:53,2026-01-17T18:44:00+08:00,2026-01-17T18:46:03+08:00,1.1811,103.8187,C,Cloud to Cloud,2026-01-17T18:43:01.627+08:00
2026-01-18 11:27:53,2026-01-17T18:44:00+08:00,2026-01-17T18:46:03+08:00,1.1644,103.8262,C,Cloud to Cloud,2026-01-17T18:43:01.628+08:00
2026-01-18 11:27:53,2026-01-17T18:44:00+08:00,2026-01-17T18:46:03+08:00,1.1826,103.8175,C,Cloud to Cloud,2026-01-17T18:43:01.628+08:00
2026-01-18 11:27:53,2026-01-17T18:44:00+08:00,2026-01-17T18:46:03+08:00,1.1787,103.8191,C,Cloud to Cloud,2026-01-17T18:43:01.628+08:00
2026-01-18 11:27:53,2026-01-17T18:44:00+08:00,2026-01-17T18:46:03+08:00,1.1665,103.826,C,Cloud to Cloud,2026-01-17T18:43:01.628+08:00
2026-01-18 11:27:53,2026-01-17T18:44:00+08:00,2026-01-17T18:46:03+08:00,1.1786,103.8179,C,Cloud to Cloud,2026-01-17T18:43:01.628+08:00
2026-01-18 11:27:53,2026-01-17T18:44:00+08:00,2026-01-17T18:46:03+08:00,1.1811,103.8173,C,Cloud to Cloud,2026-01-17T18:43:01.628+08:00
2026-01-18 11:27:53,2026-01-17T18:44:00+08:00,2026-01-17T18:46:03+08:00,1.1801,103.8166,C,Cloud to Cloud,2026-01-17T18:43:01.628+08:00
2026-01-18 11:27:53,2026-01-17T18:44:00+08:00,2026-01-17T18:46:03+08:00,1.1651,103.8244,C,Cloud to Cloud,2026-01-17T18:43:01.628+08:00
2026-01-18 11:27:53,2026-01-17T18:44:00+08:00,2026-01-17T18:46:03+08:00,1.185,103.8124,C,Cloud to Cloud,2026-01-17T18:43:01.628+08:00
2026-01-18 11:27:53,2026-01-17T18:44:00+08:00,2026-01-17T18:46:03+08:00,1.1872,103.8099,C,Cloud to Cloud,2026-01-17T18:43:01.628+08:00
2026-01-18 11:27:53,2026-01-17T18:44:00+08:00,2026-01-17T18:46:03+08:00,1.1833,103.8134,C,Cloud to Cloud,2026-01-17T18:43:01.629+08:00
2026-01-18 11:27:53,2026-01-17T18:44:00+08:00,2026-01-17T18:46:03+08:00,1.1819,103.8136,C,Cloud to Cloud,2026-01-17T18:43:01.629+08:00
2026-01-18 11:27:53,2026-01-17T18:44:00+08:00,2026-01-17T18:46:03+08:00,1.1816,103.814,C,Cloud to Cloud,2026-01-17T18:43:01.629+08:00
2026-01-18 11:27:53,2026-01-17T18:44:00+08:00,2026-01-17T18:46:03+08:00,1.1834,103.811,C,Cloud to Cloud,2026-01-17T18:43:01.629+08:00
2026-01-18 11:27:53,2026-01-17T18:44:00+08:00,2026-01-17T18:46:03+08:00,1.1828,103.813,C,Cloud to Cloud,2026-01-17T18:43:01.629+08:00
2026-01-18 11:27:53,2026-01-17T18:44:00+08:00,2026-01-17T18:46:03+08:00,1.1815,103.8137,C,Cloud to Cloud,2026-01-17T18:43:01.629+08:00
2026-01-18 11:27:53,2026-01-17T18:44:00+08:00,2026-01-17T18:46:03+08:00,1.181,103.8139,C,Cloud to Cloud,2026-01-17T18:43:01.629+08:00
2026-01-18 11:27:53,2026-01-17T18:44:00+08:00,2026-01-17T18:46:03+08:00,1.187,103.8086,C,Cloud to Cloud,2026-01-17T18:43:01.629+08:00
2026-01-18 11:27:53,2026-01-17T18:44:00+08:00,2026-01-17T18:46:03+08:00,1.1659,103.8185,C,Cloud to Cloud,2026-01-17T18:43:01.629+08:00
2026-01-18 11:27:53,2026-01-17T18:44:00+08:00,2026-01-17T18:46:03+08:00,1.1659,103.8204,C,Cloud to Cloud,2026-01-17T18:43:01.629+08:00
2026-01-18 11:27:53,2026-01-17T18:44:00+08:00,2026-01-17T18:46:03+08:00,1.1806,103.8139,C,Cloud to Cloud,2026-01-17T18:43:01.63+08:00
2026-01-18 11:27:53,2026-01-17T18:44:00+08:00,2026-01-17T18:46:03+08:00,1.1638,103.8197,C,Cloud to Cloud,2026-01-17T18:43:01.63+08:00
2026-01-18 11:27:53,2026-01-17T18:44:00+08:00,2026-01-17T18:46:03+08:00,1.1834,103.8099,C,Cloud to Cloud,2026-01-17T18:43:01.63+08:00
2026-01-18 11:27:53,2026-01-17T18:44:00+08:00,2026-01-17T18:46:03+08:00,1.1833,103.8095,C,Cloud to Cloud,2026-01-17T18:43:01.63+08:00
2026-01-18 11:27:53,2026-01-17T18:44:00+08:00,2026-01-17T18:46:03+08:00,1.179,103.8104,C,Cloud to Cloud,2026-01-17T18:43:01.63+08:00
2026-01-18 11:27:53,2026-01-17T18:44:00+08:00,2026-01-17T18:46:03+08:00,1.1843,103.8088,C,Cloud to Cloud,2026-01-17T18:43:01.63+08:00
2026-01-18 11:27:53,2026-01-17T18:44:00+08:00,2026-01-17T18:46:03+08:00,1.1821,103.8108,C,Cloud to Cloud,2026-01-17T18:43:01.63+08:00
2026-01-18 11:27:53,2026-01-17T18:44:00+08:00,2026-01-17T18:46:03+08:00,1.1815,103.8096,C,Cloud to Cloud,2026-01-17T18:43:01.63+08:00
2026-01-18 11:27:53,2026-01-17T18:44:00+08:00,2026-01-17T18:46:03+08:00,1.1815,103.8086,C,Cloud to Cloud,2026-01-17T18:43:01.631+08:00
2026-01-18 11:27:53,2026-01-17T18:44:00+08:00,2026-01-17T18:46:03+08:00,1.1804,103.8106,C,Cloud to Cloud,2026-01-17T18:43:01.631+08:00
2026-01-18 11:27:53,2026-01-17T18:44:00+08:00,2026-01-17T18:46:03+08:00,1.1822,103.8124,C,Cloud to Cloud,2026-01-17T18:43:01.631+08:00
2026-01-18 11:27:53,2026-01-17T18:44:00+08:00,2026-01-17T18:46:03+08:00,1.1763,103.8143,C,Cloud to Cloud,2026-01-17T18:43:01.631+08:00
2026-01-18 11:27:53,2026-01-17T18:44:00+08:00,2026-01-17T18:46:03+08:00,1.1819,103.8105,C,Cloud to Cloud,2026-01-17T18:43:01.631+08:00
2026-01-18 11:27:53,2026-01-17T18:44:00+08:00,2026-01-17T18:46:03+08:00,1.181,103.8148,C,Cloud to Cloud,2026-01-17T18:43:01.631+08:00
2026-01-18 11:27:53,2026-01-17T18:44:00+08:00,2026-01-17T18:46:03+08:00,1.1845,103.8092,C,Cloud to Cloud,2026-01-17T18:43:01.631+08:00
2026-01-18 11:27:53,2026-01-17T18:44:00+08:00,2026-01-17T18:46:03+08:00,1.1839,103.8085,C,Cloud to Cloud,2026-01-17T18:43:01.632+08:00
2026-01-18 11:27:53,2026-01-17T18:44:00+08:00,2026-01-17T18:46:03+08:00,1.1771,103.8128,C,Cloud to Cloud,2026-01-17T18:43:01.632+08:00
2026-01-18 11:27:53,2026-01-17T18:44:00+08:00,2026-01-17T18:46:03+08:00,1.1821,103.812,C,Cloud to Cloud,2026-01-17T18:43:01.632+08:00
2026-01-18 11:27:53,2026-01-17T18:44:00+08:00,2026-01-17T18:46:03+08:00,1.1836,103.8109,C,Cloud to Cloud,2026-01-17T18:43:01.632+08:00
2026-01-18 11:27:53,2026-01-17T18:44:00+08:00,2026-01-17T18:46:03+08:00,1.1823,103.8111,C,Cloud to Cloud,2026-01-17T18:43:01.632+08:00
2026-01-18 11:27:53,2026-01-17T18:44:00+08:00,2026-01-17T18:46:03+08:00,1.1806,103.8138,C,Cloud to Cloud,2026-01-17T18:43:01.632+08:00
2026-01-18 11:27:53,2026-01-17T18:44:00+08:00,2026-01-17T18:46:03+08:00,1.1135,103.8293,C,Cloud to Cloud,2026-01-17T18:43:01.632+08:00
2026-01-18 11:27:53,2026-01-17T18:44:00+08:00,2026-01-17T18:46:03+08:00,1.1811,103.8163,C,Cloud to Cloud,2026-01-17T18:43:01.632+08:00
2026-01-18 11:27:53,2026-01-17T18:44:00+08:00,2026-01-17T18:46:03+08:00,1.1685,103.8202,C,Cloud to Cloud,2026-01-17T18:43:01.632+08:00
2026-01-18 11:27:53,2026-01-17T18:44:00+08:00,2026-01-17T18:46:03+08:00,1.1813,103.8129,C,Cloud to Cloud,2026-01-17T18:43:01.632+08:00
2026-01-18 11:27:53,2026-01-17T18:44:00+08:00,2026-01-17T18:46:03+08:00,1.1697,103.8224,C,Cloud to Cloud,2026-01-17T18:43:01.632+08:00
2026-01-18 11:27:53,2026-01-17T18:44:00+08:00,2026-01-17T18:46:03+08:00,1.1881,103.8111,C,Cloud to Cloud,2026-01-17T18:43:01.633+08:00
2026-01-18 11:27:53,2026-01-17T18:44:00+08:00,2026-01-17T18:46:03+08:00,1.1808,103.8147,C,Cloud to Cloud,2026-01-17T18:43:01.633+08:00
2026-01-18 11:27:53,2026-01-17T18:44:00+08:00,2026-01-17T18:46:03+08:00,1.185,103.8144,C,Cloud to Cloud,2026-01-17T18:43:01.633+08:00
2026-01-18 11:27:53,2026-01-17T18:44:00+08:00,2026-01-17T18:46:03+08:00,1.1843,103.8149,C,Cloud to Cloud,2026-01-17T18:43:01.633+08:00
2026-01-18 11:27:53,2026-01-17T18:44:00+08:00,2026-01-17T18:46:03+08:00,1.1696,103.8209,C,Cloud to Cloud,2026-01-17T18:43:01.633+08:00
2026-01-18 11:27:53,2026-01-17T18:44:00+08:00,2026-01-17T18:46:03+08:00,1.0758,103.7649,C,Cloud to Cloud,2026-01-17T18:43:01.633+08:00
2026-01-18 11:27:53,2026-01-17T18:44:00+08:00,2026-01-17T18:46:03+08:00,1.1847,103.8147,C,Cloud to Cloud,2026-01-17T18:43:01.633+08:00
2026-01-18 11:27:53,2026-01-17T18:44:00+08:00,2026-01-17T18:46:03+08:00,1.1716,103.8248,C,Cloud to Cloud,2026-01-17T18:43:01.633+08:00
2026-01-18 11:27:53,2026-01-17T18:44:00+08:00,2026-01-17T18:46:03+08:00,1.1811,103.8209,C,Cloud to Cloud,2026-01-17T18:43:01.634+08:00
2026-01-18 11:27:53,2026-01-17T18:44:00+08:00,2026-01-17T18:46:03+08:00,1.1311,103.815,C,Cloud to Cloud,2026-01-17T18:43:01.634+08:00
2026-01-18 11:27:53,2026-01-17T18:44:00+08:00,2026-01-17T18:46:03+08:00,1.1826,103.8176,C,Cloud to Cloud,2026-01-17T18:43:01.634+08:00
2026-01-18 11:27:53,2026-01-17T18:44:00+08:00,2026-01-17T18:46:03+08:00,1.1725,103.8267,C,Cloud to Cloud,2026-01-17T18:43:01.634+08:00
2026-01-18 11:27:53,2026-01-17T18:44:00+08:00,2026-01-17T18:46:03+08:00,1.1839,103.8174,C,Cloud to Cloud,2026-01-17T18:43:01.634+08:00
2026-01-18 11:27:53,2026-01-17T18:44:00+08:00,2026-01-17T18:46:03+08:00,1.1726,103.8268,C,Cloud to Cloud,2026-01-17T18:43:01.634+08:00
2026-01-18 11:27:53,2026-01-17T18:44:00+08:00,2026-01-17T18:46:03+08:00,1.1805,103.8158,C,Cloud to Cloud,2026-01-17T18:43:01.634+08:00
2026-01-18 11:27:53,2026-01-17T18:44:00+08:00,2026-01-17T18:46:03+08:00,1.1831,103.8198,C,Cloud to Cloud,2026-01-17T18:43:01.634+08:00
2026-01-18 11:27:53,2026-01-17T18:44:00+08:00,2026-01-17T18:46:03+08:00,1.1824,103.8191,C,Cloud to Cloud,2026-01-17T18:43:01.635+08:00
2026-01-18 11:27:53,2026-01-17T18:44:00+08:00,2026-01-17T18:46:03+08:00,1.1702,103.8246,C,Cloud to Cloud,2026-01-17T18:43:01.635+08:00
2026-01-18 11:27:53,2026-01-17T18:44:00+08:00,2026-01-17T18:46:03+08:00,1.1867,103.8194,C,Cloud to Cloud,2026-01-17T18:43:01.635+08:00
2026-01-18 11:27:53,2026-01-17T18:44:00+08:00,2026-01-17T18:46:03+08:00,1.1874,103.818,C,Cloud to Cloud,2026-01-17T18:43:01.636+08:00
2026-01-18 11:27:53,2026-01-17T18:44:00+08:00,2026-01-17T18:46:03+08:00,1.1734,103.828,C,Cloud to Cloud,2026-01-17T18:43:01.636+08:00
2026-01-18 11:27:53,2026-01-17T18:44:00+08:00,2026-01-17T18:46:03+08:00,1.167,103.8238,C,Cloud to Cloud,2026-01-17T18:43:01.636+08:00
2026-01-18 11:27:53,2026-01-17T18:44:00+08:00,2026-01-17T18:46:03+08:00,1.1903,103.8168,C,Cloud to Cloud,2026-01-17T18:43:01.636+08:00
2026-01-18 11:27:53,2026-01-17T18:44:00+08:00,2026-01-17T18:46:03+08:00,1.1688,103.8244,C,Cloud to Cloud,2026-01-17T18:43:01.636+08:00
2026-01-18 11:27:53,2026-01-17T18:44:00+08:00,2026-01-17T18:46:03+08:00,1.1875,103.8177,C,Cloud to Cloud,2026-01-17T18:43:01.636+08:00
2026-01-18 11:27:53,2026-01-17T18:44:00+08:00,2026-01-17T18:46:03+08:00,1.1704,103.8271,C,Cloud to Cloud,2026-01-17T18:43:01.636+08:00
2026-01-18 11:27:53,2026-01-17T18:44:00+08:00,2026-01-17T18:46:03+08:00,1.1871,103.8212,C,Cloud to Cloud,2026-01-17T18:43:01.637+08:00
2026-01-18 11:27:53,2026-01-17T18:44:00+08:00,2026-01-17T18:46:03+08:00,1.1615,103.8247,C,Cloud to Cloud,2026-01-17T18:43:01.637+08:00
2026-01-18 11:27:53,2026-01-17T18:44:00+08:00,2026-01-17T18:46:03+08:00,1.1896,103.8211,C,Cloud to Cloud,2026-01-17T18:43:01.637+08:00
2026-01-18 11:27:53,2026-01-17T18:44:00+08:00,2026-01-17T18:46:03+08:00,1.1711,103.8315,C,Cloud to Cloud,2026-01-17T18:43:01.637+08:00
2026-01-18 11:27:53,2026-01-17T18:44:00+08:00,2026-01-17T18:46:03+08:00,1.1898,103.8123,C,Cloud to Cloud,2026-01-17T18:43:01.638+08:00
2026-01-18 11:27:53,2026-01-17T18:44:00+08:00,2026-01-17T18:46:03+08:00,1.1918,103.8138,C,Cloud to Cloud,2026-01-17T18:43:01.638+08:00
2026-01-18 11:27:53,2026-01-17T18:44:00+08:00,2026-01-17T18:46:03+08:00,1.1704,103.831,C,Cloud to Cloud,2026-01-17T18:43:01.638+08:00
2026-01-18 11:27:53,2026-01-17T18:44:00+08:00,2026-01-17T18:46:03+08:00,1.1943,103.8166,C,Cloud to Cloud,2026-01-17T18:43:01.638+08:00
2026-01-18 11:27:53,2026-01-17T18:44:00+08:00,2026-01-17T18:46:03+08:00,1.1898,103.8159,C,Cloud to Cloud,2026-01-17T18:43:01.638+08:00
2026-01-18 11:27:53,2026-01-17T18:44:00+08:00,2026-01-17T18:46:03+08:00,1.1898,103.8159,C,Cloud to Cloud,2026-01-17T18:43:01.638+08:00
2026-01-18 11:27:53,2026-01-17T18:44:00+08:00,2026-01-17T18:46:03+08:00,1.1742,103.83,C,Cloud to Cloud,2026-01-17T18:43:01.639+08:00
2026-01-18 11:27:53,2026-01-17T18:44:00+08:00,2026-01-17T18:46:03+08:00,1.1623,103.8283,C,Cloud to Cloud,2026-01-17T18:43:01.639+08:00
2026-01-18 11:27:53,2026-01-17T18:44:00+08:00,2026-01-17T18:46:03+08:00,1.166,103.8321,C,Cloud to Cloud,2026-01-17T18:43:01.639+08:00
2026-01-18 11:27:53,2026-01-17T18:44:00+08:00,2026-01-17T18:46:03+08:00,1.1834,103.8207,C,Cloud to Cloud,2026-01-17T18:43:01.64+08:00
2026-01-18 11:27:53,2026-01-17T18:44:00+08:00,2026-01-17T18:46:03+08:00,1.1665,103.8322,C,Cloud to Cloud,2026-01-17T18:43:01.641+08:00
2026-01-18 11:27:53,2026-01-17T18:44:00+08:00,2026-01-17T18:46:03+08:00,1.1785,103.8205,C,Cloud to Cloud,2026-01-17T18:43:01.642+08:00
2026-01-18 11:27:53,2026-01-17T18:44:00+08:00,2026-01-17T18:46:03+08:00,1.1686,103.8284,C,Cloud to Cloud,2026-01-17T18:43:01.642+08:00
2026-01-18 11:27:53,2026-01-17T18:44:00+08:00,2026-01-17T18:46:03+08:00,1.1687,103.8313,C,Cloud to Cloud,2026-01-17T18:43:01.642+08:00
2026-01-18 11:27:53,2026-01-17T18:44:00+08:00,2026-01-17T18:46:03+08:00,1.1634,103.8307,C,Cloud to Cloud,2026-01-17T18:43:01.643+08:00
2026-01-18 11:27:53,2026-01-17T18:44:00+08:00,2026-01-17T18:46:03+08:00,1.1692,103.8341,C,Cloud to Cloud,2026-01-17T18:43:01.644+08:00
2026-01-18 11:27:53,2026-01-17T18:44:00+08:00,2026-01-17T18:46:03+08:00,1.1845,103.8156,C,Cloud to Cloud,2026-01-17T18:43:01.645+08:00
2026-01-18 11:27:53,2026-01-17T18:44:00+08:00,2026-01-17T18:46:03+08:00,1.1863,103.8237,C,Cloud to Cloud,2026-01-17T18:43:01.646+08:00
2026-01-18 11:27:53,2026-01-17T18:44:00+08:00,2026-01-17T18:46:03+08:00,1.181,103.8275,C,Cloud to Cloud,2026-01-17T18:43:01.662+08:00
2026-01-18 11:27:53,2026-01-17T18:44:00+08:00,2026-01-17T18:46:03+08:00,1.1789,103.8305,C,Cloud to Cloud,2026-01-17T18:43:01.665+08:00
2026-01-18 11:27:53,2026-01-17T18:44:00+08:00,2026-01-17T18:46:03+08:00,1.1754,103.8325,C,Cloud to Cloud,2026-01-17T18:43:01.665+08:00
2026-01-18 11:27:53,2026-01-17T18:44:00+08:00,2026-01-17T18:46:03+08:00,1.1727,103.8344,C,Cloud to Cloud,2026-01-17T18:43:01.666+08:00
2026-01-18 11:27:53,2026-01-17T18:44:00+08:00,2026-01-17T18:46:03+08:00,1.1726,103.836,C,Cloud to Cloud,2026-01-17T18:43:01.666+08:00
2026-01-18 11:27:53,2026-01-17T18:44:00+08:00,2026-01-17T18:46:03+08:00,1.1763,103.8333,C,Cloud to Cloud,2026-01-17T18:43:01.667+08:00
2026-01-18 11:27:53,2026-01-17T18:44:00+08:00,2026-01-17T18:46:03+08:00,1.1831,103.823,C,Cloud to Cloud,2026-01-17T18:43:01.673+08:00
2026-01-18 11:27:53,2026-01-17T18:44:00+08:00,2026-01-17T18:46:03+08:00,1.1824,103.8248,C,Cloud to Cloud,2026-01-17T18:43:01.673+08:00
2026-01-18 11:27:53,2026-01-17T18:44:00+08:00,2026-01-17T18:46:03+08:00,1.178,103.8354,C,Cloud to Cloud,2026-01-17T18:43:01.684+08:00
2026-01-18 11:27:53,2026-01-17T18:44:00+08:00,2026-01-17T18:46:03+08:00,1.1861,103.8301,C,Cloud to Cloud,2026-01-17T18:43:01.685+08:00
2026-01-18 11:27:53,2026-01-17T18:44:00+08:00,2026-01-17T18:46:03+08:00,1.1491,103.8426,C,Cloud to Cloud,2026-01-17T18:43:01.688+08:00
2026-01-18 11:27:53,2026-01-17T18:44:00+08:00,2026-01-17T18:46:03+08:00,1.1683,103.8358,C,Cloud to Cloud,2026-01-17T18:43:01.689+08:00
2026-01-18 11:27:53,2026-01-17T18:44:00+08:00,2026-01-17T18:46:03+08:00,1.1876,103.8229,C,Cloud to Cloud,2026-01-17T18:43:01.692+08:00
2026-01-18 11:27:53,2026-01-17T18:44:00+08:00,2026-01-17T18:46:03+08:00,1.1821,103.8336,C,Cloud to Cloud,2026-01-17T18:43:01.698+08:00
2026-01-18 11:27:53,2026-01-17T18:44:00+08:00,2026-01-17T18:46:03+08:00,1.1829,103.854,C,Cloud to Cloud,2026-01-17T18:43:01.718+08:00
2026-01-18 11:27:53,2026-01-17T18:44:00+08:00,2026-01-17T18:46:03+08:00,1.174,103.8572,C,Cloud to Cloud,2026-01-17T18:43:01.719+08:00
2026-01-18 11:27:53,2026-01-17T18:44:00+08:00,2026-01-17T18:46:03+08:00,1.1895,103.8514,C,Cloud to Cloud,2026-01-17T18:43:01.719+08:00
2026-01-18 11:27:53,2026-01-17T18:44:00+08:00,2026-01-17T18:46:03+08:00,1.1843,103.8556,C,Cloud to Cloud,2026-01-17T18:43:01.72+08:00
2026-01-18 11:27:53,2026-01-17T18:44:00+08:00,2026-01-17T18:46:03+08:00,1.1862,103.854,C,Cloud to Cloud,2026-01-17T18:43:01.72+08:00
2026-01-18 11:27:53,2026-01-17T18:44:00+08:00,2026-01-17T18:46:03+08:00,1.1794,103.8568,C,Cloud to Cloud,2026-01-17T18:43:01.72+08:00
2026-01-18 11:27:53,2026-01-17T18:44:00+08:00,2026-01-17T18:46:03+08:00,1.1778,103.8581,C,Cloud to Cloud,2026-01-17T18:43:01.72+08:00
2026-01-18 11:27:53,2026-01-17T18:44:00+08:00,2026-01-17T18:46:03+08:00,1.1727,103.8543,C,Cloud to Cloud,2026-01-17T18:43:01.72+08:00
2026-01-18 11:27:53,2026-01-17T18:44:00+08:00,2026-01-17T18:46:03+08:00,1.1815,103.8592,C,Cloud to Cloud,2026-01-17T18:43:01.721+08:00
2026-01-18 11:27:53,2026-01-17T18:44:00+08:00,2026-01-17T18:46:03+08:00,1.1828,103.8609,C,Cloud to Cloud,2026-01-17T18:43:01.721+08:00
2026-01-18 11:27:53,2026-01-17T18:44:00+08:00,2026-01-17T18:46:03+08:00,1.1765,103.8585,C,Cloud to Cloud,2026-01-17T18:43:01.721+08:00
2026-01-18 11:27:53,2026-01-17T18:44:00+08:00,2026-01-17T18:46:03+08:00,1.1782,103.857,C,Cloud to Cloud,2026-01-17T18:43:01.721+08:00
2026-01-18 11:27:53,2026-01-17T18:44:00+08:00,2026-01-17T18:46:03+08:00,1.1655,103.8734,C,Cloud to Cloud,2026-01-17T18:43:01.721+08:00
2026-01-18 11:27:53,2026-01-17T18:44:00+08:00,2026-01-17T18:46:03+08:00,1.1847,103.8505,C,Cloud to Cloud,2026-01-17T18:43:01.722+08:00
2026-01-18 11:27:53,2026-01-17T18:44:00+08:00,2026-01-17T18:46:03+08:00,1.173,103.86,C,Cloud to Cloud,2026-01-17T18:43:01.722+08:00
2026-01-18 11:27:53,2026-01-17T18:44:00+08:00,2026-01-17T18:46:03+08:00,1.1755,103.861,C,Cloud to Cloud,2026-01-17T18:43:01.722+08:00
2026-01-18 11:27:53,2026-01-17T18:44:00+08:00,2026-01-17T18:46:03+08:00,1.1821,103.8609,C,Cloud to Cloud,2026-01-17T18:43:01.722+08:00
2026-01-18 11:27:53,2026-01-17T18:44:00+08:00,2026-01-17T18:46:03+08:00,1.1745,103.8582,C,Cloud to Cloud,2026-01-17T18:43:01.722+08:00
2026-01-18 11:27:53,2026-01-17T18:44:00+08:00,2026-01-17T18:46:03+08:00,1.1687,103.8528,C,Cloud to Cloud,2026-01-17T18:43:01.723+08:00
2026-01-18 11:27:53,2026-01-17T18:44:00+08:00,2026-01-17T18:46:03+08:00,1.1747,103.8653,C,Cloud to Cloud,2026-01-17T18:43:01.723+08:00
2026-01-18 11:27:53,2026-01-17T18:44:00+08:00,2026-01-17T18:46:03+08:00,1.1777,103.8618,C,Cloud to Cloud,2026-01-17T18:43:01.723+08:00
2026-01-18 11:27:53,2026-01-17T18:44:00+08:00,2026-01-17T18:46:03+08:00,1.1755,103.8717,C,Cloud to Cloud,2026-01-17T18:43:01.723+08:00
2026-01-18 11:27:53,2026-01-17T18:44:00+08:00,2026-01-17T18:46:03+08:00,1.1754,103.8609,C,Cloud to Cloud,2026-01-17T18:43:01.723+08:00
2026-01-18 11:27:53,2026-01-17T18:44:00+08:00,2026-01-17T18:46:03+08:00,1.1817,103.8678,C,Cloud to Cloud,2026-01-17T18:43:01.723+08:00
2026-01-18 11:27:53,2026-01-17T18:44:00+08:00,2026-01-17T18:46:03+08:00,1.1691,103.87,C,Cloud to Cloud,2026-01-17T18:43:01.723+08:00
2026-01-18 11:27:53,2026-01-17T18:44:00+08:00,2026-01-17T18:46:03+08:00,1.1765,103.8656,C,Cloud to Cloud,2026-01-17T18:43:01.723+08:00
2026-01-18 11:27:53,2026-01-17T18:44:00+08:00,2026-01-17T18:46:03+08:00,1.1904,103.8648,C,Cloud to Cloud,2026-01-17T18:43:01.724+08:00
2026-01-18 11:27:53,2026-01-17T18:44:00+08:00,2026-01-17T18:46:03+08:00,1.1798,103.8726,C,Cloud to Cloud,2026-01-17T18:43:01.724+08:00
2026-01-18 11:27:53,2026-01-17T18:44:00+08:00,2026-01-17T18:46:03+08:00,1.1844,103.866,C,Cloud to Cloud,2026-01-17T18:43:01.724+08:00
2026-01-18 11:27:53,2026-01-17T18:44:00+08:00,2026-01-17T18:46:03+08:00,1.1764,103.8683,C,Cloud to Cloud,2026-01-17T18:43:01.724+08:00
2026-01-18 11:27:53,2026-01-17T18:44:00+08:00,2026-01-17T18:46:03+08:00,1.1839,103.8676,C,Cloud to Cloud,2026-01-17T18:43:01.724+08:00
2026-01-18 11:27:53,2026-01-17T18:44:00+08:00,2026-01-17T18:46:03+08:00,1.1768,103.8626,C,Cloud to Cloud,2026-01-17T18:43:01.724+08:00
2026-01-18 11:27:53,2026-01-17T18:44:00+08:00,2026-01-17T18:46:03+08:00,1.1773,103.8725,C,Cloud to Cloud,2026-01-17T18:43:01.724+08:00
2026-01-18 11:27:53,2026-01-17T18:44:00+08:00,2026-01-17T18:46:03+08:00,1.1781,103.8699,C,Cloud to Cloud,2026-01-17T18:43:01.725+08:00
2026-01-18 11:27:53,2026-01-17T18:44:00+08:00,2026-01-17T18:46:03+08:00,1.1816,103.8702,C,Cloud to Cloud,2026-01-17T18:43:01.725+08:00
2026-01-18 11:27:53,2026-01-17T18:44:00+08:00,2026-01-17T18:46:03+08:00,1.1853,103.8672,C,Cloud to Cloud,2026-01-17T18:43:01.725+08:00
2026-01-18 11:27:53,2026-01-17T18:44:00+08:00,2026-01-17T18:46:03+08:00,1.1733,103.8659,C,Cloud to Cloud,2026-01-17T18:43:01.725+08:00
2026-01-18 11:27:53,2026-01-17T18:44:00+08:00,2026-01-17T18:46:03+08:00,1.1749,103.8637,C,Cloud to Cloud,2026-01-17T18:43:01.725+08:00
2026-01-18 11:27:53,2026-01-17T18:44:00+08:00,2026-01-17T18:46:03+08:00,1.1793,103.8599,C,Cloud to Cloud,2026-01-17T18:43:01.725+08:00
2026-01-18 11:27:53,2026-01-17T18:44:00+08:00,2026-01-17T18:46:03+08:00,1.1764,103.8674,C,Cloud to Cloud,2026-01-17T18:43:01.725+08:00
2026-01-18 11:27:53,2026-01-17T18:44:00+08:00,2026-01-17T18:46:03+08:00,1.1845,103.8645,C,Cloud to Cloud,2026-01-17T18:43:01.726+08:00
2026-01-18 11:27:53,2026-01-17T18:44:00+08:00,2026-01-17T18:46:03+08:00,1.1738,103.8639,C,Cloud to Cloud,2026-01-17T18:43:01.726+08:00
2026-01-18 11:27:53,2026-01-17T18:44:00+08:00,2026-01-17T18:46:03+08:00,1.1804,103.8612,C,Cloud to Cloud,2026-01-17T18:43:01.726+08:00
2026-01-18 11:27:53,2026-01-17T18:44:00+08:00,2026-01-17T18:46:03+08:00,1.1879,103.868,C,Cloud to Cloud,2026-01-17T18:43:01.726+08:00
2026-01-18 11:27:53,2026-01-17T18:44:00+08:00,2026-01-17T18:46:03+08:00,1.187,103.8645,C,Cloud to Cloud,2026-01-17T18:43:01.726+08:00
2026-01-18 11:27:53,2026-01-17T18:44:00+08:00,2026-01-17T18:46:03+08:00,1.1867,103.8656,C,Cloud to Cloud,2026-01-17T18:43:01.726+08:00
2026-01-18 11:27:53,2026-01-17T18:44:00+08:00,2026-01-17T18:46:03+08:00,1.1864,103.8696,C,Cloud to Cloud,2026-01-17T18:43:01.726+08:00
2026-01-18 11:27:53,2026-01-17T18:44:00+08:00,2026-01-17T18:46:03+08:00,1.1814,103.8698,C,Cloud to Cloud,2026-01-17T18:43:01.726+08:00
2026-01-18 11:27:53,2026-01-17T18:44:00+08:00,2026-01-17T18:46:03+08:00,1.184,103.867,C,Cloud to Cloud,2026-01-17T18:43:01.726+08:00
2026-01-18 11:27:53,2026-01-17T18:44:00+08:00,2026-01-17T18:46:03+08:00,1.191,103.8643,C,Cloud to Cloud,2026-01-17T18:43:01.727+08:00
2026-01-18 11:27:53,2026-01-17T18:44:00+08:00,2026-01-17T18:46:03+08:00,1.1919,103.8634,C,Cloud to Cloud,2026-01-17T18:43:01.727+08:00
2026-01-18 11:27:53,2026-01-17T18:44:00+08:00,2026-01-17T18:46:03+08:00,1.1859,103.8658,C,Cloud to Cloud,2026-01-17T18:43:01.727+08:00
2026-01-18 11:27:53,2026-01-17T18:44:00+08:00,2026-01-17T18:46:03+08:00,1.1816,103.8701,C,Cloud to Cloud,2026-01-17T18:43:01.727+08:00
2026-01-18 11:27:53,2026-01-17T18:44:00+08:00,2026-01-17T18:46:03+08:00,1.183,103.8678,C,Cloud to Cloud,2026-01-17T18:43:01.727+08:00
2026-01-18 11:27:53,2026-01-17T18:44:00+08:00,2026-01-17T18:46:03+08:00,1.188,103.8656,C,Cloud to Cloud,2026-01-17T18:43:01.728+08:00
2026-01-18 11:27:53,2026-01-17T18:44:00+08:00,2026-01-17T18:46:03+08:00,1.1797,103.8668,C,Cloud to Cloud,2026-01-17T18:43:01.729+08:00
2026-01-18 11:27:53,2026-01-17T18:44:00+08:00,2026-01-17T18:46:03+08:00,1.1783,103.8673,C,Cloud to Cloud,2026-01-17T18:43:01.729+08:00
2026-01-18 11:27:53,2026-01-17T18:44:00+08:00,2026-01-17T18:46:03+08:00,1.1798,103.866,C,Cloud to Cloud,2026-01-17T18:43:01.729+08:00
2026-01-18 11:27:53,2026-01-17T18:44:00+08:00,2026-01-17T18:46:03+08:00,1.1826,103.8412,C,Cloud to Cloud,2026-01-17T18:43:01.75+08:00
2026-01-18 11:27:53,2026-01-17T18:44:00+08:00,2026-01-17T18:46:03+08:00,1.1751,103.8368,C,Cloud to Cloud,2026-01-17T18:43:01.751+08:00
2026-01-18 11:27:53,2026-01-17T18:44:00+08:00,2026-01-17T18:46:03+08:00,1.1688,103.8179,C,Cloud to Cloud,2026-01-17T18:43:01.803+08:00
2026-01-18 11:27:53,2026-01-17T18:44:00+08:00,2026-01-17T18:46:03+08:00,1.1695,103.8156,C,Cloud to Cloud,2026-01-17T18:43:01.804+08:00
2026-01-18 11:27:53,2026-01-17T18:44:00+08:00,2026-01-17T18:46:03+08:00,1.1715,103.8567,C,Cloud to Cloud,2026-01-17T18:43:01.828+08:00
2026-01-18 11:27:53,2026-01-17T18:42:00+08:00,2026-01-17T18:44:03+08:00,1.1782,103.8203,C,Cloud to Cloud,2026-01-17T18:40:42.702+08:00
2026-01-18 11:27:53,2026-01-17T18:42:00+08:00,2026-01-17T18:44:03+08:00,1.1528,103.807,C,Cloud to Cloud,2026-01-17T18:40:42.702+08:00
2026-01-18 11:27:53,2026-01-17T18:42:00+08:00,2026-01-17T18:44:03+08:00,1.1877,103.8118,C,Cloud to Cloud,2026-01-17T18:40:42.703+08:00
2026-01-18 11:27:53,2026-01-17T18:42:00+08:00,2026-01-17T18:44:03+08:00,1.1764,103.8181,C,Cloud to Cloud,2026-01-17T18:40:42.703+08:00
2026-01-18 11:27:53,2026-01-17T18:42:00+08:00,2026-01-17T18:44:03+08:00,1.1744,103.8179,C,Cloud to Cloud,2026-01-17T18:40:42.703+08:00
2026-01-18 11:27:53,2026-01-17T18:42:00+08:00,2026-01-17T18:44:03+08:00,1.1751,103.819,C,Cloud to Cloud,2026-01-17T18:40:42.703+08:00
2026-01-18 11:27:53,2026-01-17T18:42:00+08:00,2026-01-17T18:44:03+08:00,1.1219,103.8103,C,Cloud to Cloud,2026-01-17T18:40:42.703+08:00
2026-01-18 11:27:53,2026-01-17T18:42:00+08:00,2026-01-17T18:44:03+08:00,1.1772,103.819,C,Cloud to Cloud,2026-01-17T18:40:42.703+08:00
2026-01-18 11:27:53,2026-01-17T18:42:00+08:00,2026-01-17T18:44:03+08:00,1.1752,103.8179,C,Cloud to Cloud,2026-01-17T18:40:42.704+08:00
2026-01-18 11:27:53,2026-01-17T18:42:00+08:00,2026-01-17T18:44:03+08:00,1.1912,103.8109,C,Cloud to Cloud,2026-01-17T18:40:42.704+08:00
2026-01-18 11:27:53,2026-01-17T18:42:00+08:00,2026-01-17T18:44:03+08:00,1.1596,103.8189,C,Cloud to Cloud,2026-01-17T18:40:42.704+08:00
2026-01-18 11:27:53,2026-01-17T18:42:00+08:00,2026-01-17T18:44:03+08:00,1.1751,103.8175,C,Cloud to Cloud,2026-01-17T18:40:42.704+08:00
2026-01-18 11:27:53,2026-01-17T18:42:00+08:00,2026-01-17T18:44:03+08:00,1.1765,103.8173,C,Cloud to Cloud,2026-01-17T18:40:42.704+08:00
2026-01-18 11:27:53,2026-01-17T18:42:00+08:00,2026-01-17T18:44:03+08:00,1.1922,103.8101,C,Cloud to Cloud,2026-01-17T18:40:42.705+08:00
2026-01-18 11:27:53,2026-01-17T18:42:00+08:00,2026-01-17T18:44:03+08:00,1.1557,103.8072,C,Cloud to Cloud,2026-01-17T18:40:42.705+08:00
2026-01-18 11:27:53,2026-01-17T18:42:00+08:00,2026-01-17T18:44:03+08:00,1.1764,103.8163,C,Cloud to Cloud,2026-01-17T18:40:42.705+08:00
2026-01-18 11:27:53,2026-01-17T18:42:00+08:00,2026-01-17T18:44:03+08:00,1.1869,103.8091,C,Cloud to Cloud,2026-01-17T18:40:42.705+08:00
2026-01-18 11:27:53,2026-01-17T18:42:00+08:00,2026-01-17T18:44:03+08:00,1.192,103.8081,C,Cloud to Cloud,2026-01-17T18:40:42.705+08:00
2026-01-18 11:27:53,2026-01-17T18:42:00+08:00,2026-01-17T18:44:03+08:00,1.1887,103.8064,C,Cloud to Cloud,2026-01-17T18:40:42.705+08:00
2026-01-18 11:27:53,2026-01-17T18:42:00+08:00,2026-01-17T18:44:03+08:00,1.174,103.8143,C,Cloud to Cloud,2026-01-17T18:40:42.705+08:00
2026-01-18 11:27:53,2026-01-17T18:42:00+08:00,2026-01-17T18:44:03+08:00,1.1737,103.8121,C,Cloud to Cloud,2026-01-17T18:40:42.705+08:00
2026-01-18 11:27:53,2026-01-17T18:42:00+08:00,2026-01-17T18:44:03+08:00,1.1368,103.8306,C,Cloud to Cloud,2026-01-17T18:40:42.706+08:00
2026-01-18 11:27:53,2026-01-17T18:42:00+08:00,2026-01-17T18:44:03+08:00,1.1744,103.8123,C,Cloud to Cloud,2026-01-17T18:40:42.706+08:00
2026-01-18 11:27:53,2026-01-17T18:42:00+08:00,2026-01-17T18:44:03+08:00,1.1845,103.8065,C,Cloud to Cloud,2026-01-17T18:40:42.706+08:00
2026-01-18 11:27:53,2026-01-17T18:42:00+08:00,2026-01-17T18:44:03+08:00,1.1719,103.8139,C,Cloud to Cloud,2026-01-17T18:40:42.706+08:00
2026-01-18 11:27:53,2026-01-17T18:42:00+08:00,2026-01-17T18:44:03+08:00,1.1745,103.8115,C,Cloud to Cloud,2026-01-17T18:40:42.706+08:00
2026-01-18 11:27:53,2026-01-17T18:42:00+08:00,2026-01-17T18:44:03+08:00,1.169,103.8131,C,Cloud to Cloud,2026-01-17T18:40:42.706+08:00
2026-01-18 11:27:53,2026-01-17T18:42:00+08:00,2026-01-17T18:44:03+08:00,1.1754,103.8105,C,Cloud to Cloud,2026-01-17T18:40:42.706+08:00
2026-01-18 11:27:53,2026-01-17T18:42:00+08:00,2026-01-17T18:44:03+08:00,1.1838,103.8079,C,Cloud to Cloud,2026-01-17T18:40:42.707+08:00
2026-01-18 11:27:53,2026-01-17T18:42:00+08:00,2026-01-17T18:44:03+08:00,1.1739,103.8057,C,Cloud to Cloud,2026-01-17T18:40:42.707+08:00
2026-01-18 11:27:53,2026-01-17T18:42:00+08:00,2026-01-17T18:44:03+08:00,1.173,103.8069,C,Cloud to Cloud,2026-01-17T18:40:42.708+08:00
2026-01-18 11:27:53,2026-01-17T18:42:00+08:00,2026-01-17T18:44:03+08:00,1.1547,103.8177,C,Cloud to Cloud,2026-01-17T18:40:42.708+08:00
2026-01-18 11:27:53,2026-01-17T18:42:00+08:00,2026-01-17T18:44:03+08:00,1.1731,103.8102,C,Cloud to Cloud,2026-01-17T18:40:42.708+08:00
2026-01-18 11:27:53,2026-01-17T18:42:00+08:00,2026-01-17T18:44:03+08:00,1.1734,103.8074,C,Cloud to Cloud,2026-01-17T18:40:42.708+08:00
2026-01-18 11:27:53,2026-01-17T18:42:00+08:00,2026-01-17T18:44:03+08:00,1.1769,103.8086,C,Cloud to Cloud,2026-01-17T18:40:42.708+08:00
2026-01-18 11:27:53,2026-01-17T18:42:00+08:00,2026-01-17T18:44:03+08:00,1.172,103.8108,C,Cloud to Cloud,2026-01-17T18:40:42.709+08:00
2026-01-18 11:27:53,2026-01-17T18:42:00+08:00,2026-01-17T18:44:03+08:00,1.1712,103.8099,C,Cloud to Cloud,2026-01-17T18:40:42.709+08:00
2026-01-18 11:27:53,2026-01-17T18:42:00+08:00,2026-01-17T18:44:03+08:00,1.1653,103.8124,C,Cloud to Cloud,2026-01-17T18:40:42.709+08:00
2026-01-18 11:27:53,2026-01-17T18:42:00+08:00,2026-01-17T18:44:03+08:00,1.1751,103.8093,C,Cloud to Cloud,2026-01-17T18:40:42.71+08:00
2026-01-18 11:27:53,2026-01-17T18:42:00+08:00,2026-01-17T18:44:03+08:00,1.1742,103.8086,C,Cloud to Cloud,2026-01-17T18:40:42.71+08:00
2026-01-18 11:27:53,2026-01-17T18:42:00+08:00,2026-01-17T18:44:03+08:00,1.1748,103.8085,C,Cloud to Cloud,2026-01-17T18:40:42.71+08:00
2026-01-18 11:27:53,2026-01-17T18:42:00+08:00,2026-01-17T18:44:03+08:00,1.1741,103.8093,C,Cloud to Cloud,2026-01-17T18:40:42.711+08:00
2026-01-18 11:27:53,2026-01-17T18:42:00+08:00,2026-01-17T18:44:03+08:00,1.1746,103.8076,C,Cloud to Cloud,2026-01-17T18:40:42.711+08:00
2026-01-18 11:27:53,2026-01-17T18:42:00+08:00,2026-01-17T18:44:03+08:00,1.1772,103.8085,C,Cloud to Cloud,2026-01-17T18:40:42.712+08:00
2026-01-18 11:27:53,2026-01-17T18:42:00+08:00,2026-01-17T18:44:03+08:00,1.1758,103.8056,C,Cloud to Cloud,2026-01-17T18:40:42.713+08:00
2026-01-18 11:27:53,2026-01-17T18:42:00+08:00,2026-01-17T18:44:03+08:00,1.1739,103.8096,C,Cloud to Cloud,2026-01-17T18:40:42.713+08:00
2026-01-18 11:27:53,2026-01-17T18:42:00+08:00,2026-01-17T18:44:03+08:00,1.1639,103.8097,C,Cloud to Cloud,2026-01-17T18:40:42.713+08:00
2026-01-18 11:27:53,2026-01-17T18:42:00+08:00,2026-01-17T18:44:03+08:00,1.1939,103.8051,C,Cloud to Cloud,2026-01-17T18:40:42.717+08:00
2026-01-18 11:27:53,2026-01-17T18:42:00+08:00,2026-01-17T18:44:03+08:00,1.1885,103.8207,C,Cloud to Cloud,2026-01-17T18:40:42.725+08:00
2026-01-18 11:27:53,2026-01-17T18:42:00+08:00,2026-01-17T18:44:03+08:00,1.198,103.8176,C,Cloud to Cloud,2026-01-17T18:40:42.726+08:00
2026-01-18 11:27:53,2026-01-17T18:42:00+08:00,2026-01-17T18:44:03+08:00,1.1681,103.8147,C,Cloud to Cloud,2026-01-17T18:40:42.745+08:00
2026-01-18 11:27:53,2026-01-17T18:42:00+08:00,2026-01-17T18:44:03+08:00,1.1684,103.8076,C,Cloud to Cloud,2026-01-17T18:40:42.81+08:00
2026-01-18 11:27:53,2026-01-17T18:42:00+08:00,2026-01-17T18:44:03+08:00,1.1732,103.7999,C,Cloud to Cloud,2026-01-17T18:40:42.812+08:00
2026-01-18 11:27:53,2026-01-17T18:42:00+08:00,2026-01-17T18:44:03+08:00,1.1669,103.7991,C,Cloud to Cloud,2026-01-17T18:40:42.816+08:00
2026-01-18 11:27:53,2026-01-17T18:42:00+08:00,2026-01-17T18:44:03+08:00,1.1657,103.7957,C,Cloud to Cloud,2026-01-17T18:40:42.816+08:00
2026-01-18 11:27:53,2026-01-17T18:42:00+08:00,2026-01-17T18:44:03+08:00,1.1756,103.8394,C,Cloud to Cloud,2026-01-17T18:40:42.866+08:00
2026-01-18 11:27:53,2026-01-17T18:42:00+08:00,2026-01-17T18:44:03+08:00,1.1781,103.8072,C,Cloud to Cloud,2026-01-17T18:40:42.871+08:00
2026-01-18 11:27:53,2026-01-17T18:42:00+08:00,2026-01-17T18:44:03+08:00,1.1777,103.8132,C,Cloud to Cloud,2026-01-17T18:40:42.873+08:00
2026-01-18 11:27:53,2026-01-17T18:42:00+08:00,2026-01-17T18:44:03+08:00,1.1622,103.8207,C,Cloud to Cloud,2026-01-17T18:40:42.874+08:00
2026-01-18 11:27:53,2026-01-17T18:42:00+08:00,2026-01-17T18:44:03+08:00,1.182,103.8254,C,Cloud to Cloud,2026-01-17T18:40:42.875+08:00
2026-01-18 11:27:53,2026-01-17T18:42:00+08:00,2026-01-17T18:44:03+08:00,1.1785,103.8275,C,Cloud to Cloud,2026-01-17T18:40:42.875+08:00
2026-01-18 11:27:53,2026-01-17T18:42:00+08:00,2026-01-17T18:44:03+08:00,1.1944,103.8196,C,Cloud to Cloud,2026-01-17T18:40:42.876+08:00
2026-01-18 11:27:53,2026-01-17T18:42:00+08:00,2026-01-17T18:44:03+08:00,1.1793,103.8263,C,Cloud to Cloud,2026-01-17T18:40:42.876+08:00
2026-01-18 11:27:53,2026-01-17T18:42:00+08:00,2026-01-17T18:44:03+08:00,1.1861,103.8246,C,Cloud to Cloud,2026-01-17T18:40:42.876+08:00
2026-01-18 11:27:53,2026-01-17T18:42:00+08:00,2026-01-17T18:44:03+08:00,1.1783,103.8282,C,Cloud to Cloud,2026-01-17T18:40:42.876+08:00
2026-01-18 11:27:53,2026-01-17T18:42:00+08:00,2026-01-17T18:44:03+08:00,1.1808,103.8283,C,Cloud to Cloud,2026-01-17T18:40:42.876+08:00
2026-01-18 11:27:53,2026-01-17T18:42:00+08:00,2026-01-17T18:44:03+08:00,1.1795,103.8294,C,Cloud to Cloud,2026-01-17T18:40:42.877+08:00
2026-01-18 11:27:53,2026-01-17T18:42:00+08:00,2026-01-17T18:44:03+08:00,1.1966,103.8155,C,Cloud to Cloud,2026-01-17T18:40:42.878+08:00
2026-01-18 11:27:53,2026-01-17T18:42:00+08:00,2026-01-17T18:44:03+08:00,1.1962,103.8221,C,Cloud to Cloud,2026-01-17T18:40:42.878+08:00
2026-01-18 11:27:53,2026-01-17T18:42:00+08:00,2026-01-17T18:44:03+08:00,1.2022,103.8239,C,Cloud to Cloud,2026-01-17T18:40:42.879+08:00
2026-01-18 11:27:53,2026-01-17T18:42:00+08:00,2026-01-17T18:44:03+08:00,1.2021,103.8227,C,Cloud to Cloud,2026-01-17T18:40:42.879+08:00
2026-01-18 11:27:53,2026-01-17T18:42:00+08:00,2026-01-17T18:44:03+08:00,1.1958,103.8238,C,Cloud to Cloud,2026-01-17T18:40:42.879+08:00
2026-01-18 11:27:53,2026-01-17T18:42:00+08:00,2026-01-17T18:44:03+08:00,1.2019,103.8209,C,Cloud to Cloud,2026-01-17T18:40:42.879+08:00
2026-01-18 11:27:53,2026-01-17T18:42:00+08:00,2026-01-17T18:44:03+08:00,1.1995,103.8207,C,Cloud to Cloud,2026-01-17T18:40:42.88+08:00
2026-01-18 11:27:53,2026-01-17T18:42:00+08:00,2026-01-17T18:44:03+08:00,1.1978,103.8236,C,Cloud to Cloud,2026-01-17T18:40:42.88+08:00
2026-01-18 11:27:53,2026-01-17T18:42:00+08:00,2026-01-17T18:44:03+08:00,1.2026,103.8247,C,Cloud to Cloud,2026-01-17T18:40:42.88+08:00
2026-01-18 11:27:53,2026-01-17T18:42:00+08:00,2026-01-17T18:44:03+08:00,1.1824,103.8384,C,Cloud to Cloud,2026-01-17T18:40:42.88+08:00
2026-01-18 11:27:53,2026-01-17T18:42:00+08:00,2026-01-17T18:44:03+08:00,1.2024,103.8282,C,Cloud to Cloud,2026-01-17T18:40:42.88+08:00
2026-01-18 11:27:53,2026-01-17T18:42:00+08:00,2026-01-17T18:44:03+08:00,1.1977,103.8276,C,Cloud to Cloud,2026-01-17T18:40:42.88+08:00
2026-01-18 11:27:53,2026-01-17T18:42:00+08:00,2026-01-17T18:44:03+08:00,1.2017,103.8298,C,Cloud to Cloud,2026-01-17T18:40:42.88+08:00
2026-01-18 11:27:53,2026-01-17T18:42:00+08:00,2026-01-17T18:44:03+08:00,1.2026,103.8348,C,Cloud to Cloud,2026-01-17T18:40:42.881+08:00
2026-01-18 11:27:53,2026-01-17T18:42:00+08:00,2026-01-17T18:44:03+08:00,1.2004,103.8299,C,Cloud to Cloud,2026-01-17T18:40:42.881+08:00
2026-01-18 11:27:53,2026-01-17T18:42:00+08:00,2026-01-17T18:44:03+08:00,1.2016,103.8323,C,Cloud to Cloud,2026-01-17T18:40:42.881+08:00
2026-01-18 11:27:53,2026-01-17T18:42:00+08:00,2026-01-17T18:44:03+08:00,1.1965,103.8316,C,Cloud to Cloud,2026-01-17T18:40:42.881+08:00
2026-01-18 11:27:53,2026-01-17T18:42:00+08:00,2026-01-17T18:44:03+08:00,1.1997,103.8328,C,Cloud to Cloud,2026-01-17T18:40:42.882+08:00
2026-01-18 11:27:53,2026-01-17T18:42:00+08:00,2026-01-17T18:44:03+08:00,1.203,103.8277,C,Cloud to Cloud,2026-01-17T18:40:42.882+08:00
2026-01-18 11:27:53,2026-01-17T18:42:00+08:00,2026-01-17T18:44:03+08:00,1.2035,103.8347,C,Cloud to Cloud,2026-01-17T18:40:42.882+08:00
2026-01-18 11:27:53,2026-01-17T18:42:00+08:00,2026-01-17T18:44:03+08:00,1.1977,103.8222,C,Cloud to Cloud,2026-01-17T18:40:42.883+08:00
2026-01-18 11:27:53,2026-01-17T18:42:00+08:00,2026-01-17T18:44:03+08:00,1.177,103.8358,C,Cloud to Cloud,2026-01-17T18:40:42.883+08:00
2026-01-18 11:27:53,2026-01-17T18:42:00+08:00,2026-01-17T18:44:03+08:00,1.1948,103.8362,C,Cloud to Cloud,2026-01-17T18:40:42.884+08:00
2026-01-18 11:27:53,2026-01-17T18:42:00+08:00,2026-01-17T18:44:03+08:00,1.2035,103.8346,C,Cloud to Cloud,2026-01-17T18:40:42.884+08:00
2026-01-18 11:27:53,2026-01-17T18:42:00+08:00,2026-01-17T18:44:03+08:00,1.1993,103.8346,C,Cloud to Cloud,2026-01-17T18:40:42.884+08:00
2026-01-18 11:27:53,2026-01-17T18:42:00+08:00,2026-01-17T18:44:03+08:00,1.1994,103.8328,C,Cloud to Cloud,2026-01-17T18:40:42.885+08:00
2026-01-18 11:27:53,2026-01-17T18:42:00+08:00,2026-01-17T18:44:03+08:00,1.2006,103.8373,C,Cloud to Cloud,2026-01-17T18:40:42.885+08:00
2026-01-18 11:27:53,2026-01-17T18:42:00+08:00,2026-01-17T18:44:03+08:00,1.1979,103.8385,C,Cloud to Cloud,2026-01-17T18:40:42.885+08:00
2026-01-18 11:27:53,2026-01-17T18:42:00+08:00,2026-01-17T18:44:03+08:00,1.2012,103.8407,C,Cloud to Cloud,2026-01-17T18:40:42.885+08:00
2026-01-18 11:27:53,2026-01-17T18:42:00+08:00,2026-01-17T18:44:03+08:00,1.201,103.8358,C,Cloud to Cloud,2026-01-17T18:40:42.886+08:00
2026-01-18 11:27:53,2026-01-17T18:42:00+08:00,2026-01-17T18:44:03+08:00,1.2013,103.8386,C,Cloud to Cloud,2026-01-17T18:40:42.886+08:00
2026-01-18 11:27:53,2026-01-17T18:42:00+08:00,2026-01-17T18:44:03+08:00,1.1809,103.8467,C,Cloud to Cloud,2026-01-17T18:40:42.886+08:00
2026-01-18 11:27:53,2026-01-17T18:42:00+08:00,2026-01-17T18:44:03+08:00,1.1993,103.8347,C,Cloud to Cloud,2026-01-17T18:40:42.886+08:00
2026-01-18 11:27:53,2026-01-17T18:42:00+08:00,2026-01-17T18:44:03+08:00,1.2007,103.8337,C,Cloud to Cloud,2026-01-17T18:40:42.887+08:00
2026-01-18 11:27:53,2026-01-17T18:42:00+08:00,2026-01-17T18:44:03+08:00,1.2007,103.8384,C,Cloud to Cloud,2026-01-17T18:40:42.887+08:00
2026-01-18 11:27:53,2026-01-17T18:42:00+08:00,2026-01-17T18:44:03+08:00,1.2013,103.8386,C,Cloud to Cloud,2026-01-17T18:40:42.887+08:00
2026-01-18 11:27:53,2026-01-17T18:42:00+08:00,2026-01-17T18:44:03+08:00,1.2011,103.8388,C,Cloud to Cloud,2026-01-17T18:40:42.887+08:00
2026-01-18 11:27:53,2026-01-17T18:42:00+08:00,2026-01-17T18:44:03+08:00,1.2037,103.8322,C,Cloud to Cloud,2026-01-17T18:40:42.888+08:00
2026-01-18 11:27:53,2026-01-17T18:42:00+08:00,2026-01-17T18:44:03+08:00,1.1721,103.8336,C,Cloud to Cloud,2026-01-17T18:40:43.018+08:00
2026-01-18 11:27:53,2026-01-17T18:42:00+08:00,2026-01-17T18:44:03+08:00,1.1684,103.8355,C,Cloud to Cloud,2026-01-17T18:40:43.018+08:00
2026-01-18 11:27:53,2026-01-17T18:42:00+08:00,2026-01-17T18:44:03+08:00,1.1819,103.8259,C,Cloud to Cloud,2026-01-17T18:40:43.018+08:00
2026-01-18 11:27:53,2026-01-17T18:42:00+08:00,2026-01-17T18:44:03+08:00,1.1831,103.8444,C,Cloud to Cloud,2026-01-17T18:40:43.021+08:00
2026-01-18 11:27:53,2026-01-17T18:42:00+08:00,2026-01-17T18:44:03+08:00,1.1864,103.8419,C,Cloud to Cloud,2026-01-17T18:40:43.021+08:00
2026-01-18 11:27:53,2026-01-17T18:42:00+08:00,2026-01-17T18:44:03+08:00,1.1901,103.8266,C,Cloud to Cloud,2026-01-17T18:40:43.033+08:00
2026-01-18 11:27:53,2026-01-17T18:42:00+08:00,2026-01-17T18:44:03+08:00,1.1708,103.8571,C,Cloud to Cloud,2026-01-17T18:40:43.038+08:00
2026-01-18 11:27:53,2026-01-17T18:42:00+08:00,2026-01-17T18:44:03+08:00,1.171,103.8569,C,Cloud to Cloud,2026-01-17T18:40:43.038+08:00
2026-01-18 11:27:53,2026-01-17T18:42:00+08:00,2026-01-17T18:44:03+08:00,1.1719,103.8526,C,Cloud to Cloud,2026-01-17T18:40:43.038+08:00
2026-01-18 11:27:53,2026-01-17T18:42:00+08:00,2026-01-17T18:44:03+08:00,1.1833,103.8271,C,Cloud to Cloud,2026-01-17T18:40:43.049+08:00
2026-01-18 11:27:53,2026-01-17T18:42:00+08:00,2026-01-17T18:44:03+08:00,1.1788,103.8366,C,Cloud to Cloud,2026-01-17T18:40:43.049+08:00
2026-01-18 11:27:53,2026-01-17T18:40:00+08:00,2026-01-17T18:42:02+08:00,1.1748,103.8085,C,Cloud to Cloud,2026-01-17T18:38:09.697+08:00
2026-01-18 11:27:53,2026-01-17T18:40:00+08:00,2026-01-17T18:42:02+08:00,1.1743,103.8076,C,Cloud to Cloud,2026-01-17T18:38:09.697+08:00
2026-01-18 11:27:53,2026-01-17T18:40:00+08:00,2026-01-17T18:42:02+08:00,1.174,103.8078,C,Cloud to Cloud,2026-01-17T18:38:09.697+08:00
2026-01-18 11:27:53,2026-01-17T18:40:00+08:00,2026-01-17T18:42:02+08:00,1.1805,103.8122,C,Cloud to Cloud,2026-01-17T18:38:09.697+08:00
2026-01-18 11:27:53,2026-01-17T18:40:00+08:00,2026-01-17T18:42:02+08:00,1.1739,103.8068,C,Cloud to Cloud,2026-01-17T18:38:09.698+08:00
2026-01-18 11:27:53,2026-01-17T18:40:00+08:00,2026-01-17T18:42:02+08:00,1.1729,103.8073,C,Cloud to Cloud,2026-01-17T18:38:09.698+08:00
2026-01-18 11:27:53,2026-01-17T18:40:00+08:00,2026-01-17T18:42:02+08:00,1.1745,103.8066,C,Cloud to Cloud,2026-01-17T18:38:09.698+08:00
2026-01-18 11:27:53,2026-01-17T18:40:00+08:00,2026-01-17T18:42:02+08:00,1.1746,103.8067,C,Cloud to Cloud,2026-01-17T18:38:09.698+08:00
2026-01-18 11:27:53,2026-01-17T18:40:00+08:00,2026-01-17T18:42:02+08:00,1.1755,103.809,C,Cloud to Cloud,2026-01-17T18:38:09.698+08:00
2026-01-18 11:27:53,2026-01-17T18:40:00+08:00,2026-01-17T18:42:02+08:00,1.1471,103.8149,C,Cloud to Cloud,2026-01-17T18:38:09.698+08:00
2026-01-18 11:27:53,2026-01-17T18:40:00+08:00,2026-01-17T18:42:02+08:00,1.1815,103.8055,C,Cloud to Cloud,2026-01-17T18:38:09.699+08:00
2026-01-18 11:27:53,2026-01-17T18:40:00+08:00,2026-01-17T18:42:02+08:00,1.1766,103.8076,C,Cloud to Cloud,2026-01-17T18:38:09.699+08:00
2026-01-18 11:27:53,2026-01-17T18:40:00+08:00,2026-01-17T18:42:02+08:00,1.1643,103.8108,C,Cloud to Cloud,2026-01-17T18:38:09.699+08:00
2026-01-18 11:27:53,2026-01-17T18:40:00+08:00,2026-01-17T18:42:02+08:00,1.1336,103.8278,C,Cloud to Cloud,2026-01-17T18:38:09.699+08:00
2026-01-18 11:27:53,2026-01-17T18:40:00+08:00,2026-01-17T18:42:02+08:00,1.1781,103.8075,C,Cloud to Cloud,2026-01-17T18:38:09.7+08:00
2026-01-18 11:27:53,2026-01-17T18:40:00+08:00,2026-01-17T18:42:02+08:00,1.1746,103.805,C,Cloud to Cloud,2026-01-17T18:38:09.701+08:00
2026-01-18 11:27:53,2026-01-17T18:40:00+08:00,2026-01-17T18:42:02+08:00,1.1773,103.8057,C,Cloud to Cloud,2026-01-17T18:38:09.701+08:00
2026-01-18 11:27:53,2026-01-17T18:40:00+08:00,2026-01-17T18:42:02+08:00,1.1644,103.8088,C,Cloud to Cloud,2026-01-17T18:38:09.701+08:00
2026-01-18 11:27:53,2026-01-17T18:40:00+08:00,2026-01-17T18:42:02+08:00,1.1724,103.803,C,Cloud to Cloud,2026-01-17T18:38:09.701+08:00
2026-01-18 11:27:53,2026-01-17T18:40:00+08:00,2026-01-17T18:42:02+08:00,1.1734,103.8039,C,Cloud to Cloud,2026-01-17T18:38:09.702+08:00
2026-01-18 11:27:53,2026-01-17T18:40:00+08:00,2026-01-17T18:42:02+08:00,1.1668,103.8037,C,Cloud to Cloud,2026-01-17T18:38:09.702+08:00
2026-01-18 11:27:53,2026-01-17T18:40:00+08:00,2026-01-17T18:42:02+08:00,1.1707,103.8004,C,Cloud to Cloud,2026-01-17T18:38:09.702+08:00
2026-01-18 11:27:53,2026-01-17T18:40:00+08:00,2026-01-17T18:42:02+08:00,1.1583,103.8032,C,Cloud to Cloud,2026-01-17T18:38:09.703+08:00
2026-01-18 11:27:53,2026-01-17T18:40:00+08:00,2026-01-17T18:42:02+08:00,1.1684,103.7966,C,Cloud to Cloud,2026-01-17T18:38:09.703+08:00
2026-01-18 11:27:53,2026-01-17T18:40:00+08:00,2026-01-17T18:42:02+08:00,1.1533,103.8037,C,Cloud to Cloud,2026-01-17T18:38:09.703+08:00
2026-01-18 11:27:53,2026-01-17T18:40:00+08:00,2026-01-17T18:42:02+08:00,1.1608,103.7976,C,Cloud to Cloud,2026-01-17T18:38:09.704+08:00
2026-01-18 11:27:53,2026-01-17T18:40:00+08:00,2026-01-17T18:42:02+08:00,1.1749,103.7957,C,Cloud to Cloud,2026-01-17T18:38:09.705+08:00
2026-01-18 11:27:53,2026-01-17T18:40:00+08:00,2026-01-17T18:42:02+08:00,1.1853,103.7969,C,Cloud to Cloud,2026-01-17T18:38:09.708+08:00
2026-01-18 11:27:53,2026-01-17T18:40:00+08:00,2026-01-17T18:42:02+08:00,1.1379,103.8167,C,Cloud to Cloud,2026-01-17T18:38:09.708+08:00
2026-01-18 11:27:53,2026-01-17T18:40:00+08:00,2026-01-17T18:42:02+08:00,1.1916,103.8011,C,Cloud to Cloud,2026-01-17T18:38:09.738+08:00
2026-01-18 11:27:53,2026-01-17T18:40:00+08:00,2026-01-17T18:42:02+08:00,1.1972,103.81,C,Cloud to Cloud,2026-01-17T18:38:09.779+08:00
2026-01-18 11:27:53,2026-01-17T18:40:00+08:00,2026-01-17T18:42:02+08:00,1.2003,103.8359,C,Cloud to Cloud,2026-01-17T18:38:09.806+08:00
2026-01-18 11:27:53,2026-01-17T18:40:00+08:00,2026-01-17T18:42:02+08:00,1.2028,103.839,C,Cloud to Cloud,2026-01-17T18:38:09.81+08:00
2026-01-18 11:27:53,2026-01-17T18:40:00+08:00,2026-01-17T18:42:02+08:00,1.1983,103.8304,C,Cloud to Cloud,2026-01-17T18:38:09.811+08:00
2026-01-18 11:27:53,2026-01-17T18:40:00+08:00,2026-01-17T18:42:02+08:00,1.1976,103.8252,C,Cloud to Cloud,2026-01-17T18:38:09.811+08:00
2026-01-18 11:27:53,2026-01-17T18:40:00+08:00,2026-01-17T18:42:02+08:00,1.1832,103.824,C,Cloud to Cloud,2026-01-17T18:38:09.812+08:00
2026-01-18 11:27:53,2026-01-17T18:40:00+08:00,2026-01-17T18:42:02+08:00,1.1925,103.8174,C,Cloud to Cloud,2026-01-17T18:38:09.813+08:00
2026-01-18 11:27:53,2026-01-17T18:40:00+08:00,2026-01-17T18:42:02+08:00,1.152,103.8181,C,Cloud to Cloud,2026-01-17T18:38:09.814+08:00
2026-01-18 11:27:53,2026-01-17T18:40:00+08:00,2026-01-17T18:42:02+08:00,1.177,103.8251,C,Cloud to Cloud,2026-01-17T18:38:09.815+08:00
2026-01-18 11:27:53,2026-01-17T18:40:00+08:00,2026-01-17T18:42:02+08:00,1.1411,103.8125,C,Cloud to Cloud,2026-01-17T18:38:09.815+08:00
2026-01-18 11:27:53,2026-01-17T18:40:00+08:00,2026-01-17T18:42:02+08:00,1.1444,103.812,C,Cloud to Cloud,2026-01-17T18:38:09.815+08:00
2026-01-18 11:27:53,2026-01-17T18:40:00+08:00,2026-01-17T18:42:02+08:00,1.1653,103.8269,C,Cloud to Cloud,2026-01-17T18:38:09.816+08:00
2026-01-18 11:27:53,2026-01-17T18:40:00+08:00,2026-01-17T18:42:02+08:00,1.1766,103.8106,C,Cloud to Cloud,2026-01-17T18:38:09.817+08:00
2026-01-18 11:27:53,2026-01-17T18:40:00+08:00,2026-01-17T18:42:02+08:00,1.1682,103.8145,C,Cloud to Cloud,2026-01-17T18:38:09.817+08:00
2026-01-18 11:27:53,2026-01-17T18:40:00+08:00,2026-01-17T18:42:02+08:00,1.1803,103.8081,C,Cloud to Cloud,2026-01-17T18:38:09.82+08:00
2026-01-18 11:27:53,2026-01-17T18:40:00+08:00,2026-01-17T18:42:02+08:00,1.1734,103.8564,C,Cloud to Cloud,2026-01-17T18:38:09.899+08:00
2026-01-18 11:27:53,2026-01-17T18:40:00+08:00,2026-01-17T18:42:02+08:00,1.1653,103.8693,C,Cloud to Cloud,2026-01-17T18:38:09.901+08:00
2026-01-18 11:27:53,2026-01-17T18:40:00+08:00,2026-01-17T18:42:02+08:00,1.1801,103.8665,C,Cloud to Cloud,2026-01-17T18:38:09.902+08:00
2026-01-18 11:27:53,2026-01-17T18:40:00+08:00,2026-01-17T18:42:02+08:00,1.1749,103.8587,C,Cloud to Cloud,2026-01-17T18:38:09.903+08:00
2026-01-18 11:27:53,2026-01-17T18:40:00+08:00,2026-01-17T18:42:02+08:00,1.1743,103.8286,C,Cloud to Cloud,2026-01-17T18:38:09.914+08:00
2026-01-18 11:27:53,2026-01-17T18:40:00+08:00,2026-01-17T18:42:02+08:00,1.1597,103.8243,C,Cloud to Cloud,2026-01-17T18:38:09.914+08:00
2026-01-18 11:27:53,2026-01-17T18:40:00+08:00,2026-01-17T18:42:02+08:00,1.175,103.8389,C,Cloud to Cloud,2026-01-17T18:38:09.955+08:00
2026-01-18 11:27:53,2026-01-17T18:40:00+08:00,2026-01-17T18:42:02+08:00,1.1724,103.8407,C,Cloud to Cloud,2026-01-17T18:38:09.955+08:00
2026-01-18 11:27:53,2026-01-17T18:40:00+08:00,2026-01-17T18:42:02+08:00,1.1752,103.8146,C,Cloud to Cloud,2026-01-17T18:39:07.346+08:00
2026-01-18 11:27:53,2026-01-17T18:40:00+08:00,2026-01-17T18:42:02+08:00,1.1757,103.8145,C,Cloud to Cloud,2026-01-17T18:39:07.346+08:00
2026-01-18 11:27:53,2026-01-17T18:40:00+08:00,2026-01-17T18:42:02+08:00,1.167,103.8116,C,Cloud to Cloud,2026-01-17T18:39:07.346+08:00
2026-01-18 11:27:53,2026-01-17T18:40:00+08:00,2026-01-17T18:42:02+08:00,1.184,103.8092,C,Cloud to Cloud,2026-01-17T18:39:07.347+08:00
2026-01-18 11:27:53,2026-01-17T18:40:00+08:00,2026-01-17T18:42:02+08:00,1.1887,103.8065,C,Cloud to Cloud,2026-01-17T18:39:07.347+08:00
2026-01-18 11:27:53,2026-01-17T18:40:00+08:00,2026-01-17T18:42:02+08:00,1.1815,103.7761,C,Cloud to Cloud,2026-01-17T18:39:07.347+08:00
2026-01-18 11:27:53,2026-01-17T18:40:00+08:00,2026-01-17T18:42:02+08:00,1.1751,103.8141,C,Cloud to Cloud,2026-01-17T18:39:07.347+08:00
2026-01-18 11:27:53,2026-01-17T18:40:00+08:00,2026-01-17T18:42:02+08:00,1.1767,103.8149,C,Cloud to Cloud,2026-01-17T18:39:07.348+08:00
2026-01-18 11:27:53,2026-01-17T18:40:00+08:00,2026-01-17T18:42:02+08:00,1.178,103.816,C,Cloud to Cloud,2026-01-17T18:39:07.348+08:00
2026-01-18 11:27:53,2026-01-17T18:40:00+08:00,2026-01-17T18:42:02+08:00,1.1907,103.812,C,Cloud to Cloud,2026-01-17T18:39:07.349+08:00
2026-01-18 11:27:53,2026-01-17T18:40:00+08:00,2026-01-17T18:42:02+08:00,1.1747,103.8097,C,Cloud to Cloud,2026-01-17T18:39:07.352+08:00
2026-01-18 11:27:53,2026-01-17T18:40:00+08:00,2026-01-17T18:42:02+08:00,1.1711,103.8024,C,Cloud to Cloud,2026-01-17T18:39:07.354+08:00
2026-01-18 11:27:53,2026-01-17T18:40:00+08:00,2026-01-17T18:42:02+08:00,1.1897,103.8183,C,Cloud to Cloud,2026-01-17T18:39:07.415+08:00
2026-01-18 11:27:53,2026-01-17T18:40:00+08:00,2026-01-17T18:42:02+08:00,1.1874,103.8172,C,Cloud to Cloud,2026-01-17T18:39:07.417+08:00
2026-01-18 11:27:53,2026-01-17T18:40:00+08:00,2026-01-17T18:42:02+08:00,1.154,103.8148,C,Cloud to Cloud,2026-01-17T18:39:07.447+08:00
2026-01-18 11:27:53,2026-01-17T18:40:00+08:00,2026-01-17T18:42:02+08:00,1.154,103.8148,C,Cloud to Cloud,2026-01-17T18:39:07.447+08:00
2026-01-18 11:27:53,2026-01-17T18:40:00+08:00,2026-01-17T18:42:02+08:00,1.1845,103.8156,C,Cloud to Cloud,2026-01-17T18:39:07.459+08:00
2026-01-18 11:27:53,2026-01-17T18:40:00+08:00,2026-01-17T18:42:02+08:00,1.166,103.8144,C,Cloud to Cloud,2026-01-17T18:39:07.462+08:00
2026-01-18 11:27:53,2026-01-17T18:40:00+08:00,2026-01-17T18:42:02+08:00,1.1711,103.816,C,Cloud to Cloud,2026-01-17T18:39:07.517+08:00
2026-01-18 11:27:53,2026-01-17T18:40:00+08:00,2026-01-17T18:42:02+08:00,1.1598,103.8169,C,Cloud to Cloud,2026-01-17T18:39:07.55+08:00
2026-01-18 11:27:53,2026-01-17T18:40:00+08:00,2026-01-17T18:42:02+08:00,1.1684,103.8177,C,Cloud to Cloud,2026-01-17T18:39:07.55+08:00
2026-01-18 11:27:53,2026-01-17T18:38:00+08:00,2026-01-17T18:40:05+08:00,1.1533,103.8162,C,Cloud to Cloud,2026-01-17T18:36:00.19+08:00
2026-01-18 11:27:53,2026-01-17T18:38:00+08:00,2026-01-17T18:40:05+08:00,1.1563,103.8216,C,Cloud to Cloud,2026-01-17T18:36:00.19+08:00
2026-01-18 11:27:53,2026-01-17T18:38:00+08:00,2026-01-17T18:40:05+08:00,1.17,103.8115,C,Cloud to Cloud,2026-01-17T18:36:00.19+08:00
2026-01-18 11:27:53,2026-01-17T18:38:00+08:00,2026-01-17T18:40:05+08:00,1.1715,103.8103,C,Cloud to Cloud,2026-01-17T18:36:00.191+08:00
2026-01-18 11:27:53,2026-01-17T18:38:00+08:00,2026-01-17T18:40:05+08:00,1.1837,103.821,C,Cloud to Cloud,2026-01-17T18:36:00.191+08:00
2026-01-18 11:27:53,2026-01-17T18:38:00+08:00,2026-01-17T18:40:05+08:00,1.1719,103.8097,C,Cloud to Cloud,2026-01-17T18:36:00.191+08:00
2026-01-18 11:27:53,2026-01-17T18:38:00+08:00,2026-01-17T18:40:05+08:00,1.1555,103.817,C,Cloud to Cloud,2026-01-17T18:36:00.191+08:00
2026-01-18 11:27:53,2026-01-17T18:38:00+08:00,2026-01-17T18:40:05+08:00,1.1558,103.8166,C,Cloud to Cloud,2026-01-17T18:36:00.191+08:00
2026-01-18 11:27:53,2026-01-17T18:38:00+08:00,2026-01-17T18:40:05+08:00,1.1522,103.8155,C,Cloud to Cloud,2026-01-17T18:36:00.192+08:00
2026-01-18 11:27:53,2026-01-17T18:38:00+08:00,2026-01-17T18:40:05+08:00,1.1536,103.8166,C,Cloud to Cloud,2026-01-17T18:36:00.192+08:00
2026-01-18 11:27:53,2026-01-17T18:38:00+08:00,2026-01-17T18:40:05+08:00,1.1527,103.816,C,Cloud to Cloud,2026-01-17T18:36:00.192+08:00
2026-01-18 11:27:53,2026-01-17T18:38:00+08:00,2026-01-17T18:40:05+08:00,1.165,103.8138,C,Cloud to Cloud,2026-01-17T18:36:00.192+08:00
2026-01-18 11:27:53,2026-01-17T18:38:00+08:00,2026-01-17T18:40:05+08:00,1.1655,103.8073,C,Cloud to Cloud,2026-01-17T18:36:00.375+08:00
2026-01-18 11:27:53,2026-01-17T18:38:00+08:00,2026-01-17T18:40:05+08:00,1.1618,103.8102,C,Cloud to Cloud,2026-01-17T18:36:00.375+08:00
2026-01-18 11:27:53,2026-01-17T18:38:00+08:00,2026-01-17T18:40:05+08:00,1.1669,103.807,C,Cloud to Cloud,2026-01-17T18:36:00.383+08:00
2026-01-18 11:27:53,2026-01-17T18:38:00+08:00,2026-01-17T18:40:05+08:00,1.1509,103.8149,C,Cloud to Cloud,2026-01-17T18:36:00.384+08:00
2026-01-18 11:27:53,2026-01-17T18:38:00+08:00,2026-01-17T18:40:05+08:00,1.1658,103.8087,C,Cloud to Cloud,2026-01-17T18:36:00.384+08:00
2026-01-18 11:27:53,2026-01-17T18:38:00+08:00,2026-01-17T18:40:05+08:00,1.1676,103.8099,C,Cloud to Cloud,2026-01-17T18:36:00.384+08:00
2026-01-18 11:27:53,2026-01-17T18:38:00+08:00,2026-01-17T18:40:05+08:00,1.1637,103.8046,C,Cloud to Cloud,2026-01-17T18:36:00.384+08:00
2026-01-18 11:27:53,2026-01-17T18:38:00+08:00,2026-01-17T18:40:05+08:00,1.1452,103.8136,C,Cloud to Cloud,2026-01-17T18:36:00.384+08:00
2026-01-18 11:27:53,2026-01-17T18:38:00+08:00,2026-01-17T18:40:05+08:00,1.1703,103.8023,C,Cloud to Cloud,2026-01-17T18:36:00.427+08:00
2026-01-18 11:27:53,2026-01-17T18:38:00+08:00,2026-01-17T18:40:05+08:00,1.1581,103.8106,C,Cloud to Cloud,2026-01-17T18:36:00.427+08:00
2026-01-18 11:27:53,2026-01-17T18:38:00+08:00,2026-01-17T18:40:05+08:00,1.1496,103.8122,C,Cloud to Cloud,2026-01-17T18:36:00.427+08:00
2026-01-18 11:27:53,2026-01-17T18:38:00+08:00,2026-01-17T18:40:05+08:00,1.1438,103.8098,C,Cloud to Cloud,2026-01-17T18:36:00.428+08:00
2026-01-18 11:27:53,2026-01-17T18:38:00+08:00,2026-01-17T18:40:05+08:00,1.1817,103.8,C,Cloud to Cloud,2026-01-17T18:36:00.47+08:00
2026-01-18 11:27:53,2026-01-17T18:38:00+08:00,2026-01-17T18:40:05+08:00,1.1753,103.8028,C,Cloud to Cloud,2026-01-17T18:36:00.47+08:00
2026-01-18 11:27:53,2026-01-17T18:38:00+08:00,2026-01-17T18:40:05+08:00,1.1759,103.8026,C,Cloud to Cloud,2026-01-17T18:36:00.47+08:00
2026-01-18 11:27:53,2026-01-17T18:38:00+08:00,2026-01-17T18:40:05+08:00,1.1599,103.8097,C,Cloud to Cloud,2026-01-17T18:36:00.47+08:00
2026-01-18 11:27:53,2026-01-17T18:38:00+08:00,2026-01-17T18:40:05+08:00,1.2014,103.7969,C,Cloud to Cloud,2026-01-17T18:37:01.188+08:00
2026-01-18 11:27:53,2026-01-17T18:38:00+08:00,2026-01-17T18:40:05+08:00,1.194,103.797,C,Cloud to Cloud,2026-01-17T18:37:01.189+08:00
2026-01-18 11:27:53,2026-01-17T18:38:00+08:00,2026-01-17T18:40:05+08:00,1.1912,103.8004,C,Cloud to Cloud,2026-01-17T18:37:01.189+08:00
2026-01-18 11:27:53,2026-01-17T18:38:00+08:00,2026-01-17T18:40:05+08:00,1.1818,103.7998,C,Cloud to Cloud,2026-01-17T18:37:01.189+08:00
2026-01-18 11:27:53,2026-01-17T18:38:00+08:00,2026-01-17T18:40:05+08:00,1.1605,103.7855,C,Cloud to Cloud,2026-01-17T18:37:01.189+08:00
2026-01-18 11:27:53,2026-01-17T18:38:00+08:00,2026-01-17T18:40:05+08:00,1.1856,103.7959,C,Cloud to Cloud,2026-01-17T18:37:01.189+08:00
2026-01-18 11:27:53,2026-01-17T18:38:00+08:00,2026-01-17T18:40:05+08:00,1.1824,103.8,C,Cloud to Cloud,2026-01-17T18:37:01.189+08:00
2026-01-18 11:27:53,2026-01-17T18:38:00+08:00,2026-01-17T18:40:05+08:00,1.183,103.7641,C,Cloud to Cloud,2026-01-17T18:37:01.189+08:00
2026-01-18 11:27:53,2026-01-17T18:38:00+08:00,2026-01-17T18:40:05+08:00,1.1827,103.7991,C,Cloud to Cloud,2026-01-17T18:37:01.189+08:00
2026-01-18 11:27:53,2026-01-17T18:38:00+08:00,2026-01-17T18:40:05+08:00,1.1798,103.7968,C,Cloud to Cloud,2026-01-17T18:37:01.189+08:00
2026-01-18 11:27:53,2026-01-17T18:38:00+08:00,2026-01-17T18:40:05+08:00,1.1768,103.7969,C,Cloud to Cloud,2026-01-17T18:37:01.19+08:00
2026-01-18 11:27:53,2026-01-17T18:38:00+08:00,2026-01-17T18:40:05+08:00,1.1673,103.8023,C,Cloud to Cloud,2026-01-17T18:37:01.19+08:00
2026-01-18 11:27:53,2026-01-17T18:38:00+08:00,2026-01-17T18:40:05+08:00,1.1458,103.8167,C,Cloud to Cloud,2026-01-17T18:37:01.19+08:00
2026-01-18 11:27:53,2026-01-17T18:38:00+08:00,2026-01-17T18:40:05+08:00,1.1824,103.8002,C,Cloud to Cloud,2026-01-17T18:37:01.19+08:00
2026-01-18 11:27:53,2026-01-17T18:38:00+08:00,2026-01-17T18:40:05+08:00,1.1522,103.8412,C,Cloud to Cloud,2026-01-17T18:37:01.19+08:00
2026-01-18 11:27:53,2026-01-17T18:38:00+08:00,2026-01-17T18:40:05+08:00,1.1928,103.7964,C,Cloud to Cloud,2026-01-17T18:37:01.191+08:00
2026-01-18 11:27:53,2026-01-17T18:38:00+08:00,2026-01-17T18:40:05+08:00,1.2106,103.79,C,Cloud to Cloud,2026-01-17T18:37:01.192+08:00
2026-01-18 11:27:53,2026-01-17T18:38:00+08:00,2026-01-17T18:40:05+08:00,1.2114,103.79,C,Cloud to Cloud,2026-01-17T18:37:01.192+08:00
2026-01-18 11:27:53,2026-01-17T18:38:00+08:00,2026-01-17T18:40:05+08:00,1.1914,103.7875,C,Cloud to Cloud,2026-01-17T18:37:01.192+08:00
2026-01-18 11:27:53,2026-01-17T18:38:00+08:00,2026-01-17T18:40:05+08:00,1.207,103.7912,C,Cloud to Cloud,2026-01-17T18:37:01.192+08:00
2026-01-18 11:27:53,2026-01-17T18:38:00+08:00,2026-01-17T18:40:05+08:00,1.2072,103.793,C,Cloud to Cloud,2026-01-17T18:37:01.193+08:00
2026-01-18 11:27:53,2026-01-17T18:38:00+08:00,2026-01-17T18:40:05+08:00,1.2091,103.7928,C,Cloud to Cloud,2026-01-17T18:37:01.193+08:00
2026-01-18 11:27:53,2026-01-17T18:38:00+08:00,2026-01-17T18:40:05+08:00,1.2077,103.7909,C,Cloud to Cloud,2026-01-17T18:37:01.193+08:00
2026-01-18 11:27:53,2026-01-17T18:38:00+08:00,2026-01-17T18:40:05+08:00,1.1919,103.7969,C,Cloud to Cloud,2026-01-17T18:37:01.193+08:00
2026-01-18 11:27:53,2026-01-17T18:38:00+08:00,2026-01-17T18:40:05+08:00,1.2018,103.7878,C,Cloud to Cloud,2026-01-17T18:37:01.195+08:00
2026-01-18 11:27:53,2026-01-17T18:38:00+08:00,2026-01-17T18:40:05+08:00,1.1863,103.7934,C,Cloud to Cloud,2026-01-17T18:37:01.195+08:00
2026-01-18 11:27:53,2026-01-17T18:38:00+08:00,2026-01-17T18:40:05+08:00,1.1886,103.8039,C,Cloud to Cloud,2026-01-17T18:37:01.208+08:00
2026-01-18 11:27:53,2026-01-17T18:38:00+08:00,2026-01-17T18:40:05+08:00,1.1997,103.7921,C,Cloud to Cloud,2026-01-17T18:37:01.213+08:00
2026-01-18 11:27:53,2026-01-17T18:38:00+08:00,2026-01-17T18:40:05+08:00,1.2045,103.7963,C,Cloud to Cloud,2026-01-17T18:37:01.216+08:00
2026-01-18 11:27:53,2026-01-17T18:38:00+08:00,2026-01-17T18:40:05+08:00,1.2059,103.7962,C,Cloud to Cloud,2026-01-17T18:37:01.274+08:00
2026-01-18 11:27:53,2026-01-17T18:38:00+08:00,2026-01-17T18:40:05+08:00,1.1874,103.8201,C,Cloud to Cloud,2026-01-17T18:37:01.279+08:00
2026-01-18 11:27:53,2026-01-17T18:38:00+08:00,2026-01-17T18:40:05+08:00,1.2047,103.8077,C,Cloud to Cloud,2026-01-17T18:37:01.284+08:00
2026-01-18 11:27:53,2026-01-17T18:38:00+08:00,2026-01-17T18:40:05+08:00,1.1772,103.8332,C,Cloud to Cloud,2026-01-17T18:37:01.296+08:00
2026-01-18 11:27:53,2026-01-17T18:38:00+08:00,2026-01-17T18:40:05+08:00,1.1832,103.821,C,Cloud to Cloud,2026-01-17T18:37:01.322+08:00
2026-01-18 11:27:53,2026-01-17T18:38:00+08:00,2026-01-17T18:40:05+08:00,1.1942,103.8021,C,Cloud to Cloud,2026-01-17T18:37:01.339+08:00
2026-01-18 11:27:53,2026-01-17T18:38:00+08:00,2026-01-17T18:40:05+08:00,1.186,103.8209,C,Cloud to Cloud,2026-01-17T18:37:01.358+08:00
2026-01-18 11:27:53,2026-01-17T18:38:00+08:00,2026-01-17T18:40:05+08:00,1.1805,103.8175,C,Cloud to Cloud,2026-01-17T18:37:01.387+08:00
2026-01-18 11:27:53,2026-01-17T18:38:00+08:00,2026-01-17T18:40:05+08:00,1.174,103.8209,C,Cloud to Cloud,2026-01-17T18:37:01.388+08:00
2026-01-18 11:27:53,2026-01-17T18:38:00+08:00,2026-01-17T18:40:05+08:00,1.1787,103.8277,C,Cloud to Cloud,2026-01-17T18:37:01.415+08:00
2026-01-18 11:27:53,2026-01-17T18:38:00+08:00,2026-01-17T18:40:05+08:00,1.1832,103.8304,C,Cloud to Cloud,2026-01-17T18:37:01.415+08:00
2026-01-18 11:27:53,2026-01-17T18:38:00+08:00,2026-01-17T18:40:05+08:00,1.182,103.8295,C,Cloud to Cloud,2026-01-17T18:37:01.415+08:00
2026-01-18 11:27:53,2026-01-17T18:38:00+08:00,2026-01-17T18:40:05+08:00,1.184,103.8131,C,Cloud to Cloud,2026-01-17T18:37:01.427+08:00
2026-01-18 11:27:53,2026-01-17T18:38:00+08:00,2026-01-17T18:40:05+08:00,1.1887,103.7645,C,Cloud to Cloud,2026-01-17T18:37:01.46+08:00
2026-01-18 11:27:53,2026-01-17T18:38:00+08:00,2026-01-17T18:40:05+08:00,1.1887,103.7645,C,Cloud to Cloud,2026-01-17T18:37:01.46+08:00
2026-01-18 11:27:53,2026-01-17T18:38:00+08:00,2026-01-17T18:40:05+08:00,1.1954,103.8316,C,Cloud to Cloud,2026-01-17T18:37:01.496+08:00
2026-01-18 11:27:53,2026-01-17T18:36:00+08:00,2026-01-17T18:38:02+08:00,1.1725,103.8337,C,Cloud to Cloud,2026-01-17T18:34:23.725+08:00
2026-01-18 11:27:53,2026-01-17T18:36:00+08:00,2026-01-17T18:38:02+08:00,1.1901,103.8229,C,Cloud to Cloud,2026-01-17T18:34:23.725+08:00
2026-01-18 11:27:53,2026-01-17T18:36:00+08:00,2026-01-17T18:38:02+08:00,1.1837,103.8257,C,Cloud to Cloud,2026-01-17T18:34:23.725+08:00
2026-01-18 11:27:53,2026-01-17T18:36:00+08:00,2026-01-17T18:38:02+08:00,1.1862,103.8267,C,Cloud to Cloud,2026-01-17T18:34:23.725+08:00
2026-01-18 11:27:53,2026-01-17T18:36:00+08:00,2026-01-17T18:38:02+08:00,1.185,103.8261,C,Cloud to Cloud,2026-01-17T18:34:23.726+08:00
2026-01-18 11:27:53,2026-01-17T18:36:00+08:00,2026-01-17T18:38:02+08:00,1.1855,103.8264,C,Cloud to Cloud,2026-01-17T18:34:23.726+08:00
2026-01-18 11:27:53,2026-01-17T18:36:00+08:00,2026-01-17T18:38:02+08:00,1.1862,103.8271,C,Cloud to Cloud,2026-01-17T18:34:23.726+08:00
2026-01-18 11:27:53,2026-01-17T18:36:00+08:00,2026-01-17T18:38:02+08:00,1.1837,103.8268,C,Cloud to Cloud,2026-01-17T18:34:23.726+08:00
2026-01-18 11:27:53,2026-01-17T18:36:00+08:00,2026-01-17T18:38:02+08:00,1.155,103.8344,C,Cloud to Cloud,2026-01-17T18:34:23.726+08:00
2026-01-18 11:27:53,2026-01-17T18:36:00+08:00,2026-01-17T18:38:02+08:00,1.1859,103.8276,C,Cloud to Cloud,2026-01-17T18:34:23.726+08:00
2026-01-18 11:27:53,2026-01-17T18:36:00+08:00,2026-01-17T18:38:02+08:00,1.1836,103.8282,C,Cloud to Cloud,2026-01-17T18:34:23.726+08:00
2026-01-18 11:27:53,2026-01-17T18:36:00+08:00,2026-01-17T18:38:02+08:00,1.1843,103.8283,C,Cloud to Cloud,2026-01-17T18:34:23.726+08:00
2026-01-18 11:27:53,2026-01-17T18:36:00+08:00,2026-01-17T18:38:02+08:00,1.1817,103.8292,C,Cloud to Cloud,2026-01-17T18:34:23.726+08:00
2026-01-18 11:27:53,2026-01-17T18:36:00+08:00,2026-01-17T18:38:02+08:00,1.186,103.8274,C,Cloud to Cloud,2026-01-17T18:34:23.726+08:00
2026-01-18 11:27:53,2026-01-17T18:36:00+08:00,2026-01-17T18:38:02+08:00,1.1873,103.8287,C,Cloud to Cloud,2026-01-17T18:34:23.726+08:00
2026-01-18 11:27:53,2026-01-17T18:36:00+08:00,2026-01-17T18:38:02+08:00,1.187,103.8274,C,Cloud to Cloud,2026-01-17T18:34:23.727+08:00
2026-01-18 11:27:53,2026-01-17T18:36:00+08:00,2026-01-17T18:38:02+08:00,1.1863,103.8267,C,Cloud to Cloud,2026-01-17T18:34:23.727+08:00
2026-01-18 11:27:53,2026-01-17T18:36:00+08:00,2026-01-17T18:38:02+08:00,1.1855,103.8276,C,Cloud to Cloud,2026-01-17T18:34:23.727+08:00
2026-01-18 11:27:53,2026-01-17T18:36:00+08:00,2026-01-17T18:38:02+08:00,1.1862,103.827,C,Cloud to Cloud,2026-01-17T18:34:23.727+08:00
2026-01-18 11:27:53,2026-01-17T18:36:00+08:00,2026-01-17T18:38:02+08:00,1.1855,103.8275,C,Cloud to Cloud,2026-01-17T18:34:23.727+08:00
2026-01-18 11:27:53,2026-01-17T18:36:00+08:00,2026-01-17T18:38:02+08:00,1.1869,103.8269,C,Cloud to Cloud,2026-01-17T18:34:23.727+08:00
2026-01-18 11:27:53,2026-01-17T18:36:00+08:00,2026-01-17T18:38:02+08:00,1.1868,103.8269,C,Cloud to Cloud,2026-01-17T18:34:23.727+08:00
2026-01-18 11:27:53,2026-01-17T18:36:00+08:00,2026-01-17T18:38:02+08:00,1.184,103.8264,C,Cloud to Cloud,2026-01-17T18:34:23.727+08:00
2026-01-18 11:27:53,2026-01-17T18:36:00+08:00,2026-01-17T18:38:02+08:00,1.187,103.8276,C,Cloud to Cloud,2026-01-17T18:34:23.727+08:00
2026-01-18 11:27:53,2026-01-17T18:36:00+08:00,2026-01-17T18:38:02+08:00,1.186,103.8261,C,Cloud to Cloud,2026-01-17T18:34:23.727+08:00
2026-01-18 11:27:53,2026-01-17T18:36:00+08:00,2026-01-17T18:38:02+08:00,1.1852,103.8249,C,Cloud to Cloud,2026-01-17T18:34:23.728+08:00
2026-01-18 11:27:53,2026-01-17T18:36:00+08:00,2026-01-17T18:38:02+08:00,1.1869,103.825,C,Cloud to Cloud,2026-01-17T18:34:23.728+08:00
2026-01-18 11:27:53,2026-01-17T18:36:00+08:00,2026-01-17T18:38:02+08:00,1.1851,103.8259,C,Cloud to Cloud,2026-01-17T18:34:23.728+08:00
2026-01-18 11:27:53,2026-01-17T18:36:00+08:00,2026-01-17T18:38:02+08:00,1.193,103.8207,C,Cloud to Cloud,2026-01-17T18:34:23.728+08:00
2026-01-18 11:27:53,2026-01-17T18:36:00+08:00,2026-01-17T18:38:02+08:00,1.1855,103.8256,C,Cloud to Cloud,2026-01-17T18:34:23.728+08:00
2026-01-18 11:27:53,2026-01-17T18:36:00+08:00,2026-01-17T18:38:02+08:00,1.1877,103.825,C,Cloud to Cloud,2026-01-17T18:34:23.728+08:00
2026-01-18 11:27:53,2026-01-17T18:36:00+08:00,2026-01-17T18:38:02+08:00,1.1861,103.8254,C,Cloud to Cloud,2026-01-17T18:34:23.728+08:00
2026-01-18 11:27:53,2026-01-17T18:36:00+08:00,2026-01-17T18:38:02+08:00,1.1874,103.8225,C,Cloud to Cloud,2026-01-17T18:34:23.728+08:00
2026-01-18 11:27:53,2026-01-17T18:36:00+08:00,2026-01-17T18:38:02+08:00,1.185,103.8245,C,Cloud to Cloud,2026-01-17T18:34:23.728+08:00
2026-01-18 11:27:53,2026-01-17T18:36:00+08:00,2026-01-17T18:38:02+08:00,1.1858,103.8252,C,Cloud to Cloud,2026-01-17T18:34:23.728+08:00
2026-01-18 11:27:53,2026-01-17T18:36:00+08:00,2026-01-17T18:38:02+08:00,1.1863,103.8252,C,Cloud to Cloud,2026-01-17T18:34:23.729+08:00
2026-01-18 11:27:53,2026-01-17T18:36:00+08:00,2026-01-17T18:38:02+08:00,1.1855,103.8252,C,Cloud to Cloud,2026-01-17T18:34:23.729+08:00
2026-01-18 11:27:53,2026-01-17T18:36:00+08:00,2026-01-17T18:38:02+08:00,1.1881,103.8257,C,Cloud to Cloud,2026-01-17T18:34:23.729+08:00
2026-01-18 11:27:53,2026-01-17T18:36:00+08:00,2026-01-17T18:38:02+08:00,1.185,103.8254,C,Cloud to Cloud,2026-01-17T18:34:23.729+08:00
2026-01-18 11:27:53,2026-01-17T18:36:00+08:00,2026-01-17T18:38:02+08:00,1.1857,103.8252,C,Cloud to Cloud,2026-01-17T18:34:23.729+08:00
2026-01-18 11:27:53,2026-01-17T18:36:00+08:00,2026-01-17T18:38:02+08:00,1.1856,103.8254,C,Cloud to Cloud,2026-01-17T18:34:23.729+08:00
2026-01-18 11:27:53,2026-01-17T18:36:00+08:00,2026-01-17T18:38:02+08:00,1.1875,103.8268,C,Cloud to Cloud,2026-01-17T18:34:23.729+08:00
2026-01-18 11:27:53,2026-01-17T18:36:00+08:00,2026-01-17T18:38:02+08:00,1.1841,103.8252,C,Cloud to Cloud,2026-01-17T18:34:23.729+08:00
2026-01-18 11:27:53,2026-01-17T18:36:00+08:00,2026-01-17T18:38:02+08:00,1.1869,103.8258,C,Cloud to Cloud,2026-01-17T18:34:23.729+08:00
2026-01-18 11:27:53,2026-01-17T18:36:00+08:00,2026-01-17T18:38:02+08:00,1.1872,103.8255,C,Cloud to Cloud,2026-01-17T18:34:23.729+08:00
2026-01-18 11:27:53,2026-01-17T18:36:00+08:00,2026-01-17T18:38:02+08:00,1.1864,103.8254,C,Cloud to Cloud,2026-01-17T18:34:23.73+08:00
2026-01-18 11:27:53,2026-01-17T18:36:00+08:00,2026-01-17T18:38:02+08:00,1.187,103.8258,C,Cloud to Cloud,2026-01-17T18:34:23.73+08:00
2026-01-18 11:27:53,2026-01-17T18:36:00+08:00,2026-01-17T18:38:02+08:00,1.185,103.8256,C,Cloud to Cloud,2026-01-17T18:34:23.73+08:00
2026-01-18 11:27:53,2026-01-17T18:36:00+08:00,2026-01-17T18:38:02+08:00,1.186,103.8245,C,Cloud to Cloud,2026-01-17T18:34:23.73+08:00
2026-01-18 11:27:53,2026-01-17T18:36:00+08:00,2026-01-17T18:38:02+08:00,1.1863,103.8263,C,Cloud to Cloud,2026-01-17T18:34:23.73+08:00
2026-01-18 11:27:53,2026-01-17T18:36:00+08:00,2026-01-17T18:38:02+08:00,1.1946,103.8212,C,Cloud to Cloud,2026-01-17T18:34:23.73+08:00
2026-01-18 11:27:53,2026-01-17T18:36:00+08:00,2026-01-17T18:38:02+08:00,1.1868,103.8248,C,Cloud to Cloud,2026-01-17T18:34:23.73+08:00
2026-01-18 11:27:53,2026-01-17T18:36:00+08:00,2026-01-17T18:38:02+08:00,1.1874,103.825,C,Cloud to Cloud,2026-01-17T18:34:23.73+08:00
2026-01-18 11:27:53,2026-01-17T18:36:00+08:00,2026-01-17T18:38:02+08:00,1.1832,103.8245,C,Cloud to Cloud,2026-01-17T18:34:23.73+08:00
2026-01-18 11:27:53,2026-01-17T18:36:00+08:00,2026-01-17T18:38:02+08:00,1.186,103.8271,C,Cloud to Cloud,2026-01-17T18:34:23.731+08:00
2026-01-18 11:27:53,2026-01-17T18:36:00+08:00,2026-01-17T18:38:02+08:00,1.187,103.825,C,Cloud to Cloud,2026-01-17T18:34:23.731+08:00
2026-01-18 11:27:53,2026-01-17T18:36:00+08:00,2026-01-17T18:38:02+08:00,1.1846,103.8258,C,Cloud to Cloud,2026-01-17T18:34:23.731+08:00
2026-01-18 11:27:53,2026-01-17T18:36:00+08:00,2026-01-17T18:38:02+08:00,1.1862,103.8256,C,Cloud to Cloud,2026-01-17T18:34:23.731+08:00
2026-01-18 11:27:53,2026-01-17T18:36:00+08:00,2026-01-17T18:38:02+08:00,1.1848,103.8262,C,Cloud to Cloud,2026-01-17T18:34:23.731+08:00
2026-01-18 11:27:53,2026-01-17T18:36:00+08:00,2026-01-17T18:38:02+08:00,1.1833,103.825,C,Cloud to Cloud,2026-01-17T18:34:23.731+08:00
2026-01-18 11:27:53,2026-01-17T18:36:00+08:00,2026-01-17T18:38:02+08:00,1.2038,103.8159,C,Cloud to Cloud,2026-01-17T18:34:23.736+08:00
2026-01-18 11:27:53,2026-01-17T18:36:00+08:00,2026-01-17T18:38:02+08:00,1.2009,103.816,C,Cloud to Cloud,2026-01-17T18:34:23.737+08:00
2026-01-18 11:27:53,2026-01-17T18:36:00+08:00,2026-01-17T18:38:02+08:00,1.1855,103.8257,C,Cloud to Cloud,2026-01-17T18:34:23.737+08:00
2026-01-18 11:27:53,2026-01-17T18:36:00+08:00,2026-01-17T18:38:02+08:00,1.2029,103.8148,C,Cloud to Cloud,2026-01-17T18:34:23.737+08:00
2026-01-18 11:27:53,2026-01-17T18:36:00+08:00,2026-01-17T18:38:02+08:00,1.186,103.8252,C,Cloud to Cloud,2026-01-17T18:34:23.737+08:00
2026-01-18 11:27:53,2026-01-17T18:36:00+08:00,2026-01-17T18:38:02+08:00,1.1839,103.8234,C,Cloud to Cloud,2026-01-17T18:34:23.737+08:00
2026-01-18 11:27:53,2026-01-17T18:36:00+08:00,2026-01-17T18:38:02+08:00,1.1834,103.8241,C,Cloud to Cloud,2026-01-17T18:34:23.737+08:00
2026-01-18 11:27:53,2026-01-17T18:36:00+08:00,2026-01-17T18:38:02+08:00,1.1904,103.8243,C,Cloud to Cloud,2026-01-17T18:34:23.737+08:00
2026-01-18 11:27:53,2026-01-17T18:36:00+08:00,2026-01-17T18:38:02+08:00,1.1914,103.8272,C,Cloud to Cloud,2026-01-17T18:34:23.738+08:00
2026-01-18 11:27:53,2026-01-17T18:36:00+08:00,2026-01-17T18:38:02+08:00,1.1913,103.8272,C,Cloud to Cloud,2026-01-17T18:34:23.738+08:00
2026-01-18 11:27:53,2026-01-17T18:36:00+08:00,2026-01-17T18:38:02+08:00,1.1889,103.8252,C,Cloud to Cloud,2026-01-17T18:34:23.738+08:00
2026-01-18 11:27:53,2026-01-17T18:36:00+08:00,2026-01-17T18:38:02+08:00,1.1933,103.8252,C,Cloud to Cloud,2026-01-17T18:34:23.742+08:00
2026-01-18 11:27:53,2026-01-17T18:36:00+08:00,2026-01-17T18:38:02+08:00,1.1946,103.8253,C,Cloud to Cloud,2026-01-17T18:34:23.743+08:00
2026-01-18 11:27:53,2026-01-17T18:36:00+08:00,2026-01-17T18:38:02+08:00,1.1894,103.8227,C,Cloud to Cloud,2026-01-17T18:34:23.744+08:00
2026-01-18 11:27:53,2026-01-17T18:36:00+08:00,2026-01-17T18:38:02+08:00,1.1908,103.8218,C,Cloud to Cloud,2026-01-17T18:34:23.744+08:00
2026-01-18 11:27:53,2026-01-17T18:36:00+08:00,2026-01-17T18:38:02+08:00,1.1876,103.8215,C,Cloud to Cloud,2026-01-17T18:34:23.744+08:00
2026-01-18 11:27:53,2026-01-17T18:36:00+08:00,2026-01-17T18:38:02+08:00,1.1883,103.821,C,Cloud to Cloud,2026-01-17T18:34:23.744+08:00
2026-01-18 11:27:53,2026-01-17T18:36:00+08:00,2026-01-17T18:38:02+08:00,1.1556,103.8266,C,Cloud to Cloud,2026-01-17T18:34:23.762+08:00
2026-01-18 11:27:53,2026-01-17T18:36:00+08:00,2026-01-17T18:38:02+08:00,1.1514,103.8243,C,Cloud to Cloud,2026-01-17T18:34:23.762+08:00
2026-01-18 11:27:53,2026-01-17T18:36:00+08:00,2026-01-17T18:38:02+08:00,1.1495,103.8252,C,Cloud to Cloud,2026-01-17T18:34:23.762+08:00
2026-01-18 11:27:53,2026-01-17T18:36:00+08:00,2026-01-17T18:38:02+08:00,1.1513,103.8255,C,Cloud to Cloud,2026-01-17T18:34:23.763+08:00
2026-01-18 11:27:53,2026-01-17T18:36:00+08:00,2026-01-17T18:38:02+08:00,1.1533,103.8258,C,Cloud to Cloud,2026-01-17T18:34:23.763+08:00
2026-01-18 11:27:53,2026-01-17T18:36:00+08:00,2026-01-17T18:38:02+08:00,1.1532,103.8258,C,Cloud to Cloud,2026-01-17T18:34:23.763+08:00
2026-01-18 11:27:53,2026-01-17T18:36:00+08:00,2026-01-17T18:38:02+08:00,1.1524,103.8254,C,Cloud to Cloud,2026-01-17T18:34:23.763+08:00
2026-01-18 11:27:53,2026-01-17T18:36:00+08:00,2026-01-17T18:38:02+08:00,1.1525,103.8254,C,Cloud to Cloud,2026-01-17T18:34:23.763+08:00
2026-01-18 11:27:53,2026-01-17T18:36:00+08:00,2026-01-17T18:38:02+08:00,1.1525,103.8258,C,Cloud to Cloud,2026-01-17T18:34:23.763+08:00
2026-01-18 11:27:53,2026-01-17T18:36:00+08:00,2026-01-17T18:38:02+08:00,1.1462,103.828,C,Cloud to Cloud,2026-01-17T18:34:23.763+08:00
2026-01-18 11:27:53,2026-01-17T18:36:00+08:00,2026-01-17T18:38:02+08:00,1.1494,103.8265,C,Cloud to Cloud,2026-01-17T18:34:23.763+08:00
2026-01-18 11:27:53,2026-01-17T18:36:00+08:00,2026-01-17T18:38:02+08:00,1.1518,103.8261,C,Cloud to Cloud,2026-01-17T18:34:23.763+08:00
2026-01-18 11:27:53,2026-01-17T18:36:00+08:00,2026-01-17T18:38:02+08:00,1.1533,103.8254,C,Cloud to Cloud,2026-01-17T18:34:23.763+08:00
2026-01-18 11:27:53,2026-01-17T18:36:00+08:00,2026-01-17T18:38:02+08:00,1.1511,103.8252,C,Cloud to Cloud,2026-01-17T18:34:23.764+08:00
2026-01-18 11:27:53,2026-01-17T18:36:00+08:00,2026-01-17T18:38:02+08:00,1.1579,103.8274,C,Cloud to Cloud,2026-01-17T18:34:23.764+08:00
2026-01-18 11:27:53,2026-01-17T18:36:00+08:00,2026-01-17T18:38:02+08:00,1.1513,103.8262,C,Cloud to Cloud,2026-01-17T18:34:23.764+08:00
2026-01-18 11:27:53,2026-01-17T18:36:00+08:00,2026-01-17T18:38:02+08:00,1.152,103.8256,C,Cloud to Cloud,2026-01-17T18:34:23.764+08:00
2026-01-18 11:27:53,2026-01-17T18:36:00+08:00,2026-01-17T18:38:02+08:00,1.1501,103.8252,C,Cloud to Cloud,2026-01-17T18:34:23.765+08:00
2026-01-18 11:27:53,2026-01-17T18:36:00+08:00,2026-01-17T18:38:02+08:00,1.1501,103.8252,C,Cloud to Cloud,2026-01-17T18:34:23.765+08:00
2026-01-18 11:27:53,2026-01-17T18:36:00+08:00,2026-01-17T18:38:02+08:00,1.1542,103.8253,C,Cloud to Cloud,2026-01-17T18:34:23.765+08:00
2026-01-18 11:27:53,2026-01-17T18:36:00+08:00,2026-01-17T18:38:02+08:00,1.1581,103.8268,C,Cloud to Cloud,2026-01-17T18:34:23.765+08:00
2026-01-18 11:27:53,2026-01-17T18:36:00+08:00,2026-01-17T18:38:02+08:00,1.1583,103.8267,C,Cloud to Cloud,2026-01-17T18:34:23.765+08:00
2026-01-18 11:27:53,2026-01-17T18:36:00+08:00,2026-01-17T18:38:02+08:00,1.1481,103.8243,C,Cloud to Cloud,2026-01-17T18:34:23.765+08:00
2026-01-18 11:27:53,2026-01-17T18:36:00+08:00,2026-01-17T18:38:02+08:00,1.15,103.8251,C,Cloud to Cloud,2026-01-17T18:34:23.765+08:00
2026-01-18 11:27:53,2026-01-17T18:36:00+08:00,2026-01-17T18:38:02+08:00,1.1526,103.8251,C,Cloud to Cloud,2026-01-17T18:34:23.765+08:00
2026-01-18 11:27:53,2026-01-17T18:36:00+08:00,2026-01-17T18:38:02+08:00,1.1528,103.825,C,Cloud to Cloud,2026-01-17T18:34:23.765+08:00
2026-01-18 11:27:53,2026-01-17T18:36:00+08:00,2026-01-17T18:38:02+08:00,1.1515,103.8248,C,Cloud to Cloud,2026-01-17T18:34:23.765+08:00
2026-01-18 11:27:53,2026-01-17T18:36:00+08:00,2026-01-17T18:38:02+08:00,1.1534,103.8257,C,Cloud to Cloud,2026-01-17T18:34:23.766+08:00
2026-01-18 11:27:53,2026-01-17T18:36:00+08:00,2026-01-17T18:38:02+08:00,1.1531,103.8256,C,Cloud to Cloud,2026-01-17T18:34:23.766+08:00
2026-01-18 11:27:53,2026-01-17T18:36:00+08:00,2026-01-17T18:38:02+08:00,1.1454,103.8236,C,Cloud to Cloud,2026-01-17T18:34:23.766+08:00
2026-01-18 11:27:53,2026-01-17T18:36:00+08:00,2026-01-17T18:38:02+08:00,1.1456,103.8236,C,Cloud to Cloud,2026-01-17T18:34:23.766+08:00
2026-01-18 11:27:53,2026-01-17T18:36:00+08:00,2026-01-17T18:38:02+08:00,1.1519,103.8256,C,Cloud to Cloud,2026-01-17T18:34:23.766+08:00
2026-01-18 11:27:53,2026-01-17T18:36:00+08:00,2026-01-17T18:38:02+08:00,1.1517,103.8257,C,Cloud to Cloud,2026-01-17T18:34:23.766+08:00
2026-01-18 11:27:53,2026-01-17T18:36:00+08:00,2026-01-17T18:38:02+08:00,1.1518,103.8255,C,Cloud to Cloud,2026-01-17T18:34:23.766+08:00
2026-01-18 11:27:53,2026-01-17T18:36:00+08:00,2026-01-17T18:38:02+08:00,1.1504,103.8251,C,Cloud to Cloud,2026-01-17T18:34:23.766+08:00
2026-01-18 11:27:53,2026-01-17T18:36:00+08:00,2026-01-17T18:38:02+08:00,1.1558,103.8268,C,Cloud to Cloud,2026-01-17T18:34:23.766+08:00
2026-01-18 11:27:53,2026-01-17T18:36:00+08:00,2026-01-17T18:38:02+08:00,1.1476,103.8239,C,Cloud to Cloud,2026-01-17T18:34:23.767+08:00
2026-01-18 11:27:53,2026-01-17T18:36:00+08:00,2026-01-17T18:38:02+08:00,1.1497,103.8252,C,Cloud to Cloud,2026-01-17T18:34:23.767+08:00
2026-01-18 11:27:53,2026-01-17T18:36:00+08:00,2026-01-17T18:38:02+08:00,1.1548,103.8267,C,Cloud to Cloud,2026-01-17T18:34:23.767+08:00
2026-01-18 11:27:53,2026-01-17T18:36:00+08:00,2026-01-17T18:38:02+08:00,1.1533,103.8258,C,Cloud to Cloud,2026-01-17T18:34:23.767+08:00
2026-01-18 11:27:53,2026-01-17T18:36:00+08:00,2026-01-17T18:38:02+08:00,1.1541,103.8255,C,Cloud to Cloud,2026-01-17T18:34:23.767+08:00
2026-01-18 11:27:53,2026-01-17T18:36:00+08:00,2026-01-17T18:38:02+08:00,1.1513,103.8252,C,Cloud to Cloud,2026-01-17T18:34:23.767+08:00
2026-01-18 11:27:53,2026-01-17T18:36:00+08:00,2026-01-17T18:38:02+08:00,1.1593,103.8282,C,Cloud to Cloud,2026-01-17T18:34:23.769+08:00
2026-01-18 11:27:53,2026-01-17T18:36:00+08:00,2026-01-17T18:38:02+08:00,1.152,103.8278,G,Cloud to Ground,2026-01-17T18:34:23.769+08:00
2026-01-18 11:27:53,2026-01-17T18:36:00+08:00,2026-01-17T18:38:02+08:00,1.1653,103.8216,C,Cloud to Cloud,2026-01-17T18:34:23.769+08:00
2026-01-18 11:27:53,2026-01-17T18:36:00+08:00,2026-01-17T18:38:02+08:00,1.1677,103.8235,C,Cloud to Cloud,2026-01-17T18:34:23.769+08:00
2026-01-18 11:27:53,2026-01-17T18:36:00+08:00,2026-01-17T18:38:02+08:00,1.2044,103.8232,C,Cloud to Cloud,2026-01-17T18:34:23.769+08:00
2026-01-18 11:27:53,2026-01-17T18:36:00+08:00,2026-01-17T18:38:02+08:00,1.1952,103.8184,C,Cloud to Cloud,2026-01-17T18:34:23.823+08:00
2026-01-18 11:27:53,2026-01-17T18:36:00+08:00,2026-01-17T18:38:02+08:00,1.1908,103.821,C,Cloud to Cloud,2026-01-17T18:34:23.823+08:00
2026-01-18 11:27:53,2026-01-17T18:36:00+08:00,2026-01-17T18:38:02+08:00,1.1854,103.821,C,Cloud to Cloud,2026-01-17T18:34:23.89+08:00
2026-01-18 11:27:53,2026-01-17T18:36:00+08:00,2026-01-17T18:38:02+08:00,1.1881,103.8194,C,Cloud to Cloud,2026-01-17T18:34:23.89+08:00
2026-01-18 11:27:53,2026-01-17T18:36:00+08:00,2026-01-17T18:38:02+08:00,1.1906,103.8186,C,Cloud to Cloud,2026-01-17T18:34:23.89+08:00
2026-01-18 11:27:53,2026-01-17T18:36:00+08:00,2026-01-17T18:38:02+08:00,1.172,103.8308,C,Cloud to Cloud,2026-01-17T18:34:23.921+08:00
2026-01-18 11:27:53,2026-01-17T18:36:00+08:00,2026-01-17T18:38:02+08:00,1.1911,103.8181,C,Cloud to Cloud,2026-01-17T18:34:23.921+08:00
2026-01-18 11:27:53,2026-01-17T18:36:00+08:00,2026-01-17T18:38:02+08:00,1.1469,103.8132,C,Cloud to Cloud,2026-01-17T18:34:57.858+08:00
2026-01-18 11:27:53,2026-01-17T18:36:00+08:00,2026-01-17T18:38:02+08:00,1.166,103.8057,C,Cloud to Cloud,2026-01-17T18:34:57.859+08:00
2026-01-18 11:27:53,2026-01-17T18:36:00+08:00,2026-01-17T18:38:02+08:00,1.1441,103.8121,C,Cloud to Cloud,2026-01-17T18:34:57.859+08:00
2026-01-18 11:27:53,2026-01-17T18:36:00+08:00,2026-01-17T18:38:02+08:00,1.1418,103.8126,C,Cloud to Cloud,2026-01-17T18:34:57.859+08:00
2026-01-18 11:27:53,2026-01-17T18:36:00+08:00,2026-01-17T18:38:02+08:00,1.1721,103.8012,C,Cloud to Cloud,2026-01-17T18:34:57.859+08:00
2026-01-18 11:27:53,2026-01-17T18:36:00+08:00,2026-01-17T18:38:02+08:00,1.1674,103.8031,C,Cloud to Cloud,2026-01-17T18:34:57.859+08:00
2026-01-18 11:27:53,2026-01-17T18:36:00+08:00,2026-01-17T18:38:02+08:00,1.1656,103.8043,C,Cloud to Cloud,2026-01-17T18:34:57.86+08:00
2026-01-18 11:27:53,2026-01-17T18:36:00+08:00,2026-01-17T18:38:02+08:00,1.1654,103.8075,C,Cloud to Cloud,2026-01-17T18:34:57.86+08:00
2026-01-18 11:27:53,2026-01-17T18:36:00+08:00,2026-01-17T18:38:02+08:00,1.148,103.8195,C,Cloud to Cloud,2026-01-17T18:34:57.864+08:00
2026-01-18 11:27:53,2026-01-17T18:36:00+08:00,2026-01-17T18:38:02+08:00,1.148,103.8195,C,Cloud to Cloud,2026-01-17T18:34:57.864+08:00
2026-01-18 11:27:53,2026-01-17T18:36:00+08:00,2026-01-17T18:38:02+08:00,1.1459,103.8181,C,Cloud to Cloud,2026-01-17T18:34:57.864+08:00
2026-01-18 11:27:53,2026-01-17T18:36:00+08:00,2026-01-17T18:38:02+08:00,1.1466,103.8206,C,Cloud to Cloud,2026-01-17T18:34:57.869+08:00
2026-01-18 11:27:53,2026-01-17T18:36:00+08:00,2026-01-17T18:38:02+08:00,1.1466,103.8206,C,Cloud to Cloud,2026-01-17T18:34:57.869+08:00
2026-01-18 11:27:53,2026-01-17T18:36:00+08:00,2026-01-17T18:38:02+08:00,1.1495,103.8211,C,Cloud to Cloud,2026-01-17T18:34:57.87+08:00
2026-01-18 11:27:53,2026-01-17T18:36:00+08:00,2026-01-17T18:38:02+08:00,1.1495,103.8211,C,Cloud to Cloud,2026-01-17T18:34:57.87+08:00
2026-01-18 11:27:53,2026-01-17T18:36:00+08:00,2026-01-17T18:38:02+08:00,1.1251,103.8021,G,Cloud to Ground,2026-01-17T18:34:57.894+08:00
2026-01-18 11:27:53,2026-01-17T18:36:00+08:00,2026-01-17T18:38:02+08:00,1.1649,103.8097,C,Cloud to Cloud,2026-01-17T18:34:57.894+08:00
2026-01-18 11:27:53,2026-01-17T18:36:00+08:00,2026-01-17T18:38:02+08:00,1.142,103.8194,C,Cloud to Cloud,2026-01-17T18:34:57.894+08:00
2026-01-18 11:27:53,2026-01-17T18:36:00+08:00,2026-01-17T18:38:02+08:00,1.1626,103.8113,C,Cloud to Cloud,2026-01-17T18:34:57.894+08:00
2026-01-18 11:27:53,2026-01-17T18:36:00+08:00,2026-01-17T18:38:02+08:00,1.1467,103.8247,C,Cloud to Cloud,2026-01-17T18:34:57.895+08:00
2026-01-18 11:27:53,2026-01-17T18:36:00+08:00,2026-01-17T18:38:02+08:00,1.1467,103.8247,C,Cloud to Cloud,2026-01-17T18:34:57.895+08:00
2026-01-18 11:27:53,2026-01-17T18:36:00+08:00,2026-01-17T18:38:02+08:00,1.2105,103.7851,C,Cloud to Cloud,2026-01-17T18:35:37.212+08:00
2026-01-18 11:27:53,2026-01-17T18:36:00+08:00,2026-01-17T18:38:02+08:00,1.1764,103.8001,C,Cloud to Cloud,2026-01-17T18:35:37.212+08:00
2026-01-18 11:27:53,2026-01-17T18:36:00+08:00,2026-01-17T18:38:02+08:00,1.1914,103.7933,C,Cloud to Cloud,2026-01-17T18:35:37.212+08:00
2026-01-18 11:27:53,2026-01-17T18:36:00+08:00,2026-01-17T18:38:02+08:00,1.2113,103.7849,C,Cloud to Cloud,2026-01-17T18:35:37.212+08:00
2026-01-18 11:27:53,2026-01-17T18:36:00+08:00,2026-01-17T18:38:02+08:00,1.2123,103.7851,C,Cloud to Cloud,2026-01-17T18:35:37.213+08:00
2026-01-18 11:27:53,2026-01-17T18:36:00+08:00,2026-01-17T18:38:02+08:00,1.2132,103.7857,C,Cloud to Cloud,2026-01-17T18:35:37.213+08:00
2026-01-18 11:27:53,2026-01-17T18:36:00+08:00,2026-01-17T18:38:02+08:00,1.1578,103.7991,C,Cloud to Cloud,2026-01-17T18:35:37.213+08:00
2026-01-18 11:27:53,2026-01-17T18:36:00+08:00,2026-01-17T18:38:02+08:00,1.2102,103.7891,C,Cloud to Cloud,2026-01-17T18:35:37.213+08:00
2026-01-18 11:27:53,2026-01-17T18:36:00+08:00,2026-01-17T18:38:02+08:00,1.1647,103.7971,C,Cloud to Cloud,2026-01-17T18:35:37.213+08:00
2026-01-18 11:27:53,2026-01-17T18:36:00+08:00,2026-01-17T18:38:02+08:00,1.2115,103.7887,C,Cloud to Cloud,2026-01-17T18:35:37.213+08:00
2026-01-18 11:27:53,2026-01-17T18:36:00+08:00,2026-01-17T18:38:02+08:00,1.1965,103.7958,C,Cloud to Cloud,2026-01-17T18:35:37.213+08:00
2026-01-18 11:27:53,2026-01-17T18:36:00+08:00,2026-01-17T18:38:02+08:00,1.2101,103.7909,C,Cloud to Cloud,2026-01-17T18:35:37.213+08:00
2026-01-18 11:27:53,2026-01-17T18:36:00+08:00,2026-01-17T18:38:02+08:00,1.206,103.7903,C,Cloud to Cloud,2026-01-17T18:35:37.213+08:00
2026-01-18 11:27:53,2026-01-17T18:36:00+08:00,2026-01-17T18:38:02+08:00,1.2022,103.7921,C,Cloud to Cloud,2026-01-17T18:35:37.213+08:00
2026-01-18 11:27:53,2026-01-17T18:36:00+08:00,2026-01-17T18:38:02+08:00,1.187,103.7796,C,Cloud to Cloud,2026-01-17T18:35:37.213+08:00
2026-01-18 11:27:53,2026-01-17T18:36:00+08:00,2026-01-17T18:38:02+08:00,1.2065,103.7898,C,Cloud to Cloud,2026-01-17T18:35:37.213+08:00
2026-01-18 11:27:53,2026-01-17T18:36:00+08:00,2026-01-17T18:38:02+08:00,1.1933,103.7923,C,Cloud to Cloud,2026-01-17T18:35:37.214+08:00
2026-01-18 11:27:53,2026-01-17T18:36:00+08:00,2026-01-17T18:38:02+08:00,1.2016,103.7939,C,Cloud to Cloud,2026-01-17T18:35:37.214+08:00
2026-01-18 11:27:53,2026-01-17T18:36:00+08:00,2026-01-17T18:38:02+08:00,1.1987,103.7198,C,Cloud to Cloud,2026-01-17T18:35:37.214+08:00
2026-01-18 11:27:53,2026-01-17T18:36:00+08:00,2026-01-17T18:38:02+08:00,1.2082,103.7914,C,Cloud to Cloud,2026-01-17T18:35:37.214+08:00
2026-01-18 11:27:53,2026-01-17T18:36:00+08:00,2026-01-17T18:38:02+08:00,1.2055,103.7859,C,Cloud to Cloud,2026-01-17T18:35:37.215+08:00
2026-01-18 11:27:53,2026-01-17T18:36:00+08:00,2026-01-17T18:38:02+08:00,1.2044,103.7863,C,Cloud to Cloud,2026-01-17T18:35:37.215+08:00
2026-01-18 11:27:53,2026-01-17T18:36:00+08:00,2026-01-17T18:38:02+08:00,1.2123,103.7835,C,Cloud to Cloud,2026-01-17T18:35:37.215+08:00
2026-01-18 11:27:53,2026-01-17T18:36:00+08:00,2026-01-17T18:38:02+08:00,1.1064,103.7371,C,Cloud to Cloud,2026-01-17T18:35:37.215+08:00
2026-01-18 11:27:53,2026-01-17T18:36:00+08:00,2026-01-17T18:38:02+08:00,1.2157,103.7852,C,Cloud to Cloud,2026-01-17T18:35:37.215+08:00
2026-01-18 11:27:53,2026-01-17T18:36:00+08:00,2026-01-17T18:38:02+08:00,1.2158,103.7848,C,Cloud to Cloud,2026-01-17T18:35:37.216+08:00
2026-01-18 11:27:53,2026-01-17T18:36:00+08:00,2026-01-17T18:38:02+08:00,1.1964,103.7938,C,Cloud to Cloud,2026-01-17T18:35:37.217+08:00
2026-01-18 11:27:53,2026-01-17T18:36:00+08:00,2026-01-17T18:38:02+08:00,1.2038,103.7909,C,Cloud to Cloud,2026-01-17T18:35:37.217+08:00
2026-01-18 11:27:53,2026-01-17T18:36:00+08:00,2026-01-17T18:38:02+08:00,1.1995,103.801,C,Cloud to Cloud,2026-01-17T18:35:37.218+08:00
2026-01-18 11:27:53,2026-01-17T18:36:00+08:00,2026-01-17T18:38:02+08:00,1.1927,103.7911,C,Cloud to Cloud,2026-01-17T18:35:37.218+08:00
2026-01-18 11:27:53,2026-01-17T18:36:00+08:00,2026-01-17T18:38:02+08:00,1.1911,103.7818,C,Cloud to Cloud,2026-01-17T18:35:37.219+08:00
2026-01-18 11:27:53,2026-01-17T18:36:00+08:00,2026-01-17T18:38:02+08:00,1.2073,103.7865,C,Cloud to Cloud,2026-01-17T18:35:37.219+08:00
2026-01-18 11:27:53,2026-01-17T18:36:00+08:00,2026-01-17T18:38:02+08:00,1.1989,103.7983,C,Cloud to Cloud,2026-01-17T18:35:37.219+08:00
2026-01-18 11:27:53,2026-01-17T18:36:00+08:00,2026-01-17T18:38:02+08:00,1.1829,103.7693,C,Cloud to Cloud,2026-01-17T18:35:37.221+08:00
2026-01-18 11:27:53,2026-01-17T18:36:00+08:00,2026-01-17T18:38:02+08:00,1.1305,103.7286,C,Cloud to Cloud,2026-01-17T18:35:37.221+08:00
2026-01-18 11:27:53,2026-01-17T18:36:00+08:00,2026-01-17T18:38:02+08:00,1.1829,103.7693,C,Cloud to Cloud,2026-01-17T18:35:37.221+08:00
2026-01-18 11:27:53,2026-01-17T18:36:00+08:00,2026-01-17T18:38:02+08:00,1.1826,103.7666,C,Cloud to Cloud,2026-01-17T18:35:37.221+08:00
2026-01-18 11:27:53,2026-01-17T18:36:00+08:00,2026-01-17T18:38:02+08:00,1.2,103.7643,C,Cloud to Cloud,2026-01-17T18:35:37.222+08:00
2026-01-18 11:27:53,2026-01-17T18:36:00+08:00,2026-01-17T18:38:02+08:00,1.1835,103.7672,C,Cloud to Cloud,2026-01-17T18:35:37.223+08:00
2026-01-18 11:27:53,2026-01-17T18:36:00+08:00,2026-01-17T18:38:02+08:00,1.1835,103.7672,C,Cloud to Cloud,2026-01-17T18:35:37.223+08:00
2026-01-18 11:27:53,2026-01-17T18:36:00+08:00,2026-01-17T18:38:02+08:00,1.213,103.7811,C,Cloud to Cloud,2026-01-17T18:35:37.223+08:00
2026-01-18 11:27:53,2026-01-17T18:36:00+08:00,2026-01-17T18:38:02+08:00,1.1863,103.7757,C,Cloud to Cloud,2026-01-17T18:35:37.224+08:00
2026-01-18 11:27:53,2026-01-17T18:36:00+08:00,2026-01-17T18:38:02+08:00,1.1863,103.7757,C,Cloud to Cloud,2026-01-17T18:35:37.224+08:00
2026-01-18 11:27:53,2026-01-17T18:36:00+08:00,2026-01-17T18:38:02+08:00,1.1859,103.7792,C,Cloud to Cloud,2026-01-17T18:35:37.225+08:00
2026-01-18 11:27:53,2026-01-17T18:36:00+08:00,2026-01-17T18:38:02+08:00,1.1859,103.7792,C,Cloud to Cloud,2026-01-17T18:35:37.225+08:00
2026-01-18 11:27:53,2026-01-17T18:36:00+08:00,2026-01-17T18:38:02+08:00,1.1834,103.7677,C,Cloud to Cloud,2026-01-17T18:35:37.226+08:00
2026-01-18 11:27:53,2026-01-17T18:36:00+08:00,2026-01-17T18:38:02+08:00,1.1834,103.7677,C,Cloud to Cloud,2026-01-17T18:35:37.226+08:00
2026-01-18 11:27:53,2026-01-17T18:36:00+08:00,2026-01-17T18:38:02+08:00,1.1797,103.7666,C,Cloud to Cloud,2026-01-17T18:35:37.226+08:00
2026-01-18 11:27:53,2026-01-17T18:36:00+08:00,2026-01-17T18:38:02+08:00,1.1797,103.7666,C,Cloud to Cloud,2026-01-17T18:35:37.226+08:00
2026-01-18 11:27:53,2026-01-17T18:36:00+08:00,2026-01-17T18:38:02+08:00,1.1982,103.8018,C,Cloud to Cloud,2026-01-17T18:35:37.239+08:00
2026-01-18 11:27:53,2026-01-17T18:36:00+08:00,2026-01-17T18:38:02+08:00,1.2048,103.8038,C,Cloud to Cloud,2026-01-17T18:35:37.24+08:00
2026-01-18 11:27:53,2026-01-17T18:36:00+08:00,2026-01-17T18:38:02+08:00,1.2,103.8082,C,Cloud to Cloud,2026-01-17T18:35:37.24+08:00
2026-01-18 11:27:53,2026-01-17T18:36:00+08:00,2026-01-17T18:38:02+08:00,1.1842,103.7636,C,Cloud to Cloud,2026-01-17T18:35:37.243+08:00
2026-01-18 11:27:53,2026-01-17T18:36:00+08:00,2026-01-17T18:38:02+08:00,1.2047,103.8107,C,Cloud to Cloud,2026-01-17T18:35:37.243+08:00
2026-01-18 11:27:53,2026-01-17T18:36:00+08:00,2026-01-17T18:38:02+08:00,1.2064,103.8113,C,Cloud to Cloud,2026-01-17T18:35:37.244+08:00
2026-01-18 11:27:53,2026-01-17T18:36:00+08:00,2026-01-17T18:38:02+08:00,1.2027,103.8134,C,Cloud to Cloud,2026-01-17T18:35:37.244+08:00
2026-01-18 11:27:53,2026-01-17T18:36:00+08:00,2026-01-17T18:38:02+08:00,1.2063,103.8131,C,Cloud to Cloud,2026-01-17T18:35:37.246+08:00
2026-01-18 11:27:53,2026-01-17T18:36:00+08:00,2026-01-17T18:38:02+08:00,1.2041,103.8169,C,Cloud to Cloud,2026-01-17T18:35:37.248+08:00
2026-01-18 11:27:53,2026-01-17T18:36:00+08:00,2026-01-17T18:38:02+08:00,1.1999,103.8174,C,Cloud to Cloud,2026-01-17T18:35:37.25+08:00
2026-01-18 11:27:53,2026-01-17T18:36:00+08:00,2026-01-17T18:38:02+08:00,1.2012,103.814,C,Cloud to Cloud,2026-01-17T18:35:37.252+08:00
2026-01-18 11:27:53,2026-01-17T18:36:00+08:00,2026-01-17T18:38:02+08:00,1.2043,103.8177,C,Cloud to Cloud,2026-01-17T18:35:37.254+08:00
2026-01-18 11:27:53,2026-01-17T18:36:00+08:00,2026-01-17T18:38:02+08:00,1.1991,103.824,C,Cloud to Cloud,2026-01-17T18:35:37.259+08:00
2026-01-18 11:27:53,2026-01-17T18:36:00+08:00,2026-01-17T18:38:02+08:00,1.2025,103.7943,C,Cloud to Cloud,2026-01-17T18:35:37.275+08:00
2026-01-18 11:27:53,2026-01-17T18:36:00+08:00,2026-01-17T18:38:02+08:00,1.183,103.779,C,Cloud to Cloud,2026-01-17T18:35:37.297+08:00
2026-01-18 11:27:53,2026-01-17T18:36:00+08:00,2026-01-17T18:38:02+08:00,1.187,103.7756,C,Cloud to Cloud,2026-01-17T18:35:37.299+08:00
2026-01-18 11:27:53,2026-01-17T18:36:00+08:00,2026-01-17T18:38:02+08:00,1.2105,103.7674,C,Cloud to Cloud,2026-01-17T18:35:37.299+08:00
2026-01-18 11:27:53,2026-01-17T18:36:00+08:00,2026-01-17T18:38:02+08:00,1.1831,103.8016,C,Cloud to Cloud,2026-01-17T18:35:37.302+08:00
2026-01-18 11:27:53,2026-01-17T18:36:00+08:00,2026-01-17T18:38:02+08:00,1.2173,103.8357,C,Cloud to Cloud,2026-01-17T18:35:37.387+08:00
2026-01-18 11:27:53,2026-01-17T18:36:00+08:00,2026-01-17T18:38:02+08:00,1.1951,103.8337,C,Cloud to Cloud,2026-01-17T18:35:37.48+08:00
2026-01-18 11:27:53,2026-01-17T18:36:00+08:00,2026-01-17T18:38:02+08:00,1.192,103.8369,C,Cloud to Cloud,2026-01-17T18:35:37.54+08:00
2026-01-18 11:27:53,2026-01-17T18:36:00+08:00,2026-01-17T18:38:02+08:00,1.1919,103.833,C,Cloud to Cloud,2026-01-17T18:35:37.54+08:00
2026-01-18 11:27:53,2026-01-17T18:36:00+08:00,2026-01-17T18:38:02+08:00,1.1971,103.8275,C,Cloud to Cloud,2026-01-17T18:35:37.568+08:00
2026-01-18 11:27:53,2026-01-17T18:36:00+08:00,2026-01-17T18:38:02+08:00,1.1967,103.8248,C,Cloud to Cloud,2026-01-17T18:35:37.569+08:00
2026-01-18 11:27:53,2026-01-17T18:34:00+08:00,2026-01-17T18:36:03+08:00,1.2043,103.823,C,Cloud to Cloud,2026-01-17T18:32:06.531+08:00
2026-01-18 11:27:53,2026-01-17T18:34:00+08:00,2026-01-17T18:36:03+08:00,1.1928,103.8238,C,Cloud to Cloud,2026-01-17T18:32:06.531+08:00
2026-01-18 11:27:53,2026-01-17T18:34:00+08:00,2026-01-17T18:36:03+08:00,1.2055,103.8267,C,Cloud to Cloud,2026-01-17T18:32:06.531+08:00
2026-01-18 11:27:53,2026-01-17T18:34:00+08:00,2026-01-17T18:36:03+08:00,1.2097,103.8208,C,Cloud to Cloud,2026-01-17T18:32:06.531+08:00
2026-01-18 11:27:53,2026-01-17T18:34:00+08:00,2026-01-17T18:36:03+08:00,1.1915,103.8236,C,Cloud to Cloud,2026-01-17T18:32:06.531+08:00
2026-01-18 11:27:53,2026-01-17T18:34:00+08:00,2026-01-17T18:36:03+08:00,1.2102,103.8198,C,Cloud to Cloud,2026-01-17T18:32:06.531+08:00
2026-01-18 11:27:53,2026-01-17T18:34:00+08:00,2026-01-17T18:36:03+08:00,1.1892,103.8231,C,Cloud to Cloud,2026-01-17T18:32:06.531+08:00
2026-01-18 11:27:53,2026-01-17T18:34:00+08:00,2026-01-17T18:36:03+08:00,1.2064,103.8202,C,Cloud to Cloud,2026-01-17T18:32:06.532+08:00
2026-01-18 11:27:53,2026-01-17T18:34:00+08:00,2026-01-17T18:36:03+08:00,1.2075,103.8206,C,Cloud to Cloud,2026-01-17T18:32:06.532+08:00
2026-01-18 11:27:53,2026-01-17T18:34:00+08:00,2026-01-17T18:36:03+08:00,1.2077,103.8192,C,Cloud to Cloud,2026-01-17T18:32:06.532+08:00
2026-01-18 11:27:53,2026-01-17T18:34:00+08:00,2026-01-17T18:36:03+08:00,1.2074,103.8178,C,Cloud to Cloud,2026-01-17T18:32:06.532+08:00
2026-01-18 11:27:53,2026-01-17T18:34:00+08:00,2026-01-17T18:36:03+08:00,1.2044,103.8167,C,Cloud to Cloud,2026-01-17T18:32:06.532+08:00
2026-01-18 11:27:53,2026-01-17T18:34:00+08:00,2026-01-17T18:36:03+08:00,1.1861,103.8347,C,Cloud to Cloud,2026-01-17T18:32:06.532+08:00
2026-01-18 11:27:53,2026-01-17T18:34:00+08:00,2026-01-17T18:36:03+08:00,1.2065,103.8165,C,Cloud to Cloud,2026-01-17T18:32:06.532+08:00
2026-01-18 11:27:53,2026-01-17T18:34:00+08:00,2026-01-17T18:36:03+08:00,1.205,103.8182,C,Cloud to Cloud,2026-01-17T18:32:06.533+08:00
2026-01-18 11:27:53,2026-01-17T18:34:00+08:00,2026-01-17T18:36:03+08:00,1.2068,103.8149,C,Cloud to Cloud,2026-01-17T18:32:06.533+08:00
2026-01-18 11:27:53,2026-01-17T18:34:00+08:00,2026-01-17T18:36:03+08:00,1.2037,103.8169,C,Cloud to Cloud,2026-01-17T18:32:06.533+08:00
2026-01-18 11:27:53,2026-01-17T18:34:00+08:00,2026-01-17T18:36:03+08:00,1.2122,103.825,C,Cloud to Cloud,2026-01-17T18:32:06.533+08:00
2026-01-18 11:27:53,2026-01-17T18:34:00+08:00,2026-01-17T18:36:03+08:00,1.2033,103.8186,C,Cloud to Cloud,2026-01-17T18:32:06.533+08:00
2026-01-18 11:27:53,2026-01-17T18:34:00+08:00,2026-01-17T18:36:03+08:00,1.196,103.8194,C,Cloud to Cloud,2026-01-17T18:32:06.533+08:00
2026-01-18 11:27:53,2026-01-17T18:34:00+08:00,2026-01-17T18:36:03+08:00,1.2008,103.8166,C,Cloud to Cloud,2026-01-17T18:32:06.533+08:00
2026-01-18 11:27:53,2026-01-17T18:34:00+08:00,2026-01-17T18:36:03+08:00,1.2193,103.8378,C,Cloud to Cloud,2026-01-17T18:32:06.533+08:00
2026-01-18 11:27:53,2026-01-17T18:34:00+08:00,2026-01-17T18:36:03+08:00,1.2051,103.8143,C,Cloud to Cloud,2026-01-17T18:32:06.534+08:00
2026-01-18 11:27:53,2026-01-17T18:34:00+08:00,2026-01-17T18:36:03+08:00,1.2011,103.8145,C,Cloud to Cloud,2026-01-17T18:32:06.534+08:00
2026-01-18 11:27:53,2026-01-17T18:34:00+08:00,2026-01-17T18:36:03+08:00,1.1969,103.8183,C,Cloud to Cloud,2026-01-17T18:32:06.534+08:00
2026-01-18 11:27:53,2026-01-17T18:34:00+08:00,2026-01-17T18:36:03+08:00,1.1982,103.8176,C,Cloud to Cloud,2026-01-17T18:32:06.534+08:00
2026-01-18 11:27:53,2026-01-17T18:34:00+08:00,2026-01-17T18:36:03+08:00,1.1948,103.8155,C,Cloud to Cloud,2026-01-17T18:32:06.535+08:00
2026-01-18 11:27:53,2026-01-17T18:34:00+08:00,2026-01-17T18:36:03+08:00,1.1887,103.8214,C,Cloud to Cloud,2026-01-17T18:32:06.535+08:00
2026-01-18 11:27:53,2026-01-17T18:34:00+08:00,2026-01-17T18:36:03+08:00,1.2011,103.8118,C,Cloud to Cloud,2026-01-17T18:32:06.536+08:00
2026-01-18 11:27:53,2026-01-17T18:34:00+08:00,2026-01-17T18:36:03+08:00,1.2028,103.8136,C,Cloud to Cloud,2026-01-17T18:32:06.536+08:00
2026-01-18 11:27:53,2026-01-17T18:34:00+08:00,2026-01-17T18:36:03+08:00,1.197,103.8146,C,Cloud to Cloud,2026-01-17T18:32:06.537+08:00
2026-01-18 11:27:53,2026-01-17T18:34:00+08:00,2026-01-17T18:36:03+08:00,1.2057,103.8178,C,Cloud to Cloud,2026-01-17T18:32:06.607+08:00
2026-01-18 11:27:53,2026-01-17T18:34:00+08:00,2026-01-17T18:36:03+08:00,1.2103,103.8393,C,Cloud to Cloud,2026-01-17T18:32:06.631+08:00
2026-01-18 11:27:53,2026-01-17T18:34:00+08:00,2026-01-17T18:36:03+08:00,1.2167,103.8317,C,Cloud to Cloud,2026-01-17T18:32:06.632+08:00
2026-01-18 11:27:53,2026-01-17T18:34:00+08:00,2026-01-17T18:36:03+08:00,1.2117,103.838,C,Cloud to Cloud,2026-01-17T18:32:06.632+08:00
2026-01-18 11:27:53,2026-01-17T18:34:00+08:00,2026-01-17T18:36:03+08:00,1.2207,103.8328,C,Cloud to Cloud,2026-01-17T18:32:06.634+08:00
2026-01-18 11:27:53,2026-01-17T18:34:00+08:00,2026-01-17T18:36:03+08:00,1.1855,103.7746,C,Cloud to Cloud,2026-01-17T18:33:26.547+08:00
2026-01-18 11:27:53,2026-01-17T18:34:00+08:00,2026-01-17T18:36:03+08:00,1.1719,103.7818,C,Cloud to Cloud,2026-01-17T18:33:26.547+08:00
2026-01-18 11:27:53,2026-01-17T18:34:00+08:00,2026-01-17T18:36:03+08:00,1.1858,103.7746,C,Cloud to Cloud,2026-01-17T18:33:26.547+08:00
2026-01-18 11:27:53,2026-01-17T18:34:00+08:00,2026-01-17T18:36:03+08:00,1.1789,103.7771,C,Cloud to Cloud,2026-01-17T18:33:26.547+08:00
2026-01-18 11:27:53,2026-01-17T18:34:00+08:00,2026-01-17T18:36:03+08:00,1.1875,103.777,C,Cloud to Cloud,2026-01-17T18:33:26.547+08:00
2026-01-18 11:27:53,2026-01-17T18:34:00+08:00,2026-01-17T18:36:03+08:00,1.1894,103.7796,C,Cloud to Cloud,2026-01-17T18:33:26.547+08:00
2026-01-18 11:27:53,2026-01-17T18:34:00+08:00,2026-01-17T18:36:03+08:00,1.1878,103.7776,C,Cloud to Cloud,2026-01-17T18:33:26.547+08:00
2026-01-18 11:27:53,2026-01-17T18:34:00+08:00,2026-01-17T18:36:03+08:00,1.1892,103.7786,C,Cloud to Cloud,2026-01-17T18:33:26.547+08:00
2026-01-18 11:27:53,2026-01-17T18:34:00+08:00,2026-01-17T18:36:03+08:00,1.1907,103.7796,C,Cloud to Cloud,2026-01-17T18:33:26.547+08:00
2026-01-18 11:27:53,2026-01-17T18:34:00+08:00,2026-01-17T18:36:03+08:00,1.1905,103.7798,C,Cloud to Cloud,2026-01-17T18:33:26.548+08:00
2026-01-18 11:27:53,2026-01-17T18:34:00+08:00,2026-01-17T18:36:03+08:00,1.1902,103.7789,C,Cloud to Cloud,2026-01-17T18:33:26.548+08:00
2026-01-18 11:27:53,2026-01-17T18:34:00+08:00,2026-01-17T18:36:03+08:00,1.1903,103.7785,C,Cloud to Cloud,2026-01-17T18:33:26.548+08:00
2026-01-18 11:27:53,2026-01-17T18:34:00+08:00,2026-01-17T18:36:03+08:00,1.1904,103.7785,C,Cloud to Cloud,2026-01-17T18:33:26.548+08:00
2026-01-18 11:27:53,2026-01-17T18:34:00+08:00,2026-01-17T18:36:03+08:00,1.1902,103.779,C,Cloud to Cloud,2026-01-17T18:33:26.548+08:00
2026-01-18 11:27:53,2026-01-17T18:34:00+08:00,2026-01-17T18:36:03+08:00,1.1898,103.7787,C,Cloud to Cloud,2026-01-17T18:33:26.549+08:00
2026-01-18 11:27:53,2026-01-17T18:34:00+08:00,2026-01-17T18:36:03+08:00,1.1902,103.7782,C,Cloud to Cloud,2026-01-17T18:33:26.549+08:00
2026-01-18 11:27:53,2026-01-17T18:34:00+08:00,2026-01-17T18:36:03+08:00,1.1904,103.7789,C,Cloud to Cloud,2026-01-17T18:33:26.55+08:00
2026-01-18 11:27:53,2026-01-17T18:34:00+08:00,2026-01-17T18:36:03+08:00,1.1915,103.7782,C,Cloud to Cloud,2026-01-17T18:33:26.55+08:00
2026-01-18 11:27:53,2026-01-17T18:34:00+08:00,2026-01-17T18:36:03+08:00,1.1899,103.7785,C,Cloud to Cloud,2026-01-17T18:33:26.55+08:00
2026-01-18 11:27:53,2026-01-17T18:34:00+08:00,2026-01-17T18:36:03+08:00,1.1901,103.7796,C,Cloud to Cloud,2026-01-17T18:33:26.551+08:00
2026-01-18 11:27:53,2026-01-17T18:34:00+08:00,2026-01-17T18:36:03+08:00,1.1909,103.7803,C,Cloud to Cloud,2026-01-17T18:33:26.551+08:00
2026-01-18 11:27:53,2026-01-17T18:34:00+08:00,2026-01-17T18:36:03+08:00,1.191,103.7801,C,Cloud to Cloud,2026-01-17T18:33:26.552+08:00
2026-01-18 11:27:53,2026-01-17T18:34:00+08:00,2026-01-17T18:36:03+08:00,1.1901,103.78,C,Cloud to Cloud,2026-01-17T18:33:26.552+08:00
2026-01-18 11:27:53,2026-01-17T18:34:00+08:00,2026-01-17T18:36:03+08:00,1.1919,103.78,C,Cloud to Cloud,2026-01-17T18:33:26.552+08:00
2026-01-18 11:27:53,2026-01-17T18:34:00+08:00,2026-01-17T18:36:03+08:00,1.1915,103.7789,C,Cloud to Cloud,2026-01-17T18:33:26.552+08:00
2026-01-18 11:27:53,2026-01-17T18:34:00+08:00,2026-01-17T18:36:03+08:00,1.1908,103.7807,C,Cloud to Cloud,2026-01-17T18:33:26.552+08:00
2026-01-18 11:27:53,2026-01-17T18:34:00+08:00,2026-01-17T18:36:03+08:00,1.1908,103.7806,C,Cloud to Cloud,2026-01-17T18:33:26.552+08:00
2026-01-18 11:27:53,2026-01-17T18:34:00+08:00,2026-01-17T18:36:03+08:00,1.1919,103.7796,C,Cloud to Cloud,2026-01-17T18:33:26.552+08:00
2026-01-18 11:27:53,2026-01-17T18:34:00+08:00,2026-01-17T18:36:03+08:00,1.1909,103.7801,C,Cloud to Cloud,2026-01-17T18:33:26.553+08:00
2026-01-18 11:27:53,2026-01-17T18:34:00+08:00,2026-01-17T18:36:03+08:00,1.1909,103.7782,C,Cloud to Cloud,2026-01-17T18:33:26.553+08:00
2026-01-18 11:27:53,2026-01-17T18:34:00+08:00,2026-01-17T18:36:03+08:00,1.1903,103.7795,C,Cloud to Cloud,2026-01-17T18:33:26.553+08:00
2026-01-18 11:27:53,2026-01-17T18:34:00+08:00,2026-01-17T18:36:03+08:00,1.1917,103.7784,C,Cloud to Cloud,2026-01-17T18:33:26.553+08:00
2026-01-18 11:27:53,2026-01-17T18:34:00+08:00,2026-01-17T18:36:03+08:00,1.1901,103.7796,C,Cloud to Cloud,2026-01-17T18:33:26.554+08:00
2026-01-18 11:27:53,2026-01-17T18:34:00+08:00,2026-01-17T18:36:03+08:00,1.1908,103.7795,C,Cloud to Cloud,2026-01-17T18:33:26.554+08:00
2026-01-18 11:27:53,2026-01-17T18:34:00+08:00,2026-01-17T18:36:03+08:00,1.1909,103.7788,C,Cloud to Cloud,2026-01-17T18:33:26.554+08:00
2026-01-18 11:27:53,2026-01-17T18:34:00+08:00,2026-01-17T18:36:03+08:00,1.1886,103.779,C,Cloud to Cloud,2026-01-17T18:33:26.555+08:00
2026-01-18 11:27:53,2026-01-17T18:34:00+08:00,2026-01-17T18:36:03+08:00,1.1863,103.7806,C,Cloud to Cloud,2026-01-17T18:33:26.559+08:00
2026-01-18 11:27:53,2026-01-17T18:34:00+08:00,2026-01-17T18:36:03+08:00,1.1831,103.7795,C,Cloud to Cloud,2026-01-17T18:33:26.56+08:00
2026-01-18 11:27:53,2026-01-17T18:34:00+08:00,2026-01-17T18:36:03+08:00,1.1831,103.7795,C,Cloud to Cloud,2026-01-17T18:33:26.56+08:00
2026-01-18 11:27:53,2026-01-17T18:34:00+08:00,2026-01-17T18:36:03+08:00,1.1791,103.7783,C,Cloud to Cloud,2026-01-17T18:33:26.56+08:00
2026-01-18 11:27:53,2026-01-17T18:34:00+08:00,2026-01-17T18:36:03+08:00,1.1843,103.7771,C,Cloud to Cloud,2026-01-17T18:33:26.56+08:00
2026-01-18 11:27:53,2026-01-17T18:34:00+08:00,2026-01-17T18:36:03+08:00,1.1814,103.7813,C,Cloud to Cloud,2026-01-17T18:33:26.56+08:00
2026-01-18 11:27:53,2026-01-17T18:34:00+08:00,2026-01-17T18:36:03+08:00,1.1813,103.7786,C,Cloud to Cloud,2026-01-17T18:33:26.56+08:00
2026-01-18 11:27:53,2026-01-17T18:34:00+08:00,2026-01-17T18:36:03+08:00,1.1823,103.7781,C,Cloud to Cloud,2026-01-17T18:33:26.56+08:00
2026-01-18 11:27:53,2026-01-17T18:34:00+08:00,2026-01-17T18:36:03+08:00,1.1812,103.78,C,Cloud to Cloud,2026-01-17T18:33:26.561+08:00
2026-01-18 11:27:53,2026-01-17T18:34:00+08:00,2026-01-17T18:36:03+08:00,1.1832,103.7803,C,Cloud to Cloud,2026-01-17T18:33:26.561+08:00
2026-01-18 11:27:53,2026-01-17T18:34:00+08:00,2026-01-17T18:36:03+08:00,1.1848,103.7783,C,Cloud to Cloud,2026-01-17T18:33:26.561+08:00
2026-01-18 11:27:53,2026-01-17T18:34:00+08:00,2026-01-17T18:36:03+08:00,1.1836,103.7781,C,Cloud to Cloud,2026-01-17T18:33:26.561+08:00
2026-01-18 11:27:53,2026-01-17T18:34:00+08:00,2026-01-17T18:36:03+08:00,1.1836,103.7781,C,Cloud to Cloud,2026-01-17T18:33:26.561+08:00
2026-01-18 11:27:53,2026-01-17T18:34:00+08:00,2026-01-17T18:36:03+08:00,1.1816,103.7807,C,Cloud to Cloud,2026-01-17T18:33:26.561+08:00
2026-01-18 11:27:53,2026-01-17T18:34:00+08:00,2026-01-17T18:36:03+08:00,1.1832,103.7785,C,Cloud to Cloud,2026-01-17T18:33:26.561+08:00
2026-01-18 11:27:53,2026-01-17T18:34:00+08:00,2026-01-17T18:36:03+08:00,1.1819,103.7801,C,Cloud to Cloud,2026-01-17T18:33:26.561+08:00
2026-01-18 11:27:53,2026-01-17T18:34:00+08:00,2026-01-17T18:36:03+08:00,1.1843,103.7788,C,Cloud to Cloud,2026-01-17T18:33:26.561+08:00
2026-01-18 11:27:53,2026-01-17T18:34:00+08:00,2026-01-17T18:36:03+08:00,1.1822,103.7796,C,Cloud to Cloud,2026-01-17T18:33:26.561+08:00
2026-01-18 11:27:53,2026-01-17T18:34:00+08:00,2026-01-17T18:36:03+08:00,1.18,103.7792,C,Cloud to Cloud,2026-01-17T18:33:26.562+08:00
2026-01-18 11:27:53,2026-01-17T18:34:00+08:00,2026-01-17T18:36:03+08:00,1.1812,103.7791,C,Cloud to Cloud,2026-01-17T18:33:26.564+08:00
2026-01-18 11:27:53,2026-01-17T18:34:00+08:00,2026-01-17T18:36:03+08:00,1.1812,103.7791,C,Cloud to Cloud,2026-01-17T18:33:26.564+08:00
2026-01-18 11:27:53,2026-01-17T18:34:00+08:00,2026-01-17T18:36:03+08:00,1.1829,103.7791,C,Cloud to Cloud,2026-01-17T18:33:26.564+08:00
2026-01-18 11:27:53,2026-01-17T18:34:00+08:00,2026-01-17T18:36:03+08:00,1.1787,103.78,C,Cloud to Cloud,2026-01-17T18:33:26.564+08:00
2026-01-18 11:27:53,2026-01-17T18:34:00+08:00,2026-01-17T18:36:03+08:00,1.1788,103.7801,C,Cloud to Cloud,2026-01-17T18:33:26.564+08:00
2026-01-18 11:27:53,2026-01-17T18:34:00+08:00,2026-01-17T18:36:03+08:00,1.1793,103.7791,C,Cloud to Cloud,2026-01-17T18:33:26.565+08:00
2026-01-18 11:27:53,2026-01-17T18:34:00+08:00,2026-01-17T18:36:03+08:00,1.1763,103.7798,C,Cloud to Cloud,2026-01-17T18:33:26.565+08:00
2026-01-18 11:27:53,2026-01-17T18:34:00+08:00,2026-01-17T18:36:03+08:00,1.1772,103.7808,C,Cloud to Cloud,2026-01-17T18:33:26.565+08:00
2026-01-18 11:27:53,2026-01-17T18:34:00+08:00,2026-01-17T18:36:03+08:00,1.1792,103.7804,C,Cloud to Cloud,2026-01-17T18:33:26.565+08:00
2026-01-18 11:27:53,2026-01-17T18:34:00+08:00,2026-01-17T18:36:03+08:00,1.1794,103.7807,C,Cloud to Cloud,2026-01-17T18:33:26.565+08:00
2026-01-18 11:27:53,2026-01-17T18:34:00+08:00,2026-01-17T18:36:03+08:00,1.177,103.7801,C,Cloud to Cloud,2026-01-17T18:33:26.565+08:00
2026-01-18 11:27:53,2026-01-17T18:34:00+08:00,2026-01-17T18:36:03+08:00,1.1773,103.7793,C,Cloud to Cloud,2026-01-17T18:33:26.565+08:00
2026-01-18 11:27:53,2026-01-17T18:34:00+08:00,2026-01-17T18:36:03+08:00,1.176,103.7807,C,Cloud to Cloud,2026-01-17T18:33:26.565+08:00
2026-01-18 11:27:53,2026-01-17T18:34:00+08:00,2026-01-17T18:36:03+08:00,1.1781,103.781,C,Cloud to Cloud,2026-01-17T18:33:26.566+08:00
2026-01-18 11:27:53,2026-01-17T18:34:00+08:00,2026-01-17T18:36:03+08:00,1.1772,103.7809,C,Cloud to Cloud,2026-01-17T18:33:26.566+08:00
2026-01-18 11:27:53,2026-01-17T18:34:00+08:00,2026-01-17T18:36:03+08:00,1.1768,103.7817,C,Cloud to Cloud,2026-01-17T18:33:26.566+08:00
2026-01-18 11:27:53,2026-01-17T18:34:00+08:00,2026-01-17T18:36:03+08:00,1.1772,103.7816,C,Cloud to Cloud,2026-01-17T18:33:26.566+08:00
2026-01-18 11:27:53,2026-01-17T18:34:00+08:00,2026-01-17T18:36:03+08:00,1.177,103.781,C,Cloud to Cloud,2026-01-17T18:33:26.566+08:00
2026-01-18 11:27:53,2026-01-17T18:34:00+08:00,2026-01-17T18:36:03+08:00,1.1763,103.7801,C,Cloud to Cloud,2026-01-17T18:33:26.566+08:00
2026-01-18 11:27:53,2026-01-17T18:34:00+08:00,2026-01-17T18:36:03+08:00,1.1769,103.7819,C,Cloud to Cloud,2026-01-17T18:33:26.566+08:00
2026-01-18 11:27:53,2026-01-17T18:34:00+08:00,2026-01-17T18:36:03+08:00,1.1772,103.7809,C,Cloud to Cloud,2026-01-17T18:33:26.566+08:00
2026-01-18 11:27:53,2026-01-17T18:34:00+08:00,2026-01-17T18:36:03+08:00,1.1767,103.7822,C,Cloud to Cloud,2026-01-17T18:33:26.566+08:00
2026-01-18 11:27:53,2026-01-17T18:34:00+08:00,2026-01-17T18:36:03+08:00,1.1759,103.782,C,Cloud to Cloud,2026-01-17T18:33:26.566+08:00
2026-01-18 11:27:53,2026-01-17T18:34:00+08:00,2026-01-17T18:36:03+08:00,1.1784,103.7829,C,Cloud to Cloud,2026-01-17T18:33:26.567+08:00
2026-01-18 11:27:53,2026-01-17T18:34:00+08:00,2026-01-17T18:36:03+08:00,1.1769,103.781,C,Cloud to Cloud,2026-01-17T18:33:26.567+08:00
2026-01-18 11:27:53,2026-01-17T18:34:00+08:00,2026-01-17T18:36:03+08:00,1.1766,103.7836,C,Cloud to Cloud,2026-01-17T18:33:26.567+08:00
2026-01-18 11:27:53,2026-01-17T18:34:00+08:00,2026-01-17T18:36:03+08:00,1.1771,103.7833,C,Cloud to Cloud,2026-01-17T18:33:26.567+08:00
2026-01-18 11:27:53,2026-01-17T18:34:00+08:00,2026-01-17T18:36:03+08:00,1.1738,103.7813,C,Cloud to Cloud,2026-01-17T18:33:26.567+08:00
2026-01-18 11:27:53,2026-01-17T18:34:00+08:00,2026-01-17T18:36:03+08:00,1.1759,103.7817,C,Cloud to Cloud,2026-01-17T18:33:26.567+08:00
2026-01-18 11:27:53,2026-01-17T18:34:00+08:00,2026-01-17T18:36:03+08:00,1.1754,103.7821,C,Cloud to Cloud,2026-01-17T18:33:26.567+08:00
2026-01-18 11:27:53,2026-01-17T18:34:00+08:00,2026-01-17T18:36:03+08:00,1.1764,103.7811,C,Cloud to Cloud,2026-01-17T18:33:26.567+08:00
2026-01-18 11:27:53,2026-01-17T18:34:00+08:00,2026-01-17T18:36:03+08:00,1.1764,103.7831,C,Cloud to Cloud,2026-01-17T18:33:26.567+08:00
2026-01-18 11:27:53,2026-01-17T18:34:00+08:00,2026-01-17T18:36:03+08:00,1.1764,103.7831,C,Cloud to Cloud,2026-01-17T18:33:26.567+08:00
2026-01-18 11:27:53,2026-01-17T18:34:00+08:00,2026-01-17T18:36:03+08:00,1.1772,103.782,C,Cloud to Cloud,2026-01-17T18:33:26.567+08:00
2026-01-18 11:27:53,2026-01-17T18:34:00+08:00,2026-01-17T18:36:03+08:00,1.1761,103.7835,C,Cloud to Cloud,2026-01-17T18:33:26.568+08:00
2026-01-18 11:27:53,2026-01-17T18:34:00+08:00,2026-01-17T18:36:03+08:00,1.1769,103.7823,C,Cloud to Cloud,2026-01-17T18:33:26.568+08:00
2026-01-18 11:27:53,2026-01-17T18:34:00+08:00,2026-01-17T18:36:03+08:00,1.1762,103.782,C,Cloud to Cloud,2026-01-17T18:33:26.568+08:00
2026-01-18 11:27:53,2026-01-17T18:34:00+08:00,2026-01-17T18:36:03+08:00,1.1914,103.7796,C,Cloud to Cloud,2026-01-17T18:33:26.568+08:00
2026-01-18 11:27:53,2026-01-17T18:34:00+08:00,2026-01-17T18:36:03+08:00,1.2074,103.7752,C,Cloud to Cloud,2026-01-17T18:33:26.568+08:00
2026-01-18 11:27:53,2026-01-17T18:34:00+08:00,2026-01-17T18:36:03+08:00,1.1813,103.7826,C,Cloud to Cloud,2026-01-17T18:33:26.568+08:00
2026-01-18 11:27:53,2026-01-17T18:34:00+08:00,2026-01-17T18:36:03+08:00,1.1786,103.7808,C,Cloud to Cloud,2026-01-17T18:33:26.568+08:00
2026-01-18 11:27:53,2026-01-17T18:34:00+08:00,2026-01-17T18:36:03+08:00,1.1802,103.7822,C,Cloud to Cloud,2026-01-17T18:33:26.568+08:00
2026-01-18 11:27:53,2026-01-17T18:34:00+08:00,2026-01-17T18:36:03+08:00,1.1986,103.7765,C,Cloud to Cloud,2026-01-17T18:33:26.568+08:00
2026-01-18 11:27:53,2026-01-17T18:34:00+08:00,2026-01-17T18:36:03+08:00,1.1802,103.7809,C,Cloud to Cloud,2026-01-17T18:33:26.568+08:00
2026-01-18 11:27:53,2026-01-17T18:34:00+08:00,2026-01-17T18:36:03+08:00,1.1796,103.7802,C,Cloud to Cloud,2026-01-17T18:33:26.569+08:00
2026-01-18 11:27:53,2026-01-17T18:34:00+08:00,2026-01-17T18:36:03+08:00,1.1821,103.7788,C,Cloud to Cloud,2026-01-17T18:33:26.569+08:00
2026-01-18 11:27:53,2026-01-17T18:34:00+08:00,2026-01-17T18:36:03+08:00,1.1819,103.7786,C,Cloud to Cloud,2026-01-17T18:33:26.569+08:00
2026-01-18 11:27:53,2026-01-17T18:34:00+08:00,2026-01-17T18:36:03+08:00,1.1788,103.7801,C,Cloud to Cloud,2026-01-17T18:33:26.569+08:00
2026-01-18 11:27:53,2026-01-17T18:34:00+08:00,2026-01-17T18:36:03+08:00,1.1783,103.7805,C,Cloud to Cloud,2026-01-17T18:33:26.569+08:00
2026-01-18 11:27:53,2026-01-17T18:34:00+08:00,2026-01-17T18:36:03+08:00,1.2,103.7739,C,Cloud to Cloud,2026-01-17T18:33:26.569+08:00
2026-01-18 11:27:53,2026-01-17T18:34:00+08:00,2026-01-17T18:36:03+08:00,1.1784,103.7798,C,Cloud to Cloud,2026-01-17T18:33:26.569+08:00
2026-01-18 11:27:53,2026-01-17T18:34:00+08:00,2026-01-17T18:36:03+08:00,1.1802,103.779,C,Cloud to Cloud,2026-01-17T18:33:26.569+08:00
2026-01-18 11:27:53,2026-01-17T18:34:00+08:00,2026-01-17T18:36:03+08:00,1.1933,103.7753,C,Cloud to Cloud,2026-01-17T18:33:26.57+08:00
2026-01-18 11:27:53,2026-01-17T18:34:00+08:00,2026-01-17T18:36:03+08:00,1.1767,103.779,C,Cloud to Cloud,2026-01-17T18:33:26.57+08:00
2026-01-18 11:27:53,2026-01-17T18:34:00+08:00,2026-01-17T18:36:03+08:00,1.178,103.7787,C,Cloud to Cloud,2026-01-17T18:33:26.57+08:00
2026-01-18 11:27:53,2026-01-17T18:34:00+08:00,2026-01-17T18:36:03+08:00,1.1781,103.7768,C,Cloud to Cloud,2026-01-17T18:33:26.57+08:00
2026-01-18 11:27:53,2026-01-17T18:34:00+08:00,2026-01-17T18:36:03+08:00,1.1778,103.7782,C,Cloud to Cloud,2026-01-17T18:33:26.57+08:00
2026-01-18 11:27:53,2026-01-17T18:34:00+08:00,2026-01-17T18:36:03+08:00,1.1805,103.78,C,Cloud to Cloud,2026-01-17T18:33:26.57+08:00
2026-01-18 11:27:53,2026-01-17T18:34:00+08:00,2026-01-17T18:36:03+08:00,1.1775,103.7782,C,Cloud to Cloud,2026-01-17T18:33:26.57+08:00
2026-01-18 11:27:53,2026-01-17T18:34:00+08:00,2026-01-17T18:36:03+08:00,1.1968,103.7737,C,Cloud to Cloud,2026-01-17T18:33:26.57+08:00
2026-01-18 11:27:53,2026-01-17T18:34:00+08:00,2026-01-17T18:36:03+08:00,1.1774,103.7783,C,Cloud to Cloud,2026-01-17T18:33:26.57+08:00
2026-01-18 11:27:53,2026-01-17T18:34:00+08:00,2026-01-17T18:36:03+08:00,1.1764,103.7794,C,Cloud to Cloud,2026-01-17T18:33:26.57+08:00
2026-01-18 11:27:53,2026-01-17T18:34:00+08:00,2026-01-17T18:36:03+08:00,1.1732,103.7766,C,Cloud to Cloud,2026-01-17T18:33:26.571+08:00
2026-01-18 11:27:53,2026-01-17T18:34:00+08:00,2026-01-17T18:36:03+08:00,1.1755,103.7784,C,Cloud to Cloud,2026-01-17T18:33:26.571+08:00
2026-01-18 11:27:53,2026-01-17T18:34:00+08:00,2026-01-17T18:36:03+08:00,1.1743,103.7801,C,Cloud to Cloud,2026-01-17T18:33:26.571+08:00
2026-01-18 11:27:53,2026-01-17T18:34:00+08:00,2026-01-17T18:36:03+08:00,1.1749,103.7793,C,Cloud to Cloud,2026-01-17T18:33:26.571+08:00
2026-01-18 11:27:53,2026-01-17T18:34:00+08:00,2026-01-17T18:36:03+08:00,1.1718,103.7778,C,Cloud to Cloud,2026-01-17T18:33:26.571+08:00
2026-01-18 11:27:53,2026-01-17T18:34:00+08:00,2026-01-17T18:36:03+08:00,1.1729,103.7776,C,Cloud to Cloud,2026-01-17T18:33:26.571+08:00
2026-01-18 11:27:53,2026-01-17T18:34:00+08:00,2026-01-17T18:36:03+08:00,1.1727,103.7799,C,Cloud to Cloud,2026-01-17T18:33:26.571+08:00
2026-01-18 11:27:53,2026-01-17T18:34:00+08:00,2026-01-17T18:36:03+08:00,1.1715,103.7791,C,Cloud to Cloud,2026-01-17T18:33:26.571+08:00
2026-01-18 11:27:53,2026-01-17T18:34:00+08:00,2026-01-17T18:36:03+08:00,1.1725,103.7789,C,Cloud to Cloud,2026-01-17T18:33:26.571+08:00
2026-01-18 11:27:53,2026-01-17T18:34:00+08:00,2026-01-17T18:36:03+08:00,1.1765,103.7796,C,Cloud to Cloud,2026-01-17T18:33:26.572+08:00
2026-01-18 11:27:53,2026-01-17T18:34:00+08:00,2026-01-17T18:36:03+08:00,1.1741,103.7787,C,Cloud to Cloud,2026-01-17T18:33:26.572+08:00
2026-01-18 11:27:53,2026-01-17T18:34:00+08:00,2026-01-17T18:36:03+08:00,1.1748,103.7823,C,Cloud to Cloud,2026-01-17T18:33:26.572+08:00
2026-01-18 11:27:53,2026-01-17T18:34:00+08:00,2026-01-17T18:36:03+08:00,1.1702,103.7791,C,Cloud to Cloud,2026-01-17T18:33:26.572+08:00
2026-01-18 11:27:53,2026-01-17T18:34:00+08:00,2026-01-17T18:36:03+08:00,1.1894,103.7754,C,Cloud to Cloud,2026-01-17T18:33:26.572+08:00
2026-01-18 11:27:53,2026-01-17T18:34:00+08:00,2026-01-17T18:36:03+08:00,1.1747,103.7802,C,Cloud to Cloud,2026-01-17T18:33:26.572+08:00
2026-01-18 11:27:53,2026-01-17T18:34:00+08:00,2026-01-17T18:36:03+08:00,1.1734,103.7818,C,Cloud to Cloud,2026-01-17T18:33:26.572+08:00
2026-01-18 11:27:53,2026-01-17T18:34:00+08:00,2026-01-17T18:36:03+08:00,1.1717,103.78,C,Cloud to Cloud,2026-01-17T18:33:26.572+08:00
2026-01-18 11:27:53,2026-01-17T18:34:00+08:00,2026-01-17T18:36:03+08:00,1.1709,103.7801,C,Cloud to Cloud,2026-01-17T18:33:26.572+08:00
2026-01-18 11:27:53,2026-01-17T18:34:00+08:00,2026-01-17T18:36:03+08:00,1.1712,103.7798,C,Cloud to Cloud,2026-01-17T18:33:26.573+08:00
2026-01-18 11:27:53,2026-01-17T18:34:00+08:00,2026-01-17T18:36:03+08:00,1.1721,103.7782,C,Cloud to Cloud,2026-01-17T18:33:26.573+08:00
2026-01-18 11:27:53,2026-01-17T18:34:00+08:00,2026-01-17T18:36:03+08:00,1.1691,103.7788,C,Cloud to Cloud,2026-01-17T18:33:26.573+08:00
2026-01-18 11:27:53,2026-01-17T18:34:00+08:00,2026-01-17T18:36:03+08:00,1.1705,103.781,C,Cloud to Cloud,2026-01-17T18:33:26.573+08:00
2026-01-18 11:27:53,2026-01-17T18:34:00+08:00,2026-01-17T18:36:03+08:00,1.1704,103.7784,C,Cloud to Cloud,2026-01-17T18:33:26.573+08:00
2026-01-18 11:27:53,2026-01-17T18:34:00+08:00,2026-01-17T18:36:03+08:00,1.1673,103.7781,C,Cloud to Cloud,2026-01-17T18:33:26.573+08:00
2026-01-18 11:27:53,2026-01-17T18:34:00+08:00,2026-01-17T18:36:03+08:00,1.1692,103.7777,C,Cloud to Cloud,2026-01-17T18:33:26.573+08:00
2026-01-18 11:27:53,2026-01-17T18:34:00+08:00,2026-01-17T18:36:03+08:00,1.1658,103.7817,C,Cloud to Cloud,2026-01-17T18:33:26.58+08:00
2026-01-18 11:27:53,2026-01-17T18:34:00+08:00,2026-01-17T18:36:03+08:00,1.1613,103.7861,G,Cloud to Ground,2026-01-17T18:33:26.58+08:00
2026-01-18 11:27:53,2026-01-17T18:34:00+08:00,2026-01-17T18:36:03+08:00,1.1755,103.7795,C,Cloud to Cloud,2026-01-17T18:33:26.58+08:00
2026-01-18 11:27:53,2026-01-17T18:34:00+08:00,2026-01-17T18:36:03+08:00,1.1897,103.7808,C,Cloud to Cloud,2026-01-17T18:33:26.58+08:00
2026-01-18 11:27:53,2026-01-17T18:34:00+08:00,2026-01-17T18:36:03+08:00,1.1808,103.7772,C,Cloud to Cloud,2026-01-17T18:33:26.581+08:00
2026-01-18 11:27:53,2026-01-17T18:30:00+08:00,2026-01-17T18:32:03+08:00,1.2091,103.815,C,Cloud to Cloud,2026-01-17T18:28:20.332+08:00
2026-01-18 11:27:53,2026-01-17T18:30:00+08:00,2026-01-17T18:32:03+08:00,1.2029,103.8168,C,Cloud to Cloud,2026-01-17T18:28:20.332+08:00
2026-01-18 11:27:53,2026-01-17T18:30:00+08:00,2026-01-17T18:32:03+08:00,1.2055,103.8183,C,Cloud to Cloud,2026-01-17T18:28:20.332+08:00
2026-01-18 11:27:53,2026-01-17T18:30:00+08:00,2026-01-17T18:32:03+08:00,1.2004,103.8166,C,Cloud to Cloud,2026-01-17T18:28:20.333+08:00
2026-01-18 11:27:53,2026-01-17T18:30:00+08:00,2026-01-17T18:32:03+08:00,1.1719,103.7911,C,Cloud to Cloud,2026-01-17T18:28:20.333+08:00
2026-01-18 11:27:53,2026-01-17T18:30:00+08:00,2026-01-17T18:32:03+08:00,1.1924,103.8179,C,Cloud to Cloud,2026-01-17T18:28:20.334+08:00
2026-01-18 11:27:53,2026-01-17T18:30:00+08:00,2026-01-17T18:32:03+08:00,1.192,103.8182,C,Cloud to Cloud,2026-01-17T18:28:20.334+08:00
2026-01-18 11:27:53,2026-01-17T18:30:00+08:00,2026-01-17T18:32:03+08:00,1.2002,103.8135,C,Cloud to Cloud,2026-01-17T18:28:20.336+08:00
2026-01-18 11:27:53,2026-01-17T18:30:00+08:00,2026-01-17T18:32:03+08:00,1.205,103.8053,C,Cloud to Cloud,2026-01-17T18:28:20.344+08:00
2026-01-18 11:27:53,2026-01-17T18:30:00+08:00,2026-01-17T18:32:03+08:00,1.19,103.824,C,Cloud to Cloud,2026-01-17T18:28:20.381+08:00
2026-01-18 11:27:53,2026-01-17T18:30:00+08:00,2026-01-17T18:32:03+08:00,1.2247,103.8309,C,Cloud to Cloud,2026-01-17T18:28:20.521+08:00
2026-01-18 11:27:53,2026-01-17T18:30:00+08:00,2026-01-17T18:32:03+08:00,1.1908,103.8227,C,Cloud to Cloud,2026-01-17T18:28:20.543+08:00
2026-01-18 11:27:53,2026-01-17T18:30:00+08:00,2026-01-17T18:32:03+08:00,1.1937,103.8206,C,Cloud to Cloud,2026-01-17T18:28:20.543+08:00
2026-01-18 11:27:53,2026-01-17T18:30:00+08:00,2026-01-17T18:32:03+08:00,1.1806,103.8252,C,Cloud to Cloud,2026-01-17T18:28:20.543+08:00
2026-01-18 11:27:53,2026-01-17T18:30:00+08:00,2026-01-17T18:32:03+08:00,1.1796,103.827,C,Cloud to Cloud,2026-01-17T18:28:20.551+08:00
2026-01-18 11:27:53,2026-01-17T18:30:00+08:00,2026-01-17T18:32:03+08:00,1.1964,103.8273,C,Cloud to Cloud,2026-01-17T18:28:20.562+08:00
2026-01-18 11:27:53,2026-01-17T18:30:00+08:00,2026-01-17T18:32:03+08:00,1.1885,103.8282,C,Cloud to Cloud,2026-01-17T18:28:20.562+08:00
2026-01-18 11:27:53,2026-01-17T18:30:00+08:00,2026-01-17T18:32:03+08:00,1.2092,103.8114,C,Cloud to Cloud,2026-01-17T18:28:20.582+08:00
2026-01-18 11:27:53,2026-01-17T18:30:00+08:00,2026-01-17T18:32:03+08:00,1.2069,103.8223,C,Cloud to Cloud,2026-01-17T18:28:20.598+08:00
2026-01-18 11:27:53,2026-01-17T18:30:00+08:00,2026-01-17T18:32:03+08:00,1.2005,103.8265,C,Cloud to Cloud,2026-01-17T18:28:20.598+08:00
2026-01-18 11:27:53,2026-01-17T18:30:00+08:00,2026-01-17T18:32:03+08:00,1.1887,103.8273,C,Cloud to Cloud,2026-01-17T18:28:20.598+08:00
2026-01-18 11:27:53,2026-01-17T18:30:00+08:00,2026-01-17T18:32:03+08:00,1.1856,103.8284,C,Cloud to Cloud,2026-01-17T18:28:20.598+08:00
2026-01-18 11:27:53,2026-01-17T18:30:00+08:00,2026-01-17T18:32:03+08:00,1.2132,103.8112,C,Cloud to Cloud,2026-01-17T18:28:20.607+08:00
2026-01-18 11:27:53,2026-01-17T18:30:00+08:00,2026-01-17T18:32:03+08:00,1.2212,103.806,C,Cloud to Cloud,2026-01-17T18:28:20.607+08:00
2026-01-18 11:27:53,2026-01-17T18:30:00+08:00,2026-01-17T18:32:03+08:00,1.2152,103.8105,C,Cloud to Cloud,2026-01-17T18:29:12.473+08:00
2026-01-18 11:27:53,2026-01-17T18:30:00+08:00,2026-01-17T18:32:03+08:00,1.1994,103.8198,C,Cloud to Cloud,2026-01-17T18:29:12.473+08:00
2026-01-18 11:27:53,2026-01-17T18:30:00+08:00,2026-01-17T18:32:03+08:00,1.1756,103.7842,C,Cloud to Cloud,2026-01-17T18:29:12.473+08:00
2026-01-18 11:27:53,2026-01-17T18:30:00+08:00,2026-01-17T18:32:03+08:00,1.2101,103.8127,C,Cloud to Cloud,2026-01-17T18:29:12.473+08:00
2026-01-18 11:27:53,2026-01-17T18:30:00+08:00,2026-01-17T18:32:03+08:00,1.2128,103.8108,C,Cloud to Cloud,2026-01-17T18:29:12.473+08:00
2026-01-18 11:27:53,2026-01-17T18:30:00+08:00,2026-01-17T18:32:03+08:00,1.1982,103.8204,C,Cloud to Cloud,2026-01-17T18:29:12.473+08:00
2026-01-18 11:27:53,2026-01-17T18:30:00+08:00,2026-01-17T18:32:03+08:00,1.1993,103.8196,C,Cloud to Cloud,2026-01-17T18:29:12.473+08:00
2026-01-18 11:27:53,2026-01-17T18:30:00+08:00,2026-01-17T18:32:03+08:00,1.1986,103.82,C,Cloud to Cloud,2026-01-17T18:29:12.473+08:00
2026-01-18 11:27:53,2026-01-17T18:30:00+08:00,2026-01-17T18:32:03+08:00,1.1983,103.8188,C,Cloud to Cloud,2026-01-17T18:29:12.474+08:00
2026-01-18 11:27:53,2026-01-17T18:30:00+08:00,2026-01-17T18:32:03+08:00,1.1975,103.8197,C,Cloud to Cloud,2026-01-17T18:29:12.475+08:00
2026-01-18 11:27:53,2026-01-17T18:30:00+08:00,2026-01-17T18:32:03+08:00,1.2131,103.8098,C,Cloud to Cloud,2026-01-17T18:29:12.475+08:00
2026-01-18 11:27:53,2026-01-17T18:30:00+08:00,2026-01-17T18:32:03+08:00,1.203,103.8048,C,Cloud to Cloud,2026-01-17T18:29:12.479+08:00
2026-01-18 11:27:53,2026-01-17T18:30:00+08:00,2026-01-17T18:32:03+08:00,1.2066,103.8032,C,Cloud to Cloud,2026-01-17T18:29:12.48+08:00
2026-01-18 11:27:53,2026-01-17T18:30:00+08:00,2026-01-17T18:32:03+08:00,1.2012,103.8013,C,Cloud to Cloud,2026-01-17T18:29:12.481+08:00
2026-01-18 11:27:53,2026-01-17T18:30:00+08:00,2026-01-17T18:32:03+08:00,1.2057,103.7992,C,Cloud to Cloud,2026-01-17T18:29:12.481+08:00
2026-01-18 11:27:53,2026-01-17T18:30:00+08:00,2026-01-17T18:32:03+08:00,1.1896,103.8034,C,Cloud to Cloud,2026-01-17T18:29:12.482+08:00
2026-01-18 11:27:53,2026-01-17T18:30:00+08:00,2026-01-17T18:32:03+08:00,1.1894,103.8019,C,Cloud to Cloud,2026-01-17T18:29:12.482+08:00
2026-01-18 11:27:53,2026-01-17T18:30:00+08:00,2026-01-17T18:32:03+08:00,1.2167,103.7902,C,Cloud to Cloud,2026-01-17T18:29:12.482+08:00
2026-01-18 11:27:53,2026-01-17T18:30:00+08:00,2026-01-17T18:32:03+08:00,1.1874,103.8005,C,Cloud to Cloud,2026-01-17T18:29:12.483+08:00
2026-01-18 11:27:53,2026-01-17T18:30:00+08:00,2026-01-17T18:32:03+08:00,1.193,103.8284,C,Cloud to Cloud,2026-01-17T18:29:12.53+08:00
2026-01-18 11:27:53,2026-01-17T18:30:00+08:00,2026-01-17T18:32:03+08:00,1.1917,103.8284,C,Cloud to Cloud,2026-01-17T18:29:12.531+08:00
2026-01-18 11:27:53,2026-01-17T18:30:00+08:00,2026-01-17T18:32:03+08:00,1.1909,103.8293,C,Cloud to Cloud,2026-01-17T18:29:12.531+08:00
2026-01-18 11:27:53,2026-01-17T18:30:00+08:00,2026-01-17T18:32:03+08:00,1.1906,103.8297,C,Cloud to Cloud,2026-01-17T18:29:12.531+08:00
2026-01-18 11:27:53,2026-01-17T18:30:00+08:00,2026-01-17T18:32:03+08:00,1.188,103.8295,C,Cloud to Cloud,2026-01-17T18:29:12.532+08:00
2026-01-18 11:27:53,2026-01-17T18:30:00+08:00,2026-01-17T18:32:03+08:00,1.1898,103.8301,C,Cloud to Cloud,2026-01-17T18:29:12.532+08:00
2026-01-18 11:27:53,2026-01-17T18:30:00+08:00,2026-01-17T18:32:03+08:00,1.2098,103.8053,C,Cloud to Cloud,2026-01-17T18:29:12.546+08:00
2026-01-18 11:27:53,2026-01-17T18:30:00+08:00,2026-01-17T18:32:03+08:00,1.2092,103.8079,C,Cloud to Cloud,2026-01-17T18:29:12.661+08:00
2026-01-18 11:27:53,2026-01-17T18:30:00+08:00,2026-01-17T18:32:03+08:00,1.2096,103.8087,C,Cloud to Cloud,2026-01-17T18:29:12.661+08:00
2026-01-18 11:27:53,2026-01-17T18:30:00+08:00,2026-01-17T18:32:03+08:00,1.2102,103.8109,C,Cloud to Cloud,2026-01-17T18:29:12.661+08:00
2026-01-18 11:27:53,2026-01-17T18:30:00+08:00,2026-01-17T18:32:03+08:00,1.1976,103.8172,C,Cloud to Cloud,2026-01-17T18:29:12.661+08:00
2026-01-18 11:27:53,2026-01-17T18:30:00+08:00,2026-01-17T18:32:03+08:00,1.2184,103.8056,C,Cloud to Cloud,2026-01-17T18:29:12.665+08:00
2026-01-18 11:27:53,2026-01-17T18:30:00+08:00,2026-01-17T18:32:03+08:00,1.218,103.8037,C,Cloud to Cloud,2026-01-17T18:29:12.665+08:00
2026-01-18 11:27:53,2026-01-17T18:30:00+08:00,2026-01-17T18:32:03+08:00,1.1854,103.8159,C,Cloud to Cloud,2026-01-17T18:29:12.665+08:00
2026-01-18 11:27:53,2026-01-17T18:30:00+08:00,2026-01-17T18:32:03+08:00,1.2028,103.8116,C,Cloud to Cloud,2026-01-17T18:29:12.699+08:00
2026-01-18 11:27:53,2026-01-17T18:30:00+08:00,2026-01-17T18:32:03+08:00,1.2165,103.8023,C,Cloud to Cloud,2026-01-17T18:29:12.723+08:00
2026-01-18 11:27:53,2026-01-17T18:30:00+08:00,2026-01-17T18:32:03+08:00,1.2013,103.8113,C,Cloud to Cloud,2026-01-17T18:29:12.723+08:00
2026-01-18 11:27:53,2026-01-17T18:30:00+08:00,2026-01-17T18:32:03+08:00,1.1854,103.82,C,Cloud to Cloud,2026-01-17T18:29:48.92+08:00
2026-01-18 11:27:53,2026-01-17T18:30:00+08:00,2026-01-17T18:32:03+08:00,1.1167,103.8401,C,Cloud to Cloud,2026-01-17T18:29:48.92+08:00
2026-01-18 11:27:53,2026-01-17T18:30:00+08:00,2026-01-17T18:32:03+08:00,1.2036,103.8124,C,Cloud to Cloud,2026-01-17T18:29:49.008+08:00
2026-01-18 11:27:53,2026-01-17T18:30:00+08:00,2026-01-17T18:32:03+08:00,1.2123,103.8167,C,Cloud to Cloud,2026-01-17T18:29:49.012+08:00
2026-01-18 11:27:53,2026-01-17T18:30:00+08:00,2026-01-17T18:32:03+08:00,1.1925,103.8219,C,Cloud to Cloud,2026-01-17T18:29:49.091+08:00
2026-01-18 11:27:53,2026-01-17T18:30:00+08:00,2026-01-17T18:32:03+08:00,1.2061,103.8059,C,Cloud to Cloud,2026-01-17T18:29:49.092+08:00
2026-01-18 11:27:53,2026-01-17T18:30:00+08:00,2026-01-17T18:32:03+08:00,1.2003,103.8118,C,Cloud to Cloud,2026-01-17T18:29:49.112+08:00
2026-01-18 11:27:53,2026-01-17T18:30:00+08:00,2026-01-17T18:32:03+08:00,1.201,103.8114,C,Cloud to Cloud,2026-01-17T18:29:49.112+08:00
2026-01-18 11:27:53,2026-01-17T18:30:00+08:00,2026-01-17T18:32:03+08:00,1.1866,103.8187,C,Cloud to Cloud,2026-01-17T18:29:49.112+08:00
2026-01-18 11:27:53,2026-01-17T18:30:00+08:00,2026-01-17T18:32:03+08:00,1.1926,103.8151,C,Cloud to Cloud,2026-01-17T18:29:49.112+08:00
2026-01-18 11:27:53,2026-01-17T18:30:00+08:00,2026-01-17T18:32:03+08:00,1.1752,103.8248,C,Cloud to Cloud,2026-01-17T18:29:49.133+08:00
2026-01-18 11:27:53,2026-01-17T18:30:00+08:00,2026-01-17T18:32:03+08:00,1.1913,103.8157,C,Cloud to Cloud,2026-01-17T18:29:49.133+08:00
2026-01-18 11:27:53,2026-01-17T18:30:00+08:00,2026-01-17T18:32:03+08:00,1.2107,103.813,C,Cloud to Cloud,2026-01-17T18:29:49.139+08:00
2026-01-18 11:27:53,2026-01-17T18:30:00+08:00,2026-01-17T18:32:03+08:00,1.212,103.8108,C,Cloud to Cloud,2026-01-17T18:29:49.156+08:00
2026-01-18 11:27:53,2026-01-17T18:30:00+08:00,2026-01-17T18:32:03+08:00,1.2272,103.8052,C,Cloud to Cloud,2026-01-17T18:29:49.202+08:00
2026-01-18 11:27:53,2026-01-17T18:30:00+08:00,2026-01-17T18:32:03+08:00,1.2262,103.8056,C,Cloud to Cloud,2026-01-17T18:29:49.202+08:00
2026-01-18 11:27:53,2026-01-17T18:30:00+08:00,2026-01-17T18:32:03+08:00,1.208,103.8135,C,Cloud to Cloud,2026-01-17T18:29:49.202+08:00
2026-01-18 11:27:53,2026-01-17T18:28:00+08:00,2026-01-17T18:30:03+08:00,1.1909,103.816,C,Cloud to Cloud,2026-01-17T18:26:15.434+08:00
2026-01-18 11:27:53,2026-01-17T18:28:00+08:00,2026-01-17T18:30:03+08:00,1.1942,103.8052,C,Cloud to Cloud,2026-01-17T18:26:15.434+08:00
2026-01-18 11:27:53,2026-01-17T18:28:00+08:00,2026-01-17T18:30:03+08:00,1.1968,103.8133,C,Cloud to Cloud,2026-01-17T18:26:15.434+08:00
2026-01-18 11:27:53,2026-01-17T18:28:00+08:00,2026-01-17T18:30:03+08:00,1.1974,103.8094,C,Cloud to Cloud,2026-01-17T18:26:15.435+08:00
2026-01-18 11:27:53,2026-01-17T18:28:00+08:00,2026-01-17T18:30:03+08:00,1.192,103.8094,C,Cloud to Cloud,2026-01-17T18:26:15.435+08:00
2026-01-18 11:27:53,2026-01-17T18:28:00+08:00,2026-01-17T18:30:03+08:00,1.2046,103.8092,C,Cloud to Cloud,2026-01-17T18:26:15.435+08:00
2026-01-18 11:27:53,2026-01-17T18:28:00+08:00,2026-01-17T18:30:03+08:00,1.2124,103.8001,C,Cloud to Cloud,2026-01-17T18:26:15.435+08:00
2026-01-18 11:27:53,2026-01-17T18:28:00+08:00,2026-01-17T18:30:03+08:00,1.2049,103.8102,C,Cloud to Cloud,2026-01-17T18:26:15.436+08:00
2026-01-18 11:27:53,2026-01-17T18:28:00+08:00,2026-01-17T18:30:03+08:00,1.1982,103.8154,C,Cloud to Cloud,2026-01-17T18:26:15.436+08:00
2026-01-18 11:27:53,2026-01-17T18:28:00+08:00,2026-01-17T18:30:03+08:00,1.2054,103.8096,C,Cloud to Cloud,2026-01-17T18:26:15.437+08:00
2026-01-18 11:27:53,2026-01-17T18:28:00+08:00,2026-01-17T18:30:03+08:00,1.2049,103.8099,C,Cloud to Cloud,2026-01-17T18:26:15.437+08:00
2026-01-18 11:27:53,2026-01-17T18:28:00+08:00,2026-01-17T18:30:03+08:00,1.2011,103.8076,C,Cloud to Cloud,2026-01-17T18:26:15.448+08:00
2026-01-18 11:27:53,2026-01-17T18:28:00+08:00,2026-01-17T18:30:03+08:00,1.2037,103.8066,C,Cloud to Cloud,2026-01-17T18:26:15.449+08:00
2026-01-18 11:27:53,2026-01-17T18:28:00+08:00,2026-01-17T18:30:03+08:00,1.198,103.8116,C,Cloud to Cloud,2026-01-17T18:26:15.449+08:00
2026-01-18 11:27:53,2026-01-17T18:28:00+08:00,2026-01-17T18:30:03+08:00,1.1963,103.8031,C,Cloud to Cloud,2026-01-17T18:26:15.481+08:00
2026-01-18 11:27:53,2026-01-17T18:28:00+08:00,2026-01-17T18:30:03+08:00,1.2137,103.8251,C,Cloud to Cloud,2026-01-17T18:26:15.508+08:00
2026-01-18 11:27:53,2026-01-17T18:28:00+08:00,2026-01-17T18:30:03+08:00,1.2135,103.8176,C,Cloud to Cloud,2026-01-17T18:26:15.517+08:00
2026-01-18 11:27:53,2026-01-17T18:28:00+08:00,2026-01-17T18:30:03+08:00,1.214,103.8226,C,Cloud to Cloud,2026-01-17T18:26:15.518+08:00
2026-01-18 11:27:53,2026-01-17T18:28:00+08:00,2026-01-17T18:30:03+08:00,1.2117,103.8322,C,Cloud to Cloud,2026-01-17T18:26:15.524+08:00
2026-01-18 11:27:53,2026-01-17T18:28:00+08:00,2026-01-17T18:30:03+08:00,1.2272,103.8362,C,Cloud to Cloud,2026-01-17T18:26:15.548+08:00
2026-01-18 11:27:53,2026-01-17T18:28:00+08:00,2026-01-17T18:30:03+08:00,1.1974,103.7964,C,Cloud to Cloud,2026-01-17T18:26:15.574+08:00
2026-01-18 11:27:53,2026-01-17T18:28:00+08:00,2026-01-17T18:30:03+08:00,1.2112,103.8015,C,Cloud to Cloud,2026-01-17T18:26:15.574+08:00
2026-01-18 11:27:53,2026-01-17T18:28:00+08:00,2026-01-17T18:30:03+08:00,1.2137,103.793,C,Cloud to Cloud,2026-01-17T18:26:15.598+08:00
2026-01-18 11:27:53,2026-01-17T18:28:00+08:00,2026-01-17T18:30:03+08:00,1.2239,103.7993,C,Cloud to Cloud,2026-01-17T18:26:15.655+08:00
2026-01-18 11:27:53,2026-01-17T18:28:00+08:00,2026-01-17T18:30:03+08:00,1.2044,103.8116,C,Cloud to Cloud,2026-01-17T18:26:55.826+08:00
2026-01-18 11:27:53,2026-01-17T18:28:00+08:00,2026-01-17T18:30:03+08:00,1.188,103.7923,C,Cloud to Cloud,2026-01-17T18:26:55.826+08:00
2026-01-18 11:27:53,2026-01-17T18:28:00+08:00,2026-01-17T18:30:03+08:00,1.2153,103.803,C,Cloud to Cloud,2026-01-17T18:26:55.826+08:00
2026-01-18 11:27:53,2026-01-17T18:28:00+08:00,2026-01-17T18:30:03+08:00,1.204,103.8092,C,Cloud to Cloud,2026-01-17T18:26:55.826+08:00
2026-01-18 11:27:53,2026-01-17T18:28:00+08:00,2026-01-17T18:30:03+08:00,1.2045,103.8267,C,Cloud to Cloud,2026-01-17T18:26:55.876+08:00
2026-01-18 11:27:53,2026-01-17T18:28:00+08:00,2026-01-17T18:30:03+08:00,1.1237,103.8584,C,Cloud to Cloud,2026-01-17T18:26:55.876+08:00
2026-01-18 11:27:53,2026-01-17T18:28:00+08:00,2026-01-17T18:30:03+08:00,1.2046,103.8263,C,Cloud to Cloud,2026-01-17T18:26:55.876+08:00
2026-01-18 11:27:53,2026-01-17T18:28:00+08:00,2026-01-17T18:30:03+08:00,1.2038,103.8263,C,Cloud to Cloud,2026-01-17T18:26:55.877+08:00
2026-01-18 11:27:53,2026-01-17T18:28:00+08:00,2026-01-17T18:30:03+08:00,1.203,103.8253,C,Cloud to Cloud,2026-01-17T18:26:55.877+08:00
2026-01-18 11:27:53,2026-01-17T18:28:00+08:00,2026-01-17T18:30:03+08:00,1.2,103.8261,C,Cloud to Cloud,2026-01-17T18:26:55.877+08:00
2026-01-18 11:27:53,2026-01-17T18:28:00+08:00,2026-01-17T18:30:03+08:00,1.2126,103.8167,C,Cloud to Cloud,2026-01-17T18:26:55.877+08:00
2026-01-18 11:27:53,2026-01-17T18:28:00+08:00,2026-01-17T18:30:03+08:00,1.2087,103.82,C,Cloud to Cloud,2026-01-17T18:26:55.877+08:00
2026-01-18 11:27:53,2026-01-17T18:28:00+08:00,2026-01-17T18:30:03+08:00,1.156,103.8042,C,Cloud to Cloud,2026-01-17T18:26:55.877+08:00
2026-01-18 11:27:53,2026-01-17T18:28:00+08:00,2026-01-17T18:30:03+08:00,1.2015,103.8255,C,Cloud to Cloud,2026-01-17T18:26:55.878+08:00
2026-01-18 11:27:53,2026-01-17T18:28:00+08:00,2026-01-17T18:30:03+08:00,1.2,103.8247,C,Cloud to Cloud,2026-01-17T18:26:55.878+08:00
2026-01-18 11:27:53,2026-01-17T18:28:00+08:00,2026-01-17T18:30:03+08:00,1.1985,103.8233,C,Cloud to Cloud,2026-01-17T18:26:55.878+08:00
2026-01-18 11:27:53,2026-01-17T18:28:00+08:00,2026-01-17T18:30:03+08:00,1.1984,103.8234,C,Cloud to Cloud,2026-01-17T18:26:55.878+08:00
2026-01-18 11:27:53,2026-01-17T18:28:00+08:00,2026-01-17T18:30:03+08:00,1.1992,103.8241,C,Cloud to Cloud,2026-01-17T18:26:55.878+08:00
2026-01-18 11:27:53,2026-01-17T18:28:00+08:00,2026-01-17T18:30:03+08:00,1.1988,103.8242,C,Cloud to Cloud,2026-01-17T18:26:55.878+08:00
2026-01-18 11:27:53,2026-01-17T18:28:00+08:00,2026-01-17T18:30:03+08:00,1.1974,103.8227,C,Cloud to Cloud,2026-01-17T18:26:55.879+08:00
2026-01-18 11:27:53,2026-01-17T18:28:00+08:00,2026-01-17T18:30:03+08:00,1.1973,103.8228,C,Cloud to Cloud,2026-01-17T18:26:55.879+08:00
2026-01-18 11:27:53,2026-01-17T18:28:00+08:00,2026-01-17T18:30:03+08:00,1.1803,103.8256,G,Cloud to Ground,2026-01-17T18:26:55.913+08:00
2026-01-18 11:27:53,2026-01-17T18:28:00+08:00,2026-01-17T18:30:03+08:00,1.1809,103.8244,C,Cloud to Cloud,2026-01-17T18:26:55.913+08:00
2026-01-18 11:27:53,2026-01-17T18:28:00+08:00,2026-01-17T18:30:03+08:00,1.2091,103.8093,C,Cloud to Cloud,2026-01-17T18:26:55.95+08:00
2026-01-18 11:27:53,2026-01-17T18:26:00+08:00,2026-01-17T18:28:02+08:00,1.2246,103.7961,C,Cloud to Cloud,2026-01-17T18:24:36.184+08:00
2026-01-18 11:27:53,2026-01-17T18:26:00+08:00,2026-01-17T18:28:02+08:00,1.2124,103.8046,C,Cloud to Cloud,2026-01-17T18:24:36.184+08:00
2026-01-18 11:27:53,2026-01-17T18:26:00+08:00,2026-01-17T18:28:02+08:00,1.2124,103.8046,C,Cloud to Cloud,2026-01-17T18:24:36.184+08:00
2026-01-18 11:27:53,2026-01-17T18:26:00+08:00,2026-01-17T18:28:02+08:00,1.2347,103.7852,C,Cloud to Cloud,2026-01-17T18:24:36.184+08:00
2026-01-18 11:27:53,2026-01-17T18:26:00+08:00,2026-01-17T18:28:02+08:00,1.2288,103.7961,C,Cloud to Cloud,2026-01-17T18:24:36.184+08:00
2026-01-18 11:27:53,2026-01-17T18:26:00+08:00,2026-01-17T18:28:02+08:00,1.2129,103.8054,C,Cloud to Cloud,2026-01-17T18:24:36.185+08:00
2026-01-18 11:27:53,2026-01-17T18:26:00+08:00,2026-01-17T18:28:02+08:00,1.213,103.8037,C,Cloud to Cloud,2026-01-17T18:24:36.185+08:00
2026-01-18 11:27:53,2026-01-17T18:26:00+08:00,2026-01-17T18:28:02+08:00,1.2229,103.7975,C,Cloud to Cloud,2026-01-17T18:24:36.186+08:00
2026-01-18 11:27:53,2026-01-17T18:26:00+08:00,2026-01-17T18:28:02+08:00,1.1983,103.7887,C,Cloud to Cloud,2026-01-17T18:24:36.255+08:00
2026-01-18 11:27:53,2026-01-17T18:26:00+08:00,2026-01-17T18:28:02+08:00,1.1912,103.7908,C,Cloud to Cloud,2026-01-17T18:24:36.266+08:00
2026-01-18 11:27:53,2026-01-17T18:26:00+08:00,2026-01-17T18:28:02+08:00,1.1637,103.7303,C,Cloud to Cloud,2026-01-17T18:24:36.27+08:00
2026-01-18 11:27:53,2026-01-17T18:26:00+08:00,2026-01-17T18:28:02+08:00,1.2058,103.8005,C,Cloud to Cloud,2026-01-17T18:24:36.284+08:00
2026-01-18 11:27:53,2026-01-17T18:26:00+08:00,2026-01-17T18:28:02+08:00,1.1954,103.7999,C,Cloud to Cloud,2026-01-17T18:24:36.285+08:00
2026-01-18 11:27:53,2026-01-17T18:26:00+08:00,2026-01-17T18:28:02+08:00,1.2226,103.7965,C,Cloud to Cloud,2026-01-17T18:24:36.382+08:00
2026-01-18 11:27:53,2026-01-17T18:26:00+08:00,2026-01-17T18:28:02+08:00,1.2186,103.7914,C,Cloud to Cloud,2026-01-17T18:24:36.405+08:00
2026-01-18 11:27:53,2026-01-17T18:26:00+08:00,2026-01-17T18:28:02+08:00,1.1962,103.8017,C,Cloud to Cloud,2026-01-17T18:24:36.405+08:00
2026-01-18 11:27:53,2026-01-17T18:26:00+08:00,2026-01-17T18:28:02+08:00,1.1955,103.8076,C,Cloud to Cloud,2026-01-17T18:24:36.421+08:00
2026-01-18 11:27:53,2026-01-17T18:26:00+08:00,2026-01-17T18:28:02+08:00,1.2299,103.8091,C,Cloud to Cloud,2026-01-17T18:24:36.441+08:00
2026-01-18 11:27:53,2026-01-17T18:26:00+08:00,2026-01-17T18:28:02+08:00,1.2164,103.7995,C,Cloud to Cloud,2026-01-17T18:24:36.441+08:00
2026-01-18 11:27:53,2026-01-17T18:26:00+08:00,2026-01-17T18:28:02+08:00,1.2118,103.8101,C,Cloud to Cloud,2026-01-17T18:24:36.441+08:00
2026-01-18 11:27:53,2026-01-17T18:26:00+08:00,2026-01-17T18:28:02+08:00,1.2206,103.7987,C,Cloud to Cloud,2026-01-17T18:24:36.441+08:00
2026-01-18 11:27:53,2026-01-17T18:26:00+08:00,2026-01-17T18:28:02+08:00,1.2132,103.8076,C,Cloud to Cloud,2026-01-17T18:24:36.441+08:00
2026-01-18 11:27:53,2026-01-17T18:26:00+08:00,2026-01-17T18:28:02+08:00,1.2003,103.7998,C,Cloud to Cloud,2026-01-17T18:24:36.449+08:00
2026-01-18 11:27:53,2026-01-17T18:26:00+08:00,2026-01-17T18:28:02+08:00,1.2067,103.7969,C,Cloud to Cloud,2026-01-17T18:24:36.449+08:00
2026-01-18 11:27:53,2026-01-17T18:24:00+08:00,2026-01-17T18:26:02+08:00,1.2232,103.7818,C,Cloud to Cloud,2026-01-17T18:22:17.724+08:00
2026-01-18 11:27:53,2026-01-17T18:24:00+08:00,2026-01-17T18:26:02+08:00,1.2165,103.7848,C,Cloud to Cloud,2026-01-17T18:22:17.724+08:00
2026-01-18 11:27:53,2026-01-17T18:24:00+08:00,2026-01-17T18:26:02+08:00,1.196,103.7902,C,Cloud to Cloud,2026-01-17T18:22:17.724+08:00
2026-01-18 11:27:53,2026-01-17T18:24:00+08:00,2026-01-17T18:26:02+08:00,1.2162,103.7825,C,Cloud to Cloud,2026-01-17T18:22:17.725+08:00
2026-01-18 11:27:53,2026-01-17T18:24:00+08:00,2026-01-17T18:26:02+08:00,1.1825,103.8196,C,Cloud to Cloud,2026-01-17T18:22:17.725+08:00
2026-01-18 11:27:53,2026-01-17T18:24:00+08:00,2026-01-17T18:26:02+08:00,1.2076,103.7857,C,Cloud to Cloud,2026-01-17T18:22:17.725+08:00
2026-01-18 11:27:53,2026-01-17T18:24:00+08:00,2026-01-17T18:26:02+08:00,1.2205,103.7805,C,Cloud to Cloud,2026-01-17T18:22:17.725+08:00
2026-01-18 11:27:53,2026-01-17T18:24:00+08:00,2026-01-17T18:26:02+08:00,1.2156,103.784,C,Cloud to Cloud,2026-01-17T18:22:17.725+08:00
2026-01-18 11:27:53,2026-01-17T18:24:00+08:00,2026-01-17T18:26:02+08:00,1.2146,103.7845,C,Cloud to Cloud,2026-01-17T18:22:17.725+08:00
2026-01-18 11:27:53,2026-01-17T18:24:00+08:00,2026-01-17T18:26:02+08:00,1.2153,103.7845,C,Cloud to Cloud,2026-01-17T18:22:17.725+08:00
2026-01-18 11:27:53,2026-01-17T18:24:00+08:00,2026-01-17T18:26:02+08:00,1.2199,103.7822,C,Cloud to Cloud,2026-01-17T18:22:17.725+08:00
2026-01-18 11:27:53,2026-01-17T18:24:00+08:00,2026-01-17T18:26:02+08:00,1.1965,103.7891,C,Cloud to Cloud,2026-01-17T18:22:17.725+08:00
2026-01-18 11:27:53,2026-01-17T18:24:00+08:00,2026-01-17T18:26:02+08:00,1.2161,103.7824,C,Cloud to Cloud,2026-01-17T18:22:17.726+08:00
2026-01-18 11:27:53,2026-01-17T18:24:00+08:00,2026-01-17T18:26:02+08:00,1.2123,103.7825,C,Cloud to Cloud,2026-01-17T18:22:17.726+08:00
2026-01-18 11:27:53,2026-01-17T18:24:00+08:00,2026-01-17T18:26:02+08:00,1.2176,103.7817,C,Cloud to Cloud,2026-01-17T18:22:17.726+08:00
2026-01-18 11:27:53,2026-01-17T18:24:00+08:00,2026-01-17T18:26:02+08:00,1.1973,103.7857,C,Cloud to Cloud,2026-01-17T18:22:17.726+08:00
2026-01-18 11:27:53,2026-01-17T18:24:00+08:00,2026-01-17T18:26:02+08:00,1.2165,103.779,C,Cloud to Cloud,2026-01-17T18:22:17.726+08:00
2026-01-18 11:27:53,2026-01-17T18:24:00+08:00,2026-01-17T18:26:02+08:00,1.2164,103.7801,C,Cloud to Cloud,2026-01-17T18:22:17.727+08:00
2026-01-18 11:27:53,2026-01-17T18:24:00+08:00,2026-01-17T18:26:02+08:00,1.1958,103.7859,C,Cloud to Cloud,2026-01-17T18:22:17.727+08:00
2026-01-18 11:27:53,2026-01-17T18:24:00+08:00,2026-01-17T18:26:02+08:00,1.1976,103.7848,C,Cloud to Cloud,2026-01-17T18:22:17.727+08:00
2026-01-18 11:27:53,2026-01-17T18:24:00+08:00,2026-01-17T18:26:02+08:00,1.2071,103.7826,C,Cloud to Cloud,2026-01-17T18:22:17.727+08:00
2026-01-18 11:27:53,2026-01-17T18:24:00+08:00,2026-01-17T18:26:02+08:00,1.2157,103.782,C,Cloud to Cloud,2026-01-17T18:22:17.728+08:00
2026-01-18 11:27:53,2026-01-17T18:24:00+08:00,2026-01-17T18:26:02+08:00,1.1983,103.7848,C,Cloud to Cloud,2026-01-17T18:22:17.728+08:00
2026-01-18 11:27:53,2026-01-17T18:24:00+08:00,2026-01-17T18:26:02+08:00,1.2147,103.7782,C,Cloud to Cloud,2026-01-17T18:22:17.73+08:00
2026-01-18 11:27:53,2026-01-17T18:24:00+08:00,2026-01-17T18:26:02+08:00,1.1969,103.7837,C,Cloud to Cloud,2026-01-17T18:22:17.73+08:00
2026-01-18 11:27:53,2026-01-17T18:24:00+08:00,2026-01-17T18:26:02+08:00,1.2143,103.7797,C,Cloud to Cloud,2026-01-17T18:22:17.733+08:00
2026-01-18 11:27:53,2026-01-17T18:24:00+08:00,2026-01-17T18:26:02+08:00,1.1939,103.7862,C,Cloud to Cloud,2026-01-17T18:22:17.733+08:00
2026-01-18 11:27:53,2026-01-17T18:24:00+08:00,2026-01-17T18:26:02+08:00,1.1993,103.7902,C,Cloud to Cloud,2026-01-17T18:22:17.753+08:00
2026-01-18 11:27:53,2026-01-17T18:24:00+08:00,2026-01-17T18:26:02+08:00,1.2021,103.7891,C,Cloud to Cloud,2026-01-17T18:22:17.753+08:00
2026-01-18 11:27:53,2026-01-17T18:24:00+08:00,2026-01-17T18:26:02+08:00,1.2138,103.7787,C,Cloud to Cloud,2026-01-17T18:22:17.787+08:00
2026-01-18 11:27:53,2026-01-17T18:24:00+08:00,2026-01-17T18:26:02+08:00,1.1956,103.7772,C,Cloud to Cloud,2026-01-17T18:22:17.787+08:00
2026-01-18 11:27:53,2026-01-17T18:24:00+08:00,2026-01-17T18:26:02+08:00,1.1984,103.7846,C,Cloud to Cloud,2026-01-17T18:22:17.787+08:00
2026-01-18 11:27:53,2026-01-17T18:24:00+08:00,2026-01-17T18:26:02+08:00,1.1986,103.796,C,Cloud to Cloud,2026-01-17T18:22:17.8+08:00
2026-01-18 11:27:53,2026-01-17T18:24:00+08:00,2026-01-17T18:26:02+08:00,1.2047,103.8016,C,Cloud to Cloud,2026-01-17T18:22:17.818+08:00
2026-01-18 11:27:53,2026-01-17T18:24:00+08:00,2026-01-17T18:26:02+08:00,1.2085,103.7118,C,Cloud to Cloud,2026-01-17T18:22:17.876+08:00
2026-01-18 11:27:53,2026-01-17T18:24:00+08:00,2026-01-17T18:26:02+08:00,1.207,103.7215,C,Cloud to Cloud,2026-01-17T18:22:17.889+08:00
2026-01-18 11:27:53,2026-01-17T18:24:00+08:00,2026-01-17T18:26:02+08:00,1.2065,103.7865,C,Cloud to Cloud,2026-01-17T18:22:17.921+08:00
2026-01-18 11:27:53,2026-01-17T18:24:00+08:00,2026-01-17T18:26:02+08:00,1.2139,103.7823,C,Cloud to Cloud,2026-01-17T18:22:17.921+08:00
2026-01-18 11:27:53,2026-01-17T18:24:00+08:00,2026-01-17T18:26:02+08:00,1.2147,103.7836,C,Cloud to Cloud,2026-01-17T18:22:17.947+08:00
2026-01-18 11:27:53,2026-01-17T18:24:00+08:00,2026-01-17T18:26:02+08:00,1.2112,103.7849,C,Cloud to Cloud,2026-01-17T18:22:17.947+08:00
2026-01-18 11:27:53,2026-01-17T18:24:00+08:00,2026-01-17T18:26:02+08:00,1.2148,103.779,C,Cloud to Cloud,2026-01-17T18:22:17.947+08:00
2026-01-18 11:27:53,2026-01-17T18:24:00+08:00,2026-01-17T18:26:02+08:00,1.2116,103.7824,C,Cloud to Cloud,2026-01-17T18:22:17.947+08:00
2026-01-18 11:27:53,2026-01-17T18:24:00+08:00,2026-01-17T18:26:02+08:00,1.2012,103.7892,C,Cloud to Cloud,2026-01-17T18:22:17.947+08:00
2026-01-18 11:27:53,2026-01-17T18:24:00+08:00,2026-01-17T18:26:02+08:00,1.2015,103.7807,C,Cloud to Cloud,2026-01-17T18:22:17.949+08:00
2026-01-18 11:27:53,2026-01-17T18:24:00+08:00,2026-01-17T18:26:02+08:00,1.2041,103.7756,C,Cloud to Cloud,2026-01-17T18:22:17.951+08:00
2026-01-18 11:27:53,2026-01-17T18:24:00+08:00,2026-01-17T18:26:02+08:00,1.2021,103.7697,C,Cloud to Cloud,2026-01-17T18:22:17.951+08:00
2026-01-18 11:27:53,2026-01-17T18:24:00+08:00,2026-01-17T18:26:02+08:00,1.2066,103.7754,C,Cloud to Cloud,2026-01-17T18:22:17.951+08:00
2026-01-18 11:27:53,2026-01-17T18:24:00+08:00,2026-01-17T18:26:02+08:00,1.2039,103.774,C,Cloud to Cloud,2026-01-17T18:22:17.951+08:00
2026-01-18 11:27:53,2026-01-17T18:24:00+08:00,2026-01-17T18:26:02+08:00,1.2016,103.7666,C,Cloud to Cloud,2026-01-17T18:22:17.952+08:00
2026-01-18 11:27:53,2026-01-17T18:24:00+08:00,2026-01-17T18:26:02+08:00,1.2026,103.7683,C,Cloud to Cloud,2026-01-17T18:22:17.952+08:00
2026-01-18 11:27:53,2026-01-17T18:24:00+08:00,2026-01-17T18:26:02+08:00,1.2045,103.7741,C,Cloud to Cloud,2026-01-17T18:22:17.952+08:00
2026-01-18 11:27:53,2026-01-17T18:24:00+08:00,2026-01-17T18:26:02+08:00,1.2055,103.7738,C,Cloud to Cloud,2026-01-17T18:22:17.952+08:00
2026-01-18 11:27:53,2026-01-17T18:24:00+08:00,2026-01-17T18:26:02+08:00,1.2079,103.782,C,Cloud to Cloud,2026-01-17T18:22:17.952+08:00
2026-01-18 11:27:53,2026-01-17T18:24:00+08:00,2026-01-17T18:26:02+08:00,1.2069,103.7802,C,Cloud to Cloud,2026-01-17T18:22:17.952+08:00
2026-01-18 11:27:53,2026-01-17T18:24:00+08:00,2026-01-17T18:26:02+08:00,1.2145,103.7742,C,Cloud to Cloud,2026-01-17T18:22:17.952+08:00
2026-01-18 11:27:53,2026-01-17T18:24:00+08:00,2026-01-17T18:26:02+08:00,1.2052,103.7767,C,Cloud to Cloud,2026-01-17T18:22:17.953+08:00
2026-01-18 11:27:53,2026-01-17T18:24:00+08:00,2026-01-17T18:26:02+08:00,1.2063,103.7832,C,Cloud to Cloud,2026-01-17T18:22:17.953+08:00
2026-01-18 11:27:53,2026-01-17T18:24:00+08:00,2026-01-17T18:26:02+08:00,1.2041,103.7696,C,Cloud to Cloud,2026-01-17T18:22:17.953+08:00
2026-01-18 11:27:53,2026-01-17T18:24:00+08:00,2026-01-17T18:26:02+08:00,1.2055,103.7748,C,Cloud to Cloud,2026-01-17T18:22:17.953+08:00
2026-01-18 11:27:53,2026-01-17T18:24:00+08:00,2026-01-17T18:26:02+08:00,1.2071,103.7774,C,Cloud to Cloud,2026-01-17T18:22:17.953+08:00
2026-01-18 11:27:53,2026-01-17T18:24:00+08:00,2026-01-17T18:26:02+08:00,1.2063,103.7755,C,Cloud to Cloud,2026-01-17T18:22:17.954+08:00
2026-01-18 11:27:53,2026-01-17T18:24:00+08:00,2026-01-17T18:26:02+08:00,1.2076,103.7731,C,Cloud to Cloud,2026-01-17T18:22:17.954+08:00
2026-01-18 11:27:53,2026-01-17T18:24:00+08:00,2026-01-17T18:26:02+08:00,1.2079,103.7744,C,Cloud to Cloud,2026-01-17T18:22:17.954+08:00
2026-01-18 11:27:53,2026-01-17T18:24:00+08:00,2026-01-17T18:26:02+08:00,1.2064,103.7751,C,Cloud to Cloud,2026-01-17T18:22:17.954+08:00
2026-01-18 11:27:53,2026-01-17T18:24:00+08:00,2026-01-17T18:26:02+08:00,1.2083,103.7753,C,Cloud to Cloud,2026-01-17T18:22:17.954+08:00
2026-01-18 11:27:53,2026-01-17T18:24:00+08:00,2026-01-17T18:26:02+08:00,1.2419,103.7677,C,Cloud to Cloud,2026-01-17T18:22:17.954+08:00
2026-01-18 11:27:53,2026-01-17T18:24:00+08:00,2026-01-17T18:26:02+08:00,1.2103,103.779,C,Cloud to Cloud,2026-01-17T18:22:17.955+08:00
2026-01-18 11:27:53,2026-01-17T18:24:00+08:00,2026-01-17T18:26:02+08:00,1.2086,103.7787,C,Cloud to Cloud,2026-01-17T18:22:17.955+08:00
2026-01-18 11:27:53,2026-01-17T18:24:00+08:00,2026-01-17T18:26:02+08:00,1.2123,103.7878,C,Cloud to Cloud,2026-01-17T18:22:17.955+08:00
2026-01-18 11:27:53,2026-01-17T18:24:00+08:00,2026-01-17T18:26:02+08:00,1.2021,103.7898,C,Cloud to Cloud,2026-01-17T18:22:17.955+08:00
2026-01-18 11:27:53,2026-01-17T18:24:00+08:00,2026-01-17T18:26:02+08:00,1.2087,103.7793,C,Cloud to Cloud,2026-01-17T18:22:17.955+08:00
2026-01-18 11:27:53,2026-01-17T18:24:00+08:00,2026-01-17T18:26:02+08:00,1.1953,103.7883,C,Cloud to Cloud,2026-01-17T18:22:17.955+08:00
2026-01-18 11:27:53,2026-01-17T18:24:00+08:00,2026-01-17T18:26:02+08:00,1.2106,103.7815,C,Cloud to Cloud,2026-01-17T18:22:17.955+08:00
2026-01-18 11:27:53,2026-01-17T18:24:00+08:00,2026-01-17T18:26:02+08:00,1.2125,103.7851,C,Cloud to Cloud,2026-01-17T18:22:17.955+08:00
2026-01-18 11:27:53,2026-01-17T18:24:00+08:00,2026-01-17T18:26:02+08:00,1.2134,103.7832,C,Cloud to Cloud,2026-01-17T18:22:17.956+08:00
2026-01-18 11:27:53,2026-01-17T18:24:00+08:00,2026-01-17T18:26:02+08:00,1.212,103.783,C,Cloud to Cloud,2026-01-17T18:22:17.956+08:00
2026-01-18 11:27:53,2026-01-17T18:24:00+08:00,2026-01-17T18:26:02+08:00,1.2114,103.7833,C,Cloud to Cloud,2026-01-17T18:22:17.956+08:00
2026-01-18 11:27:53,2026-01-17T18:24:00+08:00,2026-01-17T18:26:02+08:00,1.2129,103.786,C,Cloud to Cloud,2026-01-17T18:22:17.956+08:00
2026-01-18 11:27:53,2026-01-17T18:24:00+08:00,2026-01-17T18:26:02+08:00,1.213,103.7846,C,Cloud to Cloud,2026-01-17T18:22:17.957+08:00
2026-01-18 11:27:53,2026-01-17T18:24:00+08:00,2026-01-17T18:26:02+08:00,1.2107,103.7843,C,Cloud to Cloud,2026-01-17T18:22:17.957+08:00
2026-01-18 11:27:53,2026-01-17T18:24:00+08:00,2026-01-17T18:26:02+08:00,1.232,103.8147,C,Cloud to Cloud,2026-01-17T18:22:18.055+08:00
2026-01-18 11:27:53,2026-01-17T18:24:00+08:00,2026-01-17T18:26:02+08:00,1.2253,103.82,C,Cloud to Cloud,2026-01-17T18:22:18.055+08:00
2026-01-18 11:27:53,2026-01-17T18:24:00+08:00,2026-01-17T18:26:02+08:00,1.205,103.8077,C,Cloud to Cloud,2026-01-17T18:22:53.899+08:00
2026-01-18 11:27:53,2026-01-17T18:24:00+08:00,2026-01-17T18:26:02+08:00,1.2238,103.796,C,Cloud to Cloud,2026-01-17T18:23:41.043+08:00
2026-01-18 11:27:53,2026-01-17T18:24:00+08:00,2026-01-17T18:26:02+08:00,1.2233,103.7959,C,Cloud to Cloud,2026-01-17T18:23:41.043+08:00
2026-01-18 11:27:53,2026-01-17T18:24:00+08:00,2026-01-17T18:26:02+08:00,1.2062,103.7715,C,Cloud to Cloud,2026-01-17T18:23:41.043+08:00
2026-01-18 11:27:53,2026-01-17T18:24:00+08:00,2026-01-17T18:26:02+08:00,1.2131,103.8035,C,Cloud to Cloud,2026-01-17T18:23:41.044+08:00
2026-01-18 11:27:53,2026-01-17T18:24:00+08:00,2026-01-17T18:26:02+08:00,1.1873,103.8082,C,Cloud to Cloud,2026-01-17T18:23:41.045+08:00
2026-01-18 11:27:53,2026-01-17T18:24:00+08:00,2026-01-17T18:26:02+08:00,1.2151,103.8008,C,Cloud to Cloud,2026-01-17T18:23:41.046+08:00
2026-01-18 11:27:53,2026-01-17T18:24:00+08:00,2026-01-17T18:26:02+08:00,1.2134,103.8168,C,Cloud to Cloud,2026-01-17T18:23:41.046+08:00
2026-01-18 11:27:53,2026-01-17T18:24:00+08:00,2026-01-17T18:26:02+08:00,1.2037,103.7977,C,Cloud to Cloud,2026-01-17T18:23:41.05+08:00
2026-01-18 11:27:53,2026-01-17T18:24:00+08:00,2026-01-17T18:26:02+08:00,1.0269,103.7862,C,Cloud to Cloud,2026-01-17T18:23:41.083+08:00
2026-01-18 11:27:53,2026-01-17T18:24:00+08:00,2026-01-17T18:26:02+08:00,1.2261,103.7925,C,Cloud to Cloud,2026-01-17T18:23:41.107+08:00
2026-01-18 11:27:53,2026-01-17T18:24:00+08:00,2026-01-17T18:26:02+08:00,1.2261,103.8049,C,Cloud to Cloud,2026-01-17T18:23:41.112+08:00
2026-01-18 11:27:53,2026-01-17T18:24:00+08:00,2026-01-17T18:26:02+08:00,1.2273,103.8062,C,Cloud to Cloud,2026-01-17T18:23:41.113+08:00
2026-01-18 11:27:53,2026-01-17T18:24:00+08:00,2026-01-17T18:26:02+08:00,1.2263,103.8058,C,Cloud to Cloud,2026-01-17T18:23:41.114+08:00
2026-01-18 11:27:53,2026-01-17T18:24:00+08:00,2026-01-17T18:26:02+08:00,1.2222,103.8099,C,Cloud to Cloud,2026-01-17T18:23:41.114+08:00
2026-01-18 11:27:53,2026-01-17T18:24:00+08:00,2026-01-17T18:26:02+08:00,1.2234,103.8128,C,Cloud to Cloud,2026-01-17T18:23:41.114+08:00
2026-01-18 11:27:53,2026-01-17T18:24:00+08:00,2026-01-17T18:26:02+08:00,1.2252,103.8116,C,Cloud to Cloud,2026-01-17T18:23:41.115+08:00
2026-01-18 11:27:53,2026-01-17T18:24:00+08:00,2026-01-17T18:26:02+08:00,1.2258,103.8106,C,Cloud to Cloud,2026-01-17T18:23:41.115+08:00
2026-01-18 11:27:53,2026-01-17T18:24:00+08:00,2026-01-17T18:26:02+08:00,1.224,103.8134,C,Cloud to Cloud,2026-01-17T18:23:41.115+08:00
2026-01-18 11:27:53,2026-01-17T18:24:00+08:00,2026-01-17T18:26:02+08:00,1.2242,103.8171,C,Cloud to Cloud,2026-01-17T18:23:41.116+08:00
2026-01-18 11:27:53,2026-01-17T18:24:00+08:00,2026-01-17T18:26:02+08:00,1.2241,103.8179,C,Cloud to Cloud,2026-01-17T18:23:41.116+08:00
2026-01-18 11:27:53,2026-01-17T18:24:00+08:00,2026-01-17T18:26:02+08:00,1.2248,103.8172,C,Cloud to Cloud,2026-01-17T18:23:41.116+08:00
2026-01-18 11:27:53,2026-01-17T18:24:00+08:00,2026-01-17T18:26:02+08:00,1.2248,103.8196,C,Cloud to Cloud,2026-01-17T18:23:41.117+08:00
2026-01-18 11:27:53,2026-01-17T18:24:00+08:00,2026-01-17T18:26:02+08:00,1.2298,103.8142,C,Cloud to Cloud,2026-01-17T18:23:41.117+08:00
2026-01-18 11:27:53,2026-01-17T18:24:00+08:00,2026-01-17T18:26:02+08:00,1.2287,103.8127,C,Cloud to Cloud,2026-01-17T18:23:41.117+08:00
2026-01-18 11:27:53,2026-01-17T18:24:00+08:00,2026-01-17T18:26:02+08:00,1.2308,103.8126,C,Cloud to Cloud,2026-01-17T18:23:41.117+08:00
2026-01-18 11:27:53,2026-01-17T18:24:00+08:00,2026-01-17T18:26:02+08:00,1.2577,103.8288,C,Cloud to Cloud,2026-01-17T18:23:41.117+08:00
2026-01-18 11:27:53,2026-01-17T18:24:00+08:00,2026-01-17T18:26:02+08:00,1.2294,103.815,C,Cloud to Cloud,2026-01-17T18:23:41.118+08:00
2026-01-18 11:27:53,2026-01-17T18:24:00+08:00,2026-01-17T18:26:02+08:00,1.2275,103.8161,C,Cloud to Cloud,2026-01-17T18:23:41.118+08:00
2026-01-18 11:27:53,2026-01-17T18:24:00+08:00,2026-01-17T18:26:02+08:00,1.2306,103.8126,C,Cloud to Cloud,2026-01-17T18:23:41.118+08:00
2026-01-18 11:27:53,2026-01-17T18:24:00+08:00,2026-01-17T18:26:02+08:00,1.2354,103.8071,C,Cloud to Cloud,2026-01-17T18:23:41.118+08:00
2026-01-18 11:27:53,2026-01-17T18:24:00+08:00,2026-01-17T18:26:02+08:00,1.2299,103.8122,C,Cloud to Cloud,2026-01-17T18:23:41.118+08:00
2026-01-18 11:27:53,2026-01-17T18:24:00+08:00,2026-01-17T18:26:02+08:00,1.2254,103.815,C,Cloud to Cloud,2026-01-17T18:23:41.118+08:00
2026-01-18 11:27:53,2026-01-17T18:24:00+08:00,2026-01-17T18:26:02+08:00,1.2254,103.8154,C,Cloud to Cloud,2026-01-17T18:23:41.119+08:00
2026-01-18 11:27:53,2026-01-17T18:24:00+08:00,2026-01-17T18:26:02+08:00,1.2944,103.8247,C,Cloud to Cloud,2026-01-17T18:23:41.119+08:00
2026-01-18 11:27:53,2026-01-17T18:24:00+08:00,2026-01-17T18:26:02+08:00,1.2284,103.8108,C,Cloud to Cloud,2026-01-17T18:23:41.119+08:00
2026-01-18 11:27:53,2026-01-17T18:24:00+08:00,2026-01-17T18:26:02+08:00,1.2283,103.8129,C,Cloud to Cloud,2026-01-17T18:23:41.119+08:00
2026-01-18 11:27:53,2026-01-17T18:24:00+08:00,2026-01-17T18:26:02+08:00,1.2321,103.8092,C,Cloud to Cloud,2026-01-17T18:23:41.119+08:00
2026-01-18 11:27:53,2026-01-17T18:24:00+08:00,2026-01-17T18:26:02+08:00,1.2244,103.8163,C,Cloud to Cloud,2026-01-17T18:23:41.119+08:00
2026-01-18 11:27:53,2026-01-17T18:24:00+08:00,2026-01-17T18:26:02+08:00,1.2306,103.8133,C,Cloud to Cloud,2026-01-17T18:23:41.119+08:00
2026-01-18 11:27:53,2026-01-17T18:24:00+08:00,2026-01-17T18:26:02+08:00,1.2301,103.8149,C,Cloud to Cloud,2026-01-17T18:23:41.119+08:00
2026-01-18 11:27:53,2026-01-17T18:24:00+08:00,2026-01-17T18:26:02+08:00,1.2331,103.8112,C,Cloud to Cloud,2026-01-17T18:23:41.12+08:00
2026-01-18 11:27:53,2026-01-17T18:24:00+08:00,2026-01-17T18:26:02+08:00,1.2295,103.8173,C,Cloud to Cloud,2026-01-17T18:23:41.12+08:00
2026-01-18 11:27:53,2026-01-17T18:24:00+08:00,2026-01-17T18:26:02+08:00,1.2327,103.8157,C,Cloud to Cloud,2026-01-17T18:23:41.12+08:00
2026-01-18 11:27:53,2026-01-17T18:24:00+08:00,2026-01-17T18:26:02+08:00,1.2334,103.8151,C,Cloud to Cloud,2026-01-17T18:23:41.12+08:00
2026-01-18 11:27:53,2026-01-17T18:24:00+08:00,2026-01-17T18:26:02+08:00,1.2339,103.8161,C,Cloud to Cloud,2026-01-17T18:23:41.12+08:00
2026-01-18 11:27:53,2026-01-17T18:24:00+08:00,2026-01-17T18:26:02+08:00,1.2364,103.8118,C,Cloud to Cloud,2026-01-17T18:23:41.12+08:00
2026-01-18 11:27:53,2026-01-17T18:24:00+08:00,2026-01-17T18:26:02+08:00,1.2263,103.82,C,Cloud to Cloud,2026-01-17T18:23:41.12+08:00
2026-01-18 11:27:53,2026-01-17T18:24:00+08:00,2026-01-17T18:26:02+08:00,1.227,103.8195,C,Cloud to Cloud,2026-01-17T18:23:41.12+08:00
2026-01-18 11:27:53,2026-01-17T18:24:00+08:00,2026-01-17T18:26:02+08:00,1.2264,103.8226,C,Cloud to Cloud,2026-01-17T18:23:41.12+08:00
2026-01-18 11:27:53,2026-01-17T18:24:00+08:00,2026-01-17T18:26:02+08:00,1.0678,103.7246,C,Cloud to Cloud,2026-01-17T18:23:41.12+08:00
2026-01-18 11:27:53,2026-01-17T18:24:00+08:00,2026-01-17T18:26:02+08:00,1.2413,103.8097,C,Cloud to Cloud,2026-01-17T18:23:41.121+08:00
2026-01-18 11:27:53,2026-01-17T18:24:00+08:00,2026-01-17T18:26:02+08:00,1.2293,103.8199,C,Cloud to Cloud,2026-01-17T18:23:41.121+08:00
2026-01-18 11:27:53,2026-01-17T18:24:00+08:00,2026-01-17T18:26:02+08:00,1.2342,103.8138,C,Cloud to Cloud,2026-01-17T18:23:41.121+08:00
2026-01-18 11:27:53,2026-01-17T18:24:00+08:00,2026-01-17T18:26:02+08:00,1.2304,103.819,C,Cloud to Cloud,2026-01-17T18:23:41.121+08:00
2026-01-18 11:27:53,2026-01-17T18:24:00+08:00,2026-01-17T18:26:02+08:00,1.2372,103.8142,C,Cloud to Cloud,2026-01-17T18:23:41.121+08:00
2026-01-18 11:27:53,2026-01-17T18:24:00+08:00,2026-01-17T18:26:02+08:00,1.2326,103.8172,C,Cloud to Cloud,2026-01-17T18:23:41.121+08:00
2026-01-18 11:27:53,2026-01-17T18:24:00+08:00,2026-01-17T18:26:02+08:00,1.2357,103.8116,C,Cloud to Cloud,2026-01-17T18:23:41.121+08:00
2026-01-18 11:27:53,2026-01-17T18:24:00+08:00,2026-01-17T18:26:02+08:00,1.2374,103.8164,C,Cloud to Cloud,2026-01-17T18:23:41.124+08:00
2026-01-18 11:27:53,2026-01-17T18:24:00+08:00,2026-01-17T18:26:02+08:00,1.2205,103.8436,C,Cloud to Cloud,2026-01-17T18:23:41.181+08:00
2026-01-18 11:27:53,2026-01-17T18:24:00+08:00,2026-01-17T18:26:02+08:00,1.2191,103.8577,C,Cloud to Cloud,2026-01-17T18:23:41.182+08:00
2026-01-18 11:27:53,2026-01-17T18:24:00+08:00,2026-01-17T18:26:02+08:00,1.2246,103.8547,C,Cloud to Cloud,2026-01-17T18:23:41.182+08:00
2026-01-18 11:27:53,2026-01-17T18:22:00+08:00,2026-01-17T18:24:03+08:00,1.0354,103.7514,C,Cloud to Cloud,2026-01-17T18:20:15.976+08:00
2026-01-18 11:27:53,2026-01-17T18:22:00+08:00,2026-01-17T18:24:03+08:00,1.2285,103.8009,C,Cloud to Cloud,2026-01-17T18:20:16.042+08:00
2026-01-18 11:27:53,2026-01-17T18:22:00+08:00,2026-01-17T18:24:03+08:00,1.2057,103.7819,C,Cloud to Cloud,2026-01-17T18:20:16.09+08:00
2026-01-18 11:27:53,2026-01-17T18:22:00+08:00,2026-01-17T18:24:03+08:00,1.2232,103.7851,C,Cloud to Cloud,2026-01-17T18:20:16.091+08:00
2026-01-18 11:27:53,2026-01-17T18:22:00+08:00,2026-01-17T18:24:03+08:00,1.2155,103.7967,C,Cloud to Cloud,2026-01-17T18:20:16.127+08:00
2026-01-18 11:27:53,2026-01-17T18:22:00+08:00,2026-01-17T18:24:03+08:00,1.2259,103.7942,C,Cloud to Cloud,2026-01-17T18:20:16.141+08:00
2026-01-18 11:27:53,2026-01-17T18:22:00+08:00,2026-01-17T18:24:03+08:00,1.218,103.7948,C,Cloud to Cloud,2026-01-17T18:20:16.148+08:00
2026-01-18 11:27:53,2026-01-17T18:22:00+08:00,2026-01-17T18:24:03+08:00,1.2211,103.7985,C,Cloud to Cloud,2026-01-17T18:20:16.158+08:00
2026-01-18 11:27:53,2026-01-17T18:22:00+08:00,2026-01-17T18:24:03+08:00,1.2268,103.7942,C,Cloud to Cloud,2026-01-17T18:20:16.158+08:00
2026-01-18 11:27:53,2026-01-17T18:22:00+08:00,2026-01-17T18:24:03+08:00,1.2266,103.8003,C,Cloud to Cloud,2026-01-17T18:20:16.167+08:00
2026-01-18 11:27:53,2026-01-17T18:22:00+08:00,2026-01-17T18:24:03+08:00,1.2243,103.7975,C,Cloud to Cloud,2026-01-17T18:20:16.167+08:00
2026-01-18 11:27:53,2026-01-17T18:22:00+08:00,2026-01-17T18:24:03+08:00,1.2252,103.7958,C,Cloud to Cloud,2026-01-17T18:20:16.169+08:00
2026-01-18 11:27:53,2026-01-17T18:22:00+08:00,2026-01-17T18:24:03+08:00,1.2219,103.7977,C,Cloud to Cloud,2026-01-17T18:20:16.169+08:00
2026-01-18 11:27:53,2026-01-17T18:22:00+08:00,2026-01-17T18:24:03+08:00,1.2202,103.7969,C,Cloud to Cloud,2026-01-17T18:20:16.169+08:00
2026-01-18 11:27:53,2026-01-17T18:22:00+08:00,2026-01-17T18:24:03+08:00,1.2329,103.8018,C,Cloud to Cloud,2026-01-17T18:20:16.169+08:00
2026-01-18 11:27:53,2026-01-17T18:22:00+08:00,2026-01-17T18:24:03+08:00,1.2261,103.7947,C,Cloud to Cloud,2026-01-17T18:20:16.169+08:00
2026-01-18 11:27:53,2026-01-17T18:22:00+08:00,2026-01-17T18:24:03+08:00,1.2291,103.7894,C,Cloud to Cloud,2026-01-17T18:20:16.169+08:00
2026-01-18 11:27:53,2026-01-17T18:22:00+08:00,2026-01-17T18:24:03+08:00,1.2199,103.8019,C,Cloud to Cloud,2026-01-17T18:20:16.178+08:00
2026-01-18 11:27:53,2026-01-17T18:22:00+08:00,2026-01-17T18:24:03+08:00,1.2136,103.8056,C,Cloud to Cloud,2026-01-17T18:20:16.178+08:00
2026-01-18 11:27:53,2026-01-17T18:22:00+08:00,2026-01-17T18:24:03+08:00,1.2281,103.8,C,Cloud to Cloud,2026-01-17T18:20:16.19+08:00
2026-01-18 11:27:53,2026-01-17T18:22:00+08:00,2026-01-17T18:24:03+08:00,1.217,103.8,C,Cloud to Cloud,2026-01-17T18:20:16.191+08:00
2026-01-18 11:27:53,2026-01-17T18:22:00+08:00,2026-01-17T18:24:03+08:00,1.2075,103.7949,C,Cloud to Cloud,2026-01-17T18:20:16.191+08:00
2026-01-18 11:27:53,2026-01-17T18:22:00+08:00,2026-01-17T18:24:03+08:00,1.2186,103.7896,C,Cloud to Cloud,2026-01-17T18:20:16.191+08:00
2026-01-18 11:27:53,2026-01-17T18:22:00+08:00,2026-01-17T18:24:03+08:00,1.217,103.7827,C,Cloud to Cloud,2026-01-17T18:20:16.191+08:00
2026-01-18 11:27:53,2026-01-17T18:22:00+08:00,2026-01-17T18:24:03+08:00,1.2125,103.7818,C,Cloud to Cloud,2026-01-17T18:20:16.191+08:00
2026-01-18 11:27:53,2026-01-17T18:22:00+08:00,2026-01-17T18:24:03+08:00,1.209,103.7878,C,Cloud to Cloud,2026-01-17T18:20:16.191+08:00
2026-01-18 11:27:53,2026-01-17T18:22:00+08:00,2026-01-17T18:24:03+08:00,1.2158,103.7856,C,Cloud to Cloud,2026-01-17T18:20:16.191+08:00
2026-01-18 11:27:53,2026-01-17T18:22:00+08:00,2026-01-17T18:24:03+08:00,1.2145,103.7664,C,Cloud to Cloud,2026-01-17T18:20:16.199+08:00
2026-01-18 11:27:53,2026-01-17T18:22:00+08:00,2026-01-17T18:24:03+08:00,1.2232,103.8032,C,Cloud to Cloud,2026-01-17T18:20:16.207+08:00
2026-01-18 11:27:53,2026-01-17T18:22:00+08:00,2026-01-17T18:24:03+08:00,1.2123,103.8044,C,Cloud to Cloud,2026-01-17T18:20:16.207+08:00
2026-01-18 11:27:53,2026-01-17T18:22:00+08:00,2026-01-17T18:24:03+08:00,1.2267,103.8028,C,Cloud to Cloud,2026-01-17T18:20:16.233+08:00
2026-01-18 11:27:53,2026-01-17T18:22:00+08:00,2026-01-17T18:24:03+08:00,1.2266,103.8005,C,Cloud to Cloud,2026-01-17T18:20:16.233+08:00
2026-01-18 11:27:53,2026-01-17T18:22:00+08:00,2026-01-17T18:24:03+08:00,1.2162,103.7931,C,Cloud to Cloud,2026-01-17T18:20:16.234+08:00
2026-01-18 11:27:53,2026-01-17T18:22:00+08:00,2026-01-17T18:24:03+08:00,1.2047,103.7993,C,Cloud to Cloud,2026-01-17T18:20:16.234+08:00
2026-01-18 11:27:53,2026-01-17T18:22:00+08:00,2026-01-17T18:24:03+08:00,1.2121,103.8066,C,Cloud to Cloud,2026-01-17T18:20:16.234+08:00
2026-01-18 11:27:53,2026-01-17T18:22:00+08:00,2026-01-17T18:24:03+08:00,1.2111,103.8026,C,Cloud to Cloud,2026-01-17T18:20:16.234+08:00
2026-01-18 11:27:53,2026-01-17T18:22:00+08:00,2026-01-17T18:24:03+08:00,1.2236,103.8164,C,Cloud to Cloud,2026-01-17T18:20:16.288+08:00
2026-01-18 11:27:53,2026-01-17T18:22:00+08:00,2026-01-17T18:24:03+08:00,1.239,103.8104,C,Cloud to Cloud,2026-01-17T18:20:16.306+08:00
2026-01-18 11:27:53,2026-01-17T18:22:00+08:00,2026-01-17T18:24:03+08:00,1.2305,103.8118,C,Cloud to Cloud,2026-01-17T18:20:16.321+08:00
2026-01-18 11:27:53,2026-01-17T18:22:00+08:00,2026-01-17T18:24:03+08:00,1.2348,103.8082,C,Cloud to Cloud,2026-01-17T18:20:16.321+08:00
2026-01-18 11:27:53,2026-01-17T18:22:00+08:00,2026-01-17T18:24:03+08:00,1.1952,103.8081,C,Cloud to Cloud,2026-01-17T18:20:34.94+08:00
2026-01-18 11:27:53,2026-01-17T18:22:00+08:00,2026-01-17T18:24:03+08:00,1.1858,103.8181,G,Cloud to Ground,2026-01-17T18:20:34.94+08:00
2026-01-18 11:27:53,2026-01-17T18:22:00+08:00,2026-01-17T18:24:03+08:00,1.2072,103.8065,C,Cloud to Cloud,2026-01-17T18:20:34.94+08:00
2026-01-18 11:27:53,2026-01-17T18:22:00+08:00,2026-01-17T18:24:03+08:00,1.2078,103.8043,C,Cloud to Cloud,2026-01-17T18:20:34.941+08:00
2026-01-18 11:27:53,2026-01-17T18:22:00+08:00,2026-01-17T18:24:03+08:00,1.2049,103.8056,C,Cloud to Cloud,2026-01-17T18:20:34.941+08:00
2026-01-18 11:27:53,2026-01-17T18:22:00+08:00,2026-01-17T18:24:03+08:00,1.198,103.7889,C,Cloud to Cloud,2026-01-17T18:20:34.969+08:00
2026-01-18 11:27:53,2026-01-17T18:22:00+08:00,2026-01-17T18:24:03+08:00,1.1968,103.7894,C,Cloud to Cloud,2026-01-17T18:20:34.969+08:00
2026-01-18 11:27:53,2026-01-17T18:22:00+08:00,2026-01-17T18:24:03+08:00,1.2115,103.8005,C,Cloud to Cloud,2026-01-17T18:20:34.969+08:00
2026-01-18 11:27:53,2026-01-17T18:22:00+08:00,2026-01-17T18:24:03+08:00,1.2086,103.8024,C,Cloud to Cloud,2026-01-17T18:20:34.969+08:00
2026-01-18 11:27:53,2026-01-17T18:22:00+08:00,2026-01-17T18:24:03+08:00,1.2116,103.8049,C,Cloud to Cloud,2026-01-17T18:20:34.969+08:00
2026-01-18 11:27:53,2026-01-17T18:22:00+08:00,2026-01-17T18:24:03+08:00,1.2185,103.8028,C,Cloud to Cloud,2026-01-17T18:20:34.969+08:00
2026-01-18 11:27:53,2026-01-17T18:22:00+08:00,2026-01-17T18:24:03+08:00,1.1998,103.8117,C,Cloud to Cloud,2026-01-17T18:20:34.97+08:00
2026-01-18 11:27:53,2026-01-17T18:22:00+08:00,2026-01-17T18:24:03+08:00,1.1997,103.8138,C,Cloud to Cloud,2026-01-17T18:20:34.97+08:00
2026-01-18 11:27:53,2026-01-17T18:22:00+08:00,2026-01-17T18:24:03+08:00,1.2104,103.7835,C,Cloud to Cloud,2026-01-17T18:20:34.987+08:00
2026-01-18 11:27:53,2026-01-17T18:22:00+08:00,2026-01-17T18:24:03+08:00,1.2028,103.7851,C,Cloud to Cloud,2026-01-17T18:20:34.996+08:00
2026-01-18 11:27:53,2026-01-17T18:22:00+08:00,2026-01-17T18:24:03+08:00,1.2029,103.785,C,Cloud to Cloud,2026-01-17T18:20:34.996+08:00
2026-01-18 11:27:53,2026-01-17T18:22:00+08:00,2026-01-17T18:24:03+08:00,1.2064,103.8035,C,Cloud to Cloud,2026-01-17T18:21:38.597+08:00
2026-01-18 11:27:53,2026-01-17T18:22:00+08:00,2026-01-17T18:24:03+08:00,1.2004,103.7877,C,Cloud to Cloud,2026-01-17T18:21:38.597+08:00
2026-01-18 11:27:53,2026-01-17T18:22:00+08:00,2026-01-17T18:24:03+08:00,1.2206,103.7981,C,Cloud to Cloud,2026-01-17T18:21:38.598+08:00
2026-01-18 11:27:53,2026-01-17T18:20:00+08:00,2026-01-17T18:22:02+08:00,1.2076,103.7918,C,Cloud to Cloud,2026-01-17T18:18:48.359+08:00
2026-01-18 11:27:53,2026-01-17T18:20:00+08:00,2026-01-17T18:22:02+08:00,1.2148,103.791,C,Cloud to Cloud,2026-01-17T18:18:48.36+08:00
2026-01-18 11:27:53,2026-01-17T18:20:00+08:00,2026-01-17T18:22:02+08:00,1.2105,103.7843,C,Cloud to Cloud,2026-01-17T18:18:48.361+08:00
2026-01-18 11:27:53,2026-01-17T18:20:00+08:00,2026-01-17T18:22:02+08:00,1.2183,103.7809,C,Cloud to Cloud,2026-01-17T18:18:48.361+08:00
2026-01-18 11:27:53,2026-01-17T18:20:00+08:00,2026-01-17T18:22:02+08:00,1.201,103.7867,C,Cloud to Cloud,2026-01-17T18:18:48.361+08:00
2026-01-18 11:27:53,2026-01-17T18:20:00+08:00,2026-01-17T18:22:02+08:00,1.1947,103.7745,C,Cloud to Cloud,2026-01-17T18:18:48.362+08:00
2026-01-18 11:27:53,2026-01-17T18:20:00+08:00,2026-01-17T18:22:02+08:00,1.2205,103.8137,C,Cloud to Cloud,2026-01-17T18:18:48.362+08:00
2026-01-18 11:27:53,2026-01-17T18:20:00+08:00,2026-01-17T18:22:02+08:00,1.1958,103.7769,C,Cloud to Cloud,2026-01-17T18:18:48.362+08:00
2026-01-18 11:27:53,2026-01-17T18:20:00+08:00,2026-01-17T18:22:02+08:00,1.1978,103.7743,C,Cloud to Cloud,2026-01-17T18:18:48.362+08:00
2026-01-18 11:27:53,2026-01-17T18:20:00+08:00,2026-01-17T18:22:02+08:00,1.1926,103.7752,C,Cloud to Cloud,2026-01-17T18:18:48.362+08:00
2026-01-18 11:27:53,2026-01-17T18:20:00+08:00,2026-01-17T18:22:02+08:00,1.1952,103.7797,C,Cloud to Cloud,2026-01-17T18:18:48.363+08:00
2026-01-18 11:27:53,2026-01-17T18:20:00+08:00,2026-01-17T18:22:02+08:00,1.1982,103.7877,C,Cloud to Cloud,2026-01-17T18:18:48.364+08:00
2026-01-18 11:27:53,2026-01-17T18:20:00+08:00,2026-01-17T18:22:02+08:00,1.2085,103.7798,C,Cloud to Cloud,2026-01-17T18:18:48.364+08:00
2026-01-18 11:27:53,2026-01-17T18:20:00+08:00,2026-01-17T18:22:02+08:00,1.2176,103.7839,C,Cloud to Cloud,2026-01-17T18:18:48.365+08:00
2026-01-18 11:27:53,2026-01-17T18:20:00+08:00,2026-01-17T18:22:02+08:00,1.2095,103.779,C,Cloud to Cloud,2026-01-17T18:18:48.365+08:00
2026-01-18 11:27:53,2026-01-17T18:20:00+08:00,2026-01-17T18:22:02+08:00,1.2116,103.7872,C,Cloud to Cloud,2026-01-17T18:18:48.366+08:00
2026-01-18 11:27:53,2026-01-17T18:20:00+08:00,2026-01-17T18:22:02+08:00,1.1973,103.7932,C,Cloud to Cloud,2026-01-17T18:18:48.366+08:00
2026-01-18 11:27:53,2026-01-17T18:20:00+08:00,2026-01-17T18:22:02+08:00,1.2089,103.7844,C,Cloud to Cloud,2026-01-17T18:18:48.366+08:00
2026-01-18 11:27:53,2026-01-17T18:20:00+08:00,2026-01-17T18:22:02+08:00,1.1903,103.774,C,Cloud to Cloud,2026-01-17T18:18:48.367+08:00
2026-01-18 11:27:53,2026-01-17T18:20:00+08:00,2026-01-17T18:22:02+08:00,1.2041,103.7868,C,Cloud to Cloud,2026-01-17T18:18:48.367+08:00
2026-01-18 11:27:53,2026-01-17T18:20:00+08:00,2026-01-17T18:22:02+08:00,1.1983,103.7889,C,Cloud to Cloud,2026-01-17T18:18:48.367+08:00
2026-01-18 11:27:53,2026-01-17T18:20:00+08:00,2026-01-17T18:22:02+08:00,1.1939,103.7871,C,Cloud to Cloud,2026-01-17T18:18:48.368+08:00
2026-01-18 11:27:53,2026-01-17T18:20:00+08:00,2026-01-17T18:22:02+08:00,1.1949,103.7879,C,Cloud to Cloud,2026-01-17T18:18:48.368+08:00
2026-01-18 11:27:53,2026-01-17T18:20:00+08:00,2026-01-17T18:22:02+08:00,1.2165,103.7811,C,Cloud to Cloud,2026-01-17T18:18:48.369+08:00
2026-01-18 11:27:53,2026-01-17T18:20:00+08:00,2026-01-17T18:22:02+08:00,1.2113,103.7828,C,Cloud to Cloud,2026-01-17T18:18:48.369+08:00
2026-01-18 11:27:53,2026-01-17T18:20:00+08:00,2026-01-17T18:22:02+08:00,1.1965,103.7923,C,Cloud to Cloud,2026-01-17T18:18:48.37+08:00
2026-01-18 11:27:53,2026-01-17T18:20:00+08:00,2026-01-17T18:22:02+08:00,1.2173,103.788,C,Cloud to Cloud,2026-01-17T18:18:48.371+08:00
2026-01-18 11:27:53,2026-01-17T18:20:00+08:00,2026-01-17T18:22:02+08:00,1.2218,103.7889,C,Cloud to Cloud,2026-01-17T18:18:48.376+08:00
2026-01-18 11:27:53,2026-01-17T18:20:00+08:00,2026-01-17T18:22:02+08:00,1.2072,103.7917,C,Cloud to Cloud,2026-01-17T18:18:48.379+08:00
2026-01-18 11:27:53,2026-01-17T18:20:00+08:00,2026-01-17T18:22:02+08:00,1.2126,103.7894,C,Cloud to Cloud,2026-01-17T18:18:48.38+08:00
2026-01-18 11:27:53,2026-01-17T18:20:00+08:00,2026-01-17T18:22:02+08:00,1.2274,103.8044,C,Cloud to Cloud,2026-01-17T18:18:48.38+08:00
2026-01-18 11:27:53,2026-01-17T18:20:00+08:00,2026-01-17T18:22:02+08:00,1.2066,103.7904,C,Cloud to Cloud,2026-01-17T18:18:48.38+08:00
2026-01-18 11:27:53,2026-01-17T18:20:00+08:00,2026-01-17T18:22:02+08:00,1.1596,103.7688,C,Cloud to Cloud,2026-01-17T18:18:48.38+08:00
2026-01-18 11:27:53,2026-01-17T18:20:00+08:00,2026-01-17T18:22:02+08:00,1.2319,103.8033,C,Cloud to Cloud,2026-01-17T18:18:48.381+08:00
2026-01-18 11:27:53,2026-01-17T18:20:00+08:00,2026-01-17T18:22:02+08:00,1.2086,103.7965,C,Cloud to Cloud,2026-01-17T18:18:48.381+08:00
2026-01-18 11:27:53,2026-01-17T18:20:00+08:00,2026-01-17T18:22:02+08:00,1.231,103.7937,C,Cloud to Cloud,2026-01-17T18:18:48.383+08:00
2026-01-18 11:27:53,2026-01-17T18:20:00+08:00,2026-01-17T18:22:02+08:00,1.2293,103.7947,C,Cloud to Cloud,2026-01-17T18:18:48.383+08:00
2026-01-18 11:27:53,2026-01-17T18:20:00+08:00,2026-01-17T18:22:02+08:00,1.2294,103.7948,C,Cloud to Cloud,2026-01-17T18:18:48.383+08:00
2026-01-18 11:27:53,2026-01-17T18:20:00+08:00,2026-01-17T18:22:02+08:00,1.2229,103.7956,C,Cloud to Cloud,2026-01-17T18:18:48.386+08:00
2026-01-18 11:27:53,2026-01-17T18:20:00+08:00,2026-01-17T18:22:02+08:00,1.2295,103.7984,C,Cloud to Cloud,2026-01-17T18:18:48.386+08:00
2026-01-18 11:27:53,2026-01-17T18:20:00+08:00,2026-01-17T18:22:02+08:00,1.2168,103.8029,C,Cloud to Cloud,2026-01-17T18:18:48.386+08:00
2026-01-18 11:27:53,2026-01-17T18:20:00+08:00,2026-01-17T18:22:02+08:00,1.2019,103.7767,C,Cloud to Cloud,2026-01-17T18:18:48.408+08:00
2026-01-18 11:27:53,2026-01-17T18:20:00+08:00,2026-01-17T18:22:02+08:00,1.2256,103.7888,C,Cloud to Cloud,2026-01-17T18:19:26.365+08:00
2026-01-18 11:27:53,2026-01-17T18:20:00+08:00,2026-01-17T18:22:02+08:00,1.2166,103.7794,C,Cloud to Cloud,2026-01-17T18:19:26.365+08:00
2026-01-18 11:27:53,2026-01-17T18:20:00+08:00,2026-01-17T18:22:02+08:00,1.2231,103.778,C,Cloud to Cloud,2026-01-17T18:19:26.366+08:00
2026-01-18 11:27:53,2026-01-17T18:20:00+08:00,2026-01-17T18:22:02+08:00,1.2164,103.7803,C,Cloud to Cloud,2026-01-17T18:19:26.366+08:00
2026-01-18 11:27:53,2026-01-17T18:20:00+08:00,2026-01-17T18:22:02+08:00,1.2229,103.7799,C,Cloud to Cloud,2026-01-17T18:19:26.366+08:00
2026-01-18 11:27:53,2026-01-17T18:20:00+08:00,2026-01-17T18:22:02+08:00,1.2187,103.7764,C,Cloud to Cloud,2026-01-17T18:19:26.367+08:00
2026-01-18 11:27:53,2026-01-17T18:20:00+08:00,2026-01-17T18:22:02+08:00,1.2206,103.779,C,Cloud to Cloud,2026-01-17T18:19:26.367+08:00
2026-01-18 11:27:53,2026-01-17T18:20:00+08:00,2026-01-17T18:22:02+08:00,1.2159,103.778,C,Cloud to Cloud,2026-01-17T18:19:26.367+08:00
2026-01-18 11:27:53,2026-01-17T18:20:00+08:00,2026-01-17T18:22:02+08:00,1.2166,103.773,C,Cloud to Cloud,2026-01-17T18:19:26.367+08:00
2026-01-18 11:27:53,2026-01-17T18:20:00+08:00,2026-01-17T18:22:02+08:00,1.2199,103.7733,C,Cloud to Cloud,2026-01-17T18:19:26.368+08:00
2026-01-18 11:27:53,2026-01-17T18:20:00+08:00,2026-01-17T18:22:02+08:00,1.219,103.772,C,Cloud to Cloud,2026-01-17T18:19:26.368+08:00
2026-01-18 11:27:53,2026-01-17T18:20:00+08:00,2026-01-17T18:22:02+08:00,1.2132,103.77,C,Cloud to Cloud,2026-01-17T18:19:26.371+08:00
2026-01-18 11:27:53,2026-01-17T18:20:00+08:00,2026-01-17T18:22:02+08:00,1.2152,103.7731,C,Cloud to Cloud,2026-01-17T18:19:26.371+08:00
2026-01-18 11:27:53,2026-01-17T18:20:00+08:00,2026-01-17T18:22:02+08:00,1.2123,103.7698,C,Cloud to Cloud,2026-01-17T18:19:26.372+08:00
2026-01-18 11:27:53,2026-01-17T18:20:00+08:00,2026-01-17T18:22:02+08:00,1.223,103.7679,C,Cloud to Cloud,2026-01-17T18:19:26.372+08:00
2026-01-18 11:27:53,2026-01-17T18:20:00+08:00,2026-01-17T18:22:02+08:00,1.2146,103.7762,C,Cloud to Cloud,2026-01-17T18:19:26.372+08:00
2026-01-18 11:27:53,2026-01-17T18:20:00+08:00,2026-01-17T18:22:02+08:00,1.2153,103.7762,C,Cloud to Cloud,2026-01-17T18:19:26.373+08:00
2026-01-18 11:27:53,2026-01-17T18:20:00+08:00,2026-01-17T18:22:02+08:00,1.2124,103.7674,C,Cloud to Cloud,2026-01-17T18:19:26.373+08:00
2026-01-18 11:27:53,2026-01-17T18:20:00+08:00,2026-01-17T18:22:02+08:00,1.2137,103.7706,C,Cloud to Cloud,2026-01-17T18:19:26.373+08:00
2026-01-18 11:27:53,2026-01-17T18:20:00+08:00,2026-01-17T18:22:02+08:00,1.2146,103.7737,C,Cloud to Cloud,2026-01-17T18:19:26.373+08:00
2026-01-18 11:27:53,2026-01-17T18:20:00+08:00,2026-01-17T18:22:02+08:00,1.2147,103.7747,C,Cloud to Cloud,2026-01-17T18:19:26.373+08:00
2026-01-18 11:27:53,2026-01-17T18:20:00+08:00,2026-01-17T18:22:02+08:00,1.2144,103.7763,C,Cloud to Cloud,2026-01-17T18:19:26.374+08:00
2026-01-18 11:27:53,2026-01-17T18:20:00+08:00,2026-01-17T18:22:02+08:00,1.2152,103.7756,C,Cloud to Cloud,2026-01-17T18:19:26.374+08:00
2026-01-18 11:27:53,2026-01-17T18:20:00+08:00,2026-01-17T18:22:02+08:00,1.2146,103.7743,C,Cloud to Cloud,2026-01-17T18:19:26.374+08:00
2026-01-18 11:27:53,2026-01-17T18:20:00+08:00,2026-01-17T18:22:02+08:00,1.2145,103.7753,C,Cloud to Cloud,2026-01-17T18:19:26.374+08:00
2026-01-18 11:27:53,2026-01-17T18:20:00+08:00,2026-01-17T18:22:02+08:00,1.2131,103.7735,C,Cloud to Cloud,2026-01-17T18:19:26.375+08:00
2026-01-18 11:27:53,2026-01-17T18:20:00+08:00,2026-01-17T18:22:02+08:00,1.214,103.7749,C,Cloud to Cloud,2026-01-17T18:19:26.375+08:00
2026-01-18 11:27:53,2026-01-17T18:20:00+08:00,2026-01-17T18:22:02+08:00,1.2115,103.7702,C,Cloud to Cloud,2026-01-17T18:19:26.377+08:00
2026-01-18 11:27:53,2026-01-17T18:20:00+08:00,2026-01-17T18:22:02+08:00,1.1993,103.6969,C,Cloud to Cloud,2026-01-17T18:19:26.393+08:00
2026-01-18 11:27:53,2026-01-17T18:20:00+08:00,2026-01-17T18:22:02+08:00,1.2311,103.797,C,Cloud to Cloud,2026-01-17T18:19:26.423+08:00
2026-01-18 11:27:53,2026-01-17T18:20:00+08:00,2026-01-17T18:22:02+08:00,1.2283,103.7986,C,Cloud to Cloud,2026-01-17T18:19:26.423+08:00
2026-01-18 11:27:53,2026-01-17T18:20:00+08:00,2026-01-17T18:22:02+08:00,1.2157,103.7992,C,Cloud to Cloud,2026-01-17T18:19:26.423+08:00
2026-01-18 11:27:53,2026-01-17T18:20:00+08:00,2026-01-17T18:22:02+08:00,1.2173,103.8043,C,Cloud to Cloud,2026-01-17T18:19:26.439+08:00
2026-01-18 11:27:53,2026-01-17T18:20:00+08:00,2026-01-17T18:22:02+08:00,1.2147,103.795,C,Cloud to Cloud,2026-01-17T18:19:26.446+08:00
2026-01-18 11:27:53,2026-01-17T18:20:00+08:00,2026-01-17T18:22:02+08:00,1.2144,103.8066,C,Cloud to Cloud,2026-01-17T18:19:26.452+08:00
2026-01-18 11:27:53,2026-01-17T18:20:00+08:00,2026-01-17T18:22:02+08:00,1.2277,103.807,C,Cloud to Cloud,2026-01-17T18:19:26.452+08:00
2026-01-18 11:27:53,2026-01-17T18:20:00+08:00,2026-01-17T18:22:02+08:00,1.2177,103.8076,C,Cloud to Cloud,2026-01-17T18:19:26.481+08:00
2026-01-18 11:27:53,2026-01-17T18:20:00+08:00,2026-01-17T18:22:02+08:00,1.2247,103.7992,C,Cloud to Cloud,2026-01-17T18:19:26.484+08:00
2026-01-18 11:27:53,2026-01-17T18:20:00+08:00,2026-01-17T18:22:02+08:00,1.2204,103.7946,C,Cloud to Cloud,2026-01-17T18:19:26.503+08:00
2026-01-18 11:27:53,2026-01-17T18:20:00+08:00,2026-01-17T18:22:02+08:00,1.2208,103.8048,C,Cloud to Cloud,2026-01-17T18:19:26.512+08:00
2026-01-18 11:27:53,2026-01-17T18:20:00+08:00,2026-01-17T18:22:02+08:00,1.2145,103.808,C,Cloud to Cloud,2026-01-17T18:19:26.512+08:00
2026-01-18 11:27:53,2026-01-17T18:20:00+08:00,2026-01-17T18:22:02+08:00,1.2163,103.8102,C,Cloud to Cloud,2026-01-17T18:19:26.515+08:00
2026-01-18 11:27:53,2026-01-17T18:20:00+08:00,2026-01-17T18:22:02+08:00,1.225,103.8041,C,Cloud to Cloud,2026-01-17T18:19:26.544+08:00
2026-01-18 11:27:53,2026-01-17T18:20:00+08:00,2026-01-17T18:22:02+08:00,1.2295,103.7982,C,Cloud to Cloud,2026-01-17T18:19:26.544+08:00
2026-01-18 11:27:53,2026-01-17T18:20:00+08:00,2026-01-17T18:22:02+08:00,1.2307,103.7914,C,Cloud to Cloud,2026-01-17T18:19:26.544+08:00
2026-01-18 11:27:53,2026-01-17T18:20:00+08:00,2026-01-17T18:22:02+08:00,1.2133,103.7843,C,Cloud to Cloud,2026-01-17T18:19:26.56+08:00
2026-01-18 11:27:53,2026-01-17T18:20:00+08:00,2026-01-17T18:22:02+08:00,1.2123,103.7846,C,Cloud to Cloud,2026-01-17T18:19:26.56+08:00
2026-01-18 11:27:53,2026-01-17T18:20:00+08:00,2026-01-17T18:22:02+08:00,1.2207,103.7912,C,Cloud to Cloud,2026-01-17T18:19:26.56+08:00
2026-01-18 11:27:53,2026-01-17T18:20:00+08:00,2026-01-17T18:22:02+08:00,1.2124,103.7951,C,Cloud to Cloud,2026-01-17T18:19:26.56+08:00
2026-01-18 11:27:53,2026-01-17T18:20:00+08:00,2026-01-17T18:22:02+08:00,1.2097,103.7753,C,Cloud to Cloud,2026-01-17T18:19:26.561+08:00
2026-01-18 11:27:53,2026-01-17T18:18:00+08:00,2026-01-17T18:20:03+08:00,1.2266,103.7941,C,Cloud to Cloud,2026-01-17T18:17:11.823+08:00
2026-01-18 11:27:53,2026-01-17T18:18:00+08:00,2026-01-17T18:20:03+08:00,1.2215,103.796,C,Cloud to Cloud,2026-01-17T18:17:11.824+08:00
2026-01-18 11:27:53,2026-01-17T18:18:00+08:00,2026-01-17T18:20:03+08:00,1.2601,103.8029,C,Cloud to Cloud,2026-01-17T18:17:11.83+08:00
2026-01-18 11:27:53,2026-01-17T18:18:00+08:00,2026-01-17T18:20:03+08:00,1.2133,103.7863,C,Cloud to Cloud,2026-01-17T18:17:11.832+08:00
2026-01-18 11:27:53,2026-01-17T18:18:00+08:00,2026-01-17T18:20:03+08:00,1.2253,103.7916,C,Cloud to Cloud,2026-01-17T18:17:11.834+08:00
2026-01-18 11:27:53,2026-01-17T18:18:00+08:00,2026-01-17T18:20:03+08:00,1.2113,103.7857,C,Cloud to Cloud,2026-01-17T18:17:11.834+08:00
2026-01-18 11:27:53,2026-01-17T18:18:00+08:00,2026-01-17T18:20:03+08:00,1.2347,103.7866,C,Cloud to Cloud,2026-01-17T18:17:11.834+08:00
2026-01-18 11:27:53,2026-01-17T18:18:00+08:00,2026-01-17T18:20:03+08:00,1.2205,103.7846,C,Cloud to Cloud,2026-01-17T18:17:11.843+08:00
2026-01-18 11:27:53,2026-01-17T18:18:00+08:00,2026-01-17T18:20:03+08:00,1.2326,103.7835,C,Cloud to Cloud,2026-01-17T18:17:11.846+08:00
2026-01-18 11:27:53,2026-01-17T18:18:00+08:00,2026-01-17T18:20:03+08:00,1.234,103.7822,C,Cloud to Cloud,2026-01-17T18:17:11.849+08:00
2026-01-18 11:27:53,2026-01-17T18:18:00+08:00,2026-01-17T18:20:03+08:00,1.0982,103.7514,C,Cloud to Cloud,2026-01-17T18:17:11.861+08:00
2026-01-18 11:27:53,2026-01-17T18:18:00+08:00,2026-01-17T18:20:03+08:00,1.2258,103.7835,C,Cloud to Cloud,2026-01-17T18:17:11.874+08:00
2026-01-18 11:27:53,2026-01-17T18:18:00+08:00,2026-01-17T18:20:03+08:00,1.2112,103.7753,C,Cloud to Cloud,2026-01-17T18:17:11.88+08:00
2026-01-18 11:27:53,2026-01-17T18:18:00+08:00,2026-01-17T18:20:03+08:00,1.2118,103.7764,C,Cloud to Cloud,2026-01-17T18:17:11.881+08:00
2026-01-18 11:27:53,2026-01-17T18:18:00+08:00,2026-01-17T18:20:03+08:00,1.2108,103.7744,C,Cloud to Cloud,2026-01-17T18:17:11.881+08:00
2026-01-18 11:27:53,2026-01-17T18:18:00+08:00,2026-01-17T18:20:03+08:00,1.2098,103.7726,C,Cloud to Cloud,2026-01-17T18:17:11.882+08:00
2026-01-18 11:27:53,2026-01-17T18:18:00+08:00,2026-01-17T18:20:03+08:00,1.2126,103.756,C,Cloud to Cloud,2026-01-17T18:17:11.885+08:00
2026-01-18 11:27:53,2026-01-17T18:18:00+08:00,2026-01-17T18:20:03+08:00,1.2,103.7568,C,Cloud to Cloud,2026-01-17T18:17:11.885+08:00
2026-01-18 11:27:53,2026-01-17T18:18:00+08:00,2026-01-17T18:20:03+08:00,1.2156,103.7754,C,Cloud to Cloud,2026-01-17T18:17:11.886+08:00
2026-01-18 11:27:53,2026-01-17T18:18:00+08:00,2026-01-17T18:20:03+08:00,1.2126,103.75,C,Cloud to Cloud,2026-01-17T18:17:11.886+08:00
2026-01-18 11:27:53,2026-01-17T18:18:00+08:00,2026-01-17T18:20:03+08:00,1.2157,103.7926,C,Cloud to Cloud,2026-01-17T18:17:11.896+08:00
2026-01-18 11:27:53,2026-01-17T18:18:00+08:00,2026-01-17T18:20:03+08:00,1.2316,103.7938,C,Cloud to Cloud,2026-01-17T18:17:11.896+08:00
2026-01-18 11:27:53,2026-01-17T18:18:00+08:00,2026-01-17T18:20:03+08:00,1.231,103.7955,C,Cloud to Cloud,2026-01-17T18:17:11.896+08:00
2026-01-18 11:27:53,2026-01-17T18:18:00+08:00,2026-01-17T18:20:03+08:00,1.2342,103.8023,C,Cloud to Cloud,2026-01-17T18:17:11.918+08:00
2026-01-18 11:27:53,2026-01-17T18:18:00+08:00,2026-01-17T18:20:03+08:00,1.2362,103.8027,C,Cloud to Cloud,2026-01-17T18:17:11.923+08:00
2026-01-18 11:27:53,2026-01-17T18:18:00+08:00,2026-01-17T18:20:03+08:00,1.2368,103.8092,C,Cloud to Cloud,2026-01-17T18:17:11.926+08:00
2026-01-18 11:27:53,2026-01-17T18:18:00+08:00,2026-01-17T18:20:03+08:00,1.2409,103.8051,C,Cloud to Cloud,2026-01-17T18:17:11.928+08:00
2026-01-18 11:27:53,2026-01-17T18:18:00+08:00,2026-01-17T18:20:03+08:00,1.2379,103.8144,C,Cloud to Cloud,2026-01-17T18:17:11.929+08:00
2026-01-18 11:27:53,2026-01-17T18:18:00+08:00,2026-01-17T18:20:03+08:00,1.2241,103.8274,C,Cloud to Cloud,2026-01-17T18:17:11.931+08:00
2026-01-18 11:27:53,2026-01-17T18:18:00+08:00,2026-01-17T18:20:03+08:00,1.2269,103.8027,C,Cloud to Cloud,2026-01-17T18:17:11.941+08:00
2026-01-18 11:27:53,2026-01-17T18:18:00+08:00,2026-01-17T18:20:03+08:00,1.1811,103.8185,C,Cloud to Cloud,2026-01-17T18:17:11.941+08:00
2026-01-18 11:27:53,2026-01-17T18:18:00+08:00,2026-01-17T18:20:03+08:00,1.217,103.8151,C,Cloud to Cloud,2026-01-17T18:17:11.951+08:00
2026-01-18 11:27:53,2026-01-17T18:18:00+08:00,2026-01-17T18:20:03+08:00,1.2192,103.8126,C,Cloud to Cloud,2026-01-17T18:17:11.951+08:00
2026-01-18 11:27:53,2026-01-17T18:18:00+08:00,2026-01-17T18:20:03+08:00,1.1793,103.8156,C,Cloud to Cloud,2026-01-17T18:17:11.951+08:00
2026-01-18 11:27:53,2026-01-17T18:18:00+08:00,2026-01-17T18:20:03+08:00,1.2179,103.7964,C,Cloud to Cloud,2026-01-17T18:17:11.957+08:00
2026-01-18 11:27:53,2026-01-17T18:18:00+08:00,2026-01-17T18:20:03+08:00,1.218,103.8068,C,Cloud to Cloud,2026-01-17T18:17:11.957+08:00
2026-01-18 11:27:53,2026-01-17T18:18:00+08:00,2026-01-17T18:20:03+08:00,1.1628,103.7955,C,Cloud to Cloud,2026-01-17T18:17:11.957+08:00
2026-01-18 11:27:53,2026-01-17T18:18:00+08:00,2026-01-17T18:20:03+08:00,1.2297,103.8045,C,Cloud to Cloud,2026-01-17T18:17:11.959+08:00
2026-01-18 11:27:53,2026-01-17T18:18:00+08:00,2026-01-17T18:20:03+08:00,1.2288,103.8051,C,Cloud to Cloud,2026-01-17T18:17:11.959+08:00
2026-01-18 11:27:53,2026-01-17T18:18:00+08:00,2026-01-17T18:20:03+08:00,1.2352,103.7953,C,Cloud to Cloud,2026-01-17T18:17:11.959+08:00
2026-01-18 11:27:53,2026-01-17T18:18:00+08:00,2026-01-17T18:20:03+08:00,1.2352,103.7954,C,Cloud to Cloud,2026-01-17T18:17:11.963+08:00
2026-01-18 11:27:53,2026-01-17T18:18:00+08:00,2026-01-17T18:20:03+08:00,1.1805,103.815,C,Cloud to Cloud,2026-01-17T18:17:11.963+08:00
2026-01-18 11:27:53,2026-01-17T18:18:00+08:00,2026-01-17T18:20:03+08:00,1.229,103.7946,C,Cloud to Cloud,2026-01-17T18:17:11.97+08:00
2026-01-18 11:27:53,2026-01-17T18:18:00+08:00,2026-01-17T18:20:03+08:00,1.228,103.7838,C,Cloud to Cloud,2026-01-17T18:17:11.99+08:00
2026-01-18 11:27:53,2026-01-17T18:18:00+08:00,2026-01-17T18:20:03+08:00,1.0991,103.7434,C,Cloud to Cloud,2026-01-17T18:17:12.014+08:00
2026-01-18 11:27:53,2026-01-17T18:18:00+08:00,2026-01-17T18:20:03+08:00,1.21,103.7564,C,Cloud to Cloud,2026-01-17T18:17:12.021+08:00
2026-01-18 11:27:53,2026-01-17T18:18:00+08:00,2026-01-17T18:20:03+08:00,1.233,103.8165,C,Cloud to Cloud,2026-01-17T18:17:12.037+08:00
2026-01-18 11:27:53,2026-01-17T18:18:00+08:00,2026-01-17T18:20:03+08:00,1.2378,103.8121,C,Cloud to Cloud,2026-01-17T18:17:12.044+08:00
2026-01-18 11:27:53,2026-01-17T18:16:00+08:00,2026-01-17T18:18:02+08:00,1.2208,103.7816,C,Cloud to Cloud,2026-01-17T18:14:27.206+08:00
2026-01-18 11:27:53,2026-01-17T18:16:00+08:00,2026-01-17T18:18:02+08:00,1.2339,103.7794,C,Cloud to Cloud,2026-01-17T18:14:27.206+08:00
2026-01-18 11:27:53,2026-01-17T18:16:00+08:00,2026-01-17T18:18:02+08:00,1.2283,103.7826,C,Cloud to Cloud,2026-01-17T18:14:27.206+08:00
2026-01-18 11:27:53,2026-01-17T18:16:00+08:00,2026-01-17T18:18:02+08:00,1.2198,103.7861,C,Cloud to Cloud,2026-01-17T18:14:27.206+08:00
2026-01-18 11:27:53,2026-01-17T18:16:00+08:00,2026-01-17T18:18:02+08:00,1.2268,103.7801,C,Cloud to Cloud,2026-01-17T18:14:27.207+08:00
2026-01-18 11:27:53,2026-01-17T18:16:00+08:00,2026-01-17T18:18:02+08:00,1.2278,103.781,C,Cloud to Cloud,2026-01-17T18:14:27.207+08:00
2026-01-18 11:27:53,2026-01-17T18:16:00+08:00,2026-01-17T18:18:02+08:00,1.2308,103.7757,C,Cloud to Cloud,2026-01-17T18:14:27.207+08:00
2026-01-18 11:27:53,2026-01-17T18:16:00+08:00,2026-01-17T18:18:02+08:00,1.2302,103.7773,C,Cloud to Cloud,2026-01-17T18:14:27.21+08:00
2026-01-18 11:27:53,2026-01-17T18:16:00+08:00,2026-01-17T18:18:02+08:00,1.2317,103.7924,C,Cloud to Cloud,2026-01-17T18:14:27.306+08:00
2026-01-18 11:27:53,2026-01-17T18:16:00+08:00,2026-01-17T18:18:02+08:00,1.2272,103.7708,C,Cloud to Cloud,2026-01-17T18:14:27.325+08:00
2026-01-18 11:27:53,2026-01-17T18:16:00+08:00,2026-01-17T18:18:02+08:00,1.2177,103.7933,C,Cloud to Cloud,2026-01-17T18:14:27.333+08:00
2026-01-18 11:27:53,2026-01-17T18:16:00+08:00,2026-01-17T18:18:02+08:00,1.2382,103.7982,C,Cloud to Cloud,2026-01-17T18:14:27.457+08:00
2026-01-18 11:27:53,2026-01-17T18:16:00+08:00,2026-01-17T18:18:02+08:00,1.2316,103.8021,C,Cloud to Cloud,2026-01-17T18:14:27.457+08:00
2026-01-18 11:27:53,2026-01-17T18:16:00+08:00,2026-01-17T18:18:02+08:00,1.2314,103.8045,C,Cloud to Cloud,2026-01-17T18:14:27.502+08:00
2026-01-18 11:27:53,2026-01-17T18:16:00+08:00,2026-01-17T18:18:02+08:00,1.2209,103.7806,C,Cloud to Cloud,2026-01-17T18:14:27.502+08:00
2026-01-18 11:27:53,2026-01-17T18:16:00+08:00,2026-01-17T18:18:02+08:00,1.229,103.7772,C,Cloud to Cloud,2026-01-17T18:14:27.502+08:00
2026-01-18 11:27:53,2026-01-17T18:16:00+08:00,2026-01-17T18:18:02+08:00,1.2173,103.7762,C,Cloud to Cloud,2026-01-17T18:14:27.502+08:00
2026-01-18 11:27:53,2026-01-17T18:16:00+08:00,2026-01-17T18:18:02+08:00,1.2138,103.7757,C,Cloud to Cloud,2026-01-17T18:14:27.503+08:00
2026-01-18 11:27:53,2026-01-17T18:16:00+08:00,2026-01-17T18:18:02+08:00,1.2098,103.7692,C,Cloud to Cloud,2026-01-17T18:14:27.503+08:00
2026-01-18 11:27:53,2026-01-17T18:16:00+08:00,2026-01-17T18:18:02+08:00,1.2111,103.7726,C,Cloud to Cloud,2026-01-17T18:14:27.503+08:00
2026-01-18 11:27:53,2026-01-17T18:16:00+08:00,2026-01-17T18:18:02+08:00,1.2086,103.7693,C,Cloud to Cloud,2026-01-17T18:14:27.503+08:00
2026-01-18 11:27:53,2026-01-17T18:16:00+08:00,2026-01-17T18:18:02+08:00,1.2104,103.7717,C,Cloud to Cloud,2026-01-17T18:14:27.503+08:00
2026-01-18 11:27:53,2026-01-17T18:16:00+08:00,2026-01-17T18:18:02+08:00,1.2106,103.7767,C,Cloud to Cloud,2026-01-17T18:14:27.503+08:00
2026-01-18 11:27:53,2026-01-17T18:16:00+08:00,2026-01-17T18:18:02+08:00,1.2071,103.76,C,Cloud to Cloud,2026-01-17T18:14:27.503+08:00
2026-01-18 11:27:53,2026-01-17T18:16:00+08:00,2026-01-17T18:18:02+08:00,1.2213,103.7758,C,Cloud to Cloud,2026-01-17T18:14:27.503+08:00
2026-01-18 11:27:53,2026-01-17T18:16:00+08:00,2026-01-17T18:18:02+08:00,1.2126,103.7628,C,Cloud to Cloud,2026-01-17T18:14:27.504+08:00
2026-01-18 11:27:53,2026-01-17T18:16:00+08:00,2026-01-17T18:18:02+08:00,1.2126,103.7628,C,Cloud to Cloud,2026-01-17T18:14:27.504+08:00
2026-01-18 11:27:53,2026-01-17T18:16:00+08:00,2026-01-17T18:18:02+08:00,1.2239,103.8047,C,Cloud to Cloud,2026-01-17T18:14:27.509+08:00
2026-01-18 11:27:53,2026-01-17T18:16:00+08:00,2026-01-17T18:18:02+08:00,1.2238,103.8074,C,Cloud to Cloud,2026-01-17T18:14:27.517+08:00
2026-01-18 11:27:53,2026-01-17T18:16:00+08:00,2026-01-17T18:18:02+08:00,1.2272,103.8048,C,Cloud to Cloud,2026-01-17T18:14:27.517+08:00
2026-01-18 11:27:53,2026-01-17T18:16:00+08:00,2026-01-17T18:18:02+08:00,1.2328,103.7824,C,Cloud to Cloud,2026-01-17T18:14:27.517+08:00
2026-01-18 11:27:53,2026-01-17T18:16:00+08:00,2026-01-17T18:18:02+08:00,1.2231,103.7853,C,Cloud to Cloud,2026-01-17T18:14:27.517+08:00
2026-01-18 11:27:53,2026-01-17T18:16:00+08:00,2026-01-17T18:18:02+08:00,1.2293,103.7832,C,Cloud to Cloud,2026-01-17T18:14:27.532+08:00
2026-01-18 11:27:53,2026-01-17T18:16:00+08:00,2026-01-17T18:18:02+08:00,1.2204,103.7962,C,Cloud to Cloud,2026-01-17T18:15:27.428+08:00
2026-01-18 11:27:53,2026-01-17T18:14:00+08:00,2026-01-17T18:16:03+08:00,1.2207,103.7577,C,Cloud to Cloud,2026-01-17T18:13:14.25+08:00
2026-01-18 11:27:53,2026-01-17T18:14:00+08:00,2026-01-17T18:16:03+08:00,1.2226,103.774,C,Cloud to Cloud,2026-01-17T18:13:14.25+08:00
2026-01-18 11:27:53,2026-01-17T18:14:00+08:00,2026-01-17T18:16:03+08:00,1.2221,103.7624,C,Cloud to Cloud,2026-01-17T18:13:14.25+08:00
2026-01-18 11:27:53,2026-01-17T18:14:00+08:00,2026-01-17T18:16:03+08:00,1.2219,103.7628,C,Cloud to Cloud,2026-01-17T18:13:14.25+08:00
2026-01-18 11:27:53,2026-01-17T18:14:00+08:00,2026-01-17T18:16:03+08:00,1.2221,103.7632,C,Cloud to Cloud,2026-01-17T18:13:14.25+08:00
2026-01-18 11:27:53,2026-01-17T18:14:00+08:00,2026-01-17T18:16:03+08:00,1.2205,103.7831,C,Cloud to Cloud,2026-01-17T18:13:14.25+08:00
2026-01-18 11:27:53,2026-01-17T18:14:00+08:00,2026-01-17T18:16:03+08:00,1.2216,103.7629,C,Cloud to Cloud,2026-01-17T18:13:14.25+08:00
2026-01-18 11:27:53,2026-01-17T18:14:00+08:00,2026-01-17T18:16:03+08:00,1.2228,103.766,C,Cloud to Cloud,2026-01-17T18:13:14.25+08:00
2026-01-18 11:27:53,2026-01-17T18:14:00+08:00,2026-01-17T18:16:03+08:00,1.2218,103.7673,C,Cloud to Cloud,2026-01-17T18:13:14.251+08:00
2026-01-18 11:27:53,2026-01-17T18:14:00+08:00,2026-01-17T18:16:03+08:00,1.2226,103.7678,C,Cloud to Cloud,2026-01-17T18:13:14.251+08:00
2026-01-18 11:27:53,2026-01-17T18:14:00+08:00,2026-01-17T18:16:03+08:00,1.2235,103.7695,C,Cloud to Cloud,2026-01-17T18:13:14.251+08:00
2026-01-18 11:27:53,2026-01-17T18:14:00+08:00,2026-01-17T18:16:03+08:00,1.2233,103.7708,C,Cloud to Cloud,2026-01-17T18:13:14.251+08:00
2026-01-18 11:27:53,2026-01-17T18:14:00+08:00,2026-01-17T18:16:03+08:00,1.2244,103.7715,C,Cloud to Cloud,2026-01-17T18:13:14.251+08:00
2026-01-18 11:27:53,2026-01-17T18:14:00+08:00,2026-01-17T18:16:03+08:00,1.2229,103.7719,C,Cloud to Cloud,2026-01-17T18:13:14.251+08:00
2026-01-18 11:27:53,2026-01-17T18:14:00+08:00,2026-01-17T18:16:03+08:00,1.2237,103.7725,C,Cloud to Cloud,2026-01-17T18:13:14.251+08:00
2026-01-18 11:27:53,2026-01-17T18:14:00+08:00,2026-01-17T18:16:03+08:00,1.2194,103.7655,C,Cloud to Cloud,2026-01-17T18:13:14.252+08:00
2026-01-18 11:27:53,2026-01-17T18:14:00+08:00,2026-01-17T18:16:03+08:00,1.2263,103.7697,C,Cloud to Cloud,2026-01-17T18:13:14.252+08:00
2026-01-18 11:27:53,2026-01-17T18:14:00+08:00,2026-01-17T18:16:03+08:00,1.2221,103.7723,C,Cloud to Cloud,2026-01-17T18:13:14.252+08:00
2026-01-18 11:27:53,2026-01-17T18:14:00+08:00,2026-01-17T18:16:03+08:00,1.2183,103.7677,C,Cloud to Cloud,2026-01-17T18:13:14.252+08:00
2026-01-18 11:27:53,2026-01-17T18:14:00+08:00,2026-01-17T18:16:03+08:00,1.2194,103.7607,C,Cloud to Cloud,2026-01-17T18:13:14.252+08:00
2026-01-18 11:27:53,2026-01-17T18:14:00+08:00,2026-01-17T18:16:03+08:00,1.2237,103.7703,C,Cloud to Cloud,2026-01-17T18:13:14.252+08:00
2026-01-18 11:27:53,2026-01-17T18:14:00+08:00,2026-01-17T18:16:03+08:00,1.2211,103.771,C,Cloud to Cloud,2026-01-17T18:13:14.253+08:00
2026-01-18 11:27:53,2026-01-17T18:14:00+08:00,2026-01-17T18:16:03+08:00,1.2178,103.7682,C,Cloud to Cloud,2026-01-17T18:13:14.253+08:00
2026-01-18 11:27:53,2026-01-17T18:14:00+08:00,2026-01-17T18:16:03+08:00,1.2253,103.7812,C,Cloud to Cloud,2026-01-17T18:13:14.253+08:00
2026-01-18 11:27:53,2026-01-17T18:14:00+08:00,2026-01-17T18:16:03+08:00,1.2258,103.7748,C,Cloud to Cloud,2026-01-17T18:13:14.253+08:00
2026-01-18 11:27:53,2026-01-17T18:14:00+08:00,2026-01-17T18:16:03+08:00,1.2245,103.7675,C,Cloud to Cloud,2026-01-17T18:13:14.254+08:00
2026-01-18 11:27:53,2026-01-17T18:14:00+08:00,2026-01-17T18:16:03+08:00,1.2196,103.7727,C,Cloud to Cloud,2026-01-17T18:13:14.254+08:00
2026-01-18 11:27:53,2026-01-17T18:14:00+08:00,2026-01-17T18:16:03+08:00,1.2327,103.7253,C,Cloud to Cloud,2026-01-17T18:13:14.254+08:00
2026-01-18 11:27:53,2026-01-17T18:14:00+08:00,2026-01-17T18:16:03+08:00,1.2249,103.7742,C,Cloud to Cloud,2026-01-17T18:13:14.255+08:00
2026-01-18 11:27:53,2026-01-17T18:14:00+08:00,2026-01-17T18:16:03+08:00,1.231,103.7208,C,Cloud to Cloud,2026-01-17T18:13:14.255+08:00
2026-01-18 11:27:53,2026-01-17T18:14:00+08:00,2026-01-17T18:16:03+08:00,1.2239,103.7709,C,Cloud to Cloud,2026-01-17T18:13:14.256+08:00
2026-01-18 11:27:53,2026-01-17T18:14:00+08:00,2026-01-17T18:16:03+08:00,1.2194,103.7691,C,Cloud to Cloud,2026-01-17T18:13:14.256+08:00
2026-01-18 11:27:53,2026-01-17T18:14:00+08:00,2026-01-17T18:16:03+08:00,1.2191,103.7707,C,Cloud to Cloud,2026-01-17T18:13:14.257+08:00
2026-01-18 11:27:53,2026-01-17T18:14:00+08:00,2026-01-17T18:16:03+08:00,1.2205,103.7621,C,Cloud to Cloud,2026-01-17T18:13:14.259+08:00
2026-01-18 11:27:53,2026-01-17T18:14:00+08:00,2026-01-17T18:16:03+08:00,1.2122,103.7572,C,Cloud to Cloud,2026-01-17T18:13:14.259+08:00
2026-01-18 11:27:53,2026-01-17T18:14:00+08:00,2026-01-17T18:16:03+08:00,1.2159,103.7722,C,Cloud to Cloud,2026-01-17T18:13:14.259+08:00
2026-01-18 11:27:53,2026-01-17T18:14:00+08:00,2026-01-17T18:16:03+08:00,1.218,103.7749,C,Cloud to Cloud,2026-01-17T18:13:14.26+08:00
2026-01-18 11:27:53,2026-01-17T18:14:00+08:00,2026-01-17T18:16:03+08:00,1.2152,103.7569,C,Cloud to Cloud,2026-01-17T18:13:14.265+08:00
2026-01-18 11:27:53,2026-01-17T18:14:00+08:00,2026-01-17T18:16:03+08:00,1.2152,103.7569,C,Cloud to Cloud,2026-01-17T18:13:14.265+08:00
2026-01-18 11:27:53,2026-01-17T18:14:00+08:00,2026-01-17T18:16:03+08:00,1.2188,103.7678,C,Cloud to Cloud,2026-01-17T18:13:14.267+08:00
2026-01-18 11:27:53,2026-01-17T18:14:00+08:00,2026-01-17T18:16:03+08:00,1.2196,103.7723,C,Cloud to Cloud,2026-01-17T18:13:14.268+08:00
2026-01-18 11:27:53,2026-01-17T18:14:00+08:00,2026-01-17T18:16:03+08:00,1.214,103.7621,C,Cloud to Cloud,2026-01-17T18:13:14.268+08:00
2026-01-18 11:27:53,2026-01-17T18:14:00+08:00,2026-01-17T18:16:03+08:00,1.214,103.7621,C,Cloud to Cloud,2026-01-17T18:13:14.268+08:00
2026-01-18 11:27:53,2026-01-17T18:14:00+08:00,2026-01-17T18:16:03+08:00,1.2193,103.7645,C,Cloud to Cloud,2026-01-17T18:13:14.268+08:00
2026-01-18 11:27:53,2026-01-17T18:14:00+08:00,2026-01-17T18:16:03+08:00,1.2191,103.7659,C,Cloud to Cloud,2026-01-17T18:13:14.268+08:00
2026-01-18 11:27:53,2026-01-17T18:14:00+08:00,2026-01-17T18:16:03+08:00,1.2158,103.766,C,Cloud to Cloud,2026-01-17T18:13:14.429+08:00
2026-01-18 11:27:53,2026-01-17T18:14:00+08:00,2026-01-17T18:16:03+08:00,1.2157,103.7659,C,Cloud to Cloud,2026-01-17T18:13:14.429+08:00
2026-01-18 11:27:53,2026-01-17T18:12:00+08:00,2026-01-17T18:14:02+08:00,1.2191,103.7723,C,Cloud to Cloud,2026-01-17T18:10:53.68+08:00
2026-01-18 11:27:53,2026-01-17T18:12:00+08:00,2026-01-17T18:14:02+08:00,1.2213,103.7703,C,Cloud to Cloud,2026-01-17T18:10:53.681+08:00
2026-01-18 11:27:53,2026-01-17T18:12:00+08:00,2026-01-17T18:14:02+08:00,1.2235,103.7704,C,Cloud to Cloud,2026-01-17T18:10:53.681+08:00
2026-01-18 11:27:53,2026-01-17T18:12:00+08:00,2026-01-17T18:14:02+08:00,1.218,103.7727,C,Cloud to Cloud,2026-01-17T18:10:53.681+08:00
2026-01-18 11:27:53,2026-01-17T18:12:00+08:00,2026-01-17T18:14:02+08:00,1.2059,103.7991,C,Cloud to Cloud,2026-01-17T18:10:53.681+08:00
2026-01-18 11:27:53,2026-01-17T18:12:00+08:00,2026-01-17T18:14:02+08:00,1.2214,103.77,C,Cloud to Cloud,2026-01-17T18:10:53.681+08:00
2026-01-18 11:27:53,2026-01-17T18:12:00+08:00,2026-01-17T18:14:02+08:00,1.2228,103.7713,C,Cloud to Cloud,2026-01-17T18:10:53.681+08:00
2026-01-18 11:27:53,2026-01-17T18:12:00+08:00,2026-01-17T18:14:02+08:00,1.2208,103.7694,C,Cloud to Cloud,2026-01-17T18:10:53.681+08:00
2026-01-18 11:27:53,2026-01-17T18:12:00+08:00,2026-01-17T18:14:02+08:00,1.2212,103.7682,C,Cloud to Cloud,2026-01-17T18:10:53.682+08:00
2026-01-18 11:27:53,2026-01-17T18:12:00+08:00,2026-01-17T18:14:02+08:00,1.2244,103.7673,C,Cloud to Cloud,2026-01-17T18:10:53.682+08:00
2026-01-18 11:27:53,2026-01-17T18:12:00+08:00,2026-01-17T18:14:02+08:00,1.2214,103.7704,C,Cloud to Cloud,2026-01-17T18:10:53.683+08:00
2026-01-18 11:27:53,2026-01-17T18:12:00+08:00,2026-01-17T18:14:02+08:00,1.2172,103.7703,C,Cloud to Cloud,2026-01-17T18:10:53.683+08:00
2026-01-18 11:27:53,2026-01-17T18:12:00+08:00,2026-01-17T18:14:02+08:00,1.2275,103.7728,C,Cloud to Cloud,2026-01-17T18:10:53.683+08:00
2026-01-18 11:27:53,2026-01-17T18:12:00+08:00,2026-01-17T18:14:02+08:00,1.2263,103.7729,C,Cloud to Cloud,2026-01-17T18:10:53.684+08:00
2026-01-18 11:27:53,2026-01-17T18:12:00+08:00,2026-01-17T18:14:02+08:00,1.2278,103.766,C,Cloud to Cloud,2026-01-17T18:10:53.684+08:00
2026-01-18 11:27:53,2026-01-17T18:12:00+08:00,2026-01-17T18:14:02+08:00,1.2256,103.7711,C,Cloud to Cloud,2026-01-17T18:10:53.684+08:00
2026-01-18 11:27:53,2026-01-17T18:12:00+08:00,2026-01-17T18:14:02+08:00,1.2163,103.7659,C,Cloud to Cloud,2026-01-17T18:10:53.685+08:00
2026-01-18 11:27:53,2026-01-17T18:12:00+08:00,2026-01-17T18:14:02+08:00,1.2169,103.7711,C,Cloud to Cloud,2026-01-17T18:10:53.685+08:00
2026-01-18 11:27:53,2026-01-17T18:12:00+08:00,2026-01-17T18:14:02+08:00,1.2235,103.7712,C,Cloud to Cloud,2026-01-17T18:10:53.685+08:00
2026-01-18 11:27:53,2026-01-17T18:12:00+08:00,2026-01-17T18:14:02+08:00,1.2183,103.7736,C,Cloud to Cloud,2026-01-17T18:10:53.719+08:00
2026-01-18 11:27:53,2026-01-17T18:12:00+08:00,2026-01-17T18:14:02+08:00,1.2226,103.7649,C,Cloud to Cloud,2026-01-17T18:10:53.757+08:00
2026-01-18 11:27:53,2026-01-17T18:12:00+08:00,2026-01-17T18:14:02+08:00,1.2226,103.7649,C,Cloud to Cloud,2026-01-17T18:10:53.757+08:00
2026-01-18 11:27:53,2026-01-17T18:12:00+08:00,2026-01-17T18:14:02+08:00,1.2296,103.7585,C,Cloud to Cloud,2026-01-17T18:10:53.757+08:00
2026-01-18 11:27:53,2026-01-17T18:12:00+08:00,2026-01-17T18:14:02+08:00,1.2303,103.742,C,Cloud to Cloud,2026-01-17T18:10:53.759+08:00
2026-01-18 11:27:53,2026-01-17T18:12:00+08:00,2026-01-17T18:14:02+08:00,1.2129,103.7641,C,Cloud to Cloud,2026-01-17T18:10:53.813+08:00
2026-01-18 11:27:53,2026-01-17T18:12:00+08:00,2026-01-17T18:14:02+08:00,1.205,103.745,C,Cloud to Cloud,2026-01-17T18:10:53.813+08:00
2026-01-18 11:27:53,2026-01-17T18:12:00+08:00,2026-01-17T18:14:02+08:00,1.2045,103.7379,C,Cloud to Cloud,2026-01-17T18:10:53.813+08:00
2026-01-18 11:27:53,2026-01-17T18:12:00+08:00,2026-01-17T18:14:02+08:00,1.226,103.7637,C,Cloud to Cloud,2026-01-17T18:10:53.837+08:00
2026-01-18 11:27:53,2026-01-17T18:12:00+08:00,2026-01-17T18:14:02+08:00,1.2138,103.7643,C,Cloud to Cloud,2026-01-17T18:10:53.837+08:00
2026-01-18 11:27:53,2026-01-17T18:12:00+08:00,2026-01-17T18:14:02+08:00,1.2206,103.7657,C,Cloud to Cloud,2026-01-17T18:10:53.837+08:00
2026-01-18 11:27:53,2026-01-17T18:12:00+08:00,2026-01-17T18:14:02+08:00,1.2259,103.7622,C,Cloud to Cloud,2026-01-17T18:10:53.846+08:00
2026-01-18 11:27:53,2026-01-17T18:12:00+08:00,2026-01-17T18:14:02+08:00,1.2259,103.7622,C,Cloud to Cloud,2026-01-17T18:10:53.846+08:00
2026-01-18 11:27:53,2026-01-17T18:12:00+08:00,2026-01-17T18:14:02+08:00,1.2355,103.7438,C,Cloud to Cloud,2026-01-17T18:10:53.857+08:00
2026-01-18 11:27:53,2026-01-17T18:12:00+08:00,2026-01-17T18:14:02+08:00,1.2384,103.7651,C,Cloud to Cloud,2026-01-17T18:10:53.894+08:00
2026-01-18 11:27:53,2026-01-17T18:12:00+08:00,2026-01-17T18:14:02+08:00,1.2076,103.7893,C,Cloud to Cloud,2026-01-17T18:11:15.312+08:00
2026-01-18 11:27:53,2026-01-17T18:10:00+08:00,2026-01-17T18:12:03+08:00,1.2319,103.7585,C,Cloud to Cloud,2026-01-17T18:09:03.704+08:00
2026-01-18 11:27:53,2026-01-17T18:10:00+08:00,2026-01-17T18:12:03+08:00,1.232,103.7529,C,Cloud to Cloud,2026-01-17T18:09:03.705+08:00
2026-01-18 11:27:53,2026-01-17T18:10:00+08:00,2026-01-17T18:12:03+08:00,1.2322,103.7561,C,Cloud to Cloud,2026-01-17T18:09:03.705+08:00
2026-01-18 11:27:53,2026-01-17T18:10:00+08:00,2026-01-17T18:12:03+08:00,1.2358,103.7497,C,Cloud to Cloud,2026-01-17T18:09:03.705+08:00
2026-01-18 11:27:53,2026-01-17T18:10:00+08:00,2026-01-17T18:12:03+08:00,1.2322,103.7525,C,Cloud to Cloud,2026-01-17T18:09:03.705+08:00
2026-01-18 11:27:53,2026-01-17T18:10:00+08:00,2026-01-17T18:12:03+08:00,1.2333,103.7468,C,Cloud to Cloud,2026-01-17T18:09:03.705+08:00
2026-01-18 11:27:53,2026-01-17T18:10:00+08:00,2026-01-17T18:12:03+08:00,1.2327,103.7426,C,Cloud to Cloud,2026-01-17T18:09:03.705+08:00
2026-01-18 11:27:53,2026-01-17T18:10:00+08:00,2026-01-17T18:12:03+08:00,1.2327,103.7581,C,Cloud to Cloud,2026-01-17T18:09:03.706+08:00
2026-01-18 11:27:53,2026-01-17T18:10:00+08:00,2026-01-17T18:12:03+08:00,1.2192,103.8037,C,Cloud to Cloud,2026-01-17T18:09:03.706+08:00
2026-01-18 11:27:53,2026-01-17T18:10:00+08:00,2026-01-17T18:12:03+08:00,1.2419,103.7618,C,Cloud to Cloud,2026-01-17T18:09:03.706+08:00
2026-01-18 11:27:53,2026-01-17T18:10:00+08:00,2026-01-17T18:12:03+08:00,1.2315,103.746,C,Cloud to Cloud,2026-01-17T18:09:03.706+08:00
2026-01-18 11:27:53,2026-01-17T18:10:00+08:00,2026-01-17T18:12:03+08:00,1.2323,103.745,C,Cloud to Cloud,2026-01-17T18:09:03.707+08:00
2026-01-18 11:27:53,2026-01-17T18:10:00+08:00,2026-01-17T18:12:03+08:00,1.2315,103.7523,C,Cloud to Cloud,2026-01-17T18:09:03.708+08:00
2026-01-18 11:27:53,2026-01-17T18:10:00+08:00,2026-01-17T18:12:03+08:00,1.2422,103.7762,C,Cloud to Cloud,2026-01-17T18:09:03.708+08:00
2026-01-18 11:27:53,2026-01-17T18:10:00+08:00,2026-01-17T18:12:03+08:00,1.2308,103.7568,C,Cloud to Cloud,2026-01-17T18:09:03.708+08:00
2026-01-18 11:27:53,2026-01-17T18:10:00+08:00,2026-01-17T18:12:03+08:00,1.2314,103.753,C,Cloud to Cloud,2026-01-17T18:09:03.708+08:00
2026-01-18 11:27:53,2026-01-17T18:10:00+08:00,2026-01-17T18:12:03+08:00,1.2314,103.7546,C,Cloud to Cloud,2026-01-17T18:09:03.709+08:00
2026-01-18 11:27:53,2026-01-17T18:10:00+08:00,2026-01-17T18:12:03+08:00,1.233,103.7543,C,Cloud to Cloud,2026-01-17T18:09:03.709+08:00
2026-01-18 11:27:53,2026-01-17T18:10:00+08:00,2026-01-17T18:12:03+08:00,1.2171,103.7414,C,Cloud to Cloud,2026-01-17T18:09:03.709+08:00
2026-01-18 11:27:53,2026-01-17T18:10:00+08:00,2026-01-17T18:12:03+08:00,1.2302,103.7533,C,Cloud to Cloud,2026-01-17T18:09:03.709+08:00
2026-01-18 11:27:53,2026-01-17T18:10:00+08:00,2026-01-17T18:12:03+08:00,1.2458,103.7561,C,Cloud to Cloud,2026-01-17T18:09:03.71+08:00
2026-01-18 11:27:53,2026-01-17T18:10:00+08:00,2026-01-17T18:12:03+08:00,1.2267,103.7606,C,Cloud to Cloud,2026-01-17T18:09:03.715+08:00
2026-01-18 11:27:53,2026-01-17T18:10:00+08:00,2026-01-17T18:12:03+08:00,1.2232,103.7562,C,Cloud to Cloud,2026-01-17T18:09:03.717+08:00
2026-01-18 11:27:53,2026-01-17T18:10:00+08:00,2026-01-17T18:12:03+08:00,1.2379,103.7634,C,Cloud to Cloud,2026-01-17T18:09:03.72+08:00
2026-01-18 11:27:53,2026-01-17T18:10:00+08:00,2026-01-17T18:12:03+08:00,1.2287,103.759,C,Cloud to Cloud,2026-01-17T18:09:03.722+08:00
2026-01-18 11:27:53,2026-01-17T18:10:00+08:00,2026-01-17T18:12:03+08:00,1.1492,103.7342,C,Cloud to Cloud,2026-01-17T18:09:03.722+08:00
2026-01-18 11:27:53,2026-01-17T18:10:00+08:00,2026-01-17T18:12:03+08:00,1.2239,103.7587,C,Cloud to Cloud,2026-01-17T18:09:03.722+08:00
2026-01-18 11:27:53,2026-01-17T18:10:00+08:00,2026-01-17T18:12:03+08:00,1.2336,103.7698,C,Cloud to Cloud,2026-01-17T18:09:03.895+08:00
2026-01-18 11:27:53,2026-01-17T18:10:00+08:00,2026-01-17T18:12:03+08:00,1.2381,103.7675,C,Cloud to Cloud,2026-01-17T18:09:03.895+08:00
2026-01-18 11:27:53,2026-01-17T18:10:00+08:00,2026-01-17T18:12:03+08:00,1.2315,103.7697,C,Cloud to Cloud,2026-01-17T18:09:03.895+08:00
2026-01-18 11:27:53,2026-01-17T18:10:00+08:00,2026-01-17T18:12:03+08:00,1.2262,103.7659,C,Cloud to Cloud,2026-01-17T18:09:03.895+08:00
2026-01-18 11:27:53,2026-01-17T18:10:00+08:00,2026-01-17T18:12:03+08:00,1.2223,103.7684,C,Cloud to Cloud,2026-01-17T18:09:03.896+08:00
2026-01-18 11:27:53,2026-01-17T18:10:00+08:00,2026-01-17T18:12:03+08:00,1.2477,103.7703,C,Cloud to Cloud,2026-01-17T18:09:03.898+08:00
2026-01-18 11:27:53,2026-01-17T18:10:00+08:00,2026-01-17T18:12:03+08:00,1.2425,103.7671,C,Cloud to Cloud,2026-01-17T18:09:03.902+08:00
2026-01-18 11:27:53,2026-01-17T18:10:00+08:00,2026-01-17T18:12:03+08:00,1.2499,103.7686,C,Cloud to Cloud,2026-01-17T18:09:03.902+08:00
2026-01-18 11:27:53,2026-01-17T18:10:00+08:00,2026-01-17T18:12:03+08:00,1.2449,103.7599,C,Cloud to Cloud,2026-01-17T18:09:03.902+08:00
2026-01-18 11:27:53,2026-01-17T18:10:00+08:00,2026-01-17T18:12:03+08:00,1.2477,103.7657,C,Cloud to Cloud,2026-01-17T18:09:03.903+08:00
2026-01-18 11:27:53,2026-01-17T18:10:00+08:00,2026-01-17T18:12:03+08:00,1.1877,103.7194,C,Cloud to Cloud,2026-01-17T18:09:03.903+08:00
2026-01-18 11:27:53,2026-01-17T18:10:00+08:00,2026-01-17T18:12:03+08:00,1.2455,103.7527,C,Cloud to Cloud,2026-01-17T18:09:03.904+08:00
2026-01-18 11:27:53,2026-01-17T18:10:00+08:00,2026-01-17T18:12:03+08:00,1.2447,103.7579,C,Cloud to Cloud,2026-01-17T18:09:03.904+08:00
2026-01-18 11:27:53,2026-01-17T18:10:00+08:00,2026-01-17T18:12:03+08:00,1.2612,103.7781,C,Cloud to Cloud,2026-01-17T18:09:03.905+08:00
2026-01-18 11:27:53,2026-01-17T18:10:00+08:00,2026-01-17T18:12:03+08:00,1.2497,103.7739,C,Cloud to Cloud,2026-01-17T18:09:03.907+08:00
2026-01-18 11:27:53,2026-01-17T18:10:00+08:00,2026-01-17T18:12:03+08:00,1.2429,103.7676,C,Cloud to Cloud,2026-01-17T18:09:03.927+08:00
2026-01-18 11:27:53,2026-01-17T18:10:00+08:00,2026-01-17T18:12:03+08:00,1.2266,103.8099,C,Cloud to Cloud,2026-01-17T18:09:35.864+08:00
2026-01-18 11:27:53,2026-01-17T18:10:00+08:00,2026-01-17T18:12:03+08:00,1.2144,103.8049,C,Cloud to Cloud,2026-01-17T18:09:35.864+08:00
2026-01-18 11:27:53,2026-01-17T18:10:00+08:00,2026-01-17T18:12:03+08:00,1.2177,103.7981,C,Cloud to Cloud,2026-01-17T18:09:35.865+08:00
2026-01-18 11:27:53,2026-01-17T18:10:00+08:00,2026-01-17T18:12:03+08:00,1.1868,103.8061,C,Cloud to Cloud,2026-01-17T18:09:35.867+08:00
2026-01-18 11:27:53,2026-01-17T18:10:00+08:00,2026-01-17T18:12:03+08:00,1.2315,103.8102,C,Cloud to Cloud,2026-01-17T18:09:35.919+08:00
2026-01-18 11:27:53,2026-01-17T18:10:00+08:00,2026-01-17T18:12:03+08:00,1.2248,103.8155,C,Cloud to Cloud,2026-01-17T18:09:35.92+08:00
2026-01-18 11:27:53,2026-01-17T18:10:00+08:00,2026-01-17T18:12:03+08:00,1.2379,103.7924,C,Cloud to Cloud,2026-01-17T18:09:35.928+08:00
2026-01-18 11:27:53,2026-01-17T18:10:00+08:00,2026-01-17T18:12:03+08:00,1.2099,103.8113,C,Cloud to Cloud,2026-01-17T18:09:35.985+08:00
2026-01-18 11:27:54,2026-01-17T18:08:00+08:00,2026-01-17T18:10:04+08:00,1.2298,103.7459,C,Cloud to Cloud,2026-01-17T18:06:11.578+08:00
2026-01-18 11:27:54,2026-01-17T18:08:00+08:00,2026-01-17T18:10:04+08:00,1.2052,103.7554,C,Cloud to Cloud,2026-01-17T18:06:11.578+08:00
2026-01-18 11:27:54,2026-01-17T18:08:00+08:00,2026-01-17T18:10:04+08:00,1.2315,103.744,C,Cloud to Cloud,2026-01-17T18:06:11.579+08:00
2026-01-18 11:27:54,2026-01-17T18:08:00+08:00,2026-01-17T18:10:04+08:00,1.232,103.7504,C,Cloud to Cloud,2026-01-17T18:06:11.581+08:00
2026-01-18 11:27:54,2026-01-17T18:08:00+08:00,2026-01-17T18:10:04+08:00,1.2329,103.7476,C,Cloud to Cloud,2026-01-17T18:06:11.581+08:00
2026-01-18 11:27:54,2026-01-17T18:08:00+08:00,2026-01-17T18:10:04+08:00,1.2217,103.7536,C,Cloud to Cloud,2026-01-17T18:06:11.581+08:00
2026-01-18 11:27:54,2026-01-17T18:08:00+08:00,2026-01-17T18:10:04+08:00,1.2333,103.7613,C,Cloud to Cloud,2026-01-17T18:06:11.582+08:00
2026-01-18 11:27:54,2026-01-17T18:08:00+08:00,2026-01-17T18:10:04+08:00,1.2191,103.7123,C,Cloud to Cloud,2026-01-17T18:06:11.582+08:00
2026-01-18 11:27:54,2026-01-17T18:08:00+08:00,2026-01-17T18:10:04+08:00,1.2359,103.7454,C,Cloud to Cloud,2026-01-17T18:06:11.584+08:00
2026-01-18 11:27:54,2026-01-17T18:08:00+08:00,2026-01-17T18:10:04+08:00,1.2389,103.7435,C,Cloud to Cloud,2026-01-17T18:06:11.585+08:00
2026-01-18 11:27:54,2026-01-17T18:08:00+08:00,2026-01-17T18:10:04+08:00,1.2397,103.7447,C,Cloud to Cloud,2026-01-17T18:06:11.585+08:00
2026-01-18 11:27:54,2026-01-17T18:08:00+08:00,2026-01-17T18:10:04+08:00,1.2395,103.7478,C,Cloud to Cloud,2026-01-17T18:06:11.586+08:00
2026-01-18 11:27:54,2026-01-17T18:08:00+08:00,2026-01-17T18:10:04+08:00,1.2475,103.7573,C,Cloud to Cloud,2026-01-17T18:06:11.588+08:00
2026-01-18 11:27:54,2026-01-17T18:08:00+08:00,2026-01-17T18:10:04+08:00,1.2417,103.7593,C,Cloud to Cloud,2026-01-17T18:06:11.668+08:00
2026-01-18 11:27:54,2026-01-17T18:08:00+08:00,2026-01-17T18:10:04+08:00,1.2483,103.7725,C,Cloud to Cloud,2026-01-17T18:06:11.672+08:00
2026-01-18 11:27:54,2026-01-17T18:08:00+08:00,2026-01-17T18:10:04+08:00,1.2412,103.7552,C,Cloud to Cloud,2026-01-17T18:06:11.673+08:00
2026-01-18 11:27:54,2026-01-17T18:08:00+08:00,2026-01-17T18:10:04+08:00,1.2307,103.7617,C,Cloud to Cloud,2026-01-17T18:07:23.922+08:00
2026-01-18 11:27:54,2026-01-17T18:08:00+08:00,2026-01-17T18:10:04+08:00,1.2273,103.7583,C,Cloud to Cloud,2026-01-17T18:07:23.922+08:00
2026-01-18 11:27:54,2026-01-17T18:08:00+08:00,2026-01-17T18:10:04+08:00,1.2325,103.7654,C,Cloud to Cloud,2026-01-17T18:07:23.922+08:00
2026-01-18 11:27:54,2026-01-17T18:08:00+08:00,2026-01-17T18:10:04+08:00,1.2312,103.7578,C,Cloud to Cloud,2026-01-17T18:07:23.922+08:00
2026-01-18 11:27:54,2026-01-17T18:08:00+08:00,2026-01-17T18:10:04+08:00,1.2059,103.7455,C,Cloud to Cloud,2026-01-17T18:07:23.922+08:00
2026-01-18 11:27:54,2026-01-17T18:08:00+08:00,2026-01-17T18:10:04+08:00,1.2307,103.7609,C,Cloud to Cloud,2026-01-17T18:07:23.922+08:00
2026-01-18 11:27:54,2026-01-17T18:08:00+08:00,2026-01-17T18:10:04+08:00,1.2304,103.7578,C,Cloud to Cloud,2026-01-17T18:07:23.923+08:00
2026-01-18 11:27:54,2026-01-17T18:08:00+08:00,2026-01-17T18:10:04+08:00,1.2307,103.7543,C,Cloud to Cloud,2026-01-17T18:07:23.923+08:00
2026-01-18 11:27:54,2026-01-17T18:08:00+08:00,2026-01-17T18:10:04+08:00,1.2287,103.7666,C,Cloud to Cloud,2026-01-17T18:07:24.053+08:00
2026-01-18 11:27:54,2026-01-17T18:08:00+08:00,2026-01-17T18:10:04+08:00,1.2259,103.8013,C,Cloud to Cloud,2026-01-17T18:07:42.821+08:00
2026-01-18 11:27:54,2026-01-17T18:08:00+08:00,2026-01-17T18:10:04+08:00,1.2283,103.8029,C,Cloud to Cloud,2026-01-17T18:07:42.821+08:00
2026-01-18 11:27:54,2026-01-17T18:08:00+08:00,2026-01-17T18:10:04+08:00,1.2248,103.8056,C,Cloud to Cloud,2026-01-17T18:07:42.821+08:00
2026-01-18 11:27:54,2026-01-17T18:08:00+08:00,2026-01-17T18:10:04+08:00,1.2241,103.8026,C,Cloud to Cloud,2026-01-17T18:07:42.822+08:00
2026-01-18 11:27:54,2026-01-17T18:08:00+08:00,2026-01-17T18:10:04+08:00,1.2289,103.7992,C,Cloud to Cloud,2026-01-17T18:07:42.822+08:00
2026-01-18 11:27:54,2026-01-17T18:08:00+08:00,2026-01-17T18:10:04+08:00,1.2234,103.8101,C,Cloud to Cloud,2026-01-17T18:07:42.822+08:00
2026-01-18 11:27:54,2026-01-17T18:08:00+08:00,2026-01-17T18:10:04+08:00,1.2228,103.8022,C,Cloud to Cloud,2026-01-17T18:07:42.822+08:00
2026-01-18 11:27:54,2026-01-17T18:08:00+08:00,2026-01-17T18:10:04+08:00,1.2257,103.7937,C,Cloud to Cloud,2026-01-17T18:07:42.823+08:00
2026-01-18 11:27:54,2026-01-17T18:08:00+08:00,2026-01-17T18:10:04+08:00,1.2406,103.8359,C,Cloud to Cloud,2026-01-17T18:07:42.823+08:00
2026-01-18 11:27:54,2026-01-17T18:08:00+08:00,2026-01-17T18:10:04+08:00,1.2306,103.7935,C,Cloud to Cloud,2026-01-17T18:07:42.823+08:00
2026-01-18 11:27:54,2026-01-17T18:08:00+08:00,2026-01-17T18:10:04+08:00,1.2236,103.7844,C,Cloud to Cloud,2026-01-17T18:07:42.826+08:00
2026-01-18 11:27:54,2026-01-17T18:06:00+08:00,2026-01-17T18:08:02+08:00,1.2413,103.7481,C,Cloud to Cloud,2026-01-17T18:04:58.668+08:00
2026-01-18 11:27:54,2026-01-17T18:06:00+08:00,2026-01-17T18:08:02+08:00,1.2406,103.7558,C,Cloud to Cloud,2026-01-17T18:04:58.668+08:00
2026-01-18 11:27:54,2026-01-17T18:06:00+08:00,2026-01-17T18:08:02+08:00,1.24,103.7561,C,Cloud to Cloud,2026-01-17T18:04:58.668+08:00
2026-01-18 11:27:54,2026-01-17T18:06:00+08:00,2026-01-17T18:08:02+08:00,1.2411,103.7313,C,Cloud to Cloud,2026-01-17T18:04:58.668+08:00
2026-01-18 11:27:54,2026-01-17T18:06:00+08:00,2026-01-17T18:08:02+08:00,1.2375,103.7607,C,Cloud to Cloud,2026-01-17T18:04:58.668+08:00
2026-01-18 11:27:54,2026-01-17T18:06:00+08:00,2026-01-17T18:08:02+08:00,1.2087,103.7463,C,Cloud to Cloud,2026-01-17T18:04:58.668+08:00
2026-01-18 11:27:54,2026-01-17T18:06:00+08:00,2026-01-17T18:08:02+08:00,1.2386,103.7539,C,Cloud to Cloud,2026-01-17T18:04:58.668+08:00
2026-01-18 11:27:54,2026-01-17T18:06:00+08:00,2026-01-17T18:08:02+08:00,1.2601,103.767,C,Cloud to Cloud,2026-01-17T18:04:58.668+08:00
2026-01-18 11:27:54,2026-01-17T18:06:00+08:00,2026-01-17T18:08:02+08:00,1.263,103.767,C,Cloud to Cloud,2026-01-17T18:04:58.669+08:00
2026-01-18 11:27:54,2026-01-17T18:06:00+08:00,2026-01-17T18:08:02+08:00,1.2366,103.7581,C,Cloud to Cloud,2026-01-17T18:04:58.669+08:00
2026-01-18 11:27:54,2026-01-17T18:06:00+08:00,2026-01-17T18:08:02+08:00,1.2411,103.7576,C,Cloud to Cloud,2026-01-17T18:04:58.669+08:00
2026-01-18 11:27:54,2026-01-17T18:06:00+08:00,2026-01-17T18:08:02+08:00,1.2366,103.7608,C,Cloud to Cloud,2026-01-17T18:04:58.669+08:00
2026-01-18 11:27:54,2026-01-17T18:06:00+08:00,2026-01-17T18:08:02+08:00,1.2391,103.7584,C,Cloud to Cloud,2026-01-17T18:04:58.669+08:00
2026-01-18 11:27:54,2026-01-17T18:06:00+08:00,2026-01-17T18:08:02+08:00,1.2357,103.7632,C,Cloud to Cloud,2026-01-17T18:04:58.669+08:00
2026-01-18 11:27:54,2026-01-17T18:06:00+08:00,2026-01-17T18:08:02+08:00,1.2374,103.7588,C,Cloud to Cloud,2026-01-17T18:04:58.669+08:00
2026-01-18 11:27:54,2026-01-17T18:06:00+08:00,2026-01-17T18:08:02+08:00,1.2367,103.7588,C,Cloud to Cloud,2026-01-17T18:04:58.669+08:00
2026-01-18 11:27:54,2026-01-17T18:06:00+08:00,2026-01-17T18:08:02+08:00,1.2358,103.7582,C,Cloud to Cloud,2026-01-17T18:04:58.669+08:00
2026-01-18 11:27:54,2026-01-17T18:06:00+08:00,2026-01-17T18:08:02+08:00,1.2368,103.7588,C,Cloud to Cloud,2026-01-17T18:04:58.669+08:00
2026-01-18 11:27:54,2026-01-17T18:06:00+08:00,2026-01-17T18:08:02+08:00,1.2367,103.7611,C,Cloud to Cloud,2026-01-17T18:04:58.669+08:00
2026-01-18 11:27:54,2026-01-17T18:06:00+08:00,2026-01-17T18:08:02+08:00,1.2373,103.7612,C,Cloud to Cloud,2026-01-17T18:04:58.669+08:00
2026-01-18 11:27:54,2026-01-17T18:06:00+08:00,2026-01-17T18:08:02+08:00,1.2365,103.7613,C,Cloud to Cloud,2026-01-17T18:04:58.669+08:00
2026-01-18 11:27:54,2026-01-17T18:06:00+08:00,2026-01-17T18:08:02+08:00,1.2366,103.7628,C,Cloud to Cloud,2026-01-17T18:04:58.67+08:00
2026-01-18 11:27:54,2026-01-17T18:06:00+08:00,2026-01-17T18:08:02+08:00,1.2371,103.7614,C,Cloud to Cloud,2026-01-17T18:04:58.67+08:00
2026-01-18 11:27:54,2026-01-17T18:06:00+08:00,2026-01-17T18:08:02+08:00,1.2372,103.7619,C,Cloud to Cloud,2026-01-17T18:04:58.67+08:00
2026-01-18 11:27:54,2026-01-17T18:06:00+08:00,2026-01-17T18:08:02+08:00,1.2366,103.7621,C,Cloud to Cloud,2026-01-17T18:04:58.67+08:00
2026-01-18 11:27:54,2026-01-17T18:06:00+08:00,2026-01-17T18:08:02+08:00,1.2389,103.7621,C,Cloud to Cloud,2026-01-17T18:04:58.67+08:00
2026-01-18 11:27:54,2026-01-17T18:06:00+08:00,2026-01-17T18:08:02+08:00,1.252,103.7631,C,Cloud to Cloud,2026-01-17T18:04:58.67+08:00
2026-01-18 11:27:54,2026-01-17T18:06:00+08:00,2026-01-17T18:08:02+08:00,1.2515,103.7628,C,Cloud to Cloud,2026-01-17T18:04:58.67+08:00
2026-01-18 11:27:54,2026-01-17T18:06:00+08:00,2026-01-17T18:08:02+08:00,1.2375,103.768,C,Cloud to Cloud,2026-01-17T18:04:58.67+08:00
2026-01-18 11:27:54,2026-01-17T18:06:00+08:00,2026-01-17T18:08:02+08:00,1.2557,103.7626,C,Cloud to Cloud,2026-01-17T18:04:58.67+08:00
2026-01-18 11:27:54,2026-01-17T18:06:00+08:00,2026-01-17T18:08:02+08:00,1.2507,103.7671,C,Cloud to Cloud,2026-01-17T18:04:58.671+08:00
2026-01-18 11:27:54,2026-01-17T18:06:00+08:00,2026-01-17T18:08:02+08:00,1.2493,103.7696,C,Cloud to Cloud,2026-01-17T18:04:58.671+08:00
2026-01-18 11:27:54,2026-01-17T18:06:00+08:00,2026-01-17T18:08:02+08:00,1.2522,103.7676,C,Cloud to Cloud,2026-01-17T18:04:58.671+08:00
2026-01-18 11:27:54,2026-01-17T18:06:00+08:00,2026-01-17T18:08:02+08:00,1.252,103.7672,C,Cloud to Cloud,2026-01-17T18:04:58.671+08:00
2026-01-18 11:27:54,2026-01-17T18:06:00+08:00,2026-01-17T18:08:02+08:00,1.2396,103.7712,C,Cloud to Cloud,2026-01-17T18:04:58.671+08:00
2026-01-18 11:27:54,2026-01-17T18:06:00+08:00,2026-01-17T18:08:02+08:00,1.2511,103.7684,C,Cloud to Cloud,2026-01-17T18:04:58.671+08:00
2026-01-18 11:27:54,2026-01-17T18:06:00+08:00,2026-01-17T18:08:02+08:00,1.24,103.7724,C,Cloud to Cloud,2026-01-17T18:04:58.671+08:00
2026-01-18 11:27:54,2026-01-17T18:06:00+08:00,2026-01-17T18:08:02+08:00,1.2548,103.7681,C,Cloud to Cloud,2026-01-17T18:04:58.672+08:00
2026-01-18 11:27:54,2026-01-17T18:06:00+08:00,2026-01-17T18:08:02+08:00,1.2557,103.7669,C,Cloud to Cloud,2026-01-17T18:04:58.672+08:00
2026-01-18 11:27:54,2026-01-17T18:06:00+08:00,2026-01-17T18:08:02+08:00,1.2389,103.7737,C,Cloud to Cloud,2026-01-17T18:04:58.672+08:00
2026-01-18 11:27:54,2026-01-17T18:06:00+08:00,2026-01-17T18:08:02+08:00,1.2405,103.7729,C,Cloud to Cloud,2026-01-17T18:04:58.672+08:00
2026-01-18 11:27:54,2026-01-17T18:06:00+08:00,2026-01-17T18:08:02+08:00,1.2395,103.7718,C,Cloud to Cloud,2026-01-17T18:04:58.672+08:00
2026-01-18 11:27:54,2026-01-17T18:06:00+08:00,2026-01-17T18:08:02+08:00,1.2393,103.7736,C,Cloud to Cloud,2026-01-17T18:04:58.672+08:00
2026-01-18 11:27:54,2026-01-17T18:06:00+08:00,2026-01-17T18:08:02+08:00,1.2495,103.7698,C,Cloud to Cloud,2026-01-17T18:04:58.672+08:00
2026-01-18 11:27:54,2026-01-17T18:06:00+08:00,2026-01-17T18:08:02+08:00,1.2509,103.7696,C,Cloud to Cloud,2026-01-17T18:04:58.672+08:00
2026-01-18 11:27:54,2026-01-17T18:06:00+08:00,2026-01-17T18:08:02+08:00,1.2396,103.7734,C,Cloud to Cloud,2026-01-17T18:04:58.672+08:00
2026-01-18 11:27:54,2026-01-17T18:06:00+08:00,2026-01-17T18:08:02+08:00,1.2503,103.7701,C,Cloud to Cloud,2026-01-17T18:04:58.672+08:00
2026-01-18 11:27:54,2026-01-17T18:06:00+08:00,2026-01-17T18:08:02+08:00,1.2411,103.7713,C,Cloud to Cloud,2026-01-17T18:04:58.673+08:00
2026-01-18 11:27:54,2026-01-17T18:06:00+08:00,2026-01-17T18:08:02+08:00,1.2423,103.7737,C,Cloud to Cloud,2026-01-17T18:04:58.673+08:00
2026-01-18 11:27:54,2026-01-17T18:06:00+08:00,2026-01-17T18:08:02+08:00,1.2415,103.7725,C,Cloud to Cloud,2026-01-17T18:04:58.673+08:00
2026-01-18 11:27:54,2026-01-17T18:06:00+08:00,2026-01-17T18:08:02+08:00,1.2398,103.7733,C,Cloud to Cloud,2026-01-17T18:04:58.673+08:00
2026-01-18 11:27:54,2026-01-17T18:06:00+08:00,2026-01-17T18:08:02+08:00,1.24,103.773,C,Cloud to Cloud,2026-01-17T18:04:58.673+08:00
2026-01-18 11:27:54,2026-01-17T18:06:00+08:00,2026-01-17T18:08:02+08:00,1.2404,103.773,C,Cloud to Cloud,2026-01-17T18:04:58.673+08:00
2026-01-18 11:27:54,2026-01-17T18:06:00+08:00,2026-01-17T18:08:02+08:00,1.2416,103.7737,C,Cloud to Cloud,2026-01-17T18:04:58.673+08:00
2026-01-18 11:27:54,2026-01-17T18:06:00+08:00,2026-01-17T18:08:02+08:00,1.2416,103.7747,C,Cloud to Cloud,2026-01-17T18:04:58.674+08:00
2026-01-18 11:27:54,2026-01-17T18:06:00+08:00,2026-01-17T18:08:02+08:00,1.2442,103.775,C,Cloud to Cloud,2026-01-17T18:04:58.674+08:00
2026-01-18 11:27:54,2026-01-17T18:06:00+08:00,2026-01-17T18:08:02+08:00,1.2433,103.7754,C,Cloud to Cloud,2026-01-17T18:04:58.674+08:00
2026-01-18 11:27:54,2026-01-17T18:06:00+08:00,2026-01-17T18:08:02+08:00,1.2414,103.7756,C,Cloud to Cloud,2026-01-17T18:04:58.674+08:00
2026-01-18 11:27:54,2026-01-17T18:06:00+08:00,2026-01-17T18:08:02+08:00,1.243,103.7753,C,Cloud to Cloud,2026-01-17T18:04:58.674+08:00
2026-01-18 11:27:54,2026-01-17T18:06:00+08:00,2026-01-17T18:08:02+08:00,1.2425,103.7749,C,Cloud to Cloud,2026-01-17T18:04:58.674+08:00
2026-01-18 11:27:54,2026-01-17T18:06:00+08:00,2026-01-17T18:08:02+08:00,1.243,103.7749,C,Cloud to Cloud,2026-01-17T18:04:58.674+08:00
2026-01-18 11:27:54,2026-01-17T18:06:00+08:00,2026-01-17T18:08:02+08:00,1.2437,103.775,C,Cloud to Cloud,2026-01-17T18:04:58.675+08:00
2026-01-18 11:27:54,2026-01-17T18:06:00+08:00,2026-01-17T18:08:02+08:00,1.2425,103.7745,C,Cloud to Cloud,2026-01-17T18:04:58.675+08:00
2026-01-18 11:27:54,2026-01-17T18:06:00+08:00,2026-01-17T18:08:02+08:00,1.2432,103.7746,C,Cloud to Cloud,2026-01-17T18:04:58.675+08:00
2026-01-18 11:27:54,2026-01-17T18:06:00+08:00,2026-01-17T18:08:02+08:00,1.2428,103.7753,C,Cloud to Cloud,2026-01-17T18:04:58.675+08:00
2026-01-18 11:27:54,2026-01-17T18:06:00+08:00,2026-01-17T18:08:02+08:00,1.2428,103.775,C,Cloud to Cloud,2026-01-17T18:04:58.675+08:00
2026-01-18 11:27:54,2026-01-17T18:06:00+08:00,2026-01-17T18:08:02+08:00,1.2417,103.7747,C,Cloud to Cloud,2026-01-17T18:04:58.675+08:00
2026-01-18 11:27:54,2026-01-17T18:06:00+08:00,2026-01-17T18:08:02+08:00,1.2429,103.7757,C,Cloud to Cloud,2026-01-17T18:04:58.675+08:00
2026-01-18 11:27:54,2026-01-17T18:06:00+08:00,2026-01-17T18:08:02+08:00,1.2428,103.7727,C,Cloud to Cloud,2026-01-17T18:04:58.675+08:00
2026-01-18 11:27:54,2026-01-17T18:06:00+08:00,2026-01-17T18:08:02+08:00,1.2433,103.7742,C,Cloud to Cloud,2026-01-17T18:04:58.675+08:00
2026-01-18 11:27:54,2026-01-17T18:06:00+08:00,2026-01-17T18:08:02+08:00,1.2428,103.775,C,Cloud to Cloud,2026-01-17T18:04:58.676+08:00
2026-01-18 11:27:54,2026-01-17T18:06:00+08:00,2026-01-17T18:08:02+08:00,1.2432,103.7745,C,Cloud to Cloud,2026-01-17T18:04:58.676+08:00
2026-01-18 11:27:54,2026-01-17T18:06:00+08:00,2026-01-17T18:08:02+08:00,1.2428,103.7744,C,Cloud to Cloud,2026-01-17T18:04:58.676+08:00
2026-01-18 11:27:54,2026-01-17T18:06:00+08:00,2026-01-17T18:08:02+08:00,1.2441,103.7751,C,Cloud to Cloud,2026-01-17T18:04:58.676+08:00
2026-01-18 11:27:54,2026-01-17T18:06:00+08:00,2026-01-17T18:08:02+08:00,1.2428,103.775,C,Cloud to Cloud,2026-01-17T18:04:58.676+08:00
2026-01-18 11:27:54,2026-01-17T18:06:00+08:00,2026-01-17T18:08:02+08:00,1.2425,103.7769,C,Cloud to Cloud,2026-01-17T18:04:58.677+08:00
2026-01-18 11:27:54,2026-01-17T18:06:00+08:00,2026-01-17T18:08:02+08:00,1.2452,103.7739,C,Cloud to Cloud,2026-01-17T18:04:58.678+08:00
2026-01-18 11:27:54,2026-01-17T18:06:00+08:00,2026-01-17T18:08:02+08:00,1.2445,103.7783,C,Cloud to Cloud,2026-01-17T18:04:58.678+08:00
2026-01-18 11:27:54,2026-01-17T18:06:00+08:00,2026-01-17T18:08:02+08:00,1.2456,103.776,C,Cloud to Cloud,2026-01-17T18:04:58.678+08:00
2026-01-18 11:27:54,2026-01-17T18:06:00+08:00,2026-01-17T18:08:02+08:00,1.2442,103.7779,C,Cloud to Cloud,2026-01-17T18:04:58.679+08:00
2026-01-18 11:27:54,2026-01-17T18:06:00+08:00,2026-01-17T18:08:02+08:00,1.2451,103.7771,C,Cloud to Cloud,2026-01-17T18:04:58.679+08:00
2026-01-18 11:27:54,2026-01-17T18:06:00+08:00,2026-01-17T18:08:02+08:00,1.2449,103.777,C,Cloud to Cloud,2026-01-17T18:04:58.679+08:00
2026-01-18 11:27:54,2026-01-17T18:06:00+08:00,2026-01-17T18:08:02+08:00,1.2445,103.7773,C,Cloud to Cloud,2026-01-17T18:04:58.679+08:00
2026-01-18 11:27:54,2026-01-17T18:06:00+08:00,2026-01-17T18:08:02+08:00,1.2451,103.7775,C,Cloud to Cloud,2026-01-17T18:04:58.679+08:00
2026-01-18 11:27:54,2026-01-17T18:06:00+08:00,2026-01-17T18:08:02+08:00,1.2445,103.7782,C,Cloud to Cloud,2026-01-17T18:04:58.679+08:00
2026-01-18 11:27:54,2026-01-17T18:06:00+08:00,2026-01-17T18:08:02+08:00,1.2445,103.7784,C,Cloud to Cloud,2026-01-17T18:04:58.679+08:00
2026-01-18 11:27:54,2026-01-17T18:06:00+08:00,2026-01-17T18:08:02+08:00,1.2443,103.7784,C,Cloud to Cloud,2026-01-17T18:04:58.68+08:00
2026-01-18 11:27:54,2026-01-17T18:06:00+08:00,2026-01-17T18:08:02+08:00,1.2449,103.7778,C,Cloud to Cloud,2026-01-17T18:04:58.68+08:00
2026-01-18 11:27:54,2026-01-17T18:06:00+08:00,2026-01-17T18:08:02+08:00,1.2447,103.778,C,Cloud to Cloud,2026-01-17T18:04:58.68+08:00
2026-01-18 11:27:54,2026-01-17T18:06:00+08:00,2026-01-17T18:08:02+08:00,1.2439,103.7779,C,Cloud to Cloud,2026-01-17T18:04:58.68+08:00
2026-01-18 11:27:54,2026-01-17T18:06:00+08:00,2026-01-17T18:08:02+08:00,1.2436,103.7785,C,Cloud to Cloud,2026-01-17T18:04:58.68+08:00
2026-01-18 11:27:54,2026-01-17T18:06:00+08:00,2026-01-17T18:08:02+08:00,1.2428,103.7777,C,Cloud to Cloud,2026-01-17T18:04:58.68+08:00
2026-01-18 11:27:54,2026-01-17T18:06:00+08:00,2026-01-17T18:08:02+08:00,1.2435,103.7784,C,Cloud to Cloud,2026-01-17T18:04:58.68+08:00
2026-01-18 11:27:54,2026-01-17T18:06:00+08:00,2026-01-17T18:08:02+08:00,1.2435,103.7786,C,Cloud to Cloud,2026-01-17T18:04:58.681+08:00
2026-01-18 11:27:54,2026-01-17T18:06:00+08:00,2026-01-17T18:08:02+08:00,1.2438,103.7788,C,Cloud to Cloud,2026-01-17T18:04:58.681+08:00
2026-01-18 11:27:54,2026-01-17T18:06:00+08:00,2026-01-17T18:08:02+08:00,1.2434,103.7793,C,Cloud to Cloud,2026-01-17T18:04:58.681+08:00
2026-01-18 11:27:54,2026-01-17T18:06:00+08:00,2026-01-17T18:08:02+08:00,1.2438,103.7784,C,Cloud to Cloud,2026-01-17T18:04:58.681+08:00
2026-01-18 11:27:54,2026-01-17T18:06:00+08:00,2026-01-17T18:08:02+08:00,1.2432,103.7797,C,Cloud to Cloud,2026-01-17T18:04:58.681+08:00
2026-01-18 11:27:54,2026-01-17T18:06:00+08:00,2026-01-17T18:08:02+08:00,1.2434,103.7791,C,Cloud to Cloud,2026-01-17T18:04:58.681+08:00
2026-01-18 11:27:54,2026-01-17T18:06:00+08:00,2026-01-17T18:08:02+08:00,1.2433,103.78,C,Cloud to Cloud,2026-01-17T18:04:58.681+08:00
2026-01-18 11:27:54,2026-01-17T18:06:00+08:00,2026-01-17T18:08:02+08:00,1.2434,103.779,C,Cloud to Cloud,2026-01-17T18:04:58.681+08:00
2026-01-18 11:27:54,2026-01-17T18:06:00+08:00,2026-01-17T18:08:02+08:00,1.244,103.7793,C,Cloud to Cloud,2026-01-17T18:04:58.681+08:00
2026-01-18 11:27:54,2026-01-17T18:06:00+08:00,2026-01-17T18:08:02+08:00,1.2432,103.7793,C,Cloud to Cloud,2026-01-17T18:04:58.682+08:00
2026-01-18 11:27:54,2026-01-17T18:06:00+08:00,2026-01-17T18:08:02+08:00,1.2434,103.7803,C,Cloud to Cloud,2026-01-17T18:04:58.682+08:00
2026-01-18 11:27:54,2026-01-17T18:06:00+08:00,2026-01-17T18:08:02+08:00,1.2433,103.7794,C,Cloud to Cloud,2026-01-17T18:04:58.682+08:00
2026-01-18 11:27:54,2026-01-17T18:06:00+08:00,2026-01-17T18:08:02+08:00,1.2444,103.778,C,Cloud to Cloud,2026-01-17T18:04:58.682+08:00
2026-01-18 11:27:54,2026-01-17T18:06:00+08:00,2026-01-17T18:08:02+08:00,1.2437,103.7798,C,Cloud to Cloud,2026-01-17T18:04:58.682+08:00
2026-01-18 11:27:54,2026-01-17T18:06:00+08:00,2026-01-17T18:08:02+08:00,1.2434,103.7795,C,Cloud to Cloud,2026-01-17T18:04:58.682+08:00
2026-01-18 11:27:54,2026-01-17T18:06:00+08:00,2026-01-17T18:08:02+08:00,1.2428,103.779,C,Cloud to Cloud,2026-01-17T18:04:58.682+08:00
2026-01-18 11:27:54,2026-01-17T18:06:00+08:00,2026-01-17T18:08:02+08:00,1.2433,103.7797,C,Cloud to Cloud,2026-01-17T18:04:58.682+08:00
2026-01-18 11:27:54,2026-01-17T18:06:00+08:00,2026-01-17T18:08:02+08:00,1.244,103.7791,C,Cloud to Cloud,2026-01-17T18:04:58.682+08:00
2026-01-18 11:27:54,2026-01-17T18:06:00+08:00,2026-01-17T18:08:02+08:00,1.2445,103.7783,C,Cloud to Cloud,2026-01-17T18:04:58.683+08:00
2026-01-18 11:27:54,2026-01-17T18:06:00+08:00,2026-01-17T18:08:02+08:00,1.2435,103.7787,C,Cloud to Cloud,2026-01-17T18:04:58.683+08:00
2026-01-18 11:27:54,2026-01-17T18:06:00+08:00,2026-01-17T18:08:02+08:00,1.2427,103.7795,C,Cloud to Cloud,2026-01-17T18:04:58.683+08:00
2026-01-18 11:27:54,2026-01-17T18:06:00+08:00,2026-01-17T18:08:02+08:00,1.2444,103.7782,C,Cloud to Cloud,2026-01-17T18:04:58.683+08:00
2026-01-18 11:27:54,2026-01-17T18:06:00+08:00,2026-01-17T18:08:02+08:00,1.2437,103.779,C,Cloud to Cloud,2026-01-17T18:04:58.683+08:00
2026-01-18 11:27:54,2026-01-17T18:06:00+08:00,2026-01-17T18:08:02+08:00,1.2433,103.7788,C,Cloud to Cloud,2026-01-17T18:04:58.683+08:00
2026-01-18 11:27:54,2026-01-17T18:06:00+08:00,2026-01-17T18:08:02+08:00,1.2432,103.7786,C,Cloud to Cloud,2026-01-17T18:04:58.683+08:00
2026-01-18 11:27:54,2026-01-17T18:06:00+08:00,2026-01-17T18:08:02+08:00,1.2432,103.7778,C,Cloud to Cloud,2026-01-17T18:04:58.683+08:00
2026-01-18 11:27:54,2026-01-17T18:06:00+08:00,2026-01-17T18:08:02+08:00,1.2445,103.7779,C,Cloud to Cloud,2026-01-17T18:04:58.683+08:00
2026-01-18 11:27:54,2026-01-17T18:06:00+08:00,2026-01-17T18:08:02+08:00,1.2418,103.7785,C,Cloud to Cloud,2026-01-17T18:04:58.684+08:00
2026-01-18 11:27:54,2026-01-17T18:06:00+08:00,2026-01-17T18:08:02+08:00,1.2421,103.7782,C,Cloud to Cloud,2026-01-17T18:04:58.684+08:00
2026-01-18 11:27:54,2026-01-17T18:06:00+08:00,2026-01-17T18:08:02+08:00,1.2416,103.7778,C,Cloud to Cloud,2026-01-17T18:04:58.684+08:00
2026-01-18 11:27:54,2026-01-17T18:06:00+08:00,2026-01-17T18:08:02+08:00,1.2418,103.778,C,Cloud to Cloud,2026-01-17T18:04:58.684+08:00
2026-01-18 11:27:54,2026-01-17T18:06:00+08:00,2026-01-17T18:08:02+08:00,1.2421,103.7778,C,Cloud to Cloud,2026-01-17T18:04:58.685+08:00
2026-01-18 11:27:54,2026-01-17T18:06:00+08:00,2026-01-17T18:08:02+08:00,1.2409,103.777,C,Cloud to Cloud,2026-01-17T18:04:58.685+08:00
2026-01-18 11:27:54,2026-01-17T18:06:00+08:00,2026-01-17T18:08:02+08:00,1.2412,103.7752,C,Cloud to Cloud,2026-01-17T18:04:58.685+08:00
2026-01-18 11:27:54,2026-01-17T18:06:00+08:00,2026-01-17T18:08:02+08:00,1.2408,103.7764,C,Cloud to Cloud,2026-01-17T18:04:58.685+08:00
2026-01-18 11:27:54,2026-01-17T18:06:00+08:00,2026-01-17T18:08:02+08:00,1.2405,103.7764,C,Cloud to Cloud,2026-01-17T18:04:58.685+08:00
2026-01-18 11:27:54,2026-01-17T18:06:00+08:00,2026-01-17T18:08:02+08:00,1.2405,103.7764,C,Cloud to Cloud,2026-01-17T18:04:58.685+08:00
2026-01-18 11:27:54,2026-01-17T18:06:00+08:00,2026-01-17T18:08:02+08:00,1.2411,103.7771,C,Cloud to Cloud,2026-01-17T18:04:58.685+08:00
2026-01-18 11:27:54,2026-01-17T18:06:00+08:00,2026-01-17T18:08:02+08:00,1.2403,103.7774,C,Cloud to Cloud,2026-01-17T18:04:58.685+08:00
2026-01-18 11:27:54,2026-01-17T18:06:00+08:00,2026-01-17T18:08:02+08:00,1.24,103.7779,C,Cloud to Cloud,2026-01-17T18:04:58.685+08:00
2026-01-18 11:27:54,2026-01-17T18:06:00+08:00,2026-01-17T18:08:02+08:00,1.2406,103.7775,C,Cloud to Cloud,2026-01-17T18:04:58.685+08:00
2026-01-18 11:27:54,2026-01-17T18:06:00+08:00,2026-01-17T18:08:02+08:00,1.2404,103.7778,C,Cloud to Cloud,2026-01-17T18:04:58.686+08:00
2026-01-18 11:27:54,2026-01-17T18:06:00+08:00,2026-01-17T18:08:02+08:00,1.2403,103.7777,C,Cloud to Cloud,2026-01-17T18:04:58.686+08:00
2026-01-18 11:27:54,2026-01-17T18:06:00+08:00,2026-01-17T18:08:02+08:00,1.2403,103.7778,C,Cloud to Cloud,2026-01-17T18:04:58.686+08:00
2026-01-18 11:27:54,2026-01-17T18:06:00+08:00,2026-01-17T18:08:02+08:00,1.2407,103.7774,C,Cloud to Cloud,2026-01-17T18:04:58.686+08:00
2026-01-18 11:27:54,2026-01-17T18:06:00+08:00,2026-01-17T18:08:02+08:00,1.2397,103.7786,C,Cloud to Cloud,2026-01-17T18:04:58.686+08:00
2026-01-18 11:27:54,2026-01-17T18:06:00+08:00,2026-01-17T18:08:02+08:00,1.2408,103.7777,C,Cloud to Cloud,2026-01-17T18:04:58.686+08:00
2026-01-18 11:27:54,2026-01-17T18:06:00+08:00,2026-01-17T18:08:02+08:00,1.2397,103.778,C,Cloud to Cloud,2026-01-17T18:04:58.686+08:00
2026-01-18 11:27:54,2026-01-17T18:06:00+08:00,2026-01-17T18:08:02+08:00,1.2404,103.7783,C,Cloud to Cloud,2026-01-17T18:04:58.686+08:00
2026-01-18 11:27:54,2026-01-17T18:06:00+08:00,2026-01-17T18:08:02+08:00,1.2409,103.778,C,Cloud to Cloud,2026-01-17T18:04:58.686+08:00
2026-01-18 11:27:54,2026-01-17T18:06:00+08:00,2026-01-17T18:08:02+08:00,1.2419,103.7775,C,Cloud to Cloud,2026-01-17T18:04:58.686+08:00
2026-01-18 11:27:54,2026-01-17T18:06:00+08:00,2026-01-17T18:08:02+08:00,1.2403,103.7781,C,Cloud to Cloud,2026-01-17T18:04:58.687+08:00
2026-01-18 11:27:54,2026-01-17T18:06:00+08:00,2026-01-17T18:08:02+08:00,1.2404,103.7789,C,Cloud to Cloud,2026-01-17T18:04:58.687+08:00
2026-01-18 11:27:54,2026-01-17T18:06:00+08:00,2026-01-17T18:08:02+08:00,1.2409,103.7789,C,Cloud to Cloud,2026-01-17T18:04:58.687+08:00
2026-01-18 11:27:54,2026-01-17T18:06:00+08:00,2026-01-17T18:08:02+08:00,1.2412,103.7784,C,Cloud to Cloud,2026-01-17T18:04:58.687+08:00
2026-01-18 11:27:54,2026-01-17T18:06:00+08:00,2026-01-17T18:08:02+08:00,1.2402,103.779,C,Cloud to Cloud,2026-01-17T18:04:58.687+08:00
2026-01-18 11:27:54,2026-01-17T18:06:00+08:00,2026-01-17T18:08:02+08:00,1.2421,103.778,C,Cloud to Cloud,2026-01-17T18:04:58.687+08:00
2026-01-18 11:27:54,2026-01-17T18:06:00+08:00,2026-01-17T18:08:02+08:00,1.2406,103.7786,C,Cloud to Cloud,2026-01-17T18:04:58.687+08:00
2026-01-18 11:27:54,2026-01-17T18:06:00+08:00,2026-01-17T18:08:02+08:00,1.2398,103.7792,C,Cloud to Cloud,2026-01-17T18:04:58.687+08:00
2026-01-18 11:27:54,2026-01-17T18:06:00+08:00,2026-01-17T18:08:02+08:00,1.2417,103.7788,C,Cloud to Cloud,2026-01-17T18:04:58.687+08:00
2026-01-18 11:27:54,2026-01-17T18:06:00+08:00,2026-01-17T18:08:02+08:00,1.2512,103.7753,C,Cloud to Cloud,2026-01-17T18:04:58.687+08:00
2026-01-18 11:27:54,2026-01-17T18:06:00+08:00,2026-01-17T18:08:02+08:00,1.2408,103.7796,C,Cloud to Cloud,2026-01-17T18:04:58.688+08:00
2026-01-18 11:27:54,2026-01-17T18:06:00+08:00,2026-01-17T18:08:02+08:00,1.2404,103.7795,C,Cloud to Cloud,2026-01-17T18:04:58.688+08:00
2026-01-18 11:27:54,2026-01-17T18:06:00+08:00,2026-01-17T18:08:02+08:00,1.2412,103.7793,C,Cloud to Cloud,2026-01-17T18:04:58.688+08:00
2026-01-18 11:27:54,2026-01-17T18:06:00+08:00,2026-01-17T18:08:02+08:00,1.2403,103.7798,C,Cloud to Cloud,2026-01-17T18:04:58.688+08:00
2026-01-18 11:27:54,2026-01-17T18:06:00+08:00,2026-01-17T18:08:02+08:00,1.24,103.78,C,Cloud to Cloud,2026-01-17T18:04:58.688+08:00
2026-01-18 11:27:54,2026-01-17T18:06:00+08:00,2026-01-17T18:08:02+08:00,1.2399,103.7801,C,Cloud to Cloud,2026-01-17T18:04:58.688+08:00
2026-01-18 11:27:54,2026-01-17T18:06:00+08:00,2026-01-17T18:08:02+08:00,1.2405,103.7796,C,Cloud to Cloud,2026-01-17T18:04:58.688+08:00
2026-01-18 11:27:54,2026-01-17T18:06:00+08:00,2026-01-17T18:08:02+08:00,1.2394,103.7795,C,Cloud to Cloud,2026-01-17T18:04:58.688+08:00
2026-01-18 11:27:54,2026-01-17T18:06:00+08:00,2026-01-17T18:08:02+08:00,1.2397,103.7801,C,Cloud to Cloud,2026-01-17T18:04:58.688+08:00
2026-01-18 11:27:54,2026-01-17T18:06:00+08:00,2026-01-17T18:08:02+08:00,1.2395,103.78,C,Cloud to Cloud,2026-01-17T18:04:58.688+08:00
2026-01-18 11:27:54,2026-01-17T18:06:00+08:00,2026-01-17T18:08:02+08:00,1.2401,103.7796,C,Cloud to Cloud,2026-01-17T18:04:58.689+08:00
2026-01-18 11:27:54,2026-01-17T18:06:00+08:00,2026-01-17T18:08:02+08:00,1.2397,103.7801,C,Cloud to Cloud,2026-01-17T18:04:58.689+08:00
2026-01-18 11:27:54,2026-01-17T18:06:00+08:00,2026-01-17T18:08:02+08:00,1.2403,103.7795,C,Cloud to Cloud,2026-01-17T18:04:58.689+08:00
2026-01-18 11:27:54,2026-01-17T18:06:00+08:00,2026-01-17T18:08:02+08:00,1.2399,103.7796,C,Cloud to Cloud,2026-01-17T18:04:58.689+08:00
2026-01-18 11:27:54,2026-01-17T18:06:00+08:00,2026-01-17T18:08:02+08:00,1.2396,103.7797,C,Cloud to Cloud,2026-01-17T18:04:58.689+08:00
2026-01-18 11:27:54,2026-01-17T18:06:00+08:00,2026-01-17T18:08:02+08:00,1.2488,103.7758,C,Cloud to Cloud,2026-01-17T18:04:58.689+08:00
2026-01-18 11:27:54,2026-01-17T18:06:00+08:00,2026-01-17T18:08:02+08:00,1.2401,103.78,C,Cloud to Cloud,2026-01-17T18:04:58.689+08:00
2026-01-18 11:27:54,2026-01-17T18:06:00+08:00,2026-01-17T18:08:02+08:00,1.2393,103.7803,C,Cloud to Cloud,2026-01-17T18:04:58.689+08:00
2026-01-18 11:27:54,2026-01-17T18:06:00+08:00,2026-01-17T18:08:02+08:00,1.2395,103.7802,C,Cloud to Cloud,2026-01-17T18:04:58.689+08:00
2026-01-18 11:27:54,2026-01-17T18:06:00+08:00,2026-01-17T18:08:02+08:00,1.2396,103.7797,C,Cloud to Cloud,2026-01-17T18:04:58.689+08:00
2026-01-18 11:27:54,2026-01-17T18:06:00+08:00,2026-01-17T18:08:02+08:00,1.2396,103.7798,C,Cloud to Cloud,2026-01-17T18:04:58.69+08:00
2026-01-18 11:27:54,2026-01-17T18:06:00+08:00,2026-01-17T18:08:02+08:00,1.2398,103.7797,C,Cloud to Cloud,2026-01-17T18:04:58.69+08:00
2026-01-18 11:27:54,2026-01-17T18:06:00+08:00,2026-01-17T18:08:02+08:00,1.2396,103.7797,C,Cloud to Cloud,2026-01-17T18:04:58.69+08:00
2026-01-18 11:27:54,2026-01-17T18:06:00+08:00,2026-01-17T18:08:02+08:00,1.2398,103.7793,C,Cloud to Cloud,2026-01-17T18:04:58.69+08:00
2026-01-18 11:27:54,2026-01-17T18:06:00+08:00,2026-01-17T18:08:02+08:00,1.2396,103.7798,C,Cloud to Cloud,2026-01-17T18:04:58.69+08:00
2026-01-18 11:27:54,2026-01-17T18:06:00+08:00,2026-01-17T18:08:02+08:00,1.2391,103.7797,C,Cloud to Cloud,2026-01-17T18:04:58.69+08:00
2026-01-18 11:27:54,2026-01-17T18:06:00+08:00,2026-01-17T18:08:02+08:00,1.2386,103.7799,C,Cloud to Cloud,2026-01-17T18:04:58.69+08:00
2026-01-18 11:27:54,2026-01-17T18:06:00+08:00,2026-01-17T18:08:02+08:00,1.2397,103.7796,C,Cloud to Cloud,2026-01-17T18:04:58.69+08:00
2026-01-18 11:27:54,2026-01-17T18:06:00+08:00,2026-01-17T18:08:02+08:00,1.2391,103.7802,C,Cloud to Cloud,2026-01-17T18:04:58.69+08:00
2026-01-18 11:27:54,2026-01-17T18:06:00+08:00,2026-01-17T18:08:02+08:00,1.2494,103.7752,C,Cloud to Cloud,2026-01-17T18:04:58.69+08:00
2026-01-18 11:27:54,2026-01-17T18:06:00+08:00,2026-01-17T18:08:02+08:00,1.2401,103.7803,C,Cloud to Cloud,2026-01-17T18:04:58.691+08:00
2026-01-18 11:27:54,2026-01-17T18:06:00+08:00,2026-01-17T18:08:02+08:00,1.2399,103.7796,C,Cloud to Cloud,2026-01-17T18:04:58.691+08:00
2026-01-18 11:27:54,2026-01-17T18:06:00+08:00,2026-01-17T18:08:02+08:00,1.2404,103.7792,C,Cloud to Cloud,2026-01-17T18:04:58.691+08:00
2026-01-18 11:27:54,2026-01-17T18:06:00+08:00,2026-01-17T18:08:02+08:00,1.2398,103.7804,C,Cloud to Cloud,2026-01-17T18:04:58.691+08:00
2026-01-18 11:27:54,2026-01-17T18:06:00+08:00,2026-01-17T18:08:02+08:00,1.24,103.7797,C,Cloud to Cloud,2026-01-17T18:04:58.691+08:00
2026-01-18 11:27:54,2026-01-17T18:06:00+08:00,2026-01-17T18:08:02+08:00,1.2393,103.7798,C,Cloud to Cloud,2026-01-17T18:04:58.691+08:00
2026-01-18 11:27:54,2026-01-17T18:06:00+08:00,2026-01-17T18:08:02+08:00,1.2395,103.7792,C,Cloud to Cloud,2026-01-17T18:04:58.691+08:00
2026-01-18 11:27:54,2026-01-17T18:06:00+08:00,2026-01-17T18:08:02+08:00,1.2391,103.7802,C,Cloud to Cloud,2026-01-17T18:04:58.691+08:00
2026-01-18 11:27:54,2026-01-17T18:06:00+08:00,2026-01-17T18:08:02+08:00,1.239,103.781,C,Cloud to Cloud,2026-01-17T18:04:58.691+08:00
2026-01-18 11:27:54,2026-01-17T18:06:00+08:00,2026-01-17T18:08:02+08:00,1.2397,103.7799,C,Cloud to Cloud,2026-01-17T18:04:58.691+08:00
2026-01-18 11:27:54,2026-01-17T18:06:00+08:00,2026-01-17T18:08:02+08:00,1.2385,103.7805,C,Cloud to Cloud,2026-01-17T18:04:58.692+08:00
2026-01-18 11:27:54,2026-01-17T18:06:00+08:00,2026-01-17T18:08:02+08:00,1.2381,103.7795,C,Cloud to Cloud,2026-01-17T18:04:58.692+08:00
2026-01-18 11:27:54,2026-01-17T18:06:00+08:00,2026-01-17T18:08:02+08:00,1.2378,103.7807,C,Cloud to Cloud,2026-01-17T18:04:58.692+08:00
2026-01-18 11:27:54,2026-01-17T18:06:00+08:00,2026-01-17T18:08:02+08:00,1.2378,103.7806,C,Cloud to Cloud,2026-01-17T18:04:58.692+08:00
2026-01-18 11:27:54,2026-01-17T18:06:00+08:00,2026-01-17T18:08:02+08:00,1.2383,103.7796,C,Cloud to Cloud,2026-01-17T18:04:58.692+08:00
2026-01-18 11:27:54,2026-01-17T18:06:00+08:00,2026-01-17T18:08:02+08:00,1.2375,103.7805,C,Cloud to Cloud,2026-01-17T18:04:58.692+08:00
2026-01-18 11:27:54,2026-01-17T18:06:00+08:00,2026-01-17T18:08:02+08:00,1.2375,103.7804,C,Cloud to Cloud,2026-01-17T18:04:58.692+08:00
2026-01-18 11:27:54,2026-01-17T18:06:00+08:00,2026-01-17T18:08:02+08:00,1.2378,103.7807,C,Cloud to Cloud,2026-01-17T18:04:58.692+08:00
2026-01-18 11:27:54,2026-01-17T18:06:00+08:00,2026-01-17T18:08:02+08:00,1.2377,103.7817,C,Cloud to Cloud,2026-01-17T18:04:58.692+08:00
2026-01-18 11:27:54,2026-01-17T18:06:00+08:00,2026-01-17T18:08:02+08:00,1.2379,103.781,C,Cloud to Cloud,2026-01-17T18:04:58.692+08:00
2026-01-18 11:27:54,2026-01-17T18:06:00+08:00,2026-01-17T18:08:02+08:00,1.2385,103.7809,C,Cloud to Cloud,2026-01-17T18:04:58.693+08:00
2026-01-18 11:27:54,2026-01-17T18:06:00+08:00,2026-01-17T18:08:02+08:00,1.2382,103.782,C,Cloud to Cloud,2026-01-17T18:04:58.693+08:00
2026-01-18 11:27:54,2026-01-17T18:06:00+08:00,2026-01-17T18:08:02+08:00,1.2372,103.7819,C,Cloud to Cloud,2026-01-17T18:04:58.693+08:00
2026-01-18 11:27:54,2026-01-17T18:06:00+08:00,2026-01-17T18:08:02+08:00,1.2384,103.7816,C,Cloud to Cloud,2026-01-17T18:04:58.693+08:00
2026-01-18 11:27:54,2026-01-17T18:06:00+08:00,2026-01-17T18:08:02+08:00,1.2373,103.781,C,Cloud to Cloud,2026-01-17T18:04:58.693+08:00
2026-01-18 11:27:54,2026-01-17T18:06:00+08:00,2026-01-17T18:08:02+08:00,1.2378,103.782,C,Cloud to Cloud,2026-01-17T18:04:58.693+08:00
2026-01-18 11:27:54,2026-01-17T18:06:00+08:00,2026-01-17T18:08:02+08:00,1.2374,103.7819,C,Cloud to Cloud,2026-01-17T18:04:58.693+08:00
2026-01-18 11:27:54,2026-01-17T18:06:00+08:00,2026-01-17T18:08:02+08:00,1.2379,103.7818,C,Cloud to Cloud,2026-01-17T18:04:58.693+08:00
2026-01-18 11:27:54,2026-01-17T18:06:00+08:00,2026-01-17T18:08:02+08:00,1.2377,103.7818,C,Cloud to Cloud,2026-01-17T18:04:58.693+08:00
2026-01-18 11:27:54,2026-01-17T18:06:00+08:00,2026-01-17T18:08:02+08:00,1.2381,103.7813,C,Cloud to Cloud,2026-01-17T18:04:58.693+08:00
2026-01-18 11:27:54,2026-01-17T18:06:00+08:00,2026-01-17T18:08:02+08:00,1.2381,103.7807,C,Cloud to Cloud,2026-01-17T18:04:58.694+08:00
2026-01-18 11:27:54,2026-01-17T18:06:00+08:00,2026-01-17T18:08:02+08:00,1.2382,103.781,C,Cloud to Cloud,2026-01-17T18:04:58.694+08:00
2026-01-18 11:27:54,2026-01-17T18:06:00+08:00,2026-01-17T18:08:02+08:00,1.2397,103.7785,C,Cloud to Cloud,2026-01-17T18:04:58.694+08:00
2026-01-18 11:27:54,2026-01-17T18:06:00+08:00,2026-01-17T18:08:02+08:00,1.2387,103.7758,G,Cloud to Ground,2026-01-17T18:04:58.694+08:00
2026-01-18 11:27:54,2026-01-17T18:06:00+08:00,2026-01-17T18:08:02+08:00,1.2432,103.7757,C,Cloud to Cloud,2026-01-17T18:04:58.694+08:00
2026-01-18 11:27:54,2026-01-17T18:06:00+08:00,2026-01-17T18:08:02+08:00,1.2437,103.7775,C,Cloud to Cloud,2026-01-17T18:04:58.694+08:00
2026-01-18 11:27:54,2026-01-17T18:06:00+08:00,2026-01-17T18:08:02+08:00,1.2283,103.7703,C,Cloud to Cloud,2026-01-17T18:04:58.707+08:00
2026-01-18 11:27:54,2026-01-17T18:06:00+08:00,2026-01-17T18:08:02+08:00,1.2466,103.7632,C,Cloud to Cloud,2026-01-17T18:04:58.719+08:00
2026-01-18 11:27:54,2026-01-17T18:06:00+08:00,2026-01-17T18:08:02+08:00,1.2473,103.76,C,Cloud to Cloud,2026-01-17T18:04:58.719+08:00
2026-01-18 11:27:54,2026-01-17T18:06:00+08:00,2026-01-17T18:08:02+08:00,1.2491,103.7643,C,Cloud to Cloud,2026-01-17T18:04:58.726+08:00
2026-01-18 11:27:54,2026-01-17T18:06:00+08:00,2026-01-17T18:08:02+08:00,1.2529,103.7628,C,Cloud to Cloud,2026-01-17T18:04:58.726+08:00
2026-01-18 11:27:54,2026-01-17T18:06:00+08:00,2026-01-17T18:08:02+08:00,1.2533,103.7731,C,Cloud to Cloud,2026-01-17T18:04:58.726+08:00
2026-01-18 11:27:54,2026-01-17T18:06:00+08:00,2026-01-17T18:08:02+08:00,1.2453,103.7762,C,Cloud to Cloud,2026-01-17T18:04:58.727+08:00
2026-01-18 11:27:54,2026-01-17T18:06:00+08:00,2026-01-17T18:08:02+08:00,1.247,103.7752,C,Cloud to Cloud,2026-01-17T18:04:58.727+08:00
2026-01-18 11:27:54,2026-01-17T18:06:00+08:00,2026-01-17T18:08:02+08:00,1.2385,103.7741,C,Cloud to Cloud,2026-01-17T18:04:58.73+08:00
2026-01-18 11:27:54,2026-01-17T18:04:00+08:00,2026-01-17T18:06:02+08:00,1.2684,103.7632,C,Cloud to Cloud,2026-01-17T18:02:24.586+08:00
2026-01-18 11:27:54,2026-01-17T18:04:00+08:00,2026-01-17T18:06:02+08:00,1.2066,103.7258,C,Cloud to Cloud,2026-01-17T18:02:24.619+08:00
2026-01-18 11:27:54,2026-01-17T18:02:00+08:00,2026-01-17T18:04:02+08:00,1.2502,103.7574,C,Cloud to Cloud,2026-01-17T18:00:49.496+08:00
2026-01-18 11:27:54,2026-01-17T18:02:00+08:00,2026-01-17T18:04:02+08:00,1.2527,103.7447,C,Cloud to Cloud,2026-01-17T18:00:49.496+08:00
2026-01-18 11:27:54,2026-01-17T18:02:00+08:00,2026-01-17T18:04:02+08:00,1.2556,103.7567,C,Cloud to Cloud,2026-01-17T18:00:49.498+08:00
2026-01-18 11:27:54,2026-01-17T18:02:00+08:00,2026-01-17T18:04:02+08:00,1.2478,103.7566,C,Cloud to Cloud,2026-01-17T18:00:49.498+08:00
2026-01-18 11:27:54,2026-01-17T18:02:00+08:00,2026-01-17T18:04:02+08:00,1.2536,103.7574,C,Cloud to Cloud,2026-01-17T18:00:49.501+08:00
2026-01-18 11:27:54,2026-01-17T18:02:00+08:00,2026-01-17T18:04:02+08:00,1.2543,103.7283,C,Cloud to Cloud,2026-01-17T18:00:49.501+08:00
2026-01-18 11:27:54,2026-01-17T18:02:00+08:00,2026-01-17T18:04:02+08:00,1.2537,103.7569,C,Cloud to Cloud,2026-01-17T18:00:49.501+08:00
2026-01-18 11:27:54,2026-01-17T18:02:00+08:00,2026-01-17T18:04:02+08:00,1.2341,103.7662,C,Cloud to Cloud,2026-01-17T18:00:49.502+08:00
2026-01-18 11:27:54,2026-01-17T18:02:00+08:00,2026-01-17T18:04:02+08:00,1.2098,103.7969,C,Cloud to Cloud,2026-01-17T18:00:49.526+08:00
2026-01-18 11:27:54,2026-01-17T18:02:00+08:00,2026-01-17T18:04:02+08:00,1.2459,103.8064,C,Cloud to Cloud,2026-01-17T18:00:49.553+08:00
2026-01-18 11:27:54,2026-01-17T18:02:00+08:00,2026-01-17T18:04:02+08:00,1.2477,103.8083,C,Cloud to Cloud,2026-01-17T18:00:49.557+08:00
2026-01-18 11:27:54,2026-01-17T18:02:00+08:00,2026-01-17T18:04:02+08:00,1.2462,103.8082,C,Cloud to Cloud,2026-01-17T18:00:49.557+08:00
2026-01-18 11:27:54,2026-01-17T18:02:00+08:00,2026-01-17T18:04:02+08:00,1.2536,103.7663,C,Cloud to Cloud,2026-01-17T18:00:49.649+08:00
2026-01-18 11:27:54,2026-01-17T18:02:00+08:00,2026-01-17T18:04:02+08:00,1.2415,103.7728,C,Cloud to Cloud,2026-01-17T18:00:49.678+08:00
2026-01-18 11:27:54,2026-01-17T18:02:00+08:00,2026-01-17T18:04:02+08:00,1.2674,103.7554,C,Cloud to Cloud,2026-01-17T18:00:49.678+08:00
2026-01-18 11:27:54,2026-01-17T18:02:00+08:00,2026-01-17T18:04:02+08:00,1.2583,103.7961,C,Cloud to Cloud,2026-01-17T18:00:49.679+08:00
2026-01-18 11:27:54,2026-01-17T18:02:00+08:00,2026-01-17T18:04:02+08:00,1.2552,103.7876,C,Cloud to Cloud,2026-01-17T18:00:49.679+08:00
2026-01-18 11:27:54,2026-01-17T18:02:00+08:00,2026-01-17T18:04:02+08:00,1.2547,103.7968,C,Cloud to Cloud,2026-01-17T18:00:49.679+08:00
2026-01-18 11:27:54,2026-01-17T18:02:00+08:00,2026-01-17T18:04:02+08:00,1.2565,103.8079,C,Cloud to Cloud,2026-01-17T18:00:49.679+08:00
2026-01-18 11:27:54,2026-01-17T18:02:00+08:00,2026-01-17T18:04:02+08:00,1.2488,103.8017,C,Cloud to Cloud,2026-01-17T18:00:49.679+08:00
2026-01-18 11:27:54,2026-01-17T18:02:00+08:00,2026-01-17T18:04:02+08:00,1.2472,103.808,C,Cloud to Cloud,2026-01-17T18:00:49.679+08:00
2026-01-18 11:27:54,2026-01-17T18:02:00+08:00,2026-01-17T18:04:02+08:00,1.2571,103.771,C,Cloud to Cloud,2026-01-17T18:00:49.682+08:00
2026-01-18 11:27:54,2026-01-17T18:02:00+08:00,2026-01-17T18:04:02+08:00,1.2672,103.7713,C,Cloud to Cloud,2026-01-17T18:00:49.7+08:00
2026-01-18 11:27:54,2026-01-17T18:02:00+08:00,2026-01-17T18:04:02+08:00,1.2527,103.7722,C,Cloud to Cloud,2026-01-17T18:00:49.712+08:00
2026-01-18 11:27:54,2026-01-17T18:02:00+08:00,2026-01-17T18:04:02+08:00,1.2516,103.766,C,Cloud to Cloud,2026-01-17T18:00:49.712+08:00
2026-01-18 11:27:54,2026-01-17T18:02:00+08:00,2026-01-17T18:04:02+08:00,1.2489,103.762,C,Cloud to Cloud,2026-01-17T18:00:49.712+08:00
2026-01-18 11:27:54,2026-01-17T18:02:00+08:00,2026-01-17T18:04:02+08:00,1.2441,103.7756,C,Cloud to Cloud,2026-01-17T18:00:49.712+08:00
2026-01-18 11:27:54,2026-01-17T18:02:00+08:00,2026-01-17T18:04:02+08:00,1.2373,103.7734,C,Cloud to Cloud,2026-01-17T18:00:49.713+08:00
2026-01-18 11:27:54,2026-01-17T18:02:00+08:00,2026-01-17T18:04:02+08:00,1.254,103.7857,C,Cloud to Cloud,2026-01-17T18:00:49.713+08:00
2026-01-18 11:27:54,2026-01-17T18:02:00+08:00,2026-01-17T18:04:02+08:00,1.2538,103.8098,C,Cloud to Cloud,2026-01-17T18:00:49.713+08:00
2026-01-18 11:27:54,2026-01-17T18:02:00+08:00,2026-01-17T18:04:02+08:00,1.2508,103.8022,C,Cloud to Cloud,2026-01-17T18:00:49.713+08:00
2026-01-18 11:27:54,2026-01-17T18:02:00+08:00,2026-01-17T18:04:02+08:00,1.2526,103.8163,C,Cloud to Cloud,2026-01-17T18:00:49.713+08:00
2026-01-18 11:27:54,2026-01-17T18:02:00+08:00,2026-01-17T18:04:02+08:00,1.2678,103.8178,C,Cloud to Cloud,2026-01-17T18:00:49.713+08:00
2026-01-18 11:27:54,2026-01-17T18:02:00+08:00,2026-01-17T18:04:02+08:00,1.2672,103.8191,C,Cloud to Cloud,2026-01-17T18:00:49.713+08:00
2026-01-18 11:27:54,2026-01-17T18:02:00+08:00,2026-01-17T18:04:02+08:00,1.2649,103.8193,C,Cloud to Cloud,2026-01-17T18:00:49.713+08:00
2026-01-18 11:27:54,2026-01-17T18:02:00+08:00,2026-01-17T18:04:02+08:00,1.2688,103.8107,C,Cloud to Cloud,2026-01-17T18:00:49.713+08:00
2026-01-18 11:27:54,2026-01-17T18:02:00+08:00,2026-01-17T18:04:02+08:00,1.2458,103.8125,C,Cloud to Cloud,2026-01-17T18:00:49.723+08:00
2026-01-18 11:27:54,2026-01-17T18:02:00+08:00,2026-01-17T18:04:02+08:00,1.202,103.7647,C,Cloud to Cloud,2026-01-17T18:00:49.752+08:00
2026-01-18 11:27:54,2026-01-17T18:02:00+08:00,2026-01-17T18:04:02+08:00,1.2651,103.7773,C,Cloud to Cloud,2026-01-17T18:00:49.767+08:00
2026-01-18 11:27:54,2026-01-17T18:02:00+08:00,2026-01-17T18:04:02+08:00,1.2675,103.7774,C,Cloud to Cloud,2026-01-17T18:00:49.767+08:00
2026-01-18 11:27:54,2026-01-17T18:02:00+08:00,2026-01-17T18:04:02+08:00,0.9937,103.5781,C,Cloud to Cloud,2026-01-17T18:00:49.772+08:00
2026-01-18 11:27:54,2026-01-17T18:02:00+08:00,2026-01-17T18:04:02+08:00,1.2594,103.7808,C,Cloud to Cloud,2026-01-17T18:00:49.773+08:00
2026-01-18 11:27:54,2026-01-17T18:02:00+08:00,2026-01-17T18:04:02+08:00,1.2659,103.8034,C,Cloud to Cloud,2026-01-17T18:00:49.799+08:00
2026-01-18 11:27:54,2026-01-17T18:02:00+08:00,2026-01-17T18:04:02+08:00,1.2659,103.8079,C,Cloud to Cloud,2026-01-17T18:00:49.8+08:00
2026-01-18 11:27:54,2026-01-17T18:02:00+08:00,2026-01-17T18:04:02+08:00,1.2619,103.801,C,Cloud to Cloud,2026-01-17T18:00:49.801+08:00
2026-01-18 11:27:54,2026-01-17T18:02:00+08:00,2026-01-17T18:04:02+08:00,1.2703,103.8112,C,Cloud to Cloud,2026-01-17T18:00:49.801+08:00
2026-01-18 11:27:54,2026-01-17T18:02:00+08:00,2026-01-17T18:04:02+08:00,1.2625,103.8064,C,Cloud to Cloud,2026-01-17T18:00:49.802+08:00
2026-01-18 11:27:54,2026-01-17T18:02:00+08:00,2026-01-17T18:04:02+08:00,1.2593,103.8066,C,Cloud to Cloud,2026-01-17T18:00:49.802+08:00
2026-01-18 11:27:54,2026-01-17T18:02:00+08:00,2026-01-17T18:04:02+08:00,1.2612,103.8035,C,Cloud to Cloud,2026-01-17T18:00:49.802+08:00
2026-01-18 11:27:54,2026-01-17T18:02:00+08:00,2026-01-17T18:04:02+08:00,1.2642,103.8033,C,Cloud to Cloud,2026-01-17T18:00:49.803+08:00
2026-01-18 11:27:54,2026-01-17T18:02:00+08:00,2026-01-17T18:04:02+08:00,1.2702,103.8102,C,Cloud to Cloud,2026-01-17T18:00:49.803+08:00
2026-01-18 11:27:54,2026-01-17T18:02:00+08:00,2026-01-17T18:04:02+08:00,1.2641,103.8036,C,Cloud to Cloud,2026-01-17T18:00:49.803+08:00
2026-01-18 11:27:54,2026-01-17T18:02:00+08:00,2026-01-17T18:04:02+08:00,1.2613,103.8046,C,Cloud to Cloud,2026-01-17T18:00:49.803+08:00
2026-01-18 11:27:54,2026-01-17T18:02:00+08:00,2026-01-17T18:04:02+08:00,1.2624,103.8024,C,Cloud to Cloud,2026-01-17T18:00:49.803+08:00
2026-01-18 11:27:54,2026-01-17T18:02:00+08:00,2026-01-17T18:04:02+08:00,1.2674,103.8049,C,Cloud to Cloud,2026-01-17T18:00:49.803+08:00
2026-01-18 11:27:54,2026-01-17T18:02:00+08:00,2026-01-17T18:04:02+08:00,1.2622,103.8018,C,Cloud to Cloud,2026-01-17T18:00:49.803+08:00
2026-01-18 11:27:54,2026-01-17T18:02:00+08:00,2026-01-17T18:04:02+08:00,1.2624,103.8029,C,Cloud to Cloud,2026-01-17T18:00:49.804+08:00
2026-01-18 11:27:54,2026-01-17T18:02:00+08:00,2026-01-17T18:04:02+08:00,1.2643,103.8038,C,Cloud to Cloud,2026-01-17T18:00:49.804+08:00
2026-01-18 11:27:54,2026-01-17T18:02:00+08:00,2026-01-17T18:04:02+08:00,1.2625,103.8047,C,Cloud to Cloud,2026-01-17T18:00:49.804+08:00
2026-01-18 11:27:54,2026-01-17T18:02:00+08:00,2026-01-17T18:04:02+08:00,1.2624,103.8051,C,Cloud to Cloud,2026-01-17T18:00:49.804+08:00
2026-01-18 11:27:54,2026-01-17T18:02:00+08:00,2026-01-17T18:04:02+08:00,1.2639,103.8041,C,Cloud to Cloud,2026-01-17T18:00:49.804+08:00
2026-01-18 11:27:54,2026-01-17T18:02:00+08:00,2026-01-17T18:04:02+08:00,1.2619,103.8047,C,Cloud to Cloud,2026-01-17T18:00:49.804+08:00
2026-01-18 11:27:54,2026-01-17T18:02:00+08:00,2026-01-17T18:04:02+08:00,1.2635,103.8066,C,Cloud to Cloud,2026-01-17T18:00:49.804+08:00
2026-01-18 11:27:54,2026-01-17T18:02:00+08:00,2026-01-17T18:04:02+08:00,1.2626,103.8063,C,Cloud to Cloud,2026-01-17T18:00:49.805+08:00
2026-01-18 11:27:54,2026-01-17T18:02:00+08:00,2026-01-17T18:04:02+08:00,1.2647,103.8001,C,Cloud to Cloud,2026-01-17T18:00:49.805+08:00
2026-01-18 11:27:54,2026-01-17T18:02:00+08:00,2026-01-17T18:04:02+08:00,1.2629,103.8068,C,Cloud to Cloud,2026-01-17T18:00:49.805+08:00
2026-01-18 11:27:54,2026-01-17T18:02:00+08:00,2026-01-17T18:04:02+08:00,1.2663,103.8029,C,Cloud to Cloud,2026-01-17T18:00:49.805+08:00
2026-01-18 11:27:54,2026-01-17T18:02:00+08:00,2026-01-17T18:04:02+08:00,1.2629,103.8054,C,Cloud to Cloud,2026-01-17T18:00:49.805+08:00
2026-01-18 11:27:54,2026-01-17T18:02:00+08:00,2026-01-17T18:04:02+08:00,1.2634,103.8051,C,Cloud to Cloud,2026-01-17T18:00:49.806+08:00
2026-01-18 11:27:54,2026-01-17T18:02:00+08:00,2026-01-17T18:04:02+08:00,1.2653,103.8043,C,Cloud to Cloud,2026-01-17T18:00:49.806+08:00
2026-01-18 11:27:54,2026-01-17T18:02:00+08:00,2026-01-17T18:04:02+08:00,1.2634,103.8063,C,Cloud to Cloud,2026-01-17T18:00:49.806+08:00
2026-01-18 11:27:54,2026-01-17T18:02:00+08:00,2026-01-17T18:04:02+08:00,1.2624,103.8093,C,Cloud to Cloud,2026-01-17T18:00:49.806+08:00
2026-01-18 11:27:54,2026-01-17T18:02:00+08:00,2026-01-17T18:04:02+08:00,1.2664,103.8026,C,Cloud to Cloud,2026-01-17T18:00:49.806+08:00
2026-01-18 11:27:54,2026-01-17T18:02:00+08:00,2026-01-17T18:04:02+08:00,1.2648,103.8043,C,Cloud to Cloud,2026-01-17T18:00:49.806+08:00
2026-01-18 11:27:54,2026-01-17T18:02:00+08:00,2026-01-17T18:04:02+08:00,1.2654,103.8057,C,Cloud to Cloud,2026-01-17T18:00:49.806+08:00
2026-01-18 11:27:54,2026-01-17T18:02:00+08:00,2026-01-17T18:04:02+08:00,1.2638,103.8057,C,Cloud to Cloud,2026-01-17T18:00:49.807+08:00
2026-01-18 11:27:54,2026-01-17T18:02:00+08:00,2026-01-17T18:04:02+08:00,1.2664,103.8053,C,Cloud to Cloud,2026-01-17T18:00:49.807+08:00
2026-01-18 11:27:54,2026-01-17T18:02:00+08:00,2026-01-17T18:04:02+08:00,1.2616,103.8157,C,Cloud to Cloud,2026-01-17T18:00:49.808+08:00
2026-01-18 11:27:54,2026-01-17T18:02:00+08:00,2026-01-17T18:04:02+08:00,1.2651,103.8109,C,Cloud to Cloud,2026-01-17T18:00:49.81+08:00
2026-01-18 11:27:54,2026-01-17T17:56:00+08:00,2026-01-17T17:58:02+08:00,1.2709,103.8057,C,Cloud to Cloud,2026-01-17T17:54:29.477+08:00
2026-01-18 11:27:54,2026-01-17T17:56:00+08:00,2026-01-17T17:58:02+08:00,1.2696,103.8077,C,Cloud to Cloud,2026-01-17T17:54:29.477+08:00
2026-01-18 11:27:54,2026-01-17T17:56:00+08:00,2026-01-17T17:58:02+08:00,1.2687,103.8105,C,Cloud to Cloud,2026-01-17T17:54:29.477+08:00
2026-01-18 11:27:54,2026-01-17T17:56:00+08:00,2026-01-17T17:58:02+08:00,1.2686,103.8083,C,Cloud to Cloud,2026-01-17T17:54:29.478+08:00
2026-01-18 11:27:54,2026-01-17T17:56:00+08:00,2026-01-17T17:58:02+08:00,1.2698,103.8086,C,Cloud to Cloud,2026-01-17T17:54:29.478+08:00
2026-01-18 11:27:54,2026-01-17T17:56:00+08:00,2026-01-17T17:58:02+08:00,1.2652,103.8066,C,Cloud to Cloud,2026-01-17T17:54:29.478+08:00
2026-01-18 11:27:54,2026-01-17T17:56:00+08:00,2026-01-17T17:58:02+08:00,1.2697,103.806,C,Cloud to Cloud,2026-01-17T17:54:29.478+08:00
2026-01-18 11:27:54,2026-01-17T17:56:00+08:00,2026-01-17T17:58:02+08:00,1.2669,103.8067,C,Cloud to Cloud,2026-01-17T17:54:29.478+08:00
2026-01-18 11:27:54,2026-01-17T17:56:00+08:00,2026-01-17T17:58:02+08:00,1.2724,103.8078,C,Cloud to Cloud,2026-01-17T17:54:29.478+08:00
2026-01-18 11:27:54,2026-01-17T17:56:00+08:00,2026-01-17T17:58:02+08:00,1.2678,103.8096,C,Cloud to Cloud,2026-01-17T17:54:29.478+08:00
2026-01-18 11:27:54,2026-01-17T17:56:00+08:00,2026-01-17T17:58:02+08:00,1.2672,103.81,C,Cloud to Cloud,2026-01-17T17:54:29.478+08:00
2026-01-18 11:27:54,2026-01-17T17:56:00+08:00,2026-01-17T17:58:02+08:00,1.2692,103.8084,C,Cloud to Cloud,2026-01-17T17:54:29.479+08:00
2026-01-18 11:27:54,2026-01-17T17:56:00+08:00,2026-01-17T17:58:02+08:00,1.2667,103.8089,C,Cloud to Cloud,2026-01-17T17:54:29.479+08:00
2026-01-18 11:27:54,2026-01-17T17:56:00+08:00,2026-01-17T17:58:02+08:00,1.2667,103.8101,C,Cloud to Cloud,2026-01-17T17:54:29.479+08:00
2026-01-18 11:27:54,2026-01-17T17:56:00+08:00,2026-01-17T17:58:02+08:00,1.2635,103.8073,C,Cloud to Cloud,2026-01-17T17:54:29.479+08:00
2026-01-18 11:27:54,2026-01-17T17:56:00+08:00,2026-01-17T17:58:02+08:00,1.2671,103.8091,C,Cloud to Cloud,2026-01-17T17:54:29.479+08:00
2026-01-18 11:27:54,2026-01-17T17:56:00+08:00,2026-01-17T17:58:02+08:00,1.2662,103.8025,C,Cloud to Cloud,2026-01-17T17:54:29.479+08:00
2026-01-18 11:27:54,2026-01-17T17:56:00+08:00,2026-01-17T17:58:02+08:00,1.2677,103.8079,C,Cloud to Cloud,2026-01-17T17:54:29.479+08:00
2026-01-18 11:27:54,2026-01-17T17:56:00+08:00,2026-01-17T17:58:02+08:00,1.2656,103.8062,C,Cloud to Cloud,2026-01-17T17:54:29.48+08:00
2026-01-18 11:27:54,2026-01-17T17:56:00+08:00,2026-01-17T17:58:02+08:00,1.2679,103.8073,C,Cloud to Cloud,2026-01-17T17:54:29.48+08:00
2026-01-18 11:27:54,2026-01-17T17:56:00+08:00,2026-01-17T17:58:02+08:00,1.2697,103.7974,C,Cloud to Cloud,2026-01-17T17:54:29.48+08:00
2026-01-18 11:27:54,2026-01-17T17:56:00+08:00,2026-01-17T17:58:02+08:00,1.2681,103.7986,C,Cloud to Cloud,2026-01-17T17:54:29.48+08:00
2026-01-18 11:27:54,2026-01-17T17:56:00+08:00,2026-01-17T17:58:02+08:00,1.2647,103.8069,C,Cloud to Cloud,2026-01-17T17:54:29.48+08:00
2026-01-18 11:27:54,2026-01-17T17:56:00+08:00,2026-01-17T17:58:02+08:00,1.2659,103.8052,C,Cloud to Cloud,2026-01-17T17:54:29.48+08:00
2026-01-18 11:27:54,2026-01-17T17:56:00+08:00,2026-01-17T17:58:02+08:00,1.2684,103.7959,C,Cloud to Cloud,2026-01-17T17:54:29.481+08:00
2026-01-18 11:27:54,2026-01-17T17:56:00+08:00,2026-01-17T17:58:02+08:00,1.2572,103.8039,C,Cloud to Cloud,2026-01-17T17:54:29.481+08:00
2026-01-18 11:27:54,2026-01-17T17:56:00+08:00,2026-01-17T17:58:02+08:00,1.2623,103.8014,C,Cloud to Cloud,2026-01-17T17:54:29.482+08:00
2026-01-18 11:27:54,2026-01-17T17:56:00+08:00,2026-01-17T17:58:02+08:00,1.2672,103.8092,C,Cloud to Cloud,2026-01-17T17:54:29.482+08:00
2026-01-18 11:27:54,2026-01-17T17:56:00+08:00,2026-01-17T17:58:02+08:00,1.2612,103.806,C,Cloud to Cloud,2026-01-17T17:54:29.482+08:00
2026-01-18 11:27:54,2026-01-17T17:56:00+08:00,2026-01-17T17:58:02+08:00,1.2635,103.796,C,Cloud to Cloud,2026-01-17T17:54:29.482+08:00
2026-01-18 11:27:54,2026-01-17T17:56:00+08:00,2026-01-17T17:58:02+08:00,1.2608,103.7993,C,Cloud to Cloud,2026-01-17T17:54:29.482+08:00
2026-01-18 11:27:54,2026-01-17T17:56:00+08:00,2026-01-17T17:58:02+08:00,1.2705,103.8081,C,Cloud to Cloud,2026-01-17T17:54:29.483+08:00
2026-01-18 11:27:54,2026-01-17T17:56:00+08:00,2026-01-17T17:58:02+08:00,1.2608,103.8011,C,Cloud to Cloud,2026-01-17T17:54:29.483+08:00
2026-01-18 11:27:54,2026-01-17T17:56:00+08:00,2026-01-17T17:58:02+08:00,1.2604,103.8037,C,Cloud to Cloud,2026-01-17T17:54:29.483+08:00
2026-01-18 11:27:54,2026-01-17T17:56:00+08:00,2026-01-17T17:58:02+08:00,1.2663,103.8104,C,Cloud to Cloud,2026-01-17T17:54:29.485+08:00
2026-01-18 11:27:54,2026-01-17T17:56:00+08:00,2026-01-17T17:58:02+08:00,1.2518,103.8092,C,Cloud to Cloud,2026-01-17T17:54:29.486+08:00
2026-01-18 11:27:54,2026-01-17T17:56:00+08:00,2026-01-17T17:58:02+08:00,1.2709,103.8071,C,Cloud to Cloud,2026-01-17T17:54:29.5+08:00
2026-01-18 11:27:54,2026-01-17T17:56:00+08:00,2026-01-17T17:58:02+08:00,1.269,103.8099,C,Cloud to Cloud,2026-01-17T17:54:29.5+08:00
2026-01-18 11:27:54,2026-01-17T17:56:00+08:00,2026-01-17T17:58:02+08:00,1.27,103.8114,C,Cloud to Cloud,2026-01-17T17:54:29.5+08:00
2026-01-18 11:27:54,2026-01-17T17:56:00+08:00,2026-01-17T17:58:02+08:00,1.2757,103.8063,C,Cloud to Cloud,2026-01-17T17:54:29.501+08:00
2026-01-18 11:27:54,2026-01-17T17:56:00+08:00,2026-01-17T17:58:02+08:00,1.2783,103.8105,C,Cloud to Cloud,2026-01-17T17:54:29.504+08:00
2026-01-18 11:27:54,2026-01-17T17:56:00+08:00,2026-01-17T17:58:02+08:00,1.2668,103.808,C,Cloud to Cloud,2026-01-17T17:54:29.526+08:00
2026-01-18 11:27:54,2026-01-17T17:56:00+08:00,2026-01-17T17:58:02+08:00,1.2692,103.8056,C,Cloud to Cloud,2026-01-17T17:54:29.527+08:00
2026-01-18 11:27:54,2026-01-17T17:56:00+08:00,2026-01-17T17:58:02+08:00,1.2873,103.8149,C,Cloud to Cloud,2026-01-17T17:54:29.558+08:00
2026-01-18 11:27:54,2026-01-17T17:56:00+08:00,2026-01-17T17:58:02+08:00,1.2873,103.8149,C,Cloud to Cloud,2026-01-17T17:54:29.558+08:00
2026-01-18 11:27:54,2026-01-17T17:56:00+08:00,2026-01-17T17:58:02+08:00,1.2821,103.8172,C,Cloud to Cloud,2026-01-17T17:54:29.561+08:00
2026-01-18 11:27:54,2026-01-17T17:56:00+08:00,2026-01-17T17:58:02+08:00,1.2773,103.7914,C,Cloud to Cloud,2026-01-17T17:54:29.565+08:00
2026-01-18 11:27:54,2026-01-17T17:56:00+08:00,2026-01-17T17:58:02+08:00,1.2901,103.7905,C,Cloud to Cloud,2026-01-17T17:54:29.565+08:00
2026-01-18 11:27:54,2026-01-17T17:56:00+08:00,2026-01-17T17:58:02+08:00,1.2816,103.7901,C,Cloud to Cloud,2026-01-17T17:54:29.567+08:00
2026-01-18 11:27:54,2026-01-17T17:56:00+08:00,2026-01-17T17:58:02+08:00,1.2863,103.7891,C,Cloud to Cloud,2026-01-17T17:54:29.567+08:00
2026-01-18 11:27:54,2026-01-17T17:56:00+08:00,2026-01-17T17:58:02+08:00,1.2811,103.7885,C,Cloud to Cloud,2026-01-17T17:54:29.567+08:00
2026-01-18 11:27:54,2026-01-17T17:56:00+08:00,2026-01-17T17:58:02+08:00,1.2824,103.7927,C,Cloud to Cloud,2026-01-17T17:54:29.567+08:00
2026-01-18 11:27:54,2026-01-17T17:56:00+08:00,2026-01-17T17:58:02+08:00,1.2823,103.7872,C,Cloud to Cloud,2026-01-17T17:54:29.569+08:00
2026-01-18 11:27:54,2026-01-17T17:56:00+08:00,2026-01-17T17:58:02+08:00,1.273,103.7874,C,Cloud to Cloud,2026-01-17T17:54:29.569+08:00
2026-01-18 11:27:54,2026-01-17T17:56:00+08:00,2026-01-17T17:58:02+08:00,1.283,103.8409,C,Cloud to Cloud,2026-01-17T17:54:29.569+08:00
2026-01-18 11:27:54,2026-01-17T17:56:00+08:00,2026-01-17T17:58:02+08:00,1.2792,103.8099,C,Cloud to Cloud,2026-01-17T17:54:29.603+08:00
2026-01-18 11:27:54,2026-01-17T17:56:00+08:00,2026-01-17T17:58:02+08:00,1.2561,103.7977,C,Cloud to Cloud,2026-01-17T17:54:29.605+08:00
2026-01-18 11:27:54,2026-01-17T17:52:00+08:00,2026-01-17T17:54:02+08:00,1.2717,103.8054,C,Cloud to Cloud,2026-01-17T17:50:28.66+08:00
2026-01-18 11:27:54,2026-01-17T17:52:00+08:00,2026-01-17T17:54:02+08:00,1.271,103.7988,C,Cloud to Cloud,2026-01-17T17:50:28.66+08:00
2026-01-18 11:27:54,2026-01-17T17:52:00+08:00,2026-01-17T17:54:02+08:00,1.2794,103.7794,C,Cloud to Cloud,2026-01-17T17:50:28.66+08:00
2026-01-18 11:27:54,2026-01-17T17:52:00+08:00,2026-01-17T17:54:02+08:00,1.2688,103.809,C,Cloud to Cloud,2026-01-17T17:50:28.661+08:00
2026-01-18 11:27:54,2026-01-17T17:52:00+08:00,2026-01-17T17:54:02+08:00,1.272,103.8053,C,Cloud to Cloud,2026-01-17T17:50:28.661+08:00
2026-01-18 11:27:54,2026-01-17T17:52:00+08:00,2026-01-17T17:54:02+08:00,1.2726,103.8044,C,Cloud to Cloud,2026-01-17T17:50:28.662+08:00
2026-01-18 11:27:54,2026-01-17T17:52:00+08:00,2026-01-17T17:54:02+08:00,1.2815,103.8119,C,Cloud to Cloud,2026-01-17T17:50:28.662+08:00
2026-01-18 11:27:54,2026-01-17T17:52:00+08:00,2026-01-17T17:54:02+08:00,1.2722,103.8073,C,Cloud to Cloud,2026-01-17T17:50:28.662+08:00
2026-01-18 11:27:54,2026-01-17T17:52:00+08:00,2026-01-17T17:54:02+08:00,1.2734,103.8046,C,Cloud to Cloud,2026-01-17T17:50:28.663+08:00
2026-01-18 11:27:54,2026-01-17T17:52:00+08:00,2026-01-17T17:54:02+08:00,1.2475,103.7783,C,Cloud to Cloud,2026-01-17T17:50:28.663+08:00
2026-01-18 11:27:54,2026-01-17T17:52:00+08:00,2026-01-17T17:54:02+08:00,1.275,103.8024,C,Cloud to Cloud,2026-01-17T17:50:28.663+08:00
2026-01-18 11:27:54,2026-01-17T17:52:00+08:00,2026-01-17T17:54:02+08:00,1.2744,103.8046,C,Cloud to Cloud,2026-01-17T17:50:28.664+08:00
2026-01-18 11:27:54,2026-01-17T17:52:00+08:00,2026-01-17T17:54:02+08:00,1.276,103.8046,C,Cloud to Cloud,2026-01-17T17:50:28.664+08:00
2026-01-18 11:27:54,2026-01-17T17:52:00+08:00,2026-01-17T17:54:02+08:00,1.2802,103.8007,C,Cloud to Cloud,2026-01-17T17:50:28.665+08:00
2026-01-18 11:27:54,2026-01-17T17:52:00+08:00,2026-01-17T17:54:02+08:00,1.2731,103.8061,C,Cloud to Cloud,2026-01-17T17:50:28.665+08:00
2026-01-18 11:27:54,2026-01-17T17:52:00+08:00,2026-01-17T17:54:02+08:00,1.2761,103.8023,C,Cloud to Cloud,2026-01-17T17:50:28.665+08:00
2026-01-18 11:27:54,2026-01-17T17:52:00+08:00,2026-01-17T17:54:02+08:00,1.2747,103.8061,C,Cloud to Cloud,2026-01-17T17:50:28.665+08:00
2026-01-18 11:27:54,2026-01-17T17:52:00+08:00,2026-01-17T17:54:02+08:00,1.2792,103.8064,C,Cloud to Cloud,2026-01-17T17:50:28.666+08:00
2026-01-18 11:27:54,2026-01-17T17:52:00+08:00,2026-01-17T17:54:02+08:00,1.2797,103.8044,C,Cloud to Cloud,2026-01-17T17:50:28.667+08:00
2026-01-18 11:27:54,2026-01-17T17:52:00+08:00,2026-01-17T17:54:02+08:00,1.2689,103.8058,C,Cloud to Cloud,2026-01-17T17:50:28.667+08:00
2026-01-18 11:27:54,2026-01-17T17:52:00+08:00,2026-01-17T17:54:02+08:00,1.2195,103.8358,C,Cloud to Cloud,2026-01-17T17:50:28.669+08:00
2026-01-18 11:27:54,2026-01-17T17:52:00+08:00,2026-01-17T17:54:02+08:00,1.3158,103.8302,C,Cloud to Cloud,2026-01-17T17:50:28.676+08:00
2026-01-18 11:27:54,2026-01-17T17:52:00+08:00,2026-01-17T17:54:02+08:00,1.2594,103.7755,C,Cloud to Cloud,2026-01-17T17:50:28.73+08:00
2026-01-18 11:27:54,2026-01-17T17:52:00+08:00,2026-01-17T17:54:02+08:00,1.2863,103.81,C,Cloud to Cloud,2026-01-17T17:51:38.244+08:00
2026-01-18 11:27:54,2026-01-17T17:52:00+08:00,2026-01-17T17:54:02+08:00,1.2546,103.7863,C,Cloud to Cloud,2026-01-17T17:51:38.244+08:00
2026-01-18 11:27:54,2026-01-17T17:52:00+08:00,2026-01-17T17:54:02+08:00,1.2834,103.8105,C,Cloud to Cloud,2026-01-17T17:51:38.244+08:00
2026-01-18 11:27:54,2026-01-17T17:52:00+08:00,2026-01-17T17:54:02+08:00,1.2698,103.7913,C,Cloud to Cloud,2026-01-17T17:51:38.272+08:00
2026-01-18 11:27:54,2026-01-17T17:52:00+08:00,2026-01-17T17:54:02+08:00,1.2678,103.7956,C,Cloud to Cloud,2026-01-17T17:51:38.286+08:00
2026-01-18 11:27:54,2026-01-17T17:52:00+08:00,2026-01-17T17:54:02+08:00,1.2632,103.7927,C,Cloud to Cloud,2026-01-17T17:51:38.298+08:00
2026-01-18 11:27:54,2026-01-17T17:52:00+08:00,2026-01-17T17:54:02+08:00,1.261,103.7949,C,Cloud to Cloud,2026-01-17T17:51:38.3+08:00
2026-01-18 11:27:54,2026-01-17T17:52:00+08:00,2026-01-17T17:54:02+08:00,1.2741,103.794,C,Cloud to Cloud,2026-01-17T17:51:38.3+08:00
2026-01-18 11:27:54,2026-01-17T17:52:00+08:00,2026-01-17T17:54:02+08:00,1.2605,103.8059,C,Cloud to Cloud,2026-01-17T17:51:38.324+08:00
2026-01-18 11:27:54,2026-01-17T17:52:00+08:00,2026-01-17T17:54:02+08:00,1.2601,103.8022,C,Cloud to Cloud,2026-01-17T17:51:38.324+08:00
2026-01-18 11:27:54,2026-01-17T17:52:00+08:00,2026-01-17T17:54:02+08:00,1.2699,103.8147,C,Cloud to Cloud,2026-01-17T17:51:38.337+08:00
2026-01-18 11:27:54,2026-01-17T17:52:00+08:00,2026-01-17T17:54:02+08:00,1.2864,103.8117,C,Cloud to Cloud,2026-01-17T17:51:38.371+08:00
2026-01-18 11:27:54,2026-01-17T17:52:00+08:00,2026-01-17T17:54:02+08:00,1.2864,103.8117,C,Cloud to Cloud,2026-01-17T17:51:38.371+08:00
2026-01-18 11:27:54,2026-01-17T17:52:00+08:00,2026-01-17T17:54:02+08:00,1.2908,103.8109,C,Cloud to Cloud,2026-01-17T17:51:38.372+08:00
2026-01-18 11:27:54,2026-01-17T17:52:00+08:00,2026-01-17T17:54:02+08:00,1.2929,103.8111,C,Cloud to Cloud,2026-01-17T17:51:38.372+08:00
2026-01-18 11:27:54,2026-01-17T17:52:00+08:00,2026-01-17T17:54:02+08:00,1.2767,103.796,C,Cloud to Cloud,2026-01-17T17:51:38.402+08:00
2026-01-18 11:27:54,2026-01-17T17:52:00+08:00,2026-01-17T17:54:02+08:00,1.275,103.803,C,Cloud to Cloud,2026-01-17T17:51:38.402+08:00
2026-01-18 11:27:54,2026-01-17T17:52:00+08:00,2026-01-17T17:54:02+08:00,1.2556,103.8029,C,Cloud to Cloud,2026-01-17T17:51:38.404+08:00
2026-01-18 11:27:54,2026-01-17T17:50:00+08:00,2026-01-17T17:52:02+08:00,1.2739,103.7988,C,Cloud to Cloud,2026-01-17T17:48:44.035+08:00
2026-01-18 11:27:54,2026-01-17T17:50:00+08:00,2026-01-17T17:52:02+08:00,1.2727,103.7995,C,Cloud to Cloud,2026-01-17T17:48:44.036+08:00
2026-01-18 11:27:54,2026-01-17T17:50:00+08:00,2026-01-17T17:52:02+08:00,1.2731,103.7984,C,Cloud to Cloud,2026-01-17T17:48:44.036+08:00
2026-01-18 11:27:54,2026-01-17T17:50:00+08:00,2026-01-17T17:52:02+08:00,1.2733,103.7974,C,Cloud to Cloud,2026-01-17T17:48:44.036+08:00
2026-01-18 11:27:54,2026-01-17T17:50:00+08:00,2026-01-17T17:52:02+08:00,1.2708,103.7999,C,Cloud to Cloud,2026-01-17T17:48:44.037+08:00
2026-01-18 11:27:54,2026-01-17T17:50:00+08:00,2026-01-17T17:52:02+08:00,1.2707,103.8025,C,Cloud to Cloud,2026-01-17T17:48:44.037+08:00
2026-01-18 11:27:54,2026-01-17T17:50:00+08:00,2026-01-17T17:52:02+08:00,1.2712,103.8039,C,Cloud to Cloud,2026-01-17T17:48:44.037+08:00
2026-01-18 11:27:54,2026-01-17T17:50:00+08:00,2026-01-17T17:52:02+08:00,1.2706,103.804,C,Cloud to Cloud,2026-01-17T17:48:44.037+08:00
2026-01-18 11:27:54,2026-01-17T17:50:00+08:00,2026-01-17T17:52:02+08:00,1.2629,103.7831,C,Cloud to Cloud,2026-01-17T17:48:44.037+08:00
2026-01-18 11:27:54,2026-01-17T17:50:00+08:00,2026-01-17T17:52:02+08:00,1.2686,103.8056,C,Cloud to Cloud,2026-01-17T17:48:44.037+08:00
2026-01-18 11:27:54,2026-01-17T17:50:00+08:00,2026-01-17T17:52:02+08:00,1.2678,103.8039,C,Cloud to Cloud,2026-01-17T17:48:44.037+08:00
2026-01-18 11:27:54,2026-01-17T17:50:00+08:00,2026-01-17T17:52:02+08:00,1.2719,103.8039,C,Cloud to Cloud,2026-01-17T17:48:44.038+08:00
2026-01-18 11:27:54,2026-01-17T17:50:00+08:00,2026-01-17T17:52:02+08:00,1.2585,103.7993,C,Cloud to Cloud,2026-01-17T17:48:44.038+08:00
2026-01-18 11:27:54,2026-01-17T17:50:00+08:00,2026-01-17T17:52:02+08:00,1.2742,103.802,C,Cloud to Cloud,2026-01-17T17:48:44.038+08:00
2026-01-18 11:27:54,2026-01-17T17:50:00+08:00,2026-01-17T17:52:02+08:00,1.2671,103.8037,C,Cloud to Cloud,2026-01-17T17:48:44.038+08:00
2026-01-18 11:27:54,2026-01-17T17:50:00+08:00,2026-01-17T17:52:02+08:00,1.2724,103.7763,C,Cloud to Cloud,2026-01-17T17:48:44.038+08:00
2026-01-18 11:27:54,2026-01-17T17:50:00+08:00,2026-01-17T17:52:02+08:00,1.2744,103.8028,C,Cloud to Cloud,2026-01-17T17:48:44.038+08:00
2026-01-18 11:27:54,2026-01-17T17:50:00+08:00,2026-01-17T17:52:02+08:00,1.2653,103.8024,C,Cloud to Cloud,2026-01-17T17:48:44.04+08:00
2026-01-18 11:27:54,2026-01-17T17:50:00+08:00,2026-01-17T17:52:02+08:00,1.2594,103.8013,C,Cloud to Cloud,2026-01-17T17:48:44.041+08:00
2026-01-18 11:27:54,2026-01-17T17:50:00+08:00,2026-01-17T17:52:02+08:00,1.2692,103.8003,C,Cloud to Cloud,2026-01-17T17:48:44.041+08:00
2026-01-18 11:27:54,2026-01-17T17:50:00+08:00,2026-01-17T17:52:02+08:00,1.2589,103.7968,C,Cloud to Cloud,2026-01-17T17:48:44.045+08:00
2026-01-18 11:27:54,2026-01-17T17:50:00+08:00,2026-01-17T17:52:02+08:00,1.2843,103.7717,C,Cloud to Cloud,2026-01-17T17:48:44.045+08:00
2026-01-18 11:27:54,2026-01-17T17:50:00+08:00,2026-01-17T17:52:02+08:00,1.2643,103.7938,C,Cloud to Cloud,2026-01-17T17:48:44.046+08:00
2026-01-18 11:27:54,2026-01-17T17:50:00+08:00,2026-01-17T17:52:02+08:00,1.2759,103.7906,C,Cloud to Cloud,2026-01-17T17:48:44.052+08:00
2026-01-18 11:27:54,2026-01-17T17:50:00+08:00,2026-01-17T17:52:02+08:00,1.2839,103.7902,C,Cloud to Cloud,2026-01-17T17:48:44.052+08:00
2026-01-18 11:27:54,2026-01-17T17:50:00+08:00,2026-01-17T17:52:02+08:00,1.2655,103.7906,C,Cloud to Cloud,2026-01-17T17:48:44.055+08:00
2026-01-18 11:27:54,2026-01-17T17:50:00+08:00,2026-01-17T17:52:02+08:00,1.2653,103.7891,C,Cloud to Cloud,2026-01-17T17:48:44.055+08:00
2026-01-18 11:27:54,2026-01-17T17:50:00+08:00,2026-01-17T17:52:02+08:00,1.268,103.7868,C,Cloud to Cloud,2026-01-17T17:48:44.056+08:00
2026-01-18 11:27:54,2026-01-17T17:50:00+08:00,2026-01-17T17:52:02+08:00,1.2749,103.7855,C,Cloud to Cloud,2026-01-17T17:48:44.064+08:00
2026-01-18 11:27:54,2026-01-17T17:50:00+08:00,2026-01-17T17:52:02+08:00,1.2959,103.7834,C,Cloud to Cloud,2026-01-17T17:48:44.069+08:00
2026-01-18 11:27:54,2026-01-17T17:50:00+08:00,2026-01-17T17:52:02+08:00,1.2885,103.8015,C,Cloud to Cloud,2026-01-17T17:49:32.042+08:00
2026-01-18 11:27:54,2026-01-17T17:50:00+08:00,2026-01-17T17:52:02+08:00,1.2868,103.802,C,Cloud to Cloud,2026-01-17T17:49:32.043+08:00
2026-01-18 11:27:54,2026-01-17T17:50:00+08:00,2026-01-17T17:52:02+08:00,1.2741,103.803,C,Cloud to Cloud,2026-01-17T17:49:32.043+08:00
2026-01-18 11:27:54,2026-01-17T17:50:00+08:00,2026-01-17T17:52:02+08:00,1.2863,103.8034,C,Cloud to Cloud,2026-01-17T17:49:32.043+08:00
2026-01-18 11:27:54,2026-01-17T17:50:00+08:00,2026-01-17T17:52:02+08:00,1.2687,103.7953,C,Cloud to Cloud,2026-01-17T17:49:32.043+08:00
2026-01-18 11:27:54,2026-01-17T17:50:00+08:00,2026-01-17T17:52:02+08:00,1.2834,103.8017,C,Cloud to Cloud,2026-01-17T17:49:32.043+08:00
2026-01-18 11:27:54,2026-01-17T17:50:00+08:00,2026-01-17T17:52:02+08:00,1.2894,103.7995,C,Cloud to Cloud,2026-01-17T17:49:32.044+08:00
2026-01-18 11:27:54,2026-01-17T17:50:00+08:00,2026-01-17T17:52:02+08:00,1.2909,103.815,C,Cloud to Cloud,2026-01-17T17:49:32.044+08:00
2026-01-18 11:27:54,2026-01-17T17:50:00+08:00,2026-01-17T17:52:02+08:00,1.3022,103.8287,C,Cloud to Cloud,2026-01-17T17:49:32.044+08:00
2026-01-18 11:27:54,2026-01-17T17:48:00+08:00,2026-01-17T17:50:02+08:00,1.2788,103.7891,C,Cloud to Cloud,2026-01-17T17:46:43.706+08:00
2026-01-18 11:27:54,2026-01-17T17:48:00+08:00,2026-01-17T17:50:02+08:00,1.2767,103.7895,C,Cloud to Cloud,2026-01-17T17:46:43.706+08:00
2026-01-18 11:27:54,2026-01-17T17:48:00+08:00,2026-01-17T17:50:02+08:00,1.2803,103.7905,C,Cloud to Cloud,2026-01-17T17:46:43.706+08:00
2026-01-18 11:27:54,2026-01-17T17:48:00+08:00,2026-01-17T17:50:02+08:00,1.2776,103.7892,C,Cloud to Cloud,2026-01-17T17:46:43.706+08:00
2026-01-18 11:27:54,2026-01-17T17:48:00+08:00,2026-01-17T17:50:02+08:00,1.2442,103.7581,C,Cloud to Cloud,2026-01-17T17:46:43.706+08:00
2026-01-18 11:27:54,2026-01-17T17:48:00+08:00,2026-01-17T17:50:02+08:00,1.2804,103.7933,C,Cloud to Cloud,2026-01-17T17:46:43.707+08:00
2026-01-18 11:27:54,2026-01-17T17:48:00+08:00,2026-01-17T17:50:02+08:00,1.2757,103.7932,C,Cloud to Cloud,2026-01-17T17:46:43.707+08:00
2026-01-18 11:27:54,2026-01-17T17:48:00+08:00,2026-01-17T17:50:02+08:00,1.3282,103.8381,C,Cloud to Cloud,2026-01-17T17:46:43.711+08:00
2026-01-18 11:27:54,2026-01-17T17:48:00+08:00,2026-01-17T17:50:02+08:00,1.2834,103.7968,C,Cloud to Cloud,2026-01-17T17:46:43.775+08:00
2026-01-18 11:27:54,2026-01-17T17:48:00+08:00,2026-01-17T17:50:02+08:00,1.2761,103.7894,C,Cloud to Cloud,2026-01-17T17:47:34.924+08:00
2026-01-18 11:27:54,2026-01-17T17:48:00+08:00,2026-01-17T17:50:02+08:00,1.2638,103.7889,C,Cloud to Cloud,2026-01-17T17:47:34.938+08:00
2026-01-18 11:27:54,2026-01-17T17:48:00+08:00,2026-01-17T17:50:02+08:00,1.2672,103.7888,C,Cloud to Cloud,2026-01-17T17:47:34.938+08:00
2026-01-18 11:27:54,2026-01-17T17:48:00+08:00,2026-01-17T17:50:02+08:00,1.3378,103.8477,C,Cloud to Cloud,2026-01-17T17:47:34.938+08:00
2026-01-18 11:27:54,2026-01-17T17:46:00+08:00,2026-01-17T17:48:02+08:00,1.2782,103.7894,C,Cloud to Cloud,2026-01-17T17:45:52.872+08:00
2026-01-18 11:27:54,2026-01-17T17:46:00+08:00,2026-01-17T17:48:02+08:00,1.2746,103.7915,C,Cloud to Cloud,2026-01-17T17:45:52.873+08:00
2026-01-18 11:27:54,2026-01-17T17:46:00+08:00,2026-01-17T17:48:02+08:00,1.2718,103.7841,C,Cloud to Cloud,2026-01-17T17:45:52.873+08:00
2026-01-18 11:27:54,2026-01-17T17:46:00+08:00,2026-01-17T17:48:02+08:00,1.2692,103.7917,C,Cloud to Cloud,2026-01-17T17:45:52.873+08:00
2026-01-18 11:27:54,2026-01-17T17:46:00+08:00,2026-01-17T17:48:02+08:00,1.2704,103.7909,C,Cloud to Cloud,2026-01-17T17:45:52.873+08:00
2026-01-18 11:27:54,2026-01-17T17:46:00+08:00,2026-01-17T17:48:02+08:00,1.2721,103.7888,C,Cloud to Cloud,2026-01-17T17:45:52.874+08:00
2026-01-18 11:27:54,2026-01-17T17:46:00+08:00,2026-01-17T17:48:02+08:00,1.267,103.7788,C,Cloud to Cloud,2026-01-17T17:45:52.879+08:00
2026-01-18 11:27:54,2026-01-17T17:46:00+08:00,2026-01-17T17:48:02+08:00,1.2512,103.8333,C,Cloud to Cloud,2026-01-17T17:45:52.879+08:00
2026-01-18 11:27:54,2026-01-17T17:46:00+08:00,2026-01-17T17:48:02+08:00,1.2706,103.7825,C,Cloud to Cloud,2026-01-17T17:45:52.88+08:00
2026-01-18 11:27:54,2026-01-17T17:46:00+08:00,2026-01-17T17:48:02+08:00,1.2678,103.7825,C,Cloud to Cloud,2026-01-17T17:45:52.88+08:00
2026-01-18 11:27:54,2026-01-17T17:46:00+08:00,2026-01-17T17:48:02+08:00,1.2597,103.7816,C,Cloud to Cloud,2026-01-17T17:45:52.881+08:00
2026-01-18 11:27:54,2026-01-17T17:46:00+08:00,2026-01-17T17:48:02+08:00,1.2321,103.8593,C,Cloud to Cloud,2026-01-17T17:45:52.881+08:00
2026-01-18 11:27:54,2026-01-17T17:46:00+08:00,2026-01-17T17:48:02+08:00,1.2769,103.7849,C,Cloud to Cloud,2026-01-17T17:45:52.885+08:00
2026-01-18 11:27:54,2026-01-17T17:46:00+08:00,2026-01-17T17:48:02+08:00,1.2549,103.7205,C,Cloud to Cloud,2026-01-17T17:45:52.947+08:00
