fetch_time,observation_window,data_updated,latitude,longitude,strike_type,description,strike_time
2025-08-09 11:14:24,2025-08-08T20:04:00+08:00,2025-08-08T20:06:02+08:00,1.5554,103.7049,C,Cloud to Cloud,2025-08-08T20:02:56.495+08:00
2025-08-09 11:14:25,2025-08-08T18:26:00+08:00,2025-08-08T18:28:03+08:00,1.4648,103.2846,C,Cloud to Cloud,2025-08-08T18:25:18.018+08:00
2025-08-09 11:14:25,2025-08-08T18:26:00+08:00,2025-08-08T18:28:03+08:00,1.4656,103.3078,C,Cloud to Cloud,2025-08-08T18:25:18.018+08:00
2025-08-09 11:14:26,2025-08-08T17:56:00+08:00,2025-08-08T17:58:02+08:00,1.5983,103.6301,C,Cloud to Cloud,2025-08-08T17:54:16.901+08:00
2025-08-09 11:14:26,2025-08-08T17:54:00+08:00,2025-08-08T17:56:02+08:00,1.5899,103.6301,C,Cloud to Cloud,2025-08-08T17:52:16.799+08:00
2025-08-09 11:14:26,2025-08-08T17:54:00+08:00,2025-08-08T17:56:02+08:00,1.616,103.6068,C,Cloud to Cloud,2025-08-08T17:52:16.799+08:00
2025-08-09 11:14:26,2025-08-08T17:22:00+08:00,2025-08-08T17:24:02+08:00,1.3026,103.4242,G,Cloud to Ground,2025-08-08T17:21:55.54+08:00
2025-08-09 11:14:26,2025-08-08T17:20:00+08:00,2025-08-08T17:22:03+08:00,1.1043,103.6085,C,Cloud to Cloud,2025-08-08T17:19:39.032+08:00
2025-08-09 11:14:26,2025-08-08T17:06:00+08:00,2025-08-08T17:08:02+08:00,1.0608,103.5513,C,Cloud to Cloud,2025-08-08T17:04:12.107+08:00
2025-08-09 11:14:26,2025-08-08T17:06:00+08:00,2025-08-08T17:08:02+08:00,1.042,103.5286,C,Cloud to Cloud,2025-08-08T17:04:12.107+08:00
2025-08-09 11:14:26,2025-08-08T17:04:00+08:00,2025-08-08T17:06:02+08:00,1.3554,103.3087,G,Cloud to Ground,2025-08-08T17:03:09.661+08:00
2025-08-09 11:14:26,2025-08-08T17:00:00+08:00,2025-08-08T17:02:03+08:00,1.0301,103.5183,C,Cloud to Cloud,2025-08-08T16:59:09.119+08:00
2025-08-09 11:14:26,2025-08-08T17:00:00+08:00,2025-08-08T17:02:03+08:00,1.0314,103.5159,C,Cloud to Cloud,2025-08-08T16:59:09.119+08:00
2025-08-09 11:14:26,2025-08-08T16:56:00+08:00,2025-08-08T16:58:02+08:00,1.0661,103.5683,C,Cloud to Cloud,2025-08-08T16:54:27.052+08:00
2025-08-09 11:14:26,2025-08-08T16:54:00+08:00,2025-08-08T16:56:02+08:00,1.429,103.3662,C,Cloud to Cloud,2025-08-08T16:53:23.017+08:00
2025-08-09 11:14:26,2025-08-08T16:54:00+08:00,2025-08-08T16:56:02+08:00,1.4297,103.3588,C,Cloud to Cloud,2025-08-08T16:53:23.017+08:00
2025-08-09 11:14:26,2025-08-08T16:52:00+08:00,2025-08-08T16:54:04+08:00,1.0584,103.5472,C,Cloud to Cloud,2025-08-08T16:50:09.027+08:00
2025-08-09 11:14:26,2025-08-08T16:34:00+08:00,2025-08-08T16:36:02+08:00,1.3463,103.3186,C,Cloud to Cloud,2025-08-08T16:33:14.284+08:00
2025-08-09 11:14:27,2025-08-08T16:10:00+08:00,2025-08-08T16:12:03+08:00,1.2744,103.3108,C,Cloud to Cloud,2025-08-08T16:09:19.388+08:00
2025-08-09 11:14:28,2025-08-08T15:34:00+08:00,2025-08-08T15:36:03+08:00,1.4102,104.0266,C,Cloud to Cloud,2025-08-08T15:33:27.194+08:00
2025-08-09 11:14:28,2025-08-08T15:34:00+08:00,2025-08-08T15:36:03+08:00,1.4099,104.0399,C,Cloud to Cloud,2025-08-08T15:33:27.194+08:00
2025-08-09 11:14:28,2025-08-08T15:32:00+08:00,2025-08-08T15:34:02+08:00,1.1013,103.4663,C,Cloud to Cloud,2025-08-08T15:30:15.562+08:00
2025-08-09 11:14:28,2025-08-08T15:32:00+08:00,2025-08-08T15:34:02+08:00,1.1032,103.4872,C,Cloud to Cloud,2025-08-08T15:30:15.562+08:00
2025-08-09 11:14:28,2025-08-08T15:32:00+08:00,2025-08-08T15:34:02+08:00,1.0905,103.4691,C,Cloud to Cloud,2025-08-08T15:30:15.802+08:00
2025-08-09 11:14:28,2025-08-08T15:32:00+08:00,2025-08-08T15:34:02+08:00,1.088,103.4649,C,Cloud to Cloud,2025-08-08T15:30:15.802+08:00
2025-08-09 11:14:28,2025-08-08T15:32:00+08:00,2025-08-08T15:34:02+08:00,1.1244,103.4619,C,Cloud to Cloud,2025-08-08T15:30:31.289+08:00
2025-08-09 11:14:28,2025-08-08T15:32:00+08:00,2025-08-08T15:34:02+08:00,1.0701,103.4326,C,Cloud to Cloud,2025-08-08T15:30:59.493+08:00
2025-08-09 11:14:28,2025-08-08T15:32:00+08:00,2025-08-08T15:34:02+08:00,1.0602,103.416,C,Cloud to Cloud,2025-08-08T15:30:59.493+08:00
2025-08-09 11:14:28,2025-08-08T15:32:00+08:00,2025-08-08T15:34:02+08:00,1.1145,103.4615,C,Cloud to Cloud,2025-08-08T15:31:56.333+08:00
2025-08-09 11:14:28,2025-08-08T15:30:00+08:00,2025-08-08T15:32:02+08:00,1.463,104.0999,C,Cloud to Cloud,2025-08-08T15:28:13.939+08:00
2025-08-09 11:14:28,2025-08-08T15:30:00+08:00,2025-08-08T15:32:02+08:00,1.4515,104.0602,C,Cloud to Cloud,2025-08-08T15:28:13.939+08:00
2025-08-09 11:14:28,2025-08-08T15:30:00+08:00,2025-08-08T15:32:02+08:00,1.4498,104.0548,C,Cloud to Cloud,2025-08-08T15:28:13.939+08:00
2025-08-09 11:14:28,2025-08-08T15:30:00+08:00,2025-08-08T15:32:02+08:00,1.449,104.0557,C,Cloud to Cloud,2025-08-08T15:28:13.939+08:00
2025-08-09 11:14:28,2025-08-08T15:30:00+08:00,2025-08-08T15:32:02+08:00,1.4403,104.0477,C,Cloud to Cloud,2025-08-08T15:28:13.94+08:00
2025-08-09 11:14:28,2025-08-08T15:30:00+08:00,2025-08-08T15:32:02+08:00,1.4483,104.056,C,Cloud to Cloud,2025-08-08T15:28:13.94+08:00
2025-08-09 11:14:28,2025-08-08T15:30:00+08:00,2025-08-08T15:32:02+08:00,1.4465,104.0552,C,Cloud to Cloud,2025-08-08T15:28:13.94+08:00
2025-08-09 11:14:28,2025-08-08T15:30:00+08:00,2025-08-08T15:32:02+08:00,1.4488,104.0558,C,Cloud to Cloud,2025-08-08T15:28:13.94+08:00
2025-08-09 11:14:28,2025-08-08T15:30:00+08:00,2025-08-08T15:32:02+08:00,1.4484,104.0596,C,Cloud to Cloud,2025-08-08T15:28:13.94+08:00
2025-08-09 11:14:28,2025-08-08T15:30:00+08:00,2025-08-08T15:32:02+08:00,1.4501,104.0606,C,Cloud to Cloud,2025-08-08T15:28:13.94+08:00
2025-08-09 11:14:28,2025-08-08T15:30:00+08:00,2025-08-08T15:32:02+08:00,1.3902,104.0666,C,Cloud to Cloud,2025-08-08T15:28:13.94+08:00
2025-08-09 11:14:28,2025-08-08T15:30:00+08:00,2025-08-08T15:32:02+08:00,1.4373,104.0444,C,Cloud to Cloud,2025-08-08T15:28:13.94+08:00
2025-08-09 11:14:28,2025-08-08T15:30:00+08:00,2025-08-08T15:32:02+08:00,1.449,104.0582,C,Cloud to Cloud,2025-08-08T15:28:13.94+08:00
2025-08-09 11:14:28,2025-08-08T15:30:00+08:00,2025-08-08T15:32:02+08:00,1.4533,104.0691,C,Cloud to Cloud,2025-08-08T15:28:13.94+08:00
2025-08-09 11:14:28,2025-08-08T15:30:00+08:00,2025-08-08T15:32:02+08:00,1.4488,104.0646,C,Cloud to Cloud,2025-08-08T15:28:13.941+08:00
2025-08-09 11:14:28,2025-08-08T15:30:00+08:00,2025-08-08T15:32:02+08:00,1.4536,104.0708,C,Cloud to Cloud,2025-08-08T15:28:13.941+08:00
2025-08-09 11:14:28,2025-08-08T15:30:00+08:00,2025-08-08T15:32:02+08:00,1.4743,104.0907,C,Cloud to Cloud,2025-08-08T15:28:13.941+08:00
2025-08-09 11:14:28,2025-08-08T15:30:00+08:00,2025-08-08T15:32:02+08:00,1.4469,104.0618,C,Cloud to Cloud,2025-08-08T15:28:13.941+08:00
2025-08-09 11:14:28,2025-08-08T15:30:00+08:00,2025-08-08T15:32:02+08:00,1.4324,104.0409,C,Cloud to Cloud,2025-08-08T15:28:13.941+08:00
2025-08-09 11:14:28,2025-08-08T15:30:00+08:00,2025-08-08T15:32:02+08:00,1.446,104.0568,C,Cloud to Cloud,2025-08-08T15:28:13.941+08:00
2025-08-09 11:14:28,2025-08-08T15:30:00+08:00,2025-08-08T15:32:02+08:00,1.4434,104.0527,C,Cloud to Cloud,2025-08-08T15:28:13.941+08:00
2025-08-09 11:14:28,2025-08-08T15:30:00+08:00,2025-08-08T15:32:02+08:00,1.4465,104.0625,C,Cloud to Cloud,2025-08-08T15:28:13.941+08:00
2025-08-09 11:14:28,2025-08-08T15:30:00+08:00,2025-08-08T15:32:02+08:00,1.4644,104.0821,C,Cloud to Cloud,2025-08-08T15:28:13.941+08:00
2025-08-09 11:14:28,2025-08-08T15:30:00+08:00,2025-08-08T15:32:02+08:00,1.4343,104.0428,C,Cloud to Cloud,2025-08-08T15:28:13.941+08:00
2025-08-09 11:14:28,2025-08-08T15:30:00+08:00,2025-08-08T15:32:02+08:00,1.4418,104.0509,C,Cloud to Cloud,2025-08-08T15:28:13.942+08:00
2025-08-09 11:14:28,2025-08-08T15:30:00+08:00,2025-08-08T15:32:02+08:00,1.439,104.0475,C,Cloud to Cloud,2025-08-08T15:28:13.942+08:00
2025-08-09 11:14:28,2025-08-08T15:30:00+08:00,2025-08-08T15:32:02+08:00,1.4384,104.0492,C,Cloud to Cloud,2025-08-08T15:28:13.942+08:00
2025-08-09 11:14:28,2025-08-08T15:30:00+08:00,2025-08-08T15:32:02+08:00,1.4415,104.0521,C,Cloud to Cloud,2025-08-08T15:28:13.942+08:00
2025-08-09 11:14:28,2025-08-08T15:30:00+08:00,2025-08-08T15:32:02+08:00,1.4435,104.057,C,Cloud to Cloud,2025-08-08T15:28:13.942+08:00
2025-08-09 11:14:28,2025-08-08T15:30:00+08:00,2025-08-08T15:32:02+08:00,1.439,104.0495,C,Cloud to Cloud,2025-08-08T15:28:13.942+08:00
2025-08-09 11:14:28,2025-08-08T15:30:00+08:00,2025-08-08T15:32:02+08:00,1.4364,104.0423,C,Cloud to Cloud,2025-08-08T15:28:13.942+08:00
2025-08-09 11:14:28,2025-08-08T15:30:00+08:00,2025-08-08T15:32:02+08:00,1.4345,104.0397,C,Cloud to Cloud,2025-08-08T15:28:13.942+08:00
2025-08-09 11:14:28,2025-08-08T15:30:00+08:00,2025-08-08T15:32:02+08:00,1.4411,104.0398,C,Cloud to Cloud,2025-08-08T15:28:13.942+08:00
2025-08-09 11:14:28,2025-08-08T15:30:00+08:00,2025-08-08T15:32:02+08:00,1.4364,104.0361,C,Cloud to Cloud,2025-08-08T15:28:13.942+08:00
2025-08-09 11:14:28,2025-08-08T15:30:00+08:00,2025-08-08T15:32:02+08:00,1.4323,104.0377,C,Cloud to Cloud,2025-08-08T15:28:13.943+08:00
2025-08-09 11:14:28,2025-08-08T15:30:00+08:00,2025-08-08T15:32:02+08:00,1.4443,104.0483,C,Cloud to Cloud,2025-08-08T15:28:13.943+08:00
2025-08-09 11:14:28,2025-08-08T15:30:00+08:00,2025-08-08T15:32:02+08:00,1.442,104.0424,C,Cloud to Cloud,2025-08-08T15:28:13.943+08:00
2025-08-09 11:14:28,2025-08-08T15:30:00+08:00,2025-08-08T15:32:02+08:00,1.423,104.0337,C,Cloud to Cloud,2025-08-08T15:28:13.943+08:00
2025-08-09 11:14:28,2025-08-08T15:30:00+08:00,2025-08-08T15:32:02+08:00,1.4268,104.0467,C,Cloud to Cloud,2025-08-08T15:28:13.943+08:00
2025-08-09 11:14:28,2025-08-08T15:30:00+08:00,2025-08-08T15:32:02+08:00,1.4433,104.0488,C,Cloud to Cloud,2025-08-08T15:28:13.943+08:00
2025-08-09 11:14:28,2025-08-08T15:30:00+08:00,2025-08-08T15:32:02+08:00,1.4228,104.0337,C,Cloud to Cloud,2025-08-08T15:28:13.943+08:00
2025-08-09 11:14:28,2025-08-08T15:30:00+08:00,2025-08-08T15:32:02+08:00,1.4351,104.0411,C,Cloud to Cloud,2025-08-08T15:28:13.943+08:00
2025-08-09 11:14:28,2025-08-08T15:30:00+08:00,2025-08-08T15:32:02+08:00,1.4225,104.0386,C,Cloud to Cloud,2025-08-08T15:28:13.943+08:00
2025-08-09 11:14:28,2025-08-08T15:30:00+08:00,2025-08-08T15:32:02+08:00,1.4239,104.0386,C,Cloud to Cloud,2025-08-08T15:28:13.943+08:00
2025-08-09 11:14:28,2025-08-08T15:30:00+08:00,2025-08-08T15:32:02+08:00,1.4397,104.0441,C,Cloud to Cloud,2025-08-08T15:28:13.943+08:00
2025-08-09 11:14:28,2025-08-08T15:30:00+08:00,2025-08-08T15:32:02+08:00,1.4339,104.0405,C,Cloud to Cloud,2025-08-08T15:28:13.943+08:00
2025-08-09 11:14:28,2025-08-08T15:30:00+08:00,2025-08-08T15:32:02+08:00,1.4233,104.0345,C,Cloud to Cloud,2025-08-08T15:28:13.943+08:00
2025-08-09 11:14:28,2025-08-08T15:30:00+08:00,2025-08-08T15:32:02+08:00,1.4412,104.0449,C,Cloud to Cloud,2025-08-08T15:28:13.943+08:00
2025-08-09 11:14:28,2025-08-08T15:30:00+08:00,2025-08-08T15:32:02+08:00,1.4393,104.0439,C,Cloud to Cloud,2025-08-08T15:28:13.943+08:00
2025-08-09 11:14:28,2025-08-08T15:30:00+08:00,2025-08-08T15:32:02+08:00,1.4318,104.0375,C,Cloud to Cloud,2025-08-08T15:28:13.943+08:00
2025-08-09 11:14:28,2025-08-08T15:30:00+08:00,2025-08-08T15:32:02+08:00,1.4375,104.04,C,Cloud to Cloud,2025-08-08T15:28:13.944+08:00
2025-08-09 11:14:28,2025-08-08T15:30:00+08:00,2025-08-08T15:32:02+08:00,1.4401,104.0462,C,Cloud to Cloud,2025-08-08T15:28:13.944+08:00
2025-08-09 11:14:28,2025-08-08T15:30:00+08:00,2025-08-08T15:32:02+08:00,1.4386,104.0453,C,Cloud to Cloud,2025-08-08T15:28:13.944+08:00
2025-08-09 11:14:28,2025-08-08T15:30:00+08:00,2025-08-08T15:32:02+08:00,1.4381,104.0439,C,Cloud to Cloud,2025-08-08T15:28:13.944+08:00
2025-08-09 11:14:28,2025-08-08T15:30:00+08:00,2025-08-08T15:32:02+08:00,1.4385,104.042,C,Cloud to Cloud,2025-08-08T15:28:13.944+08:00
2025-08-09 11:14:28,2025-08-08T15:30:00+08:00,2025-08-08T15:32:02+08:00,1.4375,104.0396,C,Cloud to Cloud,2025-08-08T15:28:13.944+08:00
2025-08-09 11:14:28,2025-08-08T15:30:00+08:00,2025-08-08T15:32:02+08:00,1.4359,104.0385,C,Cloud to Cloud,2025-08-08T15:28:13.944+08:00
2025-08-09 11:14:28,2025-08-08T15:30:00+08:00,2025-08-08T15:32:02+08:00,1.4383,104.0417,C,Cloud to Cloud,2025-08-08T15:28:13.944+08:00
2025-08-09 11:14:28,2025-08-08T15:30:00+08:00,2025-08-08T15:32:02+08:00,1.4368,104.0416,C,Cloud to Cloud,2025-08-08T15:28:13.944+08:00
2025-08-09 11:14:28,2025-08-08T15:30:00+08:00,2025-08-08T15:32:02+08:00,1.4354,104.0421,C,Cloud to Cloud,2025-08-08T15:28:13.944+08:00
2025-08-09 11:14:28,2025-08-08T15:30:00+08:00,2025-08-08T15:32:02+08:00,1.4359,104.0428,C,Cloud to Cloud,2025-08-08T15:28:13.945+08:00
2025-08-09 11:14:28,2025-08-08T15:30:00+08:00,2025-08-08T15:32:02+08:00,1.434,104.0398,C,Cloud to Cloud,2025-08-08T15:28:13.945+08:00
2025-08-09 11:14:28,2025-08-08T15:30:00+08:00,2025-08-08T15:32:02+08:00,1.4373,104.042,C,Cloud to Cloud,2025-08-08T15:28:13.945+08:00
2025-08-09 11:14:28,2025-08-08T15:30:00+08:00,2025-08-08T15:32:02+08:00,1.4353,104.0392,C,Cloud to Cloud,2025-08-08T15:28:13.945+08:00
2025-08-09 11:14:28,2025-08-08T15:30:00+08:00,2025-08-08T15:32:02+08:00,1.4361,104.0426,C,Cloud to Cloud,2025-08-08T15:28:13.945+08:00
2025-08-09 11:14:28,2025-08-08T15:30:00+08:00,2025-08-08T15:32:02+08:00,1.4375,104.0417,C,Cloud to Cloud,2025-08-08T15:28:13.945+08:00
2025-08-09 11:14:28,2025-08-08T15:30:00+08:00,2025-08-08T15:32:02+08:00,1.4395,104.039,C,Cloud to Cloud,2025-08-08T15:28:13.946+08:00
2025-08-09 11:14:28,2025-08-08T15:30:00+08:00,2025-08-08T15:32:02+08:00,1.4296,104.0304,C,Cloud to Cloud,2025-08-08T15:28:13.946+08:00
2025-08-09 11:14:28,2025-08-08T15:30:00+08:00,2025-08-08T15:32:02+08:00,1.4375,104.0367,C,Cloud to Cloud,2025-08-08T15:28:13.946+08:00
2025-08-09 11:14:28,2025-08-08T15:30:00+08:00,2025-08-08T15:32:02+08:00,1.438,104.0385,C,Cloud to Cloud,2025-08-08T15:28:13.946+08:00
2025-08-09 11:14:28,2025-08-08T15:30:00+08:00,2025-08-08T15:32:02+08:00,1.4357,104.0356,C,Cloud to Cloud,2025-08-08T15:28:13.946+08:00
2025-08-09 11:14:28,2025-08-08T15:30:00+08:00,2025-08-08T15:32:02+08:00,1.4552,104.0551,C,Cloud to Cloud,2025-08-08T15:28:13.946+08:00
2025-08-09 11:14:28,2025-08-08T15:30:00+08:00,2025-08-08T15:32:02+08:00,1.4374,104.0369,C,Cloud to Cloud,2025-08-08T15:28:13.946+08:00
2025-08-09 11:14:28,2025-08-08T15:30:00+08:00,2025-08-08T15:32:02+08:00,1.4368,104.0371,C,Cloud to Cloud,2025-08-08T15:28:13.946+08:00
2025-08-09 11:14:28,2025-08-08T15:30:00+08:00,2025-08-08T15:32:02+08:00,1.4374,104.0409,C,Cloud to Cloud,2025-08-08T15:28:13.947+08:00
2025-08-09 11:14:28,2025-08-08T15:30:00+08:00,2025-08-08T15:32:02+08:00,1.4299,104.0322,C,Cloud to Cloud,2025-08-08T15:28:13.947+08:00
2025-08-09 11:14:28,2025-08-08T15:30:00+08:00,2025-08-08T15:32:02+08:00,1.4396,104.0405,C,Cloud to Cloud,2025-08-08T15:28:13.947+08:00
2025-08-09 11:14:28,2025-08-08T15:30:00+08:00,2025-08-08T15:32:02+08:00,1.444,104.0446,C,Cloud to Cloud,2025-08-08T15:28:13.947+08:00
2025-08-09 11:14:28,2025-08-08T15:30:00+08:00,2025-08-08T15:32:02+08:00,1.4311,104.0322,C,Cloud to Cloud,2025-08-08T15:28:13.947+08:00
2025-08-09 11:14:28,2025-08-08T15:30:00+08:00,2025-08-08T15:32:02+08:00,1.448,104.0501,C,Cloud to Cloud,2025-08-08T15:28:13.947+08:00
2025-08-09 11:14:28,2025-08-08T15:30:00+08:00,2025-08-08T15:32:02+08:00,1.4422,104.0405,C,Cloud to Cloud,2025-08-08T15:28:13.947+08:00
2025-08-09 11:14:28,2025-08-08T15:30:00+08:00,2025-08-08T15:32:02+08:00,1.4938,104.0837,C,Cloud to Cloud,2025-08-08T15:28:13.947+08:00
2025-08-09 11:14:28,2025-08-08T15:30:00+08:00,2025-08-08T15:32:02+08:00,1.4315,104.0333,C,Cloud to Cloud,2025-08-08T15:28:13.947+08:00
2025-08-09 11:14:28,2025-08-08T15:30:00+08:00,2025-08-08T15:32:02+08:00,1.4279,104.0281,C,Cloud to Cloud,2025-08-08T15:28:13.947+08:00
2025-08-09 11:14:28,2025-08-08T15:30:00+08:00,2025-08-08T15:32:02+08:00,1.4902,104.083,C,Cloud to Cloud,2025-08-08T15:28:13.948+08:00
2025-08-09 11:14:28,2025-08-08T15:30:00+08:00,2025-08-08T15:32:02+08:00,1.4434,104.0416,C,Cloud to Cloud,2025-08-08T15:28:13.948+08:00
2025-08-09 11:14:28,2025-08-08T15:30:00+08:00,2025-08-08T15:32:02+08:00,1.4443,104.0427,C,Cloud to Cloud,2025-08-08T15:28:13.948+08:00
2025-08-09 11:14:28,2025-08-08T15:30:00+08:00,2025-08-08T15:32:02+08:00,1.4326,104.0302,C,Cloud to Cloud,2025-08-08T15:28:13.948+08:00
2025-08-09 11:14:28,2025-08-08T15:30:00+08:00,2025-08-08T15:32:02+08:00,1.479,104.0672,C,Cloud to Cloud,2025-08-08T15:28:13.948+08:00
2025-08-09 11:14:28,2025-08-08T15:30:00+08:00,2025-08-08T15:32:02+08:00,1.4857,104.0722,C,Cloud to Cloud,2025-08-08T15:28:13.948+08:00
2025-08-09 11:14:28,2025-08-08T15:30:00+08:00,2025-08-08T15:32:02+08:00,1.4835,104.0722,C,Cloud to Cloud,2025-08-08T15:28:13.948+08:00
2025-08-09 11:14:28,2025-08-08T15:30:00+08:00,2025-08-08T15:32:02+08:00,1.4312,104.0288,C,Cloud to Cloud,2025-08-08T15:28:13.948+08:00
2025-08-09 11:14:28,2025-08-08T15:30:00+08:00,2025-08-08T15:32:02+08:00,1.4966,104.08,C,Cloud to Cloud,2025-08-08T15:28:13.948+08:00
2025-08-09 11:14:28,2025-08-08T15:30:00+08:00,2025-08-08T15:32:02+08:00,1.4343,104.0146,C,Cloud to Cloud,2025-08-08T15:28:13.949+08:00
2025-08-09 11:14:28,2025-08-08T15:30:00+08:00,2025-08-08T15:32:02+08:00,1.4309,104.0144,C,Cloud to Cloud,2025-08-08T15:28:13.949+08:00
2025-08-09 11:14:28,2025-08-08T15:30:00+08:00,2025-08-08T15:32:02+08:00,1.4359,104.0175,C,Cloud to Cloud,2025-08-08T15:28:13.949+08:00
2025-08-09 11:14:28,2025-08-08T15:30:00+08:00,2025-08-08T15:32:02+08:00,1.4957,104.0781,C,Cloud to Cloud,2025-08-08T15:28:13.949+08:00
2025-08-09 11:14:28,2025-08-08T15:30:00+08:00,2025-08-08T15:32:02+08:00,1.478,104.0624,C,Cloud to Cloud,2025-08-08T15:28:13.949+08:00
2025-08-09 11:14:28,2025-08-08T15:30:00+08:00,2025-08-08T15:32:02+08:00,1.4828,104.0674,C,Cloud to Cloud,2025-08-08T15:28:13.949+08:00
2025-08-09 11:14:28,2025-08-08T15:30:00+08:00,2025-08-08T15:32:02+08:00,1.4811,104.0636,C,Cloud to Cloud,2025-08-08T15:28:13.949+08:00
2025-08-09 11:14:28,2025-08-08T15:30:00+08:00,2025-08-08T15:32:02+08:00,1.5001,104.0794,C,Cloud to Cloud,2025-08-08T15:28:13.95+08:00
2025-08-09 11:14:28,2025-08-08T15:30:00+08:00,2025-08-08T15:32:02+08:00,1.4817,104.0649,C,Cloud to Cloud,2025-08-08T15:28:13.95+08:00
2025-08-09 11:14:28,2025-08-08T15:30:00+08:00,2025-08-08T15:32:02+08:00,1.4963,104.0803,C,Cloud to Cloud,2025-08-08T15:28:13.95+08:00
2025-08-09 11:14:28,2025-08-08T15:30:00+08:00,2025-08-08T15:32:02+08:00,1.4905,104.0733,C,Cloud to Cloud,2025-08-08T15:28:13.95+08:00
2025-08-09 11:14:28,2025-08-08T15:30:00+08:00,2025-08-08T15:32:02+08:00,1.4332,104.031,C,Cloud to Cloud,2025-08-08T15:28:13.954+08:00
2025-08-09 11:14:28,2025-08-08T15:30:00+08:00,2025-08-08T15:32:02+08:00,1.4361,104.035,C,Cloud to Cloud,2025-08-08T15:28:13.954+08:00
2025-08-09 11:14:28,2025-08-08T15:30:00+08:00,2025-08-08T15:32:02+08:00,1.4278,104.0156,G,Cloud to Ground,2025-08-08T15:28:13.954+08:00
2025-08-09 11:14:28,2025-08-08T15:30:00+08:00,2025-08-08T15:32:02+08:00,1.4275,104.0171,C,Cloud to Cloud,2025-08-08T15:28:13.954+08:00
2025-08-09 11:14:28,2025-08-08T15:30:00+08:00,2025-08-08T15:32:02+08:00,1.4561,104.0624,C,Cloud to Cloud,2025-08-08T15:28:13.981+08:00
2025-08-09 11:14:28,2025-08-08T15:30:00+08:00,2025-08-08T15:32:02+08:00,1.4456,104.0707,C,Cloud to Cloud,2025-08-08T15:28:13.981+08:00
2025-08-09 11:14:28,2025-08-08T15:30:00+08:00,2025-08-08T15:32:02+08:00,1.4461,104.0683,C,Cloud to Cloud,2025-08-08T15:28:13.981+08:00
2025-08-09 11:14:28,2025-08-08T15:30:00+08:00,2025-08-08T15:32:02+08:00,1.4428,104.065,C,Cloud to Cloud,2025-08-08T15:28:13.981+08:00
2025-08-09 11:14:28,2025-08-08T15:30:00+08:00,2025-08-08T15:32:02+08:00,1.4344,104.0235,G,Cloud to Ground,2025-08-08T15:28:14.01+08:00
2025-08-09 11:14:28,2025-08-08T15:30:00+08:00,2025-08-08T15:32:02+08:00,1.4459,104.0465,C,Cloud to Cloud,2025-08-08T15:28:14.011+08:00
2025-08-09 11:14:28,2025-08-08T15:30:00+08:00,2025-08-08T15:32:02+08:00,1.4327,104.0419,C,Cloud to Cloud,2025-08-08T15:28:14.011+08:00
2025-08-09 11:14:28,2025-08-08T15:30:00+08:00,2025-08-08T15:32:02+08:00,1.4478,104.0675,C,Cloud to Cloud,2025-08-08T15:28:14.05+08:00
2025-08-09 11:14:28,2025-08-08T15:30:00+08:00,2025-08-08T15:32:02+08:00,1.4384,104.0577,C,Cloud to Cloud,2025-08-08T15:28:14.05+08:00
2025-08-09 11:14:28,2025-08-08T15:30:00+08:00,2025-08-08T15:32:02+08:00,1.4364,104.0383,C,Cloud to Cloud,2025-08-08T15:28:14.071+08:00
2025-08-09 11:14:28,2025-08-08T15:30:00+08:00,2025-08-08T15:32:02+08:00,1.448,104.0451,C,Cloud to Cloud,2025-08-08T15:28:14.071+08:00
2025-08-09 11:14:28,2025-08-08T15:30:00+08:00,2025-08-08T15:32:02+08:00,1.4468,104.0375,C,Cloud to Cloud,2025-08-08T15:28:14.071+08:00
2025-08-09 11:14:28,2025-08-08T15:30:00+08:00,2025-08-08T15:32:02+08:00,1.4357,104.0354,C,Cloud to Cloud,2025-08-08T15:28:14.071+08:00
2025-08-09 11:14:28,2025-08-08T15:30:00+08:00,2025-08-08T15:32:02+08:00,1.4345,104.0335,C,Cloud to Cloud,2025-08-08T15:28:14.071+08:00
2025-08-09 11:14:28,2025-08-08T15:30:00+08:00,2025-08-08T15:32:02+08:00,1.4562,104.0497,C,Cloud to Cloud,2025-08-08T15:28:14.071+08:00
2025-08-09 11:14:28,2025-08-08T15:30:00+08:00,2025-08-08T15:32:02+08:00,1.4372,104.0326,G,Cloud to Ground,2025-08-08T15:28:14.072+08:00
2025-08-09 11:14:28,2025-08-08T15:30:00+08:00,2025-08-08T15:32:02+08:00,1.4545,104.0517,C,Cloud to Cloud,2025-08-08T15:28:14.178+08:00
2025-08-09 11:14:28,2025-08-08T15:30:00+08:00,2025-08-08T15:32:02+08:00,1.449,104.052,C,Cloud to Cloud,2025-08-08T15:28:14.178+08:00
2025-08-09 11:14:28,2025-08-08T15:30:00+08:00,2025-08-08T15:32:02+08:00,1.435,104.021,G,Cloud to Ground,2025-08-08T15:28:14.178+08:00
2025-08-09 11:14:28,2025-08-08T15:30:00+08:00,2025-08-08T15:32:02+08:00,1.4534,104.0274,C,Cloud to Cloud,2025-08-08T15:28:14.179+08:00
2025-08-09 11:14:28,2025-08-08T15:30:00+08:00,2025-08-08T15:32:02+08:00,1.4332,104.0425,C,Cloud to Cloud,2025-08-08T15:28:14.21+08:00
2025-08-09 11:14:28,2025-08-08T15:30:00+08:00,2025-08-08T15:32:02+08:00,1.4512,104.0495,C,Cloud to Cloud,2025-08-08T15:28:14.21+08:00
2025-08-09 11:14:28,2025-08-08T15:30:00+08:00,2025-08-08T15:32:02+08:00,1.4475,104.0411,C,Cloud to Cloud,2025-08-08T15:28:14.21+08:00
2025-08-09 11:14:28,2025-08-08T15:30:00+08:00,2025-08-08T15:32:02+08:00,1.4382,104.0347,G,Cloud to Ground,2025-08-08T15:28:14.21+08:00
2025-08-09 11:14:28,2025-08-08T15:30:00+08:00,2025-08-08T15:32:02+08:00,1.4386,104.0257,C,Cloud to Cloud,2025-08-08T15:28:14.335+08:00
2025-08-09 11:14:28,2025-08-08T15:30:00+08:00,2025-08-08T15:32:02+08:00,1.4318,104.0211,C,Cloud to Cloud,2025-08-08T15:28:14.335+08:00
2025-08-09 11:14:28,2025-08-08T15:30:00+08:00,2025-08-08T15:32:02+08:00,1.4329,104.0217,G,Cloud to Ground,2025-08-08T15:28:14.337+08:00
2025-08-09 11:14:28,2025-08-08T15:30:00+08:00,2025-08-08T15:32:02+08:00,1.0871,103.3685,C,Cloud to Cloud,2025-08-08T15:28:14.8+08:00
2025-08-09 11:14:28,2025-08-08T15:30:00+08:00,2025-08-08T15:32:02+08:00,1.0918,103.4573,C,Cloud to Cloud,2025-08-08T15:28:19.499+08:00
2025-08-09 11:14:28,2025-08-08T15:30:00+08:00,2025-08-08T15:32:02+08:00,1.0929,103.4593,C,Cloud to Cloud,2025-08-08T15:28:19.499+08:00
2025-08-09 11:14:28,2025-08-08T15:30:00+08:00,2025-08-08T15:32:02+08:00,1.1027,103.492,C,Cloud to Cloud,2025-08-08T15:28:32.257+08:00
2025-08-09 11:14:28,2025-08-08T15:30:00+08:00,2025-08-08T15:32:02+08:00,1.0626,103.2819,C,Cloud to Cloud,2025-08-08T15:29:00.628+08:00
2025-08-09 11:14:28,2025-08-08T15:30:00+08:00,2025-08-08T15:32:02+08:00,1.1013,103.474,C,Cloud to Cloud,2025-08-08T15:29:25.473+08:00
2025-08-09 11:14:28,2025-08-08T15:28:00+08:00,2025-08-08T15:30:03+08:00,1.0004,103.3505,C,Cloud to Cloud,2025-08-08T15:26:35.312+08:00
2025-08-09 11:14:28,2025-08-08T15:28:00+08:00,2025-08-08T15:30:03+08:00,1.1308,103.5252,C,Cloud to Cloud,2025-08-08T15:26:41.475+08:00
2025-08-09 11:14:28,2025-08-08T15:28:00+08:00,2025-08-08T15:30:03+08:00,0.9929,103.3467,C,Cloud to Cloud,2025-08-08T15:26:46.887+08:00
2025-08-09 11:14:28,2025-08-08T15:28:00+08:00,2025-08-08T15:30:03+08:00,1.0407,103.2557,C,Cloud to Cloud,2025-08-08T15:27:34.786+08:00
2025-08-09 11:14:28,2025-08-08T15:26:00+08:00,2025-08-08T15:28:02+08:00,1.4319,103.9982,C,Cloud to Cloud,2025-08-08T15:24:01.621+08:00
2025-08-09 11:14:28,2025-08-08T15:26:00+08:00,2025-08-08T15:28:02+08:00,1.4423,103.9818,C,Cloud to Cloud,2025-08-08T15:24:01.675+08:00
2025-08-09 11:14:28,2025-08-08T15:26:00+08:00,2025-08-08T15:28:02+08:00,1.4501,104.0131,C,Cloud to Cloud,2025-08-08T15:24:01.675+08:00
2025-08-09 11:14:28,2025-08-08T15:26:00+08:00,2025-08-08T15:28:02+08:00,1.4495,104.0124,C,Cloud to Cloud,2025-08-08T15:24:01.675+08:00
2025-08-09 11:14:28,2025-08-08T15:26:00+08:00,2025-08-08T15:28:02+08:00,1.4391,103.9927,C,Cloud to Cloud,2025-08-08T15:24:01.726+08:00
2025-08-09 11:14:28,2025-08-08T15:26:00+08:00,2025-08-08T15:28:02+08:00,1.4566,103.9835,C,Cloud to Cloud,2025-08-08T15:24:01.726+08:00
2025-08-09 11:14:28,2025-08-08T15:26:00+08:00,2025-08-08T15:28:02+08:00,1.443,103.9893,C,Cloud to Cloud,2025-08-08T15:24:01.756+08:00
2025-08-09 11:14:28,2025-08-08T15:26:00+08:00,2025-08-08T15:28:02+08:00,1.4438,103.9865,C,Cloud to Cloud,2025-08-08T15:24:01.757+08:00
2025-08-09 11:14:28,2025-08-08T15:26:00+08:00,2025-08-08T15:28:02+08:00,1.4564,104.004,C,Cloud to Cloud,2025-08-08T15:24:01.874+08:00
2025-08-09 11:14:28,2025-08-08T15:26:00+08:00,2025-08-08T15:28:02+08:00,1.4688,104.0083,C,Cloud to Cloud,2025-08-08T15:24:01.889+08:00
2025-08-09 11:14:28,2025-08-08T15:26:00+08:00,2025-08-08T15:28:02+08:00,1.4368,103.985,C,Cloud to Cloud,2025-08-08T15:24:01.95+08:00
2025-08-09 11:14:28,2025-08-08T15:26:00+08:00,2025-08-08T15:28:02+08:00,1.4547,104.0179,C,Cloud to Cloud,2025-08-08T15:24:01.971+08:00
2025-08-09 11:14:28,2025-08-08T15:26:00+08:00,2025-08-08T15:28:02+08:00,1.09,103.4808,C,Cloud to Cloud,2025-08-08T15:24:34.331+08:00
2025-08-09 11:14:28,2025-08-08T15:26:00+08:00,2025-08-08T15:28:02+08:00,1.1047,103.5131,C,Cloud to Cloud,2025-08-08T15:24:54.735+08:00
2025-08-09 11:14:28,2025-08-08T15:26:00+08:00,2025-08-08T15:28:02+08:00,1.0956,103.4897,C,Cloud to Cloud,2025-08-08T15:24:54.757+08:00
2025-08-09 11:14:28,2025-08-08T15:26:00+08:00,2025-08-08T15:28:02+08:00,1.4504,104.0918,C,Cloud to Cloud,2025-08-08T15:25:03.139+08:00
2025-08-09 11:14:28,2025-08-08T15:26:00+08:00,2025-08-08T15:28:02+08:00,1.4393,104.0046,C,Cloud to Cloud,2025-08-08T15:25:03.144+08:00
2025-08-09 11:14:28,2025-08-08T15:26:00+08:00,2025-08-08T15:28:02+08:00,1.4252,104.029,C,Cloud to Cloud,2025-08-08T15:25:03.159+08:00
2025-08-09 11:14:28,2025-08-08T15:26:00+08:00,2025-08-08T15:28:02+08:00,1.4436,104.0449,C,Cloud to Cloud,2025-08-08T15:25:03.161+08:00
2025-08-09 11:14:28,2025-08-08T15:26:00+08:00,2025-08-08T15:28:02+08:00,1.4364,104.042,C,Cloud to Cloud,2025-08-08T15:25:03.172+08:00
2025-08-09 11:14:28,2025-08-08T15:26:00+08:00,2025-08-08T15:28:02+08:00,1.0686,103.5027,C,Cloud to Cloud,2025-08-08T15:25:40.824+08:00
2025-08-09 11:14:28,2025-08-08T15:24:00+08:00,2025-08-08T15:26:07+08:00,1.0828,103.4537,C,Cloud to Cloud,2025-08-08T15:22:50.574+08:00
2025-08-09 11:14:28,2025-08-08T15:24:00+08:00,2025-08-08T15:26:07+08:00,1.0918,103.437,C,Cloud to Cloud,2025-08-08T15:23:18.925+08:00
2025-08-09 11:14:28,2025-08-08T15:24:00+08:00,2025-08-08T15:26:07+08:00,1.0918,103.437,C,Cloud to Cloud,2025-08-08T15:23:18.925+08:00
2025-08-09 11:14:28,2025-08-08T15:24:00+08:00,2025-08-08T15:26:07+08:00,1.0844,103.4476,C,Cloud to Cloud,2025-08-08T15:23:30.252+08:00
2025-08-09 11:14:28,2025-08-08T15:22:00+08:00,2025-08-08T15:24:02+08:00,1.1069,103.5135,C,Cloud to Cloud,2025-08-08T15:20:06.627+08:00
2025-08-09 11:14:28,2025-08-08T15:22:00+08:00,2025-08-08T15:24:02+08:00,1.0885,103.457,C,Cloud to Cloud,2025-08-08T15:20:17.501+08:00
2025-08-09 11:14:28,2025-08-08T15:22:00+08:00,2025-08-08T15:24:02+08:00,1.0956,103.4814,C,Cloud to Cloud,2025-08-08T15:20:26.172+08:00
2025-08-09 11:14:28,2025-08-08T15:22:00+08:00,2025-08-08T15:24:02+08:00,1.0565,103.4789,C,Cloud to Cloud,2025-08-08T15:20:32.435+08:00
2025-08-09 11:14:28,2025-08-08T15:22:00+08:00,2025-08-08T15:24:02+08:00,1.0565,103.4789,C,Cloud to Cloud,2025-08-08T15:20:32.435+08:00
2025-08-09 11:14:28,2025-08-08T15:22:00+08:00,2025-08-08T15:24:02+08:00,1.0542,103.4823,C,Cloud to Cloud,2025-08-08T15:20:32.435+08:00
2025-08-09 11:14:28,2025-08-08T15:22:00+08:00,2025-08-08T15:24:02+08:00,1.0588,103.4947,C,Cloud to Cloud,2025-08-08T15:20:32.472+08:00
2025-08-09 11:14:28,2025-08-08T15:22:00+08:00,2025-08-08T15:24:02+08:00,1.0588,103.4947,C,Cloud to Cloud,2025-08-08T15:20:32.472+08:00
2025-08-09 11:14:28,2025-08-08T15:22:00+08:00,2025-08-08T15:24:02+08:00,1.1005,103.479,C,Cloud to Cloud,2025-08-08T15:20:34.714+08:00
2025-08-09 11:14:28,2025-08-08T15:22:00+08:00,2025-08-08T15:24:02+08:00,1.1075,103.5035,C,Cloud to Cloud,2025-08-08T15:20:34.72+08:00
2025-08-09 11:14:28,2025-08-08T15:22:00+08:00,2025-08-08T15:24:02+08:00,1.0965,103.4546,C,Cloud to Cloud,2025-08-08T15:20:39.68+08:00
2025-08-09 11:14:28,2025-08-08T15:22:00+08:00,2025-08-08T15:24:02+08:00,1.0965,103.4546,C,Cloud to Cloud,2025-08-08T15:21:02.684+08:00
2025-08-09 11:14:28,2025-08-08T15:22:00+08:00,2025-08-08T15:24:02+08:00,1.0755,103.4738,C,Cloud to Cloud,2025-08-08T15:21:04.072+08:00
2025-08-09 11:14:28,2025-08-08T15:22:00+08:00,2025-08-08T15:24:02+08:00,1.0755,103.4738,C,Cloud to Cloud,2025-08-08T15:21:04.072+08:00
2025-08-09 11:14:28,2025-08-08T15:22:00+08:00,2025-08-08T15:24:02+08:00,1.0965,103.4584,C,Cloud to Cloud,2025-08-08T15:21:25.062+08:00
2025-08-09 11:14:28,2025-08-08T15:20:00+08:00,2025-08-08T15:22:02+08:00,1.0768,103.4476,C,Cloud to Cloud,2025-08-08T15:18:08.137+08:00
2025-08-09 11:14:28,2025-08-08T15:20:00+08:00,2025-08-08T15:22:02+08:00,1.075,103.4359,C,Cloud to Cloud,2025-08-08T15:18:13.274+08:00
2025-08-09 11:14:28,2025-08-08T15:20:00+08:00,2025-08-08T15:22:02+08:00,1.075,103.4359,C,Cloud to Cloud,2025-08-08T15:18:13.274+08:00
2025-08-09 11:14:28,2025-08-08T15:20:00+08:00,2025-08-08T15:22:02+08:00,1.0968,103.4829,C,Cloud to Cloud,2025-08-08T15:18:31.228+08:00
2025-08-09 11:14:28,2025-08-08T15:20:00+08:00,2025-08-08T15:22:02+08:00,1.0951,103.4742,C,Cloud to Cloud,2025-08-08T15:18:31.228+08:00
2025-08-09 11:14:28,2025-08-08T15:20:00+08:00,2025-08-08T15:22:02+08:00,1.0992,103.503,C,Cloud to Cloud,2025-08-08T15:18:33.549+08:00
2025-08-09 11:14:28,2025-08-08T15:20:00+08:00,2025-08-08T15:22:02+08:00,1.1006,103.4944,C,Cloud to Cloud,2025-08-08T15:18:36.655+08:00
2025-08-09 11:14:28,2025-08-08T15:20:00+08:00,2025-08-08T15:22:02+08:00,1.095,103.4848,C,Cloud to Cloud,2025-08-08T15:18:36.734+08:00
2025-08-09 11:14:28,2025-08-08T15:20:00+08:00,2025-08-08T15:22:02+08:00,1.0874,103.4702,C,Cloud to Cloud,2025-08-08T15:18:38.399+08:00
2025-08-09 11:14:28,2025-08-08T15:20:00+08:00,2025-08-08T15:22:02+08:00,1.1091,103.5167,C,Cloud to Cloud,2025-08-08T15:18:48.256+08:00
2025-08-09 11:14:28,2025-08-08T15:20:00+08:00,2025-08-08T15:22:02+08:00,1.1194,103.5454,C,Cloud to Cloud,2025-08-08T15:18:48.256+08:00
2025-08-09 11:14:28,2025-08-08T15:20:00+08:00,2025-08-08T15:22:02+08:00,1.1184,103.5351,C,Cloud to Cloud,2025-08-08T15:19:01.124+08:00
2025-08-09 11:14:28,2025-08-08T15:20:00+08:00,2025-08-08T15:22:02+08:00,1.058,103.3915,C,Cloud to Cloud,2025-08-08T15:19:08.982+08:00
2025-08-09 11:14:28,2025-08-08T15:20:00+08:00,2025-08-08T15:22:02+08:00,1.098,103.4861,C,Cloud to Cloud,2025-08-08T15:19:30.622+08:00
2025-08-09 11:14:28,2025-08-08T15:20:00+08:00,2025-08-08T15:22:02+08:00,1.1172,103.5377,C,Cloud to Cloud,2025-08-08T15:19:30.681+08:00
2025-08-09 11:14:28,2025-08-08T15:20:00+08:00,2025-08-08T15:22:02+08:00,1.0877,103.4325,C,Cloud to Cloud,2025-08-08T15:19:36.49+08:00
2025-08-09 11:14:28,2025-08-08T15:20:00+08:00,2025-08-08T15:22:02+08:00,1.0877,103.4325,C,Cloud to Cloud,2025-08-08T15:19:36.49+08:00
2025-08-09 11:14:28,2025-08-08T15:20:00+08:00,2025-08-08T15:22:02+08:00,1.0884,103.4469,C,Cloud to Cloud,2025-08-08T15:19:36.49+08:00
2025-08-09 11:14:28,2025-08-08T15:20:00+08:00,2025-08-08T15:22:02+08:00,1.0988,103.4734,C,Cloud to Cloud,2025-08-08T15:19:36.49+08:00
2025-08-09 11:14:28,2025-08-08T15:20:00+08:00,2025-08-08T15:22:02+08:00,1.0898,103.4492,C,Cloud to Cloud,2025-08-08T15:19:36.7+08:00
2025-08-09 11:14:28,2025-08-08T15:20:00+08:00,2025-08-08T15:22:02+08:00,1.0898,103.4492,C,Cloud to Cloud,2025-08-08T15:19:36.7+08:00
2025-08-09 11:14:28,2025-08-08T15:20:00+08:00,2025-08-08T15:22:02+08:00,1.1025,103.4982,C,Cloud to Cloud,2025-08-08T15:19:54.775+08:00
2025-08-09 11:14:28,2025-08-08T15:20:00+08:00,2025-08-08T15:22:02+08:00,1.0911,103.4624,C,Cloud to Cloud,2025-08-08T15:19:54.813+08:00
2025-08-09 11:14:28,2025-08-08T15:20:00+08:00,2025-08-08T15:22:02+08:00,1.0849,103.4514,C,Cloud to Cloud,2025-08-08T15:19:54.813+08:00
2025-08-09 11:14:28,2025-08-08T15:20:00+08:00,2025-08-08T15:22:02+08:00,1.0874,103.472,C,Cloud to Cloud,2025-08-08T15:19:56.545+08:00
2025-08-09 11:14:28,2025-08-08T15:18:00+08:00,2025-08-08T15:20:03+08:00,1.0849,103.4705,C,Cloud to Cloud,2025-08-08T15:16:11.643+08:00
2025-08-09 11:14:28,2025-08-08T15:18:00+08:00,2025-08-08T15:20:03+08:00,1.4738,104.0413,C,Cloud to Cloud,2025-08-08T15:16:27.076+08:00
2025-08-09 11:14:28,2025-08-08T15:18:00+08:00,2025-08-08T15:20:03+08:00,1.4295,104.0297,C,Cloud to Cloud,2025-08-08T15:16:27.078+08:00
2025-08-09 11:14:28,2025-08-08T15:18:00+08:00,2025-08-08T15:20:03+08:00,1.424,104.0346,C,Cloud to Cloud,2025-08-08T15:16:27.078+08:00
2025-08-09 11:14:28,2025-08-08T15:18:00+08:00,2025-08-08T15:20:03+08:00,1.431,104.0369,C,Cloud to Cloud,2025-08-08T15:16:27.078+08:00
2025-08-09 11:14:28,2025-08-08T15:18:00+08:00,2025-08-08T15:20:03+08:00,1.4176,104.0341,C,Cloud to Cloud,2025-08-08T15:16:27.081+08:00
2025-08-09 11:14:28,2025-08-08T15:18:00+08:00,2025-08-08T15:20:03+08:00,1.4303,104.0317,C,Cloud to Cloud,2025-08-08T15:16:27.082+08:00
2025-08-09 11:14:28,2025-08-08T15:18:00+08:00,2025-08-08T15:20:03+08:00,1.1002,103.4978,C,Cloud to Cloud,2025-08-08T15:16:32.328+08:00
2025-08-09 11:14:28,2025-08-08T15:18:00+08:00,2025-08-08T15:20:03+08:00,1.0887,103.4664,C,Cloud to Cloud,2025-08-08T15:16:50.6+08:00
2025-08-09 11:14:28,2025-08-08T15:18:00+08:00,2025-08-08T15:20:03+08:00,1.0606,103.4143,C,Cloud to Cloud,2025-08-08T15:17:16.395+08:00
2025-08-09 11:14:28,2025-08-08T15:18:00+08:00,2025-08-08T15:20:03+08:00,1.0318,103.3917,C,Cloud to Cloud,2025-08-08T15:17:16.423+08:00
2025-08-09 11:14:28,2025-08-08T15:18:00+08:00,2025-08-08T15:20:03+08:00,1.072,103.465,C,Cloud to Cloud,2025-08-08T15:17:16.448+08:00
2025-08-09 11:14:28,2025-08-08T15:18:00+08:00,2025-08-08T15:20:03+08:00,1.0354,103.3833,C,Cloud to Cloud,2025-08-08T15:17:16.489+08:00
2025-08-09 11:14:28,2025-08-08T15:18:00+08:00,2025-08-08T15:20:03+08:00,1.0559,103.4235,C,Cloud to Cloud,2025-08-08T15:17:16.489+08:00
2025-08-09 11:14:28,2025-08-08T15:18:00+08:00,2025-08-08T15:20:03+08:00,1.1341,103.5202,C,Cloud to Cloud,2025-08-08T15:17:16.601+08:00
2025-08-09 11:14:28,2025-08-08T15:18:00+08:00,2025-08-08T15:20:03+08:00,1.04,103.409,C,Cloud to Cloud,2025-08-08T15:17:16.601+08:00
2025-08-09 11:14:28,2025-08-08T15:18:00+08:00,2025-08-08T15:20:03+08:00,1.0599,103.4454,C,Cloud to Cloud,2025-08-08T15:17:16.601+08:00
2025-08-09 11:14:28,2025-08-08T15:18:00+08:00,2025-08-08T15:20:03+08:00,1.0648,103.4605,C,Cloud to Cloud,2025-08-08T15:17:16.601+08:00
2025-08-09 11:14:28,2025-08-08T15:18:00+08:00,2025-08-08T15:20:03+08:00,1.1346,103.5403,C,Cloud to Cloud,2025-08-08T15:17:16.602+08:00
2025-08-09 11:14:28,2025-08-08T15:18:00+08:00,2025-08-08T15:20:03+08:00,1.4385,104.0194,C,Cloud to Cloud,2025-08-08T15:17:33.357+08:00
2025-08-09 11:14:28,2025-08-08T15:18:00+08:00,2025-08-08T15:20:03+08:00,1.4531,104.0572,C,Cloud to Cloud,2025-08-08T15:17:33.357+08:00
2025-08-09 11:14:28,2025-08-08T15:18:00+08:00,2025-08-08T15:20:03+08:00,1.44,104.0292,C,Cloud to Cloud,2025-08-08T15:17:33.357+08:00
2025-08-09 11:14:28,2025-08-08T15:18:00+08:00,2025-08-08T15:20:03+08:00,1.4519,104.0513,C,Cloud to Cloud,2025-08-08T15:17:33.357+08:00
2025-08-09 11:14:28,2025-08-08T15:18:00+08:00,2025-08-08T15:20:03+08:00,1.4398,104.03,C,Cloud to Cloud,2025-08-08T15:17:33.357+08:00
2025-08-09 11:14:28,2025-08-08T15:18:00+08:00,2025-08-08T15:20:03+08:00,1.4469,104.0468,C,Cloud to Cloud,2025-08-08T15:17:33.358+08:00
2025-08-09 11:14:28,2025-08-08T15:18:00+08:00,2025-08-08T15:20:03+08:00,1.4511,104.0509,C,Cloud to Cloud,2025-08-08T15:17:33.358+08:00
2025-08-09 11:14:28,2025-08-08T15:18:00+08:00,2025-08-08T15:20:03+08:00,1.4496,104.0467,C,Cloud to Cloud,2025-08-08T15:17:33.358+08:00
2025-08-09 11:14:28,2025-08-08T15:18:00+08:00,2025-08-08T15:20:03+08:00,1.4535,104.05,C,Cloud to Cloud,2025-08-08T15:17:33.358+08:00
2025-08-09 11:14:28,2025-08-08T15:18:00+08:00,2025-08-08T15:20:03+08:00,1.44,104.0298,C,Cloud to Cloud,2025-08-08T15:17:33.358+08:00
2025-08-09 11:14:28,2025-08-08T15:18:00+08:00,2025-08-08T15:20:03+08:00,1.4379,104.0329,C,Cloud to Cloud,2025-08-08T15:17:33.358+08:00
2025-08-09 11:14:28,2025-08-08T15:18:00+08:00,2025-08-08T15:20:03+08:00,1.4448,104.0454,C,Cloud to Cloud,2025-08-08T15:17:33.358+08:00
2025-08-09 11:14:28,2025-08-08T15:18:00+08:00,2025-08-08T15:20:03+08:00,1.4407,104.0264,C,Cloud to Cloud,2025-08-08T15:17:33.358+08:00
2025-08-09 11:14:28,2025-08-08T15:18:00+08:00,2025-08-08T15:20:03+08:00,1.4538,104.0513,C,Cloud to Cloud,2025-08-08T15:17:33.358+08:00
2025-08-09 11:14:28,2025-08-08T15:18:00+08:00,2025-08-08T15:20:03+08:00,1.4545,104.0518,C,Cloud to Cloud,2025-08-08T15:17:33.358+08:00
2025-08-09 11:14:28,2025-08-08T15:18:00+08:00,2025-08-08T15:20:03+08:00,1.4406,104.0267,C,Cloud to Cloud,2025-08-08T15:17:33.358+08:00
2025-08-09 11:14:28,2025-08-08T15:18:00+08:00,2025-08-08T15:20:03+08:00,1.4391,104.0206,C,Cloud to Cloud,2025-08-08T15:17:33.358+08:00
2025-08-09 11:14:28,2025-08-08T15:18:00+08:00,2025-08-08T15:20:03+08:00,1.4575,104.0539,C,Cloud to Cloud,2025-08-08T15:17:33.358+08:00
2025-08-09 11:14:28,2025-08-08T15:18:00+08:00,2025-08-08T15:20:03+08:00,1.4409,104.0259,C,Cloud to Cloud,2025-08-08T15:17:33.358+08:00
2025-08-09 11:14:28,2025-08-08T15:18:00+08:00,2025-08-08T15:20:03+08:00,1.4518,104.0514,C,Cloud to Cloud,2025-08-08T15:17:33.358+08:00
2025-08-09 11:14:28,2025-08-08T15:18:00+08:00,2025-08-08T15:20:03+08:00,1.4384,104.0357,C,Cloud to Cloud,2025-08-08T15:17:33.358+08:00
2025-08-09 11:14:28,2025-08-08T15:18:00+08:00,2025-08-08T15:20:03+08:00,1.4491,104.0515,C,Cloud to Cloud,2025-08-08T15:17:33.358+08:00
2025-08-09 11:14:28,2025-08-08T15:18:00+08:00,2025-08-08T15:20:03+08:00,1.449,104.0511,C,Cloud to Cloud,2025-08-08T15:17:33.359+08:00
2025-08-09 11:14:28,2025-08-08T15:18:00+08:00,2025-08-08T15:20:03+08:00,1.4466,104.0482,C,Cloud to Cloud,2025-08-08T15:17:33.359+08:00
2025-08-09 11:14:28,2025-08-08T15:18:00+08:00,2025-08-08T15:20:03+08:00,1.448,104.0495,C,Cloud to Cloud,2025-08-08T15:17:33.359+08:00
2025-08-09 11:14:28,2025-08-08T15:18:00+08:00,2025-08-08T15:20:03+08:00,1.4461,104.0483,C,Cloud to Cloud,2025-08-08T15:17:33.359+08:00
2025-08-09 11:14:28,2025-08-08T15:18:00+08:00,2025-08-08T15:20:03+08:00,1.4504,104.0492,C,Cloud to Cloud,2025-08-08T15:17:33.359+08:00
2025-08-09 11:14:28,2025-08-08T15:18:00+08:00,2025-08-08T15:20:03+08:00,1.4475,104.0493,C,Cloud to Cloud,2025-08-08T15:17:33.359+08:00
2025-08-09 11:14:28,2025-08-08T15:18:00+08:00,2025-08-08T15:20:03+08:00,1.448,104.0504,C,Cloud to Cloud,2025-08-08T15:17:33.359+08:00
2025-08-09 11:14:28,2025-08-08T15:18:00+08:00,2025-08-08T15:20:03+08:00,1.4451,104.0479,C,Cloud to Cloud,2025-08-08T15:17:33.359+08:00
2025-08-09 11:14:28,2025-08-08T15:18:00+08:00,2025-08-08T15:20:03+08:00,1.4468,104.0496,C,Cloud to Cloud,2025-08-08T15:17:33.359+08:00
2025-08-09 11:14:28,2025-08-08T15:18:00+08:00,2025-08-08T15:20:03+08:00,1.4516,104.0532,C,Cloud to Cloud,2025-08-08T15:17:33.359+08:00
2025-08-09 11:14:28,2025-08-08T15:18:00+08:00,2025-08-08T15:20:03+08:00,1.4429,104.0393,C,Cloud to Cloud,2025-08-08T15:17:33.359+08:00
2025-08-09 11:14:28,2025-08-08T15:18:00+08:00,2025-08-08T15:20:03+08:00,1.451,104.0514,C,Cloud to Cloud,2025-08-08T15:17:33.36+08:00
2025-08-09 11:14:28,2025-08-08T15:18:00+08:00,2025-08-08T15:20:03+08:00,1.4443,104.041,C,Cloud to Cloud,2025-08-08T15:17:33.36+08:00
2025-08-09 11:14:28,2025-08-08T15:18:00+08:00,2025-08-08T15:20:03+08:00,1.4486,104.0494,C,Cloud to Cloud,2025-08-08T15:17:33.36+08:00
2025-08-09 11:14:28,2025-08-08T15:18:00+08:00,2025-08-08T15:20:03+08:00,1.4444,104.0461,C,Cloud to Cloud,2025-08-08T15:17:33.36+08:00
2025-08-09 11:14:28,2025-08-08T15:18:00+08:00,2025-08-08T15:20:03+08:00,1.4438,104.0447,C,Cloud to Cloud,2025-08-08T15:17:33.36+08:00
2025-08-09 11:14:28,2025-08-08T15:18:00+08:00,2025-08-08T15:20:03+08:00,1.4501,104.0461,C,Cloud to Cloud,2025-08-08T15:17:33.36+08:00
2025-08-09 11:14:28,2025-08-08T15:18:00+08:00,2025-08-08T15:20:03+08:00,1.445,104.0438,C,Cloud to Cloud,2025-08-08T15:17:33.36+08:00
2025-08-09 11:14:28,2025-08-08T15:18:00+08:00,2025-08-08T15:20:03+08:00,1.4492,104.0464,C,Cloud to Cloud,2025-08-08T15:17:33.36+08:00
2025-08-09 11:14:28,2025-08-08T15:18:00+08:00,2025-08-08T15:20:03+08:00,1.4435,104.0421,C,Cloud to Cloud,2025-08-08T15:17:33.36+08:00
2025-08-09 11:14:28,2025-08-08T15:18:00+08:00,2025-08-08T15:20:03+08:00,1.4458,104.0449,C,Cloud to Cloud,2025-08-08T15:17:33.36+08:00
2025-08-09 11:14:28,2025-08-08T15:18:00+08:00,2025-08-08T15:20:03+08:00,1.4503,104.0479,C,Cloud to Cloud,2025-08-08T15:17:33.36+08:00
2025-08-09 11:14:28,2025-08-08T15:18:00+08:00,2025-08-08T15:20:03+08:00,1.4487,104.0468,C,Cloud to Cloud,2025-08-08T15:17:33.361+08:00
2025-08-09 11:14:28,2025-08-08T15:18:00+08:00,2025-08-08T15:20:03+08:00,1.4442,104.0415,C,Cloud to Cloud,2025-08-08T15:17:33.361+08:00
2025-08-09 11:14:28,2025-08-08T15:18:00+08:00,2025-08-08T15:20:03+08:00,1.4433,104.0427,C,Cloud to Cloud,2025-08-08T15:17:33.361+08:00
2025-08-09 11:14:28,2025-08-08T15:18:00+08:00,2025-08-08T15:20:03+08:00,1.4467,104.0467,C,Cloud to Cloud,2025-08-08T15:17:33.361+08:00
2025-08-09 11:14:28,2025-08-08T15:18:00+08:00,2025-08-08T15:20:03+08:00,1.4418,104.0415,C,Cloud to Cloud,2025-08-08T15:17:33.361+08:00
2025-08-09 11:14:28,2025-08-08T15:18:00+08:00,2025-08-08T15:20:03+08:00,1.4457,104.0427,C,Cloud to Cloud,2025-08-08T15:17:33.361+08:00
2025-08-09 11:14:28,2025-08-08T15:18:00+08:00,2025-08-08T15:20:03+08:00,1.444,104.0429,C,Cloud to Cloud,2025-08-08T15:17:33.361+08:00
2025-08-09 11:14:28,2025-08-08T15:18:00+08:00,2025-08-08T15:20:03+08:00,1.4509,104.0461,C,Cloud to Cloud,2025-08-08T15:17:33.361+08:00
2025-08-09 11:14:28,2025-08-08T15:18:00+08:00,2025-08-08T15:20:03+08:00,1.442,104.0394,C,Cloud to Cloud,2025-08-08T15:17:33.361+08:00
2025-08-09 11:14:28,2025-08-08T15:18:00+08:00,2025-08-08T15:20:03+08:00,1.4519,104.0501,C,Cloud to Cloud,2025-08-08T15:17:33.361+08:00
2025-08-09 11:14:28,2025-08-08T15:18:00+08:00,2025-08-08T15:20:03+08:00,1.4472,104.043,C,Cloud to Cloud,2025-08-08T15:17:33.362+08:00
2025-08-09 11:14:28,2025-08-08T15:18:00+08:00,2025-08-08T15:20:03+08:00,1.4451,104.0442,C,Cloud to Cloud,2025-08-08T15:17:33.362+08:00
2025-08-09 11:14:28,2025-08-08T15:18:00+08:00,2025-08-08T15:20:03+08:00,1.4477,104.0441,C,Cloud to Cloud,2025-08-08T15:17:33.362+08:00
2025-08-09 11:14:28,2025-08-08T15:18:00+08:00,2025-08-08T15:20:03+08:00,1.449,104.0447,C,Cloud to Cloud,2025-08-08T15:17:33.362+08:00
2025-08-09 11:14:28,2025-08-08T15:18:00+08:00,2025-08-08T15:20:03+08:00,1.4482,104.0412,C,Cloud to Cloud,2025-08-08T15:17:33.362+08:00
2025-08-09 11:14:28,2025-08-08T15:18:00+08:00,2025-08-08T15:20:03+08:00,1.4472,104.0425,C,Cloud to Cloud,2025-08-08T15:17:33.362+08:00
2025-08-09 11:14:28,2025-08-08T15:18:00+08:00,2025-08-08T15:20:03+08:00,1.4482,104.0411,C,Cloud to Cloud,2025-08-08T15:17:33.362+08:00
2025-08-09 11:14:28,2025-08-08T15:18:00+08:00,2025-08-08T15:20:03+08:00,1.4473,104.0413,C,Cloud to Cloud,2025-08-08T15:17:33.362+08:00
2025-08-09 11:14:28,2025-08-08T15:18:00+08:00,2025-08-08T15:20:03+08:00,1.4535,104.0424,C,Cloud to Cloud,2025-08-08T15:17:33.362+08:00
2025-08-09 11:14:28,2025-08-08T15:18:00+08:00,2025-08-08T15:20:03+08:00,1.4366,104.0309,C,Cloud to Cloud,2025-08-08T15:17:33.363+08:00
2025-08-09 11:14:28,2025-08-08T15:18:00+08:00,2025-08-08T15:20:03+08:00,1.4461,104.0389,C,Cloud to Cloud,2025-08-08T15:17:33.363+08:00
2025-08-09 11:14:28,2025-08-08T15:18:00+08:00,2025-08-08T15:20:03+08:00,1.4495,104.0411,C,Cloud to Cloud,2025-08-08T15:17:33.363+08:00
2025-08-09 11:14:28,2025-08-08T15:18:00+08:00,2025-08-08T15:20:03+08:00,1.4524,104.0387,C,Cloud to Cloud,2025-08-08T15:17:33.363+08:00
2025-08-09 11:14:28,2025-08-08T15:18:00+08:00,2025-08-08T15:20:03+08:00,1.4401,104.0353,C,Cloud to Cloud,2025-08-08T15:17:33.372+08:00
2025-08-09 11:14:28,2025-08-08T15:18:00+08:00,2025-08-08T15:20:03+08:00,1.4313,104.021,G,Cloud to Ground,2025-08-08T15:17:33.372+08:00
2025-08-09 11:14:28,2025-08-08T15:18:00+08:00,2025-08-08T15:20:03+08:00,1.445,104.0427,C,Cloud to Cloud,2025-08-08T15:17:33.372+08:00
2025-08-09 11:14:28,2025-08-08T15:18:00+08:00,2025-08-08T15:20:03+08:00,1.4402,104.0355,C,Cloud to Cloud,2025-08-08T15:17:33.372+08:00
2025-08-09 11:14:28,2025-08-08T15:18:00+08:00,2025-08-08T15:20:03+08:00,1.4462,104.047,C,Cloud to Cloud,2025-08-08T15:17:33.381+08:00
2025-08-09 11:14:28,2025-08-08T15:18:00+08:00,2025-08-08T15:20:03+08:00,1.4364,104.0394,C,Cloud to Cloud,2025-08-08T15:17:33.381+08:00
2025-08-09 11:14:28,2025-08-08T15:18:00+08:00,2025-08-08T15:20:03+08:00,1.4314,104.0134,C,Cloud to Cloud,2025-08-08T15:17:33.414+08:00
2025-08-09 11:14:28,2025-08-08T15:18:00+08:00,2025-08-08T15:20:03+08:00,1.4287,104.0247,G,Cloud to Ground,2025-08-08T15:17:33.414+08:00
2025-08-09 11:14:28,2025-08-08T15:18:00+08:00,2025-08-08T15:20:03+08:00,1.4351,104.0317,C,Cloud to Cloud,2025-08-08T15:17:33.414+08:00
2025-08-09 11:14:28,2025-08-08T15:18:00+08:00,2025-08-08T15:20:03+08:00,1.4341,104.0168,C,Cloud to Cloud,2025-08-08T15:17:33.414+08:00
2025-08-09 11:14:28,2025-08-08T15:18:00+08:00,2025-08-08T15:20:03+08:00,1.4616,104.06,C,Cloud to Cloud,2025-08-08T15:17:33.44+08:00
2025-08-09 11:14:28,2025-08-08T15:18:00+08:00,2025-08-08T15:20:03+08:00,1.4475,104.0348,C,Cloud to Cloud,2025-08-08T15:17:33.44+08:00
2025-08-09 11:14:28,2025-08-08T15:18:00+08:00,2025-08-08T15:20:03+08:00,1.4446,104.0453,C,Cloud to Cloud,2025-08-08T15:17:33.442+08:00
2025-08-09 11:14:28,2025-08-08T15:18:00+08:00,2025-08-08T15:20:03+08:00,1.4367,104.0327,C,Cloud to Cloud,2025-08-08T15:17:33.442+08:00
2025-08-09 11:14:28,2025-08-08T15:18:00+08:00,2025-08-08T15:20:03+08:00,1.4431,104.0557,C,Cloud to Cloud,2025-08-08T15:17:33.442+08:00
2025-08-09 11:14:28,2025-08-08T15:18:00+08:00,2025-08-08T15:20:03+08:00,1.4192,104.0154,C,Cloud to Cloud,2025-08-08T15:17:33.481+08:00
2025-08-09 11:14:28,2025-08-08T15:18:00+08:00,2025-08-08T15:20:03+08:00,1.429,104.0343,G,Cloud to Ground,2025-08-08T15:17:33.481+08:00
2025-08-09 11:14:28,2025-08-08T15:18:00+08:00,2025-08-08T15:20:03+08:00,1.4268,104.0219,C,Cloud to Cloud,2025-08-08T15:17:33.481+08:00
2025-08-09 11:14:28,2025-08-08T15:18:00+08:00,2025-08-08T15:20:03+08:00,1.0728,103.4329,C,Cloud to Cloud,2025-08-08T15:17:43.713+08:00
2025-08-09 11:14:28,2025-08-08T15:18:00+08:00,2025-08-08T15:20:03+08:00,1.0847,103.4631,C,Cloud to Cloud,2025-08-08T15:17:53.109+08:00
2025-08-09 11:14:28,2025-08-08T15:16:00+08:00,2025-08-08T15:18:02+08:00,1.073,103.4382,C,Cloud to Cloud,2025-08-08T15:14:03.707+08:00
2025-08-09 11:14:28,2025-08-08T15:16:00+08:00,2025-08-08T15:18:02+08:00,1.447,104.0513,C,Cloud to Cloud,2025-08-08T15:14:04.131+08:00
2025-08-09 11:14:28,2025-08-08T15:16:00+08:00,2025-08-08T15:18:02+08:00,1.4092,104.0258,C,Cloud to Cloud,2025-08-08T15:14:04.131+08:00
2025-08-09 11:14:28,2025-08-08T15:16:00+08:00,2025-08-08T15:18:02+08:00,1.4462,104.033,C,Cloud to Cloud,2025-08-08T15:14:04.266+08:00
2025-08-09 11:14:28,2025-08-08T15:16:00+08:00,2025-08-08T15:18:02+08:00,1.0826,103.4576,C,Cloud to Cloud,2025-08-08T15:14:32.703+08:00
2025-08-09 11:14:28,2025-08-08T15:16:00+08:00,2025-08-08T15:18:02+08:00,1.0799,103.453,C,Cloud to Cloud,2025-08-08T15:14:32.704+08:00
2025-08-09 11:14:28,2025-08-08T15:16:00+08:00,2025-08-08T15:18:02+08:00,1.0814,103.4552,C,Cloud to Cloud,2025-08-08T15:14:32.804+08:00
2025-08-09 11:14:28,2025-08-08T15:16:00+08:00,2025-08-08T15:18:02+08:00,1.0906,103.4825,C,Cloud to Cloud,2025-08-08T15:15:00.114+08:00
2025-08-09 11:14:28,2025-08-08T15:16:00+08:00,2025-08-08T15:18:02+08:00,1.085,103.4734,C,Cloud to Cloud,2025-08-08T15:15:00.114+08:00
2025-08-09 11:14:28,2025-08-08T15:16:00+08:00,2025-08-08T15:18:02+08:00,1.0933,103.4913,C,Cloud to Cloud,2025-08-08T15:15:06.606+08:00
2025-08-09 11:14:28,2025-08-08T15:16:00+08:00,2025-08-08T15:18:02+08:00,1.0786,103.4398,C,Cloud to Cloud,2025-08-08T15:15:14.399+08:00
2025-08-09 11:14:28,2025-08-08T15:16:00+08:00,2025-08-08T15:18:02+08:00,1.0628,103.4099,C,Cloud to Cloud,2025-08-08T15:15:14.399+08:00
2025-08-09 11:14:28,2025-08-08T15:16:00+08:00,2025-08-08T15:18:02+08:00,1.0774,103.4441,C,Cloud to Cloud,2025-08-08T15:15:28.292+08:00
2025-08-09 11:14:28,2025-08-08T15:16:00+08:00,2025-08-08T15:18:02+08:00,1.0774,103.4441,C,Cloud to Cloud,2025-08-08T15:15:28.293+08:00
2025-08-09 11:14:28,2025-08-08T15:16:00+08:00,2025-08-08T15:18:02+08:00,1.0765,103.44,C,Cloud to Cloud,2025-08-08T15:15:38.145+08:00
2025-08-09 11:14:28,2025-08-08T15:16:00+08:00,2025-08-08T15:18:02+08:00,1.0824,103.4504,C,Cloud to Cloud,2025-08-08T15:15:38.145+08:00
2025-08-09 11:14:28,2025-08-08T15:16:00+08:00,2025-08-08T15:18:02+08:00,1.4513,104.0436,C,Cloud to Cloud,2025-08-08T15:15:38.431+08:00
2025-08-09 11:14:28,2025-08-08T15:16:00+08:00,2025-08-08T15:18:02+08:00,1.4517,104.0448,C,Cloud to Cloud,2025-08-08T15:15:38.432+08:00
2025-08-09 11:14:28,2025-08-08T15:16:00+08:00,2025-08-08T15:18:02+08:00,1.4549,104.0489,C,Cloud to Cloud,2025-08-08T15:15:38.432+08:00
2025-08-09 11:14:28,2025-08-08T15:16:00+08:00,2025-08-08T15:18:02+08:00,1.4503,104.0489,C,Cloud to Cloud,2025-08-08T15:15:38.432+08:00
2025-08-09 11:14:28,2025-08-08T15:16:00+08:00,2025-08-08T15:18:02+08:00,1.4488,104.0477,C,Cloud to Cloud,2025-08-08T15:15:38.432+08:00
2025-08-09 11:14:28,2025-08-08T15:16:00+08:00,2025-08-08T15:18:02+08:00,1.4565,104.0612,C,Cloud to Cloud,2025-08-08T15:15:38.432+08:00
2025-08-09 11:14:28,2025-08-08T15:16:00+08:00,2025-08-08T15:18:02+08:00,1.4521,104.0613,C,Cloud to Cloud,2025-08-08T15:15:38.432+08:00
2025-08-09 11:14:28,2025-08-08T15:16:00+08:00,2025-08-08T15:18:02+08:00,1.4394,104.0524,C,Cloud to Cloud,2025-08-08T15:15:38.432+08:00
2025-08-09 11:14:28,2025-08-08T15:16:00+08:00,2025-08-08T15:18:02+08:00,1.4555,104.0682,C,Cloud to Cloud,2025-08-08T15:15:38.432+08:00
2025-08-09 11:14:28,2025-08-08T15:16:00+08:00,2025-08-08T15:18:02+08:00,1.4512,104.0659,C,Cloud to Cloud,2025-08-08T15:15:38.432+08:00
2025-08-09 11:14:28,2025-08-08T15:16:00+08:00,2025-08-08T15:18:02+08:00,1.4346,104.0525,C,Cloud to Cloud,2025-08-08T15:15:38.432+08:00
2025-08-09 11:14:28,2025-08-08T15:16:00+08:00,2025-08-08T15:18:02+08:00,1.4353,104.0523,C,Cloud to Cloud,2025-08-08T15:15:38.433+08:00
2025-08-09 11:14:28,2025-08-08T15:16:00+08:00,2025-08-08T15:18:02+08:00,1.4345,104.0484,C,Cloud to Cloud,2025-08-08T15:15:38.433+08:00
2025-08-09 11:14:28,2025-08-08T15:16:00+08:00,2025-08-08T15:18:02+08:00,1.4367,104.0514,C,Cloud to Cloud,2025-08-08T15:15:38.433+08:00
2025-08-09 11:14:28,2025-08-08T15:16:00+08:00,2025-08-08T15:18:02+08:00,1.432,104.0517,C,Cloud to Cloud,2025-08-08T15:15:38.433+08:00
2025-08-09 11:14:28,2025-08-08T15:16:00+08:00,2025-08-08T15:18:02+08:00,1.4351,104.0476,C,Cloud to Cloud,2025-08-08T15:15:38.433+08:00
2025-08-09 11:14:28,2025-08-08T15:16:00+08:00,2025-08-08T15:18:02+08:00,1.4469,104.0628,C,Cloud to Cloud,2025-08-08T15:15:38.433+08:00
2025-08-09 11:14:28,2025-08-08T15:16:00+08:00,2025-08-08T15:18:02+08:00,1.4408,104.0545,C,Cloud to Cloud,2025-08-08T15:15:38.433+08:00
2025-08-09 11:14:28,2025-08-08T15:16:00+08:00,2025-08-08T15:18:02+08:00,1.4394,104.0509,C,Cloud to Cloud,2025-08-08T15:15:38.433+08:00
2025-08-09 11:14:28,2025-08-08T15:16:00+08:00,2025-08-08T15:18:02+08:00,1.4389,104.0486,C,Cloud to Cloud,2025-08-08T15:15:38.433+08:00
2025-08-09 11:14:28,2025-08-08T15:16:00+08:00,2025-08-08T15:18:02+08:00,1.4404,104.05,C,Cloud to Cloud,2025-08-08T15:15:38.433+08:00
2025-08-09 11:14:28,2025-08-08T15:16:00+08:00,2025-08-08T15:18:02+08:00,1.4462,104.0544,C,Cloud to Cloud,2025-08-08T15:15:38.434+08:00
2025-08-09 11:14:28,2025-08-08T15:16:00+08:00,2025-08-08T15:18:02+08:00,1.4374,104.0458,C,Cloud to Cloud,2025-08-08T15:15:38.434+08:00
2025-08-09 11:14:28,2025-08-08T15:16:00+08:00,2025-08-08T15:18:02+08:00,1.4411,104.0487,C,Cloud to Cloud,2025-08-08T15:15:38.434+08:00
2025-08-09 11:14:28,2025-08-08T15:16:00+08:00,2025-08-08T15:18:02+08:00,1.4476,104.0551,C,Cloud to Cloud,2025-08-08T15:15:38.434+08:00
2025-08-09 11:14:28,2025-08-08T15:16:00+08:00,2025-08-08T15:18:02+08:00,1.4478,104.0586,C,Cloud to Cloud,2025-08-08T15:15:38.434+08:00
2025-08-09 11:14:28,2025-08-08T15:16:00+08:00,2025-08-08T15:18:02+08:00,1.4455,104.0548,C,Cloud to Cloud,2025-08-08T15:15:38.434+08:00
2025-08-09 11:14:28,2025-08-08T15:16:00+08:00,2025-08-08T15:18:02+08:00,1.4475,104.0544,C,Cloud to Cloud,2025-08-08T15:15:38.434+08:00
2025-08-09 11:14:28,2025-08-08T15:16:00+08:00,2025-08-08T15:18:02+08:00,1.4411,104.0507,C,Cloud to Cloud,2025-08-08T15:15:38.434+08:00
2025-08-09 11:14:28,2025-08-08T15:16:00+08:00,2025-08-08T15:18:02+08:00,1.4407,104.0503,C,Cloud to Cloud,2025-08-08T15:15:38.434+08:00
2025-08-09 11:14:28,2025-08-08T15:16:00+08:00,2025-08-08T15:18:02+08:00,1.4479,104.0576,C,Cloud to Cloud,2025-08-08T15:15:38.434+08:00
2025-08-09 11:14:28,2025-08-08T15:16:00+08:00,2025-08-08T15:18:02+08:00,1.4456,104.0525,C,Cloud to Cloud,2025-08-08T15:15:38.435+08:00
2025-08-09 11:14:28,2025-08-08T15:16:00+08:00,2025-08-08T15:18:02+08:00,1.4422,104.0491,C,Cloud to Cloud,2025-08-08T15:15:38.435+08:00
2025-08-09 11:14:28,2025-08-08T15:16:00+08:00,2025-08-08T15:18:02+08:00,1.4402,104.0488,C,Cloud to Cloud,2025-08-08T15:15:38.435+08:00
2025-08-09 11:14:28,2025-08-08T15:16:00+08:00,2025-08-08T15:18:02+08:00,1.4449,104.0536,C,Cloud to Cloud,2025-08-08T15:15:38.435+08:00
2025-08-09 11:14:28,2025-08-08T15:16:00+08:00,2025-08-08T15:18:02+08:00,1.4489,104.057,C,Cloud to Cloud,2025-08-08T15:15:38.435+08:00
2025-08-09 11:14:28,2025-08-08T15:16:00+08:00,2025-08-08T15:18:02+08:00,1.4417,104.0484,C,Cloud to Cloud,2025-08-08T15:15:38.435+08:00
2025-08-09 11:14:28,2025-08-08T15:16:00+08:00,2025-08-08T15:18:02+08:00,1.4484,104.0557,C,Cloud to Cloud,2025-08-08T15:15:38.435+08:00
2025-08-09 11:14:28,2025-08-08T15:16:00+08:00,2025-08-08T15:18:02+08:00,1.4467,104.0524,C,Cloud to Cloud,2025-08-08T15:15:38.435+08:00
2025-08-09 11:14:28,2025-08-08T15:16:00+08:00,2025-08-08T15:18:02+08:00,1.4481,104.0548,C,Cloud to Cloud,2025-08-08T15:15:38.435+08:00
2025-08-09 11:14:28,2025-08-08T15:16:00+08:00,2025-08-08T15:18:02+08:00,1.4456,104.0539,C,Cloud to Cloud,2025-08-08T15:15:38.435+08:00
2025-08-09 11:14:28,2025-08-08T15:16:00+08:00,2025-08-08T15:18:02+08:00,1.4417,104.0496,C,Cloud to Cloud,2025-08-08T15:15:38.436+08:00
2025-08-09 11:14:28,2025-08-08T15:16:00+08:00,2025-08-08T15:18:02+08:00,1.4422,104.0475,C,Cloud to Cloud,2025-08-08T15:15:38.436+08:00
2025-08-09 11:14:28,2025-08-08T15:16:00+08:00,2025-08-08T15:18:02+08:00,1.4485,104.0522,C,Cloud to Cloud,2025-08-08T15:15:38.436+08:00
2025-08-09 11:14:28,2025-08-08T15:16:00+08:00,2025-08-08T15:18:02+08:00,1.4473,104.0523,C,Cloud to Cloud,2025-08-08T15:15:38.436+08:00
2025-08-09 11:14:28,2025-08-08T15:16:00+08:00,2025-08-08T15:18:02+08:00,1.4423,104.0502,C,Cloud to Cloud,2025-08-08T15:15:38.436+08:00
2025-08-09 11:14:28,2025-08-08T15:16:00+08:00,2025-08-08T15:18:02+08:00,1.4407,104.0457,C,Cloud to Cloud,2025-08-08T15:15:38.436+08:00
2025-08-09 11:14:28,2025-08-08T15:16:00+08:00,2025-08-08T15:18:02+08:00,1.4416,104.0489,C,Cloud to Cloud,2025-08-08T15:15:38.436+08:00
2025-08-09 11:14:28,2025-08-08T15:16:00+08:00,2025-08-08T15:18:02+08:00,1.4504,104.0553,C,Cloud to Cloud,2025-08-08T15:15:38.436+08:00
2025-08-09 11:14:28,2025-08-08T15:16:00+08:00,2025-08-08T15:18:02+08:00,1.4436,104.0511,C,Cloud to Cloud,2025-08-08T15:15:38.436+08:00
2025-08-09 11:14:28,2025-08-08T15:16:00+08:00,2025-08-08T15:18:02+08:00,1.4415,104.0497,C,Cloud to Cloud,2025-08-08T15:15:38.436+08:00
2025-08-09 11:14:28,2025-08-08T15:16:00+08:00,2025-08-08T15:18:02+08:00,1.4437,104.0492,C,Cloud to Cloud,2025-08-08T15:15:38.437+08:00
2025-08-09 11:14:28,2025-08-08T15:16:00+08:00,2025-08-08T15:18:02+08:00,1.4491,104.0578,C,Cloud to Cloud,2025-08-08T15:15:38.437+08:00
2025-08-09 11:14:28,2025-08-08T15:16:00+08:00,2025-08-08T15:18:02+08:00,1.4472,104.054,C,Cloud to Cloud,2025-08-08T15:15:38.437+08:00
2025-08-09 11:14:28,2025-08-08T15:16:00+08:00,2025-08-08T15:18:02+08:00,1.4508,104.0627,C,Cloud to Cloud,2025-08-08T15:15:38.437+08:00
2025-08-09 11:14:28,2025-08-08T15:16:00+08:00,2025-08-08T15:18:02+08:00,1.4395,104.0493,C,Cloud to Cloud,2025-08-08T15:15:38.437+08:00
2025-08-09 11:14:28,2025-08-08T15:16:00+08:00,2025-08-08T15:18:02+08:00,1.4415,104.0526,C,Cloud to Cloud,2025-08-08T15:15:38.437+08:00
2025-08-09 11:14:28,2025-08-08T15:16:00+08:00,2025-08-08T15:18:02+08:00,1.4528,104.0634,C,Cloud to Cloud,2025-08-08T15:15:38.437+08:00
2025-08-09 11:14:28,2025-08-08T15:16:00+08:00,2025-08-08T15:18:02+08:00,1.4418,104.0514,C,Cloud to Cloud,2025-08-08T15:15:38.437+08:00
2025-08-09 11:14:28,2025-08-08T15:16:00+08:00,2025-08-08T15:18:02+08:00,1.4547,104.0639,C,Cloud to Cloud,2025-08-08T15:15:38.437+08:00
2025-08-09 11:14:28,2025-08-08T15:16:00+08:00,2025-08-08T15:18:02+08:00,1.455,104.064,C,Cloud to Cloud,2025-08-08T15:15:38.437+08:00
2025-08-09 11:14:28,2025-08-08T15:16:00+08:00,2025-08-08T15:18:02+08:00,1.4498,104.0584,C,Cloud to Cloud,2025-08-08T15:15:38.437+08:00
2025-08-09 11:14:28,2025-08-08T15:16:00+08:00,2025-08-08T15:18:02+08:00,1.447,104.054,C,Cloud to Cloud,2025-08-08T15:15:38.438+08:00
2025-08-09 11:14:28,2025-08-08T15:16:00+08:00,2025-08-08T15:18:02+08:00,1.4478,104.0531,C,Cloud to Cloud,2025-08-08T15:15:38.438+08:00
2025-08-09 11:14:28,2025-08-08T15:16:00+08:00,2025-08-08T15:18:02+08:00,1.447,104.0509,C,Cloud to Cloud,2025-08-08T15:15:38.438+08:00
2025-08-09 11:14:28,2025-08-08T15:16:00+08:00,2025-08-08T15:18:02+08:00,1.4782,104.0798,C,Cloud to Cloud,2025-08-08T15:15:38.438+08:00
2025-08-09 11:14:28,2025-08-08T15:16:00+08:00,2025-08-08T15:18:02+08:00,1.4665,104.0662,C,Cloud to Cloud,2025-08-08T15:15:38.438+08:00
2025-08-09 11:14:28,2025-08-08T15:16:00+08:00,2025-08-08T15:18:02+08:00,1.4738,104.0725,C,Cloud to Cloud,2025-08-08T15:15:38.438+08:00
2025-08-09 11:14:28,2025-08-08T15:16:00+08:00,2025-08-08T15:18:02+08:00,1.4386,104.0442,C,Cloud to Cloud,2025-08-08T15:15:38.438+08:00
2025-08-09 11:14:28,2025-08-08T15:16:00+08:00,2025-08-08T15:18:02+08:00,1.4717,104.0703,C,Cloud to Cloud,2025-08-08T15:15:38.438+08:00
2025-08-09 11:14:28,2025-08-08T15:16:00+08:00,2025-08-08T15:18:02+08:00,1.4646,104.0666,C,Cloud to Cloud,2025-08-08T15:15:38.438+08:00
2025-08-09 11:14:28,2025-08-08T15:16:00+08:00,2025-08-08T15:18:02+08:00,1.4485,104.0427,C,Cloud to Cloud,2025-08-08T15:15:38.438+08:00
2025-08-09 11:14:28,2025-08-08T15:16:00+08:00,2025-08-08T15:18:02+08:00,1.4727,104.0717,C,Cloud to Cloud,2025-08-08T15:15:38.439+08:00
2025-08-09 11:14:28,2025-08-08T15:16:00+08:00,2025-08-08T15:18:02+08:00,1.4696,104.0691,C,Cloud to Cloud,2025-08-08T15:15:38.439+08:00
2025-08-09 11:14:28,2025-08-08T15:16:00+08:00,2025-08-08T15:18:02+08:00,1.4437,104.0375,C,Cloud to Cloud,2025-08-08T15:15:38.439+08:00
2025-08-09 11:14:28,2025-08-08T15:16:00+08:00,2025-08-08T15:18:02+08:00,1.4414,104.035,C,Cloud to Cloud,2025-08-08T15:15:38.439+08:00
2025-08-09 11:14:28,2025-08-08T15:16:00+08:00,2025-08-08T15:18:02+08:00,1.4414,104.035,C,Cloud to Cloud,2025-08-08T15:15:38.439+08:00
2025-08-09 11:14:28,2025-08-08T15:16:00+08:00,2025-08-08T15:18:02+08:00,1.4379,104.0306,C,Cloud to Cloud,2025-08-08T15:15:38.439+08:00
2025-08-09 11:14:28,2025-08-08T15:16:00+08:00,2025-08-08T15:18:02+08:00,1.4404,104.0345,C,Cloud to Cloud,2025-08-08T15:15:38.439+08:00
2025-08-09 11:14:28,2025-08-08T15:16:00+08:00,2025-08-08T15:18:02+08:00,1.4388,104.0327,C,Cloud to Cloud,2025-08-08T15:15:38.439+08:00
2025-08-09 11:14:28,2025-08-08T15:16:00+08:00,2025-08-08T15:18:02+08:00,1.4317,104.0259,C,Cloud to Cloud,2025-08-08T15:15:38.439+08:00
2025-08-09 11:14:28,2025-08-08T15:16:00+08:00,2025-08-08T15:18:02+08:00,1.4761,104.0749,C,Cloud to Cloud,2025-08-08T15:15:38.439+08:00
2025-08-09 11:14:28,2025-08-08T15:16:00+08:00,2025-08-08T15:18:02+08:00,1.4864,104.0836,C,Cloud to Cloud,2025-08-08T15:15:38.44+08:00
2025-08-09 11:14:28,2025-08-08T15:16:00+08:00,2025-08-08T15:18:02+08:00,1.4464,104.0408,C,Cloud to Cloud,2025-08-08T15:15:38.44+08:00
2025-08-09 11:14:28,2025-08-08T15:16:00+08:00,2025-08-08T15:18:02+08:00,1.4363,104.0257,C,Cloud to Cloud,2025-08-08T15:15:38.44+08:00
2025-08-09 11:14:28,2025-08-08T15:16:00+08:00,2025-08-08T15:18:02+08:00,1.4299,104.0243,C,Cloud to Cloud,2025-08-08T15:15:38.44+08:00
2025-08-09 11:14:28,2025-08-08T15:16:00+08:00,2025-08-08T15:18:02+08:00,1.4722,104.072,C,Cloud to Cloud,2025-08-08T15:15:38.44+08:00
2025-08-09 11:14:28,2025-08-08T15:16:00+08:00,2025-08-08T15:18:02+08:00,1.4809,104.0796,C,Cloud to Cloud,2025-08-08T15:15:38.44+08:00
2025-08-09 11:14:28,2025-08-08T15:16:00+08:00,2025-08-08T15:18:02+08:00,1.4836,104.0822,C,Cloud to Cloud,2025-08-08T15:15:38.44+08:00
2025-08-09 11:14:28,2025-08-08T15:16:00+08:00,2025-08-08T15:18:02+08:00,1.4768,104.0762,C,Cloud to Cloud,2025-08-08T15:15:38.44+08:00
2025-08-09 11:14:28,2025-08-08T15:16:00+08:00,2025-08-08T15:18:02+08:00,1.4305,104.0248,C,Cloud to Cloud,2025-08-08T15:15:38.44+08:00
2025-08-09 11:14:28,2025-08-08T15:16:00+08:00,2025-08-08T15:18:02+08:00,1.4458,104.0521,C,Cloud to Cloud,2025-08-08T15:15:38.443+08:00
2025-08-09 11:14:28,2025-08-08T15:16:00+08:00,2025-08-08T15:18:02+08:00,1.4411,104.0455,C,Cloud to Cloud,2025-08-08T15:15:38.443+08:00
2025-08-09 11:14:28,2025-08-08T15:16:00+08:00,2025-08-08T15:18:02+08:00,1.4308,104.0296,G,Cloud to Ground,2025-08-08T15:15:38.443+08:00
2025-08-09 11:14:28,2025-08-08T15:16:00+08:00,2025-08-08T15:18:02+08:00,1.45,104.0535,C,Cloud to Cloud,2025-08-08T15:15:38.443+08:00
2025-08-09 11:14:28,2025-08-08T15:16:00+08:00,2025-08-08T15:18:02+08:00,1.4479,104.0514,C,Cloud to Cloud,2025-08-08T15:15:38.443+08:00
2025-08-09 11:14:28,2025-08-08T15:16:00+08:00,2025-08-08T15:18:02+08:00,1.4426,104.0511,C,Cloud to Cloud,2025-08-08T15:15:38.451+08:00
2025-08-09 11:14:28,2025-08-08T15:16:00+08:00,2025-08-08T15:18:02+08:00,1.4488,104.0575,C,Cloud to Cloud,2025-08-08T15:15:38.451+08:00
2025-08-09 11:14:28,2025-08-08T15:16:00+08:00,2025-08-08T15:18:02+08:00,1.4433,104.0526,C,Cloud to Cloud,2025-08-08T15:15:38.451+08:00
2025-08-09 11:14:28,2025-08-08T15:16:00+08:00,2025-08-08T15:18:02+08:00,1.463,104.0723,C,Cloud to Cloud,2025-08-08T15:15:38.451+08:00
2025-08-09 11:14:28,2025-08-08T15:16:00+08:00,2025-08-08T15:18:02+08:00,1.4431,104.0427,C,Cloud to Cloud,2025-08-08T15:15:38.459+08:00
2025-08-09 11:14:28,2025-08-08T15:16:00+08:00,2025-08-08T15:18:02+08:00,1.1051,103.5082,C,Cloud to Cloud,2025-08-08T15:15:48.386+08:00
2025-08-09 11:14:28,2025-08-08T15:16:00+08:00,2025-08-08T15:18:02+08:00,1.0934,103.4719,C,Cloud to Cloud,2025-08-08T15:15:52.377+08:00
2025-08-09 11:14:28,2025-08-08T15:16:00+08:00,2025-08-08T15:18:02+08:00,1.1035,103.4891,C,Cloud to Cloud,2025-08-08T15:15:52.377+08:00
2025-08-09 11:14:28,2025-08-08T15:16:00+08:00,2025-08-08T15:18:02+08:00,1.0709,103.4385,C,Cloud to Cloud,2025-08-08T15:15:59.357+08:00
2025-08-09 11:14:28,2025-08-08T15:14:00+08:00,2025-08-08T15:16:02+08:00,1.0395,103.7202,C,Cloud to Cloud,2025-08-08T15:12:50.816+08:00
2025-08-09 11:14:28,2025-08-08T15:14:00+08:00,2025-08-08T15:16:02+08:00,1.0674,103.4262,C,Cloud to Cloud,2025-08-08T15:13:21.52+08:00
2025-08-09 11:14:28,2025-08-08T15:14:00+08:00,2025-08-08T15:16:02+08:00,1.4463,104.0355,C,Cloud to Cloud,2025-08-08T15:13:27.04+08:00
2025-08-09 11:14:28,2025-08-08T15:14:00+08:00,2025-08-08T15:16:02+08:00,1.4364,104.0292,C,Cloud to Cloud,2025-08-08T15:13:27.04+08:00
2025-08-09 11:14:28,2025-08-08T15:14:00+08:00,2025-08-08T15:16:02+08:00,1.4364,104.0163,C,Cloud to Cloud,2025-08-08T15:13:27.041+08:00
2025-08-09 11:14:28,2025-08-08T15:14:00+08:00,2025-08-08T15:16:02+08:00,1.4387,104.015,C,Cloud to Cloud,2025-08-08T15:13:27.07+08:00
2025-08-09 11:14:28,2025-08-08T15:14:00+08:00,2025-08-08T15:16:02+08:00,1.4138,104.0313,C,Cloud to Cloud,2025-08-08T15:13:27.087+08:00
2025-08-09 11:14:28,2025-08-08T15:14:00+08:00,2025-08-08T15:16:02+08:00,1.4349,104.057,C,Cloud to Cloud,2025-08-08T15:13:27.142+08:00
2025-08-09 11:14:28,2025-08-08T15:14:00+08:00,2025-08-08T15:16:02+08:00,1.4391,104.0577,C,Cloud to Cloud,2025-08-08T15:13:27.143+08:00
2025-08-09 11:14:28,2025-08-08T15:14:00+08:00,2025-08-08T15:16:02+08:00,1.4318,104.0491,C,Cloud to Cloud,2025-08-08T15:13:27.143+08:00
2025-08-09 11:14:28,2025-08-08T15:14:00+08:00,2025-08-08T15:16:02+08:00,0.9663,103.2849,C,Cloud to Cloud,2025-08-08T15:13:27.15+08:00
2025-08-09 11:14:28,2025-08-08T15:14:00+08:00,2025-08-08T15:16:02+08:00,0.9771,103.2956,C,Cloud to Cloud,2025-08-08T15:13:27.15+08:00
2025-08-09 11:14:28,2025-08-08T15:14:00+08:00,2025-08-08T15:16:02+08:00,1.3893,104.0169,G,Cloud to Ground,2025-08-08T15:13:27.158+08:00
2025-08-09 11:14:28,2025-08-08T15:14:00+08:00,2025-08-08T15:16:02+08:00,1.3962,104.0116,C,Cloud to Cloud,2025-08-08T15:13:27.159+08:00
2025-08-09 11:14:28,2025-08-08T15:14:00+08:00,2025-08-08T15:16:02+08:00,1.3958,104.0059,C,Cloud to Cloud,2025-08-08T15:13:27.159+08:00
2025-08-09 11:14:28,2025-08-08T15:14:00+08:00,2025-08-08T15:16:02+08:00,1.3932,104.0258,C,Cloud to Cloud,2025-08-08T15:13:27.159+08:00
2025-08-09 11:14:28,2025-08-08T15:14:00+08:00,2025-08-08T15:16:02+08:00,1.3749,104.1305,C,Cloud to Cloud,2025-08-08T15:13:27.161+08:00
2025-08-09 11:14:28,2025-08-08T15:14:00+08:00,2025-08-08T15:16:02+08:00,1.4159,104.009,C,Cloud to Cloud,2025-08-08T15:13:27.254+08:00
2025-08-09 11:14:28,2025-08-08T15:14:00+08:00,2025-08-08T15:16:02+08:00,1.412,104.0149,C,Cloud to Cloud,2025-08-08T15:13:27.254+08:00
2025-08-09 11:14:28,2025-08-08T15:14:00+08:00,2025-08-08T15:16:02+08:00,1.4079,104.0083,C,Cloud to Cloud,2025-08-08T15:13:27.254+08:00
2025-08-09 11:14:28,2025-08-08T15:14:00+08:00,2025-08-08T15:16:02+08:00,1.4069,104.0242,C,Cloud to Cloud,2025-08-08T15:13:27.255+08:00
2025-08-09 11:14:28,2025-08-08T15:14:00+08:00,2025-08-08T15:16:02+08:00,1.4014,104.0285,C,Cloud to Cloud,2025-08-08T15:13:27.255+08:00
2025-08-09 11:14:28,2025-08-08T15:14:00+08:00,2025-08-08T15:16:02+08:00,1.3959,104.0269,C,Cloud to Cloud,2025-08-08T15:13:27.255+08:00
2025-08-09 11:14:28,2025-08-08T15:14:00+08:00,2025-08-08T15:16:02+08:00,1.4436,104.0007,C,Cloud to Cloud,2025-08-08T15:13:27.257+08:00
2025-08-09 11:14:28,2025-08-08T15:12:00+08:00,2025-08-08T15:14:02+08:00,1.4213,104.0682,C,Cloud to Cloud,2025-08-08T15:10:59.962+08:00
2025-08-09 11:14:28,2025-08-08T15:12:00+08:00,2025-08-08T15:14:02+08:00,1.4512,104.0205,C,Cloud to Cloud,2025-08-08T15:10:59.964+08:00
2025-08-09 11:14:28,2025-08-08T15:12:00+08:00,2025-08-08T15:14:02+08:00,1.4459,104.0233,C,Cloud to Cloud,2025-08-08T15:10:59.98+08:00
2025-08-09 11:14:28,2025-08-08T15:12:00+08:00,2025-08-08T15:14:02+08:00,1.4498,104.0256,C,Cloud to Cloud,2025-08-08T15:10:59.98+08:00
2025-08-09 11:14:28,2025-08-08T15:12:00+08:00,2025-08-08T15:14:02+08:00,1.4541,104.0215,C,Cloud to Cloud,2025-08-08T15:11:00.054+08:00
2025-08-09 11:14:28,2025-08-08T15:12:00+08:00,2025-08-08T15:14:02+08:00,1.4072,104.0232,C,Cloud to Cloud,2025-08-08T15:11:00.054+08:00
2025-08-09 11:14:28,2025-08-08T15:12:00+08:00,2025-08-08T15:14:02+08:00,1.44,104.0199,C,Cloud to Cloud,2025-08-08T15:11:00.055+08:00
2025-08-09 11:14:28,2025-08-08T15:12:00+08:00,2025-08-08T15:14:02+08:00,1.4466,104.0523,C,Cloud to Cloud,2025-08-08T15:11:00.102+08:00
2025-08-09 11:14:28,2025-08-08T15:12:00+08:00,2025-08-08T15:14:02+08:00,1.4386,104.0454,C,Cloud to Cloud,2025-08-08T15:11:00.102+08:00
2025-08-09 11:14:28,2025-08-08T15:12:00+08:00,2025-08-08T15:14:02+08:00,1.4685,104.0631,C,Cloud to Cloud,2025-08-08T15:11:00.102+08:00
2025-08-09 11:14:28,2025-08-08T15:12:00+08:00,2025-08-08T15:14:02+08:00,1.4245,104.0254,C,Cloud to Cloud,2025-08-08T15:11:00.102+08:00
2025-08-09 11:14:28,2025-08-08T15:12:00+08:00,2025-08-08T15:14:02+08:00,1.4125,104.0247,G,Cloud to Ground,2025-08-08T15:11:04.611+08:00
2025-08-09 11:14:28,2025-08-08T15:12:00+08:00,2025-08-08T15:14:02+08:00,1.4224,104.0264,C,Cloud to Cloud,2025-08-08T15:11:04.611+08:00
2025-08-09 11:14:28,2025-08-08T15:12:00+08:00,2025-08-08T15:14:02+08:00,1.4954,104.117,C,Cloud to Cloud,2025-08-08T15:11:04.611+08:00
2025-08-09 11:14:28,2025-08-08T15:12:00+08:00,2025-08-08T15:14:02+08:00,1.4301,104.0568,C,Cloud to Cloud,2025-08-08T15:11:04.643+08:00
2025-08-09 11:14:28,2025-08-08T15:12:00+08:00,2025-08-08T15:14:02+08:00,1.4406,104.0726,C,Cloud to Cloud,2025-08-08T15:11:04.643+08:00
2025-08-09 11:14:28,2025-08-08T15:12:00+08:00,2025-08-08T15:14:02+08:00,1.4341,104.0563,C,Cloud to Cloud,2025-08-08T15:11:04.643+08:00
2025-08-09 11:14:28,2025-08-08T15:12:00+08:00,2025-08-08T15:14:02+08:00,1.4303,104.0469,C,Cloud to Cloud,2025-08-08T15:11:04.644+08:00
2025-08-09 11:14:28,2025-08-08T15:12:00+08:00,2025-08-08T15:14:02+08:00,1.4129,104.0246,C,Cloud to Cloud,2025-08-08T15:11:04.644+08:00
2025-08-09 11:14:28,2025-08-08T15:12:00+08:00,2025-08-08T15:14:02+08:00,1.4471,104.0489,C,Cloud to Cloud,2025-08-08T15:11:04.723+08:00
2025-08-09 11:14:28,2025-08-08T15:12:00+08:00,2025-08-08T15:14:02+08:00,1.4265,104.0443,C,Cloud to Cloud,2025-08-08T15:11:04.723+08:00
2025-08-09 11:14:28,2025-08-08T15:12:00+08:00,2025-08-08T15:14:02+08:00,1.4628,104.0502,C,Cloud to Cloud,2025-08-08T15:11:04.726+08:00
2025-08-09 11:14:28,2025-08-08T15:12:00+08:00,2025-08-08T15:14:02+08:00,1.4321,104.0652,C,Cloud to Cloud,2025-08-08T15:11:04.726+08:00
2025-08-09 11:14:28,2025-08-08T15:12:00+08:00,2025-08-08T15:14:02+08:00,1.4245,104.0119,C,Cloud to Cloud,2025-08-08T15:11:04.731+08:00
2025-08-09 11:14:28,2025-08-08T15:12:00+08:00,2025-08-08T15:14:02+08:00,1.4302,104.0288,G,Cloud to Ground,2025-08-08T15:11:04.731+08:00
2025-08-09 11:14:28,2025-08-08T15:12:00+08:00,2025-08-08T15:14:02+08:00,1.436,104.0406,C,Cloud to Cloud,2025-08-08T15:11:04.731+08:00
2025-08-09 11:14:28,2025-08-08T15:12:00+08:00,2025-08-08T15:14:02+08:00,1.4279,104.0275,C,Cloud to Cloud,2025-08-08T15:11:04.731+08:00
2025-08-09 11:14:28,2025-08-08T15:12:00+08:00,2025-08-08T15:14:02+08:00,1.45,104.0762,C,Cloud to Cloud,2025-08-08T15:11:04.759+08:00
2025-08-09 11:14:28,2025-08-08T15:12:00+08:00,2025-08-08T15:14:02+08:00,0.9844,103.3032,C,Cloud to Cloud,2025-08-08T15:11:59.653+08:00
2025-08-09 11:14:28,2025-08-08T15:12:00+08:00,2025-08-08T15:14:02+08:00,0.9909,103.314,C,Cloud to Cloud,2025-08-08T15:11:59.653+08:00
2025-08-09 11:14:28,2025-08-08T15:10:00+08:00,2025-08-08T15:12:03+08:00,1.4492,104.0982,C,Cloud to Cloud,2025-08-08T15:08:06.221+08:00
2025-08-09 11:14:28,2025-08-08T15:10:00+08:00,2025-08-08T15:12:03+08:00,1.4427,104.0436,C,Cloud to Cloud,2025-08-08T15:08:06.221+08:00
2025-08-09 11:14:28,2025-08-08T15:10:00+08:00,2025-08-08T15:12:03+08:00,1.0324,103.4206,C,Cloud to Cloud,2025-08-08T15:08:46.921+08:00
2025-08-09 11:14:28,2025-08-08T15:10:00+08:00,2025-08-08T15:12:03+08:00,1.0047,103.3644,C,Cloud to Cloud,2025-08-08T15:08:46.921+08:00
2025-08-09 11:14:28,2025-08-08T15:10:00+08:00,2025-08-08T15:12:03+08:00,1.0177,103.3687,C,Cloud to Cloud,2025-08-08T15:08:46.921+08:00
2025-08-09 11:14:28,2025-08-08T15:10:00+08:00,2025-08-08T15:12:03+08:00,1.0258,103.3942,C,Cloud to Cloud,2025-08-08T15:08:46.921+08:00
2025-08-09 11:14:28,2025-08-08T15:10:00+08:00,2025-08-08T15:12:03+08:00,1.4421,104.0437,C,Cloud to Cloud,2025-08-08T15:09:58.115+08:00
2025-08-09 11:14:28,2025-08-08T15:10:00+08:00,2025-08-08T15:12:03+08:00,1.4382,104.0348,G,Cloud to Ground,2025-08-08T15:09:58.115+08:00
2025-08-09 11:14:28,2025-08-08T15:10:00+08:00,2025-08-08T15:12:03+08:00,1.4341,104.0409,C,Cloud to Cloud,2025-08-08T15:09:58.116+08:00
2025-08-09 11:14:28,2025-08-08T15:10:00+08:00,2025-08-08T15:12:03+08:00,1.4352,104.0522,C,Cloud to Cloud,2025-08-08T15:09:58.155+08:00
2025-08-09 11:14:28,2025-08-08T15:10:00+08:00,2025-08-08T15:12:03+08:00,1.4583,104.0769,C,Cloud to Cloud,2025-08-08T15:09:58.155+08:00
2025-08-09 11:14:28,2025-08-08T15:10:00+08:00,2025-08-08T15:12:03+08:00,1.4305,104.0283,G,Cloud to Ground,2025-08-08T15:09:58.196+08:00
2025-08-09 11:14:28,2025-08-08T15:10:00+08:00,2025-08-08T15:12:03+08:00,1.4288,104.0234,C,Cloud to Cloud,2025-08-08T15:09:58.196+08:00
2025-08-09 11:14:28,2025-08-08T15:10:00+08:00,2025-08-08T15:12:03+08:00,1.4401,104.0345,C,Cloud to Cloud,2025-08-08T15:09:58.196+08:00
2025-08-09 11:14:28,2025-08-08T15:10:00+08:00,2025-08-08T15:12:03+08:00,1.4367,104.043,C,Cloud to Cloud,2025-08-08T15:09:58.196+08:00
2025-08-09 11:14:28,2025-08-08T15:08:00+08:00,2025-08-08T15:10:05+08:00,1.0141,103.3842,C,Cloud to Cloud,2025-08-08T15:07:08.493+08:00
2025-08-09 11:14:28,2025-08-08T15:08:00+08:00,2025-08-08T15:10:05+08:00,1.4711,103.9538,C,Cloud to Cloud,2025-08-08T15:07:36.296+08:00
2025-08-09 11:14:28,2025-08-08T15:08:00+08:00,2025-08-08T15:10:05+08:00,1.4711,103.9538,C,Cloud to Cloud,2025-08-08T15:07:36.296+08:00
2025-08-09 11:14:28,2025-08-08T15:08:00+08:00,2025-08-08T15:10:05+08:00,1.4674,103.9551,C,Cloud to Cloud,2025-08-08T15:07:36.296+08:00
2025-08-09 11:14:28,2025-08-08T15:08:00+08:00,2025-08-08T15:10:05+08:00,1.4674,103.9546,C,Cloud to Cloud,2025-08-08T15:07:36.296+08:00
2025-08-09 11:14:28,2025-08-08T15:08:00+08:00,2025-08-08T15:10:05+08:00,1.4698,103.9539,C,Cloud to Cloud,2025-08-08T15:07:36.296+08:00
2025-08-09 11:14:28,2025-08-08T15:08:00+08:00,2025-08-08T15:10:05+08:00,1.4698,103.9539,C,Cloud to Cloud,2025-08-08T15:07:36.296+08:00
2025-08-09 11:14:28,2025-08-08T15:08:00+08:00,2025-08-08T15:10:05+08:00,1.4737,103.953,C,Cloud to Cloud,2025-08-08T15:07:36.297+08:00
2025-08-09 11:14:28,2025-08-08T15:08:00+08:00,2025-08-08T15:10:05+08:00,1.4756,103.9529,C,Cloud to Cloud,2025-08-08T15:07:36.297+08:00
2025-08-09 11:14:28,2025-08-08T15:08:00+08:00,2025-08-08T15:10:05+08:00,1.4733,103.9554,C,Cloud to Cloud,2025-08-08T15:07:36.297+08:00
2025-08-09 11:14:28,2025-08-08T15:08:00+08:00,2025-08-08T15:10:05+08:00,1.4749,103.9533,C,Cloud to Cloud,2025-08-08T15:07:36.297+08:00
2025-08-09 11:14:28,2025-08-08T15:08:00+08:00,2025-08-08T15:10:05+08:00,1.4771,103.9531,C,Cloud to Cloud,2025-08-08T15:07:36.297+08:00
2025-08-09 11:14:28,2025-08-08T15:08:00+08:00,2025-08-08T15:10:05+08:00,1.4724,103.9559,C,Cloud to Cloud,2025-08-08T15:07:36.297+08:00
2025-08-09 11:14:28,2025-08-08T15:08:00+08:00,2025-08-08T15:10:05+08:00,1.4764,103.9531,C,Cloud to Cloud,2025-08-08T15:07:36.297+08:00
2025-08-09 11:14:28,2025-08-08T15:08:00+08:00,2025-08-08T15:10:05+08:00,1.4713,103.9537,C,Cloud to Cloud,2025-08-08T15:07:36.297+08:00
2025-08-09 11:14:28,2025-08-08T15:08:00+08:00,2025-08-08T15:10:05+08:00,1.4747,103.9542,C,Cloud to Cloud,2025-08-08T15:07:36.297+08:00
2025-08-09 11:14:28,2025-08-08T15:08:00+08:00,2025-08-08T15:10:05+08:00,1.476,103.953,C,Cloud to Cloud,2025-08-08T15:07:36.297+08:00
2025-08-09 11:14:28,2025-08-08T15:08:00+08:00,2025-08-08T15:10:05+08:00,1.4765,103.9535,C,Cloud to Cloud,2025-08-08T15:07:36.298+08:00
2025-08-09 11:14:28,2025-08-08T15:08:00+08:00,2025-08-08T15:10:05+08:00,1.4765,103.9517,C,Cloud to Cloud,2025-08-08T15:07:36.298+08:00
2025-08-09 11:14:28,2025-08-08T15:08:00+08:00,2025-08-08T15:10:05+08:00,1.4767,103.9509,C,Cloud to Cloud,2025-08-08T15:07:36.298+08:00
2025-08-09 11:14:28,2025-08-08T15:08:00+08:00,2025-08-08T15:10:05+08:00,1.4779,103.9527,C,Cloud to Cloud,2025-08-08T15:07:36.298+08:00
2025-08-09 11:14:28,2025-08-08T15:08:00+08:00,2025-08-08T15:10:05+08:00,1.4774,103.9531,C,Cloud to Cloud,2025-08-08T15:07:36.298+08:00
2025-08-09 11:14:28,2025-08-08T15:08:00+08:00,2025-08-08T15:10:05+08:00,1.4777,103.9519,C,Cloud to Cloud,2025-08-08T15:07:36.298+08:00
2025-08-09 11:14:28,2025-08-08T15:08:00+08:00,2025-08-08T15:10:05+08:00,1.4784,103.9527,C,Cloud to Cloud,2025-08-08T15:07:36.298+08:00
2025-08-09 11:14:28,2025-08-08T15:08:00+08:00,2025-08-08T15:10:05+08:00,1.4763,103.9526,C,Cloud to Cloud,2025-08-08T15:07:36.298+08:00
2025-08-09 11:14:28,2025-08-08T15:08:00+08:00,2025-08-08T15:10:05+08:00,1.4775,103.9527,C,Cloud to Cloud,2025-08-08T15:07:36.298+08:00
2025-08-09 11:14:28,2025-08-08T15:08:00+08:00,2025-08-08T15:10:05+08:00,1.4795,103.9546,C,Cloud to Cloud,2025-08-08T15:07:36.298+08:00
2025-08-09 11:14:28,2025-08-08T15:08:00+08:00,2025-08-08T15:10:05+08:00,1.4771,103.9546,C,Cloud to Cloud,2025-08-08T15:07:36.299+08:00
2025-08-09 11:14:28,2025-08-08T15:08:00+08:00,2025-08-08T15:10:05+08:00,1.4787,103.9543,C,Cloud to Cloud,2025-08-08T15:07:36.299+08:00
2025-08-09 11:14:28,2025-08-08T15:08:00+08:00,2025-08-08T15:10:05+08:00,1.4793,103.9552,C,Cloud to Cloud,2025-08-08T15:07:36.299+08:00
2025-08-09 11:14:28,2025-08-08T15:08:00+08:00,2025-08-08T15:10:05+08:00,1.4805,103.9553,C,Cloud to Cloud,2025-08-08T15:07:36.299+08:00
2025-08-09 11:14:28,2025-08-08T15:08:00+08:00,2025-08-08T15:10:05+08:00,1.4792,103.9549,C,Cloud to Cloud,2025-08-08T15:07:36.299+08:00
2025-08-09 11:14:28,2025-08-08T15:08:00+08:00,2025-08-08T15:10:05+08:00,1.4792,103.9549,C,Cloud to Cloud,2025-08-08T15:07:36.299+08:00
2025-08-09 11:14:28,2025-08-08T15:08:00+08:00,2025-08-08T15:10:05+08:00,1.4802,103.9538,C,Cloud to Cloud,2025-08-08T15:07:36.299+08:00
2025-08-09 11:14:28,2025-08-08T15:08:00+08:00,2025-08-08T15:10:05+08:00,1.479,103.9552,C,Cloud to Cloud,2025-08-08T15:07:36.299+08:00
2025-08-09 11:14:28,2025-08-08T15:08:00+08:00,2025-08-08T15:10:05+08:00,1.4792,103.9562,C,Cloud to Cloud,2025-08-08T15:07:36.299+08:00
2025-08-09 11:14:28,2025-08-08T15:08:00+08:00,2025-08-08T15:10:05+08:00,1.4785,103.9558,C,Cloud to Cloud,2025-08-08T15:07:36.299+08:00
2025-08-09 11:14:28,2025-08-08T15:08:00+08:00,2025-08-08T15:10:05+08:00,1.4788,103.9554,C,Cloud to Cloud,2025-08-08T15:07:36.3+08:00
2025-08-09 11:14:28,2025-08-08T15:08:00+08:00,2025-08-08T15:10:05+08:00,1.4777,103.9554,C,Cloud to Cloud,2025-08-08T15:07:36.3+08:00
2025-08-09 11:14:28,2025-08-08T15:08:00+08:00,2025-08-08T15:10:05+08:00,1.4771,103.9572,C,Cloud to Cloud,2025-08-08T15:07:36.3+08:00
2025-08-09 11:14:28,2025-08-08T15:08:00+08:00,2025-08-08T15:10:05+08:00,1.4772,103.956,C,Cloud to Cloud,2025-08-08T15:07:36.3+08:00
2025-08-09 11:14:28,2025-08-08T15:08:00+08:00,2025-08-08T15:10:05+08:00,1.4761,103.9559,C,Cloud to Cloud,2025-08-08T15:07:36.3+08:00
2025-08-09 11:14:28,2025-08-08T15:08:00+08:00,2025-08-08T15:10:05+08:00,1.477,103.956,C,Cloud to Cloud,2025-08-08T15:07:36.3+08:00
2025-08-09 11:14:28,2025-08-08T15:08:00+08:00,2025-08-08T15:10:05+08:00,1.4762,103.9567,C,Cloud to Cloud,2025-08-08T15:07:36.3+08:00
2025-08-09 11:14:28,2025-08-08T15:08:00+08:00,2025-08-08T15:10:05+08:00,1.4771,103.9568,C,Cloud to Cloud,2025-08-08T15:07:36.3+08:00
2025-08-09 11:14:28,2025-08-08T15:08:00+08:00,2025-08-08T15:10:05+08:00,1.4783,103.9571,C,Cloud to Cloud,2025-08-08T15:07:36.3+08:00
2025-08-09 11:14:28,2025-08-08T15:08:00+08:00,2025-08-08T15:10:05+08:00,1.4783,103.9575,C,Cloud to Cloud,2025-08-08T15:07:36.301+08:00
2025-08-09 11:14:28,2025-08-08T15:08:00+08:00,2025-08-08T15:10:05+08:00,1.478,103.9586,C,Cloud to Cloud,2025-08-08T15:07:36.301+08:00
2025-08-09 11:14:28,2025-08-08T15:08:00+08:00,2025-08-08T15:10:05+08:00,1.4785,103.9582,C,Cloud to Cloud,2025-08-08T15:07:36.301+08:00
2025-08-09 11:14:28,2025-08-08T15:08:00+08:00,2025-08-08T15:10:05+08:00,1.4785,103.9578,C,Cloud to Cloud,2025-08-08T15:07:36.301+08:00
2025-08-09 11:14:28,2025-08-08T15:08:00+08:00,2025-08-08T15:10:05+08:00,1.4788,103.9582,C,Cloud to Cloud,2025-08-08T15:07:36.301+08:00
2025-08-09 11:14:28,2025-08-08T15:08:00+08:00,2025-08-08T15:10:05+08:00,1.4769,103.959,C,Cloud to Cloud,2025-08-08T15:07:36.301+08:00
2025-08-09 11:14:28,2025-08-08T15:08:00+08:00,2025-08-08T15:10:05+08:00,1.4767,103.9602,C,Cloud to Cloud,2025-08-08T15:07:36.302+08:00
2025-08-09 11:14:28,2025-08-08T15:08:00+08:00,2025-08-08T15:10:05+08:00,1.4729,103.9601,C,Cloud to Cloud,2025-08-08T15:07:36.302+08:00
2025-08-09 11:14:28,2025-08-08T15:08:00+08:00,2025-08-08T15:10:05+08:00,1.4729,103.9611,C,Cloud to Cloud,2025-08-08T15:07:36.302+08:00
2025-08-09 11:14:28,2025-08-08T15:08:00+08:00,2025-08-08T15:10:05+08:00,1.4735,103.9607,C,Cloud to Cloud,2025-08-08T15:07:36.302+08:00
2025-08-09 11:14:28,2025-08-08T15:08:00+08:00,2025-08-08T15:10:05+08:00,1.473,103.9603,C,Cloud to Cloud,2025-08-08T15:07:36.302+08:00
2025-08-09 11:14:28,2025-08-08T15:08:00+08:00,2025-08-08T15:10:05+08:00,1.4727,103.9595,C,Cloud to Cloud,2025-08-08T15:07:36.302+08:00
2025-08-09 11:14:28,2025-08-08T15:08:00+08:00,2025-08-08T15:10:05+08:00,1.4939,103.9603,C,Cloud to Cloud,2025-08-08T15:07:36.303+08:00
2025-08-09 11:14:28,2025-08-08T15:08:00+08:00,2025-08-08T15:10:05+08:00,1.4693,103.9551,G,Cloud to Ground,2025-08-08T15:07:36.303+08:00
2025-08-09 11:14:28,2025-08-08T15:08:00+08:00,2025-08-08T15:10:05+08:00,1.4703,103.9629,C,Cloud to Cloud,2025-08-08T15:07:36.303+08:00
2025-08-09 11:14:28,2025-08-08T15:08:00+08:00,2025-08-08T15:10:05+08:00,1.4683,103.9536,C,Cloud to Cloud,2025-08-08T15:07:36.307+08:00
2025-08-09 11:14:28,2025-08-08T15:08:00+08:00,2025-08-08T15:10:05+08:00,1.4691,103.9533,C,Cloud to Cloud,2025-08-08T15:07:36.307+08:00
2025-08-09 11:14:28,2025-08-08T15:08:00+08:00,2025-08-08T15:10:05+08:00,1.4566,103.9564,C,Cloud to Cloud,2025-08-08T15:07:36.307+08:00
2025-08-09 11:14:28,2025-08-08T15:08:00+08:00,2025-08-08T15:10:05+08:00,1.4868,103.9526,C,Cloud to Cloud,2025-08-08T15:07:36.324+08:00
2025-08-09 11:14:28,2025-08-08T15:08:00+08:00,2025-08-08T15:10:05+08:00,1.4916,103.95,C,Cloud to Cloud,2025-08-08T15:07:36.324+08:00
2025-08-09 11:14:28,2025-08-08T15:08:00+08:00,2025-08-08T15:10:05+08:00,1.4793,103.9569,C,Cloud to Cloud,2025-08-08T15:07:36.324+08:00
2025-08-09 11:14:28,2025-08-08T15:08:00+08:00,2025-08-08T15:10:05+08:00,1.4683,103.9598,C,Cloud to Cloud,2025-08-08T15:07:36.325+08:00
2025-08-09 11:14:28,2025-08-08T15:08:00+08:00,2025-08-08T15:10:05+08:00,1.4707,103.9522,G,Cloud to Ground,2025-08-08T15:07:36.325+08:00
2025-08-09 11:14:28,2025-08-08T15:08:00+08:00,2025-08-08T15:10:05+08:00,1.4739,103.9561,C,Cloud to Cloud,2025-08-08T15:07:36.325+08:00
2025-08-09 11:14:28,2025-08-08T15:08:00+08:00,2025-08-08T15:10:05+08:00,1.4814,103.9587,C,Cloud to Cloud,2025-08-08T15:07:36.346+08:00
2025-08-09 11:14:28,2025-08-08T15:08:00+08:00,2025-08-08T15:10:05+08:00,1.4775,103.9598,C,Cloud to Cloud,2025-08-08T15:07:36.346+08:00
2025-08-09 11:14:28,2025-08-08T15:08:00+08:00,2025-08-08T15:10:05+08:00,1.4924,103.9534,C,Cloud to Cloud,2025-08-08T15:07:36.551+08:00
2025-08-09 11:14:28,2025-08-08T15:08:00+08:00,2025-08-08T15:10:05+08:00,1.4931,103.9525,C,Cloud to Cloud,2025-08-08T15:07:36.551+08:00
2025-08-09 11:14:28,2025-08-08T15:08:00+08:00,2025-08-08T15:10:05+08:00,1.4893,103.9481,C,Cloud to Cloud,2025-08-08T15:07:36.551+08:00
2025-08-09 11:14:28,2025-08-08T15:08:00+08:00,2025-08-08T15:10:05+08:00,1.4999,103.9469,C,Cloud to Cloud,2025-08-08T15:07:36.551+08:00
2025-08-09 11:14:28,2025-08-08T15:08:00+08:00,2025-08-08T15:10:05+08:00,1.4897,103.9362,C,Cloud to Cloud,2025-08-08T15:07:36.551+08:00
2025-08-09 11:14:28,2025-08-08T15:08:00+08:00,2025-08-08T15:10:05+08:00,1.4854,103.9426,C,Cloud to Cloud,2025-08-08T15:07:36.551+08:00
2025-08-09 11:14:28,2025-08-08T15:08:00+08:00,2025-08-08T15:10:05+08:00,1.4868,103.9672,C,Cloud to Cloud,2025-08-08T15:07:36.557+08:00
2025-08-09 11:14:28,2025-08-08T15:08:00+08:00,2025-08-08T15:10:05+08:00,1.4881,103.967,C,Cloud to Cloud,2025-08-08T15:07:36.557+08:00
2025-08-09 11:14:28,2025-08-08T15:08:00+08:00,2025-08-08T15:10:05+08:00,1.4864,103.9614,C,Cloud to Cloud,2025-08-08T15:07:36.557+08:00
2025-08-09 11:14:28,2025-08-08T15:08:00+08:00,2025-08-08T15:10:05+08:00,1.4865,103.963,C,Cloud to Cloud,2025-08-08T15:07:36.562+08:00
2025-08-09 11:14:28,2025-08-08T15:08:00+08:00,2025-08-08T15:10:05+08:00,1.4861,103.9618,C,Cloud to Cloud,2025-08-08T15:07:36.563+08:00
2025-08-09 11:14:28,2025-08-08T15:08:00+08:00,2025-08-08T15:10:05+08:00,1.4884,103.9649,C,Cloud to Cloud,2025-08-08T15:07:36.563+08:00
2025-08-09 11:14:28,2025-08-08T15:08:00+08:00,2025-08-08T15:10:05+08:00,1.4899,103.9595,C,Cloud to Cloud,2025-08-08T15:07:36.563+08:00
2025-08-09 11:14:28,2025-08-08T15:08:00+08:00,2025-08-08T15:10:05+08:00,1.4902,103.9616,C,Cloud to Cloud,2025-08-08T15:07:36.563+08:00
2025-08-09 11:14:28,2025-08-08T15:08:00+08:00,2025-08-08T15:10:05+08:00,1.492,103.9587,C,Cloud to Cloud,2025-08-08T15:07:36.563+08:00
2025-08-09 11:14:28,2025-08-08T15:08:00+08:00,2025-08-08T15:10:05+08:00,1.4926,103.9617,C,Cloud to Cloud,2025-08-08T15:07:36.563+08:00
2025-08-09 11:14:28,2025-08-08T15:08:00+08:00,2025-08-08T15:10:05+08:00,1.4943,103.9601,C,Cloud to Cloud,2025-08-08T15:07:36.564+08:00
2025-08-09 11:14:28,2025-08-08T15:08:00+08:00,2025-08-08T15:10:05+08:00,1.4942,103.9598,C,Cloud to Cloud,2025-08-08T15:07:36.564+08:00
2025-08-09 11:14:28,2025-08-08T15:08:00+08:00,2025-08-08T15:10:05+08:00,1.5017,103.9608,C,Cloud to Cloud,2025-08-08T15:07:36.567+08:00
2025-08-09 11:14:28,2025-08-08T15:08:00+08:00,2025-08-08T15:10:05+08:00,1.5017,103.9608,C,Cloud to Cloud,2025-08-08T15:07:36.567+08:00
2025-08-09 11:14:28,2025-08-08T15:08:00+08:00,2025-08-08T15:10:05+08:00,1.5028,103.9611,C,Cloud to Cloud,2025-08-08T15:07:36.567+08:00
2025-08-09 11:14:28,2025-08-08T15:08:00+08:00,2025-08-08T15:10:05+08:00,1.5037,103.9634,C,Cloud to Cloud,2025-08-08T15:07:36.567+08:00
2025-08-09 11:14:28,2025-08-08T15:08:00+08:00,2025-08-08T15:10:05+08:00,1.4961,103.9629,C,Cloud to Cloud,2025-08-08T15:07:36.572+08:00
2025-08-09 11:14:28,2025-08-08T15:08:00+08:00,2025-08-08T15:10:05+08:00,1.4955,103.9642,C,Cloud to Cloud,2025-08-08T15:07:36.572+08:00
2025-08-09 11:14:28,2025-08-08T15:08:00+08:00,2025-08-08T15:10:05+08:00,1.5063,103.9648,C,Cloud to Cloud,2025-08-08T15:07:36.572+08:00
2025-08-09 11:14:28,2025-08-08T15:08:00+08:00,2025-08-08T15:10:05+08:00,1.4912,103.964,C,Cloud to Cloud,2025-08-08T15:07:36.637+08:00
2025-08-09 11:14:28,2025-08-08T15:08:00+08:00,2025-08-08T15:10:05+08:00,1.501,103.9604,C,Cloud to Cloud,2025-08-08T15:07:36.637+08:00
2025-08-09 11:14:28,2025-08-08T15:08:00+08:00,2025-08-08T15:10:05+08:00,1.4888,103.9447,C,Cloud to Cloud,2025-08-08T15:07:36.637+08:00
2025-08-09 11:14:28,2025-08-08T15:08:00+08:00,2025-08-08T15:10:05+08:00,1.4954,103.9621,C,Cloud to Cloud,2025-08-08T15:07:36.637+08:00
2025-08-09 11:14:28,2025-08-08T15:08:00+08:00,2025-08-08T15:10:05+08:00,1.4701,103.972,C,Cloud to Cloud,2025-08-08T15:07:36.637+08:00
2025-08-09 11:14:28,2025-08-08T15:08:00+08:00,2025-08-08T15:10:05+08:00,1.4882,103.9622,C,Cloud to Cloud,2025-08-08T15:07:36.637+08:00
2025-08-09 11:14:28,2025-08-08T15:08:00+08:00,2025-08-08T15:10:05+08:00,1.4988,103.9591,C,Cloud to Cloud,2025-08-08T15:07:36.637+08:00
2025-08-09 11:14:28,2025-08-08T15:08:00+08:00,2025-08-08T15:10:05+08:00,1.5035,103.9588,C,Cloud to Cloud,2025-08-08T15:07:36.637+08:00
2025-08-09 11:14:28,2025-08-08T15:08:00+08:00,2025-08-08T15:10:05+08:00,1.5281,103.9631,C,Cloud to Cloud,2025-08-08T15:07:36.637+08:00
2025-08-09 11:14:28,2025-08-08T15:08:00+08:00,2025-08-08T15:10:05+08:00,1.4942,103.961,C,Cloud to Cloud,2025-08-08T15:07:36.664+08:00
2025-08-09 11:14:28,2025-08-08T15:08:00+08:00,2025-08-08T15:10:05+08:00,1.4988,103.9587,C,Cloud to Cloud,2025-08-08T15:07:36.664+08:00
2025-08-09 11:14:28,2025-08-08T15:08:00+08:00,2025-08-08T15:10:05+08:00,1.4887,103.9537,C,Cloud to Cloud,2025-08-08T15:07:36.664+08:00
2025-08-09 11:14:28,2025-08-08T15:08:00+08:00,2025-08-08T15:10:05+08:00,1.4921,103.9621,C,Cloud to Cloud,2025-08-08T15:07:36.676+08:00
2025-08-09 11:14:28,2025-08-08T15:08:00+08:00,2025-08-08T15:10:05+08:00,1.4921,103.9621,C,Cloud to Cloud,2025-08-08T15:07:36.676+08:00
2025-08-09 11:14:28,2025-08-08T15:08:00+08:00,2025-08-08T15:10:05+08:00,1.4809,103.9533,C,Cloud to Cloud,2025-08-08T15:07:36.677+08:00
2025-08-09 11:14:28,2025-08-08T15:08:00+08:00,2025-08-08T15:10:05+08:00,1.4804,103.9564,C,Cloud to Cloud,2025-08-08T15:07:36.677+08:00
2025-08-09 11:14:28,2025-08-08T15:08:00+08:00,2025-08-08T15:10:05+08:00,1.487,103.9524,C,Cloud to Cloud,2025-08-08T15:07:36.677+08:00
2025-08-09 11:14:28,2025-08-08T15:08:00+08:00,2025-08-08T15:10:05+08:00,1.481,103.9508,C,Cloud to Cloud,2025-08-08T15:07:36.693+08:00
2025-08-09 11:14:28,2025-08-08T15:08:00+08:00,2025-08-08T15:10:05+08:00,1.4815,103.9506,C,Cloud to Cloud,2025-08-08T15:07:36.693+08:00
2025-08-09 11:14:28,2025-08-08T15:08:00+08:00,2025-08-08T15:10:05+08:00,1.4745,103.9543,C,Cloud to Cloud,2025-08-08T15:07:36.693+08:00
2025-08-09 11:14:28,2025-08-08T15:08:00+08:00,2025-08-08T15:10:05+08:00,1.4803,103.9535,C,Cloud to Cloud,2025-08-08T15:07:36.693+08:00
2025-08-09 11:14:28,2025-08-08T15:08:00+08:00,2025-08-08T15:10:05+08:00,1.4856,103.9545,C,Cloud to Cloud,2025-08-08T15:07:36.693+08:00
2025-08-09 11:14:28,2025-08-08T15:08:00+08:00,2025-08-08T15:10:05+08:00,1.4824,103.9552,C,Cloud to Cloud,2025-08-08T15:07:36.693+08:00
2025-08-09 11:14:28,2025-08-08T15:08:00+08:00,2025-08-08T15:10:05+08:00,1.4815,103.9385,C,Cloud to Cloud,2025-08-08T15:07:36.711+08:00
2025-08-09 11:14:28,2025-08-08T15:08:00+08:00,2025-08-08T15:10:05+08:00,1.4839,103.9523,C,Cloud to Cloud,2025-08-08T15:07:36.711+08:00
2025-08-09 11:14:28,2025-08-08T15:08:00+08:00,2025-08-08T15:10:05+08:00,1.4778,103.9432,C,Cloud to Cloud,2025-08-08T15:07:36.711+08:00
2025-08-09 11:14:28,2025-08-08T15:08:00+08:00,2025-08-08T15:10:05+08:00,1.4773,103.9395,C,Cloud to Cloud,2025-08-08T15:07:36.712+08:00
2025-08-09 11:14:28,2025-08-08T15:08:00+08:00,2025-08-08T15:10:05+08:00,1.4895,103.9568,C,Cloud to Cloud,2025-08-08T15:07:36.712+08:00
2025-08-09 11:14:28,2025-08-08T15:08:00+08:00,2025-08-08T15:10:05+08:00,1.4807,103.9611,C,Cloud to Cloud,2025-08-08T15:07:36.712+08:00
2025-08-09 11:14:28,2025-08-08T15:08:00+08:00,2025-08-08T15:10:05+08:00,1.4844,103.955,C,Cloud to Cloud,2025-08-08T15:07:36.717+08:00
2025-08-09 11:14:28,2025-08-08T15:08:00+08:00,2025-08-08T15:10:05+08:00,1.4824,103.9564,C,Cloud to Cloud,2025-08-08T15:07:36.718+08:00
2025-08-09 11:14:28,2025-08-08T15:08:00+08:00,2025-08-08T15:10:05+08:00,1.4885,103.9902,C,Cloud to Cloud,2025-08-08T15:07:36.718+08:00
2025-08-09 11:14:28,2025-08-08T15:08:00+08:00,2025-08-08T15:10:05+08:00,1.4784,103.9886,C,Cloud to Cloud,2025-08-08T15:07:36.718+08:00
2025-08-09 11:14:28,2025-08-08T15:08:00+08:00,2025-08-08T15:10:05+08:00,1.4251,104.0445,C,Cloud to Cloud,2025-08-08T15:07:36.718+08:00
2025-08-09 11:14:28,2025-08-08T15:08:00+08:00,2025-08-08T15:10:05+08:00,1.4736,103.9826,C,Cloud to Cloud,2025-08-08T15:07:36.718+08:00
2025-08-09 11:14:28,2025-08-08T15:08:00+08:00,2025-08-08T15:10:05+08:00,1.4382,103.9421,C,Cloud to Cloud,2025-08-08T15:07:36.718+08:00
2025-08-09 11:14:28,2025-08-08T15:08:00+08:00,2025-08-08T15:10:05+08:00,1.499,104.0072,C,Cloud to Cloud,2025-08-08T15:07:36.756+08:00
2025-08-09 11:14:28,2025-08-08T15:08:00+08:00,2025-08-08T15:10:05+08:00,1.4872,103.9575,C,Cloud to Cloud,2025-08-08T15:07:36.757+08:00
2025-08-09 11:14:28,2025-08-08T15:08:00+08:00,2025-08-08T15:10:05+08:00,1.4874,103.9519,C,Cloud to Cloud,2025-08-08T15:07:36.757+08:00
2025-08-09 11:14:28,2025-08-08T15:08:00+08:00,2025-08-08T15:10:05+08:00,1.4608,103.9631,C,Cloud to Cloud,2025-08-08T15:07:36.757+08:00
2025-08-09 11:14:28,2025-08-08T15:08:00+08:00,2025-08-08T15:10:05+08:00,1.4865,103.9564,C,Cloud to Cloud,2025-08-08T15:07:36.757+08:00
2025-08-09 11:14:28,2025-08-08T15:08:00+08:00,2025-08-08T15:10:05+08:00,1.483,103.9565,C,Cloud to Cloud,2025-08-08T15:07:36.757+08:00
2025-08-09 11:14:28,2025-08-08T15:08:00+08:00,2025-08-08T15:10:05+08:00,1.4584,103.9633,C,Cloud to Cloud,2025-08-08T15:07:36.757+08:00
2025-08-09 11:14:28,2025-08-08T15:08:00+08:00,2025-08-08T15:10:05+08:00,1.4771,103.9551,G,Cloud to Ground,2025-08-08T15:07:36.757+08:00
2025-08-09 11:14:28,2025-08-08T15:08:00+08:00,2025-08-08T15:10:05+08:00,1.4869,103.9986,C,Cloud to Cloud,2025-08-08T15:07:36.758+08:00
2025-08-09 11:14:28,2025-08-08T15:06:00+08:00,2025-08-08T15:08:02+08:00,1.6374,103.501,C,Cloud to Cloud,2025-08-08T15:04:25.778+08:00
2025-08-09 11:14:28,2025-08-08T15:06:00+08:00,2025-08-08T15:08:02+08:00,1.6192,103.5186,C,Cloud to Cloud,2025-08-08T15:05:37.134+08:00
2025-08-09 11:14:28,2025-08-08T15:06:00+08:00,2025-08-08T15:08:02+08:00,1.6221,103.5133,C,Cloud to Cloud,2025-08-08T15:05:37.134+08:00
2025-08-09 11:14:28,2025-08-08T15:06:00+08:00,2025-08-08T15:08:02+08:00,1.6121,103.5284,C,Cloud to Cloud,2025-08-08T15:05:37.134+08:00
2025-08-09 11:14:28,2025-08-08T15:06:00+08:00,2025-08-08T15:08:02+08:00,1.6175,103.526,C,Cloud to Cloud,2025-08-08T15:05:37.134+08:00
2025-08-09 11:14:28,2025-08-08T15:04:00+08:00,2025-08-08T15:06:02+08:00,1.6389,103.4963,C,Cloud to Cloud,2025-08-08T15:02:09.59+08:00
2025-08-09 11:14:28,2025-08-08T15:04:00+08:00,2025-08-08T15:06:02+08:00,0.993,103.3359,C,Cloud to Cloud,2025-08-08T15:02:47.974+08:00
2025-08-09 11:14:28,2025-08-08T15:02:00+08:00,2025-08-08T15:04:02+08:00,1.018,103.3598,C,Cloud to Cloud,2025-08-08T15:00:07.275+08:00
2025-08-09 11:14:28,2025-08-08T15:02:00+08:00,2025-08-08T15:04:02+08:00,1.0049,103.3338,C,Cloud to Cloud,2025-08-08T15:00:07.275+08:00
2025-08-09 11:14:28,2025-08-08T15:00:00+08:00,2025-08-08T15:02:03+08:00,1.0421,103.4563,C,Cloud to Cloud,2025-08-08T14:58:19.69+08:00
2025-08-09 11:14:28,2025-08-08T15:00:00+08:00,2025-08-08T15:02:03+08:00,0.9909,103.3559,C,Cloud to Cloud,2025-08-08T14:58:19.69+08:00
2025-08-09 11:14:28,2025-08-08T15:00:00+08:00,2025-08-08T15:02:03+08:00,1.0087,103.4173,C,Cloud to Cloud,2025-08-08T14:58:19.69+08:00
2025-08-09 11:14:28,2025-08-08T15:00:00+08:00,2025-08-08T15:02:03+08:00,0.9869,103.3454,C,Cloud to Cloud,2025-08-08T14:58:19.69+08:00
2025-08-09 11:14:28,2025-08-08T15:00:00+08:00,2025-08-08T15:02:03+08:00,0.9588,103.282,C,Cloud to Cloud,2025-08-08T14:59:18.999+08:00
2025-08-09 11:14:28,2025-08-08T15:00:00+08:00,2025-08-08T15:02:03+08:00,0.9669,103.2869,C,Cloud to Cloud,2025-08-08T14:59:18.999+08:00
2025-08-09 11:14:28,2025-08-08T15:00:00+08:00,2025-08-08T15:02:03+08:00,1.0125,103.3568,C,Cloud to Cloud,2025-08-08T14:59:18.999+08:00
2025-08-09 11:14:28,2025-08-08T14:58:00+08:00,2025-08-08T15:00:03+08:00,1.4681,103.9888,C,Cloud to Cloud,2025-08-08T14:56:26.412+08:00
2025-08-09 11:14:28,2025-08-08T14:58:00+08:00,2025-08-08T15:00:03+08:00,1.4723,103.9876,C,Cloud to Cloud,2025-08-08T14:56:26.412+08:00
2025-08-09 11:14:28,2025-08-08T14:58:00+08:00,2025-08-08T15:00:03+08:00,1.4884,104.0009,C,Cloud to Cloud,2025-08-08T14:56:26.412+08:00
2025-08-09 11:14:28,2025-08-08T14:58:00+08:00,2025-08-08T15:00:03+08:00,1.4748,103.9872,C,Cloud to Cloud,2025-08-08T14:56:26.412+08:00
2025-08-09 11:14:28,2025-08-08T14:58:00+08:00,2025-08-08T15:00:03+08:00,1.483,103.9982,C,Cloud to Cloud,2025-08-08T14:56:26.412+08:00
2025-08-09 11:14:28,2025-08-08T14:58:00+08:00,2025-08-08T15:00:03+08:00,1.4872,103.9997,C,Cloud to Cloud,2025-08-08T14:56:26.412+08:00
2025-08-09 11:14:28,2025-08-08T14:58:00+08:00,2025-08-08T15:00:03+08:00,1.4748,103.9912,C,Cloud to Cloud,2025-08-08T14:56:26.412+08:00
2025-08-09 11:14:28,2025-08-08T14:58:00+08:00,2025-08-08T15:00:03+08:00,1.4835,103.9972,C,Cloud to Cloud,2025-08-08T14:56:26.412+08:00
2025-08-09 11:14:28,2025-08-08T14:58:00+08:00,2025-08-08T15:00:03+08:00,1.4653,103.9891,G,Cloud to Ground,2025-08-08T14:56:26.446+08:00
2025-08-09 11:14:28,2025-08-08T14:58:00+08:00,2025-08-08T15:00:03+08:00,1.4852,103.9898,C,Cloud to Cloud,2025-08-08T14:56:26.446+08:00
2025-08-09 11:14:28,2025-08-08T14:58:00+08:00,2025-08-08T15:00:03+08:00,1.4779,103.9883,C,Cloud to Cloud,2025-08-08T14:56:26.446+08:00
2025-08-09 11:14:28,2025-08-08T14:58:00+08:00,2025-08-08T15:00:03+08:00,1.4586,103.9977,C,Cloud to Cloud,2025-08-08T14:56:26.446+08:00
2025-08-09 11:14:28,2025-08-08T14:58:00+08:00,2025-08-08T15:00:03+08:00,1.4603,103.9983,C,Cloud to Cloud,2025-08-08T14:56:26.446+08:00
2025-08-09 11:14:28,2025-08-08T14:58:00+08:00,2025-08-08T15:00:03+08:00,1.4682,103.9966,C,Cloud to Cloud,2025-08-08T14:56:26.459+08:00
2025-08-09 11:14:28,2025-08-08T14:58:00+08:00,2025-08-08T15:00:03+08:00,1.4653,103.9975,C,Cloud to Cloud,2025-08-08T14:56:26.459+08:00
2025-08-09 11:14:28,2025-08-08T14:58:00+08:00,2025-08-08T15:00:03+08:00,1.4625,103.9982,C,Cloud to Cloud,2025-08-08T14:56:26.487+08:00
2025-08-09 11:14:28,2025-08-08T14:58:00+08:00,2025-08-08T15:00:03+08:00,1.4655,103.9916,C,Cloud to Cloud,2025-08-08T14:56:26.488+08:00
2025-08-09 11:14:28,2025-08-08T14:58:00+08:00,2025-08-08T15:00:03+08:00,1.4715,103.9717,C,Cloud to Cloud,2025-08-08T14:56:26.488+08:00
2025-08-09 11:14:28,2025-08-08T14:58:00+08:00,2025-08-08T15:00:03+08:00,1.5216,103.997,C,Cloud to Cloud,2025-08-08T14:56:26.488+08:00
2025-08-09 11:14:28,2025-08-08T14:58:00+08:00,2025-08-08T15:00:03+08:00,1.4936,103.9991,C,Cloud to Cloud,2025-08-08T14:56:26.488+08:00
2025-08-09 11:14:28,2025-08-08T14:58:00+08:00,2025-08-08T15:00:03+08:00,1.4648,103.9874,C,Cloud to Cloud,2025-08-08T14:56:26.488+08:00
2025-08-09 11:14:28,2025-08-08T14:58:00+08:00,2025-08-08T15:00:03+08:00,1.4748,103.9964,C,Cloud to Cloud,2025-08-08T14:56:26.488+08:00
2025-08-09 11:14:28,2025-08-08T14:58:00+08:00,2025-08-08T15:00:03+08:00,1.4759,103.9963,C,Cloud to Cloud,2025-08-08T14:56:26.488+08:00
2025-08-09 11:14:28,2025-08-08T14:58:00+08:00,2025-08-08T15:00:03+08:00,1.462,103.9876,C,Cloud to Cloud,2025-08-08T14:56:26.488+08:00
2025-08-09 11:14:28,2025-08-08T14:58:00+08:00,2025-08-08T15:00:03+08:00,1.4693,103.9917,G,Cloud to Ground,2025-08-08T14:56:26.488+08:00
2025-08-09 11:14:28,2025-08-08T14:58:00+08:00,2025-08-08T15:00:03+08:00,1.4534,103.9985,C,Cloud to Cloud,2025-08-08T14:56:26.514+08:00
2025-08-09 11:14:28,2025-08-08T14:58:00+08:00,2025-08-08T15:00:03+08:00,1.4895,104.0026,C,Cloud to Cloud,2025-08-08T14:56:26.534+08:00
2025-08-09 11:14:28,2025-08-08T14:58:00+08:00,2025-08-08T15:00:03+08:00,1.4858,103.9881,C,Cloud to Cloud,2025-08-08T14:56:26.534+08:00
2025-08-09 11:14:28,2025-08-08T14:58:00+08:00,2025-08-08T15:00:03+08:00,1.4829,103.9864,C,Cloud to Cloud,2025-08-08T14:56:26.534+08:00
2025-08-09 11:14:28,2025-08-08T14:58:00+08:00,2025-08-08T15:00:03+08:00,1.4677,103.9978,G,Cloud to Ground,2025-08-08T14:56:26.534+08:00
2025-08-09 11:14:28,2025-08-08T14:58:00+08:00,2025-08-08T15:00:03+08:00,1.4995,103.9891,C,Cloud to Cloud,2025-08-08T14:56:26.534+08:00
2025-08-09 11:14:28,2025-08-08T14:58:00+08:00,2025-08-08T15:00:03+08:00,1.4951,103.98,C,Cloud to Cloud,2025-08-08T14:56:26.535+08:00
2025-08-09 11:14:28,2025-08-08T14:58:00+08:00,2025-08-08T15:00:03+08:00,1.4924,103.9999,C,Cloud to Cloud,2025-08-08T14:56:26.616+08:00
2025-08-09 11:14:28,2025-08-08T14:58:00+08:00,2025-08-08T15:00:03+08:00,1.4956,104.0004,C,Cloud to Cloud,2025-08-08T14:56:26.616+08:00
2025-08-09 11:14:28,2025-08-08T14:58:00+08:00,2025-08-08T15:00:03+08:00,1.5006,103.9959,C,Cloud to Cloud,2025-08-08T14:56:26.617+08:00
2025-08-09 11:14:28,2025-08-08T14:58:00+08:00,2025-08-08T15:00:03+08:00,1.4976,104.0027,C,Cloud to Cloud,2025-08-08T14:56:26.617+08:00
2025-08-09 11:14:28,2025-08-08T14:58:00+08:00,2025-08-08T15:00:03+08:00,1.481,103.9975,C,Cloud to Cloud,2025-08-08T14:56:26.617+08:00
2025-08-09 11:14:28,2025-08-08T14:58:00+08:00,2025-08-08T15:00:03+08:00,1.4773,103.99,C,Cloud to Cloud,2025-08-08T14:56:26.618+08:00
2025-08-09 11:14:28,2025-08-08T14:58:00+08:00,2025-08-08T15:00:03+08:00,1.4733,103.9898,C,Cloud to Cloud,2025-08-08T14:56:26.618+08:00
2025-08-09 11:14:28,2025-08-08T14:58:00+08:00,2025-08-08T15:00:03+08:00,1.4921,103.9901,C,Cloud to Cloud,2025-08-08T14:56:26.618+08:00
2025-08-09 11:14:28,2025-08-08T14:58:00+08:00,2025-08-08T15:00:03+08:00,1.4898,103.9891,C,Cloud to Cloud,2025-08-08T14:56:26.618+08:00
2025-08-09 11:14:28,2025-08-08T14:58:00+08:00,2025-08-08T15:00:03+08:00,1.4649,103.9846,C,Cloud to Cloud,2025-08-08T14:56:26.618+08:00
2025-08-09 11:14:28,2025-08-08T14:58:00+08:00,2025-08-08T15:00:03+08:00,1.4673,103.9925,G,Cloud to Ground,2025-08-08T14:56:26.618+08:00
2025-08-09 11:14:28,2025-08-08T14:58:00+08:00,2025-08-08T15:00:03+08:00,1.4968,103.9923,C,Cloud to Cloud,2025-08-08T14:56:26.618+08:00
2025-08-09 11:14:28,2025-08-08T14:58:00+08:00,2025-08-08T15:00:03+08:00,1.4748,103.9912,C,Cloud to Cloud,2025-08-08T14:56:26.618+08:00
2025-08-09 11:14:28,2025-08-08T14:58:00+08:00,2025-08-08T15:00:03+08:00,1.4841,104.013,C,Cloud to Cloud,2025-08-08T14:56:26.67+08:00
2025-08-09 11:14:28,2025-08-08T14:58:00+08:00,2025-08-08T15:00:03+08:00,1.0338,103.4373,C,Cloud to Cloud,2025-08-08T14:56:34.507+08:00
2025-08-09 11:14:28,2025-08-08T14:58:00+08:00,2025-08-08T15:00:03+08:00,1.0269,103.4074,C,Cloud to Cloud,2025-08-08T14:56:34.507+08:00
2025-08-09 11:14:28,2025-08-08T14:58:00+08:00,2025-08-08T15:00:03+08:00,1.023,103.4311,C,Cloud to Cloud,2025-08-08T14:56:53.726+08:00
2025-08-09 11:14:28,2025-08-08T14:58:00+08:00,2025-08-08T15:00:03+08:00,1.0596,103.4721,C,Cloud to Cloud,2025-08-08T14:56:53.726+08:00
2025-08-09 11:14:28,2025-08-08T14:58:00+08:00,2025-08-08T15:00:03+08:00,1.0278,103.4074,C,Cloud to Cloud,2025-08-08T14:57:23.936+08:00
2025-08-09 11:14:28,2025-08-08T14:58:00+08:00,2025-08-08T15:00:03+08:00,1.0016,103.3801,C,Cloud to Cloud,2025-08-08T14:57:37.073+08:00
2025-08-09 11:14:28,2025-08-08T14:58:00+08:00,2025-08-08T15:00:03+08:00,1.4672,103.9898,C,Cloud to Cloud,2025-08-08T14:57:37.832+08:00
2025-08-09 11:14:28,2025-08-08T14:58:00+08:00,2025-08-08T15:00:03+08:00,1.4677,103.9898,C,Cloud to Cloud,2025-08-08T14:57:37.832+08:00
2025-08-09 11:14:28,2025-08-08T14:58:00+08:00,2025-08-08T15:00:03+08:00,1.4733,103.9891,C,Cloud to Cloud,2025-08-08T14:57:37.832+08:00
2025-08-09 11:14:28,2025-08-08T14:58:00+08:00,2025-08-08T15:00:03+08:00,1.4703,103.9905,C,Cloud to Cloud,2025-08-08T14:57:37.832+08:00
2025-08-09 11:14:28,2025-08-08T14:58:00+08:00,2025-08-08T15:00:03+08:00,1.4738,103.9806,C,Cloud to Cloud,2025-08-08T14:57:37.832+08:00
2025-08-09 11:14:28,2025-08-08T14:58:00+08:00,2025-08-08T15:00:03+08:00,1.4713,103.9878,C,Cloud to Cloud,2025-08-08T14:57:37.833+08:00
2025-08-09 11:14:28,2025-08-08T14:58:00+08:00,2025-08-08T15:00:03+08:00,1.4743,103.98,C,Cloud to Cloud,2025-08-08T14:57:37.833+08:00
2025-08-09 11:14:28,2025-08-08T14:58:00+08:00,2025-08-08T15:00:03+08:00,1.475,103.9926,C,Cloud to Cloud,2025-08-08T14:57:37.833+08:00
2025-08-09 11:14:28,2025-08-08T14:58:00+08:00,2025-08-08T15:00:03+08:00,1.4716,103.9912,C,Cloud to Cloud,2025-08-08T14:57:37.833+08:00
2025-08-09 11:14:28,2025-08-08T14:58:00+08:00,2025-08-08T15:00:03+08:00,1.4767,103.9901,C,Cloud to Cloud,2025-08-08T14:57:37.833+08:00
2025-08-09 11:14:28,2025-08-08T14:58:00+08:00,2025-08-08T15:00:03+08:00,1.4686,103.9904,C,Cloud to Cloud,2025-08-08T14:57:37.834+08:00
2025-08-09 11:14:28,2025-08-08T14:58:00+08:00,2025-08-08T15:00:03+08:00,1.4862,103.9918,C,Cloud to Cloud,2025-08-08T14:57:37.834+08:00
2025-08-09 11:14:28,2025-08-08T14:58:00+08:00,2025-08-08T15:00:03+08:00,1.4855,103.9926,C,Cloud to Cloud,2025-08-08T14:57:37.836+08:00
2025-08-09 11:14:28,2025-08-08T14:58:00+08:00,2025-08-08T15:00:03+08:00,1.479,103.992,C,Cloud to Cloud,2025-08-08T14:57:37.836+08:00
2025-08-09 11:14:28,2025-08-08T14:58:00+08:00,2025-08-08T15:00:03+08:00,1.4758,103.989,C,Cloud to Cloud,2025-08-08T14:57:37.837+08:00
2025-08-09 11:14:28,2025-08-08T14:58:00+08:00,2025-08-08T15:00:03+08:00,1.4821,103.9893,C,Cloud to Cloud,2025-08-08T14:57:37.837+08:00
2025-08-09 11:14:28,2025-08-08T14:58:00+08:00,2025-08-08T15:00:03+08:00,1.4824,103.9871,C,Cloud to Cloud,2025-08-08T14:57:37.838+08:00
2025-08-09 11:14:28,2025-08-08T14:58:00+08:00,2025-08-08T15:00:03+08:00,1.4844,103.9884,C,Cloud to Cloud,2025-08-08T14:57:37.838+08:00
2025-08-09 11:14:28,2025-08-08T14:58:00+08:00,2025-08-08T15:00:03+08:00,1.4855,103.9855,C,Cloud to Cloud,2025-08-08T14:57:37.84+08:00
2025-08-09 11:14:28,2025-08-08T14:58:00+08:00,2025-08-08T15:00:03+08:00,1.4844,103.9854,C,Cloud to Cloud,2025-08-08T14:57:37.84+08:00
2025-08-09 11:14:28,2025-08-08T14:58:00+08:00,2025-08-08T15:00:03+08:00,1.4845,103.982,C,Cloud to Cloud,2025-08-08T14:57:37.84+08:00
2025-08-09 11:14:28,2025-08-08T14:58:00+08:00,2025-08-08T15:00:03+08:00,1.484,103.982,C,Cloud to Cloud,2025-08-08T14:57:37.84+08:00
2025-08-09 11:14:28,2025-08-08T14:58:00+08:00,2025-08-08T15:00:03+08:00,1.4858,103.9861,C,Cloud to Cloud,2025-08-08T14:57:37.84+08:00
2025-08-09 11:14:28,2025-08-08T14:58:00+08:00,2025-08-08T15:00:03+08:00,1.4862,103.9858,C,Cloud to Cloud,2025-08-08T14:57:37.841+08:00
2025-08-09 11:14:28,2025-08-08T14:58:00+08:00,2025-08-08T15:00:03+08:00,1.4879,103.9867,C,Cloud to Cloud,2025-08-08T14:57:37.841+08:00
2025-08-09 11:14:28,2025-08-08T14:58:00+08:00,2025-08-08T15:00:03+08:00,1.4879,103.9816,C,Cloud to Cloud,2025-08-08T14:57:37.841+08:00
2025-08-09 11:14:28,2025-08-08T14:58:00+08:00,2025-08-08T15:00:03+08:00,1.4955,103.9809,C,Cloud to Cloud,2025-08-08T14:57:37.857+08:00
2025-08-09 11:14:28,2025-08-08T14:58:00+08:00,2025-08-08T15:00:03+08:00,1.5139,103.981,C,Cloud to Cloud,2025-08-08T14:57:37.861+08:00
2025-08-09 11:14:28,2025-08-08T14:58:00+08:00,2025-08-08T15:00:03+08:00,1.4881,103.9856,G,Cloud to Ground,2025-08-08T14:57:37.861+08:00
2025-08-09 11:14:28,2025-08-08T14:58:00+08:00,2025-08-08T15:00:03+08:00,1.4882,103.977,C,Cloud to Cloud,2025-08-08T14:57:37.861+08:00
2025-08-09 11:14:28,2025-08-08T14:58:00+08:00,2025-08-08T15:00:03+08:00,1.4996,103.9808,C,Cloud to Cloud,2025-08-08T14:57:37.861+08:00
2025-08-09 11:14:28,2025-08-08T14:58:00+08:00,2025-08-08T15:00:03+08:00,1.4793,103.9843,C,Cloud to Cloud,2025-08-08T14:57:37.861+08:00
2025-08-09 11:14:28,2025-08-08T14:58:00+08:00,2025-08-08T15:00:03+08:00,1.4823,103.9785,C,Cloud to Cloud,2025-08-08T14:57:37.861+08:00
2025-08-09 11:14:28,2025-08-08T14:58:00+08:00,2025-08-08T15:00:03+08:00,1.4889,103.9863,C,Cloud to Cloud,2025-08-08T14:57:37.902+08:00
2025-08-09 11:14:28,2025-08-08T14:58:00+08:00,2025-08-08T15:00:03+08:00,1.5029,103.9756,C,Cloud to Cloud,2025-08-08T14:57:37.902+08:00
2025-08-09 11:14:28,2025-08-08T14:58:00+08:00,2025-08-08T15:00:03+08:00,1.496,103.9749,C,Cloud to Cloud,2025-08-08T14:57:37.903+08:00
2025-08-09 11:14:28,2025-08-08T14:58:00+08:00,2025-08-08T15:00:03+08:00,1.4947,103.9775,C,Cloud to Cloud,2025-08-08T14:57:37.903+08:00
2025-08-09 11:14:28,2025-08-08T14:58:00+08:00,2025-08-08T15:00:03+08:00,1.4928,103.9821,C,Cloud to Cloud,2025-08-08T14:57:37.903+08:00
2025-08-09 11:14:28,2025-08-08T14:58:00+08:00,2025-08-08T15:00:03+08:00,1.4878,103.9849,G,Cloud to Ground,2025-08-08T14:57:37.904+08:00
2025-08-09 11:14:28,2025-08-08T14:58:00+08:00,2025-08-08T15:00:03+08:00,1.4945,103.9763,C,Cloud to Cloud,2025-08-08T14:57:37.904+08:00
2025-08-09 11:14:28,2025-08-08T14:58:00+08:00,2025-08-08T15:00:03+08:00,1.4952,103.9765,C,Cloud to Cloud,2025-08-08T14:57:37.904+08:00
2025-08-09 11:14:28,2025-08-08T14:58:00+08:00,2025-08-08T15:00:03+08:00,1.4817,103.997,C,Cloud to Cloud,2025-08-08T14:57:37.919+08:00
2025-08-09 11:14:28,2025-08-08T14:58:00+08:00,2025-08-08T15:00:03+08:00,1.4787,103.9867,C,Cloud to Cloud,2025-08-08T14:57:37.928+08:00
2025-08-09 11:14:28,2025-08-08T14:58:00+08:00,2025-08-08T15:00:03+08:00,1.48,103.999,C,Cloud to Cloud,2025-08-08T14:57:37.929+08:00
2025-08-09 11:14:28,2025-08-08T14:58:00+08:00,2025-08-08T15:00:03+08:00,1.4827,103.9994,C,Cloud to Cloud,2025-08-08T14:57:37.929+08:00
2025-08-09 11:14:28,2025-08-08T14:58:00+08:00,2025-08-08T15:00:03+08:00,1.4782,103.9424,C,Cloud to Cloud,2025-08-08T14:57:37.988+08:00
2025-08-09 11:14:28,2025-08-08T14:58:00+08:00,2025-08-08T15:00:03+08:00,1.4933,104.0025,G,Cloud to Ground,2025-08-08T14:57:37.988+08:00
2025-08-09 11:14:28,2025-08-08T14:58:00+08:00,2025-08-08T15:00:03+08:00,1.4827,103.9715,C,Cloud to Cloud,2025-08-08T14:57:37.988+08:00
2025-08-09 11:14:28,2025-08-08T14:58:00+08:00,2025-08-08T15:00:03+08:00,1.5031,103.9684,G,Cloud to Ground,2025-08-08T14:57:37.99+08:00
2025-08-09 11:14:28,2025-08-08T14:58:00+08:00,2025-08-08T15:00:03+08:00,1.5017,103.9614,C,Cloud to Cloud,2025-08-08T14:57:37.99+08:00
2025-08-09 11:14:28,2025-08-08T14:58:00+08:00,2025-08-08T15:00:03+08:00,1.5013,103.9652,C,Cloud to Cloud,2025-08-08T14:57:37.99+08:00
2025-08-09 11:14:28,2025-08-08T14:58:00+08:00,2025-08-08T15:00:03+08:00,1.4885,103.937,C,Cloud to Cloud,2025-08-08T14:57:37.99+08:00
2025-08-09 11:14:28,2025-08-08T14:58:00+08:00,2025-08-08T15:00:03+08:00,1.4927,103.955,C,Cloud to Cloud,2025-08-08T14:57:37.99+08:00
2025-08-09 11:14:28,2025-08-08T14:58:00+08:00,2025-08-08T15:00:03+08:00,1.5002,103.9566,C,Cloud to Cloud,2025-08-08T14:57:37.99+08:00
2025-08-09 11:14:28,2025-08-08T14:58:00+08:00,2025-08-08T15:00:03+08:00,1.5074,103.9826,C,Cloud to Cloud,2025-08-08T14:57:37.99+08:00
2025-08-09 11:14:28,2025-08-08T14:58:00+08:00,2025-08-08T15:00:03+08:00,1.4785,103.9862,C,Cloud to Cloud,2025-08-08T14:57:38.035+08:00
2025-08-09 11:14:28,2025-08-08T14:58:00+08:00,2025-08-08T15:00:03+08:00,1.4909,103.9904,C,Cloud to Cloud,2025-08-08T14:57:38.035+08:00
2025-08-09 11:14:28,2025-08-08T14:58:00+08:00,2025-08-08T15:00:03+08:00,1.4818,103.9863,C,Cloud to Cloud,2025-08-08T14:57:38.035+08:00
2025-08-09 11:14:28,2025-08-08T14:58:00+08:00,2025-08-08T15:00:03+08:00,1.4828,103.987,C,Cloud to Cloud,2025-08-08T14:57:38.035+08:00
2025-08-09 11:14:28,2025-08-08T14:58:00+08:00,2025-08-08T15:00:03+08:00,1.4863,103.9843,C,Cloud to Cloud,2025-08-08T14:57:38.036+08:00
2025-08-09 11:14:28,2025-08-08T14:58:00+08:00,2025-08-08T15:00:03+08:00,1.4875,103.9809,C,Cloud to Cloud,2025-08-08T14:57:38.036+08:00
2025-08-09 11:14:28,2025-08-08T14:58:00+08:00,2025-08-08T15:00:03+08:00,1.4929,103.983,C,Cloud to Cloud,2025-08-08T14:57:38.036+08:00
2025-08-09 11:14:28,2025-08-08T14:58:00+08:00,2025-08-08T15:00:03+08:00,1.4983,103.9815,C,Cloud to Cloud,2025-08-08T14:57:38.036+08:00
2025-08-09 11:14:28,2025-08-08T14:58:00+08:00,2025-08-08T15:00:03+08:00,1.5007,103.985,C,Cloud to Cloud,2025-08-08T14:57:38.036+08:00
2025-08-09 11:14:28,2025-08-08T14:58:00+08:00,2025-08-08T15:00:03+08:00,1.4911,103.9822,C,Cloud to Cloud,2025-08-08T14:57:38.036+08:00
2025-08-09 11:14:28,2025-08-08T14:58:00+08:00,2025-08-08T15:00:03+08:00,1.4838,103.9808,C,Cloud to Cloud,2025-08-08T14:57:38.036+08:00
2025-08-09 11:14:28,2025-08-08T14:58:00+08:00,2025-08-08T15:00:03+08:00,1.4876,103.9816,C,Cloud to Cloud,2025-08-08T14:57:38.036+08:00
2025-08-09 11:14:28,2025-08-08T14:58:00+08:00,2025-08-08T15:00:03+08:00,1.474,103.9817,C,Cloud to Cloud,2025-08-08T14:57:38.037+08:00
2025-08-09 11:14:28,2025-08-08T14:58:00+08:00,2025-08-08T15:00:03+08:00,1.4884,103.9847,G,Cloud to Ground,2025-08-08T14:57:38.037+08:00
2025-08-09 11:14:28,2025-08-08T14:58:00+08:00,2025-08-08T15:00:03+08:00,1.4874,103.9881,C,Cloud to Cloud,2025-08-08T14:57:38.037+08:00
2025-08-09 11:14:28,2025-08-08T14:58:00+08:00,2025-08-08T15:00:03+08:00,1.4965,103.9827,C,Cloud to Cloud,2025-08-08T14:57:38.038+08:00
2025-08-09 11:14:28,2025-08-08T14:58:00+08:00,2025-08-08T15:00:03+08:00,1.4893,103.9896,C,Cloud to Cloud,2025-08-08T14:57:38.038+08:00
2025-08-09 11:14:28,2025-08-08T14:58:00+08:00,2025-08-08T15:00:03+08:00,1.5004,104.0018,C,Cloud to Cloud,2025-08-08T14:57:38.064+08:00
2025-08-09 11:14:28,2025-08-08T14:58:00+08:00,2025-08-08T15:00:03+08:00,1.5121,104.0038,C,Cloud to Cloud,2025-08-08T14:57:38.064+08:00
2025-08-09 11:14:28,2025-08-08T14:58:00+08:00,2025-08-08T15:00:03+08:00,1.48,103.9541,C,Cloud to Cloud,2025-08-08T14:57:38.078+08:00
2025-08-09 11:14:28,2025-08-08T14:58:00+08:00,2025-08-08T15:00:03+08:00,1.4863,103.9907,C,Cloud to Cloud,2025-08-08T14:57:38.078+08:00
2025-08-09 11:14:28,2025-08-08T14:58:00+08:00,2025-08-08T15:00:03+08:00,1.4777,103.9831,C,Cloud to Cloud,2025-08-08T14:57:38.078+08:00
2025-08-09 11:14:28,2025-08-08T14:58:00+08:00,2025-08-08T15:00:03+08:00,1.4754,103.9677,C,Cloud to Cloud,2025-08-08T14:57:38.078+08:00
2025-08-09 11:14:28,2025-08-08T14:58:00+08:00,2025-08-08T15:00:03+08:00,1.4699,103.9678,C,Cloud to Cloud,2025-08-08T14:57:38.078+08:00
2025-08-09 11:14:28,2025-08-08T14:58:00+08:00,2025-08-08T15:00:03+08:00,1.5037,103.9984,C,Cloud to Cloud,2025-08-08T14:57:38.143+08:00
2025-08-09 11:14:28,2025-08-08T14:58:00+08:00,2025-08-08T15:00:03+08:00,1.4713,104.0049,C,Cloud to Cloud,2025-08-08T14:57:38.144+08:00
2025-08-09 11:14:28,2025-08-08T14:58:00+08:00,2025-08-08T15:00:03+08:00,1.5032,103.9915,C,Cloud to Cloud,2025-08-08T14:57:38.174+08:00
2025-08-09 11:14:28,2025-08-08T14:56:00+08:00,2025-08-08T14:58:02+08:00,1.4829,104.0104,C,Cloud to Cloud,2025-08-08T14:54:40.582+08:00
2025-08-09 11:14:28,2025-08-08T14:56:00+08:00,2025-08-08T14:58:02+08:00,1.4921,104.0121,C,Cloud to Cloud,2025-08-08T14:54:40.582+08:00
2025-08-09 11:14:28,2025-08-08T14:56:00+08:00,2025-08-08T14:58:02+08:00,1.4962,104.0104,C,Cloud to Cloud,2025-08-08T14:54:40.582+08:00
2025-08-09 11:14:28,2025-08-08T14:56:00+08:00,2025-08-08T14:58:02+08:00,1.4883,104.0082,C,Cloud to Cloud,2025-08-08T14:54:40.583+08:00
2025-08-09 11:14:28,2025-08-08T14:56:00+08:00,2025-08-08T14:58:02+08:00,1.4873,104.006,C,Cloud to Cloud,2025-08-08T14:54:40.583+08:00
2025-08-09 11:14:28,2025-08-08T14:56:00+08:00,2025-08-08T14:58:02+08:00,1.4845,104.0077,C,Cloud to Cloud,2025-08-08T14:54:40.583+08:00
2025-08-09 11:14:28,2025-08-08T14:56:00+08:00,2025-08-08T14:58:02+08:00,1.4901,104.0061,C,Cloud to Cloud,2025-08-08T14:54:40.583+08:00
2025-08-09 11:14:28,2025-08-08T14:56:00+08:00,2025-08-08T14:58:02+08:00,1.4874,104.0047,C,Cloud to Cloud,2025-08-08T14:54:40.583+08:00
2025-08-09 11:14:28,2025-08-08T14:56:00+08:00,2025-08-08T14:58:02+08:00,1.4903,104.0057,C,Cloud to Cloud,2025-08-08T14:54:40.583+08:00
2025-08-09 11:14:28,2025-08-08T14:56:00+08:00,2025-08-08T14:58:02+08:00,1.4895,104.0066,C,Cloud to Cloud,2025-08-08T14:54:40.583+08:00
2025-08-09 11:14:28,2025-08-08T14:56:00+08:00,2025-08-08T14:58:02+08:00,1.4878,104.0098,C,Cloud to Cloud,2025-08-08T14:54:40.583+08:00
2025-08-09 11:14:28,2025-08-08T14:56:00+08:00,2025-08-08T14:58:02+08:00,1.4867,104.0058,C,Cloud to Cloud,2025-08-08T14:54:40.583+08:00
2025-08-09 11:14:28,2025-08-08T14:56:00+08:00,2025-08-08T14:58:02+08:00,1.4877,104.0084,C,Cloud to Cloud,2025-08-08T14:54:40.584+08:00
2025-08-09 11:14:28,2025-08-08T14:56:00+08:00,2025-08-08T14:58:02+08:00,1.5061,104.0411,C,Cloud to Cloud,2025-08-08T14:54:40.584+08:00
2025-08-09 11:14:28,2025-08-08T14:56:00+08:00,2025-08-08T14:58:02+08:00,1.4883,104.0069,C,Cloud to Cloud,2025-08-08T14:54:40.584+08:00
2025-08-09 11:14:28,2025-08-08T14:56:00+08:00,2025-08-08T14:58:02+08:00,1.4865,104.0058,C,Cloud to Cloud,2025-08-08T14:54:40.584+08:00
2025-08-09 11:14:28,2025-08-08T14:56:00+08:00,2025-08-08T14:58:02+08:00,1.4893,104.0071,C,Cloud to Cloud,2025-08-08T14:54:40.584+08:00
2025-08-09 11:14:28,2025-08-08T14:56:00+08:00,2025-08-08T14:58:02+08:00,1.4894,104.0098,C,Cloud to Cloud,2025-08-08T14:54:40.584+08:00
2025-08-09 11:14:28,2025-08-08T14:56:00+08:00,2025-08-08T14:58:02+08:00,1.4915,104.0132,C,Cloud to Cloud,2025-08-08T14:54:40.584+08:00
2025-08-09 11:14:28,2025-08-08T14:56:00+08:00,2025-08-08T14:58:02+08:00,1.4886,104.0076,C,Cloud to Cloud,2025-08-08T14:54:40.584+08:00
2025-08-09 11:14:28,2025-08-08T14:56:00+08:00,2025-08-08T14:58:02+08:00,1.4887,104.0096,C,Cloud to Cloud,2025-08-08T14:54:40.584+08:00
2025-08-09 11:14:28,2025-08-08T14:56:00+08:00,2025-08-08T14:58:02+08:00,1.4903,104.0114,C,Cloud to Cloud,2025-08-08T14:54:40.584+08:00
2025-08-09 11:14:28,2025-08-08T14:56:00+08:00,2025-08-08T14:58:02+08:00,1.4914,104.0129,C,Cloud to Cloud,2025-08-08T14:54:40.584+08:00
2025-08-09 11:14:28,2025-08-08T14:56:00+08:00,2025-08-08T14:58:02+08:00,1.4916,104.0107,C,Cloud to Cloud,2025-08-08T14:54:40.585+08:00
2025-08-09 11:14:28,2025-08-08T14:56:00+08:00,2025-08-08T14:58:02+08:00,1.4916,104.0125,C,Cloud to Cloud,2025-08-08T14:54:40.585+08:00
2025-08-09 11:14:28,2025-08-08T14:56:00+08:00,2025-08-08T14:58:02+08:00,1.4899,104.0125,C,Cloud to Cloud,2025-08-08T14:54:40.585+08:00
2025-08-09 11:14:28,2025-08-08T14:56:00+08:00,2025-08-08T14:58:02+08:00,1.493,104.0134,C,Cloud to Cloud,2025-08-08T14:54:40.585+08:00
2025-08-09 11:14:28,2025-08-08T14:56:00+08:00,2025-08-08T14:58:02+08:00,1.4909,104.0137,C,Cloud to Cloud,2025-08-08T14:54:40.585+08:00
2025-08-09 11:14:28,2025-08-08T14:56:00+08:00,2025-08-08T14:58:02+08:00,1.4907,104.0111,C,Cloud to Cloud,2025-08-08T14:54:40.585+08:00
2025-08-09 11:14:28,2025-08-08T14:56:00+08:00,2025-08-08T14:58:02+08:00,1.4915,104.0135,C,Cloud to Cloud,2025-08-08T14:54:40.585+08:00
2025-08-09 11:14:28,2025-08-08T14:56:00+08:00,2025-08-08T14:58:02+08:00,1.4906,104.0124,C,Cloud to Cloud,2025-08-08T14:54:40.585+08:00
2025-08-09 11:14:28,2025-08-08T14:56:00+08:00,2025-08-08T14:58:02+08:00,1.4909,104.0133,C,Cloud to Cloud,2025-08-08T14:54:40.585+08:00
2025-08-09 11:14:28,2025-08-08T14:56:00+08:00,2025-08-08T14:58:02+08:00,1.4912,104.0142,C,Cloud to Cloud,2025-08-08T14:54:40.585+08:00
2025-08-09 11:14:28,2025-08-08T14:56:00+08:00,2025-08-08T14:58:02+08:00,1.4893,104.0097,C,Cloud to Cloud,2025-08-08T14:54:40.586+08:00
2025-08-09 11:14:28,2025-08-08T14:56:00+08:00,2025-08-08T14:58:02+08:00,1.4926,104.0151,C,Cloud to Cloud,2025-08-08T14:54:40.586+08:00
2025-08-09 11:14:28,2025-08-08T14:56:00+08:00,2025-08-08T14:58:02+08:00,1.4898,104.0154,C,Cloud to Cloud,2025-08-08T14:54:40.586+08:00
2025-08-09 11:14:28,2025-08-08T14:56:00+08:00,2025-08-08T14:58:02+08:00,1.4902,104.0127,C,Cloud to Cloud,2025-08-08T14:54:40.586+08:00
2025-08-09 11:14:28,2025-08-08T14:56:00+08:00,2025-08-08T14:58:02+08:00,1.4919,104.0124,C,Cloud to Cloud,2025-08-08T14:54:40.586+08:00
2025-08-09 11:14:28,2025-08-08T14:56:00+08:00,2025-08-08T14:58:02+08:00,1.4888,104.0108,C,Cloud to Cloud,2025-08-08T14:54:40.586+08:00
2025-08-09 11:14:28,2025-08-08T14:56:00+08:00,2025-08-08T14:58:02+08:00,1.4884,104.0097,C,Cloud to Cloud,2025-08-08T14:54:40.586+08:00
2025-08-09 11:14:28,2025-08-08T14:56:00+08:00,2025-08-08T14:58:02+08:00,1.4881,104.0087,C,Cloud to Cloud,2025-08-08T14:54:40.586+08:00
2025-08-09 11:14:28,2025-08-08T14:56:00+08:00,2025-08-08T14:58:02+08:00,1.4859,104.0085,C,Cloud to Cloud,2025-08-08T14:54:40.586+08:00
2025-08-09 11:14:28,2025-08-08T14:56:00+08:00,2025-08-08T14:58:02+08:00,1.4878,104.0098,C,Cloud to Cloud,2025-08-08T14:54:40.586+08:00
2025-08-09 11:14:28,2025-08-08T14:56:00+08:00,2025-08-08T14:58:02+08:00,1.4877,104.0104,C,Cloud to Cloud,2025-08-08T14:54:40.587+08:00
2025-08-09 11:14:28,2025-08-08T14:56:00+08:00,2025-08-08T14:58:02+08:00,1.4876,104.0083,C,Cloud to Cloud,2025-08-08T14:54:40.587+08:00
2025-08-09 11:14:28,2025-08-08T14:56:00+08:00,2025-08-08T14:58:02+08:00,1.4873,104.0069,C,Cloud to Cloud,2025-08-08T14:54:40.587+08:00
2025-08-09 11:14:28,2025-08-08T14:56:00+08:00,2025-08-08T14:58:02+08:00,1.4885,104.008,C,Cloud to Cloud,2025-08-08T14:54:40.587+08:00
2025-08-09 11:14:28,2025-08-08T14:56:00+08:00,2025-08-08T14:58:02+08:00,1.4645,104.0722,C,Cloud to Cloud,2025-08-08T14:54:40.587+08:00
2025-08-09 11:14:28,2025-08-08T14:56:00+08:00,2025-08-08T14:58:02+08:00,1.4872,104.0048,C,Cloud to Cloud,2025-08-08T14:54:40.587+08:00
2025-08-09 11:14:28,2025-08-08T14:56:00+08:00,2025-08-08T14:58:02+08:00,1.4881,104.0093,C,Cloud to Cloud,2025-08-08T14:54:40.587+08:00
2025-08-09 11:14:28,2025-08-08T14:56:00+08:00,2025-08-08T14:58:02+08:00,1.4855,104.0054,C,Cloud to Cloud,2025-08-08T14:54:40.587+08:00
2025-08-09 11:14:28,2025-08-08T14:56:00+08:00,2025-08-08T14:58:02+08:00,1.4885,104.0039,C,Cloud to Cloud,2025-08-08T14:54:40.587+08:00
2025-08-09 11:14:28,2025-08-08T14:56:00+08:00,2025-08-08T14:58:02+08:00,1.4866,104.0059,C,Cloud to Cloud,2025-08-08T14:54:40.587+08:00
2025-08-09 11:14:28,2025-08-08T14:56:00+08:00,2025-08-08T14:58:02+08:00,1.4872,104.0049,C,Cloud to Cloud,2025-08-08T14:54:40.587+08:00
2025-08-09 11:14:28,2025-08-08T14:56:00+08:00,2025-08-08T14:58:02+08:00,1.487,104.0065,C,Cloud to Cloud,2025-08-08T14:54:40.588+08:00
2025-08-09 11:14:28,2025-08-08T14:56:00+08:00,2025-08-08T14:58:02+08:00,1.4876,104.0054,C,Cloud to Cloud,2025-08-08T14:54:40.588+08:00
2025-08-09 11:14:28,2025-08-08T14:56:00+08:00,2025-08-08T14:58:02+08:00,1.4884,104.006,C,Cloud to Cloud,2025-08-08T14:54:40.588+08:00
2025-08-09 11:14:28,2025-08-08T14:56:00+08:00,2025-08-08T14:58:02+08:00,1.4892,104.0061,C,Cloud to Cloud,2025-08-08T14:54:40.588+08:00
2025-08-09 11:14:28,2025-08-08T14:56:00+08:00,2025-08-08T14:58:02+08:00,1.4869,104.0058,C,Cloud to Cloud,2025-08-08T14:54:40.588+08:00
2025-08-09 11:14:28,2025-08-08T14:56:00+08:00,2025-08-08T14:58:02+08:00,1.4873,104.0045,C,Cloud to Cloud,2025-08-08T14:54:40.588+08:00
2025-08-09 11:14:28,2025-08-08T14:56:00+08:00,2025-08-08T14:58:02+08:00,1.4842,104.0006,C,Cloud to Cloud,2025-08-08T14:54:40.588+08:00
2025-08-09 11:14:28,2025-08-08T14:56:00+08:00,2025-08-08T14:58:02+08:00,1.4831,104.0003,C,Cloud to Cloud,2025-08-08T14:54:40.588+08:00
2025-08-09 11:14:28,2025-08-08T14:56:00+08:00,2025-08-08T14:58:02+08:00,1.4875,104.0017,C,Cloud to Cloud,2025-08-08T14:54:40.588+08:00
2025-08-09 11:14:28,2025-08-08T14:56:00+08:00,2025-08-08T14:58:02+08:00,1.4844,103.9998,C,Cloud to Cloud,2025-08-08T14:54:40.588+08:00
2025-08-09 11:14:28,2025-08-08T14:56:00+08:00,2025-08-08T14:58:02+08:00,1.4868,104.0009,C,Cloud to Cloud,2025-08-08T14:54:40.589+08:00
2025-08-09 11:14:28,2025-08-08T14:56:00+08:00,2025-08-08T14:58:02+08:00,1.4842,104.0017,C,Cloud to Cloud,2025-08-08T14:54:40.589+08:00
2025-08-09 11:14:28,2025-08-08T14:56:00+08:00,2025-08-08T14:58:02+08:00,1.4862,104.0011,C,Cloud to Cloud,2025-08-08T14:54:40.589+08:00
2025-08-09 11:14:28,2025-08-08T14:56:00+08:00,2025-08-08T14:58:02+08:00,1.4858,104.0014,C,Cloud to Cloud,2025-08-08T14:54:40.589+08:00
2025-08-09 11:14:28,2025-08-08T14:56:00+08:00,2025-08-08T14:58:02+08:00,1.4848,104.0015,C,Cloud to Cloud,2025-08-08T14:54:40.589+08:00
2025-08-09 11:14:28,2025-08-08T14:56:00+08:00,2025-08-08T14:58:02+08:00,1.4835,103.9994,C,Cloud to Cloud,2025-08-08T14:54:40.589+08:00
2025-08-09 11:14:28,2025-08-08T14:56:00+08:00,2025-08-08T14:58:02+08:00,1.4851,103.9992,C,Cloud to Cloud,2025-08-08T14:54:40.589+08:00
2025-08-09 11:14:28,2025-08-08T14:56:00+08:00,2025-08-08T14:58:02+08:00,1.4853,103.9971,C,Cloud to Cloud,2025-08-08T14:54:40.589+08:00
2025-08-09 11:14:28,2025-08-08T14:56:00+08:00,2025-08-08T14:58:02+08:00,1.4866,104.001,C,Cloud to Cloud,2025-08-08T14:54:40.589+08:00
2025-08-09 11:14:28,2025-08-08T14:56:00+08:00,2025-08-08T14:58:02+08:00,1.4844,103.9981,C,Cloud to Cloud,2025-08-08T14:54:40.589+08:00
2025-08-09 11:14:28,2025-08-08T14:56:00+08:00,2025-08-08T14:58:02+08:00,1.4841,103.9979,C,Cloud to Cloud,2025-08-08T14:54:40.59+08:00
2025-08-09 11:14:28,2025-08-08T14:56:00+08:00,2025-08-08T14:58:02+08:00,1.4819,103.9967,C,Cloud to Cloud,2025-08-08T14:54:40.59+08:00
2025-08-09 11:14:28,2025-08-08T14:56:00+08:00,2025-08-08T14:58:02+08:00,1.4814,103.998,C,Cloud to Cloud,2025-08-08T14:54:40.59+08:00
2025-08-09 11:14:28,2025-08-08T14:56:00+08:00,2025-08-08T14:58:02+08:00,1.4849,103.9985,C,Cloud to Cloud,2025-08-08T14:54:40.59+08:00
2025-08-09 11:14:28,2025-08-08T14:56:00+08:00,2025-08-08T14:58:02+08:00,1.4832,103.998,C,Cloud to Cloud,2025-08-08T14:54:40.59+08:00
2025-08-09 11:14:28,2025-08-08T14:56:00+08:00,2025-08-08T14:58:02+08:00,1.4855,103.9979,C,Cloud to Cloud,2025-08-08T14:54:40.59+08:00
2025-08-09 11:14:28,2025-08-08T14:56:00+08:00,2025-08-08T14:58:02+08:00,1.4807,103.9918,C,Cloud to Cloud,2025-08-08T14:54:40.59+08:00
2025-08-09 11:14:28,2025-08-08T14:56:00+08:00,2025-08-08T14:58:02+08:00,1.4817,103.9944,C,Cloud to Cloud,2025-08-08T14:54:40.59+08:00
2025-08-09 11:14:28,2025-08-08T14:56:00+08:00,2025-08-08T14:58:02+08:00,1.4817,103.9911,C,Cloud to Cloud,2025-08-08T14:54:40.59+08:00
2025-08-09 11:14:28,2025-08-08T14:56:00+08:00,2025-08-08T14:58:02+08:00,1.4833,103.9978,C,Cloud to Cloud,2025-08-08T14:54:40.59+08:00
2025-08-09 11:14:28,2025-08-08T14:56:00+08:00,2025-08-08T14:58:02+08:00,1.4846,103.9981,C,Cloud to Cloud,2025-08-08T14:54:40.591+08:00
2025-08-09 11:14:28,2025-08-08T14:56:00+08:00,2025-08-08T14:58:02+08:00,1.4821,103.9978,C,Cloud to Cloud,2025-08-08T14:54:40.591+08:00
2025-08-09 11:14:28,2025-08-08T14:56:00+08:00,2025-08-08T14:58:02+08:00,1.484,103.9967,C,Cloud to Cloud,2025-08-08T14:54:40.591+08:00
2025-08-09 11:14:28,2025-08-08T14:56:00+08:00,2025-08-08T14:58:02+08:00,1.4826,103.9965,C,Cloud to Cloud,2025-08-08T14:54:40.591+08:00
2025-08-09 11:14:28,2025-08-08T14:56:00+08:00,2025-08-08T14:58:02+08:00,1.483,103.9921,C,Cloud to Cloud,2025-08-08T14:54:40.591+08:00
2025-08-09 11:14:28,2025-08-08T14:56:00+08:00,2025-08-08T14:58:02+08:00,1.4824,103.9922,C,Cloud to Cloud,2025-08-08T14:54:40.591+08:00
2025-08-09 11:14:28,2025-08-08T14:56:00+08:00,2025-08-08T14:58:02+08:00,1.4851,103.9989,C,Cloud to Cloud,2025-08-08T14:54:40.591+08:00
2025-08-09 11:14:28,2025-08-08T14:56:00+08:00,2025-08-08T14:58:02+08:00,1.4835,103.9987,C,Cloud to Cloud,2025-08-08T14:54:40.591+08:00
2025-08-09 11:14:28,2025-08-08T14:56:00+08:00,2025-08-08T14:58:02+08:00,1.487,103.9962,C,Cloud to Cloud,2025-08-08T14:54:40.593+08:00
2025-08-09 11:14:28,2025-08-08T14:56:00+08:00,2025-08-08T14:58:02+08:00,1.4863,103.9962,C,Cloud to Cloud,2025-08-08T14:54:40.593+08:00
2025-08-09 11:14:28,2025-08-08T14:56:00+08:00,2025-08-08T14:58:02+08:00,1.4878,103.9966,C,Cloud to Cloud,2025-08-08T14:54:40.593+08:00
2025-08-09 11:14:28,2025-08-08T14:56:00+08:00,2025-08-08T14:58:02+08:00,1.4873,103.9965,C,Cloud to Cloud,2025-08-08T14:54:40.593+08:00
2025-08-09 11:14:28,2025-08-08T14:56:00+08:00,2025-08-08T14:58:02+08:00,1.4868,103.9906,C,Cloud to Cloud,2025-08-08T14:54:40.594+08:00
2025-08-09 11:14:28,2025-08-08T14:56:00+08:00,2025-08-08T14:58:02+08:00,1.4878,103.9928,C,Cloud to Cloud,2025-08-08T14:54:40.594+08:00
2025-08-09 11:14:28,2025-08-08T14:56:00+08:00,2025-08-08T14:58:02+08:00,1.4881,103.9965,C,Cloud to Cloud,2025-08-08T14:54:40.595+08:00
2025-08-09 11:14:28,2025-08-08T14:56:00+08:00,2025-08-08T14:58:02+08:00,1.4896,103.9967,C,Cloud to Cloud,2025-08-08T14:54:40.595+08:00
2025-08-09 11:14:28,2025-08-08T14:56:00+08:00,2025-08-08T14:58:02+08:00,1.49,103.9988,C,Cloud to Cloud,2025-08-08T14:54:40.595+08:00
2025-08-09 11:14:28,2025-08-08T14:56:00+08:00,2025-08-08T14:58:02+08:00,1.49,103.9988,C,Cloud to Cloud,2025-08-08T14:54:40.595+08:00
2025-08-09 11:14:28,2025-08-08T14:56:00+08:00,2025-08-08T14:58:02+08:00,1.4918,103.9983,C,Cloud to Cloud,2025-08-08T14:54:40.595+08:00
2025-08-09 11:14:28,2025-08-08T14:56:00+08:00,2025-08-08T14:58:02+08:00,1.4895,103.9936,C,Cloud to Cloud,2025-08-08T14:54:40.596+08:00
2025-08-09 11:14:28,2025-08-08T14:56:00+08:00,2025-08-08T14:58:02+08:00,1.4889,103.9942,C,Cloud to Cloud,2025-08-08T14:54:40.596+08:00
2025-08-09 11:14:28,2025-08-08T14:56:00+08:00,2025-08-08T14:58:02+08:00,1.4903,103.9963,C,Cloud to Cloud,2025-08-08T14:54:40.596+08:00
2025-08-09 11:14:28,2025-08-08T14:56:00+08:00,2025-08-08T14:58:02+08:00,1.4893,103.9961,C,Cloud to Cloud,2025-08-08T14:54:40.597+08:00
2025-08-09 11:14:28,2025-08-08T14:56:00+08:00,2025-08-08T14:58:02+08:00,1.4886,103.9909,C,Cloud to Cloud,2025-08-08T14:54:40.597+08:00
2025-08-09 11:14:28,2025-08-08T14:56:00+08:00,2025-08-08T14:58:02+08:00,1.4891,103.9909,C,Cloud to Cloud,2025-08-08T14:54:40.597+08:00
2025-08-09 11:14:28,2025-08-08T14:56:00+08:00,2025-08-08T14:58:02+08:00,1.4893,103.9935,C,Cloud to Cloud,2025-08-08T14:54:40.597+08:00
2025-08-09 11:14:28,2025-08-08T14:56:00+08:00,2025-08-08T14:58:02+08:00,1.4884,103.9892,C,Cloud to Cloud,2025-08-08T14:54:40.597+08:00
2025-08-09 11:14:28,2025-08-08T14:56:00+08:00,2025-08-08T14:58:02+08:00,1.4882,103.9892,C,Cloud to Cloud,2025-08-08T14:54:40.597+08:00
2025-08-09 11:14:28,2025-08-08T14:56:00+08:00,2025-08-08T14:58:02+08:00,1.4873,103.9907,C,Cloud to Cloud,2025-08-08T14:54:40.597+08:00
2025-08-09 11:14:28,2025-08-08T14:56:00+08:00,2025-08-08T14:58:02+08:00,1.4883,103.9915,C,Cloud to Cloud,2025-08-08T14:54:40.597+08:00
2025-08-09 11:14:28,2025-08-08T14:56:00+08:00,2025-08-08T14:58:02+08:00,1.488,103.9916,C,Cloud to Cloud,2025-08-08T14:54:40.598+08:00
2025-08-09 11:14:28,2025-08-08T14:56:00+08:00,2025-08-08T14:58:02+08:00,1.49,103.9936,C,Cloud to Cloud,2025-08-08T14:54:40.598+08:00
2025-08-09 11:14:28,2025-08-08T14:56:00+08:00,2025-08-08T14:58:02+08:00,1.4894,103.9888,C,Cloud to Cloud,2025-08-08T14:54:40.598+08:00
2025-08-09 11:14:28,2025-08-08T14:56:00+08:00,2025-08-08T14:58:02+08:00,1.4913,103.9919,C,Cloud to Cloud,2025-08-08T14:54:40.598+08:00
2025-08-09 11:14:28,2025-08-08T14:56:00+08:00,2025-08-08T14:58:02+08:00,1.4895,103.9921,C,Cloud to Cloud,2025-08-08T14:54:40.598+08:00
2025-08-09 11:14:28,2025-08-08T14:56:00+08:00,2025-08-08T14:58:02+08:00,1.4889,103.9928,C,Cloud to Cloud,2025-08-08T14:54:40.598+08:00
2025-08-09 11:14:28,2025-08-08T14:56:00+08:00,2025-08-08T14:58:02+08:00,1.4902,103.992,C,Cloud to Cloud,2025-08-08T14:54:40.598+08:00
2025-08-09 11:14:28,2025-08-08T14:56:00+08:00,2025-08-08T14:58:02+08:00,1.4914,103.9933,C,Cloud to Cloud,2025-08-08T14:54:40.599+08:00
2025-08-09 11:14:28,2025-08-08T14:56:00+08:00,2025-08-08T14:58:02+08:00,1.4908,103.9928,C,Cloud to Cloud,2025-08-08T14:54:40.599+08:00
2025-08-09 11:14:28,2025-08-08T14:56:00+08:00,2025-08-08T14:58:02+08:00,1.4901,103.991,C,Cloud to Cloud,2025-08-08T14:54:40.599+08:00
2025-08-09 11:14:28,2025-08-08T14:56:00+08:00,2025-08-08T14:58:02+08:00,1.4904,103.9947,C,Cloud to Cloud,2025-08-08T14:54:40.6+08:00
2025-08-09 11:14:28,2025-08-08T14:56:00+08:00,2025-08-08T14:58:02+08:00,1.4878,103.9931,C,Cloud to Cloud,2025-08-08T14:54:40.6+08:00
2025-08-09 11:14:28,2025-08-08T14:56:00+08:00,2025-08-08T14:58:02+08:00,1.4894,103.9928,C,Cloud to Cloud,2025-08-08T14:54:40.6+08:00
2025-08-09 11:14:28,2025-08-08T14:56:00+08:00,2025-08-08T14:58:02+08:00,1.491,103.9941,C,Cloud to Cloud,2025-08-08T14:54:40.601+08:00
2025-08-09 11:14:28,2025-08-08T14:56:00+08:00,2025-08-08T14:58:02+08:00,1.4925,103.9912,C,Cloud to Cloud,2025-08-08T14:54:40.601+08:00
2025-08-09 11:14:28,2025-08-08T14:56:00+08:00,2025-08-08T14:58:02+08:00,1.49,103.9939,C,Cloud to Cloud,2025-08-08T14:54:40.601+08:00
2025-08-09 11:14:28,2025-08-08T14:56:00+08:00,2025-08-08T14:58:02+08:00,1.4884,103.994,C,Cloud to Cloud,2025-08-08T14:54:40.601+08:00
2025-08-09 11:14:28,2025-08-08T14:56:00+08:00,2025-08-08T14:58:02+08:00,1.4871,103.9945,C,Cloud to Cloud,2025-08-08T14:54:40.601+08:00
2025-08-09 11:14:28,2025-08-08T14:56:00+08:00,2025-08-08T14:58:02+08:00,1.49,103.9919,C,Cloud to Cloud,2025-08-08T14:54:40.601+08:00
2025-08-09 11:14:28,2025-08-08T14:56:00+08:00,2025-08-08T14:58:02+08:00,1.4868,103.9942,C,Cloud to Cloud,2025-08-08T14:54:40.602+08:00
2025-08-09 11:14:28,2025-08-08T14:56:00+08:00,2025-08-08T14:58:02+08:00,1.4892,103.9943,C,Cloud to Cloud,2025-08-08T14:54:40.602+08:00
2025-08-09 11:14:28,2025-08-08T14:56:00+08:00,2025-08-08T14:58:02+08:00,1.4922,103.995,C,Cloud to Cloud,2025-08-08T14:54:40.602+08:00
2025-08-09 11:14:28,2025-08-08T14:56:00+08:00,2025-08-08T14:58:02+08:00,1.4882,103.9923,C,Cloud to Cloud,2025-08-08T14:54:40.602+08:00
2025-08-09 11:14:28,2025-08-08T14:56:00+08:00,2025-08-08T14:58:02+08:00,1.489,103.9929,C,Cloud to Cloud,2025-08-08T14:54:40.602+08:00
2025-08-09 11:14:28,2025-08-08T14:56:00+08:00,2025-08-08T14:58:02+08:00,1.4909,103.9948,C,Cloud to Cloud,2025-08-08T14:54:40.602+08:00
2025-08-09 11:14:28,2025-08-08T14:56:00+08:00,2025-08-08T14:58:02+08:00,1.4919,103.9949,C,Cloud to Cloud,2025-08-08T14:54:40.603+08:00
2025-08-09 11:14:28,2025-08-08T14:56:00+08:00,2025-08-08T14:58:02+08:00,1.4885,103.9912,C,Cloud to Cloud,2025-08-08T14:54:40.603+08:00
2025-08-09 11:14:28,2025-08-08T14:56:00+08:00,2025-08-08T14:58:02+08:00,1.4822,103.9998,C,Cloud to Cloud,2025-08-08T14:54:40.605+08:00
2025-08-09 11:14:28,2025-08-08T14:56:00+08:00,2025-08-08T14:58:02+08:00,1.4852,103.9991,G,Cloud to Ground,2025-08-08T14:54:40.605+08:00
2025-08-09 11:14:28,2025-08-08T14:56:00+08:00,2025-08-08T14:58:02+08:00,1.5079,104.0033,C,Cloud to Cloud,2025-08-08T14:54:40.605+08:00
2025-08-09 11:14:28,2025-08-08T14:56:00+08:00,2025-08-08T14:58:02+08:00,1.5129,104.0569,C,Cloud to Cloud,2025-08-08T14:54:40.605+08:00
2025-08-09 11:14:28,2025-08-08T14:56:00+08:00,2025-08-08T14:58:02+08:00,1.5022,103.9853,C,Cloud to Cloud,2025-08-08T14:54:40.605+08:00
2025-08-09 11:14:28,2025-08-08T14:56:00+08:00,2025-08-08T14:58:02+08:00,1.498,104.0205,C,Cloud to Cloud,2025-08-08T14:54:40.62+08:00
2025-08-09 11:14:28,2025-08-08T14:56:00+08:00,2025-08-08T14:58:02+08:00,1.5111,104.0251,C,Cloud to Cloud,2025-08-08T14:54:40.62+08:00
2025-08-09 11:14:28,2025-08-08T14:56:00+08:00,2025-08-08T14:58:02+08:00,1.4901,104.02,C,Cloud to Cloud,2025-08-08T14:54:40.62+08:00
2025-08-09 11:14:28,2025-08-08T14:56:00+08:00,2025-08-08T14:58:02+08:00,1.505,104.0235,C,Cloud to Cloud,2025-08-08T14:54:40.62+08:00
2025-08-09 11:14:28,2025-08-08T14:56:00+08:00,2025-08-08T14:58:02+08:00,1.4962,104.0233,C,Cloud to Cloud,2025-08-08T14:54:40.62+08:00
2025-08-09 11:14:28,2025-08-08T14:56:00+08:00,2025-08-08T14:58:02+08:00,1.4987,104.02,C,Cloud to Cloud,2025-08-08T14:54:40.631+08:00
2025-08-09 11:14:28,2025-08-08T14:56:00+08:00,2025-08-08T14:58:02+08:00,1.5004,104.0206,C,Cloud to Cloud,2025-08-08T14:54:40.631+08:00
2025-08-09 11:14:28,2025-08-08T14:56:00+08:00,2025-08-08T14:58:02+08:00,1.5028,104.0429,C,Cloud to Cloud,2025-08-08T14:54:40.631+08:00
2025-08-09 11:14:28,2025-08-08T14:56:00+08:00,2025-08-08T14:58:02+08:00,1.5068,104.0246,C,Cloud to Cloud,2025-08-08T14:54:40.631+08:00
2025-08-09 11:14:28,2025-08-08T14:56:00+08:00,2025-08-08T14:58:02+08:00,1.4954,104.0205,C,Cloud to Cloud,2025-08-08T14:54:40.638+08:00
2025-08-09 11:14:28,2025-08-08T14:56:00+08:00,2025-08-08T14:58:02+08:00,1.4917,104.0171,G,Cloud to Ground,2025-08-08T14:54:40.655+08:00
2025-08-09 11:14:28,2025-08-08T14:56:00+08:00,2025-08-08T14:58:02+08:00,1.4721,103.9802,C,Cloud to Cloud,2025-08-08T14:54:40.655+08:00
2025-08-09 11:14:28,2025-08-08T14:56:00+08:00,2025-08-08T14:58:02+08:00,1.4799,104.0133,C,Cloud to Cloud,2025-08-08T14:54:40.656+08:00
2025-08-09 11:14:28,2025-08-08T14:56:00+08:00,2025-08-08T14:58:02+08:00,1.4673,103.9711,C,Cloud to Cloud,2025-08-08T14:54:40.674+08:00
2025-08-09 11:14:28,2025-08-08T14:56:00+08:00,2025-08-08T14:58:02+08:00,1.4678,103.9751,C,Cloud to Cloud,2025-08-08T14:54:40.674+08:00
2025-08-09 11:14:28,2025-08-08T14:56:00+08:00,2025-08-08T14:58:02+08:00,1.4802,103.9817,C,Cloud to Cloud,2025-08-08T14:54:40.674+08:00
2025-08-09 11:14:28,2025-08-08T14:56:00+08:00,2025-08-08T14:58:02+08:00,1.4874,103.9897,C,Cloud to Cloud,2025-08-08T14:54:40.674+08:00
2025-08-09 11:14:28,2025-08-08T14:56:00+08:00,2025-08-08T14:58:02+08:00,1.4902,103.9788,C,Cloud to Cloud,2025-08-08T14:54:40.674+08:00
2025-08-09 11:14:28,2025-08-08T14:56:00+08:00,2025-08-08T14:58:02+08:00,1.4832,103.9675,C,Cloud to Cloud,2025-08-08T14:54:40.675+08:00
2025-08-09 11:14:28,2025-08-08T14:56:00+08:00,2025-08-08T14:58:02+08:00,1.4694,103.9654,C,Cloud to Cloud,2025-08-08T14:54:40.685+08:00
2025-08-09 11:14:28,2025-08-08T14:56:00+08:00,2025-08-08T14:58:02+08:00,1.5065,104.0538,C,Cloud to Cloud,2025-08-08T14:54:40.69+08:00
2025-08-09 11:14:28,2025-08-08T14:56:00+08:00,2025-08-08T14:58:02+08:00,1.4653,103.9747,C,Cloud to Cloud,2025-08-08T14:54:40.69+08:00
2025-08-09 11:14:28,2025-08-08T14:56:00+08:00,2025-08-08T14:58:02+08:00,1.4822,104.0141,C,Cloud to Cloud,2025-08-08T14:54:40.727+08:00
2025-08-09 11:14:28,2025-08-08T14:56:00+08:00,2025-08-08T14:58:02+08:00,1.4828,103.9897,G,Cloud to Ground,2025-08-08T14:54:40.737+08:00
2025-08-09 11:14:28,2025-08-08T14:56:00+08:00,2025-08-08T14:58:02+08:00,1.4976,103.9699,C,Cloud to Cloud,2025-08-08T14:54:40.737+08:00
2025-08-09 11:14:28,2025-08-08T14:56:00+08:00,2025-08-08T14:58:02+08:00,1.4925,103.97,C,Cloud to Cloud,2025-08-08T14:54:40.737+08:00
2025-08-09 11:14:28,2025-08-08T14:56:00+08:00,2025-08-08T14:58:02+08:00,1.4911,103.972,C,Cloud to Cloud,2025-08-08T14:54:40.738+08:00
2025-08-09 11:14:28,2025-08-08T14:56:00+08:00,2025-08-08T14:58:02+08:00,1.4834,103.9828,C,Cloud to Cloud,2025-08-08T14:54:40.738+08:00
2025-08-09 11:14:28,2025-08-08T14:56:00+08:00,2025-08-08T14:58:02+08:00,1.4913,103.9661,C,Cloud to Cloud,2025-08-08T14:54:40.812+08:00
2025-08-09 11:14:28,2025-08-08T14:56:00+08:00,2025-08-08T14:58:02+08:00,1.4695,103.9742,C,Cloud to Cloud,2025-08-08T14:55:42.221+08:00
2025-08-09 11:14:28,2025-08-08T14:56:00+08:00,2025-08-08T14:58:02+08:00,1.4683,104.0006,C,Cloud to Cloud,2025-08-08T14:55:42.221+08:00
2025-08-09 11:14:28,2025-08-08T14:56:00+08:00,2025-08-08T14:58:02+08:00,1.5077,104.0042,C,Cloud to Cloud,2025-08-08T14:55:42.221+08:00
2025-08-09 11:14:28,2025-08-08T14:56:00+08:00,2025-08-08T14:58:02+08:00,1.4793,104.0,C,Cloud to Cloud,2025-08-08T14:55:42.221+08:00
2025-08-09 11:14:28,2025-08-08T14:56:00+08:00,2025-08-08T14:58:02+08:00,1.4758,103.9961,C,Cloud to Cloud,2025-08-08T14:55:42.222+08:00
2025-08-09 11:14:28,2025-08-08T14:56:00+08:00,2025-08-08T14:58:02+08:00,1.465,103.9984,C,Cloud to Cloud,2025-08-08T14:55:42.222+08:00
2025-08-09 11:14:28,2025-08-08T14:56:00+08:00,2025-08-08T14:58:02+08:00,1.4956,104.0049,C,Cloud to Cloud,2025-08-08T14:55:42.222+08:00
2025-08-09 11:14:28,2025-08-08T14:56:00+08:00,2025-08-08T14:58:02+08:00,1.4643,103.9993,C,Cloud to Cloud,2025-08-08T14:55:42.222+08:00
2025-08-09 11:14:28,2025-08-08T14:56:00+08:00,2025-08-08T14:58:02+08:00,1.4644,103.9993,C,Cloud to Cloud,2025-08-08T14:55:42.222+08:00
2025-08-09 11:14:28,2025-08-08T14:56:00+08:00,2025-08-08T14:58:02+08:00,1.4648,103.998,C,Cloud to Cloud,2025-08-08T14:55:42.223+08:00
2025-08-09 11:14:28,2025-08-08T14:56:00+08:00,2025-08-08T14:58:02+08:00,1.4814,104.0011,C,Cloud to Cloud,2025-08-08T14:55:42.223+08:00
2025-08-09 11:14:28,2025-08-08T14:56:00+08:00,2025-08-08T14:58:02+08:00,1.4651,103.9976,C,Cloud to Cloud,2025-08-08T14:55:42.223+08:00
2025-08-09 11:14:28,2025-08-08T14:56:00+08:00,2025-08-08T14:58:02+08:00,1.4688,104.0005,C,Cloud to Cloud,2025-08-08T14:55:42.224+08:00
2025-08-09 11:14:28,2025-08-08T14:56:00+08:00,2025-08-08T14:58:02+08:00,1.4758,104.0026,C,Cloud to Cloud,2025-08-08T14:55:42.224+08:00
2025-08-09 11:14:28,2025-08-08T14:56:00+08:00,2025-08-08T14:58:02+08:00,1.4856,104.0039,C,Cloud to Cloud,2025-08-08T14:55:42.224+08:00
2025-08-09 11:14:28,2025-08-08T14:56:00+08:00,2025-08-08T14:58:02+08:00,1.4789,104.0004,C,Cloud to Cloud,2025-08-08T14:55:42.224+08:00
2025-08-09 11:14:28,2025-08-08T14:56:00+08:00,2025-08-08T14:58:02+08:00,1.4832,104.0038,C,Cloud to Cloud,2025-08-08T14:55:42.224+08:00
2025-08-09 11:14:28,2025-08-08T14:56:00+08:00,2025-08-08T14:58:02+08:00,1.4766,104.0016,C,Cloud to Cloud,2025-08-08T14:55:42.225+08:00
2025-08-09 11:14:28,2025-08-08T14:56:00+08:00,2025-08-08T14:58:02+08:00,1.4804,104.0033,C,Cloud to Cloud,2025-08-08T14:55:42.225+08:00
2025-08-09 11:14:28,2025-08-08T14:56:00+08:00,2025-08-08T14:58:02+08:00,1.4786,103.9964,C,Cloud to Cloud,2025-08-08T14:55:42.225+08:00
2025-08-09 11:14:28,2025-08-08T14:56:00+08:00,2025-08-08T14:58:02+08:00,1.4688,104.0025,C,Cloud to Cloud,2025-08-08T14:55:42.225+08:00
2025-08-09 11:14:28,2025-08-08T14:56:00+08:00,2025-08-08T14:58:02+08:00,1.4742,103.9953,C,Cloud to Cloud,2025-08-08T14:55:42.225+08:00
2025-08-09 11:14:28,2025-08-08T14:56:00+08:00,2025-08-08T14:58:02+08:00,1.4717,104.0045,C,Cloud to Cloud,2025-08-08T14:55:42.225+08:00
2025-08-09 11:14:28,2025-08-08T14:56:00+08:00,2025-08-08T14:58:02+08:00,1.4687,103.9951,C,Cloud to Cloud,2025-08-08T14:55:42.225+08:00
2025-08-09 11:14:28,2025-08-08T14:56:00+08:00,2025-08-08T14:58:02+08:00,1.4774,104.0052,C,Cloud to Cloud,2025-08-08T14:55:42.225+08:00
2025-08-09 11:14:28,2025-08-08T14:56:00+08:00,2025-08-08T14:58:02+08:00,1.4776,104.0045,C,Cloud to Cloud,2025-08-08T14:55:42.225+08:00
2025-08-09 11:14:28,2025-08-08T14:56:00+08:00,2025-08-08T14:58:02+08:00,1.4715,103.9967,C,Cloud to Cloud,2025-08-08T14:55:42.225+08:00
2025-08-09 11:14:28,2025-08-08T14:56:00+08:00,2025-08-08T14:58:02+08:00,1.4865,104.0057,C,Cloud to Cloud,2025-08-08T14:55:42.225+08:00
2025-08-09 11:14:28,2025-08-08T14:56:00+08:00,2025-08-08T14:58:02+08:00,1.4737,104.003,C,Cloud to Cloud,2025-08-08T14:55:42.225+08:00
2025-08-09 11:14:28,2025-08-08T14:56:00+08:00,2025-08-08T14:58:02+08:00,1.4819,104.0056,C,Cloud to Cloud,2025-08-08T14:55:42.225+08:00
2025-08-09 11:14:28,2025-08-08T14:56:00+08:00,2025-08-08T14:58:02+08:00,1.4782,104.0024,C,Cloud to Cloud,2025-08-08T14:55:42.225+08:00
2025-08-09 11:14:28,2025-08-08T14:56:00+08:00,2025-08-08T14:58:02+08:00,1.4865,104.0057,C,Cloud to Cloud,2025-08-08T14:55:42.226+08:00
2025-08-09 11:14:28,2025-08-08T14:56:00+08:00,2025-08-08T14:58:02+08:00,1.4742,104.002,C,Cloud to Cloud,2025-08-08T14:55:42.226+08:00
2025-08-09 11:14:28,2025-08-08T14:56:00+08:00,2025-08-08T14:58:02+08:00,1.4737,104.0022,C,Cloud to Cloud,2025-08-08T14:55:42.226+08:00
2025-08-09 11:14:28,2025-08-08T14:56:00+08:00,2025-08-08T14:58:02+08:00,1.4798,104.0037,C,Cloud to Cloud,2025-08-08T14:55:42.226+08:00
2025-08-09 11:14:28,2025-08-08T14:56:00+08:00,2025-08-08T14:58:02+08:00,1.4734,104.0006,C,Cloud to Cloud,2025-08-08T14:55:42.226+08:00
2025-08-09 11:14:28,2025-08-08T14:56:00+08:00,2025-08-08T14:58:02+08:00,1.473,104.002,C,Cloud to Cloud,2025-08-08T14:55:42.226+08:00
2025-08-09 11:14:28,2025-08-08T14:56:00+08:00,2025-08-08T14:58:02+08:00,1.4705,104.0026,C,Cloud to Cloud,2025-08-08T14:55:42.226+08:00
2025-08-09 11:14:28,2025-08-08T14:56:00+08:00,2025-08-08T14:58:02+08:00,1.4687,104.0026,C,Cloud to Cloud,2025-08-08T14:55:42.226+08:00
2025-08-09 11:14:28,2025-08-08T14:56:00+08:00,2025-08-08T14:58:02+08:00,1.4679,104.0025,C,Cloud to Cloud,2025-08-08T14:55:42.226+08:00
2025-08-09 11:14:28,2025-08-08T14:56:00+08:00,2025-08-08T14:58:02+08:00,1.47,104.0019,C,Cloud to Cloud,2025-08-08T14:55:42.226+08:00
2025-08-09 11:14:28,2025-08-08T14:56:00+08:00,2025-08-08T14:58:02+08:00,1.4702,104.0031,C,Cloud to Cloud,2025-08-08T14:55:42.227+08:00
2025-08-09 11:14:28,2025-08-08T14:56:00+08:00,2025-08-08T14:58:02+08:00,1.4707,104.0028,C,Cloud to Cloud,2025-08-08T14:55:42.227+08:00
2025-08-09 11:14:28,2025-08-08T14:56:00+08:00,2025-08-08T14:58:02+08:00,1.4683,104.0026,C,Cloud to Cloud,2025-08-08T14:55:42.227+08:00
2025-08-09 11:14:28,2025-08-08T14:56:00+08:00,2025-08-08T14:58:02+08:00,1.47,104.0009,C,Cloud to Cloud,2025-08-08T14:55:42.227+08:00
2025-08-09 11:14:28,2025-08-08T14:56:00+08:00,2025-08-08T14:58:02+08:00,1.4685,104.0007,C,Cloud to Cloud,2025-08-08T14:55:42.227+08:00
2025-08-09 11:14:28,2025-08-08T14:56:00+08:00,2025-08-08T14:58:02+08:00,1.4697,104.0021,C,Cloud to Cloud,2025-08-08T14:55:42.227+08:00
2025-08-09 11:14:28,2025-08-08T14:56:00+08:00,2025-08-08T14:58:02+08:00,1.4708,104.0019,C,Cloud to Cloud,2025-08-08T14:55:42.227+08:00
2025-08-09 11:14:28,2025-08-08T14:56:00+08:00,2025-08-08T14:58:02+08:00,1.4712,104.0031,C,Cloud to Cloud,2025-08-08T14:55:42.227+08:00
2025-08-09 11:14:28,2025-08-08T14:56:00+08:00,2025-08-08T14:58:02+08:00,1.4857,104.0064,C,Cloud to Cloud,2025-08-08T14:55:42.227+08:00
2025-08-09 11:14:28,2025-08-08T14:56:00+08:00,2025-08-08T14:58:02+08:00,1.4732,104.0002,C,Cloud to Cloud,2025-08-08T14:55:42.227+08:00
2025-08-09 11:14:28,2025-08-08T14:56:00+08:00,2025-08-08T14:58:02+08:00,1.4719,104.0025,C,Cloud to Cloud,2025-08-08T14:55:42.228+08:00
2025-08-09 11:14:28,2025-08-08T14:56:00+08:00,2025-08-08T14:58:02+08:00,1.47,103.9997,C,Cloud to Cloud,2025-08-08T14:55:42.228+08:00
2025-08-09 11:14:28,2025-08-08T14:56:00+08:00,2025-08-08T14:58:02+08:00,1.4638,104.0021,C,Cloud to Cloud,2025-08-08T14:55:42.228+08:00
2025-08-09 11:14:28,2025-08-08T14:56:00+08:00,2025-08-08T14:58:02+08:00,1.4692,104.0005,C,Cloud to Cloud,2025-08-08T14:55:42.228+08:00
2025-08-09 11:14:28,2025-08-08T14:56:00+08:00,2025-08-08T14:58:02+08:00,1.4718,104.0012,C,Cloud to Cloud,2025-08-08T14:55:42.228+08:00
2025-08-09 11:14:28,2025-08-08T14:56:00+08:00,2025-08-08T14:58:02+08:00,1.473,104.0024,C,Cloud to Cloud,2025-08-08T14:55:42.228+08:00
2025-08-09 11:14:28,2025-08-08T14:56:00+08:00,2025-08-08T14:58:02+08:00,1.4653,103.9998,C,Cloud to Cloud,2025-08-08T14:55:42.228+08:00
2025-08-09 11:14:28,2025-08-08T14:56:00+08:00,2025-08-08T14:58:02+08:00,1.4731,104.0023,C,Cloud to Cloud,2025-08-08T14:55:42.228+08:00
2025-08-09 11:14:28,2025-08-08T14:56:00+08:00,2025-08-08T14:58:02+08:00,1.4734,104.0009,C,Cloud to Cloud,2025-08-08T14:55:42.228+08:00
2025-08-09 11:14:28,2025-08-08T14:56:00+08:00,2025-08-08T14:58:02+08:00,1.4687,103.9985,C,Cloud to Cloud,2025-08-08T14:55:42.229+08:00
2025-08-09 11:14:28,2025-08-08T14:56:00+08:00,2025-08-08T14:58:02+08:00,1.4674,103.9983,C,Cloud to Cloud,2025-08-08T14:55:42.229+08:00
2025-08-09 11:14:28,2025-08-08T14:56:00+08:00,2025-08-08T14:58:02+08:00,1.469,103.9996,C,Cloud to Cloud,2025-08-08T14:55:42.229+08:00
2025-08-09 11:14:28,2025-08-08T14:56:00+08:00,2025-08-08T14:58:02+08:00,1.4735,103.9977,C,Cloud to Cloud,2025-08-08T14:55:42.229+08:00
2025-08-09 11:14:28,2025-08-08T14:56:00+08:00,2025-08-08T14:58:02+08:00,1.4666,103.9984,C,Cloud to Cloud,2025-08-08T14:55:42.23+08:00
2025-08-09 11:14:28,2025-08-08T14:56:00+08:00,2025-08-08T14:58:02+08:00,1.4719,104.0002,C,Cloud to Cloud,2025-08-08T14:55:42.23+08:00
2025-08-09 11:14:28,2025-08-08T14:56:00+08:00,2025-08-08T14:58:02+08:00,1.4754,103.9969,C,Cloud to Cloud,2025-08-08T14:55:42.232+08:00
2025-08-09 11:14:28,2025-08-08T14:56:00+08:00,2025-08-08T14:58:02+08:00,1.4775,103.9976,C,Cloud to Cloud,2025-08-08T14:55:42.233+08:00
2025-08-09 11:14:28,2025-08-08T14:56:00+08:00,2025-08-08T14:58:02+08:00,1.479,103.9936,C,Cloud to Cloud,2025-08-08T14:55:42.234+08:00
2025-08-09 11:14:28,2025-08-08T14:56:00+08:00,2025-08-08T14:58:02+08:00,1.4797,103.9937,C,Cloud to Cloud,2025-08-08T14:55:42.234+08:00
2025-08-09 11:14:28,2025-08-08T14:56:00+08:00,2025-08-08T14:58:02+08:00,1.4802,103.9938,C,Cloud to Cloud,2025-08-08T14:55:42.234+08:00
2025-08-09 11:14:28,2025-08-08T14:56:00+08:00,2025-08-08T14:58:02+08:00,1.4813,103.9943,C,Cloud to Cloud,2025-08-08T14:55:42.235+08:00
2025-08-09 11:14:28,2025-08-08T14:56:00+08:00,2025-08-08T14:58:02+08:00,1.4804,103.9928,C,Cloud to Cloud,2025-08-08T14:55:42.235+08:00
2025-08-09 11:14:28,2025-08-08T14:56:00+08:00,2025-08-08T14:58:02+08:00,1.4791,103.9936,C,Cloud to Cloud,2025-08-08T14:55:42.235+08:00
2025-08-09 11:14:28,2025-08-08T14:56:00+08:00,2025-08-08T14:58:02+08:00,1.4785,103.9922,C,Cloud to Cloud,2025-08-08T14:55:42.235+08:00
2025-08-09 11:14:28,2025-08-08T14:56:00+08:00,2025-08-08T14:58:02+08:00,1.4819,103.9938,C,Cloud to Cloud,2025-08-08T14:55:42.235+08:00
2025-08-09 11:14:28,2025-08-08T14:56:00+08:00,2025-08-08T14:58:02+08:00,1.4821,103.9919,C,Cloud to Cloud,2025-08-08T14:55:42.236+08:00
2025-08-09 11:14:28,2025-08-08T14:56:00+08:00,2025-08-08T14:58:02+08:00,1.4824,103.9935,C,Cloud to Cloud,2025-08-08T14:55:42.236+08:00
2025-08-09 11:14:28,2025-08-08T14:56:00+08:00,2025-08-08T14:58:02+08:00,1.4783,103.9915,C,Cloud to Cloud,2025-08-08T14:55:42.237+08:00
2025-08-09 11:14:28,2025-08-08T14:56:00+08:00,2025-08-08T14:58:02+08:00,1.4796,103.9926,C,Cloud to Cloud,2025-08-08T14:55:42.237+08:00
2025-08-09 11:14:28,2025-08-08T14:56:00+08:00,2025-08-08T14:58:02+08:00,1.4801,103.9929,C,Cloud to Cloud,2025-08-08T14:55:42.238+08:00
2025-08-09 11:14:28,2025-08-08T14:56:00+08:00,2025-08-08T14:58:02+08:00,1.4823,103.9918,C,Cloud to Cloud,2025-08-08T14:55:42.238+08:00
2025-08-09 11:14:28,2025-08-08T14:56:00+08:00,2025-08-08T14:58:02+08:00,1.4804,103.9938,C,Cloud to Cloud,2025-08-08T14:55:42.239+08:00
2025-08-09 11:14:28,2025-08-08T14:56:00+08:00,2025-08-08T14:58:02+08:00,1.4805,103.9927,C,Cloud to Cloud,2025-08-08T14:55:42.239+08:00
2025-08-09 11:14:28,2025-08-08T14:56:00+08:00,2025-08-08T14:58:02+08:00,1.4817,103.9918,C,Cloud to Cloud,2025-08-08T14:55:42.239+08:00
2025-08-09 11:14:28,2025-08-08T14:56:00+08:00,2025-08-08T14:58:02+08:00,1.4848,103.9916,C,Cloud to Cloud,2025-08-08T14:55:42.24+08:00
2025-08-09 11:14:28,2025-08-08T14:56:00+08:00,2025-08-08T14:58:02+08:00,1.4847,103.9927,C,Cloud to Cloud,2025-08-08T14:55:42.241+08:00
2025-08-09 11:14:28,2025-08-08T14:56:00+08:00,2025-08-08T14:58:02+08:00,1.4832,103.9928,C,Cloud to Cloud,2025-08-08T14:55:42.241+08:00
2025-08-09 11:14:28,2025-08-08T14:56:00+08:00,2025-08-08T14:58:02+08:00,1.4853,103.9913,C,Cloud to Cloud,2025-08-08T14:55:42.241+08:00
2025-08-09 11:14:28,2025-08-08T14:56:00+08:00,2025-08-08T14:58:02+08:00,1.4832,103.9925,C,Cloud to Cloud,2025-08-08T14:55:42.242+08:00
2025-08-09 11:14:28,2025-08-08T14:56:00+08:00,2025-08-08T14:58:02+08:00,1.4824,103.9937,C,Cloud to Cloud,2025-08-08T14:55:42.242+08:00
2025-08-09 11:14:28,2025-08-08T14:56:00+08:00,2025-08-08T14:58:02+08:00,1.4806,103.9925,C,Cloud to Cloud,2025-08-08T14:55:42.242+08:00
2025-08-09 11:14:28,2025-08-08T14:56:00+08:00,2025-08-08T14:58:02+08:00,1.4704,103.9961,C,Cloud to Cloud,2025-08-08T14:55:42.246+08:00
2025-08-09 11:14:28,2025-08-08T14:56:00+08:00,2025-08-08T14:58:02+08:00,1.4847,104.0005,C,Cloud to Cloud,2025-08-08T14:55:42.246+08:00
2025-08-09 11:14:28,2025-08-08T14:56:00+08:00,2025-08-08T14:58:02+08:00,1.4697,103.9962,C,Cloud to Cloud,2025-08-08T14:55:42.246+08:00
2025-08-09 11:14:28,2025-08-08T14:56:00+08:00,2025-08-08T14:58:02+08:00,1.4708,103.9956,C,Cloud to Cloud,2025-08-08T14:55:42.246+08:00
2025-08-09 11:14:28,2025-08-08T14:56:00+08:00,2025-08-08T14:58:02+08:00,1.4888,104.0024,C,Cloud to Cloud,2025-08-08T14:55:42.247+08:00
2025-08-09 11:14:28,2025-08-08T14:56:00+08:00,2025-08-08T14:58:02+08:00,1.4617,103.9915,G,Cloud to Ground,2025-08-08T14:55:42.247+08:00
2025-08-09 11:14:28,2025-08-08T14:56:00+08:00,2025-08-08T14:58:02+08:00,1.496,104.0014,C,Cloud to Cloud,2025-08-08T14:55:42.248+08:00
2025-08-09 11:14:28,2025-08-08T14:56:00+08:00,2025-08-08T14:58:02+08:00,1.4975,103.9937,C,Cloud to Cloud,2025-08-08T14:55:42.248+08:00
2025-08-09 11:14:28,2025-08-08T14:56:00+08:00,2025-08-08T14:58:02+08:00,1.4838,103.9844,C,Cloud to Cloud,2025-08-08T14:55:42.248+08:00
2025-08-09 11:14:28,2025-08-08T14:56:00+08:00,2025-08-08T14:58:02+08:00,1.4583,103.9969,C,Cloud to Cloud,2025-08-08T14:55:42.265+08:00
2025-08-09 11:14:28,2025-08-08T14:56:00+08:00,2025-08-08T14:58:02+08:00,1.4678,103.9974,C,Cloud to Cloud,2025-08-08T14:55:42.266+08:00
2025-08-09 11:14:28,2025-08-08T14:56:00+08:00,2025-08-08T14:58:02+08:00,1.4805,104.0062,C,Cloud to Cloud,2025-08-08T14:55:42.266+08:00
2025-08-09 11:14:28,2025-08-08T14:56:00+08:00,2025-08-08T14:58:02+08:00,1.486,104.0053,C,Cloud to Cloud,2025-08-08T14:55:42.27+08:00
2025-08-09 11:14:28,2025-08-08T14:56:00+08:00,2025-08-08T14:58:02+08:00,1.5002,104.0084,C,Cloud to Cloud,2025-08-08T14:55:42.27+08:00
2025-08-09 11:14:28,2025-08-08T14:56:00+08:00,2025-08-08T14:58:02+08:00,1.4851,103.9843,C,Cloud to Cloud,2025-08-08T14:55:42.271+08:00
2025-08-09 11:14:28,2025-08-08T14:56:00+08:00,2025-08-08T14:58:02+08:00,1.485,103.9843,C,Cloud to Cloud,2025-08-08T14:55:42.271+08:00
2025-08-09 11:14:28,2025-08-08T14:56:00+08:00,2025-08-08T14:58:02+08:00,1.4849,103.988,C,Cloud to Cloud,2025-08-08T14:55:42.271+08:00
2025-08-09 11:14:28,2025-08-08T14:56:00+08:00,2025-08-08T14:58:02+08:00,1.4713,104.0009,C,Cloud to Cloud,2025-08-08T14:55:42.28+08:00
2025-08-09 11:14:28,2025-08-08T14:56:00+08:00,2025-08-08T14:58:02+08:00,1.4613,104.0007,C,Cloud to Cloud,2025-08-08T14:55:42.28+08:00
2025-08-09 11:14:28,2025-08-08T14:56:00+08:00,2025-08-08T14:58:02+08:00,1.4936,104.0059,C,Cloud to Cloud,2025-08-08T14:55:42.281+08:00
2025-08-09 11:14:28,2025-08-08T14:56:00+08:00,2025-08-08T14:58:02+08:00,1.4976,104.0081,C,Cloud to Cloud,2025-08-08T14:55:42.281+08:00
2025-08-09 11:14:28,2025-08-08T14:56:00+08:00,2025-08-08T14:58:02+08:00,1.4648,103.9947,G,Cloud to Ground,2025-08-08T14:55:42.281+08:00
2025-08-09 11:14:28,2025-08-08T14:56:00+08:00,2025-08-08T14:58:02+08:00,1.473,103.9954,C,Cloud to Cloud,2025-08-08T14:55:42.348+08:00
2025-08-09 11:14:28,2025-08-08T14:56:00+08:00,2025-08-08T14:58:02+08:00,1.5497,103.989,C,Cloud to Cloud,2025-08-08T14:55:42.348+08:00
2025-08-09 11:14:28,2025-08-08T14:56:00+08:00,2025-08-08T14:58:02+08:00,1.4741,103.9784,C,Cloud to Cloud,2025-08-08T14:55:42.348+08:00
2025-08-09 11:14:28,2025-08-08T14:56:00+08:00,2025-08-08T14:58:02+08:00,1.4827,103.9892,C,Cloud to Cloud,2025-08-08T14:55:42.353+08:00
2025-08-09 11:14:28,2025-08-08T14:56:00+08:00,2025-08-08T14:58:02+08:00,1.4889,104.0122,G,Cloud to Ground,2025-08-08T14:55:42.353+08:00
2025-08-09 11:14:28,2025-08-08T14:56:00+08:00,2025-08-08T14:58:02+08:00,1.4887,103.9902,C,Cloud to Cloud,2025-08-08T14:55:42.353+08:00
2025-08-09 11:14:28,2025-08-08T14:56:00+08:00,2025-08-08T14:58:02+08:00,1.4897,104.0076,C,Cloud to Cloud,2025-08-08T14:55:42.353+08:00
2025-08-09 11:14:28,2025-08-08T14:56:00+08:00,2025-08-08T14:58:02+08:00,1.4934,103.9815,C,Cloud to Cloud,2025-08-08T14:55:42.353+08:00
2025-08-09 11:14:28,2025-08-08T14:56:00+08:00,2025-08-08T14:58:02+08:00,1.467,103.9678,C,Cloud to Cloud,2025-08-08T14:55:42.354+08:00
2025-08-09 11:14:28,2025-08-08T14:56:00+08:00,2025-08-08T14:58:02+08:00,1.4676,103.9744,C,Cloud to Cloud,2025-08-08T14:55:42.354+08:00
2025-08-09 11:14:28,2025-08-08T14:56:00+08:00,2025-08-08T14:58:02+08:00,1.4697,103.9884,C,Cloud to Cloud,2025-08-08T14:55:42.435+08:00
2025-08-09 11:14:28,2025-08-08T14:56:00+08:00,2025-08-08T14:58:02+08:00,1.4666,103.9763,C,Cloud to Cloud,2025-08-08T14:55:42.435+08:00
2025-08-09 11:14:28,2025-08-08T14:56:00+08:00,2025-08-08T14:58:02+08:00,1.4826,103.9925,C,Cloud to Cloud,2025-08-08T14:55:42.446+08:00
2025-08-09 11:14:28,2025-08-08T14:56:00+08:00,2025-08-08T14:58:02+08:00,1.4845,103.9876,C,Cloud to Cloud,2025-08-08T14:55:42.446+08:00
2025-08-09 11:14:28,2025-08-08T14:56:00+08:00,2025-08-08T14:58:02+08:00,1.5003,104.0324,C,Cloud to Cloud,2025-08-08T14:55:42.446+08:00
2025-08-09 11:14:28,2025-08-08T14:56:00+08:00,2025-08-08T14:58:02+08:00,1.4987,104.0287,C,Cloud to Cloud,2025-08-08T14:55:42.446+08:00
2025-08-09 11:14:28,2025-08-08T14:56:00+08:00,2025-08-08T14:58:02+08:00,1.492,103.993,C,Cloud to Cloud,2025-08-08T14:55:42.446+08:00
2025-08-09 11:14:28,2025-08-08T14:56:00+08:00,2025-08-08T14:58:02+08:00,1.4861,103.9527,C,Cloud to Cloud,2025-08-08T14:55:42.446+08:00
2025-08-09 11:14:28,2025-08-08T14:56:00+08:00,2025-08-08T14:58:02+08:00,1.489,103.9722,C,Cloud to Cloud,2025-08-08T14:55:42.446+08:00
2025-08-09 11:14:28,2025-08-08T14:56:00+08:00,2025-08-08T14:58:02+08:00,1.499,103.9845,C,Cloud to Cloud,2025-08-08T14:55:42.446+08:00
2025-08-09 11:14:28,2025-08-08T14:56:00+08:00,2025-08-08T14:58:02+08:00,1.4901,103.9789,C,Cloud to Cloud,2025-08-08T14:55:42.446+08:00
2025-08-09 11:14:28,2025-08-08T14:56:00+08:00,2025-08-08T14:58:02+08:00,1.4853,103.9795,C,Cloud to Cloud,2025-08-08T14:55:42.446+08:00
2025-08-09 11:14:28,2025-08-08T14:56:00+08:00,2025-08-08T14:58:02+08:00,1.4888,103.9845,C,Cloud to Cloud,2025-08-08T14:55:42.446+08:00
2025-08-09 11:14:28,2025-08-08T14:56:00+08:00,2025-08-08T14:58:02+08:00,1.489,103.9839,C,Cloud to Cloud,2025-08-08T14:55:42.447+08:00
2025-08-09 11:14:28,2025-08-08T14:56:00+08:00,2025-08-08T14:58:02+08:00,1.4877,103.9842,C,Cloud to Cloud,2025-08-08T14:55:42.447+08:00
2025-08-09 11:14:28,2025-08-08T14:56:00+08:00,2025-08-08T14:58:02+08:00,1.4853,103.9588,C,Cloud to Cloud,2025-08-08T14:55:42.447+08:00
2025-08-09 11:14:28,2025-08-08T14:56:00+08:00,2025-08-08T14:58:02+08:00,1.4882,104.0095,G,Cloud to Ground,2025-08-08T14:55:42.448+08:00
2025-08-09 11:14:28,2025-08-08T14:56:00+08:00,2025-08-08T14:58:02+08:00,1.4577,103.9756,C,Cloud to Cloud,2025-08-08T14:55:42.448+08:00
2025-08-09 11:14:28,2025-08-08T14:56:00+08:00,2025-08-08T14:58:02+08:00,1.4861,103.9624,C,Cloud to Cloud,2025-08-08T14:55:42.45+08:00
2025-08-09 11:14:28,2025-08-08T14:56:00+08:00,2025-08-08T14:58:02+08:00,1.4864,103.9673,C,Cloud to Cloud,2025-08-08T14:55:42.45+08:00
2025-08-09 11:14:28,2025-08-08T14:56:00+08:00,2025-08-08T14:58:02+08:00,1.4909,103.9708,C,Cloud to Cloud,2025-08-08T14:55:42.463+08:00
2025-08-09 11:14:28,2025-08-08T14:56:00+08:00,2025-08-08T14:58:02+08:00,1.4884,103.9803,C,Cloud to Cloud,2025-08-08T14:55:42.47+08:00
2025-08-09 11:14:28,2025-08-08T14:54:00+08:00,2025-08-08T14:56:03+08:00,1.0249,103.3765,C,Cloud to Cloud,2025-08-08T14:53:24.769+08:00
2025-08-09 11:14:28,2025-08-08T14:54:00+08:00,2025-08-08T14:56:03+08:00,1.0294,103.3902,C,Cloud to Cloud,2025-08-08T14:53:24.769+08:00
2025-08-09 11:14:28,2025-08-08T14:54:00+08:00,2025-08-08T14:56:03+08:00,1.4773,104.0097,C,Cloud to Cloud,2025-08-08T14:53:28.946+08:00
2025-08-09 11:14:28,2025-08-08T14:54:00+08:00,2025-08-08T14:56:03+08:00,1.4817,104.0084,C,Cloud to Cloud,2025-08-08T14:53:28.946+08:00
2025-08-09 11:14:28,2025-08-08T14:54:00+08:00,2025-08-08T14:56:03+08:00,1.4792,103.9994,C,Cloud to Cloud,2025-08-08T14:53:28.946+08:00
2025-08-09 11:14:28,2025-08-08T14:54:00+08:00,2025-08-08T14:56:03+08:00,1.4749,104.0173,C,Cloud to Cloud,2025-08-08T14:53:28.946+08:00
2025-08-09 11:14:28,2025-08-08T14:54:00+08:00,2025-08-08T14:56:03+08:00,1.48,104.003,C,Cloud to Cloud,2025-08-08T14:53:28.946+08:00
2025-08-09 11:14:28,2025-08-08T14:54:00+08:00,2025-08-08T14:56:03+08:00,1.4849,104.0123,C,Cloud to Cloud,2025-08-08T14:53:28.947+08:00
2025-08-09 11:14:28,2025-08-08T14:54:00+08:00,2025-08-08T14:56:03+08:00,1.4795,104.0032,C,Cloud to Cloud,2025-08-08T14:53:28.947+08:00
2025-08-09 11:14:28,2025-08-08T14:54:00+08:00,2025-08-08T14:56:03+08:00,1.4778,104.0136,C,Cloud to Cloud,2025-08-08T14:53:28.947+08:00
2025-08-09 11:14:28,2025-08-08T14:54:00+08:00,2025-08-08T14:56:03+08:00,1.4859,104.0134,C,Cloud to Cloud,2025-08-08T14:53:28.947+08:00
2025-08-09 11:14:28,2025-08-08T14:54:00+08:00,2025-08-08T14:56:03+08:00,1.4795,104.0028,C,Cloud to Cloud,2025-08-08T14:53:28.947+08:00
2025-08-09 11:14:28,2025-08-08T14:54:00+08:00,2025-08-08T14:56:03+08:00,1.4869,104.0108,C,Cloud to Cloud,2025-08-08T14:53:28.947+08:00
2025-08-09 11:14:28,2025-08-08T14:54:00+08:00,2025-08-08T14:56:03+08:00,1.4797,104.0029,C,Cloud to Cloud,2025-08-08T14:53:28.947+08:00
2025-08-09 11:14:28,2025-08-08T14:54:00+08:00,2025-08-08T14:56:03+08:00,1.4825,104.0073,C,Cloud to Cloud,2025-08-08T14:53:28.947+08:00
2025-08-09 11:14:28,2025-08-08T14:54:00+08:00,2025-08-08T14:56:03+08:00,1.4824,104.0078,C,Cloud to Cloud,2025-08-08T14:53:28.947+08:00
2025-08-09 11:14:28,2025-08-08T14:54:00+08:00,2025-08-08T14:56:03+08:00,1.4782,103.9972,C,Cloud to Cloud,2025-08-08T14:53:28.947+08:00
2025-08-09 11:14:28,2025-08-08T14:54:00+08:00,2025-08-08T14:56:03+08:00,1.4793,104.002,C,Cloud to Cloud,2025-08-08T14:53:28.947+08:00
2025-08-09 11:14:28,2025-08-08T14:54:00+08:00,2025-08-08T14:56:03+08:00,1.4838,104.0076,C,Cloud to Cloud,2025-08-08T14:53:28.947+08:00
2025-08-09 11:14:28,2025-08-08T14:54:00+08:00,2025-08-08T14:56:03+08:00,1.479,103.9996,C,Cloud to Cloud,2025-08-08T14:53:28.947+08:00
2025-08-09 11:14:28,2025-08-08T14:54:00+08:00,2025-08-08T14:56:03+08:00,1.484,104.0153,C,Cloud to Cloud,2025-08-08T14:53:28.947+08:00
2025-08-09 11:14:28,2025-08-08T14:54:00+08:00,2025-08-08T14:56:03+08:00,1.4837,104.0097,C,Cloud to Cloud,2025-08-08T14:53:28.947+08:00
2025-08-09 11:14:28,2025-08-08T14:54:00+08:00,2025-08-08T14:56:03+08:00,1.4858,104.0106,C,Cloud to Cloud,2025-08-08T14:53:28.948+08:00
2025-08-09 11:14:28,2025-08-08T14:54:00+08:00,2025-08-08T14:56:03+08:00,1.4879,104.0113,C,Cloud to Cloud,2025-08-08T14:53:28.948+08:00
2025-08-09 11:14:28,2025-08-08T14:54:00+08:00,2025-08-08T14:56:03+08:00,1.487,104.0083,C,Cloud to Cloud,2025-08-08T14:53:28.948+08:00
2025-08-09 11:14:28,2025-08-08T14:54:00+08:00,2025-08-08T14:56:03+08:00,1.4877,104.0115,C,Cloud to Cloud,2025-08-08T14:53:28.948+08:00
2025-08-09 11:14:28,2025-08-08T14:54:00+08:00,2025-08-08T14:56:03+08:00,1.4882,104.0084,C,Cloud to Cloud,2025-08-08T14:53:28.948+08:00
2025-08-09 11:14:28,2025-08-08T14:54:00+08:00,2025-08-08T14:56:03+08:00,1.4888,104.0138,C,Cloud to Cloud,2025-08-08T14:53:28.948+08:00
2025-08-09 11:14:28,2025-08-08T14:54:00+08:00,2025-08-08T14:56:03+08:00,1.4886,104.0122,C,Cloud to Cloud,2025-08-08T14:53:28.948+08:00
2025-08-09 11:14:28,2025-08-08T14:54:00+08:00,2025-08-08T14:56:03+08:00,1.4876,104.0095,C,Cloud to Cloud,2025-08-08T14:53:28.948+08:00
2025-08-09 11:14:28,2025-08-08T14:54:00+08:00,2025-08-08T14:56:03+08:00,1.4878,104.0122,C,Cloud to Cloud,2025-08-08T14:53:28.948+08:00
2025-08-09 11:14:28,2025-08-08T14:54:00+08:00,2025-08-08T14:56:03+08:00,1.4899,104.0115,C,Cloud to Cloud,2025-08-08T14:53:28.948+08:00
2025-08-09 11:14:28,2025-08-08T14:54:00+08:00,2025-08-08T14:56:03+08:00,1.4895,104.0137,C,Cloud to Cloud,2025-08-08T14:53:28.949+08:00
2025-08-09 11:14:28,2025-08-08T14:54:00+08:00,2025-08-08T14:56:03+08:00,1.4891,104.012,C,Cloud to Cloud,2025-08-08T14:53:28.949+08:00
2025-08-09 11:14:28,2025-08-08T14:54:00+08:00,2025-08-08T14:56:03+08:00,1.4895,104.0099,C,Cloud to Cloud,2025-08-08T14:53:28.949+08:00
2025-08-09 11:14:28,2025-08-08T14:54:00+08:00,2025-08-08T14:56:03+08:00,1.4884,104.0059,C,Cloud to Cloud,2025-08-08T14:53:28.949+08:00
2025-08-09 11:14:28,2025-08-08T14:54:00+08:00,2025-08-08T14:56:03+08:00,1.4874,104.0042,C,Cloud to Cloud,2025-08-08T14:53:28.949+08:00
2025-08-09 11:14:28,2025-08-08T14:54:00+08:00,2025-08-08T14:56:03+08:00,1.4881,104.0071,C,Cloud to Cloud,2025-08-08T14:53:28.949+08:00
2025-08-09 11:14:28,2025-08-08T14:54:00+08:00,2025-08-08T14:56:03+08:00,1.4874,104.0046,C,Cloud to Cloud,2025-08-08T14:53:28.949+08:00
2025-08-09 11:14:28,2025-08-08T14:54:00+08:00,2025-08-08T14:56:03+08:00,1.4865,104.0026,C,Cloud to Cloud,2025-08-08T14:53:28.949+08:00
2025-08-09 11:14:28,2025-08-08T14:54:00+08:00,2025-08-08T14:56:03+08:00,1.4883,104.0,C,Cloud to Cloud,2025-08-08T14:53:28.949+08:00
2025-08-09 11:14:28,2025-08-08T14:54:00+08:00,2025-08-08T14:56:03+08:00,1.4865,103.9995,C,Cloud to Cloud,2025-08-08T14:53:28.949+08:00
2025-08-09 11:14:28,2025-08-08T14:54:00+08:00,2025-08-08T14:56:03+08:00,1.4858,103.9986,C,Cloud to Cloud,2025-08-08T14:53:28.95+08:00
2025-08-09 11:14:28,2025-08-08T14:54:00+08:00,2025-08-08T14:56:03+08:00,1.4862,103.9986,C,Cloud to Cloud,2025-08-08T14:53:28.95+08:00
2025-08-09 11:14:28,2025-08-08T14:54:00+08:00,2025-08-08T14:56:03+08:00,1.4869,104.0006,C,Cloud to Cloud,2025-08-08T14:53:28.95+08:00
2025-08-09 11:14:28,2025-08-08T14:54:00+08:00,2025-08-08T14:56:03+08:00,1.4858,104.0006,C,Cloud to Cloud,2025-08-08T14:53:28.95+08:00
2025-08-09 11:14:28,2025-08-08T14:54:00+08:00,2025-08-08T14:56:03+08:00,1.4863,103.9989,C,Cloud to Cloud,2025-08-08T14:53:28.95+08:00
2025-08-09 11:14:28,2025-08-08T14:54:00+08:00,2025-08-08T14:56:03+08:00,1.4856,103.9987,C,Cloud to Cloud,2025-08-08T14:53:28.95+08:00
2025-08-09 11:14:28,2025-08-08T14:54:00+08:00,2025-08-08T14:56:03+08:00,1.4862,103.9993,C,Cloud to Cloud,2025-08-08T14:53:28.95+08:00
2025-08-09 11:14:28,2025-08-08T14:54:00+08:00,2025-08-08T14:56:03+08:00,1.4857,103.9983,C,Cloud to Cloud,2025-08-08T14:53:28.95+08:00
2025-08-09 11:14:28,2025-08-08T14:54:00+08:00,2025-08-08T14:56:03+08:00,1.4868,103.9987,C,Cloud to Cloud,2025-08-08T14:53:28.95+08:00
2025-08-09 11:14:28,2025-08-08T14:54:00+08:00,2025-08-08T14:56:03+08:00,1.4868,104.002,C,Cloud to Cloud,2025-08-08T14:53:28.95+08:00
2025-08-09 11:14:28,2025-08-08T14:54:00+08:00,2025-08-08T14:56:03+08:00,1.4885,104.0011,C,Cloud to Cloud,2025-08-08T14:53:28.951+08:00
2025-08-09 11:14:28,2025-08-08T14:54:00+08:00,2025-08-08T14:56:03+08:00,1.4866,104.0017,C,Cloud to Cloud,2025-08-08T14:53:28.951+08:00
2025-08-09 11:14:28,2025-08-08T14:54:00+08:00,2025-08-08T14:56:03+08:00,1.4857,103.9996,C,Cloud to Cloud,2025-08-08T14:53:28.951+08:00
2025-08-09 11:14:28,2025-08-08T14:54:00+08:00,2025-08-08T14:56:03+08:00,1.4861,104.0019,C,Cloud to Cloud,2025-08-08T14:53:28.951+08:00
2025-08-09 11:14:28,2025-08-08T14:54:00+08:00,2025-08-08T14:56:03+08:00,1.486,104.0007,C,Cloud to Cloud,2025-08-08T14:53:28.951+08:00
2025-08-09 11:14:28,2025-08-08T14:54:00+08:00,2025-08-08T14:56:03+08:00,1.4883,104.0033,C,Cloud to Cloud,2025-08-08T14:53:28.951+08:00
2025-08-09 11:14:28,2025-08-08T14:54:00+08:00,2025-08-08T14:56:03+08:00,1.4891,104.0025,C,Cloud to Cloud,2025-08-08T14:53:28.951+08:00
2025-08-09 11:14:28,2025-08-08T14:54:00+08:00,2025-08-08T14:56:03+08:00,1.4879,104.0051,C,Cloud to Cloud,2025-08-08T14:53:28.951+08:00
2025-08-09 11:14:28,2025-08-08T14:54:00+08:00,2025-08-08T14:56:03+08:00,1.485,104.0005,C,Cloud to Cloud,2025-08-08T14:53:28.951+08:00
2025-08-09 11:14:28,2025-08-08T14:54:00+08:00,2025-08-08T14:56:03+08:00,1.4856,104.0029,C,Cloud to Cloud,2025-08-08T14:53:28.951+08:00
2025-08-09 11:14:28,2025-08-08T14:54:00+08:00,2025-08-08T14:56:03+08:00,1.4868,104.0021,C,Cloud to Cloud,2025-08-08T14:53:28.952+08:00
2025-08-09 11:14:28,2025-08-08T14:54:00+08:00,2025-08-08T14:56:03+08:00,1.4861,104.0046,C,Cloud to Cloud,2025-08-08T14:53:28.952+08:00
2025-08-09 11:14:28,2025-08-08T14:54:00+08:00,2025-08-08T14:56:03+08:00,1.4873,104.0041,C,Cloud to Cloud,2025-08-08T14:53:28.952+08:00
2025-08-09 11:14:28,2025-08-08T14:54:00+08:00,2025-08-08T14:56:03+08:00,1.4865,104.003,C,Cloud to Cloud,2025-08-08T14:53:28.952+08:00
2025-08-09 11:14:28,2025-08-08T14:54:00+08:00,2025-08-08T14:56:03+08:00,1.4876,104.0025,C,Cloud to Cloud,2025-08-08T14:53:28.952+08:00
2025-08-09 11:14:28,2025-08-08T14:54:00+08:00,2025-08-08T14:56:03+08:00,1.4906,104.0044,C,Cloud to Cloud,2025-08-08T14:53:28.952+08:00
2025-08-09 11:14:28,2025-08-08T14:54:00+08:00,2025-08-08T14:56:03+08:00,1.4847,103.998,C,Cloud to Cloud,2025-08-08T14:53:28.952+08:00
2025-08-09 11:14:28,2025-08-08T14:54:00+08:00,2025-08-08T14:56:03+08:00,1.4842,103.998,C,Cloud to Cloud,2025-08-08T14:53:28.952+08:00
2025-08-09 11:14:28,2025-08-08T14:54:00+08:00,2025-08-08T14:56:03+08:00,1.4861,103.9995,C,Cloud to Cloud,2025-08-08T14:53:28.952+08:00
2025-08-09 11:14:28,2025-08-08T14:54:00+08:00,2025-08-08T14:56:03+08:00,1.4875,104.0012,C,Cloud to Cloud,2025-08-08T14:53:28.952+08:00
2025-08-09 11:14:28,2025-08-08T14:54:00+08:00,2025-08-08T14:56:03+08:00,1.4876,104.0036,C,Cloud to Cloud,2025-08-08T14:53:28.953+08:00
2025-08-09 11:14:28,2025-08-08T14:54:00+08:00,2025-08-08T14:56:03+08:00,1.4862,104.0013,C,Cloud to Cloud,2025-08-08T14:53:28.953+08:00
2025-08-09 11:14:28,2025-08-08T14:54:00+08:00,2025-08-08T14:56:03+08:00,1.4898,104.0019,C,Cloud to Cloud,2025-08-08T14:53:28.953+08:00
2025-08-09 11:14:28,2025-08-08T14:54:00+08:00,2025-08-08T14:56:03+08:00,1.4896,104.0022,C,Cloud to Cloud,2025-08-08T14:53:28.953+08:00
2025-08-09 11:14:28,2025-08-08T14:54:00+08:00,2025-08-08T14:56:03+08:00,1.4913,104.0058,C,Cloud to Cloud,2025-08-08T14:53:28.953+08:00
2025-08-09 11:14:28,2025-08-08T14:54:00+08:00,2025-08-08T14:56:03+08:00,1.4898,104.0024,C,Cloud to Cloud,2025-08-08T14:53:28.953+08:00
2025-08-09 11:14:28,2025-08-08T14:54:00+08:00,2025-08-08T14:56:03+08:00,1.4884,104.0013,C,Cloud to Cloud,2025-08-08T14:53:28.953+08:00
2025-08-09 11:14:28,2025-08-08T14:54:00+08:00,2025-08-08T14:56:03+08:00,1.4869,104.0005,C,Cloud to Cloud,2025-08-08T14:53:28.953+08:00
2025-08-09 11:14:28,2025-08-08T14:54:00+08:00,2025-08-08T14:56:03+08:00,1.4901,104.0029,C,Cloud to Cloud,2025-08-08T14:53:28.953+08:00
2025-08-09 11:14:28,2025-08-08T14:54:00+08:00,2025-08-08T14:56:03+08:00,1.4892,104.0013,C,Cloud to Cloud,2025-08-08T14:53:28.953+08:00
2025-08-09 11:14:28,2025-08-08T14:54:00+08:00,2025-08-08T14:56:03+08:00,1.4872,104.0008,C,Cloud to Cloud,2025-08-08T14:53:28.954+08:00
2025-08-09 11:14:28,2025-08-08T14:54:00+08:00,2025-08-08T14:56:03+08:00,1.4857,103.9995,C,Cloud to Cloud,2025-08-08T14:53:28.954+08:00
2025-08-09 11:14:28,2025-08-08T14:54:00+08:00,2025-08-08T14:56:03+08:00,1.4876,104.0015,C,Cloud to Cloud,2025-08-08T14:53:28.954+08:00
2025-08-09 11:14:28,2025-08-08T14:54:00+08:00,2025-08-08T14:56:03+08:00,1.4879,104.0003,C,Cloud to Cloud,2025-08-08T14:53:28.954+08:00
2025-08-09 11:14:28,2025-08-08T14:54:00+08:00,2025-08-08T14:56:03+08:00,1.485,103.9977,C,Cloud to Cloud,2025-08-08T14:53:28.954+08:00
2025-08-09 11:14:28,2025-08-08T14:54:00+08:00,2025-08-08T14:56:03+08:00,1.4866,104.0018,C,Cloud to Cloud,2025-08-08T14:53:28.954+08:00
2025-08-09 11:14:28,2025-08-08T14:54:00+08:00,2025-08-08T14:56:03+08:00,1.4867,104.0003,C,Cloud to Cloud,2025-08-08T14:53:28.954+08:00
2025-08-09 11:14:28,2025-08-08T14:54:00+08:00,2025-08-08T14:56:03+08:00,1.4899,104.0019,C,Cloud to Cloud,2025-08-08T14:53:28.954+08:00
2025-08-09 11:14:28,2025-08-08T14:54:00+08:00,2025-08-08T14:56:03+08:00,1.4816,104.0015,C,Cloud to Cloud,2025-08-08T14:53:28.954+08:00
2025-08-09 11:14:28,2025-08-08T14:54:00+08:00,2025-08-08T14:56:03+08:00,1.4865,104.0014,C,Cloud to Cloud,2025-08-08T14:53:28.954+08:00
2025-08-09 11:14:28,2025-08-08T14:54:00+08:00,2025-08-08T14:56:03+08:00,1.486,104.0029,C,Cloud to Cloud,2025-08-08T14:53:28.955+08:00
2025-08-09 11:14:28,2025-08-08T14:54:00+08:00,2025-08-08T14:56:03+08:00,1.4869,104.0036,C,Cloud to Cloud,2025-08-08T14:53:28.955+08:00
2025-08-09 11:14:28,2025-08-08T14:54:00+08:00,2025-08-08T14:56:03+08:00,1.4862,104.0043,C,Cloud to Cloud,2025-08-08T14:53:28.955+08:00
2025-08-09 11:14:28,2025-08-08T14:54:00+08:00,2025-08-08T14:56:03+08:00,1.4839,103.9978,C,Cloud to Cloud,2025-08-08T14:53:28.955+08:00
2025-08-09 11:14:28,2025-08-08T14:54:00+08:00,2025-08-08T14:56:03+08:00,1.4872,104.0024,C,Cloud to Cloud,2025-08-08T14:53:28.955+08:00
2025-08-09 11:14:28,2025-08-08T14:54:00+08:00,2025-08-08T14:56:03+08:00,1.478,104.0015,C,Cloud to Cloud,2025-08-08T14:53:28.955+08:00
2025-08-09 11:14:28,2025-08-08T14:54:00+08:00,2025-08-08T14:56:03+08:00,1.4842,103.9999,C,Cloud to Cloud,2025-08-08T14:53:28.955+08:00
2025-08-09 11:14:28,2025-08-08T14:54:00+08:00,2025-08-08T14:56:03+08:00,1.485,104.0019,C,Cloud to Cloud,2025-08-08T14:53:28.955+08:00
2025-08-09 11:14:28,2025-08-08T14:54:00+08:00,2025-08-08T14:56:03+08:00,1.4862,104.0018,C,Cloud to Cloud,2025-08-08T14:53:28.955+08:00
2025-08-09 11:14:28,2025-08-08T14:54:00+08:00,2025-08-08T14:56:03+08:00,1.4854,104.0006,C,Cloud to Cloud,2025-08-08T14:53:28.955+08:00
2025-08-09 11:14:28,2025-08-08T14:54:00+08:00,2025-08-08T14:56:03+08:00,1.4869,104.0029,C,Cloud to Cloud,2025-08-08T14:53:28.956+08:00
2025-08-09 11:14:28,2025-08-08T14:54:00+08:00,2025-08-08T14:56:03+08:00,1.4837,104.0011,C,Cloud to Cloud,2025-08-08T14:53:28.956+08:00
2025-08-09 11:14:28,2025-08-08T14:54:00+08:00,2025-08-08T14:56:03+08:00,1.4817,104.0043,C,Cloud to Cloud,2025-08-08T14:53:28.956+08:00
2025-08-09 11:14:28,2025-08-08T14:54:00+08:00,2025-08-08T14:56:03+08:00,1.4831,104.0018,C,Cloud to Cloud,2025-08-08T14:53:28.956+08:00
2025-08-09 11:14:28,2025-08-08T14:54:00+08:00,2025-08-08T14:56:03+08:00,1.4787,103.9993,C,Cloud to Cloud,2025-08-08T14:53:28.956+08:00
2025-08-09 11:14:28,2025-08-08T14:54:00+08:00,2025-08-08T14:56:03+08:00,1.4811,104.0029,C,Cloud to Cloud,2025-08-08T14:53:28.956+08:00
2025-08-09 11:14:28,2025-08-08T14:54:00+08:00,2025-08-08T14:56:03+08:00,1.4749,103.9993,C,Cloud to Cloud,2025-08-08T14:53:28.956+08:00
2025-08-09 11:14:28,2025-08-08T14:54:00+08:00,2025-08-08T14:56:03+08:00,1.4792,104.0037,C,Cloud to Cloud,2025-08-08T14:53:28.956+08:00
2025-08-09 11:14:28,2025-08-08T14:54:00+08:00,2025-08-08T14:56:03+08:00,1.4845,104.0009,C,Cloud to Cloud,2025-08-08T14:53:28.956+08:00
2025-08-09 11:14:28,2025-08-08T14:54:00+08:00,2025-08-08T14:56:03+08:00,1.478,104.0006,C,Cloud to Cloud,2025-08-08T14:53:28.956+08:00
2025-08-09 11:14:28,2025-08-08T14:54:00+08:00,2025-08-08T14:56:03+08:00,1.4865,104.0046,C,Cloud to Cloud,2025-08-08T14:53:28.957+08:00
2025-08-09 11:14:28,2025-08-08T14:54:00+08:00,2025-08-08T14:56:03+08:00,1.4806,104.0032,C,Cloud to Cloud,2025-08-08T14:53:28.957+08:00
2025-08-09 11:14:28,2025-08-08T14:54:00+08:00,2025-08-08T14:56:03+08:00,1.486,104.0005,C,Cloud to Cloud,2025-08-08T14:53:28.957+08:00
2025-08-09 11:14:28,2025-08-08T14:54:00+08:00,2025-08-08T14:56:03+08:00,1.4789,104.003,C,Cloud to Cloud,2025-08-08T14:53:28.957+08:00
2025-08-09 11:14:28,2025-08-08T14:54:00+08:00,2025-08-08T14:56:03+08:00,1.4798,104.0046,C,Cloud to Cloud,2025-08-08T14:53:28.957+08:00
2025-08-09 11:14:28,2025-08-08T14:54:00+08:00,2025-08-08T14:56:03+08:00,1.4792,103.9993,C,Cloud to Cloud,2025-08-08T14:53:28.957+08:00
2025-08-09 11:14:28,2025-08-08T14:54:00+08:00,2025-08-08T14:56:03+08:00,1.477,104.0014,C,Cloud to Cloud,2025-08-08T14:53:28.957+08:00
2025-08-09 11:14:28,2025-08-08T14:54:00+08:00,2025-08-08T14:56:03+08:00,1.4762,104.0025,C,Cloud to Cloud,2025-08-08T14:53:28.957+08:00
2025-08-09 11:14:28,2025-08-08T14:54:00+08:00,2025-08-08T14:56:03+08:00,1.477,103.9986,C,Cloud to Cloud,2025-08-08T14:53:28.957+08:00
2025-08-09 11:14:28,2025-08-08T14:54:00+08:00,2025-08-08T14:56:03+08:00,1.4778,104.0021,C,Cloud to Cloud,2025-08-08T14:53:28.957+08:00
2025-08-09 11:14:28,2025-08-08T14:54:00+08:00,2025-08-08T14:56:03+08:00,1.4781,104.0001,C,Cloud to Cloud,2025-08-08T14:53:28.958+08:00
2025-08-09 11:14:28,2025-08-08T14:54:00+08:00,2025-08-08T14:56:03+08:00,1.4767,104.0007,C,Cloud to Cloud,2025-08-08T14:53:28.958+08:00
2025-08-09 11:14:28,2025-08-08T14:54:00+08:00,2025-08-08T14:56:03+08:00,1.4779,104.0027,C,Cloud to Cloud,2025-08-08T14:53:28.958+08:00
2025-08-09 11:14:28,2025-08-08T14:54:00+08:00,2025-08-08T14:56:03+08:00,1.4784,104.0008,C,Cloud to Cloud,2025-08-08T14:53:28.958+08:00
2025-08-09 11:14:28,2025-08-08T14:54:00+08:00,2025-08-08T14:56:03+08:00,1.4865,104.0017,C,Cloud to Cloud,2025-08-08T14:53:28.958+08:00
2025-08-09 11:14:28,2025-08-08T14:54:00+08:00,2025-08-08T14:56:03+08:00,1.4818,104.0032,C,Cloud to Cloud,2025-08-08T14:53:28.958+08:00
2025-08-09 11:14:28,2025-08-08T14:54:00+08:00,2025-08-08T14:56:03+08:00,1.4763,103.9973,C,Cloud to Cloud,2025-08-08T14:53:28.959+08:00
2025-08-09 11:14:28,2025-08-08T14:54:00+08:00,2025-08-08T14:56:03+08:00,1.4806,103.9992,C,Cloud to Cloud,2025-08-08T14:53:28.959+08:00
2025-08-09 11:14:28,2025-08-08T14:54:00+08:00,2025-08-08T14:56:03+08:00,1.4846,104.0015,C,Cloud to Cloud,2025-08-08T14:53:28.959+08:00
2025-08-09 11:14:28,2025-08-08T14:54:00+08:00,2025-08-08T14:56:03+08:00,1.4795,104.0009,C,Cloud to Cloud,2025-08-08T14:53:28.959+08:00
2025-08-09 11:14:28,2025-08-08T14:54:00+08:00,2025-08-08T14:56:03+08:00,1.4693,103.9976,C,Cloud to Cloud,2025-08-08T14:53:28.959+08:00
2025-08-09 11:14:28,2025-08-08T14:54:00+08:00,2025-08-08T14:56:03+08:00,1.4735,104.0008,C,Cloud to Cloud,2025-08-08T14:53:28.959+08:00
2025-08-09 11:14:28,2025-08-08T14:54:00+08:00,2025-08-08T14:56:03+08:00,1.4837,104.0005,C,Cloud to Cloud,2025-08-08T14:53:28.959+08:00
2025-08-09 11:14:28,2025-08-08T14:54:00+08:00,2025-08-08T14:56:03+08:00,1.4801,103.9971,C,Cloud to Cloud,2025-08-08T14:53:28.959+08:00
2025-08-09 11:14:28,2025-08-08T14:54:00+08:00,2025-08-08T14:56:03+08:00,1.522,104.0042,C,Cloud to Cloud,2025-08-08T14:53:28.96+08:00
2025-08-09 11:14:28,2025-08-08T14:54:00+08:00,2025-08-08T14:56:03+08:00,1.5237,104.0072,C,Cloud to Cloud,2025-08-08T14:53:28.96+08:00
2025-08-09 11:14:28,2025-08-08T14:54:00+08:00,2025-08-08T14:56:03+08:00,1.5289,104.008,C,Cloud to Cloud,2025-08-08T14:53:28.96+08:00
2025-08-09 11:14:28,2025-08-08T14:54:00+08:00,2025-08-08T14:56:03+08:00,1.4821,103.9974,C,Cloud to Cloud,2025-08-08T14:53:28.961+08:00
2025-08-09 11:14:28,2025-08-08T14:54:00+08:00,2025-08-08T14:56:03+08:00,1.4862,104.014,G,Cloud to Ground,2025-08-08T14:53:28.961+08:00
2025-08-09 11:14:28,2025-08-08T14:54:00+08:00,2025-08-08T14:56:03+08:00,1.4843,104.0029,C,Cloud to Cloud,2025-08-08T14:53:28.961+08:00
2025-08-09 11:14:28,2025-08-08T14:54:00+08:00,2025-08-08T14:56:03+08:00,1.5052,104.0103,C,Cloud to Cloud,2025-08-08T14:53:28.961+08:00
2025-08-09 11:14:28,2025-08-08T14:54:00+08:00,2025-08-08T14:56:03+08:00,1.4826,104.0178,C,Cloud to Cloud,2025-08-08T14:53:28.961+08:00
2025-08-09 11:14:28,2025-08-08T14:54:00+08:00,2025-08-08T14:56:03+08:00,1.5017,104.0065,C,Cloud to Cloud,2025-08-08T14:53:28.961+08:00
2025-08-09 11:14:28,2025-08-08T14:54:00+08:00,2025-08-08T14:56:03+08:00,1.4703,104.0139,C,Cloud to Cloud,2025-08-08T14:53:28.961+08:00
2025-08-09 11:14:28,2025-08-08T14:54:00+08:00,2025-08-08T14:56:03+08:00,1.4816,104.0017,C,Cloud to Cloud,2025-08-08T14:53:28.961+08:00
2025-08-09 11:14:28,2025-08-08T14:54:00+08:00,2025-08-08T14:56:03+08:00,1.4898,103.9975,C,Cloud to Cloud,2025-08-08T14:53:28.961+08:00
2025-08-09 11:14:28,2025-08-08T14:54:00+08:00,2025-08-08T14:56:03+08:00,1.5067,104.0153,C,Cloud to Cloud,2025-08-08T14:53:28.967+08:00
2025-08-09 11:14:28,2025-08-08T14:54:00+08:00,2025-08-08T14:56:03+08:00,1.4818,104.0079,C,Cloud to Cloud,2025-08-08T14:53:28.967+08:00
2025-08-09 11:14:28,2025-08-08T14:54:00+08:00,2025-08-08T14:56:03+08:00,1.4629,104.001,C,Cloud to Cloud,2025-08-08T14:53:28.967+08:00
2025-08-09 11:14:28,2025-08-08T14:54:00+08:00,2025-08-08T14:56:03+08:00,1.4626,104.0061,C,Cloud to Cloud,2025-08-08T14:53:28.968+08:00
2025-08-09 11:14:28,2025-08-08T14:54:00+08:00,2025-08-08T14:56:03+08:00,1.4898,104.019,C,Cloud to Cloud,2025-08-08T14:53:28.972+08:00
2025-08-09 11:14:28,2025-08-08T14:54:00+08:00,2025-08-08T14:56:03+08:00,1.4973,104.0203,C,Cloud to Cloud,2025-08-08T14:53:28.972+08:00
2025-08-09 11:14:28,2025-08-08T14:54:00+08:00,2025-08-08T14:56:03+08:00,1.5048,104.0283,C,Cloud to Cloud,2025-08-08T14:53:28.972+08:00
2025-08-09 11:14:28,2025-08-08T14:54:00+08:00,2025-08-08T14:56:03+08:00,1.4768,103.9989,C,Cloud to Cloud,2025-08-08T14:53:28.977+08:00
2025-08-09 11:14:28,2025-08-08T14:54:00+08:00,2025-08-08T14:56:03+08:00,1.4792,104.0126,C,Cloud to Cloud,2025-08-08T14:53:28.998+08:00
2025-08-09 11:14:28,2025-08-08T14:54:00+08:00,2025-08-08T14:56:03+08:00,1.5084,104.001,G,Cloud to Ground,2025-08-08T14:53:29.02+08:00
2025-08-09 11:14:28,2025-08-08T14:54:00+08:00,2025-08-08T14:56:03+08:00,1.5076,104.0027,C,Cloud to Cloud,2025-08-08T14:53:29.02+08:00
2025-08-09 11:14:28,2025-08-08T14:54:00+08:00,2025-08-08T14:56:03+08:00,1.4882,103.9997,C,Cloud to Cloud,2025-08-08T14:53:29.02+08:00
2025-08-09 11:14:28,2025-08-08T14:54:00+08:00,2025-08-08T14:56:03+08:00,1.4791,104.0031,C,Cloud to Cloud,2025-08-08T14:53:29.02+08:00
2025-08-09 11:14:28,2025-08-08T14:54:00+08:00,2025-08-08T14:56:03+08:00,1.5016,104.0112,C,Cloud to Cloud,2025-08-08T14:53:29.02+08:00
2025-08-09 11:14:28,2025-08-08T14:54:00+08:00,2025-08-08T14:56:03+08:00,1.4817,104.0061,C,Cloud to Cloud,2025-08-08T14:53:29.04+08:00
2025-08-09 11:14:28,2025-08-08T14:54:00+08:00,2025-08-08T14:56:03+08:00,1.4871,104.0078,C,Cloud to Cloud,2025-08-08T14:53:29.04+08:00
2025-08-09 11:14:28,2025-08-08T14:54:00+08:00,2025-08-08T14:56:03+08:00,1.4825,104.0096,C,Cloud to Cloud,2025-08-08T14:53:29.056+08:00
2025-08-09 11:14:28,2025-08-08T14:54:00+08:00,2025-08-08T14:56:03+08:00,1.4718,104.0019,C,Cloud to Cloud,2025-08-08T14:53:29.058+08:00
2025-08-09 11:14:28,2025-08-08T14:54:00+08:00,2025-08-08T14:56:03+08:00,1.4783,104.0102,C,Cloud to Cloud,2025-08-08T14:53:29.066+08:00
2025-08-09 11:14:28,2025-08-08T14:54:00+08:00,2025-08-08T14:56:03+08:00,1.5008,104.0056,C,Cloud to Cloud,2025-08-08T14:53:29.066+08:00
2025-08-09 11:14:28,2025-08-08T14:54:00+08:00,2025-08-08T14:56:03+08:00,1.482,104.0104,C,Cloud to Cloud,2025-08-08T14:53:29.067+08:00
2025-08-09 11:14:28,2025-08-08T14:54:00+08:00,2025-08-08T14:56:03+08:00,1.4854,104.0111,C,Cloud to Cloud,2025-08-08T14:53:29.067+08:00
2025-08-09 11:14:28,2025-08-08T14:54:00+08:00,2025-08-08T14:56:03+08:00,1.489,104.0103,C,Cloud to Cloud,2025-08-08T14:53:29.067+08:00
2025-08-09 11:14:28,2025-08-08T14:54:00+08:00,2025-08-08T14:56:03+08:00,1.4886,104.0129,C,Cloud to Cloud,2025-08-08T14:53:29.067+08:00
2025-08-09 11:14:28,2025-08-08T14:54:00+08:00,2025-08-08T14:56:03+08:00,1.5135,104.0184,C,Cloud to Cloud,2025-08-08T14:53:29.067+08:00
2025-08-09 11:14:28,2025-08-08T14:54:00+08:00,2025-08-08T14:56:03+08:00,1.483,104.0066,C,Cloud to Cloud,2025-08-08T14:53:29.067+08:00
2025-08-09 11:14:28,2025-08-08T14:54:00+08:00,2025-08-08T14:56:03+08:00,1.485,104.0087,C,Cloud to Cloud,2025-08-08T14:53:29.067+08:00
2025-08-09 11:14:28,2025-08-08T14:54:00+08:00,2025-08-08T14:56:03+08:00,1.484,104.006,C,Cloud to Cloud,2025-08-08T14:53:29.067+08:00
2025-08-09 11:14:28,2025-08-08T14:54:00+08:00,2025-08-08T14:56:03+08:00,1.4799,104.005,C,Cloud to Cloud,2025-08-08T14:53:29.067+08:00
2025-08-09 11:14:28,2025-08-08T14:54:00+08:00,2025-08-08T14:56:03+08:00,1.4826,104.007,C,Cloud to Cloud,2025-08-08T14:53:29.068+08:00
2025-08-09 11:14:28,2025-08-08T14:54:00+08:00,2025-08-08T14:56:03+08:00,1.4753,104.0064,C,Cloud to Cloud,2025-08-08T14:53:29.07+08:00
2025-08-09 11:14:28,2025-08-08T14:54:00+08:00,2025-08-08T14:56:03+08:00,1.5199,104.0318,C,Cloud to Cloud,2025-08-08T14:53:29.07+08:00
2025-08-09 11:14:28,2025-08-08T14:54:00+08:00,2025-08-08T14:56:03+08:00,1.4786,104.008,C,Cloud to Cloud,2025-08-08T14:53:29.07+08:00
2025-08-09 11:14:28,2025-08-08T14:54:00+08:00,2025-08-08T14:56:03+08:00,1.5164,104.0309,C,Cloud to Cloud,2025-08-08T14:53:29.07+08:00
2025-08-09 11:14:28,2025-08-08T14:54:00+08:00,2025-08-08T14:56:03+08:00,1.4886,104.0079,G,Cloud to Ground,2025-08-08T14:53:29.077+08:00
2025-08-09 11:14:28,2025-08-08T14:54:00+08:00,2025-08-08T14:56:03+08:00,1.5003,104.0139,C,Cloud to Cloud,2025-08-08T14:53:29.077+08:00
2025-08-09 11:14:28,2025-08-08T14:54:00+08:00,2025-08-08T14:56:03+08:00,1.4926,104.0204,C,Cloud to Cloud,2025-08-08T14:53:29.077+08:00
2025-08-09 11:14:28,2025-08-08T14:54:00+08:00,2025-08-08T14:56:03+08:00,1.5112,104.0226,C,Cloud to Cloud,2025-08-08T14:53:29.077+08:00
2025-08-09 11:14:28,2025-08-08T14:54:00+08:00,2025-08-08T14:56:03+08:00,1.48,104.0125,C,Cloud to Cloud,2025-08-08T14:53:29.077+08:00
2025-08-09 11:14:28,2025-08-08T14:54:00+08:00,2025-08-08T14:56:03+08:00,1.4904,104.0097,C,Cloud to Cloud,2025-08-08T14:53:29.078+08:00
2025-08-09 11:14:28,2025-08-08T14:54:00+08:00,2025-08-08T14:56:03+08:00,1.4723,104.0391,C,Cloud to Cloud,2025-08-08T14:53:29.078+08:00
2025-08-09 11:14:28,2025-08-08T14:54:00+08:00,2025-08-08T14:56:03+08:00,1.4848,104.0063,C,Cloud to Cloud,2025-08-08T14:53:29.08+08:00
2025-08-09 11:14:28,2025-08-08T14:54:00+08:00,2025-08-08T14:56:03+08:00,1.4935,104.0081,C,Cloud to Cloud,2025-08-08T14:53:29.08+08:00
2025-08-09 11:14:28,2025-08-08T14:54:00+08:00,2025-08-08T14:56:03+08:00,1.5036,103.9858,C,Cloud to Cloud,2025-08-08T14:53:29.085+08:00
2025-08-09 11:14:28,2025-08-08T14:54:00+08:00,2025-08-08T14:56:03+08:00,1.4772,103.9759,C,Cloud to Cloud,2025-08-08T14:53:29.105+08:00
2025-08-09 11:14:28,2025-08-08T14:54:00+08:00,2025-08-08T14:56:03+08:00,1.4828,104.0076,C,Cloud to Cloud,2025-08-08T14:53:29.106+08:00
2025-08-09 11:14:28,2025-08-08T14:54:00+08:00,2025-08-08T14:56:03+08:00,1.4849,104.0308,C,Cloud to Cloud,2025-08-08T14:53:29.106+08:00
2025-08-09 11:14:28,2025-08-08T14:54:00+08:00,2025-08-08T14:56:03+08:00,1.4701,104.001,C,Cloud to Cloud,2025-08-08T14:53:29.106+08:00
2025-08-09 11:14:28,2025-08-08T14:54:00+08:00,2025-08-08T14:56:03+08:00,1.4785,104.0025,C,Cloud to Cloud,2025-08-08T14:53:29.106+08:00
2025-08-09 11:14:28,2025-08-08T14:54:00+08:00,2025-08-08T14:56:03+08:00,1.4774,104.0152,C,Cloud to Cloud,2025-08-08T14:53:29.169+08:00
2025-08-09 11:14:28,2025-08-08T14:54:00+08:00,2025-08-08T14:56:03+08:00,1.4713,104.0136,C,Cloud to Cloud,2025-08-08T14:53:29.169+08:00
2025-08-09 11:14:28,2025-08-08T14:54:00+08:00,2025-08-08T14:56:03+08:00,1.4816,104.0123,C,Cloud to Cloud,2025-08-08T14:53:29.169+08:00
2025-08-09 11:14:28,2025-08-08T14:54:00+08:00,2025-08-08T14:56:03+08:00,1.4796,104.0246,C,Cloud to Cloud,2025-08-08T14:53:29.169+08:00
2025-08-09 11:14:28,2025-08-08T14:54:00+08:00,2025-08-08T14:56:03+08:00,1.4828,104.0075,C,Cloud to Cloud,2025-08-08T14:53:29.203+08:00
2025-08-09 11:14:28,2025-08-08T14:54:00+08:00,2025-08-08T14:56:03+08:00,1.4869,104.0071,C,Cloud to Cloud,2025-08-08T14:53:29.203+08:00
2025-08-09 11:14:28,2025-08-08T14:54:00+08:00,2025-08-08T14:56:03+08:00,1.4955,103.9518,C,Cloud to Cloud,2025-08-08T14:53:29.203+08:00
2025-08-09 11:14:28,2025-08-08T14:52:00+08:00,2025-08-08T14:54:03+08:00,1.0064,103.4371,C,Cloud to Cloud,2025-08-08T14:50:36.953+08:00
2025-08-09 11:14:28,2025-08-08T14:52:00+08:00,2025-08-08T14:54:03+08:00,1.4947,104.0058,C,Cloud to Cloud,2025-08-08T14:50:49.571+08:00
2025-08-09 11:14:28,2025-08-08T14:52:00+08:00,2025-08-08T14:54:03+08:00,1.4942,104.0057,C,Cloud to Cloud,2025-08-08T14:50:49.571+08:00
2025-08-09 11:14:28,2025-08-08T14:52:00+08:00,2025-08-08T14:54:03+08:00,1.483,104.0038,C,Cloud to Cloud,2025-08-08T14:50:49.571+08:00
2025-08-09 11:14:28,2025-08-08T14:52:00+08:00,2025-08-08T14:54:03+08:00,1.4808,104.0054,C,Cloud to Cloud,2025-08-08T14:50:49.571+08:00
2025-08-09 11:14:28,2025-08-08T14:52:00+08:00,2025-08-08T14:54:03+08:00,1.4815,104.0033,C,Cloud to Cloud,2025-08-08T14:50:49.571+08:00
2025-08-09 11:14:28,2025-08-08T14:52:00+08:00,2025-08-08T14:54:03+08:00,1.4454,104.0461,C,Cloud to Cloud,2025-08-08T14:50:49.571+08:00
2025-08-09 11:14:28,2025-08-08T14:52:00+08:00,2025-08-08T14:54:03+08:00,1.4805,104.0034,C,Cloud to Cloud,2025-08-08T14:50:49.572+08:00
2025-08-09 11:14:28,2025-08-08T14:52:00+08:00,2025-08-08T14:54:03+08:00,1.4828,104.0037,C,Cloud to Cloud,2025-08-08T14:50:49.572+08:00
2025-08-09 11:14:28,2025-08-08T14:52:00+08:00,2025-08-08T14:54:03+08:00,1.4729,104.0059,C,Cloud to Cloud,2025-08-08T14:50:49.572+08:00
2025-08-09 11:14:28,2025-08-08T14:52:00+08:00,2025-08-08T14:54:03+08:00,1.4817,104.0032,C,Cloud to Cloud,2025-08-08T14:50:49.572+08:00
2025-08-09 11:14:28,2025-08-08T14:52:00+08:00,2025-08-08T14:54:03+08:00,1.4793,104.002,C,Cloud to Cloud,2025-08-08T14:50:49.572+08:00
2025-08-09 11:14:28,2025-08-08T14:52:00+08:00,2025-08-08T14:54:03+08:00,1.4569,103.9587,C,Cloud to Cloud,2025-08-08T14:50:49.572+08:00
2025-08-09 11:14:28,2025-08-08T14:52:00+08:00,2025-08-08T14:54:03+08:00,1.4826,104.005,C,Cloud to Cloud,2025-08-08T14:50:49.572+08:00
2025-08-09 11:14:28,2025-08-08T14:52:00+08:00,2025-08-08T14:54:03+08:00,1.4801,104.003,C,Cloud to Cloud,2025-08-08T14:50:49.572+08:00
2025-08-09 11:14:28,2025-08-08T14:52:00+08:00,2025-08-08T14:54:03+08:00,1.4814,104.0025,C,Cloud to Cloud,2025-08-08T14:50:49.572+08:00
2025-08-09 11:14:28,2025-08-08T14:52:00+08:00,2025-08-08T14:54:03+08:00,1.4767,104.0026,C,Cloud to Cloud,2025-08-08T14:50:49.572+08:00
2025-08-09 11:14:28,2025-08-08T14:52:00+08:00,2025-08-08T14:54:03+08:00,1.4783,104.0044,C,Cloud to Cloud,2025-08-08T14:50:49.572+08:00
2025-08-09 11:14:28,2025-08-08T14:52:00+08:00,2025-08-08T14:54:03+08:00,1.4766,104.0021,C,Cloud to Cloud,2025-08-08T14:50:49.572+08:00
2025-08-09 11:14:28,2025-08-08T14:52:00+08:00,2025-08-08T14:54:03+08:00,1.4811,104.0036,C,Cloud to Cloud,2025-08-08T14:50:49.573+08:00
2025-08-09 11:14:28,2025-08-08T14:52:00+08:00,2025-08-08T14:54:03+08:00,1.4777,104.0051,C,Cloud to Cloud,2025-08-08T14:50:49.573+08:00
2025-08-09 11:14:28,2025-08-08T14:52:00+08:00,2025-08-08T14:54:03+08:00,1.4769,104.0017,C,Cloud to Cloud,2025-08-08T14:50:49.573+08:00
2025-08-09 11:14:28,2025-08-08T14:52:00+08:00,2025-08-08T14:54:03+08:00,1.4888,104.0063,C,Cloud to Cloud,2025-08-08T14:50:49.573+08:00
2025-08-09 11:14:28,2025-08-08T14:52:00+08:00,2025-08-08T14:54:03+08:00,1.4796,104.0024,C,Cloud to Cloud,2025-08-08T14:50:49.573+08:00
2025-08-09 11:14:28,2025-08-08T14:52:00+08:00,2025-08-08T14:54:03+08:00,1.4765,104.0015,C,Cloud to Cloud,2025-08-08T14:50:49.573+08:00
2025-08-09 11:14:28,2025-08-08T14:52:00+08:00,2025-08-08T14:54:03+08:00,1.475,104.0013,C,Cloud to Cloud,2025-08-08T14:50:49.573+08:00
2025-08-09 11:14:28,2025-08-08T14:52:00+08:00,2025-08-08T14:54:03+08:00,1.4747,104.0007,C,Cloud to Cloud,2025-08-08T14:50:49.573+08:00
2025-08-09 11:14:28,2025-08-08T14:52:00+08:00,2025-08-08T14:54:03+08:00,1.4771,104.002,C,Cloud to Cloud,2025-08-08T14:50:49.573+08:00
2025-08-09 11:14:28,2025-08-08T14:52:00+08:00,2025-08-08T14:54:03+08:00,1.4791,104.0039,C,Cloud to Cloud,2025-08-08T14:50:49.573+08:00
2025-08-09 11:14:28,2025-08-08T14:52:00+08:00,2025-08-08T14:54:03+08:00,1.4767,104.0017,C,Cloud to Cloud,2025-08-08T14:50:49.574+08:00
2025-08-09 11:14:28,2025-08-08T14:52:00+08:00,2025-08-08T14:54:03+08:00,1.4796,104.0024,C,Cloud to Cloud,2025-08-08T14:50:49.574+08:00
2025-08-09 11:14:28,2025-08-08T14:52:00+08:00,2025-08-08T14:54:03+08:00,1.478,104.0025,C,Cloud to Cloud,2025-08-08T14:50:49.574+08:00
2025-08-09 11:14:28,2025-08-08T14:52:00+08:00,2025-08-08T14:54:03+08:00,1.4748,104.001,C,Cloud to Cloud,2025-08-08T14:50:49.574+08:00
2025-08-09 11:14:28,2025-08-08T14:52:00+08:00,2025-08-08T14:54:03+08:00,1.4773,104.0032,C,Cloud to Cloud,2025-08-08T14:50:49.574+08:00
2025-08-09 11:14:28,2025-08-08T14:52:00+08:00,2025-08-08T14:54:03+08:00,1.4927,104.0071,C,Cloud to Cloud,2025-08-08T14:50:49.574+08:00
2025-08-09 11:14:28,2025-08-08T14:52:00+08:00,2025-08-08T14:54:03+08:00,1.4867,104.0023,C,Cloud to Cloud,2025-08-08T14:50:49.574+08:00
2025-08-09 11:14:28,2025-08-08T14:52:00+08:00,2025-08-08T14:54:03+08:00,1.4732,104.0005,C,Cloud to Cloud,2025-08-08T14:50:49.574+08:00
2025-08-09 11:14:28,2025-08-08T14:52:00+08:00,2025-08-08T14:54:03+08:00,1.4778,104.001,C,Cloud to Cloud,2025-08-08T14:50:49.574+08:00
2025-08-09 11:14:28,2025-08-08T14:52:00+08:00,2025-08-08T14:54:03+08:00,1.4781,104.0009,C,Cloud to Cloud,2025-08-08T14:50:49.575+08:00
2025-08-09 11:14:28,2025-08-08T14:52:00+08:00,2025-08-08T14:54:03+08:00,1.4793,104.0024,C,Cloud to Cloud,2025-08-08T14:50:49.575+08:00
2025-08-09 11:14:28,2025-08-08T14:52:00+08:00,2025-08-08T14:54:03+08:00,1.4742,104.0014,C,Cloud to Cloud,2025-08-08T14:50:49.575+08:00
2025-08-09 11:14:28,2025-08-08T14:52:00+08:00,2025-08-08T14:54:03+08:00,1.4774,104.002,C,Cloud to Cloud,2025-08-08T14:50:49.575+08:00
2025-08-09 11:14:28,2025-08-08T14:52:00+08:00,2025-08-08T14:54:03+08:00,1.4756,104.0025,C,Cloud to Cloud,2025-08-08T14:50:49.575+08:00
2025-08-09 11:14:28,2025-08-08T14:52:00+08:00,2025-08-08T14:54:03+08:00,1.4752,104.001,C,Cloud to Cloud,2025-08-08T14:50:49.575+08:00
2025-08-09 11:14:28,2025-08-08T14:52:00+08:00,2025-08-08T14:54:03+08:00,1.4758,104.0016,C,Cloud to Cloud,2025-08-08T14:50:49.575+08:00
2025-08-09 11:14:28,2025-08-08T14:52:00+08:00,2025-08-08T14:54:03+08:00,1.4758,104.0022,C,Cloud to Cloud,2025-08-08T14:50:49.576+08:00
2025-08-09 11:14:28,2025-08-08T14:52:00+08:00,2025-08-08T14:54:03+08:00,1.4747,104.004,C,Cloud to Cloud,2025-08-08T14:50:49.576+08:00
2025-08-09 11:14:28,2025-08-08T14:52:00+08:00,2025-08-08T14:54:03+08:00,1.4778,104.0009,C,Cloud to Cloud,2025-08-08T14:50:49.576+08:00
2025-08-09 11:14:28,2025-08-08T14:52:00+08:00,2025-08-08T14:54:03+08:00,1.4777,104.0011,C,Cloud to Cloud,2025-08-08T14:50:49.577+08:00
2025-08-09 11:14:28,2025-08-08T14:52:00+08:00,2025-08-08T14:54:03+08:00,1.4753,104.0016,C,Cloud to Cloud,2025-08-08T14:50:49.577+08:00
2025-08-09 11:14:28,2025-08-08T14:52:00+08:00,2025-08-08T14:54:03+08:00,1.4799,104.004,C,Cloud to Cloud,2025-08-08T14:50:49.577+08:00
2025-08-09 11:14:28,2025-08-08T14:52:00+08:00,2025-08-08T14:54:03+08:00,1.4765,104.0025,C,Cloud to Cloud,2025-08-08T14:50:49.578+08:00
2025-08-09 11:14:28,2025-08-08T14:52:00+08:00,2025-08-08T14:54:03+08:00,1.4826,104.0025,C,Cloud to Cloud,2025-08-08T14:50:49.578+08:00
2025-08-09 11:14:28,2025-08-08T14:52:00+08:00,2025-08-08T14:54:03+08:00,1.4838,103.9991,C,Cloud to Cloud,2025-08-08T14:50:49.579+08:00
2025-08-09 11:14:28,2025-08-08T14:52:00+08:00,2025-08-08T14:54:03+08:00,1.4837,103.9983,C,Cloud to Cloud,2025-08-08T14:50:49.58+08:00
2025-08-09 11:14:28,2025-08-08T14:52:00+08:00,2025-08-08T14:54:03+08:00,1.4833,103.997,C,Cloud to Cloud,2025-08-08T14:50:49.58+08:00
2025-08-09 11:14:28,2025-08-08T14:52:00+08:00,2025-08-08T14:54:03+08:00,1.4838,103.9986,C,Cloud to Cloud,2025-08-08T14:50:49.58+08:00
2025-08-09 11:14:28,2025-08-08T14:52:00+08:00,2025-08-08T14:54:03+08:00,1.4843,103.9978,C,Cloud to Cloud,2025-08-08T14:50:49.581+08:00
2025-08-09 11:14:28,2025-08-08T14:52:00+08:00,2025-08-08T14:54:03+08:00,1.4832,103.9975,C,Cloud to Cloud,2025-08-08T14:50:49.582+08:00
2025-08-09 11:14:28,2025-08-08T14:52:00+08:00,2025-08-08T14:54:03+08:00,1.4814,103.9991,C,Cloud to Cloud,2025-08-08T14:50:49.582+08:00
2025-08-09 11:14:28,2025-08-08T14:52:00+08:00,2025-08-08T14:54:03+08:00,1.4854,103.9978,C,Cloud to Cloud,2025-08-08T14:50:49.583+08:00
2025-08-09 11:14:28,2025-08-08T14:52:00+08:00,2025-08-08T14:54:03+08:00,1.4859,103.9981,C,Cloud to Cloud,2025-08-08T14:50:49.583+08:00
2025-08-09 11:14:28,2025-08-08T14:52:00+08:00,2025-08-08T14:54:03+08:00,1.4871,103.998,C,Cloud to Cloud,2025-08-08T14:50:49.584+08:00
2025-08-09 11:14:28,2025-08-08T14:52:00+08:00,2025-08-08T14:54:03+08:00,1.4883,104.0034,C,Cloud to Cloud,2025-08-08T14:50:49.584+08:00
2025-08-09 11:14:28,2025-08-08T14:52:00+08:00,2025-08-08T14:54:03+08:00,1.4887,104.0031,C,Cloud to Cloud,2025-08-08T14:50:49.584+08:00
2025-08-09 11:14:28,2025-08-08T14:52:00+08:00,2025-08-08T14:54:03+08:00,1.4873,104.0046,C,Cloud to Cloud,2025-08-08T14:50:49.585+08:00
2025-08-09 11:14:28,2025-08-08T14:52:00+08:00,2025-08-08T14:54:03+08:00,1.5095,104.0094,C,Cloud to Cloud,2025-08-08T14:50:49.592+08:00
2025-08-09 11:14:28,2025-08-08T14:52:00+08:00,2025-08-08T14:54:03+08:00,1.4727,104.0011,C,Cloud to Cloud,2025-08-08T14:50:49.592+08:00
2025-08-09 11:14:28,2025-08-08T14:52:00+08:00,2025-08-08T14:54:03+08:00,1.5111,104.0096,C,Cloud to Cloud,2025-08-08T14:50:49.592+08:00
2025-08-09 11:14:28,2025-08-08T14:52:00+08:00,2025-08-08T14:54:03+08:00,1.5043,104.0068,C,Cloud to Cloud,2025-08-08T14:50:49.592+08:00
2025-08-09 11:14:28,2025-08-08T14:52:00+08:00,2025-08-08T14:54:03+08:00,1.5057,104.0072,C,Cloud to Cloud,2025-08-08T14:50:49.592+08:00
2025-08-09 11:14:28,2025-08-08T14:52:00+08:00,2025-08-08T14:54:03+08:00,1.4787,104.001,C,Cloud to Cloud,2025-08-08T14:50:49.593+08:00
2025-08-09 11:14:28,2025-08-08T14:52:00+08:00,2025-08-08T14:54:03+08:00,1.4651,104.0032,G,Cloud to Ground,2025-08-08T14:50:49.593+08:00
2025-08-09 11:14:28,2025-08-08T14:52:00+08:00,2025-08-08T14:54:03+08:00,1.5002,104.007,C,Cloud to Cloud,2025-08-08T14:50:49.593+08:00
2025-08-09 11:14:28,2025-08-08T14:52:00+08:00,2025-08-08T14:54:03+08:00,1.493,104.0076,C,Cloud to Cloud,2025-08-08T14:50:49.594+08:00
2025-08-09 11:14:28,2025-08-08T14:52:00+08:00,2025-08-08T14:54:03+08:00,1.4877,104.0067,C,Cloud to Cloud,2025-08-08T14:50:49.594+08:00
2025-08-09 11:14:28,2025-08-08T14:52:00+08:00,2025-08-08T14:54:03+08:00,1.4771,104.005,C,Cloud to Cloud,2025-08-08T14:50:49.598+08:00
2025-08-09 11:14:28,2025-08-08T14:52:00+08:00,2025-08-08T14:54:03+08:00,1.488,104.0071,C,Cloud to Cloud,2025-08-08T14:50:49.598+08:00
2025-08-09 11:14:28,2025-08-08T14:52:00+08:00,2025-08-08T14:54:03+08:00,1.4313,103.9588,C,Cloud to Cloud,2025-08-08T14:50:49.598+08:00
2025-08-09 11:14:28,2025-08-08T14:52:00+08:00,2025-08-08T14:54:03+08:00,1.4893,104.0078,C,Cloud to Cloud,2025-08-08T14:50:49.598+08:00
2025-08-09 11:14:28,2025-08-08T14:52:00+08:00,2025-08-08T14:54:03+08:00,1.4887,103.9962,C,Cloud to Cloud,2025-08-08T14:50:49.607+08:00
2025-08-09 11:14:28,2025-08-08T14:52:00+08:00,2025-08-08T14:54:03+08:00,1.4976,103.9965,C,Cloud to Cloud,2025-08-08T14:50:49.607+08:00
2025-08-09 11:14:28,2025-08-08T14:52:00+08:00,2025-08-08T14:54:03+08:00,1.4997,103.9885,C,Cloud to Cloud,2025-08-08T14:50:49.608+08:00
2025-08-09 11:14:28,2025-08-08T14:52:00+08:00,2025-08-08T14:54:03+08:00,1.4866,104.0013,C,Cloud to Cloud,2025-08-08T14:50:49.618+08:00
2025-08-09 11:14:28,2025-08-08T14:52:00+08:00,2025-08-08T14:54:03+08:00,1.4942,104.0023,C,Cloud to Cloud,2025-08-08T14:50:49.618+08:00
2025-08-09 11:14:28,2025-08-08T14:52:00+08:00,2025-08-08T14:54:03+08:00,1.5001,103.9979,C,Cloud to Cloud,2025-08-08T14:50:49.618+08:00
2025-08-09 11:14:28,2025-08-08T14:52:00+08:00,2025-08-08T14:54:03+08:00,1.5014,103.9894,C,Cloud to Cloud,2025-08-08T14:50:49.618+08:00
2025-08-09 11:14:28,2025-08-08T14:52:00+08:00,2025-08-08T14:54:03+08:00,1.4779,104.0025,C,Cloud to Cloud,2025-08-08T14:50:49.633+08:00
2025-08-09 11:14:28,2025-08-08T14:52:00+08:00,2025-08-08T14:54:03+08:00,1.4991,104.0049,C,Cloud to Cloud,2025-08-08T14:50:49.633+08:00
2025-08-09 11:14:28,2025-08-08T14:52:00+08:00,2025-08-08T14:54:03+08:00,1.4954,104.0058,C,Cloud to Cloud,2025-08-08T14:50:49.633+08:00
2025-08-09 11:14:28,2025-08-08T14:52:00+08:00,2025-08-08T14:54:03+08:00,1.4972,104.009,C,Cloud to Cloud,2025-08-08T14:50:49.633+08:00
2025-08-09 11:14:28,2025-08-08T14:52:00+08:00,2025-08-08T14:54:03+08:00,1.4729,104.0031,C,Cloud to Cloud,2025-08-08T14:50:49.633+08:00
2025-08-09 11:14:28,2025-08-08T14:52:00+08:00,2025-08-08T14:54:03+08:00,1.4964,104.0118,C,Cloud to Cloud,2025-08-08T14:50:49.633+08:00
2025-08-09 11:14:28,2025-08-08T14:52:00+08:00,2025-08-08T14:54:03+08:00,1.4654,104.0053,G,Cloud to Ground,2025-08-08T14:50:49.633+08:00
2025-08-09 11:14:28,2025-08-08T14:52:00+08:00,2025-08-08T14:54:03+08:00,1.4888,104.0033,C,Cloud to Cloud,2025-08-08T14:50:49.634+08:00
2025-08-09 11:14:28,2025-08-08T14:52:00+08:00,2025-08-08T14:54:03+08:00,1.4821,103.9971,C,Cloud to Cloud,2025-08-08T14:50:49.636+08:00
2025-08-09 11:14:28,2025-08-08T14:52:00+08:00,2025-08-08T14:54:03+08:00,1.4848,103.9982,C,Cloud to Cloud,2025-08-08T14:50:49.655+08:00
2025-08-09 11:14:28,2025-08-08T14:52:00+08:00,2025-08-08T14:54:03+08:00,1.4872,103.9986,C,Cloud to Cloud,2025-08-08T14:50:49.655+08:00
2025-08-09 11:14:28,2025-08-08T14:52:00+08:00,2025-08-08T14:54:03+08:00,1.4966,104.0134,C,Cloud to Cloud,2025-08-08T14:50:49.671+08:00
2025-08-09 11:14:28,2025-08-08T14:52:00+08:00,2025-08-08T14:54:03+08:00,1.49,104.0064,C,Cloud to Cloud,2025-08-08T14:50:49.671+08:00
2025-08-09 11:14:28,2025-08-08T14:52:00+08:00,2025-08-08T14:54:03+08:00,1.4874,103.9808,C,Cloud to Cloud,2025-08-08T14:50:49.671+08:00
2025-08-09 11:14:28,2025-08-08T14:52:00+08:00,2025-08-08T14:54:03+08:00,1.5015,103.9932,C,Cloud to Cloud,2025-08-08T14:50:49.671+08:00
2025-08-09 11:14:28,2025-08-08T14:52:00+08:00,2025-08-08T14:54:03+08:00,1.4925,103.9925,C,Cloud to Cloud,2025-08-08T14:50:49.671+08:00
2025-08-09 11:14:28,2025-08-08T14:52:00+08:00,2025-08-08T14:54:03+08:00,1.4803,104.0139,C,Cloud to Cloud,2025-08-08T14:50:49.681+08:00
2025-08-09 11:14:28,2025-08-08T14:52:00+08:00,2025-08-08T14:54:03+08:00,1.4878,103.9981,G,Cloud to Ground,2025-08-08T14:50:49.708+08:00
2025-08-09 11:14:28,2025-08-08T14:52:00+08:00,2025-08-08T14:54:03+08:00,1.4848,103.9597,C,Cloud to Cloud,2025-08-08T14:50:49.708+08:00
2025-08-09 11:14:28,2025-08-08T14:52:00+08:00,2025-08-08T14:54:03+08:00,1.4891,103.999,C,Cloud to Cloud,2025-08-08T14:50:49.757+08:00
2025-08-09 11:14:28,2025-08-08T14:52:00+08:00,2025-08-08T14:54:03+08:00,1.4986,104.0091,C,Cloud to Cloud,2025-08-08T14:50:49.757+08:00
2025-08-09 11:14:28,2025-08-08T14:52:00+08:00,2025-08-08T14:54:03+08:00,1.4885,103.9596,C,Cloud to Cloud,2025-08-08T14:50:49.783+08:00
2025-08-09 11:14:28,2025-08-08T14:52:00+08:00,2025-08-08T14:54:03+08:00,1.4957,103.9875,G,Cloud to Ground,2025-08-08T14:50:49.783+08:00
2025-08-09 11:14:28,2025-08-08T14:52:00+08:00,2025-08-08T14:54:03+08:00,1.4952,103.9706,C,Cloud to Cloud,2025-08-08T14:50:49.783+08:00
2025-08-09 11:14:28,2025-08-08T14:52:00+08:00,2025-08-08T14:54:03+08:00,1.488,103.9807,C,Cloud to Cloud,2025-08-08T14:50:49.783+08:00
2025-08-09 11:14:28,2025-08-08T14:52:00+08:00,2025-08-08T14:54:03+08:00,1.4828,104.0427,C,Cloud to Cloud,2025-08-08T14:50:49.865+08:00
2025-08-09 11:14:28,2025-08-08T14:52:00+08:00,2025-08-08T14:54:03+08:00,1.4582,104.01,C,Cloud to Cloud,2025-08-08T14:51:36.417+08:00
2025-08-09 11:14:28,2025-08-08T14:52:00+08:00,2025-08-08T14:54:03+08:00,1.4554,104.0373,C,Cloud to Cloud,2025-08-08T14:51:36.417+08:00
2025-08-09 11:14:28,2025-08-08T14:52:00+08:00,2025-08-08T14:54:03+08:00,1.4679,104.0137,C,Cloud to Cloud,2025-08-08T14:51:36.417+08:00
2025-08-09 11:14:28,2025-08-08T14:52:00+08:00,2025-08-08T14:54:03+08:00,1.4534,104.0373,C,Cloud to Cloud,2025-08-08T14:51:36.417+08:00
2025-08-09 11:14:28,2025-08-08T14:52:00+08:00,2025-08-08T14:54:03+08:00,1.4612,104.0464,C,Cloud to Cloud,2025-08-08T14:51:36.422+08:00
2025-08-09 11:14:28,2025-08-08T14:52:00+08:00,2025-08-08T14:54:03+08:00,1.4626,104.0496,C,Cloud to Cloud,2025-08-08T14:51:36.422+08:00
2025-08-09 11:14:28,2025-08-08T14:52:00+08:00,2025-08-08T14:54:03+08:00,1.4766,104.0565,C,Cloud to Cloud,2025-08-08T14:51:36.422+08:00
2025-08-09 11:14:28,2025-08-08T14:52:00+08:00,2025-08-08T14:54:03+08:00,1.492,103.9921,C,Cloud to Cloud,2025-08-08T14:51:36.424+08:00
2025-08-09 11:14:28,2025-08-08T14:52:00+08:00,2025-08-08T14:54:03+08:00,1.4799,104.0641,C,Cloud to Cloud,2025-08-08T14:51:36.434+08:00
2025-08-09 11:14:28,2025-08-08T14:52:00+08:00,2025-08-08T14:54:03+08:00,1.4662,104.0059,C,Cloud to Cloud,2025-08-08T14:51:36.448+08:00
2025-08-09 11:14:28,2025-08-08T14:52:00+08:00,2025-08-08T14:54:03+08:00,1.3605,104.0904,C,Cloud to Cloud,2025-08-08T14:51:36.449+08:00
2025-08-09 11:14:28,2025-08-08T14:52:00+08:00,2025-08-08T14:54:03+08:00,1.4842,104.0335,C,Cloud to Cloud,2025-08-08T14:51:36.452+08:00
2025-08-09 11:14:28,2025-08-08T14:52:00+08:00,2025-08-08T14:54:03+08:00,1.4723,104.0311,C,Cloud to Cloud,2025-08-08T14:51:36.452+08:00
2025-08-09 11:14:28,2025-08-08T14:52:00+08:00,2025-08-08T14:54:03+08:00,1.4553,104.0531,C,Cloud to Cloud,2025-08-08T14:51:36.527+08:00
2025-08-09 11:14:28,2025-08-08T14:52:00+08:00,2025-08-08T14:54:03+08:00,1.4223,103.9982,C,Cloud to Cloud,2025-08-08T14:51:36.527+08:00
2025-08-09 11:14:28,2025-08-08T14:52:00+08:00,2025-08-08T14:54:03+08:00,1.4827,104.0212,C,Cloud to Cloud,2025-08-08T14:51:36.551+08:00
2025-08-09 11:14:28,2025-08-08T14:52:00+08:00,2025-08-08T14:54:03+08:00,1.5353,104.0391,C,Cloud to Cloud,2025-08-08T14:51:36.551+08:00
2025-08-09 11:14:28,2025-08-08T14:52:00+08:00,2025-08-08T14:54:03+08:00,1.4562,104.0289,C,Cloud to Cloud,2025-08-08T14:51:36.592+08:00
2025-08-09 11:14:28,2025-08-08T14:52:00+08:00,2025-08-08T14:54:03+08:00,1.457,104.0294,C,Cloud to Cloud,2025-08-08T14:51:36.592+08:00
2025-08-09 11:14:28,2025-08-08T14:52:00+08:00,2025-08-08T14:54:03+08:00,1.4849,103.98,C,Cloud to Cloud,2025-08-08T14:51:36.602+08:00
2025-08-09 11:14:28,2025-08-08T14:52:00+08:00,2025-08-08T14:54:03+08:00,1.4963,103.98,C,Cloud to Cloud,2025-08-08T14:51:36.602+08:00
2025-08-09 11:14:28,2025-08-08T14:52:00+08:00,2025-08-08T14:54:03+08:00,1.478,104.0187,C,Cloud to Cloud,2025-08-08T14:51:36.714+08:00
2025-08-09 11:14:28,2025-08-08T14:50:00+08:00,2025-08-08T14:52:02+08:00,1.0168,103.4779,C,Cloud to Cloud,2025-08-08T14:48:16.456+08:00
2025-08-09 11:14:28,2025-08-08T14:50:00+08:00,2025-08-08T14:52:02+08:00,1.0257,103.4894,C,Cloud to Cloud,2025-08-08T14:48:16.456+08:00
2025-08-09 11:14:28,2025-08-08T14:50:00+08:00,2025-08-08T14:52:02+08:00,1.0324,103.4869,C,Cloud to Cloud,2025-08-08T14:48:16.56+08:00
2025-08-09 11:14:28,2025-08-08T14:50:00+08:00,2025-08-08T14:52:02+08:00,1.0324,103.4869,C,Cloud to Cloud,2025-08-08T14:48:16.56+08:00
2025-08-09 11:14:28,2025-08-08T14:50:00+08:00,2025-08-08T14:52:02+08:00,1.5047,103.9813,C,Cloud to Cloud,2025-08-08T14:48:17.068+08:00
2025-08-09 11:14:28,2025-08-08T14:50:00+08:00,2025-08-08T14:52:02+08:00,1.4977,103.9711,C,Cloud to Cloud,2025-08-08T14:48:17.068+08:00
2025-08-09 11:14:28,2025-08-08T14:50:00+08:00,2025-08-08T14:52:02+08:00,1.5121,103.9844,C,Cloud to Cloud,2025-08-08T14:48:17.068+08:00
2025-08-09 11:14:28,2025-08-08T14:50:00+08:00,2025-08-08T14:52:02+08:00,0.9939,103.4723,C,Cloud to Cloud,2025-08-08T14:48:20.982+08:00
2025-08-09 11:14:28,2025-08-08T14:50:00+08:00,2025-08-08T14:52:02+08:00,1.0044,103.4097,C,Cloud to Cloud,2025-08-08T14:48:26.086+08:00
2025-08-09 11:14:28,2025-08-08T14:50:00+08:00,2025-08-08T14:52:02+08:00,1.043,103.4786,C,Cloud to Cloud,2025-08-08T14:48:26.257+08:00
2025-08-09 11:14:28,2025-08-08T14:50:00+08:00,2025-08-08T14:52:02+08:00,1.043,103.4786,C,Cloud to Cloud,2025-08-08T14:48:26.257+08:00
2025-08-09 11:14:28,2025-08-08T14:50:00+08:00,2025-08-08T14:52:02+08:00,1.4967,103.9895,C,Cloud to Cloud,2025-08-08T14:48:34.257+08:00
2025-08-09 11:14:28,2025-08-08T14:50:00+08:00,2025-08-08T14:52:02+08:00,1.5063,103.9848,C,Cloud to Cloud,2025-08-08T14:48:34.257+08:00
2025-08-09 11:14:28,2025-08-08T14:50:00+08:00,2025-08-08T14:52:02+08:00,1.5049,103.9927,C,Cloud to Cloud,2025-08-08T14:48:34.257+08:00
2025-08-09 11:14:28,2025-08-08T14:50:00+08:00,2025-08-08T14:52:02+08:00,1.4501,104.0023,C,Cloud to Cloud,2025-08-08T14:48:41.023+08:00
2025-08-09 11:14:28,2025-08-08T14:50:00+08:00,2025-08-08T14:52:02+08:00,1.5008,104.0527,C,Cloud to Cloud,2025-08-08T14:48:41.023+08:00
2025-08-09 11:14:28,2025-08-08T14:50:00+08:00,2025-08-08T14:52:02+08:00,1.4507,103.9987,C,Cloud to Cloud,2025-08-08T14:48:41.023+08:00
2025-08-09 11:14:28,2025-08-08T14:50:00+08:00,2025-08-08T14:52:02+08:00,1.4495,103.9993,C,Cloud to Cloud,2025-08-08T14:48:41.023+08:00
2025-08-09 11:14:28,2025-08-08T14:50:00+08:00,2025-08-08T14:52:02+08:00,1.4509,103.9988,C,Cloud to Cloud,2025-08-08T14:48:41.023+08:00
2025-08-09 11:14:28,2025-08-08T14:50:00+08:00,2025-08-08T14:52:02+08:00,1.4486,103.9993,C,Cloud to Cloud,2025-08-08T14:48:41.024+08:00
2025-08-09 11:14:28,2025-08-08T14:50:00+08:00,2025-08-08T14:52:02+08:00,1.4493,103.9996,C,Cloud to Cloud,2025-08-08T14:48:41.024+08:00
2025-08-09 11:14:28,2025-08-08T14:50:00+08:00,2025-08-08T14:52:02+08:00,1.4509,103.997,C,Cloud to Cloud,2025-08-08T14:48:41.024+08:00
2025-08-09 11:14:28,2025-08-08T14:50:00+08:00,2025-08-08T14:52:02+08:00,1.4618,104.0272,C,Cloud to Cloud,2025-08-08T14:48:41.024+08:00
2025-08-09 11:14:28,2025-08-08T14:50:00+08:00,2025-08-08T14:52:02+08:00,1.4514,103.9989,C,Cloud to Cloud,2025-08-08T14:48:41.024+08:00
2025-08-09 11:14:28,2025-08-08T14:50:00+08:00,2025-08-08T14:52:02+08:00,1.4498,104.0018,C,Cloud to Cloud,2025-08-08T14:48:41.024+08:00
2025-08-09 11:14:28,2025-08-08T14:50:00+08:00,2025-08-08T14:52:02+08:00,1.4487,104.0024,C,Cloud to Cloud,2025-08-08T14:48:41.024+08:00
2025-08-09 11:14:28,2025-08-08T14:50:00+08:00,2025-08-08T14:52:02+08:00,1.4567,104.0181,C,Cloud to Cloud,2025-08-08T14:48:41.024+08:00
2025-08-09 11:14:28,2025-08-08T14:50:00+08:00,2025-08-08T14:52:02+08:00,1.4617,104.0198,C,Cloud to Cloud,2025-08-08T14:48:41.024+08:00
2025-08-09 11:14:28,2025-08-08T14:50:00+08:00,2025-08-08T14:52:02+08:00,1.4535,103.9998,C,Cloud to Cloud,2025-08-08T14:48:41.024+08:00
2025-08-09 11:14:28,2025-08-08T14:50:00+08:00,2025-08-08T14:52:02+08:00,1.4535,103.9947,C,Cloud to Cloud,2025-08-08T14:48:41.025+08:00
2025-08-09 11:14:28,2025-08-08T14:50:00+08:00,2025-08-08T14:52:02+08:00,1.4548,103.9938,C,Cloud to Cloud,2025-08-08T14:48:41.025+08:00
2025-08-09 11:14:28,2025-08-08T14:50:00+08:00,2025-08-08T14:52:02+08:00,1.4522,103.9788,C,Cloud to Cloud,2025-08-08T14:48:41.025+08:00
2025-08-09 11:14:28,2025-08-08T14:50:00+08:00,2025-08-08T14:52:02+08:00,1.4517,103.9853,C,Cloud to Cloud,2025-08-08T14:48:41.025+08:00
2025-08-09 11:14:28,2025-08-08T14:50:00+08:00,2025-08-08T14:52:02+08:00,1.4534,103.9966,C,Cloud to Cloud,2025-08-08T14:48:41.025+08:00
2025-08-09 11:14:28,2025-08-08T14:50:00+08:00,2025-08-08T14:52:02+08:00,1.4427,104.007,C,Cloud to Cloud,2025-08-08T14:48:41.025+08:00
2025-08-09 11:14:28,2025-08-08T14:50:00+08:00,2025-08-08T14:52:02+08:00,1.4656,104.0202,C,Cloud to Cloud,2025-08-08T14:48:41.025+08:00
2025-08-09 11:14:28,2025-08-08T14:50:00+08:00,2025-08-08T14:52:02+08:00,1.4637,104.0195,C,Cloud to Cloud,2025-08-08T14:48:41.025+08:00
2025-08-09 11:14:28,2025-08-08T14:50:00+08:00,2025-08-08T14:52:02+08:00,1.4626,104.0202,C,Cloud to Cloud,2025-08-08T14:48:41.026+08:00
2025-08-09 11:14:28,2025-08-08T14:50:00+08:00,2025-08-08T14:52:02+08:00,1.4655,104.0212,C,Cloud to Cloud,2025-08-08T14:48:41.026+08:00
2025-08-09 11:14:28,2025-08-08T14:50:00+08:00,2025-08-08T14:52:02+08:00,1.4631,104.0204,C,Cloud to Cloud,2025-08-08T14:48:41.026+08:00
2025-08-09 11:14:28,2025-08-08T14:50:00+08:00,2025-08-08T14:52:02+08:00,1.4673,104.0218,C,Cloud to Cloud,2025-08-08T14:48:41.026+08:00
2025-08-09 11:14:28,2025-08-08T14:50:00+08:00,2025-08-08T14:52:02+08:00,1.4611,104.0196,C,Cloud to Cloud,2025-08-08T14:48:41.026+08:00
2025-08-09 11:14:28,2025-08-08T14:50:00+08:00,2025-08-08T14:52:02+08:00,1.4661,104.0216,C,Cloud to Cloud,2025-08-08T14:48:41.026+08:00
2025-08-09 11:14:28,2025-08-08T14:50:00+08:00,2025-08-08T14:52:02+08:00,1.4657,104.0213,C,Cloud to Cloud,2025-08-08T14:48:41.026+08:00
2025-08-09 11:14:28,2025-08-08T14:50:00+08:00,2025-08-08T14:52:02+08:00,1.4675,104.0225,C,Cloud to Cloud,2025-08-08T14:48:41.026+08:00
2025-08-09 11:14:28,2025-08-08T14:50:00+08:00,2025-08-08T14:52:02+08:00,1.4666,104.0209,C,Cloud to Cloud,2025-08-08T14:48:41.026+08:00
2025-08-09 11:14:28,2025-08-08T14:50:00+08:00,2025-08-08T14:52:02+08:00,1.4955,104.0349,C,Cloud to Cloud,2025-08-08T14:48:41.026+08:00
2025-08-09 11:14:28,2025-08-08T14:50:00+08:00,2025-08-08T14:52:02+08:00,1.4656,104.0212,C,Cloud to Cloud,2025-08-08T14:48:41.027+08:00
2025-08-09 11:14:28,2025-08-08T14:50:00+08:00,2025-08-08T14:52:02+08:00,1.4793,104.0249,C,Cloud to Cloud,2025-08-08T14:48:41.027+08:00
2025-08-09 11:14:28,2025-08-08T14:50:00+08:00,2025-08-08T14:52:02+08:00,1.468,104.0207,C,Cloud to Cloud,2025-08-08T14:48:41.027+08:00
2025-08-09 11:14:28,2025-08-08T14:50:00+08:00,2025-08-08T14:52:02+08:00,1.4848,104.0278,C,Cloud to Cloud,2025-08-08T14:48:41.027+08:00
2025-08-09 11:14:28,2025-08-08T14:50:00+08:00,2025-08-08T14:52:02+08:00,1.4684,104.0184,C,Cloud to Cloud,2025-08-08T14:48:41.027+08:00
2025-08-09 11:14:28,2025-08-08T14:50:00+08:00,2025-08-08T14:52:02+08:00,1.4649,104.0168,C,Cloud to Cloud,2025-08-08T14:48:41.027+08:00
2025-08-09 11:14:28,2025-08-08T14:50:00+08:00,2025-08-08T14:52:02+08:00,1.4657,104.018,C,Cloud to Cloud,2025-08-08T14:48:41.027+08:00
2025-08-09 11:14:28,2025-08-08T14:50:00+08:00,2025-08-08T14:52:02+08:00,1.4663,104.0164,C,Cloud to Cloud,2025-08-08T14:48:41.027+08:00
2025-08-09 11:14:28,2025-08-08T14:50:00+08:00,2025-08-08T14:52:02+08:00,1.4793,104.0224,C,Cloud to Cloud,2025-08-08T14:48:41.027+08:00
2025-08-09 11:14:28,2025-08-08T14:50:00+08:00,2025-08-08T14:52:02+08:00,1.4671,104.0183,C,Cloud to Cloud,2025-08-08T14:48:41.027+08:00
2025-08-09 11:14:28,2025-08-08T14:50:00+08:00,2025-08-08T14:52:02+08:00,1.472,104.0188,C,Cloud to Cloud,2025-08-08T14:48:41.028+08:00
2025-08-09 11:14:28,2025-08-08T14:50:00+08:00,2025-08-08T14:52:02+08:00,1.487,104.0253,C,Cloud to Cloud,2025-08-08T14:48:41.028+08:00
2025-08-09 11:14:28,2025-08-08T14:50:00+08:00,2025-08-08T14:52:02+08:00,1.4692,104.0172,C,Cloud to Cloud,2025-08-08T14:48:41.028+08:00
2025-08-09 11:14:28,2025-08-08T14:50:00+08:00,2025-08-08T14:52:02+08:00,1.4838,104.0217,C,Cloud to Cloud,2025-08-08T14:48:41.028+08:00
2025-08-09 11:14:28,2025-08-08T14:50:00+08:00,2025-08-08T14:52:02+08:00,1.4724,104.0168,C,Cloud to Cloud,2025-08-08T14:48:41.028+08:00
2025-08-09 11:14:28,2025-08-08T14:50:00+08:00,2025-08-08T14:52:02+08:00,1.472,104.0167,C,Cloud to Cloud,2025-08-08T14:48:41.028+08:00
2025-08-09 11:14:28,2025-08-08T14:50:00+08:00,2025-08-08T14:52:02+08:00,1.4728,104.021,C,Cloud to Cloud,2025-08-08T14:48:41.028+08:00
2025-08-09 11:14:28,2025-08-08T14:50:00+08:00,2025-08-08T14:52:02+08:00,1.4648,104.0162,C,Cloud to Cloud,2025-08-08T14:48:41.028+08:00
2025-08-09 11:14:28,2025-08-08T14:50:00+08:00,2025-08-08T14:52:02+08:00,1.4718,104.016,C,Cloud to Cloud,2025-08-08T14:48:41.028+08:00
2025-08-09 11:14:28,2025-08-08T14:50:00+08:00,2025-08-08T14:52:02+08:00,1.4691,104.0169,C,Cloud to Cloud,2025-08-08T14:48:41.028+08:00
2025-08-09 11:14:28,2025-08-08T14:50:00+08:00,2025-08-08T14:52:02+08:00,1.4706,104.0144,C,Cloud to Cloud,2025-08-08T14:48:41.029+08:00
2025-08-09 11:14:28,2025-08-08T14:50:00+08:00,2025-08-08T14:52:02+08:00,1.4783,104.0169,C,Cloud to Cloud,2025-08-08T14:48:41.029+08:00
2025-08-09 11:14:28,2025-08-08T14:50:00+08:00,2025-08-08T14:52:02+08:00,1.4694,104.0139,C,Cloud to Cloud,2025-08-08T14:48:41.029+08:00
2025-08-09 11:14:28,2025-08-08T14:50:00+08:00,2025-08-08T14:52:02+08:00,1.4689,104.0109,C,Cloud to Cloud,2025-08-08T14:48:41.029+08:00
2025-08-09 11:14:28,2025-08-08T14:50:00+08:00,2025-08-08T14:52:02+08:00,1.469,104.0134,C,Cloud to Cloud,2025-08-08T14:48:41.029+08:00
2025-08-09 11:14:28,2025-08-08T14:50:00+08:00,2025-08-08T14:52:02+08:00,1.4743,104.007,C,Cloud to Cloud,2025-08-08T14:48:41.029+08:00
2025-08-09 11:14:28,2025-08-08T14:50:00+08:00,2025-08-08T14:52:02+08:00,1.4773,104.0077,C,Cloud to Cloud,2025-08-08T14:48:41.029+08:00
2025-08-09 11:14:28,2025-08-08T14:50:00+08:00,2025-08-08T14:52:02+08:00,1.4771,104.007,C,Cloud to Cloud,2025-08-08T14:48:41.029+08:00
2025-08-09 11:14:28,2025-08-08T14:50:00+08:00,2025-08-08T14:52:02+08:00,1.4777,104.0072,C,Cloud to Cloud,2025-08-08T14:48:41.029+08:00
2025-08-09 11:14:28,2025-08-08T14:50:00+08:00,2025-08-08T14:52:02+08:00,1.477,104.008,C,Cloud to Cloud,2025-08-08T14:48:41.029+08:00
2025-08-09 11:14:28,2025-08-08T14:50:00+08:00,2025-08-08T14:52:02+08:00,1.4796,104.0088,C,Cloud to Cloud,2025-08-08T14:48:41.03+08:00
2025-08-09 11:14:28,2025-08-08T14:50:00+08:00,2025-08-08T14:52:02+08:00,1.4784,104.0084,C,Cloud to Cloud,2025-08-08T14:48:41.03+08:00
2025-08-09 11:14:28,2025-08-08T14:50:00+08:00,2025-08-08T14:52:02+08:00,1.478,104.0078,C,Cloud to Cloud,2025-08-08T14:48:41.03+08:00
2025-08-09 11:14:28,2025-08-08T14:50:00+08:00,2025-08-08T14:52:02+08:00,1.4829,104.0094,C,Cloud to Cloud,2025-08-08T14:48:41.03+08:00
2025-08-09 11:14:28,2025-08-08T14:50:00+08:00,2025-08-08T14:52:02+08:00,1.4792,104.0075,C,Cloud to Cloud,2025-08-08T14:48:41.03+08:00
2025-08-09 11:14:28,2025-08-08T14:50:00+08:00,2025-08-08T14:52:02+08:00,1.4816,104.0081,C,Cloud to Cloud,2025-08-08T14:48:41.03+08:00
2025-08-09 11:14:28,2025-08-08T14:50:00+08:00,2025-08-08T14:52:02+08:00,1.4788,104.0076,C,Cloud to Cloud,2025-08-08T14:48:41.03+08:00
2025-08-09 11:14:28,2025-08-08T14:50:00+08:00,2025-08-08T14:52:02+08:00,1.483,104.0082,C,Cloud to Cloud,2025-08-08T14:48:41.03+08:00
2025-08-09 11:14:28,2025-08-08T14:50:00+08:00,2025-08-08T14:52:02+08:00,1.4827,104.009,C,Cloud to Cloud,2025-08-08T14:48:41.03+08:00
2025-08-09 11:14:28,2025-08-08T14:50:00+08:00,2025-08-08T14:52:02+08:00,1.4805,104.0077,C,Cloud to Cloud,2025-08-08T14:48:41.03+08:00
2025-08-09 11:14:28,2025-08-08T14:50:00+08:00,2025-08-08T14:52:02+08:00,1.4856,104.0094,C,Cloud to Cloud,2025-08-08T14:48:41.031+08:00
2025-08-09 11:14:28,2025-08-08T14:50:00+08:00,2025-08-08T14:52:02+08:00,1.4845,104.0091,C,Cloud to Cloud,2025-08-08T14:48:41.031+08:00
2025-08-09 11:14:28,2025-08-08T14:50:00+08:00,2025-08-08T14:52:02+08:00,1.4856,104.0078,C,Cloud to Cloud,2025-08-08T14:48:41.031+08:00
2025-08-09 11:14:28,2025-08-08T14:50:00+08:00,2025-08-08T14:52:02+08:00,1.4809,104.008,C,Cloud to Cloud,2025-08-08T14:48:41.031+08:00
2025-08-09 11:14:28,2025-08-08T14:50:00+08:00,2025-08-08T14:52:02+08:00,1.4902,104.0117,C,Cloud to Cloud,2025-08-08T14:48:41.031+08:00
2025-08-09 11:14:28,2025-08-08T14:50:00+08:00,2025-08-08T14:52:02+08:00,1.4879,104.0111,C,Cloud to Cloud,2025-08-08T14:48:41.031+08:00
2025-08-09 11:14:28,2025-08-08T14:50:00+08:00,2025-08-08T14:52:02+08:00,1.4873,104.0105,C,Cloud to Cloud,2025-08-08T14:48:41.031+08:00
2025-08-09 11:14:28,2025-08-08T14:50:00+08:00,2025-08-08T14:52:02+08:00,1.4905,104.0097,C,Cloud to Cloud,2025-08-08T14:48:41.031+08:00
2025-08-09 11:14:28,2025-08-08T14:50:00+08:00,2025-08-08T14:52:02+08:00,1.5011,104.0121,C,Cloud to Cloud,2025-08-08T14:48:41.031+08:00
2025-08-09 11:14:28,2025-08-08T14:50:00+08:00,2025-08-08T14:52:02+08:00,1.4864,104.0071,C,Cloud to Cloud,2025-08-08T14:48:41.032+08:00
2025-08-09 11:14:28,2025-08-08T14:50:00+08:00,2025-08-08T14:52:02+08:00,1.4826,104.0067,C,Cloud to Cloud,2025-08-08T14:48:41.032+08:00
2025-08-09 11:14:28,2025-08-08T14:50:00+08:00,2025-08-08T14:52:02+08:00,1.4842,104.0069,C,Cloud to Cloud,2025-08-08T14:48:41.032+08:00
2025-08-09 11:14:28,2025-08-08T14:50:00+08:00,2025-08-08T14:52:02+08:00,1.4886,104.0066,C,Cloud to Cloud,2025-08-08T14:48:41.032+08:00
2025-08-09 11:14:28,2025-08-08T14:50:00+08:00,2025-08-08T14:52:02+08:00,1.4814,104.0052,C,Cloud to Cloud,2025-08-08T14:48:41.032+08:00
2025-08-09 11:14:28,2025-08-08T14:50:00+08:00,2025-08-08T14:52:02+08:00,1.4848,104.0082,C,Cloud to Cloud,2025-08-08T14:48:41.032+08:00
2025-08-09 11:14:28,2025-08-08T14:50:00+08:00,2025-08-08T14:52:02+08:00,1.4877,104.0066,C,Cloud to Cloud,2025-08-08T14:48:41.033+08:00
2025-08-09 11:14:28,2025-08-08T14:50:00+08:00,2025-08-08T14:52:02+08:00,1.485,104.0069,C,Cloud to Cloud,2025-08-08T14:48:41.033+08:00
2025-08-09 11:14:28,2025-08-08T14:50:00+08:00,2025-08-08T14:52:02+08:00,1.4916,104.0072,C,Cloud to Cloud,2025-08-08T14:48:41.033+08:00
2025-08-09 11:14:28,2025-08-08T14:50:00+08:00,2025-08-08T14:52:02+08:00,1.4842,104.0049,C,Cloud to Cloud,2025-08-08T14:48:41.033+08:00
2025-08-09 11:14:28,2025-08-08T14:50:00+08:00,2025-08-08T14:52:02+08:00,1.4808,104.008,C,Cloud to Cloud,2025-08-08T14:48:41.033+08:00
2025-08-09 11:14:28,2025-08-08T14:50:00+08:00,2025-08-08T14:52:02+08:00,1.4864,104.0087,C,Cloud to Cloud,2025-08-08T14:48:41.034+08:00
2025-08-09 11:14:28,2025-08-08T14:50:00+08:00,2025-08-08T14:52:02+08:00,1.4865,104.0075,C,Cloud to Cloud,2025-08-08T14:48:41.034+08:00
2025-08-09 11:14:28,2025-08-08T14:50:00+08:00,2025-08-08T14:52:02+08:00,1.4854,104.0124,C,Cloud to Cloud,2025-08-08T14:48:41.034+08:00
2025-08-09 11:14:28,2025-08-08T14:50:00+08:00,2025-08-08T14:52:02+08:00,1.4838,104.0098,C,Cloud to Cloud,2025-08-08T14:48:41.034+08:00
2025-08-09 11:14:28,2025-08-08T14:50:00+08:00,2025-08-08T14:52:02+08:00,1.4849,104.0099,C,Cloud to Cloud,2025-08-08T14:48:41.034+08:00
2025-08-09 11:14:28,2025-08-08T14:50:00+08:00,2025-08-08T14:52:02+08:00,1.4847,104.0073,C,Cloud to Cloud,2025-08-08T14:48:41.034+08:00
2025-08-09 11:14:28,2025-08-08T14:50:00+08:00,2025-08-08T14:52:02+08:00,1.4847,104.0071,C,Cloud to Cloud,2025-08-08T14:48:41.034+08:00
2025-08-09 11:14:28,2025-08-08T14:50:00+08:00,2025-08-08T14:52:02+08:00,1.4865,104.0075,C,Cloud to Cloud,2025-08-08T14:48:41.034+08:00
2025-08-09 11:14:28,2025-08-08T14:50:00+08:00,2025-08-08T14:52:02+08:00,1.4831,104.0044,C,Cloud to Cloud,2025-08-08T14:48:41.035+08:00
2025-08-09 11:14:28,2025-08-08T14:50:00+08:00,2025-08-08T14:52:02+08:00,1.4867,104.0072,C,Cloud to Cloud,2025-08-08T14:48:41.035+08:00
2025-08-09 11:14:28,2025-08-08T14:50:00+08:00,2025-08-08T14:52:02+08:00,1.4906,104.0061,C,Cloud to Cloud,2025-08-08T14:48:41.035+08:00
2025-08-09 11:14:28,2025-08-08T14:50:00+08:00,2025-08-08T14:52:02+08:00,1.4859,104.0044,C,Cloud to Cloud,2025-08-08T14:48:41.035+08:00
2025-08-09 11:14:28,2025-08-08T14:50:00+08:00,2025-08-08T14:52:02+08:00,1.4722,104.0067,C,Cloud to Cloud,2025-08-08T14:48:41.041+08:00
2025-08-09 11:14:28,2025-08-08T14:50:00+08:00,2025-08-08T14:52:02+08:00,1.4718,104.0152,C,Cloud to Cloud,2025-08-08T14:48:41.041+08:00
2025-08-09 11:14:28,2025-08-08T14:50:00+08:00,2025-08-08T14:52:02+08:00,1.4881,104.0066,C,Cloud to Cloud,2025-08-08T14:48:41.042+08:00
2025-08-09 11:14:28,2025-08-08T14:50:00+08:00,2025-08-08T14:52:02+08:00,1.4912,104.0077,C,Cloud to Cloud,2025-08-08T14:48:41.042+08:00
2025-08-09 11:14:28,2025-08-08T14:50:00+08:00,2025-08-08T14:52:02+08:00,1.4909,104.0057,C,Cloud to Cloud,2025-08-08T14:48:41.042+08:00
2025-08-09 11:14:28,2025-08-08T14:50:00+08:00,2025-08-08T14:52:02+08:00,1.4934,104.0051,C,Cloud to Cloud,2025-08-08T14:48:41.042+08:00
2025-08-09 11:14:28,2025-08-08T14:50:00+08:00,2025-08-08T14:52:02+08:00,1.4879,104.0018,C,Cloud to Cloud,2025-08-08T14:48:41.043+08:00
2025-08-09 11:14:28,2025-08-08T14:50:00+08:00,2025-08-08T14:52:02+08:00,1.4867,104.0025,C,Cloud to Cloud,2025-08-08T14:48:41.055+08:00
2025-08-09 11:14:28,2025-08-08T14:50:00+08:00,2025-08-08T14:52:02+08:00,1.4847,103.9854,G,Cloud to Ground,2025-08-08T14:48:41.055+08:00
2025-08-09 11:14:28,2025-08-08T14:50:00+08:00,2025-08-08T14:52:02+08:00,1.5061,104.0059,C,Cloud to Cloud,2025-08-08T14:48:41.055+08:00
2025-08-09 11:14:28,2025-08-08T14:50:00+08:00,2025-08-08T14:52:02+08:00,1.5027,104.0183,C,Cloud to Cloud,2025-08-08T14:48:41.055+08:00
2025-08-09 11:14:28,2025-08-08T14:50:00+08:00,2025-08-08T14:52:02+08:00,1.468,104.0229,C,Cloud to Cloud,2025-08-08T14:48:41.055+08:00
2025-08-09 11:14:28,2025-08-08T14:50:00+08:00,2025-08-08T14:52:02+08:00,1.472,104.0095,C,Cloud to Cloud,2025-08-08T14:48:41.055+08:00
2025-08-09 11:14:28,2025-08-08T14:50:00+08:00,2025-08-08T14:52:02+08:00,1.4613,104.0199,C,Cloud to Cloud,2025-08-08T14:48:41.055+08:00
2025-08-09 11:14:28,2025-08-08T14:50:00+08:00,2025-08-08T14:52:02+08:00,1.4782,104.0082,C,Cloud to Cloud,2025-08-08T14:48:41.055+08:00
2025-08-09 11:14:28,2025-08-08T14:50:00+08:00,2025-08-08T14:52:02+08:00,1.4876,104.0102,C,Cloud to Cloud,2025-08-08T14:48:41.055+08:00
2025-08-09 11:14:28,2025-08-08T14:50:00+08:00,2025-08-08T14:52:02+08:00,1.5077,103.9954,C,Cloud to Cloud,2025-08-08T14:48:41.055+08:00
2025-08-09 11:14:28,2025-08-08T14:50:00+08:00,2025-08-08T14:52:02+08:00,1.4579,104.028,C,Cloud to Cloud,2025-08-08T14:48:41.084+08:00
2025-08-09 11:14:28,2025-08-08T14:50:00+08:00,2025-08-08T14:52:02+08:00,1.465,104.0153,C,Cloud to Cloud,2025-08-08T14:48:41.084+08:00
2025-08-09 11:14:28,2025-08-08T14:50:00+08:00,2025-08-08T14:52:02+08:00,1.4601,104.025,C,Cloud to Cloud,2025-08-08T14:48:41.084+08:00
2025-08-09 11:14:28,2025-08-08T14:50:00+08:00,2025-08-08T14:52:02+08:00,1.4535,104.0231,C,Cloud to Cloud,2025-08-08T14:48:41.084+08:00
2025-08-09 11:14:28,2025-08-08T14:50:00+08:00,2025-08-08T14:52:02+08:00,1.4571,104.0232,C,Cloud to Cloud,2025-08-08T14:48:41.084+08:00
2025-08-09 11:14:28,2025-08-08T14:50:00+08:00,2025-08-08T14:52:02+08:00,1.4635,103.99,C,Cloud to Cloud,2025-08-08T14:48:41.089+08:00
2025-08-09 11:14:28,2025-08-08T14:50:00+08:00,2025-08-08T14:52:02+08:00,1.4748,103.9508,C,Cloud to Cloud,2025-08-08T14:48:41.089+08:00
2025-08-09 11:14:28,2025-08-08T14:50:00+08:00,2025-08-08T14:52:02+08:00,1.4745,103.9846,C,Cloud to Cloud,2025-08-08T14:48:41.089+08:00
2025-08-09 11:14:28,2025-08-08T14:50:00+08:00,2025-08-08T14:52:02+08:00,1.4772,103.9429,C,Cloud to Cloud,2025-08-08T14:48:41.089+08:00
2025-08-09 11:14:28,2025-08-08T14:50:00+08:00,2025-08-08T14:52:02+08:00,1.4711,103.9793,C,Cloud to Cloud,2025-08-08T14:48:41.089+08:00
2025-08-09 11:14:28,2025-08-08T14:50:00+08:00,2025-08-08T14:52:02+08:00,1.4768,103.9832,C,Cloud to Cloud,2025-08-08T14:48:41.09+08:00
2025-08-09 11:14:28,2025-08-08T14:50:00+08:00,2025-08-08T14:52:02+08:00,1.4673,103.9717,C,Cloud to Cloud,2025-08-08T14:48:41.09+08:00
2025-08-09 11:14:28,2025-08-08T14:50:00+08:00,2025-08-08T14:52:02+08:00,1.4927,103.9863,G,Cloud to Ground,2025-08-08T14:48:41.09+08:00
2025-08-09 11:14:28,2025-08-08T14:50:00+08:00,2025-08-08T14:52:02+08:00,1.4516,104.0346,C,Cloud to Cloud,2025-08-08T14:48:41.09+08:00
2025-08-09 11:14:28,2025-08-08T14:50:00+08:00,2025-08-08T14:52:02+08:00,1.4481,103.9675,C,Cloud to Cloud,2025-08-08T14:48:41.113+08:00
2025-08-09 11:14:28,2025-08-08T14:50:00+08:00,2025-08-08T14:52:02+08:00,1.431,104.02,C,Cloud to Cloud,2025-08-08T14:48:41.113+08:00
2025-08-09 11:14:28,2025-08-08T14:50:00+08:00,2025-08-08T14:52:02+08:00,1.4461,104.0029,C,Cloud to Cloud,2025-08-08T14:48:41.113+08:00
2025-08-09 11:14:28,2025-08-08T14:50:00+08:00,2025-08-08T14:52:02+08:00,1.4576,103.9669,C,Cloud to Cloud,2025-08-08T14:48:41.13+08:00
2025-08-09 11:14:28,2025-08-08T14:50:00+08:00,2025-08-08T14:52:02+08:00,1.4494,103.9987,C,Cloud to Cloud,2025-08-08T14:48:41.13+08:00
2025-08-09 11:14:28,2025-08-08T14:50:00+08:00,2025-08-08T14:52:02+08:00,1.4742,104.0421,G,Cloud to Ground,2025-08-08T14:48:41.199+08:00
2025-08-09 11:14:28,2025-08-08T14:50:00+08:00,2025-08-08T14:52:02+08:00,1.4686,103.9965,C,Cloud to Cloud,2025-08-08T14:48:41.199+08:00
2025-08-09 11:14:28,2025-08-08T14:50:00+08:00,2025-08-08T14:52:02+08:00,1.4561,103.974,C,Cloud to Cloud,2025-08-08T14:48:41.2+08:00
2025-08-09 11:14:28,2025-08-08T14:50:00+08:00,2025-08-08T14:52:02+08:00,1.4516,104.0019,C,Cloud to Cloud,2025-08-08T14:48:41.2+08:00
2025-08-09 11:14:28,2025-08-08T14:50:00+08:00,2025-08-08T14:52:02+08:00,1.4628,103.986,C,Cloud to Cloud,2025-08-08T14:48:41.2+08:00
2025-08-09 11:14:28,2025-08-08T14:50:00+08:00,2025-08-08T14:52:02+08:00,1.4594,103.9843,C,Cloud to Cloud,2025-08-08T14:48:41.2+08:00
2025-08-09 11:14:28,2025-08-08T14:50:00+08:00,2025-08-08T14:52:02+08:00,1.4673,103.9899,G,Cloud to Ground,2025-08-08T14:48:41.2+08:00
2025-08-09 11:14:28,2025-08-08T14:50:00+08:00,2025-08-08T14:52:02+08:00,1.4821,104.0071,C,Cloud to Cloud,2025-08-08T14:48:41.234+08:00
2025-08-09 11:14:28,2025-08-08T14:50:00+08:00,2025-08-08T14:52:02+08:00,1.4931,104.0015,C,Cloud to Cloud,2025-08-08T14:48:41.234+08:00
2025-08-09 11:14:28,2025-08-08T14:50:00+08:00,2025-08-08T14:52:02+08:00,1.4935,104.026,C,Cloud to Cloud,2025-08-08T14:48:41.234+08:00
2025-08-09 11:14:28,2025-08-08T14:50:00+08:00,2025-08-08T14:52:02+08:00,1.4825,103.9864,C,Cloud to Cloud,2025-08-08T14:48:41.234+08:00
2025-08-09 11:14:28,2025-08-08T14:50:00+08:00,2025-08-08T14:52:02+08:00,1.4786,103.9848,C,Cloud to Cloud,2025-08-08T14:48:41.234+08:00
2025-08-09 11:14:28,2025-08-08T14:50:00+08:00,2025-08-08T14:52:02+08:00,1.4796,103.9863,C,Cloud to Cloud,2025-08-08T14:48:41.234+08:00
2025-08-09 11:14:28,2025-08-08T14:50:00+08:00,2025-08-08T14:52:02+08:00,1.4846,103.9934,C,Cloud to Cloud,2025-08-08T14:48:41.235+08:00
2025-08-09 11:14:28,2025-08-08T14:50:00+08:00,2025-08-08T14:52:02+08:00,1.4843,103.9912,C,Cloud to Cloud,2025-08-08T14:48:41.235+08:00
2025-08-09 11:14:28,2025-08-08T14:50:00+08:00,2025-08-08T14:52:02+08:00,1.4867,103.9997,C,Cloud to Cloud,2025-08-08T14:48:41.235+08:00
2025-08-09 11:14:28,2025-08-08T14:50:00+08:00,2025-08-08T14:52:02+08:00,1.4657,103.9574,C,Cloud to Cloud,2025-08-08T14:48:41.337+08:00
2025-08-09 11:14:28,2025-08-08T14:50:00+08:00,2025-08-08T14:52:02+08:00,1.0311,103.4433,C,Cloud to Cloud,2025-08-08T14:49:24.019+08:00
2025-08-09 11:14:28,2025-08-08T14:50:00+08:00,2025-08-08T14:52:02+08:00,1.0311,103.4433,C,Cloud to Cloud,2025-08-08T14:49:24.019+08:00
2025-08-09 11:14:28,2025-08-08T14:50:00+08:00,2025-08-08T14:52:02+08:00,1.0297,103.4246,C,Cloud to Cloud,2025-08-08T14:49:24.256+08:00
2025-08-09 11:14:28,2025-08-08T14:50:00+08:00,2025-08-08T14:52:02+08:00,1.0055,103.39,C,Cloud to Cloud,2025-08-08T14:49:24.256+08:00
2025-08-09 11:14:28,2025-08-08T14:50:00+08:00,2025-08-08T14:52:02+08:00,1.0106,103.4202,C,Cloud to Cloud,2025-08-08T14:49:24.256+08:00
2025-08-09 11:14:28,2025-08-08T14:50:00+08:00,2025-08-08T14:52:02+08:00,1.4672,104.0546,C,Cloud to Cloud,2025-08-08T14:49:27.921+08:00
2025-08-09 11:14:28,2025-08-08T14:50:00+08:00,2025-08-08T14:52:02+08:00,1.4573,104.0185,C,Cloud to Cloud,2025-08-08T14:49:27.921+08:00
2025-08-09 11:14:28,2025-08-08T14:50:00+08:00,2025-08-08T14:52:02+08:00,1.457,104.0333,C,Cloud to Cloud,2025-08-08T14:49:27.923+08:00
2025-08-09 11:14:28,2025-08-08T14:50:00+08:00,2025-08-08T14:52:02+08:00,1.4666,104.0416,C,Cloud to Cloud,2025-08-08T14:49:27.923+08:00
2025-08-09 11:14:28,2025-08-08T14:50:00+08:00,2025-08-08T14:52:02+08:00,1.4653,104.0376,C,Cloud to Cloud,2025-08-08T14:49:27.923+08:00
2025-08-09 11:14:28,2025-08-08T14:50:00+08:00,2025-08-08T14:52:02+08:00,1.4758,104.0503,C,Cloud to Cloud,2025-08-08T14:49:27.923+08:00
2025-08-09 11:14:28,2025-08-08T14:50:00+08:00,2025-08-08T14:52:02+08:00,1.4536,104.0357,C,Cloud to Cloud,2025-08-08T14:49:27.924+08:00
2025-08-09 11:14:28,2025-08-08T14:50:00+08:00,2025-08-08T14:52:02+08:00,1.5052,103.9856,C,Cloud to Cloud,2025-08-08T14:49:27.924+08:00
2025-08-09 11:14:28,2025-08-08T14:50:00+08:00,2025-08-08T14:52:02+08:00,1.4638,104.0415,C,Cloud to Cloud,2025-08-08T14:49:27.924+08:00
2025-08-09 11:14:28,2025-08-08T14:50:00+08:00,2025-08-08T14:52:02+08:00,1.457,104.0415,C,Cloud to Cloud,2025-08-08T14:49:27.925+08:00
2025-08-09 11:14:28,2025-08-08T14:50:00+08:00,2025-08-08T14:52:02+08:00,1.435,104.008,C,Cloud to Cloud,2025-08-08T14:49:27.925+08:00
2025-08-09 11:14:28,2025-08-08T14:50:00+08:00,2025-08-08T14:52:02+08:00,1.4725,104.0519,C,Cloud to Cloud,2025-08-08T14:49:27.925+08:00
2025-08-09 11:14:28,2025-08-08T14:50:00+08:00,2025-08-08T14:52:02+08:00,1.4669,104.0307,C,Cloud to Cloud,2025-08-08T14:49:27.926+08:00
2025-08-09 11:14:28,2025-08-08T14:50:00+08:00,2025-08-08T14:52:02+08:00,1.4305,104.005,C,Cloud to Cloud,2025-08-08T14:49:27.926+08:00
2025-08-09 11:14:28,2025-08-08T14:50:00+08:00,2025-08-08T14:52:02+08:00,1.4738,104.0346,C,Cloud to Cloud,2025-08-08T14:49:27.926+08:00
2025-08-09 11:14:28,2025-08-08T14:50:00+08:00,2025-08-08T14:52:02+08:00,1.4553,104.0585,C,Cloud to Cloud,2025-08-08T14:49:27.927+08:00
2025-08-09 11:14:28,2025-08-08T14:50:00+08:00,2025-08-08T14:52:02+08:00,1.4916,103.9995,C,Cloud to Cloud,2025-08-08T14:49:27.927+08:00
2025-08-09 11:14:28,2025-08-08T14:50:00+08:00,2025-08-08T14:52:02+08:00,1.4548,104.064,C,Cloud to Cloud,2025-08-08T14:49:27.927+08:00
2025-08-09 11:14:28,2025-08-08T14:50:00+08:00,2025-08-08T14:52:02+08:00,1.4512,104.0178,C,Cloud to Cloud,2025-08-08T14:49:27.993+08:00
2025-08-09 11:14:28,2025-08-08T14:50:00+08:00,2025-08-08T14:52:02+08:00,1.4861,104.0346,C,Cloud to Cloud,2025-08-08T14:49:28.033+08:00
2025-08-09 11:14:28,2025-08-08T14:50:00+08:00,2025-08-08T14:52:02+08:00,1.4756,104.0298,C,Cloud to Cloud,2025-08-08T14:49:28.033+08:00
2025-08-09 11:14:28,2025-08-08T14:50:00+08:00,2025-08-08T14:52:02+08:00,1.4707,104.021,C,Cloud to Cloud,2025-08-08T14:49:28.033+08:00
2025-08-09 11:14:28,2025-08-08T14:50:00+08:00,2025-08-08T14:52:02+08:00,1.4769,104.0247,C,Cloud to Cloud,2025-08-08T14:49:28.069+08:00
2025-08-09 11:14:28,2025-08-08T14:50:00+08:00,2025-08-08T14:52:02+08:00,1.4634,104.0188,C,Cloud to Cloud,2025-08-08T14:49:28.07+08:00
2025-08-09 11:14:28,2025-08-08T14:50:00+08:00,2025-08-08T14:52:02+08:00,1.4692,104.0258,C,Cloud to Cloud,2025-08-08T14:49:28.07+08:00
2025-08-09 11:14:28,2025-08-08T14:50:00+08:00,2025-08-08T14:52:02+08:00,1.4747,104.043,C,Cloud to Cloud,2025-08-08T14:49:28.137+08:00
2025-08-09 11:14:28,2025-08-08T14:50:00+08:00,2025-08-08T14:52:02+08:00,1.5313,104.0753,C,Cloud to Cloud,2025-08-08T14:49:28.137+08:00
2025-08-09 11:14:28,2025-08-08T14:50:00+08:00,2025-08-08T14:52:02+08:00,1.4622,104.0317,C,Cloud to Cloud,2025-08-08T14:49:28.153+08:00
2025-08-09 11:14:28,2025-08-08T14:50:00+08:00,2025-08-08T14:52:02+08:00,1.4695,103.9945,C,Cloud to Cloud,2025-08-08T14:49:28.196+08:00
2025-08-09 11:14:28,2025-08-08T14:50:00+08:00,2025-08-08T14:52:02+08:00,1.4717,104.0232,C,Cloud to Cloud,2025-08-08T14:49:28.217+08:00
2025-08-09 11:14:28,2025-08-08T14:50:00+08:00,2025-08-08T14:52:02+08:00,1.4713,104.0116,C,Cloud to Cloud,2025-08-08T14:49:28.217+08:00
2025-08-09 11:14:28,2025-08-08T14:50:00+08:00,2025-08-08T14:52:02+08:00,1.4851,104.0206,C,Cloud to Cloud,2025-08-08T14:49:28.218+08:00
2025-08-09 11:14:28,2025-08-08T14:50:00+08:00,2025-08-08T14:52:02+08:00,1.493,104.0208,C,Cloud to Cloud,2025-08-08T14:49:28.218+08:00
2025-08-09 11:14:28,2025-08-08T14:50:00+08:00,2025-08-08T14:52:02+08:00,1.496,104.0162,C,Cloud to Cloud,2025-08-08T14:49:28.218+08:00
2025-08-09 11:14:28,2025-08-08T14:50:00+08:00,2025-08-08T14:52:02+08:00,1.4962,104.0117,C,Cloud to Cloud,2025-08-08T14:49:28.218+08:00
2025-08-09 11:14:28,2025-08-08T14:50:00+08:00,2025-08-08T14:52:02+08:00,1.4813,104.0197,C,Cloud to Cloud,2025-08-08T14:49:28.22+08:00
2025-08-09 11:14:28,2025-08-08T14:50:00+08:00,2025-08-08T14:52:02+08:00,1.4817,103.997,C,Cloud to Cloud,2025-08-08T14:49:28.242+08:00
2025-08-09 11:14:28,2025-08-08T14:50:00+08:00,2025-08-08T14:52:02+08:00,1.4759,104.0008,C,Cloud to Cloud,2025-08-08T14:49:28.242+08:00
2025-08-09 11:14:28,2025-08-08T14:50:00+08:00,2025-08-08T14:52:02+08:00,1.4819,104.013,C,Cloud to Cloud,2025-08-08T14:49:28.257+08:00
2025-08-09 11:14:28,2025-08-08T14:50:00+08:00,2025-08-08T14:52:02+08:00,1.4807,104.0127,C,Cloud to Cloud,2025-08-08T14:49:28.257+08:00
2025-08-09 11:14:28,2025-08-08T14:50:00+08:00,2025-08-08T14:52:02+08:00,1.495,104.0042,C,Cloud to Cloud,2025-08-08T14:49:28.289+08:00
2025-08-09 11:14:28,2025-08-08T14:50:00+08:00,2025-08-08T14:52:02+08:00,1.4698,104.0095,C,Cloud to Cloud,2025-08-08T14:49:45.634+08:00
2025-08-09 11:14:28,2025-08-08T14:50:00+08:00,2025-08-08T14:52:02+08:00,1.4761,104.0092,C,Cloud to Cloud,2025-08-08T14:49:45.634+08:00
2025-08-09 11:14:28,2025-08-08T14:50:00+08:00,2025-08-08T14:52:02+08:00,1.4737,104.0085,C,Cloud to Cloud,2025-08-08T14:49:45.634+08:00
2025-08-09 11:14:28,2025-08-08T14:50:00+08:00,2025-08-08T14:52:02+08:00,1.469,103.9943,C,Cloud to Cloud,2025-08-08T14:49:45.634+08:00
2025-08-09 11:14:28,2025-08-08T14:50:00+08:00,2025-08-08T14:52:02+08:00,1.4741,104.0072,C,Cloud to Cloud,2025-08-08T14:49:45.634+08:00
2025-08-09 11:14:28,2025-08-08T14:50:00+08:00,2025-08-08T14:52:02+08:00,1.4732,104.0071,C,Cloud to Cloud,2025-08-08T14:49:45.634+08:00
2025-08-09 11:14:28,2025-08-08T14:50:00+08:00,2025-08-08T14:52:02+08:00,1.4715,104.0113,C,Cloud to Cloud,2025-08-08T14:49:45.634+08:00
2025-08-09 11:14:28,2025-08-08T14:50:00+08:00,2025-08-08T14:52:02+08:00,1.4797,104.0124,C,Cloud to Cloud,2025-08-08T14:49:45.634+08:00
2025-08-09 11:14:28,2025-08-08T14:50:00+08:00,2025-08-08T14:52:02+08:00,1.4742,104.0072,C,Cloud to Cloud,2025-08-08T14:49:45.634+08:00
2025-08-09 11:14:28,2025-08-08T14:50:00+08:00,2025-08-08T14:52:02+08:00,1.4784,104.0108,C,Cloud to Cloud,2025-08-08T14:49:45.634+08:00
2025-08-09 11:14:28,2025-08-08T14:50:00+08:00,2025-08-08T14:52:02+08:00,1.4753,104.02,C,Cloud to Cloud,2025-08-08T14:49:45.634+08:00
2025-08-09 11:14:28,2025-08-08T14:50:00+08:00,2025-08-08T14:52:02+08:00,1.4725,104.0113,C,Cloud to Cloud,2025-08-08T14:49:45.634+08:00
2025-08-09 11:14:28,2025-08-08T14:50:00+08:00,2025-08-08T14:52:02+08:00,1.4703,104.0115,C,Cloud to Cloud,2025-08-08T14:49:45.634+08:00
2025-08-09 11:14:28,2025-08-08T14:50:00+08:00,2025-08-08T14:52:02+08:00,1.4866,104.0215,C,Cloud to Cloud,2025-08-08T14:49:45.634+08:00
2025-08-09 11:14:28,2025-08-08T14:50:00+08:00,2025-08-08T14:52:02+08:00,1.4711,104.0086,C,Cloud to Cloud,2025-08-08T14:49:45.635+08:00
2025-08-09 11:14:28,2025-08-08T14:50:00+08:00,2025-08-08T14:52:02+08:00,1.4721,104.0051,C,Cloud to Cloud,2025-08-08T14:49:45.635+08:00
2025-08-09 11:14:28,2025-08-08T14:50:00+08:00,2025-08-08T14:52:02+08:00,1.4716,104.0068,C,Cloud to Cloud,2025-08-08T14:49:45.635+08:00
2025-08-09 11:14:28,2025-08-08T14:50:00+08:00,2025-08-08T14:52:02+08:00,1.4869,104.0218,C,Cloud to Cloud,2025-08-08T14:49:45.635+08:00
2025-08-09 11:14:28,2025-08-08T14:50:00+08:00,2025-08-08T14:52:02+08:00,1.4688,104.0078,C,Cloud to Cloud,2025-08-08T14:49:45.635+08:00
2025-08-09 11:14:28,2025-08-08T14:50:00+08:00,2025-08-08T14:52:02+08:00,1.4856,104.0215,C,Cloud to Cloud,2025-08-08T14:49:45.635+08:00
2025-08-09 11:14:28,2025-08-08T14:50:00+08:00,2025-08-08T14:52:02+08:00,1.4731,104.0066,C,Cloud to Cloud,2025-08-08T14:49:45.635+08:00
2025-08-09 11:14:28,2025-08-08T14:50:00+08:00,2025-08-08T14:52:02+08:00,1.4695,104.0027,C,Cloud to Cloud,2025-08-08T14:49:45.635+08:00
2025-08-09 11:14:28,2025-08-08T14:50:00+08:00,2025-08-08T14:52:02+08:00,1.4683,104.0049,C,Cloud to Cloud,2025-08-08T14:49:45.635+08:00
2025-08-09 11:14:28,2025-08-08T14:50:00+08:00,2025-08-08T14:52:02+08:00,1.471,104.0085,C,Cloud to Cloud,2025-08-08T14:49:45.635+08:00
2025-08-09 11:14:28,2025-08-08T14:50:00+08:00,2025-08-08T14:52:02+08:00,1.4761,104.0069,C,Cloud to Cloud,2025-08-08T14:49:45.635+08:00
2025-08-09 11:14:28,2025-08-08T14:50:00+08:00,2025-08-08T14:52:02+08:00,1.4676,104.0075,C,Cloud to Cloud,2025-08-08T14:49:45.635+08:00
2025-08-09 11:14:28,2025-08-08T14:50:00+08:00,2025-08-08T14:52:02+08:00,1.4708,104.0065,C,Cloud to Cloud,2025-08-08T14:49:45.635+08:00
2025-08-09 11:14:28,2025-08-08T14:50:00+08:00,2025-08-08T14:52:02+08:00,1.4732,104.0086,C,Cloud to Cloud,2025-08-08T14:49:45.636+08:00
2025-08-09 11:14:28,2025-08-08T14:50:00+08:00,2025-08-08T14:52:02+08:00,1.4684,104.0053,C,Cloud to Cloud,2025-08-08T14:49:45.636+08:00
2025-08-09 11:14:28,2025-08-08T14:50:00+08:00,2025-08-08T14:52:02+08:00,1.4646,104.0046,C,Cloud to Cloud,2025-08-08T14:49:45.636+08:00
2025-08-09 11:14:28,2025-08-08T14:50:00+08:00,2025-08-08T14:52:02+08:00,1.4668,104.0055,C,Cloud to Cloud,2025-08-08T14:49:45.636+08:00
2025-08-09 11:14:28,2025-08-08T14:50:00+08:00,2025-08-08T14:52:02+08:00,1.472,104.0055,C,Cloud to Cloud,2025-08-08T14:49:45.636+08:00
2025-08-09 11:14:28,2025-08-08T14:50:00+08:00,2025-08-08T14:52:02+08:00,1.4678,104.0064,C,Cloud to Cloud,2025-08-08T14:49:45.636+08:00
2025-08-09 11:14:28,2025-08-08T14:50:00+08:00,2025-08-08T14:52:02+08:00,1.4653,104.0037,C,Cloud to Cloud,2025-08-08T14:49:45.636+08:00
2025-08-09 11:14:28,2025-08-08T14:50:00+08:00,2025-08-08T14:52:02+08:00,1.4705,104.0065,C,Cloud to Cloud,2025-08-08T14:49:45.637+08:00
2025-08-09 11:14:28,2025-08-08T14:50:00+08:00,2025-08-08T14:52:02+08:00,1.4663,104.0024,C,Cloud to Cloud,2025-08-08T14:49:45.637+08:00
2025-08-09 11:14:28,2025-08-08T14:50:00+08:00,2025-08-08T14:52:02+08:00,1.4724,104.0095,C,Cloud to Cloud,2025-08-08T14:49:45.663+08:00
2025-08-09 11:14:28,2025-08-08T14:50:00+08:00,2025-08-08T14:52:02+08:00,1.4819,104.0119,C,Cloud to Cloud,2025-08-08T14:49:45.663+08:00
2025-08-09 11:14:28,2025-08-08T14:50:00+08:00,2025-08-08T14:52:02+08:00,1.5093,104.0031,G,Cloud to Ground,2025-08-08T14:49:45.739+08:00
2025-08-09 11:14:28,2025-08-08T14:50:00+08:00,2025-08-08T14:52:02+08:00,1.4951,104.0057,C,Cloud to Cloud,2025-08-08T14:49:45.74+08:00
2025-08-09 11:14:28,2025-08-08T14:50:00+08:00,2025-08-08T14:52:02+08:00,1.4721,103.998,C,Cloud to Cloud,2025-08-08T14:49:45.74+08:00
2025-08-09 11:14:28,2025-08-08T14:50:00+08:00,2025-08-08T14:52:02+08:00,1.4761,104.0249,C,Cloud to Cloud,2025-08-08T14:49:45.781+08:00
2025-08-09 11:14:28,2025-08-08T14:50:00+08:00,2025-08-08T14:52:02+08:00,1.48,104.0063,C,Cloud to Cloud,2025-08-08T14:49:45.788+08:00
2025-08-09 11:14:28,2025-08-08T14:50:00+08:00,2025-08-08T14:52:02+08:00,1.4895,104.0005,C,Cloud to Cloud,2025-08-08T14:49:45.799+08:00
2025-08-09 11:14:28,2025-08-08T14:50:00+08:00,2025-08-08T14:52:02+08:00,1.5123,104.0036,C,Cloud to Cloud,2025-08-08T14:49:45.8+08:00
2025-08-09 11:14:28,2025-08-08T14:50:00+08:00,2025-08-08T14:52:02+08:00,1.4574,104.0199,C,Cloud to Cloud,2025-08-08T14:49:45.801+08:00
2025-08-09 11:14:28,2025-08-08T14:50:00+08:00,2025-08-08T14:52:02+08:00,1.5079,104.0413,C,Cloud to Cloud,2025-08-08T14:49:45.801+08:00
2025-08-09 11:14:28,2025-08-08T14:50:00+08:00,2025-08-08T14:52:02+08:00,1.4967,104.004,C,Cloud to Cloud,2025-08-08T14:49:45.806+08:00
2025-08-09 11:14:28,2025-08-08T14:50:00+08:00,2025-08-08T14:52:02+08:00,1.4606,104.0207,C,Cloud to Cloud,2025-08-08T14:49:45.825+08:00
2025-08-09 11:14:28,2025-08-08T14:50:00+08:00,2025-08-08T14:52:02+08:00,1.4892,104.0346,C,Cloud to Cloud,2025-08-08T14:49:45.825+08:00
2025-08-09 11:14:28,2025-08-08T14:50:00+08:00,2025-08-08T14:52:02+08:00,1.4797,104.0075,C,Cloud to Cloud,2025-08-08T14:49:45.834+08:00
2025-08-09 11:14:28,2025-08-08T14:50:00+08:00,2025-08-08T14:52:02+08:00,1.5178,104.0169,C,Cloud to Cloud,2025-08-08T14:49:45.844+08:00
2025-08-09 11:14:30,2025-08-08T14:48:00+08:00,2025-08-08T14:50:02+08:00,1.0274,103.4093,C,Cloud to Cloud,2025-08-08T14:46:05.565+08:00
2025-08-09 11:14:30,2025-08-08T14:48:00+08:00,2025-08-08T14:50:02+08:00,1.4925,103.9786,C,Cloud to Cloud,2025-08-08T14:46:09.565+08:00
2025-08-09 11:14:30,2025-08-08T14:48:00+08:00,2025-08-08T14:50:02+08:00,1.4777,104.0162,C,Cloud to Cloud,2025-08-08T14:46:09.735+08:00
2025-08-09 11:14:30,2025-08-08T14:48:00+08:00,2025-08-08T14:50:02+08:00,1.5105,104.0264,C,Cloud to Cloud,2025-08-08T14:46:09.735+08:00
2025-08-09 11:14:30,2025-08-08T14:48:00+08:00,2025-08-08T14:50:02+08:00,1.4741,104.0088,C,Cloud to Cloud,2025-08-08T14:46:09.911+08:00
2025-08-09 11:14:30,2025-08-08T14:48:00+08:00,2025-08-08T14:50:02+08:00,1.4848,104.011,C,Cloud to Cloud,2025-08-08T14:46:09.911+08:00
2025-08-09 11:14:30,2025-08-08T14:48:00+08:00,2025-08-08T14:50:02+08:00,1.5077,104.0092,C,Cloud to Cloud,2025-08-08T14:46:09.912+08:00
2025-08-09 11:14:30,2025-08-08T14:48:00+08:00,2025-08-08T14:50:02+08:00,1.5333,104.0759,C,Cloud to Cloud,2025-08-08T14:46:18.618+08:00
2025-08-09 11:14:30,2025-08-08T14:48:00+08:00,2025-08-08T14:50:02+08:00,1.4813,104.0388,C,Cloud to Cloud,2025-08-08T14:46:18.677+08:00
2025-08-09 11:14:30,2025-08-08T14:48:00+08:00,2025-08-08T14:50:02+08:00,1.4788,104.0404,C,Cloud to Cloud,2025-08-08T14:46:18.677+08:00
2025-08-09 11:14:30,2025-08-08T14:48:00+08:00,2025-08-08T14:50:02+08:00,1.4814,104.0382,C,Cloud to Cloud,2025-08-08T14:46:18.792+08:00
2025-08-09 11:14:30,2025-08-08T14:48:00+08:00,2025-08-08T14:50:02+08:00,1.4613,104.0279,C,Cloud to Cloud,2025-08-08T14:46:18.871+08:00
2025-08-09 11:14:30,2025-08-08T14:48:00+08:00,2025-08-08T14:50:02+08:00,1.4661,104.0301,C,Cloud to Cloud,2025-08-08T14:46:18.871+08:00
2025-08-09 11:14:30,2025-08-08T14:48:00+08:00,2025-08-08T14:50:02+08:00,1.4895,104.031,C,Cloud to Cloud,2025-08-08T14:46:18.925+08:00
2025-08-09 11:14:30,2025-08-08T14:48:00+08:00,2025-08-08T14:50:02+08:00,0.9769,103.4372,C,Cloud to Cloud,2025-08-08T14:46:26.801+08:00
2025-08-09 11:14:30,2025-08-08T14:48:00+08:00,2025-08-08T14:50:02+08:00,1.016,103.4763,C,Cloud to Cloud,2025-08-08T14:46:26.916+08:00
2025-08-09 11:14:30,2025-08-08T14:48:00+08:00,2025-08-08T14:50:02+08:00,1.0149,103.4753,C,Cloud to Cloud,2025-08-08T14:46:26.916+08:00
2025-08-09 11:14:30,2025-08-08T14:48:00+08:00,2025-08-08T14:50:02+08:00,1.0057,103.4614,C,Cloud to Cloud,2025-08-08T14:46:26.966+08:00
2025-08-09 11:14:30,2025-08-08T14:48:00+08:00,2025-08-08T14:50:02+08:00,1.0139,103.4728,C,Cloud to Cloud,2025-08-08T14:46:27.004+08:00
2025-08-09 11:14:30,2025-08-08T14:48:00+08:00,2025-08-08T14:50:02+08:00,1.0139,103.4728,C,Cloud to Cloud,2025-08-08T14:46:27.005+08:00
2025-08-09 11:14:30,2025-08-08T14:48:00+08:00,2025-08-08T14:50:02+08:00,1.0266,103.467,C,Cloud to Cloud,2025-08-08T14:46:27.197+08:00
2025-08-09 11:14:30,2025-08-08T14:48:00+08:00,2025-08-08T14:50:02+08:00,1.0206,103.4426,C,Cloud to Cloud,2025-08-08T14:46:48.31+08:00
2025-08-09 11:14:30,2025-08-08T14:48:00+08:00,2025-08-08T14:50:02+08:00,1.0206,103.4426,C,Cloud to Cloud,2025-08-08T14:46:48.31+08:00
2025-08-09 11:14:30,2025-08-08T14:48:00+08:00,2025-08-08T14:50:02+08:00,1.4885,104.007,C,Cloud to Cloud,2025-08-08T14:46:55.514+08:00
2025-08-09 11:14:30,2025-08-08T14:48:00+08:00,2025-08-08T14:50:02+08:00,1.4808,103.9926,C,Cloud to Cloud,2025-08-08T14:46:55.514+08:00
2025-08-09 11:14:30,2025-08-08T14:48:00+08:00,2025-08-08T14:50:02+08:00,1.4924,104.0079,C,Cloud to Cloud,2025-08-08T14:46:55.514+08:00
2025-08-09 11:14:30,2025-08-08T14:48:00+08:00,2025-08-08T14:50:02+08:00,1.4843,104.0145,C,Cloud to Cloud,2025-08-08T14:46:55.514+08:00
2025-08-09 11:14:30,2025-08-08T14:48:00+08:00,2025-08-08T14:50:02+08:00,1.4919,104.0092,C,Cloud to Cloud,2025-08-08T14:46:55.514+08:00
2025-08-09 11:14:30,2025-08-08T14:48:00+08:00,2025-08-08T14:50:02+08:00,1.4921,104.0083,C,Cloud to Cloud,2025-08-08T14:46:55.514+08:00
2025-08-09 11:14:30,2025-08-08T14:48:00+08:00,2025-08-08T14:50:02+08:00,1.4935,104.0184,C,Cloud to Cloud,2025-08-08T14:46:55.514+08:00
2025-08-09 11:14:30,2025-08-08T14:48:00+08:00,2025-08-08T14:50:02+08:00,1.4911,104.0076,C,Cloud to Cloud,2025-08-08T14:46:55.514+08:00
2025-08-09 11:14:30,2025-08-08T14:48:00+08:00,2025-08-08T14:50:02+08:00,1.4926,104.0181,C,Cloud to Cloud,2025-08-08T14:46:55.514+08:00
2025-08-09 11:14:30,2025-08-08T14:48:00+08:00,2025-08-08T14:50:02+08:00,1.4918,104.0082,C,Cloud to Cloud,2025-08-08T14:46:55.514+08:00
2025-08-09 11:14:30,2025-08-08T14:48:00+08:00,2025-08-08T14:50:02+08:00,1.492,104.0181,C,Cloud to Cloud,2025-08-08T14:46:55.514+08:00
2025-08-09 11:14:30,2025-08-08T14:48:00+08:00,2025-08-08T14:50:02+08:00,1.4912,104.0062,C,Cloud to Cloud,2025-08-08T14:46:55.515+08:00
2025-08-09 11:14:30,2025-08-08T14:48:00+08:00,2025-08-08T14:50:02+08:00,1.4869,104.0017,C,Cloud to Cloud,2025-08-08T14:46:55.515+08:00
2025-08-09 11:14:30,2025-08-08T14:48:00+08:00,2025-08-08T14:50:02+08:00,1.4888,104.0048,C,Cloud to Cloud,2025-08-08T14:46:55.515+08:00
2025-08-09 11:14:30,2025-08-08T14:48:00+08:00,2025-08-08T14:50:02+08:00,1.4921,104.0068,C,Cloud to Cloud,2025-08-08T14:46:55.515+08:00
2025-08-09 11:14:30,2025-08-08T14:48:00+08:00,2025-08-08T14:50:02+08:00,1.4907,104.0061,C,Cloud to Cloud,2025-08-08T14:46:55.515+08:00
2025-08-09 11:14:30,2025-08-08T14:48:00+08:00,2025-08-08T14:50:02+08:00,1.4836,104.0001,C,Cloud to Cloud,2025-08-08T14:46:55.515+08:00
2025-08-09 11:14:30,2025-08-08T14:48:00+08:00,2025-08-08T14:50:02+08:00,1.4901,104.0049,C,Cloud to Cloud,2025-08-08T14:46:55.515+08:00
2025-08-09 11:14:30,2025-08-08T14:48:00+08:00,2025-08-08T14:50:02+08:00,1.4928,104.0092,C,Cloud to Cloud,2025-08-08T14:46:55.515+08:00
2025-08-09 11:14:30,2025-08-08T14:48:00+08:00,2025-08-08T14:50:02+08:00,1.491,104.0076,C,Cloud to Cloud,2025-08-08T14:46:55.515+08:00
2025-08-09 11:14:30,2025-08-08T14:48:00+08:00,2025-08-08T14:50:02+08:00,1.4908,104.0058,C,Cloud to Cloud,2025-08-08T14:46:55.515+08:00
2025-08-09 11:14:30,2025-08-08T14:48:00+08:00,2025-08-08T14:50:02+08:00,1.4905,104.0058,C,Cloud to Cloud,2025-08-08T14:46:55.515+08:00
2025-08-09 11:14:30,2025-08-08T14:48:00+08:00,2025-08-08T14:50:02+08:00,1.4921,104.0061,C,Cloud to Cloud,2025-08-08T14:46:55.516+08:00
2025-08-09 11:14:30,2025-08-08T14:48:00+08:00,2025-08-08T14:50:02+08:00,1.4892,104.0038,C,Cloud to Cloud,2025-08-08T14:46:55.516+08:00
2025-08-09 11:14:30,2025-08-08T14:48:00+08:00,2025-08-08T14:50:02+08:00,1.4897,104.0065,C,Cloud to Cloud,2025-08-08T14:46:55.516+08:00
2025-08-09 11:14:30,2025-08-08T14:48:00+08:00,2025-08-08T14:50:02+08:00,1.4887,104.0051,C,Cloud to Cloud,2025-08-08T14:46:55.516+08:00
2025-08-09 11:14:30,2025-08-08T14:48:00+08:00,2025-08-08T14:50:02+08:00,1.489,104.0038,C,Cloud to Cloud,2025-08-08T14:46:55.516+08:00
2025-08-09 11:14:30,2025-08-08T14:48:00+08:00,2025-08-08T14:50:02+08:00,1.4907,104.0048,C,Cloud to Cloud,2025-08-08T14:46:55.516+08:00
2025-08-09 11:14:30,2025-08-08T14:48:00+08:00,2025-08-08T14:50:02+08:00,1.4905,104.0047,C,Cloud to Cloud,2025-08-08T14:46:55.516+08:00
2025-08-09 11:14:30,2025-08-08T14:48:00+08:00,2025-08-08T14:50:02+08:00,1.4891,104.0051,C,Cloud to Cloud,2025-08-08T14:46:55.516+08:00
2025-08-09 11:14:30,2025-08-08T14:48:00+08:00,2025-08-08T14:50:02+08:00,1.4884,104.0046,C,Cloud to Cloud,2025-08-08T14:46:55.516+08:00
2025-08-09 11:14:30,2025-08-08T14:48:00+08:00,2025-08-08T14:50:02+08:00,1.4893,104.0039,C,Cloud to Cloud,2025-08-08T14:46:55.516+08:00
2025-08-09 11:14:30,2025-08-08T14:48:00+08:00,2025-08-08T14:50:02+08:00,1.4933,104.008,C,Cloud to Cloud,2025-08-08T14:46:55.517+08:00
2025-08-09 11:14:30,2025-08-08T14:48:00+08:00,2025-08-08T14:50:02+08:00,1.4886,104.005,C,Cloud to Cloud,2025-08-08T14:46:55.517+08:00
2025-08-09 11:14:30,2025-08-08T14:48:00+08:00,2025-08-08T14:50:02+08:00,1.4915,104.0047,C,Cloud to Cloud,2025-08-08T14:46:55.517+08:00
2025-08-09 11:14:30,2025-08-08T14:48:00+08:00,2025-08-08T14:50:02+08:00,1.491,104.0058,C,Cloud to Cloud,2025-08-08T14:46:55.517+08:00
2025-08-09 11:14:30,2025-08-08T14:48:00+08:00,2025-08-08T14:50:02+08:00,1.4896,104.0032,C,Cloud to Cloud,2025-08-08T14:46:55.517+08:00
2025-08-09 11:14:30,2025-08-08T14:48:00+08:00,2025-08-08T14:50:02+08:00,1.4933,104.0038,C,Cloud to Cloud,2025-08-08T14:46:55.517+08:00
2025-08-09 11:14:30,2025-08-08T14:48:00+08:00,2025-08-08T14:50:02+08:00,1.4931,104.0062,C,Cloud to Cloud,2025-08-08T14:46:55.517+08:00
2025-08-09 11:14:30,2025-08-08T14:48:00+08:00,2025-08-08T14:50:02+08:00,1.4892,104.0016,C,Cloud to Cloud,2025-08-08T14:46:55.518+08:00
2025-08-09 11:14:30,2025-08-08T14:48:00+08:00,2025-08-08T14:50:02+08:00,1.4902,104.0049,C,Cloud to Cloud,2025-08-08T14:46:55.518+08:00
2025-08-09 11:14:30,2025-08-08T14:48:00+08:00,2025-08-08T14:50:02+08:00,1.5486,104.0654,C,Cloud to Cloud,2025-08-08T14:46:55.529+08:00
2025-08-09 11:14:30,2025-08-08T14:48:00+08:00,2025-08-08T14:50:02+08:00,1.4971,104.0031,C,Cloud to Cloud,2025-08-08T14:46:55.536+08:00
2025-08-09 11:14:30,2025-08-08T14:48:00+08:00,2025-08-08T14:50:02+08:00,1.4915,104.0031,C,Cloud to Cloud,2025-08-08T14:46:55.536+08:00
2025-08-09 11:14:30,2025-08-08T14:48:00+08:00,2025-08-08T14:50:02+08:00,1.4957,104.0028,C,Cloud to Cloud,2025-08-08T14:46:55.542+08:00
2025-08-09 11:14:30,2025-08-08T14:48:00+08:00,2025-08-08T14:50:02+08:00,1.4832,103.9916,C,Cloud to Cloud,2025-08-08T14:46:55.542+08:00
2025-08-09 11:14:30,2025-08-08T14:48:00+08:00,2025-08-08T14:50:02+08:00,1.495,104.0034,C,Cloud to Cloud,2025-08-08T14:46:55.542+08:00
2025-08-09 11:14:30,2025-08-08T14:48:00+08:00,2025-08-08T14:50:02+08:00,1.5001,104.0079,C,Cloud to Cloud,2025-08-08T14:46:55.542+08:00
2025-08-09 11:14:30,2025-08-08T14:48:00+08:00,2025-08-08T14:50:02+08:00,1.5076,104.0128,C,Cloud to Cloud,2025-08-08T14:46:55.542+08:00
2025-08-09 11:14:30,2025-08-08T14:48:00+08:00,2025-08-08T14:50:02+08:00,1.4879,103.9794,C,Cloud to Cloud,2025-08-08T14:46:55.573+08:00
2025-08-09 11:14:30,2025-08-08T14:48:00+08:00,2025-08-08T14:50:02+08:00,1.48,103.9861,C,Cloud to Cloud,2025-08-08T14:46:55.579+08:00
2025-08-09 11:14:30,2025-08-08T14:48:00+08:00,2025-08-08T14:50:02+08:00,1.4919,104.0102,G,Cloud to Ground,2025-08-08T14:46:55.579+08:00
2025-08-09 11:14:30,2025-08-08T14:48:00+08:00,2025-08-08T14:50:02+08:00,1.4894,104.002,C,Cloud to Cloud,2025-08-08T14:46:55.58+08:00
2025-08-09 11:14:30,2025-08-08T14:48:00+08:00,2025-08-08T14:50:02+08:00,1.5386,104.0304,C,Cloud to Cloud,2025-08-08T14:46:55.597+08:00
2025-08-09 11:14:30,2025-08-08T14:48:00+08:00,2025-08-08T14:50:02+08:00,1.5138,103.9936,C,Cloud to Cloud,2025-08-08T14:46:55.597+08:00
2025-08-09 11:14:30,2025-08-08T14:48:00+08:00,2025-08-08T14:50:02+08:00,1.4771,103.9782,C,Cloud to Cloud,2025-08-08T14:46:55.671+08:00
2025-08-09 11:14:30,2025-08-08T14:48:00+08:00,2025-08-08T14:50:02+08:00,1.4802,103.982,C,Cloud to Cloud,2025-08-08T14:46:55.671+08:00
2025-08-09 11:14:30,2025-08-08T14:48:00+08:00,2025-08-08T14:50:02+08:00,1.4405,103.9659,C,Cloud to Cloud,2025-08-08T14:46:56.001+08:00
2025-08-09 11:14:30,2025-08-08T14:48:00+08:00,2025-08-08T14:50:02+08:00,1.4644,104.0091,C,Cloud to Cloud,2025-08-08T14:46:56.001+08:00
2025-08-09 11:14:30,2025-08-08T14:48:00+08:00,2025-08-08T14:50:02+08:00,1.4923,103.9864,C,Cloud to Cloud,2025-08-08T14:47:07.716+08:00
2025-08-09 11:14:30,2025-08-08T14:48:00+08:00,2025-08-08T14:50:02+08:00,1.5098,103.9784,C,Cloud to Cloud,2025-08-08T14:47:31.428+08:00
2025-08-09 11:14:30,2025-08-08T14:48:00+08:00,2025-08-08T14:50:02+08:00,1.0427,103.4724,C,Cloud to Cloud,2025-08-08T14:47:36.305+08:00
2025-08-09 11:14:30,2025-08-08T14:48:00+08:00,2025-08-08T14:50:02+08:00,1.0427,103.4724,C,Cloud to Cloud,2025-08-08T14:47:36.305+08:00
2025-08-09 11:14:30,2025-08-08T14:48:00+08:00,2025-08-08T14:50:02+08:00,1.0346,103.4682,C,Cloud to Cloud,2025-08-08T14:47:36.315+08:00
2025-08-09 11:14:30,2025-08-08T14:48:00+08:00,2025-08-08T14:50:02+08:00,0.9832,103.4565,C,Cloud to Cloud,2025-08-08T14:47:37.209+08:00
2025-08-09 11:14:30,2025-08-08T14:48:00+08:00,2025-08-08T14:50:02+08:00,0.9699,103.4286,C,Cloud to Cloud,2025-08-08T14:47:37.31+08:00
2025-08-09 11:14:30,2025-08-08T14:48:00+08:00,2025-08-08T14:50:02+08:00,1.0187,103.493,C,Cloud to Cloud,2025-08-08T14:47:37.31+08:00
2025-08-09 11:14:30,2025-08-08T14:48:00+08:00,2025-08-08T14:50:02+08:00,0.9868,103.4386,C,Cloud to Cloud,2025-08-08T14:47:37.33+08:00
2025-08-09 11:14:30,2025-08-08T14:48:00+08:00,2025-08-08T14:50:02+08:00,1.4595,104.0029,C,Cloud to Cloud,2025-08-08T14:47:48.372+08:00
2025-08-09 11:14:30,2025-08-08T14:48:00+08:00,2025-08-08T14:50:02+08:00,1.4589,104.0484,C,Cloud to Cloud,2025-08-08T14:47:48.373+08:00
2025-08-09 11:14:30,2025-08-08T14:48:00+08:00,2025-08-08T14:50:02+08:00,1.4553,104.0302,C,Cloud to Cloud,2025-08-08T14:47:48.374+08:00
2025-08-09 11:14:30,2025-08-08T14:48:00+08:00,2025-08-08T14:50:02+08:00,1.4536,103.9934,C,Cloud to Cloud,2025-08-08T14:47:48.374+08:00
2025-08-09 11:14:30,2025-08-08T14:48:00+08:00,2025-08-08T14:50:02+08:00,1.4739,104.0348,C,Cloud to Cloud,2025-08-08T14:47:48.375+08:00
2025-08-09 11:14:30,2025-08-08T14:48:00+08:00,2025-08-08T14:50:02+08:00,1.4742,104.0353,C,Cloud to Cloud,2025-08-08T14:47:48.375+08:00
2025-08-09 11:14:30,2025-08-08T14:48:00+08:00,2025-08-08T14:50:02+08:00,1.4612,104.0281,C,Cloud to Cloud,2025-08-08T14:47:48.375+08:00
2025-08-09 11:14:30,2025-08-08T14:48:00+08:00,2025-08-08T14:50:02+08:00,1.4731,104.0279,C,Cloud to Cloud,2025-08-08T14:47:48.376+08:00
2025-08-09 11:14:30,2025-08-08T14:48:00+08:00,2025-08-08T14:50:02+08:00,1.4747,104.0281,C,Cloud to Cloud,2025-08-08T14:47:48.376+08:00
2025-08-09 11:14:30,2025-08-08T14:48:00+08:00,2025-08-08T14:50:02+08:00,1.4568,104.0224,C,Cloud to Cloud,2025-08-08T14:47:48.377+08:00
2025-08-09 11:14:30,2025-08-08T14:48:00+08:00,2025-08-08T14:50:02+08:00,1.4635,104.0318,G,Cloud to Ground,2025-08-08T14:47:48.41+08:00
2025-08-09 11:14:30,2025-08-08T14:48:00+08:00,2025-08-08T14:50:02+08:00,1.4804,104.0423,C,Cloud to Cloud,2025-08-08T14:47:48.41+08:00
2025-08-09 11:14:30,2025-08-08T14:48:00+08:00,2025-08-08T14:50:02+08:00,1.4719,104.0426,C,Cloud to Cloud,2025-08-08T14:47:48.41+08:00
2025-08-09 11:14:30,2025-08-08T14:48:00+08:00,2025-08-08T14:50:02+08:00,1.485,104.0523,C,Cloud to Cloud,2025-08-08T14:47:48.411+08:00
2025-08-09 11:14:30,2025-08-08T14:48:00+08:00,2025-08-08T14:50:02+08:00,1.4498,104.0229,C,Cloud to Cloud,2025-08-08T14:47:48.411+08:00
2025-08-09 11:14:30,2025-08-08T14:48:00+08:00,2025-08-08T14:50:02+08:00,1.4597,104.027,C,Cloud to Cloud,2025-08-08T14:47:48.412+08:00
2025-08-09 11:14:30,2025-08-08T14:48:00+08:00,2025-08-08T14:50:02+08:00,1.5102,103.9757,C,Cloud to Cloud,2025-08-08T14:47:48.412+08:00
2025-08-09 11:14:30,2025-08-08T14:48:00+08:00,2025-08-08T14:50:02+08:00,1.5043,104.0561,C,Cloud to Cloud,2025-08-08T14:47:48.438+08:00
2025-08-09 11:14:30,2025-08-08T14:48:00+08:00,2025-08-08T14:50:02+08:00,1.5074,104.0584,C,Cloud to Cloud,2025-08-08T14:47:48.438+08:00
2025-08-09 11:14:30,2025-08-08T14:48:00+08:00,2025-08-08T14:50:02+08:00,1.4918,104.0539,C,Cloud to Cloud,2025-08-08T14:47:48.438+08:00
2025-08-09 11:14:30,2025-08-08T14:48:00+08:00,2025-08-08T14:50:02+08:00,1.4535,104.0224,C,Cloud to Cloud,2025-08-08T14:47:48.445+08:00
2025-08-09 11:14:30,2025-08-08T14:48:00+08:00,2025-08-08T14:50:02+08:00,1.5033,104.0475,C,Cloud to Cloud,2025-08-08T14:47:48.445+08:00
2025-08-09 11:14:30,2025-08-08T14:48:00+08:00,2025-08-08T14:50:02+08:00,1.4993,104.0474,C,Cloud to Cloud,2025-08-08T14:47:48.445+08:00
2025-08-09 11:14:30,2025-08-08T14:48:00+08:00,2025-08-08T14:50:02+08:00,1.4515,104.0066,C,Cloud to Cloud,2025-08-08T14:47:48.463+08:00
2025-08-09 11:14:30,2025-08-08T14:48:00+08:00,2025-08-08T14:50:02+08:00,1.4963,104.0582,C,Cloud to Cloud,2025-08-08T14:47:48.463+08:00
2025-08-09 11:14:30,2025-08-08T14:48:00+08:00,2025-08-08T14:50:02+08:00,1.4914,104.0547,C,Cloud to Cloud,2025-08-08T14:47:48.463+08:00
2025-08-09 11:14:30,2025-08-08T14:48:00+08:00,2025-08-08T14:50:02+08:00,1.497,104.0598,C,Cloud to Cloud,2025-08-08T14:47:48.463+08:00
2025-08-09 11:14:30,2025-08-08T14:48:00+08:00,2025-08-08T14:50:02+08:00,1.4896,104.0538,C,Cloud to Cloud,2025-08-08T14:47:48.463+08:00
2025-08-09 11:14:30,2025-08-08T14:48:00+08:00,2025-08-08T14:50:02+08:00,1.46,104.0373,C,Cloud to Cloud,2025-08-08T14:47:48.463+08:00
2025-08-09 11:14:30,2025-08-08T14:48:00+08:00,2025-08-08T14:50:02+08:00,1.4675,104.0328,G,Cloud to Ground,2025-08-08T14:47:48.463+08:00
2025-08-09 11:14:30,2025-08-08T14:48:00+08:00,2025-08-08T14:50:02+08:00,1.463,104.0143,C,Cloud to Cloud,2025-08-08T14:47:48.502+08:00
2025-08-09 11:14:30,2025-08-08T14:48:00+08:00,2025-08-08T14:50:02+08:00,1.4608,104.0282,C,Cloud to Cloud,2025-08-08T14:47:48.502+08:00
2025-08-09 11:14:30,2025-08-08T14:48:00+08:00,2025-08-08T14:50:02+08:00,1.4685,104.0247,C,Cloud to Cloud,2025-08-08T14:47:48.502+08:00
2025-08-09 11:14:30,2025-08-08T14:48:00+08:00,2025-08-08T14:50:02+08:00,1.4985,104.0483,C,Cloud to Cloud,2025-08-08T14:47:48.502+08:00
2025-08-09 11:14:30,2025-08-08T14:48:00+08:00,2025-08-08T14:50:02+08:00,1.4503,104.0094,C,Cloud to Cloud,2025-08-08T14:47:48.516+08:00
2025-08-09 11:14:30,2025-08-08T14:48:00+08:00,2025-08-08T14:50:02+08:00,1.449,103.9363,C,Cloud to Cloud,2025-08-08T14:47:48.516+08:00
2025-08-09 11:14:30,2025-08-08T14:48:00+08:00,2025-08-08T14:50:02+08:00,1.4493,103.9744,C,Cloud to Cloud,2025-08-08T14:47:48.517+08:00
2025-08-09 11:14:30,2025-08-08T14:48:00+08:00,2025-08-08T14:50:02+08:00,1.4718,104.0619,C,Cloud to Cloud,2025-08-08T14:47:48.517+08:00
2025-08-09 11:14:30,2025-08-08T14:48:00+08:00,2025-08-08T14:50:02+08:00,1.4454,103.9585,C,Cloud to Cloud,2025-08-08T14:47:48.517+08:00
2025-08-09 11:14:30,2025-08-08T14:48:00+08:00,2025-08-08T14:50:02+08:00,1.4694,104.0409,G,Cloud to Ground,2025-08-08T14:47:48.517+08:00
2025-08-09 11:14:30,2025-08-08T14:48:00+08:00,2025-08-08T14:50:02+08:00,1.4519,104.0053,C,Cloud to Cloud,2025-08-08T14:47:48.553+08:00
2025-08-09 11:14:30,2025-08-08T14:48:00+08:00,2025-08-08T14:50:02+08:00,1.4489,103.9402,C,Cloud to Cloud,2025-08-08T14:47:48.553+08:00
2025-08-09 11:14:30,2025-08-08T14:48:00+08:00,2025-08-08T14:50:02+08:00,1.463,104.0232,C,Cloud to Cloud,2025-08-08T14:47:48.553+08:00
2025-08-09 11:14:30,2025-08-08T14:48:00+08:00,2025-08-08T14:50:02+08:00,1.447,103.9371,C,Cloud to Cloud,2025-08-08T14:47:48.553+08:00
2025-08-09 11:14:30,2025-08-08T14:48:00+08:00,2025-08-08T14:50:02+08:00,1.4629,104.0196,C,Cloud to Cloud,2025-08-08T14:47:48.553+08:00
2025-08-09 11:14:30,2025-08-08T14:48:00+08:00,2025-08-08T14:50:02+08:00,1.4404,103.9934,C,Cloud to Cloud,2025-08-08T14:47:48.554+08:00
2025-08-09 11:14:30,2025-08-08T14:48:00+08:00,2025-08-08T14:50:02+08:00,1.4652,104.0318,G,Cloud to Ground,2025-08-08T14:47:48.554+08:00
2025-08-09 11:14:30,2025-08-08T14:48:00+08:00,2025-08-08T14:50:02+08:00,1.4635,104.0281,C,Cloud to Cloud,2025-08-08T14:47:48.554+08:00
2025-08-09 11:14:30,2025-08-08T14:48:00+08:00,2025-08-08T14:50:02+08:00,1.4463,104.0068,C,Cloud to Cloud,2025-08-08T14:47:48.6+08:00
2025-08-09 11:14:30,2025-08-08T14:48:00+08:00,2025-08-08T14:50:02+08:00,1.4466,103.9781,C,Cloud to Cloud,2025-08-08T14:47:48.6+08:00
2025-08-09 11:14:30,2025-08-08T14:48:00+08:00,2025-08-08T14:50:02+08:00,1.4437,103.9623,C,Cloud to Cloud,2025-08-08T14:47:48.6+08:00
2025-08-09 11:14:30,2025-08-08T14:48:00+08:00,2025-08-08T14:50:02+08:00,1.4686,104.0438,G,Cloud to Ground,2025-08-08T14:47:48.6+08:00
2025-08-09 11:14:30,2025-08-08T14:48:00+08:00,2025-08-08T14:50:02+08:00,1.4738,103.994,C,Cloud to Cloud,2025-08-08T14:47:48.639+08:00
2025-08-09 11:14:30,2025-08-08T14:48:00+08:00,2025-08-08T14:50:02+08:00,1.4499,104.0001,C,Cloud to Cloud,2025-08-08T14:47:48.658+08:00
2025-08-09 11:14:30,2025-08-08T14:48:00+08:00,2025-08-08T14:50:02+08:00,1.4482,104.0053,C,Cloud to Cloud,2025-08-08T14:47:48.658+08:00
2025-08-09 11:14:30,2025-08-08T14:48:00+08:00,2025-08-08T14:50:02+08:00,1.4482,104.0028,C,Cloud to Cloud,2025-08-08T14:47:48.658+08:00
2025-08-09 11:14:30,2025-08-08T14:48:00+08:00,2025-08-08T14:50:02+08:00,1.4512,104.0025,C,Cloud to Cloud,2025-08-08T14:47:48.658+08:00
2025-08-09 11:14:30,2025-08-08T14:48:00+08:00,2025-08-08T14:50:02+08:00,1.4443,103.9985,C,Cloud to Cloud,2025-08-08T14:47:48.658+08:00
2025-08-09 11:14:30,2025-08-08T14:48:00+08:00,2025-08-08T14:50:02+08:00,1.4754,104.0453,C,Cloud to Cloud,2025-08-08T14:47:48.658+08:00
2025-08-09 11:14:30,2025-08-08T14:48:00+08:00,2025-08-08T14:50:02+08:00,1.4685,104.0404,G,Cloud to Ground,2025-08-08T14:47:48.659+08:00
2025-08-09 11:14:30,2025-08-08T14:48:00+08:00,2025-08-08T14:50:02+08:00,1.4745,104.0016,C,Cloud to Cloud,2025-08-08T14:47:48.659+08:00
2025-08-09 11:14:30,2025-08-08T14:48:00+08:00,2025-08-08T14:50:02+08:00,1.4679,104.0352,G,Cloud to Ground,2025-08-08T14:47:48.709+08:00
2025-08-09 11:14:30,2025-08-08T14:48:00+08:00,2025-08-08T14:50:02+08:00,1.4764,104.0108,C,Cloud to Cloud,2025-08-08T14:47:48.717+08:00
2025-08-09 11:14:30,2025-08-08T14:48:00+08:00,2025-08-08T14:50:02+08:00,1.4908,104.0159,C,Cloud to Cloud,2025-08-08T14:47:48.825+08:00
2025-08-09 11:14:30,2025-08-08T14:48:00+08:00,2025-08-08T14:50:02+08:00,1.4803,104.0102,C,Cloud to Cloud,2025-08-08T14:47:48.825+08:00
2025-08-09 11:14:30,2025-08-08T14:48:00+08:00,2025-08-08T14:50:02+08:00,1.4682,103.9326,C,Cloud to Cloud,2025-08-08T14:47:48.825+08:00
2025-08-09 11:14:30,2025-08-08T14:48:00+08:00,2025-08-08T14:50:02+08:00,1.4732,103.9933,C,Cloud to Cloud,2025-08-08T14:47:48.826+08:00
2025-08-09 11:14:30,2025-08-08T14:48:00+08:00,2025-08-08T14:50:02+08:00,1.4975,103.9679,C,Cloud to Cloud,2025-08-08T14:47:48.826+08:00
2025-08-09 11:14:30,2025-08-08T14:48:00+08:00,2025-08-08T14:50:02+08:00,1.4605,103.9723,C,Cloud to Cloud,2025-08-08T14:47:48.826+08:00
2025-08-09 11:14:30,2025-08-08T14:48:00+08:00,2025-08-08T14:50:02+08:00,0.9877,103.4639,C,Cloud to Cloud,2025-08-08T14:47:59.13+08:00
2025-08-09 11:14:30,2025-08-08T14:48:00+08:00,2025-08-08T14:50:02+08:00,0.9842,103.4634,C,Cloud to Cloud,2025-08-08T14:47:59.131+08:00
2025-08-09 11:14:30,2025-08-08T14:46:00+08:00,2025-08-08T14:48:02+08:00,1.0431,103.4989,C,Cloud to Cloud,2025-08-08T14:44:01.785+08:00
2025-08-09 11:14:30,2025-08-08T14:46:00+08:00,2025-08-08T14:48:02+08:00,1.4828,104.0163,C,Cloud to Cloud,2025-08-08T14:44:05.935+08:00
2025-08-09 11:14:30,2025-08-08T14:46:00+08:00,2025-08-08T14:48:02+08:00,1.4897,104.0178,C,Cloud to Cloud,2025-08-08T14:44:05.968+08:00
2025-08-09 11:14:30,2025-08-08T14:46:00+08:00,2025-08-08T14:48:02+08:00,1.4854,104.0254,C,Cloud to Cloud,2025-08-08T14:44:06.068+08:00
2025-08-09 11:14:30,2025-08-08T14:46:00+08:00,2025-08-08T14:48:02+08:00,1.4856,104.018,C,Cloud to Cloud,2025-08-08T14:44:06.068+08:00
2025-08-09 11:14:30,2025-08-08T14:46:00+08:00,2025-08-08T14:48:02+08:00,1.4818,104.042,C,Cloud to Cloud,2025-08-08T14:44:06.068+08:00
2025-08-09 11:14:30,2025-08-08T14:46:00+08:00,2025-08-08T14:48:02+08:00,1.5007,104.0295,C,Cloud to Cloud,2025-08-08T14:44:06.178+08:00
2025-08-09 11:14:30,2025-08-08T14:46:00+08:00,2025-08-08T14:48:02+08:00,1.496,104.0236,C,Cloud to Cloud,2025-08-08T14:44:06.201+08:00
2025-08-09 11:14:30,2025-08-08T14:46:00+08:00,2025-08-08T14:48:02+08:00,1.4957,104.0232,C,Cloud to Cloud,2025-08-08T14:44:06.201+08:00
2025-08-09 11:14:30,2025-08-08T14:46:00+08:00,2025-08-08T14:48:02+08:00,1.492,104.0269,C,Cloud to Cloud,2025-08-08T14:44:06.201+08:00
2025-08-09 11:14:30,2025-08-08T14:46:00+08:00,2025-08-08T14:48:02+08:00,1.4913,104.027,C,Cloud to Cloud,2025-08-08T14:44:06.221+08:00
2025-08-09 11:14:30,2025-08-08T14:46:00+08:00,2025-08-08T14:48:02+08:00,1.4987,104.0267,C,Cloud to Cloud,2025-08-08T14:44:06.261+08:00
2025-08-09 11:14:30,2025-08-08T14:46:00+08:00,2025-08-08T14:48:02+08:00,1.5021,104.0256,C,Cloud to Cloud,2025-08-08T14:44:06.261+08:00
2025-08-09 11:14:30,2025-08-08T14:46:00+08:00,2025-08-08T14:48:02+08:00,1.4958,104.0221,C,Cloud to Cloud,2025-08-08T14:44:06.295+08:00
2025-08-09 11:14:30,2025-08-08T14:46:00+08:00,2025-08-08T14:48:02+08:00,1.4954,104.0217,C,Cloud to Cloud,2025-08-08T14:44:06.295+08:00
2025-08-09 11:14:30,2025-08-08T14:46:00+08:00,2025-08-08T14:48:02+08:00,1.4913,104.0284,C,Cloud to Cloud,2025-08-08T14:44:06.295+08:00
2025-08-09 11:14:30,2025-08-08T14:46:00+08:00,2025-08-08T14:48:02+08:00,1.5101,104.0309,C,Cloud to Cloud,2025-08-08T14:44:06.295+08:00
2025-08-09 11:14:30,2025-08-08T14:46:00+08:00,2025-08-08T14:48:02+08:00,1.4731,104.0373,C,Cloud to Cloud,2025-08-08T14:44:06.295+08:00
2025-08-09 11:14:30,2025-08-08T14:46:00+08:00,2025-08-08T14:48:02+08:00,1.4739,104.0377,C,Cloud to Cloud,2025-08-08T14:44:06.296+08:00
2025-08-09 11:14:30,2025-08-08T14:46:00+08:00,2025-08-08T14:48:02+08:00,1.4887,104.0335,C,Cloud to Cloud,2025-08-08T14:44:06.313+08:00
2025-08-09 11:14:30,2025-08-08T14:46:00+08:00,2025-08-08T14:48:02+08:00,1.4765,104.0261,C,Cloud to Cloud,2025-08-08T14:44:06.328+08:00
2025-08-09 11:14:30,2025-08-08T14:46:00+08:00,2025-08-08T14:48:02+08:00,1.0382,103.4968,C,Cloud to Cloud,2025-08-08T14:44:07.801+08:00
2025-08-09 11:14:30,2025-08-08T14:46:00+08:00,2025-08-08T14:48:02+08:00,1.0152,103.4173,C,Cloud to Cloud,2025-08-08T14:44:20.141+08:00
2025-08-09 11:14:30,2025-08-08T14:46:00+08:00,2025-08-08T14:48:02+08:00,1.0436,103.5022,C,Cloud to Cloud,2025-08-08T14:44:24.342+08:00
2025-08-09 11:14:30,2025-08-08T14:46:00+08:00,2025-08-08T14:48:02+08:00,1.4955,104.0572,C,Cloud to Cloud,2025-08-08T14:44:26.935+08:00
2025-08-09 11:14:30,2025-08-08T14:46:00+08:00,2025-08-08T14:48:02+08:00,1.3899,103.98,C,Cloud to Cloud,2025-08-08T14:44:26.935+08:00
2025-08-09 11:14:30,2025-08-08T14:46:00+08:00,2025-08-08T14:48:02+08:00,1.468,104.0316,C,Cloud to Cloud,2025-08-08T14:44:26.935+08:00
2025-08-09 11:14:30,2025-08-08T14:46:00+08:00,2025-08-08T14:48:02+08:00,1.5003,104.0125,C,Cloud to Cloud,2025-08-08T14:44:39.328+08:00
2025-08-09 11:14:30,2025-08-08T14:46:00+08:00,2025-08-08T14:48:02+08:00,1.4815,104.007,C,Cloud to Cloud,2025-08-08T14:44:39.329+08:00
2025-08-09 11:14:30,2025-08-08T14:46:00+08:00,2025-08-08T14:48:02+08:00,1.4948,104.0347,C,Cloud to Cloud,2025-08-08T14:44:39.329+08:00
2025-08-09 11:14:30,2025-08-08T14:46:00+08:00,2025-08-08T14:48:02+08:00,1.504,104.0355,C,Cloud to Cloud,2025-08-08T14:44:39.329+08:00
2025-08-09 11:14:30,2025-08-08T14:46:00+08:00,2025-08-08T14:48:02+08:00,1.5007,104.0114,C,Cloud to Cloud,2025-08-08T14:44:39.329+08:00
2025-08-09 11:14:30,2025-08-08T14:46:00+08:00,2025-08-08T14:48:02+08:00,1.4831,104.0108,C,Cloud to Cloud,2025-08-08T14:44:39.329+08:00
2025-08-09 11:14:30,2025-08-08T14:46:00+08:00,2025-08-08T14:48:02+08:00,1.484,104.0045,C,Cloud to Cloud,2025-08-08T14:44:39.329+08:00
2025-08-09 11:14:30,2025-08-08T14:46:00+08:00,2025-08-08T14:48:02+08:00,1.5018,104.011,C,Cloud to Cloud,2025-08-08T14:44:39.329+08:00
2025-08-09 11:14:30,2025-08-08T14:46:00+08:00,2025-08-08T14:48:02+08:00,1.4867,104.015,C,Cloud to Cloud,2025-08-08T14:44:39.329+08:00
2025-08-09 11:14:30,2025-08-08T14:46:00+08:00,2025-08-08T14:48:02+08:00,1.5086,104.0131,C,Cloud to Cloud,2025-08-08T14:44:39.329+08:00
2025-08-09 11:14:30,2025-08-08T14:46:00+08:00,2025-08-08T14:48:02+08:00,1.4902,104.0092,C,Cloud to Cloud,2025-08-08T14:44:39.33+08:00
2025-08-09 11:14:30,2025-08-08T14:46:00+08:00,2025-08-08T14:48:02+08:00,1.4857,104.0079,C,Cloud to Cloud,2025-08-08T14:44:39.33+08:00
2025-08-09 11:14:30,2025-08-08T14:46:00+08:00,2025-08-08T14:48:02+08:00,1.4984,104.0321,C,Cloud to Cloud,2025-08-08T14:44:39.33+08:00
2025-08-09 11:14:30,2025-08-08T14:46:00+08:00,2025-08-08T14:48:02+08:00,1.5002,104.0114,C,Cloud to Cloud,2025-08-08T14:44:39.33+08:00
2025-08-09 11:14:30,2025-08-08T14:46:00+08:00,2025-08-08T14:48:02+08:00,1.4916,104.01,C,Cloud to Cloud,2025-08-08T14:44:39.33+08:00
2025-08-09 11:14:30,2025-08-08T14:46:00+08:00,2025-08-08T14:48:02+08:00,1.4978,104.0116,C,Cloud to Cloud,2025-08-08T14:44:39.33+08:00
2025-08-09 11:14:30,2025-08-08T14:46:00+08:00,2025-08-08T14:48:02+08:00,1.4793,104.0048,C,Cloud to Cloud,2025-08-08T14:44:39.33+08:00
2025-08-09 11:14:30,2025-08-08T14:46:00+08:00,2025-08-08T14:48:02+08:00,1.4959,104.0098,C,Cloud to Cloud,2025-08-08T14:44:39.341+08:00
2025-08-09 11:14:30,2025-08-08T14:46:00+08:00,2025-08-08T14:48:02+08:00,1.4956,104.0097,C,Cloud to Cloud,2025-08-08T14:44:39.342+08:00
2025-08-09 11:14:30,2025-08-08T14:46:00+08:00,2025-08-08T14:48:02+08:00,1.4943,104.0079,C,Cloud to Cloud,2025-08-08T14:44:39.342+08:00
2025-08-09 11:14:30,2025-08-08T14:46:00+08:00,2025-08-08T14:48:02+08:00,1.497,104.0075,C,Cloud to Cloud,2025-08-08T14:44:39.344+08:00
2025-08-09 11:14:30,2025-08-08T14:46:00+08:00,2025-08-08T14:48:02+08:00,1.4963,104.0056,C,Cloud to Cloud,2025-08-08T14:44:39.344+08:00
2025-08-09 11:14:30,2025-08-08T14:46:00+08:00,2025-08-08T14:48:02+08:00,1.4975,104.0058,C,Cloud to Cloud,2025-08-08T14:44:39.346+08:00
2025-08-09 11:14:30,2025-08-08T14:46:00+08:00,2025-08-08T14:48:02+08:00,1.4889,104.0027,G,Cloud to Ground,2025-08-08T14:44:39.349+08:00
2025-08-09 11:14:30,2025-08-08T14:46:00+08:00,2025-08-08T14:48:02+08:00,1.4881,104.0136,C,Cloud to Cloud,2025-08-08T14:44:39.355+08:00
2025-08-09 11:14:30,2025-08-08T14:46:00+08:00,2025-08-08T14:48:02+08:00,1.4534,104.0198,C,Cloud to Cloud,2025-08-08T14:44:39.355+08:00
2025-08-09 11:14:30,2025-08-08T14:46:00+08:00,2025-08-08T14:48:02+08:00,1.4773,104.0109,C,Cloud to Cloud,2025-08-08T14:44:39.355+08:00
2025-08-09 11:14:30,2025-08-08T14:46:00+08:00,2025-08-08T14:48:02+08:00,1.4683,103.9876,C,Cloud to Cloud,2025-08-08T14:44:39.393+08:00
2025-08-09 11:14:30,2025-08-08T14:46:00+08:00,2025-08-08T14:48:02+08:00,1.4727,103.9767,C,Cloud to Cloud,2025-08-08T14:44:39.394+08:00
2025-08-09 11:14:30,2025-08-08T14:46:00+08:00,2025-08-08T14:48:02+08:00,1.4729,103.9777,C,Cloud to Cloud,2025-08-08T14:44:39.394+08:00
2025-08-09 11:14:30,2025-08-08T14:46:00+08:00,2025-08-08T14:48:02+08:00,1.5175,104.0127,C,Cloud to Cloud,2025-08-08T14:44:39.394+08:00
2025-08-09 11:14:30,2025-08-08T14:46:00+08:00,2025-08-08T14:48:02+08:00,1.4722,103.975,C,Cloud to Cloud,2025-08-08T14:44:39.394+08:00
2025-08-09 11:14:30,2025-08-08T14:46:00+08:00,2025-08-08T14:48:02+08:00,1.4648,103.9234,C,Cloud to Cloud,2025-08-08T14:44:39.394+08:00
2025-08-09 11:14:30,2025-08-08T14:46:00+08:00,2025-08-08T14:48:02+08:00,1.5165,104.0095,C,Cloud to Cloud,2025-08-08T14:44:39.394+08:00
2025-08-09 11:14:30,2025-08-08T14:46:00+08:00,2025-08-08T14:48:02+08:00,1.4873,104.0041,C,Cloud to Cloud,2025-08-08T14:44:39.394+08:00
2025-08-09 11:14:30,2025-08-08T14:46:00+08:00,2025-08-08T14:48:02+08:00,1.4777,103.9989,C,Cloud to Cloud,2025-08-08T14:44:39.394+08:00
2025-08-09 11:14:30,2025-08-08T14:46:00+08:00,2025-08-08T14:48:02+08:00,1.4942,104.0076,C,Cloud to Cloud,2025-08-08T14:44:39.394+08:00
2025-08-09 11:14:30,2025-08-08T14:46:00+08:00,2025-08-08T14:48:02+08:00,1.4874,104.0014,C,Cloud to Cloud,2025-08-08T14:44:39.394+08:00
2025-08-09 11:14:30,2025-08-08T14:46:00+08:00,2025-08-08T14:48:02+08:00,1.4878,103.9977,G,Cloud to Ground,2025-08-08T14:44:39.394+08:00
2025-08-09 11:14:30,2025-08-08T14:46:00+08:00,2025-08-08T14:48:02+08:00,1.4752,104.0001,C,Cloud to Cloud,2025-08-08T14:44:39.414+08:00
2025-08-09 11:14:30,2025-08-08T14:46:00+08:00,2025-08-08T14:48:02+08:00,1.4573,103.9899,C,Cloud to Cloud,2025-08-08T14:44:39.414+08:00
2025-08-09 11:14:30,2025-08-08T14:46:00+08:00,2025-08-08T14:48:02+08:00,1.4791,104.019,C,Cloud to Cloud,2025-08-08T14:44:39.414+08:00
2025-08-09 11:14:30,2025-08-08T14:46:00+08:00,2025-08-08T14:48:02+08:00,1.4837,104.0179,C,Cloud to Cloud,2025-08-08T14:44:39.415+08:00
2025-08-09 11:14:30,2025-08-08T14:46:00+08:00,2025-08-08T14:48:02+08:00,1.4679,103.9831,C,Cloud to Cloud,2025-08-08T14:44:39.415+08:00
2025-08-09 11:14:30,2025-08-08T14:46:00+08:00,2025-08-08T14:48:02+08:00,1.4898,104.0111,C,Cloud to Cloud,2025-08-08T14:44:39.435+08:00
2025-08-09 11:14:30,2025-08-08T14:46:00+08:00,2025-08-08T14:48:02+08:00,1.4957,104.0114,C,Cloud to Cloud,2025-08-08T14:44:39.435+08:00
2025-08-09 11:14:30,2025-08-08T14:46:00+08:00,2025-08-08T14:48:02+08:00,1.4778,103.9868,G,Cloud to Ground,2025-08-08T14:44:39.435+08:00
2025-08-09 11:14:30,2025-08-08T14:46:00+08:00,2025-08-08T14:48:02+08:00,1.474,104.0203,C,Cloud to Cloud,2025-08-08T14:44:39.436+08:00
2025-08-09 11:14:30,2025-08-08T14:46:00+08:00,2025-08-08T14:48:02+08:00,1.4896,104.0065,C,Cloud to Cloud,2025-08-08T14:44:39.464+08:00
2025-08-09 11:14:30,2025-08-08T14:46:00+08:00,2025-08-08T14:48:02+08:00,1.5171,104.0081,C,Cloud to Cloud,2025-08-08T14:44:39.464+08:00
2025-08-09 11:14:30,2025-08-08T14:46:00+08:00,2025-08-08T14:48:02+08:00,1.4499,103.9888,C,Cloud to Cloud,2025-08-08T14:44:39.464+08:00
2025-08-09 11:14:30,2025-08-08T14:46:00+08:00,2025-08-08T14:48:02+08:00,1.479,103.9899,G,Cloud to Ground,2025-08-08T14:44:39.464+08:00
2025-08-09 11:14:30,2025-08-08T14:46:00+08:00,2025-08-08T14:48:02+08:00,1.4892,104.0084,C,Cloud to Cloud,2025-08-08T14:44:39.513+08:00
2025-08-09 11:14:30,2025-08-08T14:46:00+08:00,2025-08-08T14:48:02+08:00,1.514,104.0151,C,Cloud to Cloud,2025-08-08T14:44:39.513+08:00
2025-08-09 11:14:30,2025-08-08T14:46:00+08:00,2025-08-08T14:48:02+08:00,1.5149,104.0078,C,Cloud to Cloud,2025-08-08T14:44:39.513+08:00
2025-08-09 11:14:30,2025-08-08T14:46:00+08:00,2025-08-08T14:48:02+08:00,1.4839,104.0051,G,Cloud to Ground,2025-08-08T14:44:39.514+08:00
2025-08-09 11:14:30,2025-08-08T14:46:00+08:00,2025-08-08T14:48:02+08:00,1.495,104.0091,C,Cloud to Cloud,2025-08-08T14:44:39.561+08:00
2025-08-09 11:14:30,2025-08-08T14:46:00+08:00,2025-08-08T14:48:02+08:00,1.4921,104.0093,C,Cloud to Cloud,2025-08-08T14:44:39.561+08:00
2025-08-09 11:14:30,2025-08-08T14:46:00+08:00,2025-08-08T14:48:02+08:00,1.4953,104.0,C,Cloud to Cloud,2025-08-08T14:44:39.561+08:00
2025-08-09 11:14:30,2025-08-08T14:46:00+08:00,2025-08-08T14:48:02+08:00,1.4859,103.9977,G,Cloud to Ground,2025-08-08T14:44:39.562+08:00
2025-08-09 11:14:30,2025-08-08T14:46:00+08:00,2025-08-08T14:48:02+08:00,1.4978,104.005,G,Cloud to Ground,2025-08-08T14:44:39.629+08:00
2025-08-09 11:14:30,2025-08-08T14:46:00+08:00,2025-08-08T14:48:02+08:00,1.4744,104.0341,C,Cloud to Cloud,2025-08-08T14:44:39.647+08:00
2025-08-09 11:14:30,2025-08-08T14:46:00+08:00,2025-08-08T14:48:02+08:00,1.4867,103.9987,C,Cloud to Cloud,2025-08-08T14:44:39.663+08:00
2025-08-09 11:14:30,2025-08-08T14:46:00+08:00,2025-08-08T14:48:02+08:00,1.5149,104.0156,C,Cloud to Cloud,2025-08-08T14:44:39.663+08:00
2025-08-09 11:14:30,2025-08-08T14:46:00+08:00,2025-08-08T14:48:02+08:00,1.4929,104.0108,C,Cloud to Cloud,2025-08-08T14:44:39.663+08:00
2025-08-09 11:14:30,2025-08-08T14:46:00+08:00,2025-08-08T14:48:02+08:00,1.4869,104.0016,G,Cloud to Ground,2025-08-08T14:44:39.664+08:00
2025-08-09 11:14:30,2025-08-08T14:46:00+08:00,2025-08-08T14:48:02+08:00,1.4601,104.0265,C,Cloud to Cloud,2025-08-08T14:44:39.693+08:00
2025-08-09 11:14:30,2025-08-08T14:46:00+08:00,2025-08-08T14:48:02+08:00,1.4617,104.0273,C,Cloud to Cloud,2025-08-08T14:44:39.693+08:00
2025-08-09 11:14:30,2025-08-08T14:46:00+08:00,2025-08-08T14:48:02+08:00,1.0145,103.489,C,Cloud to Cloud,2025-08-08T14:44:40.18+08:00
2025-08-09 11:14:30,2025-08-08T14:46:00+08:00,2025-08-08T14:48:02+08:00,0.9989,103.448,C,Cloud to Cloud,2025-08-08T14:44:40.198+08:00
2025-08-09 11:14:30,2025-08-08T14:46:00+08:00,2025-08-08T14:48:02+08:00,0.9989,103.448,C,Cloud to Cloud,2025-08-08T14:44:40.198+08:00
2025-08-09 11:14:30,2025-08-08T14:46:00+08:00,2025-08-08T14:48:02+08:00,1.4801,104.0075,C,Cloud to Cloud,2025-08-08T14:44:41.689+08:00
2025-08-09 11:14:30,2025-08-08T14:46:00+08:00,2025-08-08T14:48:02+08:00,1.491,103.9691,C,Cloud to Cloud,2025-08-08T14:44:41.689+08:00
2025-08-09 11:14:30,2025-08-08T14:46:00+08:00,2025-08-08T14:48:02+08:00,1.5235,103.9799,C,Cloud to Cloud,2025-08-08T14:44:41.725+08:00
2025-08-09 11:14:30,2025-08-08T14:46:00+08:00,2025-08-08T14:48:02+08:00,1.4331,104.0007,C,Cloud to Cloud,2025-08-08T14:44:41.786+08:00
2025-08-09 11:14:30,2025-08-08T14:46:00+08:00,2025-08-08T14:48:02+08:00,1.5324,104.0205,C,Cloud to Cloud,2025-08-08T14:44:44.497+08:00
2025-08-09 11:14:30,2025-08-08T14:46:00+08:00,2025-08-08T14:48:02+08:00,1.4775,104.0232,C,Cloud to Cloud,2025-08-08T14:44:44.552+08:00
2025-08-09 11:14:30,2025-08-08T14:46:00+08:00,2025-08-08T14:48:02+08:00,1.4675,104.0217,C,Cloud to Cloud,2025-08-08T14:44:44.552+08:00
2025-08-09 11:14:30,2025-08-08T14:46:00+08:00,2025-08-08T14:48:02+08:00,1.5707,104.0501,C,Cloud to Cloud,2025-08-08T14:44:44.552+08:00
2025-08-09 11:14:30,2025-08-08T14:46:00+08:00,2025-08-08T14:48:02+08:00,1.4733,104.0257,C,Cloud to Cloud,2025-08-08T14:44:44.58+08:00
2025-08-09 11:14:30,2025-08-08T14:46:00+08:00,2025-08-08T14:48:02+08:00,1.4704,104.0247,C,Cloud to Cloud,2025-08-08T14:44:44.58+08:00
2025-08-09 11:14:30,2025-08-08T14:46:00+08:00,2025-08-08T14:48:02+08:00,1.4989,104.0554,C,Cloud to Cloud,2025-08-08T14:44:55.567+08:00
2025-08-09 11:14:30,2025-08-08T14:46:00+08:00,2025-08-08T14:48:02+08:00,1.5015,104.0694,C,Cloud to Cloud,2025-08-08T14:44:55.567+08:00
2025-08-09 11:14:30,2025-08-08T14:46:00+08:00,2025-08-08T14:48:02+08:00,1.4874,104.0313,C,Cloud to Cloud,2025-08-08T14:44:55.59+08:00
2025-08-09 11:14:30,2025-08-08T14:46:00+08:00,2025-08-08T14:48:02+08:00,1.0246,103.4829,C,Cloud to Cloud,2025-08-08T14:45:08.563+08:00
2025-08-09 11:14:30,2025-08-08T14:46:00+08:00,2025-08-08T14:48:02+08:00,0.9827,103.4381,C,Cloud to Cloud,2025-08-08T14:45:08.563+08:00
2025-08-09 11:14:30,2025-08-08T14:46:00+08:00,2025-08-08T14:48:02+08:00,0.9971,103.4482,C,Cloud to Cloud,2025-08-08T14:45:08.696+08:00
2025-08-09 11:14:30,2025-08-08T14:46:00+08:00,2025-08-08T14:48:02+08:00,1.5306,104.0158,C,Cloud to Cloud,2025-08-08T14:45:14.623+08:00
2025-08-09 11:14:30,2025-08-08T14:46:00+08:00,2025-08-08T14:48:02+08:00,0.9788,103.3765,C,Cloud to Cloud,2025-08-08T14:45:18.023+08:00
2025-08-09 11:14:30,2025-08-08T14:46:00+08:00,2025-08-08T14:48:02+08:00,1.0246,103.4792,C,Cloud to Cloud,2025-08-08T14:45:34.973+08:00
2025-08-09 11:14:30,2025-08-08T14:46:00+08:00,2025-08-08T14:48:02+08:00,1.4762,104.0053,C,Cloud to Cloud,2025-08-08T14:45:35.931+08:00
2025-08-09 11:14:30,2025-08-08T14:46:00+08:00,2025-08-08T14:48:02+08:00,1.5135,104.0132,C,Cloud to Cloud,2025-08-08T14:45:35.931+08:00
2025-08-09 11:14:30,2025-08-08T14:46:00+08:00,2025-08-08T14:48:02+08:00,1.4673,104.007,C,Cloud to Cloud,2025-08-08T14:45:37.866+08:00
2025-08-09 11:14:30,2025-08-08T14:46:00+08:00,2025-08-08T14:48:02+08:00,1.4814,104.0158,C,Cloud to Cloud,2025-08-08T14:45:37.867+08:00
2025-08-09 11:14:30,2025-08-08T14:46:00+08:00,2025-08-08T14:48:02+08:00,1.4748,104.0212,C,Cloud to Cloud,2025-08-08T14:45:37.867+08:00
2025-08-09 11:14:30,2025-08-08T14:46:00+08:00,2025-08-08T14:48:02+08:00,1.4874,104.0299,C,Cloud to Cloud,2025-08-08T14:45:37.867+08:00
2025-08-09 11:14:30,2025-08-08T14:46:00+08:00,2025-08-08T14:48:02+08:00,1.4798,103.9842,C,Cloud to Cloud,2025-08-08T14:45:37.93+08:00
2025-08-09 11:14:30,2025-08-08T14:46:00+08:00,2025-08-08T14:48:02+08:00,1.488,103.9818,C,Cloud to Cloud,2025-08-08T14:45:37.935+08:00
2025-08-09 11:14:30,2025-08-08T14:46:00+08:00,2025-08-08T14:48:02+08:00,1.5362,103.9802,C,Cloud to Cloud,2025-08-08T14:45:37.98+08:00
2025-08-09 11:14:30,2025-08-08T14:46:00+08:00,2025-08-08T14:48:02+08:00,1.5041,103.9818,C,Cloud to Cloud,2025-08-08T14:45:37.99+08:00
2025-08-09 11:14:30,2025-08-08T14:46:00+08:00,2025-08-08T14:48:02+08:00,1.5199,103.9811,C,Cloud to Cloud,2025-08-08T14:45:37.99+08:00
2025-08-09 11:14:30,2025-08-08T14:46:00+08:00,2025-08-08T14:48:02+08:00,1.5048,103.9771,C,Cloud to Cloud,2025-08-08T14:45:37.99+08:00
2025-08-09 11:14:30,2025-08-08T14:46:00+08:00,2025-08-08T14:48:02+08:00,1.4891,103.979,C,Cloud to Cloud,2025-08-08T14:45:37.99+08:00
2025-08-09 11:14:30,2025-08-08T14:46:00+08:00,2025-08-08T14:48:02+08:00,1.5003,103.9779,C,Cloud to Cloud,2025-08-08T14:45:37.991+08:00
2025-08-09 11:14:30,2025-08-08T14:46:00+08:00,2025-08-08T14:48:02+08:00,1.5063,103.9847,C,Cloud to Cloud,2025-08-08T14:45:37.991+08:00
2025-08-09 11:14:30,2025-08-08T14:46:00+08:00,2025-08-08T14:48:02+08:00,1.5047,103.9805,C,Cloud to Cloud,2025-08-08T14:45:37.991+08:00
2025-08-09 11:14:30,2025-08-08T14:46:00+08:00,2025-08-08T14:48:02+08:00,1.5077,103.9804,C,Cloud to Cloud,2025-08-08T14:45:37.991+08:00
2025-08-09 11:14:30,2025-08-08T14:46:00+08:00,2025-08-08T14:48:02+08:00,1.5078,103.9819,C,Cloud to Cloud,2025-08-08T14:45:37.992+08:00
2025-08-09 11:14:30,2025-08-08T14:46:00+08:00,2025-08-08T14:48:02+08:00,1.5142,103.9769,C,Cloud to Cloud,2025-08-08T14:45:37.992+08:00
2025-08-09 11:14:30,2025-08-08T14:46:00+08:00,2025-08-08T14:48:02+08:00,1.5028,103.9765,C,Cloud to Cloud,2025-08-08T14:45:37.992+08:00
2025-08-09 11:14:30,2025-08-08T14:46:00+08:00,2025-08-08T14:48:02+08:00,1.5045,103.9795,C,Cloud to Cloud,2025-08-08T14:45:37.992+08:00
2025-08-09 11:14:30,2025-08-08T14:46:00+08:00,2025-08-08T14:48:02+08:00,1.5068,103.982,C,Cloud to Cloud,2025-08-08T14:45:37.992+08:00
2025-08-09 11:14:30,2025-08-08T14:46:00+08:00,2025-08-08T14:48:02+08:00,1.5049,103.9804,C,Cloud to Cloud,2025-08-08T14:45:37.992+08:00
2025-08-09 11:14:30,2025-08-08T14:46:00+08:00,2025-08-08T14:48:02+08:00,1.5061,103.983,C,Cloud to Cloud,2025-08-08T14:45:37.992+08:00
2025-08-09 11:14:30,2025-08-08T14:46:00+08:00,2025-08-08T14:48:02+08:00,1.5073,103.9804,C,Cloud to Cloud,2025-08-08T14:45:37.992+08:00
2025-08-09 11:14:30,2025-08-08T14:46:00+08:00,2025-08-08T14:48:02+08:00,1.5103,103.982,C,Cloud to Cloud,2025-08-08T14:45:37.993+08:00
2025-08-09 11:14:30,2025-08-08T14:46:00+08:00,2025-08-08T14:48:02+08:00,1.5068,103.9802,C,Cloud to Cloud,2025-08-08T14:45:37.993+08:00
2025-08-09 11:14:30,2025-08-08T14:46:00+08:00,2025-08-08T14:48:02+08:00,1.5034,103.9777,C,Cloud to Cloud,2025-08-08T14:45:37.993+08:00
2025-08-09 11:14:30,2025-08-08T14:46:00+08:00,2025-08-08T14:48:02+08:00,1.5061,103.9819,C,Cloud to Cloud,2025-08-08T14:45:37.993+08:00
2025-08-09 11:14:30,2025-08-08T14:46:00+08:00,2025-08-08T14:48:02+08:00,1.5058,103.9808,C,Cloud to Cloud,2025-08-08T14:45:37.993+08:00
2025-08-09 11:14:30,2025-08-08T14:46:00+08:00,2025-08-08T14:48:02+08:00,1.5061,103.9815,C,Cloud to Cloud,2025-08-08T14:45:37.993+08:00
2025-08-09 11:14:30,2025-08-08T14:46:00+08:00,2025-08-08T14:48:02+08:00,1.5047,103.9815,C,Cloud to Cloud,2025-08-08T14:45:37.993+08:00
2025-08-09 11:14:30,2025-08-08T14:46:00+08:00,2025-08-08T14:48:02+08:00,1.5075,103.9861,C,Cloud to Cloud,2025-08-08T14:45:37.993+08:00
2025-08-09 11:14:30,2025-08-08T14:46:00+08:00,2025-08-08T14:48:02+08:00,1.5082,103.985,C,Cloud to Cloud,2025-08-08T14:45:37.993+08:00
2025-08-09 11:14:30,2025-08-08T14:46:00+08:00,2025-08-08T14:48:02+08:00,1.5082,103.9879,C,Cloud to Cloud,2025-08-08T14:45:37.993+08:00
2025-08-09 11:14:30,2025-08-08T14:46:00+08:00,2025-08-08T14:48:02+08:00,1.5071,103.9829,C,Cloud to Cloud,2025-08-08T14:45:37.994+08:00
2025-08-09 11:14:30,2025-08-08T14:46:00+08:00,2025-08-08T14:48:02+08:00,1.5085,103.985,C,Cloud to Cloud,2025-08-08T14:45:37.994+08:00
2025-08-09 11:14:30,2025-08-08T14:46:00+08:00,2025-08-08T14:48:02+08:00,1.5089,103.9852,C,Cloud to Cloud,2025-08-08T14:45:37.994+08:00
2025-08-09 11:14:30,2025-08-08T14:46:00+08:00,2025-08-08T14:48:02+08:00,1.5093,103.9891,C,Cloud to Cloud,2025-08-08T14:45:37.994+08:00
2025-08-09 11:14:30,2025-08-08T14:46:00+08:00,2025-08-08T14:48:02+08:00,1.5107,103.9908,C,Cloud to Cloud,2025-08-08T14:45:37.994+08:00
2025-08-09 11:14:30,2025-08-08T14:46:00+08:00,2025-08-08T14:48:02+08:00,1.5066,103.9846,C,Cloud to Cloud,2025-08-08T14:45:37.994+08:00
2025-08-09 11:14:30,2025-08-08T14:46:00+08:00,2025-08-08T14:48:02+08:00,1.511,103.9875,C,Cloud to Cloud,2025-08-08T14:45:37.994+08:00
2025-08-09 11:14:30,2025-08-08T14:46:00+08:00,2025-08-08T14:48:02+08:00,1.5103,103.9895,C,Cloud to Cloud,2025-08-08T14:45:37.994+08:00
2025-08-09 11:14:30,2025-08-08T14:46:00+08:00,2025-08-08T14:48:02+08:00,1.5093,103.9938,C,Cloud to Cloud,2025-08-08T14:45:37.994+08:00
2025-08-09 11:14:30,2025-08-08T14:46:00+08:00,2025-08-08T14:48:02+08:00,1.5089,103.9879,C,Cloud to Cloud,2025-08-08T14:45:37.994+08:00
2025-08-09 11:14:30,2025-08-08T14:46:00+08:00,2025-08-08T14:48:02+08:00,1.5075,103.985,C,Cloud to Cloud,2025-08-08T14:45:37.995+08:00
2025-08-09 11:14:30,2025-08-08T14:46:00+08:00,2025-08-08T14:48:02+08:00,1.5075,103.9862,C,Cloud to Cloud,2025-08-08T14:45:37.995+08:00
2025-08-09 11:14:30,2025-08-08T14:46:00+08:00,2025-08-08T14:48:02+08:00,1.5081,103.9876,C,Cloud to Cloud,2025-08-08T14:45:37.995+08:00
2025-08-09 11:14:30,2025-08-08T14:46:00+08:00,2025-08-08T14:48:02+08:00,1.5123,103.9872,C,Cloud to Cloud,2025-08-08T14:45:37.995+08:00
2025-08-09 11:14:30,2025-08-08T14:46:00+08:00,2025-08-08T14:48:02+08:00,1.51,103.9911,C,Cloud to Cloud,2025-08-08T14:45:37.995+08:00
2025-08-09 11:14:30,2025-08-08T14:46:00+08:00,2025-08-08T14:48:02+08:00,1.5102,103.9908,C,Cloud to Cloud,2025-08-08T14:45:37.995+08:00
2025-08-09 11:14:30,2025-08-08T14:46:00+08:00,2025-08-08T14:48:02+08:00,1.5122,103.9826,C,Cloud to Cloud,2025-08-08T14:45:37.995+08:00
2025-08-09 11:14:30,2025-08-08T14:46:00+08:00,2025-08-08T14:48:02+08:00,1.5133,103.9881,C,Cloud to Cloud,2025-08-08T14:45:37.995+08:00
2025-08-09 11:14:30,2025-08-08T14:46:00+08:00,2025-08-08T14:48:02+08:00,1.509,103.9872,C,Cloud to Cloud,2025-08-08T14:45:37.995+08:00
2025-08-09 11:14:30,2025-08-08T14:46:00+08:00,2025-08-08T14:48:02+08:00,1.5096,103.9904,C,Cloud to Cloud,2025-08-08T14:45:37.995+08:00
2025-08-09 11:14:30,2025-08-08T14:46:00+08:00,2025-08-08T14:48:02+08:00,1.5107,103.9896,C,Cloud to Cloud,2025-08-08T14:45:37.996+08:00
2025-08-09 11:14:30,2025-08-08T14:46:00+08:00,2025-08-08T14:48:02+08:00,1.5072,103.9858,C,Cloud to Cloud,2025-08-08T14:45:37.996+08:00
2025-08-09 11:14:30,2025-08-08T14:46:00+08:00,2025-08-08T14:48:02+08:00,1.5132,103.9896,C,Cloud to Cloud,2025-08-08T14:45:37.996+08:00
2025-08-09 11:14:30,2025-08-08T14:46:00+08:00,2025-08-08T14:48:02+08:00,1.5095,103.9877,C,Cloud to Cloud,2025-08-08T14:45:37.996+08:00
2025-08-09 11:14:30,2025-08-08T14:46:00+08:00,2025-08-08T14:48:02+08:00,1.5076,103.9891,C,Cloud to Cloud,2025-08-08T14:45:37.996+08:00
2025-08-09 11:14:30,2025-08-08T14:46:00+08:00,2025-08-08T14:48:02+08:00,1.5106,103.9893,C,Cloud to Cloud,2025-08-08T14:45:37.996+08:00
2025-08-09 11:14:30,2025-08-08T14:46:00+08:00,2025-08-08T14:48:02+08:00,1.5113,103.9912,C,Cloud to Cloud,2025-08-08T14:45:37.996+08:00
2025-08-09 11:14:30,2025-08-08T14:46:00+08:00,2025-08-08T14:48:02+08:00,1.5077,103.9809,C,Cloud to Cloud,2025-08-08T14:45:37.996+08:00
2025-08-09 11:14:30,2025-08-08T14:46:00+08:00,2025-08-08T14:48:02+08:00,1.5081,103.9871,C,Cloud to Cloud,2025-08-08T14:45:37.996+08:00
2025-08-09 11:14:30,2025-08-08T14:46:00+08:00,2025-08-08T14:48:02+08:00,1.5107,103.9881,C,Cloud to Cloud,2025-08-08T14:45:37.996+08:00
2025-08-09 11:14:30,2025-08-08T14:46:00+08:00,2025-08-08T14:48:02+08:00,1.5101,103.991,C,Cloud to Cloud,2025-08-08T14:45:37.997+08:00
2025-08-09 11:14:30,2025-08-08T14:46:00+08:00,2025-08-08T14:48:02+08:00,1.5138,103.9877,C,Cloud to Cloud,2025-08-08T14:45:37.997+08:00
2025-08-09 11:14:30,2025-08-08T14:46:00+08:00,2025-08-08T14:48:02+08:00,1.51,103.9847,C,Cloud to Cloud,2025-08-08T14:45:37.997+08:00
2025-08-09 11:14:30,2025-08-08T14:46:00+08:00,2025-08-08T14:48:02+08:00,1.5082,103.9886,C,Cloud to Cloud,2025-08-08T14:45:37.997+08:00
2025-08-09 11:14:30,2025-08-08T14:46:00+08:00,2025-08-08T14:48:02+08:00,1.5083,103.9872,C,Cloud to Cloud,2025-08-08T14:45:37.997+08:00
2025-08-09 11:14:30,2025-08-08T14:46:00+08:00,2025-08-08T14:48:02+08:00,1.5089,103.9876,C,Cloud to Cloud,2025-08-08T14:45:37.997+08:00
2025-08-09 11:14:30,2025-08-08T14:46:00+08:00,2025-08-08T14:48:02+08:00,1.512,103.9879,C,Cloud to Cloud,2025-08-08T14:45:37.997+08:00
2025-08-09 11:14:30,2025-08-08T14:46:00+08:00,2025-08-08T14:48:02+08:00,1.5082,103.9867,C,Cloud to Cloud,2025-08-08T14:45:37.997+08:00
2025-08-09 11:14:30,2025-08-08T14:46:00+08:00,2025-08-08T14:48:02+08:00,1.513,103.9869,C,Cloud to Cloud,2025-08-08T14:45:37.997+08:00
2025-08-09 11:14:30,2025-08-08T14:46:00+08:00,2025-08-08T14:48:02+08:00,1.5142,103.9851,C,Cloud to Cloud,2025-08-08T14:45:37.997+08:00
2025-08-09 11:14:30,2025-08-08T14:46:00+08:00,2025-08-08T14:48:02+08:00,1.5085,103.9854,C,Cloud to Cloud,2025-08-08T14:45:37.998+08:00
2025-08-09 11:14:30,2025-08-08T14:46:00+08:00,2025-08-08T14:48:02+08:00,1.5081,103.9891,C,Cloud to Cloud,2025-08-08T14:45:37.998+08:00
2025-08-09 11:14:30,2025-08-08T14:46:00+08:00,2025-08-08T14:48:02+08:00,1.5089,103.9893,C,Cloud to Cloud,2025-08-08T14:45:37.998+08:00
2025-08-09 11:14:30,2025-08-08T14:46:00+08:00,2025-08-08T14:48:02+08:00,1.5085,103.9886,C,Cloud to Cloud,2025-08-08T14:45:37.998+08:00
2025-08-09 11:14:30,2025-08-08T14:46:00+08:00,2025-08-08T14:48:02+08:00,1.5121,103.9914,C,Cloud to Cloud,2025-08-08T14:45:37.998+08:00
2025-08-09 11:14:30,2025-08-08T14:46:00+08:00,2025-08-08T14:48:02+08:00,1.5121,103.9877,C,Cloud to Cloud,2025-08-08T14:45:37.998+08:00
2025-08-09 11:14:30,2025-08-08T14:46:00+08:00,2025-08-08T14:48:02+08:00,1.5118,103.985,C,Cloud to Cloud,2025-08-08T14:45:37.998+08:00
2025-08-09 11:14:30,2025-08-08T14:46:00+08:00,2025-08-08T14:48:02+08:00,1.5071,103.9871,C,Cloud to Cloud,2025-08-08T14:45:37.998+08:00
2025-08-09 11:14:30,2025-08-08T14:46:00+08:00,2025-08-08T14:48:02+08:00,1.5057,103.989,C,Cloud to Cloud,2025-08-08T14:45:37.998+08:00
2025-08-09 11:14:30,2025-08-08T14:46:00+08:00,2025-08-08T14:48:02+08:00,1.5117,103.9846,C,Cloud to Cloud,2025-08-08T14:45:37.998+08:00
2025-08-09 11:14:30,2025-08-08T14:46:00+08:00,2025-08-08T14:48:02+08:00,1.5059,103.9881,C,Cloud to Cloud,2025-08-08T14:45:37.999+08:00
2025-08-09 11:14:30,2025-08-08T14:46:00+08:00,2025-08-08T14:48:02+08:00,1.5056,103.9875,C,Cloud to Cloud,2025-08-08T14:45:37.999+08:00
2025-08-09 11:14:30,2025-08-08T14:46:00+08:00,2025-08-08T14:48:02+08:00,1.5049,103.9847,C,Cloud to Cloud,2025-08-08T14:45:37.999+08:00
2025-08-09 11:14:30,2025-08-08T14:46:00+08:00,2025-08-08T14:48:02+08:00,1.5101,103.9845,C,Cloud to Cloud,2025-08-08T14:45:37.999+08:00
2025-08-09 11:14:30,2025-08-08T14:46:00+08:00,2025-08-08T14:48:02+08:00,1.5072,103.9892,C,Cloud to Cloud,2025-08-08T14:45:37.999+08:00
2025-08-09 11:14:30,2025-08-08T14:46:00+08:00,2025-08-08T14:48:02+08:00,1.5029,103.9855,C,Cloud to Cloud,2025-08-08T14:45:37.999+08:00
2025-08-09 11:14:30,2025-08-08T14:46:00+08:00,2025-08-08T14:48:02+08:00,1.5101,103.9841,C,Cloud to Cloud,2025-08-08T14:45:37.999+08:00
2025-08-09 11:14:30,2025-08-08T14:46:00+08:00,2025-08-08T14:48:02+08:00,1.5092,103.9882,C,Cloud to Cloud,2025-08-08T14:45:37.999+08:00
2025-08-09 11:14:30,2025-08-08T14:46:00+08:00,2025-08-08T14:48:02+08:00,1.511,103.9905,C,Cloud to Cloud,2025-08-08T14:45:37.999+08:00
2025-08-09 11:14:30,2025-08-08T14:46:00+08:00,2025-08-08T14:48:02+08:00,1.5036,103.9904,C,Cloud to Cloud,2025-08-08T14:45:37.999+08:00
2025-08-09 11:14:30,2025-08-08T14:46:00+08:00,2025-08-08T14:48:02+08:00,1.5107,103.9913,C,Cloud to Cloud,2025-08-08T14:45:38+08:00
2025-08-09 11:14:30,2025-08-08T14:46:00+08:00,2025-08-08T14:48:02+08:00,1.508,103.9898,C,Cloud to Cloud,2025-08-08T14:45:38+08:00
2025-08-09 11:14:30,2025-08-08T14:46:00+08:00,2025-08-08T14:48:02+08:00,1.5047,103.9909,C,Cloud to Cloud,2025-08-08T14:45:38+08:00
2025-08-09 11:14:30,2025-08-08T14:46:00+08:00,2025-08-08T14:48:02+08:00,1.5102,103.9894,C,Cloud to Cloud,2025-08-08T14:45:38+08:00
2025-08-09 11:14:30,2025-08-08T14:46:00+08:00,2025-08-08T14:48:02+08:00,1.5092,103.9918,C,Cloud to Cloud,2025-08-08T14:45:38+08:00
2025-08-09 11:14:30,2025-08-08T14:46:00+08:00,2025-08-08T14:48:02+08:00,1.5099,103.9921,C,Cloud to Cloud,2025-08-08T14:45:38+08:00
2025-08-09 11:14:30,2025-08-08T14:46:00+08:00,2025-08-08T14:48:02+08:00,1.5045,103.9919,C,Cloud to Cloud,2025-08-08T14:45:38+08:00
2025-08-09 11:14:30,2025-08-08T14:46:00+08:00,2025-08-08T14:48:02+08:00,1.509,103.9916,C,Cloud to Cloud,2025-08-08T14:45:38+08:00
2025-08-09 11:14:30,2025-08-08T14:46:00+08:00,2025-08-08T14:48:02+08:00,1.5093,103.9932,C,Cloud to Cloud,2025-08-08T14:45:38+08:00
2025-08-09 11:14:30,2025-08-08T14:46:00+08:00,2025-08-08T14:48:02+08:00,1.5026,103.9932,C,Cloud to Cloud,2025-08-08T14:45:38+08:00
2025-08-09 11:14:30,2025-08-08T14:46:00+08:00,2025-08-08T14:48:02+08:00,1.5132,103.9937,C,Cloud to Cloud,2025-08-08T14:45:38.001+08:00
2025-08-09 11:14:30,2025-08-08T14:46:00+08:00,2025-08-08T14:48:02+08:00,1.5023,103.9926,C,Cloud to Cloud,2025-08-08T14:45:38.001+08:00
2025-08-09 11:14:30,2025-08-08T14:46:00+08:00,2025-08-08T14:48:02+08:00,1.51,103.9953,C,Cloud to Cloud,2025-08-08T14:45:38.001+08:00
2025-08-09 11:14:30,2025-08-08T14:46:00+08:00,2025-08-08T14:48:02+08:00,1.5089,103.992,C,Cloud to Cloud,2025-08-08T14:45:38.001+08:00
2025-08-09 11:14:30,2025-08-08T14:46:00+08:00,2025-08-08T14:48:02+08:00,1.5093,103.9934,C,Cloud to Cloud,2025-08-08T14:45:38.001+08:00
2025-08-09 11:14:30,2025-08-08T14:46:00+08:00,2025-08-08T14:48:02+08:00,1.509,103.9945,C,Cloud to Cloud,2025-08-08T14:45:38.001+08:00
2025-08-09 11:14:30,2025-08-08T14:46:00+08:00,2025-08-08T14:48:02+08:00,1.5084,103.9929,C,Cloud to Cloud,2025-08-08T14:45:38.001+08:00
2025-08-09 11:14:30,2025-08-08T14:46:00+08:00,2025-08-08T14:48:02+08:00,1.51,103.9951,C,Cloud to Cloud,2025-08-08T14:45:38.001+08:00
2025-08-09 11:14:30,2025-08-08T14:46:00+08:00,2025-08-08T14:48:02+08:00,1.5039,103.9956,C,Cloud to Cloud,2025-08-08T14:45:38.001+08:00
2025-08-09 11:14:30,2025-08-08T14:46:00+08:00,2025-08-08T14:48:02+08:00,1.5022,103.9954,C,Cloud to Cloud,2025-08-08T14:45:38.001+08:00
2025-08-09 11:14:30,2025-08-08T14:46:00+08:00,2025-08-08T14:48:02+08:00,1.5035,103.9957,C,Cloud to Cloud,2025-08-08T14:45:38.002+08:00
2025-08-09 11:14:30,2025-08-08T14:46:00+08:00,2025-08-08T14:48:02+08:00,1.502,103.9956,C,Cloud to Cloud,2025-08-08T14:45:38.002+08:00
2025-08-09 11:14:30,2025-08-08T14:46:00+08:00,2025-08-08T14:48:02+08:00,1.5095,103.9954,C,Cloud to Cloud,2025-08-08T14:45:38.002+08:00
2025-08-09 11:14:30,2025-08-08T14:46:00+08:00,2025-08-08T14:48:02+08:00,1.5096,103.9954,C,Cloud to Cloud,2025-08-08T14:45:38.002+08:00
2025-08-09 11:14:30,2025-08-08T14:46:00+08:00,2025-08-08T14:48:02+08:00,1.5108,103.9958,C,Cloud to Cloud,2025-08-08T14:45:38.002+08:00
2025-08-09 11:14:30,2025-08-08T14:46:00+08:00,2025-08-08T14:48:02+08:00,1.5022,103.9936,C,Cloud to Cloud,2025-08-08T14:45:38.002+08:00
2025-08-09 11:14:30,2025-08-08T14:46:00+08:00,2025-08-08T14:48:02+08:00,1.5036,103.9962,C,Cloud to Cloud,2025-08-08T14:45:38.002+08:00
2025-08-09 11:14:30,2025-08-08T14:46:00+08:00,2025-08-08T14:48:02+08:00,1.5118,103.9956,C,Cloud to Cloud,2025-08-08T14:45:38.002+08:00
2025-08-09 11:14:30,2025-08-08T14:46:00+08:00,2025-08-08T14:48:02+08:00,1.5068,103.9915,C,Cloud to Cloud,2025-08-08T14:45:38.002+08:00
2025-08-09 11:14:30,2025-08-08T14:46:00+08:00,2025-08-08T14:48:02+08:00,1.4955,103.9698,C,Cloud to Cloud,2025-08-08T14:45:38.002+08:00
2025-08-09 11:14:30,2025-08-08T14:46:00+08:00,2025-08-08T14:48:02+08:00,1.498,103.9769,C,Cloud to Cloud,2025-08-08T14:45:38.003+08:00
2025-08-09 11:14:30,2025-08-08T14:46:00+08:00,2025-08-08T14:48:02+08:00,1.5026,103.993,C,Cloud to Cloud,2025-08-08T14:45:38.003+08:00
2025-08-09 11:14:30,2025-08-08T14:46:00+08:00,2025-08-08T14:48:02+08:00,1.5064,103.9923,C,Cloud to Cloud,2025-08-08T14:45:38.003+08:00
2025-08-09 11:14:30,2025-08-08T14:46:00+08:00,2025-08-08T14:48:02+08:00,1.4995,103.9942,C,Cloud to Cloud,2025-08-08T14:45:38.003+08:00
2025-08-09 11:14:30,2025-08-08T14:46:00+08:00,2025-08-08T14:48:02+08:00,1.5089,103.9935,C,Cloud to Cloud,2025-08-08T14:45:38.003+08:00
2025-08-09 11:14:30,2025-08-08T14:46:00+08:00,2025-08-08T14:48:02+08:00,1.5008,103.9925,C,Cloud to Cloud,2025-08-08T14:45:38.003+08:00
2025-08-09 11:14:30,2025-08-08T14:46:00+08:00,2025-08-08T14:48:02+08:00,1.5058,103.9938,C,Cloud to Cloud,2025-08-08T14:45:38.003+08:00
2025-08-09 11:14:30,2025-08-08T14:46:00+08:00,2025-08-08T14:48:02+08:00,1.4943,103.9736,C,Cloud to Cloud,2025-08-08T14:45:38.003+08:00
2025-08-09 11:14:30,2025-08-08T14:46:00+08:00,2025-08-08T14:48:02+08:00,1.4989,103.9956,C,Cloud to Cloud,2025-08-08T14:45:38.003+08:00
2025-08-09 11:14:30,2025-08-08T14:46:00+08:00,2025-08-08T14:48:02+08:00,1.5006,103.9957,C,Cloud to Cloud,2025-08-08T14:45:38.004+08:00
2025-08-09 11:14:30,2025-08-08T14:46:00+08:00,2025-08-08T14:48:02+08:00,1.5005,103.9934,C,Cloud to Cloud,2025-08-08T14:45:38.004+08:00
2025-08-09 11:14:30,2025-08-08T14:46:00+08:00,2025-08-08T14:48:02+08:00,1.5057,103.9931,C,Cloud to Cloud,2025-08-08T14:45:38.004+08:00
2025-08-09 11:14:30,2025-08-08T14:46:00+08:00,2025-08-08T14:48:02+08:00,1.5006,103.9939,C,Cloud to Cloud,2025-08-08T14:45:38.004+08:00
2025-08-09 11:14:30,2025-08-08T14:46:00+08:00,2025-08-08T14:48:02+08:00,1.5002,103.9954,C,Cloud to Cloud,2025-08-08T14:45:38.004+08:00
2025-08-09 11:14:30,2025-08-08T14:46:00+08:00,2025-08-08T14:48:02+08:00,1.5011,103.9949,C,Cloud to Cloud,2025-08-08T14:45:38.004+08:00
2025-08-09 11:14:30,2025-08-08T14:46:00+08:00,2025-08-08T14:48:02+08:00,1.4975,103.9949,C,Cloud to Cloud,2025-08-08T14:45:38.004+08:00
2025-08-09 11:14:30,2025-08-08T14:46:00+08:00,2025-08-08T14:48:02+08:00,1.4987,103.9939,C,Cloud to Cloud,2025-08-08T14:45:38.004+08:00
2025-08-09 11:14:30,2025-08-08T14:46:00+08:00,2025-08-08T14:48:02+08:00,1.5014,103.9943,C,Cloud to Cloud,2025-08-08T14:45:38.004+08:00
2025-08-09 11:14:30,2025-08-08T14:46:00+08:00,2025-08-08T14:48:02+08:00,1.4978,103.9944,C,Cloud to Cloud,2025-08-08T14:45:38.005+08:00
2025-08-09 11:14:30,2025-08-08T14:46:00+08:00,2025-08-08T14:48:02+08:00,1.498,103.9949,C,Cloud to Cloud,2025-08-08T14:45:38.005+08:00
2025-08-09 11:14:30,2025-08-08T14:46:00+08:00,2025-08-08T14:48:02+08:00,1.502,103.9934,C,Cloud to Cloud,2025-08-08T14:45:38.005+08:00
2025-08-09 11:14:30,2025-08-08T14:46:00+08:00,2025-08-08T14:48:02+08:00,1.4947,103.9883,C,Cloud to Cloud,2025-08-08T14:45:38.005+08:00
2025-08-09 11:14:30,2025-08-08T14:46:00+08:00,2025-08-08T14:48:02+08:00,1.4953,103.9936,C,Cloud to Cloud,2025-08-08T14:45:38.005+08:00
2025-08-09 11:14:30,2025-08-08T14:46:00+08:00,2025-08-08T14:48:02+08:00,1.5033,103.9932,C,Cloud to Cloud,2025-08-08T14:45:38.005+08:00
2025-08-09 11:14:30,2025-08-08T14:46:00+08:00,2025-08-08T14:48:02+08:00,1.5,103.9933,G,Cloud to Ground,2025-08-08T14:45:38.007+08:00
2025-08-09 11:14:30,2025-08-08T14:46:00+08:00,2025-08-08T14:48:02+08:00,1.5054,103.9719,C,Cloud to Cloud,2025-08-08T14:45:38.007+08:00
2025-08-09 11:14:30,2025-08-08T14:46:00+08:00,2025-08-08T14:48:02+08:00,1.5107,103.9667,C,Cloud to Cloud,2025-08-08T14:45:38.008+08:00
2025-08-09 11:14:30,2025-08-08T14:46:00+08:00,2025-08-08T14:48:02+08:00,1.4865,103.998,C,Cloud to Cloud,2025-08-08T14:45:38.008+08:00
2025-08-09 11:14:30,2025-08-08T14:46:00+08:00,2025-08-08T14:48:02+08:00,1.4857,104.0081,C,Cloud to Cloud,2025-08-08T14:45:38.008+08:00
2025-08-09 11:14:30,2025-08-08T14:46:00+08:00,2025-08-08T14:48:02+08:00,1.5028,104.0037,C,Cloud to Cloud,2025-08-08T14:45:38.013+08:00
2025-08-09 11:14:30,2025-08-08T14:46:00+08:00,2025-08-08T14:48:02+08:00,1.5041,104.0088,C,Cloud to Cloud,2025-08-08T14:45:38.013+08:00
2025-08-09 11:14:30,2025-08-08T14:46:00+08:00,2025-08-08T14:48:02+08:00,1.4721,104.0097,C,Cloud to Cloud,2025-08-08T14:45:38.047+08:00
2025-08-09 11:14:30,2025-08-08T14:46:00+08:00,2025-08-08T14:48:02+08:00,1.5143,104.0385,C,Cloud to Cloud,2025-08-08T14:45:38.072+08:00
2025-08-09 11:14:30,2025-08-08T14:46:00+08:00,2025-08-08T14:48:02+08:00,1.4653,104.0139,C,Cloud to Cloud,2025-08-08T14:45:38.072+08:00
2025-08-09 11:14:30,2025-08-08T14:46:00+08:00,2025-08-08T14:48:02+08:00,1.4885,103.9906,C,Cloud to Cloud,2025-08-08T14:45:38.072+08:00
2025-08-09 11:14:30,2025-08-08T14:46:00+08:00,2025-08-08T14:48:02+08:00,1.4997,103.9915,C,Cloud to Cloud,2025-08-08T14:45:38.072+08:00
2025-08-09 11:14:30,2025-08-08T14:46:00+08:00,2025-08-08T14:48:02+08:00,1.5075,103.9918,C,Cloud to Cloud,2025-08-08T14:45:38.072+08:00
2025-08-09 11:14:30,2025-08-08T14:46:00+08:00,2025-08-08T14:48:02+08:00,1.5088,103.9854,C,Cloud to Cloud,2025-08-08T14:45:38.073+08:00
2025-08-09 11:14:30,2025-08-08T14:46:00+08:00,2025-08-08T14:48:02+08:00,1.5139,103.9895,C,Cloud to Cloud,2025-08-08T14:45:38.073+08:00
2025-08-09 11:14:30,2025-08-08T14:46:00+08:00,2025-08-08T14:48:02+08:00,1.5119,103.9917,C,Cloud to Cloud,2025-08-08T14:45:38.073+08:00
2025-08-09 11:14:30,2025-08-08T14:46:00+08:00,2025-08-08T14:48:02+08:00,1.4976,104.0069,C,Cloud to Cloud,2025-08-08T14:45:38.073+08:00
2025-08-09 11:14:30,2025-08-08T14:46:00+08:00,2025-08-08T14:48:02+08:00,1.4897,104.0063,C,Cloud to Cloud,2025-08-08T14:45:38.073+08:00
2025-08-09 11:14:30,2025-08-08T14:46:00+08:00,2025-08-08T14:48:02+08:00,1.5004,104.0073,C,Cloud to Cloud,2025-08-08T14:45:38.073+08:00
2025-08-09 11:14:30,2025-08-08T14:46:00+08:00,2025-08-08T14:48:02+08:00,1.5316,104.0135,C,Cloud to Cloud,2025-08-08T14:45:38.073+08:00
2025-08-09 11:14:30,2025-08-08T14:46:00+08:00,2025-08-08T14:48:02+08:00,1.5036,103.9978,C,Cloud to Cloud,2025-08-08T14:45:38.074+08:00
2025-08-09 11:14:30,2025-08-08T14:46:00+08:00,2025-08-08T14:48:02+08:00,1.4372,103.984,C,Cloud to Cloud,2025-08-08T14:45:38.337+08:00
2025-08-09 11:14:30,2025-08-08T14:46:00+08:00,2025-08-08T14:48:02+08:00,1.4491,103.9933,C,Cloud to Cloud,2025-08-08T14:45:38.337+08:00
2025-08-09 11:14:30,2025-08-08T14:46:00+08:00,2025-08-08T14:48:02+08:00,1.0546,103.5036,C,Cloud to Cloud,2025-08-08T14:45:40.862+08:00
2025-08-09 11:14:30,2025-08-08T14:46:00+08:00,2025-08-08T14:48:02+08:00,1.0546,103.5036,C,Cloud to Cloud,2025-08-08T14:45:40.862+08:00
2025-08-09 11:14:30,2025-08-08T14:46:00+08:00,2025-08-08T14:48:02+08:00,1.0217,103.4771,C,Cloud to Cloud,2025-08-08T14:45:54.808+08:00
2025-08-09 11:14:30,2025-08-08T14:46:00+08:00,2025-08-08T14:48:02+08:00,1.0628,103.5423,C,Cloud to Cloud,2025-08-08T14:45:54.808+08:00
2025-08-09 11:14:30,2025-08-08T14:46:00+08:00,2025-08-08T14:48:02+08:00,1.0613,103.5401,C,Cloud to Cloud,2025-08-08T14:45:54.809+08:00
2025-08-09 11:14:30,2025-08-08T14:46:00+08:00,2025-08-08T14:48:02+08:00,1.0114,103.4598,C,Cloud to Cloud,2025-08-08T14:45:54.867+08:00
2025-08-09 11:14:30,2025-08-08T14:46:00+08:00,2025-08-08T14:48:02+08:00,1.0337,103.5032,C,Cloud to Cloud,2025-08-08T14:45:54.867+08:00
2025-08-09 11:14:30,2025-08-08T14:46:00+08:00,2025-08-08T14:48:02+08:00,1.0341,103.5047,C,Cloud to Cloud,2025-08-08T14:45:54.867+08:00
2025-08-09 11:14:30,2025-08-08T14:44:00+08:00,2025-08-08T14:46:02+08:00,1.4657,104.0234,C,Cloud to Cloud,2025-08-08T14:42:10.894+08:00
2025-08-09 11:14:30,2025-08-08T14:44:00+08:00,2025-08-08T14:46:02+08:00,1.4672,104.0278,C,Cloud to Cloud,2025-08-08T14:42:10.894+08:00
2025-08-09 11:14:30,2025-08-08T14:44:00+08:00,2025-08-08T14:46:02+08:00,1.4658,104.0295,C,Cloud to Cloud,2025-08-08T14:42:10.894+08:00
2025-08-09 11:14:30,2025-08-08T14:44:00+08:00,2025-08-08T14:46:02+08:00,1.0337,103.4896,C,Cloud to Cloud,2025-08-08T14:42:17.478+08:00
2025-08-09 11:14:30,2025-08-08T14:44:00+08:00,2025-08-08T14:46:02+08:00,1.4916,104.0743,C,Cloud to Cloud,2025-08-08T14:42:20.532+08:00
2025-08-09 11:14:30,2025-08-08T14:44:00+08:00,2025-08-08T14:46:02+08:00,1.4843,104.0442,C,Cloud to Cloud,2025-08-08T14:42:20.565+08:00
2025-08-09 11:14:30,2025-08-08T14:44:00+08:00,2025-08-08T14:46:02+08:00,1.4842,104.0411,C,Cloud to Cloud,2025-08-08T14:42:20.568+08:00
2025-08-09 11:14:30,2025-08-08T14:44:00+08:00,2025-08-08T14:46:02+08:00,1.5126,104.0142,C,Cloud to Cloud,2025-08-08T14:42:20.568+08:00
2025-08-09 11:14:30,2025-08-08T14:44:00+08:00,2025-08-08T14:46:02+08:00,1.5016,104.0505,C,Cloud to Cloud,2025-08-08T14:42:20.568+08:00
2025-08-09 11:14:30,2025-08-08T14:44:00+08:00,2025-08-08T14:46:02+08:00,1.4875,104.038,C,Cloud to Cloud,2025-08-08T14:42:20.602+08:00
2025-08-09 11:14:30,2025-08-08T14:44:00+08:00,2025-08-08T14:46:02+08:00,1.5048,104.0457,C,Cloud to Cloud,2025-08-08T14:42:20.625+08:00
2025-08-09 11:14:30,2025-08-08T14:44:00+08:00,2025-08-08T14:46:02+08:00,1.4756,104.0313,C,Cloud to Cloud,2025-08-08T14:42:20.625+08:00
2025-08-09 11:14:30,2025-08-08T14:44:00+08:00,2025-08-08T14:46:02+08:00,1.4835,104.0329,C,Cloud to Cloud,2025-08-08T14:42:20.626+08:00
2025-08-09 11:14:30,2025-08-08T14:44:00+08:00,2025-08-08T14:46:02+08:00,1.0483,103.5209,C,Cloud to Cloud,2025-08-08T14:42:21.885+08:00
2025-08-09 11:14:30,2025-08-08T14:44:00+08:00,2025-08-08T14:46:02+08:00,1.0365,103.4604,C,Cloud to Cloud,2025-08-08T14:42:28.792+08:00
2025-08-09 11:14:30,2025-08-08T14:44:00+08:00,2025-08-08T14:46:02+08:00,1.444,103.9999,C,Cloud to Cloud,2025-08-08T14:42:44.314+08:00
2025-08-09 11:14:30,2025-08-08T14:44:00+08:00,2025-08-08T14:46:02+08:00,1.4581,104.0211,C,Cloud to Cloud,2025-08-08T14:42:44.315+08:00
2025-08-09 11:14:30,2025-08-08T14:44:00+08:00,2025-08-08T14:46:02+08:00,1.4792,104.0361,C,Cloud to Cloud,2025-08-08T14:42:44.315+08:00
2025-08-09 11:14:30,2025-08-08T14:44:00+08:00,2025-08-08T14:46:02+08:00,1.4474,104.0213,C,Cloud to Cloud,2025-08-08T14:42:44.346+08:00
2025-08-09 11:14:30,2025-08-08T14:44:00+08:00,2025-08-08T14:46:02+08:00,1.0381,103.4727,C,Cloud to Cloud,2025-08-08T14:42:55.922+08:00
2025-08-09 11:14:30,2025-08-08T14:44:00+08:00,2025-08-08T14:46:02+08:00,1.4643,103.9975,C,Cloud to Cloud,2025-08-08T14:42:58.115+08:00
2025-08-09 11:14:30,2025-08-08T14:44:00+08:00,2025-08-08T14:46:02+08:00,1.4959,104.0315,C,Cloud to Cloud,2025-08-08T14:42:58.115+08:00
2025-08-09 11:14:30,2025-08-08T14:44:00+08:00,2025-08-08T14:46:02+08:00,1.5411,104.0506,C,Cloud to Cloud,2025-08-08T14:43:04.806+08:00
2025-08-09 11:14:30,2025-08-08T14:44:00+08:00,2025-08-08T14:46:02+08:00,1.5393,104.0449,C,Cloud to Cloud,2025-08-08T14:43:04.806+08:00
2025-08-09 11:14:30,2025-08-08T14:44:00+08:00,2025-08-08T14:46:02+08:00,1.4797,104.0288,C,Cloud to Cloud,2025-08-08T14:43:04.808+08:00
2025-08-09 11:14:30,2025-08-08T14:44:00+08:00,2025-08-08T14:46:02+08:00,1.5203,104.0413,C,Cloud to Cloud,2025-08-08T14:43:04.808+08:00
2025-08-09 11:14:30,2025-08-08T14:44:00+08:00,2025-08-08T14:46:02+08:00,1.4922,104.034,C,Cloud to Cloud,2025-08-08T14:43:04.808+08:00
2025-08-09 11:14:30,2025-08-08T14:44:00+08:00,2025-08-08T14:46:02+08:00,1.4798,104.0334,C,Cloud to Cloud,2025-08-08T14:43:04.901+08:00
2025-08-09 11:14:30,2025-08-08T14:44:00+08:00,2025-08-08T14:46:02+08:00,1.4733,104.0116,C,Cloud to Cloud,2025-08-08T14:43:04.901+08:00
2025-08-09 11:14:30,2025-08-08T14:44:00+08:00,2025-08-08T14:46:02+08:00,1.4829,104.0142,C,Cloud to Cloud,2025-08-08T14:43:04.901+08:00
2025-08-09 11:14:30,2025-08-08T14:44:00+08:00,2025-08-08T14:46:02+08:00,1.4565,104.0229,C,Cloud to Cloud,2025-08-08T14:43:05.078+08:00
2025-08-09 11:14:30,2025-08-08T14:44:00+08:00,2025-08-08T14:46:02+08:00,1.5058,104.0387,C,Cloud to Cloud,2025-08-08T14:43:05.078+08:00
2025-08-09 11:14:30,2025-08-08T14:44:00+08:00,2025-08-08T14:46:02+08:00,1.4664,104.0162,C,Cloud to Cloud,2025-08-08T14:43:05.078+08:00
2025-08-09 11:14:30,2025-08-08T14:44:00+08:00,2025-08-08T14:46:02+08:00,1.0179,103.4838,C,Cloud to Cloud,2025-08-08T14:43:08.175+08:00
2025-08-09 11:14:30,2025-08-08T14:44:00+08:00,2025-08-08T14:46:02+08:00,1.0158,103.4812,C,Cloud to Cloud,2025-08-08T14:43:08.175+08:00
2025-08-09 11:14:30,2025-08-08T14:44:00+08:00,2025-08-08T14:46:02+08:00,1.0189,103.4805,C,Cloud to Cloud,2025-08-08T14:43:08.175+08:00
2025-08-09 11:14:30,2025-08-08T14:44:00+08:00,2025-08-08T14:46:02+08:00,1.0257,103.4963,C,Cloud to Cloud,2025-08-08T14:43:08.175+08:00
2025-08-09 11:14:30,2025-08-08T14:44:00+08:00,2025-08-08T14:46:02+08:00,1.5013,104.056,C,Cloud to Cloud,2025-08-08T14:43:16.207+08:00
2025-08-09 11:14:30,2025-08-08T14:44:00+08:00,2025-08-08T14:46:02+08:00,1.4998,104.0547,C,Cloud to Cloud,2025-08-08T14:43:16.207+08:00
2025-08-09 11:14:30,2025-08-08T14:44:00+08:00,2025-08-08T14:46:02+08:00,1.468,104.0185,C,Cloud to Cloud,2025-08-08T14:43:18.365+08:00
2025-08-09 11:14:30,2025-08-08T14:44:00+08:00,2025-08-08T14:46:02+08:00,1.5003,104.012,C,Cloud to Cloud,2025-08-08T14:43:18.365+08:00
2025-08-09 11:14:30,2025-08-08T14:44:00+08:00,2025-08-08T14:46:02+08:00,1.4818,104.0235,C,Cloud to Cloud,2025-08-08T14:43:18.365+08:00
2025-08-09 11:14:30,2025-08-08T14:44:00+08:00,2025-08-08T14:46:02+08:00,1.046,103.5015,C,Cloud to Cloud,2025-08-08T14:43:19.282+08:00
2025-08-09 11:14:30,2025-08-08T14:44:00+08:00,2025-08-08T14:46:02+08:00,1.0318,103.4791,C,Cloud to Cloud,2025-08-08T14:43:19.282+08:00
2025-08-09 11:14:30,2025-08-08T14:44:00+08:00,2025-08-08T14:46:02+08:00,1.4797,103.9673,C,Cloud to Cloud,2025-08-08T14:43:23.029+08:00
2025-08-09 11:14:30,2025-08-08T14:44:00+08:00,2025-08-08T14:46:02+08:00,1.4593,104.0216,C,Cloud to Cloud,2025-08-08T14:43:23.029+08:00
2025-08-09 11:14:30,2025-08-08T14:44:00+08:00,2025-08-08T14:46:02+08:00,1.5108,104.0064,C,Cloud to Cloud,2025-08-08T14:43:23.267+08:00
2025-08-09 11:14:30,2025-08-08T14:44:00+08:00,2025-08-08T14:46:02+08:00,1.5456,104.0549,C,Cloud to Cloud,2025-08-08T14:43:30.121+08:00
2025-08-09 11:14:30,2025-08-08T14:44:00+08:00,2025-08-08T14:46:02+08:00,1.4413,103.997,C,Cloud to Cloud,2025-08-08T14:43:30.122+08:00
2025-08-09 11:14:30,2025-08-08T14:44:00+08:00,2025-08-08T14:46:02+08:00,1.4693,104.0188,C,Cloud to Cloud,2025-08-08T14:43:30.122+08:00
2025-08-09 11:14:30,2025-08-08T14:44:00+08:00,2025-08-08T14:46:02+08:00,1.4796,104.0207,C,Cloud to Cloud,2025-08-08T14:43:41.25+08:00
2025-08-09 11:14:30,2025-08-08T14:44:00+08:00,2025-08-08T14:46:02+08:00,1.4737,104.0231,C,Cloud to Cloud,2025-08-08T14:43:41.251+08:00
2025-08-09 11:14:30,2025-08-08T14:44:00+08:00,2025-08-08T14:46:02+08:00,1.4791,104.0222,C,Cloud to Cloud,2025-08-08T14:43:41.251+08:00
2025-08-09 11:14:30,2025-08-08T14:44:00+08:00,2025-08-08T14:46:02+08:00,1.4637,104.0155,C,Cloud to Cloud,2025-08-08T14:43:41.251+08:00
2025-08-09 11:14:30,2025-08-08T14:44:00+08:00,2025-08-08T14:46:02+08:00,1.4715,104.0183,C,Cloud to Cloud,2025-08-08T14:43:41.251+08:00
2025-08-09 11:14:30,2025-08-08T14:44:00+08:00,2025-08-08T14:46:02+08:00,1.4817,104.0193,C,Cloud to Cloud,2025-08-08T14:43:41.251+08:00
2025-08-09 11:14:30,2025-08-08T14:44:00+08:00,2025-08-08T14:46:02+08:00,1.4857,104.0232,C,Cloud to Cloud,2025-08-08T14:43:41.251+08:00
2025-08-09 11:14:30,2025-08-08T14:44:00+08:00,2025-08-08T14:46:02+08:00,1.4763,104.0163,C,Cloud to Cloud,2025-08-08T14:43:41.252+08:00
2025-08-09 11:14:30,2025-08-08T14:44:00+08:00,2025-08-08T14:46:02+08:00,1.4756,104.0178,C,Cloud to Cloud,2025-08-08T14:43:41.252+08:00
2025-08-09 11:14:30,2025-08-08T14:44:00+08:00,2025-08-08T14:46:02+08:00,1.4758,104.0165,C,Cloud to Cloud,2025-08-08T14:43:41.252+08:00
2025-08-09 11:14:30,2025-08-08T14:44:00+08:00,2025-08-08T14:46:02+08:00,1.4744,104.0149,C,Cloud to Cloud,2025-08-08T14:43:41.252+08:00
2025-08-09 11:14:30,2025-08-08T14:44:00+08:00,2025-08-08T14:46:02+08:00,1.4763,104.0153,C,Cloud to Cloud,2025-08-08T14:43:41.252+08:00
2025-08-09 11:14:30,2025-08-08T14:44:00+08:00,2025-08-08T14:46:02+08:00,1.4616,103.9916,C,Cloud to Cloud,2025-08-08T14:43:41.252+08:00
2025-08-09 11:14:30,2025-08-08T14:44:00+08:00,2025-08-08T14:46:02+08:00,1.4757,104.0145,C,Cloud to Cloud,2025-08-08T14:43:41.252+08:00
2025-08-09 11:14:30,2025-08-08T14:44:00+08:00,2025-08-08T14:46:02+08:00,1.4809,104.0166,C,Cloud to Cloud,2025-08-08T14:43:41.252+08:00
2025-08-09 11:14:30,2025-08-08T14:44:00+08:00,2025-08-08T14:46:02+08:00,1.483,104.0163,C,Cloud to Cloud,2025-08-08T14:43:41.252+08:00
2025-08-09 11:14:30,2025-08-08T14:44:00+08:00,2025-08-08T14:46:02+08:00,1.4729,103.9866,C,Cloud to Cloud,2025-08-08T14:43:41.252+08:00
2025-08-09 11:14:30,2025-08-08T14:44:00+08:00,2025-08-08T14:46:02+08:00,1.4827,104.0169,C,Cloud to Cloud,2025-08-08T14:43:41.252+08:00
2025-08-09 11:14:30,2025-08-08T14:44:00+08:00,2025-08-08T14:46:02+08:00,1.5129,103.9948,C,Cloud to Cloud,2025-08-08T14:43:41.252+08:00
2025-08-09 11:14:30,2025-08-08T14:44:00+08:00,2025-08-08T14:46:02+08:00,1.4816,104.0129,C,Cloud to Cloud,2025-08-08T14:43:41.253+08:00
2025-08-09 11:14:30,2025-08-08T14:44:00+08:00,2025-08-08T14:46:02+08:00,1.4844,104.0172,C,Cloud to Cloud,2025-08-08T14:43:41.253+08:00
2025-08-09 11:14:30,2025-08-08T14:44:00+08:00,2025-08-08T14:46:02+08:00,1.4836,104.0161,C,Cloud to Cloud,2025-08-08T14:43:41.253+08:00
2025-08-09 11:14:30,2025-08-08T14:44:00+08:00,2025-08-08T14:46:02+08:00,1.4847,104.0178,C,Cloud to Cloud,2025-08-08T14:43:41.253+08:00
2025-08-09 11:14:30,2025-08-08T14:44:00+08:00,2025-08-08T14:46:02+08:00,1.4833,104.0149,C,Cloud to Cloud,2025-08-08T14:43:41.253+08:00
2025-08-09 11:14:30,2025-08-08T14:44:00+08:00,2025-08-08T14:46:02+08:00,1.4836,104.017,C,Cloud to Cloud,2025-08-08T14:43:41.253+08:00
2025-08-09 11:14:30,2025-08-08T14:44:00+08:00,2025-08-08T14:46:02+08:00,1.4857,104.0164,C,Cloud to Cloud,2025-08-08T14:43:41.253+08:00
2025-08-09 11:14:30,2025-08-08T14:44:00+08:00,2025-08-08T14:46:02+08:00,1.4847,104.0171,C,Cloud to Cloud,2025-08-08T14:43:41.253+08:00
2025-08-09 11:14:30,2025-08-08T14:44:00+08:00,2025-08-08T14:46:02+08:00,1.4843,104.0157,C,Cloud to Cloud,2025-08-08T14:43:41.253+08:00
2025-08-09 11:14:30,2025-08-08T14:44:00+08:00,2025-08-08T14:46:02+08:00,1.4835,104.0163,C,Cloud to Cloud,2025-08-08T14:43:41.253+08:00
2025-08-09 11:14:30,2025-08-08T14:44:00+08:00,2025-08-08T14:46:02+08:00,1.4875,104.017,C,Cloud to Cloud,2025-08-08T14:43:41.254+08:00
2025-08-09 11:14:30,2025-08-08T14:44:00+08:00,2025-08-08T14:46:02+08:00,1.4866,104.0158,C,Cloud to Cloud,2025-08-08T14:43:41.254+08:00
2025-08-09 11:14:30,2025-08-08T14:44:00+08:00,2025-08-08T14:46:02+08:00,1.4899,104.0164,C,Cloud to Cloud,2025-08-08T14:43:41.254+08:00
2025-08-09 11:14:30,2025-08-08T14:44:00+08:00,2025-08-08T14:46:02+08:00,1.4892,104.019,C,Cloud to Cloud,2025-08-08T14:43:41.254+08:00
2025-08-09 11:14:30,2025-08-08T14:44:00+08:00,2025-08-08T14:46:02+08:00,1.4884,104.0196,C,Cloud to Cloud,2025-08-08T14:43:41.254+08:00
2025-08-09 11:14:30,2025-08-08T14:44:00+08:00,2025-08-08T14:46:02+08:00,1.4912,104.0203,C,Cloud to Cloud,2025-08-08T14:43:41.254+08:00
2025-08-09 11:14:30,2025-08-08T14:44:00+08:00,2025-08-08T14:46:02+08:00,1.4891,104.0208,C,Cloud to Cloud,2025-08-08T14:43:41.254+08:00
2025-08-09 11:14:30,2025-08-08T14:44:00+08:00,2025-08-08T14:46:02+08:00,1.4916,104.0213,C,Cloud to Cloud,2025-08-08T14:43:41.254+08:00
2025-08-09 11:14:30,2025-08-08T14:44:00+08:00,2025-08-08T14:46:02+08:00,1.4898,104.0202,C,Cloud to Cloud,2025-08-08T14:43:41.254+08:00
2025-08-09 11:14:30,2025-08-08T14:44:00+08:00,2025-08-08T14:46:02+08:00,1.4912,104.0208,C,Cloud to Cloud,2025-08-08T14:43:41.254+08:00
2025-08-09 11:14:30,2025-08-08T14:44:00+08:00,2025-08-08T14:46:02+08:00,1.4921,104.022,C,Cloud to Cloud,2025-08-08T14:43:41.255+08:00
2025-08-09 11:14:30,2025-08-08T14:44:00+08:00,2025-08-08T14:46:02+08:00,1.4908,104.0196,C,Cloud to Cloud,2025-08-08T14:43:41.255+08:00
2025-08-09 11:14:30,2025-08-08T14:44:00+08:00,2025-08-08T14:46:02+08:00,1.4896,104.0185,C,Cloud to Cloud,2025-08-08T14:43:41.255+08:00
2025-08-09 11:14:30,2025-08-08T14:44:00+08:00,2025-08-08T14:46:02+08:00,1.4908,104.0186,C,Cloud to Cloud,2025-08-08T14:43:41.255+08:00
2025-08-09 11:14:30,2025-08-08T14:44:00+08:00,2025-08-08T14:46:02+08:00,1.4923,104.02,C,Cloud to Cloud,2025-08-08T14:43:41.255+08:00
2025-08-09 11:14:30,2025-08-08T14:44:00+08:00,2025-08-08T14:46:02+08:00,1.4921,104.0169,C,Cloud to Cloud,2025-08-08T14:43:41.255+08:00
2025-08-09 11:14:30,2025-08-08T14:44:00+08:00,2025-08-08T14:46:02+08:00,1.4913,104.0179,C,Cloud to Cloud,2025-08-08T14:43:41.255+08:00
2025-08-09 11:14:30,2025-08-08T14:44:00+08:00,2025-08-08T14:46:02+08:00,1.4942,104.0196,C,Cloud to Cloud,2025-08-08T14:43:41.255+08:00
2025-08-09 11:14:30,2025-08-08T14:44:00+08:00,2025-08-08T14:46:02+08:00,1.4919,104.0208,C,Cloud to Cloud,2025-08-08T14:43:41.255+08:00
2025-08-09 11:14:30,2025-08-08T14:44:00+08:00,2025-08-08T14:46:02+08:00,1.489,104.0211,C,Cloud to Cloud,2025-08-08T14:43:41.255+08:00
2025-08-09 11:14:30,2025-08-08T14:44:00+08:00,2025-08-08T14:46:02+08:00,1.4934,104.0212,C,Cloud to Cloud,2025-08-08T14:43:41.256+08:00
2025-08-09 11:14:30,2025-08-08T14:44:00+08:00,2025-08-08T14:46:02+08:00,1.4917,104.0198,C,Cloud to Cloud,2025-08-08T14:43:41.256+08:00
2025-08-09 11:14:30,2025-08-08T14:44:00+08:00,2025-08-08T14:46:02+08:00,1.4967,104.0233,C,Cloud to Cloud,2025-08-08T14:43:41.256+08:00
2025-08-09 11:14:30,2025-08-08T14:44:00+08:00,2025-08-08T14:46:02+08:00,1.4937,104.0197,C,Cloud to Cloud,2025-08-08T14:43:41.256+08:00
2025-08-09 11:14:30,2025-08-08T14:44:00+08:00,2025-08-08T14:46:02+08:00,1.4952,104.0202,C,Cloud to Cloud,2025-08-08T14:43:41.256+08:00
2025-08-09 11:14:30,2025-08-08T14:44:00+08:00,2025-08-08T14:46:02+08:00,1.493,104.021,C,Cloud to Cloud,2025-08-08T14:43:41.256+08:00
2025-08-09 11:14:30,2025-08-08T14:44:00+08:00,2025-08-08T14:46:02+08:00,1.4906,104.0179,C,Cloud to Cloud,2025-08-08T14:43:41.256+08:00
2025-08-09 11:14:30,2025-08-08T14:44:00+08:00,2025-08-08T14:46:02+08:00,1.4947,104.0209,C,Cloud to Cloud,2025-08-08T14:43:41.256+08:00
2025-08-09 11:14:30,2025-08-08T14:44:00+08:00,2025-08-08T14:46:02+08:00,1.4908,104.0157,C,Cloud to Cloud,2025-08-08T14:43:41.256+08:00
2025-08-09 11:14:30,2025-08-08T14:44:00+08:00,2025-08-08T14:46:02+08:00,1.492,104.017,C,Cloud to Cloud,2025-08-08T14:43:41.256+08:00
2025-08-09 11:14:30,2025-08-08T14:44:00+08:00,2025-08-08T14:46:02+08:00,1.4914,104.0129,C,Cloud to Cloud,2025-08-08T14:43:41.257+08:00
2025-08-09 11:14:30,2025-08-08T14:44:00+08:00,2025-08-08T14:46:02+08:00,1.4927,104.0132,C,Cloud to Cloud,2025-08-08T14:43:41.257+08:00
2025-08-09 11:14:30,2025-08-08T14:44:00+08:00,2025-08-08T14:46:02+08:00,1.4939,104.0144,C,Cloud to Cloud,2025-08-08T14:43:41.257+08:00
2025-08-09 11:14:30,2025-08-08T14:44:00+08:00,2025-08-08T14:46:02+08:00,1.4978,104.0162,C,Cloud to Cloud,2025-08-08T14:43:41.257+08:00
2025-08-09 11:14:30,2025-08-08T14:44:00+08:00,2025-08-08T14:46:02+08:00,1.4979,104.0166,C,Cloud to Cloud,2025-08-08T14:43:41.257+08:00
2025-08-09 11:14:30,2025-08-08T14:44:00+08:00,2025-08-08T14:46:02+08:00,1.4958,104.0157,C,Cloud to Cloud,2025-08-08T14:43:41.257+08:00
2025-08-09 11:14:30,2025-08-08T14:44:00+08:00,2025-08-08T14:46:02+08:00,1.4936,104.0133,C,Cloud to Cloud,2025-08-08T14:43:41.257+08:00
2025-08-09 11:14:30,2025-08-08T14:44:00+08:00,2025-08-08T14:46:02+08:00,1.5005,104.0181,C,Cloud to Cloud,2025-08-08T14:43:41.257+08:00
2025-08-09 11:14:30,2025-08-08T14:44:00+08:00,2025-08-08T14:46:02+08:00,1.4957,104.0148,C,Cloud to Cloud,2025-08-08T14:43:41.257+08:00
2025-08-09 11:14:30,2025-08-08T14:44:00+08:00,2025-08-08T14:46:02+08:00,1.4988,104.0158,C,Cloud to Cloud,2025-08-08T14:43:41.258+08:00
2025-08-09 11:14:30,2025-08-08T14:44:00+08:00,2025-08-08T14:46:02+08:00,1.4981,104.0151,C,Cloud to Cloud,2025-08-08T14:43:41.258+08:00
2025-08-09 11:14:30,2025-08-08T14:44:00+08:00,2025-08-08T14:46:02+08:00,1.4992,104.0178,C,Cloud to Cloud,2025-08-08T14:43:41.258+08:00
2025-08-09 11:14:30,2025-08-08T14:44:00+08:00,2025-08-08T14:46:02+08:00,1.4982,104.015,C,Cloud to Cloud,2025-08-08T14:43:41.258+08:00
2025-08-09 11:14:30,2025-08-08T14:44:00+08:00,2025-08-08T14:46:02+08:00,1.4954,104.0155,C,Cloud to Cloud,2025-08-08T14:43:41.258+08:00
2025-08-09 11:14:30,2025-08-08T14:44:00+08:00,2025-08-08T14:46:02+08:00,1.4968,104.015,C,Cloud to Cloud,2025-08-08T14:43:41.258+08:00
2025-08-09 11:14:30,2025-08-08T14:44:00+08:00,2025-08-08T14:46:02+08:00,1.4969,104.0153,C,Cloud to Cloud,2025-08-08T14:43:41.258+08:00
2025-08-09 11:14:30,2025-08-08T14:44:00+08:00,2025-08-08T14:46:02+08:00,1.4975,104.0143,C,Cloud to Cloud,2025-08-08T14:43:41.258+08:00
2025-08-09 11:14:30,2025-08-08T14:44:00+08:00,2025-08-08T14:46:02+08:00,1.4994,104.0163,C,Cloud to Cloud,2025-08-08T14:43:41.258+08:00
2025-08-09 11:14:30,2025-08-08T14:44:00+08:00,2025-08-08T14:46:02+08:00,1.4972,104.0155,C,Cloud to Cloud,2025-08-08T14:43:41.258+08:00
2025-08-09 11:14:30,2025-08-08T14:44:00+08:00,2025-08-08T14:46:02+08:00,1.497,104.0161,C,Cloud to Cloud,2025-08-08T14:43:41.259+08:00
2025-08-09 11:14:30,2025-08-08T14:44:00+08:00,2025-08-08T14:46:02+08:00,1.5008,104.0163,C,Cloud to Cloud,2025-08-08T14:43:41.259+08:00
2025-08-09 11:14:30,2025-08-08T14:44:00+08:00,2025-08-08T14:46:02+08:00,1.499,104.0167,C,Cloud to Cloud,2025-08-08T14:43:41.259+08:00
2025-08-09 11:14:30,2025-08-08T14:44:00+08:00,2025-08-08T14:46:02+08:00,1.4972,104.0185,C,Cloud to Cloud,2025-08-08T14:43:41.259+08:00
2025-08-09 11:14:30,2025-08-08T14:44:00+08:00,2025-08-08T14:46:02+08:00,1.4988,104.0173,C,Cloud to Cloud,2025-08-08T14:43:41.259+08:00
2025-08-09 11:14:30,2025-08-08T14:44:00+08:00,2025-08-08T14:46:02+08:00,1.4993,104.0155,C,Cloud to Cloud,2025-08-08T14:43:41.259+08:00
2025-08-09 11:14:30,2025-08-08T14:44:00+08:00,2025-08-08T14:46:02+08:00,1.4977,104.0168,C,Cloud to Cloud,2025-08-08T14:43:41.259+08:00
2025-08-09 11:14:30,2025-08-08T14:44:00+08:00,2025-08-08T14:46:02+08:00,1.4986,104.0187,C,Cloud to Cloud,2025-08-08T14:43:41.259+08:00
2025-08-09 11:14:30,2025-08-08T14:44:00+08:00,2025-08-08T14:46:02+08:00,1.4999,104.0185,C,Cloud to Cloud,2025-08-08T14:43:41.259+08:00
2025-08-09 11:14:30,2025-08-08T14:44:00+08:00,2025-08-08T14:46:02+08:00,1.4983,104.0171,C,Cloud to Cloud,2025-08-08T14:43:41.259+08:00
2025-08-09 11:14:30,2025-08-08T14:44:00+08:00,2025-08-08T14:46:02+08:00,1.4992,104.0175,C,Cloud to Cloud,2025-08-08T14:43:41.26+08:00
2025-08-09 11:14:30,2025-08-08T14:44:00+08:00,2025-08-08T14:46:02+08:00,1.5004,104.0198,C,Cloud to Cloud,2025-08-08T14:43:41.26+08:00
2025-08-09 11:14:30,2025-08-08T14:44:00+08:00,2025-08-08T14:46:02+08:00,1.5005,104.015,C,Cloud to Cloud,2025-08-08T14:43:41.26+08:00
2025-08-09 11:14:30,2025-08-08T14:44:00+08:00,2025-08-08T14:46:02+08:00,1.5013,104.0166,C,Cloud to Cloud,2025-08-08T14:43:41.26+08:00
2025-08-09 11:14:30,2025-08-08T14:44:00+08:00,2025-08-08T14:46:02+08:00,1.5006,104.0193,C,Cloud to Cloud,2025-08-08T14:43:41.26+08:00
2025-08-09 11:14:30,2025-08-08T14:44:00+08:00,2025-08-08T14:46:02+08:00,1.5024,104.0179,C,Cloud to Cloud,2025-08-08T14:43:41.26+08:00
2025-08-09 11:14:30,2025-08-08T14:44:00+08:00,2025-08-08T14:46:02+08:00,1.5006,104.017,C,Cloud to Cloud,2025-08-08T14:43:41.26+08:00
2025-08-09 11:14:30,2025-08-08T14:44:00+08:00,2025-08-08T14:46:02+08:00,1.5013,104.0204,C,Cloud to Cloud,2025-08-08T14:43:41.261+08:00
2025-08-09 11:14:30,2025-08-08T14:44:00+08:00,2025-08-08T14:46:02+08:00,1.504,104.0168,C,Cloud to Cloud,2025-08-08T14:43:41.261+08:00
2025-08-09 11:14:30,2025-08-08T14:44:00+08:00,2025-08-08T14:46:02+08:00,1.4995,104.0147,C,Cloud to Cloud,2025-08-08T14:43:41.261+08:00
2025-08-09 11:14:30,2025-08-08T14:44:00+08:00,2025-08-08T14:46:02+08:00,1.5022,104.0161,C,Cloud to Cloud,2025-08-08T14:43:41.261+08:00
2025-08-09 11:14:30,2025-08-08T14:44:00+08:00,2025-08-08T14:46:02+08:00,1.5037,104.0157,C,Cloud to Cloud,2025-08-08T14:43:41.262+08:00
2025-08-09 11:14:30,2025-08-08T14:44:00+08:00,2025-08-08T14:46:02+08:00,1.5035,104.0163,C,Cloud to Cloud,2025-08-08T14:43:41.262+08:00
2025-08-09 11:14:30,2025-08-08T14:44:00+08:00,2025-08-08T14:46:02+08:00,1.4987,104.014,C,Cloud to Cloud,2025-08-08T14:43:41.263+08:00
2025-08-09 11:14:30,2025-08-08T14:44:00+08:00,2025-08-08T14:46:02+08:00,1.4968,104.0102,C,Cloud to Cloud,2025-08-08T14:43:41.267+08:00
2025-08-09 11:14:30,2025-08-08T14:44:00+08:00,2025-08-08T14:46:02+08:00,1.5012,104.0117,C,Cloud to Cloud,2025-08-08T14:43:41.267+08:00
2025-08-09 11:14:30,2025-08-08T14:44:00+08:00,2025-08-08T14:46:02+08:00,1.4894,104.0064,C,Cloud to Cloud,2025-08-08T14:43:41.268+08:00
2025-08-09 11:14:30,2025-08-08T14:44:00+08:00,2025-08-08T14:46:02+08:00,1.4889,104.0072,C,Cloud to Cloud,2025-08-08T14:43:41.269+08:00
2025-08-09 11:14:30,2025-08-08T14:44:00+08:00,2025-08-08T14:46:02+08:00,1.4866,104.0091,C,Cloud to Cloud,2025-08-08T14:43:41.269+08:00
2025-08-09 11:14:30,2025-08-08T14:44:00+08:00,2025-08-08T14:46:02+08:00,1.4813,104.0061,C,Cloud to Cloud,2025-08-08T14:43:41.271+08:00
2025-08-09 11:14:30,2025-08-08T14:44:00+08:00,2025-08-08T14:46:02+08:00,1.4917,104.0002,G,Cloud to Ground,2025-08-08T14:43:41.271+08:00
2025-08-09 11:14:30,2025-08-08T14:44:00+08:00,2025-08-08T14:46:02+08:00,1.4729,104.0172,C,Cloud to Cloud,2025-08-08T14:43:41.281+08:00
2025-08-09 11:14:30,2025-08-08T14:44:00+08:00,2025-08-08T14:46:02+08:00,1.5291,104.0379,C,Cloud to Cloud,2025-08-08T14:43:41.281+08:00
2025-08-09 11:14:30,2025-08-08T14:44:00+08:00,2025-08-08T14:46:02+08:00,1.4857,104.0164,C,Cloud to Cloud,2025-08-08T14:43:41.281+08:00
2025-08-09 11:14:30,2025-08-08T14:44:00+08:00,2025-08-08T14:46:02+08:00,1.4911,104.019,C,Cloud to Cloud,2025-08-08T14:43:41.282+08:00
2025-08-09 11:14:30,2025-08-08T14:44:00+08:00,2025-08-08T14:46:02+08:00,1.48,104.0162,C,Cloud to Cloud,2025-08-08T14:43:41.282+08:00
2025-08-09 11:14:30,2025-08-08T14:44:00+08:00,2025-08-08T14:46:02+08:00,1.4828,104.0151,C,Cloud to Cloud,2025-08-08T14:43:41.283+08:00
2025-08-09 11:14:30,2025-08-08T14:44:00+08:00,2025-08-08T14:46:02+08:00,1.4987,103.9646,C,Cloud to Cloud,2025-08-08T14:43:41.283+08:00
2025-08-09 11:14:30,2025-08-08T14:44:00+08:00,2025-08-08T14:46:02+08:00,1.4817,104.0155,C,Cloud to Cloud,2025-08-08T14:43:41.283+08:00
2025-08-09 11:14:30,2025-08-08T14:44:00+08:00,2025-08-08T14:46:02+08:00,1.4839,104.0141,C,Cloud to Cloud,2025-08-08T14:43:41.284+08:00
2025-08-09 11:14:30,2025-08-08T14:44:00+08:00,2025-08-08T14:46:02+08:00,1.4836,104.0145,C,Cloud to Cloud,2025-08-08T14:43:41.284+08:00
2025-08-09 11:14:30,2025-08-08T14:44:00+08:00,2025-08-08T14:46:02+08:00,1.4958,104.0157,C,Cloud to Cloud,2025-08-08T14:43:41.304+08:00
2025-08-09 11:14:30,2025-08-08T14:44:00+08:00,2025-08-08T14:46:02+08:00,1.4773,104.015,C,Cloud to Cloud,2025-08-08T14:43:41.305+08:00
2025-08-09 11:14:30,2025-08-08T14:44:00+08:00,2025-08-08T14:46:02+08:00,1.4779,104.0145,C,Cloud to Cloud,2025-08-08T14:43:41.305+08:00
2025-08-09 11:14:30,2025-08-08T14:44:00+08:00,2025-08-08T14:46:02+08:00,1.4701,103.9889,C,Cloud to Cloud,2025-08-08T14:43:41.318+08:00
2025-08-09 11:14:30,2025-08-08T14:44:00+08:00,2025-08-08T14:46:02+08:00,1.4908,103.9844,C,Cloud to Cloud,2025-08-08T14:43:41.318+08:00
2025-08-09 11:14:30,2025-08-08T14:44:00+08:00,2025-08-08T14:46:02+08:00,1.4936,104.0074,G,Cloud to Ground,2025-08-08T14:43:41.343+08:00
2025-08-09 11:14:30,2025-08-08T14:44:00+08:00,2025-08-08T14:46:02+08:00,1.484,103.9377,C,Cloud to Cloud,2025-08-08T14:43:41.343+08:00
2025-08-09 11:14:30,2025-08-08T14:44:00+08:00,2025-08-08T14:46:02+08:00,1.4739,103.9813,C,Cloud to Cloud,2025-08-08T14:43:41.343+08:00
2025-08-09 11:14:30,2025-08-08T14:44:00+08:00,2025-08-08T14:46:02+08:00,1.4933,104.0062,C,Cloud to Cloud,2025-08-08T14:43:41.343+08:00
2025-08-09 11:14:30,2025-08-08T14:44:00+08:00,2025-08-08T14:46:02+08:00,1.4951,104.0102,C,Cloud to Cloud,2025-08-08T14:43:41.343+08:00
2025-08-09 11:14:30,2025-08-08T14:44:00+08:00,2025-08-08T14:46:02+08:00,1.4889,103.9698,C,Cloud to Cloud,2025-08-08T14:43:41.343+08:00
2025-08-09 11:14:30,2025-08-08T14:44:00+08:00,2025-08-08T14:46:02+08:00,1.4974,104.0007,C,Cloud to Cloud,2025-08-08T14:43:41.343+08:00
2025-08-09 11:14:30,2025-08-08T14:44:00+08:00,2025-08-08T14:46:02+08:00,1.5256,104.0157,C,Cloud to Cloud,2025-08-08T14:43:41.345+08:00
2025-08-09 11:14:30,2025-08-08T14:44:00+08:00,2025-08-08T14:46:02+08:00,1.5262,104.0153,C,Cloud to Cloud,2025-08-08T14:43:41.345+08:00
2025-08-09 11:14:30,2025-08-08T14:44:00+08:00,2025-08-08T14:46:02+08:00,1.4691,104.0027,C,Cloud to Cloud,2025-08-08T14:43:41.45+08:00
2025-08-09 11:14:30,2025-08-08T14:44:00+08:00,2025-08-08T14:46:02+08:00,1.4878,104.0215,C,Cloud to Cloud,2025-08-08T14:43:41.45+08:00
2025-08-09 11:14:30,2025-08-08T14:44:00+08:00,2025-08-08T14:46:02+08:00,1.4879,104.0036,C,Cloud to Cloud,2025-08-08T14:43:41.45+08:00
2025-08-09 11:14:30,2025-08-08T14:44:00+08:00,2025-08-08T14:46:02+08:00,1.4924,104.0159,C,Cloud to Cloud,2025-08-08T14:43:41.451+08:00
2025-08-09 11:14:30,2025-08-08T14:44:00+08:00,2025-08-08T14:46:02+08:00,1.5027,104.0269,C,Cloud to Cloud,2025-08-08T14:43:41.451+08:00
2025-08-09 11:14:30,2025-08-08T14:44:00+08:00,2025-08-08T14:46:02+08:00,1.0672,103.5051,C,Cloud to Cloud,2025-08-08T14:43:42.916+08:00
2025-08-09 11:14:30,2025-08-08T14:44:00+08:00,2025-08-08T14:46:02+08:00,1.0002,103.3794,C,Cloud to Cloud,2025-08-08T14:43:43.046+08:00
2025-08-09 11:14:30,2025-08-08T14:44:00+08:00,2025-08-08T14:46:02+08:00,1.4756,104.0332,C,Cloud to Cloud,2025-08-08T14:43:43.134+08:00
2025-08-09 11:14:30,2025-08-08T14:44:00+08:00,2025-08-08T14:46:02+08:00,1.4922,104.011,C,Cloud to Cloud,2025-08-08T14:43:43.134+08:00
2025-08-09 11:14:30,2025-08-08T14:44:00+08:00,2025-08-08T14:46:02+08:00,1.4808,104.0554,C,Cloud to Cloud,2025-08-08T14:43:50.407+08:00
2025-08-09 11:14:30,2025-08-08T14:44:00+08:00,2025-08-08T14:46:02+08:00,1.5375,104.0591,C,Cloud to Cloud,2025-08-08T14:43:50.407+08:00
2025-08-09 11:14:30,2025-08-08T14:44:00+08:00,2025-08-08T14:46:02+08:00,1.4782,104.0282,C,Cloud to Cloud,2025-08-08T14:43:50.485+08:00
2025-08-09 11:14:30,2025-08-08T14:44:00+08:00,2025-08-08T14:46:02+08:00,1.4881,104.0305,C,Cloud to Cloud,2025-08-08T14:43:50.485+08:00
2025-08-09 11:14:30,2025-08-08T14:44:00+08:00,2025-08-08T14:46:02+08:00,1.4883,104.0356,C,Cloud to Cloud,2025-08-08T14:43:50.485+08:00
2025-08-09 11:14:30,2025-08-08T14:44:00+08:00,2025-08-08T14:46:02+08:00,1.4851,104.0128,C,Cloud to Cloud,2025-08-08T14:43:52.682+08:00
2025-08-09 11:14:30,2025-08-08T14:44:00+08:00,2025-08-08T14:46:02+08:00,1.463,104.0396,C,Cloud to Cloud,2025-08-08T14:43:52.682+08:00
2025-08-09 11:14:30,2025-08-08T14:44:00+08:00,2025-08-08T14:46:02+08:00,1.4639,104.0114,C,Cloud to Cloud,2025-08-08T14:43:52.727+08:00
2025-08-09 11:14:30,2025-08-08T14:44:00+08:00,2025-08-08T14:46:02+08:00,1.4627,104.0241,C,Cloud to Cloud,2025-08-08T14:43:52.892+08:00
2025-08-09 11:14:30,2025-08-08T14:44:00+08:00,2025-08-08T14:46:02+08:00,1.4625,104.0239,C,Cloud to Cloud,2025-08-08T14:43:52.892+08:00
2025-08-09 11:14:30,2025-08-08T14:44:00+08:00,2025-08-08T14:46:02+08:00,1.4524,104.019,C,Cloud to Cloud,2025-08-08T14:43:52.892+08:00
2025-08-09 11:14:30,2025-08-08T14:44:00+08:00,2025-08-08T14:46:02+08:00,1.4703,104.0223,C,Cloud to Cloud,2025-08-08T14:43:52.931+08:00
2025-08-09 11:14:30,2025-08-08T14:44:00+08:00,2025-08-08T14:46:02+08:00,1.4743,104.0237,C,Cloud to Cloud,2025-08-08T14:43:52.931+08:00
2025-08-09 11:14:30,2025-08-08T14:44:00+08:00,2025-08-08T14:46:02+08:00,1.4695,104.026,C,Cloud to Cloud,2025-08-08T14:43:52.931+08:00
2025-08-09 11:14:30,2025-08-08T14:44:00+08:00,2025-08-08T14:46:02+08:00,1.4744,104.0394,C,Cloud to Cloud,2025-08-08T14:43:52.953+08:00
2025-08-09 11:14:30,2025-08-08T14:44:00+08:00,2025-08-08T14:46:02+08:00,1.4814,104.0425,C,Cloud to Cloud,2025-08-08T14:43:52.953+08:00
2025-08-09 11:14:30,2025-08-08T14:44:00+08:00,2025-08-08T14:46:02+08:00,1.4692,104.0201,C,Cloud to Cloud,2025-08-08T14:43:52.992+08:00
2025-08-09 11:14:30,2025-08-08T14:42:00+08:00,2025-08-08T14:44:02+08:00,1.4893,104.0264,C,Cloud to Cloud,2025-08-08T14:40:10.116+08:00
2025-08-09 11:14:30,2025-08-08T14:42:00+08:00,2025-08-08T14:44:02+08:00,1.4812,104.0223,G,Cloud to Ground,2025-08-08T14:40:10.116+08:00
2025-08-09 11:14:30,2025-08-08T14:42:00+08:00,2025-08-08T14:44:02+08:00,1.4823,104.0105,C,Cloud to Cloud,2025-08-08T14:40:10.116+08:00
2025-08-09 11:14:30,2025-08-08T14:42:00+08:00,2025-08-08T14:44:02+08:00,1.4799,104.0066,C,Cloud to Cloud,2025-08-08T14:40:10.117+08:00
2025-08-09 11:14:30,2025-08-08T14:42:00+08:00,2025-08-08T14:44:02+08:00,1.4996,104.0283,C,Cloud to Cloud,2025-08-08T14:40:10.117+08:00
2025-08-09 11:14:30,2025-08-08T14:42:00+08:00,2025-08-08T14:44:02+08:00,1.5079,104.0075,C,Cloud to Cloud,2025-08-08T14:40:10.12+08:00
2025-08-09 11:14:30,2025-08-08T14:42:00+08:00,2025-08-08T14:44:02+08:00,1.4852,104.0197,C,Cloud to Cloud,2025-08-08T14:40:10.133+08:00
2025-08-09 11:14:30,2025-08-08T14:42:00+08:00,2025-08-08T14:44:02+08:00,1.5088,104.0273,C,Cloud to Cloud,2025-08-08T14:40:10.133+08:00
2025-08-09 11:14:30,2025-08-08T14:42:00+08:00,2025-08-08T14:44:02+08:00,1.4817,104.0278,C,Cloud to Cloud,2025-08-08T14:40:10.137+08:00
2025-08-09 11:14:30,2025-08-08T14:42:00+08:00,2025-08-08T14:44:02+08:00,1.4771,104.0258,C,Cloud to Cloud,2025-08-08T14:40:10.137+08:00
2025-08-09 11:14:30,2025-08-08T14:42:00+08:00,2025-08-08T14:44:02+08:00,1.4768,104.0248,C,Cloud to Cloud,2025-08-08T14:40:10.176+08:00
2025-08-09 11:14:30,2025-08-08T14:42:00+08:00,2025-08-08T14:44:02+08:00,1.4914,104.0373,C,Cloud to Cloud,2025-08-08T14:40:10.194+08:00
2025-08-09 11:14:30,2025-08-08T14:42:00+08:00,2025-08-08T14:44:02+08:00,1.5427,104.0594,C,Cloud to Cloud,2025-08-08T14:40:10.212+08:00
2025-08-09 11:14:30,2025-08-08T14:42:00+08:00,2025-08-08T14:44:02+08:00,1.4924,104.0344,G,Cloud to Ground,2025-08-08T14:40:10.212+08:00
2025-08-09 11:14:30,2025-08-08T14:42:00+08:00,2025-08-08T14:44:02+08:00,1.486,104.0331,C,Cloud to Cloud,2025-08-08T14:40:10.212+08:00
2025-08-09 11:14:30,2025-08-08T14:42:00+08:00,2025-08-08T14:44:02+08:00,1.5076,104.0597,C,Cloud to Cloud,2025-08-08T14:40:10.212+08:00
2025-08-09 11:14:30,2025-08-08T14:42:00+08:00,2025-08-08T14:44:02+08:00,1.4945,104.0372,C,Cloud to Cloud,2025-08-08T14:40:10.212+08:00
2025-08-09 11:14:30,2025-08-08T14:42:00+08:00,2025-08-08T14:44:02+08:00,1.5038,104.0482,C,Cloud to Cloud,2025-08-08T14:40:10.212+08:00
2025-08-09 11:14:30,2025-08-08T14:42:00+08:00,2025-08-08T14:44:02+08:00,1.4898,104.0285,C,Cloud to Cloud,2025-08-08T14:40:10.212+08:00
2025-08-09 11:14:30,2025-08-08T14:42:00+08:00,2025-08-08T14:44:02+08:00,1.4925,104.0301,C,Cloud to Cloud,2025-08-08T14:40:10.258+08:00
2025-08-09 11:14:30,2025-08-08T14:42:00+08:00,2025-08-08T14:44:02+08:00,1.4855,104.0254,C,Cloud to Cloud,2025-08-08T14:40:10.272+08:00
2025-08-09 11:14:30,2025-08-08T14:42:00+08:00,2025-08-08T14:44:02+08:00,1.4869,104.0259,C,Cloud to Cloud,2025-08-08T14:40:10.272+08:00
2025-08-09 11:14:30,2025-08-08T14:42:00+08:00,2025-08-08T14:44:02+08:00,1.4863,104.0248,C,Cloud to Cloud,2025-08-08T14:40:10.272+08:00
2025-08-09 11:14:30,2025-08-08T14:42:00+08:00,2025-08-08T14:44:02+08:00,1.4887,104.0255,C,Cloud to Cloud,2025-08-08T14:40:10.272+08:00
2025-08-09 11:14:30,2025-08-08T14:42:00+08:00,2025-08-08T14:44:02+08:00,1.5031,104.0308,C,Cloud to Cloud,2025-08-08T14:40:10.273+08:00
2025-08-09 11:14:30,2025-08-08T14:42:00+08:00,2025-08-08T14:44:02+08:00,1.0528,103.4803,C,Cloud to Cloud,2025-08-08T14:40:23.626+08:00
2025-08-09 11:14:30,2025-08-08T14:42:00+08:00,2025-08-08T14:44:02+08:00,1.0708,103.4979,C,Cloud to Cloud,2025-08-08T14:40:23.672+08:00
2025-08-09 11:14:30,2025-08-08T14:42:00+08:00,2025-08-08T14:44:02+08:00,1.0603,103.4848,C,Cloud to Cloud,2025-08-08T14:40:23.711+08:00
2025-08-09 11:14:30,2025-08-08T14:42:00+08:00,2025-08-08T14:44:02+08:00,1.4794,104.0361,C,Cloud to Cloud,2025-08-08T14:40:27.349+08:00
2025-08-09 11:14:30,2025-08-08T14:42:00+08:00,2025-08-08T14:44:02+08:00,1.4957,104.0448,C,Cloud to Cloud,2025-08-08T14:40:27.349+08:00
2025-08-09 11:14:30,2025-08-08T14:42:00+08:00,2025-08-08T14:44:02+08:00,1.4498,104.0485,C,Cloud to Cloud,2025-08-08T14:40:27.35+08:00
2025-08-09 11:14:30,2025-08-08T14:42:00+08:00,2025-08-08T14:44:02+08:00,1.5103,104.0252,C,Cloud to Cloud,2025-08-08T14:40:27.351+08:00
2025-08-09 11:14:30,2025-08-08T14:42:00+08:00,2025-08-08T14:44:02+08:00,1.4874,104.0435,C,Cloud to Cloud,2025-08-08T14:40:27.352+08:00
2025-08-09 11:14:30,2025-08-08T14:42:00+08:00,2025-08-08T14:44:02+08:00,1.473,104.0416,C,Cloud to Cloud,2025-08-08T14:40:27.413+08:00
2025-08-09 11:14:30,2025-08-08T14:42:00+08:00,2025-08-08T14:44:02+08:00,1.4961,104.0406,C,Cloud to Cloud,2025-08-08T14:40:27.413+08:00
2025-08-09 11:14:30,2025-08-08T14:42:00+08:00,2025-08-08T14:44:02+08:00,1.4969,104.0596,C,Cloud to Cloud,2025-08-08T14:40:27.666+08:00
2025-08-09 11:14:30,2025-08-08T14:42:00+08:00,2025-08-08T14:44:02+08:00,1.4955,104.0495,C,Cloud to Cloud,2025-08-08T14:40:27.666+08:00
2025-08-09 11:14:30,2025-08-08T14:42:00+08:00,2025-08-08T14:44:02+08:00,1.4802,104.0426,C,Cloud to Cloud,2025-08-08T14:40:27.667+08:00
2025-08-09 11:14:30,2025-08-08T14:42:00+08:00,2025-08-08T14:44:02+08:00,1.4385,104.0527,C,Cloud to Cloud,2025-08-08T14:40:27.667+08:00
2025-08-09 11:14:30,2025-08-08T14:42:00+08:00,2025-08-08T14:44:02+08:00,1.438,103.9959,C,Cloud to Cloud,2025-08-08T14:40:57.555+08:00
2025-08-09 11:14:30,2025-08-08T14:42:00+08:00,2025-08-08T14:44:02+08:00,1.4172,104.016,C,Cloud to Cloud,2025-08-08T14:40:57.555+08:00
2025-08-09 11:14:30,2025-08-08T14:42:00+08:00,2025-08-08T14:44:02+08:00,1.487,104.0644,C,Cloud to Cloud,2025-08-08T14:40:57.57+08:00
2025-08-09 11:14:30,2025-08-08T14:42:00+08:00,2025-08-08T14:44:02+08:00,1.4728,104.0275,C,Cloud to Cloud,2025-08-08T14:40:57.868+08:00
2025-08-09 11:14:30,2025-08-08T14:42:00+08:00,2025-08-08T14:44:02+08:00,1.4797,104.0303,C,Cloud to Cloud,2025-08-08T14:40:57.868+08:00
2025-08-09 11:14:30,2025-08-08T14:42:00+08:00,2025-08-08T14:44:02+08:00,1.4267,103.9857,C,Cloud to Cloud,2025-08-08T14:40:57.868+08:00
2025-08-09 11:14:30,2025-08-08T14:42:00+08:00,2025-08-08T14:44:02+08:00,1.5028,104.0397,C,Cloud to Cloud,2025-08-08T14:40:58.003+08:00
2025-08-09 11:14:30,2025-08-08T14:42:00+08:00,2025-08-08T14:44:02+08:00,1.5228,104.0485,C,Cloud to Cloud,2025-08-08T14:40:58.003+08:00
2025-08-09 11:14:30,2025-08-08T14:42:00+08:00,2025-08-08T14:44:02+08:00,1.0213,103.4154,C,Cloud to Cloud,2025-08-08T14:41:01.371+08:00
2025-08-09 11:14:30,2025-08-08T14:42:00+08:00,2025-08-08T14:44:02+08:00,1.0008,103.4419,C,Cloud to Cloud,2025-08-08T14:41:18.164+08:00
2025-08-09 11:14:30,2025-08-08T14:42:00+08:00,2025-08-08T14:44:02+08:00,1.4827,104.0247,C,Cloud to Cloud,2025-08-08T14:41:24.343+08:00
2025-08-09 11:14:30,2025-08-08T14:42:00+08:00,2025-08-08T14:44:02+08:00,1.4896,104.0302,C,Cloud to Cloud,2025-08-08T14:41:24.343+08:00
2025-08-09 11:14:30,2025-08-08T14:42:00+08:00,2025-08-08T14:44:02+08:00,1.4906,104.029,C,Cloud to Cloud,2025-08-08T14:41:24.343+08:00
2025-08-09 11:14:30,2025-08-08T14:42:00+08:00,2025-08-08T14:44:02+08:00,1.4918,104.0287,C,Cloud to Cloud,2025-08-08T14:41:24.344+08:00
2025-08-09 11:14:30,2025-08-08T14:42:00+08:00,2025-08-08T14:44:02+08:00,1.4927,104.0269,C,Cloud to Cloud,2025-08-08T14:41:24.344+08:00
2025-08-09 11:14:30,2025-08-08T14:42:00+08:00,2025-08-08T14:44:02+08:00,1.4936,104.029,C,Cloud to Cloud,2025-08-08T14:41:24.344+08:00
2025-08-09 11:14:30,2025-08-08T14:42:00+08:00,2025-08-08T14:44:02+08:00,1.4926,104.0282,C,Cloud to Cloud,2025-08-08T14:41:24.344+08:00
2025-08-09 11:14:30,2025-08-08T14:42:00+08:00,2025-08-08T14:44:02+08:00,1.4854,104.0247,C,Cloud to Cloud,2025-08-08T14:41:24.344+08:00
2025-08-09 11:14:30,2025-08-08T14:42:00+08:00,2025-08-08T14:44:02+08:00,1.4915,104.0288,C,Cloud to Cloud,2025-08-08T14:41:24.345+08:00
2025-08-09 11:14:30,2025-08-08T14:42:00+08:00,2025-08-08T14:44:02+08:00,1.4927,104.0277,C,Cloud to Cloud,2025-08-08T14:41:24.345+08:00
2025-08-09 11:14:30,2025-08-08T14:42:00+08:00,2025-08-08T14:44:02+08:00,1.4932,104.0246,C,Cloud to Cloud,2025-08-08T14:41:24.345+08:00
2025-08-09 11:14:30,2025-08-08T14:42:00+08:00,2025-08-08T14:44:02+08:00,1.4955,104.0261,C,Cloud to Cloud,2025-08-08T14:41:24.345+08:00
2025-08-09 11:14:30,2025-08-08T14:42:00+08:00,2025-08-08T14:44:02+08:00,1.4956,104.0252,C,Cloud to Cloud,2025-08-08T14:41:24.345+08:00
2025-08-09 11:14:30,2025-08-08T14:42:00+08:00,2025-08-08T14:44:02+08:00,1.4941,104.0255,C,Cloud to Cloud,2025-08-08T14:41:24.345+08:00
2025-08-09 11:14:30,2025-08-08T14:42:00+08:00,2025-08-08T14:44:02+08:00,1.4965,104.0253,C,Cloud to Cloud,2025-08-08T14:41:24.345+08:00
2025-08-09 11:14:30,2025-08-08T14:42:00+08:00,2025-08-08T14:44:02+08:00,1.4949,104.0251,C,Cloud to Cloud,2025-08-08T14:41:24.345+08:00
2025-08-09 11:14:30,2025-08-08T14:42:00+08:00,2025-08-08T14:44:02+08:00,1.4934,104.0232,C,Cloud to Cloud,2025-08-08T14:41:24.345+08:00
2025-08-09 11:14:30,2025-08-08T14:42:00+08:00,2025-08-08T14:44:02+08:00,1.4928,104.0243,C,Cloud to Cloud,2025-08-08T14:41:24.345+08:00
2025-08-09 11:14:30,2025-08-08T14:42:00+08:00,2025-08-08T14:44:02+08:00,1.5156,104.0523,C,Cloud to Cloud,2025-08-08T14:41:24.345+08:00
2025-08-09 11:14:30,2025-08-08T14:42:00+08:00,2025-08-08T14:44:02+08:00,1.4942,104.0257,C,Cloud to Cloud,2025-08-08T14:41:24.346+08:00
2025-08-09 11:14:30,2025-08-08T14:42:00+08:00,2025-08-08T14:44:02+08:00,1.4917,104.0221,C,Cloud to Cloud,2025-08-08T14:41:24.346+08:00
2025-08-09 11:14:30,2025-08-08T14:42:00+08:00,2025-08-08T14:44:02+08:00,1.4944,104.0251,C,Cloud to Cloud,2025-08-08T14:41:24.346+08:00
2025-08-09 11:14:30,2025-08-08T14:42:00+08:00,2025-08-08T14:44:02+08:00,1.4939,104.0256,C,Cloud to Cloud,2025-08-08T14:41:24.346+08:00
2025-08-09 11:14:30,2025-08-08T14:42:00+08:00,2025-08-08T14:44:02+08:00,1.4933,104.0236,C,Cloud to Cloud,2025-08-08T14:41:24.346+08:00
2025-08-09 11:14:30,2025-08-08T14:42:00+08:00,2025-08-08T14:44:02+08:00,1.4934,104.0236,C,Cloud to Cloud,2025-08-08T14:41:24.346+08:00
2025-08-09 11:14:30,2025-08-08T14:42:00+08:00,2025-08-08T14:44:02+08:00,1.494,104.0241,C,Cloud to Cloud,2025-08-08T14:41:24.346+08:00
2025-08-09 11:14:30,2025-08-08T14:42:00+08:00,2025-08-08T14:44:02+08:00,1.4917,104.0243,C,Cloud to Cloud,2025-08-08T14:41:24.346+08:00
2025-08-09 11:14:30,2025-08-08T14:42:00+08:00,2025-08-08T14:44:02+08:00,1.4916,104.0216,C,Cloud to Cloud,2025-08-08T14:41:24.346+08:00
2025-08-09 11:14:30,2025-08-08T14:42:00+08:00,2025-08-08T14:44:02+08:00,1.4925,104.0212,C,Cloud to Cloud,2025-08-08T14:41:24.346+08:00
2025-08-09 11:14:30,2025-08-08T14:42:00+08:00,2025-08-08T14:44:02+08:00,1.4927,104.0197,C,Cloud to Cloud,2025-08-08T14:41:24.347+08:00
2025-08-09 11:14:30,2025-08-08T14:42:00+08:00,2025-08-08T14:44:02+08:00,1.4932,104.0225,C,Cloud to Cloud,2025-08-08T14:41:24.347+08:00
2025-08-09 11:14:30,2025-08-08T14:42:00+08:00,2025-08-08T14:44:02+08:00,1.4916,104.021,C,Cloud to Cloud,2025-08-08T14:41:24.347+08:00
2025-08-09 11:14:30,2025-08-08T14:42:00+08:00,2025-08-08T14:44:02+08:00,1.4926,104.02,C,Cloud to Cloud,2025-08-08T14:41:24.347+08:00
2025-08-09 11:14:30,2025-08-08T14:42:00+08:00,2025-08-08T14:44:02+08:00,1.4926,104.0222,C,Cloud to Cloud,2025-08-08T14:41:24.347+08:00
2025-08-09 11:14:30,2025-08-08T14:42:00+08:00,2025-08-08T14:44:02+08:00,1.4971,104.0228,C,Cloud to Cloud,2025-08-08T14:41:24.347+08:00
2025-08-09 11:14:30,2025-08-08T14:42:00+08:00,2025-08-08T14:44:02+08:00,1.4923,104.0246,C,Cloud to Cloud,2025-08-08T14:41:24.347+08:00
2025-08-09 11:14:30,2025-08-08T14:42:00+08:00,2025-08-08T14:44:02+08:00,1.4952,104.0224,C,Cloud to Cloud,2025-08-08T14:41:24.347+08:00
2025-08-09 11:14:30,2025-08-08T14:42:00+08:00,2025-08-08T14:44:02+08:00,1.4923,104.0226,C,Cloud to Cloud,2025-08-08T14:41:24.347+08:00
2025-08-09 11:14:30,2025-08-08T14:42:00+08:00,2025-08-08T14:44:02+08:00,1.4925,104.0223,C,Cloud to Cloud,2025-08-08T14:41:24.347+08:00
2025-08-09 11:14:30,2025-08-08T14:42:00+08:00,2025-08-08T14:44:02+08:00,1.4915,104.0212,C,Cloud to Cloud,2025-08-08T14:41:24.348+08:00
2025-08-09 11:14:30,2025-08-08T14:42:00+08:00,2025-08-08T14:44:02+08:00,1.4894,104.0194,C,Cloud to Cloud,2025-08-08T14:41:24.348+08:00
2025-08-09 11:14:30,2025-08-08T14:42:00+08:00,2025-08-08T14:44:02+08:00,1.4939,104.0302,C,Cloud to Cloud,2025-08-08T14:41:24.357+08:00
2025-08-09 11:14:30,2025-08-08T14:42:00+08:00,2025-08-08T14:44:02+08:00,1.4976,104.0304,C,Cloud to Cloud,2025-08-08T14:41:24.357+08:00
2025-08-09 11:14:30,2025-08-08T14:42:00+08:00,2025-08-08T14:44:02+08:00,1.4986,104.0282,C,Cloud to Cloud,2025-08-08T14:41:24.358+08:00
2025-08-09 11:14:30,2025-08-08T14:42:00+08:00,2025-08-08T14:44:02+08:00,1.4938,104.0246,C,Cloud to Cloud,2025-08-08T14:41:24.358+08:00
2025-08-09 11:14:30,2025-08-08T14:42:00+08:00,2025-08-08T14:44:02+08:00,1.4949,104.026,C,Cloud to Cloud,2025-08-08T14:41:24.358+08:00
2025-08-09 11:14:30,2025-08-08T14:42:00+08:00,2025-08-08T14:44:02+08:00,1.497,104.0257,C,Cloud to Cloud,2025-08-08T14:41:24.358+08:00
2025-08-09 11:14:30,2025-08-08T14:42:00+08:00,2025-08-08T14:44:02+08:00,1.4945,104.0253,C,Cloud to Cloud,2025-08-08T14:41:24.358+08:00
2025-08-09 11:14:30,2025-08-08T14:42:00+08:00,2025-08-08T14:44:02+08:00,1.4952,104.0233,C,Cloud to Cloud,2025-08-08T14:41:24.358+08:00
2025-08-09 11:14:30,2025-08-08T14:42:00+08:00,2025-08-08T14:44:02+08:00,1.4944,104.0228,C,Cloud to Cloud,2025-08-08T14:41:24.358+08:00
2025-08-09 11:14:30,2025-08-08T14:42:00+08:00,2025-08-08T14:44:02+08:00,1.4937,104.0224,C,Cloud to Cloud,2025-08-08T14:41:24.359+08:00
2025-08-09 11:14:30,2025-08-08T14:42:00+08:00,2025-08-08T14:44:02+08:00,1.4962,104.0212,C,Cloud to Cloud,2025-08-08T14:41:24.359+08:00
2025-08-09 11:14:30,2025-08-08T14:42:00+08:00,2025-08-08T14:44:02+08:00,1.495,104.0204,C,Cloud to Cloud,2025-08-08T14:41:24.359+08:00
2025-08-09 11:14:30,2025-08-08T14:42:00+08:00,2025-08-08T14:44:02+08:00,1.4898,104.0196,C,Cloud to Cloud,2025-08-08T14:41:24.359+08:00
2025-08-09 11:14:30,2025-08-08T14:42:00+08:00,2025-08-08T14:44:02+08:00,1.4926,104.0187,C,Cloud to Cloud,2025-08-08T14:41:24.359+08:00
2025-08-09 11:14:30,2025-08-08T14:42:00+08:00,2025-08-08T14:44:02+08:00,1.4955,104.0191,C,Cloud to Cloud,2025-08-08T14:41:24.36+08:00
2025-08-09 11:14:30,2025-08-08T14:42:00+08:00,2025-08-08T14:44:02+08:00,1.4913,104.0172,C,Cloud to Cloud,2025-08-08T14:41:24.36+08:00
2025-08-09 11:14:30,2025-08-08T14:42:00+08:00,2025-08-08T14:44:02+08:00,1.4958,104.0204,C,Cloud to Cloud,2025-08-08T14:41:24.36+08:00
2025-08-09 11:14:30,2025-08-08T14:42:00+08:00,2025-08-08T14:44:02+08:00,1.4948,104.0196,C,Cloud to Cloud,2025-08-08T14:41:24.36+08:00
2025-08-09 11:14:30,2025-08-08T14:42:00+08:00,2025-08-08T14:44:02+08:00,1.4909,104.019,C,Cloud to Cloud,2025-08-08T14:41:24.361+08:00
2025-08-09 11:14:30,2025-08-08T14:42:00+08:00,2025-08-08T14:44:02+08:00,1.488,104.019,C,Cloud to Cloud,2025-08-08T14:41:24.361+08:00
2025-08-09 11:14:30,2025-08-08T14:42:00+08:00,2025-08-08T14:44:02+08:00,1.4936,104.021,C,Cloud to Cloud,2025-08-08T14:41:24.361+08:00
2025-08-09 11:14:30,2025-08-08T14:42:00+08:00,2025-08-08T14:44:02+08:00,1.4955,104.0198,C,Cloud to Cloud,2025-08-08T14:41:24.361+08:00
2025-08-09 11:14:30,2025-08-08T14:42:00+08:00,2025-08-08T14:44:02+08:00,1.4869,104.0203,C,Cloud to Cloud,2025-08-08T14:41:24.361+08:00
2025-08-09 11:14:30,2025-08-08T14:42:00+08:00,2025-08-08T14:44:02+08:00,1.4943,104.0206,C,Cloud to Cloud,2025-08-08T14:41:24.361+08:00
2025-08-09 11:14:30,2025-08-08T14:42:00+08:00,2025-08-08T14:44:02+08:00,1.4783,104.0133,G,Cloud to Ground,2025-08-08T14:41:24.364+08:00
2025-08-09 11:14:30,2025-08-08T14:42:00+08:00,2025-08-08T14:44:02+08:00,1.5065,104.1318,G,Cloud to Ground,2025-08-08T14:41:24.364+08:00
2025-08-09 11:14:30,2025-08-08T14:42:00+08:00,2025-08-08T14:44:02+08:00,1.4877,104.0398,C,Cloud to Cloud,2025-08-08T14:41:24.379+08:00
2025-08-09 11:14:30,2025-08-08T14:42:00+08:00,2025-08-08T14:44:02+08:00,1.5281,104.0541,C,Cloud to Cloud,2025-08-08T14:41:24.379+08:00
2025-08-09 11:14:30,2025-08-08T14:42:00+08:00,2025-08-08T14:44:02+08:00,1.4861,104.039,C,Cloud to Cloud,2025-08-08T14:41:24.379+08:00
2025-08-09 11:14:30,2025-08-08T14:42:00+08:00,2025-08-08T14:44:02+08:00,1.4938,104.0295,C,Cloud to Cloud,2025-08-08T14:41:24.383+08:00
2025-08-09 11:14:30,2025-08-08T14:42:00+08:00,2025-08-08T14:44:02+08:00,1.4895,104.0362,C,Cloud to Cloud,2025-08-08T14:41:24.383+08:00
2025-08-09 11:14:30,2025-08-08T14:42:00+08:00,2025-08-08T14:44:02+08:00,1.4981,104.0227,C,Cloud to Cloud,2025-08-08T14:41:24.384+08:00
2025-08-09 11:14:30,2025-08-08T14:42:00+08:00,2025-08-08T14:44:02+08:00,1.5098,104.0263,C,Cloud to Cloud,2025-08-08T14:41:24.384+08:00
2025-08-09 11:14:30,2025-08-08T14:42:00+08:00,2025-08-08T14:44:02+08:00,1.5078,104.0203,C,Cloud to Cloud,2025-08-08T14:41:24.442+08:00
2025-08-09 11:14:30,2025-08-08T14:42:00+08:00,2025-08-08T14:44:02+08:00,1.5127,104.0308,G,Cloud to Ground,2025-08-08T14:41:24.442+08:00
2025-08-09 11:14:30,2025-08-08T14:42:00+08:00,2025-08-08T14:44:02+08:00,1.5087,104.0286,C,Cloud to Cloud,2025-08-08T14:41:24.442+08:00
2025-08-09 11:14:30,2025-08-08T14:42:00+08:00,2025-08-08T14:44:02+08:00,1.5157,104.0307,C,Cloud to Cloud,2025-08-08T14:41:24.442+08:00
2025-08-09 11:14:30,2025-08-08T14:42:00+08:00,2025-08-08T14:44:02+08:00,1.4748,104.0125,C,Cloud to Cloud,2025-08-08T14:41:24.474+08:00
2025-08-09 11:14:30,2025-08-08T14:42:00+08:00,2025-08-08T14:44:02+08:00,1.47,104.0241,C,Cloud to Cloud,2025-08-08T14:41:42.445+08:00
2025-08-09 11:14:30,2025-08-08T14:42:00+08:00,2025-08-08T14:44:02+08:00,1.4683,104.0378,C,Cloud to Cloud,2025-08-08T14:41:42.445+08:00
2025-08-09 11:14:30,2025-08-08T14:42:00+08:00,2025-08-08T14:44:02+08:00,1.4657,104.0237,C,Cloud to Cloud,2025-08-08T14:41:42.445+08:00
2025-08-09 11:14:30,2025-08-08T14:42:00+08:00,2025-08-08T14:44:02+08:00,1.4599,104.0189,C,Cloud to Cloud,2025-08-08T14:41:42.445+08:00
2025-08-09 11:14:30,2025-08-08T14:40:00+08:00,2025-08-08T14:42:03+08:00,1.4826,104.0112,C,Cloud to Cloud,2025-08-08T14:38:02.315+08:00
2025-08-09 11:14:30,2025-08-08T14:40:00+08:00,2025-08-08T14:42:03+08:00,1.4771,104.0034,G,Cloud to Ground,2025-08-08T14:38:02.315+08:00
2025-08-09 11:14:30,2025-08-08T14:40:00+08:00,2025-08-08T14:42:03+08:00,1.5335,104.0251,C,Cloud to Cloud,2025-08-08T14:38:02.315+08:00
2025-08-09 11:14:30,2025-08-08T14:40:00+08:00,2025-08-08T14:42:03+08:00,1.4862,104.0188,C,Cloud to Cloud,2025-08-08T14:38:02.315+08:00
2025-08-09 11:14:30,2025-08-08T14:40:00+08:00,2025-08-08T14:42:03+08:00,1.5111,104.0276,G,Cloud to Ground,2025-08-08T14:38:02.318+08:00
2025-08-09 11:14:30,2025-08-08T14:40:00+08:00,2025-08-08T14:42:03+08:00,1.507,104.0215,C,Cloud to Cloud,2025-08-08T14:38:02.319+08:00
2025-08-09 11:14:30,2025-08-08T14:40:00+08:00,2025-08-08T14:42:03+08:00,1.5058,104.019,C,Cloud to Cloud,2025-08-08T14:38:02.319+08:00
2025-08-09 11:14:30,2025-08-08T14:40:00+08:00,2025-08-08T14:42:03+08:00,1.4684,104.0302,C,Cloud to Cloud,2025-08-08T14:38:02.39+08:00
2025-08-09 11:14:30,2025-08-08T14:40:00+08:00,2025-08-08T14:42:03+08:00,1.475,104.0334,C,Cloud to Cloud,2025-08-08T14:38:02.391+08:00
2025-08-09 11:14:30,2025-08-08T14:40:00+08:00,2025-08-08T14:42:03+08:00,1.486,104.0243,C,Cloud to Cloud,2025-08-08T14:38:02.428+08:00
2025-08-09 11:14:30,2025-08-08T14:40:00+08:00,2025-08-08T14:42:03+08:00,1.4839,104.0249,C,Cloud to Cloud,2025-08-08T14:38:02.428+08:00
2025-08-09 11:14:30,2025-08-08T14:40:00+08:00,2025-08-08T14:42:03+08:00,1.4847,104.0253,C,Cloud to Cloud,2025-08-08T14:38:02.428+08:00
2025-08-09 11:14:30,2025-08-08T14:40:00+08:00,2025-08-08T14:42:03+08:00,1.489,104.0246,C,Cloud to Cloud,2025-08-08T14:38:02.428+08:00
2025-08-09 11:14:30,2025-08-08T14:40:00+08:00,2025-08-08T14:42:03+08:00,1.4875,104.0247,C,Cloud to Cloud,2025-08-08T14:38:02.428+08:00
2025-08-09 11:14:30,2025-08-08T14:40:00+08:00,2025-08-08T14:42:03+08:00,1.4896,104.0213,C,Cloud to Cloud,2025-08-08T14:38:02.428+08:00
2025-08-09 11:14:30,2025-08-08T14:40:00+08:00,2025-08-08T14:42:03+08:00,1.4868,104.046,C,Cloud to Cloud,2025-08-08T14:38:09.534+08:00
2025-08-09 11:14:30,2025-08-08T14:40:00+08:00,2025-08-08T14:42:03+08:00,1.4694,104.0445,C,Cloud to Cloud,2025-08-08T14:38:11.1+08:00
2025-08-09 11:14:30,2025-08-08T14:40:00+08:00,2025-08-08T14:42:03+08:00,1.4711,104.0431,C,Cloud to Cloud,2025-08-08T14:38:11.1+08:00
2025-08-09 11:14:30,2025-08-08T14:40:00+08:00,2025-08-08T14:42:03+08:00,1.4589,104.0266,C,Cloud to Cloud,2025-08-08T14:38:18.139+08:00
2025-08-09 11:14:30,2025-08-08T14:40:00+08:00,2025-08-08T14:42:03+08:00,1.4769,104.0331,G,Cloud to Ground,2025-08-08T14:38:18.139+08:00
2025-08-09 11:14:30,2025-08-08T14:40:00+08:00,2025-08-08T14:42:03+08:00,1.4979,104.0401,C,Cloud to Cloud,2025-08-08T14:38:18.14+08:00
2025-08-09 11:14:30,2025-08-08T14:40:00+08:00,2025-08-08T14:42:03+08:00,1.5129,104.0504,C,Cloud to Cloud,2025-08-08T14:38:18.172+08:00
2025-08-09 11:14:30,2025-08-08T14:40:00+08:00,2025-08-08T14:42:03+08:00,1.515,104.0494,C,Cloud to Cloud,2025-08-08T14:38:18.172+08:00
2025-08-09 11:14:30,2025-08-08T14:40:00+08:00,2025-08-08T14:42:03+08:00,1.5025,104.0451,C,Cloud to Cloud,2025-08-08T14:38:18.172+08:00
2025-08-09 11:14:30,2025-08-08T14:40:00+08:00,2025-08-08T14:42:03+08:00,1.4939,104.0449,C,Cloud to Cloud,2025-08-08T14:38:18.173+08:00
2025-08-09 11:14:30,2025-08-08T14:40:00+08:00,2025-08-08T14:42:03+08:00,1.4764,104.0322,G,Cloud to Ground,2025-08-08T14:38:18.185+08:00
2025-08-09 11:14:30,2025-08-08T14:40:00+08:00,2025-08-08T14:42:03+08:00,1.4732,104.0344,C,Cloud to Cloud,2025-08-08T14:38:18.216+08:00
2025-08-09 11:14:30,2025-08-08T14:40:00+08:00,2025-08-08T14:42:03+08:00,1.5125,104.0538,C,Cloud to Cloud,2025-08-08T14:38:18.216+08:00
2025-08-09 11:14:30,2025-08-08T14:40:00+08:00,2025-08-08T14:42:03+08:00,1.4648,104.0358,C,Cloud to Cloud,2025-08-08T14:38:24.435+08:00
2025-08-09 11:14:30,2025-08-08T14:40:00+08:00,2025-08-08T14:42:03+08:00,1.4735,104.041,C,Cloud to Cloud,2025-08-08T14:38:24.435+08:00
2025-08-09 11:14:30,2025-08-08T14:40:00+08:00,2025-08-08T14:42:03+08:00,1.4661,104.0487,C,Cloud to Cloud,2025-08-08T14:38:24.435+08:00
2025-08-09 11:14:30,2025-08-08T14:40:00+08:00,2025-08-08T14:42:03+08:00,1.4877,104.0819,C,Cloud to Cloud,2025-08-08T14:38:24.445+08:00
2025-08-09 11:14:30,2025-08-08T14:40:00+08:00,2025-08-08T14:42:03+08:00,1.4861,104.0651,C,Cloud to Cloud,2025-08-08T14:38:24.478+08:00
2025-08-09 11:14:30,2025-08-08T14:40:00+08:00,2025-08-08T14:42:03+08:00,1.503,104.0814,C,Cloud to Cloud,2025-08-08T14:38:24.479+08:00
2025-08-09 11:14:30,2025-08-08T14:40:00+08:00,2025-08-08T14:42:03+08:00,1.4764,104.0561,C,Cloud to Cloud,2025-08-08T14:38:24.492+08:00
2025-08-09 11:14:30,2025-08-08T14:40:00+08:00,2025-08-08T14:42:03+08:00,1.4784,104.0549,C,Cloud to Cloud,2025-08-08T14:38:24.492+08:00
2025-08-09 11:14:30,2025-08-08T14:40:00+08:00,2025-08-08T14:42:03+08:00,1.4964,104.0658,C,Cloud to Cloud,2025-08-08T14:38:24.492+08:00
2025-08-09 11:14:30,2025-08-08T14:40:00+08:00,2025-08-08T14:42:03+08:00,1.4739,104.0507,C,Cloud to Cloud,2025-08-08T14:38:24.498+08:00
2025-08-09 11:14:30,2025-08-08T14:40:00+08:00,2025-08-08T14:42:03+08:00,1.4771,104.0501,C,Cloud to Cloud,2025-08-08T14:38:24.499+08:00
2025-08-09 11:14:30,2025-08-08T14:40:00+08:00,2025-08-08T14:42:03+08:00,1.4988,104.064,C,Cloud to Cloud,2025-08-08T14:38:24.499+08:00
2025-08-09 11:14:30,2025-08-08T14:40:00+08:00,2025-08-08T14:42:03+08:00,1.4656,103.9976,C,Cloud to Cloud,2025-08-08T14:38:24.499+08:00
2025-08-09 11:14:30,2025-08-08T14:40:00+08:00,2025-08-08T14:42:03+08:00,1.4708,104.0481,C,Cloud to Cloud,2025-08-08T14:38:24.499+08:00
2025-08-09 11:14:30,2025-08-08T14:40:00+08:00,2025-08-08T14:42:03+08:00,1.4854,104.0577,C,Cloud to Cloud,2025-08-08T14:38:24.499+08:00
2025-08-09 11:14:30,2025-08-08T14:40:00+08:00,2025-08-08T14:42:03+08:00,1.503,104.043,G,Cloud to Ground,2025-08-08T14:38:33.743+08:00
2025-08-09 11:14:30,2025-08-08T14:40:00+08:00,2025-08-08T14:42:03+08:00,1.5191,104.063,C,Cloud to Cloud,2025-08-08T14:38:33.743+08:00
2025-08-09 11:14:30,2025-08-08T14:40:00+08:00,2025-08-08T14:42:03+08:00,1.4904,104.0598,C,Cloud to Cloud,2025-08-08T14:38:33.743+08:00
2025-08-09 11:14:30,2025-08-08T14:40:00+08:00,2025-08-08T14:42:03+08:00,1.4987,104.0522,C,Cloud to Cloud,2025-08-08T14:38:33.768+08:00
2025-08-09 11:14:30,2025-08-08T14:40:00+08:00,2025-08-08T14:42:03+08:00,1.5062,104.0539,C,Cloud to Cloud,2025-08-08T14:38:33.768+08:00
2025-08-09 11:14:30,2025-08-08T14:40:00+08:00,2025-08-08T14:42:03+08:00,1.5027,104.0529,C,Cloud to Cloud,2025-08-08T14:38:33.768+08:00
2025-08-09 11:14:30,2025-08-08T14:40:00+08:00,2025-08-08T14:42:03+08:00,1.5129,104.0579,C,Cloud to Cloud,2025-08-08T14:38:33.768+08:00
2025-08-09 11:14:30,2025-08-08T14:40:00+08:00,2025-08-08T14:42:03+08:00,1.5117,104.0513,C,Cloud to Cloud,2025-08-08T14:38:33.768+08:00
2025-08-09 11:14:30,2025-08-08T14:40:00+08:00,2025-08-08T14:42:03+08:00,1.5107,104.0456,C,Cloud to Cloud,2025-08-08T14:38:33.768+08:00
2025-08-09 11:14:30,2025-08-08T14:40:00+08:00,2025-08-08T14:42:03+08:00,1.5108,104.0541,G,Cloud to Ground,2025-08-08T14:38:33.769+08:00
2025-08-09 11:14:30,2025-08-08T14:40:00+08:00,2025-08-08T14:42:03+08:00,1.4976,104.0522,C,Cloud to Cloud,2025-08-08T14:38:33.822+08:00
2025-08-09 11:14:30,2025-08-08T14:40:00+08:00,2025-08-08T14:42:03+08:00,1.4999,104.0537,C,Cloud to Cloud,2025-08-08T14:38:33.822+08:00
2025-08-09 11:14:30,2025-08-08T14:40:00+08:00,2025-08-08T14:42:03+08:00,1.5136,104.0537,C,Cloud to Cloud,2025-08-08T14:38:33.822+08:00
2025-08-09 11:14:30,2025-08-08T14:40:00+08:00,2025-08-08T14:42:03+08:00,1.5044,104.0428,C,Cloud to Cloud,2025-08-08T14:38:33.822+08:00
2025-08-09 11:14:30,2025-08-08T14:40:00+08:00,2025-08-08T14:42:03+08:00,1.5067,104.0485,G,Cloud to Ground,2025-08-08T14:38:33.822+08:00
2025-08-09 11:14:30,2025-08-08T14:40:00+08:00,2025-08-08T14:42:03+08:00,1.4585,104.0324,C,Cloud to Cloud,2025-08-08T14:38:33.823+08:00
2025-08-09 11:14:30,2025-08-08T14:40:00+08:00,2025-08-08T14:42:03+08:00,1.4939,104.0308,C,Cloud to Cloud,2025-08-08T14:38:38.312+08:00
2025-08-09 11:14:30,2025-08-08T14:40:00+08:00,2025-08-08T14:42:03+08:00,1.464,104.026,C,Cloud to Cloud,2025-08-08T14:38:47.305+08:00
2025-08-09 11:14:30,2025-08-08T14:40:00+08:00,2025-08-08T14:42:03+08:00,1.4607,104.0286,C,Cloud to Cloud,2025-08-08T14:38:47.305+08:00
2025-08-09 11:14:30,2025-08-08T14:40:00+08:00,2025-08-08T14:42:03+08:00,1.457,104.057,C,Cloud to Cloud,2025-08-08T14:38:47.305+08:00
2025-08-09 11:14:30,2025-08-08T14:40:00+08:00,2025-08-08T14:42:03+08:00,1.4899,104.0203,C,Cloud to Cloud,2025-08-08T14:38:47.484+08:00
2025-08-09 11:14:30,2025-08-08T14:40:00+08:00,2025-08-08T14:42:03+08:00,1.4818,104.0457,C,Cloud to Cloud,2025-08-08T14:38:47.559+08:00
2025-08-09 11:14:30,2025-08-08T14:40:00+08:00,2025-08-08T14:42:03+08:00,1.4904,104.0521,C,Cloud to Cloud,2025-08-08T14:38:47.559+08:00
2025-08-09 11:14:30,2025-08-08T14:40:00+08:00,2025-08-08T14:42:03+08:00,1.4957,104.0669,C,Cloud to Cloud,2025-08-08T14:38:47.559+08:00
2025-08-09 11:14:30,2025-08-08T14:40:00+08:00,2025-08-08T14:42:03+08:00,1.4901,104.0565,C,Cloud to Cloud,2025-08-08T14:38:47.622+08:00
2025-08-09 11:14:30,2025-08-08T14:40:00+08:00,2025-08-08T14:42:03+08:00,1.4999,104.0633,C,Cloud to Cloud,2025-08-08T14:38:47.622+08:00
2025-08-09 11:14:30,2025-08-08T14:40:00+08:00,2025-08-08T14:42:03+08:00,1.4803,104.0307,C,Cloud to Cloud,2025-08-08T14:38:47.626+08:00
2025-08-09 11:14:30,2025-08-08T14:40:00+08:00,2025-08-08T14:42:03+08:00,1.4822,104.05,C,Cloud to Cloud,2025-08-08T14:39:07.377+08:00
2025-08-09 11:14:30,2025-08-08T14:40:00+08:00,2025-08-08T14:42:03+08:00,1.487,104.0593,C,Cloud to Cloud,2025-08-08T14:39:07.533+08:00
2025-08-09 11:14:30,2025-08-08T14:40:00+08:00,2025-08-08T14:42:03+08:00,1.4782,104.0557,C,Cloud to Cloud,2025-08-08T14:39:07.636+08:00
2025-08-09 11:14:30,2025-08-08T14:40:00+08:00,2025-08-08T14:42:03+08:00,1.478,104.0506,C,Cloud to Cloud,2025-08-08T14:39:07.65+08:00
2025-08-09 11:14:30,2025-08-08T14:40:00+08:00,2025-08-08T14:42:03+08:00,1.462,104.0377,C,Cloud to Cloud,2025-08-08T14:39:07.692+08:00
2025-08-09 11:14:30,2025-08-08T14:40:00+08:00,2025-08-08T14:42:03+08:00,1.4599,104.0364,C,Cloud to Cloud,2025-08-08T14:39:07.693+08:00
2025-08-09 11:14:30,2025-08-08T14:40:00+08:00,2025-08-08T14:42:03+08:00,1.4503,104.0537,C,Cloud to Cloud,2025-08-08T14:39:07.71+08:00
2025-08-09 11:14:30,2025-08-08T14:40:00+08:00,2025-08-08T14:42:03+08:00,1.4604,104.0621,C,Cloud to Cloud,2025-08-08T14:39:07.71+08:00
2025-08-09 11:14:30,2025-08-08T14:40:00+08:00,2025-08-08T14:42:03+08:00,1.4623,104.0462,C,Cloud to Cloud,2025-08-08T14:39:07.724+08:00
2025-08-09 11:14:30,2025-08-08T14:40:00+08:00,2025-08-08T14:42:03+08:00,1.5014,104.0845,C,Cloud to Cloud,2025-08-08T14:39:07.724+08:00
2025-08-09 11:14:30,2025-08-08T14:40:00+08:00,2025-08-08T14:42:03+08:00,1.4679,104.0926,C,Cloud to Cloud,2025-08-08T14:39:07.761+08:00
2025-08-09 11:14:30,2025-08-08T14:40:00+08:00,2025-08-08T14:42:03+08:00,1.4746,104.1159,C,Cloud to Cloud,2025-08-08T14:39:07.778+08:00
2025-08-09 11:14:30,2025-08-08T14:40:00+08:00,2025-08-08T14:42:03+08:00,1.4734,104.0295,C,Cloud to Cloud,2025-08-08T14:39:07.839+08:00
2025-08-09 11:14:30,2025-08-08T14:40:00+08:00,2025-08-08T14:42:03+08:00,1.4759,104.0177,G,Cloud to Ground,2025-08-08T14:39:15.518+08:00
2025-08-09 11:14:30,2025-08-08T14:40:00+08:00,2025-08-08T14:42:03+08:00,1.4786,104.0335,C,Cloud to Cloud,2025-08-08T14:39:15.583+08:00
2025-08-09 11:14:30,2025-08-08T14:40:00+08:00,2025-08-08T14:42:03+08:00,1.4967,104.0457,C,Cloud to Cloud,2025-08-08T14:39:15.596+08:00
2025-08-09 11:14:30,2025-08-08T14:40:00+08:00,2025-08-08T14:42:03+08:00,1.4931,104.0443,C,Cloud to Cloud,2025-08-08T14:39:15.596+08:00
2025-08-09 11:14:30,2025-08-08T14:40:00+08:00,2025-08-08T14:42:03+08:00,1.4957,104.0453,C,Cloud to Cloud,2025-08-08T14:39:15.596+08:00
2025-08-09 11:14:30,2025-08-08T14:40:00+08:00,2025-08-08T14:42:03+08:00,1.4895,104.0424,C,Cloud to Cloud,2025-08-08T14:39:15.596+08:00
2025-08-09 11:14:30,2025-08-08T14:40:00+08:00,2025-08-08T14:42:03+08:00,1.4907,103.9842,C,Cloud to Cloud,2025-08-08T14:39:23.306+08:00
2025-08-09 11:14:30,2025-08-08T14:40:00+08:00,2025-08-08T14:42:03+08:00,1.4921,104.0442,C,Cloud to Cloud,2025-08-08T14:39:23.365+08:00
2025-08-09 11:14:30,2025-08-08T14:40:00+08:00,2025-08-08T14:42:03+08:00,1.4785,104.0381,C,Cloud to Cloud,2025-08-08T14:39:23.365+08:00
2025-08-09 11:14:30,2025-08-08T14:40:00+08:00,2025-08-08T14:42:03+08:00,1.476,104.0263,C,Cloud to Cloud,2025-08-08T14:39:23.365+08:00
2025-08-09 11:14:30,2025-08-08T14:40:00+08:00,2025-08-08T14:42:03+08:00,1.4879,104.0313,C,Cloud to Cloud,2025-08-08T14:39:23.365+08:00
2025-08-09 11:14:30,2025-08-08T14:40:00+08:00,2025-08-08T14:42:03+08:00,1.4748,104.0308,C,Cloud to Cloud,2025-08-08T14:39:23.365+08:00
2025-08-09 11:14:30,2025-08-08T14:40:00+08:00,2025-08-08T14:42:03+08:00,1.4812,104.0381,C,Cloud to Cloud,2025-08-08T14:39:23.365+08:00
2025-08-09 11:14:30,2025-08-08T14:40:00+08:00,2025-08-08T14:42:03+08:00,1.4963,104.0095,C,Cloud to Cloud,2025-08-08T14:39:23.365+08:00
2025-08-09 11:14:30,2025-08-08T14:40:00+08:00,2025-08-08T14:42:03+08:00,1.476,104.039,C,Cloud to Cloud,2025-08-08T14:39:23.43+08:00
2025-08-09 11:14:30,2025-08-08T14:40:00+08:00,2025-08-08T14:42:03+08:00,1.516,104.0601,C,Cloud to Cloud,2025-08-08T14:39:23.43+08:00
2025-08-09 11:14:30,2025-08-08T14:40:00+08:00,2025-08-08T14:42:03+08:00,1.4704,104.0322,C,Cloud to Cloud,2025-08-08T14:39:23.455+08:00
2025-08-09 11:14:30,2025-08-08T14:40:00+08:00,2025-08-08T14:42:03+08:00,1.4895,104.0415,C,Cloud to Cloud,2025-08-08T14:39:23.455+08:00
2025-08-09 11:14:30,2025-08-08T14:40:00+08:00,2025-08-08T14:42:03+08:00,1.5318,104.0776,C,Cloud to Cloud,2025-08-08T14:39:23.484+08:00
2025-08-09 11:14:30,2025-08-08T14:40:00+08:00,2025-08-08T14:42:03+08:00,1.4818,104.0409,C,Cloud to Cloud,2025-08-08T14:39:23.518+08:00
2025-08-09 11:14:30,2025-08-08T14:40:00+08:00,2025-08-08T14:42:03+08:00,1.4916,104.0468,C,Cloud to Cloud,2025-08-08T14:39:23.518+08:00
2025-08-09 11:14:30,2025-08-08T14:40:00+08:00,2025-08-08T14:42:03+08:00,1.4983,104.0279,C,Cloud to Cloud,2025-08-08T14:39:42.088+08:00
2025-08-09 11:14:30,2025-08-08T14:40:00+08:00,2025-08-08T14:42:03+08:00,1.504,104.0283,C,Cloud to Cloud,2025-08-08T14:39:42.089+08:00
2025-08-09 11:14:30,2025-08-08T14:40:00+08:00,2025-08-08T14:42:03+08:00,1.4949,104.0233,C,Cloud to Cloud,2025-08-08T14:39:42.089+08:00
2025-08-09 11:14:30,2025-08-08T14:40:00+08:00,2025-08-08T14:42:03+08:00,1.5042,104.028,C,Cloud to Cloud,2025-08-08T14:39:42.089+08:00
2025-08-09 11:14:30,2025-08-08T14:40:00+08:00,2025-08-08T14:42:03+08:00,1.4792,104.0113,C,Cloud to Cloud,2025-08-08T14:39:42.131+08:00
2025-08-09 11:14:30,2025-08-08T14:40:00+08:00,2025-08-08T14:42:03+08:00,1.4832,104.0102,G,Cloud to Ground,2025-08-08T14:39:42.131+08:00
2025-08-09 11:14:30,2025-08-08T14:40:00+08:00,2025-08-08T14:42:03+08:00,1.4946,104.0157,C,Cloud to Cloud,2025-08-08T14:39:42.132+08:00
2025-08-09 11:14:30,2025-08-08T14:40:00+08:00,2025-08-08T14:42:03+08:00,1.4785,104.0047,C,Cloud to Cloud,2025-08-08T14:39:42.132+08:00
2025-08-09 11:14:30,2025-08-08T14:40:00+08:00,2025-08-08T14:42:03+08:00,1.5027,104.0171,C,Cloud to Cloud,2025-08-08T14:39:42.189+08:00
2025-08-09 11:14:30,2025-08-08T14:40:00+08:00,2025-08-08T14:42:03+08:00,1.4844,104.0168,C,Cloud to Cloud,2025-08-08T14:39:42.189+08:00
2025-08-09 11:14:30,2025-08-08T14:40:00+08:00,2025-08-08T14:42:03+08:00,1.484,104.0086,C,Cloud to Cloud,2025-08-08T14:39:42.189+08:00
2025-08-09 11:14:30,2025-08-08T14:40:00+08:00,2025-08-08T14:42:03+08:00,1.4839,104.0138,C,Cloud to Cloud,2025-08-08T14:39:42.189+08:00
2025-08-09 11:14:30,2025-08-08T14:40:00+08:00,2025-08-08T14:42:03+08:00,1.4739,104.0067,C,Cloud to Cloud,2025-08-08T14:39:42.19+08:00
2025-08-09 11:14:30,2025-08-08T14:40:00+08:00,2025-08-08T14:42:03+08:00,1.4888,104.0126,G,Cloud to Ground,2025-08-08T14:39:42.19+08:00
2025-08-09 11:14:30,2025-08-08T14:40:00+08:00,2025-08-08T14:42:03+08:00,1.479,104.0163,C,Cloud to Cloud,2025-08-08T14:39:42.191+08:00
2025-08-09 11:14:30,2025-08-08T14:40:00+08:00,2025-08-08T14:42:03+08:00,1.4791,103.9902,C,Cloud to Cloud,2025-08-08T14:39:42.192+08:00
2025-08-09 11:14:30,2025-08-08T14:40:00+08:00,2025-08-08T14:42:03+08:00,1.4773,104.031,C,Cloud to Cloud,2025-08-08T14:39:42.299+08:00
2025-08-09 11:14:30,2025-08-08T14:40:00+08:00,2025-08-08T14:42:03+08:00,1.4902,104.0196,C,Cloud to Cloud,2025-08-08T14:39:42.321+08:00
2025-08-09 11:14:30,2025-08-08T14:40:00+08:00,2025-08-08T14:42:03+08:00,1.4974,104.0208,C,Cloud to Cloud,2025-08-08T14:39:42.321+08:00
2025-08-09 11:14:30,2025-08-08T14:40:00+08:00,2025-08-08T14:42:03+08:00,1.4911,104.0213,C,Cloud to Cloud,2025-08-08T14:39:42.322+08:00
2025-08-09 11:14:30,2025-08-08T14:40:00+08:00,2025-08-08T14:42:03+08:00,1.4911,104.0217,C,Cloud to Cloud,2025-08-08T14:39:42.322+08:00
2025-08-09 11:14:30,2025-08-08T14:40:00+08:00,2025-08-08T14:42:03+08:00,1.4913,104.0175,C,Cloud to Cloud,2025-08-08T14:39:42.322+08:00
2025-08-09 11:14:30,2025-08-08T14:40:00+08:00,2025-08-08T14:42:03+08:00,1.4863,104.0177,C,Cloud to Cloud,2025-08-08T14:39:42.322+08:00
2025-08-09 11:14:30,2025-08-08T14:40:00+08:00,2025-08-08T14:42:03+08:00,1.4778,104.0151,C,Cloud to Cloud,2025-08-08T14:39:42.322+08:00
2025-08-09 11:14:30,2025-08-08T14:40:00+08:00,2025-08-08T14:42:03+08:00,1.4854,104.0105,G,Cloud to Ground,2025-08-08T14:39:42.324+08:00
2025-08-09 11:14:30,2025-08-08T14:40:00+08:00,2025-08-08T14:42:03+08:00,1.4724,104.0342,C,Cloud to Cloud,2025-08-08T14:39:42.325+08:00
2025-08-09 11:14:30,2025-08-08T14:40:00+08:00,2025-08-08T14:42:03+08:00,1.5231,104.0594,C,Cloud to Cloud,2025-08-08T14:39:42.325+08:00
2025-08-09 11:14:30,2025-08-08T14:40:00+08:00,2025-08-08T14:42:03+08:00,1.4964,104.0147,C,Cloud to Cloud,2025-08-08T14:39:42.371+08:00
2025-08-09 11:14:30,2025-08-08T14:40:00+08:00,2025-08-08T14:42:03+08:00,1.4825,104.0057,G,Cloud to Ground,2025-08-08T14:39:42.371+08:00
2025-08-09 11:14:30,2025-08-08T14:40:00+08:00,2025-08-08T14:42:03+08:00,1.4778,104.0408,C,Cloud to Cloud,2025-08-08T14:39:42.406+08:00
2025-08-09 11:14:30,2025-08-08T14:40:00+08:00,2025-08-08T14:42:03+08:00,1.4866,104.0451,C,Cloud to Cloud,2025-08-08T14:39:42.406+08:00
2025-08-09 11:14:30,2025-08-08T14:40:00+08:00,2025-08-08T14:42:03+08:00,1.4879,104.012,G,Cloud to Ground,2025-08-08T14:39:42.408+08:00
2025-08-09 11:14:30,2025-08-08T14:40:00+08:00,2025-08-08T14:42:03+08:00,1.465,104.0176,C,Cloud to Cloud,2025-08-08T14:39:42.542+08:00
2025-08-09 11:14:30,2025-08-08T14:40:00+08:00,2025-08-08T14:42:03+08:00,1.4684,104.0337,C,Cloud to Cloud,2025-08-08T14:39:42.565+08:00
2025-08-09 11:14:30,2025-08-08T14:40:00+08:00,2025-08-08T14:42:03+08:00,1.4681,104.0336,C,Cloud to Cloud,2025-08-08T14:39:42.565+08:00
2025-08-09 11:14:30,2025-08-08T14:40:00+08:00,2025-08-08T14:42:03+08:00,1.4759,104.0599,C,Cloud to Cloud,2025-08-08T14:39:51.424+08:00
2025-08-09 11:14:30,2025-08-08T14:40:00+08:00,2025-08-08T14:42:03+08:00,1.4698,104.0543,C,Cloud to Cloud,2025-08-08T14:39:51.424+08:00
2025-08-09 11:14:30,2025-08-08T14:38:00+08:00,2025-08-08T14:40:03+08:00,1.4696,104.0458,C,Cloud to Cloud,2025-08-08T14:36:02.504+08:00
2025-08-09 11:14:30,2025-08-08T14:38:00+08:00,2025-08-08T14:40:03+08:00,1.4697,104.0385,C,Cloud to Cloud,2025-08-08T14:36:02.567+08:00
2025-08-09 11:14:30,2025-08-08T14:38:00+08:00,2025-08-08T14:40:03+08:00,1.5249,104.0708,C,Cloud to Cloud,2025-08-08T14:36:02.567+08:00
2025-08-09 11:14:30,2025-08-08T14:38:00+08:00,2025-08-08T14:40:03+08:00,1.4828,104.0537,C,Cloud to Cloud,2025-08-08T14:36:02.578+08:00
2025-08-09 11:14:30,2025-08-08T14:38:00+08:00,2025-08-08T14:40:03+08:00,1.4631,104.0249,C,Cloud to Cloud,2025-08-08T14:36:02.589+08:00
2025-08-09 11:14:30,2025-08-08T14:38:00+08:00,2025-08-08T14:40:03+08:00,1.4776,104.0421,C,Cloud to Cloud,2025-08-08T14:36:02.604+08:00
2025-08-09 11:14:30,2025-08-08T14:38:00+08:00,2025-08-08T14:40:03+08:00,1.4642,104.0099,C,Cloud to Cloud,2025-08-08T14:36:05.314+08:00
2025-08-09 11:14:30,2025-08-08T14:38:00+08:00,2025-08-08T14:40:03+08:00,1.4855,104.0681,C,Cloud to Cloud,2025-08-08T14:36:05.314+08:00
2025-08-09 11:14:30,2025-08-08T14:38:00+08:00,2025-08-08T14:40:03+08:00,1.4542,104.0017,C,Cloud to Cloud,2025-08-08T14:36:05.314+08:00
2025-08-09 11:14:30,2025-08-08T14:38:00+08:00,2025-08-08T14:40:03+08:00,1.463,104.0332,C,Cloud to Cloud,2025-08-08T14:36:05.315+08:00
2025-08-09 11:14:30,2025-08-08T14:38:00+08:00,2025-08-08T14:40:03+08:00,1.4631,104.0074,C,Cloud to Cloud,2025-08-08T14:36:05.315+08:00
2025-08-09 11:14:30,2025-08-08T14:38:00+08:00,2025-08-08T14:40:03+08:00,1.4643,104.0345,C,Cloud to Cloud,2025-08-08T14:36:05.323+08:00
2025-08-09 11:14:30,2025-08-08T14:38:00+08:00,2025-08-08T14:40:03+08:00,1.5274,104.0303,C,Cloud to Cloud,2025-08-08T14:36:05.323+08:00
2025-08-09 11:14:30,2025-08-08T14:38:00+08:00,2025-08-08T14:40:03+08:00,1.4796,104.0364,C,Cloud to Cloud,2025-08-08T14:36:05.332+08:00
2025-08-09 11:14:30,2025-08-08T14:38:00+08:00,2025-08-08T14:40:03+08:00,1.5105,104.0701,C,Cloud to Cloud,2025-08-08T14:36:05.347+08:00
2025-08-09 11:14:30,2025-08-08T14:38:00+08:00,2025-08-08T14:40:03+08:00,1.4715,104.0425,C,Cloud to Cloud,2025-08-08T14:36:13.5+08:00
2025-08-09 11:14:30,2025-08-08T14:38:00+08:00,2025-08-08T14:40:03+08:00,1.5108,104.0242,C,Cloud to Cloud,2025-08-08T14:36:13.5+08:00
2025-08-09 11:14:30,2025-08-08T14:38:00+08:00,2025-08-08T14:40:03+08:00,1.4739,104.0439,C,Cloud to Cloud,2025-08-08T14:36:13.5+08:00
2025-08-09 11:14:30,2025-08-08T14:38:00+08:00,2025-08-08T14:40:03+08:00,1.4753,104.0451,C,Cloud to Cloud,2025-08-08T14:36:13.536+08:00
2025-08-09 11:14:30,2025-08-08T14:38:00+08:00,2025-08-08T14:40:03+08:00,1.4729,104.0431,C,Cloud to Cloud,2025-08-08T14:36:13.596+08:00
2025-08-09 11:14:30,2025-08-08T14:38:00+08:00,2025-08-08T14:40:03+08:00,1.4779,104.0447,C,Cloud to Cloud,2025-08-08T14:36:13.596+08:00
2025-08-09 11:14:30,2025-08-08T14:38:00+08:00,2025-08-08T14:40:03+08:00,1.4892,104.0613,C,Cloud to Cloud,2025-08-08T14:36:13.596+08:00
2025-08-09 11:14:30,2025-08-08T14:38:00+08:00,2025-08-08T14:40:03+08:00,1.5218,104.0343,C,Cloud to Cloud,2025-08-08T14:36:21.16+08:00
2025-08-09 11:14:30,2025-08-08T14:38:00+08:00,2025-08-08T14:40:03+08:00,0.9972,103.452,C,Cloud to Cloud,2025-08-08T14:36:24.115+08:00
2025-08-09 11:14:30,2025-08-08T14:38:00+08:00,2025-08-08T14:40:03+08:00,0.9537,103.4045,C,Cloud to Cloud,2025-08-08T14:36:24.115+08:00
2025-08-09 11:14:30,2025-08-08T14:38:00+08:00,2025-08-08T14:40:03+08:00,1.0065,103.4585,C,Cloud to Cloud,2025-08-08T14:36:24.181+08:00
2025-08-09 11:14:30,2025-08-08T14:38:00+08:00,2025-08-08T14:40:03+08:00,1.4682,104.0428,C,Cloud to Cloud,2025-08-08T14:36:28.858+08:00
2025-08-09 11:14:30,2025-08-08T14:38:00+08:00,2025-08-08T14:40:03+08:00,1.4676,104.0249,C,Cloud to Cloud,2025-08-08T14:36:36.824+08:00
2025-08-09 11:14:30,2025-08-08T14:38:00+08:00,2025-08-08T14:40:03+08:00,1.512,104.039,C,Cloud to Cloud,2025-08-08T14:36:36.824+08:00
2025-08-09 11:14:30,2025-08-08T14:38:00+08:00,2025-08-08T14:40:03+08:00,1.4755,104.0529,C,Cloud to Cloud,2025-08-08T14:36:41.135+08:00
2025-08-09 11:14:30,2025-08-08T14:38:00+08:00,2025-08-08T14:40:03+08:00,1.48,104.0594,C,Cloud to Cloud,2025-08-08T14:36:41.279+08:00
2025-08-09 11:14:30,2025-08-08T14:38:00+08:00,2025-08-08T14:40:03+08:00,1.509,104.0796,C,Cloud to Cloud,2025-08-08T14:36:41.308+08:00
2025-08-09 11:14:30,2025-08-08T14:38:00+08:00,2025-08-08T14:40:03+08:00,1.4782,104.0577,C,Cloud to Cloud,2025-08-08T14:36:41.308+08:00
2025-08-09 11:14:30,2025-08-08T14:38:00+08:00,2025-08-08T14:40:03+08:00,1.5119,104.0772,C,Cloud to Cloud,2025-08-08T14:36:41.308+08:00
2025-08-09 11:14:30,2025-08-08T14:38:00+08:00,2025-08-08T14:40:03+08:00,1.5056,104.0752,C,Cloud to Cloud,2025-08-08T14:36:41.308+08:00
2025-08-09 11:14:30,2025-08-08T14:38:00+08:00,2025-08-08T14:40:03+08:00,1.4658,104.0485,C,Cloud to Cloud,2025-08-08T14:36:41.308+08:00
2025-08-09 11:14:30,2025-08-08T14:38:00+08:00,2025-08-08T14:40:03+08:00,1.4799,104.0539,C,Cloud to Cloud,2025-08-08T14:36:49.759+08:00
2025-08-09 11:14:30,2025-08-08T14:38:00+08:00,2025-08-08T14:40:03+08:00,1.5112,104.0279,C,Cloud to Cloud,2025-08-08T14:36:49.784+08:00
2025-08-09 11:14:30,2025-08-08T14:38:00+08:00,2025-08-08T14:40:03+08:00,1.4714,104.0538,C,Cloud to Cloud,2025-08-08T14:36:49.829+08:00
2025-08-09 11:14:30,2025-08-08T14:38:00+08:00,2025-08-08T14:40:03+08:00,1.5286,104.0827,C,Cloud to Cloud,2025-08-08T14:36:59.045+08:00
2025-08-09 11:14:30,2025-08-08T14:38:00+08:00,2025-08-08T14:40:03+08:00,1.4978,104.0675,C,Cloud to Cloud,2025-08-08T14:36:59.045+08:00
2025-08-09 11:14:30,2025-08-08T14:38:00+08:00,2025-08-08T14:40:03+08:00,1.4556,104.0908,C,Cloud to Cloud,2025-08-08T14:36:59.058+08:00
2025-08-09 11:14:30,2025-08-08T14:38:00+08:00,2025-08-08T14:40:03+08:00,1.5037,104.1092,C,Cloud to Cloud,2025-08-08T14:36:59.105+08:00
2025-08-09 11:14:30,2025-08-08T14:38:00+08:00,2025-08-08T14:40:03+08:00,1.4827,104.0393,C,Cloud to Cloud,2025-08-08T14:36:59.105+08:00
2025-08-09 11:14:30,2025-08-08T14:38:00+08:00,2025-08-08T14:40:03+08:00,1.4789,104.038,C,Cloud to Cloud,2025-08-08T14:36:59.105+08:00
2025-08-09 11:14:30,2025-08-08T14:38:00+08:00,2025-08-08T14:40:03+08:00,1.0127,103.4554,C,Cloud to Cloud,2025-08-08T14:37:05.687+08:00
2025-08-09 11:14:30,2025-08-08T14:38:00+08:00,2025-08-08T14:40:03+08:00,1.4462,104.0287,C,Cloud to Cloud,2025-08-08T14:37:07.595+08:00
2025-08-09 11:14:30,2025-08-08T14:38:00+08:00,2025-08-08T14:40:03+08:00,1.4743,104.0589,C,Cloud to Cloud,2025-08-08T14:37:07.687+08:00
2025-08-09 11:14:30,2025-08-08T14:38:00+08:00,2025-08-08T14:40:03+08:00,1.5037,104.0803,C,Cloud to Cloud,2025-08-08T14:37:07.713+08:00
2025-08-09 11:14:30,2025-08-08T14:38:00+08:00,2025-08-08T14:40:03+08:00,1.4714,104.0584,C,Cloud to Cloud,2025-08-08T14:37:07.741+08:00
2025-08-09 11:14:30,2025-08-08T14:38:00+08:00,2025-08-08T14:40:03+08:00,1.4685,104.047,C,Cloud to Cloud,2025-08-08T14:37:07.76+08:00
2025-08-09 11:14:30,2025-08-08T14:38:00+08:00,2025-08-08T14:40:03+08:00,1.4802,104.0287,C,Cloud to Cloud,2025-08-08T14:37:07.76+08:00
2025-08-09 11:14:30,2025-08-08T14:38:00+08:00,2025-08-08T14:40:03+08:00,1.4735,104.048,C,Cloud to Cloud,2025-08-08T14:37:07.76+08:00
2025-08-09 11:14:30,2025-08-08T14:38:00+08:00,2025-08-08T14:40:03+08:00,1.475,104.0459,C,Cloud to Cloud,2025-08-08T14:37:07.81+08:00
2025-08-09 11:14:30,2025-08-08T14:38:00+08:00,2025-08-08T14:40:03+08:00,1.4758,104.0465,C,Cloud to Cloud,2025-08-08T14:37:07.81+08:00
2025-08-09 11:14:30,2025-08-08T14:38:00+08:00,2025-08-08T14:40:03+08:00,1.4691,104.0366,C,Cloud to Cloud,2025-08-08T14:37:07.823+08:00
2025-08-09 11:14:30,2025-08-08T14:38:00+08:00,2025-08-08T14:40:03+08:00,1.4743,104.0394,C,Cloud to Cloud,2025-08-08T14:37:07.823+08:00
2025-08-09 11:14:30,2025-08-08T14:38:00+08:00,2025-08-08T14:40:03+08:00,1.4866,104.0439,C,Cloud to Cloud,2025-08-08T14:37:07.843+08:00
2025-08-09 11:14:30,2025-08-08T14:38:00+08:00,2025-08-08T14:40:03+08:00,1.4894,104.046,C,Cloud to Cloud,2025-08-08T14:37:07.843+08:00
2025-08-09 11:14:30,2025-08-08T14:38:00+08:00,2025-08-08T14:40:03+08:00,1.4828,104.0499,C,Cloud to Cloud,2025-08-08T14:37:16.978+08:00
2025-08-09 11:14:30,2025-08-08T14:38:00+08:00,2025-08-08T14:40:03+08:00,1.4883,103.9671,C,Cloud to Cloud,2025-08-08T14:37:16.978+08:00
2025-08-09 11:14:30,2025-08-08T14:38:00+08:00,2025-08-08T14:40:03+08:00,1.4598,104.0363,C,Cloud to Cloud,2025-08-08T14:37:16.978+08:00
2025-08-09 11:14:30,2025-08-08T14:38:00+08:00,2025-08-08T14:40:03+08:00,1.5594,104.0921,C,Cloud to Cloud,2025-08-08T14:37:16.978+08:00
2025-08-09 11:14:30,2025-08-08T14:38:00+08:00,2025-08-08T14:40:03+08:00,0.9595,103.3777,C,Cloud to Cloud,2025-08-08T14:37:27.464+08:00
2025-08-09 11:14:30,2025-08-08T14:38:00+08:00,2025-08-08T14:40:03+08:00,1.4764,104.0475,C,Cloud to Cloud,2025-08-08T14:37:28.79+08:00
2025-08-09 11:14:30,2025-08-08T14:38:00+08:00,2025-08-08T14:40:03+08:00,1.5018,104.0346,C,Cloud to Cloud,2025-08-08T14:37:28.79+08:00
2025-08-09 11:14:30,2025-08-08T14:38:00+08:00,2025-08-08T14:40:03+08:00,1.5146,104.0424,C,Cloud to Cloud,2025-08-08T14:37:28.79+08:00
2025-08-09 11:14:30,2025-08-08T14:38:00+08:00,2025-08-08T14:40:03+08:00,1.4935,104.0555,C,Cloud to Cloud,2025-08-08T14:37:28.79+08:00
2025-08-09 11:14:30,2025-08-08T14:38:00+08:00,2025-08-08T14:40:03+08:00,1.4775,104.0246,C,Cloud to Cloud,2025-08-08T14:37:28.841+08:00
2025-08-09 11:14:30,2025-08-08T14:38:00+08:00,2025-08-08T14:40:03+08:00,1.4805,104.0479,C,Cloud to Cloud,2025-08-08T14:37:34.407+08:00
2025-08-09 11:14:30,2025-08-08T14:38:00+08:00,2025-08-08T14:40:03+08:00,1.53,104.0768,C,Cloud to Cloud,2025-08-08T14:37:36.213+08:00
2025-08-09 11:14:30,2025-08-08T14:38:00+08:00,2025-08-08T14:40:03+08:00,1.4617,104.0297,C,Cloud to Cloud,2025-08-08T14:37:36.259+08:00
2025-08-09 11:14:30,2025-08-08T14:38:00+08:00,2025-08-08T14:40:03+08:00,1.4801,104.0343,G,Cloud to Ground,2025-08-08T14:37:36.259+08:00
2025-08-09 11:14:30,2025-08-08T14:38:00+08:00,2025-08-08T14:40:03+08:00,1.4743,104.0361,C,Cloud to Cloud,2025-08-08T14:37:36.259+08:00
2025-08-09 11:14:30,2025-08-08T14:38:00+08:00,2025-08-08T14:40:03+08:00,1.4814,104.0404,C,Cloud to Cloud,2025-08-08T14:37:36.259+08:00
2025-08-09 11:14:30,2025-08-08T14:38:00+08:00,2025-08-08T14:40:03+08:00,1.4843,104.0516,C,Cloud to Cloud,2025-08-08T14:37:36.363+08:00
2025-08-09 11:14:30,2025-08-08T14:38:00+08:00,2025-08-08T14:40:03+08:00,1.471,104.0372,C,Cloud to Cloud,2025-08-08T14:37:39.785+08:00
2025-08-09 11:14:30,2025-08-08T14:38:00+08:00,2025-08-08T14:40:03+08:00,1.4489,104.0006,C,Cloud to Cloud,2025-08-08T14:37:39.786+08:00
2025-08-09 11:14:30,2025-08-08T14:38:00+08:00,2025-08-08T14:40:03+08:00,1.5004,104.0433,C,Cloud to Cloud,2025-08-08T14:37:39.871+08:00
2025-08-09 11:14:30,2025-08-08T14:38:00+08:00,2025-08-08T14:40:03+08:00,1.4762,104.0462,C,Cloud to Cloud,2025-08-08T14:37:39.871+08:00
2025-08-09 11:14:30,2025-08-08T14:38:00+08:00,2025-08-08T14:40:03+08:00,1.4715,104.0325,C,Cloud to Cloud,2025-08-08T14:37:48.208+08:00
2025-08-09 11:14:30,2025-08-08T14:38:00+08:00,2025-08-08T14:40:03+08:00,1.4775,104.0459,C,Cloud to Cloud,2025-08-08T14:37:48.237+08:00
2025-08-09 11:14:30,2025-08-08T14:38:00+08:00,2025-08-08T14:40:03+08:00,1.4742,104.0351,C,Cloud to Cloud,2025-08-08T14:37:48.319+08:00
2025-08-09 11:14:30,2025-08-08T14:38:00+08:00,2025-08-08T14:40:03+08:00,1.5003,104.0487,C,Cloud to Cloud,2025-08-08T14:37:48.319+08:00
2025-08-09 11:14:30,2025-08-08T14:36:00+08:00,2025-08-08T14:38:02+08:00,0.9529,103.3701,C,Cloud to Cloud,2025-08-08T14:34:01.486+08:00
2025-08-09 11:14:30,2025-08-08T14:36:00+08:00,2025-08-08T14:38:02+08:00,0.9688,103.3696,C,Cloud to Cloud,2025-08-08T14:35:02.59+08:00
2025-08-09 11:14:30,2025-08-08T14:36:00+08:00,2025-08-08T14:38:02+08:00,1.4776,104.0465,C,Cloud to Cloud,2025-08-08T14:35:07.498+08:00
2025-08-09 11:14:30,2025-08-08T14:36:00+08:00,2025-08-08T14:38:02+08:00,1.4634,104.0388,C,Cloud to Cloud,2025-08-08T14:35:07.499+08:00
2025-08-09 11:14:30,2025-08-08T14:36:00+08:00,2025-08-08T14:38:02+08:00,1.513,104.0876,C,Cloud to Cloud,2025-08-08T14:35:07.499+08:00
2025-08-09 11:14:30,2025-08-08T14:36:00+08:00,2025-08-08T14:38:02+08:00,1.4791,104.0646,C,Cloud to Cloud,2025-08-08T14:35:07.499+08:00
2025-08-09 11:14:30,2025-08-08T14:36:00+08:00,2025-08-08T14:38:02+08:00,1.473,104.0669,C,Cloud to Cloud,2025-08-08T14:35:07.513+08:00
2025-08-09 11:14:30,2025-08-08T14:36:00+08:00,2025-08-08T14:38:02+08:00,1.4746,104.0443,C,Cloud to Cloud,2025-08-08T14:35:07.568+08:00
2025-08-09 11:14:30,2025-08-08T14:36:00+08:00,2025-08-08T14:38:02+08:00,0.9613,103.389,C,Cloud to Cloud,2025-08-08T14:35:36.772+08:00
2025-08-09 11:14:30,2025-08-08T14:36:00+08:00,2025-08-08T14:38:02+08:00,0.9946,103.4029,C,Cloud to Cloud,2025-08-08T14:35:36.772+08:00
2025-08-09 11:14:30,2025-08-08T14:36:00+08:00,2025-08-08T14:38:02+08:00,1.4767,104.0567,C,Cloud to Cloud,2025-08-08T14:35:40.873+08:00
2025-08-09 11:14:30,2025-08-08T14:36:00+08:00,2025-08-08T14:38:02+08:00,1.421,104.0266,C,Cloud to Cloud,2025-08-08T14:35:40.873+08:00
2025-08-09 11:14:30,2025-08-08T14:36:00+08:00,2025-08-08T14:38:02+08:00,1.4696,104.0454,C,Cloud to Cloud,2025-08-08T14:35:40.873+08:00
2025-08-09 11:14:30,2025-08-08T14:36:00+08:00,2025-08-08T14:38:02+08:00,0.976,103.421,C,Cloud to Cloud,2025-08-08T14:35:49.815+08:00
2025-08-09 11:14:30,2025-08-08T14:36:00+08:00,2025-08-08T14:38:02+08:00,0.9889,103.451,C,Cloud to Cloud,2025-08-08T14:35:49.848+08:00
2025-08-09 11:14:30,2025-08-08T14:36:00+08:00,2025-08-08T14:38:02+08:00,0.9698,103.4262,C,Cloud to Cloud,2025-08-08T14:35:49.848+08:00
2025-08-09 11:14:30,2025-08-08T14:36:00+08:00,2025-08-08T14:38:02+08:00,0.991,103.4492,C,Cloud to Cloud,2025-08-08T14:35:49.881+08:00
2025-08-09 11:14:30,2025-08-08T14:36:00+08:00,2025-08-08T14:38:02+08:00,1.4743,104.0539,C,Cloud to Cloud,2025-08-08T14:35:53.156+08:00
2025-08-09 11:14:30,2025-08-08T14:36:00+08:00,2025-08-08T14:38:02+08:00,1.4652,104.058,C,Cloud to Cloud,2025-08-08T14:35:53.226+08:00
2025-08-09 11:14:30,2025-08-08T14:32:00+08:00,2025-08-08T14:34:02+08:00,1.0238,103.4796,C,Cloud to Cloud,2025-08-08T14:30:14.376+08:00
2025-08-09 11:14:30,2025-08-08T14:32:00+08:00,2025-08-08T14:34:02+08:00,0.9914,103.4487,C,Cloud to Cloud,2025-08-08T14:30:14.376+08:00
2025-08-09 11:14:30,2025-08-08T14:30:00+08:00,2025-08-08T14:32:03+08:00,0.9992,103.4338,C,Cloud to Cloud,2025-08-08T14:28:38.529+08:00
2025-08-09 11:14:30,2025-08-08T14:30:00+08:00,2025-08-08T14:32:03+08:00,0.9865,103.4428,C,Cloud to Cloud,2025-08-08T14:28:38.529+08:00
2025-08-09 11:14:30,2025-08-08T14:30:00+08:00,2025-08-08T14:32:03+08:00,0.9515,103.335,C,Cloud to Cloud,2025-08-08T14:28:43.355+08:00
2025-08-09 11:14:30,2025-08-08T14:30:00+08:00,2025-08-08T14:32:03+08:00,1.0047,103.4616,C,Cloud to Cloud,2025-08-08T14:28:43.65+08:00
2025-08-09 11:14:30,2025-08-08T14:30:00+08:00,2025-08-08T14:32:03+08:00,1.0423,103.4975,C,Cloud to Cloud,2025-08-08T14:29:02.709+08:00
2025-08-09 11:14:30,2025-08-08T14:30:00+08:00,2025-08-08T14:32:03+08:00,0.9965,103.4129,C,Cloud to Cloud,2025-08-08T14:29:02.71+08:00
2025-08-09 11:14:30,2025-08-08T14:30:00+08:00,2025-08-08T14:32:03+08:00,0.9774,103.3911,C,Cloud to Cloud,2025-08-08T14:29:20.334+08:00
2025-08-09 11:14:30,2025-08-08T14:24:00+08:00,2025-08-08T14:26:03+08:00,0.9828,103.4234,C,Cloud to Cloud,2025-08-08T14:22:50.816+08:00
2025-08-09 11:14:30,2025-08-08T14:20:00+08:00,2025-08-08T14:22:03+08:00,1.2336,104.1445,C,Cloud to Cloud,2025-08-08T14:18:06.744+08:00
2025-08-09 11:14:30,2025-08-08T14:20:00+08:00,2025-08-08T14:22:03+08:00,1.2332,104.1426,C,Cloud to Cloud,2025-08-08T14:18:06.744+08:00
2025-08-09 11:14:30,2025-08-08T14:20:00+08:00,2025-08-08T14:22:03+08:00,1.2079,104.1737,C,Cloud to Cloud,2025-08-08T14:18:06.744+08:00
2025-08-09 11:14:30,2025-08-08T14:20:00+08:00,2025-08-08T14:22:03+08:00,1.2562,104.1965,C,Cloud to Cloud,2025-08-08T14:18:06.744+08:00
2025-08-09 11:14:30,2025-08-08T14:20:00+08:00,2025-08-08T14:22:03+08:00,1.2321,104.1455,C,Cloud to Cloud,2025-08-08T14:18:06.744+08:00
2025-08-09 11:14:30,2025-08-08T14:20:00+08:00,2025-08-08T14:22:03+08:00,1.2326,104.1434,C,Cloud to Cloud,2025-08-08T14:18:06.745+08:00
2025-08-09 11:14:30,2025-08-08T14:20:00+08:00,2025-08-08T14:22:03+08:00,1.2333,104.1408,C,Cloud to Cloud,2025-08-08T14:18:06.745+08:00
2025-08-09 11:14:30,2025-08-08T14:20:00+08:00,2025-08-08T14:22:03+08:00,1.2067,104.177,C,Cloud to Cloud,2025-08-08T14:18:06.745+08:00
2025-08-09 11:14:30,2025-08-08T14:20:00+08:00,2025-08-08T14:22:03+08:00,1.2311,104.1454,C,Cloud to Cloud,2025-08-08T14:18:06.745+08:00
2025-08-09 11:14:30,2025-08-08T14:20:00+08:00,2025-08-08T14:22:03+08:00,1.2323,104.2089,C,Cloud to Cloud,2025-08-08T14:18:06.745+08:00
2025-08-09 11:14:30,2025-08-08T14:20:00+08:00,2025-08-08T14:22:03+08:00,1.227,104.1461,C,Cloud to Cloud,2025-08-08T14:18:06.745+08:00
2025-08-09 11:14:30,2025-08-08T14:20:00+08:00,2025-08-08T14:22:03+08:00,1.2391,104.1977,C,Cloud to Cloud,2025-08-08T14:18:06.745+08:00
2025-08-09 11:14:30,2025-08-08T14:20:00+08:00,2025-08-08T14:22:03+08:00,1.2307,104.1459,C,Cloud to Cloud,2025-08-08T14:18:06.746+08:00
2025-08-09 11:14:30,2025-08-08T14:20:00+08:00,2025-08-08T14:22:03+08:00,1.2339,104.139,C,Cloud to Cloud,2025-08-08T14:18:06.746+08:00
2025-08-09 11:14:30,2025-08-08T14:20:00+08:00,2025-08-08T14:22:03+08:00,1.2333,104.1371,C,Cloud to Cloud,2025-08-08T14:18:06.746+08:00
2025-08-09 11:14:30,2025-08-08T14:20:00+08:00,2025-08-08T14:22:03+08:00,1.2278,104.1478,C,Cloud to Cloud,2025-08-08T14:18:06.746+08:00
2025-08-09 11:14:30,2025-08-08T14:20:00+08:00,2025-08-08T14:22:03+08:00,1.2351,104.1426,C,Cloud to Cloud,2025-08-08T14:18:06.747+08:00
2025-08-09 11:14:30,2025-08-08T14:20:00+08:00,2025-08-08T14:22:03+08:00,1.2336,104.1379,C,Cloud to Cloud,2025-08-08T14:18:06.747+08:00
2025-08-09 11:14:30,2025-08-08T14:20:00+08:00,2025-08-08T14:22:03+08:00,1.2295,104.1494,C,Cloud to Cloud,2025-08-08T14:18:06.747+08:00
2025-08-09 11:14:30,2025-08-08T14:20:00+08:00,2025-08-08T14:22:03+08:00,1.2366,104.1435,C,Cloud to Cloud,2025-08-08T14:18:06.748+08:00
2025-08-09 11:14:30,2025-08-08T14:20:00+08:00,2025-08-08T14:22:03+08:00,1.2331,104.143,C,Cloud to Cloud,2025-08-08T14:18:06.748+08:00
2025-08-09 11:14:30,2025-08-08T14:20:00+08:00,2025-08-08T14:22:03+08:00,1.2316,104.1391,C,Cloud to Cloud,2025-08-08T14:18:06.748+08:00
2025-08-09 11:14:30,2025-08-08T14:20:00+08:00,2025-08-08T14:22:03+08:00,1.23,104.151,C,Cloud to Cloud,2025-08-08T14:18:06.748+08:00
2025-08-09 11:14:30,2025-08-08T14:20:00+08:00,2025-08-08T14:22:03+08:00,1.2313,104.145,C,Cloud to Cloud,2025-08-08T14:18:06.748+08:00
2025-08-09 11:14:30,2025-08-08T14:20:00+08:00,2025-08-08T14:22:03+08:00,1.231,104.1522,C,Cloud to Cloud,2025-08-08T14:18:06.749+08:00
2025-08-09 11:14:30,2025-08-08T14:20:00+08:00,2025-08-08T14:22:03+08:00,1.2296,104.1528,C,Cloud to Cloud,2025-08-08T14:18:06.749+08:00
2025-08-09 11:14:30,2025-08-08T14:20:00+08:00,2025-08-08T14:22:03+08:00,1.2293,104.1511,C,Cloud to Cloud,2025-08-08T14:18:06.75+08:00
2025-08-09 11:14:30,2025-08-08T14:20:00+08:00,2025-08-08T14:22:03+08:00,1.2311,104.1481,C,Cloud to Cloud,2025-08-08T14:18:06.75+08:00
2025-08-09 11:14:30,2025-08-08T14:20:00+08:00,2025-08-08T14:22:03+08:00,1.231,104.1496,C,Cloud to Cloud,2025-08-08T14:18:06.752+08:00
2025-08-09 11:14:30,2025-08-08T14:20:00+08:00,2025-08-08T14:22:03+08:00,1.1543,104.1359,C,Cloud to Cloud,2025-08-08T14:18:06.752+08:00
2025-08-09 11:14:30,2025-08-08T14:20:00+08:00,2025-08-08T14:22:03+08:00,1.228,104.1529,C,Cloud to Cloud,2025-08-08T14:18:06.753+08:00
2025-08-09 11:14:30,2025-08-08T14:20:00+08:00,2025-08-08T14:22:03+08:00,1.2278,104.1457,C,Cloud to Cloud,2025-08-08T14:18:06.753+08:00
2025-08-09 11:14:30,2025-08-08T14:20:00+08:00,2025-08-08T14:22:03+08:00,1.2251,104.1526,C,Cloud to Cloud,2025-08-08T14:18:06.754+08:00
2025-08-09 11:14:30,2025-08-08T14:20:00+08:00,2025-08-08T14:22:03+08:00,1.2287,104.1517,C,Cloud to Cloud,2025-08-08T14:18:06.755+08:00
2025-08-09 11:14:30,2025-08-08T14:20:00+08:00,2025-08-08T14:22:03+08:00,1.2266,104.1484,C,Cloud to Cloud,2025-08-08T14:18:06.756+08:00
2025-08-09 11:14:30,2025-08-08T14:20:00+08:00,2025-08-08T14:22:03+08:00,1.2254,104.1466,C,Cloud to Cloud,2025-08-08T14:18:06.756+08:00
2025-08-09 11:14:30,2025-08-08T14:20:00+08:00,2025-08-08T14:22:03+08:00,1.2237,104.1497,C,Cloud to Cloud,2025-08-08T14:18:06.757+08:00
2025-08-09 11:14:30,2025-08-08T14:20:00+08:00,2025-08-08T14:22:03+08:00,1.1902,104.1792,C,Cloud to Cloud,2025-08-08T14:18:06.759+08:00
2025-08-09 11:14:30,2025-08-08T14:20:00+08:00,2025-08-08T14:22:03+08:00,1.2227,104.1384,C,Cloud to Cloud,2025-08-08T14:18:06.759+08:00
2025-08-09 11:14:30,2025-08-08T14:20:00+08:00,2025-08-08T14:22:03+08:00,1.1861,104.1807,C,Cloud to Cloud,2025-08-08T14:18:06.759+08:00
2025-08-09 11:14:30,2025-08-08T14:20:00+08:00,2025-08-08T14:22:03+08:00,1.1911,104.1804,C,Cloud to Cloud,2025-08-08T14:18:06.76+08:00
2025-08-09 11:14:30,2025-08-08T14:20:00+08:00,2025-08-08T14:22:03+08:00,1.2166,104.1472,C,Cloud to Cloud,2025-08-08T14:18:06.761+08:00
2025-08-09 11:14:30,2025-08-08T14:20:00+08:00,2025-08-08T14:22:03+08:00,1.1904,104.1731,C,Cloud to Cloud,2025-08-08T14:18:06.762+08:00
2025-08-09 11:14:30,2025-08-08T14:20:00+08:00,2025-08-08T14:22:03+08:00,1.1859,104.1789,C,Cloud to Cloud,2025-08-08T14:18:06.767+08:00
2025-08-09 11:14:30,2025-08-08T14:20:00+08:00,2025-08-08T14:22:03+08:00,1.1869,104.1751,C,Cloud to Cloud,2025-08-08T14:18:06.767+08:00
2025-08-09 11:14:30,2025-08-08T14:20:00+08:00,2025-08-08T14:22:03+08:00,1.1861,104.1781,C,Cloud to Cloud,2025-08-08T14:18:06.767+08:00
2025-08-09 11:14:30,2025-08-08T14:20:00+08:00,2025-08-08T14:22:03+08:00,1.1848,104.1755,C,Cloud to Cloud,2025-08-08T14:18:06.768+08:00
2025-08-09 11:14:30,2025-08-08T14:20:00+08:00,2025-08-08T14:22:03+08:00,1.1883,104.1756,C,Cloud to Cloud,2025-08-08T14:18:06.768+08:00
2025-08-09 11:14:30,2025-08-08T14:20:00+08:00,2025-08-08T14:22:03+08:00,1.1836,104.1797,C,Cloud to Cloud,2025-08-08T14:18:06.768+08:00
2025-08-09 11:14:30,2025-08-08T14:20:00+08:00,2025-08-08T14:22:03+08:00,1.1836,104.1794,C,Cloud to Cloud,2025-08-08T14:18:06.77+08:00
2025-08-09 11:14:30,2025-08-08T14:20:00+08:00,2025-08-08T14:22:03+08:00,1.1904,104.1779,C,Cloud to Cloud,2025-08-08T14:18:06.771+08:00
2025-08-09 11:14:30,2025-08-08T14:20:00+08:00,2025-08-08T14:22:03+08:00,1.1919,104.1726,C,Cloud to Cloud,2025-08-08T14:18:06.771+08:00
2025-08-09 11:14:30,2025-08-08T14:20:00+08:00,2025-08-08T14:22:03+08:00,1.1883,104.1777,C,Cloud to Cloud,2025-08-08T14:18:06.771+08:00
2025-08-09 11:14:30,2025-08-08T14:20:00+08:00,2025-08-08T14:22:03+08:00,1.2217,104.1409,C,Cloud to Cloud,2025-08-08T14:18:06.771+08:00
2025-08-09 11:14:30,2025-08-08T14:20:00+08:00,2025-08-08T14:22:03+08:00,1.223,104.1431,C,Cloud to Cloud,2025-08-08T14:18:06.772+08:00
2025-08-09 11:14:30,2025-08-08T14:20:00+08:00,2025-08-08T14:22:03+08:00,1.2206,104.1486,C,Cloud to Cloud,2025-08-08T14:18:06.772+08:00
2025-08-09 11:14:30,2025-08-08T14:20:00+08:00,2025-08-08T14:22:03+08:00,1.2235,104.1365,C,Cloud to Cloud,2025-08-08T14:18:06.772+08:00
2025-08-09 11:14:30,2025-08-08T14:20:00+08:00,2025-08-08T14:22:03+08:00,1.2271,104.1376,C,Cloud to Cloud,2025-08-08T14:18:06.772+08:00
2025-08-09 11:14:30,2025-08-08T14:20:00+08:00,2025-08-08T14:22:03+08:00,1.2255,104.1431,C,Cloud to Cloud,2025-08-08T14:18:06.773+08:00
2025-08-09 11:14:30,2025-08-08T14:20:00+08:00,2025-08-08T14:22:03+08:00,1.2235,104.1402,C,Cloud to Cloud,2025-08-08T14:18:06.773+08:00
2025-08-09 11:14:30,2025-08-08T14:20:00+08:00,2025-08-08T14:22:03+08:00,1.2242,104.1394,C,Cloud to Cloud,2025-08-08T14:18:06.773+08:00
2025-08-09 11:14:30,2025-08-08T14:20:00+08:00,2025-08-08T14:22:03+08:00,1.2228,104.1424,C,Cloud to Cloud,2025-08-08T14:18:06.773+08:00
2025-08-09 11:14:30,2025-08-08T14:20:00+08:00,2025-08-08T14:22:03+08:00,1.2254,104.1388,C,Cloud to Cloud,2025-08-08T14:18:06.773+08:00
2025-08-09 11:14:30,2025-08-08T14:20:00+08:00,2025-08-08T14:22:03+08:00,1.2232,104.136,C,Cloud to Cloud,2025-08-08T14:18:06.773+08:00
2025-08-09 11:14:30,2025-08-08T14:20:00+08:00,2025-08-08T14:22:03+08:00,1.2218,104.1345,C,Cloud to Cloud,2025-08-08T14:18:06.773+08:00
2025-08-09 11:14:30,2025-08-08T14:20:00+08:00,2025-08-08T14:22:03+08:00,1.2246,104.1429,C,Cloud to Cloud,2025-08-08T14:18:06.773+08:00
2025-08-09 11:14:30,2025-08-08T14:20:00+08:00,2025-08-08T14:22:03+08:00,1.2202,104.1408,C,Cloud to Cloud,2025-08-08T14:18:06.773+08:00
2025-08-09 11:14:30,2025-08-08T14:20:00+08:00,2025-08-08T14:22:03+08:00,1.2233,104.1415,C,Cloud to Cloud,2025-08-08T14:18:06.774+08:00
2025-08-09 11:14:30,2025-08-08T14:20:00+08:00,2025-08-08T14:22:03+08:00,1.2207,104.1444,C,Cloud to Cloud,2025-08-08T14:18:06.774+08:00
2025-08-09 11:14:30,2025-08-08T14:20:00+08:00,2025-08-08T14:22:03+08:00,1.2215,104.1423,C,Cloud to Cloud,2025-08-08T14:18:06.774+08:00
2025-08-09 11:14:30,2025-08-08T14:20:00+08:00,2025-08-08T14:22:03+08:00,1.2211,104.1353,C,Cloud to Cloud,2025-08-08T14:18:06.774+08:00
2025-08-09 11:14:30,2025-08-08T14:20:00+08:00,2025-08-08T14:22:03+08:00,1.221,104.138,C,Cloud to Cloud,2025-08-08T14:18:06.774+08:00
2025-08-09 11:14:30,2025-08-08T14:20:00+08:00,2025-08-08T14:22:03+08:00,1.2222,104.1408,C,Cloud to Cloud,2025-08-08T14:18:06.774+08:00
2025-08-09 11:14:30,2025-08-08T14:20:00+08:00,2025-08-08T14:22:03+08:00,1.2209,104.1401,C,Cloud to Cloud,2025-08-08T14:18:06.774+08:00
2025-08-09 11:14:30,2025-08-08T14:20:00+08:00,2025-08-08T14:22:03+08:00,1.2232,104.1394,C,Cloud to Cloud,2025-08-08T14:18:06.774+08:00
2025-08-09 11:14:30,2025-08-08T14:20:00+08:00,2025-08-08T14:22:03+08:00,1.2216,104.1387,C,Cloud to Cloud,2025-08-08T14:18:06.774+08:00
2025-08-09 11:14:30,2025-08-08T14:20:00+08:00,2025-08-08T14:22:03+08:00,1.2204,104.1377,C,Cloud to Cloud,2025-08-08T14:18:06.774+08:00
2025-08-09 11:14:30,2025-08-08T14:20:00+08:00,2025-08-08T14:22:03+08:00,1.2225,104.1398,C,Cloud to Cloud,2025-08-08T14:18:06.775+08:00
2025-08-09 11:14:30,2025-08-08T14:20:00+08:00,2025-08-08T14:22:03+08:00,1.2201,104.137,C,Cloud to Cloud,2025-08-08T14:18:06.775+08:00
2025-08-09 11:14:30,2025-08-08T14:20:00+08:00,2025-08-08T14:22:03+08:00,1.2193,104.1339,C,Cloud to Cloud,2025-08-08T14:18:06.775+08:00
2025-08-09 11:14:30,2025-08-08T14:20:00+08:00,2025-08-08T14:22:03+08:00,1.2192,104.1366,C,Cloud to Cloud,2025-08-08T14:18:06.775+08:00
2025-08-09 11:14:30,2025-08-08T14:20:00+08:00,2025-08-08T14:22:03+08:00,1.2165,104.1408,C,Cloud to Cloud,2025-08-08T14:18:06.775+08:00
2025-08-09 11:14:30,2025-08-08T14:20:00+08:00,2025-08-08T14:22:03+08:00,1.2218,104.1423,C,Cloud to Cloud,2025-08-08T14:18:06.775+08:00
2025-08-09 11:14:30,2025-08-08T14:20:00+08:00,2025-08-08T14:22:03+08:00,1.2191,104.1394,C,Cloud to Cloud,2025-08-08T14:18:06.775+08:00
2025-08-09 11:14:30,2025-08-08T14:20:00+08:00,2025-08-08T14:22:03+08:00,1.2158,104.1419,C,Cloud to Cloud,2025-08-08T14:18:06.775+08:00
2025-08-09 11:14:30,2025-08-08T14:20:00+08:00,2025-08-08T14:22:03+08:00,1.22,104.1394,C,Cloud to Cloud,2025-08-08T14:18:06.775+08:00
2025-08-09 11:14:30,2025-08-08T14:20:00+08:00,2025-08-08T14:22:03+08:00,1.2178,104.1394,C,Cloud to Cloud,2025-08-08T14:18:06.775+08:00
2025-08-09 11:14:30,2025-08-08T14:20:00+08:00,2025-08-08T14:22:03+08:00,1.2156,104.1444,C,Cloud to Cloud,2025-08-08T14:18:06.776+08:00
2025-08-09 11:14:30,2025-08-08T14:20:00+08:00,2025-08-08T14:22:03+08:00,1.2198,104.1377,C,Cloud to Cloud,2025-08-08T14:18:06.776+08:00
2025-08-09 11:14:30,2025-08-08T14:20:00+08:00,2025-08-08T14:22:03+08:00,1.2179,104.1437,C,Cloud to Cloud,2025-08-08T14:18:06.776+08:00
2025-08-09 11:14:30,2025-08-08T14:20:00+08:00,2025-08-08T14:22:03+08:00,1.2196,104.1423,C,Cloud to Cloud,2025-08-08T14:18:06.776+08:00
2025-08-09 11:14:30,2025-08-08T14:20:00+08:00,2025-08-08T14:22:03+08:00,1.2212,104.1416,C,Cloud to Cloud,2025-08-08T14:18:06.776+08:00
2025-08-09 11:14:30,2025-08-08T14:20:00+08:00,2025-08-08T14:22:03+08:00,1.221,104.1394,C,Cloud to Cloud,2025-08-08T14:18:06.776+08:00
2025-08-09 11:14:30,2025-08-08T14:20:00+08:00,2025-08-08T14:22:03+08:00,1.2199,104.1352,C,Cloud to Cloud,2025-08-08T14:18:06.776+08:00
2025-08-09 11:14:30,2025-08-08T14:20:00+08:00,2025-08-08T14:22:03+08:00,1.2171,104.1401,C,Cloud to Cloud,2025-08-08T14:18:06.776+08:00
2025-08-09 11:14:30,2025-08-08T14:20:00+08:00,2025-08-08T14:22:03+08:00,1.2191,104.1384,C,Cloud to Cloud,2025-08-08T14:18:06.776+08:00
2025-08-09 11:14:30,2025-08-08T14:20:00+08:00,2025-08-08T14:22:03+08:00,1.2174,104.1415,C,Cloud to Cloud,2025-08-08T14:18:06.776+08:00
2025-08-09 11:14:30,2025-08-08T14:20:00+08:00,2025-08-08T14:22:03+08:00,1.2203,104.1416,C,Cloud to Cloud,2025-08-08T14:18:06.777+08:00
2025-08-09 11:14:30,2025-08-08T14:20:00+08:00,2025-08-08T14:22:03+08:00,1.2193,104.1405,C,Cloud to Cloud,2025-08-08T14:18:06.777+08:00
2025-08-09 11:14:30,2025-08-08T14:20:00+08:00,2025-08-08T14:22:03+08:00,1.2199,104.143,C,Cloud to Cloud,2025-08-08T14:18:06.777+08:00
2025-08-09 11:14:30,2025-08-08T14:20:00+08:00,2025-08-08T14:22:03+08:00,1.2187,104.1408,C,Cloud to Cloud,2025-08-08T14:18:06.777+08:00
2025-08-09 11:14:30,2025-08-08T14:20:00+08:00,2025-08-08T14:22:03+08:00,1.218,104.1423,C,Cloud to Cloud,2025-08-08T14:18:06.777+08:00
2025-08-09 11:14:30,2025-08-08T14:20:00+08:00,2025-08-08T14:22:03+08:00,1.2185,104.1456,C,Cloud to Cloud,2025-08-08T14:18:06.777+08:00
2025-08-09 11:14:30,2025-08-08T14:20:00+08:00,2025-08-08T14:22:03+08:00,1.2196,104.1408,C,Cloud to Cloud,2025-08-08T14:18:06.777+08:00
2025-08-09 11:14:30,2025-08-08T14:20:00+08:00,2025-08-08T14:22:03+08:00,1.2177,104.1486,C,Cloud to Cloud,2025-08-08T14:18:06.777+08:00
2025-08-09 11:14:30,2025-08-08T14:20:00+08:00,2025-08-08T14:22:03+08:00,1.2196,104.1426,C,Cloud to Cloud,2025-08-08T14:18:06.777+08:00
2025-08-09 11:14:30,2025-08-08T14:20:00+08:00,2025-08-08T14:22:03+08:00,1.2188,104.1456,C,Cloud to Cloud,2025-08-08T14:18:06.777+08:00
2025-08-09 11:14:30,2025-08-08T14:20:00+08:00,2025-08-08T14:22:03+08:00,1.2176,104.1445,C,Cloud to Cloud,2025-08-08T14:18:06.778+08:00
2025-08-09 11:14:30,2025-08-08T14:20:00+08:00,2025-08-08T14:22:03+08:00,1.2208,104.1448,C,Cloud to Cloud,2025-08-08T14:18:06.778+08:00
2025-08-09 11:14:30,2025-08-08T14:20:00+08:00,2025-08-08T14:22:03+08:00,1.2165,104.1275,G,Cloud to Ground,2025-08-08T14:18:06.783+08:00
2025-08-09 11:14:30,2025-08-08T14:20:00+08:00,2025-08-08T14:22:03+08:00,1.2269,104.1444,C,Cloud to Cloud,2025-08-08T14:18:06.783+08:00
2025-08-09 11:14:30,2025-08-08T14:20:00+08:00,2025-08-08T14:22:03+08:00,1.232,104.1146,C,Cloud to Cloud,2025-08-08T14:18:06.929+08:00
2025-08-09 11:14:30,2025-08-08T14:20:00+08:00,2025-08-08T14:22:03+08:00,1.1429,104.309,C,Cloud to Cloud,2025-08-08T14:18:06.929+08:00
2025-08-09 11:14:30,2025-08-08T14:20:00+08:00,2025-08-08T14:22:03+08:00,1.1984,104.1784,C,Cloud to Cloud,2025-08-08T14:18:06.929+08:00
2025-08-09 11:14:30,2025-08-08T14:20:00+08:00,2025-08-08T14:22:03+08:00,1.2201,104.1229,C,Cloud to Cloud,2025-08-08T14:18:06.929+08:00
2025-08-09 11:14:30,2025-08-08T14:20:00+08:00,2025-08-08T14:22:03+08:00,1.2162,104.1446,C,Cloud to Cloud,2025-08-08T14:18:06.929+08:00
2025-08-09 11:14:30,2025-08-08T14:20:00+08:00,2025-08-08T14:22:03+08:00,1.2175,104.1572,C,Cloud to Cloud,2025-08-08T14:18:06.93+08:00
2025-08-09 11:14:30,2025-08-08T14:20:00+08:00,2025-08-08T14:22:03+08:00,1.217,104.1236,C,Cloud to Cloud,2025-08-08T14:18:06.939+08:00
2025-08-09 11:14:30,2025-08-08T14:20:00+08:00,2025-08-08T14:22:03+08:00,1.2374,104.1266,C,Cloud to Cloud,2025-08-08T14:18:06.941+08:00
2025-08-09 11:14:30,2025-08-08T14:20:00+08:00,2025-08-08T14:22:03+08:00,1.2662,104.1667,C,Cloud to Cloud,2025-08-08T14:19:49.157+08:00
2025-08-09 11:14:30,2025-08-08T14:20:00+08:00,2025-08-08T14:22:03+08:00,1.2528,104.1791,C,Cloud to Cloud,2025-08-08T14:19:49.161+08:00
2025-08-09 11:14:30,2025-08-08T14:20:00+08:00,2025-08-08T14:22:03+08:00,1.2539,104.1831,C,Cloud to Cloud,2025-08-08T14:19:49.161+08:00
2025-08-09 11:14:30,2025-08-08T14:20:00+08:00,2025-08-08T14:22:03+08:00,1.2533,104.1732,C,Cloud to Cloud,2025-08-08T14:19:49.161+08:00
2025-08-09 11:14:30,2025-08-08T14:20:00+08:00,2025-08-08T14:22:03+08:00,1.253,104.1863,C,Cloud to Cloud,2025-08-08T14:19:49.161+08:00
2025-08-09 11:14:30,2025-08-08T14:20:00+08:00,2025-08-08T14:22:03+08:00,1.2528,104.1708,C,Cloud to Cloud,2025-08-08T14:19:49.161+08:00
2025-08-09 11:14:30,2025-08-08T14:20:00+08:00,2025-08-08T14:22:03+08:00,1.2539,104.1717,C,Cloud to Cloud,2025-08-08T14:19:49.162+08:00
2025-08-09 11:14:30,2025-08-08T14:20:00+08:00,2025-08-08T14:22:03+08:00,1.2523,104.1752,C,Cloud to Cloud,2025-08-08T14:19:49.162+08:00
2025-08-09 11:14:30,2025-08-08T14:20:00+08:00,2025-08-08T14:22:03+08:00,1.2524,104.1769,C,Cloud to Cloud,2025-08-08T14:19:49.162+08:00
2025-08-09 11:14:30,2025-08-08T14:20:00+08:00,2025-08-08T14:22:03+08:00,1.2541,104.175,C,Cloud to Cloud,2025-08-08T14:19:49.162+08:00
2025-08-09 11:14:30,2025-08-08T14:20:00+08:00,2025-08-08T14:22:03+08:00,1.2528,104.1764,C,Cloud to Cloud,2025-08-08T14:19:49.162+08:00
2025-08-09 11:14:30,2025-08-08T14:20:00+08:00,2025-08-08T14:22:03+08:00,1.2524,104.1709,C,Cloud to Cloud,2025-08-08T14:19:49.162+08:00
2025-08-09 11:14:30,2025-08-08T14:20:00+08:00,2025-08-08T14:22:03+08:00,1.2527,104.1691,C,Cloud to Cloud,2025-08-08T14:19:49.162+08:00
2025-08-09 11:14:30,2025-08-08T14:20:00+08:00,2025-08-08T14:22:03+08:00,1.2529,104.1733,C,Cloud to Cloud,2025-08-08T14:19:49.162+08:00
2025-08-09 11:14:30,2025-08-08T14:20:00+08:00,2025-08-08T14:22:03+08:00,1.2534,104.1697,C,Cloud to Cloud,2025-08-08T14:19:49.162+08:00
2025-08-09 11:14:30,2025-08-08T14:20:00+08:00,2025-08-08T14:22:03+08:00,1.2524,104.1709,C,Cloud to Cloud,2025-08-08T14:19:49.162+08:00
2025-08-09 11:14:30,2025-08-08T14:20:00+08:00,2025-08-08T14:22:03+08:00,1.252,104.1702,C,Cloud to Cloud,2025-08-08T14:19:49.163+08:00
2025-08-09 11:14:30,2025-08-08T14:20:00+08:00,2025-08-08T14:22:03+08:00,1.2517,104.1699,C,Cloud to Cloud,2025-08-08T14:19:49.163+08:00
2025-08-09 11:14:30,2025-08-08T14:20:00+08:00,2025-08-08T14:22:03+08:00,1.253,104.175,C,Cloud to Cloud,2025-08-08T14:19:49.163+08:00
2025-08-09 11:14:30,2025-08-08T14:20:00+08:00,2025-08-08T14:22:03+08:00,1.2521,104.1706,C,Cloud to Cloud,2025-08-08T14:19:49.163+08:00
2025-08-09 11:14:30,2025-08-08T14:20:00+08:00,2025-08-08T14:22:03+08:00,1.2532,104.1719,C,Cloud to Cloud,2025-08-08T14:19:49.163+08:00
2025-08-09 11:14:30,2025-08-08T14:20:00+08:00,2025-08-08T14:22:03+08:00,1.254,104.1729,C,Cloud to Cloud,2025-08-08T14:19:49.163+08:00
2025-08-09 11:14:30,2025-08-08T14:20:00+08:00,2025-08-08T14:22:03+08:00,1.2537,104.1684,C,Cloud to Cloud,2025-08-08T14:19:49.163+08:00
2025-08-09 11:14:30,2025-08-08T14:20:00+08:00,2025-08-08T14:22:03+08:00,1.2376,104.1693,G,Cloud to Ground,2025-08-08T14:19:49.166+08:00
2025-08-09 11:14:30,2025-08-08T14:20:00+08:00,2025-08-08T14:22:03+08:00,1.2135,104.2803,C,Cloud to Cloud,2025-08-08T14:19:49.229+08:00
2025-08-09 11:14:30,2025-08-08T14:20:00+08:00,2025-08-08T14:22:03+08:00,1.2543,104.177,G,Cloud to Ground,2025-08-08T14:19:49.229+08:00
2025-08-09 11:14:30,2025-08-08T14:20:00+08:00,2025-08-08T14:22:03+08:00,1.2587,104.1868,C,Cloud to Cloud,2025-08-08T14:19:49.299+08:00
2025-08-09 11:14:30,2025-08-08T14:20:00+08:00,2025-08-08T14:22:03+08:00,1.2594,104.1865,C,Cloud to Cloud,2025-08-08T14:19:49.299+08:00
2025-08-09 11:14:30,2025-08-08T14:20:00+08:00,2025-08-08T14:22:03+08:00,1.2549,104.1764,G,Cloud to Ground,2025-08-08T14:19:49.3+08:00
2025-08-09 11:14:30,2025-08-08T14:20:00+08:00,2025-08-08T14:22:03+08:00,1.2503,104.1659,C,Cloud to Cloud,2025-08-08T14:19:49.3+08:00
2025-08-09 11:14:30,2025-08-08T14:20:00+08:00,2025-08-08T14:22:03+08:00,1.1969,104.2378,C,Cloud to Cloud,2025-08-08T14:19:49.445+08:00
2025-08-09 11:14:30,2025-08-08T14:16:00+08:00,2025-08-08T14:18:03+08:00,1.2284,104.1894,C,Cloud to Cloud,2025-08-08T14:15:40.505+08:00
2025-08-09 11:14:30,2025-08-08T14:16:00+08:00,2025-08-08T14:18:03+08:00,1.2319,104.1831,C,Cloud to Cloud,2025-08-08T14:15:40.505+08:00
2025-08-09 11:14:30,2025-08-08T14:16:00+08:00,2025-08-08T14:18:03+08:00,1.2479,104.1822,C,Cloud to Cloud,2025-08-08T14:15:40.507+08:00
2025-08-09 11:14:30,2025-08-08T14:16:00+08:00,2025-08-08T14:18:03+08:00,1.2428,104.1921,C,Cloud to Cloud,2025-08-08T14:15:40.507+08:00
2025-08-09 11:14:30,2025-08-08T14:16:00+08:00,2025-08-08T14:18:03+08:00,1.2494,104.1922,C,Cloud to Cloud,2025-08-08T14:15:40.507+08:00
2025-08-09 11:14:30,2025-08-08T14:16:00+08:00,2025-08-08T14:18:03+08:00,1.2338,104.1818,G,Cloud to Ground,2025-08-08T14:15:40.507+08:00
2025-08-09 11:14:30,2025-08-08T14:16:00+08:00,2025-08-08T14:18:03+08:00,1.2554,104.1732,C,Cloud to Cloud,2025-08-08T14:15:40.545+08:00
2025-08-09 11:14:30,2025-08-08T14:14:00+08:00,2025-08-08T14:16:02+08:00,1.2288,104.1839,C,Cloud to Cloud,2025-08-08T14:12:08.464+08:00
2025-08-09 11:14:30,2025-08-08T14:14:00+08:00,2025-08-08T14:16:02+08:00,1.2271,104.1871,C,Cloud to Cloud,2025-08-08T14:12:08.464+08:00
2025-08-09 11:14:30,2025-08-08T14:14:00+08:00,2025-08-08T14:16:02+08:00,1.1735,104.1622,G,Cloud to Ground,2025-08-08T14:12:08.556+08:00
2025-08-09 11:14:30,2025-08-08T14:14:00+08:00,2025-08-08T14:16:02+08:00,1.1831,104.1611,C,Cloud to Cloud,2025-08-08T14:12:08.556+08:00
2025-08-09 11:14:30,2025-08-08T14:14:00+08:00,2025-08-08T14:16:02+08:00,1.1767,104.1544,C,Cloud to Cloud,2025-08-08T14:12:08.556+08:00
2025-08-09 11:14:30,2025-08-08T14:14:00+08:00,2025-08-08T14:16:02+08:00,1.1739,104.1924,C,Cloud to Cloud,2025-08-08T14:12:08.556+08:00
2025-08-09 11:14:30,2025-08-08T14:14:00+08:00,2025-08-08T14:16:02+08:00,1.1726,104.1418,C,Cloud to Cloud,2025-08-08T14:12:08.556+08:00
2025-08-09 11:14:30,2025-08-08T14:14:00+08:00,2025-08-08T14:16:02+08:00,1.2018,104.176,C,Cloud to Cloud,2025-08-08T14:12:08.631+08:00
2025-08-09 11:14:30,2025-08-08T14:14:00+08:00,2025-08-08T14:16:02+08:00,1.1948,104.264,C,Cloud to Cloud,2025-08-08T14:12:08.744+08:00
2025-08-09 11:14:30,2025-08-08T14:12:00+08:00,2025-08-08T14:14:02+08:00,1.1929,104.258,C,Cloud to Cloud,2025-08-08T14:10:49.088+08:00
2025-08-09 11:14:30,2025-08-08T14:12:00+08:00,2025-08-08T14:14:02+08:00,1.1972,104.2512,C,Cloud to Cloud,2025-08-08T14:10:49.089+08:00
2025-08-09 11:14:30,2025-08-08T14:12:00+08:00,2025-08-08T14:14:02+08:00,1.1946,104.266,C,Cloud to Cloud,2025-08-08T14:10:49.089+08:00
2025-08-09 11:14:30,2025-08-08T14:12:00+08:00,2025-08-08T14:14:02+08:00,1.1885,104.2868,C,Cloud to Cloud,2025-08-08T14:10:49.089+08:00
2025-08-09 11:14:30,2025-08-08T14:12:00+08:00,2025-08-08T14:14:02+08:00,1.1838,104.2822,C,Cloud to Cloud,2025-08-08T14:10:49.091+08:00
2025-08-09 11:14:30,2025-08-08T14:12:00+08:00,2025-08-08T14:14:02+08:00,1.2331,104.198,C,Cloud to Cloud,2025-08-08T14:10:49.091+08:00
2025-08-09 11:14:30,2025-08-08T14:12:00+08:00,2025-08-08T14:14:02+08:00,1.24,104.1828,C,Cloud to Cloud,2025-08-08T14:10:49.091+08:00
2025-08-09 11:14:30,2025-08-08T14:12:00+08:00,2025-08-08T14:14:02+08:00,1.2403,104.1827,C,Cloud to Cloud,2025-08-08T14:10:49.091+08:00
2025-08-09 11:14:30,2025-08-08T14:12:00+08:00,2025-08-08T14:14:02+08:00,1.2404,104.1845,C,Cloud to Cloud,2025-08-08T14:10:49.091+08:00
2025-08-09 11:14:30,2025-08-08T14:12:00+08:00,2025-08-08T14:14:02+08:00,1.2414,104.1824,C,Cloud to Cloud,2025-08-08T14:10:49.092+08:00
2025-08-09 11:14:30,2025-08-08T14:12:00+08:00,2025-08-08T14:14:02+08:00,1.2407,104.184,C,Cloud to Cloud,2025-08-08T14:10:49.092+08:00
2025-08-09 11:14:30,2025-08-08T14:12:00+08:00,2025-08-08T14:14:02+08:00,1.2396,104.1833,C,Cloud to Cloud,2025-08-08T14:10:49.092+08:00
2025-08-09 11:14:30,2025-08-08T14:12:00+08:00,2025-08-08T14:14:02+08:00,1.2403,104.18,C,Cloud to Cloud,2025-08-08T14:10:49.092+08:00
2025-08-09 11:14:30,2025-08-08T14:12:00+08:00,2025-08-08T14:14:02+08:00,1.2396,104.1829,C,Cloud to Cloud,2025-08-08T14:10:49.092+08:00
2025-08-09 11:14:30,2025-08-08T14:12:00+08:00,2025-08-08T14:14:02+08:00,1.2396,104.1819,C,Cloud to Cloud,2025-08-08T14:10:49.092+08:00
2025-08-09 11:14:30,2025-08-08T14:12:00+08:00,2025-08-08T14:14:02+08:00,1.2399,104.181,C,Cloud to Cloud,2025-08-08T14:10:49.092+08:00
2025-08-09 11:14:30,2025-08-08T14:12:00+08:00,2025-08-08T14:14:02+08:00,1.2408,104.1858,C,Cloud to Cloud,2025-08-08T14:10:49.092+08:00
2025-08-09 11:14:30,2025-08-08T14:12:00+08:00,2025-08-08T14:14:02+08:00,1.2396,104.1824,C,Cloud to Cloud,2025-08-08T14:10:49.092+08:00
2025-08-09 11:14:30,2025-08-08T14:12:00+08:00,2025-08-08T14:14:02+08:00,1.2395,104.1761,C,Cloud to Cloud,2025-08-08T14:10:49.092+08:00
2025-08-09 11:14:30,2025-08-08T14:12:00+08:00,2025-08-08T14:14:02+08:00,1.2395,104.177,C,Cloud to Cloud,2025-08-08T14:10:49.093+08:00
2025-08-09 11:14:30,2025-08-08T14:12:00+08:00,2025-08-08T14:14:02+08:00,1.2389,104.1849,C,Cloud to Cloud,2025-08-08T14:10:49.093+08:00
2025-08-09 11:14:30,2025-08-08T14:12:00+08:00,2025-08-08T14:14:02+08:00,1.2403,104.1813,C,Cloud to Cloud,2025-08-08T14:10:49.093+08:00
2025-08-09 11:14:30,2025-08-08T14:12:00+08:00,2025-08-08T14:14:02+08:00,1.2396,104.1806,C,Cloud to Cloud,2025-08-08T14:10:49.093+08:00
2025-08-09 11:14:30,2025-08-08T14:12:00+08:00,2025-08-08T14:14:02+08:00,1.2404,104.1864,C,Cloud to Cloud,2025-08-08T14:10:49.093+08:00
2025-08-09 11:14:30,2025-08-08T14:12:00+08:00,2025-08-08T14:14:02+08:00,1.2393,104.1843,C,Cloud to Cloud,2025-08-08T14:10:49.093+08:00
2025-08-09 11:14:30,2025-08-08T14:12:00+08:00,2025-08-08T14:14:02+08:00,1.2403,104.1818,C,Cloud to Cloud,2025-08-08T14:10:49.093+08:00
2025-08-09 11:14:30,2025-08-08T14:12:00+08:00,2025-08-08T14:14:02+08:00,1.2393,104.1843,C,Cloud to Cloud,2025-08-08T14:10:49.093+08:00
2025-08-09 11:14:30,2025-08-08T14:12:00+08:00,2025-08-08T14:14:02+08:00,1.2393,104.1857,C,Cloud to Cloud,2025-08-08T14:10:49.093+08:00
2025-08-09 11:14:30,2025-08-08T14:12:00+08:00,2025-08-08T14:14:02+08:00,1.24,104.1851,C,Cloud to Cloud,2025-08-08T14:10:49.093+08:00
2025-08-09 11:14:30,2025-08-08T14:12:00+08:00,2025-08-08T14:14:02+08:00,1.2394,104.1881,C,Cloud to Cloud,2025-08-08T14:10:49.094+08:00
2025-08-09 11:14:30,2025-08-08T14:12:00+08:00,2025-08-08T14:14:02+08:00,1.2401,104.1879,C,Cloud to Cloud,2025-08-08T14:10:49.094+08:00
2025-08-09 11:14:30,2025-08-08T14:12:00+08:00,2025-08-08T14:14:02+08:00,1.2403,104.1827,C,Cloud to Cloud,2025-08-08T14:10:49.094+08:00
2025-08-09 11:14:30,2025-08-08T14:12:00+08:00,2025-08-08T14:14:02+08:00,1.2389,104.1821,C,Cloud to Cloud,2025-08-08T14:10:49.094+08:00
2025-08-09 11:14:30,2025-08-08T14:12:00+08:00,2025-08-08T14:14:02+08:00,1.2397,104.1875,C,Cloud to Cloud,2025-08-08T14:10:49.094+08:00
2025-08-09 11:14:30,2025-08-08T14:12:00+08:00,2025-08-08T14:14:02+08:00,1.239,104.1886,C,Cloud to Cloud,2025-08-08T14:10:49.094+08:00
2025-08-09 11:14:30,2025-08-08T14:12:00+08:00,2025-08-08T14:14:02+08:00,1.2405,104.1892,C,Cloud to Cloud,2025-08-08T14:10:49.094+08:00
2025-08-09 11:14:30,2025-08-08T14:12:00+08:00,2025-08-08T14:14:02+08:00,1.238,104.1941,C,Cloud to Cloud,2025-08-08T14:10:49.094+08:00
2025-08-09 11:14:30,2025-08-08T14:12:00+08:00,2025-08-08T14:14:02+08:00,1.2401,104.1891,C,Cloud to Cloud,2025-08-08T14:10:49.094+08:00
2025-08-09 11:14:30,2025-08-08T14:12:00+08:00,2025-08-08T14:14:02+08:00,1.2397,104.1873,C,Cloud to Cloud,2025-08-08T14:10:49.094+08:00
2025-08-09 11:14:30,2025-08-08T14:12:00+08:00,2025-08-08T14:14:02+08:00,1.238,104.1921,C,Cloud to Cloud,2025-08-08T14:10:49.095+08:00
2025-08-09 11:14:30,2025-08-08T14:12:00+08:00,2025-08-08T14:14:02+08:00,1.2335,104.1952,C,Cloud to Cloud,2025-08-08T14:10:49.095+08:00
2025-08-09 11:14:30,2025-08-08T14:12:00+08:00,2025-08-08T14:14:02+08:00,1.2372,104.1933,C,Cloud to Cloud,2025-08-08T14:10:49.095+08:00
2025-08-09 11:14:30,2025-08-08T14:12:00+08:00,2025-08-08T14:14:02+08:00,1.2383,104.1915,C,Cloud to Cloud,2025-08-08T14:10:49.095+08:00
2025-08-09 11:14:30,2025-08-08T14:12:00+08:00,2025-08-08T14:14:02+08:00,1.2382,104.1858,C,Cloud to Cloud,2025-08-08T14:10:49.095+08:00
2025-08-09 11:14:30,2025-08-08T14:12:00+08:00,2025-08-08T14:14:02+08:00,1.2387,104.19,C,Cloud to Cloud,2025-08-08T14:10:49.095+08:00
2025-08-09 11:14:30,2025-08-08T14:12:00+08:00,2025-08-08T14:14:02+08:00,1.2394,104.1869,C,Cloud to Cloud,2025-08-08T14:10:49.095+08:00
2025-08-09 11:14:30,2025-08-08T14:12:00+08:00,2025-08-08T14:14:02+08:00,1.2383,104.1886,C,Cloud to Cloud,2025-08-08T14:10:49.095+08:00
2025-08-09 11:14:30,2025-08-08T14:12:00+08:00,2025-08-08T14:14:02+08:00,1.2393,104.1841,C,Cloud to Cloud,2025-08-08T14:10:49.095+08:00
2025-08-09 11:14:30,2025-08-08T14:12:00+08:00,2025-08-08T14:14:02+08:00,1.2405,104.1881,C,Cloud to Cloud,2025-08-08T14:10:49.095+08:00
2025-08-09 11:14:30,2025-08-08T14:12:00+08:00,2025-08-08T14:14:02+08:00,1.239,104.1889,C,Cloud to Cloud,2025-08-08T14:10:49.096+08:00
2025-08-09 11:14:30,2025-08-08T14:12:00+08:00,2025-08-08T14:14:02+08:00,1.2387,104.1905,C,Cloud to Cloud,2025-08-08T14:10:49.096+08:00
2025-08-09 11:14:30,2025-08-08T14:12:00+08:00,2025-08-08T14:14:02+08:00,1.2233,104.1985,C,Cloud to Cloud,2025-08-08T14:10:49.096+08:00
2025-08-09 11:14:30,2025-08-08T14:12:00+08:00,2025-08-08T14:14:02+08:00,1.2391,104.1904,C,Cloud to Cloud,2025-08-08T14:10:49.096+08:00
2025-08-09 11:14:30,2025-08-08T14:12:00+08:00,2025-08-08T14:14:02+08:00,1.226,104.19,C,Cloud to Cloud,2025-08-08T14:10:49.096+08:00
2025-08-09 11:14:30,2025-08-08T14:12:00+08:00,2025-08-08T14:14:02+08:00,1.2217,104.1981,C,Cloud to Cloud,2025-08-08T14:10:49.096+08:00
2025-08-09 11:14:30,2025-08-08T14:12:00+08:00,2025-08-08T14:14:02+08:00,1.2384,104.1848,C,Cloud to Cloud,2025-08-08T14:10:49.096+08:00
2025-08-09 11:14:30,2025-08-08T14:12:00+08:00,2025-08-08T14:14:02+08:00,1.2295,104.184,G,Cloud to Ground,2025-08-08T14:10:49.096+08:00
2025-08-09 11:14:30,2025-08-08T14:12:00+08:00,2025-08-08T14:14:02+08:00,1.1815,104.2899,C,Cloud to Cloud,2025-08-08T14:10:49.096+08:00
2025-08-09 11:14:30,2025-08-08T14:12:00+08:00,2025-08-08T14:14:02+08:00,1.235,104.1853,C,Cloud to Cloud,2025-08-08T14:10:49.132+08:00
2025-08-09 11:14:30,2025-08-08T14:12:00+08:00,2025-08-08T14:14:02+08:00,1.2527,104.1857,G,Cloud to Ground,2025-08-08T14:10:49.17+08:00
2025-08-09 11:14:30,2025-08-08T14:12:00+08:00,2025-08-08T14:14:02+08:00,1.2085,104.2824,C,Cloud to Cloud,2025-08-08T14:10:49.17+08:00
2025-08-09 11:14:30,2025-08-08T14:12:00+08:00,2025-08-08T14:14:02+08:00,1.213,104.2281,C,Cloud to Cloud,2025-08-08T14:10:49.173+08:00
2025-08-09 11:14:30,2025-08-08T14:10:00+08:00,2025-08-08T14:12:03+08:00,1.1825,104.3173,C,Cloud to Cloud,2025-08-08T14:08:05.524+08:00
2025-08-09 11:14:30,2025-08-08T14:10:00+08:00,2025-08-08T14:12:03+08:00,1.2283,104.204,G,Cloud to Ground,2025-08-08T14:08:05.524+08:00
2025-08-09 11:14:30,2025-08-08T14:10:00+08:00,2025-08-08T14:12:03+08:00,1.2538,104.2182,C,Cloud to Cloud,2025-08-08T14:08:05.535+08:00
2025-08-09 11:14:30,2025-08-08T14:10:00+08:00,2025-08-08T14:12:03+08:00,1.1778,104.3751,C,Cloud to Cloud,2025-08-08T14:08:05.54+08:00
2025-08-09 11:14:30,2025-08-08T14:10:00+08:00,2025-08-08T14:12:03+08:00,1.1631,104.3953,C,Cloud to Cloud,2025-08-08T14:08:05.54+08:00
2025-08-09 11:14:30,2025-08-08T14:10:00+08:00,2025-08-08T14:12:03+08:00,1.1824,104.3497,C,Cloud to Cloud,2025-08-08T14:08:05.541+08:00
2025-08-09 11:14:30,2025-08-08T14:10:00+08:00,2025-08-08T14:12:03+08:00,1.1772,104.3818,C,Cloud to Cloud,2025-08-08T14:08:05.555+08:00
2025-08-09 11:14:30,2025-08-08T14:10:00+08:00,2025-08-08T14:12:03+08:00,1.1721,104.3924,C,Cloud to Cloud,2025-08-08T14:08:05.555+08:00
2025-08-09 11:14:30,2025-08-08T14:10:00+08:00,2025-08-08T14:12:03+08:00,1.2394,104.1907,C,Cloud to Cloud,2025-08-08T14:08:05.585+08:00
2025-08-09 11:14:30,2025-08-08T14:10:00+08:00,2025-08-08T14:12:03+08:00,1.2286,104.2036,G,Cloud to Ground,2025-08-08T14:08:05.586+08:00
2025-08-09 11:14:30,2025-08-08T14:10:00+08:00,2025-08-08T14:12:03+08:00,1.1882,104.3078,C,Cloud to Cloud,2025-08-08T14:08:05.586+08:00
2025-08-09 11:14:30,2025-08-08T14:10:00+08:00,2025-08-08T14:12:03+08:00,1.2471,104.1695,C,Cloud to Cloud,2025-08-08T14:08:05.586+08:00
2025-08-09 11:14:30,2025-08-08T14:10:00+08:00,2025-08-08T14:12:03+08:00,1.18,104.326,C,Cloud to Cloud,2025-08-08T14:08:05.607+08:00
2025-08-09 11:14:30,2025-08-08T14:10:00+08:00,2025-08-08T14:12:03+08:00,1.2327,104.2082,C,Cloud to Cloud,2025-08-08T14:08:05.607+08:00
2025-08-09 11:14:30,2025-08-08T14:10:00+08:00,2025-08-08T14:12:03+08:00,1.2645,104.146,C,Cloud to Cloud,2025-08-08T14:08:05.635+08:00
2025-08-09 11:14:30,2025-08-08T14:10:00+08:00,2025-08-08T14:12:03+08:00,1.2398,104.189,C,Cloud to Cloud,2025-08-08T14:08:05.635+08:00
2025-08-09 11:14:30,2025-08-08T14:10:00+08:00,2025-08-08T14:12:03+08:00,1.2301,104.1969,G,Cloud to Ground,2025-08-08T14:08:05.636+08:00
2025-08-09 11:14:30,2025-08-08T14:10:00+08:00,2025-08-08T14:12:03+08:00,1.2364,104.1621,C,Cloud to Cloud,2025-08-08T14:08:05.73+08:00
2025-08-09 11:14:30,2025-08-08T14:10:00+08:00,2025-08-08T14:12:03+08:00,1.2372,104.205,C,Cloud to Cloud,2025-08-08T14:08:05.73+08:00
2025-08-09 11:14:30,2025-08-08T14:10:00+08:00,2025-08-08T14:12:03+08:00,1.2547,104.1959,C,Cloud to Cloud,2025-08-08T14:09:19.421+08:00
2025-08-09 11:14:30,2025-08-08T14:10:00+08:00,2025-08-08T14:12:03+08:00,1.2531,104.1822,C,Cloud to Cloud,2025-08-08T14:09:19.422+08:00
2025-08-09 11:14:30,2025-08-08T14:10:00+08:00,2025-08-08T14:12:03+08:00,1.2531,104.1822,C,Cloud to Cloud,2025-08-08T14:09:19.422+08:00
2025-08-09 11:14:30,2025-08-08T14:10:00+08:00,2025-08-08T14:12:03+08:00,1.2518,104.1845,C,Cloud to Cloud,2025-08-08T14:09:19.422+08:00
2025-08-09 11:14:30,2025-08-08T14:10:00+08:00,2025-08-08T14:12:03+08:00,1.252,104.1763,C,Cloud to Cloud,2025-08-08T14:09:19.423+08:00
2025-08-09 11:14:30,2025-08-08T14:10:00+08:00,2025-08-08T14:12:03+08:00,1.2538,104.1934,C,Cloud to Cloud,2025-08-08T14:09:19.423+08:00
2025-08-09 11:14:30,2025-08-08T14:10:00+08:00,2025-08-08T14:12:03+08:00,1.2526,104.2071,C,Cloud to Cloud,2025-08-08T14:09:19.423+08:00
2025-08-09 11:14:30,2025-08-08T14:10:00+08:00,2025-08-08T14:12:03+08:00,1.2535,104.1899,C,Cloud to Cloud,2025-08-08T14:09:19.423+08:00
2025-08-09 11:14:30,2025-08-08T14:10:00+08:00,2025-08-08T14:12:03+08:00,1.2528,104.1967,C,Cloud to Cloud,2025-08-08T14:09:19.424+08:00
2025-08-09 11:14:30,2025-08-08T14:10:00+08:00,2025-08-08T14:12:03+08:00,1.2535,104.1944,C,Cloud to Cloud,2025-08-08T14:09:19.424+08:00
2025-08-09 11:14:30,2025-08-08T14:10:00+08:00,2025-08-08T14:12:03+08:00,1.2547,104.2022,C,Cloud to Cloud,2025-08-08T14:09:19.424+08:00
2025-08-09 11:14:30,2025-08-08T14:10:00+08:00,2025-08-08T14:12:03+08:00,1.2542,104.1994,C,Cloud to Cloud,2025-08-08T14:09:19.424+08:00
2025-08-09 11:14:30,2025-08-08T14:10:00+08:00,2025-08-08T14:12:03+08:00,1.2538,104.2048,C,Cloud to Cloud,2025-08-08T14:09:19.424+08:00
2025-08-09 11:14:30,2025-08-08T14:10:00+08:00,2025-08-08T14:12:03+08:00,1.2525,104.1922,C,Cloud to Cloud,2025-08-08T14:09:19.424+08:00
2025-08-09 11:14:30,2025-08-08T14:10:00+08:00,2025-08-08T14:12:03+08:00,1.2551,104.2211,C,Cloud to Cloud,2025-08-08T14:09:19.424+08:00
2025-08-09 11:14:30,2025-08-08T14:10:00+08:00,2025-08-08T14:12:03+08:00,1.2532,104.2027,C,Cloud to Cloud,2025-08-08T14:09:19.424+08:00
2025-08-09 11:14:30,2025-08-08T14:10:00+08:00,2025-08-08T14:12:03+08:00,1.2536,104.1978,C,Cloud to Cloud,2025-08-08T14:09:19.425+08:00
2025-08-09 11:14:30,2025-08-08T14:10:00+08:00,2025-08-08T14:12:03+08:00,1.2541,104.2041,C,Cloud to Cloud,2025-08-08T14:09:19.425+08:00
2025-08-09 11:14:30,2025-08-08T14:10:00+08:00,2025-08-08T14:12:03+08:00,1.2544,104.2056,C,Cloud to Cloud,2025-08-08T14:09:19.425+08:00
2025-08-09 11:14:30,2025-08-08T14:10:00+08:00,2025-08-08T14:12:03+08:00,1.2533,104.1997,C,Cloud to Cloud,2025-08-08T14:09:19.425+08:00
2025-08-09 11:14:30,2025-08-08T14:10:00+08:00,2025-08-08T14:12:03+08:00,1.2529,104.1998,C,Cloud to Cloud,2025-08-08T14:09:19.425+08:00
2025-08-09 11:14:30,2025-08-08T14:10:00+08:00,2025-08-08T14:12:03+08:00,1.2535,104.198,C,Cloud to Cloud,2025-08-08T14:09:19.425+08:00
2025-08-09 11:14:30,2025-08-08T14:10:00+08:00,2025-08-08T14:12:03+08:00,1.253,104.1947,C,Cloud to Cloud,2025-08-08T14:09:19.425+08:00
2025-08-09 11:14:30,2025-08-08T14:10:00+08:00,2025-08-08T14:12:03+08:00,1.2535,104.197,C,Cloud to Cloud,2025-08-08T14:09:19.425+08:00
2025-08-09 11:14:30,2025-08-08T14:10:00+08:00,2025-08-08T14:12:03+08:00,1.252,104.1916,C,Cloud to Cloud,2025-08-08T14:09:19.426+08:00
2025-08-09 11:14:30,2025-08-08T14:10:00+08:00,2025-08-08T14:12:03+08:00,1.2516,104.1977,C,Cloud to Cloud,2025-08-08T14:09:19.426+08:00
2025-08-09 11:14:30,2025-08-08T14:10:00+08:00,2025-08-08T14:12:03+08:00,1.253,104.1957,C,Cloud to Cloud,2025-08-08T14:09:19.426+08:00
2025-08-09 11:14:30,2025-08-08T14:10:00+08:00,2025-08-08T14:12:03+08:00,1.2532,104.1931,C,Cloud to Cloud,2025-08-08T14:09:19.426+08:00
2025-08-09 11:14:30,2025-08-08T14:10:00+08:00,2025-08-08T14:12:03+08:00,1.2531,104.1902,C,Cloud to Cloud,2025-08-08T14:09:19.426+08:00
2025-08-09 11:14:30,2025-08-08T14:10:00+08:00,2025-08-08T14:12:03+08:00,1.2531,104.1972,C,Cloud to Cloud,2025-08-08T14:09:19.426+08:00
2025-08-09 11:14:30,2025-08-08T14:10:00+08:00,2025-08-08T14:12:03+08:00,1.2525,104.1929,C,Cloud to Cloud,2025-08-08T14:09:19.426+08:00
2025-08-09 11:14:30,2025-08-08T14:10:00+08:00,2025-08-08T14:12:03+08:00,1.2526,104.1943,C,Cloud to Cloud,2025-08-08T14:09:19.426+08:00
2025-08-09 11:14:30,2025-08-08T14:10:00+08:00,2025-08-08T14:12:03+08:00,1.2522,104.1881,C,Cloud to Cloud,2025-08-08T14:09:19.426+08:00
2025-08-09 11:14:30,2025-08-08T14:10:00+08:00,2025-08-08T14:12:03+08:00,1.2521,104.193,C,Cloud to Cloud,2025-08-08T14:09:19.427+08:00
2025-08-09 11:14:30,2025-08-08T14:10:00+08:00,2025-08-08T14:12:03+08:00,1.2514,104.1947,C,Cloud to Cloud,2025-08-08T14:09:19.427+08:00
2025-08-09 11:14:30,2025-08-08T14:10:00+08:00,2025-08-08T14:12:03+08:00,1.2523,104.1905,C,Cloud to Cloud,2025-08-08T14:09:19.427+08:00
2025-08-09 11:14:30,2025-08-08T14:10:00+08:00,2025-08-08T14:12:03+08:00,1.2531,104.1883,C,Cloud to Cloud,2025-08-08T14:09:19.427+08:00
2025-08-09 11:14:30,2025-08-08T14:10:00+08:00,2025-08-08T14:12:03+08:00,1.2514,104.1903,C,Cloud to Cloud,2025-08-08T14:09:19.427+08:00
2025-08-09 11:14:30,2025-08-08T14:10:00+08:00,2025-08-08T14:12:03+08:00,1.2516,104.1947,C,Cloud to Cloud,2025-08-08T14:09:19.427+08:00
2025-08-09 11:14:30,2025-08-08T14:10:00+08:00,2025-08-08T14:12:03+08:00,1.2519,104.1931,C,Cloud to Cloud,2025-08-08T14:09:19.427+08:00
2025-08-09 11:14:30,2025-08-08T14:10:00+08:00,2025-08-08T14:12:03+08:00,1.2526,104.1861,C,Cloud to Cloud,2025-08-08T14:09:19.427+08:00
2025-08-09 11:14:30,2025-08-08T14:10:00+08:00,2025-08-08T14:12:03+08:00,1.2516,104.1874,C,Cloud to Cloud,2025-08-08T14:09:19.427+08:00
2025-08-09 11:14:30,2025-08-08T14:10:00+08:00,2025-08-08T14:12:03+08:00,1.2525,104.1909,C,Cloud to Cloud,2025-08-08T14:09:19.427+08:00
2025-08-09 11:14:30,2025-08-08T14:10:00+08:00,2025-08-08T14:12:03+08:00,1.252,104.1882,C,Cloud to Cloud,2025-08-08T14:09:19.428+08:00
2025-08-09 11:14:30,2025-08-08T14:10:00+08:00,2025-08-08T14:12:03+08:00,1.252,104.1886,C,Cloud to Cloud,2025-08-08T14:09:19.428+08:00
2025-08-09 11:14:30,2025-08-08T14:10:00+08:00,2025-08-08T14:12:03+08:00,1.2507,104.1906,C,Cloud to Cloud,2025-08-08T14:09:19.428+08:00
2025-08-09 11:14:30,2025-08-08T14:10:00+08:00,2025-08-08T14:12:03+08:00,1.2517,104.1897,C,Cloud to Cloud,2025-08-08T14:09:19.428+08:00
2025-08-09 11:14:30,2025-08-08T14:10:00+08:00,2025-08-08T14:12:03+08:00,1.2519,104.1931,C,Cloud to Cloud,2025-08-08T14:09:19.428+08:00
2025-08-09 11:14:30,2025-08-08T14:10:00+08:00,2025-08-08T14:12:03+08:00,1.2526,104.1923,C,Cloud to Cloud,2025-08-08T14:09:19.428+08:00
2025-08-09 11:14:30,2025-08-08T14:10:00+08:00,2025-08-08T14:12:03+08:00,1.2514,104.1931,C,Cloud to Cloud,2025-08-08T14:09:19.428+08:00
2025-08-09 11:14:30,2025-08-08T14:10:00+08:00,2025-08-08T14:12:03+08:00,1.2519,104.1891,C,Cloud to Cloud,2025-08-08T14:09:19.428+08:00
2025-08-09 11:14:30,2025-08-08T14:10:00+08:00,2025-08-08T14:12:03+08:00,1.2514,104.1936,C,Cloud to Cloud,2025-08-08T14:09:19.429+08:00
2025-08-09 11:14:30,2025-08-08T14:10:00+08:00,2025-08-08T14:12:03+08:00,1.2521,104.1914,C,Cloud to Cloud,2025-08-08T14:09:19.429+08:00
2025-08-09 11:14:30,2025-08-08T14:10:00+08:00,2025-08-08T14:12:03+08:00,1.2514,104.1922,C,Cloud to Cloud,2025-08-08T14:09:19.429+08:00
2025-08-09 11:14:30,2025-08-08T14:10:00+08:00,2025-08-08T14:12:03+08:00,1.2516,104.1901,C,Cloud to Cloud,2025-08-08T14:09:19.429+08:00
2025-08-09 11:14:30,2025-08-08T14:10:00+08:00,2025-08-08T14:12:03+08:00,1.2503,104.1945,C,Cloud to Cloud,2025-08-08T14:09:19.429+08:00
2025-08-09 11:14:30,2025-08-08T14:10:00+08:00,2025-08-08T14:12:03+08:00,1.2517,104.1911,C,Cloud to Cloud,2025-08-08T14:09:19.429+08:00
2025-08-09 11:14:30,2025-08-08T14:10:00+08:00,2025-08-08T14:12:03+08:00,1.2526,104.1937,C,Cloud to Cloud,2025-08-08T14:09:19.429+08:00
2025-08-09 11:14:30,2025-08-08T14:10:00+08:00,2025-08-08T14:12:03+08:00,1.2507,104.1939,C,Cloud to Cloud,2025-08-08T14:09:19.429+08:00
2025-08-09 11:14:30,2025-08-08T14:10:00+08:00,2025-08-08T14:12:03+08:00,1.2506,104.1924,C,Cloud to Cloud,2025-08-08T14:09:19.429+08:00
2025-08-09 11:14:30,2025-08-08T14:10:00+08:00,2025-08-08T14:12:03+08:00,1.2507,104.1944,C,Cloud to Cloud,2025-08-08T14:09:19.429+08:00
2025-08-09 11:14:30,2025-08-08T14:10:00+08:00,2025-08-08T14:12:03+08:00,1.2525,104.1928,C,Cloud to Cloud,2025-08-08T14:09:19.43+08:00
2025-08-09 11:14:30,2025-08-08T14:10:00+08:00,2025-08-08T14:12:03+08:00,1.2519,104.196,C,Cloud to Cloud,2025-08-08T14:09:19.43+08:00
2025-08-09 11:14:30,2025-08-08T14:10:00+08:00,2025-08-08T14:12:03+08:00,1.2516,104.1966,C,Cloud to Cloud,2025-08-08T14:09:19.43+08:00
2025-08-09 11:14:30,2025-08-08T14:10:00+08:00,2025-08-08T14:12:03+08:00,1.248,104.199,C,Cloud to Cloud,2025-08-08T14:09:19.43+08:00
2025-08-09 11:14:30,2025-08-08T14:10:00+08:00,2025-08-08T14:12:03+08:00,1.2508,104.1931,G,Cloud to Ground,2025-08-08T14:09:19.43+08:00
2025-08-09 11:14:30,2025-08-08T14:10:00+08:00,2025-08-08T14:12:03+08:00,1.2523,104.1857,C,Cloud to Cloud,2025-08-08T14:09:19.43+08:00
2025-08-09 11:14:30,2025-08-08T14:10:00+08:00,2025-08-08T14:12:03+08:00,1.2492,104.1944,C,Cloud to Cloud,2025-08-08T14:09:19.43+08:00
2025-08-09 11:14:30,2025-08-08T14:10:00+08:00,2025-08-08T14:12:03+08:00,1.2545,104.1625,C,Cloud to Cloud,2025-08-08T14:09:19.452+08:00
2025-08-09 11:14:30,2025-08-08T14:10:00+08:00,2025-08-08T14:12:03+08:00,1.1882,104.3217,C,Cloud to Cloud,2025-08-08T14:09:19.459+08:00
2025-08-09 11:14:30,2025-08-08T14:10:00+08:00,2025-08-08T14:12:03+08:00,1.2522,104.1978,C,Cloud to Cloud,2025-08-08T14:09:19.459+08:00
2025-08-09 11:14:30,2025-08-08T14:10:00+08:00,2025-08-08T14:12:03+08:00,1.2531,104.2056,C,Cloud to Cloud,2025-08-08T14:09:19.459+08:00
2025-08-09 11:14:30,2025-08-08T14:10:00+08:00,2025-08-08T14:12:03+08:00,1.2512,104.1755,C,Cloud to Cloud,2025-08-08T14:09:19.488+08:00
2025-08-09 11:14:30,2025-08-08T14:10:00+08:00,2025-08-08T14:12:03+08:00,1.251,104.1846,G,Cloud to Ground,2025-08-08T14:09:19.488+08:00
2025-08-09 11:14:30,2025-08-08T14:10:00+08:00,2025-08-08T14:12:03+08:00,1.2466,104.1886,C,Cloud to Cloud,2025-08-08T14:09:19.488+08:00
2025-08-09 11:14:30,2025-08-08T14:10:00+08:00,2025-08-08T14:12:03+08:00,1.252,104.202,C,Cloud to Cloud,2025-08-08T14:09:19.489+08:00
2025-08-09 11:14:30,2025-08-08T14:10:00+08:00,2025-08-08T14:12:03+08:00,1.1997,104.2967,C,Cloud to Cloud,2025-08-08T14:09:19.509+08:00
2025-08-09 11:14:30,2025-08-08T14:08:00+08:00,2025-08-08T14:10:05+08:00,1.2207,104.2205,C,Cloud to Cloud,2025-08-08T14:06:07.855+08:00
2025-08-09 11:14:30,2025-08-08T14:08:00+08:00,2025-08-08T14:10:05+08:00,1.2284,104.2103,G,Cloud to Ground,2025-08-08T14:06:07.878+08:00
2025-08-09 11:14:30,2025-08-08T14:08:00+08:00,2025-08-08T14:10:05+08:00,1.2562,104.1944,C,Cloud to Cloud,2025-08-08T14:06:07.879+08:00
2025-08-09 11:14:30,2025-08-08T14:08:00+08:00,2025-08-08T14:10:05+08:00,1.2475,104.1968,C,Cloud to Cloud,2025-08-08T14:06:07.918+08:00
2025-08-09 11:14:30,2025-08-08T14:08:00+08:00,2025-08-08T14:10:05+08:00,1.2459,104.1995,C,Cloud to Cloud,2025-08-08T14:06:07.918+08:00
2025-08-09 11:14:30,2025-08-08T14:08:00+08:00,2025-08-08T14:10:05+08:00,1.2453,104.2017,C,Cloud to Cloud,2025-08-08T14:06:07.918+08:00
2025-08-09 11:14:30,2025-08-08T14:08:00+08:00,2025-08-08T14:10:05+08:00,1.2441,104.2,C,Cloud to Cloud,2025-08-08T14:06:07.918+08:00
2025-08-09 11:14:30,2025-08-08T14:08:00+08:00,2025-08-08T14:10:05+08:00,1.2297,104.2025,G,Cloud to Ground,2025-08-08T14:06:07.919+08:00
2025-08-09 11:14:30,2025-08-08T14:08:00+08:00,2025-08-08T14:10:05+08:00,1.2086,104.209,C,Cloud to Cloud,2025-08-08T14:06:07.92+08:00
2025-08-09 11:14:30,2025-08-08T14:08:00+08:00,2025-08-08T14:10:05+08:00,1.246,104.2023,C,Cloud to Cloud,2025-08-08T14:06:07.973+08:00
2025-08-09 11:14:30,2025-08-08T14:08:00+08:00,2025-08-08T14:10:05+08:00,1.2411,104.2053,C,Cloud to Cloud,2025-08-08T14:06:07.973+08:00
2025-08-09 11:14:30,2025-08-08T14:08:00+08:00,2025-08-08T14:10:05+08:00,1.2235,104.213,G,Cloud to Ground,2025-08-08T14:06:07.973+08:00
2025-08-09 11:14:30,2025-08-08T14:08:00+08:00,2025-08-08T14:10:05+08:00,1.239,104.2178,C,Cloud to Cloud,2025-08-08T14:07:11.286+08:00
2025-08-09 11:14:30,2025-08-08T14:08:00+08:00,2025-08-08T14:10:05+08:00,1.248,104.2253,C,Cloud to Cloud,2025-08-08T14:07:11.296+08:00
2025-08-09 11:14:30,2025-08-08T14:08:00+08:00,2025-08-08T14:10:05+08:00,1.2475,104.2137,C,Cloud to Cloud,2025-08-08T14:07:11.296+08:00
2025-08-09 11:14:30,2025-08-08T14:08:00+08:00,2025-08-08T14:10:05+08:00,1.2466,104.2204,C,Cloud to Cloud,2025-08-08T14:07:11.296+08:00
2025-08-09 11:14:30,2025-08-08T14:08:00+08:00,2025-08-08T14:10:05+08:00,1.2478,104.2211,C,Cloud to Cloud,2025-08-08T14:07:11.296+08:00
2025-08-09 11:14:30,2025-08-08T14:08:00+08:00,2025-08-08T14:10:05+08:00,1.2476,104.2148,C,Cloud to Cloud,2025-08-08T14:07:11.296+08:00
2025-08-09 11:14:30,2025-08-08T14:08:00+08:00,2025-08-08T14:10:05+08:00,1.2474,104.204,C,Cloud to Cloud,2025-08-08T14:07:11.298+08:00
2025-08-09 11:14:30,2025-08-08T14:08:00+08:00,2025-08-08T14:10:05+08:00,1.2473,104.1998,C,Cloud to Cloud,2025-08-08T14:07:11.298+08:00
2025-08-09 11:14:30,2025-08-08T14:08:00+08:00,2025-08-08T14:10:05+08:00,1.2441,104.2101,C,Cloud to Cloud,2025-08-08T14:07:11.3+08:00
2025-08-09 11:14:30,2025-08-08T14:08:00+08:00,2025-08-08T14:10:05+08:00,1.2326,104.2026,G,Cloud to Ground,2025-08-08T14:07:11.3+08:00
2025-08-09 11:14:30,2025-08-08T14:08:00+08:00,2025-08-08T14:10:05+08:00,1.2483,104.2033,C,Cloud to Cloud,2025-08-08T14:07:11.3+08:00
2025-08-09 11:14:30,2025-08-08T14:08:00+08:00,2025-08-08T14:10:05+08:00,1.2531,104.1964,C,Cloud to Cloud,2025-08-08T14:07:11.3+08:00
2025-08-09 11:14:30,2025-08-08T14:08:00+08:00,2025-08-08T14:10:05+08:00,1.2302,104.2044,C,Cloud to Cloud,2025-08-08T14:07:11.315+08:00
2025-08-09 11:14:30,2025-08-08T14:08:00+08:00,2025-08-08T14:10:05+08:00,1.2548,104.1926,C,Cloud to Cloud,2025-08-08T14:07:11.315+08:00
2025-08-09 11:14:30,2025-08-08T14:08:00+08:00,2025-08-08T14:10:05+08:00,1.2496,104.1966,C,Cloud to Cloud,2025-08-08T14:07:11.327+08:00
2025-08-09 11:14:30,2025-08-08T14:08:00+08:00,2025-08-08T14:10:05+08:00,1.242,104.2077,C,Cloud to Cloud,2025-08-08T14:07:11.328+08:00
2025-08-09 11:14:30,2025-08-08T14:08:00+08:00,2025-08-08T14:10:05+08:00,1.2309,104.196,G,Cloud to Ground,2025-08-08T14:07:11.328+08:00
2025-08-09 11:14:30,2025-08-08T14:08:00+08:00,2025-08-08T14:10:05+08:00,1.2533,104.1668,C,Cloud to Cloud,2025-08-08T14:07:11.376+08:00
2025-08-09 11:14:30,2025-08-08T14:06:00+08:00,2025-08-08T14:08:03+08:00,1.2328,104.1994,C,Cloud to Cloud,2025-08-08T14:05:11.47+08:00
2025-08-09 11:14:30,2025-08-08T14:06:00+08:00,2025-08-08T14:08:03+08:00,1.2464,104.2006,C,Cloud to Cloud,2025-08-08T14:05:11.489+08:00
2025-08-09 11:14:30,2025-08-08T14:06:00+08:00,2025-08-08T14:08:03+08:00,1.2325,104.211,G,Cloud to Ground,2025-08-08T14:05:11.489+08:00
2025-08-09 11:14:30,2025-08-08T14:06:00+08:00,2025-08-08T14:08:03+08:00,1.2282,104.2187,C,Cloud to Cloud,2025-08-08T14:05:11.489+08:00
2025-08-09 11:14:30,2025-08-08T14:06:00+08:00,2025-08-08T14:08:03+08:00,1.2191,104.2275,C,Cloud to Cloud,2025-08-08T14:05:11.489+08:00
2025-08-09 11:14:30,2025-08-08T14:06:00+08:00,2025-08-08T14:08:03+08:00,1.2456,104.2038,C,Cloud to Cloud,2025-08-08T14:05:11.549+08:00
2025-08-09 11:14:30,2025-08-08T14:06:00+08:00,2025-08-08T14:08:03+08:00,1.2622,104.1342,C,Cloud to Cloud,2025-08-08T14:05:11.549+08:00
2025-08-09 11:14:30,2025-08-08T14:06:00+08:00,2025-08-08T14:08:03+08:00,1.2424,104.2212,C,Cloud to Cloud,2025-08-08T14:05:11.549+08:00
2025-08-09 11:14:30,2025-08-08T14:06:00+08:00,2025-08-08T14:08:03+08:00,1.2415,104.2151,C,Cloud to Cloud,2025-08-08T14:05:11.549+08:00
2025-08-09 11:14:30,2025-08-08T14:06:00+08:00,2025-08-08T14:08:03+08:00,1.2347,104.1864,C,Cloud to Cloud,2025-08-08T14:05:11.549+08:00
2025-08-09 11:14:30,2025-08-08T14:06:00+08:00,2025-08-08T14:08:03+08:00,1.2413,104.2074,C,Cloud to Cloud,2025-08-08T14:05:11.549+08:00
2025-08-09 11:14:30,2025-08-08T14:06:00+08:00,2025-08-08T14:08:03+08:00,1.2424,104.2201,C,Cloud to Cloud,2025-08-08T14:05:11.549+08:00
2025-08-09 11:14:30,2025-08-08T14:06:00+08:00,2025-08-08T14:08:03+08:00,1.2331,104.2177,G,Cloud to Ground,2025-08-08T14:05:11.551+08:00
2025-08-09 11:14:30,2025-08-08T14:06:00+08:00,2025-08-08T14:08:03+08:00,1.2251,104.2457,G,Cloud to Ground,2025-08-08T14:05:11.609+08:00
2025-08-09 11:14:30,2025-08-08T14:06:00+08:00,2025-08-08T14:08:03+08:00,1.2292,104.2315,G,Cloud to Ground,2025-08-08T14:05:11.681+08:00
2025-08-09 11:14:30,2025-08-08T14:06:00+08:00,2025-08-08T14:08:03+08:00,1.2309,104.2174,G,Cloud to Ground,2025-08-08T14:05:11.708+08:00
2025-08-09 11:14:30,2025-08-08T14:06:00+08:00,2025-08-08T14:08:03+08:00,1.2434,104.2154,C,Cloud to Cloud,2025-08-08T14:05:11.746+08:00
2025-08-09 11:14:30,2025-08-08T14:06:00+08:00,2025-08-08T14:08:03+08:00,1.232,104.217,G,Cloud to Ground,2025-08-08T14:05:11.746+08:00
2025-08-09 11:14:30,2025-08-08T14:04:00+08:00,2025-08-08T14:06:02+08:00,1.232,104.2094,C,Cloud to Cloud,2025-08-08T14:03:55.657+08:00
2025-08-09 11:14:30,2025-08-08T14:04:00+08:00,2025-08-08T14:06:02+08:00,1.2233,104.2,C,Cloud to Cloud,2025-08-08T14:03:55.657+08:00
2025-08-09 11:14:30,2025-08-08T14:04:00+08:00,2025-08-08T14:06:02+08:00,1.2185,104.2046,C,Cloud to Cloud,2025-08-08T14:03:55.658+08:00
2025-08-09 11:14:30,2025-08-08T14:04:00+08:00,2025-08-08T14:06:02+08:00,1.2295,104.2002,C,Cloud to Cloud,2025-08-08T14:03:55.658+08:00
2025-08-09 11:14:30,2025-08-08T14:04:00+08:00,2025-08-08T14:06:02+08:00,1.2347,104.2005,G,Cloud to Ground,2025-08-08T14:03:55.685+08:00
2025-08-09 11:14:30,2025-08-08T14:04:00+08:00,2025-08-08T14:06:02+08:00,1.2334,104.1852,C,Cloud to Cloud,2025-08-08T14:03:55.687+08:00
2025-08-09 11:14:30,2025-08-08T13:50:00+08:00,2025-08-08T13:52:03+08:00,1.0385,104.4898,G,Cloud to Ground,2025-08-08T13:48:58.931+08:00
2025-08-09 11:14:30,2025-08-08T13:50:00+08:00,2025-08-08T13:52:03+08:00,1.0264,104.4929,G,Cloud to Ground,2025-08-08T13:48:58.998+08:00
2025-08-09 11:14:30,2025-08-08T13:46:00+08:00,2025-08-08T13:48:03+08:00,1.0784,104.4823,G,Cloud to Ground,2025-08-08T13:44:28.046+08:00
2025-08-09 11:14:30,2025-08-08T13:44:00+08:00,2025-08-08T13:46:02+08:00,1.0609,104.4648,G,Cloud to Ground,2025-08-08T13:43:10.959+08:00
2025-08-09 11:14:30,2025-08-08T13:34:00+08:00,2025-08-08T13:36:02+08:00,1.0529,104.4734,G,Cloud to Ground,2025-08-08T13:33:31.517+08:00
2025-08-09 11:14:30,2025-08-08T13:32:00+08:00,2025-08-08T13:34:02+08:00,1.0702,104.4932,C,Cloud to Cloud,2025-08-08T13:31:44.887+08:00
2025-08-09 11:14:30,2025-08-08T13:28:00+08:00,2025-08-08T13:30:03+08:00,1.5146,104.4729,G,Cloud to Ground,2025-08-08T13:27:37.161+08:00
2025-08-09 11:14:31,2025-08-08T11:40:00+08:00,2025-08-08T11:42:02+08:00,1.355,104.4556,C,Cloud to Cloud,2025-08-08T11:38:33.245+08:00
2025-08-09 11:14:31,2025-08-08T11:32:00+08:00,2025-08-08T11:34:03+08:00,1.3469,104.3356,C,Cloud to Cloud,2025-08-08T11:31:09.211+08:00
2025-08-09 11:14:31,2025-08-08T11:32:00+08:00,2025-08-08T11:34:03+08:00,1.3467,104.3482,C,Cloud to Cloud,2025-08-08T11:31:09.211+08:00
2025-08-09 11:14:31,2025-08-08T11:32:00+08:00,2025-08-08T11:34:03+08:00,1.3476,104.3578,C,Cloud to Cloud,2025-08-08T11:31:09.246+08:00
2025-08-09 11:14:31,2025-08-08T11:32:00+08:00,2025-08-08T11:34:03+08:00,1.3492,104.3647,C,Cloud to Cloud,2025-08-08T11:31:09.294+08:00
2025-08-09 11:14:31,2025-08-08T11:32:00+08:00,2025-08-08T11:34:03+08:00,1.3506,104.346,C,Cloud to Cloud,2025-08-08T11:31:46.292+08:00
2025-08-09 11:14:31,2025-08-08T11:30:00+08:00,2025-08-08T11:32:02+08:00,1.355,104.4426,C,Cloud to Cloud,2025-08-08T11:29:10.101+08:00
2025-08-09 11:14:31,2025-08-08T11:30:00+08:00,2025-08-08T11:32:02+08:00,1.361,104.4553,C,Cloud to Cloud,2025-08-08T11:29:10.145+08:00
2025-08-09 11:14:31,2025-08-08T11:30:00+08:00,2025-08-08T11:32:02+08:00,1.3588,104.4615,C,Cloud to Cloud,2025-08-08T11:29:10.145+08:00
2025-08-09 11:14:31,2025-08-08T11:26:00+08:00,2025-08-08T11:28:03+08:00,1.3554,104.4901,C,Cloud to Cloud,2025-08-08T11:24:33.604+08:00
2025-08-09 11:14:31,2025-08-08T11:26:00+08:00,2025-08-08T11:28:03+08:00,1.3552,104.4968,C,Cloud to Cloud,2025-08-08T11:24:33.604+08:00
2025-08-09 11:14:31,2025-08-08T11:24:00+08:00,2025-08-08T11:26:02+08:00,1.3463,104.4632,C,Cloud to Cloud,2025-08-08T11:23:15.124+08:00
2025-08-09 11:14:31,2025-08-08T11:24:00+08:00,2025-08-08T11:26:02+08:00,1.3528,104.4909,C,Cloud to Cloud,2025-08-08T11:23:15.579+08:00
2025-08-09 11:14:32,2025-08-08T08:54:00+08:00,2025-08-08T08:56:02+08:00,1.547,103.3449,C,Cloud to Cloud,2025-08-08T08:52:49.07+08:00
2025-08-09 11:14:32,2025-08-08T08:54:00+08:00,2025-08-08T08:56:02+08:00,1.537,103.3738,C,Cloud to Cloud,2025-08-08T08:52:49.07+08:00
2025-08-09 11:14:32,2025-08-08T08:54:00+08:00,2025-08-08T08:56:02+08:00,1.5392,103.3968,C,Cloud to Cloud,2025-08-08T08:53:27.054+08:00
2025-08-09 11:14:32,2025-08-08T08:54:00+08:00,2025-08-08T08:56:02+08:00,1.5392,103.3968,C,Cloud to Cloud,2025-08-08T08:53:27.055+08:00
2025-08-09 11:14:33,2025-08-08T07:28:00+08:00,2025-08-08T07:30:03+08:00,1.5008,103.3656,C,Cloud to Cloud,2025-08-08T07:27:45.382+08:00
2025-08-09 11:14:37,2025-08-08T00:26:00+08:00,2025-08-08T00:28:03+08:00,1.3933,104.4413,C,Cloud to Cloud,2025-08-08T00:25:41.698+08:00
2025-08-09 11:14:37,2025-08-08T00:26:00+08:00,2025-08-08T00:28:03+08:00,1.3907,104.3895,C,Cloud to Cloud,2025-08-08T00:25:41.698+08:00
2025-08-09 11:14:37,2025-08-08T00:24:00+08:00,2025-08-08T00:26:03+08:00,1.3849,104.3872,C,Cloud to Cloud,2025-08-08T00:22:42.042+08:00
2025-08-09 11:14:37,2025-08-08T00:24:00+08:00,2025-08-08T00:26:03+08:00,1.3796,104.3729,C,Cloud to Cloud,2025-08-08T00:23:07.985+08:00
2025-08-09 11:14:37,2025-08-08T00:24:00+08:00,2025-08-08T00:26:03+08:00,1.3702,104.3726,C,Cloud to Cloud,2025-08-08T00:23:33.512+08:00
2025-08-09 11:14:37,2025-08-08T00:24:00+08:00,2025-08-08T00:26:03+08:00,1.3703,104.3822,C,Cloud to Cloud,2025-08-08T00:23:33.512+08:00
2025-08-09 11:14:37,2025-08-08T00:24:00+08:00,2025-08-08T00:26:03+08:00,1.3878,104.3959,C,Cloud to Cloud,2025-08-08T00:23:33.667+08:00
2025-08-09 11:14:37,2025-08-08T00:24:00+08:00,2025-08-08T00:26:03+08:00,1.3756,104.3679,C,Cloud to Cloud,2025-08-08T00:23:33.746+08:00
